Temperature (K)	Pressure (bar)	Density (kg/m3)	Volume (m3/kg)	Internal Energy (kJ/kg)	Enthalpy (kJ/kg)	Entropy (J/g*K)	Cv (J/g*K)	Cp (J/g*K)	Sound Spd. (m/s)	Joule-Thomson (K/bar)	Viscosity (Pa*s)	Therm. Cond. (W/m*K)	Phase
54.361	226.00	1329.6	0.00075208	-196.24	-179.25	2.0411	1.1480	1.5970	1189.8	-0.039801	0.00091465	0.20957	liquid
57.361	226.00	1318.0	0.00075872	-191.57	-174.42	2.1274	1.1146	1.6185	1193.4	-0.038832	0.00078221	0.20600	liquid
58.361	226.00	1314.1	0.00076100	-190.00	-172.80	2.1555	1.1071	1.6242	1191.7	-0.038580	0.00074379	0.20480	liquid
59.361	226.00	1310.1	0.00076332	-188.42	-171.17	2.1831	1.1007	1.6292	1189.0	-0.038362	0.00070794	0.20359	liquid
60.361	226.00	1306.1	0.00076566	-186.85	-169.54	2.2103	1.0950	1.6333	1185.4	-0.038173	0.00067448	0.20238	liquid
61.361	226.00	1302.0	0.00076803	-185.26	-167.91	2.2372	1.0898	1.6365	1181.1	-0.038011	0.00064325	0.20117	liquid
62.361	226.00	1298.0	0.00077042	-183.68	-166.27	2.2637	1.0849	1.6391	1176.3	-0.037872	0.00061408	0.19996	liquid
63.361	226.00	1293.9	0.00077283	-182.10	-164.63	2.2898	1.0802	1.6410	1171.1	-0.037753	0.00058683	0.19875	liquid
64.361	226.00	1289.9	0.00077526	-180.51	-162.99	2.3155	1.0758	1.6423	1165.5	-0.037650	0.00056135	0.19753	liquid
65.361	226.00	1285.8	0.00077771	-178.92	-161.34	2.3408	1.0714	1.6431	1159.7	-0.037561	0.00053752	0.19632	liquid
66.361	226.00	1281.8	0.00078017	-177.33	-159.70	2.3658	1.0671	1.6435	1153.6	-0.037484	0.00051520	0.19510	liquid
67.361	226.00	1277.7	0.00078265	-175.75	-158.06	2.3903	1.0628	1.6435	1147.4	-0.037415	0.00049429	0.19389	liquid
68.361	226.00	1273.6	0.00078515	-174.16	-156.41	2.4146	1.0585	1.6431	1141.1	-0.037353	0.00047469	0.19267	liquid
69.361	226.00	1269.6	0.00078767	-172.57	-154.77	2.4384	1.0542	1.6426	1134.7	-0.037297	0.00045628	0.19146	liquid
70.361	226.00	1265.5	0.00079020	-170.99	-153.13	2.4619	1.0500	1.6418	1128.2	-0.037244	0.00043900	0.19025	liquid
71.361	226.00	1261.4	0.00079275	-169.40	-151.49	2.4851	1.0457	1.6408	1121.6	-0.037194	0.00042274	0.18903	liquid
72.361	226.00	1257.4	0.00079531	-167.82	-149.85	2.5079	1.0414	1.6398	1115.0	-0.037144	0.00040744	0.18782	liquid
73.361	226.00	1253.3	0.00079790	-166.24	-148.21	2.5304	1.0372	1.6386	1108.4	-0.037095	0.00039303	0.18661	liquid
74.361	226.00	1249.2	0.00080050	-164.66	-146.57	2.5526	1.0329	1.6374	1101.7	-0.037045	0.00037945	0.18540	liquid
75.361	226.00	1245.2	0.00080311	-163.08	-144.93	2.5745	1.0287	1.6361	1095.1	-0.036993	0.00036663	0.18419	liquid
76.361	226.00	1241.1	0.00080575	-161.51	-143.30	2.5960	1.0244	1.6348	1088.5	-0.036939	0.00035451	0.18297	liquid
77.361	226.00	1237.0	0.00080840	-159.93	-141.66	2.6173	1.0202	1.6335	1081.8	-0.036881	0.00034306	0.18176	liquid
78.361	226.00	1232.9	0.00081107	-158.36	-140.03	2.6382	1.0160	1.6322	1075.2	-0.036821	0.00033222	0.18055	liquid
79.361	226.00	1228.9	0.00081376	-156.79	-138.40	2.6589	1.0119	1.6309	1068.6	-0.036756	0.00032196	0.17934	liquid
80.361	226.00	1224.8	0.00081647	-155.22	-136.77	2.6794	1.0077	1.6297	1062.0	-0.036686	0.00031222	0.17813	liquid
81.361	226.00	1220.7	0.00081920	-153.65	-135.14	2.6995	1.0036	1.6286	1055.4	-0.036612	0.00030298	0.17692	liquid
82.361	226.00	1216.6	0.00082195	-152.09	-133.51	2.7194	0.99957	1.6274	1048.8	-0.036533	0.00029420	0.17571	liquid
83.361	226.00	1212.5	0.00082473	-150.52	-131.89	2.7390	0.99554	1.6264	1042.2	-0.036448	0.00028586	0.17450	liquid
84.361	226.00	1208.4	0.00082752	-148.96	-130.26	2.7584	0.99155	1.6254	1035.7	-0.036357	0.00027792	0.17329	liquid
85.361	226.00	1204.3	0.00083033	-147.40	-128.63	2.7776	0.98761	1.6245	1029.1	-0.036261	0.00027035	0.17208	liquid
86.361	226.00	1200.2	0.00083317	-145.84	-127.01	2.7965	0.98370	1.6237	1022.6	-0.036158	0.00026314	0.17087	liquid
87.361	226.00	1196.1	0.00083603	-144.28	-125.39	2.8152	0.97984	1.6229	1016.1	-0.036049	0.00025625	0.16966	liquid
88.361	226.00	1192.0	0.00083892	-142.72	-123.76	2.8336	0.97602	1.6223	1009.6	-0.035933	0.00024968	0.16844	liquid
89.361	226.00	1187.9	0.00084183	-141.17	-122.14	2.8519	0.97225	1.6217	1003.2	-0.035811	0.00024339	0.16723	liquid
90.361	226.00	1183.8	0.00084476	-139.61	-120.52	2.8699	0.96853	1.6212	996.72	-0.035682	0.00023738	0.16602	liquid
91.361	226.00	1179.6	0.00084772	-138.06	-118.90	2.8878	0.96485	1.6208	990.28	-0.035546	0.00023162	0.16481	liquid
92.361	226.00	1175.5	0.00085071	-136.51	-117.28	2.9054	0.96122	1.6204	983.85	-0.035403	0.00022610	0.16360	liquid
93.361	226.00	1171.3	0.00085372	-134.95	-115.66	2.9229	0.95763	1.6202	977.44	-0.035253	0.00022080	0.16239	liquid
94.361	226.00	1167.2	0.00085676	-133.40	-114.04	2.9401	0.95410	1.6201	971.05	-0.035095	0.00021571	0.16118	liquid
95.361	226.00	1163.0	0.00085983	-131.85	-112.42	2.9572	0.95060	1.6200	964.67	-0.034930	0.00021083	0.15997	liquid
96.361	226.00	1158.8	0.00086293	-130.30	-110.80	2.9741	0.94716	1.6200	958.30	-0.034757	0.00020613	0.15876	liquid
97.361	226.00	1154.7	0.00086605	-128.75	-109.18	2.9908	0.94376	1.6201	951.94	-0.034576	0.00020161	0.15756	liquid
98.361	226.00	1150.5	0.00086921	-127.20	-107.56	3.0074	0.94040	1.6203	945.59	-0.034388	0.00019726	0.15635	liquid
99.361	226.00	1146.3	0.00087240	-125.65	-105.94	3.0238	0.93709	1.6206	939.26	-0.034191	0.00019306	0.15514	liquid
100.36	226.00	1142.1	0.00087562	-124.11	-104.32	3.0400	0.93383	1.6209	932.94	-0.033987	0.00018901	0.15393	liquid
101.36	226.00	1137.8	0.00087887	-122.56	-102.70	3.0561	0.93060	1.6214	926.63	-0.033774	0.00018510	0.15272	liquid
102.36	226.00	1133.6	0.00088215	-121.01	-101.08	3.0720	0.92743	1.6219	920.33	-0.033553	0.00018132	0.15152	liquid
103.36	226.00	1129.3	0.00088547	-119.46	-99.453	3.0878	0.92429	1.6225	914.03	-0.033323	0.00017767	0.15031	liquid
104.36	226.00	1125.1	0.00088883	-117.92	-97.830	3.1034	0.92120	1.6232	907.75	-0.033085	0.00017414	0.14911	liquid
105.36	226.00	1120.8	0.00089222	-116.37	-96.207	3.1189	0.91814	1.6240	901.48	-0.032838	0.00017073	0.14790	liquid
106.36	226.00	1116.5	0.00089564	-114.82	-94.582	3.1342	0.91513	1.6248	895.22	-0.032581	0.00016741	0.14670	liquid
107.36	226.00	1112.2	0.00089910	-113.28	-92.957	3.1494	0.91216	1.6257	888.97	-0.032316	0.00016420	0.14550	liquid
108.36	226.00	1107.9	0.00090260	-111.73	-91.331	3.1645	0.90923	1.6267	882.73	-0.032042	0.00016109	0.14430	liquid
109.36	226.00	1103.6	0.00090614	-110.18	-89.703	3.1795	0.90634	1.6278	876.49	-0.031758	0.00015807	0.14310	liquid
110.36	226.00	1099.2	0.00090972	-108.63	-88.075	3.1943	0.90348	1.6290	870.27	-0.031464	0.00015514	0.14190	liquid
111.36	226.00	1094.9	0.00091334	-107.09	-86.445	3.2090	0.90067	1.6302	864.05	-0.031160	0.00015228	0.14070	liquid
112.36	226.00	1090.5	0.00091700	-105.54	-84.815	3.2236	0.89789	1.6316	857.85	-0.030847	0.00014951	0.13951	liquid
113.36	226.00	1086.1	0.00092070	-103.99	-83.182	3.2380	0.89515	1.6330	851.65	-0.030523	0.00014682	0.13832	liquid
114.36	226.00	1081.7	0.00092445	-102.44	-81.549	3.2524	0.89245	1.6344	845.46	-0.030188	0.00014419	0.13712	liquid
115.36	226.00	1077.3	0.00092824	-100.89	-79.913	3.2666	0.88978	1.6360	839.27	-0.029843	0.00014164	0.13594	liquid
116.36	226.00	1072.9	0.00093208	-99.342	-78.277	3.2807	0.88715	1.6376	833.10	-0.029487	0.00013914	0.13475	liquid
117.36	226.00	1068.4	0.00093596	-97.791	-76.638	3.2947	0.88455	1.6393	826.94	-0.029120	0.00013672	0.13356	liquid
118.36	226.00	1063.9	0.00093990	-96.240	-74.998	3.3087	0.88199	1.6411	820.78	-0.028741	0.00013435	0.13238	liquid
119.36	226.00	1059.5	0.00094388	-94.688	-73.356	3.3225	0.87946	1.6430	814.63	-0.028350	0.00013204	0.13120	liquid
120.36	226.00	1055.0	0.00094791	-93.135	-71.712	3.3362	0.87696	1.6449	808.50	-0.027948	0.00012979	0.13002	liquid
121.36	226.00	1050.4	0.00095199	-91.581	-70.066	3.3498	0.87450	1.6469	802.37	-0.027533	0.00012759	0.12885	liquid
122.36	226.00	1045.9	0.00095612	-90.026	-68.418	3.3633	0.87208	1.6490	796.25	-0.027106	0.00012544	0.12769	liquid
123.36	226.00	1041.3	0.00096031	-88.471	-66.768	3.3768	0.86968	1.6512	790.13	-0.026666	0.00012334	0.12652	liquid
124.36	226.00	1036.7	0.00096455	-86.914	-65.116	3.3901	0.86732	1.6535	784.03	-0.026213	0.00012128	0.12536	liquid
125.36	226.00	1032.1	0.00096885	-85.357	-63.461	3.4034	0.86499	1.6558	777.94	-0.025746	0.00011927	0.12420	liquid
126.36	226.00	1027.5	0.00097321	-83.798	-61.804	3.4165	0.86269	1.6582	771.86	-0.025266	0.00011731	0.12305	liquid
127.36	226.00	1022.9	0.00097763	-82.239	-60.144	3.4296	0.86042	1.6607	765.78	-0.024771	0.00011539	0.12190	liquid
128.36	226.00	1018.2	0.00098210	-80.678	-58.482	3.4426	0.85819	1.6633	759.72	-0.024262	0.00011350	0.12075	liquid
129.36	226.00	1013.5	0.00098664	-79.116	-56.818	3.4555	0.85598	1.6660	753.67	-0.023738	0.00011166	0.11961	liquid
130.36	226.00	1008.8	0.00099124	-77.553	-55.151	3.4684	0.85381	1.6687	747.63	-0.023199	0.00010986	0.11847	liquid
131.36	226.00	1004.1	0.00099591	-75.988	-53.480	3.4811	0.85166	1.6715	741.59	-0.022644	0.00010809	0.11733	liquid
132.36	226.00	999.36	0.0010006	-74.422	-51.807	3.4938	0.84955	1.6744	735.58	-0.022073	0.00010635	0.11620	liquid
133.36	226.00	994.58	0.0010054	-72.855	-50.132	3.5064	0.84747	1.6774	729.57	-0.021486	0.00010466	0.11508	liquid
134.36	226.00	989.79	0.0010103	-71.286	-48.453	3.5190	0.84542	1.6805	723.57	-0.020882	0.00010299	0.11396	liquid
135.36	226.00	984.97	0.0010153	-69.716	-46.771	3.5314	0.84339	1.6836	717.59	-0.020261	0.00010136	0.11284	liquid
136.36	226.00	980.12	0.0010203	-68.144	-45.085	3.5438	0.84140	1.6869	711.62	-0.019622	9.9758e-05	0.11173	liquid
137.36	226.00	975.26	0.0010254	-66.570	-43.397	3.5562	0.83943	1.6902	705.67	-0.018965	9.8188e-05	0.11063	liquid
138.36	226.00	970.36	0.0010305	-64.995	-41.705	3.5685	0.83750	1.6936	699.73	-0.018290	9.6648e-05	0.10952	liquid
139.36	226.00	965.45	0.0010358	-63.419	-40.010	3.5807	0.83559	1.6971	693.80	-0.017595	9.5136e-05	0.10843	liquid
140.36	226.00	960.50	0.0010411	-61.840	-38.311	3.5928	0.83372	1.7006	687.89	-0.016881	9.3653e-05	0.10734	liquid
141.36	226.00	955.53	0.0010465	-60.260	-36.608	3.6049	0.83187	1.7043	682.00	-0.016147	9.2197e-05	0.10626	liquid
142.36	226.00	950.54	0.0010520	-58.678	-34.902	3.6169	0.83005	1.7080	676.12	-0.015392	9.0768e-05	0.10518	liquid
143.36	226.00	945.52	0.0010576	-57.095	-33.192	3.6289	0.82826	1.7119	670.26	-0.014617	8.9366e-05	0.10411	liquid
144.36	226.00	940.47	0.0010633	-55.509	-31.478	3.6408	0.82650	1.7158	664.42	-0.013820	8.7988e-05	0.10305	liquid
145.36	226.00	935.39	0.0010691	-53.922	-29.761	3.6527	0.82476	1.7198	658.59	-0.013001	8.6636e-05	0.10199	liquid
146.36	226.00	930.29	0.0010749	-52.332	-28.039	3.6645	0.82306	1.7239	652.79	-0.012159	8.5309e-05	0.10094	liquid
147.36	226.00	925.16	0.0010809	-50.741	-26.313	3.6762	0.82138	1.7280	647.01	-0.011294	8.4005e-05	0.099898	liquid
148.36	226.00	920.00	0.0010870	-49.148	-24.583	3.6879	0.81973	1.7323	641.25	-0.010406	8.2725e-05	0.098862	liquid
149.36	226.00	914.81	0.0010931	-47.553	-22.848	3.6996	0.81810	1.7366	635.51	-0.0094939	8.1468e-05	0.097834	liquid
150.36	226.00	909.60	0.0010994	-45.956	-21.109	3.7112	0.81651	1.7410	629.79	-0.0085570	8.0234e-05	0.096813	liquid
151.36	226.00	904.35	0.0011058	-44.356	-19.366	3.7227	0.81494	1.7455	624.10	-0.0075949	7.9022e-05	0.095800	liquid
152.36	226.00	899.08	0.0011122	-42.755	-17.618	3.7342	0.81340	1.7501	618.44	-0.0066071	7.7831e-05	0.094795	liquid
153.36	226.00	893.78	0.0011188	-41.152	-15.866	3.7457	0.81189	1.7548	612.80	-0.0055931	7.6662e-05	0.093799	liquid
154.36	226.00	888.45	0.0011256	-39.546	-14.109	3.7571	0.81040	1.7595	607.19	-0.0045523	7.5514e-05	0.092810	liquid
155.36	226.00	883.09	0.0011324	-37.939	-12.347	3.7685	0.80894	1.7643	601.61	-0.0034843	7.4386e-05	0.091830	supercritical
156.36	226.00	877.70	0.0011393	-36.329	-10.580	3.7798	0.80750	1.7691	596.06	-0.0023885	7.3279e-05	0.090859	supercritical
157.36	226.00	872.28	0.0011464	-34.718	-8.8086	3.7911	0.80609	1.7741	590.54	-0.0012644	7.2192e-05	0.089897	supercritical
158.36	226.00	866.83	0.0011536	-33.104	-7.0320	3.8024	0.80471	1.7790	585.06	-0.00011159	7.1125e-05	0.088944	supercritical
159.36	226.00	861.35	0.0011610	-31.488	-5.2505	3.8136	0.80335	1.7841	579.61	0.0010704	7.0076e-05	0.088000	supercritical
160.36	226.00	855.84	0.0011684	-29.871	-3.4638	3.8248	0.80202	1.7892	574.19	0.0022820	6.9047e-05	0.087065	supercritical
161.36	226.00	850.30	0.0011761	-28.251	-1.6721	3.8359	0.80071	1.7943	568.82	0.0035237	6.8037e-05	0.086140	supercritical
162.36	226.00	844.73	0.0011838	-26.629	0.12481	3.8470	0.79943	1.7995	563.48	0.0047958	6.7045e-05	0.085224	supercritical
163.36	226.00	839.14	0.0011917	-25.006	1.9269	3.8581	0.79817	1.8047	558.18	0.0060987	6.6072e-05	0.084319	supercritical
164.36	226.00	833.51	0.0011997	-23.380	3.7342	3.8691	0.79694	1.8099	552.93	0.0074326	6.5117e-05	0.083423	supercritical
165.36	226.00	827.86	0.0012079	-21.753	5.5468	3.8801	0.79572	1.8152	547.72	0.0087979	6.4179e-05	0.082538	supercritical
166.36	226.00	822.17	0.0012163	-20.123	7.3646	3.8911	0.79453	1.8205	542.56	0.010195	6.3259e-05	0.081663	supercritical
167.36	226.00	816.46	0.0012248	-18.493	9.1878	3.9020	0.79337	1.8258	537.45	0.011623	6.2357e-05	0.080798	supercritical
168.36	226.00	810.73	0.0012335	-16.860	11.016	3.9129	0.79222	1.8310	532.38	0.013084	6.1471e-05	0.079944	supercritical
169.36	226.00	804.96	0.0012423	-15.226	12.850	3.9237	0.79109	1.8363	527.37	0.014576	6.0603e-05	0.079101	supercritical
170.36	226.00	799.17	0.0012513	-13.591	14.689	3.9346	0.78999	1.8415	522.41	0.016101	5.9751e-05	0.078268	supercritical
171.36	226.00	793.36	0.0012605	-11.954	16.533	3.9454	0.78890	1.8467	517.51	0.017657	5.8916e-05	0.077447	supercritical
172.36	226.00	787.52	0.0012698	-10.316	18.382	3.9561	0.78783	1.8518	512.67	0.019245	5.8097e-05	0.076636	supercritical
173.36	226.00	781.66	0.0012793	-8.6766	20.236	3.9669	0.78678	1.8569	507.88	0.020864	5.7294e-05	0.075836	supercritical
174.36	226.00	775.77	0.0012890	-7.0366	22.096	3.9775	0.78575	1.8619	503.16	0.022514	5.6508e-05	0.075047	supercritical
175.36	226.00	769.86	0.0012989	-5.3957	23.960	3.9882	0.78474	1.8667	498.50	0.024195	5.5737e-05	0.074270	supercritical
176.36	226.00	763.94	0.0013090	-3.7543	25.829	3.9988	0.78374	1.8715	493.91	0.025905	5.4981e-05	0.073503	supercritical
177.36	226.00	757.99	0.0013193	-2.1125	27.703	4.0094	0.78275	1.8762	489.38	0.027645	5.4241e-05	0.072748	supercritical
178.36	226.00	752.03	0.0013297	-0.47046	29.581	4.0200	0.78178	1.8807	484.93	0.029414	5.3516e-05	0.072005	supercritical
179.36	226.00	746.05	0.0013404	1.1716	31.464	4.0305	0.78082	1.8850	480.54	0.031210	5.2807e-05	0.071272	supercritical
180.36	226.00	740.06	0.0013512	2.8134	33.351	4.0410	0.77988	1.8892	476.23	0.033033	5.2112e-05	0.070551	supercritical
181.36	226.00	734.06	0.0013623	4.4548	35.243	4.0515	0.77895	1.8931	472.00	0.034881	5.1432e-05	0.069842	supercritical
182.36	226.00	728.04	0.0013735	6.0955	37.138	4.0619	0.77802	1.8969	467.84	0.036753	5.0766e-05	0.069143	supercritical
183.36	226.00	722.02	0.0013850	7.7353	39.036	4.0723	0.77711	1.9004	463.77	0.038648	5.0115e-05	0.068456	supercritical
184.36	226.00	715.99	0.0013967	9.3738	40.938	4.0826	0.77621	1.9036	459.77	0.040564	4.9478e-05	0.067780	supercritical
185.36	226.00	709.96	0.0014085	11.011	42.843	4.0929	0.77531	1.9066	455.86	0.042499	4.8855e-05	0.067116	supercritical
186.36	226.00	703.93	0.0014206	12.646	44.751	4.1032	0.77442	1.9093	452.04	0.044452	4.8246e-05	0.066462	supercritical
187.36	226.00	697.89	0.0014329	14.279	46.662	4.1134	0.77354	1.9116	448.30	0.046421	4.7650e-05	0.065820	supercritical
188.36	226.00	691.86	0.0014454	15.909	48.575	4.1236	0.77266	1.9137	444.64	0.048403	4.7068e-05	0.065189	supercritical
189.36	226.00	685.84	0.0014581	17.537	50.489	4.1337	0.77179	1.9154	441.08	0.050397	4.6499e-05	0.064569	supercritical
190.36	226.00	679.82	0.0014710	19.161	52.405	4.1438	0.77092	1.9167	437.61	0.052400	4.5944e-05	0.063960	supercritical
191.36	226.00	673.82	0.0014841	20.782	54.323	4.1539	0.77005	1.9177	434.23	0.054411	4.5402e-05	0.063361	supercritical
192.36	226.00	667.83	0.0014974	22.400	56.241	4.1639	0.76919	1.9183	430.94	0.056426	4.4872e-05	0.062774	supercritical
193.36	226.00	661.86	0.0015109	24.013	58.159	4.1738	0.76833	1.9184	427.74	0.058445	4.4355e-05	0.062197	supercritical
194.36	226.00	655.91	0.0015246	25.621	60.077	4.1837	0.76747	1.9182	424.64	0.060463	4.3851e-05	0.061630	supercritical
195.36	226.00	649.98	0.0015385	27.225	61.995	4.1935	0.76660	1.9176	421.63	0.062480	4.3359e-05	0.061075	supercritical
196.36	226.00	644.07	0.0015526	28.823	63.912	4.2033	0.76574	1.9166	418.72	0.064492	4.2879e-05	0.060529	supercritical
197.36	226.00	638.19	0.0015669	30.416	65.828	4.2131	0.76487	1.9151	415.90	0.066498	4.2411e-05	0.059994	supercritical
198.36	226.00	632.35	0.0015814	32.003	67.742	4.2227	0.76401	1.9132	413.17	0.068495	4.1955e-05	0.059469	supercritical
199.36	226.00	626.54	0.0015961	33.583	69.655	4.2324	0.76314	1.9109	410.54	0.070480	4.1510e-05	0.058954	supercritical
200.36	226.00	620.76	0.0016109	35.157	71.564	4.2419	0.76226	1.9082	407.99	0.072451	4.1077e-05	0.058449	supercritical
201.36	226.00	615.02	0.0016260	36.724	73.471	4.2514	0.76138	1.9051	405.54	0.074407	4.0655e-05	0.057954	supercritical
202.36	226.00	609.33	0.0016412	38.284	75.374	4.2608	0.76050	1.9015	403.18	0.076345	4.0245e-05	0.057468	supercritical
203.36	226.00	603.67	0.0016565	39.836	77.274	4.2702	0.75962	1.8976	400.91	0.078262	3.9845e-05	0.056992	supercritical
204.36	226.00	598.07	0.0016720	41.381	79.169	4.2795	0.75873	1.8933	398.73	0.080157	3.9455e-05	0.056526	supercritical
205.36	226.00	592.51	0.0016877	42.917	81.060	4.2887	0.75783	1.8885	396.63	0.082028	3.9077e-05	0.056069	supercritical
206.36	226.00	587.00	0.0017036	44.445	82.946	4.2979	0.75693	1.8834	394.62	0.083872	3.8708e-05	0.055621	supercritical
207.36	226.00	581.55	0.0017196	45.965	84.827	4.3070	0.75603	1.8780	392.70	0.085688	3.8350e-05	0.055182	supercritical
208.36	226.00	576.14	0.0017357	47.476	86.702	4.3160	0.75512	1.8722	390.86	0.087474	3.8001e-05	0.054753	supercritical
209.36	226.00	570.80	0.0017519	48.977	88.571	4.3250	0.75420	1.8660	389.09	0.089228	3.7663e-05	0.054332	supercritical
210.36	226.00	565.51	0.0017683	50.470	90.434	4.3338	0.75329	1.8595	387.41	0.090949	3.7333e-05	0.053920	supercritical
211.36	226.00	560.28	0.0017848	51.953	92.290	4.3426	0.75237	1.8528	385.81	0.092634	3.7014e-05	0.053517	supercritical
212.36	226.00	555.11	0.0018014	53.427	94.139	4.3514	0.75145	1.8457	384.28	0.094283	3.6703e-05	0.053122	supercritical
213.36	226.00	550.00	0.0018182	54.891	95.981	4.3600	0.75052	1.8383	382.82	0.095894	3.6401e-05	0.052737	supercritical
214.36	226.00	544.96	0.0018350	56.345	97.816	4.3686	0.74960	1.8307	381.43	0.097467	3.6108e-05	0.052359	supercritical
215.36	226.00	539.97	0.0018519	57.789	99.643	4.3771	0.74867	1.8229	380.12	0.098999	3.5824e-05	0.051990	supercritical
216.36	226.00	535.06	0.0018690	59.223	101.46	4.3855	0.74775	1.8148	378.87	0.10049	3.5548e-05	0.051629	supercritical
217.36	226.00	530.20	0.0018861	60.647	103.27	4.3939	0.74682	1.8066	377.69	0.10194	3.5281e-05	0.051276	supercritical
218.36	226.00	525.41	0.0019033	62.061	105.07	4.4021	0.74590	1.7981	376.57	0.10335	3.5021e-05	0.050931	supercritical
219.36	226.00	520.69	0.0019205	63.465	106.87	4.4103	0.74498	1.7895	375.51	0.10471	3.4769e-05	0.050594	supercritical
220.36	226.00	516.03	0.0019379	64.858	108.65	4.4185	0.74406	1.7808	374.52	0.10603	3.4525e-05	0.050265	supercritical
221.36	226.00	511.44	0.0019552	66.242	110.43	4.4265	0.74314	1.7719	373.58	0.10731	3.4289e-05	0.049944	supercritical
222.36	226.00	506.92	0.0019727	67.615	112.20	4.4345	0.74223	1.7629	372.70	0.10854	3.4060e-05	0.049630	supercritical
223.36	226.00	502.46	0.0019902	68.977	113.96	4.4424	0.74132	1.7538	371.87	0.10973	3.3838e-05	0.049323	supercritical
224.36	226.00	498.07	0.0020077	70.330	115.71	4.4502	0.74042	1.7446	371.09	0.11087	3.3623e-05	0.049024	supercritical
225.36	226.00	493.74	0.0020253	71.672	117.45	4.4579	0.73953	1.7354	370.37	0.11197	3.3414e-05	0.048733	supercritical
226.36	226.00	489.48	0.0020430	73.005	119.18	4.4656	0.73864	1.7261	369.69	0.11303	3.3213e-05	0.048448	supercritical
227.36	226.00	485.29	0.0020606	74.327	120.90	4.4732	0.73776	1.7168	369.06	0.11404	3.3017e-05	0.048171	supercritical
228.36	226.00	481.16	0.0020783	75.640	122.61	4.4807	0.73689	1.7075	368.48	0.11501	3.2829e-05	0.047900	supercritical
229.36	226.00	477.09	0.0020960	76.942	124.31	4.4881	0.73602	1.6981	367.94	0.11593	3.2646e-05	0.047637	supercritical
230.36	226.00	473.09	0.0021138	78.235	126.01	4.4955	0.73516	1.6888	367.44	0.11682	3.2469e-05	0.047380	supercritical
231.36	226.00	469.15	0.0021315	79.518	127.69	4.5028	0.73432	1.6795	366.99	0.11766	3.2298e-05	0.047129	supercritical
232.36	226.00	465.28	0.0021493	80.791	129.36	4.5100	0.73348	1.6702	366.57	0.11846	3.2133e-05	0.046885	supercritical
233.36	226.00	461.46	0.0021670	82.055	131.03	4.5172	0.73265	1.6610	366.19	0.11922	3.1973e-05	0.046648	supercritical
234.36	226.00	457.71	0.0021848	83.310	132.69	4.5242	0.73183	1.6518	365.84	0.11994	3.1819e-05	0.046417	supercritical
235.36	226.00	454.01	0.0022026	84.556	134.33	4.5313	0.73102	1.6426	365.53	0.12062	3.1670e-05	0.046192	supercritical
236.36	226.00	450.38	0.0022204	85.792	135.97	4.5382	0.73023	1.6336	365.25	0.12126	3.1525e-05	0.045973	supercritical
237.36	226.00	446.80	0.0022381	87.019	137.60	4.5451	0.72944	1.6246	365.01	0.12187	3.1386e-05	0.045759	supercritical
238.36	226.00	443.28	0.0022559	88.238	139.22	4.5519	0.72866	1.6156	364.79	0.12244	3.1252e-05	0.045552	supercritical
239.36	226.00	439.82	0.0022737	89.448	140.83	4.5586	0.72790	1.6068	364.61	0.12297	3.1122e-05	0.045350	supercritical
240.36	226.00	436.41	0.0022914	90.649	142.43	4.5653	0.72715	1.5980	364.45	0.12347	3.0997e-05	0.045154	supercritical
241.36	226.00	433.06	0.0023091	91.842	144.03	4.5719	0.72640	1.5894	364.32	0.12393	3.0876e-05	0.044963	supercritical
242.36	226.00	429.76	0.0023269	93.027	145.61	4.5785	0.72567	1.5808	364.22	0.12436	3.0759e-05	0.044778	supercritical
243.36	226.00	426.52	0.0023446	94.203	147.19	4.5850	0.72495	1.5724	364.14	0.12475	3.0647e-05	0.044598	supercritical
244.36	226.00	423.33	0.0023622	95.372	148.76	4.5914	0.72425	1.5640	364.08	0.12512	3.0538e-05	0.044423	supercritical
245.36	226.00	420.18	0.0023799	96.532	150.32	4.5978	0.72355	1.5557	364.05	0.12545	3.0434e-05	0.044252	supercritical
246.36	226.00	417.09	0.0023976	97.685	151.87	4.6041	0.72287	1.5476	364.04	0.12576	3.0333e-05	0.044087	supercritical
247.36	226.00	414.05	0.0024152	98.831	153.41	4.6103	0.72219	1.5396	364.05	0.12603	3.0236e-05	0.043927	supercritical
248.36	226.00	411.05	0.0024328	99.968	154.95	4.6165	0.72153	1.5316	364.07	0.12628	3.0143e-05	0.043771	supercritical
249.36	226.00	408.11	0.0024503	101.10	156.48	4.6227	0.72088	1.5238	364.12	0.12650	3.0053e-05	0.043620	supercritical
250.36	226.00	405.21	0.0024679	102.22	158.00	4.6288	0.72024	1.5161	364.19	0.12669	2.9966e-05	0.043473	supercritical
251.36	226.00	402.35	0.0024854	103.34	159.51	4.6348	0.71962	1.5085	364.28	0.12685	2.9883e-05	0.043330	supercritical
252.36	226.00	399.54	0.0025029	104.45	161.01	4.6408	0.71900	1.5011	364.38	0.12699	2.9803e-05	0.043192	supercritical
253.36	226.00	396.77	0.0025203	105.55	162.51	4.6467	0.71840	1.4937	364.50	0.12711	2.9726e-05	0.043058	supercritical
254.36	226.00	394.05	0.0025378	106.65	164.00	4.6525	0.71781	1.4865	364.63	0.12720	2.9652e-05	0.042928	supercritical
255.36	226.00	391.36	0.0025552	107.74	165.48	4.6584	0.71723	1.4793	364.78	0.12727	2.9581e-05	0.042802	supercritical
256.36	226.00	388.72	0.0025725	108.82	166.96	4.6641	0.71666	1.4723	364.94	0.12732	2.9512e-05	0.042680	supercritical
257.36	226.00	386.12	0.0025899	109.90	168.43	4.6699	0.71610	1.4654	365.12	0.12734	2.9447e-05	0.042562	supercritical
258.36	226.00	383.56	0.0026072	110.97	169.89	4.6755	0.71555	1.4586	365.31	0.12735	2.9384e-05	0.042447	supercritical
259.36	226.00	381.04	0.0026244	112.03	171.35	4.6811	0.71501	1.4519	365.51	0.12733	2.9324e-05	0.042336	supercritical
260.36	226.00	378.55	0.0026416	113.09	172.79	4.6867	0.71449	1.4454	365.72	0.12730	2.9266e-05	0.042229	supercritical
261.36	226.00	376.10	0.0026588	114.15	174.24	4.6922	0.71397	1.4389	365.95	0.12724	2.9211e-05	0.042124	supercritical
262.36	226.00	373.69	0.0026760	115.19	175.67	4.6977	0.71347	1.4326	366.19	0.12717	2.9158e-05	0.042024	supercritical
263.36	226.00	371.32	0.0026931	116.24	177.10	4.7032	0.71297	1.4263	366.43	0.12708	2.9107e-05	0.041926	supercritical
264.36	226.00	368.97	0.0027102	117.27	178.53	4.7086	0.71249	1.4202	366.69	0.12697	2.9059e-05	0.041832	supercritical
265.36	226.00	366.67	0.0027273	118.31	179.94	4.7139	0.71202	1.4142	366.96	0.12685	2.9012e-05	0.041741	supercritical
266.36	226.00	364.39	0.0027443	119.33	181.35	4.7192	0.71155	1.4082	367.24	0.12671	2.8968e-05	0.041652	supercritical
267.36	226.00	362.15	0.0027613	120.35	182.76	4.7245	0.71110	1.4024	367.52	0.12656	2.8926e-05	0.041567	supercritical
268.36	226.00	359.94	0.0027782	121.37	184.16	4.7297	0.71066	1.3967	367.81	0.12639	2.8886e-05	0.041485	supercritical
269.36	226.00	357.76	0.0027951	122.38	185.55	4.7349	0.71022	1.3911	368.12	0.12621	2.8848e-05	0.041405	supercritical
270.36	226.00	355.62	0.0028120	123.39	186.94	4.7400	0.70980	1.3855	368.43	0.12601	2.8812e-05	0.041328	supercritical
271.36	226.00	353.50	0.0028289	124.39	188.32	4.7451	0.70938	1.3801	368.74	0.12580	2.8778e-05	0.041254	supercritical
272.36	226.00	351.41	0.0028457	125.39	189.70	4.7502	0.70898	1.3748	369.07	0.12558	2.8745e-05	0.041183	supercritical
273.36	226.00	349.35	0.0028624	126.38	191.07	4.7552	0.70858	1.3695	369.40	0.12534	2.8714e-05	0.041114	supercritical
274.36	226.00	347.32	0.0028792	127.37	192.44	4.7602	0.70819	1.3644	369.74	0.12510	2.8685e-05	0.041047	supercritical
275.36	226.00	345.32	0.0028959	128.36	193.80	4.7652	0.70782	1.3593	370.08	0.12484	2.8657e-05	0.040983	supercritical
276.36	226.00	343.35	0.0029125	129.34	195.16	4.7701	0.70745	1.3543	370.43	0.12457	2.8631e-05	0.040922	supercritical
277.36	226.00	341.40	0.0029291	130.31	196.51	4.7750	0.70709	1.3494	370.79	0.12429	2.8607e-05	0.040862	supercritical
278.36	226.00	339.47	0.0029457	131.28	197.86	4.7798	0.70673	1.3446	371.15	0.12400	2.8584e-05	0.040805	supercritical
279.36	226.00	337.58	0.0029623	132.25	199.20	4.7847	0.70639	1.3399	371.52	0.12370	2.8563e-05	0.040750	supercritical
280.36	226.00	335.70	0.0029788	133.22	200.54	4.7894	0.70606	1.3353	371.89	0.12339	2.8543e-05	0.040697	supercritical
281.36	226.00	333.86	0.0029953	134.18	201.87	4.7942	0.70573	1.3307	372.27	0.12308	2.8524e-05	0.040646	supercritical
282.36	226.00	332.03	0.0030117	135.13	203.20	4.7989	0.70541	1.3262	372.65	0.12275	2.8507e-05	0.040598	supercritical
283.36	226.00	330.23	0.0030282	136.09	204.52	4.8036	0.70510	1.3218	373.03	0.12242	2.8491e-05	0.040551	supercritical
284.36	226.00	328.46	0.0030445	137.04	205.84	4.8082	0.70480	1.3175	373.42	0.12207	2.8476e-05	0.040506	supercritical
285.36	226.00	326.70	0.0030609	137.98	207.16	4.8128	0.70450	1.3132	373.82	0.12172	2.8463e-05	0.040463	supercritical
286.36	226.00	324.97	0.0030772	138.92	208.47	4.8174	0.70422	1.3091	374.22	0.12137	2.8450e-05	0.040422	supercritical
287.36	226.00	323.26	0.0030935	139.86	209.78	4.8220	0.70394	1.3050	374.62	0.12100	2.8439e-05	0.040382	supercritical
288.36	226.00	321.57	0.0031097	140.80	211.08	4.8265	0.70366	1.3009	375.02	0.12063	2.8429e-05	0.040344	supercritical
289.36	226.00	319.91	0.0031259	141.73	212.38	4.8310	0.70340	1.2970	375.43	0.12025	2.8420e-05	0.040308	supercritical
290.36	226.00	318.26	0.0031421	142.66	213.67	4.8355	0.70314	1.2931	375.84	0.11987	2.8413e-05	0.040274	supercritical
291.36	226.00	316.63	0.0031582	143.59	214.96	4.8399	0.70289	1.2892	376.26	0.11948	2.8406e-05	0.040241	supercritical
292.36	226.00	315.03	0.0031744	144.51	216.25	4.8443	0.70265	1.2855	376.68	0.11909	2.8400e-05	0.040209	supercritical
293.36	226.00	313.44	0.0031904	145.43	217.53	4.8487	0.70241	1.2818	377.10	0.11869	2.8396e-05	0.040179	supercritical
294.36	226.00	311.87	0.0032065	146.35	218.81	4.8531	0.70218	1.2781	377.52	0.11828	2.8392e-05	0.040151	supercritical
295.36	226.00	310.32	0.0032225	147.26	220.09	4.8574	0.70196	1.2746	377.95	0.11787	2.8389e-05	0.040124	supercritical
296.36	226.00	308.79	0.0032385	148.17	221.36	4.8617	0.70175	1.2710	378.38	0.11745	2.8388e-05	0.040098	supercritical
297.36	226.00	307.27	0.0032544	149.08	222.63	4.8660	0.70154	1.2676	378.81	0.11704	2.8387e-05	0.040073	supercritical
298.36	226.00	305.78	0.0032703	149.99	223.90	4.8702	0.70133	1.2642	379.24	0.11661	2.8387e-05	0.040050	supercritical
299.36	226.00	304.30	0.0032862	150.89	225.16	4.8744	0.70114	1.2609	379.67	0.11618	2.8388e-05	0.040027	supercritical
300.36	226.00	302.84	0.0033021	151.79	226.42	4.8786	0.70095	1.2576	380.11	0.11575	2.8389e-05	0.040006	supercritical
301.36	226.00	301.40	0.0033179	152.69	227.68	4.8828	0.70076	1.2543	380.55	0.11532	2.8392e-05	0.039985	supercritical
302.36	226.00	299.97	0.0033337	153.59	228.93	4.8870	0.70059	1.2512	380.99	0.11488	2.8395e-05	0.039965	supercritical
303.36	226.00	298.56	0.0033495	154.48	230.18	4.8911	0.70042	1.2480	381.43	0.11443	2.8399e-05	0.039946	supercritical
304.36	226.00	297.16	0.0033652	155.37	231.43	4.8952	0.70025	1.2450	381.88	0.11399	2.8404e-05	0.039927	supercritical
305.36	226.00	295.78	0.0033809	156.26	232.67	4.8993	0.70009	1.2420	382.32	0.11354	2.8410e-05	0.039908	supercritical
306.36	226.00	294.41	0.0033966	157.15	233.91	4.9033	0.69994	1.2390	382.77	0.11309	2.8416e-05	0.039888	supercritical
307.36	226.00	293.06	0.0034122	158.03	235.15	4.9074	0.69979	1.2361	383.22	0.11263	2.8423e-05	0.039867	supercritical
308.36	226.00	291.73	0.0034278	158.91	236.38	4.9114	0.69965	1.2332	383.67	0.11218	2.8431e-05	0.039840	supercritical
309.36	226.00	290.41	0.0034434	159.79	237.61	4.9154	0.69951	1.2304	384.12	0.11172	2.8439e-05	0.039790	supercritical
310.36	226.00	289.10	0.0034590	160.67	238.84	4.9193	0.69938	1.2276	384.57	0.11126	2.8448e-05	0.039792	supercritical
311.36	226.00	287.81	0.0034745	161.54	240.07	4.9233	0.69925	1.2249	385.03	0.11079	2.8457e-05	0.039794	supercritical
312.36	226.00	286.53	0.0034900	162.42	241.29	4.9272	0.69913	1.2222	385.48	0.11033	2.8468e-05	0.039798	supercritical
313.36	226.00	285.27	0.0035055	163.29	242.51	4.9311	0.69902	1.2195	385.94	0.10986	2.8479e-05	0.039802	supercritical
314.36	226.00	284.01	0.0035209	164.16	243.73	4.9350	0.69891	1.2169	386.39	0.10939	2.8490e-05	0.039808	supercritical
315.36	226.00	282.78	0.0035364	165.02	244.95	4.9388	0.69880	1.2144	386.85	0.10892	2.8502e-05	0.039814	supercritical
316.36	226.00	281.55	0.0035518	165.89	246.16	4.9427	0.69870	1.2118	387.31	0.10845	2.8515e-05	0.039821	supercritical
317.36	226.00	280.34	0.0035671	166.75	247.37	4.9465	0.69861	1.2094	387.77	0.10797	2.8528e-05	0.039829	supercritical
318.36	226.00	279.14	0.0035825	167.61	248.58	4.9503	0.69852	1.2069	388.23	0.10750	2.8541e-05	0.039838	supercritical
319.36	226.00	277.95	0.0035978	168.47	249.78	4.9541	0.69843	1.2045	388.69	0.10702	2.8555e-05	0.039848	supercritical
320.36	226.00	276.77	0.0036131	169.33	250.99	4.9578	0.69835	1.2022	389.15	0.10655	2.8570e-05	0.039858	supercritical
321.36	226.00	275.61	0.0036283	170.19	252.19	4.9616	0.69828	1.1998	389.61	0.10607	2.8585e-05	0.039870	supercritical
322.36	226.00	274.46	0.0036436	171.04	253.39	4.9653	0.69821	1.1975	390.07	0.10559	2.8601e-05	0.039882	supercritical
323.36	226.00	273.31	0.0036588	171.90	254.58	4.9690	0.69814	1.1953	390.53	0.10511	2.8617e-05	0.039894	supercritical
324.36	226.00	272.18	0.0036740	172.75	255.78	4.9727	0.69808	1.1931	391.00	0.10463	2.8634e-05	0.039908	supercritical
325.36	226.00	271.07	0.0036891	173.60	256.97	4.9764	0.69802	1.1909	391.46	0.10414	2.8651e-05	0.039922	supercritical
326.36	226.00	269.96	0.0037043	174.44	258.16	4.9800	0.69797	1.1888	391.92	0.10366	2.8668e-05	0.039937	supercritical
327.36	226.00	268.86	0.0037194	175.29	259.35	4.9837	0.69792	1.1866	392.39	0.10318	2.8686e-05	0.039953	supercritical
328.36	226.00	267.78	0.0037345	176.13	260.53	4.9873	0.69788	1.1846	392.85	0.10270	2.8705e-05	0.039969	supercritical
329.36	226.00	266.70	0.0037495	176.98	261.72	4.9909	0.69784	1.1825	393.31	0.10221	2.8723e-05	0.039986	supercritical
330.36	226.00	265.63	0.0037646	177.82	262.90	4.9945	0.69780	1.1805	393.78	0.10173	2.8743e-05	0.040004	supercritical
331.36	226.00	264.58	0.0037796	178.66	264.08	4.9980	0.69777	1.1785	394.24	0.10125	2.8762e-05	0.040022	supercritical
332.36	226.00	263.53	0.0037946	179.50	265.26	5.0016	0.69774	1.1766	394.71	0.10076	2.8782e-05	0.040041	supercritical
333.36	226.00	262.50	0.0038096	180.33	266.43	5.0051	0.69772	1.1746	395.17	0.10028	2.8802e-05	0.040061	supercritical
334.36	226.00	261.47	0.0038245	181.17	267.60	5.0086	0.69770	1.1727	395.64	0.099793	2.8823e-05	0.040081	supercritical
335.36	226.00	260.45	0.0038395	182.00	268.78	5.0121	0.69769	1.1709	396.10	0.099309	2.8844e-05	0.040102	supercritical
336.36	226.00	259.45	0.0038544	182.84	269.95	5.0156	0.69767	1.1690	396.57	0.098824	2.8866e-05	0.040123	supercritical
337.36	226.00	258.45	0.0038692	183.67	271.11	5.0191	0.69767	1.1672	397.03	0.098340	2.8887e-05	0.040145	supercritical
338.36	226.00	257.46	0.0038841	184.50	272.28	5.0225	0.69766	1.1655	397.50	0.097856	2.8909e-05	0.040168	supercritical
339.36	226.00	256.48	0.0038989	185.33	273.45	5.0260	0.69766	1.1637	397.96	0.097373	2.8932e-05	0.040191	supercritical
340.36	226.00	255.51	0.0039138	186.16	274.61	5.0294	0.69767	1.1620	398.43	0.096889	2.8954e-05	0.040214	supercritical
341.36	226.00	254.55	0.0039286	186.98	275.77	5.0328	0.69768	1.1603	398.89	0.096406	2.8978e-05	0.040239	supercritical
342.36	226.00	253.59	0.0039433	187.81	276.93	5.0362	0.69769	1.1586	399.36	0.095924	2.9001e-05	0.040263	supercritical
343.36	226.00	252.65	0.0039581	188.63	278.09	5.0395	0.69770	1.1570	399.82	0.095441	2.9025e-05	0.040288	supercritical
344.36	226.00	251.71	0.0039728	189.46	279.24	5.0429	0.69772	1.1553	400.29	0.094960	2.9048e-05	0.040314	supercritical
345.36	226.00	250.78	0.0039875	190.28	280.40	5.0463	0.69774	1.1537	400.75	0.094478	2.9073e-05	0.040340	supercritical
346.36	226.00	249.86	0.0040022	191.10	281.55	5.0496	0.69777	1.1522	401.21	0.093997	2.9097e-05	0.040367	supercritical
347.36	226.00	248.95	0.0040169	191.92	282.70	5.0529	0.69780	1.1506	401.68	0.093517	2.9122e-05	0.040394	supercritical
348.36	226.00	248.04	0.0040315	192.74	283.85	5.0562	0.69783	1.1491	402.14	0.093038	2.9147e-05	0.040421	supercritical
349.36	226.00	247.15	0.0040462	193.56	285.00	5.0595	0.69787	1.1476	402.61	0.092559	2.9172e-05	0.040449	supercritical
350.36	226.00	246.26	0.0040608	194.37	286.15	5.0628	0.69790	1.1461	403.07	0.092081	2.9198e-05	0.040478	supercritical
351.36	226.00	245.38	0.0040754	195.19	287.29	5.0661	0.69795	1.1446	403.53	0.091603	2.9224e-05	0.040507	supercritical
352.36	226.00	244.50	0.0040900	196.00	288.44	5.0693	0.69799	1.1432	403.99	0.091126	2.9250e-05	0.040536	supercritical
353.36	226.00	243.63	0.0041045	196.82	289.58	5.0725	0.69804	1.1418	404.46	0.090650	2.9276e-05	0.040566	supercritical
354.36	226.00	242.78	0.0041190	197.63	290.72	5.0758	0.69809	1.1404	404.92	0.090175	2.9303e-05	0.040596	supercritical
355.36	226.00	241.92	0.0041336	198.44	291.86	5.0790	0.69815	1.1390	405.38	0.089701	2.9329e-05	0.040627	supercritical
356.36	226.00	241.08	0.0041481	199.25	293.00	5.0822	0.69821	1.1377	405.84	0.089228	2.9356e-05	0.040658	supercritical
357.36	226.00	240.24	0.0041625	200.06	294.13	5.0854	0.69827	1.1363	406.30	0.088755	2.9384e-05	0.040689	supercritical
358.36	226.00	239.41	0.0041770	200.87	295.27	5.0885	0.69833	1.1350	406.76	0.088283	2.9411e-05	0.040721	supercritical
359.36	226.00	238.58	0.0041914	201.68	296.40	5.0917	0.69840	1.1337	407.22	0.087813	2.9439e-05	0.040753	supercritical
360.36	226.00	237.76	0.0042059	202.49	297.54	5.0948	0.69847	1.1325	407.68	0.087343	2.9467e-05	0.040785	supercritical
361.36	226.00	236.95	0.0042203	203.29	298.67	5.0980	0.69854	1.1312	408.14	0.086874	2.9495e-05	0.040818	supercritical
362.36	226.00	236.15	0.0042347	204.10	299.80	5.1011	0.69862	1.1300	408.60	0.086406	2.9523e-05	0.040852	supercritical
363.36	226.00	235.35	0.0042490	204.90	300.93	5.1042	0.69869	1.1288	409.06	0.085940	2.9551e-05	0.040885	supercritical
364.36	226.00	234.56	0.0042634	205.71	302.06	5.1073	0.69878	1.1276	409.52	0.085474	2.9580e-05	0.040919	supercritical
365.36	226.00	233.77	0.0042777	206.51	303.18	5.1104	0.69886	1.1264	409.98	0.085010	2.9609e-05	0.040953	supercritical
366.36	226.00	232.99	0.0042920	207.31	304.31	5.1135	0.69895	1.1252	410.43	0.084546	2.9638e-05	0.040988	supercritical
367.36	226.00	232.22	0.0043063	208.11	305.43	5.1166	0.69904	1.1241	410.89	0.084084	2.9667e-05	0.041023	supercritical
368.36	226.00	231.45	0.0043206	208.91	306.56	5.1196	0.69913	1.1229	411.35	0.083622	2.9696e-05	0.041058	supercritical
369.36	226.00	230.69	0.0043349	209.71	307.68	5.1226	0.69922	1.1218	411.80	0.083162	2.9726e-05	0.041094	supercritical
370.36	226.00	229.93	0.0043492	210.51	308.80	5.1257	0.69932	1.1207	412.26	0.082703	2.9755e-05	0.041130	supercritical
371.36	226.00	229.18	0.0043634	211.31	309.92	5.1287	0.69942	1.1196	412.71	0.082246	2.9785e-05	0.041166	supercritical
372.36	226.00	228.43	0.0043776	212.11	311.04	5.1317	0.69952	1.1186	413.17	0.081789	2.9815e-05	0.041202	supercritical
373.36	226.00	227.70	0.0043918	212.90	312.16	5.1347	0.69963	1.1175	413.62	0.081334	2.9845e-05	0.041239	supercritical
374.36	226.00	226.96	0.0044060	213.70	313.28	5.1377	0.69973	1.1165	414.08	0.080879	2.9876e-05	0.041276	supercritical
375.36	226.00	226.23	0.0044202	214.50	314.39	5.1407	0.69984	1.1155	414.53	0.080426	2.9906e-05	0.041314	supercritical
376.36	226.00	225.51	0.0044343	215.29	315.51	5.1436	0.69996	1.1145	414.98	0.079975	2.9937e-05	0.041351	supercritical
377.36	226.00	224.80	0.0044485	216.09	316.62	5.1466	0.70007	1.1135	415.43	0.079524	2.9968e-05	0.041389	supercritical
378.36	226.00	224.08	0.0044626	216.88	317.73	5.1495	0.70019	1.1125	415.88	0.079075	2.9998e-05	0.041427	supercritical
379.36	226.00	223.38	0.0044767	217.67	318.85	5.1525	0.70031	1.1115	416.34	0.078627	3.0029e-05	0.041466	supercritical
380.36	226.00	222.68	0.0044908	218.46	319.96	5.1554	0.70043	1.1106	416.79	0.078181	3.0061e-05	0.041505	supercritical
381.36	226.00	221.98	0.0045049	219.26	321.07	5.1583	0.70055	1.1097	417.24	0.077735	3.0092e-05	0.041544	supercritical
382.36	226.00	221.29	0.0045190	220.05	322.18	5.1612	0.70068	1.1088	417.69	0.077291	3.0123e-05	0.041583	supercritical
383.36	226.00	220.60	0.0045330	220.84	323.29	5.1641	0.70081	1.1079	418.13	0.076848	3.0155e-05	0.041622	supercritical
384.36	226.00	219.92	0.0045471	221.63	324.39	5.1670	0.70094	1.1070	418.58	0.076407	3.0187e-05	0.041662	supercritical
385.36	226.00	219.25	0.0045611	222.42	325.50	5.1699	0.70107	1.1061	419.03	0.075967	3.0218e-05	0.041702	supercritical
386.36	226.00	218.57	0.0045751	223.21	326.60	5.1727	0.70121	1.1052	419.48	0.075528	3.0250e-05	0.041742	supercritical
387.36	226.00	217.91	0.0045891	224.00	327.71	5.1756	0.70135	1.1044	419.92	0.075091	3.0282e-05	0.041783	supercritical
388.36	226.00	217.25	0.0046031	224.78	328.81	5.1784	0.70149	1.1035	420.37	0.074654	3.0314e-05	0.041823	supercritical
389.36	226.00	216.59	0.0046170	225.57	329.92	5.1813	0.70163	1.1027	420.82	0.074220	3.0347e-05	0.041864	supercritical
390.36	226.00	215.94	0.0046310	226.36	331.02	5.1841	0.70177	1.1019	421.26	0.073786	3.0379e-05	0.041905	supercritical
391.36	226.00	215.29	0.0046449	227.14	332.12	5.1869	0.70192	1.1011	421.71	0.073354	3.0411e-05	0.041947	supercritical
392.36	226.00	214.64	0.0046589	227.93	333.22	5.1897	0.70206	1.1003	422.15	0.072924	3.0444e-05	0.041988	supercritical
393.36	226.00	214.01	0.0046728	228.72	334.32	5.1925	0.70221	1.0995	422.59	0.072494	3.0477e-05	0.042030	supercritical
394.36	226.00	213.37	0.0046867	229.50	335.42	5.1953	0.70237	1.0988	423.04	0.072066	3.0510e-05	0.042072	supercritical
395.36	226.00	212.74	0.0047006	230.29	336.52	5.1981	0.70252	1.0980	423.48	0.071640	3.0542e-05	0.042114	supercritical
396.36	226.00	212.11	0.0047144	231.07	337.62	5.2009	0.70267	1.0973	423.92	0.071215	3.0575e-05	0.042157	supercritical
397.36	226.00	211.49	0.0047283	231.85	338.71	5.2036	0.70283	1.0965	424.36	0.070791	3.0608e-05	0.042199	supercritical
398.36	226.00	210.88	0.0047421	232.64	339.81	5.2064	0.70299	1.0958	424.80	0.070369	3.0642e-05	0.042242	supercritical
399.36	226.00	210.26	0.0047560	233.42	340.90	5.2091	0.70315	1.0951	425.24	0.069948	3.0675e-05	0.042285	supercritical
400.36	226.00	209.65	0.0047698	234.20	342.00	5.2119	0.70331	1.0944	425.68	0.069528	3.0708e-05	0.042328	supercritical
401.36	226.00	209.05	0.0047836	234.98	343.09	5.2146	0.70348	1.0937	426.12	0.069110	3.0742e-05	0.042372	supercritical
402.36	226.00	208.45	0.0047974	235.77	344.19	5.2173	0.70365	1.0930	426.56	0.068693	3.0775e-05	0.042415	supercritical
403.36	226.00	207.85	0.0048112	236.55	345.28	5.2200	0.70381	1.0923	427.00	0.068278	3.0809e-05	0.042459	supercritical
404.36	226.00	207.26	0.0048249	237.33	346.37	5.2227	0.70398	1.0917	427.43	0.067864	3.0842e-05	0.042503	supercritical
405.36	226.00	206.67	0.0048387	238.11	347.46	5.2254	0.70416	1.0910	427.87	0.067451	3.0876e-05	0.042547	supercritical
406.36	226.00	206.08	0.0048524	238.89	348.55	5.2281	0.70433	1.0904	428.30	0.067040	3.0910e-05	0.042591	supercritical
407.36	226.00	205.50	0.0048662	239.67	349.64	5.2308	0.70450	1.0898	428.74	0.066630	3.0944e-05	0.042636	supercritical
408.36	226.00	204.92	0.0048799	240.45	350.73	5.2335	0.70468	1.0891	429.17	0.066222	3.0978e-05	0.042680	supercritical
409.36	226.00	204.35	0.0048936	241.23	351.82	5.2361	0.70486	1.0885	429.61	0.065815	3.1012e-05	0.042725	supercritical
410.36	226.00	203.78	0.0049073	242.00	352.91	5.2388	0.70504	1.0879	430.04	0.065410	3.1046e-05	0.042770	supercritical
411.36	226.00	203.21	0.0049210	242.78	354.00	5.2414	0.70522	1.0873	430.48	0.065006	3.1080e-05	0.042815	supercritical
412.36	226.00	202.65	0.0049347	243.56	355.08	5.2441	0.70540	1.0868	430.91	0.064603	3.1114e-05	0.042861	supercritical
413.36	226.00	202.09	0.0049483	244.34	356.17	5.2467	0.70559	1.0862	431.34	0.064202	3.1148e-05	0.042906	supercritical
414.36	226.00	201.53	0.0049620	245.12	357.26	5.2493	0.70577	1.0856	431.77	0.063802	3.1183e-05	0.042952	supercritical
415.36	226.00	200.98	0.0049756	245.89	358.34	5.2520	0.70596	1.0851	432.20	0.063404	3.1217e-05	0.042997	supercritical
416.36	226.00	200.43	0.0049893	246.67	359.43	5.2546	0.70615	1.0845	432.63	0.063007	3.1252e-05	0.043043	supercritical
417.36	226.00	199.88	0.0050029	247.45	360.51	5.2572	0.70634	1.0840	433.06	0.062611	3.1286e-05	0.043089	supercritical
418.36	226.00	199.34	0.0050165	248.22	361.60	5.2598	0.70653	1.0834	433.49	0.062217	3.1321e-05	0.043135	supercritical
419.36	226.00	198.80	0.0050301	249.00	362.68	5.2623	0.70673	1.0829	433.92	0.061824	3.1356e-05	0.043182	supercritical
420.36	226.00	198.27	0.0050437	249.77	363.76	5.2649	0.70692	1.0824	434.35	0.061433	3.1390e-05	0.043228	supercritical
421.36	226.00	197.74	0.0050572	250.55	364.84	5.2675	0.70712	1.0819	434.77	0.061043	3.1425e-05	0.043275	supercritical
422.36	226.00	197.21	0.0050708	251.32	365.92	5.2701	0.70732	1.0814	435.20	0.060654	3.1460e-05	0.043321	supercritical
423.36	226.00	196.68	0.0050844	252.10	367.01	5.2726	0.70752	1.0809	435.63	0.060267	3.1495e-05	0.043368	supercritical
424.36	226.00	196.16	0.0050979	252.87	368.09	5.2752	0.70772	1.0804	436.05	0.059882	3.1530e-05	0.043415	supercritical
425.36	226.00	195.64	0.0051114	253.65	369.17	5.2777	0.70792	1.0800	436.48	0.059497	3.1565e-05	0.043462	supercritical
426.36	226.00	195.12	0.0051250	254.42	370.25	5.2802	0.70812	1.0795	436.90	0.059115	3.1600e-05	0.043509	supercritical
427.36	226.00	194.61	0.0051385	255.20	371.33	5.2828	0.70833	1.0790	437.32	0.058733	3.1635e-05	0.043557	supercritical
428.36	226.00	194.10	0.0051520	255.97	372.40	5.2853	0.70853	1.0786	437.75	0.058353	3.1670e-05	0.043604	supercritical
429.36	226.00	193.59	0.0051655	256.74	373.48	5.2878	0.70874	1.0781	438.17	0.057974	3.1705e-05	0.043652	supercritical
430.36	226.00	193.09	0.0051789	257.52	374.56	5.2903	0.70895	1.0777	438.59	0.057597	3.1741e-05	0.043700	supercritical
431.36	226.00	192.59	0.0051924	258.29	375.64	5.2928	0.70916	1.0773	439.01	0.057221	3.1776e-05	0.043747	supercritical
432.36	226.00	192.09	0.0052059	259.06	376.72	5.2953	0.70937	1.0768	439.43	0.056847	3.1811e-05	0.043795	supercritical
433.36	226.00	191.60	0.0052193	259.84	377.79	5.2978	0.70958	1.0764	439.85	0.056474	3.1846e-05	0.043844	supercritical
434.36	226.00	191.10	0.0052328	260.61	378.87	5.3003	0.70979	1.0760	440.27	0.056102	3.1882e-05	0.043892	supercritical
435.36	226.00	190.61	0.0052462	261.38	379.94	5.3028	0.71001	1.0756	440.69	0.055731	3.1917e-05	0.043940	supercritical
436.36	226.00	190.13	0.0052596	262.15	381.02	5.3052	0.71022	1.0752	441.11	0.055363	3.1953e-05	0.043988	supercritical
437.36	226.00	189.64	0.0052730	262.92	382.09	5.3077	0.71044	1.0748	441.53	0.054995	3.1988e-05	0.044037	supercritical
438.36	226.00	189.16	0.0052864	263.70	383.17	5.3101	0.71066	1.0744	441.95	0.054629	3.2024e-05	0.044086	supercritical
439.36	226.00	188.69	0.0052998	264.47	384.24	5.3126	0.71087	1.0741	442.36	0.054264	3.2059e-05	0.044134	supercritical
440.36	226.00	188.21	0.0053132	265.24	385.32	5.3150	0.71109	1.0737	442.78	0.053900	3.2095e-05	0.044183	supercritical
441.36	226.00	187.74	0.0053266	266.01	386.39	5.3175	0.71131	1.0733	443.19	0.053538	3.2131e-05	0.044232	supercritical
442.36	226.00	187.27	0.0053400	266.78	387.46	5.3199	0.71154	1.0730	443.61	0.053178	3.2166e-05	0.044281	supercritical
443.36	226.00	186.80	0.0053533	267.55	388.54	5.3223	0.71176	1.0726	444.02	0.052818	3.2202e-05	0.044330	supercritical
444.36	226.00	186.34	0.0053667	268.32	389.61	5.3247	0.71198	1.0723	444.44	0.052460	3.2238e-05	0.044379	supercritical
445.36	226.00	185.87	0.0053800	269.09	390.68	5.3271	0.71221	1.0719	444.85	0.052104	3.2274e-05	0.044429	supercritical
446.36	226.00	185.41	0.0053933	269.86	391.75	5.3295	0.71243	1.0716	445.26	0.051748	3.2309e-05	0.044478	supercritical
447.36	226.00	184.96	0.0054067	270.63	392.82	5.3319	0.71266	1.0713	445.68	0.051394	3.2345e-05	0.044528	supercritical
448.36	226.00	184.50	0.0054200	271.40	393.90	5.3343	0.71289	1.0709	446.09	0.051042	3.2381e-05	0.044577	supercritical
449.36	226.00	184.05	0.0054333	272.17	394.97	5.3367	0.71312	1.0706	446.50	0.050690	3.2417e-05	0.044627	supercritical
450.36	226.00	183.60	0.0054466	272.94	396.04	5.3391	0.71335	1.0703	446.91	0.050340	3.2453e-05	0.044677	supercritical
451.36	226.00	183.16	0.0054598	273.71	397.11	5.3415	0.71358	1.0700	447.32	0.049992	3.2489e-05	0.044727	supercritical
452.36	226.00	182.71	0.0054731	274.48	398.18	5.3438	0.71381	1.0697	447.73	0.049644	3.2525e-05	0.044777	supercritical
453.36	226.00	182.27	0.0054864	275.25	399.25	5.3462	0.71404	1.0694	448.14	0.049299	3.2561e-05	0.044827	supercritical
454.36	226.00	181.83	0.0054997	276.02	400.32	5.3486	0.71428	1.0691	448.55	0.048954	3.2597e-05	0.044877	supercritical
455.36	226.00	181.39	0.0055129	276.79	401.38	5.3509	0.71451	1.0688	448.95	0.048611	3.2633e-05	0.044927	supercritical
456.36	226.00	180.96	0.0055262	277.56	402.45	5.3532	0.71475	1.0685	449.36	0.048269	3.2669e-05	0.044977	supercritical
457.36	226.00	180.53	0.0055394	278.33	403.52	5.3556	0.71498	1.0683	449.77	0.047928	3.2705e-05	0.045028	supercritical
458.36	226.00	180.10	0.0055526	279.10	404.59	5.3579	0.71522	1.0680	450.18	0.047588	3.2741e-05	0.045078	supercritical
459.36	226.00	179.67	0.0055658	279.87	405.66	5.3602	0.71546	1.0677	450.58	0.047250	3.2778e-05	0.045129	supercritical
460.36	226.00	179.24	0.0055790	280.64	406.73	5.3626	0.71569	1.0675	450.99	0.046914	3.2814e-05	0.045179	supercritical
461.36	226.00	178.82	0.0055922	281.41	407.79	5.3649	0.71593	1.0672	451.39	0.046578	3.2850e-05	0.045230	supercritical
462.36	226.00	178.40	0.0056054	282.18	408.86	5.3672	0.71617	1.0670	451.80	0.046244	3.2886e-05	0.045281	supercritical
463.36	226.00	177.98	0.0056186	282.95	409.93	5.3695	0.71641	1.0667	452.20	0.045911	3.2922e-05	0.045332	supercritical
464.36	226.00	177.56	0.0056318	283.71	410.99	5.3718	0.71666	1.0665	452.60	0.045579	3.2959e-05	0.045383	supercritical
465.36	226.00	177.15	0.0056450	284.48	412.06	5.3741	0.71690	1.0662	453.00	0.045249	3.2995e-05	0.045434	supercritical
466.36	226.00	176.74	0.0056581	285.25	413.13	5.3764	0.71714	1.0660	453.41	0.044920	3.3031e-05	0.045485	supercritical
467.36	226.00	176.33	0.0056713	286.02	414.19	5.3787	0.71738	1.0658	453.81	0.044592	3.3067e-05	0.045536	supercritical
468.36	226.00	175.92	0.0056844	286.79	415.26	5.3809	0.71763	1.0656	454.21	0.044265	3.3104e-05	0.045587	supercritical
469.36	226.00	175.51	0.0056976	287.56	416.32	5.3832	0.71787	1.0653	454.61	0.043940	3.3140e-05	0.045638	supercritical
470.36	226.00	175.11	0.0057107	288.33	417.39	5.3855	0.71812	1.0651	455.01	0.043616	3.3176e-05	0.045690	supercritical
471.36	226.00	174.71	0.0057238	289.09	418.45	5.3877	0.71837	1.0649	455.41	0.043293	3.3213e-05	0.045741	supercritical
472.36	226.00	174.31	0.0057370	289.86	419.52	5.3900	0.71861	1.0647	455.81	0.042972	3.3249e-05	0.045792	supercritical
473.36	226.00	173.91	0.0057501	290.63	420.58	5.3923	0.71886	1.0645	456.21	0.042651	3.3285e-05	0.045844	supercritical
474.36	226.00	173.52	0.0057632	291.40	421.65	5.3945	0.71911	1.0643	456.60	0.042332	3.3322e-05	0.045896	supercritical
475.36	226.00	173.12	0.0057763	292.17	422.71	5.3967	0.71936	1.0641	457.00	0.042015	3.3358e-05	0.045947	supercritical
476.36	226.00	172.73	0.0057894	292.94	423.77	5.3990	0.71961	1.0639	457.40	0.041698	3.3395e-05	0.045999	supercritical
477.36	226.00	172.34	0.0058024	293.70	424.84	5.4012	0.71986	1.0637	457.80	0.041383	3.3431e-05	0.046051	supercritical
478.36	226.00	171.95	0.0058155	294.47	425.90	5.4034	0.72011	1.0636	458.19	0.041068	3.3468e-05	0.046103	supercritical
479.36	226.00	171.57	0.0058286	295.24	426.97	5.4057	0.72036	1.0634	458.59	0.040756	3.3504e-05	0.046154	supercritical
480.36	226.00	171.18	0.0058416	296.01	428.03	5.4079	0.72061	1.0632	458.98	0.040444	3.3540e-05	0.046206	supercritical
481.36	226.00	170.80	0.0058547	296.78	429.09	5.4101	0.72087	1.0631	459.38	0.040133	3.3577e-05	0.046258	supercritical
482.36	226.00	170.42	0.0058677	297.54	430.16	5.4123	0.72112	1.0629	459.77	0.039824	3.3613e-05	0.046311	supercritical
483.36	226.00	170.05	0.0058808	298.31	431.22	5.4145	0.72137	1.0627	460.16	0.039516	3.3650e-05	0.046363	supercritical
484.36	226.00	169.67	0.0058938	299.08	432.28	5.4167	0.72163	1.0626	460.56	0.039209	3.3686e-05	0.046415	supercritical
485.36	226.00	169.30	0.0059068	299.85	433.34	5.4189	0.72188	1.0624	460.95	0.038903	3.3723e-05	0.046467	supercritical
486.36	226.00	168.92	0.0059198	300.62	434.41	5.4211	0.72214	1.0623	461.34	0.038599	3.3759e-05	0.046519	supercritical
487.36	226.00	168.55	0.0059329	301.39	435.47	5.4232	0.72239	1.0621	461.73	0.038295	3.3796e-05	0.046572	supercritical
488.36	226.00	168.18	0.0059459	302.15	436.53	5.4254	0.72265	1.0620	462.12	0.037993	3.3832e-05	0.046624	supercritical
489.36	226.00	167.82	0.0059589	302.92	437.59	5.4276	0.72290	1.0618	462.51	0.037692	3.3869e-05	0.046676	supercritical
490.36	226.00	167.45	0.0059719	303.69	438.65	5.4298	0.72316	1.0617	462.90	0.037392	3.3906e-05	0.046729	supercritical
491.36	226.00	167.09	0.0059848	304.46	439.72	5.4319	0.72342	1.0616	463.29	0.037094	3.3942e-05	0.046782	supercritical
492.36	226.00	166.73	0.0059978	305.23	440.78	5.4341	0.72368	1.0614	463.68	0.036796	3.3979e-05	0.046834	supercritical
493.36	226.00	166.37	0.0060108	305.99	441.84	5.4362	0.72394	1.0613	464.07	0.036500	3.4015e-05	0.046887	supercritical
494.36	226.00	166.01	0.0060238	306.76	442.90	5.4384	0.72419	1.0612	464.46	0.036205	3.4052e-05	0.046939	supercritical
495.36	226.00	165.65	0.0060367	307.53	443.96	5.4405	0.72445	1.0611	464.85	0.035911	3.4088e-05	0.046992	supercritical
496.36	226.00	165.30	0.0060497	308.30	445.02	5.4427	0.72471	1.0609	465.23	0.035618	3.4125e-05	0.047045	supercritical
497.36	226.00	164.95	0.0060626	309.07	446.08	5.4448	0.72497	1.0608	465.62	0.035326	3.4161e-05	0.047098	supercritical
498.36	226.00	164.59	0.0060756	309.84	447.14	5.4469	0.72523	1.0607	466.01	0.035035	3.4198e-05	0.047151	supercritical
499.36	226.00	164.24	0.0060885	310.60	448.20	5.4491	0.72549	1.0606	466.39	0.034746	3.4235e-05	0.047204	supercritical
500.36	226.00	163.90	0.0061014	311.37	449.26	5.4512	0.72576	1.0605	466.78	0.034457	3.4271e-05	0.047256	supercritical
501.36	226.00	163.55	0.0061143	312.14	450.32	5.4533	0.72602	1.0604	467.16	0.034170	3.4308e-05	0.047309	supercritical
502.36	226.00	163.21	0.0061272	312.91	451.39	5.4554	0.72628	1.0603	467.55	0.033884	3.4344e-05	0.047363	supercritical
503.36	226.00	162.86	0.0061402	313.68	452.45	5.4575	0.72654	1.0602	467.93	0.033599	3.4381e-05	0.047416	supercritical
504.36	226.00	162.52	0.0061531	314.45	453.51	5.4596	0.72680	1.0601	468.31	0.033315	3.4418e-05	0.047469	supercritical
505.36	226.00	162.18	0.0061660	315.21	454.57	5.4617	0.72707	1.0600	468.70	0.033032	3.4454e-05	0.047522	supercritical
506.36	226.00	161.84	0.0061788	315.98	455.63	5.4638	0.72733	1.0600	469.08	0.032750	3.4491e-05	0.047575	supercritical
507.36	226.00	161.51	0.0061917	316.75	456.69	5.4659	0.72759	1.0599	469.46	0.032469	3.4527e-05	0.047628	supercritical
508.36	226.00	161.17	0.0062046	317.52	457.75	5.4680	0.72786	1.0598	469.84	0.032190	3.4564e-05	0.047682	supercritical
509.36	226.00	160.84	0.0062175	318.29	458.81	5.4701	0.72812	1.0597	470.22	0.031911	3.4601e-05	0.047735	supercritical
510.36	226.00	160.50	0.0062304	319.06	459.86	5.4722	0.72839	1.0596	470.60	0.031634	3.4637e-05	0.047788	supercritical
511.36	226.00	160.17	0.0062432	319.83	460.92	5.4742	0.72865	1.0596	470.98	0.031358	3.4674e-05	0.047842	supercritical
512.36	226.00	159.84	0.0062561	320.60	461.98	5.4763	0.72892	1.0595	471.36	0.031082	3.4710e-05	0.047895	supercritical
513.36	226.00	159.52	0.0062689	321.37	463.04	5.4784	0.72918	1.0594	471.74	0.030808	3.4747e-05	0.047949	supercritical
514.36	226.00	159.19	0.0062818	322.13	464.10	5.4804	0.72945	1.0594	472.12	0.030535	3.4784e-05	0.048002	supercritical
515.36	226.00	158.87	0.0062946	322.90	465.16	5.4825	0.72971	1.0593	472.50	0.030263	3.4820e-05	0.048056	supercritical
516.36	226.00	158.54	0.0063074	323.67	466.22	5.4845	0.72998	1.0592	472.88	0.029992	3.4857e-05	0.048109	supercritical
517.36	226.00	158.22	0.0063203	324.44	467.28	5.4866	0.73024	1.0592	473.26	0.029722	3.4893e-05	0.048163	supercritical
518.36	226.00	157.90	0.0063331	325.21	468.34	5.4886	0.73051	1.0591	473.63	0.029453	3.4930e-05	0.048216	supercritical
519.36	226.00	157.58	0.0063459	325.98	469.40	5.4907	0.73078	1.0591	474.01	0.029185	3.4966e-05	0.048270	supercritical
520.36	226.00	157.26	0.0063587	326.75	470.46	5.4927	0.73104	1.0590	474.39	0.028918	3.5003e-05	0.048324	supercritical
521.36	226.00	156.95	0.0063715	327.52	471.52	5.4947	0.73131	1.0590	474.76	0.028652	3.5040e-05	0.048378	supercritical
522.36	226.00	156.63	0.0063843	328.29	472.58	5.4968	0.73158	1.0589	475.14	0.028387	3.5076e-05	0.048431	supercritical
523.36	226.00	156.32	0.0063971	329.06	473.63	5.4988	0.73185	1.0589	475.51	0.028124	3.5113e-05	0.048485	supercritical
524.36	226.00	156.01	0.0064099	329.83	474.69	5.5008	0.73211	1.0589	475.89	0.027861	3.5149e-05	0.048539	supercritical
525.36	226.00	155.70	0.0064227	330.60	475.75	5.5028	0.73238	1.0588	476.26	0.027599	3.5186e-05	0.048593	supercritical
526.36	226.00	155.39	0.0064355	331.37	476.81	5.5049	0.73265	1.0588	476.64	0.027338	3.5222e-05	0.048647	supercritical
527.36	226.00	155.08	0.0064482	332.14	477.87	5.5069	0.73292	1.0587	477.01	0.027079	3.5259e-05	0.048701	supercritical
528.36	226.00	154.77	0.0064610	332.91	478.93	5.5089	0.73319	1.0587	477.38	0.026820	3.5296e-05	0.048754	supercritical
529.36	226.00	154.47	0.0064738	333.68	479.99	5.5109	0.73345	1.0587	477.75	0.026562	3.5332e-05	0.048808	supercritical
530.36	226.00	154.17	0.0064865	334.45	481.05	5.5129	0.73372	1.0587	478.13	0.026305	3.5369e-05	0.048862	supercritical
531.36	226.00	153.86	0.0064993	335.22	482.10	5.5149	0.73399	1.0586	478.50	0.026049	3.5405e-05	0.048916	supercritical
532.36	226.00	153.56	0.0065120	335.99	483.16	5.5169	0.73426	1.0586	478.87	0.025795	3.5442e-05	0.048971	supercritical
533.36	226.00	153.26	0.0065248	336.76	484.22	5.5188	0.73453	1.0586	479.24	0.025541	3.5478e-05	0.049025	supercritical
534.36	226.00	152.96	0.0065375	337.53	485.28	5.5208	0.73480	1.0586	479.61	0.025288	3.5515e-05	0.049079	supercritical
535.36	226.00	152.67	0.0065502	338.30	486.34	5.5228	0.73507	1.0586	479.98	0.025036	3.5551e-05	0.049133	supercritical
536.36	226.00	152.37	0.0065630	339.07	487.40	5.5248	0.73534	1.0585	480.35	0.024785	3.5588e-05	0.049187	supercritical
537.36	226.00	152.08	0.0065757	339.85	488.46	5.5267	0.73561	1.0585	480.72	0.024535	3.5624e-05	0.049241	supercritical
538.36	226.00	151.78	0.0065884	340.62	489.51	5.5287	0.73588	1.0585	481.09	0.024286	3.5661e-05	0.049295	supercritical
539.36	226.00	151.49	0.0066011	341.39	490.57	5.5307	0.73615	1.0585	481.46	0.024038	3.5697e-05	0.049350	supercritical
540.36	226.00	151.20	0.0066138	342.16	491.63	5.5326	0.73642	1.0585	481.82	0.023791	3.5734e-05	0.049404	supercritical
541.36	226.00	150.91	0.0066265	342.93	492.69	5.5346	0.73668	1.0585	482.19	0.023545	3.5770e-05	0.049458	supercritical
542.36	226.00	150.62	0.0066392	343.70	493.75	5.5366	0.73695	1.0585	482.56	0.023300	3.5807e-05	0.049512	supercritical
543.36	226.00	150.33	0.0066519	344.47	494.81	5.5385	0.73722	1.0585	482.92	0.023055	3.5843e-05	0.049567	supercritical
544.36	226.00	150.05	0.0066646	345.25	495.87	5.5404	0.73749	1.0585	483.29	0.022812	3.5880e-05	0.049621	supercritical
545.36	226.00	149.76	0.0066773	346.02	496.92	5.5424	0.73776	1.0585	483.66	0.022570	3.5916e-05	0.049675	supercritical
546.36	226.00	149.48	0.0066900	346.79	497.98	5.5443	0.73803	1.0585	484.02	0.022328	3.5953e-05	0.049730	supercritical
547.36	226.00	149.19	0.0067027	347.56	499.04	5.5463	0.73830	1.0585	484.39	0.022088	3.5989e-05	0.049784	supercritical
548.36	226.00	148.91	0.0067153	348.33	500.10	5.5482	0.73857	1.0585	484.75	0.021848	3.6026e-05	0.049839	supercritical
549.36	226.00	148.63	0.0067280	349.11	501.16	5.5501	0.73884	1.0585	485.12	0.021609	3.6062e-05	0.049893	supercritical
550.36	226.00	148.35	0.0067407	349.88	502.22	5.5521	0.73911	1.0585	485.48	0.021371	3.6098e-05	0.049948	supercritical
551.36	226.00	148.08	0.0067533	350.65	503.28	5.5540	0.73938	1.0586	485.84	0.021134	3.6135e-05	0.050002	supercritical
552.36	226.00	147.80	0.0067660	351.42	504.33	5.5559	0.73965	1.0586	486.21	0.020898	3.6171e-05	0.050057	supercritical
553.36	226.00	147.52	0.0067786	352.20	505.39	5.5578	0.73992	1.0586	486.57	0.020663	3.6208e-05	0.050111	supercritical
554.36	226.00	147.25	0.0067913	352.97	506.45	5.5597	0.74019	1.0586	486.93	0.020429	3.6244e-05	0.050166	supercritical
555.36	226.00	146.97	0.0068039	353.74	507.51	5.5616	0.74046	1.0586	487.30	0.020195	3.6280e-05	0.050220	supercritical
556.36	226.00	146.70	0.0068165	354.51	508.57	5.5635	0.74073	1.0586	487.66	0.019963	3.6317e-05	0.050275	supercritical
557.36	226.00	146.43	0.0068292	355.29	509.63	5.5654	0.74100	1.0587	488.02	0.019731	3.6353e-05	0.050329	supercritical
558.36	226.00	146.16	0.0068418	356.06	510.69	5.5673	0.74127	1.0587	488.38	0.019501	3.6389e-05	0.050384	supercritical
559.36	226.00	145.89	0.0068544	356.84	511.74	5.5692	0.74154	1.0587	488.74	0.019271	3.6426e-05	0.050439	supercritical
560.36	226.00	145.62	0.0068670	357.61	512.80	5.5711	0.74181	1.0587	489.10	0.019042	3.6462e-05	0.050493	supercritical
561.36	226.00	145.36	0.0068796	358.38	513.86	5.5730	0.74208	1.0588	489.46	0.018814	3.6498e-05	0.050548	supercritical
562.36	226.00	145.09	0.0068922	359.16	514.92	5.5749	0.74235	1.0588	489.82	0.018586	3.6535e-05	0.050603	supercritical
563.36	226.00	144.83	0.0069048	359.93	515.98	5.5768	0.74262	1.0588	490.18	0.018360	3.6571e-05	0.050657	supercritical
564.36	226.00	144.56	0.0069174	360.70	517.04	5.5786	0.74289	1.0589	490.54	0.018134	3.6607e-05	0.050712	supercritical
565.36	226.00	144.30	0.0069300	361.48	518.10	5.5805	0.74316	1.0589	490.90	0.017910	3.6644e-05	0.050767	supercritical
566.36	226.00	144.04	0.0069426	362.25	519.16	5.5824	0.74343	1.0589	491.25	0.017686	3.6680e-05	0.050822	supercritical
567.36	226.00	143.78	0.0069552	363.03	520.22	5.5843	0.74370	1.0590	491.61	0.017463	3.6716e-05	0.050876	supercritical
568.36	226.00	143.52	0.0069678	363.80	521.27	5.5861	0.74397	1.0590	491.97	0.017241	3.6752e-05	0.050931	supercritical
569.36	226.00	143.26	0.0069804	364.58	522.33	5.5880	0.74424	1.0591	492.33	0.017019	3.6789e-05	0.050986	supercritical
570.36	226.00	143.00	0.0069930	365.35	523.39	5.5898	0.74451	1.0591	492.68	0.016799	3.6825e-05	0.051041	supercritical
571.36	226.00	142.74	0.0070055	366.13	524.45	5.5917	0.74478	1.0591	493.04	0.016579	3.6861e-05	0.051096	supercritical
572.36	226.00	142.49	0.0070181	366.90	525.51	5.5936	0.74505	1.0592	493.39	0.016360	3.6897e-05	0.051150	supercritical
573.36	226.00	142.23	0.0070306	367.68	526.57	5.5954	0.74532	1.0592	493.75	0.016142	3.6934e-05	0.051205	supercritical
574.36	226.00	141.98	0.0070432	368.45	527.63	5.5972	0.74559	1.0593	494.11	0.015925	3.6970e-05	0.051260	supercritical
575.36	226.00	141.73	0.0070558	369.23	528.69	5.5991	0.74586	1.0593	494.46	0.015708	3.7006e-05	0.051315	supercritical
576.36	226.00	141.48	0.0070683	370.00	529.75	5.6009	0.74613	1.0594	494.81	0.015493	3.7042e-05	0.051370	supercritical
577.36	226.00	141.23	0.0070809	370.78	530.81	5.6028	0.74639	1.0594	495.17	0.015278	3.7078e-05	0.051425	supercritical
578.36	226.00	140.98	0.0070934	371.56	531.87	5.6046	0.74666	1.0595	495.52	0.015064	3.7114e-05	0.051480	supercritical
579.36	226.00	140.73	0.0071059	372.33	532.93	5.6064	0.74693	1.0595	495.88	0.014851	3.7151e-05	0.051535	supercritical
580.36	226.00	140.48	0.0071185	373.11	533.99	5.6083	0.74720	1.0596	496.23	0.014638	3.7187e-05	0.051590	supercritical
581.36	226.00	140.23	0.0071310	373.88	535.05	5.6101	0.74747	1.0596	496.58	0.014426	3.7223e-05	0.051645	supercritical
582.36	226.00	139.99	0.0071435	374.66	536.10	5.6119	0.74774	1.0597	496.93	0.014216	3.7259e-05	0.051699	supercritical
583.36	226.00	139.74	0.0071561	375.44	537.16	5.6137	0.74800	1.0598	497.29	0.014006	3.7295e-05	0.051754	supercritical
584.36	226.00	139.50	0.0071686	376.21	538.22	5.6155	0.74827	1.0598	497.64	0.013796	3.7331e-05	0.051809	supercritical
585.36	226.00	139.25	0.0071811	376.99	539.28	5.6173	0.74854	1.0599	497.99	0.013588	3.7367e-05	0.051864	supercritical
586.36	226.00	139.01	0.0071936	377.77	540.34	5.6192	0.74881	1.0599	498.34	0.013380	3.7403e-05	0.051919	supercritical
587.36	226.00	138.77	0.0072061	378.55	541.40	5.6210	0.74907	1.0600	498.69	0.013173	3.7439e-05	0.051974	supercritical
588.36	226.00	138.53	0.0072186	379.32	542.46	5.6228	0.74934	1.0601	499.04	0.012967	3.7475e-05	0.052029	supercritical
589.36	226.00	138.29	0.0072311	380.10	543.52	5.6246	0.74961	1.0601	499.39	0.012761	3.7511e-05	0.052084	supercritical
590.36	226.00	138.05	0.0072436	380.88	544.58	5.6264	0.74988	1.0602	499.74	0.012557	3.7547e-05	0.052140	supercritical
591.36	226.00	137.81	0.0072561	381.66	545.64	5.6282	0.75014	1.0603	500.09	0.012353	3.7583e-05	0.052195	supercritical
592.36	226.00	137.58	0.0072686	382.43	546.70	5.6299	0.75041	1.0603	500.44	0.012149	3.7619e-05	0.052250	supercritical
593.36	226.00	137.34	0.0072811	383.21	547.77	5.6317	0.75068	1.0604	500.79	0.011947	3.7655e-05	0.052305	supercritical
594.36	226.00	137.11	0.0072936	383.99	548.83	5.6335	0.75094	1.0605	501.14	0.011745	3.7691e-05	0.052360	supercritical
595.36	226.00	136.87	0.0073060	384.77	549.89	5.6353	0.75121	1.0605	501.48	0.011544	3.7727e-05	0.052415	supercritical
596.36	226.00	136.64	0.0073185	385.55	550.95	5.6371	0.75147	1.0606	501.83	0.011344	3.7763e-05	0.052470	supercritical
597.36	226.00	136.41	0.0073310	386.33	552.01	5.6389	0.75174	1.0607	502.18	0.011144	3.7799e-05	0.052525	supercritical
598.36	226.00	136.18	0.0073435	387.11	553.07	5.6406	0.75201	1.0607	502.53	0.010946	3.7835e-05	0.052580	supercritical
599.36	226.00	135.94	0.0073559	387.88	554.13	5.6424	0.75227	1.0608	502.87	0.010748	3.7871e-05	0.052635	supercritical
600.36	226.00	135.71	0.0073684	388.66	555.19	5.6442	0.75254	1.0609	503.22	0.010550	3.7907e-05	0.052690	supercritical
601.36	226.00	135.49	0.0073808	389.44	556.25	5.6459	0.75280	1.0610	503.57	0.010354	3.7943e-05	0.052746	supercritical
602.36	226.00	135.26	0.0073933	390.22	557.31	5.6477	0.75307	1.0610	503.91	0.010158	3.7979e-05	0.052801	supercritical
603.36	226.00	135.03	0.0074058	391.00	558.37	5.6495	0.75333	1.0611	504.26	0.0099627	3.8015e-05	0.052856	supercritical
604.36	226.00	134.80	0.0074182	391.78	559.43	5.6512	0.75360	1.0612	504.60	0.0097682	3.8050e-05	0.052911	supercritical
605.36	226.00	134.58	0.0074306	392.56	560.50	5.6530	0.75386	1.0613	504.95	0.0095744	3.8086e-05	0.052966	supercritical
606.36	226.00	134.35	0.0074431	393.34	561.56	5.6547	0.75412	1.0614	505.29	0.0093814	3.8122e-05	0.053021	supercritical
607.36	226.00	134.13	0.0074555	394.12	562.62	5.6565	0.75439	1.0614	505.64	0.0091890	3.8158e-05	0.053077	supercritical
608.36	226.00	133.91	0.0074680	394.90	563.68	5.6582	0.75465	1.0615	505.98	0.0089974	3.8194e-05	0.053132	supercritical
609.36	226.00	133.68	0.0074804	395.68	564.74	5.6600	0.75491	1.0616	506.32	0.0088064	3.8229e-05	0.053187	supercritical
610.36	226.00	133.46	0.0074928	396.46	565.80	5.6617	0.75518	1.0617	506.67	0.0086162	3.8265e-05	0.053242	supercritical
611.36	226.00	133.24	0.0075052	397.25	566.86	5.6634	0.75544	1.0618	507.01	0.0084266	3.8301e-05	0.053297	supercritical
612.36	226.00	133.02	0.0075177	398.03	567.93	5.6652	0.75570	1.0619	507.35	0.0082377	3.8337e-05	0.053352	supercritical
613.36	226.00	132.80	0.0075301	398.81	568.99	5.6669	0.75597	1.0619	507.69	0.0080495	3.8373e-05	0.053408	supercritical
614.36	226.00	132.58	0.0075425	399.59	570.05	5.6686	0.75623	1.0620	508.04	0.0078619	3.8408e-05	0.053463	supercritical
615.36	226.00	132.36	0.0075549	400.37	571.11	5.6704	0.75649	1.0621	508.38	0.0076751	3.8444e-05	0.053518	supercritical
616.36	226.00	132.15	0.0075673	401.15	572.17	5.6721	0.75675	1.0622	508.72	0.0074889	3.8480e-05	0.053573	supercritical
617.36	226.00	131.93	0.0075797	401.93	573.24	5.6738	0.75701	1.0623	509.06	0.0073034	3.8515e-05	0.053629	supercritical
618.36	226.00	131.72	0.0075921	402.72	574.30	5.6755	0.75727	1.0624	509.40	0.0071185	3.8551e-05	0.053684	supercritical
619.36	226.00	131.50	0.0076045	403.50	575.36	5.6773	0.75754	1.0625	509.74	0.0069343	3.8587e-05	0.053739	supercritical
620.36	226.00	131.29	0.0076169	404.28	576.42	5.6790	0.75780	1.0626	510.08	0.0067508	3.8622e-05	0.053794	supercritical
621.36	226.00	131.07	0.0076293	405.06	577.49	5.6807	0.75806	1.0627	510.42	0.0065679	3.8658e-05	0.053850	supercritical
622.36	226.00	130.86	0.0076417	405.85	578.55	5.6824	0.75832	1.0628	510.76	0.0063857	3.8694e-05	0.053905	supercritical
623.36	226.00	130.65	0.0076541	406.63	579.61	5.6841	0.75858	1.0628	511.10	0.0062041	3.8729e-05	0.053960	supercritical
624.36	226.00	130.44	0.0076665	407.41	580.67	5.6858	0.75884	1.0629	511.44	0.0060232	3.8765e-05	0.054015	supercritical
625.36	226.00	130.23	0.0076788	408.20	581.74	5.6875	0.75910	1.0630	511.78	0.0058430	3.8800e-05	0.054071	supercritical
626.36	226.00	130.02	0.0076912	408.98	582.80	5.6892	0.75936	1.0631	512.12	0.0056633	3.8836e-05	0.054126	supercritical
627.36	226.00	129.81	0.0077036	409.76	583.86	5.6909	0.75962	1.0632	512.46	0.0054843	3.8871e-05	0.054181	supercritical
628.36	226.00	129.60	0.0077160	410.55	584.93	5.6926	0.75987	1.0633	512.79	0.0053060	3.8907e-05	0.054236	supercritical
629.36	226.00	129.39	0.0077283	411.33	585.99	5.6943	0.76013	1.0634	513.13	0.0051283	3.8942e-05	0.054292	supercritical
630.36	226.00	129.19	0.0077407	412.11	587.05	5.6960	0.76039	1.0635	513.47	0.0049512	3.8978e-05	0.054347	supercritical
631.36	226.00	128.98	0.0077531	412.90	588.12	5.6977	0.76065	1.0636	513.81	0.0047747	3.9013e-05	0.054402	supercritical
632.36	226.00	128.78	0.0077654	413.68	589.18	5.6993	0.76091	1.0637	514.14	0.0045989	3.9049e-05	0.054457	supercritical
633.36	226.00	128.57	0.0077778	414.47	590.25	5.7010	0.76116	1.0638	514.48	0.0044237	3.9084e-05	0.054513	supercritical
634.36	226.00	128.37	0.0077901	415.25	591.31	5.7027	0.76142	1.0639	514.81	0.0042491	3.9120e-05	0.054568	supercritical
635.36	226.00	128.16	0.0078025	416.04	592.37	5.7044	0.76168	1.0640	515.15	0.0040751	3.9155e-05	0.054623	supercritical
636.36	226.00	127.96	0.0078148	416.82	593.44	5.7060	0.76194	1.0641	515.49	0.0039017	3.9191e-05	0.054679	supercritical
637.36	226.00	127.76	0.0078272	417.61	594.50	5.7077	0.76219	1.0642	515.82	0.0037290	3.9226e-05	0.054734	supercritical
638.36	226.00	127.56	0.0078395	418.39	595.57	5.7094	0.76245	1.0643	516.16	0.0035569	3.9262e-05	0.054789	supercritical
639.36	226.00	127.36	0.0078518	419.18	596.63	5.7111	0.76270	1.0644	516.49	0.0033853	3.9297e-05	0.054845	supercritical
640.36	226.00	127.16	0.0078642	419.96	597.69	5.7127	0.76296	1.0645	516.83	0.0032144	3.9332e-05	0.054900	supercritical
641.36	226.00	126.96	0.0078765	420.75	598.76	5.7144	0.76321	1.0646	517.16	0.0030440	3.9368e-05	0.054955	supercritical
642.36	226.00	126.76	0.0078888	421.54	599.82	5.7160	0.76347	1.0647	517.49	0.0028743	3.9403e-05	0.055010	supercritical
643.36	226.00	126.56	0.0079012	422.32	600.89	5.7177	0.76372	1.0648	517.83	0.0027052	3.9438e-05	0.055066	supercritical
644.36	226.00	126.37	0.0079135	423.11	601.95	5.7193	0.76398	1.0649	518.16	0.0025366	3.9474e-05	0.055121	supercritical
645.36	226.00	126.17	0.0079258	423.89	603.02	5.7210	0.76423	1.0650	518.49	0.0023687	3.9509e-05	0.055176	supercritical
646.36	226.00	125.97	0.0079381	424.68	604.08	5.7226	0.76449	1.0652	518.83	0.0022013	3.9544e-05	0.055232	supercritical
647.36	226.00	125.78	0.0079505	425.47	605.15	5.7243	0.76474	1.0653	519.16	0.0020345	3.9579e-05	0.055287	supercritical
648.36	226.00	125.58	0.0079628	426.26	606.21	5.7259	0.76499	1.0654	519.49	0.0018683	3.9615e-05	0.055342	supercritical
649.36	226.00	125.39	0.0079751	427.04	607.28	5.7276	0.76525	1.0655	519.82	0.0017027	3.9650e-05	0.055398	supercritical
650.36	226.00	125.20	0.0079874	427.83	608.34	5.7292	0.76550	1.0656	520.15	0.0015376	3.9685e-05	0.055453	supercritical
651.36	226.00	125.00	0.0079997	428.62	609.41	5.7309	0.76575	1.0657	520.49	0.0013731	3.9720e-05	0.055508	supercritical
652.36	226.00	124.81	0.0080120	429.41	610.48	5.7325	0.76600	1.0658	520.82	0.0012092	3.9756e-05	0.055564	supercritical
653.36	226.00	124.62	0.0080243	430.19	611.54	5.7341	0.76625	1.0659	521.15	0.0010459	3.9791e-05	0.055619	supercritical
654.36	226.00	124.43	0.0080366	430.98	612.61	5.7358	0.76651	1.0660	521.48	0.00088310	3.9826e-05	0.055674	supercritical
655.36	226.00	124.24	0.0080489	431.77	613.67	5.7374	0.76676	1.0661	521.81	0.00072089	3.9861e-05	0.055729	supercritical
656.36	226.00	124.05	0.0080612	432.56	614.74	5.7390	0.76701	1.0662	522.14	0.00055924	3.9896e-05	0.055785	supercritical
657.36	226.00	123.86	0.0080735	433.35	615.81	5.7406	0.76726	1.0664	522.47	0.00039814	3.9931e-05	0.055840	supercritical
658.36	226.00	123.67	0.0080858	434.13	616.87	5.7423	0.76751	1.0665	522.80	0.00023761	3.9967e-05	0.055895	supercritical
659.36	226.00	123.49	0.0080980	434.92	617.94	5.7439	0.76776	1.0666	523.13	7.7621e-05	4.0002e-05	0.055951	supercritical
660.36	226.00	123.30	0.0081103	435.71	619.01	5.7455	0.76801	1.0667	523.46	-8.1812e-05	4.0037e-05	0.056006	supercritical
661.36	226.00	123.11	0.0081226	436.50	620.07	5.7471	0.76826	1.0668	523.78	-0.00024070	4.0072e-05	0.056061	supercritical
662.36	226.00	122.93	0.0081349	437.29	621.14	5.7487	0.76851	1.0669	524.11	-0.00039904	4.0107e-05	0.056117	supercritical
663.36	226.00	122.74	0.0081471	438.08	622.21	5.7503	0.76875	1.0670	524.44	-0.00055683	4.0142e-05	0.056172	supercritical
664.36	226.00	122.56	0.0081594	438.87	623.27	5.7519	0.76900	1.0671	524.77	-0.00071409	4.0177e-05	0.056227	supercritical
665.36	226.00	122.37	0.0081717	439.66	624.34	5.7535	0.76925	1.0673	525.10	-0.00087081	4.0212e-05	0.056283	supercritical
666.36	226.00	122.19	0.0081840	440.45	625.41	5.7551	0.76950	1.0674	525.42	-0.0010270	4.0247e-05	0.056338	supercritical
667.36	226.00	122.01	0.0081962	441.24	626.48	5.7567	0.76974	1.0675	525.75	-0.0011826	4.0282e-05	0.056393	supercritical
668.36	226.00	121.83	0.0082085	442.03	627.54	5.7583	0.76999	1.0676	526.08	-0.0013378	4.0317e-05	0.056448	supercritical
669.36	226.00	121.64	0.0082207	442.82	628.61	5.7599	0.77024	1.0677	526.40	-0.0014923	4.0352e-05	0.056504	supercritical
670.36	226.00	121.46	0.0082330	443.61	629.68	5.7615	0.77048	1.0678	526.73	-0.0016464	4.0387e-05	0.056559	supercritical
671.36	226.00	121.28	0.0082453	444.40	630.75	5.7631	0.77073	1.0680	527.06	-0.0017999	4.0422e-05	0.056614	supercritical
672.36	226.00	121.10	0.0082575	445.20	631.81	5.7647	0.77098	1.0681	527.38	-0.0019530	4.0457e-05	0.056670	supercritical
673.36	226.00	120.92	0.0082698	445.99	632.88	5.7663	0.77122	1.0682	527.71	-0.0021055	4.0492e-05	0.056725	supercritical
674.36	226.00	120.74	0.0082820	446.78	633.95	5.7679	0.77147	1.0683	528.03	-0.0022574	4.0526e-05	0.056780	supercritical
675.36	226.00	120.57	0.0082942	447.57	635.02	5.7695	0.77171	1.0684	528.36	-0.0024089	4.0561e-05	0.056836	supercritical
676.36	226.00	120.39	0.0083065	448.36	636.09	5.7710	0.77196	1.0685	528.68	-0.0025599	4.0596e-05	0.056891	supercritical
677.36	226.00	120.21	0.0083187	449.15	637.16	5.7726	0.77220	1.0687	529.01	-0.0027103	4.0631e-05	0.056946	supercritical
678.36	226.00	120.03	0.0083310	449.95	638.23	5.7742	0.77244	1.0688	529.33	-0.0028602	4.0666e-05	0.057001	supercritical
679.36	226.00	119.86	0.0083432	450.74	639.29	5.7758	0.77269	1.0689	529.66	-0.0030097	4.0701e-05	0.057057	supercritical
680.36	226.00	119.68	0.0083554	451.53	640.36	5.7773	0.77293	1.0690	529.98	-0.0031586	4.0735e-05	0.057112	supercritical
681.36	226.00	119.51	0.0083677	452.32	641.43	5.7789	0.77317	1.0691	530.30	-0.0033070	4.0770e-05	0.057167	supercritical
682.36	226.00	119.33	0.0083799	453.12	642.50	5.7805	0.77341	1.0693	530.63	-0.0034549	4.0805e-05	0.057223	supercritical
683.36	226.00	119.16	0.0083921	453.91	643.57	5.7821	0.77366	1.0694	530.95	-0.0036024	4.0840e-05	0.057278	supercritical
684.36	226.00	118.99	0.0084043	454.70	644.64	5.7836	0.77390	1.0695	531.27	-0.0037493	4.0875e-05	0.057333	supercritical
685.36	226.00	118.81	0.0084166	455.50	645.71	5.7852	0.77414	1.0696	531.60	-0.0038957	4.0909e-05	0.057388	supercritical
686.36	226.00	118.64	0.0084288	456.29	646.78	5.7867	0.77438	1.0697	531.92	-0.0040417	4.0944e-05	0.057444	supercritical
687.36	226.00	118.47	0.0084410	457.08	647.85	5.7883	0.77462	1.0699	532.24	-0.0041872	4.0979e-05	0.057499	supercritical
688.36	226.00	118.30	0.0084532	457.88	648.92	5.7898	0.77486	1.0700	532.56	-0.0043321	4.1013e-05	0.057554	supercritical
689.36	226.00	118.13	0.0084654	458.67	649.99	5.7914	0.77510	1.0701	532.88	-0.0044766	4.1048e-05	0.057609	supercritical
690.36	226.00	117.96	0.0084776	459.46	651.06	5.7930	0.77534	1.0702	533.21	-0.0046206	4.1083e-05	0.057665	supercritical
691.36	226.00	117.79	0.0084898	460.26	652.13	5.7945	0.77558	1.0703	533.53	-0.0047642	4.1117e-05	0.057720	supercritical
692.36	226.00	117.62	0.0085020	461.05	653.20	5.7961	0.77582	1.0705	533.85	-0.0049072	4.1152e-05	0.057775	supercritical
693.36	226.00	117.45	0.0085142	461.85	654.27	5.7976	0.77606	1.0706	534.17	-0.0050498	4.1187e-05	0.057830	supercritical
694.36	226.00	117.28	0.0085264	462.64	655.34	5.7991	0.77629	1.0707	534.49	-0.0051919	4.1221e-05	0.057886	supercritical
695.36	226.00	117.11	0.0085386	463.44	656.41	5.8007	0.77653	1.0708	534.81	-0.0053336	4.1256e-05	0.057941	supercritical
696.36	226.00	116.95	0.0085508	464.23	657.48	5.8022	0.77677	1.0710	535.13	-0.0054747	4.1290e-05	0.057996	supercritical
697.36	226.00	116.78	0.0085630	465.03	658.55	5.8038	0.77701	1.0711	535.45	-0.0056154	4.1325e-05	0.058051	supercritical
698.36	226.00	116.62	0.0085752	465.82	659.62	5.8053	0.77724	1.0712	535.77	-0.0057557	4.1359e-05	0.058107	supercritical
699.36	226.00	116.45	0.0085874	466.62	660.70	5.8068	0.77748	1.0713	536.09	-0.0058955	4.1394e-05	0.058162	supercritical
700.36	226.00	116.28	0.0085996	467.42	661.77	5.8084	0.77772	1.0715	536.41	-0.0060348	4.1428e-05	0.058217	supercritical
701.36	226.00	116.12	0.0086118	468.21	662.84	5.8099	0.77795	1.0716	536.72	-0.0061736	4.1463e-05	0.058272	supercritical
702.36	226.00	115.96	0.0086240	469.01	663.91	5.8114	0.77819	1.0717	537.04	-0.0063120	4.1497e-05	0.058328	supercritical
703.36	226.00	115.79	0.0086361	469.81	664.98	5.8129	0.77842	1.0718	537.36	-0.0064500	4.1532e-05	0.058383	supercritical
704.36	226.00	115.63	0.0086483	470.60	666.05	5.8145	0.77866	1.0720	537.68	-0.0065875	4.1566e-05	0.058438	supercritical
705.36	226.00	115.47	0.0086605	471.40	667.13	5.8160	0.77889	1.0721	538.00	-0.0067245	4.1601e-05	0.058493	supercritical
706.36	226.00	115.30	0.0086727	472.20	668.20	5.8175	0.77913	1.0722	538.32	-0.0068611	4.1635e-05	0.058548	supercritical
707.36	226.00	115.14	0.0086849	472.99	669.27	5.8190	0.77936	1.0723	538.63	-0.0069972	4.1670e-05	0.058604	supercritical
708.36	226.00	114.98	0.0086970	473.79	670.34	5.8205	0.77959	1.0725	538.95	-0.0071329	4.1704e-05	0.058659	supercritical
709.36	226.00	114.82	0.0087092	474.59	671.42	5.8220	0.77983	1.0726	539.27	-0.0072682	4.1738e-05	0.058714	supercritical
710.36	226.00	114.66	0.0087214	475.39	672.49	5.8236	0.78006	1.0727	539.58	-0.0074030	4.1773e-05	0.058769	supercritical
711.36	226.00	114.50	0.0087335	476.18	673.56	5.8251	0.78029	1.0728	539.90	-0.0075374	4.1807e-05	0.058824	supercritical
712.36	226.00	114.34	0.0087457	476.98	674.63	5.8266	0.78052	1.0730	540.22	-0.0076713	4.1841e-05	0.058880	supercritical
713.36	226.00	114.18	0.0087578	477.78	675.71	5.8281	0.78075	1.0731	540.53	-0.0078049	4.1876e-05	0.058935	supercritical
714.36	226.00	114.03	0.0087700	478.58	676.78	5.8296	0.78098	1.0732	540.85	-0.0079379	4.1910e-05	0.058990	supercritical
715.36	226.00	113.87	0.0087822	479.38	677.85	5.8311	0.78121	1.0733	541.16	-0.0080706	4.1944e-05	0.059045	supercritical
716.36	226.00	113.71	0.0087943	480.18	678.93	5.8326	0.78145	1.0735	541.48	-0.0082028	4.1979e-05	0.059100	supercritical
717.36	226.00	113.55	0.0088065	480.97	680.00	5.8341	0.78168	1.0736	541.79	-0.0083346	4.2013e-05	0.059155	supercritical
718.36	226.00	113.40	0.0088186	481.77	681.07	5.8356	0.78190	1.0737	542.11	-0.0084659	4.2047e-05	0.059211	supercritical
719.36	226.00	113.24	0.0088308	482.57	682.15	5.8371	0.78213	1.0738	542.42	-0.0085969	4.2081e-05	0.059266	supercritical
720.36	226.00	113.08	0.0088429	483.37	683.22	5.8386	0.78236	1.0740	542.74	-0.0087274	4.2116e-05	0.059321	supercritical
721.36	226.00	112.93	0.0088551	484.17	684.30	5.8400	0.78259	1.0741	543.05	-0.0088575	4.2150e-05	0.059376	supercritical
722.36	226.00	112.78	0.0088672	484.97	685.37	5.8415	0.78282	1.0742	543.37	-0.0089872	4.2184e-05	0.059431	supercritical
723.36	226.00	112.62	0.0088793	485.77	686.44	5.8430	0.78305	1.0743	543.68	-0.0091164	4.2218e-05	0.059486	supercritical
724.36	226.00	112.47	0.0088915	486.57	687.52	5.8445	0.78328	1.0745	543.99	-0.0092453	4.2252e-05	0.059541	supercritical
725.36	226.00	112.31	0.0089036	487.37	688.59	5.8460	0.78350	1.0746	544.31	-0.0093737	4.2286e-05	0.059596	supercritical
726.36	226.00	112.16	0.0089158	488.17	689.67	5.8475	0.78373	1.0747	544.62	-0.0095017	4.2321e-05	0.059652	supercritical
727.36	226.00	112.01	0.0089279	488.97	690.74	5.8489	0.78396	1.0749	544.93	-0.0096293	4.2355e-05	0.059707	supercritical
728.36	226.00	111.86	0.0089400	489.77	691.82	5.8504	0.78418	1.0750	545.25	-0.0097565	4.2389e-05	0.059762	supercritical
729.36	226.00	111.71	0.0089521	490.57	692.89	5.8519	0.78441	1.0751	545.56	-0.0098833	4.2423e-05	0.059817	supercritical
730.36	226.00	111.55	0.0089643	491.38	693.97	5.8534	0.78463	1.0752	545.87	-0.010010	4.2457e-05	0.059872	supercritical
731.36	226.00	111.40	0.0089764	492.18	695.04	5.8548	0.78486	1.0754	546.18	-0.010136	4.2491e-05	0.059927	supercritical
732.36	226.00	111.25	0.0089885	492.98	696.12	5.8563	0.78508	1.0755	546.49	-0.010261	4.2525e-05	0.059982	supercritical
733.36	226.00	111.10	0.0090006	493.78	697.19	5.8578	0.78531	1.0756	546.81	-0.010387	4.2559e-05	0.060037	supercritical
734.36	226.00	110.95	0.0090128	494.58	698.27	5.8592	0.78553	1.0758	547.12	-0.010511	4.2593e-05	0.060092	supercritical
735.36	226.00	110.80	0.0090249	495.38	699.35	5.8607	0.78575	1.0759	547.43	-0.010636	4.2627e-05	0.060147	supercritical
736.36	226.00	110.66	0.0090370	496.19	700.42	5.8622	0.78598	1.0760	547.74	-0.010760	4.2661e-05	0.060202	supercritical
737.36	226.00	110.51	0.0090491	496.99	701.50	5.8636	0.78620	1.0761	548.05	-0.010883	4.2695e-05	0.060258	supercritical
738.36	226.00	110.36	0.0090612	497.79	702.57	5.8651	0.78642	1.0763	548.36	-0.011007	4.2729e-05	0.060313	supercritical
739.36	226.00	110.21	0.0090733	498.59	703.65	5.8665	0.78664	1.0764	548.67	-0.011129	4.2763e-05	0.060368	supercritical
740.36	226.00	110.07	0.0090854	499.40	704.73	5.8680	0.78687	1.0765	548.98	-0.011252	4.2797e-05	0.060423	supercritical
741.36	226.00	109.92	0.0090976	500.20	705.80	5.8695	0.78709	1.0767	549.29	-0.011374	4.2831e-05	0.060478	supercritical
742.36	226.00	109.77	0.0091097	501.00	706.88	5.8709	0.78731	1.0768	549.60	-0.011496	4.2865e-05	0.060533	supercritical
743.36	226.00	109.63	0.0091218	501.80	707.96	5.8724	0.78753	1.0769	549.91	-0.011617	4.2899e-05	0.060588	supercritical
744.36	226.00	109.48	0.0091339	502.61	709.03	5.8738	0.78775	1.0770	550.22	-0.011738	4.2933e-05	0.060643	supercritical
745.36	226.00	109.34	0.0091460	503.41	710.11	5.8753	0.78797	1.0772	550.53	-0.011858	4.2966e-05	0.060698	supercritical
746.36	226.00	109.19	0.0091581	504.22	711.19	5.8767	0.78819	1.0773	550.84	-0.011979	4.3000e-05	0.060753	supercritical
747.36	226.00	109.05	0.0091702	505.02	712.27	5.8781	0.78841	1.0774	551.15	-0.012098	4.3034e-05	0.060808	supercritical
748.36	226.00	108.91	0.0091823	505.82	713.34	5.8796	0.78863	1.0776	551.46	-0.012218	4.3068e-05	0.060863	supercritical
749.36	226.00	108.76	0.0091943	506.63	714.42	5.8810	0.78884	1.0777	551.76	-0.012337	4.3102e-05	0.060918	supercritical
750.36	226.00	108.62	0.0092064	507.43	715.50	5.8825	0.78906	1.0778	552.07	-0.012455	4.3136e-05	0.060973	supercritical
751.36	226.00	108.48	0.0092185	508.24	716.58	5.8839	0.78928	1.0779	552.38	-0.012574	4.3169e-05	0.061028	supercritical
752.36	226.00	108.34	0.0092306	509.04	717.65	5.8853	0.78950	1.0781	552.69	-0.012692	4.3203e-05	0.061083	supercritical
753.36	226.00	108.19	0.0092427	509.85	718.73	5.8868	0.78971	1.0782	553.00	-0.012809	4.3237e-05	0.061138	supercritical
754.36	226.00	108.05	0.0092548	510.65	719.81	5.8882	0.78993	1.0783	553.30	-0.012926	4.3271e-05	0.061193	supercritical
755.36	226.00	107.91	0.0092669	511.46	720.89	5.8896	0.79015	1.0785	553.61	-0.013043	4.3304e-05	0.061248	supercritical
756.36	226.00	107.77	0.0092789	512.26	721.97	5.8910	0.79036	1.0786	553.92	-0.013160	4.3338e-05	0.061303	supercritical
757.36	226.00	107.63	0.0092910	513.07	723.05	5.8925	0.79058	1.0787	554.22	-0.013276	4.3372e-05	0.061358	supercritical
758.36	226.00	107.49	0.0093031	513.87	724.12	5.8939	0.79079	1.0789	554.53	-0.013392	4.3405e-05	0.061412	supercritical
759.36	226.00	107.35	0.0093152	514.68	725.20	5.8953	0.79101	1.0790	554.84	-0.013507	4.3439e-05	0.061467	supercritical
760.36	226.00	107.21	0.0093273	515.49	726.28	5.8967	0.79122	1.0791	555.14	-0.013622	4.3473e-05	0.061522	supercritical
761.36	226.00	107.07	0.0093393	516.29	727.36	5.8982	0.79144	1.0792	555.45	-0.013737	4.3506e-05	0.061577	supercritical
762.36	226.00	106.94	0.0093514	517.10	728.44	5.8996	0.79165	1.0794	555.75	-0.013851	4.3540e-05	0.061632	supercritical
763.36	226.00	106.80	0.0093635	517.91	729.52	5.9010	0.79186	1.0795	556.06	-0.013965	4.3573e-05	0.061687	supercritical
764.36	226.00	106.66	0.0093755	518.71	730.60	5.9024	0.79208	1.0796	556.36	-0.014079	4.3607e-05	0.061742	supercritical
765.36	226.00	106.52	0.0093876	519.52	731.68	5.9038	0.79229	1.0798	556.67	-0.014192	4.3641e-05	0.061797	supercritical
766.36	226.00	106.39	0.0093997	520.33	732.76	5.9052	0.79250	1.0799	556.97	-0.014305	4.3674e-05	0.061852	supercritical
767.36	226.00	106.25	0.0094117	521.13	733.84	5.9066	0.79271	1.0800	557.28	-0.014418	4.3708e-05	0.061907	supercritical
768.36	226.00	106.11	0.0094238	521.94	734.92	5.9080	0.79293	1.0801	557.58	-0.014530	4.3741e-05	0.061962	supercritical
769.36	226.00	105.98	0.0094359	522.75	736.00	5.9094	0.79314	1.0803	557.89	-0.014642	4.3775e-05	0.062016	supercritical
770.36	226.00	105.84	0.0094479	523.56	737.08	5.9108	0.79335	1.0804	558.19	-0.014753	4.3808e-05	0.062071	supercritical
771.36	226.00	105.71	0.0094600	524.37	738.16	5.9122	0.79356	1.0805	558.50	-0.014865	4.3842e-05	0.062126	supercritical
772.36	226.00	105.57	0.0094720	525.17	739.24	5.9136	0.79377	1.0807	558.80	-0.014975	4.3875e-05	0.062181	supercritical
773.36	226.00	105.44	0.0094841	525.98	740.32	5.9150	0.79398	1.0808	559.10	-0.015086	4.3909e-05	0.062236	supercritical
774.36	226.00	105.31	0.0094961	526.79	741.40	5.9164	0.79419	1.0809	559.41	-0.015196	4.3942e-05	0.062291	supercritical
775.36	226.00	105.17	0.0095082	527.60	742.48	5.9178	0.79440	1.0811	559.71	-0.015306	4.3976e-05	0.062346	supercritical
776.36	226.00	105.04	0.0095202	528.41	743.57	5.9192	0.79461	1.0812	560.01	-0.015416	4.4009e-05	0.062400	supercritical
777.36	226.00	104.91	0.0095323	529.22	744.65	5.9206	0.79481	1.0813	560.31	-0.015525	4.4042e-05	0.062455	supercritical
778.36	226.00	104.77	0.0095443	530.03	745.73	5.9220	0.79502	1.0814	560.62	-0.015634	4.4076e-05	0.062510	supercritical
779.36	226.00	104.64	0.0095564	530.84	746.81	5.9234	0.79523	1.0816	560.92	-0.015742	4.4109e-05	0.062565	supercritical
780.36	226.00	104.51	0.0095684	531.65	747.89	5.9248	0.79544	1.0817	561.22	-0.015851	4.4143e-05	0.062620	supercritical
781.36	226.00	104.38	0.0095804	532.45	748.97	5.9262	0.79564	1.0818	561.52	-0.015959	4.4176e-05	0.062674	supercritical
782.36	226.00	104.25	0.0095925	533.26	750.05	5.9276	0.79585	1.0820	561.82	-0.016066	4.4209e-05	0.062729	supercritical
783.36	226.00	104.12	0.0096045	534.07	751.14	5.9289	0.79606	1.0821	562.13	-0.016173	4.4243e-05	0.062784	supercritical
784.36	226.00	103.99	0.0096166	534.88	752.22	5.9303	0.79626	1.0822	562.43	-0.016280	4.4276e-05	0.062839	supercritical
785.36	226.00	103.86	0.0096286	535.69	753.30	5.9317	0.79647	1.0823	562.73	-0.016387	4.4309e-05	0.062893	supercritical
786.36	226.00	103.73	0.0096406	536.51	754.38	5.9331	0.79667	1.0825	563.03	-0.016493	4.4343e-05	0.062948	supercritical
787.36	226.00	103.60	0.0096527	537.32	755.47	5.9344	0.79688	1.0826	563.33	-0.016599	4.4376e-05	0.063003	supercritical
788.36	226.00	103.47	0.0096647	538.13	756.55	5.9358	0.79708	1.0827	563.63	-0.016705	4.4409e-05	0.063058	supercritical
789.36	226.00	103.34	0.0096767	538.94	757.63	5.9372	0.79728	1.0829	563.93	-0.016810	4.4442e-05	0.063112	supercritical
790.36	226.00	103.21	0.0096887	539.75	758.71	5.9386	0.79749	1.0830	564.23	-0.016915	4.4476e-05	0.063167	supercritical
791.36	226.00	103.08	0.0097008	540.56	759.80	5.9399	0.79769	1.0831	564.53	-0.017020	4.4509e-05	0.063222	supercritical
792.36	226.00	102.96	0.0097128	541.37	760.88	5.9413	0.79789	1.0832	564.83	-0.017125	4.4542e-05	0.063277	supercritical
793.36	226.00	102.83	0.0097248	542.18	761.96	5.9427	0.79810	1.0834	565.13	-0.017229	4.4575e-05	0.063331	supercritical
794.36	226.00	102.70	0.0097368	542.99	763.05	5.9440	0.79830	1.0835	565.43	-0.017332	4.4608e-05	0.063386	supercritical
795.36	226.00	102.58	0.0097489	543.81	764.13	5.9454	0.79850	1.0836	565.73	-0.017436	4.4641e-05	0.063441	supercritical
796.36	226.00	102.45	0.0097609	544.62	765.21	5.9468	0.79870	1.0838	566.03	-0.017539	4.4675e-05	0.063495	supercritical
797.36	226.00	102.32	0.0097729	545.43	766.30	5.9481	0.79890	1.0839	566.33	-0.017642	4.4708e-05	0.063550	supercritical
798.36	226.00	102.20	0.0097849	546.24	767.38	5.9495	0.79910	1.0840	566.63	-0.017745	4.4741e-05	0.063605	supercritical
799.36	226.00	102.07	0.0097969	547.06	768.47	5.9508	0.79931	1.0841	566.93	-0.017847	4.4774e-05	0.063659	supercritical
800.36	226.00	101.95	0.0098089	547.87	769.55	5.9522	0.79951	1.0843	567.22	-0.017949	4.4807e-05	0.063714	supercritical
801.36	226.00	101.82	0.0098210	548.68	770.64	5.9535	0.79970	1.0844	567.52	-0.018051	4.4840e-05	0.063769	supercritical
802.36	226.00	101.70	0.0098330	549.49	771.72	5.9549	0.79990	1.0845	567.82	-0.018152	4.4873e-05	0.063823	supercritical
803.36	226.00	101.57	0.0098450	550.31	772.80	5.9562	0.80010	1.0847	568.12	-0.018253	4.4906e-05	0.063878	supercritical
804.36	226.00	101.45	0.0098570	551.12	773.89	5.9576	0.80030	1.0848	568.42	-0.018354	4.4939e-05	0.063933	supercritical
805.36	226.00	101.33	0.0098690	551.93	774.97	5.9589	0.80050	1.0849	568.71	-0.018454	4.4972e-05	0.063987	supercritical
806.36	226.00	101.20	0.0098810	552.75	776.06	5.9603	0.80070	1.0850	569.01	-0.018554	4.5005e-05	0.064042	supercritical
807.36	226.00	101.08	0.0098930	553.56	777.14	5.9616	0.80090	1.0852	569.31	-0.018654	4.5038e-05	0.064097	supercritical
808.36	226.00	100.96	0.0099050	554.38	778.23	5.9630	0.80109	1.0853	569.61	-0.018754	4.5071e-05	0.064151	supercritical
809.36	226.00	100.84	0.0099170	555.19	779.31	5.9643	0.80129	1.0854	569.90	-0.018853	4.5104e-05	0.064206	supercritical
810.36	226.00	100.72	0.0099290	556.00	780.40	5.9657	0.80149	1.0856	570.20	-0.018952	4.5137e-05	0.064260	supercritical
811.36	226.00	100.59	0.0099410	556.82	781.49	5.9670	0.80168	1.0857	570.50	-0.019051	4.5170e-05	0.064315	supercritical
812.36	226.00	100.47	0.0099530	557.63	782.57	5.9683	0.80188	1.0858	570.79	-0.019150	4.5203e-05	0.064369	supercritical
813.36	226.00	100.35	0.0099650	558.45	783.66	5.9697	0.80207	1.0859	571.09	-0.019248	4.5236e-05	0.064424	supercritical
814.36	226.00	100.23	0.0099770	559.26	784.74	5.9710	0.80227	1.0861	571.38	-0.019346	4.5269e-05	0.064479	supercritical
815.36	226.00	100.11	0.0099890	560.08	785.83	5.9723	0.80246	1.0862	571.68	-0.019443	4.5302e-05	0.064533	supercritical
816.36	226.00	99.990	0.010001	560.89	786.92	5.9737	0.80266	1.0863	571.97	-0.019541	4.5335e-05	0.064588	supercritical
817.36	226.00	99.871	0.010013	561.71	788.00	5.9750	0.80285	1.0865	572.27	-0.019638	4.5367e-05	0.064642	supercritical
818.36	226.00	99.751	0.010025	562.52	789.09	5.9763	0.80305	1.0866	572.57	-0.019734	4.5400e-05	0.064697	supercritical
819.36	226.00	99.632	0.010037	563.34	790.18	5.9777	0.80324	1.0867	572.86	-0.019831	4.5433e-05	0.064751	supercritical
820.36	226.00	99.513	0.010049	564.16	791.26	5.9790	0.80343	1.0868	573.16	-0.019927	4.5466e-05	0.064806	supercritical
821.36	226.00	99.395	0.010061	564.97	792.35	5.9803	0.80363	1.0870	573.45	-0.020023	4.5499e-05	0.064860	supercritical
822.36	226.00	99.276	0.010073	565.79	793.44	5.9816	0.80382	1.0871	573.74	-0.020119	4.5532e-05	0.064915	supercritical
823.36	226.00	99.158	0.010085	566.60	794.52	5.9830	0.80401	1.0872	574.04	-0.020214	4.5564e-05	0.064969	supercritical
824.36	226.00	99.041	0.010097	567.42	795.61	5.9843	0.80420	1.0873	574.33	-0.020309	4.5597e-05	0.065024	supercritical
825.36	226.00	98.923	0.010109	568.24	796.70	5.9856	0.80439	1.0875	574.63	-0.020404	4.5630e-05	0.065078	supercritical
826.36	226.00	98.806	0.010121	569.05	797.79	5.9869	0.80458	1.0876	574.92	-0.020499	4.5663e-05	0.065133	supercritical
827.36	226.00	98.690	0.010133	569.87	798.87	5.9882	0.80477	1.0877	575.21	-0.020593	4.5695e-05	0.065187	supercritical
828.36	226.00	98.573	0.010145	570.69	799.96	5.9895	0.80497	1.0878	575.51	-0.020687	4.5728e-05	0.065242	supercritical
829.36	226.00	98.457	0.010157	571.51	801.05	5.9908	0.80516	1.0880	575.80	-0.020781	4.5761e-05	0.065296	supercritical
830.36	226.00	98.341	0.010169	572.32	802.14	5.9922	0.80534	1.0881	576.09	-0.020874	4.5793e-05	0.065351	supercritical
831.36	226.00	98.225	0.010181	573.14	803.22	5.9935	0.80553	1.0882	576.39	-0.020967	4.5826e-05	0.065405	supercritical
832.36	226.00	98.110	0.010193	573.96	804.31	5.9948	0.80572	1.0884	576.68	-0.021060	4.5859e-05	0.065459	supercritical
833.36	226.00	97.995	0.010205	574.78	805.40	5.9961	0.80591	1.0885	576.97	-0.021153	4.5891e-05	0.065514	supercritical
834.36	226.00	97.880	0.010217	575.60	806.49	5.9974	0.80610	1.0886	577.27	-0.021245	4.5924e-05	0.065568	supercritical
835.36	226.00	97.766	0.010229	576.41	807.58	5.9987	0.80629	1.0887	577.56	-0.021338	4.5957e-05	0.065623	supercritical
836.36	226.00	97.651	0.010241	577.23	808.67	6.0000	0.80648	1.0889	577.85	-0.021429	4.5989e-05	0.065677	supercritical
837.36	226.00	97.537	0.010252	578.05	809.76	6.0013	0.80666	1.0890	578.14	-0.021521	4.6022e-05	0.065731	supercritical
838.36	226.00	97.424	0.010264	578.87	810.85	6.0026	0.80685	1.0891	578.43	-0.021612	4.6054e-05	0.065786	supercritical
839.36	226.00	97.310	0.010276	579.69	811.93	6.0039	0.80704	1.0892	578.72	-0.021704	4.6087e-05	0.065840	supercritical
840.36	226.00	97.197	0.010288	580.51	813.02	6.0052	0.80722	1.0894	579.02	-0.021794	4.6120e-05	0.065895	supercritical
841.36	226.00	97.084	0.010300	581.33	814.11	6.0065	0.80741	1.0895	579.31	-0.021885	4.6152e-05	0.065949	supercritical
842.36	226.00	96.972	0.010312	582.15	815.20	6.0078	0.80759	1.0896	579.60	-0.021975	4.6185e-05	0.066003	supercritical
843.36	226.00	96.859	0.010324	582.96	816.29	6.0091	0.80778	1.0897	579.89	-0.022066	4.6217e-05	0.066058	supercritical
844.36	226.00	96.747	0.010336	583.78	817.38	6.0104	0.80796	1.0899	580.18	-0.022155	4.6250e-05	0.066112	supercritical
845.36	226.00	96.636	0.010348	584.60	818.47	6.0117	0.80815	1.0900	580.47	-0.022245	4.6282e-05	0.066166	supercritical
846.36	226.00	96.524	0.010360	585.42	819.56	6.0129	0.80833	1.0901	580.76	-0.022334	4.6315e-05	0.066221	supercritical
847.36	226.00	96.413	0.010372	586.24	820.65	6.0142	0.80852	1.0902	581.05	-0.022424	4.6347e-05	0.066275	supercritical
848.36	226.00	96.302	0.010384	587.06	821.74	6.0155	0.80870	1.0904	581.34	-0.022512	4.6380e-05	0.066329	supercritical
849.36	226.00	96.191	0.010396	587.88	822.83	6.0168	0.80888	1.0905	581.63	-0.022601	4.6412e-05	0.066384	supercritical
850.36	226.00	96.081	0.010408	588.70	823.92	6.0181	0.80907	1.0906	581.92	-0.022689	4.6444e-05	0.066438	supercritical
851.36	226.00	95.971	0.010420	589.53	825.01	6.0194	0.80925	1.0907	582.21	-0.022777	4.6477e-05	0.066492	supercritical
852.36	226.00	95.861	0.010432	590.35	826.11	6.0206	0.80943	1.0909	582.50	-0.022865	4.6509e-05	0.066546	supercritical
853.36	226.00	95.751	0.010444	591.17	827.20	6.0219	0.80961	1.0910	582.79	-0.022953	4.6542e-05	0.066601	supercritical
854.36	226.00	95.642	0.010456	591.99	828.29	6.0232	0.80980	1.0911	583.08	-0.023040	4.6574e-05	0.066655	supercritical
855.36	226.00	95.532	0.010468	592.81	829.38	6.0245	0.80998	1.0912	583.37	-0.023128	4.6606e-05	0.066709	supercritical
856.36	226.00	95.424	0.010480	593.63	830.47	6.0258	0.81016	1.0914	583.66	-0.023214	4.6639e-05	0.066763	supercritical
857.36	226.00	95.315	0.010492	594.45	831.56	6.0270	0.81034	1.0915	583.95	-0.023301	4.6671e-05	0.066818	supercritical
858.36	226.00	95.207	0.010503	595.27	832.65	6.0283	0.81052	1.0916	584.23	-0.023388	4.6703e-05	0.066872	supercritical
859.36	226.00	95.099	0.010515	596.10	833.74	6.0296	0.81070	1.0917	584.52	-0.023474	4.6736e-05	0.066926	supercritical
860.36	226.00	94.991	0.010527	596.92	834.84	6.0308	0.81088	1.0918	584.81	-0.023560	4.6768e-05	0.066980	supercritical
861.36	226.00	94.883	0.010539	597.74	835.93	6.0321	0.81106	1.0920	585.10	-0.023645	4.6800e-05	0.067034	supercritical
862.36	226.00	94.776	0.010551	598.56	837.02	6.0334	0.81124	1.0921	585.39	-0.023731	4.6832e-05	0.067089	supercritical
863.36	226.00	94.669	0.010563	599.39	838.11	6.0346	0.81142	1.0922	585.67	-0.023816	4.6865e-05	0.067143	supercritical
864.36	226.00	94.562	0.010575	600.21	839.20	6.0359	0.81159	1.0923	585.96	-0.023901	4.6897e-05	0.067197	supercritical
865.36	226.00	94.455	0.010587	601.03	840.30	6.0372	0.81177	1.0925	586.25	-0.023986	4.6929e-05	0.067251	supercritical
866.36	226.00	94.349	0.010599	601.85	841.39	6.0384	0.81195	1.0926	586.54	-0.024070	4.6961e-05	0.067305	supercritical
867.36	226.00	94.243	0.010611	602.68	842.48	6.0397	0.81213	1.0927	586.82	-0.024155	4.6994e-05	0.067360	supercritical
868.36	226.00	94.137	0.010623	603.50	843.57	6.0410	0.81230	1.0928	587.11	-0.024239	4.7026e-05	0.067414	supercritical
869.36	226.00	94.032	0.010635	604.32	844.67	6.0422	0.81248	1.0930	587.40	-0.024323	4.7058e-05	0.067468	supercritical
870.36	226.00	93.926	0.010647	605.15	845.76	6.0435	0.81266	1.0931	587.68	-0.024406	4.7090e-05	0.067522	supercritical
871.36	226.00	93.821	0.010659	605.97	846.85	6.0447	0.81283	1.0932	587.97	-0.024490	4.7122e-05	0.067576	supercritical
872.36	226.00	93.716	0.010671	606.79	847.95	6.0460	0.81301	1.0933	588.26	-0.024573	4.7154e-05	0.067630	supercritical
873.36	226.00	93.612	0.010682	607.62	849.04	6.0472	0.81318	1.0934	588.54	-0.024656	4.7187e-05	0.067684	supercritical
874.36	226.00	93.507	0.010694	608.44	850.13	6.0485	0.81336	1.0936	588.83	-0.024739	4.7219e-05	0.067738	supercritical
875.36	226.00	93.403	0.010706	609.27	851.23	6.0497	0.81353	1.0937	589.11	-0.024821	4.7251e-05	0.067792	supercritical
876.36	226.00	93.299	0.010718	610.09	852.32	6.0510	0.81371	1.0938	589.40	-0.024903	4.7283e-05	0.067847	supercritical
877.36	226.00	93.196	0.010730	610.91	853.42	6.0522	0.81388	1.0939	589.69	-0.024985	4.7315e-05	0.067901	supercritical
878.36	226.00	93.092	0.010742	611.74	854.51	6.0535	0.81406	1.0940	589.97	-0.025067	4.7347e-05	0.067955	supercritical
879.36	226.00	92.989	0.010754	612.56	855.60	6.0547	0.81423	1.0942	590.26	-0.025149	4.7379e-05	0.068009	supercritical
880.36	226.00	92.886	0.010766	613.39	856.70	6.0560	0.81440	1.0943	590.54	-0.025230	4.7411e-05	0.068063	supercritical
881.36	226.00	92.784	0.010778	614.21	857.79	6.0572	0.81458	1.0944	590.83	-0.025311	4.7443e-05	0.068117	supercritical
882.36	226.00	92.681	0.010790	615.04	858.89	6.0584	0.81475	1.0945	591.11	-0.025392	4.7475e-05	0.068171	supercritical
883.36	226.00	92.579	0.010802	615.86	859.98	6.0597	0.81492	1.0947	591.39	-0.025473	4.7507e-05	0.068225	supercritical
884.36	226.00	92.477	0.010814	616.69	861.08	6.0609	0.81509	1.0948	591.68	-0.025554	4.7539e-05	0.068279	supercritical
885.36	226.00	92.375	0.010825	617.52	862.17	6.0622	0.81527	1.0949	591.96	-0.025634	4.7571e-05	0.068333	supercritical
886.36	226.00	92.274	0.010837	618.34	863.27	6.0634	0.81544	1.0950	592.25	-0.025714	4.7603e-05	0.068387	supercritical
887.36	226.00	92.172	0.010849	619.17	864.36	6.0646	0.81561	1.0951	592.53	-0.025794	4.7635e-05	0.068441	supercritical
888.36	226.00	92.071	0.010861	619.99	865.46	6.0659	0.81578	1.0953	592.82	-0.025873	4.7667e-05	0.068495	supercritical
889.36	226.00	91.970	0.010873	620.82	866.55	6.0671	0.81595	1.0954	593.10	-0.025953	4.7699e-05	0.068549	supercritical
890.36	226.00	91.870	0.010885	621.65	867.65	6.0683	0.81612	1.0955	593.38	-0.026032	4.7731e-05	0.068603	supercritical
891.36	226.00	91.769	0.010897	622.47	868.74	6.0696	0.81629	1.0956	593.67	-0.026111	4.7763e-05	0.068657	supercritical
892.36	226.00	91.669	0.010909	623.30	869.84	6.0708	0.81646	1.0957	593.95	-0.026190	4.7795e-05	0.068711	supercritical
893.36	226.00	91.569	0.010921	624.13	870.93	6.0720	0.81663	1.0959	594.23	-0.026269	4.7827e-05	0.068765	supercritical
894.36	226.00	91.470	0.010933	624.95	872.03	6.0732	0.81680	1.0960	594.51	-0.026347	4.7858e-05	0.068819	supercritical
895.36	226.00	91.370	0.010944	625.78	873.13	6.0745	0.81697	1.0961	594.80	-0.026425	4.7890e-05	0.068873	supercritical
896.36	226.00	91.271	0.010956	626.61	874.22	6.0757	0.81713	1.0962	595.08	-0.026503	4.7922e-05	0.068927	supercritical
897.36	226.00	91.172	0.010968	627.43	875.32	6.0769	0.81730	1.0963	595.36	-0.026581	4.7954e-05	0.068980	supercritical
898.36	226.00	91.073	0.010980	628.26	876.41	6.0781	0.81747	1.0964	595.64	-0.026658	4.7986e-05	0.069034	supercritical
899.36	226.00	90.975	0.010992	629.09	877.51	6.0794	0.81764	1.0966	595.93	-0.026736	4.8018e-05	0.069088	supercritical
900.36	226.00	90.876	0.011004	629.92	878.61	6.0806	0.81780	1.0967	596.21	-0.026813	4.8049e-05	0.069142	supercritical
901.36	226.00	90.778	0.011016	630.75	879.70	6.0818	0.81797	1.0968	596.49	-0.026890	4.8081e-05	0.069196	supercritical
902.36	226.00	90.680	0.011028	631.57	880.80	6.0830	0.81814	1.0969	596.77	-0.026967	4.8113e-05	0.069250	supercritical
903.36	226.00	90.583	0.011040	632.40	881.90	6.0842	0.81830	1.0970	597.05	-0.027043	4.8145e-05	0.069304	supercritical
904.36	226.00	90.485	0.011052	633.23	883.00	6.0854	0.81847	1.0972	597.34	-0.027120	4.8176e-05	0.069358	supercritical
905.36	226.00	90.388	0.011063	634.06	884.09	6.0866	0.81864	1.0973	597.62	-0.027196	4.8208e-05	0.069412	supercritical
906.36	226.00	90.291	0.011075	634.89	885.19	6.0879	0.81880	1.0974	597.90	-0.027272	4.8240e-05	0.069465	supercritical
907.36	226.00	90.194	0.011087	635.72	886.29	6.0891	0.81897	1.0975	598.18	-0.027347	4.8272e-05	0.069519	supercritical
908.36	226.00	90.097	0.011099	636.55	887.38	6.0903	0.81913	1.0976	598.46	-0.027423	4.8303e-05	0.069573	supercritical
909.36	226.00	90.001	0.011111	637.37	888.48	6.0915	0.81929	1.0977	598.74	-0.027498	4.8335e-05	0.069627	supercritical
910.36	226.00	89.905	0.011123	638.20	889.58	6.0927	0.81946	1.0979	599.02	-0.027573	4.8367e-05	0.069681	supercritical
911.36	226.00	89.809	0.011135	639.03	890.68	6.0939	0.81962	1.0980	599.30	-0.027648	4.8398e-05	0.069734	supercritical
912.36	226.00	89.713	0.011147	639.86	891.78	6.0951	0.81979	1.0981	599.58	-0.027723	4.8430e-05	0.069788	supercritical
913.36	226.00	89.618	0.011159	640.69	892.87	6.0963	0.81995	1.0982	599.86	-0.027798	4.8462e-05	0.069842	supercritical
914.36	226.00	89.522	0.011170	641.52	893.97	6.0975	0.82011	1.0983	600.14	-0.027872	4.8493e-05	0.069896	supercritical
915.36	226.00	89.427	0.011182	642.35	895.07	6.0987	0.82028	1.0985	600.42	-0.027946	4.8525e-05	0.069950	supercritical
916.36	226.00	89.332	0.011194	643.18	896.17	6.0999	0.82044	1.0986	600.70	-0.028020	4.8556e-05	0.070003	supercritical
917.36	226.00	89.238	0.011206	644.01	897.27	6.1011	0.82060	1.0987	600.98	-0.028094	4.8588e-05	0.070057	supercritical
918.36	226.00	89.143	0.011218	644.84	898.37	6.1023	0.82076	1.0988	601.26	-0.028168	4.8620e-05	0.070111	supercritical
919.36	226.00	89.049	0.011230	645.67	899.47	6.1035	0.82092	1.0989	601.54	-0.028241	4.8651e-05	0.070165	supercritical
920.36	226.00	88.955	0.011242	646.50	900.56	6.1047	0.82108	1.0990	601.82	-0.028314	4.8683e-05	0.070218	supercritical
921.36	226.00	88.861	0.011254	647.33	901.66	6.1059	0.82125	1.0991	602.10	-0.028387	4.8714e-05	0.070272	supercritical
922.36	226.00	88.767	0.011265	648.16	902.76	6.1071	0.82141	1.0993	602.38	-0.028460	4.8746e-05	0.070326	supercritical
923.36	226.00	88.674	0.011277	649.00	903.86	6.1083	0.82157	1.0994	602.65	-0.028533	4.8777e-05	0.070380	supercritical
924.36	226.00	88.580	0.011289	649.83	904.96	6.1095	0.82173	1.0995	602.93	-0.028605	4.8809e-05	0.070433	supercritical
925.36	226.00	88.487	0.011301	650.66	906.06	6.1106	0.82189	1.0996	603.21	-0.028678	4.8840e-05	0.070487	supercritical
926.36	226.00	88.395	0.011313	651.49	907.16	6.1118	0.82205	1.0997	603.49	-0.028750	4.8872e-05	0.070541	supercritical
927.36	226.00	88.302	0.011325	652.32	908.26	6.1130	0.82220	1.0998	603.77	-0.028822	4.8903e-05	0.070594	supercritical
928.36	226.00	88.209	0.011337	653.15	909.36	6.1142	0.82236	1.1000	604.04	-0.028893	4.8935e-05	0.070648	supercritical
929.36	226.00	88.117	0.011349	653.98	910.46	6.1154	0.82252	1.1001	604.32	-0.028965	4.8966e-05	0.070702	supercritical
930.36	226.00	88.025	0.011360	654.82	911.56	6.1166	0.82268	1.1002	604.60	-0.029036	4.8998e-05	0.070755	supercritical
931.36	226.00	87.933	0.011372	655.65	912.66	6.1178	0.82284	1.1003	604.88	-0.029108	4.9029e-05	0.070809	supercritical
932.36	226.00	87.842	0.011384	656.48	913.76	6.1189	0.82300	1.1004	605.15	-0.029179	4.9061e-05	0.070863	supercritical
933.36	226.00	87.750	0.011396	657.31	914.86	6.1201	0.82315	1.1005	605.43	-0.029249	4.9092e-05	0.070916	supercritical
934.36	226.00	87.659	0.011408	658.14	915.96	6.1213	0.82331	1.1006	605.71	-0.029320	4.9123e-05	0.070970	supercritical
935.36	226.00	87.568	0.011420	658.98	917.06	6.1225	0.82347	1.1008	605.99	-0.029390	4.9155e-05	0.071023	supercritical
936.36	226.00	87.477	0.011432	659.81	918.16	6.1236	0.82362	1.1009	606.26	-0.029461	4.9186e-05	0.071077	supercritical
937.36	226.00	87.386	0.011443	660.64	919.26	6.1248	0.82378	1.1010	606.54	-0.029531	4.9217e-05	0.071131	supercritical
938.36	226.00	87.296	0.011455	661.48	920.37	6.1260	0.82394	1.1011	606.82	-0.029601	4.9249e-05	0.071184	supercritical
939.36	226.00	87.206	0.011467	662.31	921.47	6.1272	0.82409	1.1012	607.09	-0.029671	4.9280e-05	0.071238	supercritical
940.36	226.00	87.115	0.011479	663.14	922.57	6.1283	0.82425	1.1013	607.37	-0.029740	4.9311e-05	0.071291	supercritical
941.36	226.00	87.026	0.011491	663.98	923.67	6.1295	0.82440	1.1014	607.64	-0.029810	4.9343e-05	0.071345	supercritical
942.36	226.00	86.936	0.011503	664.81	924.77	6.1307	0.82456	1.1016	607.92	-0.029879	4.9374e-05	0.071398	supercritical
943.36	226.00	86.846	0.011515	665.64	925.87	6.1319	0.82471	1.1017	608.20	-0.029948	4.9405e-05	0.071452	supercritical
944.36	226.00	86.757	0.011526	666.48	926.97	6.1330	0.82487	1.1018	608.47	-0.030017	4.9437e-05	0.071506	supercritical
945.36	226.00	86.668	0.011538	667.31	928.08	6.1342	0.82502	1.1019	608.75	-0.030085	4.9468e-05	0.071559	supercritical
946.36	226.00	86.579	0.011550	668.14	929.18	6.1353	0.82518	1.1020	609.02	-0.030154	4.9499e-05	0.071613	supercritical
947.36	226.00	86.490	0.011562	668.98	930.28	6.1365	0.82533	1.1021	609.30	-0.030222	4.9530e-05	0.071666	supercritical
948.36	226.00	86.402	0.011574	669.81	931.38	6.1377	0.82548	1.1022	609.57	-0.030290	4.9562e-05	0.071720	supercritical
949.36	226.00	86.313	0.011586	670.65	932.48	6.1388	0.82564	1.1023	609.85	-0.030358	4.9593e-05	0.071773	supercritical
950.36	226.00	86.225	0.011598	671.48	933.59	6.1400	0.82579	1.1025	610.12	-0.030426	4.9624e-05	0.071827	supercritical
951.36	226.00	86.137	0.011609	672.32	934.69	6.1412	0.82594	1.1026	610.40	-0.030494	4.9655e-05	0.071880	supercritical
952.36	226.00	86.049	0.011621	673.15	935.79	6.1423	0.82609	1.1027	610.67	-0.030561	4.9686e-05	0.071934	supercritical
953.36	226.00	85.961	0.011633	673.99	936.90	6.1435	0.82625	1.1028	610.95	-0.030629	4.9718e-05	0.071987	supercritical
954.36	226.00	85.874	0.011645	674.82	938.00	6.1446	0.82640	1.1029	611.22	-0.030696	4.9749e-05	0.072040	supercritical
955.36	226.00	85.787	0.011657	675.66	939.10	6.1458	0.82655	1.1030	611.50	-0.030763	4.9780e-05	0.072094	supercritical
956.36	226.00	85.700	0.011669	676.49	940.20	6.1469	0.82670	1.1031	611.77	-0.030830	4.9811e-05	0.072147	supercritical
957.36	226.00	85.613	0.011681	677.33	941.31	6.1481	0.82685	1.1032	612.04	-0.030896	4.9842e-05	0.072201	supercritical
958.36	226.00	85.526	0.011692	678.16	942.41	6.1492	0.82700	1.1034	612.32	-0.030963	4.9873e-05	0.072254	supercritical
959.36	226.00	85.439	0.011704	679.00	943.51	6.1504	0.82715	1.1035	612.59	-0.031029	4.9904e-05	0.072308	supercritical
960.36	226.00	85.353	0.011716	679.84	944.62	6.1515	0.82730	1.1036	612.86	-0.031095	4.9935e-05	0.072361	supercritical
961.36	226.00	85.267	0.011728	680.67	945.72	6.1527	0.82745	1.1037	613.14	-0.031161	4.9967e-05	0.072414	supercritical
962.36	226.00	85.181	0.011740	681.51	946.82	6.1538	0.82760	1.1038	613.41	-0.031227	4.9998e-05	0.072468	supercritical
963.36	226.00	85.095	0.011752	682.34	947.93	6.1550	0.82775	1.1039	613.68	-0.031293	5.0029e-05	0.072521	supercritical
964.36	226.00	85.009	0.011763	683.18	949.03	6.1561	0.82790	1.1040	613.96	-0.031358	5.0060e-05	0.072575	supercritical
965.36	226.00	84.924	0.011775	684.02	950.14	6.1573	0.82805	1.1041	614.23	-0.031424	5.0091e-05	0.072628	supercritical
966.36	226.00	84.839	0.011787	684.85	951.24	6.1584	0.82820	1.1042	614.50	-0.031489	5.0122e-05	0.072681	supercritical
967.36	226.00	84.754	0.011799	685.69	952.35	6.1596	0.82835	1.1043	614.77	-0.031554	5.0153e-05	0.072735	supercritical
968.36	226.00	84.669	0.011811	686.53	953.45	6.1607	0.82849	1.1045	615.05	-0.031619	5.0184e-05	0.072788	supercritical
969.36	226.00	84.584	0.011823	687.36	954.55	6.1618	0.82864	1.1046	615.32	-0.031684	5.0215e-05	0.072841	supercritical
970.36	226.00	84.499	0.011834	688.20	955.66	6.1630	0.82879	1.1047	615.59	-0.031748	5.0246e-05	0.072895	supercritical
971.36	226.00	84.415	0.011846	689.04	956.76	6.1641	0.82894	1.1048	615.86	-0.031813	5.0277e-05	0.072948	supercritical
972.36	226.00	84.331	0.011858	689.88	957.87	6.1653	0.82908	1.1049	616.14	-0.031877	5.0308e-05	0.073001	supercritical
973.36	226.00	84.247	0.011870	690.71	958.97	6.1664	0.82923	1.1050	616.41	-0.031941	5.0339e-05	0.073055	supercritical
974.36	226.00	84.163	0.011882	691.55	960.08	6.1675	0.82938	1.1051	616.68	-0.032005	5.0370e-05	0.073108	supercritical
975.36	226.00	84.079	0.011894	692.39	961.18	6.1687	0.82952	1.1052	616.95	-0.032069	5.0401e-05	0.073161	supercritical
976.36	226.00	83.995	0.011905	693.23	962.29	6.1698	0.82967	1.1053	617.22	-0.032132	5.0431e-05	0.073215	supercritical
977.36	226.00	83.912	0.011917	694.06	963.39	6.1709	0.82982	1.1054	617.49	-0.032196	5.0462e-05	0.073268	supercritical
978.36	226.00	83.829	0.011929	694.90	964.50	6.1721	0.82996	1.1055	617.76	-0.032259	5.0493e-05	0.073321	supercritical
979.36	226.00	83.746	0.011941	695.74	965.61	6.1732	0.83011	1.1057	618.04	-0.032322	5.0524e-05	0.073374	supercritical
980.36	226.00	83.663	0.011953	696.58	966.71	6.1743	0.83025	1.1058	618.31	-0.032385	5.0555e-05	0.073428	supercritical
981.36	226.00	83.580	0.011965	697.42	967.82	6.1754	0.83040	1.1059	618.58	-0.032448	5.0586e-05	0.073481	supercritical
982.36	226.00	83.498	0.011976	698.26	968.92	6.1766	0.83054	1.1060	618.85	-0.032511	5.0617e-05	0.073534	supercritical
983.36	226.00	83.415	0.011988	699.10	970.03	6.1777	0.83068	1.1061	619.12	-0.032573	5.0648e-05	0.073587	supercritical
984.36	226.00	83.333	0.012000	699.93	971.13	6.1788	0.83083	1.1062	619.39	-0.032636	5.0678e-05	0.073640	supercritical
985.36	226.00	83.251	0.012012	700.77	972.24	6.1799	0.83097	1.1063	619.66	-0.032698	5.0709e-05	0.073694	supercritical
986.36	226.00	83.169	0.012024	701.61	973.35	6.1811	0.83112	1.1064	619.93	-0.032760	5.0740e-05	0.073747	supercritical
987.36	226.00	83.088	0.012035	702.45	974.45	6.1822	0.83126	1.1065	620.20	-0.032822	5.0771e-05	0.073800	supercritical
988.36	226.00	83.006	0.012047	703.29	975.56	6.1833	0.83140	1.1066	620.47	-0.032884	5.0802e-05	0.073853	supercritical
989.36	226.00	82.925	0.012059	704.13	976.67	6.1844	0.83154	1.1067	620.74	-0.032945	5.0832e-05	0.073906	supercritical
990.36	226.00	82.843	0.012071	704.97	977.77	6.1855	0.83169	1.1068	621.01	-0.033007	5.0863e-05	0.073960	supercritical
991.36	226.00	82.762	0.012083	705.81	978.88	6.1867	0.83183	1.1070	621.28	-0.033068	5.0894e-05	0.074013	supercritical
992.36	226.00	82.682	0.012095	706.65	979.99	6.1878	0.83197	1.1071	621.55	-0.033129	5.0925e-05	0.074066	supercritical
993.36	226.00	82.601	0.012106	707.49	981.10	6.1889	0.83211	1.1072	621.82	-0.033190	5.0955e-05	0.074119	supercritical
994.36	226.00	82.520	0.012118	708.33	982.20	6.1900	0.83225	1.1073	622.08	-0.033251	5.0986e-05	0.074172	supercritical
995.36	226.00	82.440	0.012130	709.17	983.31	6.1911	0.83240	1.1074	622.35	-0.033312	5.1017e-05	0.074225	supercritical
996.36	226.00	82.360	0.012142	710.01	984.42	6.1922	0.83254	1.1075	622.62	-0.033372	5.1047e-05	0.074278	supercritical
997.36	226.00	82.280	0.012154	710.85	985.52	6.1933	0.83268	1.1076	622.89	-0.033433	5.1078e-05	0.074332	supercritical
998.36	226.00	82.200	0.012165	711.69	986.63	6.1944	0.83282	1.1077	623.16	-0.033493	5.1109e-05	0.074385	supercritical
999.36	226.00	82.120	0.012177	712.53	987.74	6.1956	0.83296	1.1078	623.43	-0.033553	5.1140e-05	0.074438	supercritical
1000.4	226.00	82.040	0.012189	713.37	988.85	6.1967	0.83310	1.1079	623.70	-0.033613	5.1170e-05	0.074491	supercritical
1001.4	226.00	81.961	0.012201	714.21	989.96	6.1978	0.83324	1.1080	623.96	-0.033673	5.1201e-05	0.074544	supercritical
1002.4	226.00	81.882	0.012213	715.06	991.06	6.1989	0.83338	1.1081	624.23	-0.033733	5.1231e-05	0.074597	supercritical
1003.4	226.00	81.803	0.012225	715.90	992.17	6.2000	0.83352	1.1082	624.50	-0.033793	5.1262e-05	0.074650	supercritical
1004.4	226.00	81.724	0.012236	716.74	993.28	6.2011	0.83366	1.1083	624.77	-0.033852	5.1293e-05	0.074703	supercritical
1005.4	226.00	81.645	0.012248	717.58	994.39	6.2022	0.83380	1.1084	625.04	-0.033911	5.1323e-05	0.074756	supercritical
1006.4	226.00	81.566	0.012260	718.42	995.50	6.2033	0.83393	1.1085	625.30	-0.033971	5.1354e-05	0.074809	supercritical
1007.4	226.00	81.488	0.012272	719.26	996.61	6.2044	0.83407	1.1086	625.57	-0.034030	5.1384e-05	0.074862	supercritical
1008.4	226.00	81.409	0.012284	720.11	997.71	6.2055	0.83421	1.1088	625.84	-0.034089	5.1415e-05	0.074915	supercritical
1009.4	226.00	81.331	0.012295	720.95	998.82	6.2066	0.83435	1.1089	626.10	-0.034147	5.1446e-05	0.074968	supercritical
1010.4	226.00	81.253	0.012307	721.79	999.93	6.2077	0.83449	1.1090	626.37	-0.034206	5.1476e-05	0.075021	supercritical
1011.4	226.00	81.175	0.012319	722.63	1001.0	6.2088	0.83462	1.1091	626.64	-0.034264	5.1507e-05	0.075074	supercritical
1012.4	226.00	81.098	0.012331	723.47	1002.2	6.2099	0.83476	1.1092	626.91	-0.034323	5.1537e-05	0.075127	supercritical
1013.4	226.00	81.020	0.012343	724.32	1003.3	6.2110	0.83490	1.1093	627.17	-0.034381	5.1568e-05	0.075180	supercritical
1014.4	226.00	80.943	0.012354	725.16	1004.4	6.2121	0.83504	1.1094	627.44	-0.034439	5.1598e-05	0.075233	supercritical
1015.4	226.00	80.865	0.012366	726.00	1005.5	6.2132	0.83517	1.1095	627.70	-0.034497	5.1629e-05	0.075286	supercritical
1016.4	226.00	80.788	0.012378	726.84	1006.6	6.2143	0.83531	1.1096	627.97	-0.034555	5.1659e-05	0.075339	supercritical
1017.4	226.00	80.711	0.012390	727.69	1007.7	6.2154	0.83544	1.1097	628.24	-0.034612	5.1690e-05	0.075392	supercritical
1018.4	226.00	80.635	0.012402	728.53	1008.8	6.2164	0.83558	1.1098	628.50	-0.034670	5.1720e-05	0.075445	supercritical
1019.4	226.00	80.558	0.012413	729.37	1009.9	6.2175	0.83572	1.1099	628.77	-0.034727	5.1751e-05	0.075498	supercritical
1020.4	226.00	80.481	0.012425	730.22	1011.0	6.2186	0.83585	1.1100	629.04	-0.034785	5.1781e-05	0.075551	supercritical
1021.4	226.00	80.405	0.012437	731.06	1012.1	6.2197	0.83599	1.1101	629.30	-0.034842	5.1812e-05	0.075604	supercritical
1022.4	226.00	80.329	0.012449	731.90	1013.2	6.2208	0.83612	1.1102	629.57	-0.034899	5.1842e-05	0.075657	supercritical
1023.4	226.00	80.253	0.012461	732.75	1014.4	6.2219	0.83626	1.1103	629.83	-0.034955	5.1872e-05	0.075710	supercritical
1024.4	226.00	80.177	0.012472	733.59	1015.5	6.2230	0.83639	1.1104	630.10	-0.035012	5.1903e-05	0.075763	supercritical
1025.4	226.00	80.101	0.012484	734.44	1016.6	6.2240	0.83653	1.1105	630.36	-0.035069	5.1933e-05	0.075816	supercritical
1026.4	226.00	80.026	0.012496	735.28	1017.7	6.2251	0.83666	1.1106	630.63	-0.035125	5.1964e-05	0.075868	supercritical
1027.4	226.00	79.950	0.012508	736.12	1018.8	6.2262	0.83679	1.1107	630.89	-0.035182	5.1994e-05	0.075921	supercritical
1028.4	226.00	79.875	0.012520	736.97	1019.9	6.2273	0.83693	1.1108	631.16	-0.035238	5.2024e-05	0.075974	supercritical
1029.4	226.00	79.800	0.012531	737.81	1021.0	6.2284	0.83706	1.1109	631.42	-0.035294	5.2055e-05	0.076027	supercritical
1030.4	226.00	79.725	0.012543	738.66	1022.1	6.2294	0.83719	1.1110	631.69	-0.035350	5.2085e-05	0.076080	supercritical
1031.4	226.00	79.650	0.012555	739.50	1023.2	6.2305	0.83733	1.1111	631.95	-0.035405	5.2115e-05	0.076133	supercritical
1032.4	226.00	79.575	0.012567	740.35	1024.4	6.2316	0.83746	1.1112	632.21	-0.035461	5.2146e-05	0.076186	supercritical
1033.4	226.00	79.500	0.012579	741.19	1025.5	6.2327	0.83759	1.1113	632.48	-0.035517	5.2176e-05	0.076238	supercritical
1034.4	226.00	79.426	0.012590	742.04	1026.6	6.2338	0.83772	1.1114	632.74	-0.035572	5.2206e-05	0.076291	supercritical
1035.4	226.00	79.352	0.012602	742.88	1027.7	6.2348	0.83786	1.1115	633.01	-0.035627	5.2237e-05	0.076344	supercritical
1036.4	226.00	79.277	0.012614	743.73	1028.8	6.2359	0.83799	1.1116	633.27	-0.035683	5.2267e-05	0.076397	supercritical
1037.4	226.00	79.203	0.012626	744.57	1029.9	6.2370	0.83812	1.1117	633.53	-0.035738	5.2297e-05	0.076450	supercritical
1038.4	226.00	79.130	0.012638	745.42	1031.0	6.2380	0.83825	1.1118	633.80	-0.035792	5.2327e-05	0.076503	supercritical
1039.4	226.00	79.056	0.012649	746.26	1032.1	6.2391	0.83838	1.1119	634.06	-0.035847	5.2358e-05	0.076555	supercritical
1040.4	226.00	78.982	0.012661	747.11	1033.2	6.2402	0.83851	1.1120	634.33	-0.035902	5.2388e-05	0.076608	supercritical
1041.4	226.00	78.909	0.012673	747.95	1034.4	6.2413	0.83865	1.1121	634.59	-0.035956	5.2418e-05	0.076661	supercritical
1042.4	226.00	78.835	0.012685	748.80	1035.5	6.2423	0.83878	1.1122	634.85	-0.036011	5.2448e-05	0.076714	supercritical
1043.4	226.00	78.762	0.012696	749.64	1036.6	6.2434	0.83891	1.1123	635.11	-0.036065	5.2479e-05	0.076766	supercritical
1044.4	226.00	78.689	0.012708	750.49	1037.7	6.2445	0.83904	1.1124	635.38	-0.036119	5.2509e-05	0.076819	supercritical
1045.4	226.00	78.616	0.012720	751.34	1038.8	6.2455	0.83917	1.1125	635.64	-0.036173	5.2539e-05	0.076872	supercritical
1046.4	226.00	78.544	0.012732	752.18	1039.9	6.2466	0.83930	1.1126	635.90	-0.036227	5.2569e-05	0.076925	supercritical
1047.4	226.00	78.471	0.012744	753.03	1041.0	6.2476	0.83943	1.1127	636.17	-0.036281	5.2599e-05	0.076977	supercritical
1048.4	226.00	78.399	0.012755	753.88	1042.1	6.2487	0.83956	1.1128	636.43	-0.036335	5.2629e-05	0.077030	supercritical
1049.4	226.00	78.326	0.012767	754.72	1043.3	6.2498	0.83968	1.1129	636.69	-0.036388	5.2660e-05	0.077083	supercritical
1050.4	226.00	78.254	0.012779	755.57	1044.4	6.2508	0.83981	1.1130	636.95	-0.036442	5.2690e-05	0.077135	supercritical
1051.4	226.00	78.182	0.012791	756.42	1045.5	6.2519	0.83994	1.1131	637.21	-0.036495	5.2720e-05	0.077188	supercritical
1052.4	226.00	78.110	0.012802	757.26	1046.6	6.2529	0.84007	1.1132	637.48	-0.036548	5.2750e-05	0.077241	supercritical
1053.4	226.00	78.038	0.012814	758.11	1047.7	6.2540	0.84020	1.1133	637.74	-0.036601	5.2780e-05	0.077293	supercritical
1054.4	226.00	77.967	0.012826	758.96	1048.8	6.2551	0.84033	1.1134	638.00	-0.036654	5.2810e-05	0.077346	supercritical
1055.4	226.00	77.895	0.012838	759.81	1049.9	6.2561	0.84045	1.1135	638.26	-0.036707	5.2840e-05	0.077399	supercritical
1056.4	226.00	77.824	0.012850	760.65	1051.1	6.2572	0.84058	1.1136	638.52	-0.036759	5.2870e-05	0.077451	supercritical
1057.4	226.00	77.752	0.012861	761.50	1052.2	6.2582	0.84071	1.1137	638.78	-0.036812	5.2900e-05	0.077504	supercritical
1058.4	226.00	77.681	0.012873	762.35	1053.3	6.2593	0.84084	1.1138	639.05	-0.036864	5.2931e-05	0.077557	supercritical
1059.4	226.00	77.610	0.012885	763.20	1054.4	6.2603	0.84096	1.1139	639.31	-0.036917	5.2961e-05	0.077609	supercritical
1060.4	226.00	77.539	0.012897	764.04	1055.5	6.2614	0.84109	1.1140	639.57	-0.036969	5.2991e-05	0.077662	supercritical
1061.4	226.00	77.469	0.012908	764.89	1056.6	6.2624	0.84122	1.1141	639.83	-0.037021	5.3021e-05	0.077715	supercritical
1062.4	226.00	77.398	0.012920	765.74	1057.7	6.2635	0.84134	1.1142	640.09	-0.037073	5.3051e-05	0.077767	supercritical
1063.4	226.00	77.328	0.012932	766.59	1058.9	6.2645	0.84147	1.1143	640.35	-0.037125	5.3081e-05	0.077820	supercritical
1064.4	226.00	77.257	0.012944	767.44	1060.0	6.2656	0.84160	1.1144	640.61	-0.037177	5.3111e-05	0.077872	supercritical
1065.4	226.00	77.187	0.012956	768.28	1061.1	6.2666	0.84172	1.1145	640.87	-0.037228	5.3141e-05	0.077925	supercritical
1066.4	226.00	77.117	0.012967	769.13	1062.2	6.2677	0.84185	1.1146	641.13	-0.037280	5.3171e-05	0.077978	supercritical
1067.4	226.00	77.047	0.012979	769.98	1063.3	6.2687	0.84197	1.1147	641.39	-0.037331	5.3201e-05	0.078030	supercritical
1068.4	226.00	76.977	0.012991	770.83	1064.4	6.2698	0.84210	1.1148	641.65	-0.037382	5.3231e-05	0.078083	supercritical
1069.4	226.00	76.908	0.013003	771.68	1065.5	6.2708	0.84222	1.1149	641.91	-0.037434	5.3261e-05	0.078135	supercritical
1070.4	226.00	76.838	0.013014	772.53	1066.7	6.2718	0.84235	1.1150	642.17	-0.037485	5.3291e-05	0.078188	supercritical
1071.4	226.00	76.769	0.013026	773.38	1067.8	6.2729	0.84247	1.1151	642.43	-0.037536	5.3321e-05	0.078240	supercritical
1072.4	226.00	76.699	0.013038	774.23	1068.9	6.2739	0.84260	1.1152	642.69	-0.037586	5.3350e-05	0.078293	supercritical
1073.4	226.00	76.630	0.013050	775.08	1070.0	6.2750	0.84272	1.1153	642.95	-0.037637	5.3380e-05	0.078345	supercritical
1074.4	226.00	76.561	0.013061	775.93	1071.1	6.2760	0.84285	1.1154	643.21	-0.037688	5.3410e-05	0.078398	supercritical
1075.4	226.00	76.492	0.013073	776.77	1072.2	6.2770	0.84297	1.1155	643.47	-0.037738	5.3440e-05	0.078450	supercritical
1076.4	226.00	76.423	0.013085	777.62	1073.3	6.2781	0.84309	1.1156	643.73	-0.037789	5.3470e-05	0.078503	supercritical
1077.4	226.00	76.355	0.013097	778.47	1074.5	6.2791	0.84322	1.1157	643.99	-0.037839	5.3500e-05	0.078555	supercritical
1078.4	226.00	76.286	0.013109	779.32	1075.6	6.2801	0.84334	1.1158	644.25	-0.037889	5.3530e-05	0.078608	supercritical
1079.4	226.00	76.218	0.013120	780.17	1076.7	6.2812	0.84346	1.1159	644.50	-0.037939	5.3560e-05	0.078660	supercritical
1080.4	226.00	76.150	0.013132	781.02	1077.8	6.2822	0.84359	1.1160	644.76	-0.037989	5.3590e-05	0.078713	supercritical
1081.4	226.00	76.081	0.013144	781.87	1078.9	6.2832	0.84371	1.1161	645.02	-0.038039	5.3619e-05	0.078765	supercritical
1082.4	226.00	76.013	0.013156	782.72	1080.0	6.2843	0.84383	1.1162	645.28	-0.038088	5.3649e-05	0.078818	supercritical
1083.4	226.00	75.946	0.013167	783.58	1081.2	6.2853	0.84396	1.1163	645.54	-0.038138	5.3679e-05	0.078870	supercritical
1084.4	226.00	75.878	0.013179	784.43	1082.3	6.2863	0.84408	1.1164	645.80	-0.038187	5.3709e-05	0.078923	supercritical
1085.4	226.00	75.810	0.013191	785.28	1083.4	6.2874	0.84420	1.1165	646.06	-0.038237	5.3739e-05	0.078975	supercritical
1086.4	226.00	75.743	0.013203	786.13	1084.5	6.2884	0.84432	1.1166	646.31	-0.038286	5.3768e-05	0.079028	supercritical
1087.4	226.00	75.675	0.013214	786.98	1085.6	6.2894	0.84444	1.1167	646.57	-0.038335	5.3798e-05	0.079080	supercritical
1088.4	226.00	75.608	0.013226	787.83	1086.7	6.2905	0.84456	1.1168	646.83	-0.038384	5.3828e-05	0.079132	supercritical
1089.4	226.00	75.541	0.013238	788.68	1087.9	6.2915	0.84469	1.1168	647.09	-0.038433	5.3858e-05	0.079185	supercritical
1090.4	226.00	75.474	0.013250	789.53	1089.0	6.2925	0.84481	1.1169	647.34	-0.038482	5.3888e-05	0.079237	supercritical
1091.4	226.00	75.407	0.013261	790.38	1090.1	6.2935	0.84493	1.1170	647.60	-0.038531	5.3917e-05	0.079290	supercritical
1092.4	226.00	75.340	0.013273	791.23	1091.2	6.2945	0.84505	1.1171	647.86	-0.038579	5.3947e-05	0.079342	supercritical
1093.4	226.00	75.273	0.013285	792.09	1092.3	6.2956	0.84517	1.1172	648.12	-0.038628	5.3977e-05	0.079394	supercritical
1094.4	226.00	75.207	0.013297	792.94	1093.4	6.2966	0.84529	1.1173	648.37	-0.038676	5.4006e-05	0.079447	supercritical
1095.4	226.00	75.140	0.013308	793.79	1094.6	6.2976	0.84541	1.1174	648.63	-0.038725	5.4036e-05	0.079499	supercritical
1096.4	226.00	75.074	0.013320	794.64	1095.7	6.2986	0.84553	1.1175	648.89	-0.038773	5.4066e-05	0.079551	supercritical
1097.4	226.00	75.008	0.013332	795.49	1096.8	6.2997	0.84565	1.1176	649.14	-0.038821	5.4096e-05	0.079604	supercritical
1098.4	226.00	74.942	0.013344	796.34	1097.9	6.3007	0.84577	1.1177	649.40	-0.038869	5.4125e-05	0.079656	supercritical
1099.4	226.00	74.876	0.013355	797.20	1099.0	6.3017	0.84589	1.1178	649.66	-0.038917	5.4155e-05	0.079708	supercritical
1100.4	226.00	74.810	0.013367	798.05	1100.1	6.3027	0.84601	1.1179	649.91	-0.038964	5.4185e-05	0.079761	supercritical
1101.4	226.00	74.744	0.013379	798.90	1101.3	6.3037	0.84613	1.1180	650.17	-0.039012	5.4214e-05	0.079813	supercritical
1102.4	226.00	74.679	0.013391	799.75	1102.4	6.3047	0.84625	1.1181	650.43	-0.039060	5.4244e-05	0.079865	supercritical
1103.4	226.00	74.613	0.013402	800.61	1103.5	6.3057	0.84636	1.1182	650.68	-0.039107	5.4274e-05	0.079918	supercritical
1104.4	226.00	74.548	0.013414	801.46	1104.6	6.3068	0.84648	1.1183	650.94	-0.039154	5.4303e-05	0.079970	supercritical
1105.4	226.00	74.483	0.013426	802.31	1105.7	6.3078	0.84660	1.1184	651.20	-0.039202	5.4333e-05	0.080022	supercritical
1106.4	226.00	74.418	0.013438	803.16	1106.9	6.3088	0.84672	1.1185	651.45	-0.039249	5.4362e-05	0.080075	supercritical
1107.4	226.00	74.353	0.013449	804.02	1108.0	6.3098	0.84684	1.1185	651.71	-0.039296	5.4392e-05	0.080127	supercritical
1108.4	226.00	74.288	0.013461	804.87	1109.1	6.3108	0.84696	1.1186	651.96	-0.039343	5.4422e-05	0.080179	supercritical
1109.4	226.00	74.223	0.013473	805.72	1110.2	6.3118	0.84707	1.1187	652.22	-0.039390	5.4451e-05	0.080231	supercritical
1110.4	226.00	74.158	0.013485	806.58	1111.3	6.3128	0.84719	1.1188	652.47	-0.039436	5.4481e-05	0.080284	supercritical
1111.4	226.00	74.094	0.013496	807.43	1112.4	6.3138	0.84731	1.1189	652.73	-0.039483	5.4510e-05	0.080336	supercritical
1112.4	226.00	74.029	0.013508	808.28	1113.6	6.3148	0.84742	1.1190	652.98	-0.039529	5.4540e-05	0.080388	supercritical
1113.4	226.00	73.965	0.013520	809.14	1114.7	6.3158	0.84754	1.1191	653.24	-0.039576	5.4569e-05	0.080440	supercritical
1114.4	226.00	73.901	0.013532	809.99	1115.8	6.3168	0.84766	1.1192	653.49	-0.039622	5.4599e-05	0.080492	supercritical
1115.4	226.00	73.837	0.013543	810.84	1116.9	6.3178	0.84778	1.1193	653.75	-0.039668	5.4628e-05	0.080545	supercritical
1116.4	226.00	73.773	0.013555	811.70	1118.0	6.3189	0.84789	1.1194	654.00	-0.039715	5.4658e-05	0.080597	supercritical
1117.4	226.00	73.709	0.013567	812.55	1119.2	6.3199	0.84801	1.1195	654.26	-0.039761	5.4687e-05	0.080649	supercritical
1118.4	226.00	73.645	0.013579	813.41	1120.3	6.3209	0.84812	1.1196	654.51	-0.039807	5.4717e-05	0.080701	supercritical
1119.4	226.00	73.581	0.013590	814.26	1121.4	6.3219	0.84824	1.1197	654.77	-0.039852	5.4746e-05	0.080753	supercritical
1120.4	226.00	73.518	0.013602	815.12	1122.5	6.3229	0.84836	1.1198	655.02	-0.039898	5.4776e-05	0.080806	supercritical
1121.4	226.00	73.454	0.013614	815.97	1123.6	6.3239	0.84847	1.1198	655.28	-0.039944	5.4805e-05	0.080858	supercritical
1122.4	226.00	73.391	0.013626	816.82	1124.8	6.3249	0.84859	1.1199	655.53	-0.039989	5.4835e-05	0.080910	supercritical
1123.4	226.00	73.328	0.013637	817.68	1125.9	6.3258	0.84870	1.1200	655.78	-0.040035	5.4864e-05	0.080962	supercritical
1124.4	226.00	73.265	0.013649	818.53	1127.0	6.3268	0.84882	1.1201	656.04	-0.040080	5.4894e-05	0.081014	supercritical
1125.4	226.00	73.202	0.013661	819.39	1128.1	6.3278	0.84893	1.1202	656.29	-0.040125	5.4923e-05	0.081066	supercritical
1126.4	226.00	73.139	0.013673	820.24	1129.2	6.3288	0.84905	1.1203	656.54	-0.040170	5.4953e-05	0.081119	supercritical
1127.4	226.00	73.076	0.013684	821.10	1130.4	6.3298	0.84916	1.1204	656.80	-0.040215	5.4982e-05	0.081171	supercritical
1128.4	226.00	73.014	0.013696	821.95	1131.5	6.3308	0.84928	1.1205	657.05	-0.040260	5.5012e-05	0.081223	supercritical
1129.4	226.00	72.951	0.013708	822.81	1132.6	6.3318	0.84939	1.1206	657.30	-0.040305	5.5041e-05	0.081275	supercritical
1130.4	226.00	72.889	0.013720	823.66	1133.7	6.3328	0.84950	1.1207	657.56	-0.040350	5.5070e-05	0.081327	supercritical
1131.4	226.00	72.826	0.013731	824.52	1134.8	6.3338	0.84962	1.1208	657.81	-0.040395	5.5100e-05	0.081379	supercritical
1132.4	226.00	72.764	0.013743	825.38	1136.0	6.3348	0.84973	1.1208	658.06	-0.040439	5.5129e-05	0.081431	supercritical
1133.4	226.00	72.702	0.013755	826.23	1137.1	6.3358	0.84985	1.1209	658.32	-0.040484	5.5158e-05	0.081483	supercritical
1134.4	226.00	72.640	0.013766	827.09	1138.2	6.3368	0.84996	1.1210	658.57	-0.040528	5.5188e-05	0.081535	supercritical
1135.4	226.00	72.578	0.013778	827.94	1139.3	6.3378	0.85007	1.1211	658.82	-0.040572	5.5217e-05	0.081587	supercritical
1136.4	226.00	72.517	0.013790	828.80	1140.5	6.3387	0.85019	1.1212	659.08	-0.040617	5.5246e-05	0.081639	supercritical
1137.4	226.00	72.455	0.013802	829.65	1141.6	6.3397	0.85030	1.1213	659.33	-0.040661	5.5276e-05	0.081691	supercritical
1138.4	226.00	72.393	0.013813	830.51	1142.7	6.3407	0.85041	1.1214	659.58	-0.040705	5.5305e-05	0.081744	supercritical
1139.4	226.00	72.332	0.013825	831.37	1143.8	6.3417	0.85052	1.1215	659.83	-0.040749	5.5334e-05	0.081796	supercritical
1140.4	226.00	72.271	0.013837	832.22	1144.9	6.3427	0.85064	1.1216	660.08	-0.040792	5.5364e-05	0.081848	supercritical
1141.4	226.00	72.209	0.013849	833.08	1146.1	6.3437	0.85075	1.1217	660.34	-0.040836	5.5393e-05	0.081900	supercritical
1142.4	226.00	72.148	0.013860	833.94	1147.2	6.3446	0.85086	1.1218	660.59	-0.040880	5.5422e-05	0.081952	supercritical
1143.4	226.00	72.087	0.013872	834.79	1148.3	6.3456	0.85097	1.1218	660.84	-0.040923	5.5452e-05	0.082004	supercritical
1144.4	226.00	72.026	0.013884	835.65	1149.4	6.3466	0.85108	1.1219	661.09	-0.040967	5.5481e-05	0.082056	supercritical
1145.4	226.00	71.966	0.013896	836.51	1150.5	6.3476	0.85120	1.1220	661.34	-0.041010	5.5510e-05	0.082108	supercritical
1146.4	226.00	71.905	0.013907	837.36	1151.7	6.3486	0.85131	1.1221	661.60	-0.041053	5.5539e-05	0.082160	supercritical
1147.4	226.00	71.844	0.013919	838.22	1152.8	6.3495	0.85142	1.1222	661.85	-0.041097	5.5569e-05	0.082212	supercritical
1148.4	226.00	71.784	0.013931	839.08	1153.9	6.3505	0.85153	1.1223	662.10	-0.041140	5.5598e-05	0.082264	supercritical
1149.4	226.00	71.723	0.013942	839.94	1155.0	6.3515	0.85164	1.1224	662.35	-0.041183	5.5627e-05	0.082316	supercritical
1150.4	226.00	71.663	0.013954	840.79	1156.2	6.3525	0.85175	1.1225	662.60	-0.041226	5.5656e-05	0.082367	supercritical
1151.4	226.00	71.603	0.013966	841.65	1157.3	6.3535	0.85186	1.1226	662.85	-0.041268	5.5686e-05	0.082419	supercritical
1152.4	226.00	71.543	0.013978	842.51	1158.4	6.3544	0.85197	1.1226	663.10	-0.041311	5.5715e-05	0.082471	supercritical
1153.4	226.00	71.483	0.013989	843.37	1159.5	6.3554	0.85208	1.1227	663.35	-0.041354	5.5744e-05	0.082523	supercritical
1154.4	226.00	71.423	0.014001	844.22	1160.6	6.3564	0.85219	1.1228	663.60	-0.041396	5.5773e-05	0.082575	supercritical
1155.4	226.00	71.363	0.014013	845.08	1161.8	6.3573	0.85230	1.1229	663.85	-0.041439	5.5802e-05	0.082627	supercritical
1156.4	226.00	71.304	0.014025	845.94	1162.9	6.3583	0.85241	1.1230	664.11	-0.041481	5.5831e-05	0.082679	supercritical
1157.4	226.00	71.244	0.014036	846.80	1164.0	6.3593	0.85252	1.1231	664.36	-0.041523	5.5861e-05	0.082731	supercritical
1158.4	226.00	71.185	0.014048	847.66	1165.1	6.3603	0.85263	1.1232	664.61	-0.041566	5.5890e-05	0.082783	supercritical
1159.4	226.00	71.125	0.014060	848.51	1166.3	6.3612	0.85274	1.1233	664.86	-0.041608	5.5919e-05	0.082835	supercritical
1160.4	226.00	71.066	0.014071	849.37	1167.4	6.3622	0.85285	1.1234	665.11	-0.041650	5.5948e-05	0.082887	supercritical
1161.4	226.00	71.007	0.014083	850.23	1168.5	6.3632	0.85296	1.1234	665.36	-0.041692	5.5977e-05	0.082939	supercritical
1162.4	226.00	70.948	0.014095	851.09	1169.6	6.3641	0.85307	1.1235	665.61	-0.041733	5.6006e-05	0.082990	supercritical
1163.4	226.00	70.889	0.014107	851.95	1170.8	6.3651	0.85318	1.1236	665.86	-0.041775	5.6035e-05	0.083042	supercritical
1164.4	226.00	70.830	0.014118	852.81	1171.9	6.3661	0.85329	1.1237	666.11	-0.041817	5.6065e-05	0.083094	supercritical
1165.4	226.00	70.771	0.014130	853.67	1173.0	6.3670	0.85340	1.1238	666.36	-0.041858	5.6094e-05	0.083146	supercritical
1166.4	226.00	70.712	0.014142	854.52	1174.1	6.3680	0.85351	1.1239	666.60	-0.041900	5.6123e-05	0.083198	supercritical
1167.4	226.00	70.654	0.014153	855.38	1175.3	6.3690	0.85362	1.1240	666.85	-0.041941	5.6152e-05	0.083250	supercritical
1168.4	226.00	70.595	0.014165	856.24	1176.4	6.3699	0.85372	1.1241	667.10	-0.041983	5.6181e-05	0.083302	supercritical
1169.4	226.00	70.537	0.014177	857.10	1177.5	6.3709	0.85383	1.1241	667.35	-0.042024	5.6210e-05	0.083353	supercritical
1170.4	226.00	70.479	0.014189	857.96	1178.6	6.3718	0.85394	1.1242	667.60	-0.042065	5.6239e-05	0.083405	supercritical
1171.4	226.00	70.421	0.014200	858.82	1179.7	6.3728	0.85405	1.1243	667.85	-0.042106	5.6268e-05	0.083457	supercritical
1172.4	226.00	70.363	0.014212	859.68	1180.9	6.3738	0.85415	1.1244	668.10	-0.042147	5.6297e-05	0.083509	supercritical
1173.4	226.00	70.305	0.014224	860.54	1182.0	6.3747	0.85426	1.1245	668.35	-0.042188	5.6326e-05	0.083561	supercritical
1174.4	226.00	70.247	0.014236	861.40	1183.1	6.3757	0.85437	1.1246	668.60	-0.042229	5.6355e-05	0.083612	supercritical
1175.4	226.00	70.189	0.014247	862.26	1184.2	6.3766	0.85448	1.1247	668.85	-0.042269	5.6384e-05	0.083664	supercritical
1176.4	226.00	70.131	0.014259	863.12	1185.4	6.3776	0.85458	1.1248	669.09	-0.042310	5.6413e-05	0.083716	supercritical
1177.4	226.00	70.074	0.014271	863.98	1186.5	6.3785	0.85469	1.1248	669.34	-0.042351	5.6442e-05	0.083768	supercritical
1178.4	226.00	70.016	0.014282	864.84	1187.6	6.3795	0.85480	1.1249	669.59	-0.042391	5.6471e-05	0.083819	supercritical
1179.4	226.00	69.959	0.014294	865.70	1188.7	6.3805	0.85490	1.1250	669.84	-0.042431	5.6500e-05	0.083871	supercritical
1180.4	226.00	69.902	0.014306	866.56	1189.9	6.3814	0.85501	1.1251	670.09	-0.042472	5.6529e-05	0.083923	supercritical
1181.4	226.00	69.844	0.014318	867.42	1191.0	6.3824	0.85512	1.1252	670.34	-0.042512	5.6558e-05	0.083975	supercritical
1182.4	226.00	69.787	0.014329	868.28	1192.1	6.3833	0.85522	1.1253	670.58	-0.042552	5.6587e-05	0.084026	supercritical
1183.4	226.00	69.730	0.014341	869.14	1193.2	6.3843	0.85533	1.1254	670.83	-0.042592	5.6616e-05	0.084078	supercritical
1184.4	226.00	69.673	0.014353	870.00	1194.4	6.3852	0.85544	1.1255	671.08	-0.042632	5.6645e-05	0.084130	supercritical
1185.4	226.00	69.617	0.014364	870.86	1195.5	6.3862	0.85554	1.1255	671.33	-0.042672	5.6674e-05	0.084182	supercritical
1186.4	226.00	69.560	0.014376	871.72	1196.6	6.3871	0.85565	1.1256	671.57	-0.042712	5.6703e-05	0.084233	supercritical
1187.4	226.00	69.503	0.014388	872.58	1197.7	6.3881	0.85575	1.1257	671.82	-0.042751	5.6732e-05	0.084285	supercritical
1188.4	226.00	69.447	0.014400	873.45	1198.9	6.3890	0.85586	1.1258	672.07	-0.042791	5.6760e-05	0.084337	supercritical
1189.4	226.00	69.390	0.014411	874.31	1200.0	6.3900	0.85596	1.1259	672.32	-0.042831	5.6789e-05	0.084388	supercritical
1190.4	226.00	69.334	0.014423	875.17	1201.1	6.3909	0.85607	1.1260	672.56	-0.042870	5.6818e-05	0.084440	supercritical
1191.4	226.00	69.278	0.014435	876.03	1202.3	6.3919	0.85617	1.1261	672.81	-0.042910	5.6847e-05	0.084492	supercritical
1192.4	226.00	69.222	0.014446	876.89	1203.4	6.3928	0.85628	1.1261	673.06	-0.042949	5.6876e-05	0.084543	supercritical
1193.4	226.00	69.165	0.014458	877.75	1204.5	6.3937	0.85638	1.1262	673.30	-0.042988	5.6905e-05	0.084595	supercritical
1194.4	226.00	69.109	0.014470	878.61	1205.6	6.3947	0.85649	1.1263	673.55	-0.043027	5.6934e-05	0.084647	supercritical
1195.4	226.00	69.054	0.014482	879.48	1206.8	6.3956	0.85659	1.1264	673.80	-0.043066	5.6963e-05	0.084698	supercritical
1196.4	226.00	68.998	0.014493	880.34	1207.9	6.3966	0.85670	1.1265	674.04	-0.043105	5.6991e-05	0.084750	supercritical
1197.4	226.00	68.942	0.014505	881.20	1209.0	6.3975	0.85680	1.1266	674.29	-0.043144	5.7020e-05	0.084802	supercritical
1198.4	226.00	68.887	0.014517	882.06	1210.1	6.3985	0.85691	1.1267	674.54	-0.043183	5.7049e-05	0.084853	supercritical
1199.4	226.00	68.831	0.014528	882.92	1211.3	6.3994	0.85701	1.1267	674.78	-0.043222	5.7078e-05	0.084905	supercritical
1200.4	226.00	68.776	0.014540	883.79	1212.4	6.4003	0.85711	1.1268	675.03	-0.043261	5.7107e-05	0.084956	supercritical
1201.4	226.00	68.720	0.014552	884.65	1213.5	6.4013	0.85722	1.1269	675.27	-0.043299	5.7135e-05	0.085008	supercritical
1202.4	226.00	68.665	0.014563	885.51	1214.6	6.4022	0.85732	1.1270	675.52	-0.043338	5.7164e-05	0.085060	supercritical
1203.4	226.00	68.610	0.014575	886.37	1215.8	6.4031	0.85742	1.1271	675.77	-0.043376	5.7193e-05	0.085111	supercritical
1204.4	226.00	68.555	0.014587	887.24	1216.9	6.4041	0.85753	1.1272	676.01	-0.043414	5.7222e-05	0.085163	supercritical
1205.4	226.00	68.500	0.014599	888.10	1218.0	6.4050	0.85763	1.1272	676.26	-0.043453	5.7251e-05	0.085214	supercritical
1206.4	226.00	68.445	0.014610	888.96	1219.2	6.4059	0.85773	1.1273	676.50	-0.043491	5.7279e-05	0.085266	supercritical
1207.4	226.00	68.390	0.014622	889.82	1220.3	6.4069	0.85784	1.1274	676.75	-0.043529	5.7308e-05	0.085318	supercritical
1208.4	226.00	68.335	0.014634	890.69	1221.4	6.4078	0.85794	1.1275	676.99	-0.043567	5.7337e-05	0.085369	supercritical
1209.4	226.00	68.281	0.014645	891.55	1222.5	6.4088	0.85804	1.1276	677.24	-0.043605	5.7365e-05	0.085421	supercritical
1210.4	226.00	68.226	0.014657	892.41	1223.7	6.4097	0.85814	1.1277	677.48	-0.043643	5.7394e-05	0.085472	supercritical
1211.4	226.00	68.172	0.014669	893.28	1224.8	6.4106	0.85825	1.1278	677.73	-0.043681	5.7423e-05	0.085524	supercritical
1212.4	226.00	68.118	0.014681	894.14	1225.9	6.4115	0.85835	1.1278	677.97	-0.043719	5.7452e-05	0.085575	supercritical
1213.4	226.00	68.063	0.014692	895.00	1227.0	6.4125	0.85845	1.1279	678.22	-0.043756	5.7480e-05	0.085627	supercritical
1214.4	226.00	68.009	0.014704	895.87	1228.2	6.4134	0.85855	1.1280	678.46	-0.043794	5.7509e-05	0.085678	supercritical
1215.4	226.00	67.955	0.014716	896.73	1229.3	6.4143	0.85866	1.1281	678.71	-0.043831	5.7538e-05	0.085730	supercritical
1216.4	226.00	67.901	0.014727	897.59	1230.4	6.4153	0.85876	1.1282	678.95	-0.043869	5.7566e-05	0.085781	supercritical
1217.4	226.00	67.847	0.014739	898.46	1231.6	6.4162	0.85886	1.1283	679.20	-0.043906	5.7595e-05	0.085833	supercritical
1218.4	226.00	67.793	0.014751	899.32	1232.7	6.4171	0.85896	1.1283	679.44	-0.043944	5.7624e-05	0.085884	supercritical
1219.4	226.00	67.740	0.014762	900.18	1233.8	6.4180	0.85906	1.1284	679.69	-0.043981	5.7652e-05	0.085936	supercritical
1220.4	226.00	67.686	0.014774	901.05	1234.9	6.4190	0.85916	1.1285	679.93	-0.044018	5.7681e-05	0.085987	supercritical
1221.4	226.00	67.632	0.014786	901.91	1236.1	6.4199	0.85926	1.1286	680.17	-0.044055	5.7710e-05	0.086039	supercritical
1222.4	226.00	67.579	0.014798	902.78	1237.2	6.4208	0.85937	1.1287	680.42	-0.044092	5.7738e-05	0.086090	supercritical
1223.4	226.00	67.526	0.014809	903.64	1238.3	6.4217	0.85947	1.1288	680.66	-0.044129	5.7767e-05	0.086142	supercritical
1224.4	226.00	67.472	0.014821	904.51	1239.5	6.4227	0.85957	1.1288	680.90	-0.044166	5.7796e-05	0.086193	supercritical
1225.4	226.00	67.419	0.014833	905.37	1240.6	6.4236	0.85967	1.1289	681.15	-0.044203	5.7824e-05	0.086245	supercritical
1226.4	226.00	67.366	0.014844	906.24	1241.7	6.4245	0.85977	1.1290	681.39	-0.044239	5.7853e-05	0.086296	supercritical
1227.4	226.00	67.313	0.014856	907.10	1242.8	6.4254	0.85987	1.1291	681.64	-0.044276	5.7881e-05	0.086347	supercritical
1228.4	226.00	67.260	0.014868	907.96	1244.0	6.4263	0.85997	1.1292	681.88	-0.044312	5.7910e-05	0.086399	supercritical
1229.4	226.00	67.207	0.014879	908.83	1245.1	6.4273	0.86007	1.1293	682.12	-0.044349	5.7938e-05	0.086450	supercritical
1230.4	226.00	67.154	0.014891	909.69	1246.2	6.4282	0.86017	1.1293	682.37	-0.044385	5.7967e-05	0.086502	supercritical
1231.4	226.00	67.102	0.014903	910.56	1247.4	6.4291	0.86027	1.1294	682.61	-0.044422	5.7996e-05	0.086553	supercritical
1232.4	226.00	67.049	0.014914	911.42	1248.5	6.4300	0.86037	1.1295	682.85	-0.044458	5.8024e-05	0.086604	supercritical
1233.4	226.00	66.996	0.014926	912.29	1249.6	6.4309	0.86047	1.1296	683.09	-0.044494	5.8053e-05	0.086656	supercritical
1234.4	226.00	66.944	0.014938	913.16	1250.8	6.4318	0.86057	1.1297	683.34	-0.044530	5.8081e-05	0.086707	supercritical
1235.4	226.00	66.892	0.014950	914.02	1251.9	6.4328	0.86067	1.1297	683.58	-0.044566	5.8110e-05	0.086759	supercritical
1236.4	226.00	66.839	0.014961	914.89	1253.0	6.4337	0.86077	1.1298	683.82	-0.044602	5.8138e-05	0.086810	supercritical
1237.4	226.00	66.787	0.014973	915.75	1254.1	6.4346	0.86087	1.1299	684.07	-0.044638	5.8167e-05	0.086861	supercritical
1238.4	226.00	66.735	0.014985	916.62	1255.3	6.4355	0.86097	1.1300	684.31	-0.044674	5.8195e-05	0.086913	supercritical
1239.4	226.00	66.683	0.014996	917.48	1256.4	6.4364	0.86107	1.1301	684.55	-0.044710	5.8224e-05	0.086964	supercritical
1240.4	226.00	66.631	0.015008	918.35	1257.5	6.4373	0.86116	1.1302	684.79	-0.044745	5.8252e-05	0.087015	supercritical
1241.4	226.00	66.579	0.015020	919.22	1258.7	6.4382	0.86126	1.1302	685.03	-0.044781	5.8281e-05	0.087067	supercritical
1242.4	226.00	66.527	0.015031	920.08	1259.8	6.4391	0.86136	1.1303	685.28	-0.044817	5.8309e-05	0.087118	supercritical
1243.4	226.00	66.476	0.015043	920.95	1260.9	6.4401	0.86146	1.1304	685.52	-0.044852	5.8338e-05	0.087169	supercritical
1244.4	226.00	66.424	0.015055	921.81	1262.1	6.4410	0.86156	1.1305	685.76	-0.044888	5.8366e-05	0.087221	supercritical
1245.4	226.00	66.373	0.015066	922.68	1263.2	6.4419	0.86166	1.1306	686.00	-0.044923	5.8395e-05	0.087272	supercritical
1246.4	226.00	66.321	0.015078	923.55	1264.3	6.4428	0.86176	1.1307	686.24	-0.044958	5.8423e-05	0.087323	supercritical
1247.4	226.00	66.270	0.015090	924.41	1265.4	6.4437	0.86185	1.1307	686.49	-0.044993	5.8452e-05	0.087375	supercritical
1248.4	226.00	66.218	0.015102	925.28	1266.6	6.4446	0.86195	1.1308	686.73	-0.045029	5.8480e-05	0.087426	supercritical
1249.4	226.00	66.167	0.015113	926.15	1267.7	6.4455	0.86205	1.1309	686.97	-0.045064	5.8508e-05	0.087477	supercritical
1250.4	226.00	66.116	0.015125	927.01	1268.8	6.4464	0.86215	1.1310	687.21	-0.045099	5.8537e-05	0.087528	supercritical
1251.4	226.00	66.065	0.015137	927.88	1270.0	6.4473	0.86225	1.1311	687.45	-0.045133	5.8565e-05	0.087580	supercritical
1252.4	226.00	66.014	0.015148	928.75	1271.1	6.4482	0.86234	1.1311	687.69	-0.045168	5.8594e-05	0.087631	supercritical
1253.4	226.00	65.963	0.015160	929.61	1272.2	6.4491	0.86244	1.1312	687.93	-0.045203	5.8622e-05	0.087682	supercritical
1254.4	226.00	65.912	0.015172	930.48	1273.4	6.4500	0.86254	1.1313	688.17	-0.045238	5.8650e-05	0.087734	supercritical
1255.4	226.00	65.862	0.015183	931.35	1274.5	6.4509	0.86264	1.1314	688.42	-0.045273	5.8679e-05	0.087785	supercritical
1256.4	226.00	65.811	0.015195	932.22	1275.6	6.4518	0.86273	1.1315	688.66	-0.045307	5.8707e-05	0.087836	supercritical
1257.4	226.00	65.760	0.015207	933.08	1276.8	6.4527	0.86283	1.1315	688.90	-0.045342	5.8736e-05	0.087887	supercritical
1258.4	226.00	65.710	0.015218	933.95	1277.9	6.4536	0.86293	1.1316	689.14	-0.045376	5.8764e-05	0.087938	supercritical
1259.4	226.00	65.659	0.015230	934.82	1279.0	6.4545	0.86302	1.1317	689.38	-0.045410	5.8792e-05	0.087990	supercritical
1260.4	226.00	65.609	0.015242	935.69	1280.1	6.4554	0.86312	1.1318	689.62	-0.045445	5.8821e-05	0.088041	supercritical
1261.4	226.00	65.559	0.015253	936.55	1281.3	6.4563	0.86322	1.1319	689.86	-0.045479	5.8849e-05	0.088092	supercritical
1262.4	226.00	65.509	0.015265	937.42	1282.4	6.4572	0.86331	1.1319	690.10	-0.045513	5.8877e-05	0.088143	supercritical
1263.4	226.00	65.459	0.015277	938.29	1283.5	6.4581	0.86341	1.1320	690.34	-0.045547	5.8906e-05	0.088195	supercritical
1264.4	226.00	65.409	0.015289	939.16	1284.7	6.4590	0.86351	1.1321	690.58	-0.045581	5.8934e-05	0.088246	supercritical
1265.4	226.00	65.359	0.015300	940.03	1285.8	6.4599	0.86360	1.1322	690.82	-0.045615	5.8962e-05	0.088297	supercritical
1266.4	226.00	65.309	0.015312	940.89	1286.9	6.4608	0.86370	1.1323	691.06	-0.045649	5.8991e-05	0.088348	supercritical
1267.4	226.00	65.259	0.015324	941.76	1288.1	6.4617	0.86379	1.1323	691.30	-0.045683	5.9019e-05	0.088399	supercritical
1268.4	226.00	65.209	0.015335	942.63	1289.2	6.4626	0.86389	1.1324	691.54	-0.045717	5.9047e-05	0.088450	supercritical
1269.4	226.00	65.160	0.015347	943.50	1290.3	6.4635	0.86399	1.1325	691.78	-0.045751	5.9075e-05	0.088502	supercritical
1270.4	226.00	65.110	0.015359	944.37	1291.5	6.4644	0.86408	1.1326	692.02	-0.045784	5.9104e-05	0.088553	supercritical
1271.4	226.00	65.061	0.015370	945.24	1292.6	6.4653	0.86418	1.1327	692.26	-0.045818	5.9132e-05	0.088604	supercritical
1272.4	226.00	65.011	0.015382	946.10	1293.7	6.4661	0.86427	1.1327	692.50	-0.045851	5.9160e-05	0.088655	supercritical
1273.4	226.00	64.962	0.015394	946.97	1294.9	6.4670	0.86437	1.1328	692.73	-0.045885	5.9188e-05	0.088706	supercritical
1274.4	226.00	64.913	0.015405	947.84	1296.0	6.4679	0.86446	1.1329	692.97	-0.045918	5.9217e-05	0.088757	supercritical
1275.4	226.00	64.863	0.015417	948.71	1297.1	6.4688	0.86456	1.1330	693.21	-0.045952	5.9245e-05	0.088808	supercritical
1276.4	226.00	64.814	0.015429	949.58	1298.3	6.4697	0.86465	1.1331	693.45	-0.045985	5.9273e-05	0.088859	supercritical
1277.4	226.00	64.765	0.015440	950.45	1299.4	6.4706	0.86475	1.1331	693.69	-0.046018	5.9301e-05	0.088911	supercritical
1278.4	226.00	64.716	0.015452	951.32	1300.5	6.4715	0.86484	1.1332	693.93	-0.046051	5.9330e-05	0.088962	supercritical
1279.4	226.00	64.667	0.015464	952.19	1301.7	6.4724	0.86494	1.1333	694.17	-0.046084	5.9358e-05	0.089013	supercritical
1280.4	226.00	64.619	0.015475	953.06	1302.8	6.4732	0.86503	1.1334	694.41	-0.046117	5.9386e-05	0.089064	supercritical
1281.4	226.00	64.570	0.015487	953.93	1303.9	6.4741	0.86513	1.1335	694.65	-0.046150	5.9414e-05	0.089115	supercritical
1282.4	226.00	64.521	0.015499	954.80	1305.1	6.4750	0.86522	1.1335	694.88	-0.046183	5.9442e-05	0.089166	supercritical
1283.4	226.00	64.473	0.015510	955.67	1306.2	6.4759	0.86532	1.1336	695.12	-0.046216	5.9470e-05	0.089217	supercritical
1284.4	226.00	64.424	0.015522	956.54	1307.3	6.4768	0.86541	1.1337	695.36	-0.046249	5.9499e-05	0.089268	supercritical
1285.4	226.00	64.376	0.015534	957.41	1308.5	6.4777	0.86551	1.1338	695.60	-0.046281	5.9527e-05	0.089319	supercritical
1286.4	226.00	64.327	0.015545	958.28	1309.6	6.4785	0.86560	1.1339	695.84	-0.046314	5.9555e-05	0.089370	supercritical
1287.4	226.00	64.279	0.015557	959.15	1310.7	6.4794	0.86569	1.1339	696.07	-0.046346	5.9583e-05	0.089421	supercritical
1288.4	226.00	64.231	0.015569	960.02	1311.9	6.4803	0.86579	1.1340	696.31	-0.046379	5.9611e-05	0.089472	supercritical
1289.4	226.00	64.183	0.015581	960.89	1313.0	6.4812	0.86588	1.1341	696.55	-0.046411	5.9639e-05	0.089523	supercritical
1290.4	226.00	64.135	0.015592	961.76	1314.1	6.4821	0.86598	1.1342	696.79	-0.046444	5.9668e-05	0.089574	supercritical
1291.4	226.00	64.087	0.015604	962.63	1315.3	6.4829	0.86607	1.1343	697.03	-0.046476	5.9696e-05	0.089625	supercritical
1292.4	226.00	64.039	0.015616	963.50	1316.4	6.4838	0.86616	1.1343	697.26	-0.046508	5.9724e-05	0.089676	supercritical
1293.4	226.00	63.991	0.015627	964.37	1317.5	6.4847	0.86626	1.1344	697.50	-0.046540	5.9752e-05	0.089727	supercritical
1294.4	226.00	63.943	0.015639	965.24	1318.7	6.4856	0.86635	1.1345	697.74	-0.046573	5.9780e-05	0.089778	supercritical
1295.4	226.00	63.895	0.015651	966.11	1319.8	6.4865	0.86644	1.1346	697.97	-0.046605	5.9808e-05	0.089829	supercritical
1296.4	226.00	63.848	0.015662	966.98	1320.9	6.4873	0.86654	1.1347	698.21	-0.046637	5.9836e-05	0.089880	supercritical
1297.4	226.00	63.800	0.015674	967.85	1322.1	6.4882	0.86663	1.1347	698.45	-0.046669	5.9864e-05	0.089931	supercritical
1298.4	226.00	63.753	0.015686	968.72	1323.2	6.4891	0.86672	1.1348	698.69	-0.046700	5.9892e-05	0.089982	supercritical
1299.4	226.00	63.705	0.015697	969.59	1324.4	6.4900	0.86682	1.1349	698.92	-0.046732	5.9920e-05	0.090033	supercritical
1300.4	226.00	63.658	0.015709	970.46	1325.5	6.4908	0.86691	1.1350	699.16	-0.046764	5.9948e-05	0.090084	supercritical
1301.4	226.00	63.611	0.015721	971.33	1326.6	6.4917	0.86700	1.1350	699.40	-0.046796	5.9976e-05	0.090135	supercritical
1302.4	226.00	63.564	0.015732	972.21	1327.8	6.4926	0.86709	1.1351	699.63	-0.046827	6.0004e-05	0.090186	supercritical
1303.4	226.00	63.516	0.015744	973.08	1328.9	6.4934	0.86719	1.1352	699.87	-0.046859	6.0033e-05	0.090237	supercritical
1304.4	226.00	63.469	0.015756	973.95	1330.0	6.4943	0.86728	1.1353	700.11	-0.046890	6.0061e-05	0.090288	supercritical
1305.4	226.00	63.422	0.015767	974.82	1331.2	6.4952	0.86737	1.1354	700.34	-0.046922	6.0089e-05	0.090339	supercritical
1306.4	226.00	63.376	0.015779	975.69	1332.3	6.4960	0.86746	1.1354	700.58	-0.046953	6.0117e-05	0.090390	supercritical
1307.4	226.00	63.329	0.015791	976.56	1333.4	6.4969	0.86756	1.1355	700.82	-0.046985	6.0145e-05	0.090441	supercritical
1308.4	226.00	63.282	0.015802	977.44	1334.6	6.4978	0.86765	1.1356	701.05	-0.047016	6.0173e-05	0.090492	supercritical
1309.4	226.00	63.235	0.015814	978.31	1335.7	6.4987	0.86774	1.1357	701.29	-0.047047	6.0201e-05	0.090543	supercritical
1310.4	226.00	63.189	0.015826	979.18	1336.8	6.4995	0.86783	1.1357	701.52	-0.047078	6.0229e-05	0.090594	supercritical
1311.4	226.00	63.142	0.015837	980.05	1338.0	6.5004	0.86792	1.1358	701.76	-0.047109	6.0257e-05	0.090644	supercritical
1312.4	226.00	63.096	0.015849	980.92	1339.1	6.5013	0.86801	1.1359	701.99	-0.047140	6.0285e-05	0.090695	supercritical
1313.4	226.00	63.049	0.015861	981.80	1340.2	6.5021	0.86811	1.1360	702.23	-0.047171	6.0312e-05	0.090746	supercritical
1314.4	226.00	63.003	0.015872	982.67	1341.4	6.5030	0.86820	1.1361	702.47	-0.047202	6.0340e-05	0.090797	supercritical
1315.4	226.00	62.956	0.015884	983.54	1342.5	6.5038	0.86829	1.1361	702.70	-0.047233	6.0368e-05	0.090848	supercritical
1316.4	226.00	62.910	0.015896	984.41	1343.7	6.5047	0.86838	1.1362	702.94	-0.047264	6.0396e-05	0.090899	supercritical
1317.4	226.00	62.864	0.015907	985.29	1344.8	6.5056	0.86847	1.1363	703.17	-0.047295	6.0424e-05	0.090950	supercritical
1318.4	226.00	62.818	0.015919	986.16	1345.9	6.5064	0.86856	1.1364	703.41	-0.047325	6.0452e-05	0.091001	supercritical
1319.4	226.00	62.772	0.015931	987.03	1347.1	6.5073	0.86865	1.1364	703.64	-0.047356	6.0480e-05	0.091051	supercritical
1320.4	226.00	62.726	0.015942	987.90	1348.2	6.5082	0.86875	1.1365	703.88	-0.047387	6.0508e-05	0.091102	supercritical
1321.4	226.00	62.680	0.015954	988.78	1349.3	6.5090	0.86884	1.1366	704.11	-0.047417	6.0536e-05	0.091153	supercritical
1322.4	226.00	62.634	0.015966	989.65	1350.5	6.5099	0.86893	1.1367	704.35	-0.047447	6.0564e-05	0.091204	supercritical
1323.4	226.00	62.589	0.015977	990.52	1351.6	6.5107	0.86902	1.1368	704.58	-0.047478	6.0592e-05	0.091255	supercritical
1324.4	226.00	62.543	0.015989	991.40	1352.7	6.5116	0.86911	1.1368	704.82	-0.047508	6.0620e-05	0.091306	supercritical
1325.4	226.00	62.497	0.016001	992.27	1353.9	6.5125	0.86920	1.1369	705.05	-0.047538	6.0648e-05	0.091356	supercritical
1326.4	226.00	62.452	0.016012	993.14	1355.0	6.5133	0.86929	1.1370	705.29	-0.047569	6.0675e-05	0.091407	supercritical
1327.4	226.00	62.406	0.016024	994.02	1356.2	6.5142	0.86938	1.1371	705.52	-0.047599	6.0703e-05	0.091458	supercritical
1328.4	226.00	62.361	0.016036	994.89	1357.3	6.5150	0.86947	1.1371	705.75	-0.047629	6.0731e-05	0.091509	supercritical
1329.4	226.00	62.316	0.016047	995.76	1358.4	6.5159	0.86956	1.1372	705.99	-0.047659	6.0759e-05	0.091560	supercritical
1330.4	226.00	62.270	0.016059	996.64	1359.6	6.5167	0.86965	1.1373	706.22	-0.047689	6.0787e-05	0.091610	supercritical
1331.4	226.00	62.225	0.016071	997.51	1360.7	6.5176	0.86974	1.1374	706.46	-0.047719	6.0815e-05	0.091661	supercritical
1332.4	226.00	62.180	0.016082	998.38	1361.8	6.5184	0.86983	1.1374	706.69	-0.047749	6.0843e-05	0.091712	supercritical
1333.4	226.00	62.135	0.016094	999.26	1363.0	6.5193	0.86992	1.1375	706.93	-0.047779	6.0870e-05	0.091763	supercritical
1334.4	226.00	62.090	0.016106	1000.1	1364.1	6.5202	0.87001	1.1376	707.16	-0.047808	6.0898e-05	0.091813	supercritical
1335.4	226.00	62.045	0.016117	1001.0	1365.3	6.5210	0.87010	1.1377	707.39	-0.047838	6.0926e-05	0.091864	supercritical
1336.4	226.00	62.000	0.016129	1001.9	1366.4	6.5219	0.87019	1.1377	707.63	-0.047868	6.0954e-05	0.091915	supercritical
1337.4	226.00	61.956	0.016141	1002.8	1367.5	6.5227	0.87028	1.1378	707.86	-0.047897	6.0982e-05	0.091966	supercritical
1338.4	226.00	61.911	0.016152	1003.6	1368.7	6.5236	0.87037	1.1379	708.09	-0.047927	6.1009e-05	0.092016	supercritical
1339.4	226.00	61.866	0.016164	1004.5	1369.8	6.5244	0.87046	1.1380	708.33	-0.047956	6.1037e-05	0.092067	supercritical
1340.4	226.00	61.822	0.016176	1005.4	1370.9	6.5253	0.87055	1.1381	708.56	-0.047986	6.1065e-05	0.092118	supercritical
1341.4	226.00	61.777	0.016187	1006.3	1372.1	6.5261	0.87064	1.1381	708.79	-0.048015	6.1093e-05	0.092169	supercritical
1342.4	226.00	61.733	0.016199	1007.1	1373.2	6.5270	0.87073	1.1382	709.03	-0.048045	6.1121e-05	0.092219	supercritical
1343.4	226.00	61.688	0.016211	1008.0	1374.4	6.5278	0.87082	1.1383	709.26	-0.048074	6.1148e-05	0.092270	supercritical
1344.4	226.00	61.644	0.016222	1008.9	1375.5	6.5286	0.87091	1.1384	709.49	-0.048103	6.1176e-05	0.092321	supercritical
1345.4	226.00	61.600	0.016234	1009.8	1376.6	6.5295	0.87100	1.1384	709.73	-0.048132	6.1204e-05	0.092371	supercritical
1346.4	226.00	61.555	0.016246	1010.6	1377.8	6.5303	0.87108	1.1385	709.96	-0.048161	6.1232e-05	0.092422	supercritical
1347.4	226.00	61.511	0.016257	1011.5	1378.9	6.5312	0.87117	1.1386	710.19	-0.048190	6.1259e-05	0.092473	supercritical
1348.4	226.00	61.467	0.016269	1012.4	1380.1	6.5320	0.87126	1.1387	710.42	-0.048219	6.1287e-05	0.092523	supercritical
1349.4	226.00	61.423	0.016281	1013.3	1381.2	6.5329	0.87135	1.1387	710.66	-0.048248	6.1315e-05	0.092574	supercritical
1350.4	226.00	61.379	0.016292	1014.1	1382.3	6.5337	0.87144	1.1388	710.89	-0.048277	6.1343e-05	0.092625	supercritical
1351.4	226.00	61.335	0.016304	1015.0	1383.5	6.5346	0.87153	1.1389	711.12	-0.048306	6.1370e-05	0.092675	supercritical
1352.4	226.00	61.291	0.016315	1015.9	1384.6	6.5354	0.87162	1.1390	711.35	-0.048335	6.1398e-05	0.092726	supercritical
1353.4	226.00	61.248	0.016327	1016.8	1385.7	6.5362	0.87170	1.1390	711.59	-0.048363	6.1426e-05	0.092777	supercritical
1354.4	226.00	61.204	0.016339	1017.6	1386.9	6.5371	0.87179	1.1391	711.82	-0.048392	6.1453e-05	0.092827	supercritical
1355.4	226.00	61.160	0.016350	1018.5	1388.0	6.5379	0.87188	1.1392	712.05	-0.048421	6.1481e-05	0.092878	supercritical
1356.4	226.00	61.117	0.016362	1019.4	1389.2	6.5388	0.87197	1.1393	712.28	-0.048449	6.1509e-05	0.092929	supercritical
1357.4	226.00	61.073	0.016374	1020.3	1390.3	6.5396	0.87206	1.1393	712.51	-0.048478	6.1536e-05	0.092979	supercritical
1358.4	226.00	61.030	0.016385	1021.1	1391.4	6.5404	0.87215	1.1394	712.75	-0.048506	6.1564e-05	0.093030	supercritical
1359.4	226.00	60.986	0.016397	1022.0	1392.6	6.5413	0.87223	1.1395	712.98	-0.048535	6.1592e-05	0.093080	supercritical
1360.4	226.00	60.943	0.016409	1022.9	1393.7	6.5421	0.87232	1.1396	713.21	-0.048563	6.1619e-05	0.093131	supercritical
1361.4	226.00	60.900	0.016420	1023.8	1394.9	6.5430	0.87241	1.1396	713.44	-0.048591	6.1647e-05	0.093182	supercritical
1362.4	226.00	60.857	0.016432	1024.6	1396.0	6.5438	0.87250	1.1397	713.67	-0.048620	6.1675e-05	0.093232	supercritical
1363.4	226.00	60.814	0.016444	1025.5	1397.1	6.5446	0.87259	1.1398	713.90	-0.048648	6.1702e-05	0.093283	supercritical
1364.4	226.00	60.770	0.016455	1026.4	1398.3	6.5455	0.87267	1.1399	714.14	-0.048676	6.1730e-05	0.093333	supercritical
1365.4	226.00	60.727	0.016467	1027.3	1399.4	6.5463	0.87276	1.1399	714.37	-0.048704	6.1758e-05	0.093384	supercritical
1366.4	226.00	60.684	0.016479	1028.1	1400.6	6.5471	0.87285	1.1400	714.60	-0.048732	6.1785e-05	0.093435	supercritical
1367.4	226.00	60.642	0.016490	1029.0	1401.7	6.5480	0.87294	1.1401	714.83	-0.048760	6.1813e-05	0.093485	supercritical
1368.4	226.00	60.599	0.016502	1029.9	1402.8	6.5488	0.87302	1.1402	715.06	-0.048788	6.1840e-05	0.093536	supercritical
1369.4	226.00	60.556	0.016514	1030.8	1404.0	6.5496	0.87311	1.1402	715.29	-0.048816	6.1868e-05	0.093586	supercritical
1370.4	226.00	60.513	0.016525	1031.7	1405.1	6.5505	0.87320	1.1403	715.52	-0.048844	6.1896e-05	0.093637	supercritical
1371.4	226.00	60.471	0.016537	1032.5	1406.3	6.5513	0.87328	1.1404	715.75	-0.048871	6.1923e-05	0.093687	supercritical
1372.4	226.00	60.428	0.016549	1033.4	1407.4	6.5521	0.87337	1.1405	715.98	-0.048899	6.1951e-05	0.093738	supercritical
1373.4	226.00	60.386	0.016560	1034.3	1408.5	6.5530	0.87346	1.1405	716.21	-0.048927	6.1978e-05	0.093788	supercritical
1374.4	226.00	60.343	0.016572	1035.2	1409.7	6.5538	0.87354	1.1406	716.44	-0.048955	6.2006e-05	0.093839	supercritical
1375.4	226.00	60.301	0.016584	1036.0	1410.8	6.5546	0.87363	1.1407	716.67	-0.048982	6.2033e-05	0.093889	supercritical
1376.4	226.00	60.258	0.016595	1036.9	1412.0	6.5555	0.87372	1.1408	716.90	-0.049010	6.2061e-05	0.093940	supercritical
1377.4	226.00	60.216	0.016607	1037.8	1413.1	6.5563	0.87381	1.1408	717.14	-0.049037	6.2089e-05	0.093991	supercritical
1378.4	226.00	60.174	0.016618	1038.7	1414.2	6.5571	0.87389	1.1409	717.37	-0.049064	6.2116e-05	0.094041	supercritical
1379.4	226.00	60.132	0.016630	1039.5	1415.4	6.5579	0.87398	1.1410	717.60	-0.049092	6.2144e-05	0.094092	supercritical
1380.4	226.00	60.090	0.016642	1040.4	1416.5	6.5588	0.87406	1.1411	717.83	-0.049119	6.2171e-05	0.094142	supercritical
1381.4	226.00	60.048	0.016653	1041.3	1417.7	6.5596	0.87415	1.1411	718.06	-0.049146	6.2199e-05	0.094192	supercritical
1382.4	226.00	60.006	0.016665	1042.2	1418.8	6.5604	0.87424	1.1412	718.29	-0.049174	6.2226e-05	0.094243	supercritical
1383.4	226.00	59.964	0.016677	1043.1	1420.0	6.5612	0.87432	1.1413	718.51	-0.049201	6.2254e-05	0.094293	supercritical
1384.4	226.00	59.922	0.016688	1043.9	1421.1	6.5621	0.87441	1.1414	718.74	-0.049228	6.2281e-05	0.094344	supercritical
1385.4	226.00	59.880	0.016700	1044.8	1422.2	6.5629	0.87450	1.1414	718.97	-0.049255	6.2309e-05	0.094394	supercritical
1386.4	226.00	59.838	0.016712	1045.7	1423.4	6.5637	0.87458	1.1415	719.20	-0.049282	6.2336e-05	0.094445	supercritical
1387.4	226.00	59.797	0.016723	1046.6	1424.5	6.5645	0.87467	1.1416	719.43	-0.049309	6.2364e-05	0.094495	supercritical
1388.4	226.00	59.755	0.016735	1047.4	1425.7	6.5654	0.87475	1.1417	719.66	-0.049336	6.2391e-05	0.094546	supercritical
1389.4	226.00	59.713	0.016747	1048.3	1426.8	6.5662	0.87484	1.1417	719.89	-0.049363	6.2419e-05	0.094596	supercritical
1390.4	226.00	59.672	0.016758	1049.2	1427.9	6.5670	0.87493	1.1418	720.12	-0.049390	6.2446e-05	0.094647	supercritical
1391.4	226.00	59.631	0.016770	1050.1	1429.1	6.5678	0.87501	1.1419	720.35	-0.049416	6.2474e-05	0.094697	supercritical
1392.4	226.00	59.589	0.016782	1051.0	1430.2	6.5686	0.87510	1.1420	720.58	-0.049443	6.2501e-05	0.094747	supercritical
1393.4	226.00	59.548	0.016793	1051.8	1431.4	6.5695	0.87518	1.1420	720.81	-0.049470	6.2528e-05	0.094798	supercritical
1394.4	226.00	59.507	0.016805	1052.7	1432.5	6.5703	0.87527	1.1421	721.04	-0.049496	6.2556e-05	0.094848	supercritical
1395.4	226.00	59.465	0.016817	1053.6	1433.7	6.5711	0.87535	1.1422	721.27	-0.049523	6.2583e-05	0.094899	supercritical
1396.4	226.00	59.424	0.016828	1054.5	1434.8	6.5719	0.87544	1.1423	721.49	-0.049550	6.2611e-05	0.094949	supercritical
1397.4	226.00	59.383	0.016840	1055.4	1435.9	6.5727	0.87553	1.1423	721.72	-0.049576	6.2638e-05	0.094999	supercritical
1398.4	226.00	59.342	0.016851	1056.2	1437.1	6.5736	0.87561	1.1424	721.95	-0.049602	6.2666e-05	0.095050	supercritical
1399.4	226.00	59.301	0.016863	1057.1	1438.2	6.5744	0.87570	1.1425	722.18	-0.049629	6.2693e-05	0.095100	supercritical
1400.4	226.00	59.260	0.016875	1058.0	1439.4	6.5752	0.87578	1.1426	722.41	-0.049655	6.2720e-05	0.095151	supercritical
1401.4	226.00	59.219	0.016886	1058.9	1440.5	6.5760	0.87587	1.1426	722.64	-0.049681	6.2748e-05	0.095201	supercritical
1402.4	226.00	59.178	0.016898	1059.8	1441.7	6.5768	0.87595	1.1427	722.87	-0.049708	6.2775e-05	0.095251	supercritical
1403.4	226.00	59.138	0.016910	1060.6	1442.8	6.5776	0.87604	1.1428	723.09	-0.049734	6.2803e-05	0.095302	supercritical
1404.4	226.00	59.097	0.016921	1061.5	1443.9	6.5785	0.87612	1.1428	723.32	-0.049760	6.2830e-05	0.095352	supercritical
1405.4	226.00	59.056	0.016933	1062.4	1445.1	6.5793	0.87621	1.1429	723.55	-0.049786	6.2857e-05	0.095402	supercritical
1406.4	226.00	59.016	0.016945	1063.3	1446.2	6.5801	0.87629	1.1430	723.78	-0.049812	6.2885e-05	0.095453	supercritical
1407.4	226.00	58.975	0.016956	1064.2	1447.4	6.5809	0.87638	1.1431	724.01	-0.049838	6.2912e-05	0.095503	supercritical
1408.4	226.00	58.935	0.016968	1065.0	1448.5	6.5817	0.87646	1.1431	724.23	-0.049864	6.2939e-05	0.095553	supercritical
1409.4	226.00	58.894	0.016980	1065.9	1449.7	6.5825	0.87655	1.1432	724.46	-0.049890	6.2967e-05	0.095604	supercritical
1410.4	226.00	58.854	0.016991	1066.8	1450.8	6.5833	0.87663	1.1433	724.69	-0.049916	6.2994e-05	0.095654	supercritical
1411.4	226.00	58.814	0.017003	1067.7	1451.9	6.5841	0.87671	1.1434	724.92	-0.049942	6.3021e-05	0.095704	supercritical
1412.4	226.00	58.773	0.017014	1068.6	1453.1	6.5849	0.87680	1.1434	725.14	-0.049967	6.3049e-05	0.095755	supercritical
1413.4	226.00	58.733	0.017026	1069.4	1454.2	6.5858	0.87688	1.1435	725.37	-0.049993	6.3076e-05	0.095805	supercritical
1414.4	226.00	58.693	0.017038	1070.3	1455.4	6.5866	0.87697	1.1436	725.60	-0.050019	6.3103e-05	0.095855	supercritical
1415.4	226.00	58.653	0.017049	1071.2	1456.5	6.5874	0.87705	1.1437	725.82	-0.050044	6.3131e-05	0.095906	supercritical
1416.4	226.00	58.613	0.017061	1072.1	1457.7	6.5882	0.87714	1.1437	726.05	-0.050070	6.3158e-05	0.095956	supercritical
1417.4	226.00	58.573	0.017073	1073.0	1458.8	6.5890	0.87722	1.1438	726.28	-0.050096	6.3185e-05	0.096006	supercritical
1418.4	226.00	58.533	0.017084	1073.8	1459.9	6.5898	0.87730	1.1439	726.51	-0.050121	6.3213e-05	0.096057	supercritical
1419.4	226.00	58.493	0.017096	1074.7	1461.1	6.5906	0.87739	1.1439	726.73	-0.050146	6.3240e-05	0.096107	supercritical
1420.4	226.00	58.454	0.017108	1075.6	1462.2	6.5914	0.87747	1.1440	726.96	-0.050172	6.3267e-05	0.096157	supercritical
1421.4	226.00	58.414	0.017119	1076.5	1463.4	6.5922	0.87756	1.1441	727.19	-0.050197	6.3294e-05	0.096207	supercritical
1422.4	226.00	58.374	0.017131	1077.4	1464.5	6.5930	0.87764	1.1442	727.41	-0.050223	6.3322e-05	0.096258	supercritical
1423.4	226.00	58.334	0.017143	1078.2	1465.7	6.5938	0.87772	1.1442	727.64	-0.050248	6.3349e-05	0.096308	supercritical
1424.4	226.00	58.295	0.017154	1079.1	1466.8	6.5946	0.87781	1.1443	727.87	-0.050273	6.3376e-05	0.096358	supercritical
1425.4	226.00	58.255	0.017166	1080.0	1468.0	6.5954	0.87789	1.1444	728.09	-0.050298	6.3404e-05	0.096408	supercritical
1426.4	226.00	58.216	0.017177	1080.9	1469.1	6.5962	0.87798	1.1445	728.32	-0.050323	6.3431e-05	0.096459	supercritical
1427.4	226.00	58.176	0.017189	1081.8	1470.2	6.5970	0.87806	1.1445	728.55	-0.050348	6.3458e-05	0.096509	supercritical
1428.4	226.00	58.137	0.017201	1082.6	1471.4	6.5978	0.87814	1.1446	728.77	-0.050373	6.3485e-05	0.096559	supercritical
1429.4	226.00	58.098	0.017212	1083.5	1472.5	6.5986	0.87823	1.1447	729.00	-0.050398	6.3512e-05	0.096609	supercritical
1430.4	226.00	58.059	0.017224	1084.4	1473.7	6.5994	0.87831	1.1448	729.22	-0.050423	6.3540e-05	0.096660	supercritical
1431.4	226.00	58.019	0.017236	1085.3	1474.8	6.6002	0.87839	1.1448	729.45	-0.050448	6.3567e-05	0.096710	supercritical
1432.4	226.00	57.980	0.017247	1086.2	1476.0	6.6010	0.87848	1.1449	729.68	-0.050473	6.3594e-05	0.096760	supercritical
1433.4	226.00	57.941	0.017259	1087.1	1477.1	6.6018	0.87856	1.1450	729.90	-0.050498	6.3621e-05	0.096810	supercritical
1434.4	226.00	57.902	0.017271	1087.9	1478.3	6.6026	0.87864	1.1450	730.13	-0.050523	6.3649e-05	0.096860	supercritical
1435.4	226.00	57.863	0.017282	1088.8	1479.4	6.6034	0.87873	1.1451	730.35	-0.050547	6.3676e-05	0.096911	supercritical
1436.4	226.00	57.824	0.017294	1089.7	1480.5	6.6042	0.87881	1.1452	730.58	-0.050572	6.3703e-05	0.096961	supercritical
1437.4	226.00	57.785	0.017305	1090.6	1481.7	6.6050	0.87889	1.1453	730.80	-0.050597	6.3730e-05	0.097011	supercritical
1438.4	226.00	57.746	0.017317	1091.5	1482.8	6.6058	0.87898	1.1453	731.03	-0.050621	6.3757e-05	0.097061	supercritical
1439.4	226.00	57.708	0.017329	1092.4	1484.0	6.6066	0.87906	1.1454	731.25	-0.050646	6.3784e-05	0.097111	supercritical
1440.4	226.00	57.669	0.017340	1093.2	1485.1	6.6074	0.87914	1.1455	731.48	-0.050670	6.3812e-05	0.097161	supercritical
1441.4	226.00	57.630	0.017352	1094.1	1486.3	6.6082	0.87922	1.1456	731.70	-0.050695	6.3839e-05	0.097212	supercritical
1442.4	226.00	57.592	0.017364	1095.0	1487.4	6.6090	0.87931	1.1456	731.93	-0.050719	6.3866e-05	0.097262	supercritical
1443.4	226.00	57.553	0.017375	1095.9	1488.6	6.6098	0.87939	1.1457	732.15	-0.050743	6.3893e-05	0.097312	supercritical
1444.4	226.00	57.515	0.017387	1096.8	1489.7	6.6106	0.87947	1.1458	732.38	-0.050768	6.3920e-05	0.097362	supercritical
1445.4	226.00	57.476	0.017399	1097.6	1490.9	6.6114	0.87955	1.1458	732.60	-0.050792	6.3947e-05	0.097412	supercritical
1446.4	226.00	57.438	0.017410	1098.5	1492.0	6.6122	0.87964	1.1459	732.83	-0.050816	6.3975e-05	0.097462	supercritical
1447.4	226.00	57.399	0.017422	1099.4	1493.1	6.6130	0.87972	1.1460	733.05	-0.050840	6.4002e-05	0.097512	supercritical
1448.4	226.00	57.361	0.017433	1100.3	1494.3	6.6138	0.87980	1.1461	733.28	-0.050864	6.4029e-05	0.097562	supercritical
1449.4	226.00	57.323	0.017445	1101.2	1495.4	6.6145	0.87988	1.1461	733.50	-0.050889	6.4056e-05	0.097613	supercritical
1450.4	226.00	57.285	0.017457	1102.1	1496.6	6.6153	0.87997	1.1462	733.73	-0.050913	6.4083e-05	0.097663	supercritical
1451.4	226.00	57.246	0.017468	1102.9	1497.7	6.6161	0.88005	1.1463	733.95	-0.050937	6.4110e-05	0.097713	supercritical
1452.4	226.00	57.208	0.017480	1103.8	1498.9	6.6169	0.88013	1.1463	734.18	-0.050961	6.4137e-05	0.097763	supercritical
1453.4	226.00	57.170	0.017492	1104.7	1500.0	6.6177	0.88021	1.1464	734.40	-0.050985	6.4164e-05	0.097813	supercritical
1454.4	226.00	57.132	0.017503	1105.6	1501.2	6.6185	0.88030	1.1465	734.62	-0.051008	6.4191e-05	0.097863	supercritical
1455.4	226.00	57.094	0.017515	1106.5	1502.3	6.6193	0.88038	1.1466	734.85	-0.051032	6.4219e-05	0.097913	supercritical
1456.4	226.00	57.056	0.017527	1107.4	1503.5	6.6201	0.88046	1.1466	735.07	-0.051056	6.4246e-05	0.097963	supercritical
1457.4	226.00	57.019	0.017538	1108.2	1504.6	6.6209	0.88054	1.1467	735.30	-0.051080	6.4273e-05	0.098013	supercritical
1458.4	226.00	56.981	0.017550	1109.1	1505.8	6.6216	0.88062	1.1468	735.52	-0.051103	6.4300e-05	0.098063	supercritical
1459.4	226.00	56.943	0.017561	1110.0	1506.9	6.6224	0.88071	1.1469	735.74	-0.051127	6.4327e-05	0.098113	supercritical
1460.4	226.00	56.905	0.017573	1110.9	1508.0	6.6232	0.88079	1.1469	735.97	-0.051151	6.4354e-05	0.098164	supercritical
1461.4	226.00	56.868	0.017585	1111.8	1509.2	6.6240	0.88087	1.1470	736.19	-0.051174	6.4381e-05	0.098214	supercritical
1462.4	226.00	56.830	0.017596	1112.7	1510.3	6.6248	0.88095	1.1471	736.42	-0.051198	6.4408e-05	0.098264	supercritical
1463.4	226.00	56.793	0.017608	1113.6	1511.5	6.6256	0.88103	1.1471	736.64	-0.051221	6.4435e-05	0.098314	supercritical
1464.4	226.00	56.755	0.017620	1114.4	1512.6	6.6264	0.88111	1.1472	736.86	-0.051245	6.4462e-05	0.098364	supercritical
1465.4	226.00	56.718	0.017631	1115.3	1513.8	6.6271	0.88120	1.1473	737.09	-0.051268	6.4489e-05	0.098414	supercritical
1466.4	226.00	56.680	0.017643	1116.2	1514.9	6.6279	0.88128	1.1474	737.31	-0.051292	6.4516e-05	0.098464	supercritical
1467.4	226.00	56.643	0.017654	1117.1	1516.1	6.6287	0.88136	1.1474	737.53	-0.051315	6.4543e-05	0.098514	supercritical
1468.4	226.00	56.606	0.017666	1118.0	1517.2	6.6295	0.88144	1.1475	737.75	-0.051338	6.4570e-05	0.098564	supercritical
1469.4	226.00	56.568	0.017678	1118.9	1518.4	6.6303	0.88152	1.1476	737.98	-0.051362	6.4597e-05	0.098614	supercritical
1470.4	226.00	56.531	0.017689	1119.7	1519.5	6.6310	0.88160	1.1476	738.20	-0.051385	6.4624e-05	0.098664	supercritical
1471.4	226.00	56.494	0.017701	1120.6	1520.7	6.6318	0.88169	1.1477	738.42	-0.051408	6.4651e-05	0.098714	supercritical
1472.4	226.00	56.457	0.017713	1121.5	1521.8	6.6326	0.88177	1.1478	738.65	-0.051431	6.4678e-05	0.098764	supercritical
1473.4	226.00	56.420	0.017724	1122.4	1523.0	6.6334	0.88185	1.1479	738.87	-0.051454	6.4705e-05	0.098814	supercritical
1474.4	226.00	56.383	0.017736	1123.3	1524.1	6.6342	0.88193	1.1479	739.09	-0.051477	6.4732e-05	0.098864	supercritical
1475.4	226.00	56.346	0.017747	1124.2	1525.3	6.6349	0.88201	1.1480	739.31	-0.051500	6.4759e-05	0.098914	supercritical
1476.4	226.00	56.309	0.017759	1125.1	1526.4	6.6357	0.88209	1.1481	739.54	-0.051523	6.4786e-05	0.098964	supercritical
1477.4	226.00	56.272	0.017771	1125.9	1527.6	6.6365	0.88217	1.1481	739.76	-0.051546	6.4813e-05	0.099014	supercritical
1478.4	226.00	56.235	0.017782	1126.8	1528.7	6.6373	0.88225	1.1482	739.98	-0.051569	6.4840e-05	0.099064	supercritical
1479.4	226.00	56.199	0.017794	1127.7	1529.9	6.6381	0.88233	1.1483	740.20	-0.051592	6.4867e-05	0.099114	supercritical
1480.4	226.00	56.162	0.017806	1128.6	1531.0	6.6388	0.88242	1.1484	740.43	-0.051615	6.4894e-05	0.099164	supercritical
1481.4	226.00	56.125	0.017817	1129.5	1532.2	6.6396	0.88250	1.1484	740.65	-0.051637	6.4921e-05	0.099214	supercritical
1482.4	226.00	56.089	0.017829	1130.4	1533.3	6.6404	0.88258	1.1485	740.87	-0.051660	6.4948e-05	0.099264	supercritical
1483.4	226.00	56.052	0.017841	1131.3	1534.4	6.6412	0.88266	1.1486	741.09	-0.051683	6.4975e-05	0.099313	supercritical
1484.4	226.00	56.016	0.017852	1132.1	1535.6	6.6419	0.88274	1.1486	741.31	-0.051705	6.5001e-05	0.099363	supercritical
1485.4	226.00	55.979	0.017864	1133.0	1536.7	6.6427	0.88282	1.1487	741.54	-0.051728	6.5028e-05	0.099413	supercritical
1486.4	226.00	55.943	0.017875	1133.9	1537.9	6.6435	0.88290	1.1488	741.76	-0.051750	6.5055e-05	0.099463	supercritical
1487.4	226.00	55.906	0.017887	1134.8	1539.0	6.6442	0.88298	1.1489	741.98	-0.051773	6.5082e-05	0.099513	supercritical
1488.4	226.00	55.870	0.017899	1135.7	1540.2	6.6450	0.88306	1.1489	742.20	-0.051795	6.5109e-05	0.099563	supercritical
1489.4	226.00	55.834	0.017910	1136.6	1541.3	6.6458	0.88314	1.1490	742.42	-0.051818	6.5136e-05	0.099613	supercritical
1490.4	226.00	55.798	0.017922	1137.5	1542.5	6.6466	0.88322	1.1491	742.64	-0.051840	6.5163e-05	0.099663	supercritical
1491.4	226.00	55.761	0.017934	1138.3	1543.6	6.6473	0.88330	1.1491	742.87	-0.051863	6.5190e-05	0.099713	supercritical
1492.4	226.00	55.725	0.017945	1139.2	1544.8	6.6481	0.88338	1.1492	743.09	-0.051885	6.5217e-05	0.099763	supercritical
1493.4	226.00	55.689	0.017957	1140.1	1545.9	6.6489	0.88346	1.1493	743.31	-0.051907	6.5244e-05	0.099813	supercritical
1494.4	226.00	55.653	0.017968	1141.0	1547.1	6.6496	0.88354	1.1494	743.53	-0.051929	6.5270e-05	0.099862	supercritical
1495.4	226.00	55.617	0.017980	1141.9	1548.2	6.6504	0.88362	1.1494	743.75	-0.051952	6.5297e-05	0.099912	supercritical
1496.4	226.00	55.581	0.017992	1142.8	1549.4	6.6512	0.88370	1.1495	743.97	-0.051974	6.5324e-05	0.099962	supercritical
1497.4	226.00	55.545	0.018003	1143.7	1550.5	6.6519	0.88378	1.1496	744.19	-0.051996	6.5351e-05	0.10001	supercritical
1498.4	226.00	55.510	0.018015	1144.5	1551.7	6.6527	0.88386	1.1496	744.41	-0.052018	6.5378e-05	0.10006	supercritical
1499.4	226.00	55.474	0.018027	1145.4	1552.8	6.6535	0.88394	1.1497	744.63	-0.052040	6.5405e-05	0.10011	supercritical
1500.4	226.00	55.438	0.018038	1146.3	1554.0	6.6542	0.88402	1.1498	744.85	-0.052062	6.5432e-05	0.10016	supercritical
1501.4	226.00	55.402	0.018050	1147.2	1555.1	6.6550	0.88411	1.1499	745.08	-0.052084	6.5458e-05	0.10021	supercritical
1502.4	226.00	55.367	0.018061	1148.1	1556.3	6.6558	0.88418	1.1499	745.30	-0.052106	6.5485e-05	0.10026	supercritical
1503.4	226.00	55.331	0.018073	1149.0	1557.4	6.6565	0.88426	1.1500	745.52	-0.052128	6.5512e-05	0.10031	supercritical
1504.4	226.00	55.296	0.018085	1149.9	1558.6	6.6573	0.88434	1.1501	745.74	-0.052150	6.5539e-05	0.10036	supercritical
1505.4	226.00	55.260	0.018096	1150.8	1559.7	6.6581	0.88442	1.1501	745.96	-0.052172	6.5566e-05	0.10041	supercritical
1506.4	226.00	55.225	0.018108	1151.6	1560.9	6.6588	0.88450	1.1502	746.18	-0.052193	6.5592e-05	0.10046	supercritical
1507.4	226.00	55.189	0.018120	1152.5	1562.0	6.6596	0.88458	1.1503	746.40	-0.052215	6.5619e-05	0.10051	supercritical
1508.4	226.00	55.154	0.018131	1153.4	1563.2	6.6604	0.88466	1.1503	746.62	-0.052237	6.5646e-05	0.10056	supercritical
1509.4	226.00	55.118	0.018143	1154.3	1564.3	6.6611	0.88474	1.1504	746.84	-0.052258	6.5673e-05	0.10061	supercritical
1510.4	226.00	55.083	0.018154	1155.2	1565.5	6.6619	0.88482	1.1505	747.06	-0.052280	6.5700e-05	0.10066	supercritical
1511.4	226.00	55.048	0.018166	1156.1	1566.6	6.6627	0.88490	1.1506	747.28	-0.052302	6.5726e-05	0.10071	supercritical
1512.4	226.00	55.013	0.018178	1157.0	1567.8	6.6634	0.88498	1.1506	747.50	-0.052323	6.5753e-05	0.10076	supercritical
1513.4	226.00	54.978	0.018189	1157.9	1568.9	6.6642	0.88506	1.1507	747.72	-0.052345	6.5780e-05	0.10081	supercritical
1514.4	226.00	54.942	0.018201	1158.7	1570.1	6.6649	0.88514	1.1508	747.94	-0.052366	6.5807e-05	0.10086	supercritical
1515.4	226.00	54.907	0.018212	1159.6	1571.2	6.6657	0.88522	1.1508	748.16	-0.052388	6.5833e-05	0.10091	supercritical
1516.4	226.00	54.872	0.018224	1160.5	1572.4	6.6665	0.88530	1.1509	748.38	-0.052409	6.5860e-05	0.10096	supercritical
1517.4	226.00	54.837	0.018236	1161.4	1573.5	6.6672	0.88538	1.1510	748.60	-0.052430	6.5887e-05	0.10101	supercritical
1518.4	226.00	54.803	0.018247	1162.3	1574.7	6.6680	0.88546	1.1511	748.81	-0.052452	6.5914e-05	0.10106	supercritical
1519.4	226.00	54.768	0.018259	1163.2	1575.8	6.6687	0.88554	1.1511	749.03	-0.052473	6.5940e-05	0.10111	supercritical
1520.4	226.00	54.733	0.018271	1164.1	1577.0	6.6695	0.88562	1.1512	749.25	-0.052494	6.5967e-05	0.10116	supercritical
1521.4	226.00	54.698	0.018282	1165.0	1578.1	6.6702	0.88570	1.1513	749.47	-0.052515	6.5994e-05	0.10121	supercritical
1522.4	226.00	54.663	0.018294	1165.9	1579.3	6.6710	0.88578	1.1513	749.69	-0.052536	6.6021e-05	0.10126	supercritical
1523.4	226.00	54.629	0.018305	1166.7	1580.4	6.6718	0.88586	1.1514	749.91	-0.052558	6.6047e-05	0.10131	supercritical
1524.4	226.00	54.594	0.018317	1167.6	1581.6	6.6725	0.88593	1.1515	750.13	-0.052579	6.6074e-05	0.10136	supercritical
1525.4	226.00	54.559	0.018329	1168.5	1582.8	6.6733	0.88601	1.1515	750.35	-0.052600	6.6101e-05	0.10141	supercritical
1526.4	226.00	54.525	0.018340	1169.4	1583.9	6.6740	0.88609	1.1516	750.57	-0.052621	6.6127e-05	0.10146	supercritical
1527.4	226.00	54.490	0.018352	1170.3	1585.1	6.6748	0.88617	1.1517	750.79	-0.052642	6.6154e-05	0.10151	supercritical
1528.4	226.00	54.456	0.018364	1171.2	1586.2	6.6755	0.88625	1.1518	751.01	-0.052663	6.6181e-05	0.10156	supercritical
1529.4	226.00	54.421	0.018375	1172.1	1587.4	6.6763	0.88633	1.1518	751.22	-0.052684	6.6207e-05	0.10161	supercritical
1530.4	226.00	54.387	0.018387	1173.0	1588.5	6.6770	0.88641	1.1519	751.44	-0.052704	6.6234e-05	0.10166	supercritical
1531.4	226.00	54.353	0.018398	1173.9	1589.7	6.6778	0.88649	1.1520	751.66	-0.052725	6.6261e-05	0.10170	supercritical
1532.4	226.00	54.318	0.018410	1174.7	1590.8	6.6785	0.88657	1.1520	751.88	-0.052746	6.6288e-05	0.10175	supercritical
1533.4	226.00	54.284	0.018422	1175.6	1592.0	6.6793	0.88664	1.1521	752.10	-0.052767	6.6314e-05	0.10180	supercritical
1534.4	226.00	54.250	0.018433	1176.5	1593.1	6.6800	0.88672	1.1522	752.32	-0.052788	6.6341e-05	0.10185	supercritical
1535.4	226.00	54.216	0.018445	1177.4	1594.3	6.6808	0.88680	1.1523	752.53	-0.052808	6.6367e-05	0.10190	supercritical
1536.4	226.00	54.182	0.018456	1178.3	1595.4	6.6815	0.88688	1.1523	752.75	-0.052829	6.6394e-05	0.10195	supercritical
1537.4	226.00	54.147	0.018468	1179.2	1596.6	6.6823	0.88696	1.1524	752.97	-0.052850	6.6421e-05	0.10200	supercritical
1538.4	226.00	54.113	0.018480	1180.1	1597.7	6.6830	0.88704	1.1525	753.19	-0.052870	6.6447e-05	0.10205	supercritical
1539.4	226.00	54.079	0.018491	1181.0	1598.9	6.6838	0.88712	1.1525	753.41	-0.052891	6.6474e-05	0.10210	supercritical
1540.4	226.00	54.045	0.018503	1181.9	1600.0	6.6845	0.88720	1.1526	753.62	-0.052911	6.6501e-05	0.10215	supercritical
1541.4	226.00	54.012	0.018515	1182.8	1601.2	6.6853	0.88727	1.1527	753.84	-0.052932	6.6527e-05	0.10220	supercritical
1542.4	226.00	53.978	0.018526	1183.6	1602.3	6.6860	0.88735	1.1527	754.06	-0.052952	6.6554e-05	0.10225	supercritical
1543.4	226.00	53.944	0.018538	1184.5	1603.5	6.6868	0.88743	1.1528	754.28	-0.052973	6.6581e-05	0.10230	supercritical
1544.4	226.00	53.910	0.018549	1185.4	1604.6	6.6875	0.88751	1.1529	754.49	-0.052993	6.6607e-05	0.10235	supercritical
1545.4	226.00	53.876	0.018561	1186.3	1605.8	6.6883	0.88759	1.1530	754.71	-0.053013	6.6634e-05	0.10240	supercritical
1546.4	226.00	53.843	0.018573	1187.2	1606.9	6.6890	0.88767	1.1530	754.93	-0.053034	6.6660e-05	0.10245	supercritical
1547.4	226.00	53.809	0.018584	1188.1	1608.1	6.6898	0.88774	1.1531	755.15	-0.053054	6.6687e-05	0.10250	supercritical
1548.4	226.00	53.775	0.018596	1189.0	1609.3	6.6905	0.88782	1.1532	755.36	-0.053074	6.6714e-05	0.10255	supercritical
1549.4	226.00	53.742	0.018607	1189.9	1610.4	6.6913	0.88790	1.1532	755.58	-0.053094	6.6740e-05	0.10260	supercritical
1550.4	226.00	53.708	0.018619	1190.8	1611.6	6.6920	0.88798	1.1533	755.80	-0.053114	6.6767e-05	0.10265	supercritical
1551.4	226.00	53.675	0.018631	1191.7	1612.7	6.6927	0.88806	1.1534	756.02	-0.053135	6.6793e-05	0.10270	supercritical
1552.4	226.00	53.641	0.018642	1192.6	1613.9	6.6935	0.88814	1.1534	756.23	-0.053155	6.6820e-05	0.10275	supercritical
1553.4	226.00	53.608	0.018654	1193.4	1615.0	6.6942	0.88821	1.1535	756.45	-0.053175	6.6846e-05	0.10280	supercritical
1554.4	226.00	53.575	0.018666	1194.3	1616.2	6.6950	0.88829	1.1536	756.67	-0.053195	6.6873e-05	0.10285	supercritical
1555.4	226.00	53.541	0.018677	1195.2	1617.3	6.6957	0.88837	1.1537	756.88	-0.053215	6.6900e-05	0.10290	supercritical
1556.4	226.00	53.508	0.018689	1196.1	1618.5	6.6965	0.88845	1.1537	757.10	-0.053235	6.6926e-05	0.10295	supercritical
1557.4	226.00	53.475	0.018700	1197.0	1619.6	6.6972	0.88853	1.1538	757.32	-0.053255	6.6953e-05	0.10300	supercritical
1558.4	226.00	53.442	0.018712	1197.9	1620.8	6.6979	0.88860	1.1539	757.53	-0.053274	6.6979e-05	0.10305	supercritical
1559.4	226.00	53.408	0.018724	1198.8	1621.9	6.6987	0.88868	1.1539	757.75	-0.053294	6.7006e-05	0.10309	supercritical
1560.4	226.00	53.375	0.018735	1199.7	1623.1	6.6994	0.88876	1.1540	757.97	-0.053314	6.7032e-05	0.10314	supercritical
1561.4	226.00	53.342	0.018747	1200.6	1624.3	6.7002	0.88884	1.1541	758.18	-0.053334	6.7059e-05	0.10319	supercritical
1562.4	226.00	53.309	0.018758	1201.5	1625.4	6.7009	0.88891	1.1541	758.40	-0.053354	6.7085e-05	0.10324	supercritical
1563.4	226.00	53.276	0.018770	1202.4	1626.6	6.7016	0.88899	1.1542	758.61	-0.053373	6.7112e-05	0.10329	supercritical
1564.4	226.00	53.243	0.018782	1203.2	1627.7	6.7024	0.88907	1.1543	758.83	-0.053393	6.7138e-05	0.10334	supercritical
1565.4	226.00	53.210	0.018793	1204.1	1628.9	6.7031	0.88915	1.1544	759.05	-0.053413	6.7165e-05	0.10339	supercritical
1566.4	226.00	53.178	0.018805	1205.0	1630.0	6.7038	0.88923	1.1544	759.26	-0.053432	6.7191e-05	0.10344	supercritical
1567.4	226.00	53.145	0.018817	1205.9	1631.2	6.7046	0.88930	1.1545	759.48	-0.053452	6.7218e-05	0.10349	supercritical
1568.4	226.00	53.112	0.018828	1206.8	1632.3	6.7053	0.88938	1.1546	759.69	-0.053471	6.7244e-05	0.10354	supercritical
1569.4	226.00	53.079	0.018840	1207.7	1633.5	6.7061	0.88946	1.1546	759.91	-0.053491	6.7271e-05	0.10359	supercritical
1570.4	226.00	53.047	0.018851	1208.6	1634.6	6.7068	0.88954	1.1547	760.13	-0.053510	6.7297e-05	0.10364	supercritical
1571.4	226.00	53.014	0.018863	1209.5	1635.8	6.7075	0.88961	1.1548	760.34	-0.053530	6.7324e-05	0.10369	supercritical
1572.4	226.00	52.981	0.018875	1210.4	1637.0	6.7083	0.88969	1.1548	760.56	-0.053549	6.7350e-05	0.10374	supercritical
1573.4	226.00	52.949	0.018886	1211.3	1638.1	6.7090	0.88977	1.1549	760.77	-0.053568	6.7377e-05	0.10379	supercritical
1574.4	226.00	52.916	0.018898	1212.2	1639.3	6.7097	0.88985	1.1550	760.99	-0.053588	6.7403e-05	0.10384	supercritical
1575.4	226.00	52.884	0.018909	1213.1	1640.4	6.7105	0.88992	1.1551	761.20	-0.053607	6.7430e-05	0.10389	supercritical
1576.4	226.00	52.851	0.018921	1214.0	1641.6	6.7112	0.89000	1.1551	761.42	-0.053626	6.7456e-05	0.10394	supercritical
1577.4	226.00	52.819	0.018933	1214.8	1642.7	6.7119	0.89008	1.1552	761.63	-0.053646	6.7482e-05	0.10399	supercritical
1578.4	226.00	52.787	0.018944	1215.7	1643.9	6.7127	0.89016	1.1553	761.85	-0.053665	6.7509e-05	0.10404	supercritical
1579.4	226.00	52.754	0.018956	1216.6	1645.0	6.7134	0.89023	1.1553	762.06	-0.053684	6.7535e-05	0.10409	supercritical
1580.4	226.00	52.722	0.018967	1217.5	1646.2	6.7141	0.89031	1.1554	762.28	-0.053703	6.7562e-05	0.10413	supercritical
1581.4	226.00	52.690	0.018979	1218.4	1647.3	6.7149	0.89039	1.1555	762.49	-0.053722	6.7588e-05	0.10418	supercritical
1582.4	226.00	52.657	0.018991	1219.3	1648.5	6.7156	0.89046	1.1555	762.71	-0.053741	6.7615e-05	0.10423	supercritical
1583.4	226.00	52.625	0.019002	1220.2	1649.7	6.7163	0.89054	1.1556	762.92	-0.053760	6.7641e-05	0.10428	supercritical
1584.4	226.00	52.593	0.019014	1221.1	1650.8	6.7170	0.89062	1.1557	763.14	-0.053779	6.7667e-05	0.10433	supercritical
1585.4	226.00	52.561	0.019025	1222.0	1652.0	6.7178	0.89070	1.1557	763.35	-0.053798	6.7694e-05	0.10438	supercritical
1586.4	226.00	52.529	0.019037	1222.9	1653.1	6.7185	0.89077	1.1558	763.57	-0.053817	6.7720e-05	0.10443	supercritical
1587.4	226.00	52.497	0.019049	1223.8	1654.3	6.7192	0.89085	1.1559	763.78	-0.053836	6.7747e-05	0.10448	supercritical
1588.4	226.00	52.465	0.019060	1224.7	1655.4	6.7200	0.89093	1.1560	764.00	-0.053855	6.7773e-05	0.10453	supercritical
1589.4	226.00	52.433	0.019072	1225.6	1656.6	6.7207	0.89100	1.1560	764.21	-0.053874	6.7799e-05	0.10458	supercritical
1590.4	226.00	52.401	0.019084	1226.5	1657.7	6.7214	0.89108	1.1561	764.43	-0.053893	6.7826e-05	0.10463	supercritical
1591.4	226.00	52.369	0.019095	1227.4	1658.9	6.7221	0.89116	1.1562	764.64	-0.053911	6.7852e-05	0.10468	supercritical
1592.4	226.00	52.338	0.019107	1228.2	1660.1	6.7229	0.89123	1.1562	764.86	-0.053930	6.7879e-05	0.10473	supercritical
1593.4	226.00	52.306	0.019118	1229.1	1661.2	6.7236	0.89131	1.1563	765.07	-0.053949	6.7905e-05	0.10478	supercritical
1594.4	226.00	52.274	0.019130	1230.0	1662.4	6.7243	0.89139	1.1564	765.28	-0.053968	6.7931e-05	0.10483	supercritical
1595.4	226.00	52.242	0.019142	1230.9	1663.5	6.7250	0.89146	1.1564	765.50	-0.053986	6.7958e-05	0.10488	supercritical
1596.4	226.00	52.211	0.019153	1231.8	1664.7	6.7258	0.89154	1.1565	765.71	-0.054005	6.7984e-05	0.10493	supercritical
1597.4	226.00	52.179	0.019165	1232.7	1665.8	6.7265	0.89162	1.1566	765.93	-0.054023	6.8010e-05	0.10497	supercritical
1598.4	226.00	52.147	0.019176	1233.6	1667.0	6.7272	0.89169	1.1566	766.14	-0.054042	6.8037e-05	0.10502	supercritical
1599.4	226.00	52.116	0.019188	1234.5	1668.2	6.7279	0.89177	1.1567	766.35	-0.054060	6.8063e-05	0.10507	supercritical
1600.4	226.00	52.084	0.019200	1235.4	1669.3	6.7287	0.89185	1.1568	766.57	-0.054079	6.8089e-05	0.10512	supercritical
1601.4	226.00	52.053	0.019211	1236.3	1670.5	6.7294	0.89192	1.1569	766.78	-0.054097	6.8116e-05	0.10517	supercritical
1602.4	226.00	52.022	0.019223	1237.2	1671.6	6.7301	0.89200	1.1569	766.99	-0.054116	6.8142e-05	0.10522	supercritical
1603.4	226.00	51.990	0.019234	1238.1	1672.8	6.7308	0.89208	1.1570	767.21	-0.054134	6.8168e-05	0.10527	supercritical
1604.4	226.00	51.959	0.019246	1239.0	1673.9	6.7315	0.89215	1.1571	767.42	-0.054153	6.8195e-05	0.10532	supercritical
1605.4	226.00	51.927	0.019258	1239.9	1675.1	6.7323	0.89223	1.1571	767.63	-0.054171	6.8221e-05	0.10537	supercritical
1606.4	226.00	51.896	0.019269	1240.8	1676.3	6.7330	0.89231	1.1572	767.85	-0.054189	6.8247e-05	0.10542	supercritical
1607.4	226.00	51.865	0.019281	1241.7	1677.4	6.7337	0.89238	1.1573	768.06	-0.054207	6.8274e-05	0.10547	supercritical
1608.4	226.00	51.834	0.019292	1242.6	1678.6	6.7344	0.89246	1.1573	768.27	-0.054226	6.8300e-05	0.10552	supercritical
1609.4	226.00	51.803	0.019304	1243.5	1679.7	6.7351	0.89254	1.1574	768.49	-0.054244	6.8326e-05	0.10557	supercritical
1610.4	226.00	51.771	0.019316	1244.4	1680.9	6.7359	0.89261	1.1575	768.70	-0.054262	6.8353e-05	0.10562	supercritical
1611.4	226.00	51.740	0.019327	1245.2	1682.0	6.7366	0.89269	1.1575	768.91	-0.054280	6.8379e-05	0.10567	supercritical
1612.4	226.00	51.709	0.019339	1246.1	1683.2	6.7373	0.89277	1.1576	769.13	-0.054298	6.8405e-05	0.10572	supercritical
1613.4	226.00	51.678	0.019350	1247.0	1684.4	6.7380	0.89284	1.1577	769.34	-0.054316	6.8431e-05	0.10576	supercritical
1614.4	226.00	51.647	0.019362	1247.9	1685.5	6.7387	0.89292	1.1578	769.55	-0.054334	6.8458e-05	0.10581	supercritical
1615.4	226.00	51.616	0.019374	1248.8	1686.7	6.7395	0.89300	1.1578	769.76	-0.054352	6.8484e-05	0.10586	supercritical
1616.4	226.00	51.586	0.019385	1249.7	1687.8	6.7402	0.89307	1.1579	769.98	-0.054370	6.8510e-05	0.10591	supercritical
1617.4	226.00	51.555	0.019397	1250.6	1689.0	6.7409	0.89315	1.1580	770.19	-0.054388	6.8537e-05	0.10596	supercritical
1618.4	226.00	51.524	0.019408	1251.5	1690.1	6.7416	0.89322	1.1580	770.40	-0.054406	6.8563e-05	0.10601	supercritical
1619.4	226.00	51.493	0.019420	1252.4	1691.3	6.7423	0.89330	1.1581	770.61	-0.054424	6.8589e-05	0.10606	supercritical
1620.4	226.00	51.462	0.019432	1253.3	1692.5	6.7430	0.89338	1.1582	770.83	-0.054442	6.8615e-05	0.10611	supercritical
1621.4	226.00	51.432	0.019443	1254.2	1693.6	6.7438	0.89345	1.1582	771.04	-0.054460	6.8642e-05	0.10616	supercritical
1622.4	226.00	51.401	0.019455	1255.1	1694.8	6.7445	0.89353	1.1583	771.25	-0.054478	6.8668e-05	0.10621	supercritical
1623.4	226.00	51.370	0.019467	1256.0	1695.9	6.7452	0.89360	1.1584	771.46	-0.054496	6.8694e-05	0.10626	supercritical
1624.4	226.00	51.340	0.019478	1256.9	1697.1	6.7459	0.89368	1.1584	771.68	-0.054513	6.8720e-05	0.10631	supercritical
1625.4	226.00	51.309	0.019490	1257.8	1698.3	6.7466	0.89376	1.1585	771.89	-0.054531	6.8746e-05	0.10636	supercritical
1626.4	226.00	51.279	0.019501	1258.7	1699.4	6.7473	0.89383	1.1586	772.10	-0.054549	6.8773e-05	0.10641	supercritical
1627.4	226.00	51.248	0.019513	1259.6	1700.6	6.7480	0.89391	1.1587	772.31	-0.054566	6.8799e-05	0.10645	supercritical
1628.4	226.00	51.218	0.019525	1260.5	1701.7	6.7487	0.89398	1.1587	772.52	-0.054584	6.8825e-05	0.10650	supercritical
1629.4	226.00	51.187	0.019536	1261.4	1702.9	6.7495	0.89406	1.1588	772.73	-0.054602	6.8851e-05	0.10655	supercritical
1630.4	226.00	51.157	0.019548	1262.3	1704.0	6.7502	0.89414	1.1589	772.95	-0.054619	6.8878e-05	0.10660	supercritical
1631.4	226.00	51.127	0.019559	1263.2	1705.2	6.7509	0.89421	1.1589	773.16	-0.054637	6.8904e-05	0.10665	supercritical
1632.4	226.00	51.096	0.019571	1264.1	1706.4	6.7516	0.89429	1.1590	773.37	-0.054654	6.8930e-05	0.10670	supercritical
1633.4	226.00	51.066	0.019583	1265.0	1707.5	6.7523	0.89436	1.1591	773.58	-0.054672	6.8956e-05	0.10675	supercritical
1634.4	226.00	51.036	0.019594	1265.9	1708.7	6.7530	0.89444	1.1591	773.79	-0.054689	6.8982e-05	0.10680	supercritical
1635.4	226.00	51.006	0.019606	1266.8	1709.8	6.7537	0.89452	1.1592	774.00	-0.054706	6.9008e-05	0.10685	supercritical
1636.4	226.00	50.975	0.019617	1267.7	1711.0	6.7544	0.89459	1.1593	774.22	-0.054724	6.9035e-05	0.10690	supercritical
1637.4	226.00	50.945	0.019629	1268.5	1712.2	6.7551	0.89467	1.1593	774.43	-0.054741	6.9061e-05	0.10695	supercritical
1638.4	226.00	50.915	0.019641	1269.4	1713.3	6.7558	0.89474	1.1594	774.64	-0.054758	6.9087e-05	0.10700	supercritical
1639.4	226.00	50.885	0.019652	1270.3	1714.5	6.7565	0.89482	1.1595	774.85	-0.054776	6.9113e-05	0.10705	supercritical
1640.4	226.00	50.855	0.019664	1271.2	1715.6	6.7573	0.89489	1.1596	775.06	-0.054793	6.9139e-05	0.10710	supercritical
1641.4	226.00	50.825	0.019675	1272.1	1716.8	6.7580	0.89497	1.1596	775.27	-0.054810	6.9165e-05	0.10714	supercritical
1642.4	226.00	50.795	0.019687	1273.0	1718.0	6.7587	0.89504	1.1597	775.48	-0.054827	6.9192e-05	0.10719	supercritical
1643.4	226.00	50.765	0.019699	1273.9	1719.1	6.7594	0.89512	1.1598	775.69	-0.054845	6.9218e-05	0.10724	supercritical
1644.4	226.00	50.735	0.019710	1274.8	1720.3	6.7601	0.89520	1.1598	775.90	-0.054862	6.9244e-05	0.10729	supercritical
1645.4	226.00	50.705	0.019722	1275.7	1721.4	6.7608	0.89527	1.1599	776.11	-0.054879	6.9270e-05	0.10734	supercritical
1646.4	226.00	50.676	0.019733	1276.6	1722.6	6.7615	0.89535	1.1600	776.32	-0.054896	6.9296e-05	0.10739	supercritical
1647.4	226.00	50.646	0.019745	1277.5	1723.8	6.7622	0.89542	1.1600	776.54	-0.054913	6.9322e-05	0.10744	supercritical
1648.4	226.00	50.616	0.019757	1278.4	1724.9	6.7629	0.89550	1.1601	776.75	-0.054930	6.9348e-05	0.10749	supercritical
1649.4	226.00	50.586	0.019768	1279.3	1726.1	6.7636	0.89557	1.1602	776.96	-0.054947	6.9375e-05	0.10754	supercritical
1650.4	226.00	50.557	0.019780	1280.2	1727.2	6.7643	0.89565	1.1602	777.17	-0.054964	6.9401e-05	0.10759	supercritical
1651.4	226.00	50.527	0.019791	1281.1	1728.4	6.7650	0.89572	1.1603	777.38	-0.054981	6.9427e-05	0.10764	supercritical
1652.4	226.00	50.498	0.019803	1282.0	1729.6	6.7657	0.89580	1.1604	777.59	-0.054998	6.9453e-05	0.10769	supercritical
1653.4	226.00	50.468	0.019815	1282.9	1730.7	6.7664	0.89587	1.1604	777.80	-0.055015	6.9479e-05	0.10773	supercritical
1654.4	226.00	50.439	0.019826	1283.8	1731.9	6.7671	0.89595	1.1605	778.01	-0.055032	6.9505e-05	0.10778	supercritical
1655.4	226.00	50.409	0.019838	1284.7	1733.0	6.7678	0.89603	1.1606	778.22	-0.055048	6.9531e-05	0.10783	supercritical
1656.4	226.00	50.380	0.019849	1285.6	1734.2	6.7685	0.89610	1.1607	778.43	-0.055065	6.9557e-05	0.10788	supercritical
1657.4	226.00	50.350	0.019861	1286.5	1735.4	6.7692	0.89618	1.1607	778.64	-0.055082	6.9583e-05	0.10793	supercritical
1658.4	226.00	50.321	0.019873	1287.4	1736.5	6.7699	0.89625	1.1608	778.85	-0.055099	6.9609e-05	0.10798	supercritical
1659.4	226.00	50.291	0.019884	1288.3	1737.7	6.7706	0.89633	1.1609	779.06	-0.055116	6.9635e-05	0.10803	supercritical
1660.4	226.00	50.262	0.019896	1289.2	1738.8	6.7713	0.89640	1.1609	779.27	-0.055132	6.9662e-05	0.10808	supercritical
1661.4	226.00	50.233	0.019907	1290.1	1740.0	6.7720	0.89648	1.1610	779.48	-0.055149	6.9688e-05	0.10813	supercritical
1662.4	226.00	50.204	0.019919	1291.0	1741.2	6.7727	0.89655	1.1611	779.69	-0.055165	6.9714e-05	0.10818	supercritical
1663.4	226.00	50.174	0.019930	1291.9	1742.3	6.7734	0.89663	1.1611	779.90	-0.055182	6.9740e-05	0.10823	supercritical
1664.4	226.00	50.145	0.019942	1292.8	1743.5	6.7741	0.89670	1.1612	780.11	-0.055199	6.9766e-05	0.10827	supercritical
1665.4	226.00	50.116	0.019954	1293.7	1744.7	6.7748	0.89678	1.1613	780.31	-0.055215	6.9792e-05	0.10832	supercritical
1666.4	226.00	50.087	0.019965	1294.6	1745.8	6.7755	0.89685	1.1613	780.52	-0.055232	6.9818e-05	0.10837	supercritical
1667.4	226.00	50.058	0.019977	1295.5	1747.0	6.7762	0.89693	1.1614	780.73	-0.055248	6.9844e-05	0.10842	supercritical
1668.4	226.00	50.029	0.019988	1296.4	1748.1	6.7769	0.89700	1.1615	780.94	-0.055265	6.9870e-05	0.10847	supercritical
1669.4	226.00	50.000	0.020000	1297.3	1749.3	6.7776	0.89708	1.1615	781.15	-0.055281	6.9896e-05	0.10852	supercritical
1670.4	226.00	49.971	0.020012	1298.2	1750.5	6.7783	0.89715	1.1616	781.36	-0.055298	6.9922e-05	0.10857	supercritical
1671.4	226.00	49.942	0.020023	1299.1	1751.6	6.7790	0.89723	1.1617	781.57	-0.055314	6.9948e-05	0.10862	supercritical
1672.4	226.00	49.913	0.020035	1300.0	1752.8	6.7797	0.89730	1.1617	781.78	-0.055330	6.9974e-05	0.10867	supercritical
1673.4	226.00	49.884	0.020046	1300.9	1753.9	6.7804	0.89738	1.1618	781.99	-0.055347	7.0000e-05	0.10872	supercritical
1674.4	226.00	49.855	0.020058	1301.8	1755.1	6.7811	0.89745	1.1619	782.20	-0.055363	7.0026e-05	0.10877	supercritical
1675.4	226.00	49.826	0.020070	1302.7	1756.3	6.7818	0.89753	1.1620	782.41	-0.055379	7.0052e-05	0.10881	supercritical
1676.4	226.00	49.798	0.020081	1303.6	1757.4	6.7825	0.89760	1.1620	782.61	-0.055395	7.0078e-05	0.10886	supercritical
1677.4	226.00	49.769	0.020093	1304.5	1758.6	6.7831	0.89768	1.1621	782.82	-0.055412	7.0104e-05	0.10891	supercritical
1678.4	226.00	49.740	0.020104	1305.4	1759.8	6.7838	0.89775	1.1622	783.03	-0.055428	7.0130e-05	0.10896	supercritical
1679.4	226.00	49.712	0.020116	1306.3	1760.9	6.7845	0.89783	1.1622	783.24	-0.055444	7.0156e-05	0.10901	supercritical
1680.4	226.00	49.683	0.020128	1307.2	1762.1	6.7852	0.89790	1.1623	783.45	-0.055460	7.0182e-05	0.10906	supercritical
1681.4	226.00	49.654	0.020139	1308.1	1763.2	6.7859	0.89798	1.1624	783.66	-0.055476	7.0208e-05	0.10911	supercritical
1682.4	226.00	49.626	0.020151	1309.0	1764.4	6.7866	0.89805	1.1624	783.87	-0.055492	7.0234e-05	0.10916	supercritical
1683.4	226.00	49.597	0.020162	1309.9	1765.6	6.7873	0.89813	1.1625	784.07	-0.055508	7.0260e-05	0.10921	supercritical
1684.4	226.00	49.569	0.020174	1310.8	1766.7	6.7880	0.89820	1.1626	784.28	-0.055524	7.0286e-05	0.10926	supercritical
1685.4	226.00	49.540	0.020186	1311.7	1767.9	6.7887	0.89827	1.1626	784.49	-0.055540	7.0312e-05	0.10931	supercritical
1686.4	226.00	49.512	0.020197	1312.6	1769.1	6.7894	0.89835	1.1627	784.70	-0.055556	7.0338e-05	0.10935	supercritical
1687.4	226.00	49.483	0.020209	1313.5	1770.2	6.7901	0.89842	1.1628	784.91	-0.055572	7.0364e-05	0.10940	supercritical
1688.4	226.00	49.455	0.020220	1314.4	1771.4	6.7907	0.89850	1.1628	785.11	-0.055588	7.0390e-05	0.10945	supercritical
1689.4	226.00	49.427	0.020232	1315.3	1772.5	6.7914	0.89857	1.1629	785.32	-0.055604	7.0416e-05	0.10950	supercritical
1690.4	226.00	49.398	0.020244	1316.2	1773.7	6.7921	0.89865	1.1630	785.53	-0.055620	7.0442e-05	0.10955	supercritical
1691.4	226.00	49.370	0.020255	1317.1	1774.9	6.7928	0.89872	1.1631	785.74	-0.055636	7.0468e-05	0.10960	supercritical
1692.4	226.00	49.342	0.020267	1318.0	1776.0	6.7935	0.89880	1.1631	785.95	-0.055652	7.0494e-05	0.10965	supercritical
1693.4	226.00	49.314	0.020278	1318.9	1777.2	6.7942	0.89887	1.1632	786.15	-0.055667	7.0519e-05	0.10970	supercritical
1694.4	226.00	49.286	0.020290	1319.8	1778.4	6.7949	0.89895	1.1633	786.36	-0.055683	7.0545e-05	0.10975	supercritical
1695.4	226.00	49.257	0.020302	1320.7	1779.5	6.7956	0.89902	1.1633	786.57	-0.055699	7.0571e-05	0.10980	supercritical
1696.4	226.00	49.229	0.020313	1321.6	1780.7	6.7962	0.89910	1.1634	786.78	-0.055714	7.0597e-05	0.10984	supercritical
1697.4	226.00	49.201	0.020325	1322.5	1781.8	6.7969	0.89917	1.1635	786.98	-0.055730	7.0623e-05	0.10989	supercritical
1698.4	226.00	49.173	0.020336	1323.4	1783.0	6.7976	0.89924	1.1635	787.19	-0.055746	7.0649e-05	0.10994	supercritical
1699.4	226.00	49.145	0.020348	1324.3	1784.2	6.7983	0.89932	1.1636	787.40	-0.055761	7.0675e-05	0.10999	supercritical
1700.4	226.00	49.117	0.020359	1325.2	1785.3	6.7990	0.89939	1.1637	787.60	-0.055777	7.0701e-05	0.11004	supercritical
1701.4	226.00	49.089	0.020371	1326.1	1786.5	6.7997	0.89947	1.1637	787.81	-0.055793	7.0727e-05	0.11009	supercritical
1702.4	226.00	49.061	0.020383	1327.0	1787.7	6.8003	0.89954	1.1638	788.02	-0.055808	7.0753e-05	0.11014	supercritical
1703.4	226.00	49.033	0.020394	1327.9	1788.8	6.8010	0.89962	1.1639	788.23	-0.055824	7.0779e-05	0.11019	supercritical
1704.4	226.00	49.006	0.020406	1328.8	1790.0	6.8017	0.89969	1.1639	788.43	-0.055839	7.0804e-05	0.11024	supercritical
1705.4	226.00	48.978	0.020417	1329.7	1791.2	6.8024	0.89976	1.1640	788.64	-0.055855	7.0830e-05	0.11028	supercritical
1706.4	226.00	48.950	0.020429	1330.6	1792.3	6.8031	0.89984	1.1641	788.85	-0.055870	7.0856e-05	0.11033	supercritical
1707.4	226.00	48.922	0.020441	1331.5	1793.5	6.8038	0.89991	1.1641	789.05	-0.055885	7.0882e-05	0.11038	supercritical
1708.4	226.00	48.894	0.020452	1332.4	1794.6	6.8044	0.89999	1.1642	789.26	-0.055901	7.0908e-05	0.11043	supercritical
1709.4	226.00	48.867	0.020464	1333.3	1795.8	6.8051	0.90006	1.1643	789.47	-0.055916	7.0934e-05	0.11048	supercritical
1710.4	226.00	48.839	0.020475	1334.2	1797.0	6.8058	0.90014	1.1644	789.67	-0.055932	7.0960e-05	0.11053	supercritical
1711.4	226.00	48.811	0.020487	1335.1	1798.1	6.8065	0.90021	1.1644	789.88	-0.055947	7.0986e-05	0.11058	supercritical
1712.4	226.00	48.784	0.020499	1336.0	1799.3	6.8072	0.90028	1.1645	790.09	-0.055962	7.1011e-05	0.11063	supercritical
1713.4	226.00	48.756	0.020510	1336.9	1800.5	6.8078	0.90036	1.1646	790.29	-0.055977	7.1037e-05	0.11068	supercritical
1714.4	226.00	48.729	0.020522	1337.8	1801.6	6.8085	0.90043	1.1646	790.50	-0.055993	7.1063e-05	0.11073	supercritical
1715.4	226.00	48.701	0.020533	1338.7	1802.8	6.8092	0.90051	1.1647	790.71	-0.056008	7.1089e-05	0.11077	supercritical
1716.4	226.00	48.674	0.020545	1339.6	1804.0	6.8099	0.90058	1.1648	790.91	-0.056023	7.1115e-05	0.11082	supercritical
1717.4	226.00	48.646	0.020557	1340.6	1805.1	6.8106	0.90065	1.1648	791.12	-0.056038	7.1141e-05	0.11087	supercritical
1718.4	226.00	48.619	0.020568	1341.5	1806.3	6.8112	0.90073	1.1649	791.32	-0.056053	7.1166e-05	0.11092	supercritical
1719.4	226.00	48.592	0.020580	1342.4	1807.5	6.8119	0.90080	1.1650	791.53	-0.056068	7.1192e-05	0.11097	supercritical
1720.4	226.00	48.564	0.020591	1343.3	1808.6	6.8126	0.90088	1.1650	791.74	-0.056083	7.1218e-05	0.11102	supercritical
1721.4	226.00	48.537	0.020603	1344.2	1809.8	6.8133	0.90095	1.1651	791.94	-0.056099	7.1244e-05	0.11107	supercritical
1722.4	226.00	48.510	0.020614	1345.1	1811.0	6.8140	0.90102	1.1652	792.15	-0.056114	7.1270e-05	0.11112	supercritical
1723.4	226.00	48.482	0.020626	1346.0	1812.1	6.8146	0.90110	1.1652	792.35	-0.056129	7.1296e-05	0.11117	supercritical
1724.4	226.00	48.455	0.020638	1346.9	1813.3	6.8153	0.90117	1.1653	792.56	-0.056144	7.1321e-05	0.11121	supercritical
1725.4	226.00	48.428	0.020649	1347.8	1814.5	6.8160	0.90125	1.1654	792.77	-0.056159	7.1347e-05	0.11126	supercritical
1726.4	226.00	48.401	0.020661	1348.7	1815.6	6.8167	0.90132	1.1654	792.97	-0.056173	7.1373e-05	0.11131	supercritical
1727.4	226.00	48.374	0.020672	1349.6	1816.8	6.8173	0.90139	1.1655	793.18	-0.056188	7.1399e-05	0.11136	supercritical
1728.4	226.00	48.347	0.020684	1350.5	1817.9	6.8180	0.90147	1.1656	793.38	-0.056203	7.1425e-05	0.11141	supercritical
1729.4	226.00	48.319	0.020696	1351.4	1819.1	6.8187	0.90154	1.1656	793.59	-0.056218	7.1450e-05	0.11146	supercritical
1730.4	226.00	48.292	0.020707	1352.3	1820.3	6.8194	0.90162	1.1657	793.79	-0.056233	7.1476e-05	0.11151	supercritical
1731.4	226.00	48.265	0.020719	1353.2	1821.4	6.8200	0.90169	1.1658	794.00	-0.056248	7.1502e-05	0.11156	supercritical
1732.4	226.00	48.238	0.020730	1354.1	1822.6	6.8207	0.90176	1.1659	794.20	-0.056262	7.1528e-05	0.11161	supercritical
1733.4	226.00	48.211	0.020742	1355.0	1823.8	6.8214	0.90184	1.1659	794.41	-0.056277	7.1553e-05	0.11165	supercritical
1734.4	226.00	48.185	0.020754	1355.9	1824.9	6.8220	0.90191	1.1660	794.61	-0.056292	7.1579e-05	0.11170	supercritical
1735.4	226.00	48.158	0.020765	1356.8	1826.1	6.8227	0.90199	1.1661	794.82	-0.056307	7.1605e-05	0.11175	supercritical
1736.4	226.00	48.131	0.020777	1357.7	1827.3	6.8234	0.90206	1.1661	795.02	-0.056321	7.1631e-05	0.11180	supercritical
1737.4	226.00	48.104	0.020788	1358.6	1828.4	6.8241	0.90213	1.1662	795.23	-0.056336	7.1657e-05	0.11185	supercritical
1738.4	226.00	48.077	0.020800	1359.5	1829.6	6.8247	0.90221	1.1663	795.43	-0.056351	7.1682e-05	0.11190	supercritical
1739.4	226.00	48.050	0.020811	1360.4	1830.8	6.8254	0.90228	1.1663	795.64	-0.056365	7.1708e-05	0.11195	supercritical
1740.4	226.00	48.024	0.020823	1361.3	1831.9	6.8261	0.90235	1.1664	795.84	-0.056380	7.1734e-05	0.11200	supercritical
1741.4	226.00	47.997	0.020835	1362.2	1833.1	6.8267	0.90243	1.1665	796.05	-0.056394	7.1759e-05	0.11204	supercritical
1742.4	226.00	47.970	0.020846	1363.1	1834.3	6.8274	0.90250	1.1665	796.25	-0.056409	7.1785e-05	0.11209	supercritical
1743.4	226.00	47.944	0.020858	1364.1	1835.4	6.8281	0.90258	1.1666	796.46	-0.056423	7.1811e-05	0.11214	supercritical
1744.4	226.00	47.917	0.020869	1365.0	1836.6	6.8287	0.90265	1.1667	796.66	-0.056438	7.1837e-05	0.11219	supercritical
1745.4	226.00	47.890	0.020881	1365.9	1837.8	6.8294	0.90272	1.1667	796.87	-0.056452	7.1862e-05	0.11224	supercritical
1746.4	226.00	47.864	0.020893	1366.8	1838.9	6.8301	0.90280	1.1668	797.07	-0.056467	7.1888e-05	0.11229	supercritical
1747.4	226.00	47.837	0.020904	1367.7	1840.1	6.8308	0.90287	1.1669	797.28	-0.056481	7.1914e-05	0.11234	supercritical
1748.4	226.00	47.811	0.020916	1368.6	1841.3	6.8314	0.90294	1.1669	797.48	-0.056496	7.1940e-05	0.11239	supercritical
1749.4	226.00	47.784	0.020927	1369.5	1842.4	6.8321	0.90302	1.1670	797.68	-0.056510	7.1965e-05	0.11243	supercritical
1750.4	226.00	47.758	0.020939	1370.4	1843.6	6.8328	0.90309	1.1671	797.89	-0.056524	7.1991e-05	0.11248	supercritical
1751.4	226.00	47.732	0.020951	1371.3	1844.8	6.8334	0.90316	1.1671	798.09	-0.056539	7.2017e-05	0.11253	supercritical
1752.4	226.00	47.705	0.020962	1372.2	1845.9	6.8341	0.90324	1.1672	798.30	-0.056553	7.2042e-05	0.11258	supercritical
1753.4	226.00	47.679	0.020974	1373.1	1847.1	6.8348	0.90331	1.1673	798.50	-0.056567	7.2068e-05	0.11263	supercritical
1754.4	226.00	47.652	0.020985	1374.0	1848.3	6.8354	0.90338	1.1673	798.70	-0.056581	7.2094e-05	0.11268	supercritical
1755.4	226.00	47.626	0.020997	1374.9	1849.4	6.8361	0.90346	1.1674	798.91	-0.056596	7.2119e-05	0.11273	supercritical
1756.4	226.00	47.600	0.021008	1375.8	1850.6	6.8368	0.90353	1.1675	799.11	-0.056610	7.2145e-05	0.11278	supercritical
1757.4	226.00	47.574	0.021020	1376.7	1851.8	6.8374	0.90360	1.1676	799.32	-0.056624	7.2171e-05	0.11282	supercritical
1758.4	226.00	47.547	0.021032	1377.6	1852.9	6.8381	0.90368	1.1676	799.52	-0.056638	7.2197e-05	0.11287	supercritical
1759.4	226.00	47.521	0.021043	1378.5	1854.1	6.8387	0.90375	1.1677	799.72	-0.056652	7.2222e-05	0.11292	supercritical
1760.4	226.00	47.495	0.021055	1379.4	1855.3	6.8394	0.90382	1.1678	799.93	-0.056666	7.2248e-05	0.11297	supercritical
1761.4	226.00	47.469	0.021066	1380.3	1856.4	6.8401	0.90390	1.1678	800.13	-0.056681	7.2274e-05	0.11302	supercritical
1762.4	226.00	47.443	0.021078	1381.3	1857.6	6.8407	0.90397	1.1679	800.33	-0.056695	7.2299e-05	0.11307	supercritical
1763.4	226.00	47.417	0.021090	1382.2	1858.8	6.8414	0.90404	1.1680	800.54	-0.056709	7.2325e-05	0.11312	supercritical
1764.4	226.00	47.391	0.021101	1383.1	1860.0	6.8421	0.90412	1.1680	800.74	-0.056723	7.2350e-05	0.11317	supercritical
1765.4	226.00	47.365	0.021113	1384.0	1861.1	6.8427	0.90419	1.1681	800.94	-0.056737	7.2376e-05	0.11321	supercritical
1766.4	226.00	47.339	0.021124	1384.9	1862.3	6.8434	0.90426	1.1682	801.15	-0.056751	7.2402e-05	0.11326	supercritical
1767.4	226.00	47.313	0.021136	1385.8	1863.5	6.8440	0.90434	1.1682	801.35	-0.056765	7.2427e-05	0.11331	supercritical
1768.4	226.00	47.287	0.021147	1386.7	1864.6	6.8447	0.90441	1.1683	801.55	-0.056778	7.2453e-05	0.11336	supercritical
1769.4	226.00	47.261	0.021159	1387.6	1865.8	6.8454	0.90448	1.1684	801.76	-0.056792	7.2479e-05	0.11341	supercritical
1770.4	226.00	47.235	0.021171	1388.5	1867.0	6.8460	0.90456	1.1684	801.96	-0.056806	7.2504e-05	0.11346	supercritical
1771.4	226.00	47.209	0.021182	1389.4	1868.1	6.8467	0.90463	1.1685	802.16	-0.056820	7.2530e-05	0.11351	supercritical
1772.4	226.00	47.184	0.021194	1390.3	1869.3	6.8473	0.90470	1.1686	802.37	-0.056834	7.2556e-05	0.11356	supercritical
1773.4	226.00	47.158	0.021205	1391.2	1870.5	6.8480	0.90478	1.1686	802.57	-0.056848	7.2581e-05	0.11360	supercritical
1774.4	226.00	47.132	0.021217	1392.1	1871.6	6.8487	0.90485	1.1687	802.77	-0.056861	7.2607e-05	0.11365	supercritical
1775.4	226.00	47.106	0.021229	1393.0	1872.8	6.8493	0.90492	1.1688	802.97	-0.056875	7.2632e-05	0.11370	supercritical
1776.4	226.00	47.081	0.021240	1393.9	1874.0	6.8500	0.90500	1.1688	803.18	-0.056889	7.2658e-05	0.11375	supercritical
1777.4	226.00	47.055	0.021252	1394.9	1875.1	6.8506	0.90507	1.1689	803.38	-0.056903	7.2684e-05	0.11380	supercritical
1778.4	226.00	47.029	0.021263	1395.8	1876.3	6.8513	0.90514	1.1690	803.58	-0.056916	7.2709e-05	0.11385	supercritical
1779.4	226.00	47.004	0.021275	1396.7	1877.5	6.8519	0.90522	1.1690	803.78	-0.056930	7.2735e-05	0.11390	supercritical
1780.4	226.00	46.978	0.021286	1397.6	1878.6	6.8526	0.90529	1.1691	803.99	-0.056944	7.2760e-05	0.11395	supercritical
1781.4	226.00	46.953	0.021298	1398.5	1879.8	6.8533	0.90536	1.1692	804.19	-0.056957	7.2786e-05	0.11399	supercritical
1782.4	226.00	46.927	0.021310	1399.4	1881.0	6.8539	0.90544	1.1693	804.39	-0.056971	7.2812e-05	0.11404	supercritical
1783.4	226.00	46.902	0.021321	1400.3	1882.2	6.8546	0.90551	1.1693	804.59	-0.056984	7.2837e-05	0.11409	supercritical
1784.4	226.00	46.876	0.021333	1401.2	1883.3	6.8552	0.90558	1.1694	804.80	-0.056998	7.2863e-05	0.11414	supercritical
1785.4	226.00	46.851	0.021344	1402.1	1884.5	6.8559	0.90565	1.1695	805.00	-0.057012	7.2888e-05	0.11419	supercritical
1786.4	226.00	46.825	0.021356	1403.0	1885.7	6.8565	0.90573	1.1695	805.20	-0.057025	7.2914e-05	0.11424	supercritical
1787.4	226.00	46.800	0.021368	1403.9	1886.8	6.8572	0.90580	1.1696	805.40	-0.057039	7.2939e-05	0.11429	supercritical
1788.4	226.00	46.775	0.021379	1404.8	1888.0	6.8578	0.90587	1.1697	805.60	-0.057052	7.2965e-05	0.11433	supercritical
1789.4	226.00	46.749	0.021391	1405.7	1889.2	6.8585	0.90595	1.1697	805.81	-0.057065	7.2991e-05	0.11438	supercritical
1790.4	226.00	46.724	0.021402	1406.7	1890.3	6.8592	0.90602	1.1698	806.01	-0.057079	7.3016e-05	0.11443	supercritical
1791.4	226.00	46.699	0.021414	1407.6	1891.5	6.8598	0.90609	1.1699	806.21	-0.057092	7.3042e-05	0.11448	supercritical
1792.4	226.00	46.674	0.021425	1408.5	1892.7	6.8605	0.90617	1.1699	806.41	-0.057106	7.3067e-05	0.11453	supercritical
1793.4	226.00	46.648	0.021437	1409.4	1893.9	6.8611	0.90624	1.1700	806.61	-0.057119	7.3093e-05	0.11458	supercritical
1794.4	226.00	46.623	0.021449	1410.3	1895.0	6.8618	0.90631	1.1701	806.81	-0.057132	7.3118e-05	0.11463	supercritical
1795.4	226.00	46.598	0.021460	1411.2	1896.2	6.8624	0.90638	1.1701	807.02	-0.057146	7.3144e-05	0.11467	supercritical
1796.4	226.00	46.573	0.021472	1412.1	1897.4	6.8631	0.90646	1.1702	807.22	-0.057159	7.3169e-05	0.11472	supercritical
1797.4	226.00	46.548	0.021483	1413.0	1898.5	6.8637	0.90653	1.1703	807.42	-0.057172	7.3195e-05	0.11477	supercritical
1798.4	226.00	46.523	0.021495	1413.9	1899.7	6.8644	0.90660	1.1703	807.62	-0.057185	7.3220e-05	0.11482	supercritical
1799.4	226.00	46.498	0.021506	1414.8	1900.9	6.8650	0.90668	1.1704	807.82	-0.057199	7.3246e-05	0.11487	supercritical
1800.4	226.00	46.473	0.021518	1415.7	1902.0	6.8657	0.90675	1.1705	808.02	-0.057212	7.3272e-05	0.11492	supercritical
1801.4	226.00	46.448	0.021530	1416.6	1903.2	6.8663	0.90682	1.1705	808.22	-0.057225	7.3297e-05	0.11497	supercritical
1802.4	226.00	46.423	0.021541	1417.6	1904.4	6.8670	0.90689	1.1706	808.43	-0.057238	7.3323e-05	0.11501	supercritical
1803.4	226.00	46.398	0.021553	1418.5	1905.6	6.8676	0.90697	1.1707	808.63	-0.057251	7.3348e-05	0.11506	supercritical
1804.4	226.00	46.373	0.021564	1419.4	1906.7	6.8683	0.90704	1.1707	808.83	-0.057264	7.3374e-05	0.11511	supercritical
1805.4	226.00	46.348	0.021576	1420.3	1907.9	6.8689	0.90711	1.1708	809.03	-0.057277	7.3399e-05	0.11516	supercritical
1806.4	226.00	46.323	0.021588	1421.2	1909.1	6.8696	0.90718	1.1709	809.23	-0.057290	7.3425e-05	0.11521	supercritical
1807.4	226.00	46.298	0.021599	1422.1	1910.2	6.8702	0.90726	1.1709	809.43	-0.057304	7.3450e-05	0.11526	supercritical
1808.4	226.00	46.273	0.021611	1423.0	1911.4	6.8709	0.90733	1.1710	809.63	-0.057317	7.3476e-05	0.11531	supercritical
1809.4	226.00	46.249	0.021622	1423.9	1912.6	6.8715	0.90740	1.1711	809.83	-0.057330	7.3501e-05	0.11535	supercritical
1810.4	226.00	46.224	0.021634	1424.8	1913.8	6.8722	0.90748	1.1712	810.03	-0.057343	7.3527e-05	0.11540	supercritical
1811.4	226.00	46.199	0.021645	1425.7	1914.9	6.8728	0.90755	1.1712	810.23	-0.057356	7.3552e-05	0.11545	supercritical
1812.4	226.00	46.174	0.021657	1426.6	1916.1	6.8735	0.90762	1.1713	810.43	-0.057368	7.3577e-05	0.11550	supercritical
1813.4	226.00	46.150	0.021669	1427.6	1917.3	6.8741	0.90769	1.1714	810.63	-0.057381	7.3603e-05	0.11555	supercritical
1814.4	226.00	46.125	0.021680	1428.5	1918.4	6.8747	0.90777	1.1714	810.83	-0.057394	7.3628e-05	0.11560	supercritical
1815.4	226.00	46.100	0.021692	1429.4	1919.6	6.8754	0.90784	1.1715	811.04	-0.057407	7.3654e-05	0.11565	supercritical
1816.4	226.00	46.076	0.021703	1430.3	1920.8	6.8760	0.90791	1.1716	811.24	-0.057420	7.3679e-05	0.11569	supercritical
1817.4	226.00	46.051	0.021715	1431.2	1922.0	6.8767	0.90798	1.1716	811.44	-0.057433	7.3705e-05	0.11574	supercritical
1818.4	226.00	46.027	0.021726	1432.1	1923.1	6.8773	0.90806	1.1717	811.64	-0.057446	7.3730e-05	0.11579	supercritical
1819.4	226.00	46.002	0.021738	1433.0	1924.3	6.8780	0.90813	1.1718	811.84	-0.057458	7.3756e-05	0.11584	supercritical
1820.4	226.00	45.978	0.021750	1433.9	1925.5	6.8786	0.90820	1.1718	812.04	-0.057471	7.3781e-05	0.11589	supercritical
1821.4	226.00	45.953	0.021761	1434.8	1926.6	6.8793	0.90827	1.1719	812.24	-0.057484	7.3807e-05	0.11594	supercritical
1822.4	226.00	45.929	0.021773	1435.7	1927.8	6.8799	0.90835	1.1720	812.44	-0.057497	7.3832e-05	0.11599	supercritical
1823.4	226.00	45.904	0.021784	1436.7	1929.0	6.8805	0.90842	1.1720	812.64	-0.057509	7.3858e-05	0.11603	supercritical
1824.4	226.00	45.880	0.021796	1437.6	1930.2	6.8812	0.90849	1.1721	812.84	-0.057522	7.3883e-05	0.11608	supercritical
1825.4	226.00	45.856	0.021808	1438.5	1931.3	6.8818	0.90856	1.1722	813.04	-0.057535	7.3908e-05	0.11613	supercritical
1826.4	226.00	45.831	0.021819	1439.4	1932.5	6.8825	0.90864	1.1722	813.24	-0.057547	7.3934e-05	0.11618	supercritical
1827.4	226.00	45.807	0.021831	1440.3	1933.7	6.8831	0.90871	1.1723	813.44	-0.057560	7.3959e-05	0.11623	supercritical
1828.4	226.00	45.783	0.021842	1441.2	1934.8	6.8838	0.90878	1.1724	813.64	-0.057573	7.3985e-05	0.11628	supercritical
1829.4	226.00	45.759	0.021854	1442.1	1936.0	6.8844	0.90885	1.1724	813.84	-0.057585	7.4010e-05	0.11633	supercritical
1830.4	226.00	45.734	0.021865	1443.0	1937.2	6.8850	0.90893	1.1725	814.03	-0.057598	7.4036e-05	0.11637	supercritical
1831.4	226.00	45.710	0.021877	1443.9	1938.4	6.8857	0.90900	1.1726	814.23	-0.057610	7.4061e-05	0.11642	supercritical
1832.4	226.00	45.686	0.021889	1444.9	1939.5	6.8863	0.90907	1.1726	814.43	-0.057623	7.4086e-05	0.11647	supercritical
1833.4	226.00	45.662	0.021900	1445.8	1940.7	6.8870	0.90914	1.1727	814.63	-0.057635	7.4112e-05	0.11652	supercritical
1834.4	226.00	45.638	0.021912	1446.7	1941.9	6.8876	0.90922	1.1728	814.83	-0.057648	7.4137e-05	0.11657	supercritical
1835.4	226.00	45.614	0.021923	1447.6	1943.1	6.8882	0.90929	1.1728	815.03	-0.057660	7.4163e-05	0.11662	supercritical
1836.4	226.00	45.589	0.021935	1448.5	1944.2	6.8889	0.90936	1.1729	815.23	-0.057673	7.4188e-05	0.11666	supercritical
1837.4	226.00	45.565	0.021946	1449.4	1945.4	6.8895	0.90943	1.1730	815.43	-0.057685	7.4213e-05	0.11671	supercritical
1838.4	226.00	45.541	0.021958	1450.3	1946.6	6.8901	0.90951	1.1730	815.63	-0.057697	7.4239e-05	0.11676	supercritical
1839.4	226.00	45.517	0.021970	1451.2	1947.7	6.8908	0.90958	1.1731	815.83	-0.057710	7.4264e-05	0.11681	supercritical
1840.4	226.00	45.493	0.021981	1452.1	1948.9	6.8914	0.90965	1.1732	816.03	-0.057722	7.4289e-05	0.11686	supercritical
1841.4	226.00	45.469	0.021993	1453.1	1950.1	6.8921	0.90972	1.1733	816.23	-0.057734	7.4315e-05	0.11691	supercritical
1842.4	226.00	45.446	0.022004	1454.0	1951.3	6.8927	0.90979	1.1733	816.43	-0.057747	7.4340e-05	0.11696	supercritical
1843.4	226.00	45.422	0.022016	1454.9	1952.4	6.8933	0.90987	1.1734	816.62	-0.057759	7.4366e-05	0.11700	supercritical
1844.4	226.00	45.398	0.022027	1455.8	1953.6	6.8940	0.90994	1.1735	816.82	-0.057771	7.4391e-05	0.11705	supercritical
1845.4	226.00	45.374	0.022039	1456.7	1954.8	6.8946	0.91001	1.1735	817.02	-0.057784	7.4416e-05	0.11710	supercritical
1846.4	226.00	45.350	0.022051	1457.6	1956.0	6.8952	0.91008	1.1736	817.22	-0.057796	7.4442e-05	0.11715	supercritical
1847.4	226.00	45.326	0.022062	1458.5	1957.1	6.8959	0.91016	1.1737	817.42	-0.057808	7.4467e-05	0.11720	supercritical
1848.4	226.00	45.303	0.022074	1459.4	1958.3	6.8965	0.91023	1.1737	817.62	-0.057820	7.4492e-05	0.11725	supercritical
1849.4	226.00	45.279	0.022085	1460.3	1959.5	6.8971	0.91030	1.1738	817.82	-0.057832	7.4518e-05	0.11729	supercritical
1850.4	226.00	45.255	0.022097	1461.3	1960.7	6.8978	0.91037	1.1739	818.01	-0.057845	7.4543e-05	0.11734	supercritical
1851.4	226.00	45.231	0.022109	1462.2	1961.8	6.8984	0.91044	1.1739	818.21	-0.057857	7.4568e-05	0.11739	supercritical
1852.4	226.00	45.208	0.022120	1463.1	1963.0	6.8991	0.91052	1.1740	818.41	-0.057869	7.4594e-05	0.11744	supercritical
1853.4	226.00	45.184	0.022132	1464.0	1964.2	6.8997	0.91059	1.1741	818.61	-0.057881	7.4619e-05	0.11749	supercritical
1854.4	226.00	45.161	0.022143	1464.9	1965.3	6.9003	0.91066	1.1741	818.81	-0.057893	7.4644e-05	0.11754	supercritical
1855.4	226.00	45.137	0.022155	1465.8	1966.5	6.9010	0.91073	1.1742	819.01	-0.057905	7.4670e-05	0.11758	supercritical
1856.4	226.00	45.113	0.022166	1466.7	1967.7	6.9016	0.91081	1.1743	819.20	-0.057917	7.4695e-05	0.11763	supercritical
1857.4	226.00	45.090	0.022178	1467.6	1968.9	6.9022	0.91088	1.1743	819.40	-0.057929	7.4720e-05	0.11768	supercritical
1858.4	226.00	45.066	0.022190	1468.6	1970.0	6.9028	0.91095	1.1744	819.60	-0.057941	7.4746e-05	0.11773	supercritical
1859.4	226.00	45.043	0.022201	1469.5	1971.2	6.9035	0.91102	1.1745	819.80	-0.057953	7.4771e-05	0.11778	supercritical
1860.4	226.00	45.019	0.022213	1470.4	1972.4	6.9041	0.91109	1.1745	820.00	-0.057965	7.4796e-05	0.11783	supercritical
1861.4	226.00	44.996	0.022224	1471.3	1973.6	6.9047	0.91117	1.1746	820.19	-0.057977	7.4822e-05	0.11788	supercritical
1862.4	226.00	44.972	0.022236	1472.2	1974.7	6.9054	0.91124	1.1747	820.39	-0.057989	7.4847e-05	0.11792	supercritical
1863.4	226.00	44.949	0.022247	1473.1	1975.9	6.9060	0.91131	1.1747	820.59	-0.058001	7.4872e-05	0.11797	supercritical
1864.4	226.00	44.926	0.022259	1474.0	1977.1	6.9066	0.91138	1.1748	820.79	-0.058013	7.4898e-05	0.11802	supercritical
1865.4	226.00	44.902	0.022271	1475.0	1978.3	6.9073	0.91145	1.1749	820.99	-0.058024	7.4923e-05	0.11807	supercritical
1866.4	226.00	44.879	0.022282	1475.9	1979.4	6.9079	0.91153	1.1749	821.18	-0.058036	7.4948e-05	0.11812	supercritical
1867.4	226.00	44.856	0.022294	1476.8	1980.6	6.9085	0.91160	1.1750	821.38	-0.058048	7.4974e-05	0.11817	supercritical
1868.4	226.00	44.832	0.022305	1477.7	1981.8	6.9092	0.91167	1.1751	821.58	-0.058060	7.4999e-05	0.11821	supercritical
1869.4	226.00	44.809	0.022317	1478.6	1983.0	6.9098	0.91174	1.1751	821.78	-0.058072	7.5024e-05	0.11826	supercritical
1870.4	226.00	44.786	0.022328	1479.5	1984.1	6.9104	0.91181	1.1752	821.97	-0.058083	7.5049e-05	0.11831	supercritical
1871.4	226.00	44.763	0.022340	1480.4	1985.3	6.9110	0.91189	1.1753	822.17	-0.058095	7.5075e-05	0.11836	supercritical
1872.4	226.00	44.740	0.022352	1481.3	1986.5	6.9117	0.91196	1.1753	822.37	-0.058107	7.5100e-05	0.11841	supercritical
1873.4	226.00	44.716	0.022363	1482.3	1987.7	6.9123	0.91203	1.1754	822.56	-0.058119	7.5125e-05	0.11846	supercritical
1874.4	226.00	44.693	0.022375	1483.2	1988.8	6.9129	0.91210	1.1755	822.76	-0.058130	7.5150e-05	0.11850	supercritical
1875.4	226.00	44.670	0.022386	1484.1	1990.0	6.9135	0.91217	1.1755	822.96	-0.058142	7.5176e-05	0.11855	supercritical
1876.4	226.00	44.647	0.022398	1485.0	1991.2	6.9142	0.91224	1.1756	823.16	-0.058154	7.5201e-05	0.11860	supercritical
1877.4	226.00	44.624	0.022409	1485.9	1992.4	6.9148	0.91232	1.1757	823.35	-0.058165	7.5226e-05	0.11865	supercritical
1878.4	226.00	44.601	0.022421	1486.8	1993.5	6.9154	0.91239	1.1758	823.55	-0.058177	7.5251e-05	0.11870	supercritical
1879.4	226.00	44.578	0.022433	1487.7	1994.7	6.9161	0.91246	1.1758	823.75	-0.058188	7.5277e-05	0.11875	supercritical
1880.4	226.00	44.555	0.022444	1488.7	1995.9	6.9167	0.91253	1.1759	823.94	-0.058200	7.5302e-05	0.11879	supercritical
1881.4	226.00	44.532	0.022456	1489.6	1997.1	6.9173	0.91260	1.1760	824.14	-0.058211	7.5327e-05	0.11884	supercritical
1882.4	226.00	44.509	0.022467	1490.5	1998.3	6.9179	0.91268	1.1760	824.34	-0.058223	7.5352e-05	0.11889	supercritical
1883.4	226.00	44.486	0.022479	1491.4	1999.4	6.9186	0.91275	1.1761	824.53	-0.058234	7.5378e-05	0.11894	supercritical
1884.4	226.00	44.463	0.022490	1492.3	2000.6	6.9192	0.91282	1.1762	824.73	-0.058246	7.5403e-05	0.11899	supercritical
1885.4	226.00	44.440	0.022502	1493.2	2001.8	6.9198	0.91289	1.1762	824.93	-0.058257	7.5428e-05	0.11904	supercritical
1886.4	226.00	44.418	0.022514	1494.1	2003.0	6.9204	0.91296	1.1763	825.12	-0.058269	7.5453e-05	0.11908	supercritical
1887.4	226.00	44.395	0.022525	1495.1	2004.1	6.9210	0.91303	1.1764	825.32	-0.058280	7.5479e-05	0.11913	supercritical
1888.4	226.00	44.372	0.022537	1496.0	2005.3	6.9217	0.91311	1.1764	825.52	-0.058292	7.5504e-05	0.11918	supercritical
1889.4	226.00	44.349	0.022548	1496.9	2006.5	6.9223	0.91318	1.1765	825.71	-0.058303	7.5529e-05	0.11923	supercritical
1890.4	226.00	44.327	0.022560	1497.8	2007.7	6.9229	0.91325	1.1766	825.91	-0.058315	7.5554e-05	0.11928	supercritical
1891.4	226.00	44.304	0.022571	1498.7	2008.8	6.9235	0.91332	1.1766	826.11	-0.058326	7.5580e-05	0.11932	supercritical
1892.4	226.00	44.281	0.022583	1499.6	2010.0	6.9242	0.91339	1.1767	826.30	-0.058337	7.5605e-05	0.11937	supercritical
1893.4	226.00	44.258	0.022595	1500.6	2011.2	6.9248	0.91346	1.1768	826.50	-0.058349	7.5630e-05	0.11942	supercritical
1894.4	226.00	44.236	0.022606	1501.5	2012.4	6.9254	0.91354	1.1768	826.69	-0.058360	7.5655e-05	0.11947	supercritical
1895.4	226.00	44.213	0.022618	1502.4	2013.5	6.9260	0.91361	1.1769	826.89	-0.058371	7.5680e-05	0.11952	supercritical
1896.4	226.00	44.191	0.022629	1503.3	2014.7	6.9266	0.91368	1.1770	827.09	-0.058382	7.5706e-05	0.11957	supercritical
1897.4	226.00	44.168	0.022641	1504.2	2015.9	6.9273	0.91375	1.1770	827.28	-0.058394	7.5731e-05	0.11961	supercritical
1898.4	226.00	44.145	0.022652	1505.1	2017.1	6.9279	0.91382	1.1771	827.48	-0.058405	7.5756e-05	0.11966	supercritical
1899.4	226.00	44.123	0.022664	1506.0	2018.3	6.9285	0.91389	1.1772	827.67	-0.058416	7.5781e-05	0.11971	supercritical
1900.4	226.00	44.100	0.022676	1507.0	2019.4	6.9291	0.91397	1.1772	827.87	-0.058427	7.5806e-05	0.11976	supercritical
1901.4	226.00	44.078	0.022687	1507.9	2020.6	6.9297	0.91404	1.1773	828.07	-0.058438	7.5831e-05	0.11981	supercritical
1902.4	226.00	44.055	0.022699	1508.8	2021.8	6.9304	0.91411	1.1774	828.26	-0.058450	7.5857e-05	0.11986	supercritical
1903.4	226.00	44.033	0.022710	1509.7	2023.0	6.9310	0.91418	1.1774	828.46	-0.058461	7.5882e-05	0.11990	supercritical
1904.4	226.00	44.010	0.022722	1510.6	2024.1	6.9316	0.91425	1.1775	828.65	-0.058472	7.5907e-05	0.11995	supercritical
1905.4	226.00	43.988	0.022733	1511.5	2025.3	6.9322	0.91432	1.1776	828.85	-0.058483	7.5932e-05	0.12000	supercritical
1906.4	226.00	43.966	0.022745	1512.5	2026.5	6.9328	0.91440	1.1776	829.04	-0.058494	7.5957e-05	0.12005	supercritical
1907.4	226.00	43.943	0.022757	1513.4	2027.7	6.9335	0.91447	1.1777	829.24	-0.058505	7.5983e-05	0.12010	supercritical
1908.4	226.00	43.921	0.022768	1514.3	2028.9	6.9341	0.91454	1.1778	829.43	-0.058516	7.6008e-05	0.12015	supercritical
1909.4	226.00	43.899	0.022780	1515.2	2030.0	6.9347	0.91461	1.1778	829.63	-0.058527	7.6033e-05	0.12019	supercritical
1910.4	226.00	43.876	0.022791	1516.1	2031.2	6.9353	0.91468	1.1779	829.82	-0.058538	7.6058e-05	0.12024	supercritical
1911.4	226.00	43.854	0.022803	1517.0	2032.4	6.9359	0.91475	1.1780	830.02	-0.058549	7.6083e-05	0.12029	supercritical
1912.4	226.00	43.832	0.022814	1518.0	2033.6	6.9365	0.91482	1.1780	830.21	-0.058560	7.6108e-05	0.12034	supercritical
1913.4	226.00	43.810	0.022826	1518.9	2034.7	6.9372	0.91490	1.1781	830.41	-0.058571	7.6133e-05	0.12039	supercritical
1914.4	226.00	43.788	0.022838	1519.8	2035.9	6.9378	0.91497	1.1782	830.60	-0.058582	7.6159e-05	0.12043	supercritical
1915.4	226.00	43.765	0.022849	1520.7	2037.1	6.9384	0.91504	1.1782	830.80	-0.058593	7.6184e-05	0.12048	supercritical
1916.4	226.00	43.743	0.022861	1521.6	2038.3	6.9390	0.91511	1.1783	830.99	-0.058604	7.6209e-05	0.12053	supercritical
1917.4	226.00	43.721	0.022872	1522.5	2039.5	6.9396	0.91518	1.1784	831.19	-0.058615	7.6234e-05	0.12058	supercritical
1918.4	226.00	43.699	0.022884	1523.5	2040.6	6.9402	0.91525	1.1784	831.38	-0.058626	7.6259e-05	0.12063	supercritical
1919.4	226.00	43.677	0.022895	1524.4	2041.8	6.9408	0.91532	1.1785	831.58	-0.058637	7.6284e-05	0.12068	supercritical
1920.4	226.00	43.655	0.022907	1525.3	2043.0	6.9415	0.91540	1.1786	831.77	-0.058647	7.6309e-05	0.12072	supercritical
1921.4	226.00	43.633	0.022919	1526.2	2044.2	6.9421	0.91547	1.1786	831.97	-0.058658	7.6334e-05	0.12077	supercritical
1922.4	226.00	43.611	0.022930	1527.1	2045.3	6.9427	0.91554	1.1787	832.16	-0.058669	7.6360e-05	0.12082	supercritical
1923.4	226.00	43.589	0.022942	1528.0	2046.5	6.9433	0.91561	1.1788	832.36	-0.058680	7.6385e-05	0.12087	supercritical
1924.4	226.00	43.567	0.022953	1529.0	2047.7	6.9439	0.91568	1.1789	832.55	-0.058691	7.6410e-05	0.12092	supercritical
1925.4	226.00	43.545	0.022965	1529.9	2048.9	6.9445	0.91575	1.1789	832.75	-0.058701	7.6435e-05	0.12096	supercritical
1926.4	226.00	43.523	0.022976	1530.8	2050.1	6.9451	0.91582	1.1790	832.94	-0.058712	7.6460e-05	0.12101	supercritical
1927.4	226.00	43.501	0.022988	1531.7	2051.2	6.9457	0.91590	1.1791	833.14	-0.058723	7.6485e-05	0.12106	supercritical
1928.4	226.00	43.479	0.023000	1532.6	2052.4	6.9464	0.91597	1.1791	833.33	-0.058733	7.6510e-05	0.12111	supercritical
1929.4	226.00	43.457	0.023011	1533.5	2053.6	6.9470	0.91604	1.1792	833.52	-0.058744	7.6535e-05	0.12116	supercritical
1930.4	226.00	43.435	0.023023	1534.5	2054.8	6.9476	0.91611	1.1793	833.72	-0.058755	7.6560e-05	0.12121	supercritical
1931.4	226.00	43.414	0.023034	1535.4	2056.0	6.9482	0.91618	1.1793	833.91	-0.058765	7.6585e-05	0.12125	supercritical
1932.4	226.00	43.392	0.023046	1536.3	2057.1	6.9488	0.91625	1.1794	834.11	-0.058776	7.6611e-05	0.12130	supercritical
1933.4	226.00	43.370	0.023057	1537.2	2058.3	6.9494	0.91632	1.1795	834.30	-0.058787	7.6636e-05	0.12135	supercritical
1934.4	226.00	43.348	0.023069	1538.1	2059.5	6.9500	0.91639	1.1795	834.49	-0.058797	7.6661e-05	0.12140	supercritical
1935.4	226.00	43.327	0.023080	1539.1	2060.7	6.9506	0.91647	1.1796	834.69	-0.058808	7.6686e-05	0.12145	supercritical
1936.4	226.00	43.305	0.023092	1540.0	2061.9	6.9512	0.91654	1.1797	834.88	-0.058818	7.6711e-05	0.12149	supercritical
1937.4	226.00	43.283	0.023104	1540.9	2063.0	6.9519	0.91661	1.1797	835.08	-0.058829	7.6736e-05	0.12154	supercritical
1938.4	226.00	43.262	0.023115	1541.8	2064.2	6.9525	0.91668	1.1798	835.27	-0.058839	7.6761e-05	0.12159	supercritical
1939.4	226.00	43.240	0.023127	1542.7	2065.4	6.9531	0.91675	1.1799	835.46	-0.058850	7.6786e-05	0.12164	supercritical
1940.4	226.00	43.218	0.023138	1543.6	2066.6	6.9537	0.91682	1.1799	835.66	-0.058860	7.6811e-05	0.12169	supercritical
1941.4	226.00	43.197	0.023150	1544.6	2067.8	6.9543	0.91689	1.1800	835.85	-0.058871	7.6836e-05	0.12174	supercritical
1942.4	226.00	43.175	0.023161	1545.5	2068.9	6.9549	0.91696	1.1801	836.05	-0.058881	7.6861e-05	0.12178	supercritical
1943.4	226.00	43.154	0.023173	1546.4	2070.1	6.9555	0.91703	1.1801	836.24	-0.058892	7.6886e-05	0.12183	supercritical
1944.4	226.00	43.132	0.023185	1547.3	2071.3	6.9561	0.91711	1.1802	836.43	-0.058902	7.6911e-05	0.12188	supercritical
1945.4	226.00	43.111	0.023196	1548.2	2072.5	6.9567	0.91718	1.1803	836.63	-0.058913	7.6936e-05	0.12193	supercritical
1946.4	226.00	43.089	0.023208	1549.2	2073.7	6.9573	0.91725	1.1803	836.82	-0.058923	7.6961e-05	0.12198	supercritical
1947.4	226.00	43.068	0.023219	1550.1	2074.8	6.9579	0.91732	1.1804	837.01	-0.058933	7.6987e-05	0.12202	supercritical
1948.4	226.00	43.046	0.023231	1551.0	2076.0	6.9585	0.91739	1.1805	837.21	-0.058944	7.7012e-05	0.12207	supercritical
1949.4	226.00	43.025	0.023242	1551.9	2077.2	6.9591	0.91746	1.1805	837.40	-0.058954	7.7037e-05	0.12212	supercritical
1950.4	226.00	43.003	0.023254	1552.8	2078.4	6.9597	0.91753	1.1806	837.59	-0.058964	7.7062e-05	0.12217	supercritical
1951.4	226.00	42.982	0.023266	1553.8	2079.6	6.9603	0.91760	1.1807	837.79	-0.058975	7.7087e-05	0.12222	supercritical
1952.4	226.00	42.961	0.023277	1554.7	2080.7	6.9610	0.91767	1.1807	837.98	-0.058985	7.7112e-05	0.12226	supercritical
1953.4	226.00	42.939	0.023289	1555.6	2081.9	6.9616	0.91775	1.1808	838.17	-0.058995	7.7137e-05	0.12231	supercritical
1954.4	226.00	42.918	0.023300	1556.5	2083.1	6.9622	0.91782	1.1809	838.36	-0.059005	7.7162e-05	0.12236	supercritical
1955.4	226.00	42.897	0.023312	1557.4	2084.3	6.9628	0.91789	1.1809	838.56	-0.059016	7.7187e-05	0.12241	supercritical
1956.4	226.00	42.875	0.023323	1558.4	2085.5	6.9634	0.91796	1.1810	838.75	-0.059026	7.7212e-05	0.12246	supercritical
1957.4	226.00	42.854	0.023335	1559.3	2086.6	6.9640	0.91803	1.1811	838.94	-0.059036	7.7237e-05	0.12250	supercritical
1958.4	226.00	42.833	0.023347	1560.2	2087.8	6.9646	0.91810	1.1811	839.14	-0.059046	7.7262e-05	0.12255	supercritical
1959.4	226.00	42.812	0.023358	1561.1	2089.0	6.9652	0.91817	1.1812	839.33	-0.059056	7.7287e-05	0.12260	supercritical
1960.4	226.00	42.791	0.023370	1562.0	2090.2	6.9658	0.91824	1.1813	839.52	-0.059067	7.7312e-05	0.12265	supercritical
1961.4	226.00	42.769	0.023381	1563.0	2091.4	6.9664	0.91831	1.1813	839.71	-0.059077	7.7337e-05	0.12270	supercritical
1962.4	226.00	42.748	0.023393	1563.9	2092.5	6.9670	0.91838	1.1814	839.91	-0.059087	7.7362e-05	0.12275	supercritical
1963.4	226.00	42.727	0.023404	1564.8	2093.7	6.9676	0.91845	1.1815	840.10	-0.059097	7.7387e-05	0.12279	supercritical
1964.4	226.00	42.706	0.023416	1565.7	2094.9	6.9682	0.91853	1.1815	840.29	-0.059107	7.7412e-05	0.12284	supercritical
1965.4	226.00	42.685	0.023427	1566.6	2096.1	6.9688	0.91860	1.1816	840.48	-0.059117	7.7437e-05	0.12289	supercritical
1966.4	226.00	42.664	0.023439	1567.6	2097.3	6.9694	0.91867	1.1817	840.68	-0.059127	7.7462e-05	0.12294	supercritical
1967.4	226.00	42.643	0.023451	1568.5	2098.5	6.9700	0.91874	1.1817	840.87	-0.059137	7.7487e-05	0.12299	supercritical
1968.4	226.00	42.622	0.023462	1569.4	2099.6	6.9706	0.91881	1.1818	841.06	-0.059147	7.7512e-05	0.12303	supercritical
1969.4	226.00	42.601	0.023474	1570.3	2100.8	6.9712	0.91888	1.1819	841.25	-0.059157	7.7537e-05	0.12308	supercritical
1970.4	226.00	42.580	0.023485	1571.2	2102.0	6.9718	0.91895	1.1819	841.45	-0.059167	7.7562e-05	0.12313	supercritical
1971.4	226.00	42.559	0.023497	1572.2	2103.2	6.9724	0.91902	1.1820	841.64	-0.059177	7.7587e-05	0.12318	supercritical
1972.4	226.00	42.538	0.023508	1573.1	2104.4	6.9730	0.91909	1.1821	841.83	-0.059187	7.7612e-05	0.12323	supercritical
1973.4	226.00	42.517	0.023520	1574.0	2105.5	6.9736	0.91916	1.1821	842.02	-0.059197	7.7637e-05	0.12327	supercritical
1974.4	226.00	42.496	0.023532	1574.9	2106.7	6.9742	0.91923	1.1822	842.21	-0.059207	7.7662e-05	0.12332	supercritical
1975.4	226.00	42.475	0.023543	1575.8	2107.9	6.9748	0.91931	1.1823	842.41	-0.059217	7.7686e-05	0.12337	supercritical
1976.4	226.00	42.454	0.023555	1576.8	2109.1	6.9754	0.91938	1.1823	842.60	-0.059227	7.7711e-05	0.12342	supercritical
1977.4	226.00	42.434	0.023566	1577.7	2110.3	6.9760	0.91945	1.1824	842.79	-0.059237	7.7736e-05	0.12347	supercritical
1978.4	226.00	42.413	0.023578	1578.6	2111.5	6.9766	0.91952	1.1825	842.98	-0.059246	7.7761e-05	0.12351	supercritical
1979.4	226.00	42.392	0.023589	1579.5	2112.6	6.9772	0.91959	1.1825	843.17	-0.059256	7.7786e-05	0.12356	supercritical
1980.4	226.00	42.371	0.023601	1580.4	2113.8	6.9778	0.91966	1.1826	843.36	-0.059266	7.7811e-05	0.12361	supercritical
1981.4	226.00	42.350	0.023612	1581.4	2115.0	6.9784	0.91973	1.1827	843.56	-0.059276	7.7836e-05	0.12366	supercritical
1982.4	226.00	42.330	0.023624	1582.3	2116.2	6.9790	0.91980	1.1827	843.75	-0.059286	7.7861e-05	0.12371	supercritical
1983.4	226.00	42.309	0.023636	1583.2	2117.4	6.9796	0.91987	1.1828	843.94	-0.059295	7.7886e-05	0.12375	supercritical
1984.4	226.00	42.288	0.023647	1584.1	2118.6	6.9802	0.91994	1.1829	844.13	-0.059305	7.7911e-05	0.12380	supercritical
1985.4	226.00	42.268	0.023659	1585.1	2119.7	6.9808	0.92001	1.1830	844.32	-0.059315	7.7936e-05	0.12385	supercritical
1986.4	226.00	42.247	0.023670	1586.0	2120.9	6.9814	0.92008	1.1830	844.51	-0.059325	7.7961e-05	0.12390	supercritical
1987.4	226.00	42.226	0.023682	1586.9	2122.1	6.9820	0.92015	1.1831	844.70	-0.059334	7.7986e-05	0.12395	supercritical
1988.4	226.00	42.206	0.023693	1587.8	2123.3	6.9826	0.92022	1.1832	844.90	-0.059344	7.8011e-05	0.12399	supercritical
1989.4	226.00	42.185	0.023705	1588.7	2124.5	6.9831	0.92030	1.1832	845.09	-0.059354	7.8036e-05	0.12404	supercritical
1990.4	226.00	42.165	0.023717	1589.7	2125.7	6.9837	0.92037	1.1833	845.28	-0.059363	7.8061e-05	0.12409	supercritical
1991.4	226.00	42.144	0.023728	1590.6	2126.8	6.9843	0.92044	1.1834	845.47	-0.059373	7.8085e-05	0.12414	supercritical
1992.4	226.00	42.124	0.023740	1591.5	2128.0	6.9849	0.92051	1.1834	845.66	-0.059383	7.8110e-05	0.12419	supercritical
1993.4	226.00	42.103	0.023751	1592.4	2129.2	6.9855	0.92058	1.1835	845.85	-0.059392	7.8135e-05	0.12423	supercritical
1994.4	226.00	42.083	0.023763	1593.3	2130.4	6.9861	0.92065	1.1836	846.04	-0.059402	7.8160e-05	0.12428	supercritical
1995.4	226.00	42.062	0.023774	1594.3	2131.6	6.9867	0.92072	1.1836	846.23	-0.059412	7.8185e-05	0.12433	supercritical
1996.4	226.00	42.042	0.023786	1595.2	2132.8	6.9873	0.92079	1.1837	846.42	-0.059421	7.8210e-05	0.12438	supercritical
1997.4	226.00	42.021	0.023797	1596.1	2133.9	6.9879	0.92086	1.1838	846.62	-0.059431	7.8235e-05	0.12443	supercritical
1998.4	226.00	42.001	0.023809	1597.0	2135.1	6.9885	0.92093	1.1838	846.81	-0.059440	7.8260e-05	0.12447	supercritical
1999.4	226.00	41.980	0.023821	1598.0	2136.3	6.9891	0.92100	1.1839	847.00	-0.059450	7.8285e-05	0.12452	supercritical