Temperature (K)	Pressure (bar)	Density (kg/m3)	Volume (m3/kg)	Internal Energy (kJ/kg)	Enthalpy (kJ/kg)	Entropy (J/g*K)	Cv (J/g*K)	Cp (J/g*K)	Sound Spd. (m/s)	Joule-Thomson (K/bar)	Viscosity (Pa*s)	Therm. Cond. (W/m*K)	Phase
54.361	301.00	1336.9	0.00074801	-197.00	-174.48	2.0252	1.1351	1.5760	1210.2	-0.040308	0.00096321	0.21204	liquid
58.361	301.00	1321.7	0.00075663	-190.87	-168.10	2.1385	1.1067	1.6119	1210.5	-0.038905	0.00078385	0.20751	liquid
59.361	301.00	1317.8	0.00075886	-189.33	-166.48	2.1659	1.1021	1.6180	1207.5	-0.038666	0.00074621	0.20636	liquid
60.361	301.00	1313.9	0.00076112	-187.77	-164.86	2.1930	1.0980	1.6230	1203.8	-0.038463	0.00071109	0.20521	liquid
61.361	301.00	1309.9	0.00076339	-186.22	-163.24	2.2197	1.0941	1.6271	1199.5	-0.038293	0.00067829	0.20406	liquid
62.361	301.00	1306.0	0.00076569	-184.66	-161.61	2.2460	1.0904	1.6302	1194.8	-0.038149	0.00064766	0.20291	liquid
63.361	301.00	1302.1	0.00076800	-183.09	-159.98	2.2720	1.0867	1.6325	1189.6	-0.038029	0.00061904	0.20175	liquid
64.361	301.00	1298.1	0.00077034	-181.53	-158.34	2.2976	1.0830	1.6342	1184.2	-0.037929	0.00059228	0.20059	liquid
65.361	301.00	1294.2	0.00077268	-179.97	-156.71	2.3228	1.0793	1.6352	1178.5	-0.037846	0.00056723	0.19944	liquid
66.361	301.00	1290.3	0.00077504	-178.40	-155.07	2.3476	1.0755	1.6357	1172.6	-0.037776	0.00054378	0.19828	liquid
67.361	301.00	1286.3	0.00077742	-176.84	-153.44	2.3721	1.0716	1.6357	1166.6	-0.037717	0.00052181	0.19712	liquid
68.361	301.00	1282.4	0.00077981	-175.27	-151.80	2.3962	1.0678	1.6354	1160.5	-0.037667	0.00050120	0.19597	liquid
69.361	301.00	1278.4	0.00078221	-173.71	-150.17	2.4199	1.0638	1.6347	1154.3	-0.037624	0.00048185	0.19481	liquid
70.361	301.00	1274.5	0.00078463	-172.15	-148.53	2.4433	1.0598	1.6338	1148.0	-0.037586	0.00046368	0.19365	liquid
71.361	301.00	1270.6	0.00078706	-170.59	-146.90	2.4664	1.0558	1.6327	1141.8	-0.037552	0.00044659	0.19249	liquid
72.361	301.00	1266.6	0.00078950	-169.03	-145.27	2.4891	1.0517	1.6314	1135.4	-0.037521	0.00043050	0.19134	liquid
73.361	301.00	1262.7	0.00079196	-167.48	-143.64	2.5115	1.0476	1.6300	1129.1	-0.037491	0.00041535	0.19018	liquid
74.361	301.00	1258.8	0.00079443	-165.92	-142.01	2.5335	1.0435	1.6285	1122.8	-0.037461	0.00040106	0.18903	liquid
75.361	301.00	1254.8	0.00079692	-164.37	-140.38	2.5553	1.0393	1.6270	1116.4	-0.037431	0.00038757	0.18787	liquid
76.361	301.00	1250.9	0.00079942	-162.82	-138.75	2.5767	1.0352	1.6253	1110.1	-0.037399	0.00037483	0.18672	liquid
77.361	301.00	1247.0	0.00080194	-161.27	-137.13	2.5978	1.0311	1.6237	1103.8	-0.037366	0.00036279	0.18556	liquid
78.361	301.00	1243.1	0.00080447	-159.72	-135.51	2.6187	1.0269	1.6221	1097.5	-0.037330	0.00035139	0.18441	liquid
79.361	301.00	1239.1	0.00080701	-158.18	-133.89	2.6392	1.0228	1.6205	1091.2	-0.037291	0.00034060	0.18325	liquid
80.361	301.00	1235.2	0.00080958	-156.63	-132.27	2.6595	1.0187	1.6188	1084.9	-0.037249	0.00033036	0.18210	liquid
81.361	301.00	1231.3	0.00081216	-155.09	-130.65	2.6795	1.0147	1.6173	1078.6	-0.037203	0.00032065	0.18094	liquid
82.361	301.00	1227.4	0.00081475	-153.56	-129.03	2.6993	1.0106	1.6157	1072.4	-0.037153	0.00031142	0.17979	liquid
83.361	301.00	1223.4	0.00081736	-152.02	-127.42	2.7188	1.0066	1.6143	1066.2	-0.037098	0.00030265	0.17864	liquid
84.361	301.00	1219.5	0.00081999	-150.48	-125.80	2.7380	1.0027	1.6128	1060.0	-0.037040	0.00029430	0.17748	liquid
85.361	301.00	1215.6	0.00082264	-148.95	-124.19	2.7570	0.99872	1.6115	1053.8	-0.036976	0.00028636	0.17633	liquid
86.361	301.00	1211.7	0.00082531	-147.42	-122.58	2.7758	0.99483	1.6102	1047.7	-0.036907	0.00027878	0.17518	liquid
87.361	301.00	1207.7	0.00082799	-145.89	-120.97	2.7943	0.99098	1.6089	1041.5	-0.036834	0.00027155	0.17403	liquid
88.361	301.00	1203.8	0.00083070	-144.37	-119.36	2.8126	0.98718	1.6078	1035.4	-0.036755	0.00026465	0.17288	liquid
89.361	301.00	1199.9	0.00083342	-142.84	-117.75	2.8307	0.98341	1.6067	1029.3	-0.036670	0.00025806	0.17172	liquid
90.361	301.00	1195.9	0.00083616	-141.32	-116.15	2.8486	0.97970	1.6057	1023.3	-0.036580	0.00025175	0.17057	liquid
91.361	301.00	1192.0	0.00083893	-139.79	-114.54	2.8662	0.97603	1.6047	1017.2	-0.036485	0.00024571	0.16942	liquid
92.361	301.00	1188.1	0.00084171	-138.27	-112.94	2.8837	0.97240	1.6038	1011.2	-0.036384	0.00023993	0.16827	liquid
93.361	301.00	1184.1	0.00084452	-136.76	-111.34	2.9010	0.96882	1.6030	1005.2	-0.036277	0.00023438	0.16712	liquid
94.361	301.00	1180.2	0.00084734	-135.24	-109.73	2.9180	0.96529	1.6023	999.17	-0.036164	0.00022906	0.16597	liquid
95.361	301.00	1176.2	0.00085019	-133.72	-108.13	2.9349	0.96181	1.6017	993.19	-0.036046	0.00022395	0.16482	liquid
96.361	301.00	1172.2	0.00085307	-132.21	-106.53	2.9516	0.95837	1.6011	987.23	-0.035921	0.00021904	0.16367	liquid
97.361	301.00	1168.3	0.00085596	-130.69	-104.93	2.9682	0.95497	1.6006	981.28	-0.035790	0.00021432	0.16253	liquid
98.361	301.00	1164.3	0.00085888	-129.18	-103.33	2.9845	0.95162	1.6001	975.36	-0.035654	0.00020977	0.16138	liquid
99.361	301.00	1160.3	0.00086183	-127.67	-101.73	3.0007	0.94832	1.5997	969.45	-0.035511	0.00020539	0.16023	liquid
100.36	301.00	1156.3	0.00086480	-126.16	-100.13	3.0167	0.94506	1.5994	963.55	-0.035362	0.00020116	0.15909	liquid
101.36	301.00	1152.4	0.00086779	-124.65	-98.529	3.0326	0.94184	1.5992	957.68	-0.035206	0.00019709	0.15794	liquid
102.36	301.00	1148.4	0.00087081	-123.14	-96.930	3.0483	0.93867	1.5990	951.82	-0.035045	0.00019316	0.15680	liquid
103.36	301.00	1144.4	0.00087386	-121.63	-95.331	3.0638	0.93554	1.5989	945.97	-0.034877	0.00018936	0.15566	liquid
104.36	301.00	1140.3	0.00087693	-120.13	-93.732	3.0792	0.93245	1.5988	940.14	-0.034702	0.00018569	0.15451	liquid
105.36	301.00	1136.3	0.00088003	-118.62	-92.134	3.0945	0.92940	1.5988	934.33	-0.034521	0.00018213	0.15337	liquid
106.36	301.00	1132.3	0.00088316	-117.12	-90.535	3.1096	0.92640	1.5989	928.53	-0.034333	0.00017870	0.15224	liquid
107.36	301.00	1128.3	0.00088631	-115.61	-88.936	3.1245	0.92343	1.5990	922.75	-0.034139	0.00017536	0.15110	liquid
108.36	301.00	1124.2	0.00088950	-114.11	-87.337	3.1394	0.92050	1.5992	916.98	-0.033938	0.00017214	0.14996	liquid
109.36	301.00	1120.2	0.00089271	-112.61	-85.737	3.1540	0.91761	1.5995	911.23	-0.033730	0.00016901	0.14883	liquid
110.36	301.00	1116.1	0.00089596	-111.11	-84.138	3.1686	0.91476	1.5998	905.50	-0.033515	0.00016597	0.14770	liquid
111.36	301.00	1112.1	0.00089923	-109.60	-82.538	3.1830	0.91195	1.6001	899.77	-0.033294	0.00016302	0.14657	liquid
112.36	301.00	1108.0	0.00090254	-108.10	-80.937	3.1973	0.90918	1.6006	894.07	-0.033065	0.00016016	0.14544	liquid
113.36	301.00	1103.9	0.00090588	-106.60	-79.337	3.2115	0.90644	1.6010	888.38	-0.032829	0.00015737	0.14431	liquid
114.36	301.00	1099.8	0.00090925	-105.10	-77.735	3.2256	0.90373	1.6015	882.70	-0.032586	0.00015466	0.14319	liquid
115.36	301.00	1095.7	0.00091265	-103.60	-76.133	3.2395	0.90106	1.6021	877.04	-0.032336	0.00015203	0.14206	liquid
116.36	301.00	1091.6	0.00091609	-102.11	-74.531	3.2534	0.89843	1.6027	871.39	-0.032078	0.00014946	0.14094	liquid
117.36	301.00	1087.5	0.00091956	-100.61	-72.928	3.2671	0.89583	1.6034	865.76	-0.031812	0.00014697	0.13983	liquid
118.36	301.00	1083.3	0.00092307	-99.109	-71.324	3.2807	0.89326	1.6041	860.15	-0.031539	0.00014453	0.13871	liquid
119.36	301.00	1079.2	0.00092661	-97.611	-69.720	3.2942	0.89073	1.6049	854.55	-0.031258	0.00014216	0.13760	liquid
120.36	301.00	1075.0	0.00093019	-96.113	-68.114	3.3076	0.88822	1.6057	848.96	-0.030970	0.00013985	0.13649	liquid
121.36	301.00	1070.9	0.00093381	-94.616	-66.508	3.3209	0.88575	1.6066	843.40	-0.030673	0.00013759	0.13538	liquid
122.36	301.00	1066.7	0.00093746	-93.119	-64.901	3.3341	0.88332	1.6075	837.85	-0.030368	0.00013539	0.13428	liquid
123.36	301.00	1062.5	0.00094115	-91.622	-63.293	3.3471	0.88091	1.6084	832.31	-0.030055	0.00013324	0.13318	liquid
124.36	301.00	1058.3	0.00094488	-90.125	-61.684	3.3601	0.87853	1.6094	826.79	-0.029734	0.00013113	0.13208	liquid
125.36	301.00	1054.1	0.00094865	-88.629	-60.075	3.3730	0.87618	1.6104	821.29	-0.029405	0.00012908	0.13099	liquid
126.36	301.00	1049.9	0.00095246	-87.133	-58.464	3.3858	0.87387	1.6115	815.80	-0.029066	0.00012707	0.12990	liquid
127.36	301.00	1045.7	0.00095631	-85.636	-56.851	3.3985	0.87158	1.6126	810.33	-0.028719	0.00012511	0.12881	liquid
128.36	301.00	1041.4	0.00096020	-84.140	-55.238	3.4112	0.86932	1.6138	804.88	-0.028363	0.00012319	0.12774	liquid
129.36	301.00	1037.2	0.00096414	-82.644	-53.624	3.4237	0.86709	1.6150	799.45	-0.027998	0.00012132	0.12666	liquid
130.36	301.00	1032.9	0.00096812	-81.149	-52.008	3.4361	0.86489	1.6163	794.03	-0.027624	0.00011948	0.12559	liquid
131.36	301.00	1028.7	0.00097214	-79.653	-50.391	3.4485	0.86271	1.6175	788.64	-0.027241	0.00011768	0.12452	liquid
132.36	301.00	1024.4	0.00097621	-78.157	-48.773	3.4608	0.86057	1.6189	783.26	-0.026848	0.00011592	0.12346	liquid
133.36	301.00	1020.1	0.00098033	-76.661	-47.154	3.4729	0.85845	1.6202	777.90	-0.026446	0.00011419	0.12240	liquid
134.36	301.00	1015.8	0.00098449	-75.166	-45.533	3.4851	0.85635	1.6216	772.56	-0.026034	0.00011250	0.12135	liquid
135.36	301.00	1011.4	0.00098870	-73.670	-43.910	3.4971	0.85429	1.6231	767.24	-0.025612	0.00011085	0.12030	liquid
136.36	301.00	1007.1	0.00099296	-72.174	-42.286	3.5090	0.85225	1.6246	761.94	-0.025180	0.00010922	0.11926	liquid
137.36	301.00	1002.7	0.00099726	-70.679	-40.661	3.5209	0.85024	1.6261	756.66	-0.024738	0.00010763	0.11822	liquid
138.36	301.00	998.38	0.0010016	-69.183	-39.034	3.5327	0.84825	1.6276	751.40	-0.024285	0.00010607	0.11719	liquid
139.36	301.00	994.01	0.0010060	-67.687	-37.406	3.5444	0.84629	1.6292	746.16	-0.023822	0.00010454	0.11616	liquid
140.36	301.00	989.62	0.0010105	-66.192	-35.776	3.5561	0.84435	1.6308	740.94	-0.023349	0.00010304	0.11514	liquid
141.36	301.00	985.22	0.0010150	-64.696	-34.144	3.5677	0.84244	1.6324	735.75	-0.022864	0.00010157	0.11412	liquid
142.36	301.00	980.81	0.0010196	-63.200	-32.511	3.5792	0.84055	1.6341	730.58	-0.022369	0.00010013	0.11311	liquid
143.36	301.00	976.38	0.0010242	-61.704	-30.876	3.5906	0.83869	1.6358	725.43	-0.021863	9.8711e-05	0.11211	liquid
144.36	301.00	971.94	0.0010289	-60.208	-29.239	3.6020	0.83685	1.6376	720.30	-0.021345	9.7322e-05	0.11111	liquid
145.36	301.00	967.49	0.0010336	-58.712	-27.601	3.6133	0.83503	1.6393	715.20	-0.020816	9.5958e-05	0.11012	liquid
146.36	301.00	963.03	0.0010384	-57.216	-25.961	3.6246	0.83324	1.6411	710.13	-0.020275	9.4619e-05	0.10913	liquid
147.36	301.00	958.55	0.0010432	-55.720	-24.319	3.6357	0.83148	1.6429	705.08	-0.019722	9.3306e-05	0.10815	liquid
148.36	301.00	954.06	0.0010482	-54.224	-22.675	3.6469	0.82973	1.6448	700.05	-0.019158	9.2016e-05	0.10718	liquid
149.36	301.00	949.55	0.0010531	-52.728	-21.029	3.6579	0.82801	1.6467	695.05	-0.018581	9.0750e-05	0.10621	liquid
150.36	301.00	945.04	0.0010582	-51.232	-19.381	3.6689	0.82632	1.6485	690.08	-0.017993	8.9507e-05	0.10525	liquid
151.36	301.00	940.51	0.0010633	-49.736	-17.732	3.6798	0.82464	1.6505	685.14	-0.017392	8.8287e-05	0.10430	liquid
152.36	301.00	935.96	0.0010684	-48.240	-16.081	3.6907	0.82299	1.6524	680.22	-0.016779	8.7089e-05	0.10335	liquid
153.36	301.00	931.41	0.0010736	-46.744	-14.427	3.7015	0.82136	1.6543	675.34	-0.016153	8.5913e-05	0.10241	liquid
154.36	301.00	926.84	0.0010789	-45.248	-12.772	3.7123	0.81975	1.6563	670.48	-0.015514	8.4758e-05	0.10148	liquid
155.36	301.00	922.26	0.0010843	-43.752	-11.115	3.7230	0.81816	1.6583	665.65	-0.014863	8.3624e-05	0.10056	supercritical
156.36	301.00	917.67	0.0010897	-42.256	-9.4553	3.7336	0.81660	1.6603	660.85	-0.014199	8.2511e-05	0.099643	supercritical
157.36	301.00	913.06	0.0010952	-40.760	-7.7940	3.7442	0.81505	1.6623	656.09	-0.013522	8.1417e-05	0.098735	supercritical
158.36	301.00	908.44	0.0011008	-39.264	-6.1307	3.7548	0.81353	1.6643	651.36	-0.012831	8.0344e-05	0.097834	supercritical
159.36	301.00	903.82	0.0011064	-37.769	-4.4655	3.7653	0.81203	1.6663	646.66	-0.012128	7.9290e-05	0.096942	supercritical
160.36	301.00	899.17	0.0011121	-36.273	-2.7981	3.7757	0.81055	1.6683	641.99	-0.011411	7.8255e-05	0.096058	supercritical
161.36	301.00	894.52	0.0011179	-34.778	-1.1288	3.7861	0.80909	1.6704	637.36	-0.010681	7.7239e-05	0.095183	supercritical
162.36	301.00	889.86	0.0011238	-33.283	0.54258	3.7964	0.80764	1.6724	632.76	-0.0099374	7.6241e-05	0.094315	supercritical
163.36	301.00	885.18	0.0011297	-31.788	2.2160	3.8067	0.80622	1.6744	628.20	-0.0091805	7.5262e-05	0.093457	supercritical
164.36	301.00	880.49	0.0011357	-30.294	3.8914	3.8169	0.80482	1.6764	623.68	-0.0084101	7.4301e-05	0.092606	supercritical
165.36	301.00	875.80	0.0011418	-28.800	5.5688	3.8271	0.80344	1.6784	619.19	-0.0076263	7.3357e-05	0.091765	supercritical
166.36	301.00	871.09	0.0011480	-27.306	7.2482	3.8372	0.80207	1.6804	614.74	-0.0068290	7.2430e-05	0.090932	supercritical
167.36	301.00	866.37	0.0011542	-25.813	8.9296	3.8473	0.80073	1.6824	610.33	-0.0060183	7.1521e-05	0.090108	supercritical
168.36	301.00	861.64	0.0011606	-24.320	10.613	3.8573	0.79940	1.6843	605.96	-0.0051941	7.0628e-05	0.089293	supercritical
169.36	301.00	856.91	0.0011670	-22.828	12.298	3.8673	0.79809	1.6863	601.63	-0.0043566	6.9752e-05	0.088487	supercritical
170.36	301.00	852.16	0.0011735	-21.336	13.985	3.8772	0.79680	1.6882	597.34	-0.0035057	6.8892e-05	0.087691	supercritical
171.36	301.00	847.41	0.0011801	-19.845	15.675	3.8871	0.79553	1.6901	593.10	-0.0026416	6.8049e-05	0.086903	supercritical
172.36	301.00	842.65	0.0011867	-18.355	17.366	3.8969	0.79428	1.6919	588.89	-0.0017644	6.7221e-05	0.086125	supercritical
173.36	301.00	837.88	0.0011935	-16.866	19.058	3.9067	0.79304	1.6937	584.73	-0.00087413	6.6409e-05	0.085356	supercritical
174.36	301.00	833.10	0.0012003	-15.377	20.753	3.9165	0.79181	1.6955	580.62	2.8965e-05	6.5612e-05	0.084597	supercritical
175.36	301.00	828.32	0.0012073	-13.889	22.449	3.9262	0.79061	1.6972	576.55	0.00094476	6.4830e-05	0.083847	supercritical
176.36	301.00	823.53	0.0012143	-12.403	24.147	3.9358	0.78942	1.6989	572.52	0.0018731	6.4063e-05	0.083107	supercritical
177.36	301.00	818.73	0.0012214	-10.917	25.847	3.9454	0.78824	1.7005	568.55	0.0028137	6.3312e-05	0.082376	supercritical
178.36	301.00	813.93	0.0012286	-9.4324	27.548	3.9550	0.78708	1.7021	564.61	0.0037663	6.2574e-05	0.081655	supercritical
179.36	301.00	809.13	0.0012359	-7.9491	29.251	3.9645	0.78594	1.7036	560.73	0.0047308	6.1851e-05	0.080944	supercritical
180.36	301.00	804.32	0.0012433	-6.4671	30.956	3.9740	0.78481	1.7050	556.90	0.0057068	6.1142e-05	0.080242	supercritical
181.36	301.00	799.51	0.0012508	-4.9866	32.661	3.9834	0.78370	1.7064	553.11	0.0066940	6.0447e-05	0.079550	supercritical
182.36	301.00	794.70	0.0012583	-3.5075	34.368	3.9928	0.78260	1.7077	549.38	0.0076921	5.9765e-05	0.078867	supercritical
183.36	301.00	789.89	0.0012660	-2.0300	36.077	4.0022	0.78151	1.7089	545.70	0.0087006	5.9098e-05	0.078195	supercritical
184.36	301.00	785.07	0.0012738	-0.55417	37.786	4.0115	0.78043	1.7100	542.06	0.0097193	5.8443e-05	0.077532	supercritical
185.36	301.00	780.26	0.0012816	0.91984	39.497	4.0207	0.77937	1.7111	538.48	0.010748	5.7801e-05	0.076879	supercritical
186.36	301.00	775.45	0.0012896	2.3920	41.208	4.0299	0.77832	1.7120	534.96	0.011785	5.7173e-05	0.076235	supercritical
187.36	301.00	770.64	0.0012976	3.8621	42.921	4.0391	0.77729	1.7128	531.48	0.012832	5.6557e-05	0.075601	supercritical
188.36	301.00	765.83	0.0013058	5.3301	44.634	4.0482	0.77627	1.7136	528.06	0.013886	5.5954e-05	0.074977	supercritical
189.36	301.00	761.02	0.0013140	6.7958	46.348	4.0573	0.77525	1.7142	524.70	0.014949	5.5363e-05	0.074363	supercritical
190.36	301.00	756.22	0.0013224	8.2593	48.062	4.0663	0.77425	1.7147	521.39	0.016019	5.4784e-05	0.073758	supercritical
191.36	301.00	751.43	0.0013308	9.7202	49.777	4.0753	0.77326	1.7152	518.13	0.017095	5.4217e-05	0.073163	supercritical
192.36	301.00	746.64	0.0013393	11.179	51.493	4.0842	0.77228	1.7154	514.93	0.018177	5.3662e-05	0.072577	supercritical
193.36	301.00	741.86	0.0013480	12.634	53.208	4.0931	0.77131	1.7156	511.79	0.019265	5.3119e-05	0.072000	supercritical
194.36	301.00	737.08	0.0013567	14.087	54.924	4.1020	0.77036	1.7156	508.70	0.020357	5.2587e-05	0.071433	supercritical
195.36	301.00	732.32	0.0013655	15.537	56.639	4.1108	0.76941	1.7155	505.67	0.021454	5.2066e-05	0.070876	supercritical
196.36	301.00	727.57	0.0013744	16.984	58.355	4.1195	0.76847	1.7153	502.70	0.022554	5.1556e-05	0.070327	supercritical
197.36	301.00	722.82	0.0013835	18.428	60.070	4.1283	0.76754	1.7149	499.79	0.023657	5.1057e-05	0.069788	supercritical
198.36	301.00	718.09	0.0013926	19.868	61.785	4.1369	0.76662	1.7144	496.93	0.024762	5.0569e-05	0.069258	supercritical
199.36	301.00	713.38	0.0014018	21.305	63.499	4.1455	0.76571	1.7138	494.13	0.025868	5.0091e-05	0.068737	supercritical
200.36	301.00	708.68	0.0014111	22.738	65.212	4.1541	0.76480	1.7130	491.39	0.026975	4.9624e-05	0.068225	supercritical
201.36	301.00	703.99	0.0014205	24.168	66.925	4.1626	0.76391	1.7120	488.71	0.028081	4.9167e-05	0.067721	supercritical
202.36	301.00	699.32	0.0014300	25.594	68.636	4.1711	0.76302	1.7109	486.08	0.029187	4.8719e-05	0.067227	supercritical
203.36	301.00	694.66	0.0014395	27.016	70.346	4.1796	0.76214	1.7097	483.52	0.030291	4.8282e-05	0.066741	supercritical
204.36	301.00	690.03	0.0014492	28.434	72.055	4.1879	0.76127	1.7083	481.01	0.031393	4.7854e-05	0.066263	supercritical
205.36	301.00	685.41	0.0014590	29.848	73.763	4.1963	0.76040	1.7067	478.56	0.032492	4.7436e-05	0.065794	supercritical
206.36	301.00	680.82	0.0014688	31.257	75.469	4.2046	0.75955	1.7050	476.16	0.033587	4.7027e-05	0.065334	supercritical
207.36	301.00	676.24	0.0014788	32.662	77.173	4.2128	0.75870	1.7032	473.83	0.034677	4.6627e-05	0.064881	supercritical
208.36	301.00	671.69	0.0014888	34.063	78.875	4.2210	0.75785	1.7012	471.55	0.035762	4.6236e-05	0.064437	supercritical
209.36	301.00	667.16	0.0014989	35.459	80.575	4.2291	0.75702	1.6990	469.32	0.036841	4.5854e-05	0.064001	supercritical
210.36	301.00	662.65	0.0015091	36.850	82.273	4.2372	0.75618	1.6967	467.16	0.037913	4.5480e-05	0.063573	supercritical
211.36	301.00	658.17	0.0015194	38.236	83.969	4.2453	0.75536	1.6943	465.05	0.038978	4.5115e-05	0.063152	supercritical
212.36	301.00	653.72	0.0015297	39.617	85.662	4.2532	0.75454	1.6917	462.99	0.040035	4.4758e-05	0.062739	supercritical
213.36	301.00	649.29	0.0015401	40.994	87.352	4.2612	0.75373	1.6890	460.99	0.041083	4.4410e-05	0.062334	supercritical
214.36	301.00	644.89	0.0015506	42.365	89.040	4.2691	0.75292	1.6861	459.05	0.042122	4.4069e-05	0.061936	supercritical
215.36	301.00	640.52	0.0015612	43.731	90.724	4.2769	0.75212	1.6831	457.16	0.043151	4.3736e-05	0.061545	supercritical
216.36	301.00	636.18	0.0015719	45.092	92.406	4.2847	0.75133	1.6799	455.32	0.044169	4.3411e-05	0.061162	supercritical
217.36	301.00	631.86	0.0015826	46.447	94.084	4.2924	0.75054	1.6767	453.54	0.045176	4.3093e-05	0.060786	supercritical
218.36	301.00	627.58	0.0015934	47.797	95.759	4.3001	0.74975	1.6733	451.80	0.046171	4.2783e-05	0.060417	supercritical
219.36	301.00	623.33	0.0016043	49.141	97.430	4.3078	0.74897	1.6697	450.12	0.047153	4.2480e-05	0.060054	supercritical
220.36	301.00	619.11	0.0016152	50.480	99.098	4.3154	0.74820	1.6661	448.49	0.048123	4.2184e-05	0.059699	supercritical
221.36	301.00	614.92	0.0016262	51.813	100.76	4.3229	0.74744	1.6623	446.91	0.049079	4.1895e-05	0.059350	supercritical
222.36	301.00	610.76	0.0016373	53.140	102.42	4.3304	0.74667	1.6584	445.38	0.050022	4.1612e-05	0.059007	supercritical
223.36	301.00	606.64	0.0016484	54.462	104.08	4.3378	0.74592	1.6544	443.89	0.050950	4.1337e-05	0.058671	supercritical
224.36	301.00	602.56	0.0016596	55.778	105.73	4.3452	0.74517	1.6503	442.46	0.051863	4.1068e-05	0.058342	supercritical
225.36	301.00	598.50	0.0016708	57.088	107.38	4.3525	0.74442	1.6461	441.07	0.052761	4.0805e-05	0.058018	supercritical
226.36	301.00	594.48	0.0016821	58.392	109.02	4.3598	0.74369	1.6418	439.72	0.053644	4.0548e-05	0.057701	supercritical
227.36	301.00	590.50	0.0016935	59.690	110.66	4.3670	0.74295	1.6375	438.42	0.054511	4.0298e-05	0.057390	supercritical
228.36	301.00	586.55	0.0017049	60.982	112.30	4.3742	0.74223	1.6330	437.17	0.055361	4.0053e-05	0.057084	supercritical
229.36	301.00	582.64	0.0017163	62.268	113.93	4.3813	0.74151	1.6284	435.96	0.056194	3.9815e-05	0.056785	supercritical
230.36	301.00	578.76	0.0017278	63.548	115.56	4.3884	0.74079	1.6238	434.79	0.057011	3.9582e-05	0.056491	supercritical
231.36	301.00	574.92	0.0017394	64.822	117.18	4.3954	0.74009	1.6191	433.66	0.057811	3.9355e-05	0.056203	supercritical
232.36	301.00	571.12	0.0017510	66.090	118.79	4.4024	0.73939	1.6144	432.57	0.058593	3.9133e-05	0.055920	supercritical
233.36	301.00	567.35	0.0017626	67.352	120.41	4.4093	0.73869	1.6095	431.53	0.059358	3.8917e-05	0.055643	supercritical
234.36	301.00	563.62	0.0017742	68.608	122.01	4.4162	0.73800	1.6046	430.52	0.060105	3.8706e-05	0.055371	supercritical
235.36	301.00	559.93	0.0017860	69.858	123.62	4.4230	0.73732	1.5997	429.55	0.060834	3.8500e-05	0.055105	supercritical
236.36	301.00	556.27	0.0017977	71.102	125.21	4.4298	0.73665	1.5947	428.62	0.061545	3.8299e-05	0.054843	supercritical
237.36	301.00	552.65	0.0018095	72.340	126.80	4.4365	0.73598	1.5897	427.72	0.062238	3.8103e-05	0.054587	supercritical
238.36	301.00	549.07	0.0018213	73.571	128.39	4.4432	0.73532	1.5846	426.86	0.062912	3.7912e-05	0.054336	supercritical
239.36	301.00	545.52	0.0018331	74.797	129.97	4.4498	0.73466	1.5795	426.03	0.063569	3.7726e-05	0.054089	supercritical
240.36	301.00	542.01	0.0018450	76.017	131.55	4.4564	0.73402	1.5744	425.24	0.064207	3.7544e-05	0.053848	supercritical
241.36	301.00	538.54	0.0018569	77.231	133.12	4.4629	0.73338	1.5693	424.48	0.064827	3.7367e-05	0.053611	supercritical
242.36	301.00	535.10	0.0018688	78.439	134.69	4.4694	0.73274	1.5641	423.76	0.065428	3.7194e-05	0.053379	supercritical
243.36	301.00	531.70	0.0018807	79.641	136.25	4.4758	0.73212	1.5589	423.06	0.066011	3.7025e-05	0.053152	supercritical
244.36	301.00	528.34	0.0018927	80.837	137.81	4.4822	0.73150	1.5537	422.40	0.066576	3.6861e-05	0.052929	supercritical
245.36	301.00	525.02	0.0019047	82.027	139.36	4.4885	0.73089	1.5485	421.77	0.067123	3.6701e-05	0.052711	supercritical
246.36	301.00	521.73	0.0019167	83.211	140.90	4.4948	0.73029	1.5433	421.16	0.067652	3.6545e-05	0.052497	supercritical
247.36	301.00	518.47	0.0019287	84.390	142.44	4.5011	0.72970	1.5380	420.59	0.068163	3.6393e-05	0.052287	supercritical
248.36	301.00	515.26	0.0019408	85.563	143.98	4.5073	0.72911	1.5328	420.04	0.068656	3.6245e-05	0.052081	supercritical
249.36	301.00	512.08	0.0019528	86.730	145.51	4.5134	0.72853	1.5276	419.52	0.069132	3.6100e-05	0.051880	supercritical
250.36	301.00	508.93	0.0019649	87.892	147.04	4.5195	0.72796	1.5224	419.02	0.069590	3.5960e-05	0.051683	supercritical
251.36	301.00	505.82	0.0019770	89.048	148.56	4.5256	0.72739	1.5172	418.56	0.070031	3.5823e-05	0.051490	supercritical
252.36	301.00	502.74	0.0019891	90.198	150.07	4.5316	0.72684	1.5120	418.11	0.070454	3.5689e-05	0.051301	supercritical
253.36	301.00	499.70	0.0020012	91.343	151.58	4.5375	0.72629	1.5069	417.69	0.070861	3.5559e-05	0.051115	supercritical
254.36	301.00	496.69	0.0020133	92.483	153.08	4.5435	0.72575	1.5017	417.30	0.071251	3.5433e-05	0.050934	supercritical
255.36	301.00	493.72	0.0020254	93.617	154.58	4.5494	0.72522	1.4966	416.92	0.071624	3.5309e-05	0.050756	supercritical
256.36	301.00	490.78	0.0020376	94.746	156.08	4.5552	0.72469	1.4915	416.57	0.071980	3.5189e-05	0.050582	supercritical
257.36	301.00	487.87	0.0020497	95.869	157.57	4.5610	0.72418	1.4864	416.25	0.072321	3.5072e-05	0.050412	supercritical
258.36	301.00	485.00	0.0020619	96.988	159.05	4.5667	0.72367	1.4814	415.94	0.072646	3.4959e-05	0.050245	supercritical
259.36	301.00	482.16	0.0020740	98.101	160.53	4.5725	0.72317	1.4763	415.65	0.072955	3.4848e-05	0.050082	supercritical
260.36	301.00	479.35	0.0020862	99.209	162.00	4.5781	0.72267	1.4714	415.38	0.073249	3.4740e-05	0.049923	supercritical
261.36	301.00	476.57	0.0020983	100.31	163.47	4.5838	0.72219	1.4664	415.14	0.073527	3.4635e-05	0.049766	supercritical
262.36	301.00	473.83	0.0021105	101.41	164.94	4.5894	0.72171	1.4615	414.91	0.073791	3.4533e-05	0.049613	supercritical
263.36	301.00	471.12	0.0021226	102.50	166.39	4.5949	0.72124	1.4566	414.70	0.074039	3.4434e-05	0.049464	supercritical
264.36	301.00	468.43	0.0021348	103.59	167.85	4.6004	0.72078	1.4517	414.50	0.074274	3.4338e-05	0.049317	supercritical
265.36	301.00	465.78	0.0021469	104.68	169.30	4.6059	0.72032	1.4469	414.33	0.074494	3.4244e-05	0.049174	supercritical
266.36	301.00	463.16	0.0021591	105.75	170.74	4.6113	0.71988	1.4422	414.17	0.074700	3.4153e-05	0.049034	supercritical
267.36	301.00	460.57	0.0021712	106.83	172.18	4.6167	0.71944	1.4374	414.03	0.074892	3.4064e-05	0.048897	supercritical
268.36	301.00	458.01	0.0021834	107.90	173.62	4.6221	0.71901	1.4327	413.90	0.075072	3.3978e-05	0.048763	supercritical
269.36	301.00	455.47	0.0021955	108.96	175.05	4.6274	0.71858	1.4281	413.79	0.075237	3.3894e-05	0.048632	supercritical
270.36	301.00	452.97	0.0022077	110.02	176.47	4.6327	0.71817	1.4235	413.69	0.075391	3.3812e-05	0.048504	supercritical
271.36	301.00	450.49	0.0022198	111.08	177.89	4.6379	0.71776	1.4189	413.61	0.075531	3.3733e-05	0.048379	supercritical
272.36	301.00	448.05	0.0022319	112.13	179.31	4.6431	0.71736	1.4144	413.54	0.075659	3.3657e-05	0.048256	supercritical
273.36	301.00	445.63	0.0022440	113.18	180.72	4.6483	0.71696	1.4099	413.49	0.075775	3.3582e-05	0.048137	supercritical
274.36	301.00	443.23	0.0022561	114.22	182.13	4.6535	0.71658	1.4055	413.45	0.075879	3.3510e-05	0.048020	supercritical
275.36	301.00	440.87	0.0022683	115.26	183.53	4.6586	0.71620	1.4011	413.42	0.075971	3.3439e-05	0.047905	supercritical
276.36	301.00	438.53	0.0022804	116.29	184.93	4.6636	0.71582	1.3968	413.41	0.076052	3.3371e-05	0.047794	supercritical
277.36	301.00	436.22	0.0022924	117.33	186.33	4.6687	0.71546	1.3925	413.40	0.076122	3.3305e-05	0.047684	supercritical
278.36	301.00	433.93	0.0023045	118.35	187.72	4.6737	0.71510	1.3883	413.41	0.076181	3.3241e-05	0.047578	supercritical
279.36	301.00	431.67	0.0023166	119.37	189.10	4.6786	0.71475	1.3841	413.43	0.076229	3.3179e-05	0.047473	supercritical
280.36	301.00	429.43	0.0023287	120.39	190.49	4.6836	0.71441	1.3799	413.46	0.076267	3.3119e-05	0.047372	supercritical
281.36	301.00	427.22	0.0023407	121.41	191.86	4.6885	0.71407	1.3758	413.51	0.076295	3.3060e-05	0.047272	supercritical
282.36	301.00	425.03	0.0023528	122.42	193.24	4.6934	0.71374	1.3717	413.56	0.076313	3.3004e-05	0.047175	supercritical
283.36	301.00	422.87	0.0023648	123.43	194.61	4.6982	0.71342	1.3677	413.62	0.076321	3.2949e-05	0.047080	supercritical
284.36	301.00	420.73	0.0023768	124.43	195.97	4.7030	0.71310	1.3638	413.69	0.076319	3.2896e-05	0.046987	supercritical
285.36	301.00	418.61	0.0023888	125.43	197.34	4.7078	0.71279	1.3598	413.78	0.076309	3.2845e-05	0.046897	supercritical
286.36	301.00	416.52	0.0024008	126.43	198.69	4.7125	0.71249	1.3560	413.87	0.076289	3.2795e-05	0.046809	supercritical
287.36	301.00	414.45	0.0024128	127.42	200.05	4.7173	0.71219	1.3521	413.97	0.076261	3.2747e-05	0.046722	supercritical
288.36	301.00	412.40	0.0024248	128.41	201.40	4.7220	0.71190	1.3484	414.08	0.076224	3.2700e-05	0.046638	supercritical
289.36	301.00	410.38	0.0024368	129.40	202.74	4.7266	0.71162	1.3446	414.19	0.076178	3.2656e-05	0.046556	supercritical
290.36	301.00	408.37	0.0024487	130.38	204.09	4.7312	0.71134	1.3409	414.32	0.076125	3.2612e-05	0.046475	supercritical
291.36	301.00	406.39	0.0024607	131.36	205.43	4.7359	0.71107	1.3373	414.45	0.076063	3.2571e-05	0.046397	supercritical
292.36	301.00	404.43	0.0024726	132.34	206.76	4.7404	0.71081	1.3337	414.59	0.075994	3.2530e-05	0.046320	supercritical
293.36	301.00	402.49	0.0024845	133.31	208.09	4.7450	0.71055	1.3301	414.74	0.075917	3.2491e-05	0.046245	supercritical
294.36	301.00	400.57	0.0024964	134.28	209.42	4.7495	0.71030	1.3266	414.90	0.075833	3.2454e-05	0.046172	supercritical
295.36	301.00	398.67	0.0025083	135.25	210.75	4.7540	0.71005	1.3231	415.06	0.075742	3.2418e-05	0.046100	supercritical
296.36	301.00	396.79	0.0025202	136.21	212.07	4.7585	0.70981	1.3197	415.23	0.075643	3.2383e-05	0.046030	supercritical
297.36	301.00	394.93	0.0025321	137.17	213.39	4.7629	0.70958	1.3163	415.41	0.075538	3.2350e-05	0.045962	supercritical
298.36	301.00	393.09	0.0025439	138.13	214.70	4.7673	0.70935	1.3130	415.59	0.075427	3.2317e-05	0.045895	supercritical
299.36	301.00	391.27	0.0025558	139.08	216.01	4.7717	0.70913	1.3097	415.78	0.075308	3.2287e-05	0.045829	supercritical
300.36	301.00	389.47	0.0025676	140.04	217.32	4.7761	0.70891	1.3064	415.98	0.075184	3.2257e-05	0.045765	supercritical
301.36	301.00	387.69	0.0025794	140.99	218.63	4.7804	0.70870	1.3032	416.18	0.075053	3.2228e-05	0.045701	supercritical
302.36	301.00	385.92	0.0025912	141.93	219.93	4.7847	0.70850	1.3001	416.39	0.074917	3.2201e-05	0.045639	supercritical
303.36	301.00	384.18	0.0026030	142.88	221.23	4.7890	0.70830	1.2969	416.60	0.074774	3.2175e-05	0.045577	supercritical
304.36	301.00	382.45	0.0026147	143.82	222.52	4.7933	0.70810	1.2938	416.82	0.074627	3.2150e-05	0.045515	supercritical
305.36	301.00	380.73	0.0026265	144.76	223.81	4.7975	0.70792	1.2908	417.04	0.074473	3.2126e-05	0.045454	supercritical
306.36	301.00	379.04	0.0026382	145.69	225.10	4.8017	0.70773	1.2878	417.27	0.074315	3.2104e-05	0.045392	supercritical
307.36	301.00	377.36	0.0026500	146.62	226.39	4.8059	0.70756	1.2848	417.50	0.074151	3.2082e-05	0.045327	supercritical
308.36	301.00	375.70	0.0026617	147.55	227.67	4.8101	0.70739	1.2819	417.74	0.073982	3.2061e-05	0.045255	supercritical
309.36	301.00	374.06	0.0026734	148.48	228.95	4.8142	0.70722	1.2790	417.99	0.073808	3.2042e-05	0.045152	supercritical
310.36	301.00	372.43	0.0026851	149.41	230.23	4.8183	0.70706	1.2761	418.23	0.073630	3.2023e-05	0.045117	supercritical
311.36	301.00	370.82	0.0026967	150.33	231.50	4.8224	0.70690	1.2733	418.49	0.073447	3.2006e-05	0.045083	supercritical
312.36	301.00	369.22	0.0027084	151.25	232.78	4.8265	0.70675	1.2705	418.74	0.073259	3.1989e-05	0.045051	supercritical
313.36	301.00	367.64	0.0027200	152.17	234.05	4.8306	0.70661	1.2678	419.00	0.073067	3.1973e-05	0.045020	supercritical
314.36	301.00	366.08	0.0027317	153.09	235.31	4.8346	0.70647	1.2651	419.27	0.072871	3.1959e-05	0.044991	supercritical
315.36	301.00	364.53	0.0027433	154.00	236.58	4.8386	0.70633	1.2624	419.53	0.072671	3.1945e-05	0.044963	supercritical
316.36	301.00	362.99	0.0027549	154.91	237.84	4.8426	0.70620	1.2598	419.81	0.072467	3.1932e-05	0.044936	supercritical
317.36	301.00	361.47	0.0027665	155.82	239.10	4.8466	0.70607	1.2572	420.08	0.072259	3.1920e-05	0.044910	supercritical
318.36	301.00	359.96	0.0027780	156.73	240.35	4.8505	0.70595	1.2546	420.36	0.072048	3.1908e-05	0.044885	supercritical
319.36	301.00	358.47	0.0027896	157.64	241.60	4.8545	0.70584	1.2520	420.64	0.071832	3.1898e-05	0.044862	supercritical
320.36	301.00	357.00	0.0028012	158.54	242.86	4.8584	0.70573	1.2495	420.93	0.071614	3.1888e-05	0.044840	supercritical
321.36	301.00	355.53	0.0028127	159.44	244.10	4.8623	0.70562	1.2471	421.22	0.071392	3.1880e-05	0.044819	supercritical
322.36	301.00	354.08	0.0028242	160.34	245.35	4.8661	0.70552	1.2446	421.51	0.071166	3.1872e-05	0.044799	supercritical
323.36	301.00	352.65	0.0028357	161.24	246.59	4.8700	0.70542	1.2422	421.81	0.070938	3.1864e-05	0.044780	supercritical
324.36	301.00	351.22	0.0028472	162.13	247.83	4.8738	0.70533	1.2399	422.10	0.070706	3.1858e-05	0.044762	supercritical
325.36	301.00	349.81	0.0028587	163.03	249.07	4.8776	0.70524	1.2375	422.41	0.070471	3.1852e-05	0.044745	supercritical
326.36	301.00	348.42	0.0028701	163.92	250.31	4.8814	0.70515	1.2352	422.71	0.070234	3.1847e-05	0.044730	supercritical
327.36	301.00	347.03	0.0028816	164.81	251.54	4.8852	0.70507	1.2329	423.02	0.069994	3.1843e-05	0.044715	supercritical
328.36	301.00	345.66	0.0028930	165.70	252.77	4.8890	0.70500	1.2307	423.32	0.069751	3.1839e-05	0.044702	supercritical
329.36	301.00	344.30	0.0029044	166.58	254.00	4.8927	0.70493	1.2285	423.64	0.069505	3.1836e-05	0.044689	supercritical
330.36	301.00	342.96	0.0029158	167.47	255.23	4.8964	0.70486	1.2263	423.95	0.069257	3.1834e-05	0.044677	supercritical
331.36	301.00	341.62	0.0029272	168.35	256.46	4.9001	0.70480	1.2241	424.27	0.069007	3.1832e-05	0.044667	supercritical
332.36	301.00	340.30	0.0029386	169.23	257.68	4.9038	0.70474	1.2220	424.59	0.068754	3.1831e-05	0.044657	supercritical
333.36	301.00	338.99	0.0029499	170.11	258.90	4.9075	0.70469	1.2199	424.91	0.068499	3.1831e-05	0.044648	supercritical
334.36	301.00	337.69	0.0029613	170.98	260.12	4.9111	0.70464	1.2178	425.23	0.068242	3.1831e-05	0.044640	supercritical
335.36	301.00	336.40	0.0029726	171.86	261.34	4.9148	0.70459	1.2158	425.55	0.067982	3.1832e-05	0.044634	supercritical
336.36	301.00	335.13	0.0029840	172.73	262.55	4.9184	0.70455	1.2137	425.88	0.067721	3.1834e-05	0.044627	supercritical
337.36	301.00	333.86	0.0029953	173.61	263.76	4.9220	0.70451	1.2118	426.21	0.067458	3.1836e-05	0.044622	supercritical
338.36	301.00	332.61	0.0030066	174.48	264.97	4.9256	0.70447	1.2098	426.54	0.067193	3.1838e-05	0.044618	supercritical
339.36	301.00	331.36	0.0030178	175.35	266.18	4.9291	0.70444	1.2078	426.87	0.066926	3.1842e-05	0.044614	supercritical
340.36	301.00	330.13	0.0030291	176.21	267.39	4.9327	0.70442	1.2059	427.21	0.066657	3.1845e-05	0.044612	supercritical
341.36	301.00	328.91	0.0030404	177.08	268.60	4.9362	0.70439	1.2040	427.55	0.066386	3.1850e-05	0.044610	supercritical
342.36	301.00	327.70	0.0030516	177.95	269.80	4.9397	0.70437	1.2022	427.88	0.066114	3.1855e-05	0.044609	supercritical
343.36	301.00	326.50	0.0030628	178.81	271.00	4.9432	0.70436	1.2003	428.22	0.065841	3.1860e-05	0.044609	supercritical
344.36	301.00	325.30	0.0030740	179.67	272.20	4.9467	0.70435	1.1985	428.56	0.065566	3.1866e-05	0.044609	supercritical
345.36	301.00	324.12	0.0030852	180.53	273.40	4.9502	0.70434	1.1967	428.91	0.065289	3.1872e-05	0.044610	supercritical
346.36	301.00	322.95	0.0030964	181.39	274.59	4.9537	0.70433	1.1950	429.25	0.065011	3.1879e-05	0.044612	supercritical
347.36	301.00	321.79	0.0031076	182.25	275.79	4.9571	0.70433	1.1932	429.60	0.064732	3.1886e-05	0.044615	supercritical
348.36	301.00	320.64	0.0031188	183.10	276.98	4.9605	0.70433	1.1915	429.94	0.064452	3.1894e-05	0.044618	supercritical
349.36	301.00	319.50	0.0031299	183.96	278.17	4.9639	0.70434	1.1898	430.29	0.064170	3.1903e-05	0.044623	supercritical
350.36	301.00	318.36	0.0031411	184.81	279.36	4.9673	0.70435	1.1881	430.64	0.063887	3.1911e-05	0.044627	supercritical
351.36	301.00	317.24	0.0031522	185.67	280.55	4.9707	0.70436	1.1865	430.99	0.063603	3.1920e-05	0.044633	supercritical
352.36	301.00	316.13	0.0031633	186.52	281.73	4.9741	0.70437	1.1848	431.34	0.063319	3.1930e-05	0.044639	supercritical
353.36	301.00	315.02	0.0031744	187.37	282.92	4.9775	0.70439	1.1832	431.70	0.063033	3.1940e-05	0.044646	supercritical
354.36	301.00	313.92	0.0031855	188.21	284.10	4.9808	0.70442	1.1816	432.05	0.062746	3.1951e-05	0.044653	supercritical
355.36	301.00	312.84	0.0031966	189.06	285.28	4.9841	0.70444	1.1801	432.41	0.062458	3.1961e-05	0.044662	supercritical
356.36	301.00	311.76	0.0032076	189.91	286.46	4.9874	0.70447	1.1785	432.76	0.062170	3.1973e-05	0.044670	supercritical
357.36	301.00	310.69	0.0032187	190.75	287.64	4.9907	0.70450	1.1770	433.12	0.061880	3.1984e-05	0.044680	supercritical
358.36	301.00	309.62	0.0032297	191.60	288.81	4.9940	0.70454	1.1755	433.48	0.061590	3.1997e-05	0.044690	supercritical
359.36	301.00	308.57	0.0032407	192.44	289.99	4.9973	0.70457	1.1740	433.84	0.061299	3.2009e-05	0.044700	supercritical
360.36	301.00	307.53	0.0032518	193.28	291.16	5.0006	0.70462	1.1725	434.20	0.061008	3.2022e-05	0.044712	supercritical
361.36	301.00	306.49	0.0032628	194.12	292.33	5.0038	0.70466	1.1711	434.56	0.060715	3.2035e-05	0.044723	supercritical
362.36	301.00	305.46	0.0032738	194.96	293.50	5.0070	0.70471	1.1697	434.92	0.060423	3.2049e-05	0.044736	supercritical
363.36	301.00	304.44	0.0032847	195.80	294.67	5.0103	0.70476	1.1682	435.28	0.060129	3.2063e-05	0.044749	supercritical
364.36	301.00	303.43	0.0032957	196.64	295.84	5.0135	0.70481	1.1669	435.65	0.059836	3.2077e-05	0.044762	supercritical
365.36	301.00	302.42	0.0033067	197.47	297.01	5.0167	0.70487	1.1655	436.01	0.059541	3.2092e-05	0.044776	supercritical
366.36	301.00	301.42	0.0033176	198.31	298.17	5.0198	0.70493	1.1641	436.37	0.059246	3.2107e-05	0.044791	supercritical
367.36	301.00	300.43	0.0033285	199.14	299.33	5.0230	0.70499	1.1628	436.74	0.058951	3.2122e-05	0.044806	supercritical
368.36	301.00	299.45	0.0033395	199.98	300.50	5.0262	0.70505	1.1615	437.11	0.058656	3.2138e-05	0.044822	supercritical
369.36	301.00	298.48	0.0033504	200.81	301.66	5.0293	0.70512	1.1602	437.47	0.058360	3.2153e-05	0.044838	supercritical
370.36	301.00	297.51	0.0033613	201.64	302.82	5.0325	0.70519	1.1589	437.84	0.058063	3.2170e-05	0.044854	supercritical
371.36	301.00	296.55	0.0033721	202.47	303.97	5.0356	0.70526	1.1576	438.21	0.057767	3.2186e-05	0.044872	supercritical
372.36	301.00	295.59	0.0033830	203.30	305.13	5.0387	0.70534	1.1564	438.58	0.057470	3.2203e-05	0.044889	supercritical
373.36	301.00	294.65	0.0033939	204.13	306.29	5.0418	0.70541	1.1551	438.95	0.057173	3.2220e-05	0.044907	supercritical
374.36	301.00	293.71	0.0034047	204.96	307.44	5.0449	0.70549	1.1539	439.32	0.056876	3.2238e-05	0.044926	supercritical
375.36	301.00	292.78	0.0034156	205.79	308.59	5.0480	0.70558	1.1527	439.69	0.056579	3.2256e-05	0.044945	supercritical
376.36	301.00	291.85	0.0034264	206.61	309.75	5.0510	0.70566	1.1515	440.06	0.056281	3.2274e-05	0.044964	supercritical
377.36	301.00	290.93	0.0034372	207.44	310.90	5.0541	0.70575	1.1504	440.43	0.055983	3.2292e-05	0.044984	supercritical
378.36	301.00	290.02	0.0034480	208.26	312.05	5.0571	0.70584	1.1492	440.80	0.055686	3.2311e-05	0.045005	supercritical
379.36	301.00	289.11	0.0034588	209.08	313.20	5.0602	0.70594	1.1481	441.17	0.055388	3.2330e-05	0.045026	supercritical
380.36	301.00	288.21	0.0034696	209.91	314.34	5.0632	0.70603	1.1469	441.54	0.055090	3.2349e-05	0.045047	supercritical
381.36	301.00	287.32	0.0034804	210.73	315.49	5.0662	0.70613	1.1458	441.91	0.054792	3.2368e-05	0.045069	supercritical
382.36	301.00	286.44	0.0034912	211.55	316.64	5.0692	0.70623	1.1447	442.29	0.054495	3.2388e-05	0.045091	supercritical
383.36	301.00	285.56	0.0035019	212.37	317.78	5.0722	0.70633	1.1437	442.66	0.054197	3.2408e-05	0.045113	supercritical
384.36	301.00	284.68	0.0035127	213.19	318.92	5.0752	0.70644	1.1426	443.03	0.053899	3.2428e-05	0.045136	supercritical
385.36	301.00	283.82	0.0035234	214.01	320.06	5.0781	0.70655	1.1415	443.41	0.053601	3.2448e-05	0.045160	supercritical
386.36	301.00	282.95	0.0035341	214.83	321.21	5.0811	0.70666	1.1405	443.78	0.053304	3.2469e-05	0.045183	supercritical
387.36	301.00	282.10	0.0035449	215.65	322.35	5.0840	0.70677	1.1395	444.16	0.053007	3.2490e-05	0.045208	supercritical
388.36	301.00	281.25	0.0035556	216.46	323.48	5.0870	0.70688	1.1385	444.53	0.052709	3.2511e-05	0.045232	supercritical
389.36	301.00	280.41	0.0035663	217.28	324.62	5.0899	0.70700	1.1375	444.91	0.052412	3.2532e-05	0.045257	supercritical
390.36	301.00	279.57	0.0035769	218.09	325.76	5.0928	0.70712	1.1365	445.28	0.052115	3.2553e-05	0.045282	supercritical
391.36	301.00	278.74	0.0035876	218.91	326.90	5.0957	0.70724	1.1355	445.66	0.051818	3.2575e-05	0.045308	supercritical
392.36	301.00	277.91	0.0035983	219.72	328.03	5.0986	0.70736	1.1345	446.03	0.051522	3.2597e-05	0.045334	supercritical
393.36	301.00	277.09	0.0036089	220.54	329.16	5.1015	0.70749	1.1336	446.41	0.051226	3.2619e-05	0.045360	supercritical
394.36	301.00	276.27	0.0036196	221.35	330.30	5.1044	0.70762	1.1327	446.78	0.050930	3.2642e-05	0.045387	supercritical
395.36	301.00	275.46	0.0036302	222.16	331.43	5.1072	0.70775	1.1317	447.16	0.050634	3.2664e-05	0.045414	supercritical
396.36	301.00	274.66	0.0036409	222.97	332.56	5.1101	0.70788	1.1308	447.54	0.050338	3.2687e-05	0.045441	supercritical
397.36	301.00	273.86	0.0036515	223.78	333.69	5.1129	0.70801	1.1299	447.91	0.050043	3.2710e-05	0.045469	supercritical
398.36	301.00	273.07	0.0036621	224.59	334.82	5.1158	0.70815	1.1291	448.29	0.049748	3.2733e-05	0.045497	supercritical
399.36	301.00	272.28	0.0036727	225.40	335.95	5.1186	0.70828	1.1282	448.66	0.049454	3.2757e-05	0.045526	supercritical
400.36	301.00	271.50	0.0036833	226.21	337.08	5.1214	0.70842	1.1273	449.04	0.049159	3.2780e-05	0.045554	supercritical
401.36	301.00	270.72	0.0036938	227.02	338.20	5.1242	0.70856	1.1265	449.42	0.048865	3.2804e-05	0.045583	supercritical
402.36	301.00	269.95	0.0037044	227.83	339.33	5.1270	0.70871	1.1256	449.79	0.048572	3.2828e-05	0.045613	supercritical
403.36	301.00	269.18	0.0037150	228.64	340.46	5.1298	0.70885	1.1248	450.17	0.048279	3.2852e-05	0.045642	supercritical
404.36	301.00	268.42	0.0037255	229.44	341.58	5.1326	0.70900	1.1240	450.55	0.047986	3.2876e-05	0.045672	supercritical
405.36	301.00	267.66	0.0037361	230.25	342.70	5.1354	0.70915	1.1232	450.92	0.047694	3.2900e-05	0.045703	supercritical
406.36	301.00	266.91	0.0037466	231.05	343.83	5.1382	0.70930	1.1224	451.30	0.047402	3.2925e-05	0.045733	supercritical
407.36	301.00	266.16	0.0037571	231.86	344.95	5.1409	0.70945	1.1216	451.68	0.047110	3.2950e-05	0.045764	supercritical
408.36	301.00	265.42	0.0037676	232.66	346.07	5.1437	0.70961	1.1208	452.05	0.046819	3.2975e-05	0.045795	supercritical
409.36	301.00	264.68	0.0037782	233.47	347.19	5.1464	0.70976	1.1201	452.43	0.046529	3.3000e-05	0.045827	supercritical
410.36	301.00	263.95	0.0037886	234.27	348.31	5.1491	0.70992	1.1193	452.81	0.046238	3.3025e-05	0.045858	supercritical
411.36	301.00	263.22	0.0037991	235.07	349.43	5.1519	0.71008	1.1186	453.18	0.045949	3.3050e-05	0.045890	supercritical
412.36	301.00	262.49	0.0038096	235.88	350.55	5.1546	0.71024	1.1178	453.56	0.045660	3.3076e-05	0.045923	supercritical
413.36	301.00	261.77	0.0038201	236.68	351.66	5.1573	0.71041	1.1171	453.94	0.045371	3.3102e-05	0.045955	supercritical
414.36	301.00	261.06	0.0038306	237.48	352.78	5.1600	0.71057	1.1164	454.31	0.045083	3.3127e-05	0.045988	supercritical
415.36	301.00	260.35	0.0038410	238.28	353.90	5.1627	0.71074	1.1157	454.69	0.044795	3.3153e-05	0.046021	supercritical
416.36	301.00	259.64	0.0038515	239.08	355.01	5.1654	0.71090	1.1150	455.07	0.044508	3.3179e-05	0.046054	supercritical
417.36	301.00	258.94	0.0038619	239.88	356.13	5.1680	0.71107	1.1143	455.44	0.044221	3.3206e-05	0.046088	supercritical
418.36	301.00	258.24	0.0038723	240.68	357.24	5.1707	0.71124	1.1136	455.82	0.043935	3.3232e-05	0.046121	supercritical
419.36	301.00	257.55	0.0038827	241.48	358.35	5.1734	0.71142	1.1130	456.20	0.043650	3.3259e-05	0.046155	supercritical
420.36	301.00	256.86	0.0038932	242.28	359.47	5.1760	0.71159	1.1123	456.57	0.043365	3.3285e-05	0.046190	supercritical
421.36	301.00	256.18	0.0039036	243.08	360.58	5.1786	0.71177	1.1117	456.95	0.043080	3.3312e-05	0.046224	supercritical
422.36	301.00	255.50	0.0039140	243.88	361.69	5.1813	0.71194	1.1110	457.32	0.042797	3.3339e-05	0.046259	supercritical
423.36	301.00	254.82	0.0039243	244.68	362.80	5.1839	0.71212	1.1104	457.70	0.042513	3.3366e-05	0.046294	supercritical
424.36	301.00	254.15	0.0039347	245.48	363.91	5.1865	0.71230	1.1098	458.08	0.042231	3.3393e-05	0.046329	supercritical
425.36	301.00	253.48	0.0039451	246.27	365.02	5.1891	0.71248	1.1092	458.45	0.041949	3.3420e-05	0.046365	supercritical
426.36	301.00	252.81	0.0039555	247.07	366.13	5.1917	0.71267	1.1086	458.83	0.041667	3.3448e-05	0.046400	supercritical
427.36	301.00	252.15	0.0039658	247.87	367.24	5.1943	0.71285	1.1080	459.20	0.041386	3.3475e-05	0.046436	supercritical
428.36	301.00	251.50	0.0039762	248.66	368.35	5.1969	0.71304	1.1074	459.58	0.041106	3.3503e-05	0.046472	supercritical
429.36	301.00	250.85	0.0039865	249.46	369.45	5.1995	0.71322	1.1068	459.95	0.040826	3.3531e-05	0.046509	supercritical
430.36	301.00	250.20	0.0039968	250.25	370.56	5.2021	0.71341	1.1062	460.33	0.040547	3.3559e-05	0.046545	supercritical
431.36	301.00	249.55	0.0040072	251.05	371.67	5.2046	0.71360	1.1057	460.70	0.040269	3.3586e-05	0.046582	supercritical
432.36	301.00	248.91	0.0040175	251.84	372.77	5.2072	0.71379	1.1051	461.08	0.039991	3.3615e-05	0.046619	supercritical
433.36	301.00	248.27	0.0040278	252.64	373.88	5.2098	0.71399	1.1046	461.45	0.039714	3.3643e-05	0.046656	supercritical
434.36	301.00	247.64	0.0040381	253.43	374.98	5.2123	0.71418	1.1040	461.83	0.039438	3.3671e-05	0.046693	supercritical
435.36	301.00	247.01	0.0040484	254.23	376.08	5.2148	0.71438	1.1035	462.20	0.039162	3.3699e-05	0.046731	supercritical
436.36	301.00	246.39	0.0040587	255.02	377.19	5.2174	0.71457	1.1030	462.57	0.038887	3.3728e-05	0.046769	supercritical
437.36	301.00	245.76	0.0040690	255.81	378.29	5.2199	0.71477	1.1024	462.95	0.038612	3.3756e-05	0.046807	supercritical
438.36	301.00	245.14	0.0040792	256.61	379.39	5.2224	0.71497	1.1019	463.32	0.038338	3.3785e-05	0.046845	supercritical
439.36	301.00	244.53	0.0040895	257.40	380.49	5.2249	0.71517	1.1014	463.69	0.038065	3.3814e-05	0.046883	supercritical
440.36	301.00	243.92	0.0040998	258.19	381.59	5.2274	0.71537	1.1009	464.07	0.037792	3.3843e-05	0.046922	supercritical
441.36	301.00	243.31	0.0041100	258.98	382.70	5.2299	0.71557	1.1004	464.44	0.037521	3.3872e-05	0.046960	supercritical
442.36	301.00	242.70	0.0041203	259.78	383.80	5.2324	0.71578	1.1000	464.81	0.037249	3.3901e-05	0.046999	supercritical
443.36	301.00	242.10	0.0041305	260.57	384.89	5.2349	0.71598	1.0995	465.19	0.036979	3.3930e-05	0.047038	supercritical
444.36	301.00	241.50	0.0041407	261.36	385.99	5.2374	0.71619	1.0990	465.56	0.036709	3.3959e-05	0.047077	supercritical
445.36	301.00	240.91	0.0041509	262.15	387.09	5.2398	0.71639	1.0985	465.93	0.036440	3.3989e-05	0.047117	supercritical
446.36	301.00	240.32	0.0041612	262.94	388.19	5.2423	0.71660	1.0981	466.30	0.036172	3.4018e-05	0.047156	supercritical
447.36	301.00	239.73	0.0041714	263.73	389.29	5.2448	0.71681	1.0976	466.68	0.035904	3.4047e-05	0.047196	supercritical
448.36	301.00	239.14	0.0041816	264.52	390.39	5.2472	0.71702	1.0972	467.05	0.035637	3.4077e-05	0.047236	supercritical
449.36	301.00	238.56	0.0041918	265.31	391.48	5.2497	0.71723	1.0968	467.42	0.035370	3.4107e-05	0.047276	supercritical
450.36	301.00	237.98	0.0042020	266.10	392.58	5.2521	0.71744	1.0963	467.79	0.035105	3.4136e-05	0.047316	supercritical
451.36	301.00	237.41	0.0042121	266.89	393.68	5.2545	0.71766	1.0959	468.16	0.034840	3.4166e-05	0.047357	supercritical
452.36	301.00	236.84	0.0042223	267.68	394.77	5.2570	0.71787	1.0955	468.53	0.034576	3.4196e-05	0.047397	supercritical
453.36	301.00	236.27	0.0042325	268.47	395.87	5.2594	0.71809	1.0951	468.90	0.034312	3.4226e-05	0.047438	supercritical
454.36	301.00	235.70	0.0042426	269.26	396.96	5.2618	0.71830	1.0947	469.27	0.034049	3.4256e-05	0.047479	supercritical
455.36	301.00	235.14	0.0042528	270.05	398.06	5.2642	0.71852	1.0943	469.64	0.033787	3.4286e-05	0.047520	supercritical
456.36	301.00	234.58	0.0042629	270.84	399.15	5.2666	0.71874	1.0939	470.01	0.033526	3.4316e-05	0.047561	supercritical
457.36	301.00	234.02	0.0042731	271.62	400.24	5.2690	0.71896	1.0935	470.38	0.033265	3.4347e-05	0.047602	supercritical
458.36	301.00	233.47	0.0042832	272.41	401.34	5.2714	0.71918	1.0931	470.75	0.033005	3.4377e-05	0.047644	supercritical
459.36	301.00	232.92	0.0042933	273.20	402.43	5.2738	0.71940	1.0927	471.12	0.032746	3.4407e-05	0.047685	supercritical
460.36	301.00	232.37	0.0043035	273.99	403.52	5.2761	0.71962	1.0924	471.49	0.032488	3.4438e-05	0.047727	supercritical
461.36	301.00	231.83	0.0043136	274.78	404.62	5.2785	0.71984	1.0920	471.86	0.032230	3.4468e-05	0.047769	supercritical
462.36	301.00	231.28	0.0043237	275.56	405.71	5.2809	0.72007	1.0916	472.23	0.031973	3.4499e-05	0.047811	supercritical
463.36	301.00	230.74	0.0043338	276.35	406.80	5.2832	0.72029	1.0913	472.59	0.031716	3.4529e-05	0.047853	supercritical
464.36	301.00	230.21	0.0043439	277.14	407.89	5.2856	0.72052	1.0909	472.96	0.031461	3.4560e-05	0.047896	supercritical
465.36	301.00	229.67	0.0043540	277.93	408.98	5.2879	0.72074	1.0906	473.33	0.031206	3.4591e-05	0.047938	supercritical
466.36	301.00	229.14	0.0043641	278.71	410.07	5.2903	0.72097	1.0903	473.70	0.030952	3.4622e-05	0.047981	supercritical
467.36	301.00	228.62	0.0043741	279.50	411.16	5.2926	0.72120	1.0899	474.06	0.030698	3.4653e-05	0.048023	supercritical
468.36	301.00	228.09	0.0043842	280.29	412.25	5.2949	0.72143	1.0896	474.43	0.030446	3.4684e-05	0.048066	supercritical
469.36	301.00	227.57	0.0043943	281.07	413.34	5.2973	0.72165	1.0893	474.80	0.030194	3.4715e-05	0.048109	supercritical
470.36	301.00	227.05	0.0044043	281.86	414.43	5.2996	0.72188	1.0890	475.16	0.029943	3.4746e-05	0.048152	supercritical
471.36	301.00	226.53	0.0044144	282.64	415.52	5.3019	0.72212	1.0886	475.53	0.029692	3.4777e-05	0.048195	supercritical
472.36	301.00	226.02	0.0044244	283.43	416.61	5.3042	0.72235	1.0883	475.90	0.029442	3.4808e-05	0.048239	supercritical
473.36	301.00	225.50	0.0044345	284.22	417.69	5.3065	0.72258	1.0880	476.26	0.029193	3.4839e-05	0.048282	supercritical
474.36	301.00	225.00	0.0044445	285.00	418.78	5.3088	0.72281	1.0877	476.63	0.028945	3.4871e-05	0.048326	supercritical
475.36	301.00	224.49	0.0044546	285.79	419.87	5.3111	0.72305	1.0874	476.99	0.028697	3.4902e-05	0.048369	supercritical
476.36	301.00	223.99	0.0044646	286.57	420.96	5.3134	0.72328	1.0872	477.36	0.028451	3.4933e-05	0.048413	supercritical
477.36	301.00	223.48	0.0044746	287.36	422.04	5.3156	0.72352	1.0869	477.72	0.028204	3.4965e-05	0.048457	supercritical
478.36	301.00	222.98	0.0044846	288.14	423.13	5.3179	0.72375	1.0866	478.09	0.027959	3.4996e-05	0.048501	supercritical
479.36	301.00	222.49	0.0044946	288.93	424.22	5.3202	0.72399	1.0863	478.45	0.027714	3.5028e-05	0.048545	supercritical
480.36	301.00	221.99	0.0045046	289.71	425.30	5.3224	0.72422	1.0860	478.81	0.027471	3.5059e-05	0.048590	supercritical
481.36	301.00	221.50	0.0045146	290.50	426.39	5.3247	0.72446	1.0858	479.18	0.027227	3.5091e-05	0.048634	supercritical
482.36	301.00	221.01	0.0045246	291.28	427.48	5.3270	0.72470	1.0855	479.54	0.026985	3.5123e-05	0.048679	supercritical
483.36	301.00	220.53	0.0045346	292.07	428.56	5.3292	0.72494	1.0853	479.90	0.026743	3.5154e-05	0.048723	supercritical
484.36	301.00	220.04	0.0045446	292.85	429.65	5.3314	0.72518	1.0850	480.26	0.026502	3.5186e-05	0.048768	supercritical
485.36	301.00	219.56	0.0045545	293.64	430.73	5.3337	0.72542	1.0848	480.63	0.026262	3.5218e-05	0.048813	supercritical
486.36	301.00	219.08	0.0045645	294.42	431.82	5.3359	0.72566	1.0845	480.99	0.026023	3.5250e-05	0.048858	supercritical
487.36	301.00	218.60	0.0045745	295.21	432.90	5.3381	0.72590	1.0843	481.35	0.025784	3.5282e-05	0.048903	supercritical
488.36	301.00	218.13	0.0045844	295.99	433.98	5.3404	0.72614	1.0840	481.71	0.025546	3.5313e-05	0.048948	supercritical
489.36	301.00	217.66	0.0045944	296.78	435.07	5.3426	0.72639	1.0838	482.07	0.025309	3.5345e-05	0.048993	supercritical
490.36	301.00	217.19	0.0046043	297.56	436.15	5.3448	0.72663	1.0836	482.43	0.025072	3.5377e-05	0.049038	supercritical
491.36	301.00	216.72	0.0046143	298.35	437.24	5.3470	0.72687	1.0834	482.79	0.024836	3.5410e-05	0.049084	supercritical
492.36	301.00	216.25	0.0046242	299.13	438.32	5.3492	0.72712	1.0831	483.16	0.024601	3.5442e-05	0.049129	supercritical
493.36	301.00	215.79	0.0046341	299.91	439.40	5.3514	0.72736	1.0829	483.52	0.024367	3.5474e-05	0.049175	supercritical
494.36	301.00	215.33	0.0046441	300.70	440.48	5.3536	0.72761	1.0827	483.88	0.024133	3.5506e-05	0.049220	supercritical
495.36	301.00	214.87	0.0046540	301.48	441.57	5.3558	0.72785	1.0825	484.23	0.023900	3.5538e-05	0.049266	supercritical
496.36	301.00	214.41	0.0046639	302.27	442.65	5.3580	0.72810	1.0823	484.59	0.023668	3.5570e-05	0.049312	supercritical
497.36	301.00	213.96	0.0046738	303.05	443.73	5.3601	0.72834	1.0821	484.95	0.023436	3.5603e-05	0.049358	supercritical
498.36	301.00	213.51	0.0046837	303.83	444.81	5.3623	0.72859	1.0819	485.31	0.023206	3.5635e-05	0.049404	supercritical
499.36	301.00	213.06	0.0046936	304.62	445.90	5.3645	0.72884	1.0817	485.67	0.022976	3.5667e-05	0.049450	supercritical
500.36	301.00	212.61	0.0047035	305.40	446.98	5.3667	0.72909	1.0815	486.03	0.022746	3.5700e-05	0.049496	supercritical
501.36	301.00	212.16	0.0047134	306.18	448.06	5.3688	0.72933	1.0813	486.39	0.022518	3.5732e-05	0.049543	supercritical
502.36	301.00	211.72	0.0047233	306.97	449.14	5.3710	0.72958	1.0811	486.74	0.022290	3.5764e-05	0.049589	supercritical
503.36	301.00	211.28	0.0047332	307.75	450.22	5.3731	0.72983	1.0810	487.10	0.022063	3.5797e-05	0.049636	supercritical
504.36	301.00	210.84	0.0047430	308.54	451.30	5.3753	0.73008	1.0808	487.46	0.021836	3.5829e-05	0.049682	supercritical
505.36	301.00	210.40	0.0047529	309.32	452.38	5.3774	0.73033	1.0806	487.81	0.021610	3.5862e-05	0.049729	supercritical
506.36	301.00	209.96	0.0047628	310.10	453.46	5.3795	0.73058	1.0804	488.17	0.021385	3.5894e-05	0.049776	supercritical
507.36	301.00	209.53	0.0047726	310.89	454.54	5.3817	0.73083	1.0803	488.53	0.021161	3.5927e-05	0.049822	supercritical
508.36	301.00	209.10	0.0047825	311.67	455.62	5.3838	0.73108	1.0801	488.88	0.020938	3.5960e-05	0.049869	supercritical
509.36	301.00	208.67	0.0047923	312.45	456.70	5.3859	0.73134	1.0800	489.24	0.020715	3.5992e-05	0.049916	supercritical
510.36	301.00	208.24	0.0048022	313.24	457.78	5.3880	0.73159	1.0798	489.59	0.020493	3.6025e-05	0.049963	supercritical
511.36	301.00	207.81	0.0048120	314.02	458.86	5.3901	0.73184	1.0796	489.95	0.020271	3.6058e-05	0.050010	supercritical
512.36	301.00	207.39	0.0048219	314.80	459.94	5.3923	0.73209	1.0795	490.30	0.020050	3.6090e-05	0.050058	supercritical
513.36	301.00	206.97	0.0048317	315.59	461.02	5.3944	0.73234	1.0793	490.66	0.019830	3.6123e-05	0.050105	supercritical
514.36	301.00	206.55	0.0048415	316.37	462.10	5.3965	0.73260	1.0792	491.01	0.019611	3.6156e-05	0.050152	supercritical
515.36	301.00	206.13	0.0048513	317.15	463.18	5.3986	0.73285	1.0791	491.37	0.019392	3.6189e-05	0.050200	supercritical
516.36	301.00	205.71	0.0048612	317.94	464.26	5.4007	0.73310	1.0789	491.72	0.019175	3.6221e-05	0.050247	supercritical
517.36	301.00	205.30	0.0048710	318.72	465.34	5.4027	0.73336	1.0788	492.07	0.018957	3.6254e-05	0.050295	supercritical
518.36	301.00	204.89	0.0048808	319.51	466.42	5.4048	0.73361	1.0787	492.43	0.018741	3.6287e-05	0.050342	supercritical
519.36	301.00	204.47	0.0048906	320.29	467.50	5.4069	0.73387	1.0785	492.78	0.018525	3.6320e-05	0.050390	supercritical
520.36	301.00	204.07	0.0049004	321.07	468.57	5.4090	0.73412	1.0784	493.13	0.018310	3.6353e-05	0.050438	supercritical
521.36	301.00	203.66	0.0049102	321.86	469.65	5.4110	0.73438	1.0783	493.48	0.018095	3.6386e-05	0.050486	supercritical
522.36	301.00	203.25	0.0049200	322.64	470.73	5.4131	0.73463	1.0782	493.83	0.017882	3.6419e-05	0.050534	supercritical
523.36	301.00	202.85	0.0049297	323.42	471.81	5.4152	0.73489	1.0780	494.19	0.017669	3.6452e-05	0.050582	supercritical
524.36	301.00	202.45	0.0049395	324.21	472.89	5.4172	0.73514	1.0779	494.54	0.017456	3.6485e-05	0.050630	supercritical
525.36	301.00	202.05	0.0049493	324.99	473.96	5.4193	0.73540	1.0778	494.89	0.017245	3.6518e-05	0.050678	supercritical
526.36	301.00	201.65	0.0049591	325.77	475.04	5.4213	0.73566	1.0777	495.24	0.017034	3.6551e-05	0.050726	supercritical
527.36	301.00	201.25	0.0049688	326.56	476.12	5.4234	0.73591	1.0776	495.59	0.016823	3.6584e-05	0.050774	supercritical
528.36	301.00	200.86	0.0049786	327.34	477.20	5.4254	0.73617	1.0775	495.94	0.016614	3.6617e-05	0.050822	supercritical
529.36	301.00	200.47	0.0049884	328.12	478.27	5.4275	0.73643	1.0774	496.29	0.016405	3.6650e-05	0.050871	supercritical
530.36	301.00	200.08	0.0049981	328.91	479.35	5.4295	0.73668	1.0773	496.64	0.016196	3.6683e-05	0.050919	supercritical
531.36	301.00	199.69	0.0050079	329.69	480.43	5.4315	0.73694	1.0772	496.99	0.015989	3.6716e-05	0.050968	supercritical
532.36	301.00	199.30	0.0050176	330.48	481.51	5.4335	0.73720	1.0771	497.34	0.015782	3.6749e-05	0.051016	supercritical
533.36	301.00	198.91	0.0050274	331.26	482.58	5.4356	0.73746	1.0770	497.69	0.015576	3.6782e-05	0.051065	supercritical
534.36	301.00	198.53	0.0050371	332.04	483.66	5.4376	0.73771	1.0769	498.03	0.015370	3.6816e-05	0.051113	supercritical
535.36	301.00	198.14	0.0050468	332.83	484.74	5.4396	0.73797	1.0768	498.38	0.015165	3.6849e-05	0.051162	supercritical
536.36	301.00	197.76	0.0050566	333.61	485.81	5.4416	0.73823	1.0768	498.73	0.014961	3.6882e-05	0.051211	supercritical
537.36	301.00	197.38	0.0050663	334.40	486.89	5.4436	0.73849	1.0767	499.08	0.014757	3.6915e-05	0.051260	supercritical
538.36	301.00	197.01	0.0050760	335.18	487.97	5.4456	0.73875	1.0766	499.43	0.014555	3.6948e-05	0.051309	supercritical
539.36	301.00	196.63	0.0050857	335.96	489.04	5.4476	0.73901	1.0765	499.77	0.014352	3.6982e-05	0.051357	supercritical
540.36	301.00	196.25	0.0050954	336.75	490.12	5.4496	0.73926	1.0764	500.12	0.014151	3.7015e-05	0.051406	supercritical
541.36	301.00	195.88	0.0051052	337.53	491.20	5.4516	0.73952	1.0764	500.47	0.013950	3.7048e-05	0.051456	supercritical
542.36	301.00	195.51	0.0051149	338.32	492.27	5.4536	0.73978	1.0763	500.81	0.013750	3.7082e-05	0.051505	supercritical
543.36	301.00	195.14	0.0051246	339.10	493.35	5.4556	0.74004	1.0762	501.16	0.013550	3.7115e-05	0.051554	supercritical
544.36	301.00	194.77	0.0051343	339.88	494.43	5.4575	0.74030	1.0762	501.50	0.013351	3.7148e-05	0.051603	supercritical
545.36	301.00	194.40	0.0051440	340.67	495.50	5.4595	0.74056	1.0761	501.85	0.013153	3.7181e-05	0.051652	supercritical
546.36	301.00	194.04	0.0051536	341.45	496.58	5.4615	0.74082	1.0760	502.20	0.012955	3.7215e-05	0.051702	supercritical
547.36	301.00	193.67	0.0051633	342.24	497.65	5.4635	0.74108	1.0760	502.54	0.012758	3.7248e-05	0.051751	supercritical
548.36	301.00	193.31	0.0051730	343.02	498.73	5.4654	0.74134	1.0759	502.88	0.012562	3.7281e-05	0.051800	supercritical
549.36	301.00	192.95	0.0051827	343.81	499.81	5.4674	0.74160	1.0759	503.23	0.012366	3.7315e-05	0.051850	supercritical
550.36	301.00	192.59	0.0051924	344.59	500.88	5.4693	0.74186	1.0758	503.57	0.012171	3.7348e-05	0.051899	supercritical
551.36	301.00	192.23	0.0052020	345.38	501.96	5.4713	0.74212	1.0758	503.92	0.011977	3.7382e-05	0.051949	supercritical
552.36	301.00	191.88	0.0052117	346.16	503.03	5.4732	0.74238	1.0757	504.26	0.011783	3.7415e-05	0.051998	supercritical
553.36	301.00	191.52	0.0052214	346.95	504.11	5.4752	0.74264	1.0757	504.60	0.011590	3.7448e-05	0.052048	supercritical
554.36	301.00	191.17	0.0052310	347.73	505.18	5.4771	0.74290	1.0756	504.95	0.011397	3.7482e-05	0.052098	supercritical
555.36	301.00	190.82	0.0052407	348.52	506.26	5.4791	0.74316	1.0756	505.29	0.011205	3.7515e-05	0.052147	supercritical
556.36	301.00	190.46	0.0052503	349.30	507.34	5.4810	0.74342	1.0755	505.63	0.011014	3.7549e-05	0.052197	supercritical
557.36	301.00	190.11	0.0052600	350.09	508.41	5.4829	0.74368	1.0755	505.97	0.010823	3.7582e-05	0.052247	supercritical
558.36	301.00	189.77	0.0052696	350.87	509.49	5.4849	0.74394	1.0755	506.32	0.010633	3.7616e-05	0.052297	supercritical
559.36	301.00	189.42	0.0052793	351.66	510.56	5.4868	0.74420	1.0754	506.66	0.010444	3.7649e-05	0.052347	supercritical
560.36	301.00	189.08	0.0052889	352.44	511.64	5.4887	0.74446	1.0754	507.00	0.010255	3.7683e-05	0.052397	supercritical
561.36	301.00	188.73	0.0052985	353.23	512.71	5.4906	0.74472	1.0754	507.34	0.010067	3.7716e-05	0.052447	supercritical
562.36	301.00	188.39	0.0053082	354.01	513.79	5.4925	0.74498	1.0753	507.68	0.0098795	3.7750e-05	0.052497	supercritical
563.36	301.00	188.05	0.0053178	354.80	514.86	5.4944	0.74524	1.0753	508.02	0.0096926	3.7783e-05	0.052547	supercritical
564.36	301.00	187.71	0.0053274	355.58	515.94	5.4964	0.74550	1.0753	508.36	0.0095063	3.7817e-05	0.052597	supercritical
565.36	301.00	187.37	0.0053370	356.37	517.01	5.4983	0.74576	1.0753	508.70	0.0093207	3.7850e-05	0.052647	supercritical
566.36	301.00	187.03	0.0053466	357.16	518.09	5.5002	0.74602	1.0752	509.04	0.0091356	3.7884e-05	0.052697	supercritical
567.36	301.00	186.70	0.0053563	357.94	519.16	5.5021	0.74628	1.0752	509.38	0.0089511	3.7917e-05	0.052747	supercritical
568.36	301.00	186.36	0.0053659	358.73	520.24	5.5039	0.74654	1.0752	509.72	0.0087673	3.7951e-05	0.052798	supercritical
569.36	301.00	186.03	0.0053755	359.51	521.32	5.5058	0.74680	1.0752	510.06	0.0085840	3.7984e-05	0.052848	supercritical
570.36	301.00	185.70	0.0053851	360.30	522.39	5.5077	0.74706	1.0752	510.40	0.0084014	3.8018e-05	0.052898	supercritical
571.36	301.00	185.37	0.0053947	361.09	523.47	5.5096	0.74732	1.0751	510.74	0.0082193	3.8051e-05	0.052949	supercritical
572.36	301.00	185.04	0.0054043	361.87	524.54	5.5115	0.74758	1.0751	511.07	0.0080379	3.8085e-05	0.052999	supercritical
573.36	301.00	184.71	0.0054139	362.66	525.62	5.5134	0.74784	1.0751	511.41	0.0078570	3.8118e-05	0.053050	supercritical
574.36	301.00	184.38	0.0054234	363.45	526.69	5.5152	0.74810	1.0751	511.75	0.0076768	3.8152e-05	0.053100	supercritical
575.36	301.00	184.06	0.0054330	364.23	527.77	5.5171	0.74836	1.0751	512.09	0.0074971	3.8185e-05	0.053151	supercritical
576.36	301.00	183.74	0.0054426	365.02	528.84	5.5190	0.74862	1.0751	512.42	0.0073180	3.8219e-05	0.053201	supercritical
577.36	301.00	183.41	0.0054522	365.81	529.92	5.5208	0.74888	1.0751	512.76	0.0071395	3.8253e-05	0.053252	supercritical
578.36	301.00	183.09	0.0054618	366.59	530.99	5.5227	0.74914	1.0751	513.10	0.0069616	3.8286e-05	0.053302	supercritical
579.36	301.00	182.77	0.0054713	367.38	532.07	5.5246	0.74940	1.0751	513.43	0.0067843	3.8320e-05	0.053353	supercritical
580.36	301.00	182.45	0.0054809	368.17	533.14	5.5264	0.74966	1.0751	513.77	0.0066076	3.8353e-05	0.053404	supercritical
581.36	301.00	182.13	0.0054905	368.95	534.22	5.5283	0.74992	1.0751	514.10	0.0064314	3.8387e-05	0.053455	supercritical
582.36	301.00	181.82	0.0055000	369.74	535.29	5.5301	0.75018	1.0751	514.44	0.0062558	3.8420e-05	0.053505	supercritical
583.36	301.00	181.50	0.0055096	370.53	536.37	5.5320	0.75043	1.0751	514.78	0.0060808	3.8454e-05	0.053556	supercritical
584.36	301.00	181.19	0.0055191	371.32	537.44	5.5338	0.75069	1.0751	515.11	0.0059064	3.8488e-05	0.053607	supercritical
585.36	301.00	180.87	0.0055287	372.10	538.52	5.5356	0.75095	1.0751	515.44	0.0057325	3.8521e-05	0.053658	supercritical
586.36	301.00	180.56	0.0055382	372.89	539.59	5.5375	0.75121	1.0751	515.78	0.0055592	3.8555e-05	0.053709	supercritical
587.36	301.00	180.25	0.0055478	373.68	540.67	5.5393	0.75147	1.0751	516.11	0.0053865	3.8588e-05	0.053760	supercritical
588.36	301.00	179.94	0.0055573	374.47	541.74	5.5411	0.75173	1.0751	516.45	0.0052144	3.8622e-05	0.053811	supercritical
589.36	301.00	179.63	0.0055669	375.25	542.82	5.5430	0.75199	1.0751	516.78	0.0050428	3.8656e-05	0.053862	supercritical
590.36	301.00	179.33	0.0055764	376.04	543.89	5.5448	0.75225	1.0751	517.11	0.0048717	3.8689e-05	0.053913	supercritical
591.36	301.00	179.02	0.0055859	376.83	544.97	5.5466	0.75250	1.0752	517.45	0.0047013	3.8723e-05	0.053964	supercritical
592.36	301.00	178.72	0.0055955	377.62	546.04	5.5484	0.75276	1.0752	517.78	0.0045313	3.8756e-05	0.054015	supercritical
593.36	301.00	178.41	0.0056050	378.41	547.12	5.5502	0.75302	1.0752	518.11	0.0043620	3.8790e-05	0.054066	supercritical
594.36	301.00	178.11	0.0056145	379.20	548.19	5.5520	0.75328	1.0752	518.45	0.0041932	3.8824e-05	0.054117	supercritical
595.36	301.00	177.81	0.0056240	379.98	549.27	5.5538	0.75354	1.0752	518.78	0.0040249	3.8857e-05	0.054168	supercritical
596.36	301.00	177.51	0.0056336	380.77	550.34	5.5557	0.75379	1.0753	519.11	0.0038572	3.8891e-05	0.054219	supercritical
597.36	301.00	177.21	0.0056431	381.56	551.42	5.5575	0.75405	1.0753	519.44	0.0036901	3.8924e-05	0.054271	supercritical
598.36	301.00	176.91	0.0056526	382.35	552.49	5.5593	0.75431	1.0753	519.77	0.0035234	3.8958e-05	0.054322	supercritical
599.36	301.00	176.61	0.0056621	383.14	553.57	5.5610	0.75457	1.0753	520.10	0.0033574	3.8992e-05	0.054373	supercritical
600.36	301.00	176.32	0.0056716	383.93	554.64	5.5628	0.75482	1.0753	520.43	0.0031918	3.9025e-05	0.054424	supercritical
601.36	301.00	176.02	0.0056811	384.72	555.72	5.5646	0.75508	1.0754	520.77	0.0030269	3.9059e-05	0.054476	supercritical
602.36	301.00	175.73	0.0056906	385.51	556.80	5.5664	0.75534	1.0754	521.10	0.0028624	3.9092e-05	0.054527	supercritical
603.36	301.00	175.44	0.0057001	386.30	557.87	5.5682	0.75559	1.0754	521.43	0.0026985	3.9126e-05	0.054578	supercritical
604.36	301.00	175.14	0.0057096	387.09	558.95	5.5700	0.75585	1.0755	521.76	0.0025351	3.9160e-05	0.054630	supercritical
605.36	301.00	174.85	0.0057191	387.88	560.02	5.5718	0.75611	1.0755	522.09	0.0023723	3.9193e-05	0.054681	supercritical
606.36	301.00	174.56	0.0057286	388.67	561.10	5.5735	0.75636	1.0755	522.42	0.0022099	3.9227e-05	0.054733	supercritical
607.36	301.00	174.28	0.0057381	389.46	562.17	5.5753	0.75662	1.0756	522.74	0.0020481	3.9260e-05	0.054784	supercritical
608.36	301.00	173.99	0.0057475	390.25	563.25	5.5771	0.75687	1.0756	523.07	0.0018869	3.9294e-05	0.054836	supercritical
609.36	301.00	173.70	0.0057570	391.04	564.32	5.5788	0.75713	1.0756	523.40	0.0017261	3.9328e-05	0.054887	supercritical
610.36	301.00	173.42	0.0057665	391.83	565.40	5.5806	0.75739	1.0757	523.73	0.0015659	3.9361e-05	0.054939	supercritical
611.36	301.00	173.13	0.0057760	392.62	566.48	5.5824	0.75764	1.0757	524.06	0.0014062	3.9395e-05	0.054990	supercritical
612.36	301.00	172.85	0.0057854	393.41	567.55	5.5841	0.75790	1.0757	524.39	0.0012470	3.9428e-05	0.055042	supercritical
613.36	301.00	172.57	0.0057949	394.20	568.63	5.5859	0.75815	1.0758	524.71	0.0010883	3.9462e-05	0.055094	supercritical
614.36	301.00	172.28	0.0058044	394.99	569.70	5.5876	0.75841	1.0758	525.04	0.00093019	3.9496e-05	0.055145	supercritical
615.36	301.00	172.00	0.0058138	395.78	570.78	5.5894	0.75866	1.0759	525.37	0.00077255	3.9529e-05	0.055197	supercritical
616.36	301.00	171.72	0.0058233	396.57	571.85	5.5911	0.75891	1.0759	525.70	0.00061542	3.9563e-05	0.055248	supercritical
617.36	301.00	171.45	0.0058328	397.36	572.93	5.5929	0.75917	1.0759	526.02	0.00045880	3.9596e-05	0.055300	supercritical
618.36	301.00	171.17	0.0058422	398.16	574.01	5.5946	0.75942	1.0760	526.35	0.00030268	3.9630e-05	0.055352	supercritical
619.36	301.00	170.89	0.0058517	398.95	575.08	5.5964	0.75968	1.0760	526.68	0.00014706	3.9663e-05	0.055404	supercritical
620.36	301.00	170.62	0.0058611	399.74	576.16	5.5981	0.75993	1.0761	527.00	-8.0476e-06	3.9697e-05	0.055455	supercritical
621.36	301.00	170.34	0.0058706	400.53	577.23	5.5998	0.76018	1.0761	527.33	-0.00016266	3.9731e-05	0.055507	supercritical
622.36	301.00	170.07	0.0058800	401.32	578.31	5.6016	0.76044	1.0762	527.65	-0.00031677	3.9764e-05	0.055559	supercritical
623.36	301.00	169.80	0.0058894	402.11	579.39	5.6033	0.76069	1.0762	527.98	-0.00047039	3.9798e-05	0.055611	supercritical
624.36	301.00	169.52	0.0058989	402.91	580.46	5.6050	0.76094	1.0763	528.30	-0.00062351	3.9831e-05	0.055663	supercritical
625.36	301.00	169.25	0.0059083	403.70	581.54	5.6067	0.76119	1.0763	528.63	-0.00077613	3.9865e-05	0.055715	supercritical
626.36	301.00	168.98	0.0059177	404.49	582.62	5.6084	0.76145	1.0764	528.95	-0.00092827	3.9898e-05	0.055766	supercritical
627.36	301.00	168.71	0.0059272	405.28	583.69	5.6102	0.76170	1.0764	529.28	-0.0010799	3.9932e-05	0.055818	supercritical
628.36	301.00	168.45	0.0059366	406.08	584.77	5.6119	0.76195	1.0765	529.60	-0.0012311	3.9965e-05	0.055870	supercritical
629.36	301.00	168.18	0.0059460	406.87	585.84	5.6136	0.76220	1.0765	529.93	-0.0013817	3.9999e-05	0.055922	supercritical
630.36	301.00	167.91	0.0059555	407.66	586.92	5.6153	0.76245	1.0766	530.25	-0.0015319	4.0033e-05	0.055974	supercritical
631.36	301.00	167.65	0.0059649	408.46	588.00	5.6170	0.76270	1.0766	530.57	-0.0016816	4.0066e-05	0.056026	supercritical
632.36	301.00	167.38	0.0059743	409.25	589.07	5.6187	0.76295	1.0767	530.90	-0.0018309	4.0100e-05	0.056078	supercritical
633.36	301.00	167.12	0.0059837	410.04	590.15	5.6204	0.76320	1.0768	531.22	-0.0019796	4.0133e-05	0.056130	supercritical
634.36	301.00	166.86	0.0059931	410.84	591.23	5.6221	0.76345	1.0768	531.54	-0.0021279	4.0167e-05	0.056182	supercritical
635.36	301.00	166.60	0.0060025	411.63	592.31	5.6238	0.76370	1.0769	531.86	-0.0022757	4.0200e-05	0.056234	supercritical
636.36	301.00	166.34	0.0060119	412.42	593.38	5.6255	0.76395	1.0769	532.19	-0.0024230	4.0234e-05	0.056286	supercritical
637.36	301.00	166.08	0.0060213	413.22	594.46	5.6272	0.76420	1.0770	532.51	-0.0025699	4.0267e-05	0.056338	supercritical
638.36	301.00	165.82	0.0060307	414.01	595.54	5.6289	0.76445	1.0771	532.83	-0.0027163	4.0301e-05	0.056390	supercritical
639.36	301.00	165.56	0.0060401	414.80	596.61	5.6306	0.76470	1.0771	533.15	-0.0028622	4.0334e-05	0.056442	supercritical
640.36	301.00	165.30	0.0060495	415.60	597.69	5.6323	0.76495	1.0772	533.47	-0.0030077	4.0368e-05	0.056495	supercritical
641.36	301.00	165.05	0.0060589	416.39	598.77	5.6339	0.76520	1.0772	533.79	-0.0031526	4.0401e-05	0.056547	supercritical
642.36	301.00	164.79	0.0060683	417.19	599.84	5.6356	0.76545	1.0773	534.11	-0.0032972	4.0435e-05	0.056599	supercritical
643.36	301.00	164.54	0.0060777	417.98	600.92	5.6373	0.76569	1.0774	534.44	-0.0034412	4.0468e-05	0.056651	supercritical
644.36	301.00	164.28	0.0060871	418.78	602.00	5.6390	0.76594	1.0774	534.76	-0.0035849	4.0502e-05	0.056703	supercritical
645.36	301.00	164.03	0.0060965	419.57	603.08	5.6406	0.76619	1.0775	535.08	-0.0037280	4.0535e-05	0.056755	supercritical
646.36	301.00	163.78	0.0061059	420.37	604.15	5.6423	0.76644	1.0776	535.40	-0.0038707	4.0568e-05	0.056808	supercritical
647.36	301.00	163.53	0.0061153	421.16	605.23	5.6440	0.76668	1.0776	535.72	-0.0040130	4.0602e-05	0.056860	supercritical
648.36	301.00	163.28	0.0061246	421.96	606.31	5.6456	0.76693	1.0777	536.04	-0.0041548	4.0635e-05	0.056912	supercritical
649.36	301.00	163.03	0.0061340	422.75	607.39	5.6473	0.76718	1.0778	536.35	-0.0042961	4.0669e-05	0.056964	supercritical
650.36	301.00	162.78	0.0061434	423.55	608.47	5.6489	0.76742	1.0778	536.67	-0.0044370	4.0702e-05	0.057017	supercritical
651.36	301.00	162.53	0.0061528	424.35	609.54	5.6506	0.76767	1.0779	536.99	-0.0045775	4.0736e-05	0.057069	supercritical
652.36	301.00	162.28	0.0061621	425.14	610.62	5.6523	0.76791	1.0780	537.31	-0.0047175	4.0769e-05	0.057121	supercritical
653.36	301.00	162.04	0.0061715	425.94	611.70	5.6539	0.76816	1.0781	537.63	-0.0048570	4.0803e-05	0.057174	supercritical
654.36	301.00	161.79	0.0061809	426.73	612.78	5.6556	0.76841	1.0781	537.95	-0.0049962	4.0836e-05	0.057226	supercritical
655.36	301.00	161.55	0.0061902	427.53	613.86	5.6572	0.76865	1.0782	538.27	-0.0051349	4.0869e-05	0.057278	supercritical
656.36	301.00	161.30	0.0061996	428.33	614.93	5.6588	0.76889	1.0783	538.58	-0.0052731	4.0903e-05	0.057331	supercritical
657.36	301.00	161.06	0.0062089	429.12	616.01	5.6605	0.76914	1.0784	538.90	-0.0054109	4.0936e-05	0.057383	supercritical
658.36	301.00	160.82	0.0062183	429.92	617.09	5.6621	0.76938	1.0784	539.22	-0.0055483	4.0969e-05	0.057435	supercritical
659.36	301.00	160.57	0.0062276	430.72	618.17	5.6638	0.76963	1.0785	539.54	-0.0056853	4.1003e-05	0.057488	supercritical
660.36	301.00	160.33	0.0062370	431.51	619.25	5.6654	0.76987	1.0786	539.85	-0.0058218	4.1036e-05	0.057540	supercritical
661.36	301.00	160.09	0.0062463	432.31	620.33	5.6670	0.77011	1.0787	540.17	-0.0059579	4.1070e-05	0.057592	supercritical
662.36	301.00	159.85	0.0062557	433.11	621.40	5.6687	0.77036	1.0787	540.49	-0.0060935	4.1103e-05	0.057645	supercritical
663.36	301.00	159.62	0.0062650	433.91	622.48	5.6703	0.77060	1.0788	540.80	-0.0062288	4.1136e-05	0.057697	supercritical
664.36	301.00	159.38	0.0062744	434.70	623.56	5.6719	0.77084	1.0789	541.12	-0.0063636	4.1170e-05	0.057750	supercritical
665.36	301.00	159.14	0.0062837	435.50	624.64	5.6735	0.77108	1.0790	541.43	-0.0064980	4.1203e-05	0.057802	supercritical
666.36	301.00	158.91	0.0062931	436.30	625.72	5.6752	0.77132	1.0790	541.75	-0.0066320	4.1236e-05	0.057855	supercritical
667.36	301.00	158.67	0.0063024	437.10	626.80	5.6768	0.77156	1.0791	542.06	-0.0067655	4.1270e-05	0.057907	supercritical
668.36	301.00	158.44	0.0063117	437.90	627.88	5.6784	0.77181	1.0792	542.38	-0.0068986	4.1303e-05	0.057960	supercritical
669.36	301.00	158.20	0.0063211	438.69	628.96	5.6800	0.77205	1.0793	542.70	-0.0070314	4.1336e-05	0.058012	supercritical
670.36	301.00	157.97	0.0063304	439.49	630.04	5.6816	0.77229	1.0794	543.01	-0.0071637	4.1370e-05	0.058065	supercritical
671.36	301.00	157.74	0.0063397	440.29	631.12	5.6832	0.77253	1.0794	543.32	-0.0072956	4.1403e-05	0.058117	supercritical
672.36	301.00	157.50	0.0063490	441.09	632.20	5.6848	0.77277	1.0795	543.64	-0.0074271	4.1436e-05	0.058170	supercritical
673.36	301.00	157.27	0.0063584	441.89	633.28	5.6864	0.77301	1.0796	543.95	-0.0075581	4.1469e-05	0.058222	supercritical
674.36	301.00	157.04	0.0063677	442.69	634.36	5.6880	0.77324	1.0797	544.27	-0.0076888	4.1503e-05	0.058275	supercritical
675.36	301.00	156.81	0.0063770	443.49	635.43	5.6896	0.77348	1.0798	544.58	-0.0078191	4.1536e-05	0.058327	supercritical
676.36	301.00	156.58	0.0063863	444.29	636.51	5.6912	0.77372	1.0799	544.89	-0.0079489	4.1569e-05	0.058380	supercritical
677.36	301.00	156.36	0.0063956	445.09	637.59	5.6928	0.77396	1.0799	545.21	-0.0080784	4.1602e-05	0.058432	supercritical
678.36	301.00	156.13	0.0064049	445.89	638.67	5.6944	0.77420	1.0800	545.52	-0.0082074	4.1636e-05	0.058485	supercritical
679.36	301.00	155.90	0.0064142	446.69	639.75	5.6960	0.77444	1.0801	545.83	-0.0083361	4.1669e-05	0.058538	supercritical
680.36	301.00	155.68	0.0064236	447.49	640.83	5.6976	0.77467	1.0802	546.15	-0.0084644	4.1702e-05	0.058590	supercritical
681.36	301.00	155.45	0.0064329	448.29	641.91	5.6992	0.77491	1.0803	546.46	-0.0085922	4.1735e-05	0.058643	supercritical
682.36	301.00	155.23	0.0064422	449.09	643.00	5.7008	0.77515	1.0804	546.77	-0.0087197	4.1769e-05	0.058695	supercritical
683.36	301.00	155.00	0.0064515	449.89	644.08	5.7024	0.77538	1.0805	547.08	-0.0088468	4.1802e-05	0.058748	supercritical
684.36	301.00	154.78	0.0064608	450.69	645.16	5.7039	0.77562	1.0805	547.39	-0.0089734	4.1835e-05	0.058801	supercritical
685.36	301.00	154.56	0.0064701	451.49	646.24	5.7055	0.77585	1.0806	547.71	-0.0090997	4.1868e-05	0.058853	supercritical
686.36	301.00	154.34	0.0064794	452.29	647.32	5.7071	0.77609	1.0807	548.02	-0.0092256	4.1901e-05	0.058906	supercritical
687.36	301.00	154.12	0.0064887	453.09	648.40	5.7087	0.77633	1.0808	548.33	-0.0093512	4.1935e-05	0.058959	supercritical
688.36	301.00	153.89	0.0064979	453.89	649.48	5.7102	0.77656	1.0809	548.64	-0.0094763	4.1968e-05	0.059011	supercritical
689.36	301.00	153.68	0.0065072	454.69	650.56	5.7118	0.77679	1.0810	548.95	-0.0096010	4.2001e-05	0.059064	supercritical
690.36	301.00	153.46	0.0065165	455.49	651.64	5.7134	0.77703	1.0811	549.26	-0.0097254	4.2034e-05	0.059117	supercritical
691.36	301.00	153.24	0.0065258	456.30	652.72	5.7149	0.77726	1.0812	549.57	-0.0098494	4.2067e-05	0.059169	supercritical
692.36	301.00	153.02	0.0065351	457.10	653.80	5.7165	0.77750	1.0813	549.88	-0.0099730	4.2100e-05	0.059222	supercritical
693.36	301.00	152.80	0.0065444	457.90	654.88	5.7181	0.77773	1.0813	550.19	-0.010096	4.2133e-05	0.059275	supercritical
694.36	301.00	152.59	0.0065537	458.70	655.97	5.7196	0.77796	1.0814	550.50	-0.010219	4.2166e-05	0.059327	supercritical
695.36	301.00	152.37	0.0065629	459.50	657.05	5.7212	0.77819	1.0815	550.81	-0.010342	4.2200e-05	0.059380	supercritical
696.36	301.00	152.16	0.0065722	460.31	658.13	5.7227	0.77843	1.0816	551.12	-0.010464	4.2233e-05	0.059433	supercritical
697.36	301.00	151.94	0.0065815	461.11	659.21	5.7243	0.77866	1.0817	551.43	-0.010585	4.2266e-05	0.059486	supercritical
698.36	301.00	151.73	0.0065908	461.91	660.29	5.7258	0.77889	1.0818	551.74	-0.010707	4.2299e-05	0.059538	supercritical
699.36	301.00	151.51	0.0066000	462.71	661.37	5.7274	0.77912	1.0819	552.05	-0.010828	4.2332e-05	0.059591	supercritical
700.36	301.00	151.30	0.0066093	463.52	662.46	5.7289	0.77935	1.0820	552.36	-0.010948	4.2365e-05	0.059644	supercritical
701.36	301.00	151.09	0.0066186	464.32	663.54	5.7305	0.77958	1.0821	552.66	-0.011069	4.2398e-05	0.059697	supercritical
702.36	301.00	150.88	0.0066278	465.12	664.62	5.7320	0.77981	1.0822	552.97	-0.011189	4.2431e-05	0.059749	supercritical
703.36	301.00	150.67	0.0066371	465.93	665.70	5.7336	0.78004	1.0823	553.28	-0.011308	4.2464e-05	0.059802	supercritical
704.36	301.00	150.46	0.0066464	466.73	666.79	5.7351	0.78027	1.0824	553.59	-0.011427	4.2497e-05	0.059855	supercritical
705.36	301.00	150.25	0.0066556	467.53	667.87	5.7366	0.78050	1.0825	553.89	-0.011546	4.2530e-05	0.059908	supercritical
706.36	301.00	150.04	0.0066649	468.34	668.95	5.7382	0.78073	1.0826	554.20	-0.011664	4.2563e-05	0.059960	supercritical
707.36	301.00	149.83	0.0066741	469.14	670.03	5.7397	0.78096	1.0826	554.51	-0.011783	4.2596e-05	0.060013	supercritical
708.36	301.00	149.62	0.0066834	469.95	671.12	5.7412	0.78119	1.0827	554.82	-0.011900	4.2629e-05	0.060066	supercritical
709.36	301.00	149.42	0.0066926	470.75	672.20	5.7427	0.78141	1.0828	555.12	-0.012018	4.2662e-05	0.060119	supercritical
710.36	301.00	149.21	0.0067019	471.55	673.28	5.7443	0.78164	1.0829	555.43	-0.012135	4.2695e-05	0.060172	supercritical
711.36	301.00	149.01	0.0067111	472.36	674.36	5.7458	0.78187	1.0830	555.74	-0.012251	4.2728e-05	0.060224	supercritical
712.36	301.00	148.80	0.0067204	473.16	675.45	5.7473	0.78210	1.0831	556.04	-0.012368	4.2761e-05	0.060277	supercritical
713.36	301.00	148.60	0.0067296	473.97	676.53	5.7488	0.78232	1.0832	556.35	-0.012484	4.2794e-05	0.060330	supercritical
714.36	301.00	148.39	0.0067389	474.77	677.61	5.7504	0.78255	1.0833	556.65	-0.012599	4.2827e-05	0.060383	supercritical
715.36	301.00	148.19	0.0067481	475.58	678.70	5.7519	0.78277	1.0834	556.96	-0.012715	4.2860e-05	0.060436	supercritical
716.36	301.00	147.99	0.0067574	476.38	679.78	5.7534	0.78300	1.0835	557.27	-0.012830	4.2893e-05	0.060489	supercritical
717.36	301.00	147.78	0.0067666	477.19	680.86	5.7549	0.78323	1.0836	557.57	-0.012944	4.2926e-05	0.060541	supercritical
718.36	301.00	147.58	0.0067758	478.00	681.95	5.7564	0.78345	1.0837	557.88	-0.013058	4.2958e-05	0.060594	supercritical
719.36	301.00	147.38	0.0067851	478.80	683.03	5.7579	0.78367	1.0838	558.18	-0.013172	4.2991e-05	0.060647	supercritical
720.36	301.00	147.18	0.0067943	479.61	684.12	5.7594	0.78390	1.0839	558.48	-0.013286	4.3024e-05	0.060700	supercritical
721.36	301.00	146.98	0.0068035	480.41	685.20	5.7609	0.78412	1.0840	558.79	-0.013399	4.3057e-05	0.060753	supercritical
722.36	301.00	146.78	0.0068128	481.22	686.28	5.7624	0.78435	1.0841	559.09	-0.013512	4.3090e-05	0.060806	supercritical
723.36	301.00	146.59	0.0068220	482.03	687.37	5.7639	0.78457	1.0842	559.40	-0.013625	4.3123e-05	0.060859	supercritical
724.36	301.00	146.39	0.0068312	482.83	688.45	5.7654	0.78479	1.0843	559.70	-0.013737	4.3156e-05	0.060911	supercritical
725.36	301.00	146.19	0.0068404	483.64	689.54	5.7669	0.78501	1.0844	560.01	-0.013849	4.3189e-05	0.060964	supercritical
726.36	301.00	145.99	0.0068497	484.45	690.62	5.7684	0.78524	1.0845	560.31	-0.013960	4.3221e-05	0.061017	supercritical
727.36	301.00	145.80	0.0068589	485.25	691.70	5.7699	0.78546	1.0846	560.61	-0.014071	4.3254e-05	0.061070	supercritical
728.36	301.00	145.60	0.0068681	486.06	692.79	5.7714	0.78568	1.0847	560.92	-0.014182	4.3287e-05	0.061123	supercritical
729.36	301.00	145.41	0.0068773	486.87	693.87	5.7729	0.78590	1.0848	561.22	-0.014293	4.3320e-05	0.061176	supercritical
730.36	301.00	145.21	0.0068865	487.67	694.96	5.7744	0.78612	1.0849	561.52	-0.014403	4.3353e-05	0.061229	supercritical
731.36	301.00	145.02	0.0068957	488.48	696.04	5.7759	0.78634	1.0850	561.82	-0.014513	4.3385e-05	0.061282	supercritical
732.36	301.00	144.82	0.0069050	489.29	697.13	5.7773	0.78656	1.0851	562.13	-0.014623	4.3418e-05	0.061334	supercritical
733.36	301.00	144.63	0.0069142	490.10	698.21	5.7788	0.78678	1.0852	562.43	-0.014732	4.3451e-05	0.061387	supercritical
734.36	301.00	144.44	0.0069234	490.91	699.30	5.7803	0.78700	1.0853	562.73	-0.014841	4.3484e-05	0.061440	supercritical
735.36	301.00	144.25	0.0069326	491.71	700.38	5.7818	0.78722	1.0854	563.03	-0.014950	4.3516e-05	0.061493	supercritical
736.36	301.00	144.06	0.0069418	492.52	701.47	5.7832	0.78744	1.0855	563.33	-0.015058	4.3549e-05	0.061546	supercritical
737.36	301.00	143.86	0.0069510	493.33	702.56	5.7847	0.78766	1.0856	563.64	-0.015166	4.3582e-05	0.061599	supercritical
738.36	301.00	143.67	0.0069602	494.14	703.64	5.7862	0.78787	1.0857	563.94	-0.015274	4.3614e-05	0.061652	supercritical
739.36	301.00	143.48	0.0069694	494.95	704.73	5.7877	0.78809	1.0858	564.24	-0.015381	4.3647e-05	0.061705	supercritical
740.36	301.00	143.30	0.0069786	495.76	705.81	5.7891	0.78831	1.0859	564.54	-0.015488	4.3680e-05	0.061758	supercritical
741.36	301.00	143.11	0.0069878	496.57	706.90	5.7906	0.78853	1.0860	564.84	-0.015595	4.3713e-05	0.061811	supercritical
742.36	301.00	142.92	0.0069970	497.38	707.99	5.7921	0.78874	1.0861	565.14	-0.015701	4.3745e-05	0.061863	supercritical
743.36	301.00	142.73	0.0070062	498.19	709.07	5.7935	0.78896	1.0862	565.44	-0.015807	4.3778e-05	0.061916	supercritical
744.36	301.00	142.54	0.0070154	498.99	710.16	5.7950	0.78918	1.0863	565.74	-0.015913	4.3810e-05	0.061969	supercritical
745.36	301.00	142.36	0.0070246	499.80	711.24	5.7964	0.78939	1.0864	566.04	-0.016019	4.3843e-05	0.062022	supercritical
746.36	301.00	142.17	0.0070338	500.61	712.33	5.7979	0.78961	1.0865	566.34	-0.016124	4.3876e-05	0.062075	supercritical
747.36	301.00	141.99	0.0070429	501.42	713.42	5.7994	0.78982	1.0866	566.64	-0.016229	4.3908e-05	0.062128	supercritical
748.36	301.00	141.80	0.0070521	502.23	714.50	5.8008	0.79004	1.0867	566.94	-0.016333	4.3941e-05	0.062181	supercritical
749.36	301.00	141.62	0.0070613	503.04	715.59	5.8023	0.79025	1.0869	567.24	-0.016437	4.3974e-05	0.062234	supercritical
750.36	301.00	141.43	0.0070705	503.86	716.68	5.8037	0.79046	1.0870	567.54	-0.016541	4.4006e-05	0.062287	supercritical
751.36	301.00	141.25	0.0070797	504.67	717.76	5.8052	0.79068	1.0871	567.84	-0.016645	4.4039e-05	0.062340	supercritical
752.36	301.00	141.07	0.0070889	505.48	718.85	5.8066	0.79089	1.0872	568.14	-0.016749	4.4071e-05	0.062393	supercritical
753.36	301.00	140.88	0.0070980	506.29	719.94	5.8080	0.79110	1.0873	568.43	-0.016852	4.4104e-05	0.062446	supercritical
754.36	301.00	140.70	0.0071072	507.10	721.03	5.8095	0.79131	1.0874	568.73	-0.016954	4.4136e-05	0.062498	supercritical
755.36	301.00	140.52	0.0071164	507.91	722.11	5.8109	0.79153	1.0875	569.03	-0.017057	4.4169e-05	0.062551	supercritical
756.36	301.00	140.34	0.0071256	508.72	723.20	5.8124	0.79174	1.0876	569.33	-0.017159	4.4201e-05	0.062604	supercritical
757.36	301.00	140.16	0.0071347	509.53	724.29	5.8138	0.79195	1.0877	569.63	-0.017261	4.4234e-05	0.062657	supercritical
758.36	301.00	139.98	0.0071439	510.34	725.38	5.8152	0.79216	1.0878	569.92	-0.017363	4.4266e-05	0.062710	supercritical
759.36	301.00	139.80	0.0071531	511.16	726.46	5.8167	0.79237	1.0879	570.22	-0.017464	4.4299e-05	0.062763	supercritical
760.36	301.00	139.62	0.0071623	511.97	727.55	5.8181	0.79258	1.0880	570.52	-0.017565	4.4331e-05	0.062816	supercritical
761.36	301.00	139.44	0.0071714	512.78	728.64	5.8195	0.79279	1.0881	570.82	-0.017666	4.4364e-05	0.062869	supercritical
762.36	301.00	139.26	0.0071806	513.59	729.73	5.8210	0.79300	1.0882	571.11	-0.017766	4.4396e-05	0.062922	supercritical
763.36	301.00	139.09	0.0071898	514.41	730.82	5.8224	0.79321	1.0883	571.41	-0.017866	4.4429e-05	0.062975	supercritical
764.36	301.00	138.91	0.0071989	515.22	731.91	5.8238	0.79342	1.0884	571.71	-0.017966	4.4461e-05	0.063028	supercritical
765.36	301.00	138.73	0.0072081	516.03	732.99	5.8252	0.79363	1.0885	572.00	-0.018066	4.4494e-05	0.063081	supercritical
766.36	301.00	138.56	0.0072172	516.84	734.08	5.8267	0.79384	1.0886	572.30	-0.018165	4.4526e-05	0.063134	supercritical
767.36	301.00	138.38	0.0072264	517.66	735.17	5.8281	0.79404	1.0887	572.59	-0.018264	4.4559e-05	0.063187	supercritical
768.36	301.00	138.21	0.0072356	518.47	736.26	5.8295	0.79425	1.0888	572.89	-0.018363	4.4591e-05	0.063240	supercritical
769.36	301.00	138.03	0.0072447	519.28	737.35	5.8309	0.79446	1.0890	573.19	-0.018461	4.4623e-05	0.063293	supercritical
770.36	301.00	137.86	0.0072539	520.10	738.44	5.8323	0.79467	1.0891	573.48	-0.018559	4.4656e-05	0.063345	supercritical
771.36	301.00	137.68	0.0072630	520.91	739.53	5.8337	0.79487	1.0892	573.78	-0.018657	4.4688e-05	0.063398	supercritical
772.36	301.00	137.51	0.0072722	521.72	740.62	5.8351	0.79508	1.0893	574.07	-0.018755	4.4721e-05	0.063451	supercritical
773.36	301.00	137.34	0.0072813	522.54	741.71	5.8366	0.79528	1.0894	574.37	-0.018852	4.4753e-05	0.063504	supercritical
774.36	301.00	137.17	0.0072905	523.35	742.79	5.8380	0.79549	1.0895	574.66	-0.018949	4.4785e-05	0.063557	supercritical
775.36	301.00	136.99	0.0072996	524.17	743.88	5.8394	0.79570	1.0896	574.96	-0.019046	4.4818e-05	0.063610	supercritical
776.36	301.00	136.82	0.0073088	524.98	744.97	5.8408	0.79590	1.0897	575.25	-0.019143	4.4850e-05	0.063663	supercritical
777.36	301.00	136.65	0.0073179	525.79	746.06	5.8422	0.79610	1.0898	575.55	-0.019239	4.4882e-05	0.063716	supercritical
778.36	301.00	136.48	0.0073271	526.61	747.15	5.8436	0.79631	1.0899	575.84	-0.019335	4.4914e-05	0.063769	supercritical
779.36	301.00	136.31	0.0073362	527.42	748.24	5.8450	0.79651	1.0900	576.13	-0.019430	4.4947e-05	0.063822	supercritical
780.36	301.00	136.14	0.0073453	528.24	749.33	5.8464	0.79672	1.0901	576.43	-0.019526	4.4979e-05	0.063875	supercritical
781.36	301.00	135.97	0.0073545	529.05	750.42	5.8478	0.79692	1.0902	576.72	-0.019621	4.5011e-05	0.063928	supercritical
782.36	301.00	135.80	0.0073636	529.87	751.51	5.8492	0.79712	1.0903	577.02	-0.019716	4.5044e-05	0.063981	supercritical
783.36	301.00	135.63	0.0073728	530.68	752.60	5.8506	0.79732	1.0904	577.31	-0.019811	4.5076e-05	0.064034	supercritical
784.36	301.00	135.47	0.0073819	531.50	753.70	5.8520	0.79753	1.0906	577.60	-0.019905	4.5108e-05	0.064087	supercritical
785.36	301.00	135.30	0.0073910	532.32	754.79	5.8533	0.79773	1.0907	577.90	-0.019999	4.5140e-05	0.064140	supercritical
786.36	301.00	135.13	0.0074002	533.13	755.88	5.8547	0.79793	1.0908	578.19	-0.020093	4.5173e-05	0.064192	supercritical
787.36	301.00	134.97	0.0074093	533.95	756.97	5.8561	0.79813	1.0909	578.48	-0.020187	4.5205e-05	0.064245	supercritical
788.36	301.00	134.80	0.0074184	534.76	758.06	5.8575	0.79833	1.0910	578.77	-0.020280	4.5237e-05	0.064298	supercritical
789.36	301.00	134.63	0.0074275	535.58	759.15	5.8589	0.79853	1.0911	579.07	-0.020373	4.5269e-05	0.064351	supercritical
790.36	301.00	134.47	0.0074367	536.40	760.24	5.8603	0.79873	1.0912	579.36	-0.020466	4.5301e-05	0.064404	supercritical
791.36	301.00	134.30	0.0074458	537.21	761.33	5.8616	0.79893	1.0913	579.65	-0.020558	4.5333e-05	0.064457	supercritical
792.36	301.00	134.14	0.0074549	538.03	762.42	5.8630	0.79913	1.0914	579.94	-0.020651	4.5366e-05	0.064510	supercritical
793.36	301.00	133.98	0.0074640	538.85	763.51	5.8644	0.79933	1.0915	580.23	-0.020743	4.5398e-05	0.064563	supercritical
794.36	301.00	133.81	0.0074732	539.66	764.61	5.8658	0.79953	1.0916	580.53	-0.020834	4.5430e-05	0.064616	supercritical
795.36	301.00	133.65	0.0074823	540.48	765.70	5.8671	0.79973	1.0917	580.82	-0.020926	4.5462e-05	0.064669	supercritical
796.36	301.00	133.49	0.0074914	541.30	766.79	5.8685	0.79992	1.0918	581.11	-0.021017	4.5494e-05	0.064722	supercritical
797.36	301.00	133.32	0.0075005	542.12	767.88	5.8699	0.80012	1.0920	581.40	-0.021108	4.5526e-05	0.064775	supercritical
798.36	301.00	133.16	0.0075096	542.93	768.97	5.8713	0.80032	1.0921	581.69	-0.021199	4.5558e-05	0.064828	supercritical
799.36	301.00	133.00	0.0075188	543.75	770.07	5.8726	0.80052	1.0922	581.98	-0.021289	4.5590e-05	0.064881	supercritical
800.36	301.00	132.84	0.0075279	544.57	771.16	5.8740	0.80071	1.0923	582.27	-0.021380	4.5623e-05	0.064933	supercritical
801.36	301.00	132.68	0.0075370	545.39	772.25	5.8754	0.80091	1.0924	582.56	-0.021470	4.5655e-05	0.064986	supercritical
802.36	301.00	132.52	0.0075461	546.20	773.34	5.8767	0.80110	1.0925	582.85	-0.021559	4.5687e-05	0.065039	supercritical
803.36	301.00	132.36	0.0075552	547.02	774.44	5.8781	0.80130	1.0926	583.14	-0.021649	4.5719e-05	0.065092	supercritical
804.36	301.00	132.20	0.0075643	547.84	775.53	5.8794	0.80150	1.0927	583.43	-0.021738	4.5751e-05	0.065145	supercritical
805.36	301.00	132.04	0.0075734	548.66	776.62	5.8808	0.80169	1.0928	583.72	-0.021827	4.5783e-05	0.065198	supercritical
806.36	301.00	131.88	0.0075825	549.48	777.71	5.8822	0.80188	1.0929	584.01	-0.021916	4.5815e-05	0.065251	supercritical
807.36	301.00	131.72	0.0075916	550.30	778.81	5.8835	0.80208	1.0930	584.30	-0.022005	4.5847e-05	0.065304	supercritical
808.36	301.00	131.57	0.0076007	551.12	779.90	5.8849	0.80227	1.0931	584.59	-0.022093	4.5879e-05	0.065357	supercritical
809.36	301.00	131.41	0.0076098	551.94	780.99	5.8862	0.80247	1.0932	584.88	-0.022181	4.5911e-05	0.065410	supercritical
810.36	301.00	131.25	0.0076189	552.76	782.09	5.8876	0.80266	1.0934	585.17	-0.022269	4.5943e-05	0.065462	supercritical
811.36	301.00	131.10	0.0076280	553.57	783.18	5.8889	0.80285	1.0935	585.46	-0.022356	4.5975e-05	0.065515	supercritical
812.36	301.00	130.94	0.0076371	554.39	784.27	5.8903	0.80304	1.0936	585.75	-0.022444	4.6007e-05	0.065568	supercritical
813.36	301.00	130.78	0.0076462	555.21	785.37	5.8916	0.80324	1.0937	586.03	-0.022531	4.6039e-05	0.065621	supercritical
814.36	301.00	130.63	0.0076553	556.03	786.46	5.8929	0.80343	1.0938	586.32	-0.022618	4.6070e-05	0.065674	supercritical
815.36	301.00	130.47	0.0076644	556.85	787.55	5.8943	0.80362	1.0939	586.61	-0.022704	4.6102e-05	0.065727	supercritical
816.36	301.00	130.32	0.0076735	557.67	788.65	5.8956	0.80381	1.0940	586.90	-0.022791	4.6134e-05	0.065780	supercritical
817.36	301.00	130.16	0.0076826	558.49	789.74	5.8970	0.80400	1.0941	587.19	-0.022877	4.6166e-05	0.065833	supercritical
818.36	301.00	130.01	0.0076917	559.32	790.84	5.8983	0.80419	1.0942	587.47	-0.022963	4.6198e-05	0.065886	supercritical
819.36	301.00	129.86	0.0077008	560.14	791.93	5.8996	0.80438	1.0943	587.76	-0.023049	4.6230e-05	0.065938	supercritical
820.36	301.00	129.70	0.0077099	560.96	793.02	5.9010	0.80457	1.0944	588.05	-0.023134	4.6262e-05	0.065991	supercritical
821.36	301.00	129.55	0.0077190	561.78	794.12	5.9023	0.80476	1.0945	588.34	-0.023219	4.6294e-05	0.066044	supercritical
822.36	301.00	129.40	0.0077281	562.60	795.21	5.9036	0.80495	1.0947	588.62	-0.023304	4.6326e-05	0.066097	supercritical
823.36	301.00	129.25	0.0077372	563.42	796.31	5.9050	0.80514	1.0948	588.91	-0.023389	4.6357e-05	0.066150	supercritical
824.36	301.00	129.09	0.0077463	564.24	797.40	5.9063	0.80533	1.0949	589.20	-0.023474	4.6389e-05	0.066203	supercritical
825.36	301.00	128.94	0.0077553	565.06	798.50	5.9076	0.80552	1.0950	589.48	-0.023558	4.6421e-05	0.066256	supercritical
826.36	301.00	128.79	0.0077644	565.88	799.59	5.9090	0.80570	1.0951	589.77	-0.023642	4.6453e-05	0.066309	supercritical
827.36	301.00	128.64	0.0077735	566.71	800.69	5.9103	0.80589	1.0952	590.06	-0.023726	4.6485e-05	0.066361	supercritical
828.36	301.00	128.49	0.0077826	567.53	801.78	5.9116	0.80608	1.0953	590.34	-0.023810	4.6516e-05	0.066414	supercritical
829.36	301.00	128.34	0.0077917	568.35	802.88	5.9129	0.80627	1.0954	590.63	-0.023893	4.6548e-05	0.066467	supercritical
830.36	301.00	128.19	0.0078007	569.17	803.97	5.9142	0.80645	1.0955	590.91	-0.023976	4.6580e-05	0.066520	supercritical
831.36	301.00	128.04	0.0078098	569.99	805.07	5.9156	0.80664	1.0956	591.20	-0.024059	4.6612e-05	0.066573	supercritical
832.36	301.00	127.90	0.0078189	570.82	806.17	5.9169	0.80682	1.0957	591.48	-0.024142	4.6643e-05	0.066626	supercritical
833.36	301.00	127.75	0.0078280	571.64	807.26	5.9182	0.80701	1.0958	591.77	-0.024225	4.6675e-05	0.066679	supercritical
834.36	301.00	127.60	0.0078370	572.46	808.36	5.9195	0.80720	1.0959	592.06	-0.024307	4.6707e-05	0.066731	supercritical
835.36	301.00	127.45	0.0078461	573.29	809.45	5.9208	0.80738	1.0961	592.34	-0.024389	4.6739e-05	0.066784	supercritical
836.36	301.00	127.30	0.0078552	574.11	810.55	5.9221	0.80756	1.0962	592.63	-0.024471	4.6770e-05	0.066837	supercritical
837.36	301.00	127.16	0.0078643	574.93	811.65	5.9234	0.80775	1.0963	592.91	-0.024553	4.6802e-05	0.066890	supercritical
838.36	301.00	127.01	0.0078733	575.75	812.74	5.9248	0.80793	1.0964	593.19	-0.024634	4.6834e-05	0.066943	supercritical
839.36	301.00	126.86	0.0078824	576.58	813.84	5.9261	0.80812	1.0965	593.48	-0.024715	4.6865e-05	0.066996	supercritical
840.36	301.00	126.72	0.0078915	577.40	814.94	5.9274	0.80830	1.0966	593.76	-0.024796	4.6897e-05	0.067048	supercritical
841.36	301.00	126.57	0.0079005	578.23	816.03	5.9287	0.80848	1.0967	594.05	-0.024877	4.6929e-05	0.067101	supercritical
842.36	301.00	126.43	0.0079096	579.05	817.13	5.9300	0.80867	1.0968	594.33	-0.024958	4.6960e-05	0.067154	supercritical
843.36	301.00	126.28	0.0079187	579.87	818.23	5.9313	0.80885	1.0969	594.62	-0.025038	4.6992e-05	0.067207	supercritical
844.36	301.00	126.14	0.0079277	580.70	819.32	5.9326	0.80903	1.0970	594.90	-0.025118	4.7023e-05	0.067260	supercritical
845.36	301.00	126.00	0.0079368	581.52	820.42	5.9339	0.80921	1.0971	595.18	-0.025198	4.7055e-05	0.067312	supercritical
846.36	301.00	125.85	0.0079458	582.35	821.52	5.9352	0.80939	1.0972	595.47	-0.025278	4.7087e-05	0.067365	supercritical
847.36	301.00	125.71	0.0079549	583.17	822.61	5.9365	0.80957	1.0973	595.75	-0.025357	4.7118e-05	0.067418	supercritical
848.36	301.00	125.57	0.0079640	584.00	823.71	5.9378	0.80975	1.0975	596.03	-0.025437	4.7150e-05	0.067471	supercritical
849.36	301.00	125.42	0.0079730	584.82	824.81	5.9391	0.80993	1.0976	596.32	-0.025516	4.7181e-05	0.067524	supercritical
850.36	301.00	125.28	0.0079821	585.65	825.91	5.9403	0.81011	1.0977	596.60	-0.025595	4.7213e-05	0.067576	supercritical
851.36	301.00	125.14	0.0079911	586.47	827.00	5.9416	0.81029	1.0978	596.88	-0.025674	4.7244e-05	0.067629	supercritical
852.36	301.00	125.00	0.0080002	587.30	828.10	5.9429	0.81047	1.0979	597.16	-0.025752	4.7276e-05	0.067682	supercritical
853.36	301.00	124.86	0.0080092	588.12	829.20	5.9442	0.81065	1.0980	597.45	-0.025830	4.7307e-05	0.067735	supercritical
854.36	301.00	124.71	0.0080183	588.95	830.30	5.9455	0.81083	1.0981	597.73	-0.025908	4.7339e-05	0.067788	supercritical
855.36	301.00	124.57	0.0080274	589.77	831.40	5.9468	0.81101	1.0982	598.01	-0.025986	4.7370e-05	0.067840	supercritical
856.36	301.00	124.43	0.0080364	590.60	832.49	5.9481	0.81119	1.0983	598.29	-0.026064	4.7402e-05	0.067893	supercritical
857.36	301.00	124.29	0.0080455	591.42	833.59	5.9493	0.81137	1.0984	598.57	-0.026141	4.7433e-05	0.067946	supercritical
858.36	301.00	124.15	0.0080545	592.25	834.69	5.9506	0.81154	1.0985	598.85	-0.026219	4.7465e-05	0.067999	supercritical
859.36	301.00	124.01	0.0080635	593.08	835.79	5.9519	0.81172	1.0986	599.14	-0.026296	4.7496e-05	0.068051	supercritical
860.36	301.00	123.88	0.0080726	593.90	836.89	5.9532	0.81190	1.0987	599.42	-0.026373	4.7528e-05	0.068104	supercritical
861.36	301.00	123.74	0.0080816	594.73	837.99	5.9545	0.81207	1.0988	599.70	-0.026449	4.7559e-05	0.068157	supercritical
862.36	301.00	123.60	0.0080907	595.56	839.09	5.9557	0.81225	1.0989	599.98	-0.026526	4.7591e-05	0.068210	supercritical
863.36	301.00	123.46	0.0080997	596.38	840.19	5.9570	0.81243	1.0991	600.26	-0.026602	4.7622e-05	0.068262	supercritical
864.36	301.00	123.32	0.0081088	597.21	841.28	5.9583	0.81260	1.0992	600.54	-0.026678	4.7653e-05	0.068315	supercritical
865.36	301.00	123.19	0.0081178	598.04	842.38	5.9596	0.81278	1.0993	600.82	-0.026754	4.7685e-05	0.068368	supercritical
866.36	301.00	123.05	0.0081269	598.86	843.48	5.9608	0.81295	1.0994	601.10	-0.026830	4.7716e-05	0.068421	supercritical
867.36	301.00	122.91	0.0081359	599.69	844.58	5.9621	0.81313	1.0995	601.38	-0.026905	4.7748e-05	0.068473	supercritical
868.36	301.00	122.78	0.0081449	600.52	845.68	5.9634	0.81330	1.0996	601.66	-0.026981	4.7779e-05	0.068526	supercritical
869.36	301.00	122.64	0.0081540	601.35	846.78	5.9646	0.81347	1.0997	601.94	-0.027056	4.7810e-05	0.068579	supercritical
870.36	301.00	122.50	0.0081630	602.17	847.88	5.9659	0.81365	1.0998	602.22	-0.027131	4.7842e-05	0.068631	supercritical
871.36	301.00	122.37	0.0081720	603.00	848.98	5.9671	0.81382	1.0999	602.50	-0.027205	4.7873e-05	0.068684	supercritical
872.36	301.00	122.23	0.0081811	603.83	850.08	5.9684	0.81400	1.1000	602.78	-0.027280	4.7904e-05	0.068737	supercritical
873.36	301.00	122.10	0.0081901	604.66	851.18	5.9697	0.81417	1.1001	603.06	-0.027354	4.7936e-05	0.068790	supercritical
874.36	301.00	121.96	0.0081991	605.49	852.28	5.9709	0.81434	1.1002	603.34	-0.027429	4.7967e-05	0.068842	supercritical
875.36	301.00	121.83	0.0082082	606.32	853.38	5.9722	0.81451	1.1003	603.62	-0.027503	4.7998e-05	0.068895	supercritical
876.36	301.00	121.70	0.0082172	607.14	854.48	5.9734	0.81468	1.1004	603.90	-0.027576	4.8030e-05	0.068948	supercritical
877.36	301.00	121.56	0.0082262	607.97	855.58	5.9747	0.81486	1.1005	604.18	-0.027650	4.8061e-05	0.069000	supercritical
878.36	301.00	121.43	0.0082353	608.80	856.68	5.9760	0.81503	1.1006	604.46	-0.027723	4.8092e-05	0.069053	supercritical
879.36	301.00	121.30	0.0082443	609.63	857.78	5.9772	0.81520	1.1008	604.74	-0.027797	4.8123e-05	0.069106	supercritical
880.36	301.00	121.16	0.0082533	610.46	858.88	5.9785	0.81537	1.1009	605.01	-0.027870	4.8155e-05	0.069158	supercritical
881.36	301.00	121.03	0.0082623	611.29	859.99	5.9797	0.81554	1.1010	605.29	-0.027942	4.8186e-05	0.069211	supercritical
882.36	301.00	120.90	0.0082714	612.12	861.09	5.9810	0.81571	1.1011	605.57	-0.028015	4.8217e-05	0.069264	supercritical
883.36	301.00	120.77	0.0082804	612.95	862.19	5.9822	0.81588	1.1012	605.85	-0.028088	4.8248e-05	0.069316	supercritical
884.36	301.00	120.64	0.0082894	613.78	863.29	5.9834	0.81605	1.1013	606.13	-0.028160	4.8279e-05	0.069369	supercritical
885.36	301.00	120.50	0.0082984	614.61	864.39	5.9847	0.81622	1.1014	606.40	-0.028232	4.8311e-05	0.069422	supercritical
886.36	301.00	120.37	0.0083075	615.44	865.49	5.9859	0.81639	1.1015	606.68	-0.028304	4.8342e-05	0.069474	supercritical
887.36	301.00	120.24	0.0083165	616.27	866.59	5.9872	0.81655	1.1016	606.96	-0.028376	4.8373e-05	0.069527	supercritical
888.36	301.00	120.11	0.0083255	617.10	867.69	5.9884	0.81672	1.1017	607.24	-0.028447	4.8404e-05	0.069580	supercritical
889.36	301.00	119.98	0.0083345	617.93	868.80	5.9897	0.81689	1.1018	607.51	-0.028519	4.8435e-05	0.069632	supercritical
890.36	301.00	119.85	0.0083435	618.76	869.90	5.9909	0.81706	1.1019	607.79	-0.028590	4.8466e-05	0.069685	supercritical
891.36	301.00	119.72	0.0083525	619.59	871.00	5.9921	0.81723	1.1020	608.07	-0.028661	4.8498e-05	0.069738	supercritical
892.36	301.00	119.59	0.0083616	620.42	872.10	5.9934	0.81739	1.1021	608.34	-0.028732	4.8529e-05	0.069790	supercritical
893.36	301.00	119.47	0.0083706	621.25	873.20	5.9946	0.81756	1.1022	608.62	-0.028802	4.8560e-05	0.069843	supercritical
894.36	301.00	119.34	0.0083796	622.08	874.31	5.9958	0.81773	1.1023	608.90	-0.028873	4.8591e-05	0.069895	supercritical
895.36	301.00	119.21	0.0083886	622.91	875.41	5.9971	0.81789	1.1024	609.17	-0.028943	4.8622e-05	0.069948	supercritical
896.36	301.00	119.08	0.0083976	623.74	876.51	5.9983	0.81806	1.1025	609.45	-0.029013	4.8653e-05	0.070001	supercritical
897.36	301.00	118.95	0.0084066	624.57	877.61	5.9995	0.81822	1.1026	609.73	-0.029083	4.8684e-05	0.070053	supercritical
898.36	301.00	118.83	0.0084156	625.41	878.72	6.0008	0.81839	1.1027	610.00	-0.029153	4.8715e-05	0.070106	supercritical
899.36	301.00	118.70	0.0084247	626.24	879.82	6.0020	0.81855	1.1029	610.28	-0.029223	4.8746e-05	0.070158	supercritical
900.36	301.00	118.57	0.0084337	627.07	880.92	6.0032	0.81872	1.1030	610.55	-0.029292	4.8777e-05	0.070211	supercritical
901.36	301.00	118.45	0.0084427	627.90	882.03	6.0044	0.81888	1.1031	610.83	-0.029362	4.8808e-05	0.070264	supercritical
902.36	301.00	118.32	0.0084517	628.73	883.13	6.0057	0.81905	1.1032	611.10	-0.029431	4.8839e-05	0.070316	supercritical
903.36	301.00	118.19	0.0084607	629.57	884.23	6.0069	0.81921	1.1033	611.38	-0.029500	4.8870e-05	0.070369	supercritical
904.36	301.00	118.07	0.0084697	630.40	885.34	6.0081	0.81937	1.1034	611.65	-0.029568	4.8901e-05	0.070421	supercritical
905.36	301.00	117.94	0.0084787	631.23	886.44	6.0093	0.81954	1.1035	611.93	-0.029637	4.8932e-05	0.070474	supercritical
906.36	301.00	117.82	0.0084877	632.06	887.54	6.0105	0.81970	1.1036	612.20	-0.029705	4.8963e-05	0.070526	supercritical
907.36	301.00	117.69	0.0084967	632.90	888.65	6.0118	0.81986	1.1037	612.48	-0.029774	4.8994e-05	0.070579	supercritical
908.36	301.00	117.57	0.0085057	633.73	889.75	6.0130	0.82003	1.1038	612.75	-0.029842	4.9025e-05	0.070632	supercritical
909.36	301.00	117.44	0.0085147	634.56	890.85	6.0142	0.82019	1.1039	613.03	-0.029910	4.9056e-05	0.070684	supercritical
910.36	301.00	117.32	0.0085237	635.39	891.96	6.0154	0.82035	1.1040	613.30	-0.029977	4.9087e-05	0.070737	supercritical
911.36	301.00	117.20	0.0085327	636.23	893.06	6.0166	0.82051	1.1041	613.58	-0.030045	4.9118e-05	0.070789	supercritical
912.36	301.00	117.07	0.0085417	637.06	894.17	6.0178	0.82067	1.1042	613.85	-0.030112	4.9149e-05	0.070842	supercritical
913.36	301.00	116.95	0.0085507	637.89	895.27	6.0190	0.82083	1.1043	614.12	-0.030180	4.9180e-05	0.070894	supercritical
914.36	301.00	116.83	0.0085597	638.73	896.37	6.0202	0.82099	1.1044	614.40	-0.030247	4.9211e-05	0.070947	supercritical
915.36	301.00	116.70	0.0085687	639.56	897.48	6.0214	0.82115	1.1045	614.67	-0.030314	4.9241e-05	0.070999	supercritical
916.36	301.00	116.58	0.0085777	640.39	898.58	6.0227	0.82131	1.1046	614.95	-0.030380	4.9272e-05	0.071052	supercritical
917.36	301.00	116.46	0.0085867	641.23	899.69	6.0239	0.82147	1.1047	615.22	-0.030447	4.9303e-05	0.071104	supercritical
918.36	301.00	116.34	0.0085957	642.06	900.79	6.0251	0.82163	1.1048	615.49	-0.030513	4.9334e-05	0.071157	supercritical
919.36	301.00	116.22	0.0086047	642.90	901.90	6.0263	0.82179	1.1049	615.76	-0.030580	4.9365e-05	0.071209	supercritical
920.36	301.00	116.09	0.0086136	643.73	903.00	6.0275	0.82195	1.1050	616.04	-0.030646	4.9396e-05	0.071262	supercritical
921.36	301.00	115.97	0.0086226	644.57	904.11	6.0287	0.82211	1.1051	616.31	-0.030712	4.9427e-05	0.071314	supercritical
922.36	301.00	115.85	0.0086316	645.40	905.21	6.0299	0.82227	1.1052	616.58	-0.030777	4.9457e-05	0.071367	supercritical
923.36	301.00	115.73	0.0086406	646.24	906.32	6.0311	0.82243	1.1053	616.86	-0.030843	4.9488e-05	0.071419	supercritical
924.36	301.00	115.61	0.0086496	647.07	907.42	6.0323	0.82258	1.1054	617.13	-0.030909	4.9519e-05	0.071472	supercritical
925.36	301.00	115.49	0.0086586	647.91	908.53	6.0335	0.82274	1.1055	617.40	-0.030974	4.9550e-05	0.071524	supercritical
926.36	301.00	115.37	0.0086676	648.74	909.63	6.0346	0.82290	1.1056	617.67	-0.031039	4.9581e-05	0.071577	supercritical
927.36	301.00	115.25	0.0086766	649.58	910.74	6.0358	0.82306	1.1057	617.94	-0.031104	4.9611e-05	0.071629	supercritical
928.36	301.00	115.13	0.0086856	650.41	911.85	6.0370	0.82321	1.1058	618.22	-0.031169	4.9642e-05	0.071682	supercritical
929.36	301.00	115.01	0.0086945	651.25	912.95	6.0382	0.82337	1.1059	618.49	-0.031234	4.9673e-05	0.071734	supercritical
930.36	301.00	114.90	0.0087035	652.08	914.06	6.0394	0.82353	1.1060	618.76	-0.031298	4.9704e-05	0.071787	supercritical
931.36	301.00	114.78	0.0087125	652.92	915.16	6.0406	0.82368	1.1061	619.03	-0.031362	4.9734e-05	0.071839	supercritical
932.36	301.00	114.66	0.0087215	653.75	916.27	6.0418	0.82384	1.1062	619.30	-0.031427	4.9765e-05	0.071891	supercritical
933.36	301.00	114.54	0.0087305	654.59	917.38	6.0430	0.82399	1.1063	619.57	-0.031491	4.9796e-05	0.071944	supercritical
934.36	301.00	114.42	0.0087394	655.43	918.48	6.0442	0.82415	1.1064	619.85	-0.031555	4.9826e-05	0.071996	supercritical
935.36	301.00	114.31	0.0087484	656.26	919.59	6.0453	0.82430	1.1066	620.12	-0.031618	4.9857e-05	0.072049	supercritical
936.36	301.00	114.19	0.0087574	657.10	920.70	6.0465	0.82446	1.1067	620.39	-0.031682	4.9888e-05	0.072101	supercritical
937.36	301.00	114.07	0.0087664	657.93	921.80	6.0477	0.82461	1.1068	620.66	-0.031745	4.9918e-05	0.072154	supercritical
938.36	301.00	113.96	0.0087754	658.77	922.91	6.0489	0.82476	1.1069	620.93	-0.031809	4.9949e-05	0.072206	supercritical
939.36	301.00	113.84	0.0087843	659.61	924.02	6.0501	0.82492	1.1070	621.20	-0.031872	4.9980e-05	0.072258	supercritical
940.36	301.00	113.72	0.0087933	660.44	925.12	6.0512	0.82507	1.1071	621.47	-0.031935	5.0010e-05	0.072311	supercritical
941.36	301.00	113.61	0.0088023	661.28	926.23	6.0524	0.82522	1.1072	621.74	-0.031998	5.0041e-05	0.072363	supercritical
942.36	301.00	113.49	0.0088113	662.12	927.34	6.0536	0.82538	1.1073	622.01	-0.032060	5.0072e-05	0.072416	supercritical
943.36	301.00	113.38	0.0088202	662.96	928.44	6.0548	0.82553	1.1074	622.28	-0.032123	5.0102e-05	0.072468	supercritical
944.36	301.00	113.26	0.0088292	663.79	929.55	6.0559	0.82568	1.1075	622.55	-0.032185	5.0133e-05	0.072520	supercritical
945.36	301.00	113.15	0.0088382	664.63	930.66	6.0571	0.82583	1.1076	622.82	-0.032247	5.0163e-05	0.072573	supercritical
946.36	301.00	113.03	0.0088471	665.47	931.77	6.0583	0.82599	1.1077	623.09	-0.032310	5.0194e-05	0.072625	supercritical
947.36	301.00	112.92	0.0088561	666.31	932.87	6.0595	0.82614	1.1078	623.36	-0.032371	5.0224e-05	0.072677	supercritical
948.36	301.00	112.80	0.0088651	667.14	933.98	6.0606	0.82629	1.1079	623.63	-0.032433	5.0255e-05	0.072730	supercritical
949.36	301.00	112.69	0.0088741	667.98	935.09	6.0618	0.82644	1.1080	623.90	-0.032495	5.0286e-05	0.072782	supercritical
950.36	301.00	112.57	0.0088830	668.82	936.20	6.0630	0.82659	1.1081	624.17	-0.032556	5.0316e-05	0.072834	supercritical
951.36	301.00	112.46	0.0088920	669.66	937.31	6.0641	0.82674	1.1082	624.43	-0.032618	5.0347e-05	0.072887	supercritical
952.36	301.00	112.35	0.0089010	670.50	938.42	6.0653	0.82689	1.1083	624.70	-0.032679	5.0377e-05	0.072939	supercritical
953.36	301.00	112.23	0.0089099	671.33	939.52	6.0664	0.82704	1.1084	624.97	-0.032740	5.0408e-05	0.072991	supercritical
954.36	301.00	112.12	0.0089189	672.17	940.63	6.0676	0.82719	1.1085	625.24	-0.032801	5.0438e-05	0.073044	supercritical
955.36	301.00	112.01	0.0089278	673.01	941.74	6.0688	0.82734	1.1086	625.51	-0.032862	5.0469e-05	0.073096	supercritical
956.36	301.00	111.90	0.0089368	673.85	942.85	6.0699	0.82749	1.1087	625.78	-0.032922	5.0499e-05	0.073148	supercritical
957.36	301.00	111.78	0.0089458	674.69	943.96	6.0711	0.82764	1.1088	626.05	-0.032983	5.0530e-05	0.073201	supercritical
958.36	301.00	111.67	0.0089547	675.53	945.07	6.0722	0.82779	1.1089	626.31	-0.033043	5.0560e-05	0.073253	supercritical
959.36	301.00	111.56	0.0089637	676.37	946.18	6.0734	0.82794	1.1090	626.58	-0.033103	5.0590e-05	0.073305	supercritical
960.36	301.00	111.45	0.0089727	677.21	947.28	6.0746	0.82808	1.1091	626.85	-0.033163	5.0621e-05	0.073358	supercritical
961.36	301.00	111.34	0.0089816	678.05	948.39	6.0757	0.82823	1.1092	627.12	-0.033223	5.0651e-05	0.073410	supercritical
962.36	301.00	111.23	0.0089906	678.89	949.50	6.0769	0.82838	1.1093	627.38	-0.033283	5.0682e-05	0.073462	supercritical
963.36	301.00	111.12	0.0089995	679.73	950.61	6.0780	0.82853	1.1094	627.65	-0.033343	5.0712e-05	0.073514	supercritical
964.36	301.00	111.01	0.0090085	680.57	951.72	6.0792	0.82867	1.1094	627.92	-0.033402	5.0743e-05	0.073567	supercritical
965.36	301.00	110.90	0.0090174	681.41	952.83	6.0803	0.82882	1.1095	628.19	-0.033462	5.0773e-05	0.073619	supercritical
966.36	301.00	110.79	0.0090264	682.25	953.94	6.0815	0.82897	1.1096	628.45	-0.033521	5.0803e-05	0.073671	supercritical
967.36	301.00	110.68	0.0090354	683.09	955.05	6.0826	0.82911	1.1097	628.72	-0.033580	5.0834e-05	0.073724	supercritical
968.36	301.00	110.57	0.0090443	683.93	956.16	6.0838	0.82926	1.1098	628.99	-0.033639	5.0864e-05	0.073776	supercritical
969.36	301.00	110.46	0.0090533	684.77	957.27	6.0849	0.82941	1.1099	629.25	-0.033698	5.0894e-05	0.073828	supercritical
970.36	301.00	110.35	0.0090622	685.61	958.38	6.0861	0.82955	1.1100	629.52	-0.033756	5.0925e-05	0.073880	supercritical
971.36	301.00	110.24	0.0090712	686.45	959.49	6.0872	0.82970	1.1101	629.79	-0.033815	5.0955e-05	0.073932	supercritical
972.36	301.00	110.13	0.0090801	687.29	960.60	6.0883	0.82984	1.1102	630.05	-0.033873	5.0985e-05	0.073985	supercritical
973.36	301.00	110.02	0.0090891	688.13	961.71	6.0895	0.82999	1.1103	630.32	-0.033932	5.1016e-05	0.074037	supercritical
974.36	301.00	109.91	0.0090980	688.97	962.82	6.0906	0.83013	1.1104	630.59	-0.033990	5.1046e-05	0.074089	supercritical
975.36	301.00	109.81	0.0091070	689.81	963.93	6.0918	0.83028	1.1105	630.85	-0.034048	5.1076e-05	0.074141	supercritical
976.36	301.00	109.70	0.0091159	690.65	965.04	6.0929	0.83042	1.1106	631.12	-0.034106	5.1107e-05	0.074194	supercritical
977.36	301.00	109.59	0.0091249	691.49	966.15	6.0940	0.83056	1.1107	631.38	-0.034163	5.1137e-05	0.074246	supercritical
978.36	301.00	109.48	0.0091338	692.34	967.26	6.0952	0.83071	1.1108	631.65	-0.034221	5.1167e-05	0.074298	supercritical
979.36	301.00	109.38	0.0091428	693.18	968.37	6.0963	0.83085	1.1109	631.91	-0.034278	5.1197e-05	0.074350	supercritical
980.36	301.00	109.27	0.0091517	694.02	969.49	6.0974	0.83099	1.1110	632.18	-0.034336	5.1228e-05	0.074402	supercritical
981.36	301.00	109.16	0.0091607	694.86	970.60	6.0986	0.83114	1.1111	632.45	-0.034393	5.1258e-05	0.074455	supercritical
982.36	301.00	109.06	0.0091696	695.70	971.71	6.0997	0.83128	1.1112	632.71	-0.034450	5.1288e-05	0.074507	supercritical
983.36	301.00	108.95	0.0091785	696.54	972.82	6.1008	0.83142	1.1113	632.98	-0.034507	5.1318e-05	0.074559	supercritical
984.36	301.00	108.84	0.0091875	697.39	973.93	6.1020	0.83156	1.1114	633.24	-0.034564	5.1348e-05	0.074611	supercritical
985.36	301.00	108.74	0.0091964	698.23	975.04	6.1031	0.83171	1.1115	633.50	-0.034620	5.1379e-05	0.074663	supercritical
986.36	301.00	108.63	0.0092054	699.07	976.15	6.1042	0.83185	1.1116	633.77	-0.034677	5.1409e-05	0.074715	supercritical
987.36	301.00	108.53	0.0092143	699.91	977.26	6.1053	0.83199	1.1117	634.03	-0.034733	5.1439e-05	0.074768	supercritical
988.36	301.00	108.42	0.0092233	700.76	978.38	6.1065	0.83213	1.1118	634.30	-0.034790	5.1469e-05	0.074820	supercritical
989.36	301.00	108.32	0.0092322	701.60	979.49	6.1076	0.83227	1.1119	634.56	-0.034846	5.1499e-05	0.074872	supercritical
990.36	301.00	108.21	0.0092411	702.44	980.60	6.1087	0.83241	1.1120	634.83	-0.034902	5.1530e-05	0.074924	supercritical
991.36	301.00	108.11	0.0092501	703.28	981.71	6.1098	0.83255	1.1121	635.09	-0.034958	5.1560e-05	0.074976	supercritical
992.36	301.00	108.00	0.0092590	704.13	982.82	6.1110	0.83269	1.1122	635.35	-0.035013	5.1590e-05	0.075028	supercritical
993.36	301.00	107.90	0.0092680	704.97	983.94	6.1121	0.83283	1.1123	635.62	-0.035069	5.1620e-05	0.075080	supercritical
994.36	301.00	107.79	0.0092769	705.81	985.05	6.1132	0.83297	1.1124	635.88	-0.035125	5.1650e-05	0.075132	supercritical
995.36	301.00	107.69	0.0092858	706.66	986.16	6.1143	0.83311	1.1125	636.15	-0.035180	5.1680e-05	0.075184	supercritical
996.36	301.00	107.59	0.0092948	707.50	987.27	6.1154	0.83325	1.1126	636.41	-0.035235	5.1710e-05	0.075237	supercritical
997.36	301.00	107.48	0.0093037	708.34	988.39	6.1166	0.83339	1.1127	636.67	-0.035290	5.1740e-05	0.075289	supercritical
998.36	301.00	107.38	0.0093126	709.19	989.50	6.1177	0.83353	1.1127	636.94	-0.035345	5.1770e-05	0.075341	supercritical
999.36	301.00	107.28	0.0093216	710.03	990.61	6.1188	0.83367	1.1128	637.20	-0.035400	5.1800e-05	0.075393	supercritical
1000.4	301.00	107.18	0.0093305	710.88	991.72	6.1199	0.83381	1.1129	637.46	-0.035455	5.1831e-05	0.075445	supercritical
1001.4	301.00	107.07	0.0093394	711.72	992.84	6.1210	0.83394	1.1130	637.72	-0.035510	5.1861e-05	0.075497	supercritical
1002.4	301.00	106.97	0.0093484	712.56	993.95	6.1221	0.83408	1.1131	637.99	-0.035564	5.1891e-05	0.075549	supercritical
1003.4	301.00	106.87	0.0093573	713.41	995.06	6.1232	0.83422	1.1132	638.25	-0.035619	5.1921e-05	0.075601	supercritical
1004.4	301.00	106.77	0.0093662	714.25	996.18	6.1243	0.83436	1.1133	638.51	-0.035673	5.1951e-05	0.075653	supercritical
1005.4	301.00	106.66	0.0093752	715.10	997.29	6.1254	0.83449	1.1134	638.77	-0.035727	5.1981e-05	0.075705	supercritical
1006.4	301.00	106.56	0.0093841	715.94	998.40	6.1266	0.83463	1.1135	639.04	-0.035781	5.2011e-05	0.075757	supercritical
1007.4	301.00	106.46	0.0093930	716.79	999.52	6.1277	0.83477	1.1136	639.30	-0.035835	5.2041e-05	0.075809	supercritical
1008.4	301.00	106.36	0.0094019	717.63	1000.6	6.1288	0.83490	1.1137	639.56	-0.035889	5.2071e-05	0.075861	supercritical
1009.4	301.00	106.26	0.0094109	718.48	1001.7	6.1299	0.83504	1.1138	639.82	-0.035942	5.2101e-05	0.075913	supercritical
1010.4	301.00	106.16	0.0094198	719.32	1002.9	6.1310	0.83518	1.1139	640.08	-0.035996	5.2131e-05	0.075965	supercritical
1011.4	301.00	106.06	0.0094287	720.17	1004.0	6.1321	0.83531	1.1140	640.35	-0.036049	5.2161e-05	0.076017	supercritical
1012.4	301.00	105.96	0.0094376	721.01	1005.1	6.1332	0.83545	1.1141	640.61	-0.036103	5.2190e-05	0.076069	supercritical
1013.4	301.00	105.86	0.0094466	721.86	1006.2	6.1343	0.83558	1.1142	640.87	-0.036156	5.2220e-05	0.076121	supercritical
1014.4	301.00	105.76	0.0094555	722.70	1007.3	6.1354	0.83572	1.1143	641.13	-0.036209	5.2250e-05	0.076173	supercritical
1015.4	301.00	105.66	0.0094644	723.55	1008.4	6.1365	0.83585	1.1144	641.39	-0.036262	5.2280e-05	0.076225	supercritical
1016.4	301.00	105.56	0.0094733	724.40	1009.5	6.1376	0.83599	1.1145	641.65	-0.036315	5.2310e-05	0.076277	supercritical
1017.4	301.00	105.46	0.0094823	725.24	1010.7	6.1387	0.83612	1.1145	641.91	-0.036367	5.2340e-05	0.076329	supercritical
1018.4	301.00	105.36	0.0094912	726.09	1011.8	6.1398	0.83626	1.1146	642.17	-0.036420	5.2370e-05	0.076381	supercritical
1019.4	301.00	105.26	0.0095001	726.93	1012.9	6.1409	0.83639	1.1147	642.44	-0.036472	5.2400e-05	0.076433	supercritical
1020.4	301.00	105.16	0.0095090	727.78	1014.0	6.1419	0.83652	1.1148	642.70	-0.036525	5.2430e-05	0.076485	supercritical
1021.4	301.00	105.06	0.0095179	728.63	1015.1	6.1430	0.83666	1.1149	642.96	-0.036577	5.2460e-05	0.076537	supercritical
1022.4	301.00	104.97	0.0095269	729.47	1016.2	6.1441	0.83679	1.1150	643.22	-0.036629	5.2489e-05	0.076589	supercritical
1023.4	301.00	104.87	0.0095358	730.32	1017.3	6.1452	0.83692	1.1151	643.48	-0.036681	5.2519e-05	0.076641	supercritical
1024.4	301.00	104.77	0.0095447	731.17	1018.5	6.1463	0.83706	1.1152	643.74	-0.036733	5.2549e-05	0.076693	supercritical
1025.4	301.00	104.67	0.0095536	732.01	1019.6	6.1474	0.83719	1.1153	644.00	-0.036785	5.2579e-05	0.076745	supercritical
1026.4	301.00	104.57	0.0095625	732.86	1020.7	6.1485	0.83732	1.1154	644.26	-0.036837	5.2609e-05	0.076797	supercritical
1027.4	301.00	104.48	0.0095715	733.71	1021.8	6.1496	0.83746	1.1155	644.52	-0.036888	5.2639e-05	0.076849	supercritical
1028.4	301.00	104.38	0.0095804	734.55	1022.9	6.1507	0.83759	1.1156	644.78	-0.036939	5.2668e-05	0.076901	supercritical
1029.4	301.00	104.28	0.0095893	735.40	1024.0	6.1517	0.83772	1.1157	645.04	-0.036991	5.2698e-05	0.076953	supercritical
1030.4	301.00	104.19	0.0095982	736.25	1025.2	6.1528	0.83785	1.1158	645.30	-0.037042	5.2728e-05	0.077005	supercritical
1031.4	301.00	104.09	0.0096071	737.10	1026.3	6.1539	0.83798	1.1158	645.56	-0.037093	5.2758e-05	0.077057	supercritical
1032.4	301.00	103.99	0.0096160	737.94	1027.4	6.1550	0.83811	1.1159	645.81	-0.037144	5.2788e-05	0.077108	supercritical
1033.4	301.00	103.90	0.0096249	738.79	1028.5	6.1561	0.83824	1.1160	646.07	-0.037195	5.2817e-05	0.077160	supercritical
1034.4	301.00	103.80	0.0096339	739.64	1029.6	6.1571	0.83837	1.1161	646.33	-0.037246	5.2847e-05	0.077212	supercritical
1035.4	301.00	103.70	0.0096428	740.49	1030.7	6.1582	0.83851	1.1162	646.59	-0.037296	5.2877e-05	0.077264	supercritical
1036.4	301.00	103.61	0.0096517	741.34	1031.9	6.1593	0.83864	1.1163	646.85	-0.037347	5.2906e-05	0.077316	supercritical
1037.4	301.00	103.51	0.0096606	742.18	1033.0	6.1604	0.83877	1.1164	647.11	-0.037397	5.2936e-05	0.077368	supercritical
1038.4	301.00	103.42	0.0096695	743.03	1034.1	6.1615	0.83890	1.1165	647.37	-0.037448	5.2966e-05	0.077420	supercritical
1039.4	301.00	103.32	0.0096784	743.88	1035.2	6.1625	0.83903	1.1166	647.63	-0.037498	5.2996e-05	0.077472	supercritical
1040.4	301.00	103.23	0.0096873	744.73	1036.3	6.1636	0.83916	1.1167	647.88	-0.037548	5.3025e-05	0.077523	supercritical
1041.4	301.00	103.13	0.0096962	745.58	1037.4	6.1647	0.83928	1.1168	648.14	-0.037598	5.3055e-05	0.077575	supercritical
1042.4	301.00	103.04	0.0097051	746.43	1038.6	6.1657	0.83941	1.1169	648.40	-0.037648	5.3085e-05	0.077627	supercritical
1043.4	301.00	102.94	0.0097140	747.28	1039.7	6.1668	0.83954	1.1169	648.66	-0.037698	5.3114e-05	0.077679	supercritical
1044.4	301.00	102.85	0.0097229	748.12	1040.8	6.1679	0.83967	1.1170	648.92	-0.037747	5.3144e-05	0.077731	supercritical
1045.4	301.00	102.76	0.0097318	748.97	1041.9	6.1690	0.83980	1.1171	649.17	-0.037797	5.3174e-05	0.077783	supercritical
1046.4	301.00	102.66	0.0097408	749.82	1043.0	6.1700	0.83993	1.1172	649.43	-0.037846	5.3203e-05	0.077834	supercritical
1047.4	301.00	102.57	0.0097497	750.67	1044.1	6.1711	0.84006	1.1173	649.69	-0.037896	5.3233e-05	0.077886	supercritical
1048.4	301.00	102.47	0.0097586	751.52	1045.3	6.1722	0.84018	1.1174	649.95	-0.037945	5.3263e-05	0.077938	supercritical
1049.4	301.00	102.38	0.0097675	752.37	1046.4	6.1732	0.84031	1.1175	650.20	-0.037994	5.3292e-05	0.077990	supercritical
1050.4	301.00	102.29	0.0097764	753.22	1047.5	6.1743	0.84044	1.1176	650.46	-0.038043	5.3322e-05	0.078042	supercritical
1051.4	301.00	102.19	0.0097853	754.07	1048.6	6.1754	0.84057	1.1177	650.72	-0.038092	5.3351e-05	0.078093	supercritical
1052.4	301.00	102.10	0.0097942	754.92	1049.7	6.1764	0.84069	1.1178	650.98	-0.038141	5.3381e-05	0.078145	supercritical
1053.4	301.00	102.01	0.0098031	755.77	1050.8	6.1775	0.84082	1.1179	651.23	-0.038189	5.3411e-05	0.078197	supercritical
1054.4	301.00	101.92	0.0098120	756.62	1052.0	6.1785	0.84095	1.1179	651.49	-0.038238	5.3440e-05	0.078249	supercritical
1055.4	301.00	101.82	0.0098209	757.47	1053.1	6.1796	0.84107	1.1180	651.75	-0.038286	5.3470e-05	0.078300	supercritical
1056.4	301.00	101.73	0.0098298	758.32	1054.2	6.1807	0.84120	1.1181	652.00	-0.038335	5.3499e-05	0.078352	supercritical
1057.4	301.00	101.64	0.0098387	759.17	1055.3	6.1817	0.84133	1.1182	652.26	-0.038383	5.3529e-05	0.078404	supercritical
1058.4	301.00	101.55	0.0098476	760.02	1056.4	6.1828	0.84145	1.1183	652.52	-0.038431	5.3558e-05	0.078456	supercritical
1059.4	301.00	101.46	0.0098565	760.87	1057.6	6.1838	0.84158	1.1184	652.77	-0.038479	5.3588e-05	0.078507	supercritical
1060.4	301.00	101.36	0.0098654	761.72	1058.7	6.1849	0.84170	1.1185	653.03	-0.038527	5.3617e-05	0.078559	supercritical
1061.4	301.00	101.27	0.0098743	762.57	1059.8	6.1859	0.84183	1.1186	653.28	-0.038575	5.3647e-05	0.078611	supercritical
1062.4	301.00	101.18	0.0098832	763.42	1060.9	6.1870	0.84195	1.1187	653.54	-0.038623	5.3676e-05	0.078663	supercritical
1063.4	301.00	101.09	0.0098921	764.27	1062.0	6.1880	0.84208	1.1188	653.80	-0.038670	5.3706e-05	0.078714	supercritical
1064.4	301.00	101.00	0.0099010	765.13	1063.1	6.1891	0.84220	1.1188	654.05	-0.038718	5.3735e-05	0.078766	supercritical
1065.4	301.00	100.91	0.0099099	765.98	1064.3	6.1901	0.84233	1.1189	654.31	-0.038765	5.3765e-05	0.078818	supercritical
1066.4	301.00	100.82	0.0099187	766.83	1065.4	6.1912	0.84245	1.1190	654.56	-0.038813	5.3794e-05	0.078870	supercritical
1067.4	301.00	100.73	0.0099276	767.68	1066.5	6.1922	0.84257	1.1191	654.82	-0.038860	5.3824e-05	0.078921	supercritical
1068.4	301.00	100.64	0.0099365	768.53	1067.6	6.1933	0.84270	1.1192	655.07	-0.038907	5.3853e-05	0.078973	supercritical
1069.4	301.00	100.55	0.0099454	769.38	1068.7	6.1943	0.84282	1.1193	655.33	-0.038954	5.3883e-05	0.079025	supercritical
1070.4	301.00	100.46	0.0099543	770.23	1069.9	6.1954	0.84295	1.1194	655.58	-0.039001	5.3912e-05	0.079076	supercritical
1071.4	301.00	100.37	0.0099632	771.09	1071.0	6.1964	0.84307	1.1195	655.84	-0.039048	5.3941e-05	0.079128	supercritical
1072.4	301.00	100.28	0.0099721	771.94	1072.1	6.1975	0.84319	1.1196	656.09	-0.039095	5.3971e-05	0.079180	supercritical
1073.4	301.00	100.19	0.0099810	772.79	1073.2	6.1985	0.84331	1.1196	656.35	-0.039141	5.4000e-05	0.079231	supercritical
1074.4	301.00	100.10	0.0099899	773.64	1074.3	6.1996	0.84344	1.1197	656.60	-0.039188	5.4030e-05	0.079283	supercritical
1075.4	301.00	100.01	0.0099988	774.49	1075.5	6.2006	0.84356	1.1198	656.86	-0.039234	5.4059e-05	0.079335	supercritical
1076.4	301.00	99.923	0.010008	775.35	1076.6	6.2016	0.84368	1.1199	657.11	-0.039281	5.4088e-05	0.079386	supercritical
1077.4	301.00	99.835	0.010017	776.20	1077.7	6.2027	0.84380	1.1200	657.37	-0.039327	5.4118e-05	0.079438	supercritical
1078.4	301.00	99.746	0.010025	777.05	1078.8	6.2037	0.84393	1.1201	657.62	-0.039373	5.4147e-05	0.079489	supercritical
1079.4	301.00	99.658	0.010034	777.90	1079.9	6.2048	0.84405	1.1202	657.87	-0.039419	5.4176e-05	0.079541	supercritical
1080.4	301.00	99.570	0.010043	778.76	1081.1	6.2058	0.84417	1.1203	658.13	-0.039465	5.4206e-05	0.079593	supercritical
1081.4	301.00	99.482	0.010052	779.61	1082.2	6.2068	0.84429	1.1204	658.38	-0.039511	5.4235e-05	0.079644	supercritical
1082.4	301.00	99.394	0.010061	780.46	1083.3	6.2079	0.84441	1.1204	658.64	-0.039557	5.4264e-05	0.079696	supercritical
1083.4	301.00	99.306	0.010070	781.31	1084.4	6.2089	0.84453	1.1205	658.89	-0.039602	5.4294e-05	0.079748	supercritical
1084.4	301.00	99.219	0.010079	782.17	1085.5	6.2099	0.84465	1.1206	659.14	-0.039648	5.4323e-05	0.079799	supercritical
1085.4	301.00	99.131	0.010088	783.02	1086.7	6.2110	0.84478	1.1207	659.40	-0.039694	5.4352e-05	0.079851	supercritical
1086.4	301.00	99.044	0.010097	783.87	1087.8	6.2120	0.84490	1.1208	659.65	-0.039739	5.4382e-05	0.079902	supercritical
1087.4	301.00	98.957	0.010105	784.73	1088.9	6.2130	0.84502	1.1209	659.90	-0.039784	5.4411e-05	0.079954	supercritical
1088.4	301.00	98.870	0.010114	785.58	1090.0	6.2141	0.84514	1.1210	660.16	-0.039829	5.4440e-05	0.080005	supercritical
1089.4	301.00	98.783	0.010123	786.44	1091.1	6.2151	0.84526	1.1211	660.41	-0.039874	5.4470e-05	0.080057	supercritical
1090.4	301.00	98.697	0.010132	787.29	1092.3	6.2161	0.84538	1.1211	660.66	-0.039919	5.4499e-05	0.080109	supercritical
1091.4	301.00	98.610	0.010141	788.14	1093.4	6.2172	0.84550	1.1212	660.91	-0.039964	5.4528e-05	0.080160	supercritical
1092.4	301.00	98.524	0.010150	789.00	1094.5	6.2182	0.84561	1.1213	661.17	-0.040009	5.4557e-05	0.080212	supercritical
1093.4	301.00	98.438	0.010159	789.85	1095.6	6.2192	0.84573	1.1214	661.42	-0.040054	5.4587e-05	0.080263	supercritical
1094.4	301.00	98.352	0.010168	790.70	1096.7	6.2202	0.84585	1.1215	661.67	-0.040098	5.4616e-05	0.080315	supercritical
1095.4	301.00	98.266	0.010176	791.56	1097.9	6.2213	0.84597	1.1216	661.92	-0.040143	5.4645e-05	0.080366	supercritical
1096.4	301.00	98.180	0.010185	792.41	1099.0	6.2223	0.84609	1.1217	662.18	-0.040187	5.4674e-05	0.080418	supercritical
1097.4	301.00	98.095	0.010194	793.27	1100.1	6.2233	0.84621	1.1217	662.43	-0.040232	5.4703e-05	0.080469	supercritical
1098.4	301.00	98.009	0.010203	794.12	1101.2	6.2243	0.84633	1.1218	662.68	-0.040276	5.4733e-05	0.080521	supercritical
1099.4	301.00	97.924	0.010212	794.98	1102.4	6.2253	0.84645	1.1219	662.93	-0.040320	5.4762e-05	0.080572	supercritical
1100.4	301.00	97.839	0.010221	795.83	1103.5	6.2264	0.84656	1.1220	663.19	-0.040364	5.4791e-05	0.080624	supercritical
1101.4	301.00	97.754	0.010230	796.69	1104.6	6.2274	0.84668	1.1221	663.44	-0.040408	5.4820e-05	0.080675	supercritical
1102.4	301.00	97.670	0.010239	797.54	1105.7	6.2284	0.84680	1.1222	663.69	-0.040452	5.4849e-05	0.080727	supercritical
1103.4	301.00	97.585	0.010247	798.40	1106.8	6.2294	0.84692	1.1223	663.94	-0.040496	5.4878e-05	0.080778	supercritical
1104.4	301.00	97.501	0.010256	799.25	1108.0	6.2304	0.84703	1.1224	664.19	-0.040540	5.4908e-05	0.080830	supercritical
1105.4	301.00	97.416	0.010265	800.11	1109.1	6.2315	0.84715	1.1224	664.44	-0.040583	5.4937e-05	0.080881	supercritical
1106.4	301.00	97.332	0.010274	800.96	1110.2	6.2325	0.84727	1.1225	664.69	-0.040627	5.4966e-05	0.080933	supercritical
1107.4	301.00	97.248	0.010283	801.82	1111.3	6.2335	0.84738	1.1226	664.95	-0.040670	5.4995e-05	0.080984	supercritical
1108.4	301.00	97.164	0.010292	802.67	1112.5	6.2345	0.84750	1.1227	665.20	-0.040713	5.5024e-05	0.081036	supercritical
1109.4	301.00	97.081	0.010301	803.53	1113.6	6.2355	0.84762	1.1228	665.45	-0.040757	5.5053e-05	0.081087	supercritical
1110.4	301.00	96.997	0.010310	804.38	1114.7	6.2365	0.84773	1.1229	665.70	-0.040800	5.5082e-05	0.081139	supercritical
1111.4	301.00	96.914	0.010318	805.24	1115.8	6.2375	0.84785	1.1230	665.95	-0.040843	5.5111e-05	0.081190	supercritical
1112.4	301.00	96.830	0.010327	806.10	1116.9	6.2385	0.84797	1.1230	666.20	-0.040886	5.5140e-05	0.081242	supercritical
1113.4	301.00	96.747	0.010336	806.95	1118.1	6.2396	0.84808	1.1231	666.45	-0.040929	5.5169e-05	0.081293	supercritical
1114.4	301.00	96.664	0.010345	807.81	1119.2	6.2406	0.84820	1.1232	666.70	-0.040972	5.5199e-05	0.081344	supercritical
1115.4	301.00	96.581	0.010354	808.67	1120.3	6.2416	0.84831	1.1233	666.95	-0.041014	5.5228e-05	0.081396	supercritical
1116.4	301.00	96.499	0.010363	809.52	1121.4	6.2426	0.84843	1.1234	667.20	-0.041057	5.5257e-05	0.081447	supercritical
1117.4	301.00	96.416	0.010372	810.38	1122.6	6.2436	0.84854	1.1235	667.45	-0.041099	5.5286e-05	0.081499	supercritical
1118.4	301.00	96.334	0.010381	811.23	1123.7	6.2446	0.84866	1.1235	667.70	-0.041142	5.5315e-05	0.081550	supercritical
1119.4	301.00	96.252	0.010389	812.09	1124.8	6.2456	0.84877	1.1236	667.95	-0.041184	5.5344e-05	0.081601	supercritical
1120.4	301.00	96.170	0.010398	812.95	1125.9	6.2466	0.84889	1.1237	668.20	-0.041227	5.5373e-05	0.081653	supercritical
1121.4	301.00	96.088	0.010407	813.80	1127.1	6.2476	0.84900	1.1238	668.45	-0.041269	5.5402e-05	0.081704	supercritical
1122.4	301.00	96.006	0.010416	814.66	1128.2	6.2486	0.84911	1.1239	668.70	-0.041311	5.5431e-05	0.081756	supercritical
1123.4	301.00	95.924	0.010425	815.52	1129.3	6.2496	0.84923	1.1240	668.95	-0.041353	5.5460e-05	0.081807	supercritical
1124.4	301.00	95.843	0.010434	816.38	1130.4	6.2506	0.84934	1.1241	669.20	-0.041395	5.5489e-05	0.081858	supercritical
1125.4	301.00	95.761	0.010443	817.23	1131.6	6.2516	0.84946	1.1241	669.45	-0.041437	5.5518e-05	0.081910	supercritical
1126.4	301.00	95.680	0.010451	818.09	1132.7	6.2526	0.84957	1.1242	669.70	-0.041478	5.5547e-05	0.081961	supercritical
1127.4	301.00	95.599	0.010460	818.95	1133.8	6.2536	0.84968	1.1243	669.95	-0.041520	5.5576e-05	0.082012	supercritical
1128.4	301.00	95.518	0.010469	819.81	1134.9	6.2546	0.84980	1.1244	670.20	-0.041562	5.5605e-05	0.082064	supercritical
1129.4	301.00	95.437	0.010478	820.66	1136.1	6.2556	0.84991	1.1245	670.44	-0.041603	5.5634e-05	0.082115	supercritical
1130.4	301.00	95.357	0.010487	821.52	1137.2	6.2566	0.85002	1.1246	670.69	-0.041645	5.5662e-05	0.082166	supercritical
1131.4	301.00	95.276	0.010496	822.38	1138.3	6.2576	0.85014	1.1246	670.94	-0.041686	5.5691e-05	0.082218	supercritical
1132.4	301.00	95.196	0.010505	823.24	1139.4	6.2586	0.85025	1.1247	671.19	-0.041727	5.5720e-05	0.082269	supercritical
1133.4	301.00	95.115	0.010514	824.09	1140.6	6.2596	0.85036	1.1248	671.44	-0.041768	5.5749e-05	0.082320	supercritical
1134.4	301.00	95.035	0.010522	824.95	1141.7	6.2606	0.85047	1.1249	671.69	-0.041809	5.5778e-05	0.082372	supercritical
1135.4	301.00	94.955	0.010531	825.81	1142.8	6.2615	0.85058	1.1250	671.94	-0.041850	5.5807e-05	0.082423	supercritical
1136.4	301.00	94.876	0.010540	826.67	1143.9	6.2625	0.85070	1.1251	672.18	-0.041891	5.5836e-05	0.082474	supercritical
1137.4	301.00	94.796	0.010549	827.53	1145.1	6.2635	0.85081	1.1251	672.43	-0.041932	5.5865e-05	0.082526	supercritical
1138.4	301.00	94.716	0.010558	828.39	1146.2	6.2645	0.85092	1.1252	672.68	-0.041973	5.5894e-05	0.082577	supercritical
1139.4	301.00	94.637	0.010567	829.24	1147.3	6.2655	0.85103	1.1253	672.93	-0.042013	5.5922e-05	0.082628	supercritical
1140.4	301.00	94.558	0.010576	830.10	1148.4	6.2665	0.85114	1.1254	673.18	-0.042054	5.5951e-05	0.082680	supercritical
1141.4	301.00	94.478	0.010584	830.96	1149.6	6.2675	0.85125	1.1255	673.42	-0.042095	5.5980e-05	0.082731	supercritical
1142.4	301.00	94.399	0.010593	831.82	1150.7	6.2685	0.85137	1.1256	673.67	-0.042135	5.6009e-05	0.082782	supercritical
1143.4	301.00	94.321	0.010602	832.68	1151.8	6.2694	0.85148	1.1256	673.92	-0.042175	5.6038e-05	0.082833	supercritical
1144.4	301.00	94.242	0.010611	833.54	1152.9	6.2704	0.85159	1.1257	674.17	-0.042216	5.6067e-05	0.082885	supercritical
1145.4	301.00	94.163	0.010620	834.40	1154.1	6.2714	0.85170	1.1258	674.41	-0.042256	5.6095e-05	0.082936	supercritical
1146.4	301.00	94.085	0.010629	835.26	1155.2	6.2724	0.85181	1.1259	674.66	-0.042296	5.6124e-05	0.082987	supercritical
1147.4	301.00	94.006	0.010638	836.12	1156.3	6.2734	0.85192	1.1260	674.91	-0.042336	5.6153e-05	0.083038	supercritical
1148.4	301.00	93.928	0.010646	836.98	1157.4	6.2744	0.85203	1.1261	675.15	-0.042376	5.6182e-05	0.083090	supercritical
1149.4	301.00	93.850	0.010655	837.84	1158.6	6.2753	0.85214	1.1261	675.40	-0.042416	5.6211e-05	0.083141	supercritical
1150.4	301.00	93.772	0.010664	838.70	1159.7	6.2763	0.85225	1.1262	675.65	-0.042455	5.6239e-05	0.083192	supercritical
1151.4	301.00	93.694	0.010673	839.56	1160.8	6.2773	0.85236	1.1263	675.89	-0.042495	5.6268e-05	0.083243	supercritical
1152.4	301.00	93.617	0.010682	840.42	1161.9	6.2783	0.85247	1.1264	676.14	-0.042535	5.6297e-05	0.083294	supercritical
1153.4	301.00	93.539	0.010691	841.28	1163.1	6.2793	0.85258	1.1265	676.39	-0.042574	5.6326e-05	0.083346	supercritical
1154.4	301.00	93.462	0.010700	842.14	1164.2	6.2802	0.85269	1.1265	676.63	-0.042614	5.6354e-05	0.083397	supercritical
1155.4	301.00	93.385	0.010708	843.00	1165.3	6.2812	0.85279	1.1266	676.88	-0.042653	5.6383e-05	0.083448	supercritical
1156.4	301.00	93.308	0.010717	843.86	1166.4	6.2822	0.85290	1.1267	677.13	-0.042692	5.6412e-05	0.083499	supercritical
1157.4	301.00	93.231	0.010726	844.72	1167.6	6.2832	0.85301	1.1268	677.37	-0.042732	5.6441e-05	0.083550	supercritical
1158.4	301.00	93.154	0.010735	845.58	1168.7	6.2841	0.85312	1.1269	677.62	-0.042771	5.6469e-05	0.083602	supercritical
1159.4	301.00	93.077	0.010744	846.44	1169.8	6.2851	0.85323	1.1270	677.86	-0.042810	5.6498e-05	0.083653	supercritical
1160.4	301.00	93.000	0.010753	847.30	1171.0	6.2861	0.85334	1.1270	678.11	-0.042849	5.6527e-05	0.083704	supercritical
1161.4	301.00	92.924	0.010762	848.16	1172.1	6.2870	0.85345	1.1271	678.36	-0.042888	5.6555e-05	0.083755	supercritical
1162.4	301.00	92.847	0.010770	849.02	1173.2	6.2880	0.85355	1.1272	678.60	-0.042926	5.6584e-05	0.083806	supercritical
1163.4	301.00	92.771	0.010779	849.88	1174.3	6.2890	0.85366	1.1273	678.85	-0.042965	5.6613e-05	0.083857	supercritical
1164.4	301.00	92.695	0.010788	850.74	1175.5	6.2899	0.85377	1.1274	679.09	-0.043004	5.6641e-05	0.083908	supercritical
1165.4	301.00	92.619	0.010797	851.60	1176.6	6.2909	0.85388	1.1274	679.34	-0.043042	5.6670e-05	0.083960	supercritical
1166.4	301.00	92.543	0.010806	852.46	1177.7	6.2919	0.85398	1.1275	679.58	-0.043081	5.6699e-05	0.084011	supercritical
1167.4	301.00	92.468	0.010815	853.32	1178.8	6.2929	0.85409	1.1276	679.83	-0.043119	5.6727e-05	0.084062	supercritical
1168.4	301.00	92.392	0.010823	854.19	1180.0	6.2938	0.85420	1.1277	680.07	-0.043158	5.6756e-05	0.084113	supercritical
1169.4	301.00	92.317	0.010832	855.05	1181.1	6.2948	0.85431	1.1278	680.32	-0.043196	5.6785e-05	0.084164	supercritical
1170.4	301.00	92.241	0.010841	855.91	1182.2	6.2957	0.85441	1.1279	680.56	-0.043234	5.6813e-05	0.084215	supercritical
1171.4	301.00	92.166	0.010850	856.77	1183.4	6.2967	0.85452	1.1279	680.81	-0.043272	5.6842e-05	0.084266	supercritical
1172.4	301.00	92.091	0.010859	857.63	1184.5	6.2977	0.85463	1.1280	681.05	-0.043310	5.6870e-05	0.084317	supercritical
1173.4	301.00	92.016	0.010868	858.49	1185.6	6.2986	0.85473	1.1281	681.30	-0.043348	5.6899e-05	0.084368	supercritical
1174.4	301.00	91.941	0.010877	859.36	1186.7	6.2996	0.85484	1.1282	681.54	-0.043386	5.6928e-05	0.084420	supercritical
1175.4	301.00	91.866	0.010885	860.22	1187.9	6.3006	0.85495	1.1283	681.79	-0.043424	5.6956e-05	0.084471	supercritical
1176.4	301.00	91.792	0.010894	861.08	1189.0	6.3015	0.85505	1.1283	682.03	-0.043462	5.6985e-05	0.084522	supercritical
1177.4	301.00	91.717	0.010903	861.94	1190.1	6.3025	0.85516	1.1284	682.27	-0.043500	5.7013e-05	0.084573	supercritical
1178.4	301.00	91.643	0.010912	862.80	1191.3	6.3034	0.85526	1.1285	682.52	-0.043537	5.7042e-05	0.084624	supercritical
1179.4	301.00	91.569	0.010921	863.67	1192.4	6.3044	0.85537	1.1286	682.76	-0.043575	5.7071e-05	0.084675	supercritical
1180.4	301.00	91.495	0.010930	864.53	1193.5	6.3053	0.85547	1.1287	683.01	-0.043612	5.7099e-05	0.084726	supercritical
1181.4	301.00	91.421	0.010938	865.39	1194.6	6.3063	0.85558	1.1287	683.25	-0.043650	5.7128e-05	0.084777	supercritical
1182.4	301.00	91.347	0.010947	866.25	1195.8	6.3073	0.85568	1.1288	683.49	-0.043687	5.7156e-05	0.084828	supercritical
1183.4	301.00	91.273	0.010956	867.12	1196.9	6.3082	0.85579	1.1289	683.74	-0.043724	5.7185e-05	0.084879	supercritical
1184.4	301.00	91.200	0.010965	867.98	1198.0	6.3092	0.85589	1.1290	683.98	-0.043761	5.7213e-05	0.084930	supercritical
1185.4	301.00	91.126	0.010974	868.84	1199.2	6.3101	0.85600	1.1291	684.22	-0.043798	5.7242e-05	0.084981	supercritical
1186.4	301.00	91.053	0.010983	869.71	1200.3	6.3111	0.85610	1.1291	684.47	-0.043835	5.7270e-05	0.085032	supercritical
1187.4	301.00	90.980	0.010991	870.57	1201.4	6.3120	0.85621	1.1292	684.71	-0.043872	5.7299e-05	0.085083	supercritical
1188.4	301.00	90.907	0.011000	871.43	1202.5	6.3130	0.85631	1.1293	684.95	-0.043909	5.7327e-05	0.085134	supercritical
1189.4	301.00	90.834	0.011009	872.29	1203.7	6.3139	0.85642	1.1294	685.20	-0.043946	5.7356e-05	0.085185	supercritical
1190.4	301.00	90.761	0.011018	873.16	1204.8	6.3149	0.85652	1.1295	685.44	-0.043983	5.7384e-05	0.085236	supercritical
1191.4	301.00	90.688	0.011027	874.02	1205.9	6.3158	0.85663	1.1295	685.68	-0.044019	5.7413e-05	0.085287	supercritical
1192.4	301.00	90.615	0.011036	874.89	1207.1	6.3168	0.85673	1.1296	685.93	-0.044056	5.7441e-05	0.085338	supercritical
1193.4	301.00	90.543	0.011045	875.75	1208.2	6.3177	0.85683	1.1297	686.17	-0.044093	5.7469e-05	0.085389	supercritical
1194.4	301.00	90.470	0.011053	876.61	1209.3	6.3187	0.85694	1.1298	686.41	-0.044129	5.7498e-05	0.085440	supercritical
1195.4	301.00	90.398	0.011062	877.48	1210.4	6.3196	0.85704	1.1299	686.65	-0.044165	5.7526e-05	0.085491	supercritical
1196.4	301.00	90.326	0.011071	878.34	1211.6	6.3205	0.85714	1.1299	686.90	-0.044202	5.7555e-05	0.085542	supercritical
1197.4	301.00	90.254	0.011080	879.20	1212.7	6.3215	0.85725	1.1300	687.14	-0.044238	5.7583e-05	0.085593	supercritical
1198.4	301.00	90.182	0.011089	880.07	1213.8	6.3224	0.85735	1.1301	687.38	-0.044274	5.7612e-05	0.085644	supercritical
1199.4	301.00	90.110	0.011098	880.93	1215.0	6.3234	0.85745	1.1302	687.62	-0.044310	5.7640e-05	0.085695	supercritical
1200.4	301.00	90.039	0.011106	881.80	1216.1	6.3243	0.85756	1.1302	687.86	-0.044346	5.7668e-05	0.085746	supercritical
1201.4	301.00	89.967	0.011115	882.66	1217.2	6.3253	0.85766	1.1303	688.11	-0.044382	5.7697e-05	0.085797	supercritical
1202.4	301.00	89.895	0.011124	883.53	1218.4	6.3262	0.85776	1.1304	688.35	-0.044418	5.7725e-05	0.085848	supercritical
1203.4	301.00	89.824	0.011133	884.39	1219.5	6.3271	0.85786	1.1305	688.59	-0.044454	5.7754e-05	0.085899	supercritical
1204.4	301.00	89.753	0.011142	885.25	1220.6	6.3281	0.85797	1.1306	688.83	-0.044490	5.7782e-05	0.085949	supercritical
1205.4	301.00	89.682	0.011151	886.12	1221.8	6.3290	0.85807	1.1306	689.07	-0.044525	5.7810e-05	0.086000	supercritical
1206.4	301.00	89.611	0.011159	886.98	1222.9	6.3300	0.85817	1.1307	689.31	-0.044561	5.7839e-05	0.086051	supercritical
1207.4	301.00	89.540	0.011168	887.85	1224.0	6.3309	0.85827	1.1308	689.56	-0.044596	5.7867e-05	0.086102	supercritical
1208.4	301.00	89.469	0.011177	888.71	1225.1	6.3318	0.85837	1.1309	689.80	-0.044632	5.7895e-05	0.086153	supercritical
1209.4	301.00	89.399	0.011186	889.58	1226.3	6.3328	0.85848	1.1310	690.04	-0.044667	5.7924e-05	0.086204	supercritical
1210.4	301.00	89.328	0.011195	890.44	1227.4	6.3337	0.85858	1.1310	690.28	-0.044703	5.7952e-05	0.086255	supercritical
1211.4	301.00	89.258	0.011204	891.31	1228.5	6.3346	0.85868	1.1311	690.52	-0.044738	5.7980e-05	0.086306	supercritical
1212.4	301.00	89.187	0.011212	892.18	1229.7	6.3356	0.85878	1.1312	690.76	-0.044773	5.8009e-05	0.086357	supercritical
1213.4	301.00	89.117	0.011221	893.04	1230.8	6.3365	0.85888	1.1313	691.00	-0.044808	5.8037e-05	0.086407	supercritical
1214.4	301.00	89.047	0.011230	893.91	1231.9	6.3374	0.85898	1.1313	691.24	-0.044843	5.8065e-05	0.086458	supercritical
1215.4	301.00	88.977	0.011239	894.77	1233.1	6.3384	0.85908	1.1314	691.48	-0.044878	5.8093e-05	0.086509	supercritical
1216.4	301.00	88.907	0.011248	895.64	1234.2	6.3393	0.85918	1.1315	691.72	-0.044913	5.8122e-05	0.086560	supercritical
1217.4	301.00	88.838	0.011257	896.50	1235.3	6.3402	0.85929	1.1316	691.96	-0.044948	5.8150e-05	0.086611	supercritical
1218.4	301.00	88.768	0.011265	897.37	1236.5	6.3412	0.85939	1.1317	692.20	-0.044983	5.8178e-05	0.086662	supercritical
1219.4	301.00	88.698	0.011274	898.24	1237.6	6.3421	0.85949	1.1317	692.44	-0.045017	5.8207e-05	0.086713	supercritical
1220.4	301.00	88.629	0.011283	899.10	1238.7	6.3430	0.85959	1.1318	692.68	-0.045052	5.8235e-05	0.086763	supercritical
1221.4	301.00	88.560	0.011292	899.97	1239.9	6.3439	0.85969	1.1319	692.92	-0.045087	5.8263e-05	0.086814	supercritical
1222.4	301.00	88.491	0.011301	900.83	1241.0	6.3449	0.85979	1.1320	693.16	-0.045121	5.8291e-05	0.086865	supercritical
1223.4	301.00	88.421	0.011309	901.70	1242.1	6.3458	0.85989	1.1320	693.40	-0.045156	5.8319e-05	0.086916	supercritical
1224.4	301.00	88.353	0.011318	902.57	1243.2	6.3467	0.85999	1.1321	693.64	-0.045190	5.8348e-05	0.086967	supercritical
1225.4	301.00	88.284	0.011327	903.43	1244.4	6.3476	0.86009	1.1322	693.88	-0.045224	5.8376e-05	0.087017	supercritical
1226.4	301.00	88.215	0.011336	904.30	1245.5	6.3486	0.86019	1.1323	694.12	-0.045259	5.8404e-05	0.087068	supercritical
1227.4	301.00	88.146	0.011345	905.17	1246.6	6.3495	0.86029	1.1324	694.36	-0.045293	5.8432e-05	0.087119	supercritical
1228.4	301.00	88.078	0.011354	906.03	1247.8	6.3504	0.86039	1.1324	694.60	-0.045327	5.8461e-05	0.087170	supercritical
1229.4	301.00	88.009	0.011362	906.90	1248.9	6.3513	0.86049	1.1325	694.84	-0.045361	5.8489e-05	0.087221	supercritical
1230.4	301.00	87.941	0.011371	907.77	1250.0	6.3523	0.86058	1.1326	695.08	-0.045395	5.8517e-05	0.087271	supercritical
1231.4	301.00	87.873	0.011380	908.63	1251.2	6.3532	0.86068	1.1327	695.32	-0.045429	5.8545e-05	0.087322	supercritical
1232.4	301.00	87.805	0.011389	909.50	1252.3	6.3541	0.86078	1.1327	695.56	-0.045463	5.8573e-05	0.087373	supercritical
1233.4	301.00	87.737	0.011398	910.37	1253.4	6.3550	0.86088	1.1328	695.80	-0.045496	5.8601e-05	0.087424	supercritical
1234.4	301.00	87.669	0.011407	911.24	1254.6	6.3559	0.86098	1.1329	696.04	-0.045530	5.8630e-05	0.087474	supercritical
1235.4	301.00	87.601	0.011415	912.10	1255.7	6.3568	0.86108	1.1330	696.28	-0.045564	5.8658e-05	0.087525	supercritical
1236.4	301.00	87.534	0.011424	912.97	1256.8	6.3578	0.86118	1.1330	696.51	-0.045597	5.8686e-05	0.087576	supercritical
1237.4	301.00	87.466	0.011433	913.84	1258.0	6.3587	0.86128	1.1331	696.75	-0.045631	5.8714e-05	0.087627	supercritical
1238.4	301.00	87.399	0.011442	914.71	1259.1	6.3596	0.86137	1.1332	696.99	-0.045665	5.8742e-05	0.087677	supercritical
1239.4	301.00	87.331	0.011451	915.57	1260.2	6.3605	0.86147	1.1333	697.23	-0.045698	5.8770e-05	0.087728	supercritical
1240.4	301.00	87.264	0.011459	916.44	1261.4	6.3614	0.86157	1.1334	697.47	-0.045731	5.8798e-05	0.087779	supercritical
1241.4	301.00	87.197	0.011468	917.31	1262.5	6.3623	0.86167	1.1334	697.71	-0.045765	5.8826e-05	0.087829	supercritical
1242.4	301.00	87.130	0.011477	918.18	1263.6	6.3632	0.86177	1.1335	697.94	-0.045798	5.8854e-05	0.087880	supercritical
1243.4	301.00	87.063	0.011486	919.04	1264.8	6.3642	0.86186	1.1336	698.18	-0.045831	5.8883e-05	0.087931	supercritical
1244.4	301.00	86.996	0.011495	919.91	1265.9	6.3651	0.86196	1.1337	698.42	-0.045864	5.8911e-05	0.087982	supercritical
1245.4	301.00	86.930	0.011504	920.78	1267.0	6.3660	0.86206	1.1337	698.66	-0.045897	5.8939e-05	0.088032	supercritical
1246.4	301.00	86.863	0.011512	921.65	1268.2	6.3669	0.86216	1.1338	698.90	-0.045930	5.8967e-05	0.088083	supercritical
1247.4	301.00	86.796	0.011521	922.52	1269.3	6.3678	0.86225	1.1339	699.13	-0.045963	5.8995e-05	0.088134	supercritical
1248.4	301.00	86.730	0.011530	923.39	1270.4	6.3687	0.86235	1.1340	699.37	-0.045996	5.9023e-05	0.088184	supercritical
1249.4	301.00	86.664	0.011539	924.25	1271.6	6.3696	0.86245	1.1340	699.61	-0.046029	5.9051e-05	0.088235	supercritical
1250.4	301.00	86.598	0.011548	925.12	1272.7	6.3705	0.86255	1.1341	699.85	-0.046061	5.9079e-05	0.088286	supercritical
1251.4	301.00	86.532	0.011556	925.99	1273.8	6.3714	0.86264	1.1342	700.08	-0.046094	5.9107e-05	0.088336	supercritical
1252.4	301.00	86.466	0.011565	926.86	1275.0	6.3723	0.86274	1.1343	700.32	-0.046127	5.9135e-05	0.088387	supercritical
1253.4	301.00	86.400	0.011574	927.73	1276.1	6.3732	0.86284	1.1343	700.56	-0.046159	5.9163e-05	0.088438	supercritical
1254.4	301.00	86.334	0.011583	928.60	1277.2	6.3741	0.86293	1.1344	700.80	-0.046192	5.9191e-05	0.088488	supercritical
1255.4	301.00	86.268	0.011592	929.47	1278.4	6.3751	0.86303	1.1345	701.03	-0.046224	5.9219e-05	0.088539	supercritical
1256.4	301.00	86.203	0.011601	930.34	1279.5	6.3760	0.86313	1.1346	701.27	-0.046256	5.9247e-05	0.088590	supercritical
1257.4	301.00	86.137	0.011609	931.21	1280.6	6.3769	0.86322	1.1346	701.51	-0.046289	5.9275e-05	0.088640	supercritical
1258.4	301.00	86.072	0.011618	932.08	1281.8	6.3778	0.86332	1.1347	701.74	-0.046321	5.9303e-05	0.088691	supercritical
1259.4	301.00	86.007	0.011627	932.95	1282.9	6.3787	0.86341	1.1348	701.98	-0.046353	5.9331e-05	0.088741	supercritical
1260.4	301.00	85.941	0.011636	933.81	1284.1	6.3796	0.86351	1.1349	702.22	-0.046385	5.9359e-05	0.088792	supercritical
1261.4	301.00	85.876	0.011645	934.68	1285.2	6.3805	0.86361	1.1349	702.45	-0.046417	5.9387e-05	0.088843	supercritical
1262.4	301.00	85.811	0.011653	935.55	1286.3	6.3814	0.86370	1.1350	702.69	-0.046449	5.9415e-05	0.088893	supercritical
1263.4	301.00	85.747	0.011662	936.42	1287.5	6.3823	0.86380	1.1351	702.92	-0.046481	5.9443e-05	0.088944	supercritical
1264.4	301.00	85.682	0.011671	937.29	1288.6	6.3832	0.86389	1.1352	703.16	-0.046513	5.9471e-05	0.088994	supercritical
1265.4	301.00	85.617	0.011680	938.16	1289.7	6.3841	0.86399	1.1353	703.40	-0.046545	5.9499e-05	0.089045	supercritical
1266.4	301.00	85.553	0.011689	939.03	1290.9	6.3850	0.86408	1.1353	703.63	-0.046577	5.9527e-05	0.089096	supercritical
1267.4	301.00	85.488	0.011698	939.90	1292.0	6.3859	0.86418	1.1354	703.87	-0.046608	5.9555e-05	0.089146	supercritical
1268.4	301.00	85.424	0.011706	940.77	1293.1	6.3867	0.86427	1.1355	704.11	-0.046640	5.9583e-05	0.089197	supercritical
1269.4	301.00	85.360	0.011715	941.64	1294.3	6.3876	0.86437	1.1356	704.34	-0.046671	5.9610e-05	0.089247	supercritical
1270.4	301.00	85.295	0.011724	942.51	1295.4	6.3885	0.86446	1.1356	704.58	-0.046703	5.9638e-05	0.089298	supercritical
1271.4	301.00	85.231	0.011733	943.38	1296.5	6.3894	0.86456	1.1357	704.81	-0.046734	5.9666e-05	0.089348	supercritical
1272.4	301.00	85.167	0.011742	944.26	1297.7	6.3903	0.86465	1.1358	705.05	-0.046766	5.9694e-05	0.089399	supercritical
1273.4	301.00	85.104	0.011750	945.13	1298.8	6.3912	0.86475	1.1359	705.28	-0.046797	5.9722e-05	0.089449	supercritical
1274.4	301.00	85.040	0.011759	946.00	1299.9	6.3921	0.86484	1.1359	705.52	-0.046828	5.9750e-05	0.089500	supercritical
1275.4	301.00	84.976	0.011768	946.87	1301.1	6.3930	0.86494	1.1360	705.75	-0.046860	5.9778e-05	0.089551	supercritical
1276.4	301.00	84.913	0.011777	947.74	1302.2	6.3939	0.86503	1.1361	705.99	-0.046891	5.9806e-05	0.089601	supercritical
1277.4	301.00	84.849	0.011786	948.61	1303.4	6.3948	0.86512	1.1361	706.22	-0.046922	5.9834e-05	0.089652	supercritical
1278.4	301.00	84.786	0.011794	949.48	1304.5	6.3957	0.86522	1.1362	706.46	-0.046953	5.9861e-05	0.089702	supercritical
1279.4	301.00	84.722	0.011803	950.35	1305.6	6.3966	0.86531	1.1363	706.69	-0.046984	5.9889e-05	0.089753	supercritical
1280.4	301.00	84.659	0.011812	951.22	1306.8	6.3974	0.86541	1.1364	706.93	-0.047015	5.9917e-05	0.089803	supercritical
1281.4	301.00	84.596	0.011821	952.09	1307.9	6.3983	0.86550	1.1364	707.16	-0.047046	5.9945e-05	0.089854	supercritical
1282.4	301.00	84.533	0.011830	952.97	1309.0	6.3992	0.86559	1.1365	707.40	-0.047077	5.9973e-05	0.089904	supercritical
1283.4	301.00	84.470	0.011838	953.84	1310.2	6.4001	0.86569	1.1366	707.63	-0.047107	6.0001e-05	0.089955	supercritical
1284.4	301.00	84.408	0.011847	954.71	1311.3	6.4010	0.86578	1.1367	707.87	-0.047138	6.0028e-05	0.090005	supercritical
1285.4	301.00	84.345	0.011856	955.58	1312.4	6.4019	0.86588	1.1367	708.10	-0.047169	6.0056e-05	0.090056	supercritical
1286.4	301.00	84.282	0.011865	956.45	1313.6	6.4028	0.86597	1.1368	708.34	-0.047199	6.0084e-05	0.090106	supercritical
1287.4	301.00	84.220	0.011874	957.32	1314.7	6.4036	0.86606	1.1369	708.57	-0.047230	6.0112e-05	0.090156	supercritical
1288.4	301.00	84.157	0.011883	958.20	1315.9	6.4045	0.86615	1.1370	708.80	-0.047260	6.0140e-05	0.090207	supercritical
1289.4	301.00	84.095	0.011891	959.07	1317.0	6.4054	0.86625	1.1370	709.04	-0.047291	6.0167e-05	0.090257	supercritical
1290.4	301.00	84.033	0.011900	959.94	1318.1	6.4063	0.86634	1.1371	709.27	-0.047321	6.0195e-05	0.090308	supercritical
1291.4	301.00	83.971	0.011909	960.81	1319.3	6.4072	0.86643	1.1372	709.51	-0.047351	6.0223e-05	0.090358	supercritical
1292.4	301.00	83.909	0.011918	961.68	1320.4	6.4080	0.86653	1.1373	709.74	-0.047382	6.0251e-05	0.090409	supercritical
1293.4	301.00	83.847	0.011927	962.56	1321.5	6.4089	0.86662	1.1373	709.97	-0.047412	6.0278e-05	0.090459	supercritical
1294.4	301.00	83.785	0.011935	963.43	1322.7	6.4098	0.86671	1.1374	710.21	-0.047442	6.0306e-05	0.090510	supercritical
1295.4	301.00	83.723	0.011944	964.30	1323.8	6.4107	0.86680	1.1375	710.44	-0.047472	6.0334e-05	0.090560	supercritical
1296.4	301.00	83.661	0.011953	965.17	1325.0	6.4116	0.86690	1.1376	710.67	-0.047502	6.0362e-05	0.090610	supercritical
1297.4	301.00	83.600	0.011962	966.05	1326.1	6.4124	0.86699	1.1376	710.91	-0.047532	6.0389e-05	0.090661	supercritical
1298.4	301.00	83.538	0.011971	966.92	1327.2	6.4133	0.86708	1.1377	711.14	-0.047562	6.0417e-05	0.090711	supercritical
1299.4	301.00	83.477	0.011979	967.79	1328.4	6.4142	0.86717	1.1378	711.37	-0.047592	6.0445e-05	0.090762	supercritical
1300.4	301.00	83.416	0.011988	968.66	1329.5	6.4151	0.86727	1.1379	711.61	-0.047622	6.0472e-05	0.090812	supercritical
1301.4	301.00	83.354	0.011997	969.54	1330.6	6.4159	0.86736	1.1379	711.84	-0.047651	6.0500e-05	0.090862	supercritical
1302.4	301.00	83.293	0.012006	970.41	1331.8	6.4168	0.86745	1.1380	712.07	-0.047681	6.0528e-05	0.090913	supercritical
1303.4	301.00	83.232	0.012015	971.28	1332.9	6.4177	0.86754	1.1381	712.31	-0.047711	6.0556e-05	0.090963	supercritical
1304.4	301.00	83.171	0.012023	972.16	1334.1	6.4186	0.86763	1.1381	712.54	-0.047740	6.0583e-05	0.091014	supercritical
1305.4	301.00	83.111	0.012032	973.03	1335.2	6.4194	0.86772	1.1382	712.77	-0.047770	6.0611e-05	0.091064	supercritical
1306.4	301.00	83.050	0.012041	973.90	1336.3	6.4203	0.86782	1.1383	713.00	-0.047799	6.0639e-05	0.091114	supercritical
1307.4	301.00	82.989	0.012050	974.78	1337.5	6.4212	0.86791	1.1384	713.24	-0.047829	6.0666e-05	0.091165	supercritical
1308.4	301.00	82.929	0.012059	975.65	1338.6	6.4220	0.86800	1.1384	713.47	-0.047858	6.0694e-05	0.091215	supercritical
1309.4	301.00	82.868	0.012067	976.52	1339.8	6.4229	0.86809	1.1385	713.70	-0.047887	6.0722e-05	0.091265	supercritical
1310.4	301.00	82.808	0.012076	977.40	1340.9	6.4238	0.86818	1.1386	713.93	-0.047917	6.0749e-05	0.091316	supercritical
1311.4	301.00	82.747	0.012085	978.27	1342.0	6.4247	0.86827	1.1387	714.17	-0.047946	6.0777e-05	0.091366	supercritical
1312.4	301.00	82.687	0.012094	979.14	1343.2	6.4255	0.86836	1.1387	714.40	-0.047975	6.0804e-05	0.091416	supercritical
1313.4	301.00	82.627	0.012103	980.02	1344.3	6.4264	0.86845	1.1388	714.63	-0.048004	6.0832e-05	0.091467	supercritical
1314.4	301.00	82.567	0.012111	980.89	1345.4	6.4273	0.86855	1.1389	714.86	-0.048033	6.0860e-05	0.091517	supercritical
1315.4	301.00	82.507	0.012120	981.77	1346.6	6.4281	0.86864	1.1390	715.09	-0.048062	6.0887e-05	0.091567	supercritical
1316.4	301.00	82.447	0.012129	982.64	1347.7	6.4290	0.86873	1.1390	715.32	-0.048091	6.0915e-05	0.091618	supercritical
1317.4	301.00	82.388	0.012138	983.52	1348.9	6.4299	0.86882	1.1391	715.56	-0.048120	6.0942e-05	0.091668	supercritical
1318.4	301.00	82.328	0.012147	984.39	1350.0	6.4307	0.86891	1.1392	715.79	-0.048149	6.0970e-05	0.091718	supercritical
1319.4	301.00	82.268	0.012155	985.26	1351.1	6.4316	0.86900	1.1392	716.02	-0.048177	6.0998e-05	0.091769	supercritical
1320.4	301.00	82.209	0.012164	986.14	1352.3	6.4324	0.86909	1.1393	716.25	-0.048206	6.1025e-05	0.091819	supercritical
1321.4	301.00	82.149	0.012173	987.01	1353.4	6.4333	0.86918	1.1394	716.48	-0.048235	6.1053e-05	0.091869	supercritical
1322.4	301.00	82.090	0.012182	987.89	1354.6	6.4342	0.86927	1.1395	716.71	-0.048264	6.1080e-05	0.091920	supercritical
1323.4	301.00	82.031	0.012191	988.76	1355.7	6.4350	0.86936	1.1395	716.94	-0.048292	6.1108e-05	0.091970	supercritical
1324.4	301.00	81.972	0.012199	989.64	1356.8	6.4359	0.86945	1.1396	717.18	-0.048321	6.1136e-05	0.092020	supercritical
1325.4	301.00	81.913	0.012208	990.51	1358.0	6.4368	0.86954	1.1397	717.41	-0.048349	6.1163e-05	0.092070	supercritical
1326.4	301.00	81.854	0.012217	991.39	1359.1	6.4376	0.86963	1.1398	717.64	-0.048377	6.1191e-05	0.092121	supercritical
1327.4	301.00	81.795	0.012226	992.26	1360.3	6.4385	0.86972	1.1398	717.87	-0.048406	6.1218e-05	0.092171	supercritical
1328.4	301.00	81.736	0.012235	993.14	1361.4	6.4393	0.86981	1.1399	718.10	-0.048434	6.1246e-05	0.092221	supercritical
1329.4	301.00	81.677	0.012243	994.01	1362.5	6.4402	0.86990	1.1400	718.33	-0.048462	6.1273e-05	0.092271	supercritical
1330.4	301.00	81.619	0.012252	994.89	1363.7	6.4410	0.86999	1.1400	718.56	-0.048491	6.1301e-05	0.092322	supercritical
1331.4	301.00	81.560	0.012261	995.76	1364.8	6.4419	0.87008	1.1401	718.79	-0.048519	6.1328e-05	0.092372	supercritical
1332.4	301.00	81.502	0.012270	996.64	1366.0	6.4428	0.87017	1.1402	719.02	-0.048547	6.1356e-05	0.092422	supercritical
1333.4	301.00	81.443	0.012278	997.51	1367.1	6.4436	0.87026	1.1403	719.25	-0.048575	6.1383e-05	0.092472	supercritical
1334.4	301.00	81.385	0.012287	998.39	1368.2	6.4445	0.87035	1.1403	719.48	-0.048603	6.1411e-05	0.092523	supercritical
1335.4	301.00	81.327	0.012296	999.27	1369.4	6.4453	0.87043	1.1404	719.71	-0.048631	6.1438e-05	0.092573	supercritical
1336.4	301.00	81.269	0.012305	1000.1	1370.5	6.4462	0.87052	1.1405	719.94	-0.048659	6.1466e-05	0.092623	supercritical
1337.4	301.00	81.211	0.012314	1001.0	1371.7	6.4470	0.87061	1.1405	720.17	-0.048687	6.1493e-05	0.092673	supercritical
1338.4	301.00	81.153	0.012322	1001.9	1372.8	6.4479	0.87070	1.1406	720.40	-0.048714	6.1521e-05	0.092723	supercritical
1339.4	301.00	81.095	0.012331	1002.8	1373.9	6.4487	0.87079	1.1407	720.63	-0.048742	6.1548e-05	0.092774	supercritical
1340.4	301.00	81.037	0.012340	1003.6	1375.1	6.4496	0.87088	1.1408	720.86	-0.048770	6.1576e-05	0.092824	supercritical
1341.4	301.00	80.979	0.012349	1004.5	1376.2	6.4504	0.87097	1.1408	721.09	-0.048798	6.1603e-05	0.092874	supercritical
1342.4	301.00	80.922	0.012358	1005.4	1377.4	6.4513	0.87106	1.1409	721.32	-0.048825	6.1630e-05	0.092924	supercritical
1343.4	301.00	80.864	0.012366	1006.3	1378.5	6.4521	0.87114	1.1410	721.55	-0.048853	6.1658e-05	0.092974	supercritical
1344.4	301.00	80.807	0.012375	1007.2	1379.6	6.4530	0.87123	1.1410	721.78	-0.048880	6.1685e-05	0.093025	supercritical
1345.4	301.00	80.749	0.012384	1008.0	1380.8	6.4538	0.87132	1.1411	722.01	-0.048908	6.1713e-05	0.093075	supercritical
1346.4	301.00	80.692	0.012393	1008.9	1381.9	6.4547	0.87141	1.1412	722.24	-0.048935	6.1740e-05	0.093125	supercritical
1347.4	301.00	80.635	0.012402	1009.8	1383.1	6.4555	0.87150	1.1413	722.47	-0.048962	6.1768e-05	0.093175	supercritical
1348.4	301.00	80.578	0.012410	1010.7	1384.2	6.4564	0.87159	1.1413	722.70	-0.048990	6.1795e-05	0.093225	supercritical
1349.4	301.00	80.521	0.012419	1011.5	1385.4	6.4572	0.87167	1.1414	722.93	-0.049017	6.1822e-05	0.093275	supercritical
1350.4	301.00	80.464	0.012428	1012.4	1386.5	6.4581	0.87176	1.1415	723.16	-0.049044	6.1850e-05	0.093325	supercritical
1351.4	301.00	80.407	0.012437	1013.3	1387.6	6.4589	0.87185	1.1416	723.38	-0.049071	6.1877e-05	0.093376	supercritical
1352.4	301.00	80.350	0.012446	1014.2	1388.8	6.4598	0.87194	1.1416	723.61	-0.049099	6.1905e-05	0.093426	supercritical
1353.4	301.00	80.294	0.012454	1015.0	1389.9	6.4606	0.87203	1.1417	723.84	-0.049126	6.1932e-05	0.093476	supercritical
1354.4	301.00	80.237	0.012463	1015.9	1391.1	6.4614	0.87211	1.1418	724.07	-0.049153	6.1959e-05	0.093526	supercritical
1355.4	301.00	80.180	0.012472	1016.8	1392.2	6.4623	0.87220	1.1418	724.30	-0.049180	6.1987e-05	0.093576	supercritical
1356.4	301.00	80.124	0.012481	1017.7	1393.3	6.4631	0.87229	1.1419	724.53	-0.049206	6.2014e-05	0.093626	supercritical
1357.4	301.00	80.068	0.012489	1018.6	1394.5	6.4640	0.87238	1.1420	724.76	-0.049233	6.2041e-05	0.093676	supercritical
1358.4	301.00	80.011	0.012498	1019.4	1395.6	6.4648	0.87246	1.1421	724.98	-0.049260	6.2069e-05	0.093726	supercritical
1359.4	301.00	79.955	0.012507	1020.3	1396.8	6.4657	0.87255	1.1421	725.21	-0.049287	6.2096e-05	0.093777	supercritical
1360.4	301.00	79.899	0.012516	1021.2	1397.9	6.4665	0.87264	1.1422	725.44	-0.049314	6.2123e-05	0.093827	supercritical
1361.4	301.00	79.843	0.012525	1022.1	1399.1	6.4673	0.87273	1.1423	725.67	-0.049340	6.2151e-05	0.093877	supercritical
1362.4	301.00	79.787	0.012533	1022.9	1400.2	6.4682	0.87281	1.1423	725.90	-0.049367	6.2178e-05	0.093927	supercritical
1363.4	301.00	79.731	0.012542	1023.8	1401.3	6.4690	0.87290	1.1424	726.12	-0.049394	6.2205e-05	0.093977	supercritical
1364.4	301.00	79.675	0.012551	1024.7	1402.5	6.4698	0.87299	1.1425	726.35	-0.049420	6.2233e-05	0.094027	supercritical
1365.4	301.00	79.619	0.012560	1025.6	1403.6	6.4707	0.87307	1.1425	726.58	-0.049447	6.2260e-05	0.094077	supercritical
1366.4	301.00	79.564	0.012569	1026.5	1404.8	6.4715	0.87316	1.1426	726.81	-0.049473	6.2287e-05	0.094127	supercritical
1367.4	301.00	79.508	0.012577	1027.3	1405.9	6.4724	0.87325	1.1427	727.04	-0.049499	6.2315e-05	0.094177	supercritical
1368.4	301.00	79.453	0.012586	1028.2	1407.0	6.4732	0.87333	1.1428	727.26	-0.049526	6.2342e-05	0.094227	supercritical
1369.4	301.00	79.397	0.012595	1029.1	1408.2	6.4740	0.87342	1.1428	727.49	-0.049552	6.2369e-05	0.094277	supercritical
1370.4	301.00	79.342	0.012604	1030.0	1409.3	6.4749	0.87351	1.1429	727.72	-0.049578	6.2396e-05	0.094327	supercritical
1371.4	301.00	79.287	0.012612	1030.8	1410.5	6.4757	0.87359	1.1430	727.95	-0.049604	6.2424e-05	0.094377	supercritical
1372.4	301.00	79.232	0.012621	1031.7	1411.6	6.4765	0.87368	1.1430	728.17	-0.049631	6.2451e-05	0.094427	supercritical
1373.4	301.00	79.176	0.012630	1032.6	1412.8	6.4774	0.87377	1.1431	728.40	-0.049657	6.2478e-05	0.094477	supercritical
1374.4	301.00	79.121	0.012639	1033.5	1413.9	6.4782	0.87385	1.1432	728.63	-0.049683	6.2505e-05	0.094527	supercritical
1375.4	301.00	79.067	0.012648	1034.4	1415.1	6.4790	0.87394	1.1433	728.85	-0.049709	6.2533e-05	0.094577	supercritical
1376.4	301.00	79.012	0.012656	1035.2	1416.2	6.4799	0.87402	1.1433	729.08	-0.049735	6.2560e-05	0.094627	supercritical
1377.4	301.00	78.957	0.012665	1036.1	1417.3	6.4807	0.87411	1.1434	729.31	-0.049761	6.2587e-05	0.094677	supercritical
1378.4	301.00	78.902	0.012674	1037.0	1418.5	6.4815	0.87420	1.1435	729.53	-0.049787	6.2614e-05	0.094727	supercritical
1379.4	301.00	78.848	0.012683	1037.9	1419.6	6.4823	0.87428	1.1435	729.76	-0.049812	6.2642e-05	0.094777	supercritical
1380.4	301.00	78.793	0.012691	1038.8	1420.8	6.4832	0.87437	1.1436	729.99	-0.049838	6.2669e-05	0.094827	supercritical
1381.4	301.00	78.738	0.012700	1039.6	1421.9	6.4840	0.87445	1.1437	730.21	-0.049864	6.2696e-05	0.094877	supercritical
1382.4	301.00	78.684	0.012709	1040.5	1423.1	6.4848	0.87454	1.1438	730.44	-0.049890	6.2723e-05	0.094927	supercritical
1383.4	301.00	78.630	0.012718	1041.4	1424.2	6.4857	0.87463	1.1438	730.67	-0.049915	6.2750e-05	0.094977	supercritical
1384.4	301.00	78.576	0.012727	1042.3	1425.3	6.4865	0.87471	1.1439	730.89	-0.049941	6.2778e-05	0.095027	supercritical
1385.4	301.00	78.521	0.012735	1043.2	1426.5	6.4873	0.87480	1.1440	731.12	-0.049966	6.2805e-05	0.095077	supercritical
1386.4	301.00	78.467	0.012744	1044.0	1427.6	6.4881	0.87488	1.1440	731.34	-0.049992	6.2832e-05	0.095127	supercritical
1387.4	301.00	78.413	0.012753	1044.9	1428.8	6.4890	0.87497	1.1441	731.57	-0.050017	6.2859e-05	0.095177	supercritical
1388.4	301.00	78.359	0.012762	1045.8	1429.9	6.4898	0.87505	1.1442	731.80	-0.050043	6.2886e-05	0.095227	supercritical
1389.4	301.00	78.305	0.012771	1046.7	1431.1	6.4906	0.87514	1.1442	732.02	-0.050068	6.2914e-05	0.095277	supercritical
1390.4	301.00	78.252	0.012779	1047.6	1432.2	6.4914	0.87522	1.1443	732.25	-0.050093	6.2941e-05	0.095327	supercritical
1391.4	301.00	78.198	0.012788	1048.4	1433.4	6.4923	0.87531	1.1444	732.47	-0.050119	6.2968e-05	0.095377	supercritical
1392.4	301.00	78.144	0.012797	1049.3	1434.5	6.4931	0.87539	1.1445	732.70	-0.050144	6.2995e-05	0.095427	supercritical
1393.4	301.00	78.091	0.012806	1050.2	1435.6	6.4939	0.87548	1.1445	732.93	-0.050169	6.3022e-05	0.095477	supercritical
1394.4	301.00	78.037	0.012814	1051.1	1436.8	6.4947	0.87556	1.1446	733.15	-0.050194	6.3049e-05	0.095527	supercritical
1395.4	301.00	77.984	0.012823	1052.0	1437.9	6.4955	0.87565	1.1447	733.38	-0.050219	6.3076e-05	0.095577	supercritical
1396.4	301.00	77.930	0.012832	1052.8	1439.1	6.4964	0.87573	1.1447	733.60	-0.050244	6.3104e-05	0.095627	supercritical
1397.4	301.00	77.877	0.012841	1053.7	1440.2	6.4972	0.87582	1.1448	733.83	-0.050270	6.3131e-05	0.095677	supercritical
1398.4	301.00	77.824	0.012850	1054.6	1441.4	6.4980	0.87590	1.1449	734.05	-0.050294	6.3158e-05	0.095727	supercritical
1399.4	301.00	77.771	0.012858	1055.5	1442.5	6.4988	0.87599	1.1449	734.28	-0.050319	6.3185e-05	0.095776	supercritical
1400.4	301.00	77.718	0.012867	1056.4	1443.7	6.4996	0.87607	1.1450	734.50	-0.050344	6.3212e-05	0.095826	supercritical
1401.4	301.00	77.665	0.012876	1057.2	1444.8	6.5005	0.87616	1.1451	734.73	-0.050369	6.3239e-05	0.095876	supercritical
1402.4	301.00	77.612	0.012885	1058.1	1445.9	6.5013	0.87624	1.1452	734.95	-0.050394	6.3266e-05	0.095926	supercritical
1403.4	301.00	77.559	0.012893	1059.0	1447.1	6.5021	0.87633	1.1452	735.18	-0.050419	6.3293e-05	0.095976	supercritical
1404.4	301.00	77.506	0.012902	1059.9	1448.2	6.5029	0.87641	1.1453	735.40	-0.050443	6.3320e-05	0.096026	supercritical
1405.4	301.00	77.454	0.012911	1060.8	1449.4	6.5037	0.87650	1.1454	735.63	-0.050468	6.3347e-05	0.096076	supercritical
1406.4	301.00	77.401	0.012920	1061.6	1450.5	6.5045	0.87658	1.1454	735.85	-0.050493	6.3374e-05	0.096126	supercritical
1407.4	301.00	77.348	0.012928	1062.5	1451.7	6.5053	0.87666	1.1455	736.07	-0.050517	6.3402e-05	0.096175	supercritical
1408.4	301.00	77.296	0.012937	1063.4	1452.8	6.5062	0.87675	1.1456	736.30	-0.050542	6.3429e-05	0.096225	supercritical
1409.4	301.00	77.244	0.012946	1064.3	1454.0	6.5070	0.87683	1.1456	736.52	-0.050566	6.3456e-05	0.096275	supercritical
1410.4	301.00	77.191	0.012955	1065.2	1455.1	6.5078	0.87692	1.1457	736.75	-0.050591	6.3483e-05	0.096325	supercritical
1411.4	301.00	77.139	0.012964	1066.0	1456.3	6.5086	0.87700	1.1458	736.97	-0.050615	6.3510e-05	0.096375	supercritical
1412.4	301.00	77.087	0.012972	1066.9	1457.4	6.5094	0.87708	1.1459	737.20	-0.050639	6.3537e-05	0.096425	supercritical
1413.4	301.00	77.035	0.012981	1067.8	1458.5	6.5102	0.87717	1.1459	737.42	-0.050664	6.3564e-05	0.096475	supercritical
1414.4	301.00	76.983	0.012990	1068.7	1459.7	6.5110	0.87725	1.1460	737.64	-0.050688	6.3591e-05	0.096524	supercritical
1415.4	301.00	76.931	0.012999	1069.6	1460.8	6.5118	0.87734	1.1461	737.87	-0.050712	6.3618e-05	0.096574	supercritical
1416.4	301.00	76.879	0.013007	1070.5	1462.0	6.5126	0.87742	1.1461	738.09	-0.050737	6.3645e-05	0.096624	supercritical
1417.4	301.00	76.827	0.013016	1071.3	1463.1	6.5135	0.87750	1.1462	738.32	-0.050761	6.3672e-05	0.096674	supercritical
1418.4	301.00	76.775	0.013025	1072.2	1464.3	6.5143	0.87759	1.1463	738.54	-0.050785	6.3699e-05	0.096724	supercritical
1419.4	301.00	76.724	0.013034	1073.1	1465.4	6.5151	0.87767	1.1463	738.76	-0.050809	6.3726e-05	0.096773	supercritical
1420.4	301.00	76.672	0.013043	1074.0	1466.6	6.5159	0.87775	1.1464	738.99	-0.050833	6.3753e-05	0.096823	supercritical
1421.4	301.00	76.621	0.013051	1074.9	1467.7	6.5167	0.87784	1.1465	739.21	-0.050857	6.3780e-05	0.096873	supercritical
1422.4	301.00	76.569	0.013060	1075.8	1468.9	6.5175	0.87792	1.1466	739.43	-0.050881	6.3807e-05	0.096923	supercritical
1423.4	301.00	76.518	0.013069	1076.6	1470.0	6.5183	0.87800	1.1466	739.66	-0.050905	6.3834e-05	0.096973	supercritical
1424.4	301.00	76.466	0.013078	1077.5	1471.2	6.5191	0.87809	1.1467	739.88	-0.050929	6.3861e-05	0.097022	supercritical
1425.4	301.00	76.415	0.013086	1078.4	1472.3	6.5199	0.87817	1.1468	740.10	-0.050952	6.3888e-05	0.097072	supercritical
1426.4	301.00	76.364	0.013095	1079.3	1473.4	6.5207	0.87825	1.1468	740.33	-0.050976	6.3915e-05	0.097122	supercritical
1427.4	301.00	76.313	0.013104	1080.2	1474.6	6.5215	0.87834	1.1469	740.55	-0.051000	6.3942e-05	0.097172	supercritical
1428.4	301.00	76.262	0.013113	1081.0	1475.7	6.5223	0.87842	1.1470	740.77	-0.051024	6.3969e-05	0.097222	supercritical
1429.4	301.00	76.211	0.013121	1081.9	1476.9	6.5231	0.87850	1.1470	740.99	-0.051047	6.3996e-05	0.097271	supercritical
1430.4	301.00	76.160	0.013130	1082.8	1478.0	6.5239	0.87858	1.1471	741.22	-0.051071	6.4022e-05	0.097321	supercritical
1431.4	301.00	76.109	0.013139	1083.7	1479.2	6.5247	0.87867	1.1472	741.44	-0.051094	6.4049e-05	0.097371	supercritical
1432.4	301.00	76.058	0.013148	1084.6	1480.3	6.5255	0.87875	1.1472	741.66	-0.051118	6.4076e-05	0.097421	supercritical
1433.4	301.00	76.008	0.013157	1085.5	1481.5	6.5263	0.87883	1.1473	741.88	-0.051141	6.4103e-05	0.097470	supercritical
1434.4	301.00	75.957	0.013165	1086.3	1482.6	6.5271	0.87892	1.1474	742.11	-0.051165	6.4130e-05	0.097520	supercritical
1435.4	301.00	75.906	0.013174	1087.2	1483.8	6.5279	0.87900	1.1475	742.33	-0.051188	6.4157e-05	0.097570	supercritical
1436.4	301.00	75.856	0.013183	1088.1	1484.9	6.5287	0.87908	1.1475	742.55	-0.051212	6.4184e-05	0.097620	supercritical
1437.4	301.00	75.805	0.013192	1089.0	1486.1	6.5295	0.87916	1.1476	742.77	-0.051235	6.4211e-05	0.097669	supercritical
1438.4	301.00	75.755	0.013200	1089.9	1487.2	6.5303	0.87925	1.1477	743.00	-0.051258	6.4238e-05	0.097719	supercritical
1439.4	301.00	75.705	0.013209	1090.8	1488.4	6.5311	0.87933	1.1477	743.22	-0.051281	6.4265e-05	0.097769	supercritical
1440.4	301.00	75.655	0.013218	1091.7	1489.5	6.5319	0.87941	1.1478	743.44	-0.051305	6.4292e-05	0.097818	supercritical
1441.4	301.00	75.604	0.013227	1092.5	1490.7	6.5327	0.87949	1.1479	743.66	-0.051328	6.4318e-05	0.097868	supercritical
1442.4	301.00	75.554	0.013235	1093.4	1491.8	6.5335	0.87957	1.1479	743.88	-0.051351	6.4345e-05	0.097918	supercritical
1443.4	301.00	75.504	0.013244	1094.3	1493.0	6.5343	0.87966	1.1480	744.11	-0.051374	6.4372e-05	0.097967	supercritical
1444.4	301.00	75.454	0.013253	1095.2	1494.1	6.5351	0.87974	1.1481	744.33	-0.051397	6.4399e-05	0.098017	supercritical
1445.4	301.00	75.405	0.013262	1096.1	1495.3	6.5359	0.87982	1.1481	744.55	-0.051420	6.4426e-05	0.098067	supercritical
1446.4	301.00	75.355	0.013271	1097.0	1496.4	6.5367	0.87990	1.1482	744.77	-0.051443	6.4453e-05	0.098117	supercritical
1447.4	301.00	75.305	0.013279	1097.8	1497.5	6.5375	0.87999	1.1483	744.99	-0.051466	6.4480e-05	0.098166	supercritical
1448.4	301.00	75.255	0.013288	1098.7	1498.7	6.5383	0.88007	1.1483	745.21	-0.051489	6.4506e-05	0.098216	supercritical
1449.4	301.00	75.206	0.013297	1099.6	1499.8	6.5391	0.88015	1.1484	745.43	-0.051512	6.4533e-05	0.098266	supercritical
1450.4	301.00	75.156	0.013306	1100.5	1501.0	6.5399	0.88023	1.1485	745.66	-0.051534	6.4560e-05	0.098315	supercritical
1451.4	301.00	75.107	0.013314	1101.4	1502.1	6.5407	0.88031	1.1486	745.88	-0.051557	6.4587e-05	0.098365	supercritical
1452.4	301.00	75.057	0.013323	1102.3	1503.3	6.5414	0.88039	1.1486	746.10	-0.051580	6.4614e-05	0.098415	supercritical
1453.4	301.00	75.008	0.013332	1103.1	1504.4	6.5422	0.88048	1.1487	746.32	-0.051603	6.4641e-05	0.098464	supercritical
1454.4	301.00	74.959	0.013341	1104.0	1505.6	6.5430	0.88056	1.1488	746.54	-0.051625	6.4667e-05	0.098514	supercritical
1455.4	301.00	74.909	0.013349	1104.9	1506.7	6.5438	0.88064	1.1488	746.76	-0.051648	6.4694e-05	0.098563	supercritical
1456.4	301.00	74.860	0.013358	1105.8	1507.9	6.5446	0.88072	1.1489	746.98	-0.051670	6.4721e-05	0.098613	supercritical
1457.4	301.00	74.811	0.013367	1106.7	1509.0	6.5454	0.88080	1.1490	747.20	-0.051693	6.4748e-05	0.098663	supercritical
1458.4	301.00	74.762	0.013376	1107.6	1510.2	6.5462	0.88088	1.1490	747.42	-0.051715	6.4774e-05	0.098712	supercritical
1459.4	301.00	74.713	0.013385	1108.5	1511.3	6.5470	0.88097	1.1491	747.64	-0.051738	6.4801e-05	0.098762	supercritical
1460.4	301.00	74.664	0.013393	1109.3	1512.5	6.5478	0.88105	1.1492	747.86	-0.051760	6.4828e-05	0.098812	supercritical
1461.4	301.00	74.615	0.013402	1110.2	1513.6	6.5485	0.88113	1.1492	748.08	-0.051783	6.4855e-05	0.098861	supercritical
1462.4	301.00	74.567	0.013411	1111.1	1514.8	6.5493	0.88121	1.1493	748.30	-0.051805	6.4882e-05	0.098911	supercritical
1463.4	301.00	74.518	0.013420	1112.0	1515.9	6.5501	0.88129	1.1494	748.52	-0.051827	6.4908e-05	0.098960	supercritical
1464.4	301.00	74.469	0.013428	1112.9	1517.1	6.5509	0.88137	1.1494	748.75	-0.051849	6.4935e-05	0.099010	supercritical
1465.4	301.00	74.421	0.013437	1113.8	1518.2	6.5517	0.88145	1.1495	748.97	-0.051872	6.4962e-05	0.099060	supercritical
1466.4	301.00	74.372	0.013446	1114.7	1519.4	6.5525	0.88153	1.1496	749.19	-0.051894	6.4989e-05	0.099109	supercritical
1467.4	301.00	74.324	0.013455	1115.5	1520.5	6.5533	0.88162	1.1497	749.41	-0.051916	6.5015e-05	0.099159	supercritical
1468.4	301.00	74.276	0.013463	1116.4	1521.7	6.5540	0.88170	1.1497	749.63	-0.051938	6.5042e-05	0.099208	supercritical
1469.4	301.00	74.227	0.013472	1117.3	1522.8	6.5548	0.88178	1.1498	749.84	-0.051960	6.5069e-05	0.099258	supercritical
1470.4	301.00	74.179	0.013481	1118.2	1524.0	6.5556	0.88186	1.1499	750.06	-0.051982	6.5096e-05	0.099308	supercritical
1471.4	301.00	74.131	0.013490	1119.1	1525.1	6.5564	0.88194	1.1499	750.28	-0.052004	6.5122e-05	0.099357	supercritical
1472.4	301.00	74.083	0.013498	1120.0	1526.3	6.5572	0.88202	1.1500	750.50	-0.052026	6.5149e-05	0.099407	supercritical
1473.4	301.00	74.035	0.013507	1120.9	1527.4	6.5579	0.88210	1.1501	750.72	-0.052048	6.5176e-05	0.099456	supercritical
1474.4	301.00	73.987	0.013516	1121.7	1528.6	6.5587	0.88218	1.1501	750.94	-0.052070	6.5202e-05	0.099506	supercritical
1475.4	301.00	73.939	0.013525	1122.6	1529.7	6.5595	0.88226	1.1502	751.16	-0.052092	6.5229e-05	0.099555	supercritical
1476.4	301.00	73.891	0.013533	1123.5	1530.9	6.5603	0.88234	1.1503	751.38	-0.052113	6.5256e-05	0.099605	supercritical
1477.4	301.00	73.843	0.013542	1124.4	1532.0	6.5611	0.88242	1.1503	751.60	-0.052135	6.5282e-05	0.099654	supercritical
1478.4	301.00	73.795	0.013551	1125.3	1533.2	6.5618	0.88250	1.1504	751.82	-0.052157	6.5309e-05	0.099704	supercritical
1479.4	301.00	73.748	0.013560	1126.2	1534.3	6.5626	0.88258	1.1505	752.04	-0.052179	6.5336e-05	0.099753	supercritical
1480.4	301.00	73.700	0.013569	1127.1	1535.5	6.5634	0.88266	1.1505	752.26	-0.052200	6.5362e-05	0.099803	supercritical
1481.4	301.00	73.652	0.013577	1128.0	1536.6	6.5642	0.88275	1.1506	752.48	-0.052222	6.5389e-05	0.099853	supercritical
1482.4	301.00	73.605	0.013586	1128.8	1537.8	6.5650	0.88283	1.1507	752.70	-0.052243	6.5416e-05	0.099902	supercritical
1483.4	301.00	73.558	0.013595	1129.7	1538.9	6.5657	0.88291	1.1507	752.92	-0.052265	6.5442e-05	0.099952	supercritical
1484.4	301.00	73.510	0.013604	1130.6	1540.1	6.5665	0.88299	1.1508	753.13	-0.052286	6.5469e-05	0.10000	supercritical
1485.4	301.00	73.463	0.013612	1131.5	1541.2	6.5673	0.88307	1.1509	753.35	-0.052308	6.5496e-05	0.10005	supercritical
1486.4	301.00	73.416	0.013621	1132.4	1542.4	6.5681	0.88315	1.1510	753.57	-0.052329	6.5522e-05	0.10010	supercritical
1487.4	301.00	73.368	0.013630	1133.3	1543.5	6.5688	0.88323	1.1510	753.79	-0.052351	6.5549e-05	0.10015	supercritical
1488.4	301.00	73.321	0.013639	1134.2	1544.7	6.5696	0.88331	1.1511	754.01	-0.052372	6.5576e-05	0.10020	supercritical
1489.4	301.00	73.274	0.013647	1135.1	1545.8	6.5704	0.88339	1.1512	754.23	-0.052393	6.5602e-05	0.10025	supercritical
1490.4	301.00	73.227	0.013656	1135.9	1547.0	6.5711	0.88347	1.1512	754.44	-0.052415	6.5629e-05	0.10030	supercritical
1491.4	301.00	73.180	0.013665	1136.8	1548.1	6.5719	0.88355	1.1513	754.66	-0.052436	6.5656e-05	0.10035	supercritical
1492.4	301.00	73.134	0.013674	1137.7	1549.3	6.5727	0.88363	1.1514	754.88	-0.052457	6.5682e-05	0.10040	supercritical
1493.4	301.00	73.087	0.013682	1138.6	1550.4	6.5735	0.88371	1.1514	755.10	-0.052478	6.5709e-05	0.10045	supercritical
1494.4	301.00	73.040	0.013691	1139.5	1551.6	6.5742	0.88379	1.1515	755.32	-0.052499	6.5735e-05	0.10050	supercritical
1495.4	301.00	72.993	0.013700	1140.4	1552.7	6.5750	0.88387	1.1516	755.54	-0.052520	6.5762e-05	0.10055	supercritical
1496.4	301.00	72.947	0.013709	1141.3	1553.9	6.5758	0.88395	1.1516	755.75	-0.052542	6.5789e-05	0.10059	supercritical
1497.4	301.00	72.900	0.013717	1142.2	1555.0	6.5765	0.88403	1.1517	755.97	-0.052563	6.5815e-05	0.10064	supercritical
1498.4	301.00	72.854	0.013726	1143.0	1556.2	6.5773	0.88411	1.1518	756.19	-0.052584	6.5842e-05	0.10069	supercritical
1499.4	301.00	72.807	0.013735	1143.9	1557.4	6.5781	0.88419	1.1518	756.41	-0.052604	6.5868e-05	0.10074	supercritical
1500.4	301.00	72.761	0.013744	1144.8	1558.5	6.5788	0.88426	1.1519	756.62	-0.052625	6.5895e-05	0.10079	supercritical
1501.4	301.00	72.714	0.013752	1145.7	1559.7	6.5796	0.88434	1.1520	756.84	-0.052646	6.5921e-05	0.10084	supercritical
1502.4	301.00	72.668	0.013761	1146.6	1560.8	6.5804	0.88442	1.1520	757.06	-0.052667	6.5948e-05	0.10089	supercritical
1503.4	301.00	72.622	0.013770	1147.5	1562.0	6.5811	0.88450	1.1521	757.28	-0.052688	6.5975e-05	0.10094	supercritical
1504.4	301.00	72.576	0.013779	1148.4	1563.1	6.5819	0.88458	1.1522	757.49	-0.052709	6.6001e-05	0.10099	supercritical
1505.4	301.00	72.530	0.013787	1149.3	1564.3	6.5827	0.88466	1.1522	757.71	-0.052729	6.6028e-05	0.10104	supercritical
1506.4	301.00	72.484	0.013796	1150.1	1565.4	6.5834	0.88474	1.1523	757.93	-0.052750	6.6054e-05	0.10109	supercritical
1507.4	301.00	72.438	0.013805	1151.0	1566.6	6.5842	0.88482	1.1524	758.15	-0.052771	6.6081e-05	0.10114	supercritical
1508.4	301.00	72.392	0.013814	1151.9	1567.7	6.5850	0.88490	1.1524	758.36	-0.052791	6.6107e-05	0.10119	supercritical
1509.4	301.00	72.346	0.013822	1152.8	1568.9	6.5857	0.88498	1.1525	758.58	-0.052812	6.6134e-05	0.10124	supercritical
1510.4	301.00	72.300	0.013831	1153.7	1570.0	6.5865	0.88506	1.1526	758.80	-0.052833	6.6160e-05	0.10129	supercritical
1511.4	301.00	72.254	0.013840	1154.6	1571.2	6.5873	0.88514	1.1526	759.01	-0.052853	6.6187e-05	0.10134	supercritical
1512.4	301.00	72.209	0.013849	1155.5	1572.3	6.5880	0.88522	1.1527	759.23	-0.052874	6.6213e-05	0.10139	supercritical
1513.4	301.00	72.163	0.013857	1156.4	1573.5	6.5888	0.88530	1.1528	759.45	-0.052894	6.6240e-05	0.10143	supercritical
1514.4	301.00	72.118	0.013866	1157.3	1574.6	6.5896	0.88538	1.1529	759.66	-0.052914	6.6266e-05	0.10148	supercritical
1515.4	301.00	72.072	0.013875	1158.2	1575.8	6.5903	0.88545	1.1529	759.88	-0.052935	6.6293e-05	0.10153	supercritical
1516.4	301.00	72.027	0.013884	1159.0	1576.9	6.5911	0.88553	1.1530	760.10	-0.052955	6.6319e-05	0.10158	supercritical
1517.4	301.00	71.981	0.013893	1159.9	1578.1	6.5918	0.88561	1.1531	760.31	-0.052975	6.6346e-05	0.10163	supercritical
1518.4	301.00	71.936	0.013901	1160.8	1579.2	6.5926	0.88569	1.1531	760.53	-0.052996	6.6372e-05	0.10168	supercritical
1519.4	301.00	71.891	0.013910	1161.7	1580.4	6.5934	0.88577	1.1532	760.75	-0.053016	6.6399e-05	0.10173	supercritical
1520.4	301.00	71.845	0.013919	1162.6	1581.6	6.5941	0.88585	1.1533	760.96	-0.053036	6.6425e-05	0.10178	supercritical
1521.4	301.00	71.800	0.013928	1163.5	1582.7	6.5949	0.88593	1.1533	761.18	-0.053056	6.6452e-05	0.10183	supercritical
1522.4	301.00	71.755	0.013936	1164.4	1583.9	6.5956	0.88601	1.1534	761.39	-0.053077	6.6478e-05	0.10188	supercritical
1523.4	301.00	71.710	0.013945	1165.3	1585.0	6.5964	0.88609	1.1535	761.61	-0.053097	6.6505e-05	0.10193	supercritical
1524.4	301.00	71.665	0.013954	1166.2	1586.2	6.5971	0.88616	1.1535	761.83	-0.053117	6.6531e-05	0.10198	supercritical
1525.4	301.00	71.620	0.013963	1167.0	1587.3	6.5979	0.88624	1.1536	762.04	-0.053137	6.6558e-05	0.10203	supercritical
1526.4	301.00	71.575	0.013971	1167.9	1588.5	6.5987	0.88632	1.1537	762.26	-0.053157	6.6584e-05	0.10208	supercritical
1527.4	301.00	71.531	0.013980	1168.8	1589.6	6.5994	0.88640	1.1537	762.47	-0.053177	6.6610e-05	0.10213	supercritical
1528.4	301.00	71.486	0.013989	1169.7	1590.8	6.6002	0.88648	1.1538	762.69	-0.053197	6.6637e-05	0.10218	supercritical
1529.4	301.00	71.441	0.013998	1170.6	1591.9	6.6009	0.88656	1.1539	762.90	-0.053217	6.6663e-05	0.10222	supercritical
1530.4	301.00	71.397	0.014006	1171.5	1593.1	6.6017	0.88664	1.1539	763.12	-0.053236	6.6690e-05	0.10227	supercritical
1531.4	301.00	71.352	0.014015	1172.4	1594.2	6.6024	0.88671	1.1540	763.34	-0.053256	6.6716e-05	0.10232	supercritical
1532.4	301.00	71.307	0.014024	1173.3	1595.4	6.6032	0.88679	1.1541	763.55	-0.053276	6.6743e-05	0.10237	supercritical
1533.4	301.00	71.263	0.014033	1174.2	1596.6	6.6039	0.88687	1.1541	763.77	-0.053296	6.6769e-05	0.10242	supercritical
1534.4	301.00	71.219	0.014041	1175.1	1597.7	6.6047	0.88695	1.1542	763.98	-0.053316	6.6795e-05	0.10247	supercritical
1535.4	301.00	71.174	0.014050	1176.0	1598.9	6.6054	0.88703	1.1543	764.20	-0.053335	6.6822e-05	0.10252	supercritical
1536.4	301.00	71.130	0.014059	1176.8	1600.0	6.6062	0.88711	1.1543	764.41	-0.053355	6.6848e-05	0.10257	supercritical
1537.4	301.00	71.086	0.014068	1177.7	1601.2	6.6069	0.88718	1.1544	764.63	-0.053375	6.6875e-05	0.10262	supercritical
1538.4	301.00	71.041	0.014076	1178.6	1602.3	6.6077	0.88726	1.1545	764.84	-0.053394	6.6901e-05	0.10267	supercritical
1539.4	301.00	70.997	0.014085	1179.5	1603.5	6.6084	0.88734	1.1545	765.06	-0.053414	6.6927e-05	0.10272	supercritical
1540.4	301.00	70.953	0.014094	1180.4	1604.6	6.6092	0.88742	1.1546	765.27	-0.053433	6.6954e-05	0.10277	supercritical
1541.4	301.00	70.909	0.014103	1181.3	1605.8	6.6099	0.88750	1.1547	765.49	-0.053453	6.6980e-05	0.10282	supercritical
1542.4	301.00	70.865	0.014111	1182.2	1606.9	6.6107	0.88757	1.1547	765.70	-0.053472	6.7006e-05	0.10287	supercritical
1543.4	301.00	70.821	0.014120	1183.1	1608.1	6.6114	0.88765	1.1548	765.92	-0.053492	6.7033e-05	0.10291	supercritical
1544.4	301.00	70.778	0.014129	1184.0	1609.3	6.6122	0.88773	1.1549	766.13	-0.053511	6.7059e-05	0.10296	supercritical
1545.4	301.00	70.734	0.014138	1184.9	1610.4	6.6129	0.88781	1.1549	766.34	-0.053531	6.7085e-05	0.10301	supercritical
1546.4	301.00	70.690	0.014146	1185.8	1611.6	6.6137	0.88789	1.1550	766.56	-0.053550	6.7112e-05	0.10306	supercritical
1547.4	301.00	70.646	0.014155	1186.7	1612.7	6.6144	0.88796	1.1551	766.77	-0.053569	6.7138e-05	0.10311	supercritical
1548.4	301.00	70.603	0.014164	1187.5	1613.9	6.6152	0.88804	1.1551	766.99	-0.053588	6.7165e-05	0.10316	supercritical
1549.4	301.00	70.559	0.014173	1188.4	1615.0	6.6159	0.88812	1.1552	767.20	-0.053608	6.7191e-05	0.10321	supercritical
1550.4	301.00	70.516	0.014181	1189.3	1616.2	6.6167	0.88820	1.1553	767.42	-0.053627	6.7217e-05	0.10326	supercritical
1551.4	301.00	70.472	0.014190	1190.2	1617.3	6.6174	0.88827	1.1553	767.63	-0.053646	6.7244e-05	0.10331	supercritical
1552.4	301.00	70.429	0.014199	1191.1	1618.5	6.6182	0.88835	1.1554	767.84	-0.053665	6.7270e-05	0.10336	supercritical
1553.4	301.00	70.385	0.014208	1192.0	1619.6	6.6189	0.88843	1.1555	768.06	-0.053684	6.7296e-05	0.10341	supercritical
1554.4	301.00	70.342	0.014216	1192.9	1620.8	6.6196	0.88851	1.1556	768.27	-0.053703	6.7322e-05	0.10346	supercritical
1555.4	301.00	70.299	0.014225	1193.8	1622.0	6.6204	0.88859	1.1556	768.49	-0.053722	6.7349e-05	0.10351	supercritical
1556.4	301.00	70.256	0.014234	1194.7	1623.1	6.6211	0.88866	1.1557	768.70	-0.053741	6.7375e-05	0.10355	supercritical
1557.4	301.00	70.212	0.014242	1195.6	1624.3	6.6219	0.88874	1.1558	768.91	-0.053760	6.7401e-05	0.10360	supercritical
1558.4	301.00	70.169	0.014251	1196.5	1625.4	6.6226	0.88882	1.1558	769.13	-0.053779	6.7428e-05	0.10365	supercritical
1559.4	301.00	70.126	0.014260	1197.4	1626.6	6.6234	0.88890	1.1559	769.34	-0.053798	6.7454e-05	0.10370	supercritical
1560.4	301.00	70.083	0.014269	1198.2	1627.7	6.6241	0.88897	1.1560	769.55	-0.053817	6.7480e-05	0.10375	supercritical
1561.4	301.00	70.040	0.014277	1199.1	1628.9	6.6248	0.88905	1.1560	769.77	-0.053836	6.7507e-05	0.10380	supercritical
1562.4	301.00	69.997	0.014286	1200.0	1630.1	6.6256	0.88913	1.1561	769.98	-0.053855	6.7533e-05	0.10385	supercritical
1563.4	301.00	69.955	0.014295	1200.9	1631.2	6.6263	0.88921	1.1562	770.19	-0.053874	6.7559e-05	0.10390	supercritical
1564.4	301.00	69.912	0.014304	1201.8	1632.4	6.6271	0.88928	1.1562	770.41	-0.053892	6.7585e-05	0.10395	supercritical
1565.4	301.00	69.869	0.014312	1202.7	1633.5	6.6278	0.88936	1.1563	770.62	-0.053911	6.7612e-05	0.10400	supercritical
1566.4	301.00	69.827	0.014321	1203.6	1634.7	6.6285	0.88944	1.1564	770.83	-0.053930	6.7638e-05	0.10405	supercritical
1567.4	301.00	69.784	0.014330	1204.5	1635.8	6.6293	0.88951	1.1564	771.05	-0.053949	6.7664e-05	0.10410	supercritical
1568.4	301.00	69.741	0.014339	1205.4	1637.0	6.6300	0.88959	1.1565	771.26	-0.053967	6.7690e-05	0.10414	supercritical
1569.4	301.00	69.699	0.014347	1206.3	1638.1	6.6307	0.88967	1.1566	771.47	-0.053986	6.7717e-05	0.10419	supercritical
1570.4	301.00	69.656	0.014356	1207.2	1639.3	6.6315	0.88975	1.1566	771.68	-0.054004	6.7743e-05	0.10424	supercritical
1571.4	301.00	69.614	0.014365	1208.1	1640.5	6.6322	0.88982	1.1567	771.90	-0.054023	6.7769e-05	0.10429	supercritical
1572.4	301.00	69.572	0.014374	1209.0	1641.6	6.6330	0.88990	1.1568	772.11	-0.054041	6.7795e-05	0.10434	supercritical
1573.4	301.00	69.529	0.014382	1209.9	1642.8	6.6337	0.88998	1.1568	772.32	-0.054060	6.7822e-05	0.10439	supercritical
1574.4	301.00	69.487	0.014391	1210.8	1643.9	6.6344	0.89005	1.1569	772.53	-0.054078	6.7848e-05	0.10444	supercritical
1575.4	301.00	69.445	0.014400	1211.6	1645.1	6.6352	0.89013	1.1570	772.75	-0.054097	6.7874e-05	0.10449	supercritical
1576.4	301.00	69.403	0.014409	1212.5	1646.2	6.6359	0.89021	1.1570	772.96	-0.054115	6.7900e-05	0.10454	supercritical
1577.4	301.00	69.361	0.014417	1213.4	1647.4	6.6366	0.89029	1.1571	773.17	-0.054133	6.7926e-05	0.10459	supercritical
1578.4	301.00	69.319	0.014426	1214.3	1648.6	6.6374	0.89036	1.1572	773.38	-0.054152	6.7953e-05	0.10464	supercritical
1579.4	301.00	69.277	0.014435	1215.2	1649.7	6.6381	0.89044	1.1572	773.60	-0.054170	6.7979e-05	0.10468	supercritical
1580.4	301.00	69.235	0.014444	1216.1	1650.9	6.6388	0.89052	1.1573	773.81	-0.054188	6.8005e-05	0.10473	supercritical
1581.4	301.00	69.193	0.014452	1217.0	1652.0	6.6396	0.89059	1.1574	774.02	-0.054207	6.8031e-05	0.10478	supercritical
1582.4	301.00	69.151	0.014461	1217.9	1653.2	6.6403	0.89067	1.1574	774.23	-0.054225	6.8057e-05	0.10483	supercritical
1583.4	301.00	69.109	0.014470	1218.8	1654.3	6.6410	0.89075	1.1575	774.44	-0.054243	6.8084e-05	0.10488	supercritical
1584.4	301.00	69.068	0.014479	1219.7	1655.5	6.6418	0.89082	1.1576	774.66	-0.054261	6.8110e-05	0.10493	supercritical
1585.4	301.00	69.026	0.014487	1220.6	1656.7	6.6425	0.89090	1.1576	774.87	-0.054279	6.8136e-05	0.10498	supercritical
1586.4	301.00	68.984	0.014496	1221.5	1657.8	6.6432	0.89098	1.1577	775.08	-0.054297	6.8162e-05	0.10503	supercritical
1587.4	301.00	68.943	0.014505	1222.4	1659.0	6.6439	0.89105	1.1578	775.29	-0.054315	6.8188e-05	0.10508	supercritical
1588.4	301.00	68.901	0.014514	1223.3	1660.1	6.6447	0.89113	1.1578	775.50	-0.054333	6.8214e-05	0.10513	supercritical
1589.4	301.00	68.860	0.014522	1224.2	1661.3	6.6454	0.89121	1.1579	775.71	-0.054351	6.8240e-05	0.10518	supercritical
1590.4	301.00	68.818	0.014531	1225.1	1662.4	6.6461	0.89128	1.1580	775.93	-0.054369	6.8267e-05	0.10522	supercritical
1591.4	301.00	68.777	0.014540	1226.0	1663.6	6.6469	0.89136	1.1580	776.14	-0.054387	6.8293e-05	0.10527	supercritical
1592.4	301.00	68.736	0.014549	1226.9	1664.8	6.6476	0.89144	1.1581	776.35	-0.054405	6.8319e-05	0.10532	supercritical
1593.4	301.00	68.694	0.014557	1227.7	1665.9	6.6483	0.89151	1.1582	776.56	-0.054423	6.8345e-05	0.10537	supercritical
1594.4	301.00	68.653	0.014566	1228.6	1667.1	6.6490	0.89159	1.1582	776.77	-0.054441	6.8371e-05	0.10542	supercritical
1595.4	301.00	68.612	0.014575	1229.5	1668.2	6.6498	0.89167	1.1583	776.98	-0.054459	6.8397e-05	0.10547	supercritical
1596.4	301.00	68.571	0.014583	1230.4	1669.4	6.6505	0.89174	1.1584	777.19	-0.054476	6.8423e-05	0.10552	supercritical
1597.4	301.00	68.530	0.014592	1231.3	1670.6	6.6512	0.89182	1.1584	777.40	-0.054494	6.8450e-05	0.10557	supercritical
1598.4	301.00	68.489	0.014601	1232.2	1671.7	6.6519	0.89189	1.1585	777.62	-0.054512	6.8476e-05	0.10562	supercritical
1599.4	301.00	68.448	0.014610	1233.1	1672.9	6.6527	0.89197	1.1586	777.83	-0.054530	6.8502e-05	0.10567	supercritical
1600.4	301.00	68.407	0.014618	1234.0	1674.0	6.6534	0.89205	1.1586	778.04	-0.054547	6.8528e-05	0.10572	supercritical
1601.4	301.00	68.366	0.014627	1234.9	1675.2	6.6541	0.89212	1.1587	778.25	-0.054565	6.8554e-05	0.10576	supercritical
1602.4	301.00	68.325	0.014636	1235.8	1676.3	6.6548	0.89220	1.1588	778.46	-0.054582	6.8580e-05	0.10581	supercritical
1603.4	301.00	68.284	0.014645	1236.7	1677.5	6.6556	0.89228	1.1588	778.67	-0.054600	6.8606e-05	0.10586	supercritical
1604.4	301.00	68.244	0.014653	1237.6	1678.7	6.6563	0.89235	1.1589	778.88	-0.054618	6.8632e-05	0.10591	supercritical
1605.4	301.00	68.203	0.014662	1238.5	1679.8	6.6570	0.89243	1.1590	779.09	-0.054635	6.8658e-05	0.10596	supercritical
1606.4	301.00	68.162	0.014671	1239.4	1681.0	6.6577	0.89250	1.1590	779.30	-0.054653	6.8684e-05	0.10601	supercritical
1607.4	301.00	68.122	0.014680	1240.3	1682.1	6.6584	0.89258	1.1591	779.51	-0.054670	6.8710e-05	0.10606	supercritical
1608.4	301.00	68.081	0.014688	1241.2	1683.3	6.6592	0.89266	1.1592	779.72	-0.054687	6.8737e-05	0.10611	supercritical
1609.4	301.00	68.041	0.014697	1242.1	1684.5	6.6599	0.89273	1.1592	779.93	-0.054705	6.8763e-05	0.10616	supercritical
1610.4	301.00	68.000	0.014706	1243.0	1685.6	6.6606	0.89281	1.1593	780.14	-0.054722	6.8789e-05	0.10621	supercritical
1611.4	301.00	67.960	0.014715	1243.9	1686.8	6.6613	0.89288	1.1594	780.35	-0.054740	6.8815e-05	0.10625	supercritical
1612.4	301.00	67.920	0.014723	1244.8	1687.9	6.6620	0.89296	1.1594	780.56	-0.054757	6.8841e-05	0.10630	supercritical
1613.4	301.00	67.879	0.014732	1245.7	1689.1	6.6628	0.89304	1.1595	780.77	-0.054774	6.8867e-05	0.10635	supercritical
1614.4	301.00	67.839	0.014741	1246.6	1690.3	6.6635	0.89311	1.1596	780.98	-0.054791	6.8893e-05	0.10640	supercritical
1615.4	301.00	67.799	0.014750	1247.5	1691.4	6.6642	0.89319	1.1596	781.19	-0.054809	6.8919e-05	0.10645	supercritical
1616.4	301.00	67.759	0.014758	1248.4	1692.6	6.6649	0.89326	1.1597	781.40	-0.054826	6.8945e-05	0.10650	supercritical
1617.4	301.00	67.719	0.014767	1249.2	1693.7	6.6656	0.89334	1.1598	781.61	-0.054843	6.8971e-05	0.10655	supercritical
1618.4	301.00	67.679	0.014776	1250.1	1694.9	6.6664	0.89342	1.1598	781.82	-0.054860	6.8997e-05	0.10660	supercritical
1619.4	301.00	67.639	0.014784	1251.0	1696.1	6.6671	0.89349	1.1599	782.03	-0.054877	6.9023e-05	0.10665	supercritical
1620.4	301.00	67.599	0.014793	1251.9	1697.2	6.6678	0.89357	1.1600	782.24	-0.054894	6.9049e-05	0.10669	supercritical
1621.4	301.00	67.559	0.014802	1252.8	1698.4	6.6685	0.89364	1.1600	782.45	-0.054911	6.9075e-05	0.10674	supercritical
1622.4	301.00	67.519	0.014811	1253.7	1699.5	6.6692	0.89372	1.1601	782.66	-0.054928	6.9101e-05	0.10679	supercritical
1623.4	301.00	67.479	0.014819	1254.6	1700.7	6.6699	0.89379	1.1602	782.87	-0.054945	6.9127e-05	0.10684	supercritical
1624.4	301.00	67.439	0.014828	1255.5	1701.9	6.6706	0.89387	1.1602	783.08	-0.054962	6.9153e-05	0.10689	supercritical
1625.4	301.00	67.400	0.014837	1256.4	1703.0	6.6714	0.89395	1.1603	783.29	-0.054979	6.9179e-05	0.10694	supercritical
1626.4	301.00	67.360	0.014846	1257.3	1704.2	6.6721	0.89402	1.1604	783.50	-0.054996	6.9205e-05	0.10699	supercritical
1627.4	301.00	67.320	0.014854	1258.2	1705.3	6.6728	0.89410	1.1604	783.70	-0.055013	6.9231e-05	0.10704	supercritical
1628.4	301.00	67.281	0.014863	1259.1	1706.5	6.6735	0.89417	1.1605	783.91	-0.055030	6.9257e-05	0.10709	supercritical
1629.4	301.00	67.241	0.014872	1260.0	1707.7	6.6742	0.89425	1.1606	784.12	-0.055047	6.9283e-05	0.10714	supercritical
1630.4	301.00	67.202	0.014881	1260.9	1708.8	6.6749	0.89432	1.1606	784.33	-0.055064	6.9309e-05	0.10718	supercritical
1631.4	301.00	67.162	0.014889	1261.8	1710.0	6.6756	0.89440	1.1607	784.54	-0.055080	6.9335e-05	0.10723	supercritical
1632.4	301.00	67.123	0.014898	1262.7	1711.1	6.6763	0.89447	1.1608	784.75	-0.055097	6.9361e-05	0.10728	supercritical
1633.4	301.00	67.084	0.014907	1263.6	1712.3	6.6771	0.89455	1.1608	784.96	-0.055114	6.9387e-05	0.10733	supercritical
1634.4	301.00	67.044	0.014915	1264.5	1713.5	6.6778	0.89463	1.1609	785.17	-0.055131	6.9413e-05	0.10738	supercritical
1635.4	301.00	67.005	0.014924	1265.4	1714.6	6.6785	0.89470	1.1610	785.37	-0.055147	6.9439e-05	0.10743	supercritical
1636.4	301.00	66.966	0.014933	1266.3	1715.8	6.6792	0.89478	1.1610	785.58	-0.055164	6.9465e-05	0.10748	supercritical
1637.4	301.00	66.927	0.014942	1267.2	1716.9	6.6799	0.89485	1.1611	785.79	-0.055180	6.9491e-05	0.10753	supercritical
1638.4	301.00	66.888	0.014950	1268.1	1718.1	6.6806	0.89493	1.1612	786.00	-0.055197	6.9517e-05	0.10758	supercritical
1639.4	301.00	66.849	0.014959	1269.0	1719.3	6.6813	0.89500	1.1612	786.21	-0.055214	6.9543e-05	0.10762	supercritical
1640.4	301.00	66.810	0.014968	1269.9	1720.4	6.6820	0.89508	1.1613	786.42	-0.055230	6.9568e-05	0.10767	supercritical
1641.4	301.00	66.771	0.014977	1270.8	1721.6	6.6827	0.89515	1.1614	786.62	-0.055247	6.9594e-05	0.10772	supercritical
1642.4	301.00	66.732	0.014985	1271.7	1722.8	6.6834	0.89523	1.1614	786.83	-0.055263	6.9620e-05	0.10777	supercritical
1643.4	301.00	66.693	0.014994	1272.6	1723.9	6.6841	0.89530	1.1615	787.04	-0.055279	6.9646e-05	0.10782	supercritical
1644.4	301.00	66.654	0.015003	1273.5	1725.1	6.6849	0.89538	1.1616	787.25	-0.055296	6.9672e-05	0.10787	supercritical
1645.4	301.00	66.615	0.015012	1274.4	1726.2	6.6856	0.89545	1.1616	787.46	-0.055312	6.9698e-05	0.10792	supercritical
1646.4	301.00	66.577	0.015020	1275.3	1727.4	6.6863	0.89553	1.1617	787.66	-0.055329	6.9724e-05	0.10797	supercritical
1647.4	301.00	66.538	0.015029	1276.2	1728.6	6.6870	0.89560	1.1618	787.87	-0.055345	6.9750e-05	0.10801	supercritical
1648.4	301.00	66.499	0.015038	1277.1	1729.7	6.6877	0.89568	1.1618	788.08	-0.055361	6.9776e-05	0.10806	supercritical
1649.4	301.00	66.461	0.015047	1278.0	1730.9	6.6884	0.89575	1.1619	788.29	-0.055378	6.9802e-05	0.10811	supercritical
1650.4	301.00	66.422	0.015055	1278.9	1732.0	6.6891	0.89583	1.1620	788.50	-0.055394	6.9828e-05	0.10816	supercritical
1651.4	301.00	66.384	0.015064	1279.8	1733.2	6.6898	0.89591	1.1620	788.70	-0.055410	6.9853e-05	0.10821	supercritical
1652.4	301.00	66.345	0.015073	1280.7	1734.4	6.6905	0.89598	1.1621	788.91	-0.055426	6.9879e-05	0.10826	supercritical
1653.4	301.00	66.307	0.015081	1281.6	1735.5	6.6912	0.89606	1.1622	789.12	-0.055442	6.9905e-05	0.10831	supercritical
1654.4	301.00	66.268	0.015090	1282.5	1736.7	6.6919	0.89613	1.1622	789.33	-0.055459	6.9931e-05	0.10836	supercritical
1655.4	301.00	66.230	0.015099	1283.4	1737.9	6.6926	0.89621	1.1623	789.53	-0.055475	6.9957e-05	0.10841	supercritical
1656.4	301.00	66.192	0.015108	1284.3	1739.0	6.6933	0.89628	1.1624	789.74	-0.055491	6.9983e-05	0.10845	supercritical
1657.4	301.00	66.153	0.015116	1285.2	1740.2	6.6940	0.89636	1.1624	789.95	-0.055507	7.0009e-05	0.10850	supercritical
1658.4	301.00	66.115	0.015125	1286.1	1741.3	6.6947	0.89643	1.1625	790.15	-0.055523	7.0035e-05	0.10855	supercritical
1659.4	301.00	66.077	0.015134	1287.0	1742.5	6.6954	0.89650	1.1626	790.36	-0.055539	7.0060e-05	0.10860	supercritical
1660.4	301.00	66.039	0.015143	1287.9	1743.7	6.6961	0.89658	1.1626	790.57	-0.055555	7.0086e-05	0.10865	supercritical
1661.4	301.00	66.001	0.015151	1288.8	1744.8	6.6968	0.89665	1.1627	790.78	-0.055571	7.0112e-05	0.10870	supercritical
1662.4	301.00	65.963	0.015160	1289.7	1746.0	6.6975	0.89673	1.1628	790.98	-0.055587	7.0138e-05	0.10875	supercritical
1663.4	301.00	65.925	0.015169	1290.6	1747.2	6.6982	0.89680	1.1628	791.19	-0.055603	7.0164e-05	0.10880	supercritical
1664.4	301.00	65.887	0.015177	1291.5	1748.3	6.6989	0.89688	1.1629	791.40	-0.055619	7.0190e-05	0.10884	supercritical
1665.4	301.00	65.849	0.015186	1292.4	1749.5	6.6996	0.89695	1.1630	791.60	-0.055634	7.0215e-05	0.10889	supercritical
1666.4	301.00	65.811	0.015195	1293.3	1750.6	6.7003	0.89703	1.1630	791.81	-0.055650	7.0241e-05	0.10894	supercritical
1667.4	301.00	65.774	0.015204	1294.2	1751.8	6.7010	0.89710	1.1631	792.02	-0.055666	7.0267e-05	0.10899	supercritical
1668.4	301.00	65.736	0.015212	1295.1	1753.0	6.7017	0.89718	1.1632	792.22	-0.055682	7.0293e-05	0.10904	supercritical
1669.4	301.00	65.698	0.015221	1296.0	1754.1	6.7024	0.89725	1.1632	792.43	-0.055698	7.0319e-05	0.10909	supercritical
1670.4	301.00	65.661	0.015230	1296.9	1755.3	6.7031	0.89733	1.1633	792.63	-0.055713	7.0345e-05	0.10914	supercritical
1671.4	301.00	65.623	0.015239	1297.8	1756.5	6.7038	0.89740	1.1634	792.84	-0.055729	7.0370e-05	0.10919	supercritical
1672.4	301.00	65.585	0.015247	1298.7	1757.6	6.7045	0.89748	1.1634	793.05	-0.055745	7.0396e-05	0.10923	supercritical
1673.4	301.00	65.548	0.015256	1299.6	1758.8	6.7052	0.89755	1.1635	793.25	-0.055760	7.0422e-05	0.10928	supercritical
1674.4	301.00	65.510	0.015265	1300.5	1760.0	6.7059	0.89763	1.1636	793.46	-0.055776	7.0448e-05	0.10933	supercritical
1675.4	301.00	65.473	0.015274	1301.4	1761.1	6.7066	0.89770	1.1636	793.67	-0.055791	7.0474e-05	0.10938	supercritical
1676.4	301.00	65.435	0.015282	1302.3	1762.3	6.7073	0.89777	1.1637	793.87	-0.055807	7.0499e-05	0.10943	supercritical
1677.4	301.00	65.398	0.015291	1303.2	1763.4	6.7080	0.89785	1.1638	794.08	-0.055823	7.0525e-05	0.10948	supercritical
1678.4	301.00	65.361	0.015300	1304.1	1764.6	6.7086	0.89792	1.1638	794.28	-0.055838	7.0551e-05	0.10953	supercritical
1679.4	301.00	65.324	0.015308	1305.0	1765.8	6.7093	0.89800	1.1639	794.49	-0.055854	7.0577e-05	0.10958	supercritical
1680.4	301.00	65.286	0.015317	1305.9	1766.9	6.7100	0.89807	1.1640	794.70	-0.055869	7.0602e-05	0.10962	supercritical
1681.4	301.00	65.249	0.015326	1306.8	1768.1	6.7107	0.89815	1.1640	794.90	-0.055885	7.0628e-05	0.10967	supercritical
1682.4	301.00	65.212	0.015335	1307.7	1769.3	6.7114	0.89822	1.1641	795.11	-0.055900	7.0654e-05	0.10972	supercritical
1683.4	301.00	65.175	0.015343	1308.6	1770.4	6.7121	0.89830	1.1642	795.31	-0.055915	7.0680e-05	0.10977	supercritical
1684.4	301.00	65.138	0.015352	1309.5	1771.6	6.7128	0.89837	1.1642	795.52	-0.055931	7.0706e-05	0.10982	supercritical
1685.4	301.00	65.101	0.015361	1310.4	1772.8	6.7135	0.89844	1.1643	795.72	-0.055946	7.0731e-05	0.10987	supercritical
1686.4	301.00	65.064	0.015370	1311.3	1773.9	6.7142	0.89852	1.1644	795.93	-0.055961	7.0757e-05	0.10992	supercritical
1687.4	301.00	65.027	0.015378	1312.2	1775.1	6.7149	0.89859	1.1644	796.13	-0.055977	7.0783e-05	0.10997	supercritical
1688.4	301.00	64.990	0.015387	1313.1	1776.2	6.7156	0.89867	1.1645	796.34	-0.055992	7.0809e-05	0.11001	supercritical
1689.4	301.00	64.953	0.015396	1314.0	1777.4	6.7163	0.89874	1.1646	796.54	-0.056007	7.0834e-05	0.11006	supercritical
1690.4	301.00	64.916	0.015404	1314.9	1778.6	6.7169	0.89882	1.1646	796.75	-0.056022	7.0860e-05	0.11011	supercritical
1691.4	301.00	64.880	0.015413	1315.8	1779.7	6.7176	0.89889	1.1647	796.95	-0.056038	7.0886e-05	0.11016	supercritical
1692.4	301.00	64.843	0.015422	1316.7	1780.9	6.7183	0.89897	1.1648	797.16	-0.056053	7.0911e-05	0.11021	supercritical
1693.4	301.00	64.806	0.015431	1317.6	1782.1	6.7190	0.89904	1.1648	797.36	-0.056068	7.0937e-05	0.11026	supercritical
1694.4	301.00	64.770	0.015439	1318.5	1783.2	6.7197	0.89911	1.1649	797.57	-0.056083	7.0963e-05	0.11031	supercritical
1695.4	301.00	64.733	0.015448	1319.4	1784.4	6.7204	0.89919	1.1650	797.77	-0.056098	7.0989e-05	0.11035	supercritical
1696.4	301.00	64.697	0.015457	1320.3	1785.6	6.7211	0.89926	1.1650	797.98	-0.056113	7.1014e-05	0.11040	supercritical
1697.4	301.00	64.660	0.015466	1321.2	1786.7	6.7218	0.89934	1.1651	798.18	-0.056128	7.1040e-05	0.11045	supercritical
1698.4	301.00	64.624	0.015474	1322.1	1787.9	6.7224	0.89941	1.1652	798.39	-0.056143	7.1066e-05	0.11050	supercritical
1699.4	301.00	64.587	0.015483	1323.0	1789.1	6.7231	0.89948	1.1652	798.59	-0.056158	7.1091e-05	0.11055	supercritical
1700.4	301.00	64.551	0.015492	1323.9	1790.2	6.7238	0.89956	1.1653	798.80	-0.056173	7.1117e-05	0.11060	supercritical
1701.4	301.00	64.514	0.015500	1324.8	1791.4	6.7245	0.89963	1.1653	799.00	-0.056188	7.1143e-05	0.11065	supercritical
1702.4	301.00	64.478	0.015509	1325.7	1792.6	6.7252	0.89971	1.1654	799.21	-0.056203	7.1168e-05	0.11070	supercritical
1703.4	301.00	64.442	0.015518	1326.6	1793.7	6.7259	0.89978	1.1655	799.41	-0.056218	7.1194e-05	0.11074	supercritical
1704.4	301.00	64.406	0.015527	1327.5	1794.9	6.7266	0.89985	1.1655	799.62	-0.056233	7.1220e-05	0.11079	supercritical
1705.4	301.00	64.369	0.015535	1328.4	1796.1	6.7272	0.89993	1.1656	799.82	-0.056248	7.1245e-05	0.11084	supercritical
1706.4	301.00	64.333	0.015544	1329.3	1797.2	6.7279	0.90000	1.1657	800.02	-0.056262	7.1271e-05	0.11089	supercritical
1707.4	301.00	64.297	0.015553	1330.2	1798.4	6.7286	0.90008	1.1657	800.23	-0.056277	7.1297e-05	0.11094	supercritical
1708.4	301.00	64.261	0.015561	1331.1	1799.6	6.7293	0.90015	1.1658	800.43	-0.056292	7.1322e-05	0.11099	supercritical
1709.4	301.00	64.225	0.015570	1332.1	1800.7	6.7300	0.90022	1.1659	800.64	-0.056307	7.1348e-05	0.11104	supercritical
1710.4	301.00	64.189	0.015579	1333.0	1801.9	6.7306	0.90030	1.1659	800.84	-0.056321	7.1374e-05	0.11108	supercritical
1711.4	301.00	64.153	0.015588	1333.9	1803.0	6.7313	0.90037	1.1660	801.04	-0.056336	7.1399e-05	0.11113	supercritical
1712.4	301.00	64.117	0.015596	1334.8	1804.2	6.7320	0.90045	1.1661	801.25	-0.056351	7.1425e-05	0.11118	supercritical
1713.4	301.00	64.082	0.015605	1335.7	1805.4	6.7327	0.90052	1.1661	801.45	-0.056365	7.1451e-05	0.11123	supercritical
1714.4	301.00	64.046	0.015614	1336.6	1806.5	6.7334	0.90059	1.1662	801.65	-0.056380	7.1476e-05	0.11128	supercritical
1715.4	301.00	64.010	0.015623	1337.5	1807.7	6.7341	0.90067	1.1663	801.86	-0.056395	7.1502e-05	0.11133	supercritical
1716.4	301.00	63.974	0.015631	1338.4	1808.9	6.7347	0.90074	1.1663	802.06	-0.056409	7.1528e-05	0.11138	supercritical
1717.4	301.00	63.939	0.015640	1339.3	1810.0	6.7354	0.90082	1.1664	802.27	-0.056424	7.1553e-05	0.11142	supercritical
1718.4	301.00	63.903	0.015649	1340.2	1811.2	6.7361	0.90089	1.1665	802.47	-0.056438	7.1579e-05	0.11147	supercritical
1719.4	301.00	63.867	0.015657	1341.1	1812.4	6.7368	0.90096	1.1665	802.67	-0.056453	7.1605e-05	0.11152	supercritical
1720.4	301.00	63.832	0.015666	1342.0	1813.5	6.7374	0.90104	1.1666	802.88	-0.056467	7.1630e-05	0.11157	supercritical
1721.4	301.00	63.796	0.015675	1342.9	1814.7	6.7381	0.90111	1.1667	803.08	-0.056482	7.1656e-05	0.11162	supercritical
1722.4	301.00	63.761	0.015684	1343.8	1815.9	6.7388	0.90118	1.1667	803.28	-0.056496	7.1681e-05	0.11167	supercritical
1723.4	301.00	63.725	0.015692	1344.7	1817.0	6.7395	0.90126	1.1668	803.49	-0.056511	7.1707e-05	0.11172	supercritical
1724.4	301.00	63.690	0.015701	1345.6	1818.2	6.7402	0.90133	1.1669	803.69	-0.056525	7.1733e-05	0.11176	supercritical
1725.4	301.00	63.655	0.015710	1346.5	1819.4	6.7408	0.90141	1.1669	803.89	-0.056539	7.1758e-05	0.11181	supercritical
1726.4	301.00	63.619	0.015719	1347.4	1820.5	6.7415	0.90148	1.1670	804.09	-0.056554	7.1784e-05	0.11186	supercritical
1727.4	301.00	63.584	0.015727	1348.3	1821.7	6.7422	0.90155	1.1671	804.30	-0.056568	7.1809e-05	0.11191	supercritical
1728.4	301.00	63.549	0.015736	1349.2	1822.9	6.7429	0.90163	1.1671	804.50	-0.056582	7.1835e-05	0.11196	supercritical
1729.4	301.00	63.513	0.015745	1350.1	1824.0	6.7435	0.90170	1.1672	804.70	-0.056597	7.1861e-05	0.11201	supercritical
1730.4	301.00	63.478	0.015753	1351.0	1825.2	6.7442	0.90177	1.1673	804.91	-0.056611	7.1886e-05	0.11206	supercritical
1731.4	301.00	63.443	0.015762	1351.9	1826.4	6.7449	0.90185	1.1673	805.11	-0.056625	7.1912e-05	0.11210	supercritical
1732.4	301.00	63.408	0.015771	1352.8	1827.5	6.7456	0.90192	1.1674	805.31	-0.056639	7.1937e-05	0.11215	supercritical
1733.4	301.00	63.373	0.015780	1353.8	1828.7	6.7462	0.90199	1.1675	805.51	-0.056653	7.1963e-05	0.11220	supercritical
1734.4	301.00	63.338	0.015788	1354.7	1829.9	6.7469	0.90207	1.1675	805.72	-0.056668	7.1988e-05	0.11225	supercritical
1735.4	301.00	63.303	0.015797	1355.6	1831.1	6.7476	0.90214	1.1676	805.92	-0.056682	7.2014e-05	0.11230	supercritical
1736.4	301.00	63.268	0.015806	1356.5	1832.2	6.7483	0.90221	1.1677	806.12	-0.056696	7.2040e-05	0.11235	supercritical
1737.4	301.00	63.233	0.015814	1357.4	1833.4	6.7489	0.90229	1.1677	806.32	-0.056710	7.2065e-05	0.11240	supercritical
1738.4	301.00	63.198	0.015823	1358.3	1834.6	6.7496	0.90236	1.1678	806.53	-0.056724	7.2091e-05	0.11244	supercritical
1739.4	301.00	63.164	0.015832	1359.2	1835.7	6.7503	0.90243	1.1679	806.73	-0.056738	7.2116e-05	0.11249	supercritical
1740.4	301.00	63.129	0.015841	1360.1	1836.9	6.7509	0.90251	1.1679	806.93	-0.056752	7.2142e-05	0.11254	supercritical
1741.4	301.00	63.094	0.015849	1361.0	1838.1	6.7516	0.90258	1.1680	807.13	-0.056766	7.2167e-05	0.11259	supercritical
1742.4	301.00	63.059	0.015858	1361.9	1839.2	6.7523	0.90266	1.1681	807.33	-0.056780	7.2193e-05	0.11264	supercritical
1743.4	301.00	63.025	0.015867	1362.8	1840.4	6.7530	0.90273	1.1681	807.54	-0.056794	7.2218e-05	0.11269	supercritical
1744.4	301.00	62.990	0.015876	1363.7	1841.6	6.7536	0.90280	1.1682	807.74	-0.056808	7.2244e-05	0.11273	supercritical
1745.4	301.00	62.956	0.015884	1364.6	1842.7	6.7543	0.90288	1.1683	807.94	-0.056822	7.2269e-05	0.11278	supercritical
1746.4	301.00	62.921	0.015893	1365.5	1843.9	6.7550	0.90295	1.1683	808.14	-0.056836	7.2295e-05	0.11283	supercritical
1747.4	301.00	62.886	0.015902	1366.4	1845.1	6.7556	0.90302	1.1684	808.34	-0.056850	7.2320e-05	0.11288	supercritical
1748.4	301.00	62.852	0.015910	1367.3	1846.2	6.7563	0.90310	1.1685	808.55	-0.056863	7.2346e-05	0.11293	supercritical
1749.4	301.00	62.818	0.015919	1368.2	1847.4	6.7570	0.90317	1.1685	808.75	-0.056877	7.2371e-05	0.11298	supercritical
1750.4	301.00	62.783	0.015928	1369.1	1848.6	6.7576	0.90324	1.1686	808.95	-0.056891	7.2397e-05	0.11303	supercritical
1751.4	301.00	62.749	0.015937	1370.1	1849.7	6.7583	0.90331	1.1687	809.15	-0.056905	7.2422e-05	0.11307	supercritical
1752.4	301.00	62.715	0.015945	1371.0	1850.9	6.7590	0.90339	1.1687	809.35	-0.056919	7.2448e-05	0.11312	supercritical
1753.4	301.00	62.680	0.015954	1371.9	1852.1	6.7596	0.90346	1.1688	809.55	-0.056932	7.2473e-05	0.11317	supercritical
1754.4	301.00	62.646	0.015963	1372.8	1853.2	6.7603	0.90353	1.1689	809.76	-0.056946	7.2499e-05	0.11322	supercritical
1755.4	301.00	62.612	0.015971	1373.7	1854.4	6.7610	0.90361	1.1689	809.96	-0.056960	7.2524e-05	0.11327	supercritical
1756.4	301.00	62.578	0.015980	1374.6	1855.6	6.7616	0.90368	1.1690	810.16	-0.056973	7.2550e-05	0.11332	supercritical
1757.4	301.00	62.544	0.015989	1375.5	1856.8	6.7623	0.90375	1.1691	810.36	-0.056987	7.2575e-05	0.11336	supercritical
1758.4	301.00	62.509	0.015998	1376.4	1857.9	6.7630	0.90383	1.1691	810.56	-0.057001	7.2601e-05	0.11341	supercritical
1759.4	301.00	62.475	0.016006	1377.3	1859.1	6.7636	0.90390	1.1692	810.76	-0.057014	7.2626e-05	0.11346	supercritical
1760.4	301.00	62.441	0.016015	1378.2	1860.3	6.7643	0.90397	1.1693	810.96	-0.057028	7.2652e-05	0.11351	supercritical
1761.4	301.00	62.407	0.016024	1379.1	1861.4	6.7650	0.90405	1.1693	811.16	-0.057041	7.2677e-05	0.11356	supercritical
1762.4	301.00	62.373	0.016032	1380.0	1862.6	6.7656	0.90412	1.1694	811.36	-0.057055	7.2703e-05	0.11361	supercritical
1763.4	301.00	62.340	0.016041	1380.9	1863.8	6.7663	0.90419	1.1695	811.56	-0.057068	7.2728e-05	0.11366	supercritical
1764.4	301.00	62.306	0.016050	1381.8	1864.9	6.7669	0.90427	1.1695	811.77	-0.057082	7.2754e-05	0.11370	supercritical
1765.4	301.00	62.272	0.016059	1382.7	1866.1	6.7676	0.90434	1.1696	811.97	-0.057095	7.2779e-05	0.11375	supercritical
1766.4	301.00	62.238	0.016067	1383.7	1867.3	6.7683	0.90441	1.1697	812.17	-0.057109	7.2805e-05	0.11380	supercritical
1767.4	301.00	62.204	0.016076	1384.6	1868.4	6.7689	0.90449	1.1697	812.37	-0.057122	7.2830e-05	0.11385	supercritical
1768.4	301.00	62.171	0.016085	1385.5	1869.6	6.7696	0.90456	1.1698	812.57	-0.057135	7.2855e-05	0.11390	supercritical
1769.4	301.00	62.137	0.016093	1386.4	1870.8	6.7703	0.90463	1.1699	812.77	-0.057149	7.2881e-05	0.11395	supercritical
1770.4	301.00	62.103	0.016102	1387.3	1872.0	6.7709	0.90470	1.1699	812.97	-0.057162	7.2906e-05	0.11399	supercritical
1771.4	301.00	62.070	0.016111	1388.2	1873.1	6.7716	0.90478	1.1700	813.17	-0.057175	7.2932e-05	0.11404	supercritical
1772.4	301.00	62.036	0.016120	1389.1	1874.3	6.7722	0.90485	1.1700	813.37	-0.057189	7.2957e-05	0.11409	supercritical
1773.4	301.00	62.003	0.016128	1390.0	1875.5	6.7729	0.90492	1.1701	813.57	-0.057202	7.2983e-05	0.11414	supercritical
1774.4	301.00	61.969	0.016137	1390.9	1876.6	6.7736	0.90500	1.1702	813.77	-0.057215	7.3008e-05	0.11419	supercritical
1775.4	301.00	61.936	0.016146	1391.8	1877.8	6.7742	0.90507	1.1702	813.97	-0.057229	7.3033e-05	0.11424	supercritical
1776.4	301.00	61.902	0.016155	1392.7	1879.0	6.7749	0.90514	1.1703	814.17	-0.057242	7.3059e-05	0.11428	supercritical
1777.4	301.00	61.869	0.016163	1393.6	1880.1	6.7755	0.90521	1.1704	814.37	-0.057255	7.3084e-05	0.11433	supercritical
1778.4	301.00	61.835	0.016172	1394.5	1881.3	6.7762	0.90529	1.1704	814.57	-0.057268	7.3110e-05	0.11438	supercritical
1779.4	301.00	61.802	0.016181	1395.5	1882.5	6.7769	0.90536	1.1705	814.77	-0.057281	7.3135e-05	0.11443	supercritical
1780.4	301.00	61.769	0.016189	1396.4	1883.7	6.7775	0.90543	1.1706	814.97	-0.057294	7.3160e-05	0.11448	supercritical
1781.4	301.00	61.736	0.016198	1397.3	1884.8	6.7782	0.90551	1.1706	815.17	-0.057308	7.3186e-05	0.11453	supercritical
1782.4	301.00	61.702	0.016207	1398.2	1886.0	6.7788	0.90558	1.1707	815.37	-0.057321	7.3211e-05	0.11458	supercritical
1783.4	301.00	61.669	0.016216	1399.1	1887.2	6.7795	0.90565	1.1708	815.57	-0.057334	7.3237e-05	0.11462	supercritical
1784.4	301.00	61.636	0.016224	1400.0	1888.3	6.7801	0.90572	1.1708	815.77	-0.057347	7.3262e-05	0.11467	supercritical
1785.4	301.00	61.603	0.016233	1400.9	1889.5	6.7808	0.90580	1.1709	815.97	-0.057360	7.3287e-05	0.11472	supercritical
1786.4	301.00	61.570	0.016242	1401.8	1890.7	6.7814	0.90587	1.1710	816.17	-0.057373	7.3313e-05	0.11477	supercritical
1787.4	301.00	61.537	0.016250	1402.7	1891.9	6.7821	0.90594	1.1710	816.37	-0.057386	7.3338e-05	0.11482	supercritical
1788.4	301.00	61.504	0.016259	1403.6	1893.0	6.7828	0.90602	1.1711	816.57	-0.057399	7.3364e-05	0.11487	supercritical
1789.4	301.00	61.471	0.016268	1404.5	1894.2	6.7834	0.90609	1.1712	816.77	-0.057412	7.3389e-05	0.11491	supercritical
1790.4	301.00	61.438	0.016277	1405.4	1895.4	6.7841	0.90616	1.1712	816.97	-0.057425	7.3414e-05	0.11496	supercritical
1791.4	301.00	61.405	0.016285	1406.4	1896.5	6.7847	0.90623	1.1713	817.17	-0.057438	7.3440e-05	0.11501	supercritical
1792.4	301.00	61.372	0.016294	1407.3	1897.7	6.7854	0.90631	1.1714	817.36	-0.057450	7.3465e-05	0.11506	supercritical
1793.4	301.00	61.340	0.016303	1408.2	1898.9	6.7860	0.90638	1.1714	817.56	-0.057463	7.3490e-05	0.11511	supercritical
1794.4	301.00	61.307	0.016311	1409.1	1900.1	6.7867	0.90645	1.1715	817.76	-0.057476	7.3516e-05	0.11516	supercritical
1795.4	301.00	61.274	0.016320	1410.0	1901.2	6.7873	0.90652	1.1716	817.96	-0.057489	7.3541e-05	0.11520	supercritical
1796.4	301.00	61.241	0.016329	1410.9	1902.4	6.7880	0.90660	1.1716	818.16	-0.057502	7.3566e-05	0.11525	supercritical
1797.4	301.00	61.209	0.016338	1411.8	1903.6	6.7886	0.90667	1.1717	818.36	-0.057514	7.3592e-05	0.11530	supercritical
1798.4	301.00	61.176	0.016346	1412.7	1904.7	6.7893	0.90674	1.1718	818.56	-0.057527	7.3617e-05	0.11535	supercritical
1799.4	301.00	61.143	0.016355	1413.6	1905.9	6.7899	0.90681	1.1718	818.76	-0.057540	7.3642e-05	0.11540	supercritical
1800.4	301.00	61.111	0.016364	1414.5	1907.1	6.7906	0.90689	1.1719	818.96	-0.057553	7.3668e-05	0.11545	supercritical
1801.4	301.00	61.078	0.016372	1415.4	1908.3	6.7912	0.90696	1.1720	819.16	-0.057565	7.3693e-05	0.11549	supercritical
1802.4	301.00	61.046	0.016381	1416.4	1909.4	6.7919	0.90703	1.1720	819.35	-0.057578	7.3718e-05	0.11554	supercritical
1803.4	301.00	61.013	0.016390	1417.3	1910.6	6.7925	0.90710	1.1721	819.55	-0.057591	7.3744e-05	0.11559	supercritical
1804.4	301.00	60.981	0.016399	1418.2	1911.8	6.7932	0.90718	1.1722	819.75	-0.057603	7.3769e-05	0.11564	supercritical
1805.4	301.00	60.949	0.016407	1419.1	1912.9	6.7938	0.90725	1.1722	819.95	-0.057616	7.3794e-05	0.11569	supercritical
1806.4	301.00	60.916	0.016416	1420.0	1914.1	6.7945	0.90732	1.1723	820.15	-0.057629	7.3820e-05	0.11573	supercritical
1807.4	301.00	60.884	0.016425	1420.9	1915.3	6.7951	0.90739	1.1724	820.35	-0.057641	7.3845e-05	0.11578	supercritical
1808.4	301.00	60.852	0.016433	1421.8	1916.5	6.7958	0.90747	1.1724	820.54	-0.057654	7.3870e-05	0.11583	supercritical
1809.4	301.00	60.819	0.016442	1422.7	1917.6	6.7964	0.90754	1.1725	820.74	-0.057666	7.3896e-05	0.11588	supercritical
1810.4	301.00	60.787	0.016451	1423.6	1918.8	6.7971	0.90761	1.1726	820.94	-0.057679	7.3921e-05	0.11593	supercritical
1811.4	301.00	60.755	0.016460	1424.5	1920.0	6.7977	0.90768	1.1726	821.14	-0.057691	7.3946e-05	0.11598	supercritical
1812.4	301.00	60.723	0.016468	1425.5	1921.2	6.7984	0.90776	1.1727	821.34	-0.057704	7.3971e-05	0.11602	supercritical
1813.4	301.00	60.691	0.016477	1426.4	1922.3	6.7990	0.90783	1.1728	821.54	-0.057716	7.3997e-05	0.11607	supercritical
1814.4	301.00	60.659	0.016486	1427.3	1923.5	6.7997	0.90790	1.1728	821.73	-0.057729	7.4022e-05	0.11612	supercritical
1815.4	301.00	60.627	0.016494	1428.2	1924.7	6.8003	0.90797	1.1729	821.93	-0.057741	7.4047e-05	0.11617	supercritical
1816.4	301.00	60.595	0.016503	1429.1	1925.8	6.8010	0.90805	1.1730	822.13	-0.057753	7.4073e-05	0.11622	supercritical
1817.4	301.00	60.563	0.016512	1430.0	1927.0	6.8016	0.90812	1.1730	822.33	-0.057766	7.4098e-05	0.11627	supercritical
1818.4	301.00	60.531	0.016521	1430.9	1928.2	6.8023	0.90819	1.1731	822.52	-0.057778	7.4123e-05	0.11631	supercritical
1819.4	301.00	60.499	0.016529	1431.8	1929.4	6.8029	0.90826	1.1732	822.72	-0.057790	7.4148e-05	0.11636	supercritical
1820.4	301.00	60.467	0.016538	1432.7	1930.5	6.8035	0.90834	1.1732	822.92	-0.057803	7.4174e-05	0.11641	supercritical
1821.4	301.00	60.435	0.016547	1433.7	1931.7	6.8042	0.90841	1.1733	823.12	-0.057815	7.4199e-05	0.11646	supercritical
1822.4	301.00	60.403	0.016555	1434.6	1932.9	6.8048	0.90848	1.1734	823.32	-0.057827	7.4224e-05	0.11651	supercritical
1823.4	301.00	60.372	0.016564	1435.5	1934.1	6.8055	0.90855	1.1734	823.51	-0.057840	7.4249e-05	0.11656	supercritical
1824.4	301.00	60.340	0.016573	1436.4	1935.2	6.8061	0.90862	1.1735	823.71	-0.057852	7.4275e-05	0.11660	supercritical
1825.4	301.00	60.308	0.016582	1437.3	1936.4	6.8068	0.90870	1.1736	823.91	-0.057864	7.4300e-05	0.11665	supercritical
1826.4	301.00	60.276	0.016590	1438.2	1937.6	6.8074	0.90877	1.1736	824.10	-0.057876	7.4325e-05	0.11670	supercritical
1827.4	301.00	60.245	0.016599	1439.1	1938.8	6.8081	0.90884	1.1737	824.30	-0.057888	7.4350e-05	0.11675	supercritical
1828.4	301.00	60.213	0.016608	1440.0	1939.9	6.8087	0.90891	1.1737	824.50	-0.057900	7.4376e-05	0.11680	supercritical
1829.4	301.00	60.182	0.016616	1440.9	1941.1	6.8093	0.90899	1.1738	824.70	-0.057913	7.4401e-05	0.11684	supercritical
1830.4	301.00	60.150	0.016625	1441.9	1942.3	6.8100	0.90906	1.1739	824.89	-0.057925	7.4426e-05	0.11689	supercritical
1831.4	301.00	60.119	0.016634	1442.8	1943.4	6.8106	0.90913	1.1739	825.09	-0.057937	7.4451e-05	0.11694	supercritical
1832.4	301.00	60.087	0.016643	1443.7	1944.6	6.8113	0.90920	1.1740	825.29	-0.057949	7.4477e-05	0.11699	supercritical
1833.4	301.00	60.056	0.016651	1444.6	1945.8	6.8119	0.90927	1.1741	825.48	-0.057961	7.4502e-05	0.11704	supercritical
1834.4	301.00	60.024	0.016660	1445.5	1947.0	6.8125	0.90935	1.1741	825.68	-0.057973	7.4527e-05	0.11709	supercritical
1835.4	301.00	59.993	0.016669	1446.4	1948.1	6.8132	0.90942	1.1742	825.88	-0.057985	7.4552e-05	0.11713	supercritical
1836.4	301.00	59.962	0.016677	1447.3	1949.3	6.8138	0.90949	1.1743	826.08	-0.057997	7.4577e-05	0.11718	supercritical
1837.4	301.00	59.930	0.016686	1448.2	1950.5	6.8145	0.90956	1.1743	826.27	-0.058009	7.4603e-05	0.11723	supercritical
1838.4	301.00	59.899	0.016695	1449.2	1951.7	6.8151	0.90964	1.1744	826.47	-0.058021	7.4628e-05	0.11728	supercritical
1839.4	301.00	59.868	0.016703	1450.1	1952.8	6.8157	0.90971	1.1745	826.67	-0.058033	7.4653e-05	0.11733	supercritical
1840.4	301.00	59.837	0.016712	1451.0	1954.0	6.8164	0.90978	1.1745	826.86	-0.058045	7.4678e-05	0.11737	supercritical
1841.4	301.00	59.805	0.016721	1451.9	1955.2	6.8170	0.90985	1.1746	827.06	-0.058057	7.4703e-05	0.11742	supercritical
1842.4	301.00	59.774	0.016730	1452.8	1956.4	6.8176	0.90992	1.1747	827.26	-0.058069	7.4729e-05	0.11747	supercritical
1843.4	301.00	59.743	0.016738	1453.7	1957.5	6.8183	0.91000	1.1747	827.45	-0.058080	7.4754e-05	0.11752	supercritical
1844.4	301.00	59.712	0.016747	1454.6	1958.7	6.8189	0.91007	1.1748	827.65	-0.058092	7.4779e-05	0.11757	supercritical
1845.4	301.00	59.681	0.016756	1455.5	1959.9	6.8196	0.91014	1.1749	827.84	-0.058104	7.4804e-05	0.11762	supercritical
1846.4	301.00	59.650	0.016764	1456.5	1961.1	6.8202	0.91021	1.1749	828.04	-0.058116	7.4829e-05	0.11766	supercritical
1847.4	301.00	59.619	0.016773	1457.4	1962.2	6.8208	0.91028	1.1750	828.24	-0.058128	7.4855e-05	0.11771	supercritical
1848.4	301.00	59.588	0.016782	1458.3	1963.4	6.8215	0.91036	1.1751	828.43	-0.058139	7.4880e-05	0.11776	supercritical
1849.4	301.00	59.557	0.016791	1459.2	1964.6	6.8221	0.91043	1.1751	828.63	-0.058151	7.4905e-05	0.11781	supercritical
1850.4	301.00	59.526	0.016799	1460.1	1965.8	6.8227	0.91050	1.1752	828.82	-0.058163	7.4930e-05	0.11786	supercritical
1851.4	301.00	59.495	0.016808	1461.0	1966.9	6.8234	0.91057	1.1753	829.02	-0.058175	7.4955e-05	0.11790	supercritical
1852.4	301.00	59.465	0.016817	1461.9	1968.1	6.8240	0.91064	1.1753	829.22	-0.058186	7.4980e-05	0.11795	supercritical
1853.4	301.00	59.434	0.016825	1462.8	1969.3	6.8246	0.91072	1.1754	829.41	-0.058198	7.5006e-05	0.11800	supercritical
1854.4	301.00	59.403	0.016834	1463.8	1970.5	6.8253	0.91079	1.1755	829.61	-0.058210	7.5031e-05	0.11805	supercritical
1855.4	301.00	59.372	0.016843	1464.7	1971.6	6.8259	0.91086	1.1755	829.80	-0.058221	7.5056e-05	0.11810	supercritical
1856.4	301.00	59.342	0.016852	1465.6	1972.8	6.8265	0.91093	1.1756	830.00	-0.058233	7.5081e-05	0.11815	supercritical
1857.4	301.00	59.311	0.016860	1466.5	1974.0	6.8272	0.91100	1.1757	830.20	-0.058244	7.5106e-05	0.11819	supercritical
1858.4	301.00	59.280	0.016869	1467.4	1975.2	6.8278	0.91107	1.1757	830.39	-0.058256	7.5131e-05	0.11824	supercritical
1859.4	301.00	59.250	0.016878	1468.3	1976.3	6.8284	0.91115	1.1758	830.59	-0.058268	7.5156e-05	0.11829	supercritical
1860.4	301.00	59.219	0.016886	1469.2	1977.5	6.8291	0.91122	1.1759	830.78	-0.058279	7.5182e-05	0.11834	supercritical
1861.4	301.00	59.189	0.016895	1470.2	1978.7	6.8297	0.91129	1.1759	830.98	-0.058291	7.5207e-05	0.11839	supercritical
1862.4	301.00	59.158	0.016904	1471.1	1979.9	6.8303	0.91136	1.1760	831.17	-0.058302	7.5232e-05	0.11843	supercritical
1863.4	301.00	59.128	0.016913	1472.0	1981.0	6.8310	0.91143	1.1761	831.37	-0.058314	7.5257e-05	0.11848	supercritical
1864.4	301.00	59.097	0.016921	1472.9	1982.2	6.8316	0.91151	1.1761	831.56	-0.058325	7.5282e-05	0.11853	supercritical
1865.4	301.00	59.067	0.016930	1473.8	1983.4	6.8322	0.91158	1.1762	831.76	-0.058337	7.5307e-05	0.11858	supercritical
1866.4	301.00	59.037	0.016939	1474.7	1984.6	6.8329	0.91165	1.1763	831.95	-0.058348	7.5332e-05	0.11863	supercritical
1867.4	301.00	59.006	0.016947	1475.6	1985.8	6.8335	0.91172	1.1763	832.15	-0.058359	7.5357e-05	0.11867	supercritical
1868.4	301.00	58.976	0.016956	1476.6	1986.9	6.8341	0.91179	1.1764	832.34	-0.058371	7.5383e-05	0.11872	supercritical
1869.4	301.00	58.946	0.016965	1477.5	1988.1	6.8348	0.91186	1.1765	832.54	-0.058382	7.5408e-05	0.11877	supercritical
1870.4	301.00	58.916	0.016973	1478.4	1989.3	6.8354	0.91194	1.1765	832.73	-0.058394	7.5433e-05	0.11882	supercritical
1871.4	301.00	58.885	0.016982	1479.3	1990.5	6.8360	0.91201	1.1766	832.93	-0.058405	7.5458e-05	0.11887	supercritical
1872.4	301.00	58.855	0.016991	1480.2	1991.6	6.8366	0.91208	1.1767	833.12	-0.058416	7.5483e-05	0.11891	supercritical
1873.4	301.00	58.825	0.017000	1481.1	1992.8	6.8373	0.91215	1.1767	833.32	-0.058428	7.5508e-05	0.11896	supercritical
1874.4	301.00	58.795	0.017008	1482.0	1994.0	6.8379	0.91222	1.1768	833.51	-0.058439	7.5533e-05	0.11901	supercritical
1875.4	301.00	58.765	0.017017	1483.0	1995.2	6.8385	0.91229	1.1769	833.71	-0.058450	7.5558e-05	0.11906	supercritical
1876.4	301.00	58.735	0.017026	1483.9	1996.3	6.8392	0.91237	1.1769	833.90	-0.058461	7.5583e-05	0.11911	supercritical
1877.4	301.00	58.705	0.017034	1484.8	1997.5	6.8398	0.91244	1.1770	834.10	-0.058473	7.5608e-05	0.11916	supercritical
1878.4	301.00	58.675	0.017043	1485.7	1998.7	6.8404	0.91251	1.1770	834.29	-0.058484	7.5634e-05	0.11920	supercritical
1879.4	301.00	58.645	0.017052	1486.6	1999.9	6.8410	0.91258	1.1771	834.49	-0.058495	7.5659e-05	0.11925	supercritical
1880.4	301.00	58.615	0.017061	1487.5	2001.0	6.8417	0.91265	1.1772	834.68	-0.058506	7.5684e-05	0.11930	supercritical
1881.4	301.00	58.585	0.017069	1488.4	2002.2	6.8423	0.91272	1.1772	834.88	-0.058517	7.5709e-05	0.11935	supercritical
1882.4	301.00	58.555	0.017078	1489.4	2003.4	6.8429	0.91280	1.1773	835.07	-0.058528	7.5734e-05	0.11940	supercritical
1883.4	301.00	58.525	0.017087	1490.3	2004.6	6.8435	0.91287	1.1774	835.26	-0.058540	7.5759e-05	0.11944	supercritical
1884.4	301.00	58.495	0.017095	1491.2	2005.8	6.8442	0.91294	1.1774	835.46	-0.058551	7.5784e-05	0.11949	supercritical
1885.4	301.00	58.466	0.017104	1492.1	2006.9	6.8448	0.91301	1.1775	835.65	-0.058562	7.5809e-05	0.11954	supercritical
1886.4	301.00	58.436	0.017113	1493.0	2008.1	6.8454	0.91308	1.1776	835.85	-0.058573	7.5834e-05	0.11959	supercritical
1887.4	301.00	58.406	0.017121	1493.9	2009.3	6.8460	0.91315	1.1776	836.04	-0.058584	7.5859e-05	0.11964	supercritical
1888.4	301.00	58.376	0.017130	1494.8	2010.5	6.8467	0.91323	1.1777	836.24	-0.058595	7.5884e-05	0.11968	supercritical
1889.4	301.00	58.347	0.017139	1495.8	2011.6	6.8473	0.91330	1.1778	836.43	-0.058606	7.5909e-05	0.11973	supercritical
1890.4	301.00	58.317	0.017148	1496.7	2012.8	6.8479	0.91337	1.1778	836.62	-0.058617	7.5934e-05	0.11978	supercritical
1891.4	301.00	58.288	0.017156	1497.6	2014.0	6.8485	0.91344	1.1779	836.82	-0.058628	7.5959e-05	0.11983	supercritical
1892.4	301.00	58.258	0.017165	1498.5	2015.2	6.8491	0.91351	1.1780	837.01	-0.058639	7.5984e-05	0.11988	supercritical
1893.4	301.00	58.229	0.017174	1499.4	2016.4	6.8498	0.91358	1.1780	837.20	-0.058650	7.6009e-05	0.11992	supercritical
1894.4	301.00	58.199	0.017182	1500.3	2017.5	6.8504	0.91365	1.1781	837.40	-0.058661	7.6034e-05	0.11997	supercritical
1895.4	301.00	58.170	0.017191	1501.3	2018.7	6.8510	0.91373	1.1782	837.59	-0.058672	7.6059e-05	0.12002	supercritical
1896.4	301.00	58.140	0.017200	1502.2	2019.9	6.8516	0.91380	1.1782	837.79	-0.058683	7.6084e-05	0.12007	supercritical
1897.4	301.00	58.111	0.017209	1503.1	2021.1	6.8523	0.91387	1.1783	837.98	-0.058693	7.6109e-05	0.12012	supercritical
1898.4	301.00	58.081	0.017217	1504.0	2022.2	6.8529	0.91394	1.1784	838.17	-0.058704	7.6134e-05	0.12016	supercritical
1899.4	301.00	58.052	0.017226	1504.9	2023.4	6.8535	0.91401	1.1784	838.37	-0.058715	7.6159e-05	0.12021	supercritical
1900.4	301.00	58.023	0.017235	1505.8	2024.6	6.8541	0.91408	1.1785	838.56	-0.058726	7.6184e-05	0.12026	supercritical
1901.4	301.00	57.993	0.017243	1506.8	2025.8	6.8547	0.91415	1.1786	838.75	-0.058737	7.6210e-05	0.12031	supercritical
1902.4	301.00	57.964	0.017252	1507.7	2027.0	6.8554	0.91423	1.1786	838.95	-0.058748	7.6235e-05	0.12036	supercritical
1903.4	301.00	57.935	0.017261	1508.6	2028.1	6.8560	0.91430	1.1787	839.14	-0.058758	7.6260e-05	0.12040	supercritical
1904.4	301.00	57.906	0.017269	1509.5	2029.3	6.8566	0.91437	1.1788	839.33	-0.058769	7.6285e-05	0.12045	supercritical
1905.4	301.00	57.876	0.017278	1510.4	2030.5	6.8572	0.91444	1.1788	839.53	-0.058780	7.6310e-05	0.12050	supercritical
1906.4	301.00	57.847	0.017287	1511.3	2031.7	6.8578	0.91451	1.1789	839.72	-0.058791	7.6335e-05	0.12055	supercritical
1907.4	301.00	57.818	0.017296	1512.3	2032.9	6.8585	0.91458	1.1790	839.91	-0.058801	7.6360e-05	0.12060	supercritical
1908.4	301.00	57.789	0.017304	1513.2	2034.0	6.8591	0.91465	1.1790	840.11	-0.058812	7.6384e-05	0.12064	supercritical
1909.4	301.00	57.760	0.017313	1514.1	2035.2	6.8597	0.91473	1.1791	840.30	-0.058823	7.6409e-05	0.12069	supercritical
1910.4	301.00	57.731	0.017322	1515.0	2036.4	6.8603	0.91480	1.1792	840.49	-0.058833	7.6434e-05	0.12074	supercritical
1911.4	301.00	57.702	0.017330	1515.9	2037.6	6.8609	0.91487	1.1792	840.68	-0.058844	7.6459e-05	0.12079	supercritical
1912.4	301.00	57.673	0.017339	1516.8	2038.8	6.8615	0.91494	1.1793	840.88	-0.058854	7.6484e-05	0.12084	supercritical
1913.4	301.00	57.644	0.017348	1517.8	2039.9	6.8622	0.91501	1.1794	841.07	-0.058865	7.6509e-05	0.12088	supercritical
1914.4	301.00	57.615	0.017357	1518.7	2041.1	6.8628	0.91508	1.1794	841.26	-0.058876	7.6534e-05	0.12093	supercritical
1915.4	301.00	57.586	0.017365	1519.6	2042.3	6.8634	0.91515	1.1795	841.46	-0.058886	7.6559e-05	0.12098	supercritical
1916.4	301.00	57.558	0.017374	1520.5	2043.5	6.8640	0.91522	1.1796	841.65	-0.058897	7.6584e-05	0.12103	supercritical
1917.4	301.00	57.529	0.017383	1521.4	2044.6	6.8646	0.91530	1.1796	841.84	-0.058907	7.6609e-05	0.12108	supercritical
1918.4	301.00	57.500	0.017391	1522.4	2045.8	6.8652	0.91537	1.1797	842.03	-0.058918	7.6634e-05	0.12112	supercritical
1919.4	301.00	57.471	0.017400	1523.3	2047.0	6.8658	0.91544	1.1798	842.23	-0.058928	7.6659e-05	0.12117	supercritical
1920.4	301.00	57.442	0.017409	1524.2	2048.2	6.8665	0.91551	1.1798	842.42	-0.058939	7.6684e-05	0.12122	supercritical
1921.4	301.00	57.414	0.017417	1525.1	2049.4	6.8671	0.91558	1.1799	842.61	-0.058949	7.6709e-05	0.12127	supercritical
1922.4	301.00	57.385	0.017426	1526.0	2050.5	6.8677	0.91565	1.1799	842.80	-0.058960	7.6734e-05	0.12131	supercritical
1923.4	301.00	57.356	0.017435	1526.9	2051.7	6.8683	0.91572	1.1800	842.99	-0.058970	7.6759e-05	0.12136	supercritical
1924.4	301.00	57.328	0.017444	1527.9	2052.9	6.8689	0.91579	1.1801	843.19	-0.058981	7.6784e-05	0.12141	supercritical
1925.4	301.00	57.299	0.017452	1528.8	2054.1	6.8695	0.91586	1.1801	843.38	-0.058991	7.6809e-05	0.12146	supercritical
1926.4	301.00	57.271	0.017461	1529.7	2055.3	6.8701	0.91594	1.1802	843.57	-0.059001	7.6834e-05	0.12151	supercritical
1927.4	301.00	57.242	0.017470	1530.6	2056.4	6.8708	0.91601	1.1803	843.76	-0.059012	7.6859e-05	0.12155	supercritical
1928.4	301.00	57.214	0.017478	1531.5	2057.6	6.8714	0.91608	1.1803	843.96	-0.059022	7.6884e-05	0.12160	supercritical
1929.4	301.00	57.185	0.017487	1532.4	2058.8	6.8720	0.91615	1.1804	844.15	-0.059032	7.6909e-05	0.12165	supercritical
1930.4	301.00	57.157	0.017496	1533.4	2060.0	6.8726	0.91622	1.1805	844.34	-0.059043	7.6934e-05	0.12170	supercritical
1931.4	301.00	57.128	0.017504	1534.3	2061.2	6.8732	0.91629	1.1805	844.53	-0.059053	7.6958e-05	0.12175	supercritical
1932.4	301.00	57.100	0.017513	1535.2	2062.4	6.8738	0.91636	1.1806	844.72	-0.059063	7.6983e-05	0.12179	supercritical
1933.4	301.00	57.072	0.017522	1536.1	2063.5	6.8744	0.91643	1.1807	844.91	-0.059074	7.7008e-05	0.12184	supercritical
1934.4	301.00	57.043	0.017531	1537.0	2064.7	6.8750	0.91650	1.1807	845.11	-0.059084	7.7033e-05	0.12189	supercritical
1935.4	301.00	57.015	0.017539	1538.0	2065.9	6.8756	0.91658	1.1808	845.30	-0.059094	7.7058e-05	0.12194	supercritical
1936.4	301.00	56.987	0.017548	1538.9	2067.1	6.8763	0.91665	1.1809	845.49	-0.059104	7.7083e-05	0.12199	supercritical
1937.4	301.00	56.958	0.017557	1539.8	2068.3	6.8769	0.91672	1.1809	845.68	-0.059114	7.7108e-05	0.12203	supercritical
1938.4	301.00	56.930	0.017565	1540.7	2069.4	6.8775	0.91679	1.1810	845.87	-0.059125	7.7133e-05	0.12208	supercritical
1939.4	301.00	56.902	0.017574	1541.6	2070.6	6.8781	0.91686	1.1811	846.06	-0.059135	7.7158e-05	0.12213	supercritical
1940.4	301.00	56.874	0.017583	1542.6	2071.8	6.8787	0.91693	1.1811	846.26	-0.059145	7.7183e-05	0.12218	supercritical
1941.4	301.00	56.846	0.017591	1543.5	2073.0	6.8793	0.91700	1.1812	846.45	-0.059155	7.7208e-05	0.12223	supercritical
1942.4	301.00	56.818	0.017600	1544.4	2074.2	6.8799	0.91707	1.1813	846.64	-0.059165	7.7232e-05	0.12227	supercritical
1943.4	301.00	56.790	0.017609	1545.3	2075.3	6.8805	0.91714	1.1813	846.83	-0.059175	7.7257e-05	0.12232	supercritical
1944.4	301.00	56.761	0.017618	1546.2	2076.5	6.8811	0.91721	1.1814	847.02	-0.059185	7.7282e-05	0.12237	supercritical
1945.4	301.00	56.733	0.017626	1547.2	2077.7	6.8817	0.91728	1.1815	847.21	-0.059196	7.7307e-05	0.12242	supercritical
1946.4	301.00	56.705	0.017635	1548.1	2078.9	6.8823	0.91736	1.1815	847.40	-0.059206	7.7332e-05	0.12246	supercritical
1947.4	301.00	56.677	0.017644	1549.0	2080.1	6.8829	0.91743	1.1816	847.59	-0.059216	7.7357e-05	0.12251	supercritical
1948.4	301.00	56.650	0.017652	1549.9	2081.2	6.8836	0.91750	1.1817	847.78	-0.059226	7.7382e-05	0.12256	supercritical
1949.4	301.00	56.622	0.017661	1550.8	2082.4	6.8842	0.91757	1.1817	847.98	-0.059236	7.7407e-05	0.12261	supercritical
1950.4	301.00	56.594	0.017670	1551.8	2083.6	6.8848	0.91764	1.1818	848.17	-0.059246	7.7431e-05	0.12266	supercritical
1951.4	301.00	56.566	0.017678	1552.7	2084.8	6.8854	0.91771	1.1819	848.36	-0.059256	7.7456e-05	0.12270	supercritical
1952.4	301.00	56.538	0.017687	1553.6	2086.0	6.8860	0.91778	1.1819	848.55	-0.059266	7.7481e-05	0.12275	supercritical
1953.4	301.00	56.510	0.017696	1554.5	2087.2	6.8866	0.91785	1.1820	848.74	-0.059276	7.7506e-05	0.12280	supercritical
1954.4	301.00	56.483	0.017705	1555.4	2088.3	6.8872	0.91792	1.1821	848.93	-0.059285	7.7531e-05	0.12285	supercritical
1955.4	301.00	56.455	0.017713	1556.4	2089.5	6.8878	0.91799	1.1821	849.12	-0.059295	7.7556e-05	0.12290	supercritical
1956.4	301.00	56.427	0.017722	1557.3	2090.7	6.8884	0.91806	1.1822	849.31	-0.059305	7.7581e-05	0.12294	supercritical
1957.4	301.00	56.399	0.017731	1558.2	2091.9	6.8890	0.91814	1.1823	849.50	-0.059315	7.7605e-05	0.12299	supercritical
1958.4	301.00	56.372	0.017739	1559.1	2093.1	6.8896	0.91821	1.1823	849.69	-0.059325	7.7630e-05	0.12304	supercritical
1959.4	301.00	56.344	0.017748	1560.0	2094.3	6.8902	0.91828	1.1824	849.88	-0.059335	7.7655e-05	0.12309	supercritical
1960.4	301.00	56.316	0.017757	1561.0	2095.4	6.8908	0.91835	1.1825	850.07	-0.059345	7.7680e-05	0.12313	supercritical
1961.4	301.00	56.289	0.017765	1561.9	2096.6	6.8914	0.91842	1.1825	850.26	-0.059354	7.7705e-05	0.12318	supercritical
1962.4	301.00	56.261	0.017774	1562.8	2097.8	6.8920	0.91849	1.1826	850.45	-0.059364	7.7730e-05	0.12323	supercritical
1963.4	301.00	56.234	0.017783	1563.7	2099.0	6.8926	0.91856	1.1827	850.64	-0.059374	7.7754e-05	0.12328	supercritical
1964.4	301.00	56.206	0.017792	1564.6	2100.2	6.8932	0.91863	1.1827	850.83	-0.059384	7.7779e-05	0.12333	supercritical
1965.4	301.00	56.179	0.017800	1565.6	2101.3	6.8938	0.91870	1.1828	851.02	-0.059394	7.7804e-05	0.12337	supercritical
1966.4	301.00	56.151	0.017809	1566.5	2102.5	6.8944	0.91877	1.1828	851.21	-0.059403	7.7829e-05	0.12342	supercritical
1967.4	301.00	56.124	0.017818	1567.4	2103.7	6.8950	0.91884	1.1829	851.40	-0.059413	7.7854e-05	0.12347	supercritical
1968.4	301.00	56.097	0.017826	1568.3	2104.9	6.8956	0.91891	1.1830	851.59	-0.059423	7.7879e-05	0.12352	supercritical
1969.4	301.00	56.069	0.017835	1569.2	2106.1	6.8962	0.91898	1.1830	851.78	-0.059432	7.7903e-05	0.12356	supercritical
1970.4	301.00	56.042	0.017844	1570.2	2107.3	6.8968	0.91905	1.1831	851.97	-0.059442	7.7928e-05	0.12361	supercritical
1971.4	301.00	56.015	0.017852	1571.1	2108.4	6.8974	0.91913	1.1832	852.16	-0.059452	7.7953e-05	0.12366	supercritical
1972.4	301.00	55.987	0.017861	1572.0	2109.6	6.8980	0.91920	1.1832	852.35	-0.059461	7.7978e-05	0.12371	supercritical
1973.4	301.00	55.960	0.017870	1572.9	2110.8	6.8986	0.91927	1.1833	852.54	-0.059471	7.8003e-05	0.12376	supercritical
1974.4	301.00	55.933	0.017879	1573.8	2112.0	6.8992	0.91934	1.1834	852.73	-0.059481	7.8027e-05	0.12380	supercritical
1975.4	301.00	55.906	0.017887	1574.8	2113.2	6.8998	0.91941	1.1834	852.92	-0.059490	7.8052e-05	0.12385	supercritical
1976.4	301.00	55.878	0.017896	1575.7	2114.4	6.9004	0.91948	1.1835	853.11	-0.059500	7.8077e-05	0.12390	supercritical
1977.4	301.00	55.851	0.017905	1576.6	2115.5	6.9010	0.91955	1.1836	853.30	-0.059509	7.8102e-05	0.12395	supercritical
1978.4	301.00	55.824	0.017913	1577.5	2116.7	6.9016	0.91962	1.1836	853.49	-0.059519	7.8127e-05	0.12399	supercritical
1979.4	301.00	55.797	0.017922	1578.5	2117.9	6.9022	0.91969	1.1837	853.68	-0.059529	7.8151e-05	0.12404	supercritical
1980.4	301.00	55.770	0.017931	1579.4	2119.1	6.9028	0.91976	1.1838	853.87	-0.059538	7.8176e-05	0.12409	supercritical
1981.4	301.00	55.743	0.017939	1580.3	2120.3	6.9034	0.91983	1.1838	854.06	-0.059548	7.8201e-05	0.12414	supercritical
1982.4	301.00	55.716	0.017948	1581.2	2121.5	6.9040	0.91990	1.1839	854.25	-0.059557	7.8226e-05	0.12419	supercritical
1983.4	301.00	55.689	0.017957	1582.1	2122.6	6.9046	0.91997	1.1840	854.44	-0.059567	7.8251e-05	0.12423	supercritical
1984.4	301.00	55.662	0.017966	1583.1	2123.8	6.9052	0.92004	1.1840	854.63	-0.059576	7.8275e-05	0.12428	supercritical
1985.4	301.00	55.635	0.017974	1584.0	2125.0	6.9058	0.92011	1.1841	854.82	-0.059586	7.8300e-05	0.12433	supercritical
1986.4	301.00	55.608	0.017983	1584.9	2126.2	6.9064	0.92018	1.1842	855.01	-0.059595	7.8325e-05	0.12438	supercritical
1987.4	301.00	55.581	0.017992	1585.8	2127.4	6.9070	0.92025	1.1842	855.20	-0.059604	7.8350e-05	0.12442	supercritical
1988.4	301.00	55.554	0.018000	1586.8	2128.6	6.9076	0.92032	1.1843	855.38	-0.059614	7.8374e-05	0.12447	supercritical
1989.4	301.00	55.528	0.018009	1587.7	2129.8	6.9082	0.92040	1.1844	855.57	-0.059623	7.8399e-05	0.12452	supercritical
1990.4	301.00	55.501	0.018018	1588.6	2130.9	6.9088	0.92047	1.1844	855.76	-0.059633	7.8424e-05	0.12457	supercritical
1991.4	301.00	55.474	0.018026	1589.5	2132.1	6.9094	0.92054	1.1845	855.95	-0.059642	7.8449e-05	0.12462	supercritical
1992.4	301.00	55.447	0.018035	1590.4	2133.3	6.9100	0.92061	1.1846	856.14	-0.059651	7.8473e-05	0.12466	supercritical
1993.4	301.00	55.421	0.018044	1591.4	2134.5	6.9106	0.92068	1.1846	856.33	-0.059661	7.8498e-05	0.12471	supercritical
1994.4	301.00	55.394	0.018053	1592.3	2135.7	6.9112	0.92075	1.1847	856.52	-0.059670	7.8523e-05	0.12476	supercritical
1995.4	301.00	55.367	0.018061	1593.2	2136.9	6.9118	0.92082	1.1848	856.71	-0.059679	7.8548e-05	0.12481	supercritical
1996.4	301.00	55.341	0.018070	1594.1	2138.0	6.9124	0.92089	1.1848	856.90	-0.059689	7.8572e-05	0.12485	supercritical
1997.4	301.00	55.314	0.018079	1595.1	2139.2	6.9129	0.92096	1.1849	857.08	-0.059698	7.8597e-05	0.12490	supercritical
1998.4	301.00	55.287	0.018087	1596.0	2140.4	6.9135	0.92103	1.1850	857.27	-0.059707	7.8622e-05	0.12495	supercritical
1999.4	301.00	55.261	0.018096	1596.9	2141.6	6.9141	0.92110	1.1850	857.46	-0.059716	7.8647e-05	0.12500	supercritical