Temperature (K)	Pressure (bar)	Density (kg/m3)	Volume (m3/kg)	Internal Energy (kJ/kg)	Enthalpy (kJ/kg)	Entropy (J/g*K)	Cv (J/g*K)	Cp (J/g*K)	Sound Spd. (m/s)	Joule-Thomson (K/bar)	Viscosity (Pa*s)	Therm. Cond. (W/m*K)	Phase
54.361	93.000	1316.1	0.00075981	-194.77	-187.70	2.0704	1.1740	1.6391	1151.9	-0.038794	0.00083070	0.20511	liquid
56.361	93.000	1308.1	0.00076448	-191.53	-184.42	2.1297	1.1347	1.6440	1158.0	-0.038311	0.00074728	0.20249	liquid
57.361	93.000	1304.0	0.00076689	-189.91	-182.77	2.1587	1.1203	1.6471	1158.3	-0.038088	0.00070963	0.20118	liquid
58.361	93.000	1299.8	0.00076935	-188.28	-181.13	2.1872	1.1082	1.6500	1157.1	-0.037884	0.00067449	0.19985	liquid
59.361	93.000	1295.6	0.00077184	-186.65	-179.47	2.2152	1.0979	1.6527	1154.7	-0.037697	0.00064171	0.19853	liquid
60.361	93.000	1291.4	0.00077436	-185.02	-177.82	2.2429	1.0890	1.6550	1151.4	-0.037529	0.00061111	0.19720	liquid
61.361	93.000	1287.1	0.00077691	-183.39	-176.16	2.2701	1.0811	1.6569	1147.2	-0.037377	0.00058256	0.19587	liquid
62.361	93.000	1282.9	0.00077950	-181.76	-174.51	2.2969	1.0740	1.6585	1142.3	-0.037240	0.00055590	0.19454	liquid
63.361	93.000	1278.6	0.00078210	-180.12	-172.85	2.3233	1.0675	1.6596	1137.0	-0.037115	0.00053100	0.19321	liquid
64.361	93.000	1274.3	0.00078474	-178.49	-171.19	2.3493	1.0615	1.6604	1131.2	-0.037001	0.00050773	0.19188	liquid
65.361	93.000	1270.0	0.00078740	-176.85	-169.53	2.3749	1.0558	1.6610	1125.1	-0.036895	0.00048596	0.19055	liquid
66.361	93.000	1265.7	0.00079008	-175.21	-167.87	2.4001	1.0503	1.6612	1118.7	-0.036795	0.00046558	0.18922	liquid
67.361	93.000	1261.4	0.00079279	-173.58	-166.20	2.4249	1.0451	1.6612	1112.0	-0.036700	0.00044649	0.18789	liquid
68.361	93.000	1257.0	0.00079552	-171.94	-164.54	2.4494	1.0401	1.6611	1105.2	-0.036608	0.00042860	0.18656	liquid
69.361	93.000	1252.7	0.00079827	-170.31	-162.88	2.4735	1.0351	1.6608	1098.3	-0.036517	0.00041181	0.18524	liquid
70.361	93.000	1248.4	0.00080105	-168.67	-161.22	2.4973	1.0303	1.6604	1091.2	-0.036427	0.00039603	0.18391	liquid
71.361	93.000	1244.0	0.00080385	-167.04	-159.56	2.5207	1.0256	1.6599	1084.1	-0.036336	0.00038121	0.18258	liquid
72.361	93.000	1239.7	0.00080667	-165.40	-157.90	2.5438	1.0209	1.6594	1076.9	-0.036243	0.00036725	0.18125	liquid
73.361	93.000	1235.3	0.00080952	-163.77	-156.24	2.5666	1.0164	1.6588	1069.6	-0.036146	0.00035411	0.17992	liquid
74.361	93.000	1230.9	0.00081240	-162.14	-154.58	2.5890	1.0118	1.6583	1062.4	-0.036046	0.00034171	0.17860	liquid
75.361	93.000	1226.5	0.00081530	-160.51	-152.93	2.6112	1.0073	1.6578	1055.0	-0.035941	0.00033002	0.17727	liquid
76.361	93.000	1222.2	0.00081822	-158.88	-151.27	2.6330	1.0029	1.6573	1047.7	-0.035831	0.00031897	0.17594	liquid
77.361	93.000	1217.8	0.00082117	-157.25	-149.61	2.6546	0.99855	1.6568	1040.4	-0.035715	0.00030852	0.17461	liquid
78.361	93.000	1213.4	0.00082415	-155.62	-147.95	2.6759	0.99423	1.6564	1033.0	-0.035593	0.00029862	0.17328	liquid
79.361	93.000	1209.0	0.00082716	-153.99	-146.30	2.6969	0.98995	1.6561	1025.6	-0.035463	0.00028925	0.17195	liquid
80.361	93.000	1204.5	0.00083020	-152.36	-144.64	2.7176	0.98572	1.6559	1018.3	-0.035326	0.00028035	0.17062	liquid
81.361	93.000	1200.1	0.00083326	-150.74	-142.99	2.7381	0.98153	1.6558	1010.9	-0.035181	0.00027191	0.16929	liquid
82.361	93.000	1195.7	0.00083636	-149.11	-141.33	2.7583	0.97740	1.6557	1003.5	-0.035028	0.00026389	0.16796	liquid
83.361	93.000	1191.2	0.00083949	-147.48	-139.67	2.7783	0.97331	1.6558	996.18	-0.034866	0.00025625	0.16663	liquid
84.361	93.000	1186.7	0.00084265	-145.86	-138.02	2.7981	0.96927	1.6560	988.81	-0.034695	0.00024898	0.16530	liquid
85.361	93.000	1182.2	0.00084585	-144.23	-136.36	2.8176	0.96528	1.6563	981.45	-0.034514	0.00024205	0.16396	liquid
86.361	93.000	1177.8	0.00084908	-142.60	-134.71	2.8369	0.96133	1.6567	974.09	-0.034324	0.00023544	0.16263	liquid
87.361	93.000	1173.2	0.00085234	-140.98	-133.05	2.8559	0.95744	1.6573	966.73	-0.034123	0.00022912	0.16129	liquid
88.361	93.000	1168.7	0.00085564	-139.35	-131.39	2.8748	0.95359	1.6580	959.37	-0.033912	0.00022308	0.15996	liquid
89.361	93.000	1164.2	0.00085898	-137.72	-129.73	2.8935	0.94979	1.6588	952.01	-0.033690	0.00021730	0.15862	liquid
90.361	93.000	1159.6	0.00086236	-136.09	-128.07	2.9119	0.94604	1.6597	944.65	-0.033458	0.00021177	0.15728	liquid
91.361	93.000	1155.0	0.00086578	-134.47	-126.41	2.9302	0.94234	1.6608	937.29	-0.033213	0.00020646	0.15594	liquid
92.361	93.000	1150.4	0.00086924	-132.84	-124.75	2.9483	0.93869	1.6620	929.92	-0.032957	0.00020137	0.15460	liquid
93.361	93.000	1145.8	0.00087274	-131.21	-123.09	2.9662	0.93509	1.6634	922.56	-0.032689	0.00019648	0.15326	liquid
94.361	93.000	1141.2	0.00087629	-129.58	-121.43	2.9839	0.93153	1.6649	915.19	-0.032408	0.00019178	0.15191	liquid
95.361	93.000	1136.5	0.00087988	-127.94	-119.76	3.0015	0.92802	1.6665	907.81	-0.032114	0.00018725	0.15057	liquid
96.361	93.000	1131.8	0.00088352	-126.31	-118.09	3.0189	0.92456	1.6683	900.42	-0.031807	0.00018290	0.14922	liquid
97.361	93.000	1127.1	0.00088720	-124.67	-116.42	3.0361	0.92114	1.6703	893.03	-0.031486	0.00017870	0.14788	liquid
98.361	93.000	1122.4	0.00089094	-123.04	-114.75	3.0532	0.91778	1.6724	885.63	-0.031151	0.00017465	0.14653	liquid
99.361	93.000	1117.7	0.00089473	-121.40	-113.08	3.0701	0.91446	1.6746	878.23	-0.030802	0.00017073	0.14518	liquid
100.36	93.000	1112.9	0.00089857	-119.76	-111.40	3.0869	0.91118	1.6771	870.81	-0.030437	0.00016695	0.14383	liquid
101.36	93.000	1108.1	0.00090246	-118.12	-109.72	3.1035	0.90795	1.6796	863.38	-0.030057	0.00016330	0.14248	liquid
102.36	93.000	1103.3	0.00090641	-116.47	-108.04	3.1200	0.90477	1.6824	855.93	-0.029660	0.00015976	0.14113	liquid
103.36	93.000	1098.4	0.00091042	-114.83	-106.36	3.1364	0.90163	1.6853	848.48	-0.029247	0.00015633	0.13978	liquid
104.36	93.000	1093.5	0.00091449	-113.18	-104.67	3.1527	0.89853	1.6884	841.00	-0.028817	0.00015301	0.13843	liquid
105.36	93.000	1088.6	0.00091862	-111.53	-102.98	3.1688	0.89548	1.6917	833.52	-0.028369	0.00014979	0.13708	liquid
106.36	93.000	1083.6	0.00092282	-109.87	-101.29	3.1848	0.89248	1.6951	826.01	-0.027902	0.00014666	0.13572	liquid
107.36	93.000	1078.7	0.00092708	-108.21	-99.592	3.2007	0.88952	1.6987	818.49	-0.027416	0.00014362	0.13437	liquid
108.36	93.000	1073.6	0.00093142	-106.55	-97.892	3.2164	0.88660	1.7026	810.95	-0.026909	0.00014067	0.13301	liquid
109.36	93.000	1068.6	0.00093582	-104.89	-96.187	3.2321	0.88373	1.7066	803.39	-0.026382	0.00013779	0.13166	liquid
110.36	93.000	1063.5	0.00094030	-103.22	-94.478	3.2476	0.88090	1.7108	795.80	-0.025833	0.00013500	0.13031	liquid
111.36	93.000	1058.4	0.00094485	-101.55	-92.765	3.2631	0.87811	1.7153	788.20	-0.025262	0.00013227	0.12896	liquid
112.36	93.000	1053.2	0.00094949	-99.878	-91.048	3.2784	0.87537	1.7199	780.57	-0.024667	0.00012962	0.12761	liquid
113.36	93.000	1048.0	0.00095420	-98.200	-89.325	3.2937	0.87267	1.7248	772.91	-0.024047	0.00012703	0.12626	liquid
114.36	93.000	1042.7	0.00095900	-96.517	-87.598	3.3089	0.87001	1.7299	765.23	-0.023402	0.00012450	0.12491	liquid
115.36	93.000	1037.5	0.00096389	-94.830	-85.866	3.3240	0.86740	1.7353	757.53	-0.022729	0.00012204	0.12356	liquid
116.36	93.000	1032.1	0.00096888	-93.138	-84.127	3.3390	0.86483	1.7409	749.79	-0.022029	0.00011963	0.12221	liquid
117.36	93.000	1026.7	0.00097396	-91.441	-82.384	3.3539	0.86231	1.7468	742.02	-0.021299	0.00011727	0.12086	liquid
118.36	93.000	1021.3	0.00097914	-89.740	-80.634	3.3687	0.85983	1.7530	734.23	-0.020538	0.00011497	0.11951	liquid
119.36	93.000	1015.8	0.00098442	-88.033	-78.878	3.3835	0.85740	1.7595	726.40	-0.019745	0.00011271	0.11816	liquid
120.36	93.000	1010.3	0.00098981	-86.320	-77.115	3.3982	0.85501	1.7662	718.53	-0.018917	0.00011051	0.11682	liquid
121.36	93.000	1004.7	0.00099532	-84.601	-75.345	3.4128	0.85267	1.7733	710.63	-0.018054	0.00010835	0.11547	liquid
122.36	93.000	999.06	0.0010009	-82.877	-73.568	3.4274	0.85037	1.7808	702.70	-0.017153	0.00010623	0.11412	liquid
123.36	93.000	993.36	0.0010067	-81.146	-71.783	3.4420	0.84812	1.7885	694.73	-0.016212	0.00010416	0.11278	liquid
124.36	93.000	987.59	0.0010126	-79.408	-69.991	3.4564	0.84592	1.7967	686.71	-0.015230	0.00010212	0.11143	liquid
125.36	93.000	981.77	0.0010186	-77.663	-68.190	3.4709	0.84377	1.8053	678.66	-0.014203	0.00010013	0.11009	liquid
126.36	93.000	975.87	0.0010247	-75.910	-66.380	3.4852	0.84167	1.8142	670.56	-0.013130	9.8169e-05	0.10875	liquid
127.36	93.000	969.91	0.0010310	-74.150	-64.561	3.4996	0.83962	1.8236	662.42	-0.012007	9.6245e-05	0.10741	liquid
128.36	93.000	963.88	0.0010375	-72.381	-62.733	3.5139	0.83762	1.8335	654.23	-0.010832	9.4356e-05	0.10607	liquid
129.36	93.000	957.77	0.0010441	-70.604	-60.894	3.5281	0.83567	1.8439	645.99	-0.0096008	9.2499e-05	0.10473	liquid
130.36	93.000	951.58	0.0010509	-68.818	-59.045	3.5424	0.83378	1.8548	637.70	-0.0083111	9.0674e-05	0.10339	liquid
131.36	93.000	945.31	0.0010579	-67.022	-57.184	3.5566	0.83195	1.8663	629.36	-0.0069587	8.8879e-05	0.10206	liquid
132.36	93.000	938.95	0.0010650	-65.216	-55.312	3.5708	0.83017	1.8784	620.97	-0.0055397	8.7113e-05	0.10073	liquid
133.36	93.000	932.50	0.0010724	-63.400	-53.427	3.5850	0.82846	1.8911	612.52	-0.0040495	8.5376e-05	0.099396	liquid
134.36	93.000	925.96	0.0010800	-61.573	-51.529	3.5992	0.82681	1.9046	604.01	-0.0024835	8.3665e-05	0.098067	liquid
135.36	93.000	919.32	0.0010878	-59.734	-49.618	3.6133	0.82522	1.9187	595.44	-0.00083643	8.1980e-05	0.096741	liquid
136.36	93.000	912.58	0.0010958	-57.882	-47.692	3.6275	0.82370	1.9337	586.80	0.00089745	8.0321e-05	0.095417	liquid
137.36	93.000	905.72	0.0011041	-56.018	-45.750	3.6417	0.82225	1.9495	578.10	0.0027244	7.8685e-05	0.094096	liquid
138.36	93.000	898.75	0.0011127	-54.140	-43.792	3.6559	0.82088	1.9663	569.33	0.0046511	7.7072e-05	0.092776	liquid
139.36	93.000	891.66	0.0011215	-52.247	-41.817	3.6701	0.81958	1.9841	560.49	0.0066853	7.5482e-05	0.091460	liquid
140.36	93.000	884.44	0.0011307	-50.339	-39.824	3.6844	0.81836	2.0029	551.58	0.0088352	7.3913e-05	0.090145	liquid
141.36	93.000	877.09	0.0011401	-48.414	-37.811	3.6987	0.81723	2.0229	542.59	0.011110	7.2364e-05	0.088834	liquid
142.36	93.000	869.58	0.0011500	-46.472	-35.777	3.7130	0.81618	2.0443	533.52	0.013519	7.0834e-05	0.087525	liquid
143.36	93.000	861.93	0.0011602	-44.512	-33.722	3.7274	0.81524	2.0670	524.37	0.016075	6.9324e-05	0.086218	liquid
144.36	93.000	854.11	0.0011708	-42.531	-31.643	3.7418	0.81439	2.0913	515.13	0.018789	6.7830e-05	0.084914	liquid
145.36	93.000	846.12	0.0011819	-40.530	-29.539	3.7564	0.81364	2.1173	505.81	0.021675	6.6354e-05	0.083613	liquid
146.36	93.000	837.95	0.0011934	-38.506	-27.408	3.7710	0.81301	2.1451	496.40	0.024748	6.4893e-05	0.082314	liquid
147.36	93.000	829.57	0.0012054	-36.458	-25.248	3.7857	0.81250	2.1749	486.89	0.028025	6.3448e-05	0.081018	liquid
148.36	93.000	820.99	0.0012180	-34.385	-23.057	3.8005	0.81211	2.2070	477.30	0.031525	6.2016e-05	0.079724	liquid
149.36	93.000	812.18	0.0012313	-32.284	-20.833	3.8154	0.81187	2.2416	467.61	0.035269	6.0597e-05	0.078432	liquid
150.36	93.000	803.12	0.0012451	-30.153	-18.573	3.8305	0.81176	2.2790	457.82	0.039281	5.9191e-05	0.077142	liquid
151.36	93.000	793.81	0.0012597	-27.990	-16.274	3.8458	0.81181	2.3194	447.95	0.043587	5.7795e-05	0.075854	liquid
152.36	93.000	784.21	0.0012752	-25.792	-13.933	3.8612	0.81202	2.3632	437.98	0.048217	5.6409e-05	0.074568	liquid
153.36	93.000	774.31	0.0012915	-23.557	-11.546	3.8768	0.81241	2.4108	427.92	0.053203	5.5031e-05	0.073282	liquid
154.36	93.000	764.08	0.0013088	-21.282	-9.1100	3.8926	0.81297	2.4627	417.78	0.058582	5.3662e-05	0.071998	liquid
155.36	93.000	753.49	0.0013272	-18.962	-6.6194	3.9087	0.81373	2.5194	407.56	0.064397	5.2298e-05	0.070714	supercritical
156.36	93.000	742.51	0.0013468	-16.595	-4.0695	3.9251	0.81468	2.5814	397.28	0.070692	5.0939e-05	0.069429	supercritical
157.36	93.000	731.11	0.0013678	-14.175	-1.4547	3.9417	0.81584	2.6493	386.94	0.077521	4.9583e-05	0.068144	supercritical
158.36	93.000	719.25	0.0013903	-11.699	1.2313	3.9587	0.81720	2.7238	376.57	0.084938	4.8230e-05	0.066857	supercritical
159.36	93.000	706.90	0.0014146	-9.1607	3.9954	3.9761	0.81876	2.8057	366.18	0.093006	4.6877e-05	0.065567	supercritical
160.36	93.000	694.00	0.0014409	-6.5553	6.8453	3.9940	0.82052	2.8954	355.81	0.10179	4.5523e-05	0.064274	supercritical
161.36	93.000	680.52	0.0014695	-3.8769	9.7891	4.0123	0.82247	2.9936	345.48	0.11136	4.4168e-05	0.062976	supercritical
162.36	93.000	666.42	0.0015006	-1.1198	12.835	4.0311	0.82458	3.1005	335.24	0.12177	4.2809e-05	0.061672	supercritical
163.36	93.000	651.65	0.0015346	1.7214	15.993	4.0505	0.82682	3.2159	325.15	0.13310	4.1448e-05	0.060361	supercritical
164.36	93.000	636.18	0.0015719	4.6513	19.270	4.0705	0.82915	3.3389	315.26	0.14539	4.0083e-05	0.059040	supercritical
165.36	93.000	619.99	0.0016129	7.6726	22.673	4.0911	0.83152	3.4676	305.65	0.15867	3.8718e-05	0.057709	supercritical
166.36	93.000	603.11	0.0016581	10.786	26.206	4.1124	0.83384	3.5987	296.41	0.17293	3.7355e-05	0.056364	supercritical
167.36	93.000	585.55	0.0017078	13.987	29.869	4.1344	0.83603	3.7275	287.65	0.18814	3.5999e-05	0.055004	supercritical
168.36	93.000	567.41	0.0017624	17.268	33.658	4.1569	0.83797	3.8477	279.45	0.20421	3.4659e-05	0.053627	supercritical
169.36	93.000	548.81	0.0018221	20.614	37.559	4.1800	0.83951	3.9517	271.94	0.22097	3.3343e-05	0.052234	supercritical
170.36	93.000	529.94	0.0018870	24.004	41.553	4.2036	0.84050	4.0308	265.19	0.23819	3.2065e-05	0.050827	supercritical
171.36	93.000	511.02	0.0019569	27.411	45.610	4.2273	0.84081	4.0768	259.28	0.25556	3.0836e-05	0.049411	supercritical
172.36	93.000	492.31	0.0020312	30.803	49.693	4.2511	0.84032	4.0831	254.25	0.27270	2.9672e-05	0.047995	supercritical
173.36	93.000	474.08	0.0021094	34.145	53.762	4.2746	0.83899	4.0475	250.10	0.28923	2.8585e-05	0.046592	supercritical
174.36	93.000	456.56	0.0021903	37.405	57.775	4.2977	0.83685	3.9725	246.80	0.30478	2.7584e-05	0.045221	supercritical
175.36	93.000	439.94	0.0022730	40.557	61.697	4.3201	0.83399	3.8655	244.26	0.31909	2.6674e-05	0.043898	supercritical
176.36	93.000	424.34	0.0023566	43.582	65.499	4.3417	0.83053	3.7361	242.40	0.33201	2.5855e-05	0.042640	supercritical
177.36	93.000	409.81	0.0024402	46.471	69.165	4.3625	0.82664	3.5941	241.10	0.34348	2.5125e-05	0.041458	supercritical
178.36	93.000	396.33	0.0025231	49.220	72.686	4.3823	0.82243	3.4477	240.28	0.35354	2.4477e-05	0.040359	supercritical
179.36	93.000	383.87	0.0026050	51.834	76.061	4.4011	0.81804	3.3028	239.84	0.36225	2.3904e-05	0.039344	supercritical
180.36	93.000	372.37	0.0026855	54.318	79.293	4.4191	0.81356	3.1634	239.71	0.36974	2.3398e-05	0.038412	supercritical
181.36	93.000	361.73	0.0027645	56.681	82.390	4.4362	0.80905	3.0318	239.82	0.37612	2.2951e-05	0.037560	supercritical
182.36	93.000	351.90	0.0028417	58.931	85.360	4.4526	0.80457	2.9088	240.13	0.38149	2.2557e-05	0.036781	supercritical
183.36	93.000	342.78	0.0029173	61.080	88.211	4.4681	0.80016	2.7950	240.60	0.38598	2.2208e-05	0.036070	supercritical
184.36	93.000	334.31	0.0029912	63.134	90.952	4.4831	0.79585	2.6900	241.20	0.38968	2.1899e-05	0.035421	supercritical
185.36	93.000	326.42	0.0030635	65.103	93.593	4.4973	0.79164	2.5933	241.89	0.39268	2.1625e-05	0.034828	supercritical
186.36	93.000	319.06	0.0031342	66.994	96.142	4.5111	0.78756	2.5045	242.66	0.39506	2.1381e-05	0.034287	supercritical
187.36	93.000	312.17	0.0032034	68.814	98.605	4.5242	0.78361	2.4229	243.50	0.39690	2.1165e-05	0.033791	supercritical
188.36	93.000	305.71	0.0032711	70.569	100.99	4.5369	0.77980	2.3477	244.39	0.39825	2.0972e-05	0.033338	supercritical
189.36	93.000	299.64	0.0033374	72.265	103.30	4.5492	0.77612	2.2785	245.32	0.39918	2.0801e-05	0.032922	supercritical
190.36	93.000	293.91	0.0034024	73.906	105.55	4.5610	0.77257	2.2147	246.29	0.39973	2.0648e-05	0.032540	supercritical
191.36	93.000	288.50	0.0034662	75.498	107.73	4.5725	0.76915	2.1557	247.28	0.39995	2.0511e-05	0.032189	supercritical
192.36	93.000	283.39	0.0035288	77.044	109.86	4.5835	0.76586	2.1011	248.29	0.39987	2.0390e-05	0.031866	supercritical
193.36	93.000	278.53	0.0035902	78.548	111.94	4.5943	0.76270	2.0505	249.32	0.39952	2.0281e-05	0.031568	supercritical
194.36	93.000	273.92	0.0036506	80.013	113.96	4.6048	0.75966	2.0035	250.35	0.39895	2.0185e-05	0.031294	supercritical
195.36	93.000	269.54	0.0037101	81.441	115.94	4.6149	0.75674	1.9597	251.40	0.39816	2.0099e-05	0.031042	supercritical
196.36	93.000	265.36	0.0037685	82.837	117.88	4.6248	0.75393	1.9189	252.45	0.39720	2.0023e-05	0.030808	supercritical
197.36	93.000	261.36	0.0038261	84.201	119.78	4.6345	0.75123	1.8808	253.51	0.39607	1.9956e-05	0.030593	supercritical
198.36	93.000	257.55	0.0038828	85.536	121.65	4.6439	0.74863	1.8451	254.57	0.39480	1.9897e-05	0.030394	supercritical
199.36	93.000	253.89	0.0039387	86.845	123.47	4.6531	0.74613	1.8116	255.63	0.39339	1.9845e-05	0.030210	supercritical
200.36	93.000	250.39	0.0039938	88.128	125.27	4.6621	0.74373	1.7802	256.68	0.39188	1.9800e-05	0.030040	supercritical
201.36	93.000	247.02	0.0040482	89.387	127.04	4.6709	0.74142	1.7507	257.74	0.39026	1.9761e-05	0.029883	supercritical
202.36	93.000	243.79	0.0041019	90.625	128.77	4.6795	0.73920	1.7229	258.79	0.38856	1.9727e-05	0.029738	supercritical
203.36	93.000	240.68	0.0041549	91.841	130.48	4.6879	0.73707	1.6967	259.85	0.38677	1.9698e-05	0.029604	supercritical
204.36	93.000	237.68	0.0042073	93.038	132.17	4.6962	0.73501	1.6719	260.89	0.38492	1.9674e-05	0.029480	supercritical
205.36	93.000	234.79	0.0042591	94.217	133.83	4.7043	0.73303	1.6485	261.93	0.38301	1.9655e-05	0.029366	supercritical
206.36	93.000	232.00	0.0043103	95.378	135.46	4.7122	0.73113	1.6264	262.97	0.38104	1.9639e-05	0.029260	supercritical
207.36	93.000	229.31	0.0043609	96.523	137.08	4.7200	0.72929	1.6053	264.00	0.37902	1.9628e-05	0.029163	supercritical
208.36	93.000	226.70	0.0044110	97.652	138.67	4.7277	0.72753	1.5854	265.03	0.37697	1.9619e-05	0.029074	supercritical
209.36	93.000	224.18	0.0044607	98.767	140.25	4.7352	0.72583	1.5664	266.05	0.37488	1.9614e-05	0.028992	supercritical
210.36	93.000	221.74	0.0045098	99.867	141.81	4.7427	0.72419	1.5484	267.06	0.37276	1.9612e-05	0.028916	supercritical
211.36	93.000	219.37	0.0045584	100.95	143.35	4.7500	0.72261	1.5312	268.07	0.37061	1.9612e-05	0.028847	supercritical
212.36	93.000	217.08	0.0046066	102.03	144.87	4.7572	0.72109	1.5149	269.07	0.36844	1.9615e-05	0.028784	supercritical
213.36	93.000	214.85	0.0046544	103.09	146.38	4.7642	0.71962	1.4992	270.07	0.36625	1.9621e-05	0.028727	supercritical
214.36	93.000	212.69	0.0047017	104.14	147.87	4.7712	0.71820	1.4843	271.06	0.36405	1.9629e-05	0.028675	supercritical
215.36	93.000	210.59	0.0047487	105.18	149.35	4.7781	0.71683	1.4701	272.04	0.36184	1.9639e-05	0.028628	supercritical
216.36	93.000	208.54	0.0047952	106.21	150.81	4.7849	0.71551	1.4564	273.02	0.35961	1.9651e-05	0.028585	supercritical
217.36	93.000	206.55	0.0048414	107.23	152.26	4.7915	0.71424	1.4434	273.99	0.35738	1.9664e-05	0.028547	supercritical
218.36	93.000	204.62	0.0048872	108.25	153.70	4.7981	0.71301	1.4308	274.96	0.35515	1.9680e-05	0.028513	supercritical
219.36	93.000	202.73	0.0049327	109.25	155.12	4.8047	0.71182	1.4188	275.92	0.35291	1.9697e-05	0.028483	supercritical
220.36	93.000	200.89	0.0049779	110.24	156.53	4.8111	0.71068	1.4073	276.87	0.35067	1.9715e-05	0.028457	supercritical
221.36	93.000	199.10	0.0050227	111.23	157.94	4.8174	0.70957	1.3962	277.82	0.34843	1.9736e-05	0.028435	supercritical
222.36	93.000	197.35	0.0050672	112.20	159.33	4.8237	0.70850	1.3856	278.76	0.34619	1.9757e-05	0.028415	supercritical
223.36	93.000	195.64	0.0051114	113.17	160.71	4.8299	0.70746	1.3754	279.69	0.34396	1.9780e-05	0.028399	supercritical
224.36	93.000	193.97	0.0051553	114.13	162.08	4.8360	0.70646	1.3655	280.62	0.34173	1.9804e-05	0.028386	supercritical
225.36	93.000	192.35	0.0051990	115.09	163.44	4.8421	0.70549	1.3561	281.54	0.33951	1.9829e-05	0.028376	supercritical
226.36	93.000	190.76	0.0052423	116.04	164.79	4.8480	0.70456	1.3469	282.46	0.33729	1.9855e-05	0.028369	supercritical
227.36	93.000	189.20	0.0052854	116.98	166.13	4.8540	0.70365	1.3381	283.37	0.33508	1.9882e-05	0.028364	supercritical
228.36	93.000	187.68	0.0053283	117.91	167.47	4.8598	0.70278	1.3296	284.27	0.33288	1.9910e-05	0.028361	supercritical
229.36	93.000	186.19	0.0053709	118.84	168.79	4.8656	0.70193	1.3214	285.17	0.33069	1.9940e-05	0.028361	supercritical
230.36	93.000	184.73	0.0054132	119.77	170.11	4.8713	0.70111	1.3135	286.06	0.32851	1.9970e-05	0.028364	supercritical
231.36	93.000	183.31	0.0054553	120.68	171.42	4.8770	0.70032	1.3058	286.95	0.32633	2.0000e-05	0.028368	supercritical
232.36	93.000	181.91	0.0054972	121.60	172.72	4.8826	0.69955	1.2984	287.83	0.32417	2.0032e-05	0.028375	supercritical
233.36	93.000	180.54	0.0055389	122.50	174.02	4.8882	0.69881	1.2913	288.71	0.32203	2.0064e-05	0.028383	supercritical
234.36	93.000	179.20	0.0055803	123.41	175.30	4.8937	0.69809	1.2844	289.58	0.31989	2.0097e-05	0.028393	supercritical
235.36	93.000	177.89	0.0056215	124.30	176.58	4.8992	0.69739	1.2777	290.45	0.31776	2.0131e-05	0.028406	supercritical
236.36	93.000	176.60	0.0056626	125.20	177.86	4.9046	0.69672	1.2712	291.31	0.31565	2.0165e-05	0.028419	supercritical
237.36	93.000	175.33	0.0057034	126.09	179.13	4.9099	0.69606	1.2649	292.16	0.31355	2.0200e-05	0.028435	supercritical
238.36	93.000	174.09	0.0057441	126.97	180.39	4.9152	0.69543	1.2588	293.02	0.31146	2.0236e-05	0.028452	supercritical
239.36	93.000	172.88	0.0057845	127.85	181.65	4.9205	0.69482	1.2529	293.86	0.30939	2.0272e-05	0.028470	supercritical
240.36	93.000	171.68	0.0058248	128.72	182.90	4.9257	0.69422	1.2471	294.70	0.30733	2.0309e-05	0.028491	supercritical
241.36	93.000	170.51	0.0058649	129.60	184.14	4.9309	0.69365	1.2416	295.54	0.30528	2.0346e-05	0.028512	supercritical
242.36	93.000	169.35	0.0059048	130.46	185.38	4.9360	0.69309	1.2362	296.37	0.30325	2.0384e-05	0.028535	supercritical
243.36	93.000	168.22	0.0059445	131.33	186.61	4.9411	0.69255	1.2309	297.20	0.30123	2.0422e-05	0.028559	supercritical
244.36	93.000	167.11	0.0059841	132.19	187.84	4.9461	0.69203	1.2258	298.02	0.29922	2.0460e-05	0.028584	supercritical
245.36	93.000	166.02	0.0060235	133.04	189.06	4.9511	0.69152	1.2209	298.84	0.29723	2.0499e-05	0.028610	supercritical
246.36	93.000	164.94	0.0060628	133.90	190.28	4.9560	0.69103	1.2161	299.65	0.29526	2.0538e-05	0.028638	supercritical
247.36	93.000	163.88	0.0061019	134.75	191.50	4.9610	0.69055	1.2114	300.46	0.29329	2.0578e-05	0.028667	supercritical
248.36	93.000	162.84	0.0061409	135.59	192.70	4.9658	0.69009	1.2068	301.26	0.29134	2.0618e-05	0.028697	supercritical
249.36	93.000	161.82	0.0061797	136.44	193.91	4.9707	0.68965	1.2024	302.06	0.28941	2.0659e-05	0.028727	supercritical
250.36	93.000	160.81	0.0062183	137.28	195.11	4.9755	0.68921	1.1981	302.86	0.28749	2.0699e-05	0.028759	supercritical
251.36	93.000	159.82	0.0062569	138.12	196.31	4.9802	0.68879	1.1939	303.65	0.28558	2.0740e-05	0.028792	supercritical
252.36	93.000	158.85	0.0062953	138.95	197.50	4.9850	0.68839	1.1898	304.44	0.28369	2.0782e-05	0.028825	supercritical
253.36	93.000	157.89	0.0063335	139.78	198.69	4.9897	0.68800	1.1858	305.22	0.28181	2.0823e-05	0.028860	supercritical
254.36	93.000	156.95	0.0063716	140.61	199.87	4.9943	0.68762	1.1820	306.00	0.27994	2.0865e-05	0.028895	supercritical
255.36	93.000	156.02	0.0064096	141.44	201.05	4.9990	0.68725	1.1782	306.78	0.27809	2.0907e-05	0.028931	supercritical
256.36	93.000	155.10	0.0064475	142.26	202.23	5.0036	0.68689	1.1745	307.55	0.27626	2.0950e-05	0.028968	supercritical
257.36	93.000	154.20	0.0064852	143.09	203.40	5.0081	0.68655	1.1709	308.32	0.27443	2.0993e-05	0.029006	supercritical
258.36	93.000	153.31	0.0065229	143.90	204.57	5.0127	0.68621	1.1674	309.08	0.27262	2.1036e-05	0.029044	supercritical
259.36	93.000	152.43	0.0065604	144.72	205.73	5.0172	0.68589	1.1640	309.84	0.27083	2.1079e-05	0.029084	supercritical
260.36	93.000	151.57	0.0065978	145.54	206.90	5.0216	0.68558	1.1606	310.60	0.26905	2.1122e-05	0.029123	supercritical
261.36	93.000	150.72	0.0066350	146.35	208.05	5.0261	0.68528	1.1574	311.35	0.26728	2.1166e-05	0.029164	supercritical
262.36	93.000	149.88	0.0066722	147.16	209.21	5.0305	0.68499	1.1542	312.10	0.26552	2.1209e-05	0.029205	supercritical
263.36	93.000	149.05	0.0067093	147.97	210.36	5.0349	0.68471	1.1511	312.84	0.26378	2.1253e-05	0.029247	supercritical
264.36	93.000	148.23	0.0067462	148.77	211.51	5.0392	0.68443	1.1481	313.59	0.26206	2.1297e-05	0.029289	supercritical
265.36	93.000	147.43	0.0067831	149.58	212.66	5.0436	0.68417	1.1451	314.33	0.26034	2.1342e-05	0.029332	supercritical
266.36	93.000	146.63	0.0068198	150.38	213.80	5.0479	0.68392	1.1422	315.06	0.25864	2.1386e-05	0.029376	supercritical
267.36	93.000	145.85	0.0068565	151.18	214.94	5.0522	0.68367	1.1394	315.79	0.25695	2.1431e-05	0.029420	supercritical
268.36	93.000	145.07	0.0068930	151.98	216.08	5.0564	0.68344	1.1367	316.52	0.25527	2.1475e-05	0.029464	supercritical
269.36	93.000	144.31	0.0069295	152.77	217.22	5.0606	0.68321	1.1340	317.25	0.25361	2.1520e-05	0.029509	supercritical
270.36	93.000	143.56	0.0069658	153.57	218.35	5.0648	0.68299	1.1313	317.97	0.25196	2.1565e-05	0.029555	supercritical
271.36	93.000	142.81	0.0070021	154.36	219.48	5.0690	0.68278	1.1287	318.69	0.25032	2.1610e-05	0.029601	supercritical
272.36	93.000	142.08	0.0070382	155.15	220.61	5.0731	0.68257	1.1262	319.40	0.24870	2.1655e-05	0.029648	supercritical
273.36	93.000	141.36	0.0070743	155.94	221.73	5.0773	0.68238	1.1238	320.11	0.24708	2.1701e-05	0.029695	supercritical
274.36	93.000	140.64	0.0071103	156.73	222.85	5.0814	0.68219	1.1213	320.82	0.24548	2.1746e-05	0.029742	supercritical
275.36	93.000	139.93	0.0071462	157.52	223.97	5.0854	0.68201	1.1190	321.53	0.24389	2.1792e-05	0.029790	supercritical
276.36	93.000	139.24	0.0071820	158.30	225.09	5.0895	0.68184	1.1167	322.23	0.24232	2.1838e-05	0.029838	supercritical
277.36	93.000	138.55	0.0072178	159.08	226.21	5.0935	0.68167	1.1144	322.93	0.24075	2.1883e-05	0.029887	supercritical
278.36	93.000	137.87	0.0072534	159.86	227.32	5.0975	0.68151	1.1122	323.63	0.23920	2.1929e-05	0.029936	supercritical
279.36	93.000	137.19	0.0072890	160.64	228.43	5.1015	0.68136	1.1100	324.32	0.23766	2.1975e-05	0.029985	supercritical
280.36	93.000	136.53	0.0073245	161.42	229.54	5.1055	0.68121	1.1079	325.02	0.23613	2.2021e-05	0.030035	supercritical
281.36	93.000	135.87	0.0073599	162.20	230.65	5.1094	0.68108	1.1059	325.70	0.23461	2.2067e-05	0.030085	supercritical
282.36	93.000	135.22	0.0073953	162.98	231.75	5.1133	0.68094	1.1038	326.39	0.23311	2.2114e-05	0.030135	supercritical
283.36	93.000	134.58	0.0074305	163.75	232.86	5.1172	0.68082	1.1018	327.07	0.23161	2.2160e-05	0.030186	supercritical
284.36	93.000	133.95	0.0074657	164.53	233.96	5.1211	0.68070	1.0999	327.75	0.23013	2.2206e-05	0.030237	supercritical
285.36	93.000	133.32	0.0075008	165.30	235.06	5.1250	0.68058	1.0980	328.43	0.22865	2.2253e-05	0.030288	supercritical
286.36	93.000	132.70	0.0075359	166.07	236.15	5.1288	0.68047	1.0961	329.10	0.22719	2.2299e-05	0.030340	supercritical
287.36	93.000	132.09	0.0075709	166.84	237.25	5.1326	0.68037	1.0943	329.78	0.22574	2.2346e-05	0.030392	supercritical
288.36	93.000	131.48	0.0076058	167.61	238.34	5.1364	0.68027	1.0925	330.45	0.22430	2.2392e-05	0.030444	supercritical
289.36	93.000	130.88	0.0076406	168.38	239.43	5.1402	0.68018	1.0907	331.11	0.22287	2.2439e-05	0.030497	supercritical
290.36	93.000	130.29	0.0076754	169.14	240.52	5.1440	0.68010	1.0890	331.78	0.22145	2.2485e-05	0.030549	supercritical
291.36	93.000	129.70	0.0077101	169.91	241.61	5.1477	0.68002	1.0873	332.44	0.22004	2.2532e-05	0.030602	supercritical
292.36	93.000	129.12	0.0077447	170.67	242.70	5.1514	0.67994	1.0857	333.10	0.21864	2.2579e-05	0.030656	supercritical
293.36	93.000	128.55	0.0077793	171.43	243.78	5.1551	0.67987	1.0840	333.75	0.21726	2.2626e-05	0.030709	supercritical
294.36	93.000	127.98	0.0078138	172.20	244.87	5.1588	0.67981	1.0824	334.41	0.21588	2.2673e-05	0.030763	supercritical
295.36	93.000	127.42	0.0078483	172.96	245.95	5.1625	0.67975	1.0809	335.06	0.21451	2.2720e-05	0.030817	supercritical
296.36	93.000	126.86	0.0078827	173.72	247.03	5.1661	0.67970	1.0794	335.71	0.21315	2.2767e-05	0.030871	supercritical
297.36	93.000	126.31	0.0079170	174.48	248.11	5.1698	0.67965	1.0779	336.35	0.21180	2.2813e-05	0.030925	supercritical
298.36	93.000	125.77	0.0079513	175.24	249.18	5.1734	0.67960	1.0764	337.00	0.21047	2.2860e-05	0.030979	supercritical
299.36	93.000	125.23	0.0079855	175.99	250.26	5.1770	0.67956	1.0749	337.64	0.20914	2.2908e-05	0.031034	supercritical
300.36	93.000	124.69	0.0080196	176.75	251.33	5.1806	0.67953	1.0735	338.28	0.20782	2.2955e-05	0.031089	supercritical
301.36	93.000	124.17	0.0080537	177.51	252.41	5.1841	0.67950	1.0721	338.92	0.20651	2.3002e-05	0.031143	supercritical
302.36	93.000	123.64	0.0080878	178.26	253.48	5.1877	0.67947	1.0708	339.55	0.20521	2.3049e-05	0.031198	supercritical
303.36	93.000	123.13	0.0081218	179.02	254.55	5.1912	0.67945	1.0694	340.19	0.20392	2.3096e-05	0.031253	supercritical
304.36	93.000	122.61	0.0081557	179.77	255.62	5.1947	0.67943	1.0681	340.82	0.20264	2.3143e-05	0.031308	supercritical
305.36	93.000	122.11	0.0081896	180.52	256.68	5.1982	0.67942	1.0669	341.44	0.20136	2.3190e-05	0.031363	supercritical
306.36	93.000	121.60	0.0082234	181.27	257.75	5.2017	0.67941	1.0656	342.07	0.20010	2.3237e-05	0.031418	supercritical
307.36	93.000	121.11	0.0082572	182.02	258.82	5.2052	0.67941	1.0644	342.69	0.19885	2.3284e-05	0.031472	supercritical
308.36	93.000	120.61	0.0082909	182.77	259.88	5.2086	0.67941	1.0631	343.32	0.19760	2.3332e-05	0.031525	supercritical
309.36	93.000	120.13	0.0083246	183.52	260.94	5.2121	0.67941	1.0620	343.94	0.19636	2.3379e-05	0.031574	supercritical
310.36	93.000	119.64	0.0083582	184.27	262.00	5.2155	0.67942	1.0608	344.55	0.19513	2.3426e-05	0.031633	supercritical
311.36	93.000	119.16	0.0083918	185.02	263.06	5.2189	0.67943	1.0596	345.17	0.19391	2.3473e-05	0.031692	supercritical
312.36	93.000	118.69	0.0084253	185.77	264.12	5.2223	0.67944	1.0585	345.78	0.19270	2.3521e-05	0.031751	supercritical
313.36	93.000	118.22	0.0084588	186.51	265.18	5.2257	0.67946	1.0574	346.39	0.19150	2.3568e-05	0.031810	supercritical
314.36	93.000	117.75	0.0084922	187.26	266.24	5.2291	0.67949	1.0563	347.00	0.19031	2.3615e-05	0.031870	supercritical
315.36	93.000	117.29	0.0085256	188.00	267.29	5.2324	0.67951	1.0553	347.61	0.18912	2.3662e-05	0.031929	supercritical
316.36	93.000	116.84	0.0085590	188.75	268.35	5.2358	0.67954	1.0542	348.21	0.18794	2.3709e-05	0.031989	supercritical
317.36	93.000	116.38	0.0085923	189.49	269.40	5.2391	0.67958	1.0532	348.82	0.18677	2.3757e-05	0.032049	supercritical
318.36	93.000	115.94	0.0086255	190.24	270.45	5.2424	0.67962	1.0522	349.42	0.18561	2.3804e-05	0.032108	supercritical
319.36	93.000	115.49	0.0086587	190.98	271.51	5.2457	0.67966	1.0512	350.02	0.18446	2.3851e-05	0.032168	supercritical
320.36	93.000	115.05	0.0086919	191.72	272.56	5.2490	0.67970	1.0502	350.62	0.18331	2.3898e-05	0.032229	supercritical
321.36	93.000	114.61	0.0087250	192.46	273.61	5.2522	0.67975	1.0493	351.21	0.18217	2.3946e-05	0.032289	supercritical
322.36	93.000	114.18	0.0087581	193.20	274.65	5.2555	0.67980	1.0484	351.80	0.18104	2.3993e-05	0.032349	supercritical
323.36	93.000	113.75	0.0087911	193.95	275.70	5.2588	0.67986	1.0474	352.40	0.17992	2.4040e-05	0.032409	supercritical
324.36	93.000	113.33	0.0088241	194.69	276.75	5.2620	0.67992	1.0465	352.99	0.17880	2.4087e-05	0.032470	supercritical
325.36	93.000	112.90	0.0088571	195.43	277.80	5.2652	0.67998	1.0457	353.57	0.17770	2.4135e-05	0.032530	supercritical
326.36	93.000	112.49	0.0088900	196.16	278.84	5.2684	0.68004	1.0448	354.16	0.17659	2.4182e-05	0.032591	supercritical
327.36	93.000	112.07	0.0089228	196.90	279.89	5.2716	0.68011	1.0440	354.74	0.17550	2.4229e-05	0.032652	supercritical
328.36	93.000	111.66	0.0089557	197.64	280.93	5.2748	0.68018	1.0431	355.33	0.17442	2.4276e-05	0.032713	supercritical
329.36	93.000	111.25	0.0089885	198.38	281.97	5.2780	0.68026	1.0423	355.91	0.17334	2.4323e-05	0.032773	supercritical
330.36	93.000	110.85	0.0090212	199.12	283.01	5.2811	0.68034	1.0415	356.49	0.17227	2.4370e-05	0.032834	supercritical
331.36	93.000	110.45	0.0090539	199.85	284.05	5.2843	0.68042	1.0407	357.06	0.17120	2.4418e-05	0.032895	supercritical
332.36	93.000	110.05	0.0090866	200.59	285.09	5.2874	0.68050	1.0399	357.64	0.17014	2.4465e-05	0.032957	supercritical
333.36	93.000	109.66	0.0091193	201.33	286.13	5.2905	0.68059	1.0392	358.21	0.16909	2.4512e-05	0.033018	supercritical
334.36	93.000	109.27	0.0091519	202.06	287.17	5.2936	0.68068	1.0384	358.78	0.16805	2.4559e-05	0.033079	supercritical
335.36	93.000	108.88	0.0091845	202.80	288.21	5.2967	0.68077	1.0377	359.35	0.16701	2.4606e-05	0.033140	supercritical
336.36	93.000	108.50	0.0092170	203.53	289.25	5.2998	0.68086	1.0370	359.92	0.16599	2.4653e-05	0.033202	supercritical
337.36	93.000	108.11	0.0092495	204.27	290.29	5.3029	0.68096	1.0363	360.49	0.16496	2.4700e-05	0.033263	supercritical
338.36	93.000	107.74	0.0092820	205.00	291.32	5.3060	0.68106	1.0356	361.06	0.16395	2.4747e-05	0.033325	supercritical
339.36	93.000	107.36	0.0093144	205.73	292.36	5.3090	0.68117	1.0349	361.62	0.16294	2.4794e-05	0.033387	supercritical
340.36	93.000	106.99	0.0093468	206.47	293.39	5.3121	0.68127	1.0343	362.18	0.16193	2.4841e-05	0.033448	supercritical
341.36	93.000	106.62	0.0093792	207.20	294.43	5.3151	0.68138	1.0336	362.74	0.16094	2.4888e-05	0.033510	supercritical
342.36	93.000	106.25	0.0094115	207.93	295.46	5.3181	0.68149	1.0330	363.30	0.15995	2.4935e-05	0.033572	supercritical
343.36	93.000	105.89	0.0094438	208.66	296.49	5.3211	0.68161	1.0323	363.86	0.15896	2.4982e-05	0.033634	supercritical
344.36	93.000	105.53	0.0094761	209.40	297.52	5.3241	0.68172	1.0317	364.41	0.15798	2.5029e-05	0.033696	supercritical
345.36	93.000	105.17	0.0095083	210.13	298.55	5.3271	0.68184	1.0311	364.97	0.15701	2.5076e-05	0.033757	supercritical
346.36	93.000	104.82	0.0095405	210.86	299.59	5.3301	0.68196	1.0305	365.52	0.15605	2.5123e-05	0.033820	supercritical
347.36	93.000	104.46	0.0095727	211.59	300.62	5.3331	0.68209	1.0300	366.07	0.15509	2.5170e-05	0.033882	supercritical
348.36	93.000	104.11	0.0096048	212.32	301.65	5.3360	0.68222	1.0294	366.62	0.15414	2.5216e-05	0.033944	supercritical
349.36	93.000	103.77	0.0096369	213.05	302.67	5.3390	0.68235	1.0288	367.17	0.15319	2.5263e-05	0.034006	supercritical
350.36	93.000	103.42	0.0096690	213.78	303.70	5.3419	0.68248	1.0283	367.71	0.15225	2.5310e-05	0.034068	supercritical
351.36	93.000	103.08	0.0097010	214.51	304.73	5.3449	0.68261	1.0277	368.26	0.15131	2.5357e-05	0.034130	supercritical
352.36	93.000	102.74	0.0097331	215.24	305.76	5.3478	0.68275	1.0272	368.80	0.15038	2.5403e-05	0.034193	supercritical
353.36	93.000	102.41	0.0097651	215.97	306.79	5.3507	0.68289	1.0267	369.35	0.14946	2.5450e-05	0.034255	supercritical
354.36	93.000	102.07	0.0097970	216.70	307.81	5.3536	0.68303	1.0262	369.89	0.14854	2.5497e-05	0.034317	supercritical
355.36	93.000	101.74	0.0098290	217.43	308.84	5.3565	0.68317	1.0257	370.43	0.14763	2.5544e-05	0.034380	supercritical
356.36	93.000	101.41	0.0098609	218.16	309.86	5.3594	0.68332	1.0252	370.96	0.14673	2.5590e-05	0.034442	supercritical
357.36	93.000	101.08	0.0098927	218.89	310.89	5.3622	0.68347	1.0247	371.50	0.14583	2.5637e-05	0.034505	supercritical
358.36	93.000	100.76	0.0099246	219.61	311.91	5.3651	0.68362	1.0243	372.03	0.14493	2.5683e-05	0.034567	supercritical
359.36	93.000	100.44	0.0099564	220.34	312.94	5.3680	0.68377	1.0238	372.57	0.14404	2.5730e-05	0.034630	supercritical
360.36	93.000	100.12	0.0099882	221.07	313.96	5.3708	0.68392	1.0234	373.10	0.14316	2.5776e-05	0.034693	supercritical
361.36	93.000	99.801	0.010020	221.80	314.98	5.3736	0.68408	1.0229	373.63	0.14228	2.5823e-05	0.034755	supercritical
362.36	93.000	99.485	0.010052	222.53	316.01	5.3765	0.68424	1.0225	374.16	0.14141	2.5869e-05	0.034818	supercritical
363.36	93.000	99.172	0.010083	223.25	317.03	5.3793	0.68440	1.0221	374.69	0.14054	2.5916e-05	0.034881	supercritical
364.36	93.000	98.862	0.010115	223.98	318.05	5.3821	0.68456	1.0217	375.21	0.13968	2.5962e-05	0.034944	supercritical
365.36	93.000	98.553	0.010147	224.71	319.07	5.3849	0.68473	1.0213	375.74	0.13882	2.6009e-05	0.035006	supercritical
366.36	93.000	98.247	0.010178	225.43	320.09	5.3877	0.68490	1.0209	376.26	0.13797	2.6055e-05	0.035069	supercritical
367.36	93.000	97.943	0.010210	226.16	321.11	5.3905	0.68506	1.0205	376.79	0.13712	2.6101e-05	0.035132	supercritical
368.36	93.000	97.641	0.010242	226.89	322.13	5.3932	0.68524	1.0201	377.31	0.13628	2.6148e-05	0.035195	supercritical
369.36	93.000	97.341	0.010273	227.61	323.15	5.3960	0.68541	1.0197	377.83	0.13544	2.6194e-05	0.035258	supercritical
370.36	93.000	97.043	0.010305	228.34	324.17	5.3988	0.68558	1.0194	378.35	0.13461	2.6240e-05	0.035321	supercritical
371.36	93.000	96.747	0.010336	229.07	325.19	5.4015	0.68576	1.0190	378.86	0.13378	2.6287e-05	0.035384	supercritical
372.36	93.000	96.453	0.010368	229.79	326.21	5.4042	0.68594	1.0187	379.38	0.13296	2.6333e-05	0.035447	supercritical
373.36	93.000	96.161	0.010399	230.52	327.23	5.4070	0.68612	1.0183	379.89	0.13215	2.6379e-05	0.035510	supercritical
374.36	93.000	95.871	0.010431	231.24	328.25	5.4097	0.68630	1.0180	380.41	0.13133	2.6425e-05	0.035573	supercritical
375.36	93.000	95.583	0.010462	231.97	329.27	5.4124	0.68649	1.0177	380.92	0.13053	2.6471e-05	0.035636	supercritical
376.36	93.000	95.297	0.010493	232.69	330.28	5.4151	0.68667	1.0174	381.43	0.12973	2.6517e-05	0.035699	supercritical
377.36	93.000	95.013	0.010525	233.42	331.30	5.4178	0.68686	1.0170	381.94	0.12893	2.6563e-05	0.035762	supercritical
378.36	93.000	94.731	0.010556	234.14	332.32	5.4205	0.68705	1.0167	382.45	0.12814	2.6609e-05	0.035825	supercritical
379.36	93.000	94.450	0.010588	234.87	333.33	5.4232	0.68724	1.0164	382.96	0.12735	2.6655e-05	0.035888	supercritical
380.36	93.000	94.172	0.010619	235.59	334.35	5.4259	0.68744	1.0162	383.46	0.12656	2.6701e-05	0.035952	supercritical
381.36	93.000	93.895	0.010650	236.32	335.37	5.4285	0.68763	1.0159	383.97	0.12579	2.6747e-05	0.036015	supercritical
382.36	93.000	93.620	0.010681	237.04	336.38	5.4312	0.68783	1.0156	384.47	0.12501	2.6793e-05	0.036078	supercritical
383.36	93.000	93.347	0.010713	237.77	337.40	5.4338	0.68802	1.0153	384.98	0.12424	2.6839e-05	0.036141	supercritical
384.36	93.000	93.076	0.010744	238.49	338.41	5.4365	0.68822	1.0151	385.48	0.12348	2.6885e-05	0.036204	supercritical
385.36	93.000	92.807	0.010775	239.22	339.43	5.4391	0.68843	1.0148	385.98	0.12272	2.6930e-05	0.036268	supercritical
386.36	93.000	92.539	0.010806	239.94	340.44	5.4418	0.68863	1.0146	386.48	0.12196	2.6976e-05	0.036331	supercritical
387.36	93.000	92.273	0.010837	240.67	341.46	5.4444	0.68883	1.0143	386.98	0.12121	2.7022e-05	0.036394	supercritical
388.36	93.000	92.008	0.010869	241.39	342.47	5.4470	0.68904	1.0141	387.47	0.12046	2.7068e-05	0.036458	supercritical
389.36	93.000	91.746	0.010900	242.12	343.49	5.4496	0.68925	1.0138	387.97	0.11972	2.7113e-05	0.036521	supercritical
390.36	93.000	91.485	0.010931	242.84	344.50	5.4522	0.68946	1.0136	388.46	0.11898	2.7159e-05	0.036584	supercritical
391.36	93.000	91.225	0.010962	243.57	345.51	5.4548	0.68967	1.0134	388.96	0.11825	2.7205e-05	0.036648	supercritical
392.36	93.000	90.967	0.010993	244.29	346.53	5.4574	0.68988	1.0132	389.45	0.11752	2.7250e-05	0.036711	supercritical
393.36	93.000	90.711	0.011024	245.02	347.54	5.4600	0.69009	1.0130	389.94	0.11679	2.7296e-05	0.036774	supercritical
394.36	93.000	90.457	0.011055	245.74	348.55	5.4625	0.69031	1.0128	390.43	0.11607	2.7341e-05	0.036838	supercritical
395.36	93.000	90.204	0.011086	246.46	349.56	5.4651	0.69052	1.0126	390.92	0.11535	2.7387e-05	0.036901	supercritical
396.36	93.000	89.952	0.011117	247.19	350.58	5.4677	0.69074	1.0124	391.41	0.11464	2.7432e-05	0.036964	supercritical
397.36	93.000	89.702	0.011148	247.91	351.59	5.4702	0.69096	1.0122	391.90	0.11393	2.7477e-05	0.037028	supercritical
398.36	93.000	89.454	0.011179	248.64	352.60	5.4727	0.69118	1.0120	392.38	0.11322	2.7523e-05	0.037091	supercritical
399.36	93.000	89.207	0.011210	249.36	353.61	5.4753	0.69141	1.0119	392.87	0.11252	2.7568e-05	0.037155	supercritical
400.36	93.000	88.962	0.011241	250.09	354.62	5.4778	0.69163	1.0117	393.35	0.11182	2.7613e-05	0.037218	supercritical
401.36	93.000	88.718	0.011272	250.81	355.64	5.4803	0.69185	1.0115	393.84	0.11113	2.7659e-05	0.037281	supercritical
402.36	93.000	88.476	0.011303	251.53	356.65	5.4829	0.69208	1.0114	394.32	0.11044	2.7704e-05	0.037345	supercritical
403.36	93.000	88.235	0.011333	252.26	357.66	5.4854	0.69231	1.0112	394.80	0.10976	2.7749e-05	0.037408	supercritical
404.36	93.000	87.995	0.011364	252.98	358.67	5.4879	0.69254	1.0111	395.28	0.10907	2.7794e-05	0.037472	supercritical
405.36	93.000	87.757	0.011395	253.71	359.68	5.4904	0.69277	1.0109	395.76	0.10840	2.7840e-05	0.037535	supercritical
406.36	93.000	87.521	0.011426	254.43	360.69	5.4929	0.69300	1.0108	396.23	0.10772	2.7885e-05	0.037599	supercritical
407.36	93.000	87.286	0.011457	255.16	361.70	5.4953	0.69323	1.0106	396.71	0.10705	2.7930e-05	0.037662	supercritical
408.36	93.000	87.052	0.011487	255.88	362.71	5.4978	0.69346	1.0105	397.19	0.10638	2.7975e-05	0.037726	supercritical
409.36	93.000	86.819	0.011518	256.61	363.72	5.5003	0.69370	1.0104	397.66	0.10572	2.8020e-05	0.037789	supercritical
410.36	93.000	86.588	0.011549	257.33	364.73	5.5028	0.69393	1.0103	398.14	0.10506	2.8065e-05	0.037852	supercritical
411.36	93.000	86.359	0.011580	258.05	365.74	5.5052	0.69417	1.0102	398.61	0.10441	2.8110e-05	0.037916	supercritical
412.36	93.000	86.130	0.011610	258.78	366.75	5.5077	0.69441	1.0100	399.08	0.10375	2.8155e-05	0.037979	supercritical
413.36	93.000	85.903	0.011641	259.50	367.76	5.5101	0.69465	1.0099	399.55	0.10311	2.8199e-05	0.038043	supercritical
414.36	93.000	85.677	0.011672	260.23	368.77	5.5126	0.69489	1.0098	400.02	0.10246	2.8244e-05	0.038106	supercritical
415.36	93.000	85.453	0.011702	260.95	369.78	5.5150	0.69513	1.0097	400.49	0.10182	2.8289e-05	0.038170	supercritical
416.36	93.000	85.230	0.011733	261.68	370.79	5.5174	0.69538	1.0096	400.96	0.10118	2.8334e-05	0.038233	supercritical
417.36	93.000	85.008	0.011764	262.40	371.80	5.5198	0.69562	1.0096	401.43	0.10055	2.8379e-05	0.038297	supercritical
418.36	93.000	84.787	0.011794	263.13	372.81	5.5223	0.69586	1.0095	401.89	0.099919	2.8423e-05	0.038360	supercritical
419.36	93.000	84.568	0.011825	263.85	373.82	5.5247	0.69611	1.0094	402.36	0.099292	2.8468e-05	0.038424	supercritical
420.36	93.000	84.350	0.011855	264.58	374.83	5.5271	0.69636	1.0093	402.82	0.098668	2.8513e-05	0.038487	supercritical
421.36	93.000	84.133	0.011886	265.30	375.84	5.5295	0.69661	1.0092	403.29	0.098048	2.8557e-05	0.038551	supercritical
422.36	93.000	83.917	0.011917	266.03	376.85	5.5319	0.69686	1.0092	403.75	0.097431	2.8602e-05	0.038614	supercritical
423.36	93.000	83.703	0.011947	266.75	377.86	5.5342	0.69711	1.0091	404.21	0.096817	2.8646e-05	0.038678	supercritical
424.36	93.000	83.489	0.011978	267.48	378.87	5.5366	0.69736	1.0090	404.67	0.096207	2.8691e-05	0.038741	supercritical
425.36	93.000	83.277	0.012008	268.20	379.88	5.5390	0.69761	1.0090	405.13	0.095600	2.8735e-05	0.038805	supercritical
426.36	93.000	83.066	0.012039	268.93	380.89	5.5414	0.69786	1.0089	405.59	0.094997	2.8780e-05	0.038868	supercritical
427.36	93.000	82.857	0.012069	269.65	381.90	5.5437	0.69812	1.0089	406.05	0.094396	2.8824e-05	0.038932	supercritical
428.36	93.000	82.648	0.012100	270.38	382.90	5.5461	0.69837	1.0088	406.51	0.093799	2.8868e-05	0.038995	supercritical
429.36	93.000	82.441	0.012130	271.10	383.91	5.5484	0.69863	1.0088	406.96	0.093205	2.8913e-05	0.039058	supercritical
430.36	93.000	82.234	0.012160	271.83	384.92	5.5508	0.69888	1.0087	407.42	0.092615	2.8957e-05	0.039122	supercritical
431.36	93.000	82.029	0.012191	272.56	385.93	5.5531	0.69914	1.0087	407.87	0.092027	2.9001e-05	0.039185	supercritical
432.36	93.000	81.825	0.012221	273.28	386.94	5.5555	0.69940	1.0087	408.33	0.091443	2.9046e-05	0.039249	supercritical
433.36	93.000	81.622	0.012252	274.01	387.95	5.5578	0.69966	1.0086	408.78	0.090862	2.9090e-05	0.039312	supercritical
434.36	93.000	81.420	0.012282	274.73	388.96	5.5601	0.69992	1.0086	409.23	0.090284	2.9134e-05	0.039376	supercritical
435.36	93.000	81.219	0.012312	275.46	389.97	5.5624	0.70018	1.0086	409.68	0.089709	2.9178e-05	0.039439	supercritical
436.36	93.000	81.020	0.012343	276.19	390.97	5.5648	0.70044	1.0086	410.14	0.089137	2.9222e-05	0.039502	supercritical
437.36	93.000	80.821	0.012373	276.91	391.98	5.5671	0.70071	1.0086	410.58	0.088568	2.9266e-05	0.039566	supercritical
438.36	93.000	80.623	0.012403	277.64	392.99	5.5694	0.70097	1.0085	411.03	0.088002	2.9310e-05	0.039629	supercritical
439.36	93.000	80.427	0.012434	278.37	394.00	5.5717	0.70123	1.0085	411.48	0.087439	2.9354e-05	0.039693	supercritical
440.36	93.000	80.231	0.012464	279.09	395.01	5.5740	0.70150	1.0085	411.93	0.086879	2.9398e-05	0.039756	supercritical
441.36	93.000	80.037	0.012494	279.82	396.02	5.5762	0.70176	1.0085	412.38	0.086322	2.9442e-05	0.039820	supercritical
442.36	93.000	79.843	0.012525	280.55	397.02	5.5785	0.70203	1.0085	412.82	0.085768	2.9486e-05	0.039883	supercritical
443.36	93.000	79.651	0.012555	281.27	398.03	5.5808	0.70230	1.0085	413.27	0.085217	2.9530e-05	0.039946	supercritical
444.36	93.000	79.459	0.012585	282.00	399.04	5.5831	0.70257	1.0085	413.71	0.084669	2.9574e-05	0.040010	supercritical
445.36	93.000	79.269	0.012615	282.73	400.05	5.5853	0.70283	1.0085	414.15	0.084124	2.9617e-05	0.040073	supercritical
446.36	93.000	79.079	0.012646	283.46	401.06	5.5876	0.70310	1.0086	414.60	0.083582	2.9661e-05	0.040136	supercritical
447.36	93.000	78.891	0.012676	284.18	402.07	5.5899	0.70337	1.0086	415.04	0.083042	2.9705e-05	0.040200	supercritical
448.36	93.000	78.703	0.012706	284.91	403.08	5.5921	0.70365	1.0086	415.48	0.082505	2.9749e-05	0.040263	supercritical
449.36	93.000	78.517	0.012736	285.64	404.08	5.5944	0.70392	1.0086	415.92	0.081971	2.9792e-05	0.040326	supercritical
450.36	93.000	78.331	0.012766	286.37	405.09	5.5966	0.70419	1.0086	416.36	0.081440	2.9836e-05	0.040390	supercritical
451.36	93.000	78.147	0.012796	287.10	406.10	5.5988	0.70446	1.0087	416.80	0.080912	2.9879e-05	0.040453	supercritical
452.36	93.000	77.963	0.012827	287.82	407.11	5.6011	0.70474	1.0087	417.24	0.080386	2.9923e-05	0.040516	supercritical
453.36	93.000	77.780	0.012857	288.55	408.12	5.6033	0.70501	1.0087	417.67	0.079863	2.9966e-05	0.040580	supercritical
454.36	93.000	77.598	0.012887	289.28	409.13	5.6055	0.70528	1.0087	418.11	0.079343	3.0010e-05	0.040643	supercritical
455.36	93.000	77.417	0.012917	290.01	410.14	5.6077	0.70556	1.0088	418.54	0.078826	3.0053e-05	0.040706	supercritical
456.36	93.000	77.237	0.012947	290.74	411.15	5.6100	0.70584	1.0088	418.98	0.078311	3.0097e-05	0.040769	supercritical
457.36	93.000	77.058	0.012977	291.47	412.15	5.6122	0.70611	1.0089	419.41	0.077799	3.0140e-05	0.040833	supercritical
458.36	93.000	76.880	0.013007	292.20	413.16	5.6144	0.70639	1.0089	419.85	0.077289	3.0184e-05	0.040896	supercritical
459.36	93.000	76.703	0.013037	292.92	414.17	5.6166	0.70667	1.0089	420.28	0.076782	3.0227e-05	0.040959	supercritical
460.36	93.000	76.526	0.013067	293.65	415.18	5.6188	0.70694	1.0090	420.71	0.076278	3.0270e-05	0.041022	supercritical
461.36	93.000	76.351	0.013097	294.38	416.19	5.6209	0.70722	1.0090	421.14	0.075776	3.0313e-05	0.041086	supercritical
462.36	93.000	76.176	0.013128	295.11	417.20	5.6231	0.70750	1.0091	421.57	0.075277	3.0357e-05	0.041149	supercritical
463.36	93.000	76.002	0.013158	295.84	418.21	5.6253	0.70778	1.0092	422.00	0.074780	3.0400e-05	0.041212	supercritical
464.36	93.000	75.829	0.013188	296.57	419.22	5.6275	0.70806	1.0092	422.43	0.074286	3.0443e-05	0.041275	supercritical
465.36	93.000	75.657	0.013218	297.30	420.23	5.6297	0.70834	1.0093	422.86	0.073795	3.0486e-05	0.041338	supercritical
466.36	93.000	75.486	0.013248	298.03	421.24	5.6318	0.70862	1.0093	423.29	0.073306	3.0529e-05	0.041402	supercritical
467.36	93.000	75.315	0.013278	298.76	422.25	5.6340	0.70891	1.0094	423.72	0.072819	3.0572e-05	0.041465	supercritical
468.36	93.000	75.145	0.013308	299.49	423.26	5.6361	0.70919	1.0095	424.14	0.072335	3.0615e-05	0.041528	supercritical
469.36	93.000	74.977	0.013338	300.23	424.26	5.6383	0.70947	1.0095	424.57	0.071853	3.0658e-05	0.041591	supercritical
470.36	93.000	74.809	0.013367	300.96	425.27	5.6404	0.70975	1.0096	424.99	0.071374	3.0701e-05	0.041654	supercritical
471.36	93.000	74.641	0.013397	301.69	426.28	5.6426	0.71004	1.0097	425.42	0.070897	3.0744e-05	0.041717	supercritical
472.36	93.000	74.475	0.013427	302.42	427.29	5.6447	0.71032	1.0097	425.84	0.070423	3.0787e-05	0.041780	supercritical
473.36	93.000	74.309	0.013457	303.15	428.30	5.6469	0.71060	1.0098	426.26	0.069951	3.0830e-05	0.041843	supercritical
474.36	93.000	74.144	0.013487	303.88	429.31	5.6490	0.71089	1.0099	426.69	0.069481	3.0873e-05	0.041906	supercritical
475.36	93.000	73.980	0.013517	304.61	430.32	5.6511	0.71117	1.0100	427.11	0.069014	3.0915e-05	0.041969	supercritical
476.36	93.000	73.817	0.013547	305.35	431.33	5.6532	0.71146	1.0101	427.53	0.068549	3.0958e-05	0.042032	supercritical
477.36	93.000	73.655	0.013577	306.08	432.34	5.6554	0.71174	1.0101	427.95	0.068086	3.1001e-05	0.042095	supercritical
478.36	93.000	73.493	0.013607	306.81	433.35	5.6575	0.71203	1.0102	428.37	0.067626	3.1043e-05	0.042158	supercritical
479.36	93.000	73.332	0.013637	307.54	434.36	5.6596	0.71232	1.0103	428.79	0.067168	3.1086e-05	0.042221	supercritical
480.36	93.000	73.172	0.013666	308.28	435.37	5.6617	0.71260	1.0104	429.21	0.066712	3.1129e-05	0.042284	supercritical
481.36	93.000	73.012	0.013696	309.01	436.38	5.6638	0.71289	1.0105	429.63	0.066259	3.1171e-05	0.042347	supercritical
482.36	93.000	72.854	0.013726	309.74	437.39	5.6659	0.71318	1.0106	430.04	0.065808	3.1214e-05	0.042410	supercritical
483.36	93.000	72.696	0.013756	310.47	438.41	5.6680	0.71347	1.0107	430.46	0.065359	3.1256e-05	0.042473	supercritical
484.36	93.000	72.538	0.013786	311.21	439.42	5.6701	0.71376	1.0108	430.88	0.064912	3.1299e-05	0.042536	supercritical
485.36	93.000	72.382	0.013816	311.94	440.43	5.6722	0.71404	1.0109	431.29	0.064468	3.1341e-05	0.042599	supercritical
486.36	93.000	72.226	0.013845	312.68	441.44	5.6742	0.71433	1.0110	431.71	0.064025	3.1384e-05	0.042662	supercritical
487.36	93.000	72.071	0.013875	313.41	442.45	5.6763	0.71462	1.0111	432.12	0.063585	3.1426e-05	0.042725	supercritical
488.36	93.000	71.916	0.013905	314.14	443.46	5.6784	0.71491	1.0112	432.53	0.063147	3.1469e-05	0.042788	supercritical
489.36	93.000	71.763	0.013935	314.88	444.47	5.6805	0.71520	1.0113	432.95	0.062711	3.1511e-05	0.042851	supercritical
490.36	93.000	71.610	0.013965	315.61	445.48	5.6825	0.71549	1.0114	433.36	0.062278	3.1553e-05	0.042914	supercritical
491.36	93.000	71.458	0.013994	316.35	446.49	5.6846	0.71578	1.0115	433.77	0.061846	3.1595e-05	0.042976	supercritical
492.36	93.000	71.306	0.014024	317.08	447.51	5.6866	0.71607	1.0116	434.18	0.061417	3.1638e-05	0.043039	supercritical
493.36	93.000	71.155	0.014054	317.82	448.52	5.6887	0.71636	1.0117	434.59	0.060989	3.1680e-05	0.043102	supercritical
494.36	93.000	71.005	0.014084	318.55	449.53	5.6907	0.71665	1.0119	435.00	0.060564	3.1722e-05	0.043165	supercritical
495.36	93.000	70.855	0.014113	319.29	450.54	5.6928	0.71694	1.0120	435.41	0.060141	3.1764e-05	0.043228	supercritical
496.36	93.000	70.706	0.014143	320.02	451.55	5.6948	0.71724	1.0121	435.82	0.059720	3.1806e-05	0.043290	supercritical
497.36	93.000	70.558	0.014173	320.76	452.57	5.6969	0.71753	1.0122	436.23	0.059301	3.1848e-05	0.043353	supercritical
498.36	93.000	70.411	0.014202	321.50	453.58	5.6989	0.71782	1.0123	436.63	0.058884	3.1890e-05	0.043416	supercritical
499.36	93.000	70.264	0.014232	322.23	454.59	5.7009	0.71811	1.0124	437.04	0.058469	3.1932e-05	0.043479	supercritical
500.36	93.000	70.118	0.014262	322.97	455.60	5.7030	0.71840	1.0126	437.45	0.058056	3.1974e-05	0.043541	supercritical
501.36	93.000	69.972	0.014291	323.71	456.62	5.7050	0.71869	1.0127	437.85	0.057645	3.2016e-05	0.043604	supercritical
502.36	93.000	69.827	0.014321	324.44	457.63	5.7070	0.71899	1.0128	438.26	0.057236	3.2058e-05	0.043667	supercritical
503.36	93.000	69.683	0.014351	325.18	458.64	5.7090	0.71928	1.0129	438.66	0.056828	3.2100e-05	0.043729	supercritical
504.36	93.000	69.539	0.014380	325.92	459.65	5.7110	0.71957	1.0131	439.07	0.056423	3.2142e-05	0.043792	supercritical
505.36	93.000	69.396	0.014410	326.65	460.67	5.7130	0.71987	1.0132	439.47	0.056020	3.2184e-05	0.043854	supercritical
506.36	93.000	69.254	0.014440	327.39	461.68	5.7150	0.72016	1.0133	439.87	0.055619	3.2226e-05	0.043917	supercritical
507.36	93.000	69.112	0.014469	328.13	462.69	5.7170	0.72045	1.0135	440.28	0.055220	3.2267e-05	0.043980	supercritical
508.36	93.000	68.971	0.014499	328.87	463.71	5.7190	0.72075	1.0136	440.68	0.054822	3.2309e-05	0.044042	supercritical
509.36	93.000	68.830	0.014529	329.61	464.72	5.7210	0.72104	1.0137	441.08	0.054427	3.2351e-05	0.044105	supercritical
510.36	93.000	68.690	0.014558	330.34	465.73	5.7230	0.72133	1.0139	441.48	0.054033	3.2392e-05	0.044167	supercritical
511.36	93.000	68.551	0.014588	331.08	466.75	5.7250	0.72163	1.0140	441.88	0.053641	3.2434e-05	0.044230	supercritical
512.36	93.000	68.412	0.014617	331.82	467.76	5.7270	0.72192	1.0141	442.28	0.053252	3.2476e-05	0.044292	supercritical
513.36	93.000	68.274	0.014647	332.56	468.78	5.7289	0.72221	1.0143	442.68	0.052864	3.2517e-05	0.044355	supercritical
514.36	93.000	68.136	0.014676	333.30	469.79	5.7309	0.72251	1.0144	443.08	0.052477	3.2559e-05	0.044417	supercritical
515.36	93.000	67.999	0.014706	334.04	470.81	5.7329	0.72280	1.0146	443.48	0.052093	3.2600e-05	0.044480	supercritical
516.36	93.000	67.863	0.014736	334.78	471.82	5.7349	0.72310	1.0147	443.87	0.051711	3.2642e-05	0.044542	supercritical
517.36	93.000	67.727	0.014765	335.52	472.84	5.7368	0.72339	1.0149	444.27	0.051330	3.2683e-05	0.044605	supercritical
518.36	93.000	67.592	0.014795	336.26	473.85	5.7388	0.72368	1.0150	444.67	0.050951	3.2724e-05	0.044667	supercritical
519.36	93.000	67.457	0.014824	337.00	474.87	5.7407	0.72398	1.0151	445.06	0.050574	3.2766e-05	0.044730	supercritical
520.36	93.000	67.323	0.014854	337.74	475.88	5.7427	0.72427	1.0153	445.46	0.050198	3.2807e-05	0.044792	supercritical
521.36	93.000	67.190	0.014883	338.48	476.90	5.7446	0.72457	1.0154	445.85	0.049825	3.2849e-05	0.044854	supercritical
522.36	93.000	67.057	0.014913	339.22	477.91	5.7466	0.72486	1.0156	446.25	0.049453	3.2890e-05	0.044917	supercritical
523.36	93.000	66.924	0.014942	339.96	478.93	5.7485	0.72516	1.0157	446.64	0.049083	3.2931e-05	0.044979	supercritical
524.36	93.000	66.792	0.014972	340.71	479.94	5.7505	0.72545	1.0159	447.03	0.048715	3.2972e-05	0.045041	supercritical
525.36	93.000	66.661	0.015001	341.45	480.96	5.7524	0.72575	1.0160	447.43	0.048348	3.3013e-05	0.045104	supercritical
526.36	93.000	66.530	0.015031	342.19	481.97	5.7543	0.72604	1.0162	447.82	0.047983	3.3055e-05	0.045166	supercritical
527.36	93.000	66.400	0.015060	342.93	482.99	5.7563	0.72634	1.0164	448.21	0.047620	3.3096e-05	0.045228	supercritical
528.36	93.000	66.270	0.015090	343.67	484.01	5.7582	0.72663	1.0165	448.60	0.047258	3.3137e-05	0.045290	supercritical
529.36	93.000	66.141	0.015119	344.42	485.02	5.7601	0.72692	1.0167	448.99	0.046898	3.3178e-05	0.045353	supercritical
530.36	93.000	66.013	0.015149	345.16	486.04	5.7620	0.72722	1.0168	449.38	0.046540	3.3219e-05	0.045415	supercritical
531.36	93.000	65.884	0.015178	345.90	487.06	5.7639	0.72751	1.0170	449.77	0.046184	3.3260e-05	0.045477	supercritical
532.36	93.000	65.757	0.015208	346.64	488.07	5.7659	0.72781	1.0171	450.16	0.045829	3.3301e-05	0.045539	supercritical
533.36	93.000	65.630	0.015237	347.39	489.09	5.7678	0.72810	1.0173	450.55	0.045475	3.3342e-05	0.045601	supercritical
534.36	93.000	65.503	0.015266	348.13	490.11	5.7697	0.72840	1.0175	450.94	0.045124	3.3383e-05	0.045663	supercritical
535.36	93.000	65.377	0.015296	348.88	491.13	5.7716	0.72869	1.0176	451.33	0.044774	3.3424e-05	0.045726	supercritical
536.36	93.000	65.252	0.015325	349.62	492.14	5.7735	0.72899	1.0178	451.71	0.044425	3.3465e-05	0.045788	supercritical
537.36	93.000	65.127	0.015355	350.36	493.16	5.7754	0.72928	1.0179	452.10	0.044079	3.3505e-05	0.045850	supercritical
538.36	93.000	65.002	0.015384	351.11	494.18	5.7773	0.72958	1.0181	452.49	0.043734	3.3546e-05	0.045912	supercritical
539.36	93.000	64.878	0.015413	351.85	495.20	5.7792	0.72987	1.0183	452.87	0.043390	3.3587e-05	0.045974	supercritical
540.36	93.000	64.755	0.015443	352.60	496.22	5.7810	0.73016	1.0184	453.26	0.043048	3.3628e-05	0.046036	supercritical
541.36	93.000	64.632	0.015472	353.34	497.24	5.7829	0.73046	1.0186	453.64	0.042707	3.3669e-05	0.046098	supercritical
542.36	93.000	64.509	0.015502	354.09	498.25	5.7848	0.73075	1.0188	454.03	0.042368	3.3709e-05	0.046160	supercritical
543.36	93.000	64.387	0.015531	354.83	499.27	5.7867	0.73105	1.0189	454.41	0.042031	3.3750e-05	0.046222	supercritical
544.36	93.000	64.266	0.015560	355.58	500.29	5.7886	0.73134	1.0191	454.80	0.041695	3.3790e-05	0.046284	supercritical
545.36	93.000	64.145	0.015590	356.33	501.31	5.7904	0.73163	1.0193	455.18	0.041361	3.3831e-05	0.046346	supercritical
546.36	93.000	64.024	0.015619	357.07	502.33	5.7923	0.73193	1.0194	455.56	0.041028	3.3872e-05	0.046408	supercritical
547.36	93.000	63.904	0.015648	357.82	503.35	5.7942	0.73222	1.0196	455.94	0.040697	3.3912e-05	0.046470	supercritical
548.36	93.000	63.785	0.015678	358.57	504.37	5.7960	0.73251	1.0198	456.33	0.040367	3.3953e-05	0.046532	supercritical
549.36	93.000	63.665	0.015707	359.31	505.39	5.7979	0.73281	1.0200	456.71	0.040039	3.3993e-05	0.046594	supercritical
550.36	93.000	63.547	0.015736	360.06	506.41	5.7997	0.73310	1.0201	457.09	0.039712	3.4034e-05	0.046655	supercritical
551.36	93.000	63.429	0.015766	360.81	507.43	5.8016	0.73340	1.0203	457.47	0.039386	3.4074e-05	0.046717	supercritical
552.36	93.000	63.311	0.015795	361.56	508.45	5.8034	0.73369	1.0205	457.85	0.039063	3.4114e-05	0.046779	supercritical
553.36	93.000	63.193	0.015824	362.30	509.47	5.8053	0.73398	1.0207	458.23	0.038740	3.4155e-05	0.046841	supercritical
554.36	93.000	63.077	0.015854	363.05	510.49	5.8071	0.73427	1.0208	458.61	0.038419	3.4195e-05	0.046903	supercritical
555.36	93.000	62.960	0.015883	363.80	511.51	5.8090	0.73457	1.0210	458.99	0.038100	3.4235e-05	0.046964	supercritical
556.36	93.000	62.844	0.015912	364.55	512.53	5.8108	0.73486	1.0212	459.36	0.037782	3.4276e-05	0.047026	supercritical
557.36	93.000	62.729	0.015942	365.30	513.56	5.8126	0.73515	1.0214	459.74	0.037465	3.4316e-05	0.047088	supercritical
558.36	93.000	62.614	0.015971	366.05	514.58	5.8145	0.73544	1.0215	460.12	0.037150	3.4356e-05	0.047150	supercritical
559.36	93.000	62.499	0.016000	366.80	515.60	5.8163	0.73574	1.0217	460.50	0.036836	3.4396e-05	0.047211	supercritical
560.36	93.000	62.385	0.016029	367.55	516.62	5.8181	0.73603	1.0219	460.87	0.036523	3.4437e-05	0.047273	supercritical
561.36	93.000	62.271	0.016059	368.30	517.64	5.8199	0.73632	1.0221	461.25	0.036212	3.4477e-05	0.047335	supercritical
562.36	93.000	62.158	0.016088	369.05	518.66	5.8218	0.73661	1.0223	461.62	0.035902	3.4517e-05	0.047396	supercritical
563.36	93.000	62.045	0.016117	369.80	519.69	5.8236	0.73690	1.0224	462.00	0.035594	3.4557e-05	0.047458	supercritical
564.36	93.000	61.933	0.016146	370.55	520.71	5.8254	0.73720	1.0226	462.37	0.035287	3.4597e-05	0.047520	supercritical
565.36	93.000	61.821	0.016176	371.30	521.73	5.8272	0.73749	1.0228	462.75	0.034981	3.4637e-05	0.047581	supercritical
566.36	93.000	61.709	0.016205	372.05	522.75	5.8290	0.73778	1.0230	463.12	0.034677	3.4677e-05	0.047643	supercritical
567.36	93.000	61.598	0.016234	372.80	523.78	5.8308	0.73807	1.0232	463.49	0.034374	3.4717e-05	0.047704	supercritical
568.36	93.000	61.488	0.016263	373.55	524.80	5.8326	0.73836	1.0234	463.87	0.034073	3.4757e-05	0.047766	supercritical
569.36	93.000	61.377	0.016293	374.30	525.82	5.8344	0.73865	1.0235	464.24	0.033772	3.4797e-05	0.047827	supercritical
570.36	93.000	61.267	0.016322	375.05	526.85	5.8362	0.73894	1.0237	464.61	0.033473	3.4837e-05	0.047889	supercritical
571.36	93.000	61.158	0.016351	375.81	527.87	5.8380	0.73923	1.0239	464.98	0.033176	3.4876e-05	0.047950	supercritical
572.36	93.000	61.049	0.016380	376.56	528.90	5.8398	0.73952	1.0241	465.36	0.032879	3.4916e-05	0.048012	supercritical
573.36	93.000	60.940	0.016410	377.31	529.92	5.8416	0.73981	1.0243	465.73	0.032584	3.4956e-05	0.048073	supercritical
574.36	93.000	60.832	0.016439	378.06	530.94	5.8434	0.74010	1.0245	466.10	0.032291	3.4996e-05	0.048135	supercritical
575.36	93.000	60.724	0.016468	378.82	531.97	5.8451	0.74039	1.0246	466.47	0.031998	3.5036e-05	0.048196	supercritical
576.36	93.000	60.617	0.016497	379.57	532.99	5.8469	0.74068	1.0248	466.84	0.031707	3.5075e-05	0.048258	supercritical
577.36	93.000	60.510	0.016526	380.32	534.02	5.8487	0.74097	1.0250	467.21	0.031417	3.5115e-05	0.048319	supercritical
578.36	93.000	60.403	0.016555	381.08	535.04	5.8505	0.74126	1.0252	467.58	0.031128	3.5155e-05	0.048380	supercritical
579.36	93.000	60.297	0.016585	381.83	536.07	5.8522	0.74154	1.0254	467.94	0.030841	3.5194e-05	0.048442	supercritical
580.36	93.000	60.191	0.016614	382.59	537.09	5.8540	0.74183	1.0256	468.31	0.030555	3.5234e-05	0.048503	supercritical
581.36	93.000	60.085	0.016643	383.34	538.12	5.8558	0.74212	1.0258	468.68	0.030270	3.5273e-05	0.048564	supercritical
582.36	93.000	59.980	0.016672	384.10	539.15	5.8575	0.74241	1.0260	469.05	0.029986	3.5313e-05	0.048626	supercritical
583.36	93.000	59.876	0.016701	384.85	540.17	5.8593	0.74270	1.0262	469.41	0.029704	3.5353e-05	0.048687	supercritical
584.36	93.000	59.771	0.016730	385.61	541.20	5.8611	0.74298	1.0263	469.78	0.029422	3.5392e-05	0.048748	supercritical
585.36	93.000	59.667	0.016760	386.36	542.23	5.8628	0.74327	1.0265	470.15	0.029142	3.5431e-05	0.048809	supercritical
586.36	93.000	59.564	0.016789	387.12	543.25	5.8646	0.74356	1.0267	470.51	0.028863	3.5471e-05	0.048871	supercritical
587.36	93.000	59.461	0.016818	387.87	544.28	5.8663	0.74384	1.0269	470.88	0.028586	3.5510e-05	0.048932	supercritical
588.36	93.000	59.358	0.016847	388.63	545.31	5.8681	0.74413	1.0271	471.24	0.028309	3.5550e-05	0.048993	supercritical
589.36	93.000	59.255	0.016876	389.38	546.33	5.8698	0.74442	1.0273	471.61	0.028034	3.5589e-05	0.049054	supercritical
590.36	93.000	59.153	0.016905	390.14	547.36	5.8716	0.74470	1.0275	471.97	0.027760	3.5628e-05	0.049115	supercritical
591.36	93.000	59.052	0.016934	390.90	548.39	5.8733	0.74499	1.0277	472.34	0.027487	3.5668e-05	0.049176	supercritical
592.36	93.000	58.950	0.016963	391.66	549.42	5.8750	0.74527	1.0279	472.70	0.027215	3.5707e-05	0.049238	supercritical
593.36	93.000	58.849	0.016993	392.41	550.44	5.8768	0.74556	1.0281	473.06	0.026944	3.5746e-05	0.049299	supercritical
594.36	93.000	58.749	0.017022	393.17	551.47	5.8785	0.74584	1.0283	473.43	0.026675	3.5785e-05	0.049360	supercritical
595.36	93.000	58.648	0.017051	393.93	552.50	5.8802	0.74613	1.0285	473.79	0.026407	3.5825e-05	0.049421	supercritical
596.36	93.000	58.548	0.017080	394.69	553.53	5.8819	0.74641	1.0286	474.15	0.026139	3.5864e-05	0.049482	supercritical
597.36	93.000	58.449	0.017109	395.44	554.56	5.8837	0.74670	1.0288	474.51	0.025873	3.5903e-05	0.049543	supercritical
598.36	93.000	58.350	0.017138	396.20	555.59	5.8854	0.74698	1.0290	474.87	0.025608	3.5942e-05	0.049604	supercritical
599.36	93.000	58.251	0.017167	396.96	556.62	5.8871	0.74726	1.0292	475.24	0.025344	3.5981e-05	0.049665	supercritical
600.36	93.000	58.152	0.017196	397.72	557.64	5.8888	0.74755	1.0294	475.60	0.025082	3.6020e-05	0.049726	supercritical
601.36	93.000	58.054	0.017225	398.48	558.67	5.8905	0.74783	1.0296	475.96	0.024820	3.6059e-05	0.049787	supercritical
602.36	93.000	57.956	0.017254	399.24	559.70	5.8923	0.74811	1.0298	476.32	0.024560	3.6098e-05	0.049848	supercritical
603.36	93.000	57.859	0.017283	400.00	560.73	5.8940	0.74840	1.0300	476.68	0.024300	3.6137e-05	0.049908	supercritical
604.36	93.000	57.762	0.017312	400.76	561.76	5.8957	0.74868	1.0302	477.04	0.024042	3.6176e-05	0.049969	supercritical
605.36	93.000	57.665	0.017342	401.52	562.79	5.8974	0.74896	1.0304	477.39	0.023785	3.6215e-05	0.050030	supercritical
606.36	93.000	57.569	0.017371	402.28	563.82	5.8991	0.74924	1.0306	477.75	0.023528	3.6254e-05	0.050091	supercritical
607.36	93.000	57.473	0.017400	403.04	564.86	5.9008	0.74952	1.0308	478.11	0.023273	3.6293e-05	0.050152	supercritical
608.36	93.000	57.377	0.017429	403.80	565.89	5.9025	0.74980	1.0310	478.47	0.023019	3.6332e-05	0.050213	supercritical
609.36	93.000	57.281	0.017458	404.56	566.92	5.9042	0.75008	1.0312	478.83	0.022766	3.6371e-05	0.050273	supercritical
610.36	93.000	57.186	0.017487	405.32	567.95	5.9058	0.75036	1.0314	479.18	0.022514	3.6409e-05	0.050334	supercritical
611.36	93.000	57.092	0.017516	406.08	568.98	5.9075	0.75064	1.0316	479.54	0.022263	3.6448e-05	0.050395	supercritical
612.36	93.000	56.997	0.017545	406.85	570.01	5.9092	0.75092	1.0318	479.90	0.022014	3.6487e-05	0.050456	supercritical
613.36	93.000	56.903	0.017574	407.61	571.04	5.9109	0.75120	1.0320	480.25	0.021765	3.6526e-05	0.050516	supercritical
614.36	93.000	56.809	0.017603	408.37	572.08	5.9126	0.75148	1.0322	480.61	0.021517	3.6564e-05	0.050577	supercritical
615.36	93.000	56.716	0.017632	409.13	573.11	5.9143	0.75176	1.0324	480.96	0.021270	3.6603e-05	0.050638	supercritical
616.36	93.000	56.623	0.017661	409.89	574.14	5.9159	0.75204	1.0326	481.32	0.021024	3.6642e-05	0.050699	supercritical
617.36	93.000	56.530	0.017690	410.66	575.17	5.9176	0.75232	1.0328	481.67	0.020780	3.6680e-05	0.050759	supercritical
618.36	93.000	56.437	0.017719	411.42	576.21	5.9193	0.75259	1.0330	482.03	0.020536	3.6719e-05	0.050820	supercritical
619.36	93.000	56.345	0.017748	412.18	577.24	5.9210	0.75287	1.0332	482.38	0.020293	3.6757e-05	0.050880	supercritical
620.36	93.000	56.253	0.017777	412.95	578.27	5.9226	0.75315	1.0334	482.73	0.020051	3.6796e-05	0.050941	supercritical
621.36	93.000	56.161	0.017806	413.71	579.31	5.9243	0.75343	1.0335	483.09	0.019811	3.6834e-05	0.051002	supercritical
622.36	93.000	56.070	0.017835	414.48	580.34	5.9260	0.75370	1.0337	483.44	0.019571	3.6873e-05	0.051062	supercritical
623.36	93.000	55.979	0.017864	415.24	581.37	5.9276	0.75398	1.0339	483.79	0.019332	3.6911e-05	0.051123	supercritical
624.36	93.000	55.889	0.017893	416.00	582.41	5.9293	0.75426	1.0341	484.15	0.019094	3.6950e-05	0.051183	supercritical
625.36	93.000	55.798	0.017922	416.77	583.44	5.9309	0.75453	1.0343	484.50	0.018858	3.6988e-05	0.051244	supercritical
626.36	93.000	55.708	0.017951	417.53	584.48	5.9326	0.75481	1.0345	484.85	0.018622	3.7027e-05	0.051304	supercritical
627.36	93.000	55.618	0.017980	418.30	585.51	5.9342	0.75508	1.0347	485.20	0.018387	3.7065e-05	0.051365	supercritical
628.36	93.000	55.529	0.018009	419.07	586.55	5.9359	0.75536	1.0349	485.55	0.018153	3.7103e-05	0.051425	supercritical
629.36	93.000	55.440	0.018038	419.83	587.58	5.9375	0.75563	1.0351	485.90	0.017920	3.7142e-05	0.051486	supercritical
630.36	93.000	55.351	0.018067	420.60	588.62	5.9392	0.75590	1.0353	486.25	0.017688	3.7180e-05	0.051546	supercritical
631.36	93.000	55.262	0.018095	421.36	589.65	5.9408	0.75618	1.0355	486.60	0.017457	3.7218e-05	0.051606	supercritical
632.36	93.000	55.174	0.018124	422.13	590.69	5.9424	0.75645	1.0357	486.95	0.017226	3.7256e-05	0.051667	supercritical
633.36	93.000	55.086	0.018153	422.90	591.72	5.9441	0.75672	1.0359	487.30	0.016997	3.7295e-05	0.051727	supercritical
634.36	93.000	54.999	0.018182	423.66	592.76	5.9457	0.75700	1.0361	487.65	0.016769	3.7333e-05	0.051787	supercritical
635.36	93.000	54.911	0.018211	424.43	593.79	5.9474	0.75727	1.0363	488.00	0.016541	3.7371e-05	0.051848	supercritical
636.36	93.000	54.824	0.018240	425.20	594.83	5.9490	0.75754	1.0365	488.35	0.016315	3.7409e-05	0.051908	supercritical
637.36	93.000	54.737	0.018269	425.97	595.87	5.9506	0.75781	1.0367	488.70	0.016089	3.7447e-05	0.051968	supercritical
638.36	93.000	54.651	0.018298	426.73	596.90	5.9522	0.75808	1.0369	489.04	0.015864	3.7485e-05	0.052029	supercritical
639.36	93.000	54.565	0.018327	427.50	597.94	5.9539	0.75835	1.0371	489.39	0.015641	3.7523e-05	0.052089	supercritical
640.36	93.000	54.479	0.018356	428.27	598.98	5.9555	0.75862	1.0373	489.74	0.015418	3.7561e-05	0.052149	supercritical
641.36	93.000	54.393	0.018385	429.04	600.02	5.9571	0.75889	1.0375	490.09	0.015196	3.7600e-05	0.052209	supercritical
642.36	93.000	54.308	0.018414	429.81	601.05	5.9587	0.75916	1.0377	490.43	0.014974	3.7638e-05	0.052269	supercritical
643.36	93.000	54.222	0.018443	430.58	602.09	5.9603	0.75943	1.0379	490.78	0.014754	3.7675e-05	0.052330	supercritical
644.36	93.000	54.138	0.018471	431.35	603.13	5.9619	0.75970	1.0381	491.12	0.014535	3.7713e-05	0.052390	supercritical
645.36	93.000	54.053	0.018500	432.11	604.17	5.9636	0.75997	1.0383	491.47	0.014316	3.7751e-05	0.052450	supercritical
646.36	93.000	53.969	0.018529	432.88	605.21	5.9652	0.76024	1.0385	491.82	0.014099	3.7789e-05	0.052510	supercritical
647.36	93.000	53.885	0.018558	433.65	606.25	5.9668	0.76051	1.0387	492.16	0.013882	3.7827e-05	0.052570	supercritical
648.36	93.000	53.801	0.018587	434.42	607.28	5.9684	0.76077	1.0389	492.50	0.013666	3.7865e-05	0.052630	supercritical
649.36	93.000	53.717	0.018616	435.19	608.32	5.9700	0.76104	1.0391	492.85	0.013451	3.7903e-05	0.052690	supercritical
650.36	93.000	53.634	0.018645	435.97	609.36	5.9716	0.76131	1.0393	493.19	0.013236	3.7941e-05	0.052750	supercritical
651.36	93.000	53.551	0.018674	436.74	610.40	5.9732	0.76157	1.0395	493.54	0.013023	3.7978e-05	0.052810	supercritical
652.36	93.000	53.469	0.018703	437.51	611.44	5.9748	0.76184	1.0397	493.88	0.012810	3.8016e-05	0.052870	supercritical
653.36	93.000	53.386	0.018731	438.28	612.48	5.9764	0.76210	1.0399	494.22	0.012599	3.8054e-05	0.052930	supercritical
654.36	93.000	53.304	0.018760	439.05	613.52	5.9779	0.76237	1.0401	494.57	0.012388	3.8092e-05	0.052990	supercritical
655.36	93.000	53.222	0.018789	439.82	614.56	5.9795	0.76264	1.0403	494.91	0.012178	3.8129e-05	0.053050	supercritical
656.36	93.000	53.141	0.018818	440.59	615.60	5.9811	0.76290	1.0405	495.25	0.011968	3.8167e-05	0.053110	supercritical
657.36	93.000	53.059	0.018847	441.37	616.64	5.9827	0.76316	1.0407	495.59	0.011760	3.8205e-05	0.053170	supercritical
658.36	93.000	52.978	0.018876	442.14	617.68	5.9843	0.76343	1.0409	495.94	0.011552	3.8242e-05	0.053230	supercritical
659.36	93.000	52.897	0.018905	442.91	618.72	5.9859	0.76369	1.0411	496.28	0.011346	3.8280e-05	0.053290	supercritical
660.36	93.000	52.817	0.018933	443.68	619.77	5.9874	0.76395	1.0413	496.62	0.011140	3.8317e-05	0.053350	supercritical
661.36	93.000	52.736	0.018962	444.46	620.81	5.9890	0.76422	1.0415	496.96	0.010934	3.8355e-05	0.053410	supercritical
662.36	93.000	52.656	0.018991	445.23	621.85	5.9906	0.76448	1.0417	497.30	0.010730	3.8392e-05	0.053469	supercritical
663.36	93.000	52.576	0.019020	446.00	622.89	5.9922	0.76474	1.0419	497.64	0.010526	3.8430e-05	0.053529	supercritical
664.36	93.000	52.497	0.019049	446.78	623.93	5.9937	0.76500	1.0421	497.98	0.010323	3.8467e-05	0.053589	supercritical
665.36	93.000	52.417	0.019078	447.55	624.97	5.9953	0.76526	1.0423	498.32	0.010121	3.8505e-05	0.053649	supercritical
666.36	93.000	52.338	0.019106	448.33	626.02	5.9969	0.76552	1.0425	498.66	0.0099200	3.8542e-05	0.053709	supercritical
667.36	93.000	52.259	0.019135	449.10	627.06	5.9984	0.76578	1.0427	499.00	0.0097195	3.8580e-05	0.053768	supercritical
668.36	93.000	52.181	0.019164	449.88	628.10	6.0000	0.76604	1.0429	499.34	0.0095198	3.8617e-05	0.053828	supercritical
669.36	93.000	52.102	0.019193	450.65	629.15	6.0016	0.76630	1.0431	499.68	0.0093208	3.8654e-05	0.053888	supercritical
670.36	93.000	52.024	0.019222	451.43	630.19	6.0031	0.76656	1.0433	500.01	0.0091226	3.8692e-05	0.053947	supercritical
671.36	93.000	51.947	0.019251	452.20	631.23	6.0047	0.76682	1.0435	500.35	0.0089251	3.8729e-05	0.054007	supercritical
672.36	93.000	51.869	0.019279	452.98	632.28	6.0062	0.76708	1.0437	500.69	0.0087284	3.8766e-05	0.054067	supercritical
673.36	93.000	51.791	0.019308	453.75	633.32	6.0078	0.76734	1.0439	501.03	0.0085325	3.8803e-05	0.054126	supercritical
674.36	93.000	51.714	0.019337	454.53	634.36	6.0093	0.76760	1.0441	501.36	0.0083373	3.8841e-05	0.054186	supercritical
675.36	93.000	51.637	0.019366	455.31	635.41	6.0109	0.76785	1.0443	501.70	0.0081428	3.8878e-05	0.054246	supercritical
676.36	93.000	51.561	0.019395	456.08	636.45	6.0124	0.76811	1.0445	502.04	0.0079491	3.8915e-05	0.054305	supercritical
677.36	93.000	51.484	0.019423	456.86	637.50	6.0140	0.76837	1.0447	502.37	0.0077561	3.8952e-05	0.054365	supercritical
678.36	93.000	51.408	0.019452	457.64	638.54	6.0155	0.76862	1.0449	502.71	0.0075638	3.8989e-05	0.054424	supercritical
679.36	93.000	51.332	0.019481	458.41	639.59	6.0170	0.76888	1.0451	503.05	0.0073723	3.9027e-05	0.054484	supercritical
680.36	93.000	51.256	0.019510	459.19	640.63	6.0186	0.76913	1.0453	503.38	0.0071815	3.9064e-05	0.054543	supercritical
681.36	93.000	51.181	0.019539	459.97	641.68	6.0201	0.76939	1.0455	503.72	0.0069914	3.9101e-05	0.054603	supercritical
682.36	93.000	51.106	0.019567	460.75	642.72	6.0216	0.76964	1.0457	504.05	0.0068021	3.9138e-05	0.054662	supercritical
683.36	93.000	51.031	0.019596	461.52	643.77	6.0232	0.76990	1.0459	504.39	0.0066134	3.9175e-05	0.054722	supercritical
684.36	93.000	50.956	0.019625	462.30	644.81	6.0247	0.77015	1.0461	504.72	0.0064255	3.9212e-05	0.054781	supercritical
685.36	93.000	50.881	0.019654	463.08	645.86	6.0262	0.77041	1.0463	505.06	0.0062383	3.9249e-05	0.054841	supercritical
686.36	93.000	50.807	0.019682	463.86	646.91	6.0278	0.77066	1.0465	505.39	0.0060517	3.9286e-05	0.054900	supercritical
687.36	93.000	50.733	0.019711	464.64	647.95	6.0293	0.77091	1.0467	505.72	0.0058659	3.9323e-05	0.054959	supercritical
688.36	93.000	50.659	0.019740	465.42	649.00	6.0308	0.77116	1.0469	506.06	0.0056808	3.9360e-05	0.055019	supercritical
689.36	93.000	50.585	0.019769	466.20	650.05	6.0323	0.77141	1.0471	506.39	0.0054963	3.9397e-05	0.055078	supercritical
690.36	93.000	50.511	0.019797	466.98	651.09	6.0338	0.77167	1.0473	506.72	0.0053126	3.9433e-05	0.055138	supercritical
691.36	93.000	50.438	0.019826	467.76	652.14	6.0354	0.77192	1.0475	507.05	0.0051295	3.9470e-05	0.055197	supercritical
692.36	93.000	50.365	0.019855	468.54	653.19	6.0369	0.77217	1.0477	507.39	0.0049471	3.9507e-05	0.055256	supercritical
693.36	93.000	50.292	0.019884	469.32	654.24	6.0384	0.77242	1.0479	507.72	0.0047654	3.9544e-05	0.055315	supercritical
694.36	93.000	50.220	0.019912	470.10	655.29	6.0399	0.77267	1.0480	508.05	0.0045844	3.9581e-05	0.055375	supercritical
695.36	93.000	50.147	0.019941	470.88	656.33	6.0414	0.77292	1.0482	508.38	0.0044040	3.9618e-05	0.055434	supercritical
696.36	93.000	50.075	0.019970	471.66	657.38	6.0429	0.77317	1.0484	508.71	0.0042243	3.9654e-05	0.055493	supercritical
697.36	93.000	50.003	0.019999	472.44	658.43	6.0444	0.77341	1.0486	509.05	0.0040453	3.9691e-05	0.055552	supercritical
698.36	93.000	49.931	0.020027	473.22	659.48	6.0459	0.77366	1.0488	509.38	0.0038669	3.9728e-05	0.055612	supercritical
699.36	93.000	49.860	0.020056	474.01	660.53	6.0474	0.77391	1.0490	509.71	0.0036892	3.9764e-05	0.055671	supercritical
700.36	93.000	49.789	0.020085	474.79	661.58	6.0489	0.77416	1.0492	510.04	0.0035122	3.9801e-05	0.055730	supercritical
701.36	93.000	49.717	0.020114	475.57	662.63	6.0504	0.77441	1.0494	510.37	0.0033358	3.9838e-05	0.055789	supercritical
702.36	93.000	49.647	0.020142	476.35	663.68	6.0519	0.77465	1.0496	510.70	0.0031600	3.9874e-05	0.055848	supercritical
703.36	93.000	49.576	0.020171	477.13	664.73	6.0534	0.77490	1.0498	511.03	0.0029849	3.9911e-05	0.055907	supercritical
704.36	93.000	49.505	0.020200	477.92	665.78	6.0549	0.77514	1.0500	511.36	0.0028104	3.9947e-05	0.055966	supercritical
705.36	93.000	49.435	0.020229	478.70	666.83	6.0564	0.77539	1.0502	511.68	0.0026366	3.9984e-05	0.056025	supercritical
706.36	93.000	49.365	0.020257	479.48	667.88	6.0579	0.77563	1.0504	512.01	0.0024634	4.0021e-05	0.056085	supercritical
707.36	93.000	49.295	0.020286	480.27	668.93	6.0594	0.77588	1.0506	512.34	0.0022908	4.0057e-05	0.056144	supercritical
708.36	93.000	49.225	0.020315	481.05	669.98	6.0608	0.77612	1.0508	512.67	0.0021189	4.0094e-05	0.056203	supercritical
709.36	93.000	49.156	0.020343	481.83	671.03	6.0623	0.77637	1.0510	513.00	0.0019476	4.0130e-05	0.056262	supercritical
710.36	93.000	49.087	0.020372	482.62	672.08	6.0638	0.77661	1.0512	513.33	0.0017769	4.0166e-05	0.056321	supercritical
711.36	93.000	49.018	0.020401	483.40	673.13	6.0653	0.77685	1.0514	513.65	0.0016068	4.0203e-05	0.056380	supercritical
712.36	93.000	48.949	0.020429	484.19	674.18	6.0668	0.77710	1.0516	513.98	0.0014374	4.0239e-05	0.056439	supercritical
713.36	93.000	48.880	0.020458	484.97	675.23	6.0682	0.77734	1.0517	514.31	0.0012686	4.0276e-05	0.056497	supercritical
714.36	93.000	48.812	0.020487	485.76	676.29	6.0697	0.77758	1.0519	514.63	0.0011003	4.0312e-05	0.056556	supercritical
715.36	93.000	48.743	0.020516	486.54	677.34	6.0712	0.77782	1.0521	514.96	0.00093272	4.0348e-05	0.056615	supercritical
716.36	93.000	48.675	0.020544	487.33	678.39	6.0726	0.77806	1.0523	515.29	0.00076571	4.0385e-05	0.056674	supercritical
717.36	93.000	48.607	0.020573	488.11	679.44	6.0741	0.77830	1.0525	515.61	0.00059930	4.0421e-05	0.056733	supercritical
718.36	93.000	48.540	0.020602	488.90	680.49	6.0756	0.77854	1.0527	515.94	0.00043349	4.0457e-05	0.056792	supercritical
719.36	93.000	48.472	0.020630	489.69	681.55	6.0770	0.77878	1.0529	516.26	0.00026828	4.0493e-05	0.056851	supercritical
720.36	93.000	48.405	0.020659	490.47	682.60	6.0785	0.77902	1.0531	516.59	0.00010366	4.0530e-05	0.056910	supercritical
721.36	93.000	48.338	0.020688	491.26	683.65	6.0800	0.77926	1.0533	516.91	-6.0374e-05	4.0566e-05	0.056968	supercritical
722.36	93.000	48.271	0.020716	492.04	684.71	6.0814	0.77950	1.0535	517.24	-0.00022382	4.0602e-05	0.057027	supercritical
723.36	93.000	48.204	0.020745	492.83	685.76	6.0829	0.77974	1.0537	517.56	-0.00038668	4.0638e-05	0.057086	supercritical
724.36	93.000	48.138	0.020774	493.62	686.81	6.0843	0.77997	1.0539	517.89	-0.00054895	4.0674e-05	0.057145	supercritical
725.36	93.000	48.071	0.020802	494.41	687.87	6.0858	0.78021	1.0541	518.21	-0.00071065	4.0711e-05	0.057203	supercritical
726.36	93.000	48.005	0.020831	495.19	688.92	6.0872	0.78045	1.0542	518.54	-0.00087178	4.0747e-05	0.057262	supercritical
727.36	93.000	47.939	0.020860	495.98	689.98	6.0887	0.78069	1.0544	518.86	-0.0010323	4.0783e-05	0.057321	supercritical
728.36	93.000	47.873	0.020888	496.77	691.03	6.0901	0.78092	1.0546	519.18	-0.0011923	4.0819e-05	0.057380	supercritical
729.36	93.000	47.808	0.020917	497.56	692.09	6.0916	0.78116	1.0548	519.51	-0.0013517	4.0855e-05	0.057438	supercritical
730.36	93.000	47.742	0.020946	498.35	693.14	6.0930	0.78139	1.0550	519.83	-0.0015106	4.0891e-05	0.057497	supercritical
731.36	93.000	47.677	0.020974	499.13	694.20	6.0945	0.78163	1.0552	520.15	-0.0016689	4.0927e-05	0.057555	supercritical
732.36	93.000	47.612	0.021003	499.92	695.25	6.0959	0.78186	1.0554	520.47	-0.0018266	4.0963e-05	0.057614	supercritical
733.36	93.000	47.547	0.021032	500.71	696.31	6.0974	0.78210	1.0556	520.80	-0.0019837	4.0999e-05	0.057673	supercritical
734.36	93.000	47.483	0.021060	501.50	697.36	6.0988	0.78233	1.0558	521.12	-0.0021404	4.1035e-05	0.057731	supercritical
735.36	93.000	47.418	0.021089	502.29	698.42	6.1002	0.78256	1.0560	521.44	-0.0022964	4.1071e-05	0.057790	supercritical
736.36	93.000	47.354	0.021118	503.08	699.47	6.1017	0.78280	1.0561	521.76	-0.0024519	4.1107e-05	0.057848	supercritical
737.36	93.000	47.290	0.021146	503.87	700.53	6.1031	0.78303	1.0563	522.08	-0.0026069	4.1143e-05	0.057907	supercritical
738.36	93.000	47.226	0.021175	504.66	701.59	6.1045	0.78326	1.0565	522.40	-0.0027613	4.1178e-05	0.057965	supercritical
739.36	93.000	47.162	0.021204	505.45	702.64	6.1060	0.78349	1.0567	522.73	-0.0029152	4.1214e-05	0.058024	supercritical
740.36	93.000	47.098	0.021232	506.24	703.70	6.1074	0.78372	1.0569	523.05	-0.0030686	4.1250e-05	0.058082	supercritical
741.36	93.000	47.035	0.021261	507.03	704.76	6.1088	0.78395	1.0571	523.37	-0.0032214	4.1286e-05	0.058141	supercritical
742.36	93.000	46.972	0.021289	507.82	705.81	6.1103	0.78418	1.0573	523.69	-0.0033737	4.1322e-05	0.058199	supercritical
743.36	93.000	46.909	0.021318	508.61	706.87	6.1117	0.78441	1.0575	524.01	-0.0035254	4.1357e-05	0.058258	supercritical
744.36	93.000	46.846	0.021347	509.41	707.93	6.1131	0.78464	1.0576	524.33	-0.0036766	4.1393e-05	0.058316	supercritical
745.36	93.000	46.783	0.021375	510.20	708.99	6.1145	0.78487	1.0578	524.65	-0.0038273	4.1429e-05	0.058375	supercritical
746.36	93.000	46.720	0.021404	510.99	710.04	6.1159	0.78510	1.0580	524.96	-0.0039775	4.1465e-05	0.058433	supercritical
747.36	93.000	46.658	0.021433	511.78	711.10	6.1174	0.78533	1.0582	525.28	-0.0041271	4.1500e-05	0.058491	supercritical
748.36	93.000	46.596	0.021461	512.57	712.16	6.1188	0.78556	1.0584	525.60	-0.0042763	4.1536e-05	0.058550	supercritical
749.36	93.000	46.534	0.021490	513.36	713.22	6.1202	0.78579	1.0586	525.92	-0.0044249	4.1572e-05	0.058608	supercritical
750.36	93.000	46.472	0.021518	514.16	714.28	6.1216	0.78601	1.0588	526.24	-0.0045730	4.1607e-05	0.058666	supercritical
751.36	93.000	46.410	0.021547	514.95	715.34	6.1230	0.78624	1.0590	526.56	-0.0047206	4.1643e-05	0.058725	supercritical
752.36	93.000	46.349	0.021576	515.74	716.40	6.1244	0.78647	1.0591	526.88	-0.0048677	4.1678e-05	0.058783	supercritical
753.36	93.000	46.287	0.021604	516.54	717.46	6.1258	0.78669	1.0593	527.19	-0.0050142	4.1714e-05	0.058841	supercritical
754.36	93.000	46.226	0.021633	517.33	718.52	6.1272	0.78692	1.0595	527.51	-0.0051603	4.1749e-05	0.058899	supercritical
755.36	93.000	46.165	0.021661	518.12	719.57	6.1286	0.78714	1.0597	527.83	-0.0053059	4.1785e-05	0.058958	supercritical
756.36	93.000	46.104	0.021690	518.92	720.63	6.1300	0.78737	1.0599	528.15	-0.0054510	4.1820e-05	0.059016	supercritical
757.36	93.000	46.043	0.021719	519.71	721.69	6.1314	0.78759	1.0601	528.46	-0.0055955	4.1856e-05	0.059074	supercritical
758.36	93.000	45.983	0.021747	520.51	722.75	6.1328	0.78782	1.0602	528.78	-0.0057396	4.1891e-05	0.059132	supercritical
759.36	93.000	45.922	0.021776	521.30	723.81	6.1342	0.78804	1.0604	529.10	-0.0058832	4.1927e-05	0.059190	supercritical
760.36	93.000	45.862	0.021804	522.09	724.88	6.1356	0.78826	1.0606	529.41	-0.0060263	4.1962e-05	0.059249	supercritical
761.36	93.000	45.802	0.021833	522.89	725.94	6.1370	0.78849	1.0608	529.73	-0.0061689	4.1998e-05	0.059307	supercritical
762.36	93.000	45.742	0.021862	523.68	727.00	6.1384	0.78871	1.0610	530.04	-0.0063111	4.2033e-05	0.059365	supercritical
763.36	93.000	45.683	0.021890	524.48	728.06	6.1398	0.78893	1.0612	530.36	-0.0064527	4.2068e-05	0.059423	supercritical
764.36	93.000	45.623	0.021919	525.27	729.12	6.1412	0.78915	1.0614	530.67	-0.0065939	4.2104e-05	0.059481	supercritical
765.36	93.000	45.564	0.021947	526.07	730.18	6.1426	0.78937	1.0615	530.99	-0.0067346	4.2139e-05	0.059539	supercritical
766.36	93.000	45.504	0.021976	526.87	731.24	6.1440	0.78960	1.0617	531.30	-0.0068748	4.2174e-05	0.059597	supercritical
767.36	93.000	45.445	0.022005	527.66	732.30	6.1453	0.78982	1.0619	531.62	-0.0070145	4.2210e-05	0.059655	supercritical
768.36	93.000	45.386	0.022033	528.46	733.37	6.1467	0.79004	1.0621	531.93	-0.0071538	4.2245e-05	0.059713	supercritical
769.36	93.000	45.327	0.022062	529.25	734.43	6.1481	0.79026	1.0623	532.25	-0.0072926	4.2280e-05	0.059771	supercritical
770.36	93.000	45.269	0.022090	530.05	735.49	6.1495	0.79048	1.0624	532.56	-0.0074309	4.2316e-05	0.059829	supercritical
771.36	93.000	45.210	0.022119	530.85	736.55	6.1509	0.79069	1.0626	532.88	-0.0075688	4.2351e-05	0.059887	supercritical
772.36	93.000	45.152	0.022147	531.65	737.62	6.1522	0.79091	1.0628	533.19	-0.0077062	4.2386e-05	0.059945	supercritical
773.36	93.000	45.094	0.022176	532.44	738.68	6.1536	0.79113	1.0630	533.50	-0.0078431	4.2421e-05	0.060003	supercritical
774.36	93.000	45.036	0.022205	533.24	739.74	6.1550	0.79135	1.0632	533.82	-0.0079796	4.2456e-05	0.060061	supercritical
775.36	93.000	44.978	0.022233	534.04	740.81	6.1564	0.79157	1.0633	534.13	-0.0081156	4.2491e-05	0.060119	supercritical
776.36	93.000	44.920	0.022262	534.84	741.87	6.1577	0.79178	1.0635	534.44	-0.0082512	4.2527e-05	0.060177	supercritical
777.36	93.000	44.863	0.022290	535.63	742.93	6.1591	0.79200	1.0637	534.75	-0.0083863	4.2562e-05	0.060235	supercritical
778.36	93.000	44.805	0.022319	536.43	744.00	6.1605	0.79222	1.0639	535.07	-0.0085210	4.2597e-05	0.060293	supercritical
779.36	93.000	44.748	0.022347	537.23	745.06	6.1618	0.79243	1.0641	535.38	-0.0086552	4.2632e-05	0.060351	supercritical
780.36	93.000	44.691	0.022376	538.03	746.12	6.1632	0.79265	1.0642	535.69	-0.0087890	4.2667e-05	0.060408	supercritical
781.36	93.000	44.634	0.022404	538.83	747.19	6.1646	0.79286	1.0644	536.00	-0.0089223	4.2702e-05	0.060466	supercritical
782.36	93.000	44.577	0.022433	539.63	748.25	6.1659	0.79308	1.0646	536.31	-0.0090552	4.2737e-05	0.060524	supercritical
783.36	93.000	44.521	0.022462	540.43	749.32	6.1673	0.79329	1.0648	536.63	-0.0091877	4.2772e-05	0.060582	supercritical
784.36	93.000	44.464	0.022490	541.23	750.38	6.1686	0.79350	1.0650	536.94	-0.0093197	4.2807e-05	0.060640	supercritical
785.36	93.000	44.408	0.022519	542.02	751.45	6.1700	0.79372	1.0651	537.25	-0.0094513	4.2842e-05	0.060697	supercritical
786.36	93.000	44.351	0.022547	542.82	752.51	6.1714	0.79393	1.0653	537.56	-0.0095824	4.2877e-05	0.060755	supercritical
787.36	93.000	44.295	0.022576	543.62	753.58	6.1727	0.79414	1.0655	537.87	-0.0097131	4.2912e-05	0.060813	supercritical
788.36	93.000	44.239	0.022604	544.42	754.64	6.1741	0.79436	1.0657	538.18	-0.0098434	4.2947e-05	0.060870	supercritical
789.36	93.000	44.184	0.022633	545.22	755.71	6.1754	0.79457	1.0659	538.49	-0.0099732	4.2981e-05	0.060928	supercritical
790.36	93.000	44.128	0.022661	546.03	756.78	6.1768	0.79478	1.0660	538.80	-0.010103	4.3016e-05	0.060986	supercritical
791.36	93.000	44.073	0.022690	546.83	757.84	6.1781	0.79499	1.0662	539.11	-0.010232	4.3051e-05	0.061044	supercritical
792.36	93.000	44.017	0.022718	547.63	758.91	6.1795	0.79520	1.0664	539.42	-0.010360	4.3086e-05	0.061101	supercritical
793.36	93.000	43.962	0.022747	548.43	759.97	6.1808	0.79541	1.0666	539.73	-0.010488	4.3121e-05	0.061159	supercritical
794.36	93.000	43.907	0.022775	549.23	761.04	6.1822	0.79562	1.0667	540.04	-0.010616	4.3156e-05	0.061216	supercritical
795.36	93.000	43.852	0.022804	550.03	762.11	6.1835	0.79583	1.0669	540.35	-0.010743	4.3190e-05	0.061274	supercritical
796.36	93.000	43.797	0.022833	550.83	763.18	6.1848	0.79604	1.0671	540.66	-0.010870	4.3225e-05	0.061332	supercritical
797.36	93.000	43.743	0.022861	551.63	764.24	6.1862	0.79625	1.0673	540.96	-0.010997	4.3260e-05	0.061389	supercritical
798.36	93.000	43.688	0.022890	552.44	765.31	6.1875	0.79646	1.0674	541.27	-0.011123	4.3295e-05	0.061447	supercritical
799.36	93.000	43.634	0.022918	553.24	766.38	6.1888	0.79666	1.0676	541.58	-0.011249	4.3329e-05	0.061504	supercritical
800.36	93.000	43.579	0.022947	554.04	767.44	6.1902	0.79687	1.0678	541.89	-0.011374	4.3364e-05	0.061562	supercritical
801.36	93.000	43.525	0.022975	554.84	768.51	6.1915	0.79708	1.0680	542.20	-0.011499	4.3399e-05	0.061619	supercritical
802.36	93.000	43.471	0.023004	555.65	769.58	6.1928	0.79729	1.0681	542.50	-0.011623	4.3433e-05	0.061677	supercritical
803.36	93.000	43.418	0.023032	556.45	770.65	6.1942	0.79749	1.0683	542.81	-0.011747	4.3468e-05	0.061734	supercritical
804.36	93.000	43.364	0.023061	557.25	771.72	6.1955	0.79770	1.0685	543.12	-0.011871	4.3502e-05	0.061792	supercritical
805.36	93.000	43.310	0.023089	558.06	772.79	6.1968	0.79790	1.0687	543.43	-0.011994	4.3537e-05	0.061849	supercritical
806.36	93.000	43.257	0.023118	558.86	773.85	6.1982	0.79811	1.0688	543.73	-0.012117	4.3572e-05	0.061907	supercritical
807.36	93.000	43.204	0.023146	559.66	774.92	6.1995	0.79831	1.0690	544.04	-0.012239	4.3606e-05	0.061964	supercritical
808.36	93.000	43.151	0.023175	560.47	775.99	6.2008	0.79852	1.0692	544.35	-0.012362	4.3641e-05	0.062021	supercritical
809.36	93.000	43.098	0.023203	561.27	777.06	6.2021	0.79872	1.0693	544.65	-0.012483	4.3675e-05	0.062079	supercritical
810.36	93.000	43.045	0.023232	562.08	778.13	6.2035	0.79893	1.0695	544.96	-0.012604	4.3710e-05	0.062136	supercritical
811.36	93.000	42.992	0.023260	562.88	779.20	6.2048	0.79913	1.0697	545.26	-0.012725	4.3744e-05	0.062194	supercritical
812.36	93.000	42.939	0.023289	563.69	780.27	6.2061	0.79933	1.0699	545.57	-0.012846	4.3779e-05	0.062251	supercritical
813.36	93.000	42.887	0.023317	564.49	781.34	6.2074	0.79954	1.0700	545.88	-0.012966	4.3813e-05	0.062308	supercritical
814.36	93.000	42.834	0.023346	565.30	782.41	6.2087	0.79974	1.0702	546.18	-0.013086	4.3848e-05	0.062366	supercritical
815.36	93.000	42.782	0.023374	566.10	783.48	6.2100	0.79994	1.0704	546.49	-0.013205	4.3882e-05	0.062423	supercritical
816.36	93.000	42.730	0.023403	566.91	784.55	6.2113	0.80014	1.0705	546.79	-0.013324	4.3916e-05	0.062480	supercritical
817.36	93.000	42.678	0.023431	567.71	785.62	6.2127	0.80034	1.0707	547.10	-0.013443	4.3951e-05	0.062537	supercritical
818.36	93.000	42.626	0.023460	568.52	786.69	6.2140	0.80054	1.0709	547.40	-0.013561	4.3985e-05	0.062595	supercritical
819.36	93.000	42.575	0.023488	569.32	787.76	6.2153	0.80074	1.0711	547.70	-0.013679	4.4020e-05	0.062652	supercritical
820.36	93.000	42.523	0.023517	570.13	788.84	6.2166	0.80094	1.0712	548.01	-0.013796	4.4054e-05	0.062709	supercritical
821.36	93.000	42.472	0.023545	570.94	789.91	6.2179	0.80114	1.0714	548.31	-0.013913	4.4088e-05	0.062766	supercritical
822.36	93.000	42.420	0.023574	571.74	790.98	6.2192	0.80134	1.0716	548.62	-0.014030	4.4122e-05	0.062823	supercritical
823.36	93.000	42.369	0.023602	572.55	792.05	6.2205	0.80154	1.0717	548.92	-0.014147	4.4157e-05	0.062881	supercritical
824.36	93.000	42.318	0.023631	573.36	793.12	6.2218	0.80174	1.0719	549.22	-0.014263	4.4191e-05	0.062938	supercritical
825.36	93.000	42.267	0.023659	574.16	794.19	6.2231	0.80194	1.0721	549.53	-0.014378	4.4225e-05	0.062995	supercritical
826.36	93.000	42.216	0.023688	574.97	795.27	6.2244	0.80214	1.0722	549.83	-0.014493	4.4259e-05	0.063052	supercritical
827.36	93.000	42.166	0.023716	575.78	796.34	6.2257	0.80233	1.0724	550.13	-0.014608	4.4294e-05	0.063109	supercritical
828.36	93.000	42.115	0.023744	576.59	797.41	6.2270	0.80253	1.0726	550.44	-0.014723	4.4328e-05	0.063166	supercritical
829.36	93.000	42.065	0.023773	577.39	798.48	6.2283	0.80273	1.0727	550.74	-0.014837	4.4362e-05	0.063223	supercritical
830.36	93.000	42.014	0.023801	578.20	799.56	6.2296	0.80292	1.0729	551.04	-0.014951	4.4396e-05	0.063280	supercritical
831.36	93.000	41.964	0.023830	579.01	800.63	6.2309	0.80312	1.0731	551.34	-0.015064	4.4430e-05	0.063338	supercritical
832.36	93.000	41.914	0.023858	579.82	801.70	6.2322	0.80332	1.0732	551.64	-0.015178	4.4464e-05	0.063395	supercritical
833.36	93.000	41.864	0.023887	580.63	802.78	6.2334	0.80351	1.0734	551.95	-0.015290	4.4499e-05	0.063452	supercritical
834.36	93.000	41.814	0.023915	581.44	803.85	6.2347	0.80371	1.0736	552.25	-0.015403	4.4533e-05	0.063509	supercritical
835.36	93.000	41.765	0.023944	582.25	804.92	6.2360	0.80390	1.0737	552.55	-0.015515	4.4567e-05	0.063566	supercritical
836.36	93.000	41.715	0.023972	583.05	806.00	6.2373	0.80410	1.0739	552.85	-0.015627	4.4601e-05	0.063623	supercritical
837.36	93.000	41.665	0.024001	583.86	807.07	6.2386	0.80429	1.0741	553.15	-0.015738	4.4635e-05	0.063680	supercritical
838.36	93.000	41.616	0.024029	584.67	808.14	6.2399	0.80448	1.0742	553.45	-0.015849	4.4669e-05	0.063736	supercritical
839.36	93.000	41.567	0.024058	585.48	809.22	6.2411	0.80468	1.0744	553.75	-0.015960	4.4703e-05	0.063793	supercritical
840.36	93.000	41.518	0.024086	586.29	810.29	6.2424	0.80487	1.0746	554.05	-0.016070	4.4737e-05	0.063850	supercritical
841.36	93.000	41.469	0.024115	587.10	811.37	6.2437	0.80506	1.0747	554.35	-0.016180	4.4771e-05	0.063907	supercritical
842.36	93.000	41.420	0.024143	587.91	812.44	6.2450	0.80525	1.0749	554.65	-0.016290	4.4805e-05	0.063964	supercritical
843.36	93.000	41.371	0.024171	588.72	813.52	6.2463	0.80544	1.0751	554.95	-0.016399	4.4839e-05	0.064021	supercritical
844.36	93.000	41.323	0.024200	589.53	814.59	6.2475	0.80564	1.0752	555.25	-0.016508	4.4873e-05	0.064078	supercritical
845.36	93.000	41.274	0.024228	590.34	815.67	6.2488	0.80583	1.0754	555.55	-0.016617	4.4907e-05	0.064135	supercritical
846.36	93.000	41.226	0.024257	591.16	816.74	6.2501	0.80602	1.0756	555.85	-0.016725	4.4940e-05	0.064192	supercritical
847.36	93.000	41.177	0.024285	591.97	817.82	6.2513	0.80621	1.0757	556.15	-0.016833	4.4974e-05	0.064248	supercritical
848.36	93.000	41.129	0.024314	592.78	818.89	6.2526	0.80640	1.0759	556.45	-0.016941	4.5008e-05	0.064305	supercritical
849.36	93.000	41.081	0.024342	593.59	819.97	6.2539	0.80659	1.0760	556.75	-0.017048	4.5042e-05	0.064362	supercritical
850.36	93.000	41.033	0.024371	594.40	821.05	6.2551	0.80678	1.0762	557.05	-0.017155	4.5076e-05	0.064419	supercritical
851.36	93.000	40.985	0.024399	595.21	822.12	6.2564	0.80697	1.0764	557.35	-0.017262	4.5110e-05	0.064476	supercritical
852.36	93.000	40.938	0.024427	596.02	823.20	6.2577	0.80715	1.0765	557.65	-0.017368	4.5143e-05	0.064532	supercritical
853.36	93.000	40.890	0.024456	596.84	824.28	6.2589	0.80734	1.0767	557.94	-0.017474	4.5177e-05	0.064589	supercritical
854.36	93.000	40.843	0.024484	597.65	825.35	6.2602	0.80753	1.0768	558.24	-0.017580	4.5211e-05	0.064646	supercritical
855.36	93.000	40.795	0.024513	598.46	826.43	6.2615	0.80772	1.0770	558.54	-0.017685	4.5245e-05	0.064702	supercritical
856.36	93.000	40.748	0.024541	599.27	827.51	6.2627	0.80790	1.0772	558.84	-0.017791	4.5278e-05	0.064759	supercritical
857.36	93.000	40.701	0.024570	600.09	828.58	6.2640	0.80809	1.0773	559.14	-0.017895	4.5312e-05	0.064816	supercritical
858.36	93.000	40.654	0.024598	600.90	829.66	6.2652	0.80828	1.0775	559.43	-0.018000	4.5346e-05	0.064873	supercritical
859.36	93.000	40.607	0.024626	601.71	830.74	6.2665	0.80846	1.0777	559.73	-0.018104	4.5380e-05	0.064929	supercritical
860.36	93.000	40.560	0.024655	602.53	831.82	6.2677	0.80865	1.0778	560.03	-0.018208	4.5413e-05	0.064986	supercritical
861.36	93.000	40.513	0.024683	603.34	832.89	6.2690	0.80883	1.0780	560.32	-0.018311	4.5447e-05	0.065042	supercritical
862.36	93.000	40.467	0.024712	604.15	833.97	6.2702	0.80902	1.0781	560.62	-0.018414	4.5480e-05	0.065099	supercritical
863.36	93.000	40.420	0.024740	604.97	835.05	6.2715	0.80920	1.0783	560.92	-0.018517	4.5514e-05	0.065156	supercritical
864.36	93.000	40.374	0.024769	605.78	836.13	6.2727	0.80939	1.0784	561.21	-0.018620	4.5548e-05	0.065212	supercritical
865.36	93.000	40.327	0.024797	606.60	837.21	6.2740	0.80957	1.0786	561.51	-0.018722	4.5581e-05	0.065269	supercritical
866.36	93.000	40.281	0.024825	607.41	838.29	6.2752	0.80976	1.0788	561.81	-0.018824	4.5615e-05	0.065325	supercritical
867.36	93.000	40.235	0.024854	608.22	839.37	6.2765	0.80994	1.0789	562.10	-0.018926	4.5648e-05	0.065382	supercritical
868.36	93.000	40.189	0.024882	609.04	840.44	6.2777	0.81012	1.0791	562.40	-0.019027	4.5682e-05	0.065438	supercritical
869.36	93.000	40.143	0.024911	609.85	841.52	6.2790	0.81030	1.0792	562.69	-0.019128	4.5715e-05	0.065495	supercritical
870.36	93.000	40.098	0.024939	610.67	842.60	6.2802	0.81049	1.0794	562.99	-0.019229	4.5749e-05	0.065551	supercritical
871.36	93.000	40.052	0.024968	611.48	843.68	6.2814	0.81067	1.0796	563.28	-0.019329	4.5782e-05	0.065608	supercritical
872.36	93.000	40.006	0.024996	612.30	844.76	6.2827	0.81085	1.0797	563.58	-0.019429	4.5816e-05	0.065664	supercritical
873.36	93.000	39.961	0.025024	613.12	845.84	6.2839	0.81103	1.0799	563.87	-0.019529	4.5849e-05	0.065721	supercritical
874.36	93.000	39.916	0.025053	613.93	846.92	6.2852	0.81121	1.0800	564.17	-0.019629	4.5883e-05	0.065777	supercritical
875.36	93.000	39.871	0.025081	614.75	848.00	6.2864	0.81139	1.0802	564.46	-0.019728	4.5916e-05	0.065834	supercritical
876.36	93.000	39.825	0.025110	615.56	849.08	6.2876	0.81157	1.0803	564.76	-0.019827	4.5950e-05	0.065890	supercritical
877.36	93.000	39.780	0.025138	616.38	850.16	6.2889	0.81175	1.0805	565.05	-0.019926	4.5983e-05	0.065946	supercritical
878.36	93.000	39.736	0.025166	617.20	851.24	6.2901	0.81193	1.0806	565.34	-0.020024	4.6016e-05	0.066003	supercritical
879.36	93.000	39.691	0.025195	618.01	852.32	6.2913	0.81211	1.0808	565.64	-0.020122	4.6050e-05	0.066059	supercritical
880.36	93.000	39.646	0.025223	618.83	853.40	6.2925	0.81229	1.0810	565.93	-0.020220	4.6083e-05	0.066116	supercritical
881.36	93.000	39.601	0.025252	619.65	854.49	6.2938	0.81247	1.0811	566.23	-0.020317	4.6116e-05	0.066172	supercritical
882.36	93.000	39.557	0.025280	620.46	855.57	6.2950	0.81265	1.0813	566.52	-0.020415	4.6150e-05	0.066228	supercritical
883.36	93.000	39.513	0.025308	621.28	856.65	6.2962	0.81283	1.0814	566.81	-0.020512	4.6183e-05	0.066285	supercritical
884.36	93.000	39.468	0.025337	622.10	857.73	6.2974	0.81300	1.0816	567.11	-0.020608	4.6216e-05	0.066341	supercritical
885.36	93.000	39.424	0.025365	622.92	858.81	6.2987	0.81318	1.0817	567.40	-0.020705	4.6250e-05	0.066397	supercritical
886.36	93.000	39.380	0.025394	623.73	859.89	6.2999	0.81336	1.0819	567.69	-0.020801	4.6283e-05	0.066453	supercritical
887.36	93.000	39.336	0.025422	624.55	860.98	6.3011	0.81353	1.0820	567.98	-0.020897	4.6316e-05	0.066510	supercritical
888.36	93.000	39.292	0.025450	625.37	862.06	6.3023	0.81371	1.0822	568.28	-0.020992	4.6349e-05	0.066566	supercritical
889.36	93.000	39.248	0.025479	626.19	863.14	6.3035	0.81389	1.0823	568.57	-0.021087	4.6383e-05	0.066622	supercritical
890.36	93.000	39.205	0.025507	627.01	864.22	6.3048	0.81406	1.0825	568.86	-0.021182	4.6416e-05	0.066678	supercritical
891.36	93.000	39.161	0.025536	627.82	865.30	6.3060	0.81424	1.0826	569.15	-0.021277	4.6449e-05	0.066735	supercritical
892.36	93.000	39.118	0.025564	628.64	866.39	6.3072	0.81441	1.0828	569.44	-0.021371	4.6482e-05	0.066791	supercritical
893.36	93.000	39.074	0.025592	629.46	867.47	6.3084	0.81459	1.0829	569.74	-0.021466	4.6515e-05	0.066847	supercritical
894.36	93.000	39.031	0.025621	630.28	868.55	6.3096	0.81476	1.0831	570.03	-0.021559	4.6548e-05	0.066903	supercritical
895.36	93.000	38.988	0.025649	631.10	869.64	6.3108	0.81493	1.0833	570.32	-0.021653	4.6581e-05	0.066959	supercritical
896.36	93.000	38.945	0.025677	631.92	870.72	6.3120	0.81511	1.0834	570.61	-0.021746	4.6615e-05	0.067015	supercritical
897.36	93.000	38.902	0.025706	632.74	871.80	6.3132	0.81528	1.0836	570.90	-0.021839	4.6648e-05	0.067071	supercritical
898.36	93.000	38.859	0.025734	633.56	872.89	6.3144	0.81545	1.0837	571.19	-0.021932	4.6681e-05	0.067128	supercritical
899.36	93.000	38.816	0.025763	634.38	873.97	6.3157	0.81563	1.0839	571.48	-0.022025	4.6714e-05	0.067184	supercritical
900.36	93.000	38.773	0.025791	635.20	875.05	6.3169	0.81580	1.0840	571.77	-0.022117	4.6747e-05	0.067240	supercritical
901.36	93.000	38.731	0.025819	636.02	876.14	6.3181	0.81597	1.0842	572.06	-0.022209	4.6780e-05	0.067296	supercritical
902.36	93.000	38.688	0.025848	636.84	877.22	6.3193	0.81614	1.0843	572.35	-0.022301	4.6813e-05	0.067352	supercritical
903.36	93.000	38.646	0.025876	637.66	878.31	6.3205	0.81631	1.0845	572.64	-0.022392	4.6846e-05	0.067408	supercritical
904.36	93.000	38.603	0.025905	638.48	879.39	6.3217	0.81648	1.0846	572.93	-0.022483	4.6879e-05	0.067464	supercritical
905.36	93.000	38.561	0.025933	639.30	880.48	6.3229	0.81666	1.0848	573.22	-0.022574	4.6912e-05	0.067520	supercritical
906.36	93.000	38.519	0.025961	640.12	881.56	6.3241	0.81683	1.0849	573.51	-0.022665	4.6945e-05	0.067576	supercritical
907.36	93.000	38.477	0.025990	640.94	882.65	6.3253	0.81700	1.0850	573.80	-0.022756	4.6978e-05	0.067632	supercritical
908.36	93.000	38.435	0.026018	641.76	883.73	6.3265	0.81717	1.0852	574.09	-0.022846	4.7011e-05	0.067688	supercritical
909.36	93.000	38.393	0.026046	642.59	884.82	6.3276	0.81734	1.0853	574.38	-0.022936	4.7044e-05	0.067744	supercritical
910.36	93.000	38.351	0.026075	643.41	885.90	6.3288	0.81750	1.0855	574.67	-0.023025	4.7076e-05	0.067800	supercritical
911.36	93.000	38.310	0.026103	644.23	886.99	6.3300	0.81767	1.0856	574.96	-0.023115	4.7109e-05	0.067856	supercritical
912.36	93.000	38.268	0.026131	645.05	888.07	6.3312	0.81784	1.0858	575.24	-0.023204	4.7142e-05	0.067912	supercritical
913.36	93.000	38.227	0.026160	645.87	889.16	6.3324	0.81801	1.0859	575.53	-0.023293	4.7175e-05	0.067968	supercritical
914.36	93.000	38.185	0.026188	646.69	890.25	6.3336	0.81818	1.0861	575.82	-0.023381	4.7208e-05	0.068024	supercritical
915.36	93.000	38.144	0.026217	647.52	891.33	6.3348	0.81835	1.0862	576.11	-0.023470	4.7241e-05	0.068079	supercritical
916.36	93.000	38.103	0.026245	648.34	892.42	6.3360	0.81851	1.0864	576.40	-0.023558	4.7273e-05	0.068135	supercritical
917.36	93.000	38.061	0.026273	649.16	893.50	6.3372	0.81868	1.0865	576.69	-0.023646	4.7306e-05	0.068191	supercritical
918.36	93.000	38.020	0.026302	649.99	894.59	6.3383	0.81885	1.0867	576.97	-0.023733	4.7339e-05	0.068247	supercritical
919.36	93.000	37.979	0.026330	650.81	895.68	6.3395	0.81901	1.0868	577.26	-0.023821	4.7372e-05	0.068303	supercritical
920.36	93.000	37.939	0.026358	651.63	896.76	6.3407	0.81918	1.0870	577.55	-0.023908	4.7405e-05	0.068359	supercritical
921.36	93.000	37.898	0.026387	652.45	897.85	6.3419	0.81935	1.0871	577.83	-0.023995	4.7437e-05	0.068414	supercritical
922.36	93.000	37.857	0.026415	653.28	898.94	6.3431	0.81951	1.0872	578.12	-0.024081	4.7470e-05	0.068470	supercritical
923.36	93.000	37.817	0.026443	654.10	900.03	6.3442	0.81968	1.0874	578.41	-0.024168	4.7503e-05	0.068526	supercritical
924.36	93.000	37.776	0.026472	654.93	901.11	6.3454	0.81984	1.0875	578.70	-0.024254	4.7535e-05	0.068582	supercritical
925.36	93.000	37.736	0.026500	655.75	902.20	6.3466	0.82001	1.0877	578.98	-0.024340	4.7568e-05	0.068638	supercritical
926.36	93.000	37.695	0.026528	656.57	903.29	6.3478	0.82017	1.0878	579.27	-0.024426	4.7601e-05	0.068693	supercritical
927.36	93.000	37.655	0.026557	657.40	904.38	6.3489	0.82033	1.0880	579.55	-0.024511	4.7633e-05	0.068749	supercritical
928.36	93.000	37.615	0.026585	658.22	905.46	6.3501	0.82050	1.0881	579.84	-0.024596	4.7666e-05	0.068805	supercritical
929.36	93.000	37.575	0.026614	659.05	906.55	6.3513	0.82066	1.0883	580.13	-0.024681	4.7699e-05	0.068860	supercritical
930.36	93.000	37.535	0.026642	659.87	907.64	6.3525	0.82082	1.0884	580.41	-0.024766	4.7731e-05	0.068916	supercritical
931.36	93.000	37.495	0.026670	660.70	908.73	6.3536	0.82099	1.0885	580.70	-0.024850	4.7764e-05	0.068972	supercritical
932.36	93.000	37.455	0.026699	661.52	909.82	6.3548	0.82115	1.0887	580.98	-0.024935	4.7796e-05	0.069027	supercritical
933.36	93.000	37.415	0.026727	662.35	910.91	6.3560	0.82131	1.0888	581.27	-0.025019	4.7829e-05	0.069083	supercritical
934.36	93.000	37.376	0.026755	663.17	912.00	6.3571	0.82147	1.0890	581.55	-0.025103	4.7862e-05	0.069139	supercritical
935.36	93.000	37.336	0.026784	664.00	913.09	6.3583	0.82163	1.0891	581.84	-0.025186	4.7894e-05	0.069194	supercritical
936.36	93.000	37.297	0.026812	664.82	914.17	6.3595	0.82180	1.0893	582.12	-0.025269	4.7927e-05	0.069250	supercritical
937.36	93.000	37.257	0.026840	665.65	915.26	6.3606	0.82196	1.0894	582.41	-0.025353	4.7959e-05	0.069306	supercritical
938.36	93.000	37.218	0.026869	666.47	916.35	6.3618	0.82212	1.0895	582.69	-0.025435	4.7992e-05	0.069361	supercritical
939.36	93.000	37.179	0.026897	667.30	917.44	6.3629	0.82228	1.0897	582.98	-0.025518	4.8024e-05	0.069417	supercritical
940.36	93.000	37.140	0.026925	668.13	918.53	6.3641	0.82244	1.0898	583.26	-0.025601	4.8057e-05	0.069472	supercritical
941.36	93.000	37.101	0.026954	668.95	919.62	6.3653	0.82260	1.0900	583.55	-0.025683	4.8089e-05	0.069528	supercritical
942.36	93.000	37.062	0.026982	669.78	920.71	6.3664	0.82276	1.0901	583.83	-0.025765	4.8121e-05	0.069583	supercritical
943.36	93.000	37.023	0.027010	670.61	921.80	6.3676	0.82292	1.0902	584.11	-0.025846	4.8154e-05	0.069639	supercritical
944.36	93.000	36.984	0.027039	671.43	922.89	6.3687	0.82308	1.0904	584.40	-0.025928	4.8186e-05	0.069694	supercritical
945.36	93.000	36.945	0.027067	672.26	923.98	6.3699	0.82323	1.0905	584.68	-0.026009	4.8219e-05	0.069750	supercritical
946.36	93.000	36.907	0.027095	673.09	925.07	6.3710	0.82339	1.0907	584.97	-0.026090	4.8251e-05	0.069805	supercritical
947.36	93.000	36.868	0.027124	673.91	926.16	6.3722	0.82355	1.0908	585.25	-0.026171	4.8283e-05	0.069861	supercritical
948.36	93.000	36.830	0.027152	674.74	927.26	6.3733	0.82371	1.0909	585.53	-0.026252	4.8316e-05	0.069916	supercritical
949.36	93.000	36.791	0.027180	675.57	928.35	6.3745	0.82387	1.0911	585.82	-0.026332	4.8348e-05	0.069972	supercritical
950.36	93.000	36.753	0.027209	676.40	929.44	6.3756	0.82402	1.0912	586.10	-0.026412	4.8380e-05	0.070027	supercritical
951.36	93.000	36.715	0.027237	677.23	930.53	6.3768	0.82418	1.0914	586.38	-0.026492	4.8413e-05	0.070083	supercritical
952.36	93.000	36.677	0.027265	678.05	931.62	6.3779	0.82434	1.0915	586.66	-0.026572	4.8445e-05	0.070138	supercritical
953.36	93.000	36.639	0.027294	678.88	932.71	6.3791	0.82449	1.0916	586.95	-0.026652	4.8477e-05	0.070193	supercritical
954.36	93.000	36.601	0.027322	679.71	933.80	6.3802	0.82465	1.0918	587.23	-0.026731	4.8510e-05	0.070249	supercritical
955.36	93.000	36.563	0.027350	680.54	934.90	6.3814	0.82480	1.0919	587.51	-0.026810	4.8542e-05	0.070304	supercritical
956.36	93.000	36.525	0.027379	681.37	935.99	6.3825	0.82496	1.0920	587.79	-0.026889	4.8574e-05	0.070360	supercritical
957.36	93.000	36.487	0.027407	682.20	937.08	6.3837	0.82512	1.0922	588.07	-0.026968	4.8606e-05	0.070415	supercritical
958.36	93.000	36.450	0.027435	683.02	938.17	6.3848	0.82527	1.0923	588.36	-0.027046	4.8639e-05	0.070470	supercritical
959.36	93.000	36.412	0.027464	683.85	939.26	6.3859	0.82543	1.0925	588.64	-0.027124	4.8671e-05	0.070526	supercritical
960.36	93.000	36.374	0.027492	684.68	940.36	6.3871	0.82558	1.0926	588.92	-0.027202	4.8703e-05	0.070581	supercritical
961.36	93.000	36.337	0.027520	685.51	941.45	6.3882	0.82573	1.0927	589.20	-0.027280	4.8735e-05	0.070636	supercritical
962.36	93.000	36.300	0.027548	686.34	942.54	6.3893	0.82589	1.0929	589.48	-0.027358	4.8767e-05	0.070691	supercritical
963.36	93.000	36.262	0.027577	687.17	943.64	6.3905	0.82604	1.0930	589.76	-0.027435	4.8799e-05	0.070747	supercritical
964.36	93.000	36.225	0.027605	688.00	944.73	6.3916	0.82619	1.0931	590.04	-0.027512	4.8832e-05	0.070802	supercritical
965.36	93.000	36.188	0.027633	688.83	945.82	6.3927	0.82635	1.0933	590.32	-0.027589	4.8864e-05	0.070857	supercritical
966.36	93.000	36.151	0.027662	689.66	946.91	6.3939	0.82650	1.0934	590.60	-0.027666	4.8896e-05	0.070912	supercritical
967.36	93.000	36.114	0.027690	690.49	948.01	6.3950	0.82665	1.0935	590.89	-0.027743	4.8928e-05	0.070968	supercritical
968.36	93.000	36.077	0.027718	691.32	949.10	6.3961	0.82680	1.0937	591.17	-0.027819	4.8960e-05	0.071023	supercritical
969.36	93.000	36.040	0.027747	692.15	950.20	6.3973	0.82696	1.0938	591.45	-0.027895	4.8992e-05	0.071078	supercritical
970.36	93.000	36.004	0.027775	692.98	951.29	6.3984	0.82711	1.0939	591.73	-0.027971	4.9024e-05	0.071133	supercritical
971.36	93.000	35.967	0.027803	693.81	952.38	6.3995	0.82726	1.0941	592.01	-0.028047	4.9056e-05	0.071188	supercritical
972.36	93.000	35.930	0.027832	694.64	953.48	6.4006	0.82741	1.0942	592.29	-0.028123	4.9088e-05	0.071244	supercritical
973.36	93.000	35.894	0.027860	695.48	954.57	6.4018	0.82756	1.0944	592.56	-0.028198	4.9120e-05	0.071299	supercritical
974.36	93.000	35.857	0.027888	696.31	955.67	6.4029	0.82771	1.0945	592.84	-0.028273	4.9152e-05	0.071354	supercritical
975.36	93.000	35.821	0.027916	697.14	956.76	6.4040	0.82786	1.0946	593.12	-0.028348	4.9184e-05	0.071409	supercritical
976.36	93.000	35.785	0.027945	697.97	957.86	6.4051	0.82801	1.0948	593.40	-0.028423	4.9216e-05	0.071464	supercritical
977.36	93.000	35.749	0.027973	698.80	958.95	6.4063	0.82816	1.0949	593.68	-0.028497	4.9248e-05	0.071519	supercritical
978.36	93.000	35.713	0.028001	699.63	960.05	6.4074	0.82831	1.0950	593.96	-0.028572	4.9280e-05	0.071574	supercritical
979.36	93.000	35.676	0.028030	700.46	961.14	6.4085	0.82846	1.0951	594.24	-0.028646	4.9312e-05	0.071629	supercritical
980.36	93.000	35.640	0.028058	701.30	962.24	6.4096	0.82861	1.0953	594.52	-0.028720	4.9344e-05	0.071684	supercritical
981.36	93.000	35.605	0.028086	702.13	963.33	6.4107	0.82876	1.0954	594.80	-0.028794	4.9376e-05	0.071739	supercritical
982.36	93.000	35.569	0.028115	702.96	964.43	6.4118	0.82891	1.0955	595.08	-0.028867	4.9408e-05	0.071795	supercritical
983.36	93.000	35.533	0.028143	703.79	965.52	6.4130	0.82906	1.0957	595.35	-0.028941	4.9440e-05	0.071850	supercritical
984.36	93.000	35.497	0.028171	704.63	966.62	6.4141	0.82920	1.0958	595.63	-0.029014	4.9472e-05	0.071905	supercritical
985.36	93.000	35.462	0.028199	705.46	967.71	6.4152	0.82935	1.0959	595.91	-0.029087	4.9503e-05	0.071960	supercritical
986.36	93.000	35.426	0.028228	706.29	968.81	6.4163	0.82950	1.0961	596.19	-0.029160	4.9535e-05	0.072015	supercritical
987.36	93.000	35.391	0.028256	707.12	969.91	6.4174	0.82965	1.0962	596.46	-0.029232	4.9567e-05	0.072070	supercritical
988.36	93.000	35.355	0.028284	707.96	971.00	6.4185	0.82979	1.0963	596.74	-0.029305	4.9599e-05	0.072125	supercritical
989.36	93.000	35.320	0.028313	708.79	972.10	6.4196	0.82994	1.0965	597.02	-0.029377	4.9631e-05	0.072179	supercritical
990.36	93.000	35.285	0.028341	709.62	973.19	6.4207	0.83009	1.0966	597.30	-0.029449	4.9663e-05	0.072234	supercritical
991.36	93.000	35.249	0.028369	710.46	974.29	6.4218	0.83023	1.0967	597.57	-0.029521	4.9694e-05	0.072289	supercritical
992.36	93.000	35.214	0.028398	711.29	975.39	6.4230	0.83038	1.0969	597.85	-0.029593	4.9726e-05	0.072344	supercritical
993.36	93.000	35.179	0.028426	712.13	976.49	6.4241	0.83052	1.0970	598.13	-0.029664	4.9758e-05	0.072399	supercritical
994.36	93.000	35.144	0.028454	712.96	977.58	6.4252	0.83067	1.0971	598.40	-0.029735	4.9790e-05	0.072454	supercritical
995.36	93.000	35.109	0.028482	713.79	978.68	6.4263	0.83081	1.0972	598.68	-0.029807	4.9821e-05	0.072509	supercritical
996.36	93.000	35.075	0.028511	714.63	979.78	6.4274	0.83096	1.0974	598.96	-0.029878	4.9853e-05	0.072564	supercritical
997.36	93.000	35.040	0.028539	715.46	980.87	6.4285	0.83110	1.0975	599.23	-0.029948	4.9885e-05	0.072619	supercritical
998.36	93.000	35.005	0.028567	716.30	981.97	6.4296	0.83125	1.0976	599.51	-0.030019	4.9916e-05	0.072674	supercritical
999.36	93.000	34.971	0.028596	717.13	983.07	6.4307	0.83139	1.0978	599.79	-0.030089	4.9948e-05	0.072728	supercritical
1000.4	93.000	34.936	0.028624	717.97	984.17	6.4318	0.83154	1.0979	600.06	-0.030159	4.9980e-05	0.072783	supercritical
1001.4	93.000	34.901	0.028652	718.80	985.27	6.4329	0.83168	1.0980	600.34	-0.030229	5.0011e-05	0.072838	supercritical
1002.4	93.000	34.867	0.028680	719.64	986.36	6.4340	0.83182	1.0981	600.61	-0.030299	5.0043e-05	0.072893	supercritical
1003.4	93.000	34.833	0.028709	720.47	987.46	6.4350	0.83197	1.0983	600.89	-0.030369	5.0075e-05	0.072948	supercritical
1004.4	93.000	34.798	0.028737	721.31	988.56	6.4361	0.83211	1.0984	601.16	-0.030438	5.0106e-05	0.073002	supercritical
1005.4	93.000	34.764	0.028765	722.14	989.66	6.4372	0.83225	1.0985	601.44	-0.030508	5.0138e-05	0.073057	supercritical
1006.4	93.000	34.730	0.028793	722.98	990.76	6.4383	0.83239	1.0987	601.71	-0.030577	5.0170e-05	0.073112	supercritical
1007.4	93.000	34.696	0.028822	723.81	991.86	6.4394	0.83254	1.0988	601.99	-0.030646	5.0201e-05	0.073167	supercritical
1008.4	93.000	34.662	0.028850	724.65	992.95	6.4405	0.83268	1.0989	602.26	-0.030715	5.0233e-05	0.073221	supercritical
1009.4	93.000	34.628	0.028878	725.49	994.05	6.4416	0.83282	1.0990	602.54	-0.030783	5.0264e-05	0.073276	supercritical
1010.4	93.000	34.594	0.028907	726.32	995.15	6.4427	0.83296	1.0992	602.81	-0.030852	5.0296e-05	0.073331	supercritical
1011.4	93.000	34.560	0.028935	727.16	996.25	6.4438	0.83310	1.0993	603.09	-0.030920	5.0327e-05	0.073386	supercritical
1012.4	93.000	34.527	0.028963	727.99	997.35	6.4449	0.83324	1.0994	603.36	-0.030988	5.0359e-05	0.073440	supercritical
1013.4	93.000	34.493	0.028991	728.83	998.45	6.4459	0.83338	1.0995	603.64	-0.031056	5.0390e-05	0.073495	supercritical
1014.4	93.000	34.459	0.029020	729.67	999.55	6.4470	0.83352	1.0997	603.91	-0.031124	5.0422e-05	0.073550	supercritical
1015.4	93.000	34.426	0.029048	730.50	1000.7	6.4481	0.83366	1.0998	604.19	-0.031191	5.0453e-05	0.073604	supercritical
1016.4	93.000	34.392	0.029076	731.34	1001.7	6.4492	0.83380	1.0999	604.46	-0.031258	5.0485e-05	0.073659	supercritical
1017.4	93.000	34.359	0.029104	732.18	1002.8	6.4503	0.83394	1.1000	604.73	-0.031326	5.0516e-05	0.073714	supercritical
1018.4	93.000	34.326	0.029133	733.02	1003.9	6.4514	0.83408	1.1002	605.01	-0.031393	5.0548e-05	0.073768	supercritical
1019.4	93.000	34.292	0.029161	733.85	1005.1	6.4524	0.83422	1.1003	605.28	-0.031460	5.0579e-05	0.073823	supercritical
1020.4	93.000	34.259	0.029189	734.69	1006.2	6.4535	0.83436	1.1004	605.55	-0.031526	5.0611e-05	0.073877	supercritical
1021.4	93.000	34.226	0.029218	735.53	1007.3	6.4546	0.83450	1.1005	605.83	-0.031593	5.0642e-05	0.073932	supercritical
1022.4	93.000	34.193	0.029246	736.37	1008.4	6.4557	0.83464	1.1007	606.10	-0.031659	5.0673e-05	0.073987	supercritical
1023.4	93.000	34.160	0.029274	737.20	1009.5	6.4568	0.83478	1.1008	606.37	-0.031725	5.0705e-05	0.074041	supercritical
1024.4	93.000	34.127	0.029302	738.04	1010.6	6.4578	0.83491	1.1009	606.64	-0.031791	5.0736e-05	0.074096	supercritical
1025.4	93.000	34.094	0.029331	738.88	1011.7	6.4589	0.83505	1.1010	606.92	-0.031857	5.0767e-05	0.074150	supercritical
1026.4	93.000	34.061	0.029359	739.72	1012.8	6.4600	0.83519	1.1012	607.19	-0.031923	5.0799e-05	0.074205	supercritical
1027.4	93.000	34.028	0.029387	740.56	1013.9	6.4610	0.83533	1.1013	607.46	-0.031988	5.0830e-05	0.074259	supercritical
1028.4	93.000	33.996	0.029415	741.39	1015.0	6.4621	0.83546	1.1014	607.73	-0.032054	5.0861e-05	0.074314	supercritical
1029.4	93.000	33.963	0.029444	742.23	1016.1	6.4632	0.83560	1.1015	608.01	-0.032119	5.0893e-05	0.074368	supercritical
1030.4	93.000	33.931	0.029472	743.07	1017.2	6.4643	0.83574	1.1016	608.28	-0.032184	5.0924e-05	0.074423	supercritical
1031.4	93.000	33.898	0.029500	743.91	1018.3	6.4653	0.83587	1.1018	608.55	-0.032249	5.0955e-05	0.074477	supercritical
1032.4	93.000	33.866	0.029528	744.75	1019.4	6.4664	0.83601	1.1019	608.82	-0.032314	5.0987e-05	0.074532	supercritical
1033.4	93.000	33.833	0.029557	745.59	1020.5	6.4675	0.83615	1.1020	609.09	-0.032378	5.1018e-05	0.074586	supercritical
1034.4	93.000	33.801	0.029585	746.43	1021.6	6.4685	0.83628	1.1021	609.37	-0.032442	5.1049e-05	0.074641	supercritical
1035.4	93.000	33.769	0.029613	747.27	1022.7	6.4696	0.83642	1.1023	609.64	-0.032507	5.1080e-05	0.074695	supercritical
1036.4	93.000	33.737	0.029641	748.11	1023.8	6.4707	0.83655	1.1024	609.91	-0.032571	5.1112e-05	0.074749	supercritical
1037.4	93.000	33.704	0.029670	748.95	1024.9	6.4717	0.83669	1.1025	610.18	-0.032635	5.1143e-05	0.074804	supercritical
1038.4	93.000	33.672	0.029698	749.79	1026.0	6.4728	0.83682	1.1026	610.45	-0.032698	5.1174e-05	0.074858	supercritical
1039.4	93.000	33.640	0.029726	750.63	1027.1	6.4738	0.83696	1.1027	610.72	-0.032762	5.1205e-05	0.074913	supercritical
1040.4	93.000	33.608	0.029754	751.47	1028.2	6.4749	0.83709	1.1029	610.99	-0.032825	5.1236e-05	0.074967	supercritical
1041.4	93.000	33.577	0.029783	752.31	1029.3	6.4760	0.83723	1.1030	611.26	-0.032889	5.1268e-05	0.075021	supercritical
1042.4	93.000	33.545	0.029811	753.15	1030.4	6.4770	0.83736	1.1031	611.53	-0.032952	5.1299e-05	0.075076	supercritical
1043.4	93.000	33.513	0.029839	753.99	1031.5	6.4781	0.83749	1.1032	611.80	-0.033015	5.1330e-05	0.075130	supercritical
1044.4	93.000	33.481	0.029867	754.83	1032.6	6.4791	0.83763	1.1033	612.07	-0.033077	5.1361e-05	0.075184	supercritical
1045.4	93.000	33.450	0.029896	755.67	1033.7	6.4802	0.83776	1.1035	612.34	-0.033140	5.1392e-05	0.075239	supercritical
1046.4	93.000	33.418	0.029924	756.51	1034.8	6.4812	0.83789	1.1036	612.61	-0.033203	5.1423e-05	0.075293	supercritical
1047.4	93.000	33.386	0.029952	757.35	1035.9	6.4823	0.83803	1.1037	612.88	-0.033265	5.1454e-05	0.075347	supercritical
1048.4	93.000	33.355	0.029980	758.19	1037.0	6.4834	0.83816	1.1038	613.15	-0.033327	5.1486e-05	0.075402	supercritical
1049.4	93.000	33.324	0.030009	759.03	1038.1	6.4844	0.83829	1.1039	613.42	-0.033389	5.1517e-05	0.075456	supercritical
1050.4	93.000	33.292	0.030037	759.87	1039.2	6.4855	0.83842	1.1041	613.69	-0.033451	5.1548e-05	0.075510	supercritical
1051.4	93.000	33.261	0.030065	760.72	1040.3	6.4865	0.83855	1.1042	613.96	-0.033513	5.1579e-05	0.075564	supercritical
1052.4	93.000	33.230	0.030093	761.56	1041.4	6.4876	0.83869	1.1043	614.23	-0.033574	5.1610e-05	0.075619	supercritical
1053.4	93.000	33.199	0.030122	762.40	1042.5	6.4886	0.83882	1.1044	614.50	-0.033636	5.1641e-05	0.075673	supercritical
1054.4	93.000	33.168	0.030150	763.24	1043.6	6.4897	0.83895	1.1045	614.77	-0.033697	5.1672e-05	0.075727	supercritical
1055.4	93.000	33.137	0.030178	764.08	1044.7	6.4907	0.83908	1.1047	615.04	-0.033758	5.1703e-05	0.075781	supercritical
1056.4	93.000	33.106	0.030206	764.92	1045.8	6.4918	0.83921	1.1048	615.31	-0.033819	5.1734e-05	0.075835	supercritical
1057.4	93.000	33.075	0.030235	765.77	1046.9	6.4928	0.83934	1.1049	615.57	-0.033880	5.1765e-05	0.075890	supercritical
1058.4	93.000	33.044	0.030263	766.61	1048.1	6.4938	0.83947	1.1050	615.84	-0.033940	5.1796e-05	0.075944	supercritical
1059.4	93.000	33.013	0.030291	767.45	1049.2	6.4949	0.83960	1.1051	616.11	-0.034001	5.1827e-05	0.075998	supercritical
1060.4	93.000	32.982	0.030319	768.29	1050.3	6.4959	0.83973	1.1052	616.38	-0.034061	5.1858e-05	0.076052	supercritical
1061.4	93.000	32.952	0.030348	769.14	1051.4	6.4970	0.83986	1.1054	616.65	-0.034122	5.1889e-05	0.076106	supercritical
1062.4	93.000	32.921	0.030376	769.98	1052.5	6.4980	0.83999	1.1055	616.92	-0.034182	5.1920e-05	0.076160	supercritical
1063.4	93.000	32.890	0.030404	770.82	1053.6	6.4991	0.84012	1.1056	617.18	-0.034241	5.1950e-05	0.076215	supercritical
1064.4	93.000	32.860	0.030432	771.67	1054.7	6.5001	0.84025	1.1057	617.45	-0.034301	5.1981e-05	0.076269	supercritical
1065.4	93.000	32.829	0.030461	772.51	1055.8	6.5011	0.84038	1.1058	617.72	-0.034361	5.2012e-05	0.076323	supercritical
1066.4	93.000	32.799	0.030489	773.35	1056.9	6.5022	0.84051	1.1059	617.99	-0.034420	5.2043e-05	0.076377	supercritical
1067.4	93.000	32.769	0.030517	774.20	1058.0	6.5032	0.84064	1.1061	618.25	-0.034480	5.2074e-05	0.076431	supercritical
1068.4	93.000	32.738	0.030545	775.04	1059.1	6.5042	0.84076	1.1062	618.52	-0.034539	5.2105e-05	0.076485	supercritical
1069.4	93.000	32.708	0.030574	775.88	1060.2	6.5053	0.84089	1.1063	618.79	-0.034598	5.2136e-05	0.076539	supercritical
1070.4	93.000	32.678	0.030602	776.73	1061.3	6.5063	0.84102	1.1064	619.06	-0.034657	5.2167e-05	0.076593	supercritical
1071.4	93.000	32.648	0.030630	777.57	1062.4	6.5073	0.84115	1.1065	619.32	-0.034716	5.2197e-05	0.076647	supercritical
1072.4	93.000	32.618	0.030658	778.41	1063.5	6.5084	0.84128	1.1066	619.59	-0.034774	5.2228e-05	0.076701	supercritical
1073.4	93.000	32.588	0.030686	779.26	1064.6	6.5094	0.84140	1.1067	619.86	-0.034833	5.2259e-05	0.076755	supercritical
1074.4	93.000	32.558	0.030715	780.10	1065.7	6.5104	0.84153	1.1069	620.12	-0.034891	5.2290e-05	0.076809	supercritical
1075.4	93.000	32.528	0.030743	780.95	1066.9	6.5115	0.84166	1.1070	620.39	-0.034949	5.2321e-05	0.076863	supercritical
1076.4	93.000	32.498	0.030771	781.79	1068.0	6.5125	0.84178	1.1071	620.66	-0.035007	5.2351e-05	0.076917	supercritical
1077.4	93.000	32.468	0.030799	782.64	1069.1	6.5135	0.84191	1.1072	620.92	-0.035065	5.2382e-05	0.076971	supercritical
1078.4	93.000	32.438	0.030828	783.48	1070.2	6.5145	0.84204	1.1073	621.19	-0.035123	5.2413e-05	0.077025	supercritical
1079.4	93.000	32.409	0.030856	784.33	1071.3	6.5156	0.84216	1.1074	621.45	-0.035181	5.2444e-05	0.077079	supercritical
1080.4	93.000	32.379	0.030884	785.17	1072.4	6.5166	0.84229	1.1075	621.72	-0.035238	5.2474e-05	0.077133	supercritical
1081.4	93.000	32.350	0.030912	786.02	1073.5	6.5176	0.84241	1.1077	621.98	-0.035296	5.2505e-05	0.077187	supercritical
1082.4	93.000	32.320	0.030940	786.86	1074.6	6.5186	0.84254	1.1078	622.25	-0.035353	5.2536e-05	0.077241	supercritical
1083.4	93.000	32.291	0.030969	787.71	1075.7	6.5197	0.84266	1.1079	622.52	-0.035410	5.2566e-05	0.077295	supercritical
1084.4	93.000	32.261	0.030997	788.55	1076.8	6.5207	0.84279	1.1080	622.78	-0.035467	5.2597e-05	0.077349	supercritical
1085.4	93.000	32.232	0.031025	789.40	1077.9	6.5217	0.84291	1.1081	623.05	-0.035524	5.2628e-05	0.077403	supercritical
1086.4	93.000	32.203	0.031053	790.24	1079.0	6.5227	0.84304	1.1082	623.31	-0.035580	5.2658e-05	0.077456	supercritical
1087.4	93.000	32.173	0.031082	791.09	1080.1	6.5238	0.84316	1.1083	623.58	-0.035637	5.2689e-05	0.077510	supercritical
1088.4	93.000	32.144	0.031110	791.94	1081.3	6.5248	0.84329	1.1085	623.84	-0.035693	5.2720e-05	0.077564	supercritical
1089.4	93.000	32.115	0.031138	792.78	1082.4	6.5258	0.84341	1.1086	624.11	-0.035750	5.2750e-05	0.077618	supercritical
1090.4	93.000	32.086	0.031166	793.63	1083.5	6.5268	0.84354	1.1087	624.37	-0.035806	5.2781e-05	0.077672	supercritical
1091.4	93.000	32.057	0.031194	794.47	1084.6	6.5278	0.84366	1.1088	624.64	-0.035862	5.2812e-05	0.077726	supercritical
1092.4	93.000	32.028	0.031223	795.32	1085.7	6.5288	0.84378	1.1089	624.90	-0.035918	5.2842e-05	0.077780	supercritical
1093.4	93.000	31.999	0.031251	796.17	1086.8	6.5299	0.84391	1.1090	625.16	-0.035973	5.2873e-05	0.077833	supercritical
1094.4	93.000	31.970	0.031279	797.01	1087.9	6.5309	0.84403	1.1091	625.43	-0.036029	5.2903e-05	0.077887	supercritical
1095.4	93.000	31.941	0.031307	797.86	1089.0	6.5319	0.84415	1.1092	625.69	-0.036085	5.2934e-05	0.077941	supercritical
1096.4	93.000	31.913	0.031336	798.71	1090.1	6.5329	0.84428	1.1093	625.96	-0.036140	5.2965e-05	0.077995	supercritical
1097.4	93.000	31.884	0.031364	799.55	1091.2	6.5339	0.84440	1.1095	626.22	-0.036195	5.2995e-05	0.078049	supercritical
1098.4	93.000	31.855	0.031392	800.40	1092.3	6.5349	0.84452	1.1096	626.48	-0.036250	5.3026e-05	0.078102	supercritical
1099.4	93.000	31.827	0.031420	801.25	1093.5	6.5359	0.84464	1.1097	626.75	-0.036305	5.3056e-05	0.078156	supercritical
1100.4	93.000	31.798	0.031448	802.10	1094.6	6.5369	0.84476	1.1098	627.01	-0.036360	5.3087e-05	0.078210	supercritical
1101.4	93.000	31.770	0.031477	802.94	1095.7	6.5379	0.84489	1.1099	627.27	-0.036415	5.3117e-05	0.078263	supercritical
1102.4	93.000	31.741	0.031505	803.79	1096.8	6.5390	0.84501	1.1100	627.54	-0.036469	5.3148e-05	0.078317	supercritical
1103.4	93.000	31.713	0.031533	804.64	1097.9	6.5400	0.84513	1.1101	627.80	-0.036524	5.3178e-05	0.078371	supercritical
1104.4	93.000	31.684	0.031561	805.49	1099.0	6.5410	0.84525	1.1102	628.06	-0.036578	5.3209e-05	0.078425	supercritical
1105.4	93.000	31.656	0.031589	806.33	1100.1	6.5420	0.84537	1.1103	628.33	-0.036632	5.3239e-05	0.078478	supercritical
1106.4	93.000	31.628	0.031618	807.18	1101.2	6.5430	0.84549	1.1105	628.59	-0.036686	5.3269e-05	0.078532	supercritical
1107.4	93.000	31.600	0.031646	808.03	1102.3	6.5440	0.84561	1.1106	628.85	-0.036740	5.3300e-05	0.078586	supercritical
1108.4	93.000	31.572	0.031674	808.88	1103.4	6.5450	0.84573	1.1107	629.11	-0.036794	5.3330e-05	0.078639	supercritical
1109.4	93.000	31.543	0.031702	809.73	1104.6	6.5460	0.84585	1.1108	629.38	-0.036848	5.3361e-05	0.078693	supercritical
1110.4	93.000	31.515	0.031731	810.58	1105.7	6.5470	0.84597	1.1109	629.64	-0.036901	5.3391e-05	0.078747	supercritical
1111.4	93.000	31.487	0.031759	811.42	1106.8	6.5480	0.84609	1.1110	629.90	-0.036955	5.3422e-05	0.078800	supercritical
1112.4	93.000	31.459	0.031787	812.27	1107.9	6.5490	0.84621	1.1111	630.16	-0.037008	5.3452e-05	0.078854	supercritical
1113.4	93.000	31.432	0.031815	813.12	1109.0	6.5500	0.84633	1.1112	630.43	-0.037061	5.3482e-05	0.078907	supercritical
1114.4	93.000	31.404	0.031843	813.97	1110.1	6.5510	0.84645	1.1113	630.69	-0.037114	5.3513e-05	0.078961	supercritical
1115.4	93.000	31.376	0.031872	814.82	1111.2	6.5520	0.84657	1.1114	630.95	-0.037167	5.3543e-05	0.079015	supercritical
1116.4	93.000	31.348	0.031900	815.67	1112.3	6.5530	0.84669	1.1115	631.21	-0.037220	5.3573e-05	0.079068	supercritical
1117.4	93.000	31.321	0.031928	816.52	1113.4	6.5540	0.84681	1.1117	631.47	-0.037273	5.3604e-05	0.079122	supercritical
1118.4	93.000	31.293	0.031956	817.37	1114.6	6.5550	0.84693	1.1118	631.73	-0.037325	5.3634e-05	0.079175	supercritical
1119.4	93.000	31.265	0.031984	818.22	1115.7	6.5560	0.84705	1.1119	631.99	-0.037378	5.3664e-05	0.079229	supercritical
1120.4	93.000	31.238	0.032013	819.07	1116.8	6.5569	0.84717	1.1120	632.26	-0.037430	5.3695e-05	0.079282	supercritical
1121.4	93.000	31.210	0.032041	819.92	1117.9	6.5579	0.84728	1.1121	632.52	-0.037482	5.3725e-05	0.079336	supercritical
1122.4	93.000	31.183	0.032069	820.77	1119.0	6.5589	0.84740	1.1122	632.78	-0.037534	5.3755e-05	0.079389	supercritical
1123.4	93.000	31.155	0.032097	821.62	1120.1	6.5599	0.84752	1.1123	633.04	-0.037586	5.3785e-05	0.079443	supercritical
1124.4	93.000	31.128	0.032125	822.47	1121.2	6.5609	0.84764	1.1124	633.30	-0.037638	5.3816e-05	0.079496	supercritical
1125.4	93.000	31.101	0.032154	823.32	1122.3	6.5619	0.84776	1.1125	633.56	-0.037690	5.3846e-05	0.079550	supercritical
1126.4	93.000	31.073	0.032182	824.17	1123.5	6.5629	0.84787	1.1126	633.82	-0.037741	5.3876e-05	0.079603	supercritical
1127.4	93.000	31.046	0.032210	825.02	1124.6	6.5639	0.84799	1.1127	634.08	-0.037793	5.3906e-05	0.079657	supercritical
1128.4	93.000	31.019	0.032238	825.87	1125.7	6.5649	0.84811	1.1128	634.34	-0.037844	5.3937e-05	0.079710	supercritical
1129.4	93.000	30.992	0.032266	826.72	1126.8	6.5658	0.84822	1.1129	634.60	-0.037895	5.3967e-05	0.079764	supercritical
1130.4	93.000	30.965	0.032295	827.57	1127.9	6.5668	0.84834	1.1130	634.86	-0.037947	5.3997e-05	0.079817	supercritical
1131.4	93.000	30.938	0.032323	828.42	1129.0	6.5678	0.84846	1.1132	635.12	-0.037998	5.4027e-05	0.079871	supercritical
1132.4	93.000	30.911	0.032351	829.27	1130.1	6.5688	0.84857	1.1133	635.38	-0.038049	5.4057e-05	0.079924	supercritical
1133.4	93.000	30.884	0.032379	830.12	1131.2	6.5698	0.84869	1.1134	635.64	-0.038099	5.4088e-05	0.079978	supercritical
1134.4	93.000	30.857	0.032407	830.97	1132.4	6.5708	0.84881	1.1135	635.90	-0.038150	5.4118e-05	0.080031	supercritical
1135.4	93.000	30.830	0.032436	831.82	1133.5	6.5717	0.84892	1.1136	636.16	-0.038200	5.4148e-05	0.080084	supercritical
1136.4	93.000	30.804	0.032464	832.68	1134.6	6.5727	0.84904	1.1137	636.42	-0.038251	5.4178e-05	0.080138	supercritical
1137.4	93.000	30.777	0.032492	833.53	1135.7	6.5737	0.84915	1.1138	636.68	-0.038301	5.4208e-05	0.080191	supercritical
1138.4	93.000	30.750	0.032520	834.38	1136.8	6.5747	0.84927	1.1139	636.94	-0.038351	5.4238e-05	0.080244	supercritical
1139.4	93.000	30.724	0.032548	835.23	1137.9	6.5757	0.84938	1.1140	637.20	-0.038402	5.4268e-05	0.080298	supercritical
1140.4	93.000	30.697	0.032576	836.08	1139.0	6.5766	0.84950	1.1141	637.46	-0.038451	5.4298e-05	0.080351	supercritical
1141.4	93.000	30.670	0.032605	836.94	1140.2	6.5776	0.84961	1.1142	637.71	-0.038501	5.4329e-05	0.080404	supercritical
1142.4	93.000	30.644	0.032633	837.79	1141.3	6.5786	0.84973	1.1143	637.97	-0.038551	5.4359e-05	0.080458	supercritical
1143.4	93.000	30.617	0.032661	838.64	1142.4	6.5796	0.84984	1.1144	638.23	-0.038601	5.4389e-05	0.080511	supercritical
1144.4	93.000	30.591	0.032689	839.49	1143.5	6.5805	0.84996	1.1145	638.49	-0.038650	5.4419e-05	0.080564	supercritical
1145.4	93.000	30.565	0.032717	840.34	1144.6	6.5815	0.85007	1.1146	638.75	-0.038700	5.4449e-05	0.080618	supercritical
1146.4	93.000	30.538	0.032746	841.20	1145.7	6.5825	0.85018	1.1147	639.01	-0.038749	5.4479e-05	0.080671	supercritical
1147.4	93.000	30.512	0.032774	842.05	1146.8	6.5835	0.85030	1.1148	639.27	-0.038798	5.4509e-05	0.080724	supercritical
1148.4	93.000	30.486	0.032802	842.90	1148.0	6.5844	0.85041	1.1149	639.52	-0.038847	5.4539e-05	0.080778	supercritical
1149.4	93.000	30.460	0.032830	843.75	1149.1	6.5854	0.85052	1.1150	639.78	-0.038896	5.4569e-05	0.080831	supercritical
1150.4	93.000	30.434	0.032858	844.61	1150.2	6.5864	0.85064	1.1151	640.04	-0.038945	5.4599e-05	0.080884	supercritical
1151.4	93.000	30.408	0.032887	845.46	1151.3	6.5873	0.85075	1.1152	640.30	-0.038994	5.4629e-05	0.080937	supercritical
1152.4	93.000	30.382	0.032915	846.31	1152.4	6.5883	0.85086	1.1154	640.55	-0.039042	5.4659e-05	0.080991	supercritical
1153.4	93.000	30.356	0.032943	847.17	1153.5	6.5893	0.85098	1.1155	640.81	-0.039091	5.4689e-05	0.081044	supercritical
1154.4	93.000	30.330	0.032971	848.02	1154.7	6.5902	0.85109	1.1156	641.07	-0.039139	5.4719e-05	0.081097	supercritical
1155.4	93.000	30.304	0.032999	848.87	1155.8	6.5912	0.85120	1.1157	641.33	-0.039188	5.4749e-05	0.081150	supercritical
1156.4	93.000	30.278	0.033027	849.73	1156.9	6.5922	0.85131	1.1158	641.58	-0.039236	5.4779e-05	0.081203	supercritical
1157.4	93.000	30.252	0.033056	850.58	1158.0	6.5931	0.85143	1.1159	641.84	-0.039284	5.4809e-05	0.081257	supercritical
1158.4	93.000	30.226	0.033084	851.44	1159.1	6.5941	0.85154	1.1160	642.10	-0.039332	5.4839e-05	0.081310	supercritical
1159.4	93.000	30.201	0.033112	852.29	1160.2	6.5951	0.85165	1.1161	642.35	-0.039380	5.4868e-05	0.081363	supercritical
1160.4	93.000	30.175	0.033140	853.14	1161.3	6.5960	0.85176	1.1162	642.61	-0.039427	5.4898e-05	0.081416	supercritical
1161.4	93.000	30.149	0.033168	854.00	1162.5	6.5970	0.85187	1.1163	642.87	-0.039475	5.4928e-05	0.081469	supercritical
1162.4	93.000	30.124	0.033197	854.85	1163.6	6.5980	0.85199	1.1164	643.12	-0.039523	5.4958e-05	0.081522	supercritical
1163.4	93.000	30.098	0.033225	855.71	1164.7	6.5989	0.85210	1.1165	643.38	-0.039570	5.4988e-05	0.081575	supercritical
1164.4	93.000	30.073	0.033253	856.56	1165.8	6.5999	0.85221	1.1166	643.64	-0.039617	5.5018e-05	0.081629	supercritical
1165.4	93.000	30.047	0.033281	857.42	1166.9	6.6008	0.85232	1.1167	643.89	-0.039665	5.5048e-05	0.081682	supercritical
1166.4	93.000	30.022	0.033309	858.27	1168.0	6.6018	0.85243	1.1168	644.15	-0.039712	5.5078e-05	0.081735	supercritical
1167.4	93.000	29.996	0.033337	859.12	1169.2	6.6027	0.85254	1.1169	644.41	-0.039759	5.5107e-05	0.081788	supercritical
1168.4	93.000	29.971	0.033366	859.98	1170.3	6.6037	0.85265	1.1170	644.66	-0.039806	5.5137e-05	0.081841	supercritical
1169.4	93.000	29.946	0.033394	860.83	1171.4	6.6047	0.85276	1.1171	644.92	-0.039852	5.5167e-05	0.081894	supercritical
1170.4	93.000	29.920	0.033422	861.69	1172.5	6.6056	0.85287	1.1172	645.17	-0.039899	5.5197e-05	0.081947	supercritical
1171.4	93.000	29.895	0.033450	862.54	1173.6	6.6066	0.85298	1.1173	645.43	-0.039946	5.5227e-05	0.082000	supercritical
1172.4	93.000	29.870	0.033478	863.40	1174.7	6.6075	0.85309	1.1174	645.68	-0.039992	5.5256e-05	0.082053	supercritical
1173.4	93.000	29.845	0.033507	864.26	1175.9	6.6085	0.85320	1.1175	645.94	-0.040039	5.5286e-05	0.082106	supercritical
1174.4	93.000	29.820	0.033535	865.11	1177.0	6.6094	0.85331	1.1176	646.19	-0.040085	5.5316e-05	0.082159	supercritical
1175.4	93.000	29.795	0.033563	865.97	1178.1	6.6104	0.85342	1.1177	646.45	-0.040131	5.5346e-05	0.082212	supercritical
1176.4	93.000	29.770	0.033591	866.82	1179.2	6.6113	0.85353	1.1178	646.70	-0.040177	5.5375e-05	0.082265	supercritical
1177.4	93.000	29.745	0.033619	867.68	1180.3	6.6123	0.85364	1.1179	646.96	-0.040223	5.5405e-05	0.082318	supercritical
1178.4	93.000	29.720	0.033647	868.53	1181.5	6.6132	0.85375	1.1180	647.21	-0.040269	5.5435e-05	0.082371	supercritical
1179.4	93.000	29.695	0.033676	869.39	1182.6	6.6142	0.85386	1.1181	647.47	-0.040315	5.5465e-05	0.082424	supercritical
1180.4	93.000	29.670	0.033704	870.25	1183.7	6.6151	0.85396	1.1182	647.72	-0.040360	5.5494e-05	0.082477	supercritical
1181.4	93.000	29.646	0.033732	871.10	1184.8	6.6161	0.85407	1.1183	647.98	-0.040406	5.5524e-05	0.082530	supercritical
1182.4	93.000	29.621	0.033760	871.96	1185.9	6.6170	0.85418	1.1184	648.23	-0.040451	5.5554e-05	0.082583	supercritical
1183.4	93.000	29.596	0.033788	872.82	1187.0	6.6180	0.85429	1.1185	648.49	-0.040497	5.5583e-05	0.082636	supercritical
1184.4	93.000	29.571	0.033816	873.67	1188.2	6.6189	0.85440	1.1186	648.74	-0.040542	5.5613e-05	0.082689	supercritical
1185.4	93.000	29.547	0.033845	874.53	1189.3	6.6198	0.85451	1.1187	649.00	-0.040587	5.5643e-05	0.082742	supercritical
1186.4	93.000	29.522	0.033873	875.39	1190.4	6.6208	0.85461	1.1188	649.25	-0.040632	5.5672e-05	0.082795	supercritical
1187.4	93.000	29.498	0.033901	876.24	1191.5	6.6217	0.85472	1.1189	649.50	-0.040677	5.5702e-05	0.082848	supercritical
1188.4	93.000	29.473	0.033929	877.10	1192.6	6.6227	0.85483	1.1190	649.76	-0.040722	5.5732e-05	0.082901	supercritical
1189.4	93.000	29.449	0.033957	877.96	1193.8	6.6236	0.85494	1.1191	650.01	-0.040767	5.5761e-05	0.082953	supercritical
1190.4	93.000	29.424	0.033985	878.81	1194.9	6.6246	0.85504	1.1192	650.26	-0.040812	5.5791e-05	0.083006	supercritical
1191.4	93.000	29.400	0.034014	879.67	1196.0	6.6255	0.85515	1.1193	650.52	-0.040856	5.5820e-05	0.083059	supercritical
1192.4	93.000	29.376	0.034042	880.53	1197.1	6.6264	0.85526	1.1194	650.77	-0.040901	5.5850e-05	0.083112	supercritical
1193.4	93.000	29.351	0.034070	881.39	1198.2	6.6274	0.85537	1.1195	651.02	-0.040945	5.5880e-05	0.083165	supercritical
1194.4	93.000	29.327	0.034098	882.24	1199.4	6.6283	0.85547	1.1196	651.28	-0.040989	5.5909e-05	0.083218	supercritical
1195.4	93.000	29.303	0.034126	883.10	1200.5	6.6293	0.85558	1.1197	651.53	-0.041034	5.5939e-05	0.083271	supercritical
1196.4	93.000	29.279	0.034154	883.96	1201.6	6.6302	0.85569	1.1198	651.78	-0.041078	5.5968e-05	0.083323	supercritical
1197.4	93.000	29.255	0.034183	884.82	1202.7	6.6311	0.85579	1.1199	652.04	-0.041122	5.5998e-05	0.083376	supercritical
1198.4	93.000	29.231	0.034211	885.67	1203.8	6.6321	0.85590	1.1200	652.29	-0.041166	5.6027e-05	0.083429	supercritical
1199.4	93.000	29.207	0.034239	886.53	1205.0	6.6330	0.85600	1.1201	652.54	-0.041209	5.6057e-05	0.083482	supercritical
1200.4	93.000	29.183	0.034267	887.39	1206.1	6.6339	0.85611	1.1202	652.79	-0.041253	5.6087e-05	0.083535	supercritical
1201.4	93.000	29.159	0.034295	888.25	1207.2	6.6349	0.85622	1.1203	653.05	-0.041297	5.6116e-05	0.083587	supercritical
1202.4	93.000	29.135	0.034323	889.11	1208.3	6.6358	0.85632	1.1204	653.30	-0.041340	5.6146e-05	0.083640	supercritical
1203.4	93.000	29.111	0.034352	889.97	1209.4	6.6367	0.85643	1.1205	653.55	-0.041384	5.6175e-05	0.083693	supercritical
1204.4	93.000	29.087	0.034380	890.82	1210.6	6.6377	0.85653	1.1206	653.80	-0.041427	5.6205e-05	0.083746	supercritical
1205.4	93.000	29.063	0.034408	891.68	1211.7	6.6386	0.85664	1.1207	654.06	-0.041470	5.6234e-05	0.083798	supercritical
1206.4	93.000	29.039	0.034436	892.54	1212.8	6.6395	0.85674	1.1207	654.31	-0.041513	5.6263e-05	0.083851	supercritical
1207.4	93.000	29.016	0.034464	893.40	1213.9	6.6404	0.85685	1.1208	654.56	-0.041556	5.6293e-05	0.083904	supercritical
1208.4	93.000	28.992	0.034492	894.26	1215.0	6.6414	0.85695	1.1209	654.81	-0.041599	5.6322e-05	0.083957	supercritical
1209.4	93.000	28.968	0.034521	895.12	1216.2	6.6423	0.85706	1.1210	655.06	-0.041642	5.6352e-05	0.084009	supercritical
1210.4	93.000	28.945	0.034549	895.98	1217.3	6.6432	0.85716	1.1211	655.31	-0.041685	5.6381e-05	0.084062	supercritical
1211.4	93.000	28.921	0.034577	896.84	1218.4	6.6441	0.85727	1.1212	655.57	-0.041728	5.6411e-05	0.084115	supercritical
1212.4	93.000	28.898	0.034605	897.70	1219.5	6.6451	0.85737	1.1213	655.82	-0.041770	5.6440e-05	0.084167	supercritical
1213.4	93.000	28.874	0.034633	898.56	1220.6	6.6460	0.85747	1.1214	656.07	-0.041813	5.6470e-05	0.084220	supercritical
1214.4	93.000	28.851	0.034661	899.42	1221.8	6.6469	0.85758	1.1215	656.32	-0.041855	5.6499e-05	0.084273	supercritical
1215.4	93.000	28.827	0.034689	900.28	1222.9	6.6478	0.85768	1.1216	656.57	-0.041897	5.6528e-05	0.084325	supercritical
1216.4	93.000	28.804	0.034718	901.14	1224.0	6.6488	0.85779	1.1217	656.82	-0.041940	5.6558e-05	0.084378	supercritical
1217.4	93.000	28.780	0.034746	902.00	1225.1	6.6497	0.85789	1.1218	657.07	-0.041982	5.6587e-05	0.084431	supercritical
1218.4	93.000	28.757	0.034774	902.86	1226.3	6.6506	0.85799	1.1219	657.32	-0.042024	5.6616e-05	0.084483	supercritical
1219.4	93.000	28.734	0.034802	903.72	1227.4	6.6515	0.85810	1.1220	657.57	-0.042066	5.6646e-05	0.084536	supercritical
1220.4	93.000	28.711	0.034830	904.58	1228.5	6.6525	0.85820	1.1221	657.82	-0.042108	5.6675e-05	0.084589	supercritical
1221.4	93.000	28.687	0.034858	905.44	1229.6	6.6534	0.85830	1.1222	658.07	-0.042149	5.6704e-05	0.084641	supercritical
1222.4	93.000	28.664	0.034887	906.30	1230.7	6.6543	0.85841	1.1223	658.32	-0.042191	5.6734e-05	0.084694	supercritical
1223.4	93.000	28.641	0.034915	907.16	1231.9	6.6552	0.85851	1.1224	658.57	-0.042233	5.6763e-05	0.084746	supercritical
1224.4	93.000	28.618	0.034943	908.02	1233.0	6.6561	0.85861	1.1225	658.82	-0.042274	5.6792e-05	0.084799	supercritical
1225.4	93.000	28.595	0.034971	908.88	1234.1	6.6570	0.85871	1.1226	659.07	-0.042316	5.6822e-05	0.084852	supercritical
1226.4	93.000	28.572	0.034999	909.74	1235.2	6.6580	0.85882	1.1227	659.32	-0.042357	5.6851e-05	0.084904	supercritical
1227.4	93.000	28.549	0.035027	910.60	1236.4	6.6589	0.85892	1.1228	659.57	-0.042398	5.6880e-05	0.084957	supercritical
1228.4	93.000	28.526	0.035055	911.46	1237.5	6.6598	0.85902	1.1229	659.82	-0.042439	5.6910e-05	0.085009	supercritical
1229.4	93.000	28.503	0.035084	912.32	1238.6	6.6607	0.85912	1.1229	660.07	-0.042480	5.6939e-05	0.085062	supercritical
1230.4	93.000	28.480	0.035112	913.18	1239.7	6.6616	0.85923	1.1230	660.32	-0.042521	5.6968e-05	0.085114	supercritical
1231.4	93.000	28.458	0.035140	914.05	1240.8	6.6625	0.85933	1.1231	660.57	-0.042562	5.6997e-05	0.085167	supercritical
1232.4	93.000	28.435	0.035168	914.91	1242.0	6.6634	0.85943	1.1232	660.82	-0.042603	5.7027e-05	0.085219	supercritical
1233.4	93.000	28.412	0.035196	915.77	1243.1	6.6643	0.85953	1.1233	661.07	-0.042644	5.7056e-05	0.085272	supercritical
1234.4	93.000	28.389	0.035224	916.63	1244.2	6.6653	0.85963	1.1234	661.32	-0.042684	5.7085e-05	0.085324	supercritical
1235.4	93.000	28.367	0.035252	917.49	1245.3	6.6662	0.85973	1.1235	661.57	-0.042725	5.7114e-05	0.085377	supercritical
1236.4	93.000	28.344	0.035281	918.35	1246.5	6.6671	0.85984	1.1236	661.82	-0.042765	5.7143e-05	0.085429	supercritical
1237.4	93.000	28.322	0.035309	919.21	1247.6	6.6680	0.85994	1.1237	662.07	-0.042806	5.7173e-05	0.085482	supercritical
1238.4	93.000	28.299	0.035337	920.08	1248.7	6.6689	0.86004	1.1238	662.32	-0.042846	5.7202e-05	0.085534	supercritical
1239.4	93.000	28.276	0.035365	920.94	1249.8	6.6698	0.86014	1.1239	662.56	-0.042886	5.7231e-05	0.085587	supercritical
1240.4	93.000	28.254	0.035393	921.80	1251.0	6.6707	0.86024	1.1240	662.81	-0.042926	5.7260e-05	0.085639	supercritical
1241.4	93.000	28.232	0.035421	922.66	1252.1	6.6716	0.86034	1.1241	663.06	-0.042966	5.7289e-05	0.085692	supercritical
1242.4	93.000	28.209	0.035450	923.53	1253.2	6.6725	0.86044	1.1242	663.31	-0.043006	5.7318e-05	0.085744	supercritical
1243.4	93.000	28.187	0.035478	924.39	1254.3	6.6734	0.86054	1.1243	663.56	-0.043046	5.7348e-05	0.085796	supercritical
1244.4	93.000	28.164	0.035506	925.25	1255.5	6.6743	0.86064	1.1243	663.81	-0.043086	5.7377e-05	0.085849	supercritical
1245.4	93.000	28.142	0.035534	926.11	1256.6	6.6752	0.86074	1.1244	664.05	-0.043125	5.7406e-05	0.085901	supercritical
1246.4	93.000	28.120	0.035562	926.98	1257.7	6.6761	0.86084	1.1245	664.30	-0.043165	5.7435e-05	0.085954	supercritical
1247.4	93.000	28.098	0.035590	927.84	1258.8	6.6770	0.86094	1.1246	664.55	-0.043205	5.7464e-05	0.086006	supercritical
1248.4	93.000	28.075	0.035618	928.70	1260.0	6.6779	0.86104	1.1247	664.80	-0.043244	5.7493e-05	0.086058	supercritical
1249.4	93.000	28.053	0.035647	929.57	1261.1	6.6788	0.86114	1.1248	665.04	-0.043283	5.7522e-05	0.086111	supercritical
1250.4	93.000	28.031	0.035675	930.43	1262.2	6.6797	0.86124	1.1249	665.29	-0.043323	5.7551e-05	0.086163	supercritical
1251.4	93.000	28.009	0.035703	931.29	1263.3	6.6806	0.86134	1.1250	665.54	-0.043362	5.7580e-05	0.086215	supercritical
1252.4	93.000	27.987	0.035731	932.15	1264.5	6.6815	0.86144	1.1251	665.79	-0.043401	5.7610e-05	0.086268	supercritical
1253.4	93.000	27.965	0.035759	933.02	1265.6	6.6824	0.86154	1.1252	666.03	-0.043440	5.7639e-05	0.086320	supercritical
1254.4	93.000	27.943	0.035787	933.88	1266.7	6.6833	0.86164	1.1253	666.28	-0.043479	5.7668e-05	0.086373	supercritical
1255.4	93.000	27.921	0.035815	934.75	1267.8	6.6842	0.86174	1.1254	666.53	-0.043518	5.7697e-05	0.086425	supercritical
1256.4	93.000	27.899	0.035844	935.61	1269.0	6.6851	0.86184	1.1255	666.77	-0.043556	5.7726e-05	0.086477	supercritical
1257.4	93.000	27.877	0.035872	936.47	1270.1	6.6860	0.86194	1.1255	667.02	-0.043595	5.7755e-05	0.086529	supercritical
1258.4	93.000	27.855	0.035900	937.34	1271.2	6.6869	0.86203	1.1256	667.27	-0.043634	5.7784e-05	0.086582	supercritical
1259.4	93.000	27.834	0.035928	938.20	1272.3	6.6878	0.86213	1.1257	667.52	-0.043672	5.7813e-05	0.086634	supercritical
1260.4	93.000	27.812	0.035956	939.06	1273.5	6.6887	0.86223	1.1258	667.76	-0.043711	5.7842e-05	0.086686	supercritical
1261.4	93.000	27.790	0.035984	939.93	1274.6	6.6896	0.86233	1.1259	668.01	-0.043749	5.7871e-05	0.086739	supercritical
1262.4	93.000	27.768	0.036012	940.79	1275.7	6.6905	0.86243	1.1260	668.25	-0.043787	5.7900e-05	0.086791	supercritical
1263.4	93.000	27.747	0.036040	941.66	1276.8	6.6914	0.86253	1.1261	668.50	-0.043826	5.7929e-05	0.086843	supercritical
1264.4	93.000	27.725	0.036069	942.52	1278.0	6.6923	0.86262	1.1262	668.75	-0.043864	5.7958e-05	0.086895	supercritical
1265.4	93.000	27.703	0.036097	943.39	1279.1	6.6932	0.86272	1.1263	668.99	-0.043902	5.7987e-05	0.086948	supercritical
1266.4	93.000	27.682	0.036125	944.25	1280.2	6.6940	0.86282	1.1264	669.24	-0.043940	5.8016e-05	0.087000	supercritical
1267.4	93.000	27.660	0.036153	945.12	1281.3	6.6949	0.86292	1.1265	669.48	-0.043978	5.8045e-05	0.087052	supercritical
1268.4	93.000	27.639	0.036181	945.98	1282.5	6.6958	0.86302	1.1266	669.73	-0.044016	5.8073e-05	0.087104	supercritical
1269.4	93.000	27.617	0.036209	946.85	1283.6	6.6967	0.86311	1.1266	669.98	-0.044053	5.8102e-05	0.087156	supercritical
1270.4	93.000	27.596	0.036237	947.71	1284.7	6.6976	0.86321	1.1267	670.22	-0.044091	5.8131e-05	0.087209	supercritical
1271.4	93.000	27.574	0.036266	948.58	1285.8	6.6985	0.86331	1.1268	670.47	-0.044128	5.8160e-05	0.087261	supercritical
1272.4	93.000	27.553	0.036294	949.44	1287.0	6.6994	0.86341	1.1269	670.71	-0.044166	5.8189e-05	0.087313	supercritical
1273.4	93.000	27.532	0.036322	950.31	1288.1	6.7003	0.86350	1.1270	670.96	-0.044203	5.8218e-05	0.087365	supercritical
1274.4	93.000	27.510	0.036350	951.17	1289.2	6.7011	0.86360	1.1271	671.20	-0.044241	5.8247e-05	0.087417	supercritical
1275.4	93.000	27.489	0.036378	952.04	1290.4	6.7020	0.86370	1.1272	671.45	-0.044278	5.8276e-05	0.087470	supercritical
1276.4	93.000	27.468	0.036406	952.90	1291.5	6.7029	0.86379	1.1273	671.69	-0.044315	5.8305e-05	0.087522	supercritical
1277.4	93.000	27.447	0.036434	953.77	1292.6	6.7038	0.86389	1.1274	671.94	-0.044352	5.8334e-05	0.087574	supercritical
1278.4	93.000	27.425	0.036462	954.63	1293.7	6.7047	0.86399	1.1275	672.18	-0.044389	5.8362e-05	0.087626	supercritical
1279.4	93.000	27.404	0.036491	955.50	1294.9	6.7056	0.86408	1.1275	672.43	-0.044426	5.8391e-05	0.087678	supercritical
1280.4	93.000	27.383	0.036519	956.37	1296.0	6.7064	0.86418	1.1276	672.67	-0.044463	5.8420e-05	0.087730	supercritical
1281.4	93.000	27.362	0.036547	957.23	1297.1	6.7073	0.86428	1.1277	672.92	-0.044500	5.8449e-05	0.087782	supercritical
1282.4	93.000	27.341	0.036575	958.10	1298.2	6.7082	0.86437	1.1278	673.16	-0.044537	5.8478e-05	0.087834	supercritical
1283.4	93.000	27.320	0.036603	958.97	1299.4	6.7091	0.86447	1.1279	673.41	-0.044573	5.8507e-05	0.087887	supercritical
1284.4	93.000	27.299	0.036631	959.83	1300.5	6.7100	0.86456	1.1280	673.65	-0.044610	5.8535e-05	0.087939	supercritical
1285.4	93.000	27.278	0.036659	960.70	1301.6	6.7108	0.86466	1.1281	673.89	-0.044646	5.8564e-05	0.087991	supercritical
1286.4	93.000	27.257	0.036688	961.56	1302.8	6.7117	0.86476	1.1282	674.14	-0.044683	5.8593e-05	0.088043	supercritical
1287.4	93.000	27.236	0.036716	962.43	1303.9	6.7126	0.86485	1.1283	674.38	-0.044719	5.8622e-05	0.088095	supercritical
1288.4	93.000	27.215	0.036744	963.30	1305.0	6.7135	0.86495	1.1283	674.63	-0.044756	5.8650e-05	0.088147	supercritical
1289.4	93.000	27.195	0.036772	964.16	1306.1	6.7143	0.86504	1.1284	674.87	-0.044792	5.8679e-05	0.088199	supercritical
1290.4	93.000	27.174	0.036800	965.03	1307.3	6.7152	0.86514	1.1285	675.11	-0.044828	5.8708e-05	0.088251	supercritical
1291.4	93.000	27.153	0.036828	965.90	1308.4	6.7161	0.86523	1.1286	675.36	-0.044864	5.8737e-05	0.088303	supercritical
1292.4	93.000	27.132	0.036856	966.77	1309.5	6.7170	0.86533	1.1287	675.60	-0.044900	5.8765e-05	0.088355	supercritical
1293.4	93.000	27.112	0.036884	967.63	1310.7	6.7178	0.86542	1.1288	675.84	-0.044936	5.8794e-05	0.088407	supercritical
1294.4	93.000	27.091	0.036913	968.50	1311.8	6.7187	0.86552	1.1289	676.09	-0.044972	5.8823e-05	0.088459	supercritical
1295.4	93.000	27.070	0.036941	969.37	1312.9	6.7196	0.86561	1.1290	676.33	-0.045007	5.8852e-05	0.088511	supercritical
1296.4	93.000	27.050	0.036969	970.23	1314.0	6.7205	0.86571	1.1291	676.57	-0.045043	5.8880e-05	0.088563	supercritical
1297.4	93.000	27.029	0.036997	971.10	1315.2	6.7213	0.86580	1.1291	676.82	-0.045079	5.8909e-05	0.088615	supercritical
1298.4	93.000	27.009	0.037025	971.97	1316.3	6.7222	0.86590	1.1292	677.06	-0.045114	5.8938e-05	0.088667	supercritical
1299.4	93.000	26.988	0.037053	972.84	1317.4	6.7231	0.86599	1.1293	677.30	-0.045150	5.8966e-05	0.088719	supercritical
1300.4	93.000	26.968	0.037081	973.71	1318.6	6.7239	0.86609	1.1294	677.55	-0.045185	5.8995e-05	0.088771	supercritical
1301.4	93.000	26.947	0.037109	974.57	1319.7	6.7248	0.86618	1.1295	677.79	-0.045220	5.9024e-05	0.088823	supercritical
1302.4	93.000	26.927	0.037138	975.44	1320.8	6.7257	0.86627	1.1296	678.03	-0.045256	5.9052e-05	0.088875	supercritical
1303.4	93.000	26.907	0.037166	976.31	1322.0	6.7265	0.86637	1.1297	678.27	-0.045291	5.9081e-05	0.088927	supercritical
1304.4	93.000	26.886	0.037194	977.18	1323.1	6.7274	0.86646	1.1298	678.52	-0.045326	5.9110e-05	0.088979	supercritical
1305.4	93.000	26.866	0.037222	978.05	1324.2	6.7283	0.86656	1.1298	678.76	-0.045361	5.9138e-05	0.089031	supercritical
1306.4	93.000	26.846	0.037250	978.91	1325.3	6.7291	0.86665	1.1299	679.00	-0.045396	5.9167e-05	0.089083	supercritical
1307.4	93.000	26.825	0.037278	979.78	1326.5	6.7300	0.86674	1.1300	679.24	-0.045431	5.9196e-05	0.089134	supercritical
1308.4	93.000	26.805	0.037306	980.65	1327.6	6.7309	0.86684	1.1301	679.48	-0.045466	5.9224e-05	0.089186	supercritical
1309.4	93.000	26.785	0.037334	981.52	1328.7	6.7317	0.86693	1.1302	679.73	-0.045500	5.9253e-05	0.089238	supercritical
1310.4	93.000	26.765	0.037363	982.39	1329.9	6.7326	0.86703	1.1303	679.97	-0.045535	5.9281e-05	0.089290	supercritical
1311.4	93.000	26.745	0.037391	983.26	1331.0	6.7335	0.86712	1.1304	680.21	-0.045570	5.9310e-05	0.089342	supercritical
1312.4	93.000	26.725	0.037419	984.13	1332.1	6.7343	0.86721	1.1305	680.45	-0.045604	5.9339e-05	0.089394	supercritical
1313.4	93.000	26.705	0.037447	985.00	1333.3	6.7352	0.86731	1.1305	680.69	-0.045639	5.9367e-05	0.089446	supercritical
1314.4	93.000	26.684	0.037475	985.86	1334.4	6.7360	0.86740	1.1306	680.93	-0.045673	5.9396e-05	0.089498	supercritical
1315.4	93.000	26.664	0.037503	986.73	1335.5	6.7369	0.86749	1.1307	681.18	-0.045708	5.9424e-05	0.089549	supercritical
1316.4	93.000	26.644	0.037531	987.60	1336.6	6.7378	0.86758	1.1308	681.42	-0.045742	5.9453e-05	0.089601	supercritical
1317.4	93.000	26.625	0.037559	988.47	1337.8	6.7386	0.86768	1.1309	681.66	-0.045776	5.9481e-05	0.089653	supercritical
1318.4	93.000	26.605	0.037587	989.34	1338.9	6.7395	0.86777	1.1310	681.90	-0.045810	5.9510e-05	0.089705	supercritical
1319.4	93.000	26.585	0.037616	990.21	1340.0	6.7403	0.86786	1.1311	682.14	-0.045844	5.9539e-05	0.089757	supercritical
1320.4	93.000	26.565	0.037644	991.08	1341.2	6.7412	0.86796	1.1312	682.38	-0.045878	5.9567e-05	0.089809	supercritical
1321.4	93.000	26.545	0.037672	991.95	1342.3	6.7420	0.86805	1.1312	682.62	-0.045912	5.9596e-05	0.089860	supercritical
1322.4	93.000	26.525	0.037700	992.82	1343.4	6.7429	0.86814	1.1313	682.86	-0.045946	5.9624e-05	0.089912	supercritical
1323.4	93.000	26.505	0.037728	993.69	1344.6	6.7438	0.86823	1.1314	683.10	-0.045980	5.9653e-05	0.089964	supercritical
1324.4	93.000	26.486	0.037756	994.56	1345.7	6.7446	0.86832	1.1315	683.34	-0.046013	5.9681e-05	0.090016	supercritical
1325.4	93.000	26.466	0.037784	995.43	1346.8	6.7455	0.86842	1.1316	683.59	-0.046047	5.9710e-05	0.090068	supercritical
1326.4	93.000	26.446	0.037812	996.30	1348.0	6.7463	0.86851	1.1317	683.83	-0.046081	5.9738e-05	0.090119	supercritical
1327.4	93.000	26.427	0.037841	997.17	1349.1	6.7472	0.86860	1.1318	684.07	-0.046114	5.9767e-05	0.090171	supercritical
1328.4	93.000	26.407	0.037869	998.04	1350.2	6.7480	0.86869	1.1318	684.31	-0.046148	5.9795e-05	0.090223	supercritical
1329.4	93.000	26.387	0.037897	998.91	1351.4	6.7489	0.86878	1.1319	684.55	-0.046181	5.9823e-05	0.090275	supercritical
1330.4	93.000	26.368	0.037925	999.78	1352.5	6.7497	0.86888	1.1320	684.79	-0.046214	5.9852e-05	0.090326	supercritical
1331.4	93.000	26.348	0.037953	1000.7	1353.6	6.7506	0.86897	1.1321	685.03	-0.046248	5.9880e-05	0.090378	supercritical
1332.4	93.000	26.329	0.037981	1001.5	1354.7	6.7514	0.86906	1.1322	685.27	-0.046281	5.9909e-05	0.090430	supercritical
1333.4	93.000	26.309	0.038009	1002.4	1355.9	6.7523	0.86915	1.1323	685.51	-0.046314	5.9937e-05	0.090481	supercritical
1334.4	93.000	26.290	0.038037	1003.3	1357.0	6.7531	0.86924	1.1324	685.75	-0.046347	5.9966e-05	0.090533	supercritical
1335.4	93.000	26.271	0.038065	1004.1	1358.1	6.7540	0.86933	1.1324	685.98	-0.046380	5.9994e-05	0.090585	supercritical
1336.4	93.000	26.251	0.038094	1005.0	1359.3	6.7548	0.86942	1.1325	686.22	-0.046413	6.0022e-05	0.090637	supercritical
1337.4	93.000	26.232	0.038122	1005.9	1360.4	6.7557	0.86952	1.1326	686.46	-0.046446	6.0051e-05	0.090688	supercritical
1338.4	93.000	26.212	0.038150	1006.7	1361.5	6.7565	0.86961	1.1327	686.70	-0.046478	6.0079e-05	0.090740	supercritical
1339.4	93.000	26.193	0.038178	1007.6	1362.7	6.7574	0.86970	1.1328	686.94	-0.046511	6.0108e-05	0.090792	supercritical
1340.4	93.000	26.174	0.038206	1008.5	1363.8	6.7582	0.86979	1.1329	687.18	-0.046544	6.0136e-05	0.090843	supercritical
1341.4	93.000	26.155	0.038234	1009.4	1364.9	6.7590	0.86988	1.1330	687.42	-0.046576	6.0164e-05	0.090895	supercritical
1342.4	93.000	26.135	0.038262	1010.2	1366.1	6.7599	0.86997	1.1330	687.66	-0.046609	6.0193e-05	0.090947	supercritical
1343.4	93.000	26.116	0.038290	1011.1	1367.2	6.7607	0.87006	1.1331	687.90	-0.046641	6.0221e-05	0.090998	supercritical
1344.4	93.000	26.097	0.038318	1012.0	1368.3	6.7616	0.87015	1.1332	688.14	-0.046674	6.0249e-05	0.091050	supercritical
1345.4	93.000	26.078	0.038347	1012.8	1369.5	6.7624	0.87024	1.1333	688.38	-0.046706	6.0278e-05	0.091101	supercritical
1346.4	93.000	26.059	0.038375	1013.7	1370.6	6.7633	0.87033	1.1334	688.61	-0.046738	6.0306e-05	0.091153	supercritical
1347.4	93.000	26.040	0.038403	1014.6	1371.7	6.7641	0.87042	1.1335	688.85	-0.046770	6.0334e-05	0.091205	supercritical
1348.4	93.000	26.021	0.038431	1015.5	1372.9	6.7649	0.87051	1.1335	689.09	-0.046803	6.0363e-05	0.091256	supercritical
1349.4	93.000	26.002	0.038459	1016.3	1374.0	6.7658	0.87060	1.1336	689.33	-0.046835	6.0391e-05	0.091308	supercritical
1350.4	93.000	25.983	0.038487	1017.2	1375.1	6.7666	0.87069	1.1337	689.57	-0.046867	6.0419e-05	0.091359	supercritical
1351.4	93.000	25.964	0.038515	1018.1	1376.3	6.7675	0.87078	1.1338	689.81	-0.046899	6.0448e-05	0.091411	supercritical
1352.4	93.000	25.945	0.038543	1019.0	1377.4	6.7683	0.87087	1.1339	690.04	-0.046931	6.0476e-05	0.091463	supercritical
1353.4	93.000	25.926	0.038571	1019.8	1378.5	6.7691	0.87096	1.1340	690.28	-0.046962	6.0504e-05	0.091514	supercritical
1354.4	93.000	25.907	0.038600	1020.7	1379.7	6.7700	0.87105	1.1341	690.52	-0.046994	6.0532e-05	0.091566	supercritical
1355.4	93.000	25.888	0.038628	1021.6	1380.8	6.7708	0.87114	1.1341	690.76	-0.047026	6.0561e-05	0.091617	supercritical
1356.4	93.000	25.869	0.038656	1022.4	1381.9	6.7717	0.87123	1.1342	691.00	-0.047057	6.0589e-05	0.091669	supercritical
1357.4	93.000	25.851	0.038684	1023.3	1383.1	6.7725	0.87132	1.1343	691.23	-0.047089	6.0617e-05	0.091720	supercritical
1358.4	93.000	25.832	0.038712	1024.2	1384.2	6.7733	0.87141	1.1344	691.47	-0.047120	6.0645e-05	0.091772	supercritical
1359.4	93.000	25.813	0.038740	1025.1	1385.3	6.7742	0.87150	1.1345	691.71	-0.047152	6.0674e-05	0.091823	supercritical
1360.4	93.000	25.794	0.038768	1025.9	1386.5	6.7750	0.87159	1.1346	691.95	-0.047183	6.0702e-05	0.091875	supercritical
1361.4	93.000	25.776	0.038796	1026.8	1387.6	6.7758	0.87168	1.1346	692.18	-0.047215	6.0730e-05	0.091926	supercritical
1362.4	93.000	25.757	0.038824	1027.7	1388.8	6.7767	0.87177	1.1347	692.42	-0.047246	6.0758e-05	0.091978	supercritical
1363.4	93.000	25.738	0.038852	1028.6	1389.9	6.7775	0.87186	1.1348	692.66	-0.047277	6.0787e-05	0.092029	supercritical
1364.4	93.000	25.720	0.038881	1029.4	1391.0	6.7783	0.87195	1.1349	692.89	-0.047308	6.0815e-05	0.092081	supercritical
1365.4	93.000	25.701	0.038909	1030.3	1392.2	6.7792	0.87203	1.1350	693.13	-0.047339	6.0843e-05	0.092132	supercritical
1366.4	93.000	25.683	0.038937	1031.2	1393.3	6.7800	0.87212	1.1351	693.37	-0.047370	6.0871e-05	0.092184	supercritical
1367.4	93.000	25.664	0.038965	1032.1	1394.4	6.7808	0.87221	1.1351	693.60	-0.047401	6.0899e-05	0.092235	supercritical
1368.4	93.000	25.646	0.038993	1032.9	1395.6	6.7816	0.87230	1.1352	693.84	-0.047432	6.0927e-05	0.092287	supercritical
1369.4	93.000	25.627	0.039021	1033.8	1396.7	6.7825	0.87239	1.1353	694.08	-0.047463	6.0956e-05	0.092338	supercritical
1370.4	93.000	25.609	0.039049	1034.7	1397.8	6.7833	0.87248	1.1354	694.31	-0.047494	6.0984e-05	0.092390	supercritical
1371.4	93.000	25.590	0.039077	1035.5	1399.0	6.7841	0.87257	1.1355	694.55	-0.047524	6.1012e-05	0.092441	supercritical
1372.4	93.000	25.572	0.039105	1036.4	1400.1	6.7850	0.87265	1.1356	694.79	-0.047555	6.1040e-05	0.092493	supercritical
1373.4	93.000	25.554	0.039133	1037.3	1401.2	6.7858	0.87274	1.1356	695.02	-0.047586	6.1068e-05	0.092544	supercritical
1374.4	93.000	25.535	0.039162	1038.2	1402.4	6.7866	0.87283	1.1357	695.26	-0.047616	6.1096e-05	0.092595	supercritical
1375.4	93.000	25.517	0.039190	1039.0	1403.5	6.7874	0.87292	1.1358	695.50	-0.047647	6.1124e-05	0.092647	supercritical
1376.4	93.000	25.499	0.039218	1039.9	1404.6	6.7883	0.87301	1.1359	695.73	-0.047677	6.1153e-05	0.092698	supercritical
1377.4	93.000	25.480	0.039246	1040.8	1405.8	6.7891	0.87310	1.1360	695.97	-0.047707	6.1181e-05	0.092750	supercritical
1378.4	93.000	25.462	0.039274	1041.7	1406.9	6.7899	0.87318	1.1361	696.20	-0.047738	6.1209e-05	0.092801	supercritical
1379.4	93.000	25.444	0.039302	1042.5	1408.1	6.7907	0.87327	1.1361	696.44	-0.047768	6.1237e-05	0.092852	supercritical
1380.4	93.000	25.426	0.039330	1043.4	1409.2	6.7916	0.87336	1.1362	696.67	-0.047798	6.1265e-05	0.092904	supercritical
1381.4	93.000	25.408	0.039358	1044.3	1410.3	6.7924	0.87345	1.1363	696.91	-0.047828	6.1293e-05	0.092955	supercritical
1382.4	93.000	25.389	0.039386	1045.2	1411.5	6.7932	0.87353	1.1364	697.15	-0.047858	6.1321e-05	0.093007	supercritical
1383.4	93.000	25.371	0.039414	1046.0	1412.6	6.7940	0.87362	1.1365	697.38	-0.047888	6.1349e-05	0.093058	supercritical
1384.4	93.000	25.353	0.039443	1046.9	1413.7	6.7949	0.87371	1.1365	697.62	-0.047918	6.1377e-05	0.093109	supercritical
1385.4	93.000	25.335	0.039471	1047.8	1414.9	6.7957	0.87380	1.1366	697.85	-0.047948	6.1405e-05	0.093161	supercritical
1386.4	93.000	25.317	0.039499	1048.7	1416.0	6.7965	0.87388	1.1367	698.09	-0.047978	6.1433e-05	0.093212	supercritical
1387.4	93.000	25.299	0.039527	1049.5	1417.1	6.7973	0.87397	1.1368	698.32	-0.048008	6.1461e-05	0.093263	supercritical
1388.4	93.000	25.281	0.039555	1050.4	1418.3	6.7981	0.87406	1.1369	698.56	-0.048037	6.1489e-05	0.093315	supercritical
1389.4	93.000	25.263	0.039583	1051.3	1419.4	6.7990	0.87415	1.1370	698.79	-0.048067	6.1517e-05	0.093366	supercritical
1390.4	93.000	25.245	0.039611	1052.2	1420.6	6.7998	0.87423	1.1370	699.03	-0.048096	6.1545e-05	0.093417	supercritical
1391.4	93.000	25.228	0.039639	1053.0	1421.7	6.8006	0.87432	1.1371	699.26	-0.048126	6.1573e-05	0.093468	supercritical
1392.4	93.000	25.210	0.039667	1053.9	1422.8	6.8014	0.87441	1.1372	699.50	-0.048155	6.1601e-05	0.093520	supercritical
1393.4	93.000	25.192	0.039695	1054.8	1424.0	6.8022	0.87449	1.1373	699.73	-0.048185	6.1629e-05	0.093571	supercritical
1394.4	93.000	25.174	0.039724	1055.7	1425.1	6.8030	0.87458	1.1374	699.96	-0.048214	6.1657e-05	0.093622	supercritical
1395.4	93.000	25.156	0.039752	1056.6	1426.2	6.8039	0.87467	1.1374	700.20	-0.048244	6.1685e-05	0.093674	supercritical
1396.4	93.000	25.138	0.039780	1057.4	1427.4	6.8047	0.87475	1.1375	700.43	-0.048273	6.1713e-05	0.093725	supercritical
1397.4	93.000	25.121	0.039808	1058.3	1428.5	6.8055	0.87484	1.1376	700.67	-0.048302	6.1741e-05	0.093776	supercritical
1398.4	93.000	25.103	0.039836	1059.2	1429.7	6.8063	0.87493	1.1377	700.90	-0.048331	6.1769e-05	0.093827	supercritical
1399.4	93.000	25.085	0.039864	1060.1	1430.8	6.8071	0.87501	1.1378	701.14	-0.048360	6.1797e-05	0.093879	supercritical
1400.4	93.000	25.068	0.039892	1060.9	1431.9	6.8079	0.87510	1.1379	701.37	-0.048389	6.1825e-05	0.093930	supercritical
1401.4	93.000	25.050	0.039920	1061.8	1433.1	6.8087	0.87519	1.1379	701.60	-0.048418	6.1853e-05	0.093981	supercritical
1402.4	93.000	25.032	0.039948	1062.7	1434.2	6.8095	0.87527	1.1380	701.84	-0.048447	6.1881e-05	0.094032	supercritical
1403.4	93.000	25.015	0.039976	1063.6	1435.3	6.8104	0.87536	1.1381	702.07	-0.048476	6.1909e-05	0.094084	supercritical
1404.4	93.000	24.997	0.040004	1064.4	1436.5	6.8112	0.87545	1.1382	702.30	-0.048505	6.1937e-05	0.094135	supercritical
1405.4	93.000	24.980	0.040033	1065.3	1437.6	6.8120	0.87553	1.1383	702.54	-0.048533	6.1965e-05	0.094186	supercritical
1406.4	93.000	24.962	0.040061	1066.2	1438.8	6.8128	0.87562	1.1383	702.77	-0.048562	6.1993e-05	0.094237	supercritical
1407.4	93.000	24.945	0.040089	1067.1	1439.9	6.8136	0.87570	1.1384	703.00	-0.048591	6.2021e-05	0.094288	supercritical
1408.4	93.000	24.927	0.040117	1067.9	1441.0	6.8144	0.87579	1.1385	703.24	-0.048619	6.2049e-05	0.094340	supercritical
1409.4	93.000	24.910	0.040145	1068.8	1442.2	6.8152	0.87588	1.1386	703.47	-0.048648	6.2076e-05	0.094391	supercritical
1410.4	93.000	24.892	0.040173	1069.7	1443.3	6.8160	0.87596	1.1387	703.70	-0.048676	6.2104e-05	0.094442	supercritical
1411.4	93.000	24.875	0.040201	1070.6	1444.5	6.8168	0.87605	1.1387	703.94	-0.048705	6.2132e-05	0.094493	supercritical
1412.4	93.000	24.858	0.040229	1071.5	1445.6	6.8176	0.87613	1.1388	704.17	-0.048733	6.2160e-05	0.094544	supercritical
1413.4	93.000	24.840	0.040257	1072.3	1446.7	6.8184	0.87622	1.1389	704.40	-0.048761	6.2188e-05	0.094595	supercritical
1414.4	93.000	24.823	0.040285	1073.2	1447.9	6.8192	0.87630	1.1390	704.64	-0.048790	6.2216e-05	0.094647	supercritical
1415.4	93.000	24.806	0.040313	1074.1	1449.0	6.8201	0.87639	1.1391	704.87	-0.048818	6.2244e-05	0.094698	supercritical
1416.4	93.000	24.788	0.040342	1075.0	1450.1	6.8209	0.87647	1.1392	705.10	-0.048846	6.2272e-05	0.094749	supercritical
1417.4	93.000	24.771	0.040370	1075.8	1451.3	6.8217	0.87656	1.1392	705.33	-0.048874	6.2299e-05	0.094800	supercritical
1418.4	93.000	24.754	0.040398	1076.7	1452.4	6.8225	0.87665	1.1393	705.57	-0.048902	6.2327e-05	0.094851	supercritical
1419.4	93.000	24.737	0.040426	1077.6	1453.6	6.8233	0.87673	1.1394	705.80	-0.048930	6.2355e-05	0.094902	supercritical
1420.4	93.000	24.719	0.040454	1078.5	1454.7	6.8241	0.87682	1.1395	706.03	-0.048958	6.2383e-05	0.094953	supercritical
1421.4	93.000	24.702	0.040482	1079.4	1455.8	6.8249	0.87690	1.1396	706.26	-0.048986	6.2411e-05	0.095004	supercritical
1422.4	93.000	24.685	0.040510	1080.2	1457.0	6.8257	0.87699	1.1396	706.50	-0.049013	6.2438e-05	0.095055	supercritical
1423.4	93.000	24.668	0.040538	1081.1	1458.1	6.8265	0.87707	1.1397	706.73	-0.049041	6.2466e-05	0.095107	supercritical
1424.4	93.000	24.651	0.040566	1082.0	1459.3	6.8273	0.87716	1.1398	706.96	-0.049069	6.2494e-05	0.095158	supercritical
1425.4	93.000	24.634	0.040594	1082.9	1460.4	6.8281	0.87724	1.1399	707.19	-0.049097	6.2522e-05	0.095209	supercritical
1426.4	93.000	24.617	0.040622	1083.8	1461.5	6.8289	0.87733	1.1400	707.42	-0.049124	6.2550e-05	0.095260	supercritical
1427.4	93.000	24.600	0.040651	1084.6	1462.7	6.8297	0.87741	1.1400	707.65	-0.049152	6.2577e-05	0.095311	supercritical
1428.4	93.000	24.583	0.040679	1085.5	1463.8	6.8305	0.87750	1.1401	707.89	-0.049179	6.2605e-05	0.095362	supercritical
1429.4	93.000	24.566	0.040707	1086.4	1465.0	6.8313	0.87758	1.1402	708.12	-0.049207	6.2633e-05	0.095413	supercritical
1430.4	93.000	24.549	0.040735	1087.3	1466.1	6.8321	0.87766	1.1403	708.35	-0.049234	6.2661e-05	0.095464	supercritical
1431.4	93.000	24.532	0.040763	1088.1	1467.2	6.8329	0.87775	1.1404	708.58	-0.049261	6.2688e-05	0.095515	supercritical
1432.4	93.000	24.515	0.040791	1089.0	1468.4	6.8337	0.87783	1.1404	708.81	-0.049289	6.2716e-05	0.095566	supercritical
1433.4	93.000	24.498	0.040819	1089.9	1469.5	6.8345	0.87792	1.1405	709.04	-0.049316	6.2744e-05	0.095617	supercritical
1434.4	93.000	24.482	0.040847	1090.8	1470.7	6.8353	0.87800	1.1406	709.27	-0.049343	6.2772e-05	0.095668	supercritical
1435.4	93.000	24.465	0.040875	1091.7	1471.8	6.8360	0.87809	1.1407	709.51	-0.049370	6.2799e-05	0.095719	supercritical
1436.4	93.000	24.448	0.040903	1092.5	1472.9	6.8368	0.87817	1.1408	709.74	-0.049397	6.2827e-05	0.095770	supercritical
1437.4	93.000	24.431	0.040931	1093.4	1474.1	6.8376	0.87826	1.1408	709.97	-0.049424	6.2855e-05	0.095821	supercritical
1438.4	93.000	24.414	0.040959	1094.3	1475.2	6.8384	0.87834	1.1409	710.20	-0.049451	6.2882e-05	0.095872	supercritical
1439.4	93.000	24.398	0.040988	1095.2	1476.4	6.8392	0.87842	1.1410	710.43	-0.049478	6.2910e-05	0.095923	supercritical
1440.4	93.000	24.381	0.041016	1096.1	1477.5	6.8400	0.87851	1.1411	710.66	-0.049505	6.2938e-05	0.095974	supercritical
1441.4	93.000	24.364	0.041044	1096.9	1478.7	6.8408	0.87859	1.1412	710.89	-0.049532	6.2965e-05	0.096025	supercritical
1442.4	93.000	24.348	0.041072	1097.8	1479.8	6.8416	0.87868	1.1412	711.12	-0.049559	6.2993e-05	0.096076	supercritical
1443.4	93.000	24.331	0.041100	1098.7	1480.9	6.8424	0.87876	1.1413	711.35	-0.049585	6.3021e-05	0.096127	supercritical
1444.4	93.000	24.314	0.041128	1099.6	1482.1	6.8432	0.87884	1.1414	711.58	-0.049612	6.3048e-05	0.096178	supercritical
1445.4	93.000	24.298	0.041156	1100.5	1483.2	6.8440	0.87893	1.1415	711.81	-0.049639	6.3076e-05	0.096229	supercritical
1446.4	93.000	24.281	0.041184	1101.3	1484.4	6.8448	0.87901	1.1415	712.04	-0.049665	6.3104e-05	0.096280	supercritical
1447.4	93.000	24.265	0.041212	1102.2	1485.5	6.8455	0.87909	1.1416	712.27	-0.049692	6.3131e-05	0.096331	supercritical
1448.4	93.000	24.248	0.041240	1103.1	1486.6	6.8463	0.87918	1.1417	712.50	-0.049718	6.3159e-05	0.096382	supercritical
1449.4	93.000	24.232	0.041268	1104.0	1487.8	6.8471	0.87926	1.1418	712.73	-0.049745	6.3187e-05	0.096432	supercritical
1450.4	93.000	24.215	0.041296	1104.9	1488.9	6.8479	0.87934	1.1419	712.96	-0.049771	6.3214e-05	0.096483	supercritical
1451.4	93.000	24.199	0.041325	1105.7	1490.1	6.8487	0.87943	1.1419	713.19	-0.049797	6.3242e-05	0.096534	supercritical
1452.4	93.000	24.182	0.041353	1106.6	1491.2	6.8495	0.87951	1.1420	713.42	-0.049823	6.3269e-05	0.096585	supercritical
1453.4	93.000	24.166	0.041381	1107.5	1492.3	6.8503	0.87960	1.1421	713.65	-0.049850	6.3297e-05	0.096636	supercritical
1454.4	93.000	24.149	0.041409	1108.4	1493.5	6.8511	0.87968	1.1422	713.88	-0.049876	6.3325e-05	0.096687	supercritical
1455.4	93.000	24.133	0.041437	1109.3	1494.6	6.8518	0.87976	1.1423	714.11	-0.049902	6.3352e-05	0.096738	supercritical
1456.4	93.000	24.117	0.041465	1110.2	1495.8	6.8526	0.87984	1.1423	714.34	-0.049928	6.3380e-05	0.096789	supercritical
1457.4	93.000	24.100	0.041493	1111.0	1496.9	6.8534	0.87993	1.1424	714.57	-0.049954	6.3407e-05	0.096840	supercritical
1458.4	93.000	24.084	0.041521	1111.9	1498.1	6.8542	0.88001	1.1425	714.80	-0.049980	6.3435e-05	0.096890	supercritical
1459.4	93.000	24.068	0.041549	1112.8	1499.2	6.8550	0.88009	1.1426	715.03	-0.050006	6.3463e-05	0.096941	supercritical
1460.4	93.000	24.052	0.041577	1113.7	1500.3	6.8558	0.88018	1.1427	715.26	-0.050032	6.3490e-05	0.096992	supercritical
1461.4	93.000	24.035	0.041605	1114.6	1501.5	6.8565	0.88026	1.1427	715.48	-0.050058	6.3518e-05	0.097043	supercritical
1462.4	93.000	24.019	0.041633	1115.4	1502.6	6.8573	0.88034	1.1428	715.71	-0.050083	6.3545e-05	0.097094	supercritical
1463.4	93.000	24.003	0.041662	1116.3	1503.8	6.8581	0.88043	1.1429	715.94	-0.050109	6.3573e-05	0.097145	supercritical
1464.4	93.000	23.987	0.041690	1117.2	1504.9	6.8589	0.88051	1.1430	716.17	-0.050135	6.3600e-05	0.097195	supercritical
1465.4	93.000	23.971	0.041718	1118.1	1506.1	6.8597	0.88059	1.1430	716.40	-0.050160	6.3628e-05	0.097246	supercritical
1466.4	93.000	23.955	0.041746	1119.0	1507.2	6.8604	0.88067	1.1431	716.63	-0.050186	6.3655e-05	0.097297	supercritical
1467.4	93.000	23.938	0.041774	1119.9	1508.3	6.8612	0.88076	1.1432	716.86	-0.050211	6.3683e-05	0.097348	supercritical
1468.4	93.000	23.922	0.041802	1120.7	1509.5	6.8620	0.88084	1.1433	717.08	-0.050237	6.3710e-05	0.097399	supercritical
1469.4	93.000	23.906	0.041830	1121.6	1510.6	6.8628	0.88092	1.1434	717.31	-0.050262	6.3738e-05	0.097449	supercritical
1470.4	93.000	23.890	0.041858	1122.5	1511.8	6.8636	0.88100	1.1434	717.54	-0.050288	6.3765e-05	0.097500	supercritical
1471.4	93.000	23.874	0.041886	1123.4	1512.9	6.8643	0.88109	1.1435	717.77	-0.050313	6.3793e-05	0.097551	supercritical
1472.4	93.000	23.858	0.041914	1124.3	1514.1	6.8651	0.88117	1.1436	718.00	-0.050338	6.3820e-05	0.097602	supercritical
1473.4	93.000	23.842	0.041942	1125.1	1515.2	6.8659	0.88125	1.1437	718.23	-0.050364	6.3848e-05	0.097653	supercritical
1474.4	93.000	23.826	0.041970	1126.0	1516.4	6.8667	0.88133	1.1438	718.45	-0.050389	6.3875e-05	0.097703	supercritical
1475.4	93.000	23.810	0.041998	1126.9	1517.5	6.8674	0.88142	1.1438	718.68	-0.050414	6.3903e-05	0.097754	supercritical
1476.4	93.000	23.794	0.042027	1127.8	1518.6	6.8682	0.88150	1.1439	718.91	-0.050439	6.3930e-05	0.097805	supercritical
1477.4	93.000	23.779	0.042055	1128.7	1519.8	6.8690	0.88158	1.1440	719.14	-0.050464	6.3958e-05	0.097856	supercritical
1478.4	93.000	23.763	0.042083	1129.6	1520.9	6.8698	0.88166	1.1441	719.36	-0.050489	6.3985e-05	0.097906	supercritical
1479.4	93.000	23.747	0.042111	1130.4	1522.1	6.8705	0.88174	1.1441	719.59	-0.050514	6.4013e-05	0.097957	supercritical
1480.4	93.000	23.731	0.042139	1131.3	1523.2	6.8713	0.88183	1.1442	719.82	-0.050539	6.4040e-05	0.098008	supercritical
1481.4	93.000	23.715	0.042167	1132.2	1524.4	6.8721	0.88191	1.1443	720.05	-0.050564	6.4067e-05	0.098058	supercritical
1482.4	93.000	23.700	0.042195	1133.1	1525.5	6.8729	0.88199	1.1444	720.27	-0.050589	6.4095e-05	0.098109	supercritical
1483.4	93.000	23.684	0.042223	1134.0	1526.6	6.8736	0.88207	1.1445	720.50	-0.050613	6.4122e-05	0.098160	supercritical
1484.4	93.000	23.668	0.042251	1134.9	1527.8	6.8744	0.88215	1.1445	720.73	-0.050638	6.4150e-05	0.098211	supercritical
1485.4	93.000	23.652	0.042279	1135.7	1528.9	6.8752	0.88223	1.1446	720.96	-0.050663	6.4177e-05	0.098261	supercritical
1486.4	93.000	23.637	0.042307	1136.6	1530.1	6.8759	0.88232	1.1447	721.18	-0.050688	6.4204e-05	0.098312	supercritical
1487.4	93.000	23.621	0.042335	1137.5	1531.2	6.8767	0.88240	1.1448	721.41	-0.050712	6.4232e-05	0.098363	supercritical
1488.4	93.000	23.605	0.042363	1138.4	1532.4	6.8775	0.88248	1.1448	721.64	-0.050737	6.4259e-05	0.098413	supercritical
1489.4	93.000	23.590	0.042391	1139.3	1533.5	6.8782	0.88256	1.1449	721.86	-0.050761	6.4287e-05	0.098464	supercritical
1490.4	93.000	23.574	0.042420	1140.2	1534.7	6.8790	0.88264	1.1450	722.09	-0.050786	6.4314e-05	0.098515	supercritical
1491.4	93.000	23.558	0.042448	1141.0	1535.8	6.8798	0.88272	1.1451	722.32	-0.050810	6.4341e-05	0.098565	supercritical
1492.4	93.000	23.543	0.042476	1141.9	1537.0	6.8806	0.88281	1.1451	722.54	-0.050834	6.4369e-05	0.098616	supercritical
1493.4	93.000	23.527	0.042504	1142.8	1538.1	6.8813	0.88289	1.1452	722.77	-0.050859	6.4396e-05	0.098667	supercritical
1494.4	93.000	23.512	0.042532	1143.7	1539.2	6.8821	0.88297	1.1453	723.00	-0.050883	6.4423e-05	0.098717	supercritical
1495.4	93.000	23.496	0.042560	1144.6	1540.4	6.8829	0.88305	1.1454	723.22	-0.050907	6.4451e-05	0.098768	supercritical
1496.4	93.000	23.481	0.042588	1145.5	1541.5	6.8836	0.88313	1.1455	723.45	-0.050931	6.4478e-05	0.098818	supercritical
1497.4	93.000	23.465	0.042616	1146.3	1542.7	6.8844	0.88321	1.1455	723.67	-0.050955	6.4506e-05	0.098869	supercritical
1498.4	93.000	23.450	0.042644	1147.2	1543.8	6.8851	0.88329	1.1456	723.90	-0.050980	6.4533e-05	0.098920	supercritical
1499.4	93.000	23.434	0.042672	1148.1	1545.0	6.8859	0.88337	1.1457	724.13	-0.051004	6.4560e-05	0.098970	supercritical
1500.4	93.000	23.419	0.042700	1149.0	1546.1	6.8867	0.88346	1.1458	724.35	-0.051028	6.4587e-05	0.099021	supercritical
1501.4	93.000	23.404	0.042728	1149.9	1547.3	6.8874	0.88354	1.1458	724.58	-0.051052	6.4615e-05	0.099072	supercritical
1502.4	93.000	23.388	0.042756	1150.8	1548.4	6.8882	0.88362	1.1459	724.80	-0.051075	6.4642e-05	0.099122	supercritical
1503.4	93.000	23.373	0.042784	1151.7	1549.6	6.8890	0.88370	1.1460	725.03	-0.051099	6.4669e-05	0.099173	supercritical
1504.4	93.000	23.358	0.042813	1152.5	1550.7	6.8897	0.88378	1.1461	725.26	-0.051123	6.4697e-05	0.099223	supercritical
1505.4	93.000	23.342	0.042841	1153.4	1551.8	6.8905	0.88386	1.1462	725.48	-0.051147	6.4724e-05	0.099274	supercritical
1506.4	93.000	23.327	0.042869	1154.3	1553.0	6.8913	0.88394	1.1462	725.71	-0.051171	6.4751e-05	0.099324	supercritical
1507.4	93.000	23.312	0.042897	1155.2	1554.1	6.8920	0.88402	1.1463	725.93	-0.051194	6.4779e-05	0.099375	supercritical
1508.4	93.000	23.297	0.042925	1156.1	1555.3	6.8928	0.88410	1.1464	726.16	-0.051218	6.4806e-05	0.099426	supercritical
1509.4	93.000	23.281	0.042953	1157.0	1556.4	6.8935	0.88418	1.1465	726.38	-0.051242	6.4833e-05	0.099476	supercritical
1510.4	93.000	23.266	0.042981	1157.9	1557.6	6.8943	0.88426	1.1465	726.61	-0.051265	6.4860e-05	0.099527	supercritical
1511.4	93.000	23.251	0.043009	1158.7	1558.7	6.8951	0.88434	1.1466	726.83	-0.051289	6.4888e-05	0.099577	supercritical
1512.4	93.000	23.236	0.043037	1159.6	1559.9	6.8958	0.88442	1.1467	727.06	-0.051312	6.4915e-05	0.099628	supercritical
1513.4	93.000	23.221	0.043065	1160.5	1561.0	6.8966	0.88450	1.1468	727.28	-0.051336	6.4942e-05	0.099678	supercritical
1514.4	93.000	23.205	0.043093	1161.4	1562.2	6.8973	0.88459	1.1468	727.51	-0.051359	6.4969e-05	0.099729	supercritical
1515.4	93.000	23.190	0.043121	1162.3	1563.3	6.8981	0.88467	1.1469	727.73	-0.051382	6.4997e-05	0.099779	supercritical
1516.4	93.000	23.175	0.043149	1163.2	1564.5	6.8988	0.88475	1.1470	727.96	-0.051406	6.5024e-05	0.099830	supercritical
1517.4	93.000	23.160	0.043177	1164.1	1565.6	6.8996	0.88483	1.1471	728.18	-0.051429	6.5051e-05	0.099880	supercritical
1518.4	93.000	23.145	0.043206	1164.9	1566.8	6.9004	0.88491	1.1471	728.41	-0.051452	6.5078e-05	0.099931	supercritical
1519.4	93.000	23.130	0.043234	1165.8	1567.9	6.9011	0.88499	1.1472	728.63	-0.051475	6.5105e-05	0.099981	supercritical
1520.4	93.000	23.115	0.043262	1166.7	1569.0	6.9019	0.88507	1.1473	728.85	-0.051498	6.5133e-05	0.10003	supercritical
1521.4	93.000	23.100	0.043290	1167.6	1570.2	6.9026	0.88515	1.1474	729.08	-0.051521	6.5160e-05	0.10008	supercritical
1522.4	93.000	23.085	0.043318	1168.5	1571.3	6.9034	0.88523	1.1475	729.30	-0.051544	6.5187e-05	0.10013	supercritical
1523.4	93.000	23.070	0.043346	1169.4	1572.5	6.9041	0.88531	1.1475	729.53	-0.051567	6.5214e-05	0.10018	supercritical
1524.4	93.000	23.055	0.043374	1170.3	1573.6	6.9049	0.88539	1.1476	729.75	-0.051590	6.5241e-05	0.10023	supercritical
1525.4	93.000	23.040	0.043402	1171.1	1574.8	6.9056	0.88547	1.1477	729.98	-0.051613	6.5269e-05	0.10028	supercritical
1526.4	93.000	23.026	0.043430	1172.0	1575.9	6.9064	0.88555	1.1478	730.20	-0.051636	6.5296e-05	0.10033	supercritical
1527.4	93.000	23.011	0.043458	1172.9	1577.1	6.9071	0.88563	1.1478	730.42	-0.051659	6.5323e-05	0.10038	supercritical
1528.4	93.000	22.996	0.043486	1173.8	1578.2	6.9079	0.88571	1.1479	730.65	-0.051682	6.5350e-05	0.10044	supercritical
1529.4	93.000	22.981	0.043514	1174.7	1579.4	6.9086	0.88579	1.1480	730.87	-0.051704	6.5377e-05	0.10049	supercritical
1530.4	93.000	22.966	0.043542	1175.6	1580.5	6.9094	0.88587	1.1481	731.09	-0.051727	6.5404e-05	0.10054	supercritical
1531.4	93.000	22.951	0.043570	1176.5	1581.7	6.9101	0.88595	1.1481	731.32	-0.051750	6.5431e-05	0.10059	supercritical
1532.4	93.000	22.937	0.043598	1177.4	1582.8	6.9109	0.88603	1.1482	731.54	-0.051772	6.5459e-05	0.10064	supercritical
1533.4	93.000	22.922	0.043626	1178.2	1584.0	6.9116	0.88611	1.1483	731.76	-0.051795	6.5486e-05	0.10069	supercritical
1534.4	93.000	22.907	0.043655	1179.1	1585.1	6.9124	0.88619	1.1484	731.99	-0.051818	6.5513e-05	0.10074	supercritical
1535.4	93.000	22.892	0.043683	1180.0	1586.3	6.9131	0.88627	1.1484	732.21	-0.051840	6.5540e-05	0.10079	supercritical
1536.4	93.000	22.878	0.043711	1180.9	1587.4	6.9139	0.88635	1.1485	732.43	-0.051863	6.5567e-05	0.10084	supercritical
1537.4	93.000	22.863	0.043739	1181.8	1588.6	6.9146	0.88642	1.1486	732.66	-0.051885	6.5594e-05	0.10089	supercritical
1538.4	93.000	22.848	0.043767	1182.7	1589.7	6.9154	0.88650	1.1487	732.88	-0.051907	6.5621e-05	0.10094	supercritical
1539.4	93.000	22.834	0.043795	1183.6	1590.9	6.9161	0.88658	1.1487	733.10	-0.051930	6.5648e-05	0.10099	supercritical
1540.4	93.000	22.819	0.043823	1184.5	1592.0	6.9169	0.88666	1.1488	733.33	-0.051952	6.5675e-05	0.10104	supercritical
1541.4	93.000	22.805	0.043851	1185.3	1593.2	6.9176	0.88674	1.1489	733.55	-0.051974	6.5703e-05	0.10109	supercritical
1542.4	93.000	22.790	0.043879	1186.2	1594.3	6.9184	0.88682	1.1490	733.77	-0.051996	6.5730e-05	0.10114	supercritical
1543.4	93.000	22.775	0.043907	1187.1	1595.5	6.9191	0.88690	1.1491	733.99	-0.052019	6.5757e-05	0.10119	supercritical
1544.4	93.000	22.761	0.043935	1188.0	1596.6	6.9198	0.88698	1.1491	734.22	-0.052041	6.5784e-05	0.10124	supercritical
1545.4	93.000	22.746	0.043963	1188.9	1597.8	6.9206	0.88706	1.1492	734.44	-0.052063	6.5811e-05	0.10129	supercritical
1546.4	93.000	22.732	0.043991	1189.8	1598.9	6.9213	0.88714	1.1493	734.66	-0.052085	6.5838e-05	0.10134	supercritical
1547.4	93.000	22.717	0.044019	1190.7	1600.1	6.9221	0.88722	1.1494	734.88	-0.052107	6.5865e-05	0.10139	supercritical
1548.4	93.000	22.703	0.044047	1191.6	1601.2	6.9228	0.88730	1.1494	735.11	-0.052129	6.5892e-05	0.10144	supercritical
1549.4	93.000	22.688	0.044075	1192.4	1602.3	6.9236	0.88738	1.1495	735.33	-0.052151	6.5919e-05	0.10149	supercritical
1550.4	93.000	22.674	0.044104	1193.3	1603.5	6.9243	0.88746	1.1496	735.55	-0.052173	6.5946e-05	0.10154	supercritical
1551.4	93.000	22.660	0.044132	1194.2	1604.6	6.9250	0.88753	1.1497	735.77	-0.052194	6.5973e-05	0.10159	supercritical
1552.4	93.000	22.645	0.044160	1195.1	1605.8	6.9258	0.88761	1.1497	736.00	-0.052216	6.6000e-05	0.10164	supercritical
1553.4	93.000	22.631	0.044188	1196.0	1606.9	6.9265	0.88769	1.1498	736.22	-0.052238	6.6027e-05	0.10169	supercritical
1554.4	93.000	22.616	0.044216	1196.9	1608.1	6.9273	0.88777	1.1499	736.44	-0.052260	6.6054e-05	0.10174	supercritical
1555.4	93.000	22.602	0.044244	1197.8	1609.2	6.9280	0.88785	1.1500	736.66	-0.052281	6.6081e-05	0.10180	supercritical
1556.4	93.000	22.588	0.044272	1198.7	1610.4	6.9287	0.88793	1.1500	736.88	-0.052303	6.6108e-05	0.10185	supercritical
1557.4	93.000	22.573	0.044300	1199.6	1611.5	6.9295	0.88801	1.1501	737.10	-0.052325	6.6135e-05	0.10190	supercritical
1558.4	93.000	22.559	0.044328	1200.4	1612.7	6.9302	0.88809	1.1502	737.33	-0.052346	6.6162e-05	0.10195	supercritical
1559.4	93.000	22.545	0.044356	1201.3	1613.8	6.9310	0.88817	1.1503	737.55	-0.052368	6.6189e-05	0.10200	supercritical
1560.4	93.000	22.531	0.044384	1202.2	1615.0	6.9317	0.88824	1.1503	737.77	-0.052389	6.6216e-05	0.10205	supercritical
1561.4	93.000	22.516	0.044412	1203.1	1616.1	6.9324	0.88832	1.1504	737.99	-0.052411	6.6243e-05	0.10210	supercritical
1562.4	93.000	22.502	0.044440	1204.0	1617.3	6.9332	0.88840	1.1505	738.21	-0.052432	6.6270e-05	0.10215	supercritical
1563.4	93.000	22.488	0.044468	1204.9	1618.4	6.9339	0.88848	1.1506	738.43	-0.052453	6.6297e-05	0.10220	supercritical
1564.4	93.000	22.474	0.044496	1205.8	1619.6	6.9346	0.88856	1.1506	738.65	-0.052475	6.6324e-05	0.10225	supercritical
1565.4	93.000	22.460	0.044524	1206.7	1620.8	6.9354	0.88864	1.1507	738.87	-0.052496	6.6351e-05	0.10230	supercritical
1566.4	93.000	22.445	0.044552	1207.6	1621.9	6.9361	0.88872	1.1508	739.10	-0.052517	6.6378e-05	0.10235	supercritical
1567.4	93.000	22.431	0.044581	1208.5	1623.1	6.9368	0.88879	1.1509	739.32	-0.052539	6.6405e-05	0.10240	supercritical
1568.4	93.000	22.417	0.044609	1209.3	1624.2	6.9376	0.88887	1.1509	739.54	-0.052560	6.6432e-05	0.10245	supercritical
1569.4	93.000	22.403	0.044637	1210.2	1625.4	6.9383	0.88895	1.1510	739.76	-0.052581	6.6459e-05	0.10250	supercritical
1570.4	93.000	22.389	0.044665	1211.1	1626.5	6.9390	0.88903	1.1511	739.98	-0.052602	6.6486e-05	0.10255	supercritical
1571.4	93.000	22.375	0.044693	1212.0	1627.7	6.9398	0.88911	1.1512	740.20	-0.052623	6.6512e-05	0.10260	supercritical
1572.4	93.000	22.361	0.044721	1212.9	1628.8	6.9405	0.88919	1.1512	740.42	-0.052644	6.6539e-05	0.10265	supercritical
1573.4	93.000	22.347	0.044749	1213.8	1630.0	6.9412	0.88926	1.1513	740.64	-0.052665	6.6566e-05	0.10270	supercritical
1574.4	93.000	22.333	0.044777	1214.7	1631.1	6.9420	0.88934	1.1514	740.86	-0.052686	6.6593e-05	0.10275	supercritical
1575.4	93.000	22.319	0.044805	1215.6	1632.3	6.9427	0.88942	1.1515	741.08	-0.052707	6.6620e-05	0.10280	supercritical
1576.4	93.000	22.305	0.044833	1216.5	1633.4	6.9434	0.88950	1.1515	741.30	-0.052728	6.6647e-05	0.10285	supercritical
1577.4	93.000	22.291	0.044861	1217.4	1634.6	6.9442	0.88958	1.1516	741.52	-0.052749	6.6674e-05	0.10290	supercritical
1578.4	93.000	22.277	0.044889	1218.2	1635.7	6.9449	0.88966	1.1517	741.74	-0.052769	6.6701e-05	0.10295	supercritical
1579.4	93.000	22.263	0.044917	1219.1	1636.9	6.9456	0.88973	1.1518	741.96	-0.052790	6.6728e-05	0.10300	supercritical
1580.4	93.000	22.249	0.044945	1220.0	1638.0	6.9464	0.88981	1.1518	742.18	-0.052811	6.6754e-05	0.10305	supercritical
1581.4	93.000	22.235	0.044973	1220.9	1639.2	6.9471	0.88989	1.1519	742.40	-0.052832	6.6781e-05	0.10310	supercritical
1582.4	93.000	22.222	0.045001	1221.8	1640.3	6.9478	0.88997	1.1520	742.62	-0.052852	6.6808e-05	0.10315	supercritical
1583.4	93.000	22.208	0.045029	1222.7	1641.5	6.9485	0.89005	1.1521	742.84	-0.052873	6.6835e-05	0.10320	supercritical
1584.4	93.000	22.194	0.045057	1223.6	1642.6	6.9493	0.89012	1.1521	743.06	-0.052893	6.6862e-05	0.10325	supercritical
1585.4	93.000	22.180	0.045086	1224.5	1643.8	6.9500	0.89020	1.1522	743.28	-0.052914	6.6889e-05	0.10330	supercritical
1586.4	93.000	22.166	0.045114	1225.4	1644.9	6.9507	0.89028	1.1523	743.50	-0.052934	6.6916e-05	0.10335	supercritical
1587.4	93.000	22.152	0.045142	1226.3	1646.1	6.9514	0.89036	1.1524	743.72	-0.052955	6.6942e-05	0.10340	supercritical
1588.4	93.000	22.139	0.045170	1227.2	1647.2	6.9522	0.89044	1.1524	743.94	-0.052975	6.6969e-05	0.10345	supercritical
1589.4	93.000	22.125	0.045198	1228.1	1648.4	6.9529	0.89051	1.1525	744.16	-0.052996	6.6996e-05	0.10350	supercritical
1590.4	93.000	22.111	0.045226	1228.9	1649.5	6.9536	0.89059	1.1526	744.38	-0.053016	6.7023e-05	0.10355	supercritical
1591.4	93.000	22.098	0.045254	1229.8	1650.7	6.9543	0.89067	1.1527	744.60	-0.053036	6.7050e-05	0.10360	supercritical
1592.4	93.000	22.084	0.045282	1230.7	1651.8	6.9551	0.89075	1.1527	744.82	-0.053057	6.7077e-05	0.10365	supercritical
1593.4	93.000	22.070	0.045310	1231.6	1653.0	6.9558	0.89082	1.1528	745.04	-0.053077	6.7103e-05	0.10370	supercritical
1594.4	93.000	22.057	0.045338	1232.5	1654.2	6.9565	0.89090	1.1529	745.25	-0.053097	6.7130e-05	0.10375	supercritical
1595.4	93.000	22.043	0.045366	1233.4	1655.3	6.9572	0.89098	1.1530	745.47	-0.053117	6.7157e-05	0.10380	supercritical
1596.4	93.000	22.029	0.045394	1234.3	1656.5	6.9580	0.89106	1.1530	745.69	-0.053137	6.7184e-05	0.10385	supercritical
1597.4	93.000	22.016	0.045422	1235.2	1657.6	6.9587	0.89113	1.1531	745.91	-0.053157	6.7210e-05	0.10390	supercritical
1598.4	93.000	22.002	0.045450	1236.1	1658.8	6.9594	0.89121	1.1532	746.13	-0.053177	6.7237e-05	0.10395	supercritical
1599.4	93.000	21.989	0.045478	1237.0	1659.9	6.9601	0.89129	1.1532	746.35	-0.053197	6.7264e-05	0.10400	supercritical
1600.4	93.000	21.975	0.045506	1237.9	1661.1	6.9608	0.89137	1.1533	746.57	-0.053217	6.7291e-05	0.10405	supercritical
1601.4	93.000	21.961	0.045534	1238.8	1662.2	6.9616	0.89144	1.1534	746.78	-0.053237	6.7318e-05	0.10410	supercritical
1602.4	93.000	21.948	0.045562	1239.6	1663.4	6.9623	0.89152	1.1535	747.00	-0.053257	6.7344e-05	0.10415	supercritical
1603.4	93.000	21.934	0.045590	1240.5	1664.5	6.9630	0.89160	1.1535	747.22	-0.053277	6.7371e-05	0.10420	supercritical
1604.4	93.000	21.921	0.045619	1241.4	1665.7	6.9637	0.89168	1.1536	747.44	-0.053297	6.7398e-05	0.10425	supercritical
1605.4	93.000	21.907	0.045647	1242.3	1666.8	6.9644	0.89175	1.1537	747.66	-0.053317	6.7425e-05	0.10430	supercritical
1606.4	93.000	21.894	0.045675	1243.2	1668.0	6.9652	0.89183	1.1538	747.88	-0.053337	6.7451e-05	0.10435	supercritical
1607.4	93.000	21.881	0.045703	1244.1	1669.1	6.9659	0.89191	1.1538	748.09	-0.053356	6.7478e-05	0.10440	supercritical
1608.4	93.000	21.867	0.045731	1245.0	1670.3	6.9666	0.89199	1.1539	748.31	-0.053376	6.7505e-05	0.10445	supercritical
1609.4	93.000	21.854	0.045759	1245.9	1671.5	6.9673	0.89206	1.1540	748.53	-0.053396	6.7531e-05	0.10450	supercritical
1610.4	93.000	21.840	0.045787	1246.8	1672.6	6.9680	0.89214	1.1541	748.75	-0.053415	6.7558e-05	0.10455	supercritical
1611.4	93.000	21.827	0.045815	1247.7	1673.8	6.9688	0.89222	1.1541	748.97	-0.053435	6.7585e-05	0.10460	supercritical
1612.4	93.000	21.814	0.045843	1248.6	1674.9	6.9695	0.89229	1.1542	749.18	-0.053454	6.7612e-05	0.10465	supercritical
1613.4	93.000	21.800	0.045871	1249.5	1676.1	6.9702	0.89237	1.1543	749.40	-0.053474	6.7638e-05	0.10470	supercritical
1614.4	93.000	21.787	0.045899	1250.4	1677.2	6.9709	0.89245	1.1544	749.62	-0.053493	6.7665e-05	0.10475	supercritical
1615.4	93.000	21.774	0.045927	1251.3	1678.4	6.9716	0.89253	1.1544	749.84	-0.053513	6.7692e-05	0.10480	supercritical
1616.4	93.000	21.760	0.045955	1252.2	1679.5	6.9723	0.89260	1.1545	750.05	-0.053532	6.7718e-05	0.10485	supercritical
1617.4	93.000	21.747	0.045983	1253.0	1680.7	6.9730	0.89268	1.1546	750.27	-0.053552	6.7745e-05	0.10490	supercritical
1618.4	93.000	21.734	0.046011	1253.9	1681.8	6.9738	0.89276	1.1547	750.49	-0.053571	6.7772e-05	0.10495	supercritical
1619.4	93.000	21.721	0.046039	1254.8	1683.0	6.9745	0.89283	1.1547	750.71	-0.053590	6.7798e-05	0.10500	supercritical
1620.4	93.000	21.707	0.046067	1255.7	1684.2	6.9752	0.89291	1.1548	750.92	-0.053610	6.7825e-05	0.10505	supercritical
1621.4	93.000	21.694	0.046095	1256.6	1685.3	6.9759	0.89299	1.1549	751.14	-0.053629	6.7852e-05	0.10510	supercritical
1622.4	93.000	21.681	0.046123	1257.5	1686.5	6.9766	0.89306	1.1550	751.36	-0.053648	6.7878e-05	0.10515	supercritical
1623.4	93.000	21.668	0.046151	1258.4	1687.6	6.9773	0.89314	1.1550	751.57	-0.053667	6.7905e-05	0.10520	supercritical
1624.4	93.000	21.655	0.046180	1259.3	1688.8	6.9780	0.89322	1.1551	751.79	-0.053686	6.7932e-05	0.10525	supercritical
1625.4	93.000	21.641	0.046208	1260.2	1689.9	6.9787	0.89329	1.1552	752.01	-0.053706	6.7958e-05	0.10530	supercritical
1626.4	93.000	21.628	0.046236	1261.1	1691.1	6.9795	0.89337	1.1552	752.22	-0.053725	6.7985e-05	0.10535	supercritical
1627.4	93.000	21.615	0.046264	1262.0	1692.2	6.9802	0.89345	1.1553	752.44	-0.053744	6.8012e-05	0.10540	supercritical
1628.4	93.000	21.602	0.046292	1262.9	1693.4	6.9809	0.89352	1.1554	752.66	-0.053763	6.8038e-05	0.10545	supercritical
1629.4	93.000	21.589	0.046320	1263.8	1694.5	6.9816	0.89360	1.1555	752.87	-0.053782	6.8065e-05	0.10550	supercritical
1630.4	93.000	21.576	0.046348	1264.7	1695.7	6.9823	0.89368	1.1555	753.09	-0.053801	6.8091e-05	0.10555	supercritical
1631.4	93.000	21.563	0.046376	1265.6	1696.9	6.9830	0.89375	1.1556	753.31	-0.053819	6.8118e-05	0.10560	supercritical
1632.4	93.000	21.550	0.046404	1266.5	1698.0	6.9837	0.89383	1.1557	753.52	-0.053838	6.8145e-05	0.10565	supercritical
1633.4	93.000	21.537	0.046432	1267.4	1699.2	6.9844	0.89391	1.1558	753.74	-0.053857	6.8171e-05	0.10570	supercritical
1634.4	93.000	21.524	0.046460	1268.2	1700.3	6.9851	0.89398	1.1558	753.96	-0.053876	6.8198e-05	0.10575	supercritical
1635.4	93.000	21.511	0.046488	1269.1	1701.5	6.9858	0.89406	1.1559	754.17	-0.053895	6.8224e-05	0.10580	supercritical
1636.4	93.000	21.498	0.046516	1270.0	1702.6	6.9865	0.89414	1.1560	754.39	-0.053913	6.8251e-05	0.10585	supercritical
1637.4	93.000	21.485	0.046544	1270.9	1703.8	6.9872	0.89421	1.1561	754.60	-0.053932	6.8278e-05	0.10590	supercritical
1638.4	93.000	21.472	0.046572	1271.8	1705.0	6.9879	0.89429	1.1561	754.82	-0.053951	6.8304e-05	0.10595	supercritical
1639.4	93.000	21.459	0.046600	1272.7	1706.1	6.9887	0.89437	1.1562	755.04	-0.053969	6.8331e-05	0.10600	supercritical
1640.4	93.000	21.446	0.046628	1273.6	1707.3	6.9894	0.89444	1.1563	755.25	-0.053988	6.8357e-05	0.10605	supercritical
1641.4	93.000	21.433	0.046656	1274.5	1708.4	6.9901	0.89452	1.1564	755.47	-0.054007	6.8384e-05	0.10610	supercritical
1642.4	93.000	21.420	0.046684	1275.4	1709.6	6.9908	0.89460	1.1564	755.68	-0.054025	6.8411e-05	0.10615	supercritical
1643.4	93.000	21.408	0.046712	1276.3	1710.7	6.9915	0.89467	1.1565	755.90	-0.054044	6.8437e-05	0.10620	supercritical
1644.4	93.000	21.395	0.046740	1277.2	1711.9	6.9922	0.89475	1.1566	756.11	-0.054062	6.8464e-05	0.10625	supercritical
1645.4	93.000	21.382	0.046768	1278.1	1713.0	6.9929	0.89482	1.1566	756.33	-0.054081	6.8490e-05	0.10630	supercritical
1646.4	93.000	21.369	0.046797	1279.0	1714.2	6.9936	0.89490	1.1567	756.54	-0.054099	6.8517e-05	0.10635	supercritical
1647.4	93.000	21.356	0.046825	1279.9	1715.4	6.9943	0.89498	1.1568	756.76	-0.054117	6.8543e-05	0.10640	supercritical
1648.4	93.000	21.344	0.046853	1280.8	1716.5	6.9950	0.89505	1.1569	756.98	-0.054136	6.8570e-05	0.10645	supercritical
1649.4	93.000	21.331	0.046881	1281.7	1717.7	6.9957	0.89513	1.1569	757.19	-0.054154	6.8596e-05	0.10650	supercritical
1650.4	93.000	21.318	0.046909	1282.6	1718.8	6.9964	0.89521	1.1570	757.41	-0.054172	6.8623e-05	0.10655	supercritical
1651.4	93.000	21.305	0.046937	1283.5	1720.0	6.9971	0.89528	1.1571	757.62	-0.054190	6.8649e-05	0.10660	supercritical
1652.4	93.000	21.293	0.046965	1284.4	1721.1	6.9978	0.89536	1.1572	757.84	-0.054209	6.8676e-05	0.10665	supercritical
1653.4	93.000	21.280	0.046993	1285.3	1722.3	6.9985	0.89543	1.1572	758.05	-0.054227	6.8702e-05	0.10670	supercritical
1654.4	93.000	21.267	0.047021	1286.2	1723.5	6.9992	0.89551	1.1573	758.27	-0.054245	6.8729e-05	0.10675	supercritical
1655.4	93.000	21.254	0.047049	1287.1	1724.6	6.9999	0.89559	1.1574	758.48	-0.054263	6.8755e-05	0.10680	supercritical
1656.4	93.000	21.242	0.047077	1288.0	1725.8	7.0006	0.89566	1.1575	758.69	-0.054281	6.8782e-05	0.10685	supercritical
1657.4	93.000	21.229	0.047105	1288.9	1726.9	7.0013	0.89574	1.1575	758.91	-0.054299	6.8808e-05	0.10690	supercritical
1658.4	93.000	21.217	0.047133	1289.8	1728.1	7.0020	0.89581	1.1576	759.12	-0.054317	6.8835e-05	0.10695	supercritical
1659.4	93.000	21.204	0.047161	1290.6	1729.2	7.0027	0.89589	1.1577	759.34	-0.054335	6.8861e-05	0.10700	supercritical
1660.4	93.000	21.191	0.047189	1291.5	1730.4	7.0034	0.89597	1.1577	759.55	-0.054353	6.8888e-05	0.10705	supercritical
1661.4	93.000	21.179	0.047217	1292.4	1731.6	7.0041	0.89604	1.1578	759.77	-0.054371	6.8914e-05	0.10710	supercritical
1662.4	93.000	21.166	0.047245	1293.3	1732.7	7.0048	0.89612	1.1579	759.98	-0.054389	6.8941e-05	0.10714	supercritical
1663.4	93.000	21.154	0.047273	1294.2	1733.9	7.0055	0.89619	1.1580	760.20	-0.054407	6.8967e-05	0.10719	supercritical
1664.4	93.000	21.141	0.047301	1295.1	1735.0	7.0062	0.89627	1.1580	760.41	-0.054425	6.8994e-05	0.10724	supercritical
1665.4	93.000	21.129	0.047329	1296.0	1736.2	7.0069	0.89634	1.1581	760.62	-0.054442	6.9020e-05	0.10729	supercritical
1666.4	93.000	21.116	0.047357	1296.9	1737.4	7.0076	0.89642	1.1582	760.84	-0.054460	6.9046e-05	0.10734	supercritical
1667.4	93.000	21.104	0.047385	1297.8	1738.5	7.0083	0.89650	1.1583	761.05	-0.054478	6.9073e-05	0.10739	supercritical
1668.4	93.000	21.091	0.047413	1298.7	1739.7	7.0089	0.89657	1.1583	761.27	-0.054496	6.9099e-05	0.10744	supercritical
1669.4	93.000	21.079	0.047441	1299.6	1740.8	7.0096	0.89665	1.1584	761.48	-0.054513	6.9126e-05	0.10749	supercritical
1670.4	93.000	21.066	0.047470	1300.5	1742.0	7.0103	0.89672	1.1585	761.69	-0.054531	6.9152e-05	0.10754	supercritical
1671.4	93.000	21.054	0.047498	1301.4	1743.1	7.0110	0.89680	1.1585	761.91	-0.054549	6.9179e-05	0.10759	supercritical
1672.4	93.000	21.041	0.047526	1302.3	1744.3	7.0117	0.89687	1.1586	762.12	-0.054566	6.9205e-05	0.10764	supercritical
1673.4	93.000	21.029	0.047554	1303.2	1745.5	7.0124	0.89695	1.1587	762.33	-0.054584	6.9231e-05	0.10769	supercritical
1674.4	93.000	21.016	0.047582	1304.1	1746.6	7.0131	0.89703	1.1588	762.55	-0.054601	6.9258e-05	0.10774	supercritical
1675.4	93.000	21.004	0.047610	1305.0	1747.8	7.0138	0.89710	1.1588	762.76	-0.054619	6.9284e-05	0.10779	supercritical
1676.4	93.000	20.992	0.047638	1305.9	1748.9	7.0145	0.89718	1.1589	762.97	-0.054636	6.9311e-05	0.10784	supercritical
1677.4	93.000	20.979	0.047666	1306.8	1750.1	7.0152	0.89725	1.1590	763.19	-0.054654	6.9337e-05	0.10789	supercritical
1678.4	93.000	20.967	0.047694	1307.7	1751.3	7.0159	0.89733	1.1591	763.40	-0.054671	6.9363e-05	0.10794	supercritical
1679.4	93.000	20.955	0.047722	1308.6	1752.4	7.0166	0.89740	1.1591	763.61	-0.054688	6.9390e-05	0.10799	supercritical
1680.4	93.000	20.942	0.047750	1309.5	1753.6	7.0173	0.89748	1.1592	763.83	-0.054706	6.9416e-05	0.10804	supercritical
1681.4	93.000	20.930	0.047778	1310.4	1754.7	7.0179	0.89755	1.1593	764.04	-0.054723	6.9443e-05	0.10809	supercritical
1682.4	93.000	20.918	0.047806	1311.3	1755.9	7.0186	0.89763	1.1593	764.25	-0.054740	6.9469e-05	0.10814	supercritical
1683.4	93.000	20.906	0.047834	1312.2	1757.1	7.0193	0.89770	1.1594	764.47	-0.054757	6.9495e-05	0.10819	supercritical
1684.4	93.000	20.893	0.047862	1313.1	1758.2	7.0200	0.89778	1.1595	764.68	-0.054775	6.9522e-05	0.10824	supercritical
1685.4	93.000	20.881	0.047890	1314.0	1759.4	7.0207	0.89786	1.1596	764.89	-0.054792	6.9548e-05	0.10829	supercritical
1686.4	93.000	20.869	0.047918	1314.9	1760.5	7.0214	0.89793	1.1596	765.10	-0.054809	6.9574e-05	0.10834	supercritical
1687.4	93.000	20.857	0.047946	1315.8	1761.7	7.0221	0.89801	1.1597	765.32	-0.054826	6.9601e-05	0.10839	supercritical
1688.4	93.000	20.845	0.047974	1316.7	1762.8	7.0228	0.89808	1.1598	765.53	-0.054843	6.9627e-05	0.10844	supercritical
1689.4	93.000	20.832	0.048002	1317.6	1764.0	7.0234	0.89816	1.1599	765.74	-0.054860	6.9653e-05	0.10849	supercritical
1690.4	93.000	20.820	0.048030	1318.5	1765.2	7.0241	0.89823	1.1599	765.96	-0.054877	6.9680e-05	0.10854	supercritical
1691.4	93.000	20.808	0.048058	1319.4	1766.3	7.0248	0.89831	1.1600	766.17	-0.054894	6.9706e-05	0.10858	supercritical
1692.4	93.000	20.796	0.048086	1320.3	1767.5	7.0255	0.89838	1.1601	766.38	-0.054911	6.9732e-05	0.10863	supercritical
1693.4	93.000	20.784	0.048114	1321.2	1768.6	7.0262	0.89846	1.1601	766.59	-0.054928	6.9759e-05	0.10868	supercritical
1694.4	93.000	20.772	0.048142	1322.1	1769.8	7.0269	0.89853	1.1602	766.80	-0.054945	6.9785e-05	0.10873	supercritical
1695.4	93.000	20.760	0.048171	1323.0	1771.0	7.0276	0.89861	1.1603	767.02	-0.054962	6.9811e-05	0.10878	supercritical
1696.4	93.000	20.748	0.048199	1323.9	1772.1	7.0282	0.89868	1.1604	767.23	-0.054979	6.9838e-05	0.10883	supercritical
1697.4	93.000	20.735	0.048227	1324.8	1773.3	7.0289	0.89876	1.1604	767.44	-0.054996	6.9864e-05	0.10888	supercritical
1698.4	93.000	20.723	0.048255	1325.7	1774.5	7.0296	0.89883	1.1605	767.65	-0.055012	6.9890e-05	0.10893	supercritical
1699.4	93.000	20.711	0.048283	1326.6	1775.6	7.0303	0.89891	1.1606	767.86	-0.055029	6.9917e-05	0.10898	supercritical
1700.4	93.000	20.699	0.048311	1327.5	1776.8	7.0310	0.89898	1.1607	768.08	-0.055046	6.9943e-05	0.10903	supercritical
1701.4	93.000	20.687	0.048339	1328.4	1777.9	7.0317	0.89906	1.1607	768.29	-0.055062	6.9969e-05	0.10908	supercritical
1702.4	93.000	20.675	0.048367	1329.3	1779.1	7.0323	0.89913	1.1608	768.50	-0.055079	6.9995e-05	0.10913	supercritical
1703.4	93.000	20.663	0.048395	1330.2	1780.3	7.0330	0.89921	1.1609	768.71	-0.055096	7.0022e-05	0.10918	supercritical
1704.4	93.000	20.651	0.048423	1331.1	1781.4	7.0337	0.89928	1.1609	768.92	-0.055112	7.0048e-05	0.10923	supercritical
1705.4	93.000	20.639	0.048451	1332.0	1782.6	7.0344	0.89936	1.1610	769.13	-0.055129	7.0074e-05	0.10928	supercritical
1706.4	93.000	20.628	0.048479	1332.9	1783.7	7.0351	0.89943	1.1611	769.35	-0.055146	7.0100e-05	0.10933	supercritical
1707.4	93.000	20.616	0.048507	1333.8	1784.9	7.0357	0.89951	1.1612	769.56	-0.055162	7.0127e-05	0.10938	supercritical
1708.4	93.000	20.604	0.048535	1334.7	1786.1	7.0364	0.89958	1.1612	769.77	-0.055179	7.0153e-05	0.10943	supercritical
1709.4	93.000	20.592	0.048563	1335.6	1787.2	7.0371	0.89966	1.1613	769.98	-0.055195	7.0179e-05	0.10948	supercritical
1710.4	93.000	20.580	0.048591	1336.5	1788.4	7.0378	0.89973	1.1614	770.19	-0.055211	7.0205e-05	0.10953	supercritical
1711.4	93.000	20.568	0.048619	1337.4	1789.5	7.0385	0.89981	1.1614	770.40	-0.055228	7.0232e-05	0.10958	supercritical
1712.4	93.000	20.556	0.048647	1338.3	1790.7	7.0391	0.89988	1.1615	770.61	-0.055244	7.0258e-05	0.10963	supercritical
1713.4	93.000	20.544	0.048675	1339.2	1791.9	7.0398	0.89996	1.1616	770.82	-0.055261	7.0284e-05	0.10967	supercritical
1714.4	93.000	20.533	0.048703	1340.1	1793.0	7.0405	0.90003	1.1617	771.03	-0.055277	7.0310e-05	0.10972	supercritical
1715.4	93.000	20.521	0.048731	1341.0	1794.2	7.0412	0.90011	1.1617	771.25	-0.055293	7.0337e-05	0.10977	supercritical
1716.4	93.000	20.509	0.048759	1341.9	1795.4	7.0419	0.90018	1.1618	771.46	-0.055309	7.0363e-05	0.10982	supercritical
1717.4	93.000	20.497	0.048787	1342.8	1796.5	7.0425	0.90026	1.1619	771.67	-0.055326	7.0389e-05	0.10987	supercritical
1718.4	93.000	20.485	0.048815	1343.7	1797.7	7.0432	0.90033	1.1620	771.88	-0.055342	7.0415e-05	0.10992	supercritical
1719.4	93.000	20.474	0.048843	1344.6	1798.8	7.0439	0.90041	1.1620	772.09	-0.055358	7.0441e-05	0.10997	supercritical
1720.4	93.000	20.462	0.048871	1345.5	1800.0	7.0446	0.90048	1.1621	772.30	-0.055374	7.0468e-05	0.11002	supercritical
1721.4	93.000	20.450	0.048899	1346.4	1801.2	7.0452	0.90055	1.1622	772.51	-0.055390	7.0494e-05	0.11007	supercritical
1722.4	93.000	20.438	0.048927	1347.3	1802.3	7.0459	0.90063	1.1622	772.72	-0.055406	7.0520e-05	0.11012	supercritical
1723.4	93.000	20.427	0.048955	1348.2	1803.5	7.0466	0.90070	1.1623	772.93	-0.055422	7.0546e-05	0.11017	supercritical
1724.4	93.000	20.415	0.048984	1349.1	1804.6	7.0473	0.90078	1.1624	773.14	-0.055439	7.0572e-05	0.11022	supercritical
1725.4	93.000	20.403	0.049012	1350.0	1805.8	7.0479	0.90085	1.1625	773.35	-0.055455	7.0599e-05	0.11027	supercritical
1726.4	93.000	20.392	0.049040	1350.9	1807.0	7.0486	0.90093	1.1625	773.56	-0.055471	7.0625e-05	0.11032	supercritical
1727.4	93.000	20.380	0.049068	1351.8	1808.1	7.0493	0.90100	1.1626	773.77	-0.055486	7.0651e-05	0.11037	supercritical
1728.4	93.000	20.368	0.049096	1352.7	1809.3	7.0499	0.90108	1.1627	773.98	-0.055502	7.0677e-05	0.11042	supercritical
1729.4	93.000	20.357	0.049124	1353.6	1810.5	7.0506	0.90115	1.1627	774.19	-0.055518	7.0703e-05	0.11047	supercritical
1730.4	93.000	20.345	0.049152	1354.5	1811.6	7.0513	0.90123	1.1628	774.40	-0.055534	7.0729e-05	0.11052	supercritical
1731.4	93.000	20.334	0.049180	1355.4	1812.8	7.0520	0.90130	1.1629	774.61	-0.055550	7.0756e-05	0.11056	supercritical
1732.4	93.000	20.322	0.049208	1356.3	1813.9	7.0526	0.90137	1.1630	774.82	-0.055566	7.0782e-05	0.11061	supercritical
1733.4	93.000	20.310	0.049236	1357.2	1815.1	7.0533	0.90145	1.1630	775.03	-0.055582	7.0808e-05	0.11066	supercritical
1734.4	93.000	20.299	0.049264	1358.1	1816.3	7.0540	0.90152	1.1631	775.24	-0.055597	7.0834e-05	0.11071	supercritical
1735.4	93.000	20.287	0.049292	1359.0	1817.4	7.0546	0.90160	1.1632	775.45	-0.055613	7.0860e-05	0.11076	supercritical
1736.4	93.000	20.276	0.049320	1359.9	1818.6	7.0553	0.90167	1.1633	775.66	-0.055629	7.0886e-05	0.11081	supercritical
1737.4	93.000	20.264	0.049348	1360.8	1819.8	7.0560	0.90175	1.1633	775.87	-0.055644	7.0912e-05	0.11086	supercritical
1738.4	93.000	20.253	0.049376	1361.7	1820.9	7.0567	0.90182	1.1634	776.08	-0.055660	7.0938e-05	0.11091	supercritical
1739.4	93.000	20.241	0.049404	1362.6	1822.1	7.0573	0.90189	1.1635	776.29	-0.055676	7.0965e-05	0.11096	supercritical
1740.4	93.000	20.230	0.049432	1363.5	1823.3	7.0580	0.90197	1.1635	776.50	-0.055691	7.0991e-05	0.11101	supercritical
1741.4	93.000	20.218	0.049460	1364.4	1824.4	7.0587	0.90204	1.1636	776.70	-0.055707	7.1017e-05	0.11106	supercritical
1742.4	93.000	20.207	0.049488	1365.3	1825.6	7.0593	0.90212	1.1637	776.91	-0.055722	7.1043e-05	0.11111	supercritical
1743.4	93.000	20.195	0.049516	1366.2	1826.7	7.0600	0.90219	1.1638	777.12	-0.055738	7.1069e-05	0.11116	supercritical
1744.4	93.000	20.184	0.049544	1367.1	1827.9	7.0607	0.90227	1.1638	777.33	-0.055753	7.1095e-05	0.11121	supercritical
1745.4	93.000	20.173	0.049572	1368.1	1829.1	7.0613	0.90234	1.1639	777.54	-0.055769	7.1121e-05	0.11126	supercritical
1746.4	93.000	20.161	0.049600	1369.0	1830.2	7.0620	0.90241	1.1640	777.75	-0.055784	7.1147e-05	0.11131	supercritical
1747.4	93.000	20.150	0.049628	1369.9	1831.4	7.0627	0.90249	1.1640	777.96	-0.055800	7.1173e-05	0.11135	supercritical
1748.4	93.000	20.138	0.049656	1370.8	1832.6	7.0633	0.90256	1.1641	778.17	-0.055815	7.1199e-05	0.11140	supercritical
1749.4	93.000	20.127	0.049684	1371.7	1833.7	7.0640	0.90264	1.1642	778.38	-0.055830	7.1226e-05	0.11145	supercritical
1750.4	93.000	20.116	0.049712	1372.6	1834.9	7.0647	0.90271	1.1643	778.58	-0.055846	7.1252e-05	0.11150	supercritical
1751.4	93.000	20.104	0.049740	1373.5	1836.1	7.0653	0.90279	1.1643	778.79	-0.055861	7.1278e-05	0.11155	supercritical
1752.4	93.000	20.093	0.049768	1374.4	1837.2	7.0660	0.90286	1.1644	779.00	-0.055876	7.1304e-05	0.11160	supercritical
1753.4	93.000	20.082	0.049796	1375.3	1838.4	7.0667	0.90293	1.1645	779.21	-0.055892	7.1330e-05	0.11165	supercritical
1754.4	93.000	20.070	0.049824	1376.2	1839.6	7.0673	0.90301	1.1645	779.42	-0.055907	7.1356e-05	0.11170	supercritical
1755.4	93.000	20.059	0.049852	1377.1	1840.7	7.0680	0.90308	1.1646	779.63	-0.055922	7.1382e-05	0.11175	supercritical
1756.4	93.000	20.048	0.049881	1378.0	1841.9	7.0686	0.90316	1.1647	779.83	-0.055937	7.1408e-05	0.11180	supercritical
1757.4	93.000	20.037	0.049909	1378.9	1843.0	7.0693	0.90323	1.1648	780.04	-0.055952	7.1434e-05	0.11185	supercritical
1758.4	93.000	20.025	0.049937	1379.8	1844.2	7.0700	0.90330	1.1648	780.25	-0.055967	7.1460e-05	0.11190	supercritical
1759.4	93.000	20.014	0.049965	1380.7	1845.4	7.0706	0.90338	1.1649	780.46	-0.055983	7.1486e-05	0.11195	supercritical
1760.4	93.000	20.003	0.049993	1381.6	1846.5	7.0713	0.90345	1.1650	780.67	-0.055998	7.1512e-05	0.11200	supercritical
1761.4	93.000	19.992	0.050021	1382.5	1847.7	7.0720	0.90353	1.1650	780.88	-0.056013	7.1538e-05	0.11204	supercritical
1762.4	93.000	19.981	0.050049	1383.4	1848.9	7.0726	0.90360	1.1651	781.08	-0.056028	7.1564e-05	0.11209	supercritical
1763.4	93.000	19.969	0.050077	1384.3	1850.0	7.0733	0.90367	1.1652	781.29	-0.056043	7.1590e-05	0.11214	supercritical
1764.4	93.000	19.958	0.050105	1385.2	1851.2	7.0739	0.90375	1.1653	781.50	-0.056058	7.1616e-05	0.11219	supercritical
1765.4	93.000	19.947	0.050133	1386.1	1852.4	7.0746	0.90382	1.1653	781.71	-0.056073	7.1642e-05	0.11224	supercritical
1766.4	93.000	19.936	0.050161	1387.0	1853.5	7.0753	0.90389	1.1654	781.91	-0.056087	7.1668e-05	0.11229	supercritical
1767.4	93.000	19.925	0.050189	1387.9	1854.7	7.0759	0.90397	1.1655	782.12	-0.056102	7.1694e-05	0.11234	supercritical
1768.4	93.000	19.914	0.050217	1388.8	1855.9	7.0766	0.90404	1.1655	782.33	-0.056117	7.1720e-05	0.11239	supercritical
1769.4	93.000	19.903	0.050245	1389.8	1857.0	7.0772	0.90412	1.1656	782.54	-0.056132	7.1746e-05	0.11244	supercritical
1770.4	93.000	19.891	0.050273	1390.7	1858.2	7.0779	0.90419	1.1657	782.74	-0.056147	7.1772e-05	0.11249	supercritical
1771.4	93.000	19.880	0.050301	1391.6	1859.4	7.0786	0.90426	1.1658	782.95	-0.056162	7.1798e-05	0.11254	supercritical
1772.4	93.000	19.869	0.050329	1392.5	1860.5	7.0792	0.90434	1.1658	783.16	-0.056176	7.1824e-05	0.11259	supercritical
1773.4	93.000	19.858	0.050357	1393.4	1861.7	7.0799	0.90441	1.1659	783.37	-0.056191	7.1850e-05	0.11264	supercritical
1774.4	93.000	19.847	0.050385	1394.3	1862.9	7.0805	0.90449	1.1660	783.57	-0.056206	7.1876e-05	0.11268	supercritical
1775.4	93.000	19.836	0.050413	1395.2	1864.0	7.0812	0.90456	1.1660	783.78	-0.056220	7.1902e-05	0.11273	supercritical
1776.4	93.000	19.825	0.050441	1396.1	1865.2	7.0818	0.90463	1.1661	783.99	-0.056235	7.1928e-05	0.11278	supercritical
1777.4	93.000	19.814	0.050469	1397.0	1866.4	7.0825	0.90471	1.1662	784.19	-0.056250	7.1954e-05	0.11283	supercritical
1778.4	93.000	19.803	0.050497	1397.9	1867.5	7.0832	0.90478	1.1663	784.40	-0.056264	7.1980e-05	0.11288	supercritical
1779.4	93.000	19.792	0.050525	1398.8	1868.7	7.0838	0.90485	1.1663	784.61	-0.056279	7.2006e-05	0.11293	supercritical
1780.4	93.000	19.781	0.050553	1399.7	1869.9	7.0845	0.90493	1.1664	784.81	-0.056293	7.2032e-05	0.11298	supercritical
1781.4	93.000	19.770	0.050581	1400.6	1871.0	7.0851	0.90500	1.1665	785.02	-0.056308	7.2058e-05	0.11303	supercritical
1782.4	93.000	19.759	0.050609	1401.5	1872.2	7.0858	0.90507	1.1665	785.23	-0.056322	7.2084e-05	0.11308	supercritical
1783.4	93.000	19.748	0.050637	1402.4	1873.4	7.0864	0.90515	1.1666	785.43	-0.056337	7.2110e-05	0.11313	supercritical
1784.4	93.000	19.737	0.050665	1403.3	1874.5	7.0871	0.90522	1.1667	785.64	-0.056351	7.2136e-05	0.11318	supercritical
1785.4	93.000	19.726	0.050693	1404.2	1875.7	7.0877	0.90530	1.1668	785.85	-0.056366	7.2162e-05	0.11323	supercritical
1786.4	93.000	19.716	0.050721	1405.1	1876.9	7.0884	0.90537	1.1668	786.05	-0.056380	7.2187e-05	0.11328	supercritical
1787.4	93.000	19.705	0.050749	1406.1	1878.0	7.0890	0.90544	1.1669	786.26	-0.056395	7.2213e-05	0.11332	supercritical
1788.4	93.000	19.694	0.050777	1407.0	1879.2	7.0897	0.90552	1.1670	786.47	-0.056409	7.2239e-05	0.11337	supercritical
1789.4	93.000	19.683	0.050805	1407.9	1880.4	7.0904	0.90559	1.1670	786.67	-0.056423	7.2265e-05	0.11342	supercritical
1790.4	93.000	19.672	0.050833	1408.8	1881.5	7.0910	0.90566	1.1671	786.88	-0.056437	7.2291e-05	0.11347	supercritical
1791.4	93.000	19.661	0.050861	1409.7	1882.7	7.0917	0.90574	1.1672	787.08	-0.056452	7.2317e-05	0.11352	supercritical
1792.4	93.000	19.650	0.050889	1410.6	1883.9	7.0923	0.90581	1.1673	787.29	-0.056466	7.2343e-05	0.11357	supercritical
1793.4	93.000	19.640	0.050918	1411.5	1885.0	7.0930	0.90588	1.1673	787.50	-0.056480	7.2369e-05	0.11362	supercritical
1794.4	93.000	19.629	0.050946	1412.4	1886.2	7.0936	0.90596	1.1674	787.70	-0.056494	7.2395e-05	0.11367	supercritical
1795.4	93.000	19.618	0.050974	1413.3	1887.4	7.0943	0.90603	1.1675	787.91	-0.056509	7.2421e-05	0.11372	supercritical
1796.4	93.000	19.607	0.051002	1414.2	1888.5	7.0949	0.90610	1.1675	788.11	-0.056523	7.2446e-05	0.11377	supercritical
1797.4	93.000	19.596	0.051030	1415.1	1889.7	7.0956	0.90618	1.1676	788.32	-0.056537	7.2472e-05	0.11382	supercritical
1798.4	93.000	19.586	0.051058	1416.0	1890.9	7.0962	0.90625	1.1677	788.53	-0.056551	7.2498e-05	0.11386	supercritical
1799.4	93.000	19.575	0.051086	1416.9	1892.0	7.0969	0.90632	1.1678	788.73	-0.056565	7.2524e-05	0.11391	supercritical
1800.4	93.000	19.564	0.051114	1417.8	1893.2	7.0975	0.90640	1.1678	788.94	-0.056579	7.2550e-05	0.11396	supercritical
1801.4	93.000	19.554	0.051142	1418.7	1894.4	7.0982	0.90647	1.1679	789.14	-0.056593	7.2576e-05	0.11401	supercritical
1802.4	93.000	19.543	0.051170	1419.7	1895.5	7.0988	0.90654	1.1680	789.35	-0.056607	7.2602e-05	0.11406	supercritical
1803.4	93.000	19.532	0.051198	1420.6	1896.7	7.0995	0.90662	1.1680	789.55	-0.056621	7.2628e-05	0.11411	supercritical
1804.4	93.000	19.521	0.051226	1421.5	1897.9	7.1001	0.90669	1.1681	789.76	-0.056635	7.2653e-05	0.11416	supercritical
1805.4	93.000	19.511	0.051254	1422.4	1899.0	7.1007	0.90676	1.1682	789.96	-0.056649	7.2679e-05	0.11421	supercritical
1806.4	93.000	19.500	0.051282	1423.3	1900.2	7.1014	0.90684	1.1683	790.17	-0.056663	7.2705e-05	0.11426	supercritical
1807.4	93.000	19.489	0.051310	1424.2	1901.4	7.1020	0.90691	1.1683	790.37	-0.056677	7.2731e-05	0.11431	supercritical
1808.4	93.000	19.479	0.051338	1425.1	1902.5	7.1027	0.90698	1.1684	790.58	-0.056691	7.2757e-05	0.11436	supercritical
1809.4	93.000	19.468	0.051366	1426.0	1903.7	7.1033	0.90706	1.1685	790.78	-0.056705	7.2783e-05	0.11440	supercritical
1810.4	93.000	19.458	0.051394	1426.9	1904.9	7.1040	0.90713	1.1685	790.99	-0.056718	7.2808e-05	0.11445	supercritical
1811.4	93.000	19.447	0.051422	1427.8	1906.0	7.1046	0.90720	1.1686	791.19	-0.056732	7.2834e-05	0.11450	supercritical
1812.4	93.000	19.436	0.051450	1428.7	1907.2	7.1053	0.90728	1.1687	791.40	-0.056746	7.2860e-05	0.11455	supercritical
1813.4	93.000	19.426	0.051478	1429.6	1908.4	7.1059	0.90735	1.1688	791.60	-0.056760	7.2886e-05	0.11460	supercritical
1814.4	93.000	19.415	0.051506	1430.5	1909.6	7.1066	0.90742	1.1688	791.81	-0.056773	7.2912e-05	0.11465	supercritical
1815.4	93.000	19.405	0.051534	1431.5	1910.7	7.1072	0.90750	1.1689	792.01	-0.056787	7.2938e-05	0.11470	supercritical
1816.4	93.000	19.394	0.051562	1432.4	1911.9	7.1078	0.90757	1.1690	792.22	-0.056801	7.2963e-05	0.11475	supercritical
1817.4	93.000	19.384	0.051590	1433.3	1913.1	7.1085	0.90764	1.1690	792.42	-0.056814	7.2989e-05	0.11480	supercritical
1818.4	93.000	19.373	0.051618	1434.2	1914.2	7.1091	0.90771	1.1691	792.63	-0.056828	7.3015e-05	0.11485	supercritical
1819.4	93.000	19.363	0.051646	1435.1	1915.4	7.1098	0.90779	1.1692	792.83	-0.056842	7.3041e-05	0.11490	supercritical
1820.4	93.000	19.352	0.051674	1436.0	1916.6	7.1104	0.90786	1.1693	793.04	-0.056855	7.3067e-05	0.11494	supercritical
1821.4	93.000	19.342	0.051702	1436.9	1917.7	7.1111	0.90793	1.1693	793.24	-0.056869	7.3092e-05	0.11499	supercritical
1822.4	93.000	19.331	0.051730	1437.8	1918.9	7.1117	0.90801	1.1694	793.44	-0.056882	7.3118e-05	0.11504	supercritical
1823.4	93.000	19.321	0.051758	1438.7	1920.1	7.1123	0.90808	1.1695	793.65	-0.056896	7.3144e-05	0.11509	supercritical
1824.4	93.000	19.310	0.051786	1439.6	1921.2	7.1130	0.90815	1.1695	793.85	-0.056909	7.3170e-05	0.11514	supercritical
1825.4	93.000	19.300	0.051814	1440.5	1922.4	7.1136	0.90823	1.1696	794.06	-0.056923	7.3195e-05	0.11519	supercritical
1826.4	93.000	19.289	0.051842	1441.5	1923.6	7.1143	0.90830	1.1697	794.26	-0.056936	7.3221e-05	0.11524	supercritical
1827.4	93.000	19.279	0.051870	1442.4	1924.8	7.1149	0.90837	1.1697	794.47	-0.056950	7.3247e-05	0.11529	supercritical
1828.4	93.000	19.268	0.051898	1443.3	1925.9	7.1155	0.90844	1.1698	794.67	-0.056963	7.3273e-05	0.11534	supercritical
1829.4	93.000	19.258	0.051926	1444.2	1927.1	7.1162	0.90852	1.1699	794.87	-0.056976	7.3298e-05	0.11539	supercritical
1830.4	93.000	19.248	0.051954	1445.1	1928.3	7.1168	0.90859	1.1700	795.08	-0.056990	7.3324e-05	0.11543	supercritical
1831.4	93.000	19.237	0.051982	1446.0	1929.4	7.1175	0.90866	1.1700	795.28	-0.057003	7.3350e-05	0.11548	supercritical
1832.4	93.000	19.227	0.052010	1446.9	1930.6	7.1181	0.90874	1.1701	795.48	-0.057016	7.3376e-05	0.11553	supercritical
1833.4	93.000	19.217	0.052038	1447.8	1931.8	7.1187	0.90881	1.1702	795.69	-0.057030	7.3401e-05	0.11558	supercritical
1834.4	93.000	19.206	0.052066	1448.7	1932.9	7.1194	0.90888	1.1702	795.89	-0.057043	7.3427e-05	0.11563	supercritical
1835.4	93.000	19.196	0.052094	1449.6	1934.1	7.1200	0.90896	1.1703	796.10	-0.057056	7.3453e-05	0.11568	supercritical
1836.4	93.000	19.186	0.052122	1450.5	1935.3	7.1207	0.90903	1.1704	796.30	-0.057069	7.3479e-05	0.11573	supercritical
1837.4	93.000	19.175	0.052150	1451.5	1936.5	7.1213	0.90910	1.1705	796.50	-0.057082	7.3504e-05	0.11578	supercritical
1838.4	93.000	19.165	0.052178	1452.4	1937.6	7.1219	0.90917	1.1705	796.71	-0.057096	7.3530e-05	0.11583	supercritical
1839.4	93.000	19.155	0.052207	1453.3	1938.8	7.1226	0.90925	1.1706	796.91	-0.057109	7.3556e-05	0.11588	supercritical
1840.4	93.000	19.144	0.052235	1454.2	1940.0	7.1232	0.90932	1.1707	797.11	-0.057122	7.3582e-05	0.11592	supercritical
1841.4	93.000	19.134	0.052263	1455.1	1941.1	7.1238	0.90939	1.1707	797.32	-0.057135	7.3607e-05	0.11597	supercritical
1842.4	93.000	19.124	0.052291	1456.0	1942.3	7.1245	0.90946	1.1708	797.52	-0.057148	7.3633e-05	0.11602	supercritical
1843.4	93.000	19.114	0.052319	1456.9	1943.5	7.1251	0.90954	1.1709	797.72	-0.057161	7.3659e-05	0.11607	supercritical
1844.4	93.000	19.103	0.052347	1457.8	1944.7	7.1257	0.90961	1.1710	797.92	-0.057174	7.3684e-05	0.11612	supercritical
1845.4	93.000	19.093	0.052375	1458.7	1945.8	7.1264	0.90968	1.1710	798.13	-0.057187	7.3710e-05	0.11617	supercritical
1846.4	93.000	19.083	0.052403	1459.6	1947.0	7.1270	0.90976	1.1711	798.33	-0.057200	7.3736e-05	0.11622	supercritical
1847.4	93.000	19.073	0.052431	1460.6	1948.2	7.1276	0.90983	1.1712	798.53	-0.057213	7.3761e-05	0.11627	supercritical
1848.4	93.000	19.063	0.052459	1461.5	1949.3	7.1283	0.90990	1.1712	798.74	-0.057226	7.3787e-05	0.11632	supercritical
1849.4	93.000	19.052	0.052487	1462.4	1950.5	7.1289	0.90997	1.1713	798.94	-0.057239	7.3813e-05	0.11636	supercritical
1850.4	93.000	19.042	0.052515	1463.3	1951.7	7.1295	0.91005	1.1714	799.14	-0.057252	7.3838e-05	0.11641	supercritical
1851.4	93.000	19.032	0.052543	1464.2	1952.8	7.1302	0.91012	1.1714	799.34	-0.057265	7.3864e-05	0.11646	supercritical
1852.4	93.000	19.022	0.052571	1465.1	1954.0	7.1308	0.91019	1.1715	799.55	-0.057278	7.3890e-05	0.11651	supercritical
1853.4	93.000	19.012	0.052599	1466.0	1955.2	7.1314	0.91026	1.1716	799.75	-0.057290	7.3915e-05	0.11656	supercritical
1854.4	93.000	19.002	0.052627	1466.9	1956.4	7.1321	0.91034	1.1717	799.95	-0.057303	7.3941e-05	0.11661	supercritical
1855.4	93.000	18.992	0.052655	1467.8	1957.5	7.1327	0.91041	1.1717	800.15	-0.057316	7.3967e-05	0.11666	supercritical
1856.4	93.000	18.982	0.052683	1468.8	1958.7	7.1333	0.91048	1.1718	800.36	-0.057329	7.3992e-05	0.11671	supercritical
1857.4	93.000	18.971	0.052711	1469.7	1959.9	7.1340	0.91055	1.1719	800.56	-0.057342	7.4018e-05	0.11676	supercritical
1858.4	93.000	18.961	0.052739	1470.6	1961.1	7.1346	0.91063	1.1719	800.76	-0.057354	7.4044e-05	0.11680	supercritical
1859.4	93.000	18.951	0.052767	1471.5	1962.2	7.1352	0.91070	1.1720	800.96	-0.057367	7.4069e-05	0.11685	supercritical
1860.4	93.000	18.941	0.052795	1472.4	1963.4	7.1359	0.91077	1.1721	801.16	-0.057380	7.4095e-05	0.11690	supercritical
1861.4	93.000	18.931	0.052823	1473.3	1964.6	7.1365	0.91084	1.1722	801.37	-0.057392	7.4121e-05	0.11695	supercritical
1862.4	93.000	18.921	0.052851	1474.2	1965.7	7.1371	0.91092	1.1722	801.57	-0.057405	7.4146e-05	0.11700	supercritical
1863.4	93.000	18.911	0.052879	1475.1	1966.9	7.1377	0.91099	1.1723	801.77	-0.057418	7.4172e-05	0.11705	supercritical
1864.4	93.000	18.901	0.052907	1476.0	1968.1	7.1384	0.91106	1.1724	801.97	-0.057430	7.4198e-05	0.11710	supercritical
1865.4	93.000	18.891	0.052935	1477.0	1969.3	7.1390	0.91113	1.1724	802.17	-0.057443	7.4223e-05	0.11715	supercritical
1866.4	93.000	18.881	0.052963	1477.9	1970.4	7.1396	0.91121	1.1725	802.38	-0.057455	7.4249e-05	0.11720	supercritical
1867.4	93.000	18.871	0.052991	1478.8	1971.6	7.1403	0.91128	1.1726	802.58	-0.057468	7.4274e-05	0.11724	supercritical
1868.4	93.000	18.861	0.053019	1479.7	1972.8	7.1409	0.91135	1.1726	802.78	-0.057480	7.4300e-05	0.11729	supercritical
1869.4	93.000	18.851	0.053047	1480.6	1973.9	7.1415	0.91142	1.1727	802.98	-0.057493	7.4326e-05	0.11734	supercritical
1870.4	93.000	18.841	0.053075	1481.5	1975.1	7.1421	0.91150	1.1728	803.18	-0.057505	7.4351e-05	0.11739	supercritical
1871.4	93.000	18.831	0.053103	1482.4	1976.3	7.1428	0.91157	1.1729	803.38	-0.057518	7.4377e-05	0.11744	supercritical
1872.4	93.000	18.821	0.053131	1483.3	1977.5	7.1434	0.91164	1.1729	803.58	-0.057530	7.4402e-05	0.11749	supercritical
1873.4	93.000	18.811	0.053159	1484.3	1978.6	7.1440	0.91171	1.1730	803.79	-0.057543	7.4428e-05	0.11754	supercritical
1874.4	93.000	18.802	0.053187	1485.2	1979.8	7.1447	0.91179	1.1731	803.99	-0.057555	7.4454e-05	0.11759	supercritical
1875.4	93.000	18.792	0.053215	1486.1	1981.0	7.1453	0.91186	1.1731	804.19	-0.057567	7.4479e-05	0.11763	supercritical
1876.4	93.000	18.782	0.053243	1487.0	1982.2	7.1459	0.91193	1.1732	804.39	-0.057580	7.4505e-05	0.11768	supercritical
1877.4	93.000	18.772	0.053271	1487.9	1983.3	7.1465	0.91200	1.1733	804.59	-0.057592	7.4530e-05	0.11773	supercritical
1878.4	93.000	18.762	0.053299	1488.8	1984.5	7.1472	0.91208	1.1734	804.79	-0.057604	7.4556e-05	0.11778	supercritical
1879.4	93.000	18.752	0.053327	1489.7	1985.7	7.1478	0.91215	1.1734	804.99	-0.057616	7.4582e-05	0.11783	supercritical
1880.4	93.000	18.742	0.053355	1490.6	1986.9	7.1484	0.91222	1.1735	805.19	-0.057629	7.4607e-05	0.11788	supercritical
1881.4	93.000	18.732	0.053383	1491.6	1988.0	7.1490	0.91229	1.1736	805.39	-0.057641	7.4633e-05	0.11793	supercritical
1882.4	93.000	18.723	0.053411	1492.5	1989.2	7.1496	0.91236	1.1736	805.60	-0.057653	7.4658e-05	0.11798	supercritical
1883.4	93.000	18.713	0.053439	1493.4	1990.4	7.1503	0.91244	1.1737	805.80	-0.057665	7.4684e-05	0.11803	supercritical
1884.4	93.000	18.703	0.053467	1494.3	1991.5	7.1509	0.91251	1.1738	806.00	-0.057678	7.4709e-05	0.11807	supercritical
1885.4	93.000	18.693	0.053495	1495.2	1992.7	7.1515	0.91258	1.1738	806.20	-0.057690	7.4735e-05	0.11812	supercritical
1886.4	93.000	18.683	0.053523	1496.1	1993.9	7.1521	0.91265	1.1739	806.40	-0.057702	7.4760e-05	0.11817	supercritical
1887.4	93.000	18.674	0.053551	1497.0	1995.1	7.1528	0.91273	1.1740	806.60	-0.057714	7.4786e-05	0.11822	supercritical
1888.4	93.000	18.664	0.053579	1498.0	1996.2	7.1534	0.91280	1.1741	806.80	-0.057726	7.4812e-05	0.11827	supercritical
1889.4	93.000	18.654	0.053607	1498.9	1997.4	7.1540	0.91287	1.1741	807.00	-0.057738	7.4837e-05	0.11832	supercritical
1890.4	93.000	18.644	0.053635	1499.8	1998.6	7.1546	0.91294	1.1742	807.20	-0.057750	7.4863e-05	0.11837	supercritical
1891.4	93.000	18.635	0.053663	1500.7	1999.8	7.1552	0.91301	1.1743	807.40	-0.057762	7.4888e-05	0.11842	supercritical
1892.4	93.000	18.625	0.053691	1501.6	2000.9	7.1559	0.91309	1.1743	807.60	-0.057774	7.4914e-05	0.11846	supercritical
1893.4	93.000	18.615	0.053719	1502.5	2002.1	7.1565	0.91316	1.1744	807.80	-0.057786	7.4939e-05	0.11851	supercritical
1894.4	93.000	18.606	0.053747	1503.4	2003.3	7.1571	0.91323	1.1745	808.00	-0.057798	7.4965e-05	0.11856	supercritical
1895.4	93.000	18.596	0.053775	1504.3	2004.5	7.1577	0.91330	1.1746	808.20	-0.057810	7.4990e-05	0.11861	supercritical
1896.4	93.000	18.586	0.053803	1505.3	2005.6	7.1583	0.91338	1.1746	808.40	-0.057822	7.5016e-05	0.11866	supercritical
1897.4	93.000	18.576	0.053831	1506.2	2006.8	7.1590	0.91345	1.1747	808.60	-0.057834	7.5041e-05	0.11871	supercritical
1898.4	93.000	18.567	0.053859	1507.1	2008.0	7.1596	0.91352	1.1748	808.80	-0.057846	7.5067e-05	0.11876	supercritical
1899.4	93.000	18.557	0.053888	1508.0	2009.2	7.1602	0.91359	1.1748	809.00	-0.057858	7.5092e-05	0.11881	supercritical
1900.4	93.000	18.548	0.053916	1508.9	2010.3	7.1608	0.91366	1.1749	809.20	-0.057869	7.5118e-05	0.11885	supercritical
1901.4	93.000	18.538	0.053944	1509.8	2011.5	7.1614	0.91374	1.1750	809.40	-0.057881	7.5143e-05	0.11890	supercritical
1902.4	93.000	18.528	0.053972	1510.7	2012.7	7.1621	0.91381	1.1750	809.60	-0.057893	7.5169e-05	0.11895	supercritical
1903.4	93.000	18.519	0.054000	1511.7	2013.9	7.1627	0.91388	1.1751	809.80	-0.057905	7.5194e-05	0.11900	supercritical
1904.4	93.000	18.509	0.054028	1512.6	2015.0	7.1633	0.91395	1.1752	810.00	-0.057917	7.5220e-05	0.11905	supercritical
1905.4	93.000	18.499	0.054056	1513.5	2016.2	7.1639	0.91402	1.1753	810.20	-0.057928	7.5245e-05	0.11910	supercritical
1906.4	93.000	18.490	0.054084	1514.4	2017.4	7.1645	0.91410	1.1753	810.40	-0.057940	7.5271e-05	0.11915	supercritical
1907.4	93.000	18.480	0.054112	1515.3	2018.6	7.1651	0.91417	1.1754	810.60	-0.057952	7.5296e-05	0.11919	supercritical
1908.4	93.000	18.471	0.054140	1516.2	2019.7	7.1658	0.91424	1.1755	810.80	-0.057964	7.5322e-05	0.11924	supercritical
1909.4	93.000	18.461	0.054168	1517.2	2020.9	7.1664	0.91431	1.1755	811.00	-0.057975	7.5347e-05	0.11929	supercritical
1910.4	93.000	18.452	0.054196	1518.1	2022.1	7.1670	0.91438	1.1756	811.20	-0.057987	7.5373e-05	0.11934	supercritical
1911.4	93.000	18.442	0.054224	1519.0	2023.3	7.1676	0.91445	1.1757	811.40	-0.057998	7.5398e-05	0.11939	supercritical
1912.4	93.000	18.433	0.054252	1519.9	2024.4	7.1682	0.91453	1.1757	811.60	-0.058010	7.5424e-05	0.11944	supercritical
1913.4	93.000	18.423	0.054280	1520.8	2025.6	7.1688	0.91460	1.1758	811.79	-0.058022	7.5449e-05	0.11949	supercritical
1914.4	93.000	18.414	0.054308	1521.7	2026.8	7.1695	0.91467	1.1759	811.99	-0.058033	7.5474e-05	0.11954	supercritical
1915.4	93.000	18.404	0.054336	1522.6	2028.0	7.1701	0.91474	1.1760	812.19	-0.058045	7.5500e-05	0.11958	supercritical
1916.4	93.000	18.395	0.054364	1523.6	2029.1	7.1707	0.91481	1.1760	812.39	-0.058056	7.5525e-05	0.11963	supercritical
1917.4	93.000	18.385	0.054392	1524.5	2030.3	7.1713	0.91489	1.1761	812.59	-0.058068	7.5551e-05	0.11968	supercritical
1918.4	93.000	18.376	0.054420	1525.4	2031.5	7.1719	0.91496	1.1762	812.79	-0.058079	7.5576e-05	0.11973	supercritical
1919.4	93.000	18.366	0.054448	1526.3	2032.7	7.1725	0.91503	1.1762	812.99	-0.058091	7.5602e-05	0.11978	supercritical
1920.4	93.000	18.357	0.054476	1527.2	2033.8	7.1731	0.91510	1.1763	813.19	-0.058102	7.5627e-05	0.11983	supercritical
1921.4	93.000	18.347	0.054504	1528.1	2035.0	7.1737	0.91517	1.1764	813.39	-0.058114	7.5653e-05	0.11988	supercritical
1922.4	93.000	18.338	0.054532	1529.1	2036.2	7.1744	0.91525	1.1764	813.58	-0.058125	7.5678e-05	0.11992	supercritical
1923.4	93.000	18.329	0.054560	1530.0	2037.4	7.1750	0.91532	1.1765	813.78	-0.058136	7.5703e-05	0.11997	supercritical
1924.4	93.000	18.319	0.054588	1530.9	2038.6	7.1756	0.91539	1.1766	813.98	-0.058148	7.5729e-05	0.12002	supercritical
1925.4	93.000	18.310	0.054616	1531.8	2039.7	7.1762	0.91546	1.1767	814.18	-0.058159	7.5754e-05	0.12007	supercritical
1926.4	93.000	18.300	0.054644	1532.7	2040.9	7.1768	0.91553	1.1767	814.38	-0.058171	7.5780e-05	0.12012	supercritical
1927.4	93.000	18.291	0.054672	1533.6	2042.1	7.1774	0.91560	1.1768	814.58	-0.058182	7.5805e-05	0.12017	supercritical
1928.4	93.000	18.282	0.054700	1534.6	2043.3	7.1780	0.91568	1.1769	814.77	-0.058193	7.5830e-05	0.12022	supercritical
1929.4	93.000	18.272	0.054728	1535.5	2044.4	7.1786	0.91575	1.1769	814.97	-0.058204	7.5856e-05	0.12027	supercritical
1930.4	93.000	18.263	0.054756	1536.4	2045.6	7.1792	0.91582	1.1770	815.17	-0.058216	7.5881e-05	0.12031	supercritical
1931.4	93.000	18.254	0.054784	1537.3	2046.8	7.1799	0.91589	1.1771	815.37	-0.058227	7.5907e-05	0.12036	supercritical
1932.4	93.000	18.244	0.054812	1538.2	2048.0	7.1805	0.91596	1.1771	815.57	-0.058238	7.5932e-05	0.12041	supercritical
1933.4	93.000	18.235	0.054840	1539.1	2049.1	7.1811	0.91603	1.1772	815.77	-0.058249	7.5957e-05	0.12046	supercritical
1934.4	93.000	18.226	0.054868	1540.1	2050.3	7.1817	0.91611	1.1773	815.96	-0.058260	7.5983e-05	0.12051	supercritical
1935.4	93.000	18.216	0.054896	1541.0	2051.5	7.1823	0.91618	1.1774	816.16	-0.058272	7.6008e-05	0.12056	supercritical
1936.4	93.000	18.207	0.054924	1541.9	2052.7	7.1829	0.91625	1.1774	816.36	-0.058283	7.6034e-05	0.12061	supercritical
1937.4	93.000	18.198	0.054952	1542.8	2053.9	7.1835	0.91632	1.1775	816.56	-0.058294	7.6059e-05	0.12065	supercritical
1938.4	93.000	18.188	0.054980	1543.7	2055.0	7.1841	0.91639	1.1776	816.75	-0.058305	7.6084e-05	0.12070	supercritical
1939.4	93.000	18.179	0.055008	1544.6	2056.2	7.1847	0.91646	1.1776	816.95	-0.058316	7.6110e-05	0.12075	supercritical
1940.4	93.000	18.170	0.055036	1545.6	2057.4	7.1853	0.91654	1.1777	817.15	-0.058327	7.6135e-05	0.12080	supercritical
1941.4	93.000	18.161	0.055064	1546.5	2058.6	7.1859	0.91661	1.1778	817.35	-0.058338	7.6160e-05	0.12085	supercritical
1942.4	93.000	18.151	0.055092	1547.4	2059.7	7.1865	0.91668	1.1778	817.55	-0.058349	7.6186e-05	0.12090	supercritical
1943.4	93.000	18.142	0.055120	1548.3	2060.9	7.1871	0.91675	1.1779	817.74	-0.058360	7.6211e-05	0.12095	supercritical
1944.4	93.000	18.133	0.055148	1549.2	2062.1	7.1878	0.91682	1.1780	817.94	-0.058371	7.6236e-05	0.12099	supercritical
1945.4	93.000	18.124	0.055176	1550.1	2063.3	7.1884	0.91689	1.1781	818.14	-0.058382	7.6262e-05	0.12104	supercritical
1946.4	93.000	18.115	0.055204	1551.1	2064.5	7.1890	0.91696	1.1781	818.33	-0.058393	7.6287e-05	0.12109	supercritical
1947.4	93.000	18.105	0.055232	1552.0	2065.6	7.1896	0.91704	1.1782	818.53	-0.058404	7.6313e-05	0.12114	supercritical
1948.4	93.000	18.096	0.055260	1552.9	2066.8	7.1902	0.91711	1.1783	818.73	-0.058415	7.6338e-05	0.12119	supercritical
1949.4	93.000	18.087	0.055288	1553.8	2068.0	7.1908	0.91718	1.1783	818.93	-0.058426	7.6363e-05	0.12124	supercritical
1950.4	93.000	18.078	0.055316	1554.7	2069.2	7.1914	0.91725	1.1784	819.12	-0.058437	7.6389e-05	0.12129	supercritical
1951.4	93.000	18.069	0.055344	1555.6	2070.3	7.1920	0.91732	1.1785	819.32	-0.058448	7.6414e-05	0.12133	supercritical
1952.4	93.000	18.060	0.055372	1556.6	2071.5	7.1926	0.91739	1.1785	819.52	-0.058459	7.6439e-05	0.12138	supercritical
1953.4	93.000	18.051	0.055400	1557.5	2072.7	7.1932	0.91746	1.1786	819.71	-0.058469	7.6465e-05	0.12143	supercritical
1954.4	93.000	18.041	0.055428	1558.4	2073.9	7.1938	0.91754	1.1787	819.91	-0.058480	7.6490e-05	0.12148	supercritical
1955.4	93.000	18.032	0.055456	1559.3	2075.1	7.1944	0.91761	1.1788	820.11	-0.058491	7.6515e-05	0.12153	supercritical
1956.4	93.000	18.023	0.055484	1560.2	2076.2	7.1950	0.91768	1.1788	820.31	-0.058502	7.6540e-05	0.12158	supercritical
1957.4	93.000	18.014	0.055512	1561.2	2077.4	7.1956	0.91775	1.1789	820.50	-0.058513	7.6566e-05	0.12163	supercritical
1958.4	93.000	18.005	0.055540	1562.1	2078.6	7.1962	0.91782	1.1790	820.70	-0.058523	7.6591e-05	0.12167	supercritical
1959.4	93.000	17.996	0.055568	1563.0	2079.8	7.1968	0.91789	1.1790	820.90	-0.058534	7.6616e-05	0.12172	supercritical
1960.4	93.000	17.987	0.055596	1563.9	2081.0	7.1974	0.91796	1.1791	821.09	-0.058545	7.6642e-05	0.12177	supercritical
1961.4	93.000	17.978	0.055624	1564.8	2082.1	7.1980	0.91804	1.1792	821.29	-0.058555	7.6667e-05	0.12182	supercritical
1962.4	93.000	17.969	0.055652	1565.7	2083.3	7.1986	0.91811	1.1792	821.49	-0.058566	7.6692e-05	0.12187	supercritical
1963.4	93.000	17.960	0.055680	1566.7	2084.5	7.1992	0.91818	1.1793	821.68	-0.058577	7.6718e-05	0.12192	supercritical
1964.4	93.000	17.951	0.055708	1567.6	2085.7	7.1998	0.91825	1.1794	821.88	-0.058587	7.6743e-05	0.12196	supercritical
1965.4	93.000	17.942	0.055736	1568.5	2086.9	7.2004	0.91832	1.1795	822.07	-0.058598	7.6768e-05	0.12201	supercritical
1966.4	93.000	17.933	0.055764	1569.4	2088.0	7.2010	0.91839	1.1795	822.27	-0.058609	7.6793e-05	0.12206	supercritical
1967.4	93.000	17.924	0.055792	1570.3	2089.2	7.2016	0.91846	1.1796	822.47	-0.058619	7.6819e-05	0.12211	supercritical
1968.4	93.000	17.915	0.055820	1571.3	2090.4	7.2022	0.91853	1.1797	822.66	-0.058630	7.6844e-05	0.12216	supercritical
1969.4	93.000	17.906	0.055848	1572.2	2091.6	7.2028	0.91861	1.1797	822.86	-0.058640	7.6869e-05	0.12221	supercritical
1970.4	93.000	17.897	0.055876	1573.1	2092.7	7.2034	0.91868	1.1798	823.06	-0.058651	7.6895e-05	0.12226	supercritical
1971.4	93.000	17.888	0.055904	1574.0	2093.9	7.2040	0.91875	1.1799	823.25	-0.058661	7.6920e-05	0.12230	supercritical
1972.4	93.000	17.879	0.055932	1574.9	2095.1	7.2046	0.91882	1.1799	823.45	-0.058672	7.6945e-05	0.12235	supercritical
1973.4	93.000	17.870	0.055960	1575.9	2096.3	7.2052	0.91889	1.1800	823.64	-0.058682	7.6970e-05	0.12240	supercritical
1974.4	93.000	17.861	0.055988	1576.8	2097.5	7.2058	0.91896	1.1801	823.84	-0.058693	7.6996e-05	0.12245	supercritical
1975.4	93.000	17.852	0.056016	1577.7	2098.6	7.2064	0.91903	1.1801	824.04	-0.058703	7.7021e-05	0.12250	supercritical
1976.4	93.000	17.843	0.056044	1578.6	2099.8	7.2070	0.91910	1.1802	824.23	-0.058713	7.7046e-05	0.12255	supercritical
1977.4	93.000	17.834	0.056072	1579.5	2101.0	7.2076	0.91918	1.1803	824.43	-0.058724	7.7071e-05	0.12259	supercritical
1978.4	93.000	17.825	0.056100	1580.5	2102.2	7.2082	0.91925	1.1804	824.62	-0.058734	7.7097e-05	0.12264	supercritical
1979.4	93.000	17.816	0.056128	1581.4	2103.4	7.2088	0.91932	1.1804	824.82	-0.058745	7.7122e-05	0.12269	supercritical
1980.4	93.000	17.807	0.056156	1582.3	2104.6	7.2094	0.91939	1.1805	825.01	-0.058755	7.7147e-05	0.12274	supercritical
1981.4	93.000	17.799	0.056184	1583.2	2105.7	7.2100	0.91946	1.1806	825.21	-0.058765	7.7172e-05	0.12279	supercritical
1982.4	93.000	17.790	0.056212	1584.1	2106.9	7.2106	0.91953	1.1806	825.40	-0.058776	7.7198e-05	0.12284	supercritical
1983.4	93.000	17.781	0.056240	1585.1	2108.1	7.2112	0.91960	1.1807	825.60	-0.058786	7.7223e-05	0.12289	supercritical
1984.4	93.000	17.772	0.056268	1586.0	2109.3	7.2118	0.91967	1.1808	825.80	-0.058796	7.7248e-05	0.12293	supercritical
1985.4	93.000	17.763	0.056296	1586.9	2110.5	7.2124	0.91974	1.1808	825.99	-0.058806	7.7273e-05	0.12298	supercritical
1986.4	93.000	17.754	0.056324	1587.8	2111.6	7.2130	0.91982	1.1809	826.19	-0.058817	7.7298e-05	0.12303	supercritical
1987.4	93.000	17.745	0.056352	1588.7	2112.8	7.2136	0.91989	1.1810	826.38	-0.058827	7.7324e-05	0.12308	supercritical
1988.4	93.000	17.737	0.056380	1589.7	2114.0	7.2141	0.91996	1.1811	826.58	-0.058837	7.7349e-05	0.12313	supercritical
1989.4	93.000	17.728	0.056408	1590.6	2115.2	7.2147	0.92003	1.1811	826.77	-0.058847	7.7374e-05	0.12318	supercritical
1990.4	93.000	17.719	0.056436	1591.5	2116.4	7.2153	0.92010	1.1812	826.97	-0.058858	7.7399e-05	0.12322	supercritical
1991.4	93.000	17.710	0.056464	1592.4	2117.5	7.2159	0.92017	1.1813	827.16	-0.058868	7.7425e-05	0.12327	supercritical
1992.4	93.000	17.702	0.056492	1593.3	2118.7	7.2165	0.92024	1.1813	827.36	-0.058878	7.7450e-05	0.12332	supercritical
1993.4	93.000	17.693	0.056520	1594.3	2119.9	7.2171	0.92031	1.1814	827.55	-0.058888	7.7475e-05	0.12337	supercritical
1994.4	93.000	17.684	0.056548	1595.2	2121.1	7.2177	0.92038	1.1815	827.75	-0.058898	7.7500e-05	0.12342	supercritical
1995.4	93.000	17.675	0.056576	1596.1	2122.3	7.2183	0.92045	1.1815	827.94	-0.058908	7.7525e-05	0.12347	supercritical
1996.4	93.000	17.666	0.056604	1597.0	2123.4	7.2189	0.92052	1.1816	828.14	-0.058918	7.7550e-05	0.12351	supercritical
1997.4	93.000	17.658	0.056632	1597.9	2124.6	7.2195	0.92060	1.1817	828.33	-0.058928	7.7576e-05	0.12356	supercritical
1998.4	93.000	17.649	0.056660	1598.9	2125.8	7.2201	0.92067	1.1817	828.52	-0.058938	7.7601e-05	0.12361	supercritical
1999.4	93.000	17.640	0.056688	1599.8	2127.0	7.2207	0.92074	1.1818	828.72	-0.058948	7.7626e-05	0.12366	supercritical