Temperature (K)	Pressure (bar)	Density (kg/m3)	Volume (m3/kg)	Internal Energy (kJ/kg)	Enthalpy (kJ/kg)	Entropy (J/g*K)	Cv (J/g*K)	Cp (J/g*K)	Sound Spd. (m/s)	Joule-Thomson (K/bar)	Viscosity (Pa*s)	Therm. Cond. (W/m*K)	Phase
54.361	480.00	1353.2	0.00073900	-198.59	-163.12	1.9894	1.1077	1.5323	1257.0	-0.041372	0.0010827	0.21775	liquid
60.361	480.00	1331.3	0.00075113	-189.73	-153.68	2.1541	1.1043	1.6032	1246.6	-0.038994	0.00080102	0.21170	liquid
61.361	480.00	1327.6	0.00075323	-188.23	-152.07	2.1805	1.1032	1.6090	1242.3	-0.038798	0.00076436	0.21067	liquid
62.361	480.00	1323.9	0.00075534	-186.72	-150.46	2.2065	1.1018	1.6135	1237.6	-0.038638	0.00073010	0.20964	liquid
63.361	480.00	1320.2	0.00075746	-185.20	-148.85	2.2322	1.1001	1.6168	1232.6	-0.038510	0.00069808	0.20861	liquid
64.361	480.00	1316.5	0.00075959	-183.69	-147.23	2.2576	1.0981	1.6192	1227.3	-0.038409	0.00066813	0.20757	liquid
65.361	480.00	1312.8	0.00076174	-182.17	-145.61	2.2826	1.0957	1.6208	1221.9	-0.038331	0.00064009	0.20653	liquid
66.361	480.00	1309.1	0.00076389	-180.65	-143.99	2.3072	1.0931	1.6217	1216.4	-0.038271	0.00061382	0.20549	liquid
67.361	480.00	1305.4	0.00076605	-179.13	-142.36	2.3314	1.0902	1.6219	1210.8	-0.038226	0.00058920	0.20445	liquid
68.361	480.00	1301.7	0.00076823	-177.62	-140.74	2.3553	1.0871	1.6217	1205.1	-0.038194	0.00056609	0.20341	liquid
69.361	480.00	1298.0	0.00077041	-176.10	-139.12	2.3789	1.0839	1.6210	1199.4	-0.038173	0.00054440	0.20237	liquid
70.361	480.00	1294.3	0.00077260	-174.59	-137.50	2.4021	1.0804	1.6200	1193.6	-0.038160	0.00052401	0.20133	liquid
71.361	480.00	1290.7	0.00077480	-173.07	-135.88	2.4249	1.0768	1.6186	1187.8	-0.038153	0.00050483	0.20029	liquid
72.361	480.00	1287.0	0.00077700	-171.56	-134.26	2.4474	1.0732	1.6170	1182.1	-0.038152	0.00048678	0.19925	liquid
73.361	480.00	1283.3	0.00077922	-170.05	-132.65	2.4696	1.0694	1.6153	1176.3	-0.038154	0.00046976	0.19821	liquid
74.361	480.00	1279.7	0.00078145	-168.54	-131.03	2.4915	1.0655	1.6134	1170.5	-0.038159	0.00045372	0.19717	liquid
75.361	480.00	1276.0	0.00078368	-167.04	-129.42	2.5130	1.0616	1.6113	1164.8	-0.038165	0.00043858	0.19612	liquid
76.361	480.00	1272.4	0.00078592	-165.53	-127.81	2.5342	1.0576	1.6092	1159.0	-0.038173	0.00042427	0.19508	liquid
77.361	480.00	1268.8	0.00078818	-164.03	-126.20	2.5552	1.0537	1.6070	1153.3	-0.038180	0.00041075	0.19404	liquid
78.361	480.00	1265.1	0.00079044	-162.54	-124.60	2.5758	1.0496	1.6048	1147.6	-0.038186	0.00039794	0.19300	liquid
79.361	480.00	1261.5	0.00079271	-161.04	-122.99	2.5961	1.0456	1.6025	1141.9	-0.038192	0.00038582	0.19196	liquid
80.361	480.00	1257.9	0.00079499	-159.55	-121.39	2.6162	1.0416	1.6003	1136.3	-0.038196	0.00037432	0.19092	liquid
81.361	480.00	1254.3	0.00079728	-158.06	-119.79	2.6360	1.0376	1.5981	1130.7	-0.038197	0.00036342	0.18988	liquid
82.361	480.00	1250.6	0.00079959	-156.58	-118.20	2.6555	1.0336	1.5958	1125.1	-0.038197	0.00035306	0.18884	liquid
83.361	480.00	1247.0	0.00080190	-155.09	-116.60	2.6747	1.0297	1.5936	1119.5	-0.038194	0.00034322	0.18780	liquid
84.361	480.00	1243.4	0.00080422	-153.61	-115.01	2.6937	1.0257	1.5915	1113.9	-0.038188	0.00033385	0.18676	liquid
85.361	480.00	1239.8	0.00080656	-152.13	-113.42	2.7124	1.0218	1.5894	1108.4	-0.038179	0.00032494	0.18573	liquid
86.361	480.00	1236.2	0.00080890	-150.66	-111.83	2.7309	1.0179	1.5873	1102.9	-0.038167	0.00031645	0.18469	liquid
87.361	480.00	1232.7	0.00081126	-149.18	-110.24	2.7492	1.0141	1.5853	1097.5	-0.038151	0.00030835	0.18365	liquid
88.361	480.00	1229.1	0.00081363	-147.71	-108.66	2.7672	1.0103	1.5833	1092.0	-0.038132	0.00030062	0.18261	liquid
89.361	480.00	1225.5	0.00081601	-146.24	-107.08	2.7850	1.0065	1.5814	1086.6	-0.038109	0.00029324	0.18158	liquid
90.361	480.00	1221.9	0.00081840	-144.78	-105.50	2.8026	1.0028	1.5796	1081.2	-0.038083	0.00028618	0.18054	liquid
91.361	480.00	1218.3	0.00082081	-143.32	-103.92	2.8200	0.99916	1.5778	1075.9	-0.038053	0.00027943	0.17951	liquid
92.361	480.00	1214.7	0.00082323	-141.86	-102.34	2.8372	0.99554	1.5760	1070.5	-0.038019	0.00027297	0.17847	liquid
93.361	480.00	1211.2	0.00082566	-140.40	-100.76	2.8541	0.99196	1.5744	1065.2	-0.037981	0.00026678	0.17744	liquid
94.361	480.00	1207.6	0.00082811	-138.94	-99.191	2.8709	0.98842	1.5727	1059.9	-0.037940	0.00026085	0.17640	liquid
95.361	480.00	1204.0	0.00083057	-137.49	-97.619	2.8875	0.98494	1.5712	1054.7	-0.037894	0.00025515	0.17537	liquid
96.361	480.00	1200.4	0.00083304	-136.03	-96.049	2.9039	0.98149	1.5697	1049.4	-0.037845	0.00024968	0.17434	liquid
97.361	480.00	1196.9	0.00083553	-134.59	-94.480	2.9201	0.97810	1.5682	1044.2	-0.037792	0.00024443	0.17331	liquid
98.361	480.00	1193.3	0.00083803	-133.14	-92.912	2.9361	0.97475	1.5668	1039.0	-0.037735	0.00023938	0.17228	liquid
99.361	480.00	1189.7	0.00084054	-131.69	-91.346	2.9519	0.97144	1.5655	1033.8	-0.037674	0.00023451	0.17125	liquid
100.36	480.00	1186.1	0.00084308	-130.25	-89.781	2.9676	0.96818	1.5642	1028.7	-0.037609	0.00022983	0.17022	liquid
101.36	480.00	1182.6	0.00084562	-128.81	-88.218	2.9831	0.96497	1.5630	1023.6	-0.037541	0.00022532	0.16919	liquid
102.36	480.00	1179.0	0.00084818	-127.37	-86.655	2.9984	0.96180	1.5618	1018.5	-0.037468	0.00022097	0.16817	liquid
103.36	480.00	1175.4	0.00085076	-125.93	-85.094	3.0136	0.95867	1.5607	1013.4	-0.037392	0.00021677	0.16714	liquid
104.36	480.00	1171.8	0.00085335	-124.50	-83.534	3.0286	0.95558	1.5596	1008.3	-0.037312	0.00021272	0.16612	liquid
105.36	480.00	1168.3	0.00085596	-123.06	-81.975	3.0435	0.95253	1.5585	1003.3	-0.037227	0.00020881	0.16510	liquid
106.36	480.00	1164.7	0.00085859	-121.63	-80.417	3.0582	0.94953	1.5575	998.24	-0.037140	0.00020502	0.16408	liquid
107.36	480.00	1161.1	0.00086123	-120.20	-78.860	3.0728	0.94656	1.5566	993.24	-0.037048	0.00020136	0.16306	liquid
108.36	480.00	1157.6	0.00086389	-118.77	-77.304	3.0872	0.94364	1.5557	988.26	-0.036952	0.00019782	0.16204	liquid
109.36	480.00	1154.0	0.00086656	-117.34	-75.749	3.1015	0.94075	1.5548	983.30	-0.036853	0.00019439	0.16103	liquid
110.36	480.00	1150.4	0.00086926	-115.92	-74.194	3.1156	0.93790	1.5539	978.36	-0.036750	0.00019106	0.16002	liquid
111.36	480.00	1146.8	0.00087197	-114.50	-72.641	3.1297	0.93509	1.5531	973.45	-0.036643	0.00018784	0.15901	liquid
112.36	480.00	1143.3	0.00087470	-113.07	-71.088	3.1435	0.93232	1.5524	968.55	-0.036532	0.00018471	0.15800	liquid
113.36	480.00	1139.7	0.00087744	-111.65	-69.536	3.1573	0.92958	1.5516	963.68	-0.036418	0.00018167	0.15699	liquid
114.36	480.00	1136.1	0.00088021	-110.23	-67.985	3.1709	0.92688	1.5509	958.82	-0.036300	0.00017872	0.15599	liquid
115.36	480.00	1132.5	0.00088299	-108.82	-66.434	3.1844	0.92421	1.5502	953.99	-0.036178	0.00017586	0.15498	liquid
116.36	480.00	1128.9	0.00088579	-107.40	-64.884	3.1978	0.92157	1.5496	949.18	-0.036052	0.00017307	0.15398	liquid
117.36	480.00	1125.3	0.00088861	-105.99	-63.335	3.2111	0.91897	1.5490	944.39	-0.035923	0.00017037	0.15298	liquid
118.36	480.00	1121.8	0.00089145	-104.58	-61.786	3.2242	0.91640	1.5484	939.62	-0.035789	0.00016773	0.15199	liquid
119.36	480.00	1118.2	0.00089431	-103.17	-60.238	3.2372	0.91386	1.5478	934.87	-0.035652	0.00016517	0.15100	liquid
120.36	480.00	1114.6	0.00089719	-101.76	-58.691	3.2501	0.91136	1.5473	930.14	-0.035512	0.00016267	0.15001	liquid
121.36	480.00	1111.0	0.00090009	-100.35	-57.144	3.2629	0.90888	1.5468	925.43	-0.035367	0.00016023	0.14902	liquid
122.36	480.00	1107.4	0.00090301	-98.942	-55.597	3.2756	0.90643	1.5463	920.75	-0.035219	0.00015786	0.14804	liquid
123.36	480.00	1103.8	0.00090595	-97.537	-54.051	3.2882	0.90402	1.5458	916.09	-0.035067	0.00015555	0.14705	liquid
124.36	480.00	1100.2	0.00090891	-96.133	-52.505	3.3007	0.90163	1.5454	911.44	-0.034911	0.00015329	0.14608	liquid
125.36	480.00	1096.6	0.00091189	-94.731	-50.960	3.3131	0.89927	1.5450	906.82	-0.034751	0.00015109	0.14510	liquid
126.36	480.00	1093.0	0.00091489	-93.330	-49.415	3.3253	0.89694	1.5446	902.22	-0.034588	0.00014894	0.14413	liquid
127.36	480.00	1089.4	0.00091792	-91.931	-47.871	3.3375	0.89464	1.5442	897.65	-0.034421	0.00014684	0.14316	liquid
128.36	480.00	1085.8	0.00092096	-90.533	-46.327	3.3496	0.89237	1.5438	893.09	-0.034250	0.00014478	0.14220	liquid
129.36	480.00	1082.2	0.00092403	-89.137	-44.783	3.3616	0.89012	1.5434	888.56	-0.034075	0.00014278	0.14123	liquid
130.36	480.00	1078.6	0.00092712	-87.742	-43.240	3.3734	0.88790	1.5431	884.05	-0.033897	0.00014082	0.14028	liquid
131.36	480.00	1075.0	0.00093023	-86.348	-41.697	3.3852	0.88570	1.5428	879.56	-0.033715	0.00013890	0.13932	liquid
132.36	480.00	1071.4	0.00093336	-84.956	-40.155	3.3969	0.88353	1.5425	875.09	-0.033528	0.00013703	0.13837	liquid
133.36	480.00	1067.8	0.00093652	-83.565	-38.612	3.4085	0.88138	1.5422	870.65	-0.033339	0.00013519	0.13742	liquid
134.36	480.00	1064.2	0.00093969	-82.176	-37.070	3.4201	0.87926	1.5419	866.23	-0.033145	0.00013340	0.13648	liquid
135.36	480.00	1060.6	0.00094290	-80.788	-35.529	3.4315	0.87717	1.5416	861.83	-0.032947	0.00013164	0.13554	liquid
136.36	480.00	1056.9	0.00094612	-79.401	-33.987	3.4428	0.87509	1.5414	857.45	-0.032746	0.00012992	0.13461	liquid
137.36	480.00	1053.3	0.00094937	-78.016	-32.446	3.4541	0.87304	1.5411	853.10	-0.032540	0.00012823	0.13368	liquid
138.36	480.00	1049.7	0.00095264	-76.632	-30.905	3.4653	0.87102	1.5409	848.78	-0.032331	0.00012658	0.13275	liquid
139.36	480.00	1046.1	0.00095594	-75.249	-29.364	3.4764	0.86901	1.5406	844.47	-0.032118	0.00012496	0.13183	liquid
140.36	480.00	1042.5	0.00095926	-73.868	-27.824	3.4874	0.86703	1.5404	840.19	-0.031901	0.00012337	0.13091	liquid
141.36	480.00	1038.8	0.00096261	-72.488	-26.283	3.4983	0.86508	1.5402	835.93	-0.031681	0.00012182	0.13000	liquid
142.36	480.00	1035.2	0.00096598	-71.110	-24.743	3.5092	0.86314	1.5400	831.70	-0.031456	0.00012029	0.12909	liquid
143.36	480.00	1031.6	0.00096937	-69.733	-23.203	3.5200	0.86123	1.5398	827.49	-0.031227	0.00011880	0.12819	liquid
144.36	480.00	1028.0	0.00097279	-68.358	-21.664	3.5307	0.85933	1.5396	823.31	-0.030995	0.00011733	0.12729	liquid
145.36	480.00	1024.3	0.00097624	-66.984	-20.124	3.5413	0.85746	1.5394	819.15	-0.030759	0.00011589	0.12639	liquid
146.36	480.00	1020.7	0.00097971	-65.611	-18.585	3.5518	0.85561	1.5392	815.02	-0.030519	0.00011448	0.12551	liquid
147.36	480.00	1017.1	0.00098321	-64.240	-17.046	3.5623	0.85378	1.5390	810.91	-0.030274	0.00011309	0.12462	liquid
148.36	480.00	1013.4	0.00098673	-62.870	-15.507	3.5727	0.85197	1.5388	806.82	-0.030026	0.00011173	0.12375	liquid
149.36	480.00	1009.8	0.00099028	-61.502	-13.968	3.5831	0.85018	1.5386	802.76	-0.029774	0.00011040	0.12288	liquid
150.36	480.00	1006.2	0.00099386	-60.135	-12.430	3.5933	0.84841	1.5385	798.73	-0.029519	0.00010909	0.12201	liquid
151.36	480.00	1002.5	0.00099746	-58.769	-10.891	3.6035	0.84666	1.5383	794.72	-0.029259	0.00010780	0.12115	liquid
152.36	480.00	998.91	0.0010011	-57.405	-9.3531	3.6137	0.84493	1.5381	790.74	-0.028995	0.00010654	0.12030	liquid
153.36	480.00	995.28	0.0010047	-56.043	-7.8150	3.6237	0.84322	1.5379	786.79	-0.028728	0.00010530	0.11945	liquid
154.36	480.00	991.64	0.0010084	-54.682	-6.2772	3.6337	0.84152	1.5378	782.86	-0.028456	0.00010408	0.11860	liquid
155.36	480.00	988.00	0.0010121	-53.322	-4.7395	3.6436	0.83985	1.5376	778.96	-0.028181	0.00010288	0.11776	supercritical
156.36	480.00	984.37	0.0010159	-51.964	-3.2021	3.6535	0.83819	1.5374	775.08	-0.027902	0.00010171	0.11693	supercritical
157.36	480.00	980.73	0.0010196	-50.608	-1.6648	3.6633	0.83656	1.5372	771.23	-0.027619	0.00010055	0.11611	supercritical
158.36	480.00	977.09	0.0010234	-49.253	-0.12764	3.6730	0.83494	1.5370	767.41	-0.027332	9.9419e-05	0.11529	supercritical
159.36	480.00	973.45	0.0010273	-47.900	1.4093	3.6827	0.83334	1.5368	763.62	-0.027041	9.8304e-05	0.11447	supercritical
160.36	480.00	969.82	0.0010311	-46.548	2.9460	3.6923	0.83175	1.5366	759.85	-0.026747	9.7209e-05	0.11366	supercritical
161.36	480.00	966.18	0.0010350	-45.198	4.4825	3.7019	0.83019	1.5364	756.12	-0.026449	9.6132e-05	0.11286	supercritical
162.36	480.00	962.54	0.0010389	-43.849	6.0189	3.7114	0.82864	1.5362	752.41	-0.026147	9.5075e-05	0.11206	supercritical
163.36	480.00	958.91	0.0010429	-42.502	7.5550	3.7208	0.82711	1.5360	748.72	-0.025841	9.4035e-05	0.11127	supercritical
164.36	480.00	955.27	0.0010468	-41.157	9.0909	3.7302	0.82559	1.5358	745.07	-0.025531	9.3014e-05	0.11049	supercritical
165.36	480.00	951.64	0.0010508	-39.813	10.627	3.7395	0.82409	1.5356	741.45	-0.025218	9.2010e-05	0.10971	supercritical
166.36	480.00	948.00	0.0010548	-38.471	12.162	3.7488	0.82261	1.5353	737.85	-0.024901	9.1023e-05	0.10894	supercritical
167.36	480.00	944.37	0.0010589	-37.130	13.697	3.7580	0.82115	1.5351	734.28	-0.024581	9.0054e-05	0.10817	supercritical
168.36	480.00	940.74	0.0010630	-35.791	15.232	3.7671	0.81970	1.5348	730.74	-0.024256	8.9101e-05	0.10741	supercritical
169.36	480.00	937.11	0.0010671	-34.454	16.767	3.7762	0.81826	1.5346	727.23	-0.023929	8.8164e-05	0.10666	supercritical
170.36	480.00	933.48	0.0010713	-33.119	18.301	3.7852	0.81685	1.5343	723.75	-0.023597	8.7243e-05	0.10592	supercritical
171.36	480.00	929.86	0.0010754	-31.785	19.836	3.7942	0.81544	1.5340	720.30	-0.023263	8.6339e-05	0.10518	supercritical
172.36	480.00	926.23	0.0010796	-30.454	21.369	3.8031	0.81406	1.5337	716.88	-0.022924	8.5449e-05	0.10444	supercritical
173.36	480.00	922.61	0.0010839	-29.123	22.903	3.8120	0.81269	1.5334	713.49	-0.022583	8.4575e-05	0.10372	supercritical
174.36	480.00	918.99	0.0010882	-27.795	24.436	3.8208	0.81133	1.5331	710.13	-0.022238	8.3715e-05	0.10300	supercritical
175.36	480.00	915.37	0.0010925	-26.469	25.969	3.8296	0.80999	1.5327	706.79	-0.021889	8.2871e-05	0.10229	supercritical
176.36	480.00	911.75	0.0010968	-25.144	27.502	3.8383	0.80866	1.5324	703.49	-0.021538	8.2041e-05	0.10158	supercritical
177.36	480.00	908.14	0.0011012	-23.821	29.034	3.8470	0.80735	1.5320	700.22	-0.021183	8.1225e-05	0.10088	supercritical
178.36	480.00	904.53	0.0011055	-22.500	30.566	3.8556	0.80606	1.5316	696.98	-0.020825	8.0423e-05	0.10019	supercritical
179.36	480.00	900.93	0.0011100	-21.181	32.097	3.8641	0.80477	1.5312	693.77	-0.020464	7.9634e-05	0.099505	supercritical
180.36	480.00	897.32	0.0011144	-19.864	33.628	3.8726	0.80350	1.5308	690.59	-0.020100	7.8859e-05	0.098826	supercritical
181.36	480.00	893.72	0.0011189	-18.549	35.159	3.8811	0.80225	1.5304	687.44	-0.019733	7.8098e-05	0.098155	supercritical
182.36	480.00	890.13	0.0011234	-17.236	36.689	3.8895	0.80101	1.5299	684.33	-0.019363	7.7349e-05	0.097491	supercritical
183.36	480.00	886.53	0.0011280	-15.925	38.219	3.8979	0.79978	1.5295	681.24	-0.018991	7.6614e-05	0.096833	supercritical
184.36	480.00	882.95	0.0011326	-14.616	39.748	3.9062	0.79857	1.5290	678.19	-0.018615	7.5891e-05	0.096182	supercritical
185.36	480.00	879.36	0.0011372	-13.308	41.277	3.9145	0.79737	1.5284	675.16	-0.018237	7.5180e-05	0.095539	supercritical
186.36	480.00	875.78	0.0011418	-12.003	42.805	3.9227	0.79618	1.5279	672.17	-0.017856	7.4482e-05	0.094902	supercritical
187.36	480.00	872.21	0.0011465	-10.700	44.332	3.9309	0.79501	1.5274	669.21	-0.017473	7.3796e-05	0.094272	supercritical
188.36	480.00	868.64	0.0011512	-9.3993	45.859	3.9390	0.79385	1.5268	666.28	-0.017088	7.3122e-05	0.093650	supercritical
189.36	480.00	865.08	0.0011560	-8.1005	47.386	3.9471	0.79270	1.5262	663.38	-0.016700	7.2459e-05	0.093034	supercritical
190.36	480.00	861.52	0.0011607	-6.8038	48.912	3.9551	0.79157	1.5256	660.51	-0.016310	7.1808e-05	0.092425	supercritical
191.36	480.00	857.97	0.0011655	-5.5093	50.437	3.9631	0.79044	1.5249	657.68	-0.015917	7.1168e-05	0.091824	supercritical
192.36	480.00	854.42	0.0011704	-4.2169	51.962	3.9711	0.78933	1.5242	654.88	-0.015523	7.0540e-05	0.091229	supercritical
193.36	480.00	850.88	0.0011753	-2.9268	53.485	3.9790	0.78824	1.5235	652.10	-0.015127	6.9922e-05	0.090641	supercritical
194.36	480.00	847.34	0.0011802	-1.6389	55.009	3.9868	0.78715	1.5228	649.36	-0.014729	6.9315e-05	0.090061	supercritical
195.36	480.00	843.82	0.0011851	-0.35329	56.531	3.9946	0.78608	1.5221	646.66	-0.014329	6.8719e-05	0.089487	supercritical
196.36	480.00	840.30	0.0011901	0.93006	58.053	4.0024	0.78502	1.5213	643.98	-0.013927	6.8133e-05	0.088920	supercritical
197.36	480.00	836.78	0.0011951	2.2111	59.574	4.0101	0.78397	1.5205	641.34	-0.013524	6.7558e-05	0.088360	supercritical
198.36	480.00	833.27	0.0012001	3.4898	61.094	4.0178	0.78293	1.5197	638.72	-0.013120	6.6993e-05	0.087807	supercritical
199.36	480.00	829.78	0.0012051	4.7662	62.613	4.0255	0.78190	1.5188	636.14	-0.012714	6.6438e-05	0.087261	supercritical
200.36	480.00	826.28	0.0012102	6.0401	64.132	4.0330	0.78089	1.5180	633.59	-0.012307	6.5892e-05	0.086722	supercritical
201.36	480.00	822.80	0.0012154	7.3117	65.649	4.0406	0.77988	1.5171	631.08	-0.011899	6.5356e-05	0.086190	supercritical
202.36	480.00	819.33	0.0012205	8.5809	67.166	4.0481	0.77889	1.5161	628.59	-0.011489	6.4830e-05	0.085664	supercritical
203.36	480.00	815.86	0.0012257	9.8476	68.681	4.0556	0.77791	1.5151	626.14	-0.011079	6.4313e-05	0.085146	supercritical
204.36	480.00	812.40	0.0012309	11.112	70.196	4.0630	0.77694	1.5142	623.72	-0.010669	6.3805e-05	0.084634	supercritical
205.36	480.00	808.95	0.0012362	12.374	71.710	4.0704	0.77598	1.5131	621.33	-0.010257	6.3307e-05	0.084128	supercritical
206.36	480.00	805.51	0.0012414	13.633	73.222	4.0778	0.77503	1.5121	618.97	-0.0098455	6.2817e-05	0.083630	supercritical
207.36	480.00	802.08	0.0012468	14.889	74.734	4.0851	0.77409	1.5110	616.64	-0.0094332	6.2336e-05	0.083138	supercritical
208.36	480.00	798.66	0.0012521	16.143	76.244	4.0923	0.77316	1.5099	614.35	-0.0090207	6.1864e-05	0.082653	supercritical
209.36	480.00	795.25	0.0012575	17.395	77.753	4.0996	0.77224	1.5087	612.08	-0.0086081	6.1400e-05	0.082174	supercritical
210.36	480.00	791.85	0.0012629	18.644	79.262	4.1067	0.77133	1.5076	609.85	-0.0081955	6.0944e-05	0.081702	supercritical
211.36	480.00	788.46	0.0012683	19.890	80.769	4.1139	0.77043	1.5064	607.65	-0.0077830	6.0497e-05	0.081236	supercritical
212.36	480.00	785.08	0.0012738	21.134	82.274	4.1210	0.76955	1.5051	605.48	-0.0073708	6.0058e-05	0.080777	supercritical
213.36	480.00	781.71	0.0012793	22.375	83.779	4.1281	0.76867	1.5039	603.34	-0.0069589	5.9627e-05	0.080324	supercritical
214.36	480.00	778.35	0.0012848	23.613	85.282	4.1351	0.76780	1.5026	601.23	-0.0065475	5.9203e-05	0.079878	supercritical
215.36	480.00	775.00	0.0012903	24.849	86.784	4.1421	0.76694	1.5013	599.15	-0.0061368	5.8788e-05	0.079437	supercritical
216.36	480.00	771.67	0.0012959	26.081	88.285	4.1490	0.76610	1.4999	597.11	-0.0057268	5.8380e-05	0.079003	supercritical
217.36	480.00	768.34	0.0013015	27.312	89.784	4.1559	0.76526	1.4985	595.09	-0.0053177	5.7979e-05	0.078575	supercritical
218.36	480.00	765.03	0.0013071	28.539	91.282	4.1628	0.76443	1.4971	593.10	-0.0049096	5.7586e-05	0.078154	supercritical
219.36	480.00	761.73	0.0013128	29.763	92.778	4.1697	0.76361	1.4956	591.15	-0.0045026	5.7199e-05	0.077738	supercritical
220.36	480.00	758.44	0.0013185	30.985	94.273	4.1765	0.76280	1.4942	589.22	-0.0040969	5.6820e-05	0.077329	supercritical
221.36	480.00	755.16	0.0013242	32.204	95.766	4.1832	0.76199	1.4927	587.33	-0.0036926	5.6448e-05	0.076925	supercritical
222.36	480.00	751.90	0.0013300	33.420	97.258	4.1899	0.76120	1.4911	585.46	-0.0032898	5.6083e-05	0.076527	supercritical
223.36	480.00	748.65	0.0013357	34.633	98.749	4.1966	0.76042	1.4896	583.62	-0.0028886	5.5724e-05	0.076135	supercritical
224.36	480.00	745.41	0.0013415	35.844	100.24	4.2033	0.75964	1.4880	581.82	-0.0024891	5.5372e-05	0.075749	supercritical
225.36	480.00	742.19	0.0013474	37.051	101.72	4.2099	0.75888	1.4863	580.04	-0.0020916	5.5026e-05	0.075369	supercritical
226.36	480.00	738.98	0.0013532	38.256	103.21	4.2165	0.75812	1.4847	578.29	-0.0016960	5.4687e-05	0.074994	supercritical
227.36	480.00	735.78	0.0013591	39.457	104.69	4.2230	0.75737	1.4830	576.57	-0.0013025	5.4354e-05	0.074625	supercritical
228.36	480.00	732.60	0.0013650	40.656	106.18	4.2295	0.75664	1.4813	574.88	-0.00091130	5.4027e-05	0.074261	supercritical
229.36	480.00	729.43	0.0013709	41.852	107.66	4.2360	0.75590	1.4796	573.21	-0.00052239	5.3707e-05	0.073903	supercritical
230.36	480.00	726.27	0.0013769	43.044	109.14	4.2424	0.75518	1.4778	571.58	-0.00013592	5.3392e-05	0.073550	supercritical
231.36	480.00	723.13	0.0013829	44.234	110.61	4.2488	0.75447	1.4760	569.97	0.00024799	5.3083e-05	0.073202	supercritical
232.36	480.00	720.01	0.0013889	45.421	112.09	4.2552	0.75376	1.4742	568.39	0.00062924	5.2779e-05	0.072860	supercritical
233.36	480.00	716.89	0.0013949	46.605	113.56	4.2615	0.75307	1.4724	566.84	0.0010077	5.2482e-05	0.072523	supercritical
234.36	480.00	713.80	0.0014010	47.786	115.03	4.2678	0.75238	1.4705	565.32	0.0013833	5.2189e-05	0.072191	supercritical
235.36	480.00	710.71	0.0014070	48.964	116.50	4.2741	0.75170	1.4686	563.82	0.0017560	5.1903e-05	0.071864	supercritical
236.36	480.00	707.65	0.0014131	50.139	117.97	4.2803	0.75102	1.4667	562.35	0.0021256	5.1621e-05	0.071542	supercritical
237.36	480.00	704.60	0.0014193	51.310	119.43	4.2865	0.75036	1.4647	560.90	0.0024920	5.1345e-05	0.071225	supercritical
238.36	480.00	701.56	0.0014254	52.479	120.90	4.2926	0.74970	1.4628	559.49	0.0028552	5.1074e-05	0.070913	supercritical
239.36	480.00	698.54	0.0014316	53.645	122.36	4.2987	0.74905	1.4608	558.09	0.0032150	5.0808e-05	0.070606	supercritical
240.36	480.00	695.53	0.0014378	54.808	123.82	4.3048	0.74841	1.4588	556.73	0.0035714	5.0547e-05	0.070304	supercritical
241.36	480.00	692.54	0.0014440	55.968	125.28	4.3109	0.74778	1.4568	555.39	0.0039243	5.0290e-05	0.070006	supercritical
242.36	480.00	689.56	0.0014502	57.124	126.73	4.3169	0.74716	1.4547	554.07	0.0042736	5.0039e-05	0.069712	supercritical
243.36	480.00	686.60	0.0014564	58.278	128.19	4.3229	0.74654	1.4526	552.78	0.0046192	4.9792e-05	0.069423	supercritical
244.36	480.00	683.66	0.0014627	59.429	129.64	4.3288	0.74593	1.4506	551.52	0.0049610	4.9550e-05	0.069139	supercritical
245.36	480.00	680.73	0.0014690	60.576	131.09	4.3348	0.74533	1.4485	550.27	0.0052991	4.9312e-05	0.068859	supercritical
246.36	480.00	677.82	0.0014753	61.721	132.54	4.3406	0.74473	1.4463	549.06	0.0056332	4.9079e-05	0.068584	supercritical
247.36	480.00	674.93	0.0014816	62.862	133.98	4.3465	0.74414	1.4442	547.86	0.0059634	4.8850e-05	0.068312	supercritical
248.36	480.00	672.05	0.0014880	64.001	135.42	4.3523	0.74356	1.4420	546.69	0.0062896	4.8625e-05	0.068045	supercritical
249.36	480.00	669.19	0.0014944	65.136	136.87	4.3581	0.74299	1.4399	545.55	0.0066117	4.8405e-05	0.067782	supercritical
250.36	480.00	666.34	0.0015007	66.268	138.30	4.3639	0.74243	1.4377	544.43	0.0069296	4.8189e-05	0.067523	supercritical
251.36	480.00	663.51	0.0015071	67.398	139.74	4.3696	0.74187	1.4355	543.33	0.0072433	4.7976e-05	0.067268	supercritical
252.36	480.00	660.70	0.0015136	68.524	141.17	4.3753	0.74132	1.4332	542.25	0.0075529	4.7768e-05	0.067017	supercritical
253.36	480.00	657.90	0.0015200	69.647	142.61	4.3810	0.74077	1.4310	541.19	0.0078581	4.7563e-05	0.066770	supercritical
254.36	480.00	655.12	0.0015264	70.768	144.04	4.3866	0.74024	1.4288	540.16	0.0081589	4.7363e-05	0.066527	supercritical
255.36	480.00	652.35	0.0015329	71.885	145.46	4.3922	0.73971	1.4265	539.15	0.0084554	4.7166e-05	0.066288	supercritical
256.36	480.00	649.61	0.0015394	72.999	146.89	4.3978	0.73919	1.4242	538.16	0.0087475	4.6973e-05	0.066052	supercritical
257.36	480.00	646.88	0.0015459	74.110	148.31	4.4033	0.73867	1.4220	537.19	0.0090351	4.6783e-05	0.065820	supercritical
258.36	480.00	644.16	0.0015524	75.218	149.73	4.4088	0.73816	1.4197	536.24	0.0093181	4.6597e-05	0.065592	supercritical
259.36	480.00	641.46	0.0015589	76.324	151.15	4.4143	0.73766	1.4174	535.31	0.0095967	4.6414e-05	0.065367	supercritical
260.36	480.00	638.78	0.0015655	77.426	152.57	4.4197	0.73717	1.4151	534.40	0.0098707	4.6235e-05	0.065145	supercritical
261.36	480.00	636.12	0.0015720	78.525	153.98	4.4252	0.73668	1.4128	533.51	0.010140	4.6059e-05	0.064927	supercritical
262.36	480.00	633.47	0.0015786	79.621	155.39	4.4305	0.73620	1.4105	532.65	0.010405	4.5887e-05	0.064712	supercritical
263.36	480.00	630.84	0.0015852	80.715	156.80	4.4359	0.73572	1.4081	531.80	0.010665	4.5717e-05	0.064501	supercritical
264.36	480.00	628.23	0.0015918	81.805	158.21	4.4412	0.73526	1.4058	530.97	0.010921	4.5551e-05	0.064293	supercritical
265.36	480.00	625.63	0.0015984	82.892	159.61	4.4465	0.73480	1.4035	530.16	0.011172	4.5388e-05	0.064088	supercritical
266.36	480.00	623.05	0.0016050	83.977	161.02	4.4518	0.73434	1.4011	529.36	0.011418	4.5228e-05	0.063886	supercritical
267.36	480.00	620.49	0.0016116	85.059	162.42	4.4571	0.73389	1.3988	528.59	0.011659	4.5071e-05	0.063688	supercritical
268.36	480.00	617.94	0.0016183	86.137	163.81	4.4623	0.73345	1.3964	527.83	0.011896	4.4917e-05	0.063492	supercritical
269.36	480.00	615.41	0.0016249	87.213	165.21	4.4675	0.73302	1.3941	527.10	0.012129	4.4766e-05	0.063300	supercritical
270.36	480.00	612.89	0.0016316	88.286	166.60	4.4726	0.73259	1.3917	526.38	0.012356	4.4617e-05	0.063110	supercritical
271.36	480.00	610.40	0.0016383	89.356	167.99	4.4778	0.73217	1.3894	525.67	0.012579	4.4472e-05	0.062923	supercritical
272.36	480.00	607.92	0.0016450	90.423	169.38	4.4829	0.73175	1.3870	524.99	0.012797	4.4329e-05	0.062740	supercritical
273.36	480.00	605.45	0.0016517	91.488	170.77	4.4880	0.73134	1.3847	524.32	0.013010	4.4189e-05	0.062558	supercritical
274.36	480.00	603.00	0.0016584	92.550	172.15	4.4930	0.73094	1.3823	523.67	0.013219	4.4051e-05	0.062380	supercritical
275.36	480.00	600.57	0.0016651	93.608	173.53	4.4980	0.73055	1.3800	523.03	0.013423	4.3916e-05	0.062205	supercritical
276.36	480.00	598.16	0.0016718	94.664	174.91	4.5030	0.73015	1.3776	522.41	0.013622	4.3784e-05	0.062032	supercritical
277.36	480.00	595.76	0.0016785	95.718	176.29	4.5080	0.72977	1.3753	521.80	0.013817	4.3654e-05	0.061861	supercritical
278.36	480.00	593.37	0.0016853	96.768	177.66	4.5129	0.72939	1.3730	521.21	0.014007	4.3527e-05	0.061694	supercritical
279.36	480.00	591.01	0.0016920	97.816	179.03	4.5179	0.72902	1.3706	520.64	0.014193	4.3402e-05	0.061528	supercritical
280.36	480.00	588.66	0.0016988	98.861	180.40	4.5228	0.72866	1.3683	520.08	0.014374	4.3279e-05	0.061366	supercritical
281.36	480.00	586.32	0.0017056	99.904	181.77	4.5276	0.72830	1.3659	519.54	0.014550	4.3158e-05	0.061205	supercritical
282.36	480.00	584.00	0.0017123	100.94	183.13	4.5325	0.72794	1.3636	519.01	0.014721	4.3040e-05	0.061047	supercritical
283.36	480.00	581.70	0.0017191	101.98	184.50	4.5373	0.72759	1.3613	518.49	0.014889	4.2925e-05	0.060892	supercritical
284.36	480.00	579.41	0.0017259	103.01	185.86	4.5421	0.72725	1.3590	517.99	0.015051	4.2811e-05	0.060738	supercritical
285.36	480.00	577.14	0.0017327	104.05	187.22	4.5468	0.72692	1.3567	517.50	0.015209	4.2699e-05	0.060587	supercritical
286.36	480.00	574.89	0.0017395	105.08	188.57	4.5516	0.72659	1.3544	517.03	0.015363	4.2590e-05	0.060439	supercritical
287.36	480.00	572.65	0.0017463	106.10	189.92	4.5563	0.72626	1.3521	516.57	0.015512	4.2483e-05	0.060292	supercritical
288.36	480.00	570.42	0.0017531	107.13	191.27	4.5610	0.72594	1.3498	516.12	0.015657	4.2378e-05	0.060147	supercritical
289.36	480.00	568.21	0.0017599	108.15	192.62	4.5657	0.72563	1.3475	515.69	0.015798	4.2274e-05	0.060005	supercritical
290.36	480.00	566.02	0.0017667	109.17	193.97	4.5703	0.72532	1.3452	515.27	0.015934	4.2173e-05	0.059864	supercritical
291.36	480.00	563.84	0.0017736	110.18	195.31	4.5749	0.72502	1.3430	514.86	0.016065	4.2074e-05	0.059726	supercritical
292.36	480.00	561.68	0.0017804	111.20	196.66	4.5795	0.72472	1.3407	514.46	0.016193	4.1976e-05	0.059589	supercritical
293.36	480.00	559.53	0.0017872	112.21	198.00	4.5841	0.72443	1.3385	514.08	0.016316	4.1881e-05	0.059454	supercritical
294.36	480.00	557.40	0.0017941	113.22	199.33	4.5887	0.72415	1.3362	513.70	0.016435	4.1787e-05	0.059321	supercritical
295.36	480.00	555.28	0.0018009	114.22	200.67	4.5932	0.72387	1.3340	513.34	0.016550	4.1695e-05	0.059190	supercritical
296.36	480.00	553.18	0.0018077	115.23	202.00	4.5977	0.72359	1.3318	512.99	0.016661	4.1605e-05	0.059061	supercritical
297.36	480.00	551.09	0.0018146	116.23	203.33	4.6022	0.72332	1.3296	512.65	0.016767	4.1517e-05	0.058933	supercritical
298.36	480.00	549.01	0.0018214	117.23	204.66	4.6066	0.72306	1.3274	512.33	0.016870	4.1430e-05	0.058806	supercritical
299.36	480.00	546.95	0.0018283	118.23	205.99	4.6111	0.72280	1.3252	512.01	0.016968	4.1345e-05	0.058681	supercritical
300.36	480.00	544.91	0.0018352	119.22	207.31	4.6155	0.72255	1.3230	511.70	0.017063	4.1262e-05	0.058558	supercritical
301.36	480.00	542.88	0.0018420	120.21	208.63	4.6199	0.72230	1.3208	511.41	0.017153	4.1180e-05	0.058435	supercritical
302.36	480.00	540.86	0.0018489	121.20	209.95	4.6242	0.72206	1.3187	511.12	0.017240	4.1100e-05	0.058313	supercritical
303.36	480.00	538.86	0.0018558	122.19	211.27	4.6286	0.72182	1.3165	510.85	0.017323	4.1022e-05	0.058193	supercritical
304.36	480.00	536.88	0.0018626	123.18	212.58	4.6329	0.72159	1.3144	510.58	0.017402	4.0945e-05	0.058072	supercritical
305.36	480.00	534.90	0.0018695	124.16	213.90	4.6372	0.72136	1.3123	510.33	0.017477	4.0870e-05	0.057952	supercritical
306.36	480.00	532.94	0.0018764	125.14	215.21	4.6415	0.72114	1.3102	510.08	0.017548	4.0796e-05	0.057830	supercritical
307.36	480.00	531.00	0.0018833	126.12	216.52	4.6458	0.72092	1.3081	509.85	0.017616	4.0724e-05	0.057706	supercritical
308.36	480.00	529.06	0.0018901	127.10	217.83	4.6500	0.72071	1.3060	509.62	0.017680	4.0653e-05	0.057574	supercritical
309.36	480.00	527.15	0.0018970	128.07	219.13	4.6543	0.72050	1.3039	509.40	0.017741	4.0583e-05	0.057408	supercritical
310.36	480.00	525.24	0.0019039	129.05	220.43	4.6585	0.72030	1.3019	509.19	0.017797	4.0515e-05	0.057316	supercritical
311.36	480.00	523.35	0.0019108	130.02	221.73	4.6626	0.72010	1.2998	509.00	0.017851	4.0448e-05	0.057224	supercritical
312.36	480.00	521.47	0.0019177	130.99	223.03	4.6668	0.71991	1.2978	508.80	0.017901	4.0383e-05	0.057135	supercritical
313.36	480.00	519.61	0.0019245	131.95	224.33	4.6710	0.71972	1.2958	508.62	0.017947	4.0319e-05	0.057047	supercritical
314.36	480.00	517.75	0.0019314	132.92	225.62	4.6751	0.71954	1.2938	508.45	0.017990	4.0256e-05	0.056961	supercritical
315.36	480.00	515.91	0.0019383	133.88	226.92	4.6792	0.71936	1.2918	508.28	0.018030	4.0195e-05	0.056876	supercritical
316.36	480.00	514.09	0.0019452	134.84	228.21	4.6833	0.71919	1.2898	508.12	0.018066	4.0135e-05	0.056793	supercritical
317.36	480.00	512.27	0.0019521	135.80	229.50	4.6873	0.71902	1.2878	507.97	0.018099	4.0076e-05	0.056711	supercritical
318.36	480.00	510.47	0.0019590	136.75	230.78	4.6914	0.71885	1.2859	507.83	0.018129	4.0018e-05	0.056631	supercritical
319.36	480.00	508.69	0.0019658	137.71	232.07	4.6954	0.71869	1.2840	507.70	0.018156	3.9962e-05	0.056552	supercritical
320.36	480.00	506.91	0.0019727	138.66	233.35	4.6994	0.71854	1.2820	507.57	0.018179	3.9907e-05	0.056475	supercritical
321.36	480.00	505.15	0.0019796	139.61	234.63	4.7034	0.71838	1.2801	507.45	0.018200	3.9852e-05	0.056399	supercritical
322.36	480.00	503.40	0.0019865	140.56	235.91	4.7074	0.71824	1.2782	507.34	0.018217	3.9800e-05	0.056325	supercritical
323.36	480.00	501.66	0.0019934	141.51	237.19	4.7114	0.71809	1.2764	507.23	0.018232	3.9748e-05	0.056252	supercritical
324.36	480.00	499.93	0.0020003	142.45	238.46	4.7153	0.71796	1.2745	507.13	0.018243	3.9697e-05	0.056181	supercritical
325.36	480.00	498.22	0.0020072	143.39	239.74	4.7192	0.71782	1.2726	507.04	0.018252	3.9648e-05	0.056110	supercritical
326.36	480.00	496.51	0.0020140	144.34	241.01	4.7231	0.71769	1.2708	506.96	0.018257	3.9599e-05	0.056042	supercritical
327.36	480.00	494.82	0.0020209	145.28	242.28	4.7270	0.71757	1.2690	506.88	0.018260	3.9552e-05	0.055974	supercritical
328.36	480.00	493.15	0.0020278	146.21	243.55	4.7309	0.71745	1.2672	506.81	0.018260	3.9505e-05	0.055908	supercritical
329.36	480.00	491.48	0.0020347	147.15	244.81	4.7347	0.71733	1.2654	506.74	0.018257	3.9460e-05	0.055843	supercritical
330.36	480.00	489.82	0.0020416	148.08	246.08	4.7386	0.71722	1.2636	506.68	0.018252	3.9416e-05	0.055779	supercritical
331.36	480.00	488.18	0.0020484	149.02	247.34	4.7424	0.71711	1.2618	506.63	0.018244	3.9372e-05	0.055717	supercritical
332.36	480.00	486.54	0.0020553	149.95	248.60	4.7462	0.71700	1.2601	506.58	0.018233	3.9330e-05	0.055656	supercritical
333.36	480.00	484.92	0.0020622	150.88	249.86	4.7500	0.71690	1.2583	506.54	0.018219	3.9289e-05	0.055596	supercritical
334.36	480.00	483.31	0.0020691	151.80	251.12	4.7537	0.71681	1.2566	506.51	0.018204	3.9248e-05	0.055537	supercritical
335.36	480.00	481.71	0.0020759	152.73	252.37	4.7575	0.71671	1.2549	506.48	0.018185	3.9209e-05	0.055480	supercritical
336.36	480.00	480.12	0.0020828	153.65	253.63	4.7612	0.71662	1.2532	506.46	0.018164	3.9171e-05	0.055424	supercritical
337.36	480.00	478.54	0.0020897	154.58	254.88	4.7649	0.71654	1.2515	506.44	0.018141	3.9133e-05	0.055368	supercritical
338.36	480.00	476.98	0.0020965	155.50	256.13	4.7686	0.71646	1.2499	506.42	0.018115	3.9096e-05	0.055314	supercritical
339.36	480.00	475.42	0.0021034	156.42	257.38	4.7723	0.71638	1.2482	506.42	0.018087	3.9060e-05	0.055262	supercritical
340.36	480.00	473.87	0.0021103	157.34	258.63	4.7760	0.71631	1.2466	506.41	0.018057	3.9026e-05	0.055210	supercritical
341.36	480.00	472.34	0.0021171	158.25	259.87	4.7796	0.71624	1.2449	506.42	0.018024	3.8991e-05	0.055159	supercritical
342.36	480.00	470.81	0.0021240	159.17	261.12	4.7833	0.71617	1.2433	506.43	0.017989	3.8958e-05	0.055110	supercritical
343.36	480.00	469.30	0.0021308	160.08	262.36	4.7869	0.71611	1.2417	506.44	0.017952	3.8926e-05	0.055061	supercritical
344.36	480.00	467.79	0.0021377	160.99	263.60	4.7905	0.71605	1.2402	506.46	0.017913	3.8894e-05	0.055014	supercritical
345.36	480.00	466.30	0.0021445	161.90	264.84	4.7941	0.71600	1.2386	506.48	0.017871	3.8864e-05	0.054968	supercritical
346.36	480.00	464.82	0.0021514	162.81	266.08	4.7977	0.71595	1.2370	506.51	0.017828	3.8834e-05	0.054922	supercritical
347.36	480.00	463.34	0.0021582	163.72	267.32	4.8012	0.71590	1.2355	506.54	0.017782	3.8804e-05	0.054878	supercritical
348.36	480.00	461.88	0.0021651	164.63	268.55	4.8048	0.71586	1.2340	506.57	0.017734	3.8776e-05	0.054835	supercritical
349.36	480.00	460.42	0.0021719	165.53	269.78	4.8083	0.71581	1.2324	506.61	0.017685	3.8748e-05	0.054793	supercritical
350.36	480.00	458.98	0.0021788	166.43	271.01	4.8118	0.71578	1.2309	506.66	0.017633	3.8721e-05	0.054751	supercritical
351.36	480.00	457.54	0.0021856	167.34	272.25	4.8154	0.71574	1.2295	506.71	0.017580	3.8695e-05	0.054711	supercritical
352.36	480.00	456.11	0.0021924	168.24	273.47	4.8188	0.71571	1.2280	506.76	0.017524	3.8670e-05	0.054672	supercritical
353.36	480.00	454.70	0.0021993	169.14	274.70	4.8223	0.71569	1.2265	506.82	0.017467	3.8645e-05	0.054633	supercritical
354.36	480.00	453.29	0.0022061	170.03	275.93	4.8258	0.71566	1.2251	506.88	0.017408	3.8621e-05	0.054596	supercritical
355.36	480.00	451.89	0.0022129	170.93	277.15	4.8292	0.71564	1.2236	506.95	0.017347	3.8598e-05	0.054559	supercritical
356.36	480.00	450.50	0.0022197	171.83	278.37	4.8327	0.71563	1.2222	507.02	0.017285	3.8575e-05	0.054524	supercritical
357.36	480.00	449.12	0.0022266	172.72	279.60	4.8361	0.71561	1.2208	507.09	0.017221	3.8553e-05	0.054489	supercritical
358.36	480.00	447.75	0.0022334	173.61	280.82	4.8395	0.71560	1.2194	507.17	0.017155	3.8532e-05	0.054455	supercritical
359.36	480.00	446.39	0.0022402	174.50	282.03	4.8429	0.71559	1.2180	507.25	0.017087	3.8512e-05	0.054422	supercritical
360.36	480.00	445.04	0.0022470	175.40	283.25	4.8463	0.71559	1.2167	507.33	0.017018	3.8492e-05	0.054390	supercritical
361.36	480.00	443.69	0.0022538	176.28	284.47	4.8497	0.71559	1.2153	507.42	0.016947	3.8472e-05	0.054359	supercritical
362.36	480.00	442.36	0.0022606	177.17	285.68	4.8530	0.71559	1.2140	507.51	0.016874	3.8454e-05	0.054329	supercritical
363.36	480.00	441.03	0.0022674	178.06	286.90	4.8564	0.71560	1.2126	507.61	0.016800	3.8436e-05	0.054299	supercritical
364.36	480.00	439.71	0.0022742	178.94	288.11	4.8597	0.71561	1.2113	507.70	0.016725	3.8418e-05	0.054271	supercritical
365.36	480.00	438.40	0.0022810	179.83	289.32	4.8630	0.71562	1.2100	507.81	0.016648	3.8401e-05	0.054243	supercritical
366.36	480.00	437.10	0.0022878	180.71	290.53	4.8663	0.71563	1.2087	507.91	0.016570	3.8385e-05	0.054216	supercritical
367.36	480.00	435.81	0.0022946	181.59	291.74	4.8696	0.71565	1.2074	508.02	0.016490	3.8369e-05	0.054189	supercritical
368.36	480.00	434.52	0.0023014	182.48	292.94	4.8729	0.71567	1.2062	508.13	0.016408	3.8354e-05	0.054164	supercritical
369.36	480.00	433.24	0.0023082	183.36	294.15	4.8762	0.71569	1.2049	508.24	0.016326	3.8340e-05	0.054139	supercritical
370.36	480.00	431.97	0.0023150	184.23	295.35	4.8794	0.71572	1.2037	508.36	0.016242	3.8326e-05	0.054115	supercritical
371.36	480.00	430.71	0.0023217	185.11	296.56	4.8827	0.71575	1.2024	508.48	0.016157	3.8313e-05	0.054092	supercritical
372.36	480.00	429.46	0.0023285	185.99	297.76	4.8859	0.71578	1.2012	508.61	0.016070	3.8300e-05	0.054070	supercritical
373.36	480.00	428.22	0.0023353	186.86	298.96	4.8891	0.71581	1.2000	508.73	0.015982	3.8287e-05	0.054048	supercritical
374.36	480.00	426.98	0.0023420	187.74	300.16	4.8923	0.71585	1.1988	508.86	0.015893	3.8276e-05	0.054027	supercritical
375.36	480.00	425.75	0.0023488	188.61	301.36	4.8955	0.71589	1.1976	508.99	0.015803	3.8264e-05	0.054007	supercritical
376.36	480.00	424.53	0.0023556	189.49	302.55	4.8987	0.71593	1.1965	509.13	0.015712	3.8254e-05	0.053988	supercritical
377.36	480.00	423.31	0.0023623	190.36	303.75	4.9019	0.71598	1.1953	509.26	0.015619	3.8243e-05	0.053969	supercritical
378.36	480.00	422.11	0.0023691	191.23	304.94	4.9050	0.71603	1.1941	509.40	0.015525	3.8234e-05	0.053951	supercritical
379.36	480.00	420.91	0.0023758	192.10	306.14	4.9082	0.71608	1.1930	509.55	0.015430	3.8225e-05	0.053933	supercritical
380.36	480.00	419.72	0.0023826	192.97	307.33	4.9113	0.71613	1.1919	509.69	0.015334	3.8216e-05	0.053917	supercritical
381.36	480.00	418.53	0.0023893	193.83	308.52	4.9144	0.71619	1.1908	509.84	0.015237	3.8208e-05	0.053901	supercritical
382.36	480.00	417.35	0.0023961	194.70	309.71	4.9176	0.71624	1.1897	509.99	0.015139	3.8200e-05	0.053885	supercritical
383.36	480.00	416.18	0.0024028	195.57	310.90	4.9207	0.71631	1.1886	510.14	0.015040	3.8193e-05	0.053871	supercritical
384.36	480.00	415.02	0.0024095	196.43	312.09	4.9238	0.71637	1.1875	510.29	0.014940	3.8186e-05	0.053857	supercritical
385.36	480.00	413.87	0.0024162	197.29	313.27	4.9268	0.71643	1.1864	510.45	0.014839	3.8179e-05	0.053843	supercritical
386.36	480.00	412.72	0.0024230	198.16	314.46	4.9299	0.71650	1.1853	510.61	0.014737	3.8173e-05	0.053831	supercritical
387.36	480.00	411.57	0.0024297	199.02	315.65	4.9330	0.71657	1.1843	510.77	0.014634	3.8168e-05	0.053818	supercritical
388.36	480.00	410.44	0.0024364	199.88	316.83	4.9360	0.71665	1.1833	510.94	0.014530	3.8163e-05	0.053807	supercritical
389.36	480.00	409.31	0.0024431	200.74	318.01	4.9391	0.71672	1.1822	511.10	0.014425	3.8158e-05	0.053796	supercritical
390.36	480.00	408.19	0.0024498	201.60	319.19	4.9421	0.71680	1.1812	511.27	0.014319	3.8154e-05	0.053786	supercritical
391.36	480.00	407.08	0.0024565	202.46	320.37	4.9451	0.71688	1.1802	511.44	0.014213	3.8150e-05	0.053776	supercritical
392.36	480.00	405.97	0.0024632	203.32	321.55	4.9481	0.71696	1.1792	511.61	0.014106	3.8147e-05	0.053767	supercritical
393.36	480.00	404.87	0.0024699	204.18	322.73	4.9511	0.71705	1.1782	511.79	0.013997	3.8144e-05	0.053759	supercritical
394.36	480.00	403.77	0.0024766	205.03	323.91	4.9541	0.71714	1.1772	511.96	0.013888	3.8142e-05	0.053751	supercritical
395.36	480.00	402.68	0.0024833	205.89	325.09	4.9571	0.71723	1.1763	512.14	0.013779	3.8139e-05	0.053743	supercritical
396.36	480.00	401.60	0.0024900	206.74	326.26	4.9601	0.71732	1.1753	512.32	0.013668	3.8138e-05	0.053737	supercritical
397.36	480.00	400.53	0.0024967	207.60	327.44	4.9630	0.71741	1.1744	512.50	0.013557	3.8136e-05	0.053731	supercritical
398.36	480.00	399.46	0.0025034	208.45	328.61	4.9660	0.71751	1.1734	512.69	0.013445	3.8135e-05	0.053725	supercritical
399.36	480.00	398.39	0.0025101	209.30	329.78	4.9689	0.71761	1.1725	512.87	0.013332	3.8135e-05	0.053720	supercritical
400.36	480.00	397.34	0.0025167	210.15	330.96	4.9719	0.71771	1.1716	513.06	0.013219	3.8135e-05	0.053715	supercritical
401.36	480.00	396.29	0.0025234	211.00	332.13	4.9748	0.71781	1.1707	513.25	0.013105	3.8135e-05	0.053711	supercritical
402.36	480.00	395.24	0.0025301	211.85	333.30	4.9777	0.71791	1.1698	513.44	0.012990	3.8135e-05	0.053708	supercritical
403.36	480.00	394.21	0.0025368	212.70	334.47	4.9806	0.71802	1.1689	513.63	0.012875	3.8136e-05	0.053705	supercritical
404.36	480.00	393.17	0.0025434	213.55	335.64	4.9835	0.71813	1.1680	513.82	0.012759	3.8137e-05	0.053702	supercritical
405.36	480.00	392.15	0.0025501	214.40	336.80	4.9864	0.71824	1.1671	514.02	0.012642	3.8139e-05	0.053701	supercritical
406.36	480.00	391.13	0.0025567	215.25	337.97	4.9893	0.71835	1.1663	514.22	0.012525	3.8141e-05	0.053699	supercritical
407.36	480.00	390.11	0.0025634	216.09	339.14	4.9921	0.71847	1.1654	514.42	0.012407	3.8143e-05	0.053698	supercritical
408.36	480.00	389.10	0.0025700	216.94	340.30	4.9950	0.71858	1.1646	514.62	0.012289	3.8146e-05	0.053698	supercritical
409.36	480.00	388.10	0.0025767	217.79	341.46	4.9978	0.71870	1.1637	514.82	0.012170	3.8149e-05	0.053698	supercritical
410.36	480.00	387.10	0.0025833	218.63	342.63	5.0007	0.71882	1.1629	515.02	0.012051	3.8152e-05	0.053699	supercritical
411.36	480.00	386.11	0.0025899	219.47	343.79	5.0035	0.71894	1.1621	515.23	0.011931	3.8156e-05	0.053700	supercritical
412.36	480.00	385.12	0.0025966	220.32	344.95	5.0063	0.71907	1.1613	515.43	0.011811	3.8159e-05	0.053701	supercritical
413.36	480.00	384.14	0.0026032	221.16	346.11	5.0091	0.71919	1.1605	515.64	0.011690	3.8164e-05	0.053703	supercritical
414.36	480.00	383.17	0.0026098	222.00	347.27	5.0119	0.71932	1.1597	515.85	0.011568	3.8168e-05	0.053706	supercritical
415.36	480.00	382.20	0.0026164	222.84	348.43	5.0147	0.71945	1.1589	516.06	0.011447	3.8173e-05	0.053709	supercritical
416.36	480.00	381.24	0.0026231	223.68	349.59	5.0175	0.71958	1.1581	516.27	0.011324	3.8178e-05	0.053712	supercritical
417.36	480.00	380.28	0.0026297	224.52	350.75	5.0203	0.71972	1.1573	516.48	0.011202	3.8184e-05	0.053716	supercritical
418.36	480.00	379.32	0.0026363	225.36	351.91	5.0230	0.71985	1.1566	516.70	0.011078	3.8189e-05	0.053720	supercritical
419.36	480.00	378.38	0.0026429	226.20	353.06	5.0258	0.71999	1.1558	516.91	0.010955	3.8195e-05	0.053725	supercritical
420.36	480.00	377.43	0.0026495	227.04	354.22	5.0286	0.72013	1.1551	517.13	0.010831	3.8202e-05	0.053730	supercritical
421.36	480.00	376.49	0.0026561	227.88	355.37	5.0313	0.72027	1.1544	517.35	0.010707	3.8208e-05	0.053735	supercritical
422.36	480.00	375.56	0.0026627	228.72	356.53	5.0340	0.72041	1.1536	517.57	0.010582	3.8215e-05	0.053741	supercritical
423.36	480.00	374.63	0.0026693	229.55	357.68	5.0368	0.72055	1.1529	517.79	0.010457	3.8222e-05	0.053748	supercritical
424.36	480.00	373.71	0.0026759	230.39	358.83	5.0395	0.72070	1.1522	518.01	0.010332	3.8230e-05	0.053755	supercritical
425.36	480.00	372.79	0.0026824	231.23	359.98	5.0422	0.72084	1.1515	518.23	0.010206	3.8238e-05	0.053762	supercritical
426.36	480.00	371.88	0.0026890	232.06	361.13	5.0449	0.72099	1.1508	518.46	0.010080	3.8245e-05	0.053770	supercritical
427.36	480.00	370.98	0.0026956	232.90	362.29	5.0476	0.72114	1.1501	518.68	0.0099537	3.8254e-05	0.053778	supercritical
428.36	480.00	370.07	0.0027022	233.73	363.44	5.0503	0.72129	1.1494	518.91	0.0098270	3.8262e-05	0.053786	supercritical
429.36	480.00	369.18	0.0027087	234.56	364.58	5.0530	0.72145	1.1487	519.14	0.0097001	3.8271e-05	0.053795	supercritical
430.36	480.00	368.28	0.0027153	235.40	365.73	5.0556	0.72160	1.1481	519.36	0.0095729	3.8280e-05	0.053804	supercritical
431.36	480.00	367.39	0.0027219	236.23	366.88	5.0583	0.72176	1.1474	519.59	0.0094454	3.8289e-05	0.053814	supercritical
432.36	480.00	366.51	0.0027284	237.06	368.03	5.0610	0.72191	1.1468	519.82	0.0093177	3.8299e-05	0.053824	supercritical
433.36	480.00	365.63	0.0027350	237.89	369.17	5.0636	0.72207	1.1461	520.06	0.0091897	3.8308e-05	0.053834	supercritical
434.36	480.00	364.76	0.0027415	238.73	370.32	5.0662	0.72223	1.1455	520.29	0.0090615	3.8318e-05	0.053845	supercritical
435.36	480.00	363.89	0.0027481	239.56	371.46	5.0689	0.72240	1.1449	520.52	0.0089330	3.8329e-05	0.053856	supercritical
436.36	480.00	363.02	0.0027546	240.39	372.61	5.0715	0.72256	1.1442	520.76	0.0088044	3.8339e-05	0.053868	supercritical
437.36	480.00	362.16	0.0027612	241.22	373.75	5.0741	0.72272	1.1436	520.99	0.0086755	3.8350e-05	0.053880	supercritical
438.36	480.00	361.31	0.0027677	242.05	374.90	5.0767	0.72289	1.1430	521.23	0.0085464	3.8361e-05	0.053892	supercritical
439.36	480.00	360.46	0.0027742	242.88	376.04	5.0793	0.72306	1.1424	521.46	0.0084171	3.8372e-05	0.053905	supercritical
440.36	480.00	359.61	0.0027808	243.70	377.18	5.0819	0.72323	1.1418	521.70	0.0082877	3.8383e-05	0.053917	supercritical
441.36	480.00	358.77	0.0027873	244.53	378.32	5.0845	0.72340	1.1412	521.94	0.0081581	3.8395e-05	0.053931	supercritical
442.36	480.00	357.93	0.0027938	245.36	379.46	5.0871	0.72357	1.1406	522.18	0.0080283	3.8407e-05	0.053944	supercritical
443.36	480.00	357.10	0.0028004	246.19	380.60	5.0897	0.72374	1.1401	522.42	0.0078983	3.8419e-05	0.053958	supercritical
444.36	480.00	356.27	0.0028069	247.01	381.74	5.0922	0.72391	1.1395	522.66	0.0077682	3.8431e-05	0.053973	supercritical
445.36	480.00	355.44	0.0028134	247.84	382.88	5.0948	0.72409	1.1389	522.90	0.0076380	3.8443e-05	0.053987	supercritical
446.36	480.00	354.62	0.0028199	248.67	384.02	5.0974	0.72427	1.1384	523.15	0.0075076	3.8456e-05	0.054002	supercritical
447.36	480.00	353.81	0.0028264	249.49	385.16	5.0999	0.72444	1.1378	523.39	0.0073771	3.8469e-05	0.054018	supercritical
448.36	480.00	352.99	0.0028329	250.32	386.30	5.1024	0.72462	1.1373	523.63	0.0072465	3.8482e-05	0.054033	supercritical
449.36	480.00	352.19	0.0028394	251.14	387.43	5.1050	0.72480	1.1367	523.88	0.0071158	3.8495e-05	0.054049	supercritical
450.36	480.00	351.38	0.0028459	251.97	388.57	5.1075	0.72498	1.1362	524.13	0.0069850	3.8508e-05	0.054065	supercritical
451.36	480.00	350.58	0.0028524	252.79	389.71	5.1100	0.72517	1.1357	524.37	0.0068541	3.8522e-05	0.054082	supercritical
452.36	480.00	349.79	0.0028589	253.62	390.84	5.1125	0.72535	1.1352	524.62	0.0067231	3.8536e-05	0.054099	supercritical
453.36	480.00	348.99	0.0028654	254.44	391.98	5.1150	0.72554	1.1346	524.87	0.0065920	3.8550e-05	0.054116	supercritical
454.36	480.00	348.21	0.0028719	255.26	393.11	5.1175	0.72572	1.1341	525.12	0.0064609	3.8564e-05	0.054133	supercritical
455.36	480.00	347.42	0.0028783	256.09	394.25	5.1200	0.72591	1.1336	525.37	0.0063296	3.8579e-05	0.054151	supercritical
456.36	480.00	346.64	0.0028848	256.91	395.38	5.1225	0.72610	1.1331	525.62	0.0061984	3.8593e-05	0.054169	supercritical
457.36	480.00	345.87	0.0028913	257.73	396.51	5.1250	0.72629	1.1326	525.87	0.0060670	3.8608e-05	0.054188	supercritical
458.36	480.00	345.09	0.0028978	258.55	397.64	5.1275	0.72648	1.1322	526.12	0.0059357	3.8623e-05	0.054206	supercritical
459.36	480.00	344.33	0.0029042	259.37	398.78	5.1299	0.72667	1.1317	526.37	0.0058043	3.8638e-05	0.054225	supercritical
460.36	480.00	343.56	0.0029107	260.19	399.91	5.1324	0.72686	1.1312	526.62	0.0056728	3.8653e-05	0.054245	supercritical
461.36	480.00	342.80	0.0029172	261.02	401.04	5.1349	0.72705	1.1307	526.87	0.0055413	3.8669e-05	0.054264	supercritical
462.36	480.00	342.04	0.0029236	261.84	402.17	5.1373	0.72725	1.1303	527.13	0.0054099	3.8684e-05	0.054284	supercritical
463.36	480.00	341.29	0.0029301	262.66	403.30	5.1397	0.72744	1.1298	527.38	0.0052783	3.8700e-05	0.054304	supercritical
464.36	480.00	340.54	0.0029365	263.48	404.43	5.1422	0.72764	1.1294	527.64	0.0051468	3.8716e-05	0.054324	supercritical
465.36	480.00	339.79	0.0029430	264.30	405.56	5.1446	0.72784	1.1289	527.89	0.0050153	3.8732e-05	0.054345	supercritical
466.36	480.00	339.05	0.0029494	265.12	406.69	5.1470	0.72804	1.1285	528.15	0.0048838	3.8749e-05	0.054366	supercritical
467.36	480.00	338.31	0.0029558	265.93	407.81	5.1495	0.72824	1.1280	528.41	0.0047523	3.8765e-05	0.054387	supercritical
468.36	480.00	337.58	0.0029623	266.75	408.94	5.1519	0.72844	1.1276	528.66	0.0046208	3.8782e-05	0.054408	supercritical
469.36	480.00	336.85	0.0029687	267.57	410.07	5.1543	0.72864	1.1272	528.92	0.0044893	3.8798e-05	0.054430	supercritical
470.36	480.00	336.12	0.0029751	268.39	411.20	5.1567	0.72884	1.1268	529.18	0.0043579	3.8815e-05	0.054452	supercritical
471.36	480.00	335.39	0.0029816	269.21	412.32	5.1591	0.72904	1.1263	529.44	0.0042265	3.8832e-05	0.054474	supercritical
472.36	480.00	334.67	0.0029880	270.03	413.45	5.1614	0.72925	1.1259	529.70	0.0040951	3.8850e-05	0.054497	supercritical
473.36	480.00	333.95	0.0029944	270.84	414.58	5.1638	0.72945	1.1255	529.96	0.0039637	3.8867e-05	0.054519	supercritical
474.36	480.00	333.24	0.0030008	271.66	415.70	5.1662	0.72966	1.1251	530.22	0.0038324	3.8885e-05	0.054542	supercritical
475.36	480.00	332.53	0.0030073	272.48	416.83	5.1686	0.72986	1.1247	530.48	0.0037012	3.8902e-05	0.054565	supercritical
476.36	480.00	331.82	0.0030137	273.29	417.95	5.1709	0.73007	1.1243	530.74	0.0035699	3.8920e-05	0.054589	supercritical
477.36	480.00	331.12	0.0030201	274.11	419.07	5.1733	0.73028	1.1239	531.00	0.0034388	3.8938e-05	0.054613	supercritical
478.36	480.00	330.42	0.0030265	274.93	420.20	5.1756	0.73049	1.1236	531.26	0.0033077	3.8956e-05	0.054636	supercritical
479.36	480.00	329.72	0.0030329	275.74	421.32	5.1780	0.73070	1.1232	531.52	0.0031767	3.8974e-05	0.054661	supercritical
480.36	480.00	329.02	0.0030393	276.56	422.44	5.1803	0.73091	1.1228	531.79	0.0030458	3.8993e-05	0.054685	supercritical
481.36	480.00	328.33	0.0030457	277.37	423.57	5.1827	0.73112	1.1224	532.05	0.0029149	3.9011e-05	0.054710	supercritical
482.36	480.00	327.65	0.0030521	278.19	424.69	5.1850	0.73133	1.1221	532.31	0.0027841	3.9030e-05	0.054734	supercritical
483.36	480.00	326.96	0.0030585	279.00	425.81	5.1873	0.73154	1.1217	532.58	0.0026534	3.9049e-05	0.054759	supercritical
484.36	480.00	326.28	0.0030649	279.82	426.93	5.1896	0.73176	1.1214	532.84	0.0025228	3.9068e-05	0.054785	supercritical
485.36	480.00	325.60	0.0030712	280.63	428.05	5.1919	0.73197	1.1210	533.11	0.0023922	3.9087e-05	0.054810	supercritical
486.36	480.00	324.93	0.0030776	281.45	429.17	5.1943	0.73219	1.1207	533.37	0.0022618	3.9106e-05	0.054836	supercritical
487.36	480.00	324.25	0.0030840	282.26	430.30	5.1966	0.73240	1.1203	533.64	0.0021315	3.9125e-05	0.054862	supercritical
488.36	480.00	323.59	0.0030904	283.08	431.42	5.1989	0.73262	1.1200	533.90	0.0020012	3.9144e-05	0.054888	supercritical
489.36	480.00	322.92	0.0030967	283.89	432.54	5.2011	0.73283	1.1197	534.17	0.0018711	3.9164e-05	0.054914	supercritical
490.36	480.00	322.26	0.0031031	284.71	433.65	5.2034	0.73305	1.1193	534.44	0.0017411	3.9184e-05	0.054941	supercritical
491.36	480.00	321.60	0.0031095	285.52	434.77	5.2057	0.73327	1.1190	534.70	0.0016112	3.9203e-05	0.054968	supercritical
492.36	480.00	320.94	0.0031158	286.33	435.89	5.2080	0.73349	1.1187	534.97	0.0014814	3.9223e-05	0.054995	supercritical
493.36	480.00	320.29	0.0031222	287.15	437.01	5.2103	0.73371	1.1184	535.24	0.0013517	3.9243e-05	0.055022	supercritical
494.36	480.00	319.64	0.0031286	287.96	438.13	5.2125	0.73393	1.1180	535.51	0.0012222	3.9263e-05	0.055049	supercritical
495.36	480.00	318.99	0.0031349	288.77	439.25	5.2148	0.73415	1.1177	535.78	0.0010928	3.9284e-05	0.055077	supercritical
496.36	480.00	318.34	0.0031413	289.58	440.36	5.2170	0.73437	1.1174	536.04	0.00096350	3.9304e-05	0.055105	supercritical
497.36	480.00	317.70	0.0031476	290.40	441.48	5.2193	0.73459	1.1171	536.31	0.00083435	3.9325e-05	0.055133	supercritical
498.36	480.00	317.06	0.0031540	291.21	442.60	5.2215	0.73482	1.1168	536.58	0.00070533	3.9345e-05	0.055161	supercritical
499.36	480.00	316.42	0.0031603	292.02	443.72	5.2238	0.73504	1.1165	536.85	0.00057645	3.9366e-05	0.055189	supercritical
500.36	480.00	315.79	0.0031666	292.83	444.83	5.2260	0.73526	1.1163	537.12	0.00044771	3.9387e-05	0.055218	supercritical
501.36	480.00	315.16	0.0031730	293.65	445.95	5.2282	0.73549	1.1160	537.39	0.00031912	3.9408e-05	0.055247	supercritical
502.36	480.00	314.53	0.0031793	294.46	447.06	5.2304	0.73571	1.1157	537.66	0.00019067	3.9429e-05	0.055276	supercritical
503.36	480.00	313.91	0.0031857	295.27	448.18	5.2327	0.73594	1.1154	537.93	6.2371e-05	3.9450e-05	0.055305	supercritical
504.36	480.00	313.29	0.0031920	296.08	449.30	5.2349	0.73616	1.1151	538.20	-6.5775e-05	3.9471e-05	0.055334	supercritical
505.36	480.00	312.67	0.0031983	296.89	450.41	5.2371	0.73639	1.1149	538.48	-0.00019377	3.9492e-05	0.055364	supercritical
506.36	480.00	312.05	0.0032046	297.70	451.52	5.2393	0.73662	1.1146	538.75	-0.00032160	3.9514e-05	0.055393	supercritical
507.36	480.00	311.43	0.0032110	298.51	452.64	5.2415	0.73684	1.1143	539.02	-0.00044927	3.9535e-05	0.055423	supercritical
508.36	480.00	310.82	0.0032173	299.32	453.75	5.2437	0.73707	1.1141	539.29	-0.00057678	3.9557e-05	0.055453	supercritical
509.36	480.00	310.21	0.0032236	300.14	454.87	5.2459	0.73730	1.1138	539.56	-0.00070413	3.9579e-05	0.055483	supercritical
510.36	480.00	309.61	0.0032299	300.95	455.98	5.2481	0.73753	1.1136	539.84	-0.00083131	3.9600e-05	0.055514	supercritical
511.36	480.00	309.00	0.0032362	301.76	457.09	5.2502	0.73776	1.1133	540.11	-0.00095832	3.9622e-05	0.055544	supercritical
512.36	480.00	308.40	0.0032425	302.57	458.21	5.2524	0.73799	1.1131	540.38	-0.0010852	3.9644e-05	0.055575	supercritical
513.36	480.00	307.80	0.0032488	303.38	459.32	5.2546	0.73822	1.1128	540.65	-0.0012118	3.9666e-05	0.055606	supercritical
514.36	480.00	307.21	0.0032551	304.19	460.43	5.2567	0.73845	1.1126	540.93	-0.0013383	3.9689e-05	0.055637	supercritical
515.36	480.00	306.62	0.0032614	305.00	461.55	5.2589	0.73868	1.1123	541.20	-0.0014646	3.9711e-05	0.055668	supercritical
516.36	480.00	306.02	0.0032677	305.81	462.66	5.2611	0.73891	1.1121	541.48	-0.0015907	3.9733e-05	0.055700	supercritical
517.36	480.00	305.44	0.0032740	306.62	463.77	5.2632	0.73914	1.1119	541.75	-0.0017167	3.9756e-05	0.055731	supercritical
518.36	480.00	304.85	0.0032803	307.43	464.88	5.2654	0.73937	1.1116	542.02	-0.0018425	3.9778e-05	0.055763	supercritical
519.36	480.00	304.27	0.0032866	308.24	465.99	5.2675	0.73961	1.1114	542.30	-0.0019680	3.9801e-05	0.055795	supercritical
520.36	480.00	303.69	0.0032929	309.05	467.10	5.2696	0.73984	1.1112	542.57	-0.0020934	3.9824e-05	0.055827	supercritical
521.36	480.00	303.11	0.0032991	309.86	468.22	5.2718	0.74007	1.1110	542.85	-0.0022186	3.9846e-05	0.055859	supercritical
522.36	480.00	302.53	0.0033054	310.67	469.33	5.2739	0.74031	1.1108	543.12	-0.0023436	3.9869e-05	0.055892	supercritical
523.36	480.00	301.96	0.0033117	311.48	470.44	5.2760	0.74054	1.1106	543.40	-0.0024685	3.9892e-05	0.055924	supercritical
524.36	480.00	301.39	0.0033180	312.28	471.55	5.2781	0.74077	1.1103	543.67	-0.0025931	3.9915e-05	0.055957	supercritical
525.36	480.00	300.82	0.0033242	313.09	472.66	5.2803	0.74101	1.1101	543.95	-0.0027175	3.9938e-05	0.055989	supercritical
526.36	480.00	300.25	0.0033305	313.90	473.77	5.2824	0.74124	1.1099	544.23	-0.0028418	3.9962e-05	0.056022	supercritical
527.36	480.00	299.69	0.0033368	314.71	474.88	5.2845	0.74148	1.1097	544.50	-0.0029658	3.9985e-05	0.056056	supercritical
528.36	480.00	299.13	0.0033430	315.52	475.99	5.2866	0.74172	1.1095	544.78	-0.0030896	4.0008e-05	0.056089	supercritical
529.36	480.00	298.57	0.0033493	316.33	477.10	5.2887	0.74195	1.1094	545.05	-0.0032132	4.0032e-05	0.056122	supercritical
530.36	480.00	298.01	0.0033556	317.14	478.21	5.2908	0.74219	1.1092	545.33	-0.0033367	4.0055e-05	0.056156	supercritical
531.36	480.00	297.46	0.0033618	317.95	479.32	5.2929	0.74242	1.1090	545.61	-0.0034599	4.0079e-05	0.056189	supercritical
532.36	480.00	296.91	0.0033681	318.76	480.42	5.2949	0.74266	1.1088	545.88	-0.0035829	4.0102e-05	0.056223	supercritical
533.36	480.00	296.36	0.0033743	319.57	481.53	5.2970	0.74290	1.1086	546.16	-0.0037057	4.0126e-05	0.056257	supercritical
534.36	480.00	295.81	0.0033806	320.37	482.64	5.2991	0.74314	1.1084	546.44	-0.0038283	4.0150e-05	0.056291	supercritical
535.36	480.00	295.26	0.0033868	321.18	483.75	5.3012	0.74337	1.1082	546.71	-0.0039507	4.0174e-05	0.056326	supercritical
536.36	480.00	294.72	0.0033931	321.99	484.86	5.3032	0.74361	1.1081	546.99	-0.0040729	4.0198e-05	0.056360	supercritical
537.36	480.00	294.18	0.0033993	322.80	485.97	5.3053	0.74385	1.1079	547.27	-0.0041948	4.0222e-05	0.056394	supercritical
538.36	480.00	293.64	0.0034055	323.61	487.07	5.3074	0.74409	1.1077	547.55	-0.0043166	4.0246e-05	0.056429	supercritical
539.36	480.00	293.10	0.0034118	324.42	488.18	5.3094	0.74433	1.1076	547.82	-0.0044381	4.0270e-05	0.056464	supercritical
540.36	480.00	292.57	0.0034180	325.22	489.29	5.3115	0.74457	1.1074	548.10	-0.0045594	4.0294e-05	0.056499	supercritical
541.36	480.00	292.04	0.0034242	326.03	490.40	5.3135	0.74480	1.1072	548.38	-0.0046805	4.0319e-05	0.056534	supercritical
542.36	480.00	291.51	0.0034305	326.84	491.50	5.3156	0.74504	1.1071	548.66	-0.0048014	4.0343e-05	0.056569	supercritical
543.36	480.00	290.98	0.0034367	327.65	492.61	5.3176	0.74528	1.1069	548.94	-0.0049221	4.0367e-05	0.056604	supercritical
544.36	480.00	290.45	0.0034429	328.46	493.72	5.3196	0.74552	1.1068	549.21	-0.0050425	4.0392e-05	0.056640	supercritical
545.36	480.00	289.93	0.0034491	329.27	494.82	5.3217	0.74576	1.1066	549.49	-0.0051627	4.0417e-05	0.056675	supercritical
546.36	480.00	289.41	0.0034554	330.07	495.93	5.3237	0.74600	1.1065	549.77	-0.0052827	4.0441e-05	0.056711	supercritical
547.36	480.00	288.89	0.0034616	330.88	497.04	5.3257	0.74624	1.1063	550.05	-0.0054025	4.0466e-05	0.056747	supercritical
548.36	480.00	288.37	0.0034678	331.69	498.14	5.3277	0.74648	1.1062	550.33	-0.0055221	4.0491e-05	0.056783	supercritical
549.36	480.00	287.85	0.0034740	332.50	499.25	5.3298	0.74672	1.1060	550.61	-0.0056414	4.0515e-05	0.056819	supercritical
550.36	480.00	287.34	0.0034802	333.31	500.35	5.3318	0.74697	1.1059	550.88	-0.0057605	4.0540e-05	0.056855	supercritical
551.36	480.00	286.83	0.0034864	334.11	501.46	5.3338	0.74721	1.1058	551.16	-0.0058794	4.0565e-05	0.056891	supercritical
552.36	480.00	286.32	0.0034926	334.92	502.57	5.3358	0.74745	1.1056	551.44	-0.0059980	4.0590e-05	0.056928	supercritical
553.36	480.00	285.81	0.0034988	335.73	503.67	5.3378	0.74769	1.1055	551.72	-0.0061165	4.0615e-05	0.056964	supercritical
554.36	480.00	285.31	0.0035050	336.54	504.78	5.3398	0.74793	1.1054	552.00	-0.0062346	4.0640e-05	0.057001	supercritical
555.36	480.00	284.80	0.0035112	337.34	505.88	5.3418	0.74817	1.1052	552.28	-0.0063526	4.0666e-05	0.057037	supercritical
556.36	480.00	284.30	0.0035174	338.15	506.99	5.3438	0.74841	1.1051	552.56	-0.0064704	4.0691e-05	0.057074	supercritical
557.36	480.00	283.80	0.0035236	338.96	508.09	5.3457	0.74865	1.1050	552.84	-0.0065879	4.0716e-05	0.057111	supercritical
558.36	480.00	283.30	0.0035298	339.77	509.20	5.3477	0.74890	1.1049	553.12	-0.0067051	4.0741e-05	0.057148	supercritical
559.36	480.00	282.81	0.0035360	340.58	510.30	5.3497	0.74914	1.1047	553.40	-0.0068222	4.0767e-05	0.057185	supercritical
560.36	480.00	282.31	0.0035422	341.38	511.41	5.3517	0.74938	1.1046	553.68	-0.0069390	4.0792e-05	0.057223	supercritical
561.36	480.00	281.82	0.0035484	342.19	512.51	5.3536	0.74962	1.1045	553.96	-0.0070556	4.0818e-05	0.057260	supercritical
562.36	480.00	281.33	0.0035545	343.00	513.62	5.3556	0.74986	1.1044	554.24	-0.0071719	4.0843e-05	0.057298	supercritical
563.36	480.00	280.84	0.0035607	343.81	514.72	5.3576	0.75011	1.1043	554.52	-0.0072880	4.0869e-05	0.057335	supercritical
564.36	480.00	280.36	0.0035669	344.61	515.82	5.3595	0.75035	1.1042	554.80	-0.0074039	4.0894e-05	0.057373	supercritical
565.36	480.00	279.87	0.0035731	345.42	516.93	5.3615	0.75059	1.1041	555.08	-0.0075195	4.0920e-05	0.057411	supercritical
566.36	480.00	279.39	0.0035792	346.23	518.03	5.3634	0.75083	1.1040	555.35	-0.0076349	4.0946e-05	0.057449	supercritical
567.36	480.00	278.91	0.0035854	347.04	519.14	5.3654	0.75108	1.1039	555.63	-0.0077501	4.0972e-05	0.057487	supercritical
568.36	480.00	278.43	0.0035916	347.85	520.24	5.3673	0.75132	1.1038	555.91	-0.0078651	4.0998e-05	0.057525	supercritical
569.36	480.00	277.95	0.0035977	348.65	521.34	5.3693	0.75156	1.1037	556.19	-0.0079798	4.1023e-05	0.057563	supercritical
570.36	480.00	277.48	0.0036039	349.46	522.45	5.3712	0.75180	1.1036	556.48	-0.0080942	4.1049e-05	0.057602	supercritical
571.36	480.00	277.00	0.0036101	350.27	523.55	5.3731	0.75205	1.1035	556.76	-0.0082085	4.1075e-05	0.057640	supercritical
572.36	480.00	276.53	0.0036162	351.08	524.66	5.3751	0.75229	1.1034	557.04	-0.0083224	4.1101e-05	0.057678	supercritical
573.36	480.00	276.06	0.0036224	351.88	525.76	5.3770	0.75253	1.1033	557.32	-0.0084362	4.1127e-05	0.057717	supercritical
574.36	480.00	275.59	0.0036285	352.69	526.86	5.3789	0.75278	1.1032	557.60	-0.0085497	4.1154e-05	0.057756	supercritical
575.36	480.00	275.13	0.0036347	353.50	527.96	5.3808	0.75302	1.1031	557.88	-0.0086630	4.1180e-05	0.057795	supercritical
576.36	480.00	274.66	0.0036408	354.31	529.07	5.3827	0.75326	1.1030	558.16	-0.0087760	4.1206e-05	0.057834	supercritical
577.36	480.00	274.20	0.0036470	355.12	530.17	5.3847	0.75350	1.1029	558.44	-0.0088888	4.1232e-05	0.057873	supercritical
578.36	480.00	273.74	0.0036531	355.92	531.27	5.3866	0.75375	1.1029	558.72	-0.0090014	4.1259e-05	0.057912	supercritical
579.36	480.00	273.28	0.0036593	356.73	532.38	5.3885	0.75399	1.1028	559.00	-0.0091137	4.1285e-05	0.057951	supercritical
580.36	480.00	272.82	0.0036654	357.54	533.48	5.3904	0.75423	1.1027	559.28	-0.0092258	4.1311e-05	0.057990	supercritical
581.36	480.00	272.36	0.0036715	358.35	534.58	5.3923	0.75448	1.1026	559.56	-0.0093376	4.1338e-05	0.058030	supercritical
582.36	480.00	271.91	0.0036777	359.16	535.68	5.3942	0.75472	1.1025	559.84	-0.0094492	4.1364e-05	0.058069	supercritical
583.36	480.00	271.46	0.0036838	359.96	536.79	5.3961	0.75496	1.1025	560.12	-0.0095606	4.1391e-05	0.058109	supercritical
584.36	480.00	271.01	0.0036900	360.77	537.89	5.3979	0.75520	1.1024	560.40	-0.0096717	4.1417e-05	0.058148	supercritical
585.36	480.00	270.56	0.0036961	361.58	538.99	5.3998	0.75545	1.1023	560.68	-0.0097826	4.1444e-05	0.058188	supercritical
586.36	480.00	270.11	0.0037022	362.39	540.09	5.4017	0.75569	1.1023	560.96	-0.0098933	4.1470e-05	0.058228	supercritical
587.36	480.00	269.66	0.0037083	363.20	541.20	5.4036	0.75593	1.1022	561.24	-0.010004	4.1497e-05	0.058268	supercritical
588.36	480.00	269.22	0.0037145	364.00	542.30	5.4055	0.75618	1.1021	561.52	-0.010114	4.1524e-05	0.058308	supercritical
589.36	480.00	268.77	0.0037206	364.81	543.40	5.4073	0.75642	1.1021	561.80	-0.010224	4.1551e-05	0.058348	supercritical
590.36	480.00	268.33	0.0037267	365.62	544.50	5.4092	0.75666	1.1020	562.08	-0.010333	4.1577e-05	0.058388	supercritical
591.36	480.00	267.89	0.0037328	366.43	545.60	5.4111	0.75690	1.1019	562.36	-0.010443	4.1604e-05	0.058428	supercritical
592.36	480.00	267.46	0.0037389	367.24	546.71	5.4129	0.75715	1.1019	562.64	-0.010552	4.1631e-05	0.058468	supercritical
593.36	480.00	267.02	0.0037451	368.05	547.81	5.4148	0.75739	1.1018	562.92	-0.010661	4.1658e-05	0.058509	supercritical
594.36	480.00	266.58	0.0037512	368.85	548.91	5.4166	0.75763	1.1018	563.21	-0.010770	4.1685e-05	0.058549	supercritical
595.36	480.00	266.15	0.0037573	369.66	550.01	5.4185	0.75787	1.1017	563.49	-0.010878	4.1712e-05	0.058590	supercritical
596.36	480.00	265.72	0.0037634	370.47	551.11	5.4203	0.75812	1.1017	563.77	-0.010987	4.1739e-05	0.058631	supercritical
597.36	480.00	265.29	0.0037695	371.28	552.22	5.4222	0.75836	1.1016	564.05	-0.011095	4.1766e-05	0.058671	supercritical
598.36	480.00	264.86	0.0037756	372.09	553.32	5.4240	0.75860	1.1016	564.33	-0.011202	4.1793e-05	0.058712	supercritical
599.36	480.00	264.43	0.0037817	372.90	554.42	5.4259	0.75884	1.1015	564.61	-0.011310	4.1820e-05	0.058753	supercritical
600.36	480.00	264.00	0.0037878	373.71	555.52	5.4277	0.75908	1.1015	564.89	-0.011417	4.1847e-05	0.058794	supercritical
601.36	480.00	263.58	0.0037939	374.51	556.62	5.4295	0.75933	1.1014	565.17	-0.011524	4.1874e-05	0.058835	supercritical
602.36	480.00	263.16	0.0038000	375.32	557.72	5.4314	0.75957	1.1014	565.45	-0.011631	4.1902e-05	0.058876	supercritical
603.36	480.00	262.74	0.0038061	376.13	558.82	5.4332	0.75981	1.1013	565.73	-0.011738	4.1929e-05	0.058917	supercritical
604.36	480.00	262.32	0.0038122	376.94	559.93	5.4350	0.76005	1.1013	566.01	-0.011844	4.1956e-05	0.058958	supercritical
605.36	480.00	261.90	0.0038183	377.75	561.03	5.4368	0.76029	1.1012	566.29	-0.011950	4.1983e-05	0.059000	supercritical
606.36	480.00	261.48	0.0038244	378.56	562.13	5.4387	0.76053	1.1012	566.57	-0.012056	4.2011e-05	0.059041	supercritical
607.36	480.00	261.07	0.0038305	379.37	563.23	5.4405	0.76078	1.1012	566.85	-0.012161	4.2038e-05	0.059083	supercritical
608.36	480.00	260.65	0.0038365	380.18	564.33	5.4423	0.76102	1.1011	567.13	-0.012267	4.2066e-05	0.059124	supercritical
609.36	480.00	260.24	0.0038426	380.99	565.43	5.4441	0.76126	1.1011	567.41	-0.012372	4.2093e-05	0.059166	supercritical
610.36	480.00	259.83	0.0038487	381.79	566.53	5.4459	0.76150	1.1011	567.69	-0.012477	4.2120e-05	0.059207	supercritical
611.36	480.00	259.42	0.0038548	382.60	567.63	5.4477	0.76174	1.1010	567.97	-0.012581	4.2148e-05	0.059249	supercritical
612.36	480.00	259.01	0.0038609	383.41	568.73	5.4495	0.76198	1.1010	568.25	-0.012686	4.2175e-05	0.059291	supercritical
613.36	480.00	258.60	0.0038669	384.22	569.84	5.4513	0.76222	1.1010	568.53	-0.012790	4.2203e-05	0.059333	supercritical
614.36	480.00	258.20	0.0038730	385.03	570.94	5.4531	0.76246	1.1009	568.82	-0.012894	4.2231e-05	0.059375	supercritical
615.36	480.00	257.79	0.0038791	385.84	572.04	5.4549	0.76270	1.1009	569.10	-0.012998	4.2258e-05	0.059417	supercritical
616.36	480.00	257.39	0.0038852	386.65	573.14	5.4567	0.76294	1.1009	569.38	-0.013101	4.2286e-05	0.059459	supercritical
617.36	480.00	256.99	0.0038912	387.46	574.24	5.4585	0.76318	1.1009	569.66	-0.013204	4.2313e-05	0.059501	supercritical
618.36	480.00	256.59	0.0038973	388.27	575.34	5.4602	0.76342	1.1008	569.94	-0.013307	4.2341e-05	0.059543	supercritical
619.36	480.00	256.19	0.0039034	389.08	576.44	5.4620	0.76366	1.1008	570.22	-0.013410	4.2369e-05	0.059586	supercritical
620.36	480.00	255.79	0.0039094	389.89	577.54	5.4638	0.76390	1.1008	570.50	-0.013513	4.2397e-05	0.059628	supercritical
621.36	480.00	255.40	0.0039155	390.70	578.64	5.4656	0.76414	1.1008	570.78	-0.013615	4.2424e-05	0.059670	supercritical
622.36	480.00	255.00	0.0039215	391.51	579.74	5.4673	0.76438	1.1008	571.06	-0.013717	4.2452e-05	0.059713	supercritical
623.36	480.00	254.61	0.0039276	392.32	580.84	5.4691	0.76462	1.1007	571.34	-0.013819	4.2480e-05	0.059756	supercritical
624.36	480.00	254.22	0.0039337	393.13	581.94	5.4709	0.76486	1.1007	571.62	-0.013920	4.2508e-05	0.059798	supercritical
625.36	480.00	253.83	0.0039397	393.94	583.05	5.4726	0.76510	1.1007	571.90	-0.014022	4.2536e-05	0.059841	supercritical
626.36	480.00	253.44	0.0039458	394.75	584.15	5.4744	0.76534	1.1007	572.18	-0.014123	4.2564e-05	0.059884	supercritical
627.36	480.00	253.05	0.0039518	395.56	585.25	5.4761	0.76557	1.1007	572.46	-0.014224	4.2591e-05	0.059926	supercritical
628.36	480.00	252.66	0.0039579	396.37	586.35	5.4779	0.76581	1.1007	572.74	-0.014324	4.2619e-05	0.059969	supercritical
629.36	480.00	252.28	0.0039639	397.18	587.45	5.4796	0.76605	1.1007	573.02	-0.014425	4.2647e-05	0.060012	supercritical
630.36	480.00	251.89	0.0039700	397.99	588.55	5.4814	0.76629	1.1006	573.30	-0.014525	4.2675e-05	0.060055	supercritical
631.36	480.00	251.51	0.0039760	398.80	589.65	5.4831	0.76653	1.1006	573.58	-0.014625	4.2703e-05	0.060098	supercritical
632.36	480.00	251.13	0.0039820	399.61	590.75	5.4849	0.76676	1.1006	573.86	-0.014724	4.2731e-05	0.060141	supercritical
633.36	480.00	250.75	0.0039881	400.42	591.85	5.4866	0.76700	1.1006	574.14	-0.014824	4.2759e-05	0.060184	supercritical
634.36	480.00	250.37	0.0039941	401.23	592.95	5.4884	0.76724	1.1006	574.42	-0.014923	4.2787e-05	0.060228	supercritical
635.36	480.00	249.99	0.0040002	402.04	594.05	5.4901	0.76748	1.1006	574.70	-0.015022	4.2816e-05	0.060271	supercritical
636.36	480.00	249.61	0.0040062	402.86	595.15	5.4918	0.76771	1.1006	574.98	-0.015121	4.2844e-05	0.060314	supercritical
637.36	480.00	249.24	0.0040122	403.67	596.25	5.4935	0.76795	1.1006	575.25	-0.015220	4.2872e-05	0.060357	supercritical
638.36	480.00	248.86	0.0040183	404.48	597.35	5.4953	0.76819	1.1006	575.53	-0.015318	4.2900e-05	0.060401	supercritical
639.36	480.00	248.49	0.0040243	405.29	598.45	5.4970	0.76842	1.1006	575.81	-0.015416	4.2928e-05	0.060444	supercritical
640.36	480.00	248.12	0.0040303	406.10	599.55	5.4987	0.76866	1.1006	576.09	-0.015514	4.2956e-05	0.060488	supercritical
641.36	480.00	247.75	0.0040363	406.91	600.66	5.5004	0.76889	1.1006	576.37	-0.015611	4.2984e-05	0.060531	supercritical
642.36	480.00	247.38	0.0040424	407.72	601.76	5.5021	0.76913	1.1006	576.65	-0.015709	4.3013e-05	0.060575	supercritical
643.36	480.00	247.01	0.0040484	408.53	602.86	5.5039	0.76937	1.1006	576.93	-0.015806	4.3041e-05	0.060619	supercritical
644.36	480.00	246.65	0.0040544	409.35	603.96	5.5056	0.76960	1.1006	577.21	-0.015903	4.3069e-05	0.060663	supercritical
645.36	480.00	246.28	0.0040604	410.16	605.06	5.5073	0.76984	1.1006	577.49	-0.016000	4.3098e-05	0.060706	supercritical
646.36	480.00	245.92	0.0040664	410.97	606.16	5.5090	0.77007	1.1006	577.77	-0.016096	4.3126e-05	0.060750	supercritical
647.36	480.00	245.55	0.0040725	411.78	607.26	5.5107	0.77031	1.1006	578.05	-0.016192	4.3154e-05	0.060794	supercritical
648.36	480.00	245.19	0.0040785	412.59	608.36	5.5124	0.77054	1.1006	578.33	-0.016288	4.3183e-05	0.060838	supercritical
649.36	480.00	244.83	0.0040845	413.41	609.46	5.5141	0.77077	1.1006	578.61	-0.016384	4.3211e-05	0.060882	supercritical
650.36	480.00	244.47	0.0040905	414.22	610.56	5.5158	0.77101	1.1007	578.88	-0.016480	4.3239e-05	0.060926	supercritical
651.36	480.00	244.11	0.0040965	415.03	611.66	5.5175	0.77124	1.1007	579.16	-0.016575	4.3268e-05	0.060970	supercritical
652.36	480.00	243.75	0.0041025	415.84	612.76	5.5191	0.77148	1.1007	579.44	-0.016670	4.3296e-05	0.061014	supercritical
653.36	480.00	243.40	0.0041085	416.65	613.86	5.5208	0.77171	1.1007	579.72	-0.016765	4.3325e-05	0.061059	supercritical
654.36	480.00	243.04	0.0041145	417.47	614.96	5.5225	0.77194	1.1007	580.00	-0.016860	4.3353e-05	0.061103	supercritical
655.36	480.00	242.69	0.0041205	418.28	616.06	5.5242	0.77217	1.1007	580.28	-0.016954	4.3381e-05	0.061147	supercritical
656.36	480.00	242.33	0.0041265	419.09	617.17	5.5259	0.77241	1.1007	580.56	-0.017048	4.3410e-05	0.061191	supercritical
657.36	480.00	241.98	0.0041325	419.90	618.27	5.5276	0.77264	1.1007	580.84	-0.017142	4.3438e-05	0.061236	supercritical
658.36	480.00	241.63	0.0041385	420.72	619.37	5.5292	0.77287	1.1008	581.11	-0.017236	4.3467e-05	0.061280	supercritical
659.36	480.00	241.28	0.0041445	421.53	620.47	5.5309	0.77310	1.1008	581.39	-0.017330	4.3495e-05	0.061325	supercritical
660.36	480.00	240.93	0.0041505	422.34	621.57	5.5326	0.77334	1.1008	581.67	-0.017423	4.3524e-05	0.061369	supercritical
661.36	480.00	240.59	0.0041565	423.16	622.67	5.5342	0.77357	1.1008	581.95	-0.017516	4.3553e-05	0.061414	supercritical
662.36	480.00	240.24	0.0041625	423.97	623.77	5.5359	0.77380	1.1008	582.23	-0.017609	4.3581e-05	0.061459	supercritical
663.36	480.00	239.89	0.0041685	424.78	624.87	5.5376	0.77403	1.1008	582.51	-0.017702	4.3610e-05	0.061503	supercritical
664.36	480.00	239.55	0.0041745	425.60	625.97	5.5392	0.77426	1.1009	582.78	-0.017794	4.3638e-05	0.061548	supercritical
665.36	480.00	239.21	0.0041805	426.41	627.07	5.5409	0.77449	1.1009	583.06	-0.017887	4.3667e-05	0.061593	supercritical
666.36	480.00	238.86	0.0041865	427.22	628.17	5.5425	0.77472	1.1009	583.34	-0.017979	4.3696e-05	0.061637	supercritical
667.36	480.00	238.52	0.0041925	428.04	629.27	5.5442	0.77495	1.1009	583.62	-0.018070	4.3724e-05	0.061682	supercritical
668.36	480.00	238.18	0.0041984	428.85	630.38	5.5458	0.77518	1.1009	583.90	-0.018162	4.3753e-05	0.061727	supercritical
669.36	480.00	237.85	0.0042044	429.66	631.48	5.5475	0.77541	1.1010	584.17	-0.018253	4.3782e-05	0.061772	supercritical
670.36	480.00	237.51	0.0042104	430.48	632.58	5.5491	0.77564	1.1010	584.45	-0.018344	4.3810e-05	0.061817	supercritical
671.36	480.00	237.17	0.0042164	431.29	633.68	5.5508	0.77587	1.1010	584.73	-0.018435	4.3839e-05	0.061862	supercritical
672.36	480.00	236.83	0.0042224	432.11	634.78	5.5524	0.77610	1.1010	585.01	-0.018526	4.3868e-05	0.061907	supercritical
673.36	480.00	236.50	0.0042283	432.92	635.88	5.5540	0.77632	1.1011	585.28	-0.018617	4.3896e-05	0.061952	supercritical
674.36	480.00	236.17	0.0042343	433.73	636.98	5.5557	0.77655	1.1011	585.56	-0.018707	4.3925e-05	0.061997	supercritical
675.36	480.00	235.83	0.0042403	434.55	638.08	5.5573	0.77678	1.1011	585.84	-0.018797	4.3954e-05	0.062043	supercritical
676.36	480.00	235.50	0.0042462	435.36	639.18	5.5589	0.77701	1.1012	586.12	-0.018887	4.3983e-05	0.062088	supercritical
677.36	480.00	235.17	0.0042522	436.18	640.28	5.5605	0.77724	1.1012	586.39	-0.018976	4.4012e-05	0.062133	supercritical
678.36	480.00	234.84	0.0042582	436.99	641.39	5.5622	0.77746	1.1012	586.67	-0.019066	4.4040e-05	0.062178	supercritical
679.36	480.00	234.51	0.0042642	437.81	642.49	5.5638	0.77769	1.1012	586.95	-0.019155	4.4069e-05	0.062224	supercritical
680.36	480.00	234.19	0.0042701	438.62	643.59	5.5654	0.77792	1.1013	587.23	-0.019244	4.4098e-05	0.062269	supercritical
681.36	480.00	233.86	0.0042761	439.44	644.69	5.5670	0.77814	1.1013	587.50	-0.019333	4.4127e-05	0.062314	supercritical
682.36	480.00	233.53	0.0042820	440.25	645.79	5.5686	0.77837	1.1013	587.78	-0.019421	4.4156e-05	0.062360	supercritical
683.36	480.00	233.21	0.0042880	441.07	646.89	5.5703	0.77859	1.1014	588.06	-0.019510	4.4184e-05	0.062405	supercritical
684.36	480.00	232.89	0.0042940	441.88	647.99	5.5719	0.77882	1.1014	588.33	-0.019598	4.4213e-05	0.062451	supercritical
685.36	480.00	232.56	0.0042999	442.70	649.10	5.5735	0.77904	1.1014	588.61	-0.019686	4.4242e-05	0.062496	supercritical
686.36	480.00	232.24	0.0043059	443.51	650.20	5.5751	0.77927	1.1015	588.89	-0.019774	4.4271e-05	0.062542	supercritical
687.36	480.00	231.92	0.0043118	444.33	651.30	5.5767	0.77949	1.1015	589.16	-0.019861	4.4300e-05	0.062588	supercritical
688.36	480.00	231.60	0.0043178	445.15	652.40	5.5783	0.77972	1.1015	589.44	-0.019948	4.4329e-05	0.062633	supercritical
689.36	480.00	231.28	0.0043237	445.96	653.50	5.5799	0.77994	1.1016	589.72	-0.020036	4.4358e-05	0.062679	supercritical
690.36	480.00	230.96	0.0043297	446.78	654.60	5.5815	0.78017	1.1016	589.99	-0.020122	4.4387e-05	0.062725	supercritical
691.36	480.00	230.65	0.0043356	447.59	655.70	5.5831	0.78039	1.1017	590.27	-0.020209	4.4416e-05	0.062771	supercritical
692.36	480.00	230.33	0.0043416	448.41	656.81	5.5847	0.78061	1.1017	590.54	-0.020296	4.4445e-05	0.062816	supercritical
693.36	480.00	230.02	0.0043475	449.23	657.91	5.5863	0.78084	1.1017	590.82	-0.020382	4.4474e-05	0.062862	supercritical
694.36	480.00	229.70	0.0043535	450.04	659.01	5.5879	0.78106	1.1018	591.10	-0.020468	4.4503e-05	0.062908	supercritical
695.36	480.00	229.39	0.0043594	450.86	660.11	5.5894	0.78128	1.1018	591.37	-0.020554	4.4531e-05	0.062954	supercritical
696.36	480.00	229.08	0.0043654	451.68	661.21	5.5910	0.78150	1.1019	591.65	-0.020640	4.4560e-05	0.063000	supercritical
697.36	480.00	228.76	0.0043713	452.49	662.32	5.5926	0.78173	1.1019	591.92	-0.020725	4.4589e-05	0.063046	supercritical
698.36	480.00	228.45	0.0043773	453.31	663.42	5.5942	0.78195	1.1019	592.20	-0.020810	4.4618e-05	0.063092	supercritical
699.36	480.00	228.14	0.0043832	454.13	664.52	5.5958	0.78217	1.1020	592.48	-0.020895	4.4647e-05	0.063138	supercritical
700.36	480.00	227.84	0.0043891	454.94	665.62	5.5973	0.78239	1.1020	592.75	-0.020980	4.4676e-05	0.063184	supercritical
701.36	480.00	227.53	0.0043951	455.76	666.72	5.5989	0.78261	1.1021	593.03	-0.021065	4.4705e-05	0.063230	supercritical
702.36	480.00	227.22	0.0044010	456.58	667.83	5.6005	0.78283	1.1021	593.30	-0.021149	4.4735e-05	0.063276	supercritical
703.36	480.00	226.92	0.0044069	457.39	668.93	5.6020	0.78305	1.1022	593.58	-0.021234	4.4764e-05	0.063323	supercritical
704.36	480.00	226.61	0.0044129	458.21	670.03	5.6036	0.78327	1.1022	593.85	-0.021318	4.4793e-05	0.063369	supercritical
705.36	480.00	226.31	0.0044188	459.03	671.13	5.6052	0.78349	1.1022	594.13	-0.021401	4.4822e-05	0.063415	supercritical
706.36	480.00	226.00	0.0044247	459.85	672.23	5.6067	0.78371	1.1023	594.40	-0.021485	4.4851e-05	0.063461	supercritical
707.36	480.00	225.70	0.0044307	460.66	673.34	5.6083	0.78393	1.1023	594.68	-0.021569	4.4880e-05	0.063508	supercritical
708.36	480.00	225.40	0.0044366	461.48	674.44	5.6099	0.78415	1.1024	594.95	-0.021652	4.4909e-05	0.063554	supercritical
709.36	480.00	225.10	0.0044425	462.30	675.54	5.6114	0.78436	1.1024	595.23	-0.021735	4.4938e-05	0.063600	supercritical
710.36	480.00	224.80	0.0044484	463.12	676.64	5.6130	0.78458	1.1025	595.50	-0.021818	4.4967e-05	0.063647	supercritical
711.36	480.00	224.50	0.0044544	463.94	677.75	5.6145	0.78480	1.1025	595.78	-0.021900	4.4996e-05	0.063693	supercritical
712.36	480.00	224.20	0.0044603	464.76	678.85	5.6161	0.78502	1.1026	596.05	-0.021983	4.5025e-05	0.063740	supercritical
713.36	480.00	223.90	0.0044662	465.57	679.95	5.6176	0.78524	1.1026	596.33	-0.022065	4.5054e-05	0.063786	supercritical
714.36	480.00	223.61	0.0044721	466.39	681.05	5.6191	0.78545	1.1027	596.60	-0.022147	4.5083e-05	0.063833	supercritical
715.36	480.00	223.31	0.0044780	467.21	682.16	5.6207	0.78567	1.1027	596.88	-0.022229	4.5113e-05	0.063879	supercritical
716.36	480.00	223.02	0.0044839	468.03	683.26	5.6222	0.78588	1.1028	597.15	-0.022311	4.5142e-05	0.063926	supercritical
717.36	480.00	222.72	0.0044899	468.85	684.36	5.6238	0.78610	1.1028	597.42	-0.022392	4.5171e-05	0.063972	supercritical
718.36	480.00	222.43	0.0044958	469.67	685.46	5.6253	0.78632	1.1029	597.70	-0.022474	4.5200e-05	0.064019	supercritical
719.36	480.00	222.14	0.0045017	470.49	686.57	5.6268	0.78653	1.1029	597.97	-0.022555	4.5229e-05	0.064066	supercritical
720.36	480.00	221.85	0.0045076	471.31	687.67	5.6284	0.78675	1.1030	598.25	-0.022636	4.5258e-05	0.064112	supercritical
721.36	480.00	221.56	0.0045135	472.13	688.77	5.6299	0.78696	1.1030	598.52	-0.022716	4.5287e-05	0.064159	supercritical
722.36	480.00	221.27	0.0045194	472.94	689.88	5.6314	0.78718	1.1031	598.79	-0.022797	4.5317e-05	0.064206	supercritical
723.36	480.00	220.98	0.0045253	473.76	690.98	5.6330	0.78739	1.1031	599.07	-0.022877	4.5346e-05	0.064253	supercritical
724.36	480.00	220.69	0.0045312	474.58	692.08	5.6345	0.78760	1.1032	599.34	-0.022957	4.5375e-05	0.064299	supercritical
725.36	480.00	220.40	0.0045371	475.40	693.19	5.6360	0.78782	1.1032	599.61	-0.023037	4.5404e-05	0.064346	supercritical
726.36	480.00	220.12	0.0045430	476.22	694.29	5.6375	0.78803	1.1033	599.89	-0.023117	4.5433e-05	0.064393	supercritical
727.36	480.00	219.83	0.0045489	477.04	695.39	5.6390	0.78824	1.1033	600.16	-0.023197	4.5463e-05	0.064440	supercritical
728.36	480.00	219.55	0.0045548	477.86	696.50	5.6406	0.78846	1.1034	600.43	-0.023276	4.5492e-05	0.064487	supercritical
729.36	480.00	219.26	0.0045607	478.68	697.60	5.6421	0.78867	1.1034	600.71	-0.023355	4.5521e-05	0.064534	supercritical
730.36	480.00	218.98	0.0045666	479.50	698.70	5.6436	0.78888	1.1035	600.98	-0.023434	4.5550e-05	0.064581	supercritical
731.36	480.00	218.70	0.0045725	480.32	699.81	5.6451	0.78909	1.1036	601.25	-0.023513	4.5579e-05	0.064628	supercritical
732.36	480.00	218.41	0.0045784	481.14	700.91	5.6466	0.78930	1.1036	601.53	-0.023592	4.5609e-05	0.064675	supercritical
733.36	480.00	218.13	0.0045843	481.97	702.01	5.6481	0.78951	1.1037	601.80	-0.023670	4.5638e-05	0.064722	supercritical
734.36	480.00	217.85	0.0045902	482.79	703.12	5.6496	0.78972	1.1037	602.07	-0.023748	4.5667e-05	0.064769	supercritical
735.36	480.00	217.57	0.0045961	483.61	704.22	5.6511	0.78994	1.1038	602.35	-0.023827	4.5696e-05	0.064816	supercritical
736.36	480.00	217.30	0.0046020	484.43	705.32	5.6526	0.79015	1.1038	602.62	-0.023904	4.5725e-05	0.064863	supercritical
737.36	480.00	217.02	0.0046079	485.25	706.43	5.6541	0.79036	1.1039	602.89	-0.023982	4.5755e-05	0.064910	supercritical
738.36	480.00	216.74	0.0046138	486.07	707.53	5.6556	0.79056	1.1040	603.16	-0.024060	4.5784e-05	0.064957	supercritical
739.36	480.00	216.46	0.0046197	486.89	708.64	5.6571	0.79077	1.1040	603.44	-0.024137	4.5813e-05	0.065004	supercritical
740.36	480.00	216.19	0.0046256	487.71	709.74	5.6586	0.79098	1.1041	603.71	-0.024214	4.5842e-05	0.065052	supercritical
741.36	480.00	215.91	0.0046315	488.53	710.84	5.6601	0.79119	1.1041	603.98	-0.024291	4.5872e-05	0.065099	supercritical
742.36	480.00	215.64	0.0046373	489.36	711.95	5.6616	0.79140	1.1042	604.25	-0.024368	4.5901e-05	0.065146	supercritical
743.36	480.00	215.37	0.0046432	490.18	713.05	5.6631	0.79161	1.1042	604.52	-0.024445	4.5930e-05	0.065193	supercritical
744.36	480.00	215.09	0.0046491	491.00	714.16	5.6645	0.79181	1.1043	604.80	-0.024521	4.5959e-05	0.065241	supercritical
745.36	480.00	214.82	0.0046550	491.82	715.26	5.6660	0.79202	1.1044	605.07	-0.024597	4.5989e-05	0.065288	supercritical
746.36	480.00	214.55	0.0046609	492.64	716.37	5.6675	0.79223	1.1044	605.34	-0.024674	4.6018e-05	0.065335	supercritical
747.36	480.00	214.28	0.0046668	493.47	717.47	5.6690	0.79244	1.1045	605.61	-0.024749	4.6047e-05	0.065383	supercritical
748.36	480.00	214.01	0.0046726	494.29	718.58	5.6705	0.79264	1.1046	605.88	-0.024825	4.6076e-05	0.065430	supercritical
749.36	480.00	213.74	0.0046785	495.11	719.68	5.6719	0.79285	1.1046	606.15	-0.024901	4.6106e-05	0.065477	supercritical
750.36	480.00	213.48	0.0046844	495.93	720.78	5.6734	0.79305	1.1047	606.43	-0.024976	4.6135e-05	0.065525	supercritical
751.36	480.00	213.21	0.0046903	496.76	721.89	5.6749	0.79326	1.1047	606.70	-0.025051	4.6164e-05	0.065572	supercritical
752.36	480.00	212.94	0.0046961	497.58	722.99	5.6764	0.79346	1.1048	606.97	-0.025126	4.6194e-05	0.065620	supercritical
753.36	480.00	212.68	0.0047020	498.40	724.10	5.6778	0.79367	1.1049	607.24	-0.025201	4.6223e-05	0.065667	supercritical
754.36	480.00	212.41	0.0047079	499.23	725.20	5.6793	0.79387	1.1049	607.51	-0.025276	4.6252e-05	0.065715	supercritical
755.36	480.00	212.15	0.0047137	500.05	726.31	5.6807	0.79408	1.1050	607.78	-0.025350	4.6281e-05	0.065762	supercritical
756.36	480.00	211.88	0.0047196	500.87	727.41	5.6822	0.79428	1.1050	608.05	-0.025425	4.6311e-05	0.065810	supercritical
757.36	480.00	211.62	0.0047255	501.70	728.52	5.6837	0.79448	1.1051	608.32	-0.025499	4.6340e-05	0.065857	supercritical
758.36	480.00	211.36	0.0047313	502.52	729.62	5.6851	0.79469	1.1052	608.59	-0.025573	4.6369e-05	0.065905	supercritical
759.36	480.00	211.09	0.0047372	503.34	730.73	5.6866	0.79489	1.1052	608.86	-0.025647	4.6399e-05	0.065953	supercritical
760.36	480.00	210.83	0.0047431	504.17	731.83	5.6880	0.79509	1.1053	609.13	-0.025720	4.6428e-05	0.066000	supercritical
761.36	480.00	210.57	0.0047489	504.99	732.94	5.6895	0.79530	1.1054	609.40	-0.025794	4.6457e-05	0.066048	supercritical
762.36	480.00	210.31	0.0047548	505.81	734.05	5.6909	0.79550	1.1054	609.67	-0.025867	4.6487e-05	0.066095	supercritical
763.36	480.00	210.05	0.0047607	506.64	735.15	5.6924	0.79570	1.1055	609.94	-0.025940	4.6516e-05	0.066143	supercritical
764.36	480.00	209.80	0.0047665	507.46	736.26	5.6938	0.79590	1.1056	610.21	-0.026013	4.6545e-05	0.066191	supercritical
765.36	480.00	209.54	0.0047724	508.29	737.36	5.6953	0.79610	1.1056	610.48	-0.026086	4.6574e-05	0.066239	supercritical
766.36	480.00	209.28	0.0047782	509.11	738.47	5.6967	0.79630	1.1057	610.75	-0.026159	4.6604e-05	0.066286	supercritical
767.36	480.00	209.03	0.0047841	509.94	739.57	5.6982	0.79650	1.1058	611.02	-0.026231	4.6633e-05	0.066334	supercritical
768.36	480.00	208.77	0.0047900	510.76	740.68	5.6996	0.79670	1.1058	611.29	-0.026303	4.6662e-05	0.066382	supercritical
769.36	480.00	208.52	0.0047958	511.59	741.78	5.7010	0.79690	1.1059	611.56	-0.026376	4.6692e-05	0.066430	supercritical
770.36	480.00	208.26	0.0048017	512.41	742.89	5.7025	0.79710	1.1060	611.83	-0.026447	4.6721e-05	0.066477	supercritical
771.36	480.00	208.01	0.0048075	513.24	744.00	5.7039	0.79730	1.1060	612.10	-0.026519	4.6750e-05	0.066525	supercritical
772.36	480.00	207.75	0.0048134	514.06	745.10	5.7054	0.79750	1.1061	612.37	-0.026591	4.6780e-05	0.066573	supercritical
773.36	480.00	207.50	0.0048192	514.89	746.21	5.7068	0.79770	1.1062	612.64	-0.026662	4.6809e-05	0.066621	supercritical
774.36	480.00	207.25	0.0048251	515.71	747.32	5.7082	0.79790	1.1062	612.91	-0.026734	4.6838e-05	0.066669	supercritical
775.36	480.00	207.00	0.0048309	516.54	748.42	5.7096	0.79809	1.1063	613.18	-0.026805	4.6868e-05	0.066717	supercritical
776.36	480.00	206.75	0.0048368	517.36	749.53	5.7111	0.79829	1.1064	613.45	-0.026876	4.6897e-05	0.066765	supercritical
777.36	480.00	206.50	0.0048426	518.19	750.63	5.7125	0.79849	1.1064	613.72	-0.026946	4.6926e-05	0.066813	supercritical
778.36	480.00	206.25	0.0048485	519.01	751.74	5.7139	0.79868	1.1065	613.99	-0.027017	4.6956e-05	0.066861	supercritical
779.36	480.00	206.00	0.0048543	519.84	752.85	5.7153	0.79888	1.1066	614.26	-0.027088	4.6985e-05	0.066909	supercritical
780.36	480.00	205.76	0.0048601	520.67	753.95	5.7168	0.79908	1.1066	614.52	-0.027158	4.7014e-05	0.066957	supercritical
781.36	480.00	205.51	0.0048660	521.49	755.06	5.7182	0.79927	1.1067	614.79	-0.027228	4.7043e-05	0.067005	supercritical
782.36	480.00	205.26	0.0048718	522.32	756.17	5.7196	0.79947	1.1068	615.06	-0.027298	4.7073e-05	0.067053	supercritical
783.36	480.00	205.02	0.0048777	523.15	757.27	5.7210	0.79966	1.1068	615.33	-0.027368	4.7102e-05	0.067101	supercritical
784.36	480.00	204.77	0.0048835	523.97	758.38	5.7224	0.79986	1.1069	615.60	-0.027437	4.7131e-05	0.067149	supercritical
785.36	480.00	204.53	0.0048893	524.80	759.49	5.7238	0.80005	1.1070	615.87	-0.027507	4.7161e-05	0.067197	supercritical
786.36	480.00	204.28	0.0048952	525.63	760.59	5.7252	0.80025	1.1070	616.13	-0.027576	4.7190e-05	0.067245	supercritical
787.36	480.00	204.04	0.0049010	526.45	761.70	5.7266	0.80044	1.1071	616.40	-0.027646	4.7219e-05	0.067293	supercritical
788.36	480.00	203.80	0.0049069	527.28	762.81	5.7280	0.80064	1.1072	616.67	-0.027715	4.7249e-05	0.067341	supercritical
789.36	480.00	203.55	0.0049127	528.11	763.92	5.7294	0.80083	1.1073	616.94	-0.027783	4.7278e-05	0.067389	supercritical
790.36	480.00	203.31	0.0049185	528.93	765.02	5.7308	0.80102	1.1073	617.21	-0.027852	4.7307e-05	0.067437	supercritical
791.36	480.00	203.07	0.0049244	529.76	766.13	5.7322	0.80121	1.1074	617.47	-0.027921	4.7337e-05	0.067486	supercritical
792.36	480.00	202.83	0.0049302	530.59	767.24	5.7336	0.80141	1.1075	617.74	-0.027989	4.7366e-05	0.067534	supercritical
793.36	480.00	202.59	0.0049360	531.42	768.35	5.7350	0.80160	1.1075	618.01	-0.028057	4.7395e-05	0.067582	supercritical
794.36	480.00	202.35	0.0049418	532.24	769.45	5.7364	0.80179	1.1076	618.28	-0.028125	4.7425e-05	0.067630	supercritical
795.36	480.00	202.12	0.0049477	533.07	770.56	5.7378	0.80198	1.1077	618.54	-0.028193	4.7454e-05	0.067678	supercritical
796.36	480.00	201.88	0.0049535	533.90	771.67	5.7392	0.80217	1.1078	618.81	-0.028261	4.7483e-05	0.067727	supercritical
797.36	480.00	201.64	0.0049593	534.73	772.78	5.7406	0.80236	1.1078	619.08	-0.028329	4.7513e-05	0.067775	supercritical
798.36	480.00	201.40	0.0049652	535.56	773.88	5.7420	0.80255	1.1079	619.34	-0.028396	4.7542e-05	0.067823	supercritical
799.36	480.00	201.17	0.0049710	536.39	774.99	5.7434	0.80275	1.1080	619.61	-0.028463	4.7571e-05	0.067871	supercritical
800.36	480.00	200.93	0.0049768	537.21	776.10	5.7448	0.80293	1.1080	619.88	-0.028531	4.7600e-05	0.067920	supercritical
801.36	480.00	200.70	0.0049826	538.04	777.21	5.7462	0.80312	1.1081	620.14	-0.028598	4.7630e-05	0.067968	supercritical
802.36	480.00	200.46	0.0049884	538.87	778.32	5.7475	0.80331	1.1082	620.41	-0.028664	4.7659e-05	0.068016	supercritical
803.36	480.00	200.23	0.0049943	539.70	779.42	5.7489	0.80350	1.1083	620.68	-0.028731	4.7688e-05	0.068065	supercritical
804.36	480.00	200.00	0.0050001	540.53	780.53	5.7503	0.80369	1.1083	620.94	-0.028798	4.7718e-05	0.068113	supercritical
805.36	480.00	199.76	0.0050059	541.36	781.64	5.7517	0.80388	1.1084	621.21	-0.028864	4.7747e-05	0.068161	supercritical
806.36	480.00	199.53	0.0050117	542.19	782.75	5.7531	0.80407	1.1085	621.48	-0.028930	4.7776e-05	0.068210	supercritical
807.36	480.00	199.30	0.0050175	543.02	783.86	5.7544	0.80426	1.1085	621.74	-0.028996	4.7806e-05	0.068258	supercritical
808.36	480.00	199.07	0.0050234	543.85	784.97	5.7558	0.80444	1.1086	622.01	-0.029062	4.7835e-05	0.068307	supercritical
809.36	480.00	198.84	0.0050292	544.68	786.08	5.7572	0.80463	1.1087	622.27	-0.029128	4.7864e-05	0.068355	supercritical
810.36	480.00	198.61	0.0050350	545.50	787.18	5.7585	0.80482	1.1088	622.54	-0.029194	4.7894e-05	0.068403	supercritical
811.36	480.00	198.38	0.0050408	546.33	788.29	5.7599	0.80500	1.1088	622.81	-0.029259	4.7923e-05	0.068452	supercritical
812.36	480.00	198.15	0.0050466	547.16	789.40	5.7613	0.80519	1.1089	623.07	-0.029325	4.7952e-05	0.068500	supercritical
813.36	480.00	197.92	0.0050524	547.99	790.51	5.7626	0.80537	1.1090	623.34	-0.029390	4.7981e-05	0.068549	supercritical
814.36	480.00	197.70	0.0050582	548.82	791.62	5.7640	0.80556	1.1091	623.60	-0.029455	4.8011e-05	0.068597	supercritical
815.36	480.00	197.47	0.0050640	549.65	792.73	5.7654	0.80575	1.1091	623.87	-0.029520	4.8040e-05	0.068646	supercritical
816.36	480.00	197.24	0.0050699	550.49	793.84	5.7667	0.80593	1.1092	624.13	-0.029584	4.8069e-05	0.068694	supercritical
817.36	480.00	197.02	0.0050757	551.32	794.95	5.7681	0.80611	1.1093	624.40	-0.029649	4.8099e-05	0.068743	supercritical
818.36	480.00	196.79	0.0050815	552.15	796.06	5.7694	0.80630	1.1094	624.66	-0.029714	4.8128e-05	0.068791	supercritical
819.36	480.00	196.57	0.0050873	552.98	797.17	5.7708	0.80648	1.1094	624.93	-0.029778	4.8157e-05	0.068840	supercritical
820.36	480.00	196.34	0.0050931	553.81	798.28	5.7721	0.80667	1.1095	625.19	-0.029842	4.8186e-05	0.068888	supercritical
821.36	480.00	196.12	0.0050989	554.64	799.39	5.7735	0.80685	1.1096	625.46	-0.029906	4.8216e-05	0.068937	supercritical
822.36	480.00	195.90	0.0051047	555.47	800.49	5.7748	0.80703	1.1096	625.72	-0.029970	4.8245e-05	0.068985	supercritical
823.36	480.00	195.68	0.0051105	556.30	801.60	5.7762	0.80722	1.1097	625.99	-0.030034	4.8274e-05	0.069034	supercritical
824.36	480.00	195.45	0.0051163	557.13	802.71	5.7775	0.80740	1.1098	626.25	-0.030097	4.8304e-05	0.069083	supercritical
825.36	480.00	195.23	0.0051221	557.96	803.82	5.7789	0.80758	1.1099	626.52	-0.030161	4.8333e-05	0.069131	supercritical
826.36	480.00	195.01	0.0051279	558.79	804.93	5.7802	0.80776	1.1099	626.78	-0.030224	4.8362e-05	0.069180	supercritical
827.36	480.00	194.79	0.0051337	559.63	806.04	5.7816	0.80794	1.1100	627.05	-0.030287	4.8391e-05	0.069228	supercritical
828.36	480.00	194.57	0.0051395	560.46	807.15	5.7829	0.80812	1.1101	627.31	-0.030350	4.8421e-05	0.069277	supercritical
829.36	480.00	194.35	0.0051453	561.29	808.26	5.7843	0.80830	1.1102	627.57	-0.030413	4.8450e-05	0.069326	supercritical
830.36	480.00	194.13	0.0051511	562.12	809.37	5.7856	0.80849	1.1102	627.84	-0.030476	4.8479e-05	0.069374	supercritical
831.36	480.00	193.92	0.0051569	562.95	810.48	5.7869	0.80867	1.1103	628.10	-0.030539	4.8508e-05	0.069423	supercritical
832.36	480.00	193.70	0.0051627	563.79	811.59	5.7883	0.80885	1.1104	628.37	-0.030601	4.8538e-05	0.069472	supercritical
833.36	480.00	193.48	0.0051685	564.62	812.71	5.7896	0.80902	1.1105	628.63	-0.030663	4.8567e-05	0.069520	supercritical
834.36	480.00	193.26	0.0051743	565.45	813.82	5.7909	0.80920	1.1105	628.89	-0.030726	4.8596e-05	0.069569	supercritical
835.36	480.00	193.05	0.0051801	566.28	814.93	5.7923	0.80938	1.1106	629.16	-0.030788	4.8625e-05	0.069618	supercritical
836.36	480.00	192.83	0.0051858	567.12	816.04	5.7936	0.80956	1.1107	629.42	-0.030850	4.8655e-05	0.069667	supercritical
837.36	480.00	192.62	0.0051916	567.95	817.15	5.7949	0.80974	1.1108	629.68	-0.030911	4.8684e-05	0.069715	supercritical
838.36	480.00	192.40	0.0051974	568.78	818.26	5.7962	0.80992	1.1109	629.95	-0.030973	4.8713e-05	0.069764	supercritical
839.36	480.00	192.19	0.0052032	569.62	819.37	5.7976	0.81010	1.1109	630.21	-0.031035	4.8742e-05	0.069813	supercritical
840.36	480.00	191.98	0.0052090	570.45	820.48	5.7989	0.81027	1.1110	630.47	-0.031096	4.8772e-05	0.069862	supercritical
841.36	480.00	191.76	0.0052148	571.28	821.59	5.8002	0.81045	1.1111	630.73	-0.031157	4.8801e-05	0.069910	supercritical
842.36	480.00	191.55	0.0052206	572.12	822.70	5.8015	0.81063	1.1112	631.00	-0.031218	4.8830e-05	0.069959	supercritical
843.36	480.00	191.34	0.0052264	572.95	823.81	5.8028	0.81080	1.1112	631.26	-0.031279	4.8859e-05	0.070008	supercritical
844.36	480.00	191.13	0.0052321	573.78	824.93	5.8042	0.81098	1.1113	631.52	-0.031340	4.8889e-05	0.070057	supercritical
845.36	480.00	190.92	0.0052379	574.62	826.04	5.8055	0.81116	1.1114	631.79	-0.031401	4.8918e-05	0.070106	supercritical
846.36	480.00	190.70	0.0052437	575.45	827.15	5.8068	0.81133	1.1115	632.05	-0.031461	4.8947e-05	0.070154	supercritical
847.36	480.00	190.49	0.0052495	576.28	828.26	5.8081	0.81151	1.1115	632.31	-0.031522	4.8976e-05	0.070203	supercritical
848.36	480.00	190.28	0.0052553	577.12	829.37	5.8094	0.81168	1.1116	632.57	-0.031582	4.9005e-05	0.070252	supercritical
849.36	480.00	190.08	0.0052611	577.95	830.48	5.8107	0.81186	1.1117	632.83	-0.031642	4.9035e-05	0.070301	supercritical
850.36	480.00	189.87	0.0052668	578.79	831.59	5.8120	0.81203	1.1118	633.10	-0.031702	4.9064e-05	0.070350	supercritical
851.36	480.00	189.66	0.0052726	579.62	832.71	5.8133	0.81221	1.1118	633.36	-0.031762	4.9093e-05	0.070399	supercritical
852.36	480.00	189.45	0.0052784	580.46	833.82	5.8146	0.81238	1.1119	633.62	-0.031822	4.9122e-05	0.070447	supercritical
853.36	480.00	189.24	0.0052842	581.29	834.93	5.8159	0.81255	1.1120	633.88	-0.031882	4.9152e-05	0.070496	supercritical
854.36	480.00	189.04	0.0052899	582.12	836.04	5.8172	0.81273	1.1121	634.14	-0.031941	4.9181e-05	0.070545	supercritical
855.36	480.00	188.83	0.0052957	582.96	837.15	5.8186	0.81290	1.1121	634.41	-0.032000	4.9210e-05	0.070594	supercritical
856.36	480.00	188.63	0.0053015	583.79	838.27	5.8198	0.81307	1.1122	634.67	-0.032060	4.9239e-05	0.070643	supercritical
857.36	480.00	188.42	0.0053073	584.63	839.38	5.8211	0.81324	1.1123	634.93	-0.032119	4.9268e-05	0.070692	supercritical
858.36	480.00	188.22	0.0053130	585.46	840.49	5.8224	0.81342	1.1124	635.19	-0.032178	4.9297e-05	0.070741	supercritical
859.36	480.00	188.01	0.0053188	586.30	841.60	5.8237	0.81359	1.1125	635.45	-0.032237	4.9327e-05	0.070790	supercritical
860.36	480.00	187.81	0.0053246	587.14	842.72	5.8250	0.81376	1.1125	635.71	-0.032295	4.9356e-05	0.070839	supercritical
861.36	480.00	187.60	0.0053304	587.97	843.83	5.8263	0.81393	1.1126	635.97	-0.032354	4.9385e-05	0.070888	supercritical
862.36	480.00	187.40	0.0053361	588.81	844.94	5.8276	0.81410	1.1127	636.23	-0.032412	4.9414e-05	0.070937	supercritical
863.36	480.00	187.20	0.0053419	589.64	846.05	5.8289	0.81427	1.1128	636.49	-0.032471	4.9443e-05	0.070986	supercritical
864.36	480.00	187.00	0.0053477	590.48	847.17	5.8302	0.81444	1.1128	636.76	-0.032529	4.9472e-05	0.071035	supercritical
865.36	480.00	186.80	0.0053534	591.31	848.28	5.8315	0.81461	1.1129	637.02	-0.032587	4.9502e-05	0.071084	supercritical
866.36	480.00	186.60	0.0053592	592.15	849.39	5.8328	0.81478	1.1130	637.28	-0.032645	4.9531e-05	0.071133	supercritical
867.36	480.00	186.39	0.0053650	592.99	850.51	5.8341	0.81495	1.1131	637.54	-0.032703	4.9560e-05	0.071182	supercritical
868.36	480.00	186.19	0.0053707	593.82	851.62	5.8353	0.81512	1.1131	637.80	-0.032761	4.9589e-05	0.071231	supercritical
869.36	480.00	185.99	0.0053765	594.66	852.73	5.8366	0.81529	1.1132	638.06	-0.032818	4.9618e-05	0.071280	supercritical
870.36	480.00	185.80	0.0053823	595.50	853.84	5.8379	0.81546	1.1133	638.32	-0.032876	4.9647e-05	0.071329	supercritical
871.36	480.00	185.60	0.0053880	596.33	854.96	5.8392	0.81563	1.1134	638.58	-0.032933	4.9677e-05	0.071378	supercritical
872.36	480.00	185.40	0.0053938	597.17	856.07	5.8405	0.81579	1.1135	638.84	-0.032990	4.9706e-05	0.071427	supercritical
873.36	480.00	185.20	0.0053995	598.01	857.19	5.8417	0.81596	1.1135	639.10	-0.033047	4.9735e-05	0.071476	supercritical
874.36	480.00	185.00	0.0054053	598.84	858.30	5.8430	0.81613	1.1136	639.36	-0.033104	4.9764e-05	0.071525	supercritical
875.36	480.00	184.81	0.0054111	599.68	859.41	5.8443	0.81630	1.1137	639.62	-0.033161	4.9793e-05	0.071574	supercritical
876.36	480.00	184.61	0.0054168	600.52	860.53	5.8455	0.81646	1.1138	639.88	-0.033218	4.9822e-05	0.071623	supercritical
877.36	480.00	184.41	0.0054226	601.36	861.64	5.8468	0.81663	1.1138	640.14	-0.033274	4.9851e-05	0.071672	supercritical
878.36	480.00	184.22	0.0054283	602.19	862.75	5.8481	0.81680	1.1139	640.40	-0.033331	4.9880e-05	0.071721	supercritical
879.36	480.00	184.02	0.0054341	603.03	863.87	5.8494	0.81696	1.1140	640.65	-0.033387	4.9909e-05	0.071770	supercritical
880.36	480.00	183.83	0.0054399	603.87	864.98	5.8506	0.81713	1.1141	640.91	-0.033443	4.9939e-05	0.071819	supercritical
881.36	480.00	183.63	0.0054456	604.71	866.10	5.8519	0.81729	1.1142	641.17	-0.033500	4.9968e-05	0.071868	supercritical
882.36	480.00	183.44	0.0054514	605.54	867.21	5.8531	0.81746	1.1142	641.43	-0.033556	4.9997e-05	0.071917	supercritical
883.36	480.00	183.25	0.0054571	606.38	868.32	5.8544	0.81762	1.1143	641.69	-0.033611	5.0026e-05	0.071966	supercritical
884.36	480.00	183.05	0.0054629	607.22	869.44	5.8557	0.81779	1.1144	641.95	-0.033667	5.0055e-05	0.072015	supercritical
885.36	480.00	182.86	0.0054686	608.06	870.55	5.8569	0.81795	1.1145	642.21	-0.033723	5.0084e-05	0.072065	supercritical
886.36	480.00	182.67	0.0054744	608.90	871.67	5.8582	0.81811	1.1145	642.47	-0.033778	5.0113e-05	0.072114	supercritical
887.36	480.00	182.48	0.0054801	609.74	872.78	5.8594	0.81828	1.1146	642.73	-0.033834	5.0142e-05	0.072163	supercritical
888.36	480.00	182.29	0.0054859	610.57	873.90	5.8607	0.81844	1.1147	642.98	-0.033889	5.0171e-05	0.072212	supercritical
889.36	480.00	182.10	0.0054916	611.41	875.01	5.8620	0.81860	1.1148	643.24	-0.033944	5.0200e-05	0.072261	supercritical
890.36	480.00	181.90	0.0054974	612.25	876.13	5.8632	0.81877	1.1149	643.50	-0.033999	5.0229e-05	0.072310	supercritical
891.36	480.00	181.71	0.0055031	613.09	877.24	5.8645	0.81893	1.1149	643.76	-0.034054	5.0258e-05	0.072359	supercritical
892.36	480.00	181.53	0.0055089	613.93	878.36	5.8657	0.81909	1.1150	644.02	-0.034109	5.0287e-05	0.072409	supercritical
893.36	480.00	181.34	0.0055146	614.77	879.47	5.8670	0.81925	1.1151	644.27	-0.034164	5.0317e-05	0.072458	supercritical
894.36	480.00	181.15	0.0055204	615.61	880.59	5.8682	0.81942	1.1152	644.53	-0.034218	5.0346e-05	0.072507	supercritical
895.36	480.00	180.96	0.0055261	616.45	881.70	5.8694	0.81958	1.1152	644.79	-0.034273	5.0375e-05	0.072556	supercritical
896.36	480.00	180.77	0.0055319	617.29	882.82	5.8707	0.81974	1.1153	645.05	-0.034327	5.0404e-05	0.072605	supercritical
897.36	480.00	180.58	0.0055376	618.13	883.93	5.8719	0.81990	1.1154	645.31	-0.034381	5.0433e-05	0.072654	supercritical
898.36	480.00	180.40	0.0055433	618.97	885.05	5.8732	0.82006	1.1155	645.56	-0.034435	5.0462e-05	0.072704	supercritical
899.36	480.00	180.21	0.0055491	619.81	886.16	5.8744	0.82022	1.1156	645.82	-0.034489	5.0491e-05	0.072753	supercritical
900.36	480.00	180.02	0.0055548	620.65	887.28	5.8757	0.82038	1.1156	646.08	-0.034543	5.0520e-05	0.072802	supercritical
901.36	480.00	179.84	0.0055606	621.49	888.39	5.8769	0.82054	1.1157	646.33	-0.034597	5.0549e-05	0.072851	supercritical
902.36	480.00	179.65	0.0055663	622.33	889.51	5.8781	0.82070	1.1158	646.59	-0.034651	5.0578e-05	0.072900	supercritical
903.36	480.00	179.47	0.0055721	623.17	890.63	5.8794	0.82086	1.1159	646.85	-0.034704	5.0607e-05	0.072950	supercritical
904.36	480.00	179.28	0.0055778	624.01	891.74	5.8806	0.82102	1.1159	647.11	-0.034758	5.0636e-05	0.072999	supercritical
905.36	480.00	179.10	0.0055835	624.85	892.86	5.8818	0.82117	1.1160	647.36	-0.034811	5.0665e-05	0.073048	supercritical
906.36	480.00	178.91	0.0055893	625.69	893.97	5.8831	0.82133	1.1161	647.62	-0.034864	5.0694e-05	0.073097	supercritical
907.36	480.00	178.73	0.0055950	626.53	895.09	5.8843	0.82149	1.1162	647.88	-0.034917	5.0723e-05	0.073147	supercritical
908.36	480.00	178.55	0.0056007	627.37	896.21	5.8855	0.82165	1.1163	648.13	-0.034970	5.0752e-05	0.073196	supercritical
909.36	480.00	178.37	0.0056065	628.21	897.32	5.8868	0.82181	1.1163	648.39	-0.035023	5.0781e-05	0.073245	supercritical
910.36	480.00	178.18	0.0056122	629.05	898.44	5.8880	0.82196	1.1164	648.65	-0.035076	5.0810e-05	0.073294	supercritical
911.36	480.00	178.00	0.0056179	629.89	899.56	5.8892	0.82212	1.1165	648.90	-0.035128	5.0839e-05	0.073343	supercritical
912.36	480.00	177.82	0.0056237	630.74	900.67	5.8904	0.82228	1.1166	649.16	-0.035181	5.0868e-05	0.073393	supercritical
913.36	480.00	177.64	0.0056294	631.58	901.79	5.8917	0.82243	1.1166	649.41	-0.035233	5.0897e-05	0.073442	supercritical
914.36	480.00	177.46	0.0056351	632.42	902.91	5.8929	0.82259	1.1167	649.67	-0.035286	5.0926e-05	0.073491	supercritical
915.36	480.00	177.28	0.0056409	633.26	904.02	5.8941	0.82275	1.1168	649.93	-0.035338	5.0955e-05	0.073541	supercritical
916.36	480.00	177.10	0.0056466	634.10	905.14	5.8953	0.82290	1.1169	650.18	-0.035390	5.0983e-05	0.073590	supercritical
917.36	480.00	176.92	0.0056523	634.94	906.26	5.8965	0.82306	1.1170	650.44	-0.035442	5.1012e-05	0.073639	supercritical
918.36	480.00	176.74	0.0056581	635.79	907.37	5.8978	0.82321	1.1170	650.69	-0.035494	5.1041e-05	0.073688	supercritical
919.36	480.00	176.56	0.0056638	636.63	908.49	5.8990	0.82337	1.1171	650.95	-0.035546	5.1070e-05	0.073738	supercritical
920.36	480.00	176.38	0.0056695	637.47	909.61	5.9002	0.82352	1.1172	651.20	-0.035597	5.1099e-05	0.073787	supercritical
921.36	480.00	176.20	0.0056753	638.31	910.72	5.9014	0.82368	1.1173	651.46	-0.035649	5.1128e-05	0.073836	supercritical
922.36	480.00	176.03	0.0056810	639.15	911.84	5.9026	0.82383	1.1173	651.71	-0.035700	5.1157e-05	0.073886	supercritical
923.36	480.00	175.85	0.0056867	640.00	912.96	5.9038	0.82398	1.1174	651.97	-0.035752	5.1186e-05	0.073935	supercritical
924.36	480.00	175.67	0.0056924	640.84	914.08	5.9050	0.82414	1.1175	652.22	-0.035803	5.1215e-05	0.073984	supercritical
925.36	480.00	175.50	0.0056982	641.68	915.19	5.9062	0.82429	1.1176	652.48	-0.035854	5.1244e-05	0.074033	supercritical
926.36	480.00	175.32	0.0057039	642.53	916.31	5.9074	0.82444	1.1177	652.73	-0.035905	5.1273e-05	0.074083	supercritical
927.36	480.00	175.14	0.0057096	643.37	917.43	5.9087	0.82460	1.1177	652.99	-0.035956	5.1302e-05	0.074132	supercritical
928.36	480.00	174.97	0.0057153	644.21	918.55	5.9099	0.82475	1.1178	653.24	-0.036007	5.1330e-05	0.074181	supercritical
929.36	480.00	174.79	0.0057210	645.05	919.67	5.9111	0.82490	1.1179	653.50	-0.036057	5.1359e-05	0.074231	supercritical
930.36	480.00	174.62	0.0057268	645.90	920.78	5.9123	0.82505	1.1180	653.75	-0.036108	5.1388e-05	0.074280	supercritical
931.36	480.00	174.44	0.0057325	646.74	921.90	5.9135	0.82520	1.1180	654.01	-0.036159	5.1417e-05	0.074329	supercritical
932.36	480.00	174.27	0.0057382	647.58	923.02	5.9147	0.82535	1.1181	654.26	-0.036209	5.1446e-05	0.074379	supercritical
933.36	480.00	174.10	0.0057439	648.43	924.14	5.9159	0.82551	1.1182	654.52	-0.036259	5.1475e-05	0.074428	supercritical
934.36	480.00	173.92	0.0057497	649.27	925.26	5.9171	0.82566	1.1183	654.77	-0.036309	5.1504e-05	0.074477	supercritical
935.36	480.00	173.75	0.0057554	650.12	926.37	5.9183	0.82581	1.1184	655.02	-0.036359	5.1533e-05	0.074527	supercritical
936.36	480.00	173.58	0.0057611	650.96	927.49	5.9195	0.82596	1.1184	655.28	-0.036409	5.1561e-05	0.074576	supercritical
937.36	480.00	173.41	0.0057668	651.80	928.61	5.9206	0.82611	1.1185	655.53	-0.036459	5.1590e-05	0.074625	supercritical
938.36	480.00	173.23	0.0057725	652.65	929.73	5.9218	0.82626	1.1186	655.79	-0.036509	5.1619e-05	0.074675	supercritical
939.36	480.00	173.06	0.0057782	653.49	930.85	5.9230	0.82641	1.1187	656.04	-0.036559	5.1648e-05	0.074724	supercritical
940.36	480.00	172.89	0.0057840	654.34	931.97	5.9242	0.82656	1.1187	656.29	-0.036608	5.1677e-05	0.074774	supercritical
941.36	480.00	172.72	0.0057897	655.18	933.09	5.9254	0.82671	1.1188	656.55	-0.036658	5.1706e-05	0.074823	supercritical
942.36	480.00	172.55	0.0057954	656.03	934.20	5.9266	0.82685	1.1189	656.80	-0.036707	5.1734e-05	0.074872	supercritical
943.36	480.00	172.38	0.0058011	656.87	935.32	5.9278	0.82700	1.1190	657.05	-0.036756	5.1763e-05	0.074922	supercritical
944.36	480.00	172.21	0.0058068	657.72	936.44	5.9290	0.82715	1.1190	657.31	-0.036805	5.1792e-05	0.074971	supercritical
945.36	480.00	172.04	0.0058125	658.56	937.56	5.9302	0.82730	1.1191	657.56	-0.036855	5.1821e-05	0.075020	supercritical
946.36	480.00	171.87	0.0058182	659.41	938.68	5.9313	0.82745	1.1192	657.81	-0.036903	5.1850e-05	0.075070	supercritical
947.36	480.00	171.70	0.0058239	660.25	939.80	5.9325	0.82759	1.1193	658.06	-0.036952	5.1878e-05	0.075119	supercritical
948.36	480.00	171.54	0.0058297	661.10	940.92	5.9337	0.82774	1.1194	658.32	-0.037001	5.1907e-05	0.075169	supercritical
949.36	480.00	171.37	0.0058354	661.94	942.04	5.9349	0.82789	1.1194	658.57	-0.037050	5.1936e-05	0.075218	supercritical
950.36	480.00	171.20	0.0058411	662.79	943.16	5.9361	0.82804	1.1195	658.82	-0.037098	5.1965e-05	0.075267	supercritical
951.36	480.00	171.03	0.0058468	663.63	944.28	5.9372	0.82818	1.1196	659.08	-0.037147	5.1994e-05	0.075317	supercritical
952.36	480.00	170.87	0.0058525	664.48	945.40	5.9384	0.82833	1.1197	659.33	-0.037195	5.2022e-05	0.075366	supercritical
953.36	480.00	170.70	0.0058582	665.32	946.52	5.9396	0.82847	1.1197	659.58	-0.037243	5.2051e-05	0.075416	supercritical
954.36	480.00	170.53	0.0058639	666.17	947.64	5.9408	0.82862	1.1198	659.83	-0.037292	5.2080e-05	0.075465	supercritical
955.36	480.00	170.37	0.0058696	667.01	948.76	5.9419	0.82877	1.1199	660.08	-0.037340	5.2109e-05	0.075514	supercritical
956.36	480.00	170.20	0.0058753	667.86	949.88	5.9431	0.82891	1.1200	660.34	-0.037388	5.2137e-05	0.075564	supercritical
957.36	480.00	170.04	0.0058810	668.71	951.00	5.9443	0.82906	1.1201	660.59	-0.037435	5.2166e-05	0.075613	supercritical
958.36	480.00	169.87	0.0058867	669.55	952.12	5.9454	0.82920	1.1201	660.84	-0.037483	5.2195e-05	0.075663	supercritical
959.36	480.00	169.71	0.0058924	670.40	953.24	5.9466	0.82935	1.1202	661.09	-0.037531	5.2224e-05	0.075712	supercritical
960.36	480.00	169.55	0.0058981	671.25	954.36	5.9478	0.82949	1.1203	661.34	-0.037578	5.2252e-05	0.075761	supercritical
961.36	480.00	169.38	0.0059038	672.09	955.48	5.9489	0.82963	1.1204	661.60	-0.037626	5.2281e-05	0.075811	supercritical
962.36	480.00	169.22	0.0059095	672.94	956.60	5.9501	0.82978	1.1204	661.85	-0.037673	5.2310e-05	0.075860	supercritical
963.36	480.00	169.05	0.0059152	673.79	957.72	5.9513	0.82992	1.1205	662.10	-0.037721	5.2338e-05	0.075910	supercritical
964.36	480.00	168.89	0.0059209	674.63	958.84	5.9524	0.83006	1.1206	662.35	-0.037768	5.2367e-05	0.075959	supercritical
965.36	480.00	168.73	0.0059266	675.48	959.96	5.9536	0.83021	1.1207	662.60	-0.037815	5.2396e-05	0.076009	supercritical
966.36	480.00	168.57	0.0059323	676.33	961.08	5.9548	0.83035	1.1207	662.85	-0.037862	5.2425e-05	0.076058	supercritical
967.36	480.00	168.41	0.0059380	677.17	962.20	5.9559	0.83049	1.1208	663.10	-0.037909	5.2453e-05	0.076107	supercritical
968.36	480.00	168.24	0.0059437	678.02	963.32	5.9571	0.83064	1.1209	663.35	-0.037956	5.2482e-05	0.076157	supercritical
969.36	480.00	168.08	0.0059494	678.87	964.44	5.9582	0.83078	1.1210	663.61	-0.038002	5.2511e-05	0.076206	supercritical
970.36	480.00	167.92	0.0059551	679.72	965.56	5.9594	0.83092	1.1210	663.86	-0.038049	5.2539e-05	0.076256	supercritical
971.36	480.00	167.76	0.0059608	680.56	966.68	5.9605	0.83106	1.1211	664.11	-0.038095	5.2568e-05	0.076305	supercritical
972.36	480.00	167.60	0.0059665	681.41	967.81	5.9617	0.83120	1.1212	664.36	-0.038142	5.2597e-05	0.076355	supercritical
973.36	480.00	167.44	0.0059722	682.26	968.93	5.9629	0.83134	1.1213	664.61	-0.038188	5.2625e-05	0.076404	supercritical
974.36	480.00	167.28	0.0059779	683.11	970.05	5.9640	0.83148	1.1214	664.86	-0.038234	5.2654e-05	0.076453	supercritical
975.36	480.00	167.12	0.0059836	683.96	971.17	5.9652	0.83163	1.1214	665.11	-0.038281	5.2683e-05	0.076503	supercritical
976.36	480.00	166.96	0.0059893	684.80	972.29	5.9663	0.83177	1.1215	665.36	-0.038327	5.2711e-05	0.076552	supercritical
977.36	480.00	166.81	0.0059950	685.65	973.41	5.9675	0.83191	1.1216	665.61	-0.038373	5.2740e-05	0.076602	supercritical
978.36	480.00	166.65	0.0060007	686.50	974.53	5.9686	0.83205	1.1217	665.86	-0.038419	5.2768e-05	0.076651	supercritical
979.36	480.00	166.49	0.0060064	687.35	975.66	5.9697	0.83219	1.1217	666.11	-0.038464	5.2797e-05	0.076701	supercritical
980.36	480.00	166.33	0.0060121	688.20	976.78	5.9709	0.83233	1.1218	666.36	-0.038510	5.2826e-05	0.076750	supercritical
981.36	480.00	166.17	0.0060178	689.05	977.90	5.9720	0.83246	1.1219	666.61	-0.038556	5.2854e-05	0.076800	supercritical
982.36	480.00	166.02	0.0060235	689.89	979.02	5.9732	0.83260	1.1220	666.86	-0.038601	5.2883e-05	0.076849	supercritical
983.36	480.00	165.86	0.0060292	690.74	980.14	5.9743	0.83274	1.1220	667.11	-0.038647	5.2912e-05	0.076899	supercritical
984.36	480.00	165.70	0.0060349	691.59	981.27	5.9755	0.83288	1.1221	667.36	-0.038692	5.2940e-05	0.076948	supercritical
985.36	480.00	165.55	0.0060405	692.44	982.39	5.9766	0.83302	1.1222	667.61	-0.038737	5.2969e-05	0.076997	supercritical
986.36	480.00	165.39	0.0060462	693.29	983.51	5.9777	0.83316	1.1223	667.86	-0.038782	5.2997e-05	0.077047	supercritical
987.36	480.00	165.24	0.0060519	694.14	984.63	5.9789	0.83330	1.1223	668.11	-0.038827	5.3026e-05	0.077096	supercritical
988.36	480.00	165.08	0.0060576	694.99	985.75	5.9800	0.83343	1.1224	668.35	-0.038872	5.3055e-05	0.077146	supercritical
989.36	480.00	164.93	0.0060633	695.84	986.88	5.9811	0.83357	1.1225	668.60	-0.038917	5.3083e-05	0.077195	supercritical
990.36	480.00	164.77	0.0060690	696.69	988.00	5.9823	0.83371	1.1226	668.85	-0.038962	5.3112e-05	0.077245	supercritical
991.36	480.00	164.62	0.0060747	697.54	989.12	5.9834	0.83384	1.1227	669.10	-0.039007	5.3140e-05	0.077294	supercritical
992.36	480.00	164.46	0.0060804	698.39	990.24	5.9845	0.83398	1.1227	669.35	-0.039051	5.3169e-05	0.077344	supercritical
993.36	480.00	164.31	0.0060860	699.24	991.37	5.9857	0.83412	1.1228	669.60	-0.039096	5.3197e-05	0.077393	supercritical
994.36	480.00	164.16	0.0060917	700.09	992.49	5.9868	0.83425	1.1229	669.85	-0.039140	5.3226e-05	0.077443	supercritical
995.36	480.00	164.00	0.0060974	700.94	993.61	5.9879	0.83439	1.1230	670.10	-0.039185	5.3254e-05	0.077492	supercritical
996.36	480.00	163.85	0.0061031	701.79	994.74	5.9891	0.83453	1.1230	670.34	-0.039229	5.3283e-05	0.077542	supercritical
997.36	480.00	163.70	0.0061088	702.64	995.86	5.9902	0.83466	1.1231	670.59	-0.039273	5.3311e-05	0.077591	supercritical
998.36	480.00	163.55	0.0061145	703.49	996.98	5.9913	0.83480	1.1232	670.84	-0.039317	5.3340e-05	0.077641	supercritical
999.36	480.00	163.40	0.0061201	704.34	998.11	5.9924	0.83493	1.1233	671.09	-0.039361	5.3369e-05	0.077690	supercritical
1000.4	480.00	163.24	0.0061258	705.19	999.23	5.9936	0.83507	1.1233	671.34	-0.039405	5.3397e-05	0.077739	supercritical
1001.4	480.00	163.09	0.0061315	706.04	1000.4	5.9947	0.83520	1.1234	671.58	-0.039449	5.3426e-05	0.077789	supercritical
1002.4	480.00	162.94	0.0061372	706.89	1001.5	5.9958	0.83534	1.1235	671.83	-0.039493	5.3454e-05	0.077838	supercritical
1003.4	480.00	162.79	0.0061429	707.74	1002.6	5.9969	0.83547	1.1236	672.08	-0.039536	5.3483e-05	0.077888	supercritical
1004.4	480.00	162.64	0.0061485	708.59	1003.7	5.9980	0.83560	1.1236	672.33	-0.039580	5.3511e-05	0.077937	supercritical
1005.4	480.00	162.49	0.0061542	709.44	1004.8	5.9992	0.83574	1.1237	672.58	-0.039624	5.3540e-05	0.077987	supercritical
1006.4	480.00	162.34	0.0061599	710.30	1006.0	6.0003	0.83587	1.1238	672.82	-0.039667	5.3568e-05	0.078036	supercritical
1007.4	480.00	162.19	0.0061656	711.15	1007.1	6.0014	0.83601	1.1239	673.07	-0.039710	5.3596e-05	0.078086	supercritical
1008.4	480.00	162.04	0.0061712	712.00	1008.2	6.0025	0.83614	1.1239	673.32	-0.039753	5.3625e-05	0.078135	supercritical
1009.4	480.00	161.89	0.0061769	712.85	1009.3	6.0036	0.83627	1.1240	673.57	-0.039797	5.3653e-05	0.078185	supercritical
1010.4	480.00	161.74	0.0061826	713.70	1010.5	6.0047	0.83640	1.1241	673.81	-0.039840	5.3682e-05	0.078234	supercritical
1011.4	480.00	161.60	0.0061883	714.55	1011.6	6.0058	0.83654	1.1242	674.06	-0.039883	5.3710e-05	0.078284	supercritical
1012.4	480.00	161.45	0.0061940	715.40	1012.7	6.0070	0.83667	1.1242	674.31	-0.039926	5.3739e-05	0.078333	supercritical
1013.4	480.00	161.30	0.0061996	716.26	1013.8	6.0081	0.83680	1.1243	674.55	-0.039968	5.3767e-05	0.078383	supercritical
1014.4	480.00	161.15	0.0062053	717.11	1015.0	6.0092	0.83693	1.1244	674.80	-0.040011	5.3796e-05	0.078432	supercritical
1015.4	480.00	161.01	0.0062110	717.96	1016.1	6.0103	0.83707	1.1245	675.05	-0.040054	5.3824e-05	0.078482	supercritical
1016.4	480.00	160.86	0.0062166	718.81	1017.2	6.0114	0.83720	1.1245	675.29	-0.040096	5.3852e-05	0.078531	supercritical
1017.4	480.00	160.71	0.0062223	719.67	1018.3	6.0125	0.83733	1.1246	675.54	-0.040139	5.3881e-05	0.078581	supercritical
1018.4	480.00	160.57	0.0062280	720.52	1019.5	6.0136	0.83746	1.1247	675.79	-0.040181	5.3909e-05	0.078630	supercritical
1019.4	480.00	160.42	0.0062337	721.37	1020.6	6.0147	0.83759	1.1248	676.03	-0.040224	5.3938e-05	0.078680	supercritical
1020.4	480.00	160.27	0.0062393	722.22	1021.7	6.0158	0.83772	1.1248	676.28	-0.040266	5.3966e-05	0.078729	supercritical
1021.4	480.00	160.13	0.0062450	723.08	1022.8	6.0169	0.83785	1.1249	676.52	-0.040308	5.3994e-05	0.078779	supercritical
1022.4	480.00	159.98	0.0062507	723.93	1024.0	6.0180	0.83798	1.1250	676.77	-0.040350	5.4023e-05	0.078828	supercritical
1023.4	480.00	159.84	0.0062563	724.78	1025.1	6.0191	0.83811	1.1251	677.02	-0.040392	5.4051e-05	0.078878	supercritical
1024.4	480.00	159.69	0.0062620	725.63	1026.2	6.0202	0.83824	1.1251	677.26	-0.040434	5.4080e-05	0.078927	supercritical
1025.4	480.00	159.55	0.0062677	726.49	1027.3	6.0213	0.83837	1.1252	677.51	-0.040476	5.4108e-05	0.078977	supercritical
1026.4	480.00	159.40	0.0062734	727.34	1028.5	6.0224	0.83850	1.1253	677.75	-0.040518	5.4136e-05	0.079026	supercritical
1027.4	480.00	159.26	0.0062790	728.19	1029.6	6.0235	0.83863	1.1254	678.00	-0.040559	5.4165e-05	0.079076	supercritical
1028.4	480.00	159.12	0.0062847	729.05	1030.7	6.0246	0.83876	1.1254	678.25	-0.040601	5.4193e-05	0.079125	supercritical
1029.4	480.00	158.97	0.0062904	729.90	1031.8	6.0257	0.83889	1.1255	678.49	-0.040642	5.4221e-05	0.079175	supercritical
1030.4	480.00	158.83	0.0062960	730.75	1033.0	6.0268	0.83902	1.1256	678.74	-0.040684	5.4250e-05	0.079224	supercritical
1031.4	480.00	158.69	0.0063017	731.61	1034.1	6.0279	0.83914	1.1257	678.98	-0.040725	5.4278e-05	0.079274	supercritical
1032.4	480.00	158.55	0.0063074	732.46	1035.2	6.0290	0.83927	1.1257	679.23	-0.040766	5.4306e-05	0.079323	supercritical
1033.4	480.00	158.40	0.0063130	733.32	1036.3	6.0301	0.83940	1.1258	679.47	-0.040808	5.4335e-05	0.079373	supercritical
1034.4	480.00	158.26	0.0063187	734.17	1037.5	6.0311	0.83953	1.1259	679.72	-0.040849	5.4363e-05	0.079422	supercritical
1035.4	480.00	158.12	0.0063243	735.02	1038.6	6.0322	0.83965	1.1259	679.96	-0.040890	5.4391e-05	0.079472	supercritical
1036.4	480.00	157.98	0.0063300	735.88	1039.7	6.0333	0.83978	1.1260	680.21	-0.040931	5.4420e-05	0.079521	supercritical
1037.4	480.00	157.84	0.0063357	736.73	1040.8	6.0344	0.83991	1.1261	680.45	-0.040971	5.4448e-05	0.079571	supercritical
1038.4	480.00	157.70	0.0063413	737.59	1042.0	6.0355	0.84004	1.1262	680.70	-0.041012	5.4476e-05	0.079620	supercritical
1039.4	480.00	157.55	0.0063470	738.44	1043.1	6.0366	0.84016	1.1262	680.94	-0.041053	5.4505e-05	0.079670	supercritical
1040.4	480.00	157.41	0.0063527	739.29	1044.2	6.0377	0.84029	1.1263	681.19	-0.041094	5.4533e-05	0.079719	supercritical
1041.4	480.00	157.27	0.0063583	740.15	1045.3	6.0387	0.84042	1.1264	681.43	-0.041134	5.4561e-05	0.079769	supercritical
1042.4	480.00	157.13	0.0063640	741.00	1046.5	6.0398	0.84054	1.1265	681.67	-0.041175	5.4589e-05	0.079818	supercritical
1043.4	480.00	156.99	0.0063696	741.86	1047.6	6.0409	0.84067	1.1265	681.92	-0.041215	5.4618e-05	0.079868	supercritical
1044.4	480.00	156.86	0.0063753	742.71	1048.7	6.0420	0.84079	1.1266	682.16	-0.041255	5.4646e-05	0.079917	supercritical
1045.4	480.00	156.72	0.0063810	743.57	1049.9	6.0431	0.84092	1.1267	682.41	-0.041296	5.4674e-05	0.079967	supercritical
1046.4	480.00	156.58	0.0063866	744.42	1051.0	6.0441	0.84104	1.1268	682.65	-0.041336	5.4703e-05	0.080016	supercritical
1047.4	480.00	156.44	0.0063923	745.28	1052.1	6.0452	0.84117	1.1268	682.89	-0.041376	5.4731e-05	0.080065	supercritical
1048.4	480.00	156.30	0.0063979	746.13	1053.2	6.0463	0.84129	1.1269	683.14	-0.041416	5.4759e-05	0.080115	supercritical
1049.4	480.00	156.16	0.0064036	746.99	1054.4	6.0474	0.84142	1.1270	683.38	-0.041456	5.4787e-05	0.080164	supercritical
1050.4	480.00	156.02	0.0064092	747.85	1055.5	6.0484	0.84154	1.1271	683.63	-0.041496	5.4816e-05	0.080214	supercritical
1051.4	480.00	155.89	0.0064149	748.70	1056.6	6.0495	0.84167	1.1271	683.87	-0.041536	5.4844e-05	0.080263	supercritical
1052.4	480.00	155.75	0.0064206	749.56	1057.7	6.0506	0.84179	1.1272	684.11	-0.041575	5.4872e-05	0.080313	supercritical
1053.4	480.00	155.61	0.0064262	750.41	1058.9	6.0517	0.84192	1.1273	684.36	-0.041615	5.4900e-05	0.080362	supercritical
1054.4	480.00	155.48	0.0064319	751.27	1060.0	6.0527	0.84204	1.1273	684.60	-0.041655	5.4928e-05	0.080412	supercritical
1055.4	480.00	155.34	0.0064375	752.12	1061.1	6.0538	0.84216	1.1274	684.84	-0.041694	5.4957e-05	0.080461	supercritical
1056.4	480.00	155.20	0.0064432	752.98	1062.3	6.0549	0.84229	1.1275	685.08	-0.041733	5.4985e-05	0.080511	supercritical
1057.4	480.00	155.07	0.0064488	753.84	1063.4	6.0559	0.84241	1.1276	685.33	-0.041773	5.5013e-05	0.080560	supercritical
1058.4	480.00	154.93	0.0064545	754.69	1064.5	6.0570	0.84253	1.1276	685.57	-0.041812	5.5041e-05	0.080610	supercritical
1059.4	480.00	154.80	0.0064601	755.55	1065.6	6.0581	0.84266	1.1277	685.81	-0.041851	5.5069e-05	0.080659	supercritical
1060.4	480.00	154.66	0.0064658	756.41	1066.8	6.0591	0.84278	1.1278	686.06	-0.041890	5.5097e-05	0.080709	supercritical
1061.4	480.00	154.53	0.0064714	757.26	1067.9	6.0602	0.84290	1.1279	686.30	-0.041929	5.5126e-05	0.080758	supercritical
1062.4	480.00	154.39	0.0064771	758.12	1069.0	6.0612	0.84302	1.1279	686.54	-0.041968	5.5154e-05	0.080808	supercritical
1063.4	480.00	154.26	0.0064827	758.98	1070.1	6.0623	0.84315	1.1280	686.78	-0.042007	5.5182e-05	0.080857	supercritical
1064.4	480.00	154.12	0.0064884	759.83	1071.3	6.0634	0.84327	1.1281	687.03	-0.042046	5.5210e-05	0.080907	supercritical
1065.4	480.00	153.99	0.0064940	760.69	1072.4	6.0644	0.84339	1.1281	687.27	-0.042085	5.5238e-05	0.080956	supercritical
1066.4	480.00	153.85	0.0064997	761.55	1073.5	6.0655	0.84351	1.1282	687.51	-0.042124	5.5266e-05	0.081006	supercritical
1067.4	480.00	153.72	0.0065053	762.40	1074.7	6.0665	0.84363	1.1283	687.75	-0.042162	5.5295e-05	0.081055	supercritical
1068.4	480.00	153.59	0.0065110	763.26	1075.8	6.0676	0.84375	1.1284	688.00	-0.042201	5.5323e-05	0.081105	supercritical
1069.4	480.00	153.45	0.0065166	764.12	1076.9	6.0687	0.84387	1.1284	688.24	-0.042239	5.5351e-05	0.081154	supercritical
1070.4	480.00	153.32	0.0065223	764.97	1078.0	6.0697	0.84399	1.1285	688.48	-0.042278	5.5379e-05	0.081204	supercritical
1071.4	480.00	153.19	0.0065279	765.83	1079.2	6.0708	0.84412	1.1286	688.72	-0.042316	5.5407e-05	0.081253	supercritical
1072.4	480.00	153.06	0.0065336	766.69	1080.3	6.0718	0.84424	1.1287	688.96	-0.042354	5.5435e-05	0.081303	supercritical
1073.4	480.00	152.92	0.0065392	767.55	1081.4	6.0729	0.84436	1.1287	689.20	-0.042392	5.5463e-05	0.081352	supercritical
1074.4	480.00	152.79	0.0065449	768.41	1082.6	6.0739	0.84448	1.1288	689.45	-0.042430	5.5491e-05	0.081402	supercritical
1075.4	480.00	152.66	0.0065505	769.26	1083.7	6.0750	0.84460	1.1289	689.69	-0.042468	5.5519e-05	0.081451	supercritical
1076.4	480.00	152.53	0.0065562	770.12	1084.8	6.0760	0.84472	1.1289	689.93	-0.042506	5.5548e-05	0.081500	supercritical
1077.4	480.00	152.40	0.0065618	770.98	1085.9	6.0771	0.84483	1.1290	690.17	-0.042544	5.5576e-05	0.081550	supercritical
1078.4	480.00	152.27	0.0065675	771.84	1087.1	6.0781	0.84495	1.1291	690.41	-0.042582	5.5604e-05	0.081599	supercritical
1079.4	480.00	152.14	0.0065731	772.70	1088.2	6.0792	0.84507	1.1292	690.65	-0.042620	5.5632e-05	0.081649	supercritical
1080.4	480.00	152.00	0.0065787	773.55	1089.3	6.0802	0.84519	1.1292	690.89	-0.042658	5.5660e-05	0.081698	supercritical
1081.4	480.00	151.87	0.0065844	774.41	1090.5	6.0813	0.84531	1.1293	691.13	-0.042695	5.5688e-05	0.081748	supercritical
1082.4	480.00	151.74	0.0065900	775.27	1091.6	6.0823	0.84543	1.1294	691.37	-0.042733	5.5716e-05	0.081797	supercritical
1083.4	480.00	151.61	0.0065957	776.13	1092.7	6.0833	0.84555	1.1294	691.62	-0.042770	5.5744e-05	0.081847	supercritical
1084.4	480.00	151.48	0.0066013	776.99	1093.9	6.0844	0.84567	1.1295	691.86	-0.042808	5.5772e-05	0.081896	supercritical
1085.4	480.00	151.36	0.0066070	777.85	1095.0	6.0854	0.84578	1.1296	692.10	-0.042845	5.5800e-05	0.081946	supercritical
1086.4	480.00	151.23	0.0066126	778.71	1096.1	6.0865	0.84590	1.1297	692.34	-0.042882	5.5828e-05	0.081995	supercritical
1087.4	480.00	151.10	0.0066182	779.56	1097.2	6.0875	0.84602	1.1297	692.58	-0.042919	5.5856e-05	0.082045	supercritical
1088.4	480.00	150.97	0.0066239	780.42	1098.4	6.0885	0.84614	1.1298	692.82	-0.042956	5.5884e-05	0.082094	supercritical
1089.4	480.00	150.84	0.0066295	781.28	1099.5	6.0896	0.84625	1.1299	693.06	-0.042994	5.5912e-05	0.082144	supercritical
1090.4	480.00	150.71	0.0066352	782.14	1100.6	6.0906	0.84637	1.1299	693.30	-0.043031	5.5940e-05	0.082193	supercritical
1091.4	480.00	150.58	0.0066408	783.00	1101.8	6.0917	0.84649	1.1300	693.54	-0.043067	5.5968e-05	0.082242	supercritical
1092.4	480.00	150.46	0.0066464	783.86	1102.9	6.0927	0.84661	1.1301	693.78	-0.043104	5.5996e-05	0.082292	supercritical
1093.4	480.00	150.33	0.0066521	784.72	1104.0	6.0937	0.84672	1.1302	694.02	-0.043141	5.6024e-05	0.082341	supercritical
1094.4	480.00	150.20	0.0066577	785.58	1105.1	6.0948	0.84684	1.1302	694.26	-0.043178	5.6052e-05	0.082391	supercritical
1095.4	480.00	150.07	0.0066634	786.44	1106.3	6.0958	0.84695	1.1303	694.50	-0.043214	5.6080e-05	0.082440	supercritical
1096.4	480.00	149.95	0.0066690	787.30	1107.4	6.0968	0.84707	1.1304	694.74	-0.043251	5.6108e-05	0.082490	supercritical
1097.4	480.00	149.82	0.0066746	788.16	1108.5	6.0978	0.84719	1.1304	694.98	-0.043288	5.6136e-05	0.082539	supercritical
1098.4	480.00	149.69	0.0066803	789.02	1109.7	6.0989	0.84730	1.1305	695.22	-0.043324	5.6164e-05	0.082589	supercritical
1099.4	480.00	149.57	0.0066859	789.88	1110.8	6.0999	0.84742	1.1306	695.46	-0.043360	5.6192e-05	0.082638	supercritical
1100.4	480.00	149.44	0.0066915	790.74	1111.9	6.1009	0.84753	1.1307	695.70	-0.043397	5.6220e-05	0.082688	supercritical
1101.4	480.00	149.32	0.0066972	791.60	1113.1	6.1020	0.84765	1.1307	695.93	-0.043433	5.6248e-05	0.082737	supercritical
1102.4	480.00	149.19	0.0067028	792.46	1114.2	6.1030	0.84776	1.1308	696.17	-0.043469	5.6276e-05	0.082786	supercritical
1103.4	480.00	149.07	0.0067084	793.32	1115.3	6.1040	0.84788	1.1309	696.41	-0.043505	5.6304e-05	0.082836	supercritical
1104.4	480.00	148.94	0.0067141	794.18	1116.5	6.1050	0.84799	1.1309	696.65	-0.043541	5.6331e-05	0.082885	supercritical
1105.4	480.00	148.82	0.0067197	795.04	1117.6	6.1061	0.84811	1.1310	696.89	-0.043577	5.6359e-05	0.082935	supercritical
1106.4	480.00	148.69	0.0067253	795.90	1118.7	6.1071	0.84822	1.1311	697.13	-0.043613	5.6387e-05	0.082984	supercritical
1107.4	480.00	148.57	0.0067310	796.76	1119.8	6.1081	0.84834	1.1312	697.37	-0.043649	5.6415e-05	0.083034	supercritical
1108.4	480.00	148.44	0.0067366	797.62	1121.0	6.1091	0.84845	1.1312	697.61	-0.043685	5.6443e-05	0.083083	supercritical
1109.4	480.00	148.32	0.0067422	798.48	1122.1	6.1101	0.84857	1.1313	697.84	-0.043720	5.6471e-05	0.083133	supercritical
1110.4	480.00	148.19	0.0067479	799.34	1123.2	6.1112	0.84868	1.1314	698.08	-0.043756	5.6499e-05	0.083182	supercritical
1111.4	480.00	148.07	0.0067535	800.21	1124.4	6.1122	0.84879	1.1314	698.32	-0.043792	5.6527e-05	0.083231	supercritical
1112.4	480.00	147.95	0.0067591	801.07	1125.5	6.1132	0.84891	1.1315	698.56	-0.043827	5.6555e-05	0.083281	supercritical
1113.4	480.00	147.82	0.0067648	801.93	1126.6	6.1142	0.84902	1.1316	698.80	-0.043863	5.6583e-05	0.083330	supercritical
1114.4	480.00	147.70	0.0067704	802.79	1127.8	6.1152	0.84913	1.1317	699.04	-0.043898	5.6610e-05	0.083380	supercritical
1115.4	480.00	147.58	0.0067760	803.65	1128.9	6.1163	0.84925	1.1317	699.27	-0.043933	5.6638e-05	0.083429	supercritical
1116.4	480.00	147.46	0.0067817	804.51	1130.0	6.1173	0.84936	1.1318	699.51	-0.043969	5.6666e-05	0.083479	supercritical
1117.4	480.00	147.33	0.0067873	805.37	1131.2	6.1183	0.84947	1.1319	699.75	-0.044004	5.6694e-05	0.083528	supercritical
1118.4	480.00	147.21	0.0067929	806.24	1132.3	6.1193	0.84958	1.1319	699.99	-0.044039	5.6722e-05	0.083577	supercritical
1119.4	480.00	147.09	0.0067985	807.10	1133.4	6.1203	0.84970	1.1320	700.23	-0.044074	5.6750e-05	0.083627	supercritical
1120.4	480.00	146.97	0.0068042	807.96	1134.6	6.1213	0.84981	1.1321	700.46	-0.044109	5.6777e-05	0.083676	supercritical
1121.4	480.00	146.85	0.0068098	808.82	1135.7	6.1223	0.84992	1.1321	700.70	-0.044144	5.6805e-05	0.083726	supercritical
1122.4	480.00	146.73	0.0068154	809.68	1136.8	6.1233	0.85003	1.1322	700.94	-0.044179	5.6833e-05	0.083775	supercritical
1123.4	480.00	146.61	0.0068210	810.55	1138.0	6.1243	0.85014	1.1323	701.18	-0.044214	5.6861e-05	0.083824	supercritical
1124.4	480.00	146.48	0.0068267	811.41	1139.1	6.1253	0.85026	1.1324	701.41	-0.044248	5.6889e-05	0.083874	supercritical
1125.4	480.00	146.36	0.0068323	812.27	1140.2	6.1264	0.85037	1.1324	701.65	-0.044283	5.6917e-05	0.083923	supercritical
1126.4	480.00	146.24	0.0068379	813.13	1141.4	6.1274	0.85048	1.1325	701.89	-0.044318	5.6944e-05	0.083973	supercritical
1127.4	480.00	146.12	0.0068435	814.00	1142.5	6.1284	0.85059	1.1326	702.12	-0.044352	5.6972e-05	0.084022	supercritical
1128.4	480.00	146.00	0.0068492	814.86	1143.6	6.1294	0.85070	1.1326	702.36	-0.044387	5.7000e-05	0.084072	supercritical
1129.4	480.00	145.88	0.0068548	815.72	1144.8	6.1304	0.85081	1.1327	702.60	-0.044421	5.7028e-05	0.084121	supercritical
1130.4	480.00	145.76	0.0068604	816.58	1145.9	6.1314	0.85092	1.1328	702.83	-0.044456	5.7055e-05	0.084170	supercritical
1131.4	480.00	145.64	0.0068660	817.45	1147.0	6.1324	0.85103	1.1328	703.07	-0.044490	5.7083e-05	0.084220	supercritical
1132.4	480.00	145.53	0.0068717	818.31	1148.1	6.1334	0.85114	1.1329	703.31	-0.044524	5.7111e-05	0.084269	supercritical
1133.4	480.00	145.41	0.0068773	819.17	1149.3	6.1344	0.85125	1.1330	703.54	-0.044558	5.7139e-05	0.084319	supercritical
1134.4	480.00	145.29	0.0068829	820.04	1150.4	6.1354	0.85136	1.1331	703.78	-0.044592	5.7167e-05	0.084368	supercritical
1135.4	480.00	145.17	0.0068885	820.90	1151.5	6.1364	0.85147	1.1331	704.02	-0.044627	5.7194e-05	0.084417	supercritical
1136.4	480.00	145.05	0.0068942	821.76	1152.7	6.1374	0.85158	1.1332	704.25	-0.044661	5.7222e-05	0.084467	supercritical
1137.4	480.00	144.93	0.0068998	822.63	1153.8	6.1384	0.85169	1.1333	704.49	-0.044694	5.7250e-05	0.084516	supercritical
1138.4	480.00	144.81	0.0069054	823.49	1154.9	6.1394	0.85180	1.1333	704.73	-0.044728	5.7277e-05	0.084566	supercritical
1139.4	480.00	144.70	0.0069110	824.35	1156.1	6.1404	0.85191	1.1334	704.96	-0.044762	5.7305e-05	0.084615	supercritical
1140.4	480.00	144.58	0.0069166	825.22	1157.2	6.1414	0.85202	1.1335	705.20	-0.044796	5.7333e-05	0.084664	supercritical
1141.4	480.00	144.46	0.0069223	826.08	1158.3	6.1424	0.85213	1.1335	705.43	-0.044830	5.7361e-05	0.084714	supercritical
1142.4	480.00	144.34	0.0069279	826.94	1159.5	6.1433	0.85224	1.1336	705.67	-0.044863	5.7388e-05	0.084763	supercritical
1143.4	480.00	144.23	0.0069335	827.81	1160.6	6.1443	0.85235	1.1337	705.91	-0.044897	5.7416e-05	0.084812	supercritical
1144.4	480.00	144.11	0.0069391	828.67	1161.7	6.1453	0.85245	1.1337	706.14	-0.044930	5.7444e-05	0.084862	supercritical
1145.4	480.00	143.99	0.0069447	829.54	1162.9	6.1463	0.85256	1.1338	706.38	-0.044964	5.7471e-05	0.084911	supercritical
1146.4	480.00	143.88	0.0069504	830.40	1164.0	6.1473	0.85267	1.1339	706.61	-0.044997	5.7499e-05	0.084961	supercritical
1147.4	480.00	143.76	0.0069560	831.26	1165.2	6.1483	0.85278	1.1340	706.85	-0.045031	5.7527e-05	0.085010	supercritical
1148.4	480.00	143.65	0.0069616	832.13	1166.3	6.1493	0.85289	1.1340	707.08	-0.045064	5.7554e-05	0.085059	supercritical
1149.4	480.00	143.53	0.0069672	832.99	1167.4	6.1503	0.85300	1.1341	707.32	-0.045097	5.7582e-05	0.085109	supercritical
1150.4	480.00	143.41	0.0069728	833.86	1168.6	6.1513	0.85310	1.1342	707.55	-0.045130	5.7610e-05	0.085158	supercritical
1151.4	480.00	143.30	0.0069784	834.72	1169.7	6.1522	0.85321	1.1342	707.79	-0.045163	5.7637e-05	0.085207	supercritical
1152.4	480.00	143.18	0.0069841	835.59	1170.8	6.1532	0.85332	1.1343	708.02	-0.045196	5.7665e-05	0.085257	supercritical
1153.4	480.00	143.07	0.0069897	836.45	1172.0	6.1542	0.85342	1.1344	708.26	-0.045229	5.7693e-05	0.085306	supercritical
1154.4	480.00	142.95	0.0069953	837.32	1173.1	6.1552	0.85353	1.1344	708.49	-0.045262	5.7720e-05	0.085356	supercritical
1155.4	480.00	142.84	0.0070009	838.18	1174.2	6.1562	0.85364	1.1345	708.73	-0.045295	5.7748e-05	0.085405	supercritical
1156.4	480.00	142.72	0.0070065	839.05	1175.4	6.1572	0.85375	1.1346	708.96	-0.045328	5.7776e-05	0.085454	supercritical
1157.4	480.00	142.61	0.0070121	839.91	1176.5	6.1581	0.85385	1.1346	709.20	-0.045361	5.7803e-05	0.085504	supercritical
1158.4	480.00	142.50	0.0070177	840.78	1177.6	6.1591	0.85396	1.1347	709.43	-0.045393	5.7831e-05	0.085553	supercritical
1159.4	480.00	142.38	0.0070234	841.64	1178.8	6.1601	0.85407	1.1348	709.67	-0.045426	5.7859e-05	0.085602	supercritical
1160.4	480.00	142.27	0.0070290	842.51	1179.9	6.1611	0.85417	1.1348	709.90	-0.045459	5.7886e-05	0.085652	supercritical
1161.4	480.00	142.15	0.0070346	843.37	1181.0	6.1621	0.85428	1.1349	710.13	-0.045491	5.7914e-05	0.085701	supercritical
1162.4	480.00	142.04	0.0070402	844.24	1182.2	6.1630	0.85438	1.1350	710.37	-0.045524	5.7941e-05	0.085750	supercritical
1163.4	480.00	141.93	0.0070458	845.10	1183.3	6.1640	0.85449	1.1350	710.60	-0.045556	5.7969e-05	0.085800	supercritical
1164.4	480.00	141.82	0.0070514	845.97	1184.4	6.1650	0.85459	1.1351	710.84	-0.045588	5.7996e-05	0.085849	supercritical
1165.4	480.00	141.70	0.0070570	846.84	1185.6	6.1660	0.85470	1.1352	711.07	-0.045621	5.8024e-05	0.085898	supercritical
1166.4	480.00	141.59	0.0070626	847.70	1186.7	6.1669	0.85481	1.1353	711.30	-0.045653	5.8052e-05	0.085948	supercritical
1167.4	480.00	141.48	0.0070683	848.57	1187.8	6.1679	0.85491	1.1353	711.54	-0.045685	5.8079e-05	0.085997	supercritical
1168.4	480.00	141.37	0.0070739	849.43	1189.0	6.1689	0.85502	1.1354	711.77	-0.045717	5.8107e-05	0.086046	supercritical
1169.4	480.00	141.25	0.0070795	850.30	1190.1	6.1698	0.85512	1.1355	712.01	-0.045749	5.8134e-05	0.086096	supercritical
1170.4	480.00	141.14	0.0070851	851.17	1191.3	6.1708	0.85523	1.1355	712.24	-0.045781	5.8162e-05	0.086145	supercritical
1171.4	480.00	141.03	0.0070907	852.03	1192.4	6.1718	0.85533	1.1356	712.47	-0.045813	5.8189e-05	0.086194	supercritical
1172.4	480.00	140.92	0.0070963	852.90	1193.5	6.1728	0.85544	1.1357	712.71	-0.045845	5.8217e-05	0.086244	supercritical
1173.4	480.00	140.81	0.0071019	853.77	1194.7	6.1737	0.85554	1.1357	712.94	-0.045877	5.8244e-05	0.086293	supercritical
1174.4	480.00	140.70	0.0071075	854.63	1195.8	6.1747	0.85564	1.1358	713.17	-0.045909	5.8272e-05	0.086342	supercritical
1175.4	480.00	140.59	0.0071131	855.50	1196.9	6.1757	0.85575	1.1359	713.41	-0.045940	5.8300e-05	0.086392	supercritical
1176.4	480.00	140.47	0.0071187	856.37	1198.1	6.1766	0.85585	1.1359	713.64	-0.045972	5.8327e-05	0.086441	supercritical
1177.4	480.00	140.36	0.0071243	857.23	1199.2	6.1776	0.85596	1.1360	713.87	-0.046004	5.8355e-05	0.086490	supercritical
1178.4	480.00	140.25	0.0071299	858.10	1200.3	6.1786	0.85606	1.1361	714.10	-0.046035	5.8382e-05	0.086540	supercritical
1179.4	480.00	140.14	0.0071356	858.97	1201.5	6.1795	0.85616	1.1361	714.34	-0.046067	5.8410e-05	0.086589	supercritical
1180.4	480.00	140.03	0.0071412	859.83	1202.6	6.1805	0.85627	1.1362	714.57	-0.046098	5.8437e-05	0.086638	supercritical
1181.4	480.00	139.92	0.0071468	860.70	1203.7	6.1814	0.85637	1.1363	714.80	-0.046129	5.8465e-05	0.086688	supercritical
1182.4	480.00	139.81	0.0071524	861.57	1204.9	6.1824	0.85647	1.1363	715.03	-0.046161	5.8492e-05	0.086737	supercritical
1183.4	480.00	139.70	0.0071580	862.43	1206.0	6.1834	0.85658	1.1364	715.27	-0.046192	5.8520e-05	0.086786	supercritical
1184.4	480.00	139.59	0.0071636	863.30	1207.2	6.1843	0.85668	1.1365	715.50	-0.046223	5.8547e-05	0.086835	supercritical
1185.4	480.00	139.49	0.0071692	864.17	1208.3	6.1853	0.85678	1.1365	715.73	-0.046254	5.8574e-05	0.086885	supercritical
1186.4	480.00	139.38	0.0071748	865.04	1209.4	6.1862	0.85689	1.1366	715.96	-0.046286	5.8602e-05	0.086934	supercritical
1187.4	480.00	139.27	0.0071804	865.91	1210.6	6.1872	0.85699	1.1367	716.20	-0.046317	5.8629e-05	0.086983	supercritical
1188.4	480.00	139.16	0.0071860	866.77	1211.7	6.1882	0.85709	1.1367	716.43	-0.046348	5.8657e-05	0.087033	supercritical
1189.4	480.00	139.05	0.0071916	867.64	1212.8	6.1891	0.85719	1.1368	716.66	-0.046379	5.8684e-05	0.087082	supercritical
1190.4	480.00	138.94	0.0071972	868.51	1214.0	6.1901	0.85730	1.1369	716.89	-0.046409	5.8712e-05	0.087131	supercritical
1191.4	480.00	138.83	0.0072028	869.38	1215.1	6.1910	0.85740	1.1369	717.12	-0.046440	5.8739e-05	0.087180	supercritical
1192.4	480.00	138.73	0.0072084	870.24	1216.2	6.1920	0.85750	1.1370	717.36	-0.046471	5.8767e-05	0.087230	supercritical
1193.4	480.00	138.62	0.0072140	871.11	1217.4	6.1929	0.85760	1.1371	717.59	-0.046502	5.8794e-05	0.087279	supercritical
1194.4	480.00	138.51	0.0072196	871.98	1218.5	6.1939	0.85770	1.1371	717.82	-0.046532	5.8821e-05	0.087328	supercritical
1195.4	480.00	138.40	0.0072252	872.85	1219.7	6.1948	0.85780	1.1372	718.05	-0.046563	5.8849e-05	0.087378	supercritical
1196.4	480.00	138.30	0.0072308	873.72	1220.8	6.1958	0.85791	1.1373	718.28	-0.046594	5.8876e-05	0.087427	supercritical
1197.4	480.00	138.19	0.0072364	874.59	1221.9	6.1967	0.85801	1.1374	718.51	-0.046624	5.8904e-05	0.087476	supercritical
1198.4	480.00	138.08	0.0072420	875.45	1223.1	6.1977	0.85811	1.1374	718.74	-0.046655	5.8931e-05	0.087525	supercritical
1199.4	480.00	137.98	0.0072476	876.32	1224.2	6.1986	0.85821	1.1375	718.98	-0.046685	5.8958e-05	0.087575	supercritical
1200.4	480.00	137.87	0.0072532	877.19	1225.3	6.1996	0.85831	1.1376	719.21	-0.046715	5.8986e-05	0.087624	supercritical
1201.4	480.00	137.76	0.0072588	878.06	1226.5	6.2005	0.85841	1.1376	719.44	-0.046746	5.9013e-05	0.087673	supercritical
1202.4	480.00	137.66	0.0072644	878.93	1227.6	6.2015	0.85851	1.1377	719.67	-0.046776	5.9041e-05	0.087722	supercritical
1203.4	480.00	137.55	0.0072700	879.80	1228.8	6.2024	0.85861	1.1378	719.90	-0.046806	5.9068e-05	0.087772	supercritical
1204.4	480.00	137.45	0.0072756	880.67	1229.9	6.2034	0.85871	1.1378	720.13	-0.046836	5.9095e-05	0.087821	supercritical
1205.4	480.00	137.34	0.0072812	881.54	1231.0	6.2043	0.85881	1.1379	720.36	-0.046866	5.9123e-05	0.087870	supercritical
1206.4	480.00	137.23	0.0072868	882.41	1232.2	6.2053	0.85891	1.1380	720.59	-0.046896	5.9150e-05	0.087919	supercritical
1207.4	480.00	137.13	0.0072924	883.28	1233.3	6.2062	0.85901	1.1380	720.82	-0.046926	5.9177e-05	0.087969	supercritical
1208.4	480.00	137.02	0.0072980	884.14	1234.4	6.2071	0.85911	1.1381	721.05	-0.046956	5.9205e-05	0.088018	supercritical
1209.4	480.00	136.92	0.0073036	885.01	1235.6	6.2081	0.85921	1.1382	721.28	-0.046986	5.9232e-05	0.088067	supercritical
1210.4	480.00	136.81	0.0073092	885.88	1236.7	6.2090	0.85931	1.1382	721.51	-0.047016	5.9259e-05	0.088116	supercritical
1211.4	480.00	136.71	0.0073148	886.75	1237.9	6.2100	0.85941	1.1383	721.74	-0.047046	5.9287e-05	0.088166	supercritical
1212.4	480.00	136.60	0.0073204	887.62	1239.0	6.2109	0.85951	1.1384	721.97	-0.047076	5.9314e-05	0.088215	supercritical
1213.4	480.00	136.50	0.0073260	888.49	1240.1	6.2118	0.85961	1.1384	722.20	-0.047105	5.9341e-05	0.088264	supercritical
1214.4	480.00	136.40	0.0073316	889.36	1241.3	6.2128	0.85971	1.1385	722.43	-0.047135	5.9369e-05	0.088313	supercritical
1215.4	480.00	136.29	0.0073372	890.23	1242.4	6.2137	0.85981	1.1386	722.66	-0.047164	5.9396e-05	0.088363	supercritical
1216.4	480.00	136.19	0.0073428	891.10	1243.6	6.2147	0.85991	1.1386	722.89	-0.047194	5.9423e-05	0.088412	supercritical
1217.4	480.00	136.08	0.0073484	891.97	1244.7	6.2156	0.86001	1.1387	723.12	-0.047223	5.9451e-05	0.088461	supercritical
1218.4	480.00	135.98	0.0073540	892.84	1245.8	6.2165	0.86011	1.1388	723.35	-0.047253	5.9478e-05	0.088510	supercritical
1219.4	480.00	135.88	0.0073596	893.71	1247.0	6.2175	0.86021	1.1388	723.58	-0.047282	5.9505e-05	0.088559	supercritical
1220.4	480.00	135.77	0.0073652	894.58	1248.1	6.2184	0.86031	1.1389	723.81	-0.047312	5.9532e-05	0.088609	supercritical
1221.4	480.00	135.67	0.0073707	895.45	1249.2	6.2193	0.86040	1.1390	724.04	-0.047341	5.9560e-05	0.088658	supercritical
1222.4	480.00	135.57	0.0073763	896.32	1250.4	6.2203	0.86050	1.1390	724.27	-0.047370	5.9587e-05	0.088707	supercritical
1223.4	480.00	135.47	0.0073819	897.20	1251.5	6.2212	0.86060	1.1391	724.50	-0.047399	5.9614e-05	0.088756	supercritical
1224.4	480.00	135.36	0.0073875	898.07	1252.7	6.2221	0.86070	1.1391	724.73	-0.047428	5.9641e-05	0.088806	supercritical
1225.4	480.00	135.26	0.0073931	898.94	1253.8	6.2230	0.86080	1.1392	724.96	-0.047457	5.9669e-05	0.088855	supercritical
1226.4	480.00	135.16	0.0073987	899.81	1254.9	6.2240	0.86089	1.1393	725.19	-0.047486	5.9696e-05	0.088904	supercritical
1227.4	480.00	135.06	0.0074043	900.68	1256.1	6.2249	0.86099	1.1393	725.42	-0.047515	5.9723e-05	0.088953	supercritical
1228.4	480.00	134.95	0.0074099	901.55	1257.2	6.2258	0.86109	1.1394	725.65	-0.047544	5.9750e-05	0.089002	supercritical
1229.4	480.00	134.85	0.0074155	902.42	1258.4	6.2268	0.86119	1.1395	725.88	-0.047573	5.9778e-05	0.089052	supercritical
1230.4	480.00	134.75	0.0074211	903.29	1259.5	6.2277	0.86129	1.1395	726.10	-0.047602	5.9805e-05	0.089101	supercritical
1231.4	480.00	134.65	0.0074267	904.16	1260.6	6.2286	0.86138	1.1396	726.33	-0.047631	5.9832e-05	0.089150	supercritical
1232.4	480.00	134.55	0.0074323	905.03	1261.8	6.2295	0.86148	1.1397	726.56	-0.047660	5.9859e-05	0.089199	supercritical
1233.4	480.00	134.45	0.0074378	905.91	1262.9	6.2305	0.86158	1.1397	726.79	-0.047688	5.9886e-05	0.089248	supercritical
1234.4	480.00	134.35	0.0074434	906.78	1264.1	6.2314	0.86167	1.1398	727.02	-0.047717	5.9914e-05	0.089297	supercritical
1235.4	480.00	134.25	0.0074490	907.65	1265.2	6.2323	0.86177	1.1399	727.25	-0.047745	5.9941e-05	0.089347	supercritical
1236.4	480.00	134.15	0.0074546	908.52	1266.3	6.2332	0.86187	1.1399	727.48	-0.047774	5.9968e-05	0.089396	supercritical
1237.4	480.00	134.04	0.0074602	909.39	1267.5	6.2342	0.86196	1.1400	727.70	-0.047802	5.9995e-05	0.089445	supercritical
1238.4	480.00	133.94	0.0074658	910.26	1268.6	6.2351	0.86206	1.1401	727.93	-0.047831	6.0022e-05	0.089494	supercritical
1239.4	480.00	133.84	0.0074714	911.14	1269.8	6.2360	0.86216	1.1401	728.16	-0.047859	6.0050e-05	0.089543	supercritical
1240.4	480.00	133.74	0.0074770	912.01	1270.9	6.2369	0.86225	1.1402	728.39	-0.047888	6.0077e-05	0.089593	supercritical
1241.4	480.00	133.64	0.0074826	912.88	1272.0	6.2378	0.86235	1.1403	728.62	-0.047916	6.0104e-05	0.089642	supercritical
1242.4	480.00	133.54	0.0074881	913.75	1273.2	6.2388	0.86245	1.1403	728.84	-0.047944	6.0131e-05	0.089691	supercritical
1243.4	480.00	133.44	0.0074937	914.62	1274.3	6.2397	0.86254	1.1404	729.07	-0.047972	6.0158e-05	0.089740	supercritical
1244.4	480.00	133.35	0.0074993	915.50	1275.5	6.2406	0.86264	1.1405	729.30	-0.048000	6.0185e-05	0.089789	supercritical
1245.4	480.00	133.25	0.0075049	916.37	1276.6	6.2415	0.86273	1.1405	729.53	-0.048029	6.0213e-05	0.089838	supercritical
1246.4	480.00	133.15	0.0075105	917.24	1277.7	6.2424	0.86283	1.1406	729.75	-0.048057	6.0240e-05	0.089887	supercritical
1247.4	480.00	133.05	0.0075161	918.11	1278.9	6.2433	0.86293	1.1407	729.98	-0.048085	6.0267e-05	0.089937	supercritical
1248.4	480.00	132.95	0.0075217	918.99	1280.0	6.2442	0.86302	1.1407	730.21	-0.048113	6.0294e-05	0.089986	supercritical
1249.4	480.00	132.85	0.0075272	919.86	1281.2	6.2452	0.86312	1.1408	730.44	-0.048140	6.0321e-05	0.090035	supercritical
1250.4	480.00	132.75	0.0075328	920.73	1282.3	6.2461	0.86321	1.1409	730.66	-0.048168	6.0348e-05	0.090084	supercritical
1251.4	480.00	132.65	0.0075384	921.60	1283.4	6.2470	0.86331	1.1409	730.89	-0.048196	6.0375e-05	0.090133	supercritical
1252.4	480.00	132.56	0.0075440	922.48	1284.6	6.2479	0.86340	1.1410	731.12	-0.048224	6.0402e-05	0.090182	supercritical
1253.4	480.00	132.46	0.0075496	923.35	1285.7	6.2488	0.86350	1.1411	731.34	-0.048252	6.0430e-05	0.090231	supercritical
1254.4	480.00	132.36	0.0075552	924.22	1286.9	6.2497	0.86359	1.1411	731.57	-0.048279	6.0457e-05	0.090281	supercritical
1255.4	480.00	132.26	0.0075608	925.10	1288.0	6.2506	0.86369	1.1412	731.80	-0.048307	6.0484e-05	0.090330	supercritical
1256.4	480.00	132.16	0.0075663	925.97	1289.2	6.2515	0.86378	1.1412	732.03	-0.048334	6.0511e-05	0.090379	supercritical
1257.4	480.00	132.07	0.0075719	926.84	1290.3	6.2524	0.86388	1.1413	732.25	-0.048362	6.0538e-05	0.090428	supercritical
1258.4	480.00	131.97	0.0075775	927.72	1291.4	6.2534	0.86397	1.1414	732.48	-0.048389	6.0565e-05	0.090477	supercritical
1259.4	480.00	131.87	0.0075831	928.59	1292.6	6.2543	0.86407	1.1414	732.70	-0.048417	6.0592e-05	0.090526	supercritical
1260.4	480.00	131.78	0.0075887	929.46	1293.7	6.2552	0.86416	1.1415	732.93	-0.048444	6.0619e-05	0.090575	supercritical
1261.4	480.00	131.68	0.0075943	930.34	1294.9	6.2561	0.86425	1.1416	733.16	-0.048472	6.0646e-05	0.090624	supercritical
1262.4	480.00	131.58	0.0075998	931.21	1296.0	6.2570	0.86435	1.1416	733.38	-0.048499	6.0673e-05	0.090674	supercritical
1263.4	480.00	131.49	0.0076054	932.08	1297.1	6.2579	0.86444	1.1417	733.61	-0.048526	6.0700e-05	0.090723	supercritical
1264.4	480.00	131.39	0.0076110	932.96	1298.3	6.2588	0.86454	1.1418	733.84	-0.048553	6.0727e-05	0.090772	supercritical
1265.4	480.00	131.29	0.0076166	933.83	1299.4	6.2597	0.86463	1.1418	734.06	-0.048580	6.0754e-05	0.090821	supercritical
1266.4	480.00	131.20	0.0076222	934.71	1300.6	6.2606	0.86472	1.1419	734.29	-0.048608	6.0781e-05	0.090870	supercritical
1267.4	480.00	131.10	0.0076277	935.58	1301.7	6.2615	0.86482	1.1420	734.51	-0.048635	6.0808e-05	0.090919	supercritical
1268.4	480.00	131.00	0.0076333	936.45	1302.9	6.2624	0.86491	1.1420	734.74	-0.048662	6.0835e-05	0.090968	supercritical
1269.4	480.00	130.91	0.0076389	937.33	1304.0	6.2633	0.86501	1.1421	734.97	-0.048689	6.0862e-05	0.091017	supercritical
1270.4	480.00	130.81	0.0076445	938.20	1305.1	6.2642	0.86510	1.1422	735.19	-0.048715	6.0889e-05	0.091066	supercritical
1271.4	480.00	130.72	0.0076501	939.08	1306.3	6.2651	0.86519	1.1422	735.42	-0.048742	6.0916e-05	0.091115	supercritical
1272.4	480.00	130.62	0.0076556	939.95	1307.4	6.2660	0.86528	1.1423	735.64	-0.048769	6.0943e-05	0.091164	supercritical
1273.4	480.00	130.53	0.0076612	940.83	1308.6	6.2669	0.86538	1.1424	735.87	-0.048796	6.0970e-05	0.091214	supercritical
1274.4	480.00	130.43	0.0076668	941.70	1309.7	6.2678	0.86547	1.1424	736.09	-0.048823	6.0997e-05	0.091263	supercritical
1275.4	480.00	130.34	0.0076724	942.57	1310.8	6.2687	0.86556	1.1425	736.32	-0.048849	6.1024e-05	0.091312	supercritical
1276.4	480.00	130.24	0.0076780	943.45	1312.0	6.2696	0.86566	1.1425	736.54	-0.048876	6.1051e-05	0.091361	supercritical
1277.4	480.00	130.15	0.0076835	944.32	1313.1	6.2705	0.86575	1.1426	736.77	-0.048903	6.1078e-05	0.091410	supercritical
1278.4	480.00	130.05	0.0076891	945.20	1314.3	6.2714	0.86584	1.1427	737.00	-0.048929	6.1105e-05	0.091459	supercritical
1279.4	480.00	129.96	0.0076947	946.07	1315.4	6.2723	0.86593	1.1427	737.22	-0.048956	6.1132e-05	0.091508	supercritical
1280.4	480.00	129.87	0.0077003	946.95	1316.6	6.2731	0.86603	1.1428	737.45	-0.048982	6.1159e-05	0.091557	supercritical
1281.4	480.00	129.77	0.0077058	947.82	1317.7	6.2740	0.86612	1.1429	737.67	-0.049009	6.1186e-05	0.091606	supercritical
1282.4	480.00	129.68	0.0077114	948.70	1318.8	6.2749	0.86621	1.1429	737.89	-0.049035	6.1213e-05	0.091655	supercritical
1283.4	480.00	129.58	0.0077170	949.58	1320.0	6.2758	0.86630	1.1430	738.12	-0.049061	6.1240e-05	0.091704	supercritical
1284.4	480.00	129.49	0.0077226	950.45	1321.1	6.2767	0.86640	1.1431	738.34	-0.049088	6.1267e-05	0.091753	supercritical
1285.4	480.00	129.40	0.0077281	951.33	1322.3	6.2776	0.86649	1.1431	738.57	-0.049114	6.1294e-05	0.091802	supercritical
1286.4	480.00	129.30	0.0077337	952.20	1323.4	6.2785	0.86658	1.1432	738.79	-0.049140	6.1321e-05	0.091851	supercritical
1287.4	480.00	129.21	0.0077393	953.08	1324.6	6.2794	0.86667	1.1433	739.02	-0.049166	6.1348e-05	0.091900	supercritical
1288.4	480.00	129.12	0.0077449	953.95	1325.7	6.2803	0.86676	1.1433	739.24	-0.049192	6.1375e-05	0.091949	supercritical
1289.4	480.00	129.02	0.0077504	954.83	1326.8	6.2812	0.86685	1.1434	739.47	-0.049218	6.1402e-05	0.091998	supercritical
1290.4	480.00	128.93	0.0077560	955.70	1328.0	6.2820	0.86695	1.1434	739.69	-0.049245	6.1429e-05	0.092048	supercritical
1291.4	480.00	128.84	0.0077616	956.58	1329.1	6.2829	0.86704	1.1435	739.91	-0.049271	6.1455e-05	0.092097	supercritical
1292.4	480.00	128.75	0.0077672	957.46	1330.3	6.2838	0.86713	1.1436	740.14	-0.049296	6.1482e-05	0.092146	supercritical
1293.4	480.00	128.65	0.0077727	958.33	1331.4	6.2847	0.86722	1.1436	740.36	-0.049322	6.1509e-05	0.092195	supercritical
1294.4	480.00	128.56	0.0077783	959.21	1332.6	6.2856	0.86731	1.1437	740.59	-0.049348	6.1536e-05	0.092244	supercritical
1295.4	480.00	128.47	0.0077839	960.08	1333.7	6.2865	0.86740	1.1438	740.81	-0.049374	6.1563e-05	0.092293	supercritical
1296.4	480.00	128.38	0.0077895	960.96	1334.9	6.2873	0.86749	1.1438	741.03	-0.049400	6.1590e-05	0.092342	supercritical
1297.4	480.00	128.29	0.0077950	961.84	1336.0	6.2882	0.86758	1.1439	741.26	-0.049426	6.1617e-05	0.092391	supercritical
1298.4	480.00	128.20	0.0078006	962.71	1337.1	6.2891	0.86768	1.1440	741.48	-0.049451	6.1644e-05	0.092440	supercritical
1299.4	480.00	128.10	0.0078062	963.59	1338.3	6.2900	0.86777	1.1440	741.71	-0.049477	6.1671e-05	0.092489	supercritical
1300.4	480.00	128.01	0.0078117	964.47	1339.4	6.2909	0.86786	1.1441	741.93	-0.049502	6.1697e-05	0.092538	supercritical
1301.4	480.00	127.92	0.0078173	965.34	1340.6	6.2917	0.86795	1.1442	742.15	-0.049528	6.1724e-05	0.092587	supercritical
1302.4	480.00	127.83	0.0078229	966.22	1341.7	6.2926	0.86804	1.1442	742.38	-0.049554	6.1751e-05	0.092636	supercritical
1303.4	480.00	127.74	0.0078285	967.10	1342.9	6.2935	0.86813	1.1443	742.60	-0.049579	6.1778e-05	0.092685	supercritical
1304.4	480.00	127.65	0.0078340	967.97	1344.0	6.2944	0.86822	1.1443	742.82	-0.049604	6.1805e-05	0.092734	supercritical
1305.4	480.00	127.56	0.0078396	968.85	1345.2	6.2953	0.86831	1.1444	743.05	-0.049630	6.1832e-05	0.092783	supercritical
1306.4	480.00	127.47	0.0078452	969.73	1346.3	6.2961	0.86840	1.1445	743.27	-0.049655	6.1858e-05	0.092832	supercritical
1307.4	480.00	127.38	0.0078507	970.61	1347.4	6.2970	0.86849	1.1445	743.49	-0.049680	6.1885e-05	0.092881	supercritical
1308.4	480.00	127.29	0.0078563	971.48	1348.6	6.2979	0.86858	1.1446	743.71	-0.049706	6.1912e-05	0.092930	supercritical
1309.4	480.00	127.20	0.0078619	972.36	1349.7	6.2988	0.86867	1.1447	743.94	-0.049731	6.1939e-05	0.092979	supercritical
1310.4	480.00	127.11	0.0078675	973.24	1350.9	6.2996	0.86876	1.1447	744.16	-0.049756	6.1966e-05	0.093028	supercritical
1311.4	480.00	127.02	0.0078730	974.11	1352.0	6.3005	0.86885	1.1448	744.38	-0.049781	6.1993e-05	0.093077	supercritical
1312.4	480.00	126.93	0.0078786	974.99	1353.2	6.3014	0.86894	1.1449	744.61	-0.049806	6.2019e-05	0.093126	supercritical
1313.4	480.00	126.84	0.0078842	975.87	1354.3	6.3023	0.86903	1.1449	744.83	-0.049831	6.2046e-05	0.093175	supercritical
1314.4	480.00	126.75	0.0078897	976.75	1355.5	6.3031	0.86912	1.1450	745.05	-0.049856	6.2073e-05	0.093224	supercritical
1315.4	480.00	126.66	0.0078953	977.63	1356.6	6.3040	0.86921	1.1450	745.27	-0.049881	6.2100e-05	0.093272	supercritical
1316.4	480.00	126.57	0.0079009	978.50	1357.7	6.3049	0.86930	1.1451	745.49	-0.049906	6.2126e-05	0.093321	supercritical
1317.4	480.00	126.48	0.0079064	979.38	1358.9	6.3057	0.86938	1.1452	745.72	-0.049931	6.2153e-05	0.093370	supercritical
1318.4	480.00	126.39	0.0079120	980.26	1360.0	6.3066	0.86947	1.1452	745.94	-0.049956	6.2180e-05	0.093419	supercritical
1319.4	480.00	126.30	0.0079176	981.14	1361.2	6.3075	0.86956	1.1453	746.16	-0.049981	6.2207e-05	0.093468	supercritical
1320.4	480.00	126.21	0.0079231	982.02	1362.3	6.3083	0.86965	1.1454	746.38	-0.050006	6.2234e-05	0.093517	supercritical
1321.4	480.00	126.12	0.0079287	982.89	1363.5	6.3092	0.86974	1.1454	746.61	-0.050030	6.2260e-05	0.093566	supercritical
1322.4	480.00	126.04	0.0079343	983.77	1364.6	6.3101	0.86983	1.1455	746.83	-0.050055	6.2287e-05	0.093615	supercritical
1323.4	480.00	125.95	0.0079398	984.65	1365.8	6.3109	0.86992	1.1456	747.05	-0.050080	6.2314e-05	0.093664	supercritical
1324.4	480.00	125.86	0.0079454	985.53	1366.9	6.3118	0.87001	1.1456	747.27	-0.050104	6.2340e-05	0.093713	supercritical
1325.4	480.00	125.77	0.0079510	986.41	1368.1	6.3127	0.87010	1.1457	747.49	-0.050129	6.2367e-05	0.093762	supercritical
1326.4	480.00	125.68	0.0079565	987.29	1369.2	6.3135	0.87018	1.1457	747.71	-0.050153	6.2394e-05	0.093811	supercritical
1327.4	480.00	125.60	0.0079621	988.16	1370.3	6.3144	0.87027	1.1458	747.94	-0.050178	6.2421e-05	0.093860	supercritical
1328.4	480.00	125.51	0.0079677	989.04	1371.5	6.3153	0.87036	1.1459	748.16	-0.050202	6.2447e-05	0.093909	supercritical
1329.4	480.00	125.42	0.0079732	989.92	1372.6	6.3161	0.87045	1.1459	748.38	-0.050227	6.2474e-05	0.093958	supercritical
1330.4	480.00	125.33	0.0079788	990.80	1373.8	6.3170	0.87054	1.1460	748.60	-0.050251	6.2501e-05	0.094007	supercritical
1331.4	480.00	125.24	0.0079844	991.68	1374.9	6.3178	0.87063	1.1461	748.82	-0.050275	6.2528e-05	0.094056	supercritical
1332.4	480.00	125.16	0.0079899	992.56	1376.1	6.3187	0.87071	1.1461	749.04	-0.050300	6.2554e-05	0.094104	supercritical
1333.4	480.00	125.07	0.0079955	993.44	1377.2	6.3196	0.87080	1.1462	749.26	-0.050324	6.2581e-05	0.094153	supercritical
1334.4	480.00	124.98	0.0080011	994.32	1378.4	6.3204	0.87089	1.1463	749.48	-0.050348	6.2608e-05	0.094202	supercritical
1335.4	480.00	124.90	0.0080066	995.20	1379.5	6.3213	0.87098	1.1463	749.70	-0.050372	6.2634e-05	0.094251	supercritical
1336.4	480.00	124.81	0.0080122	996.08	1380.7	6.3221	0.87107	1.1464	749.93	-0.050396	6.2661e-05	0.094300	supercritical
1337.4	480.00	124.72	0.0080177	996.95	1381.8	6.3230	0.87115	1.1464	750.15	-0.050420	6.2688e-05	0.094349	supercritical
1338.4	480.00	124.64	0.0080233	997.83	1383.0	6.3239	0.87124	1.1465	750.37	-0.050444	6.2714e-05	0.094398	supercritical
1339.4	480.00	124.55	0.0080289	998.71	1384.1	6.3247	0.87133	1.1466	750.59	-0.050468	6.2741e-05	0.094447	supercritical
1340.4	480.00	124.46	0.0080344	999.59	1385.2	6.3256	0.87142	1.1466	750.81	-0.050492	6.2768e-05	0.094496	supercritical
1341.4	480.00	124.38	0.0080400	1000.5	1386.4	6.3264	0.87150	1.1467	751.03	-0.050516	6.2794e-05	0.094545	supercritical
1342.4	480.00	124.29	0.0080456	1001.4	1387.5	6.3273	0.87159	1.1468	751.25	-0.050540	6.2821e-05	0.094593	supercritical
1343.4	480.00	124.21	0.0080511	1002.2	1388.7	6.3281	0.87168	1.1468	751.47	-0.050564	6.2848e-05	0.094642	supercritical
1344.4	480.00	124.12	0.0080567	1003.1	1389.8	6.3290	0.87176	1.1469	751.69	-0.050588	6.2874e-05	0.094691	supercritical
1345.4	480.00	124.04	0.0080622	1004.0	1391.0	6.3298	0.87185	1.1469	751.91	-0.050612	6.2901e-05	0.094740	supercritical
1346.4	480.00	123.95	0.0080678	1004.9	1392.1	6.3307	0.87194	1.1470	752.13	-0.050635	6.2928e-05	0.094789	supercritical
1347.4	480.00	123.86	0.0080734	1005.8	1393.3	6.3315	0.87203	1.1471	752.35	-0.050659	6.2954e-05	0.094838	supercritical
1348.4	480.00	123.78	0.0080789	1006.6	1394.4	6.3324	0.87211	1.1471	752.57	-0.050683	6.2981e-05	0.094887	supercritical
1349.4	480.00	123.69	0.0080845	1007.5	1395.6	6.3332	0.87220	1.1472	752.79	-0.050706	6.3007e-05	0.094936	supercritical
1350.4	480.00	123.61	0.0080900	1008.4	1396.7	6.3341	0.87229	1.1473	753.01	-0.050730	6.3034e-05	0.094984	supercritical
1351.4	480.00	123.52	0.0080956	1009.3	1397.9	6.3349	0.87237	1.1473	753.23	-0.050753	6.3061e-05	0.095033	supercritical
1352.4	480.00	123.44	0.0081012	1010.2	1399.0	6.3358	0.87246	1.1474	753.45	-0.050777	6.3087e-05	0.095082	supercritical
1353.4	480.00	123.35	0.0081067	1011.0	1400.2	6.3366	0.87255	1.1475	753.67	-0.050800	6.3114e-05	0.095131	supercritical
1354.4	480.00	123.27	0.0081123	1011.9	1401.3	6.3375	0.87263	1.1475	753.89	-0.050824	6.3140e-05	0.095180	supercritical
1355.4	480.00	123.19	0.0081178	1012.8	1402.5	6.3383	0.87272	1.1476	754.11	-0.050847	6.3167e-05	0.095229	supercritical
1356.4	480.00	123.10	0.0081234	1013.7	1403.6	6.3392	0.87280	1.1476	754.33	-0.050870	6.3194e-05	0.095278	supercritical
1357.4	480.00	123.02	0.0081290	1014.6	1404.7	6.3400	0.87289	1.1477	754.55	-0.050894	6.3220e-05	0.095326	supercritical
1358.4	480.00	122.93	0.0081345	1015.4	1405.9	6.3409	0.87298	1.1478	754.77	-0.050917	6.3247e-05	0.095375	supercritical
1359.4	480.00	122.85	0.0081401	1016.3	1407.0	6.3417	0.87306	1.1478	754.99	-0.050940	6.3273e-05	0.095424	supercritical
1360.4	480.00	122.77	0.0081456	1017.2	1408.2	6.3426	0.87315	1.1479	755.21	-0.050963	6.3300e-05	0.095473	supercritical
1361.4	480.00	122.68	0.0081512	1018.1	1409.3	6.3434	0.87324	1.1480	755.42	-0.050986	6.3326e-05	0.095522	supercritical
1362.4	480.00	122.60	0.0081567	1019.0	1410.5	6.3442	0.87332	1.1480	755.64	-0.051010	6.3353e-05	0.095571	supercritical
1363.4	480.00	122.51	0.0081623	1019.8	1411.6	6.3451	0.87341	1.1481	755.86	-0.051033	6.3379e-05	0.095619	supercritical
1364.4	480.00	122.43	0.0081679	1020.7	1412.8	6.3459	0.87349	1.1481	756.08	-0.051056	6.3406e-05	0.095668	supercritical
1365.4	480.00	122.35	0.0081734	1021.6	1413.9	6.3468	0.87358	1.1482	756.30	-0.051079	6.3433e-05	0.095717	supercritical
1366.4	480.00	122.26	0.0081790	1022.5	1415.1	6.3476	0.87366	1.1483	756.52	-0.051102	6.3459e-05	0.095766	supercritical
1367.4	480.00	122.18	0.0081845	1023.4	1416.2	6.3485	0.87375	1.1483	756.74	-0.051125	6.3486e-05	0.095815	supercritical
1368.4	480.00	122.10	0.0081901	1024.3	1417.4	6.3493	0.87384	1.1484	756.96	-0.051147	6.3512e-05	0.095864	supercritical
1369.4	480.00	122.02	0.0081956	1025.1	1418.5	6.3501	0.87392	1.1485	757.17	-0.051170	6.3539e-05	0.095912	supercritical
1370.4	480.00	121.93	0.0082012	1026.0	1419.7	6.3510	0.87401	1.1485	757.39	-0.051193	6.3565e-05	0.095961	supercritical
1371.4	480.00	121.85	0.0082068	1026.9	1420.8	6.3518	0.87409	1.1486	757.61	-0.051216	6.3592e-05	0.096010	supercritical
1372.4	480.00	121.77	0.0082123	1027.8	1422.0	6.3526	0.87418	1.1486	757.83	-0.051239	6.3618e-05	0.096059	supercritical
1373.4	480.00	121.69	0.0082179	1028.7	1423.1	6.3535	0.87426	1.1487	758.05	-0.051261	6.3645e-05	0.096108	supercritical
1374.4	480.00	121.60	0.0082234	1029.5	1424.3	6.3543	0.87435	1.1488	758.27	-0.051284	6.3671e-05	0.096156	supercritical
1375.4	480.00	121.52	0.0082290	1030.4	1425.4	6.3552	0.87443	1.1488	758.48	-0.051307	6.3698e-05	0.096205	supercritical
1376.4	480.00	121.44	0.0082345	1031.3	1426.6	6.3560	0.87452	1.1489	758.70	-0.051329	6.3724e-05	0.096254	supercritical
1377.4	480.00	121.36	0.0082401	1032.2	1427.7	6.3568	0.87460	1.1490	758.92	-0.051352	6.3751e-05	0.096303	supercritical
1378.4	480.00	121.28	0.0082456	1033.1	1428.9	6.3577	0.87469	1.1490	759.14	-0.051374	6.3777e-05	0.096352	supercritical
1379.4	480.00	121.19	0.0082512	1034.0	1430.0	6.3585	0.87477	1.1491	759.36	-0.051397	6.3804e-05	0.096400	supercritical
1380.4	480.00	121.11	0.0082567	1034.8	1431.2	6.3593	0.87486	1.1491	759.57	-0.051419	6.3830e-05	0.096449	supercritical
1381.4	480.00	121.03	0.0082623	1035.7	1432.3	6.3602	0.87494	1.1492	759.79	-0.051441	6.3857e-05	0.096498	supercritical
1382.4	480.00	120.95	0.0082678	1036.6	1433.5	6.3610	0.87503	1.1493	760.01	-0.051464	6.3883e-05	0.096547	supercritical
1383.4	480.00	120.87	0.0082734	1037.5	1434.6	6.3618	0.87511	1.1493	760.23	-0.051486	6.3909e-05	0.096595	supercritical
1384.4	480.00	120.79	0.0082790	1038.4	1435.8	6.3627	0.87519	1.1494	760.44	-0.051508	6.3936e-05	0.096644	supercritical
1385.4	480.00	120.71	0.0082845	1039.3	1436.9	6.3635	0.87528	1.1495	760.66	-0.051531	6.3962e-05	0.096693	supercritical
1386.4	480.00	120.63	0.0082901	1040.1	1438.1	6.3643	0.87536	1.1495	760.88	-0.051553	6.3989e-05	0.096742	supercritical
1387.4	480.00	120.55	0.0082956	1041.0	1439.2	6.3651	0.87545	1.1496	761.10	-0.051575	6.4015e-05	0.096790	supercritical
1388.4	480.00	120.47	0.0083012	1041.9	1440.4	6.3660	0.87553	1.1496	761.31	-0.051597	6.4042e-05	0.096839	supercritical
1389.4	480.00	120.38	0.0083067	1042.8	1441.5	6.3668	0.87562	1.1497	761.53	-0.051619	6.4068e-05	0.096888	supercritical
1390.4	480.00	120.30	0.0083123	1043.7	1442.7	6.3676	0.87570	1.1498	761.75	-0.051641	6.4095e-05	0.096937	supercritical
1391.4	480.00	120.22	0.0083178	1044.6	1443.8	6.3684	0.87578	1.1498	761.96	-0.051664	6.4121e-05	0.096985	supercritical
1392.4	480.00	120.14	0.0083234	1045.4	1445.0	6.3693	0.87587	1.1499	762.18	-0.051686	6.4147e-05	0.097034	supercritical
1393.4	480.00	120.06	0.0083289	1046.3	1446.1	6.3701	0.87595	1.1500	762.40	-0.051707	6.4174e-05	0.097083	supercritical
1394.4	480.00	119.98	0.0083345	1047.2	1447.3	6.3709	0.87604	1.1500	762.62	-0.051729	6.4200e-05	0.097132	supercritical
1395.4	480.00	119.90	0.0083400	1048.1	1448.4	6.3718	0.87612	1.1501	762.83	-0.051751	6.4227e-05	0.097180	supercritical
1396.4	480.00	119.82	0.0083456	1049.0	1449.6	6.3726	0.87620	1.1501	763.05	-0.051773	6.4253e-05	0.097229	supercritical
1397.4	480.00	119.74	0.0083511	1049.9	1450.7	6.3734	0.87629	1.1502	763.27	-0.051795	6.4279e-05	0.097278	supercritical
1398.4	480.00	119.66	0.0083567	1050.7	1451.9	6.3742	0.87637	1.1503	763.48	-0.051817	6.4306e-05	0.097327	supercritical
1399.4	480.00	119.59	0.0083622	1051.6	1453.0	6.3750	0.87645	1.1503	763.70	-0.051839	6.4332e-05	0.097375	supercritical
1400.4	480.00	119.51	0.0083678	1052.5	1454.2	6.3759	0.87654	1.1504	763.91	-0.051860	6.4358e-05	0.097424	supercritical
1401.4	480.00	119.43	0.0083733	1053.4	1455.3	6.3767	0.87662	1.1505	764.13	-0.051882	6.4385e-05	0.097473	supercritical
1402.4	480.00	119.35	0.0083789	1054.3	1456.5	6.3775	0.87670	1.1505	764.35	-0.051904	6.4411e-05	0.097521	supercritical
1403.4	480.00	119.27	0.0083844	1055.2	1457.6	6.3783	0.87679	1.1506	764.56	-0.051925	6.4438e-05	0.097570	supercritical
1404.4	480.00	119.19	0.0083900	1056.0	1458.8	6.3791	0.87687	1.1506	764.78	-0.051947	6.4464e-05	0.097619	supercritical
1405.4	480.00	119.11	0.0083955	1056.9	1459.9	6.3800	0.87695	1.1507	765.00	-0.051968	6.4490e-05	0.097668	supercritical
1406.4	480.00	119.03	0.0084011	1057.8	1461.1	6.3808	0.87704	1.1508	765.21	-0.051990	6.4517e-05	0.097716	supercritical
1407.4	480.00	118.95	0.0084066	1058.7	1462.2	6.3816	0.87712	1.1508	765.43	-0.052011	6.4543e-05	0.097765	supercritical
1408.4	480.00	118.88	0.0084122	1059.6	1463.4	6.3824	0.87720	1.1509	765.64	-0.052033	6.4569e-05	0.097814	supercritical
1409.4	480.00	118.80	0.0084177	1060.5	1464.5	6.3832	0.87729	1.1510	765.86	-0.052054	6.4596e-05	0.097862	supercritical
1410.4	480.00	118.72	0.0084233	1061.3	1465.7	6.3841	0.87737	1.1510	766.07	-0.052076	6.4622e-05	0.097911	supercritical
1411.4	480.00	118.64	0.0084288	1062.2	1466.8	6.3849	0.87745	1.1511	766.29	-0.052097	6.4648e-05	0.097960	supercritical
1412.4	480.00	118.56	0.0084343	1063.1	1468.0	6.3857	0.87754	1.1511	766.51	-0.052118	6.4675e-05	0.098008	supercritical
1413.4	480.00	118.48	0.0084399	1064.0	1469.1	6.3865	0.87762	1.1512	766.72	-0.052139	6.4701e-05	0.098057	supercritical
1414.4	480.00	118.41	0.0084454	1064.9	1470.3	6.3873	0.87770	1.1513	766.94	-0.052161	6.4727e-05	0.098106	supercritical
1415.4	480.00	118.33	0.0084510	1065.8	1471.4	6.3881	0.87778	1.1513	767.15	-0.052182	6.4754e-05	0.098155	supercritical
1416.4	480.00	118.25	0.0084565	1066.7	1472.6	6.3889	0.87787	1.1514	767.37	-0.052203	6.4780e-05	0.098203	supercritical
1417.4	480.00	118.17	0.0084621	1067.5	1473.7	6.3898	0.87795	1.1515	767.58	-0.052224	6.4806e-05	0.098252	supercritical
1418.4	480.00	118.10	0.0084676	1068.4	1474.9	6.3906	0.87803	1.1515	767.80	-0.052245	6.4832e-05	0.098301	supercritical
1419.4	480.00	118.02	0.0084732	1069.3	1476.0	6.3914	0.87811	1.1516	768.01	-0.052266	6.4859e-05	0.098349	supercritical
1420.4	480.00	117.94	0.0084787	1070.2	1477.2	6.3922	0.87820	1.1516	768.23	-0.052287	6.4885e-05	0.098398	supercritical
1421.4	480.00	117.87	0.0084843	1071.1	1478.3	6.3930	0.87828	1.1517	768.44	-0.052308	6.4911e-05	0.098447	supercritical
1422.4	480.00	117.79	0.0084898	1072.0	1479.5	6.3938	0.87836	1.1518	768.66	-0.052329	6.4938e-05	0.098495	supercritical
1423.4	480.00	117.71	0.0084954	1072.9	1480.6	6.3946	0.87844	1.1518	768.87	-0.052350	6.4964e-05	0.098544	supercritical
1424.4	480.00	117.63	0.0085009	1073.7	1481.8	6.3954	0.87853	1.1519	769.09	-0.052371	6.4990e-05	0.098592	supercritical
1425.4	480.00	117.56	0.0085064	1074.6	1482.9	6.3962	0.87861	1.1520	769.30	-0.052392	6.5016e-05	0.098641	supercritical
1426.4	480.00	117.48	0.0085120	1075.5	1484.1	6.3970	0.87869	1.1520	769.52	-0.052413	6.5043e-05	0.098690	supercritical
1427.4	480.00	117.40	0.0085175	1076.4	1485.2	6.3979	0.87877	1.1521	769.73	-0.052434	6.5069e-05	0.098738	supercritical
1428.4	480.00	117.33	0.0085231	1077.3	1486.4	6.3987	0.87885	1.1521	769.95	-0.052454	6.5095e-05	0.098787	supercritical
1429.4	480.00	117.25	0.0085286	1078.2	1487.5	6.3995	0.87894	1.1522	770.16	-0.052475	6.5121e-05	0.098836	supercritical
1430.4	480.00	117.18	0.0085342	1079.1	1488.7	6.4003	0.87902	1.1523	770.37	-0.052496	6.5148e-05	0.098884	supercritical
1431.4	480.00	117.10	0.0085397	1079.9	1489.8	6.4011	0.87910	1.1523	770.59	-0.052517	6.5174e-05	0.098933	supercritical
1432.4	480.00	117.02	0.0085453	1080.8	1491.0	6.4019	0.87918	1.1524	770.80	-0.052537	6.5200e-05	0.098982	supercritical
1433.4	480.00	116.95	0.0085508	1081.7	1492.2	6.4027	0.87926	1.1524	771.02	-0.052558	6.5226e-05	0.099030	supercritical
1434.4	480.00	116.87	0.0085563	1082.6	1493.3	6.4035	0.87934	1.1525	771.23	-0.052578	6.5253e-05	0.099079	supercritical
1435.4	480.00	116.80	0.0085619	1083.5	1494.5	6.4043	0.87943	1.1526	771.45	-0.052599	6.5279e-05	0.099127	supercritical
1436.4	480.00	116.72	0.0085674	1084.4	1495.6	6.4051	0.87951	1.1526	771.66	-0.052619	6.5305e-05	0.099176	supercritical
1437.4	480.00	116.65	0.0085730	1085.3	1496.8	6.4059	0.87959	1.1527	771.87	-0.052640	6.5331e-05	0.099225	supercritical
1438.4	480.00	116.57	0.0085785	1086.1	1497.9	6.4067	0.87967	1.1528	772.09	-0.052660	6.5357e-05	0.099273	supercritical
1439.4	480.00	116.50	0.0085840	1087.0	1499.1	6.4075	0.87975	1.1528	772.30	-0.052681	6.5384e-05	0.099322	supercritical
1440.4	480.00	116.42	0.0085896	1087.9	1500.2	6.4083	0.87983	1.1529	772.51	-0.052701	6.5410e-05	0.099370	supercritical
1441.4	480.00	116.34	0.0085951	1088.8	1501.4	6.4091	0.87991	1.1529	772.73	-0.052721	6.5436e-05	0.099419	supercritical
1442.4	480.00	116.27	0.0086007	1089.7	1502.5	6.4099	0.88000	1.1530	772.94	-0.052742	6.5462e-05	0.099468	supercritical
1443.4	480.00	116.20	0.0086062	1090.6	1503.7	6.4107	0.88008	1.1531	773.15	-0.052762	6.5488e-05	0.099516	supercritical
1444.4	480.00	116.12	0.0086118	1091.5	1504.8	6.4115	0.88016	1.1531	773.37	-0.052782	6.5515e-05	0.099565	supercritical
1445.4	480.00	116.05	0.0086173	1092.4	1506.0	6.4123	0.88024	1.1532	773.58	-0.052802	6.5541e-05	0.099613	supercritical
1446.4	480.00	115.97	0.0086228	1093.2	1507.1	6.4131	0.88032	1.1533	773.79	-0.052823	6.5567e-05	0.099662	supercritical
1447.4	480.00	115.90	0.0086284	1094.1	1508.3	6.4139	0.88040	1.1533	774.01	-0.052843	6.5593e-05	0.099711	supercritical
1448.4	480.00	115.82	0.0086339	1095.0	1509.4	6.4147	0.88048	1.1534	774.22	-0.052863	6.5619e-05	0.099759	supercritical
1449.4	480.00	115.75	0.0086395	1095.9	1510.6	6.4155	0.88056	1.1534	774.43	-0.052883	6.5645e-05	0.099808	supercritical
1450.4	480.00	115.67	0.0086450	1096.8	1511.8	6.4163	0.88064	1.1535	774.65	-0.052903	6.5672e-05	0.099856	supercritical
1451.4	480.00	115.60	0.0086505	1097.7	1512.9	6.4171	0.88073	1.1536	774.86	-0.052923	6.5698e-05	0.099905	supercritical
1452.4	480.00	115.53	0.0086561	1098.6	1514.1	6.4179	0.88081	1.1536	775.07	-0.052943	6.5724e-05	0.099953	supercritical
1453.4	480.00	115.45	0.0086616	1099.5	1515.2	6.4187	0.88089	1.1537	775.29	-0.052963	6.5750e-05	0.10000	supercritical
1454.4	480.00	115.38	0.0086672	1100.3	1516.4	6.4195	0.88097	1.1537	775.50	-0.052983	6.5776e-05	0.10005	supercritical
1455.4	480.00	115.30	0.0086727	1101.2	1517.5	6.4202	0.88105	1.1538	775.71	-0.053003	6.5802e-05	0.10010	supercritical
1456.4	480.00	115.23	0.0086782	1102.1	1518.7	6.4210	0.88113	1.1539	775.92	-0.053022	6.5828e-05	0.10015	supercritical
1457.4	480.00	115.16	0.0086838	1103.0	1519.8	6.4218	0.88121	1.1539	776.14	-0.053042	6.5854e-05	0.10020	supercritical
1458.4	480.00	115.08	0.0086893	1103.9	1521.0	6.4226	0.88129	1.1540	776.35	-0.053062	6.5881e-05	0.10024	supercritical
1459.4	480.00	115.01	0.0086948	1104.8	1522.1	6.4234	0.88137	1.1541	776.56	-0.053082	6.5907e-05	0.10029	supercritical
1460.4	480.00	114.94	0.0087004	1105.7	1523.3	6.4242	0.88145	1.1541	776.77	-0.053102	6.5933e-05	0.10034	supercritical
1461.4	480.00	114.86	0.0087059	1106.6	1524.4	6.4250	0.88153	1.1542	776.99	-0.053121	6.5959e-05	0.10039	supercritical
1462.4	480.00	114.79	0.0087115	1107.5	1525.6	6.4258	0.88161	1.1542	777.20	-0.053141	6.5985e-05	0.10044	supercritical
1463.4	480.00	114.72	0.0087170	1108.3	1526.8	6.4266	0.88169	1.1543	777.41	-0.053161	6.6011e-05	0.10049	supercritical
1464.4	480.00	114.65	0.0087225	1109.2	1527.9	6.4274	0.88177	1.1544	777.62	-0.053180	6.6037e-05	0.10054	supercritical
1465.4	480.00	114.57	0.0087281	1110.1	1529.1	6.4282	0.88185	1.1544	777.83	-0.053200	6.6063e-05	0.10058	supercritical
1466.4	480.00	114.50	0.0087336	1111.0	1530.2	6.4289	0.88193	1.1545	778.05	-0.053219	6.6089e-05	0.10063	supercritical
1467.4	480.00	114.43	0.0087391	1111.9	1531.4	6.4297	0.88201	1.1545	778.26	-0.053239	6.6115e-05	0.10068	supercritical
1468.4	480.00	114.36	0.0087447	1112.8	1532.5	6.4305	0.88209	1.1546	778.47	-0.053258	6.6142e-05	0.10073	supercritical
1469.4	480.00	114.28	0.0087502	1113.7	1533.7	6.4313	0.88217	1.1547	778.68	-0.053278	6.6168e-05	0.10078	supercritical
1470.4	480.00	114.21	0.0087558	1114.6	1534.8	6.4321	0.88225	1.1547	778.89	-0.053297	6.6194e-05	0.10083	supercritical
1471.4	480.00	114.14	0.0087613	1115.4	1536.0	6.4329	0.88233	1.1548	779.11	-0.053316	6.6220e-05	0.10088	supercritical
1472.4	480.00	114.07	0.0087668	1116.3	1537.1	6.4337	0.88241	1.1549	779.32	-0.053336	6.6246e-05	0.10092	supercritical
1473.4	480.00	113.99	0.0087724	1117.2	1538.3	6.4344	0.88249	1.1549	779.53	-0.053355	6.6272e-05	0.10097	supercritical
1474.4	480.00	113.92	0.0087779	1118.1	1539.5	6.4352	0.88257	1.1550	779.74	-0.053374	6.6298e-05	0.10102	supercritical
1475.4	480.00	113.85	0.0087834	1119.0	1540.6	6.4360	0.88265	1.1550	779.95	-0.053394	6.6324e-05	0.10107	supercritical
1476.4	480.00	113.78	0.0087890	1119.9	1541.8	6.4368	0.88273	1.1551	780.16	-0.053413	6.6350e-05	0.10112	supercritical
1477.4	480.00	113.71	0.0087945	1120.8	1542.9	6.4376	0.88281	1.1552	780.37	-0.053432	6.6376e-05	0.10117	supercritical
1478.4	480.00	113.64	0.0088000	1121.7	1544.1	6.4384	0.88289	1.1552	780.59	-0.053451	6.6402e-05	0.10122	supercritical
1479.4	480.00	113.56	0.0088056	1122.6	1545.2	6.4391	0.88297	1.1553	780.80	-0.053470	6.6428e-05	0.10126	supercritical
1480.4	480.00	113.49	0.0088111	1123.5	1546.4	6.4399	0.88305	1.1554	781.01	-0.053490	6.6454e-05	0.10131	supercritical
1481.4	480.00	113.42	0.0088166	1124.3	1547.5	6.4407	0.88313	1.1554	781.22	-0.053509	6.6480e-05	0.10136	supercritical
1482.4	480.00	113.35	0.0088222	1125.2	1548.7	6.4415	0.88321	1.1555	781.43	-0.053528	6.6506e-05	0.10141	supercritical
1483.4	480.00	113.28	0.0088277	1126.1	1549.9	6.4423	0.88329	1.1555	781.64	-0.053547	6.6532e-05	0.10146	supercritical
1484.4	480.00	113.21	0.0088333	1127.0	1551.0	6.4430	0.88337	1.1556	781.85	-0.053566	6.6558e-05	0.10151	supercritical
1485.4	480.00	113.14	0.0088388	1127.9	1552.2	6.4438	0.88345	1.1557	782.06	-0.053585	6.6584e-05	0.10155	supercritical
1486.4	480.00	113.07	0.0088443	1128.8	1553.3	6.4446	0.88353	1.1557	782.27	-0.053604	6.6610e-05	0.10160	supercritical
1487.4	480.00	113.00	0.0088499	1129.7	1554.5	6.4454	0.88361	1.1558	782.48	-0.053622	6.6636e-05	0.10165	supercritical
1488.4	480.00	112.93	0.0088554	1130.6	1555.6	6.4461	0.88368	1.1558	782.69	-0.053641	6.6662e-05	0.10170	supercritical
1489.4	480.00	112.86	0.0088609	1131.5	1556.8	6.4469	0.88376	1.1559	782.90	-0.053660	6.6688e-05	0.10175	supercritical
1490.4	480.00	112.78	0.0088665	1132.4	1557.9	6.4477	0.88384	1.1560	783.11	-0.053679	6.6714e-05	0.10180	supercritical
1491.4	480.00	112.71	0.0088720	1133.2	1559.1	6.4485	0.88392	1.1560	783.32	-0.053698	6.6740e-05	0.10185	supercritical
1492.4	480.00	112.64	0.0088775	1134.1	1560.3	6.4492	0.88400	1.1561	783.53	-0.053716	6.6766e-05	0.10189	supercritical
1493.4	480.00	112.57	0.0088830	1135.0	1561.4	6.4500	0.88408	1.1562	783.75	-0.053735	6.6792e-05	0.10194	supercritical
1494.4	480.00	112.50	0.0088886	1135.9	1562.6	6.4508	0.88416	1.1562	783.96	-0.053754	6.6818e-05	0.10199	supercritical
1495.4	480.00	112.43	0.0088941	1136.8	1563.7	6.4516	0.88424	1.1563	784.17	-0.053773	6.6844e-05	0.10204	supercritical
1496.4	480.00	112.36	0.0088996	1137.7	1564.9	6.4523	0.88432	1.1563	784.38	-0.053791	6.6870e-05	0.10209	supercritical
1497.4	480.00	112.29	0.0089052	1138.6	1566.0	6.4531	0.88440	1.1564	784.59	-0.053810	6.6896e-05	0.10214	supercritical
1498.4	480.00	112.22	0.0089107	1139.5	1567.2	6.4539	0.88447	1.1565	784.80	-0.053828	6.6922e-05	0.10218	supercritical
1499.4	480.00	112.15	0.0089162	1140.4	1568.3	6.4547	0.88455	1.1565	785.01	-0.053847	6.6948e-05	0.10223	supercritical
1500.4	480.00	112.09	0.0089218	1141.3	1569.5	6.4554	0.88463	1.1566	785.21	-0.053865	6.6974e-05	0.10228	supercritical
1501.4	480.00	112.02	0.0089273	1142.2	1570.7	6.4562	0.88471	1.1566	785.42	-0.053884	6.7000e-05	0.10233	supercritical
1502.4	480.00	111.95	0.0089328	1143.0	1571.8	6.4570	0.88479	1.1567	785.63	-0.053902	6.7026e-05	0.10238	supercritical
1503.4	480.00	111.88	0.0089384	1143.9	1573.0	6.4577	0.88487	1.1568	785.84	-0.053921	6.7051e-05	0.10243	supercritical
1504.4	480.00	111.81	0.0089439	1144.8	1574.1	6.4585	0.88495	1.1568	786.05	-0.053939	6.7077e-05	0.10248	supercritical
1505.4	480.00	111.74	0.0089494	1145.7	1575.3	6.4593	0.88502	1.1569	786.26	-0.053957	6.7103e-05	0.10252	supercritical
1506.4	480.00	111.67	0.0089550	1146.6	1576.4	6.4600	0.88510	1.1570	786.47	-0.053976	6.7129e-05	0.10257	supercritical
1507.4	480.00	111.60	0.0089605	1147.5	1577.6	6.4608	0.88518	1.1570	786.68	-0.053994	6.7155e-05	0.10262	supercritical
1508.4	480.00	111.53	0.0089660	1148.4	1578.8	6.4616	0.88526	1.1571	786.89	-0.054012	6.7181e-05	0.10267	supercritical
1509.4	480.00	111.46	0.0089715	1149.3	1579.9	6.4623	0.88534	1.1571	787.10	-0.054031	6.7207e-05	0.10272	supercritical
1510.4	480.00	111.39	0.0089771	1150.2	1581.1	6.4631	0.88542	1.1572	787.31	-0.054049	6.7233e-05	0.10277	supercritical
1511.4	480.00	111.33	0.0089826	1151.1	1582.2	6.4639	0.88550	1.1573	787.52	-0.054067	6.7259e-05	0.10281	supercritical
1512.4	480.00	111.26	0.0089881	1152.0	1583.4	6.4646	0.88557	1.1573	787.73	-0.054085	6.7285e-05	0.10286	supercritical
1513.4	480.00	111.19	0.0089937	1152.9	1584.5	6.4654	0.88565	1.1574	787.94	-0.054103	6.7311e-05	0.10291	supercritical
1514.4	480.00	111.12	0.0089992	1153.7	1585.7	6.4662	0.88573	1.1574	788.14	-0.054121	6.7336e-05	0.10296	supercritical
1515.4	480.00	111.05	0.0090047	1154.6	1586.9	6.4669	0.88581	1.1575	788.35	-0.054140	6.7362e-05	0.10301	supercritical
1516.4	480.00	110.98	0.0090102	1155.5	1588.0	6.4677	0.88589	1.1576	788.56	-0.054158	6.7388e-05	0.10306	supercritical
1517.4	480.00	110.92	0.0090158	1156.4	1589.2	6.4685	0.88596	1.1576	788.77	-0.054176	6.7414e-05	0.10310	supercritical
1518.4	480.00	110.85	0.0090213	1157.3	1590.3	6.4692	0.88604	1.1577	788.98	-0.054194	6.7440e-05	0.10315	supercritical
1519.4	480.00	110.78	0.0090268	1158.2	1591.5	6.4700	0.88612	1.1578	789.19	-0.054212	6.7466e-05	0.10320	supercritical
1520.4	480.00	110.71	0.0090324	1159.1	1592.7	6.4707	0.88620	1.1578	789.40	-0.054229	6.7492e-05	0.10325	supercritical
1521.4	480.00	110.65	0.0090379	1160.0	1593.8	6.4715	0.88628	1.1579	789.61	-0.054247	6.7517e-05	0.10330	supercritical
1522.4	480.00	110.58	0.0090434	1160.9	1595.0	6.4723	0.88635	1.1579	789.81	-0.054265	6.7543e-05	0.10335	supercritical
1523.4	480.00	110.51	0.0090489	1161.8	1596.1	6.4730	0.88643	1.1580	790.02	-0.054283	6.7569e-05	0.10339	supercritical
1524.4	480.00	110.44	0.0090545	1162.7	1597.3	6.4738	0.88651	1.1581	790.23	-0.054301	6.7595e-05	0.10344	supercritical
1525.4	480.00	110.38	0.0090600	1163.6	1598.4	6.4746	0.88659	1.1581	790.44	-0.054319	6.7621e-05	0.10349	supercritical
1526.4	480.00	110.31	0.0090655	1164.5	1599.6	6.4753	0.88667	1.1582	790.65	-0.054336	6.7647e-05	0.10354	supercritical
1527.4	480.00	110.24	0.0090711	1165.3	1600.8	6.4761	0.88674	1.1582	790.85	-0.054354	6.7672e-05	0.10359	supercritical
1528.4	480.00	110.17	0.0090766	1166.2	1601.9	6.4768	0.88682	1.1583	791.06	-0.054372	6.7698e-05	0.10364	supercritical
1529.4	480.00	110.11	0.0090821	1167.1	1603.1	6.4776	0.88690	1.1584	791.27	-0.054390	6.7724e-05	0.10368	supercritical
1530.4	480.00	110.04	0.0090876	1168.0	1604.2	6.4783	0.88698	1.1584	791.48	-0.054407	6.7750e-05	0.10373	supercritical
1531.4	480.00	109.97	0.0090932	1168.9	1605.4	6.4791	0.88705	1.1585	791.69	-0.054425	6.7776e-05	0.10378	supercritical
1532.4	480.00	109.91	0.0090987	1169.8	1606.5	6.4799	0.88713	1.1586	791.89	-0.054443	6.7802e-05	0.10383	supercritical
1533.4	480.00	109.84	0.0091042	1170.7	1607.7	6.4806	0.88721	1.1586	792.10	-0.054460	6.7827e-05	0.10388	supercritical
1534.4	480.00	109.77	0.0091097	1171.6	1608.9	6.4814	0.88729	1.1587	792.31	-0.054478	6.7853e-05	0.10393	supercritical
1535.4	480.00	109.71	0.0091153	1172.5	1610.0	6.4821	0.88736	1.1587	792.52	-0.054495	6.7879e-05	0.10397	supercritical
1536.4	480.00	109.64	0.0091208	1173.4	1611.2	6.4829	0.88744	1.1588	792.72	-0.054513	6.7905e-05	0.10402	supercritical
1537.4	480.00	109.57	0.0091263	1174.3	1612.3	6.4836	0.88752	1.1589	792.93	-0.054530	6.7931e-05	0.10407	supercritical
1538.4	480.00	109.51	0.0091318	1175.2	1613.5	6.4844	0.88760	1.1589	793.14	-0.054548	6.7956e-05	0.10412	supercritical
1539.4	480.00	109.44	0.0091374	1176.1	1614.7	6.4851	0.88767	1.1590	793.35	-0.054565	6.7982e-05	0.10417	supercritical
1540.4	480.00	109.37	0.0091429	1177.0	1615.8	6.4859	0.88775	1.1590	793.55	-0.054582	6.8008e-05	0.10422	supercritical
1541.4	480.00	109.31	0.0091484	1177.9	1617.0	6.4866	0.88783	1.1591	793.76	-0.054600	6.8034e-05	0.10426	supercritical
1542.4	480.00	109.24	0.0091539	1178.7	1618.1	6.4874	0.88791	1.1592	793.97	-0.054617	6.8059e-05	0.10431	supercritical
1543.4	480.00	109.18	0.0091595	1179.6	1619.3	6.4881	0.88798	1.1592	794.18	-0.054634	6.8085e-05	0.10436	supercritical
1544.4	480.00	109.11	0.0091650	1180.5	1620.5	6.4889	0.88806	1.1593	794.38	-0.054652	6.8111e-05	0.10441	supercritical
1545.4	480.00	109.05	0.0091705	1181.4	1621.6	6.4896	0.88814	1.1594	794.59	-0.054669	6.8137e-05	0.10446	supercritical
1546.4	480.00	108.98	0.0091760	1182.3	1622.8	6.4904	0.88821	1.1594	794.80	-0.054686	6.8163e-05	0.10451	supercritical
1547.4	480.00	108.91	0.0091816	1183.2	1623.9	6.4911	0.88829	1.1595	795.00	-0.054703	6.8188e-05	0.10455	supercritical
1548.4	480.00	108.85	0.0091871	1184.1	1625.1	6.4919	0.88837	1.1595	795.21	-0.054720	6.8214e-05	0.10460	supercritical
1549.4	480.00	108.78	0.0091926	1185.0	1626.3	6.4926	0.88845	1.1596	795.42	-0.054737	6.8240e-05	0.10465	supercritical
1550.4	480.00	108.72	0.0091981	1185.9	1627.4	6.4934	0.88852	1.1597	795.62	-0.054755	6.8265e-05	0.10470	supercritical
1551.4	480.00	108.65	0.0092037	1186.8	1628.6	6.4941	0.88860	1.1597	795.83	-0.054772	6.8291e-05	0.10475	supercritical
1552.4	480.00	108.59	0.0092092	1187.7	1629.7	6.4949	0.88868	1.1598	796.04	-0.054789	6.8317e-05	0.10480	supercritical
1553.4	480.00	108.52	0.0092147	1188.6	1630.9	6.4956	0.88875	1.1598	796.24	-0.054806	6.8343e-05	0.10484	supercritical
1554.4	480.00	108.46	0.0092202	1189.5	1632.1	6.4964	0.88883	1.1599	796.45	-0.054823	6.8368e-05	0.10489	supercritical
1555.4	480.00	108.39	0.0092257	1190.4	1633.2	6.4971	0.88891	1.1600	796.66	-0.054840	6.8394e-05	0.10494	supercritical
1556.4	480.00	108.33	0.0092313	1191.3	1634.4	6.4979	0.88898	1.1600	796.86	-0.054857	6.8420e-05	0.10499	supercritical
1557.4	480.00	108.26	0.0092368	1192.2	1635.5	6.4986	0.88906	1.1601	797.07	-0.054874	6.8446e-05	0.10504	supercritical
1558.4	480.00	108.20	0.0092423	1193.1	1636.7	6.4994	0.88914	1.1602	797.27	-0.054890	6.8471e-05	0.10509	supercritical
1559.4	480.00	108.13	0.0092478	1194.0	1637.9	6.5001	0.88921	1.1602	797.48	-0.054907	6.8497e-05	0.10513	supercritical
1560.4	480.00	108.07	0.0092534	1194.9	1639.0	6.5008	0.88929	1.1603	797.69	-0.054924	6.8523e-05	0.10518	supercritical
1561.4	480.00	108.00	0.0092589	1195.7	1640.2	6.5016	0.88937	1.1603	797.89	-0.054941	6.8548e-05	0.10523	supercritical
1562.4	480.00	107.94	0.0092644	1196.6	1641.3	6.5023	0.88944	1.1604	798.10	-0.054958	6.8574e-05	0.10528	supercritical
1563.4	480.00	107.88	0.0092699	1197.5	1642.5	6.5031	0.88952	1.1605	798.30	-0.054975	6.8600e-05	0.10533	supercritical
1564.4	480.00	107.81	0.0092754	1198.4	1643.7	6.5038	0.88960	1.1605	798.51	-0.054991	6.8625e-05	0.10537	supercritical
1565.4	480.00	107.75	0.0092810	1199.3	1644.8	6.5046	0.88967	1.1606	798.72	-0.055008	6.8651e-05	0.10542	supercritical
1566.4	480.00	107.68	0.0092865	1200.2	1646.0	6.5053	0.88975	1.1606	798.92	-0.055025	6.8677e-05	0.10547	supercritical
1567.4	480.00	107.62	0.0092920	1201.1	1647.1	6.5060	0.88983	1.1607	799.13	-0.055041	6.8702e-05	0.10552	supercritical
1568.4	480.00	107.56	0.0092975	1202.0	1648.3	6.5068	0.88990	1.1608	799.33	-0.055058	6.8728e-05	0.10557	supercritical
1569.4	480.00	107.49	0.0093030	1202.9	1649.5	6.5075	0.88998	1.1608	799.54	-0.055075	6.8754e-05	0.10562	supercritical
1570.4	480.00	107.43	0.0093086	1203.8	1650.6	6.5083	0.89006	1.1609	799.74	-0.055091	6.8779e-05	0.10566	supercritical
1571.4	480.00	107.36	0.0093141	1204.7	1651.8	6.5090	0.89013	1.1610	799.95	-0.055108	6.8805e-05	0.10571	supercritical
1572.4	480.00	107.30	0.0093196	1205.6	1652.9	6.5097	0.89021	1.1610	800.15	-0.055124	6.8831e-05	0.10576	supercritical
1573.4	480.00	107.24	0.0093251	1206.5	1654.1	6.5105	0.89029	1.1611	800.36	-0.055141	6.8856e-05	0.10581	supercritical
1574.4	480.00	107.17	0.0093306	1207.4	1655.3	6.5112	0.89036	1.1611	800.56	-0.055157	6.8882e-05	0.10586	supercritical
1575.4	480.00	107.11	0.0093362	1208.3	1656.4	6.5120	0.89044	1.1612	800.77	-0.055174	6.8908e-05	0.10591	supercritical
1576.4	480.00	107.05	0.0093417	1209.2	1657.6	6.5127	0.89051	1.1613	800.97	-0.055190	6.8933e-05	0.10595	supercritical
1577.4	480.00	106.98	0.0093472	1210.1	1658.7	6.5134	0.89059	1.1613	801.18	-0.055206	6.8959e-05	0.10600	supercritical
1578.4	480.00	106.92	0.0093527	1211.0	1659.9	6.5142	0.89067	1.1614	801.38	-0.055223	6.8985e-05	0.10605	supercritical
1579.4	480.00	106.86	0.0093582	1211.9	1661.1	6.5149	0.89074	1.1614	801.59	-0.055239	6.9010e-05	0.10610	supercritical
1580.4	480.00	106.79	0.0093638	1212.8	1662.2	6.5156	0.89082	1.1615	801.79	-0.055256	6.9036e-05	0.10615	supercritical
1581.4	480.00	106.73	0.0093693	1213.7	1663.4	6.5164	0.89090	1.1616	802.00	-0.055272	6.9061e-05	0.10619	supercritical
1582.4	480.00	106.67	0.0093748	1214.6	1664.6	6.5171	0.89097	1.1616	802.20	-0.055288	6.9087e-05	0.10624	supercritical
1583.4	480.00	106.61	0.0093803	1215.5	1665.7	6.5178	0.89105	1.1617	802.41	-0.055304	6.9113e-05	0.10629	supercritical
1584.4	480.00	106.54	0.0093858	1216.4	1666.9	6.5186	0.89112	1.1618	802.61	-0.055321	6.9138e-05	0.10634	supercritical
1585.4	480.00	106.48	0.0093914	1217.3	1668.0	6.5193	0.89120	1.1618	802.82	-0.055337	6.9164e-05	0.10639	supercritical
1586.4	480.00	106.42	0.0093969	1218.2	1669.2	6.5200	0.89128	1.1619	803.02	-0.055353	6.9190e-05	0.10644	supercritical
1587.4	480.00	106.36	0.0094024	1219.0	1670.4	6.5208	0.89135	1.1619	803.23	-0.055369	6.9215e-05	0.10648	supercritical
1588.4	480.00	106.29	0.0094079	1219.9	1671.5	6.5215	0.89143	1.1620	803.43	-0.055385	6.9241e-05	0.10653	supercritical
1589.4	480.00	106.23	0.0094134	1220.8	1672.7	6.5222	0.89150	1.1621	803.63	-0.055401	6.9266e-05	0.10658	supercritical
1590.4	480.00	106.17	0.0094189	1221.7	1673.8	6.5230	0.89158	1.1621	803.84	-0.055417	6.9292e-05	0.10663	supercritical
1591.4	480.00	106.11	0.0094245	1222.6	1675.0	6.5237	0.89166	1.1622	804.04	-0.055433	6.9317e-05	0.10668	supercritical
1592.4	480.00	106.04	0.0094300	1223.5	1676.2	6.5244	0.89173	1.1622	804.25	-0.055449	6.9343e-05	0.10672	supercritical
1593.4	480.00	105.98	0.0094355	1224.4	1677.3	6.5252	0.89181	1.1623	804.45	-0.055465	6.9369e-05	0.10677	supercritical
1594.4	480.00	105.92	0.0094410	1225.3	1678.5	6.5259	0.89188	1.1624	804.65	-0.055481	6.9394e-05	0.10682	supercritical
1595.4	480.00	105.86	0.0094465	1226.2	1679.7	6.5266	0.89196	1.1624	804.86	-0.055497	6.9420e-05	0.10687	supercritical
1596.4	480.00	105.80	0.0094520	1227.1	1680.8	6.5273	0.89203	1.1625	805.06	-0.055513	6.9445e-05	0.10692	supercritical
1597.4	480.00	105.74	0.0094576	1228.0	1682.0	6.5281	0.89211	1.1626	805.27	-0.055529	6.9471e-05	0.10697	supercritical
1598.4	480.00	105.67	0.0094631	1228.9	1683.1	6.5288	0.89219	1.1626	805.47	-0.055545	6.9496e-05	0.10701	supercritical
1599.4	480.00	105.61	0.0094686	1229.8	1684.3	6.5295	0.89226	1.1627	805.67	-0.055561	6.9522e-05	0.10706	supercritical
1600.4	480.00	105.55	0.0094741	1230.7	1685.5	6.5302	0.89234	1.1627	805.88	-0.055577	6.9548e-05	0.10711	supercritical
1601.4	480.00	105.49	0.0094796	1231.6	1686.6	6.5310	0.89241	1.1628	806.08	-0.055592	6.9573e-05	0.10716	supercritical
1602.4	480.00	105.43	0.0094851	1232.5	1687.8	6.5317	0.89249	1.1629	806.28	-0.055608	6.9599e-05	0.10721	supercritical
1603.4	480.00	105.37	0.0094907	1233.4	1689.0	6.5324	0.89256	1.1629	806.49	-0.055624	6.9624e-05	0.10725	supercritical
1604.4	480.00	105.31	0.0094962	1234.3	1690.1	6.5332	0.89264	1.1630	806.69	-0.055640	6.9650e-05	0.10730	supercritical
1605.4	480.00	105.24	0.0095017	1235.2	1691.3	6.5339	0.89271	1.1630	806.89	-0.055655	6.9675e-05	0.10735	supercritical
1606.4	480.00	105.18	0.0095072	1236.1	1692.4	6.5346	0.89279	1.1631	807.10	-0.055671	6.9701e-05	0.10740	supercritical
1607.4	480.00	105.12	0.0095127	1237.0	1693.6	6.5353	0.89287	1.1632	807.30	-0.055687	6.9726e-05	0.10745	supercritical
1608.4	480.00	105.06	0.0095182	1237.9	1694.8	6.5360	0.89294	1.1632	807.50	-0.055702	6.9752e-05	0.10749	supercritical
1609.4	480.00	105.00	0.0095238	1238.8	1695.9	6.5368	0.89302	1.1633	807.71	-0.055718	6.9777e-05	0.10754	supercritical
1610.4	480.00	104.94	0.0095293	1239.7	1697.1	6.5375	0.89309	1.1634	807.91	-0.055734	6.9803e-05	0.10759	supercritical
1611.4	480.00	104.88	0.0095348	1240.6	1698.3	6.5382	0.89317	1.1634	808.11	-0.055749	6.9828e-05	0.10764	supercritical
1612.4	480.00	104.82	0.0095403	1241.5	1699.4	6.5389	0.89324	1.1635	808.32	-0.055765	6.9854e-05	0.10769	supercritical
1613.4	480.00	104.76	0.0095458	1242.4	1700.6	6.5397	0.89332	1.1635	808.52	-0.055780	6.9879e-05	0.10774	supercritical
1614.4	480.00	104.70	0.0095513	1243.3	1701.8	6.5404	0.89339	1.1636	808.72	-0.055796	6.9905e-05	0.10778	supercritical
1615.4	480.00	104.64	0.0095568	1244.2	1702.9	6.5411	0.89347	1.1637	808.92	-0.055811	6.9930e-05	0.10783	supercritical
1616.4	480.00	104.58	0.0095624	1245.1	1704.1	6.5418	0.89354	1.1637	809.13	-0.055826	6.9956e-05	0.10788	supercritical
1617.4	480.00	104.52	0.0095679	1246.0	1705.2	6.5425	0.89362	1.1638	809.33	-0.055842	6.9981e-05	0.10793	supercritical
1618.4	480.00	104.46	0.0095734	1246.9	1706.4	6.5433	0.89369	1.1638	809.53	-0.055857	7.0007e-05	0.10798	supercritical
1619.4	480.00	104.40	0.0095789	1247.8	1707.6	6.5440	0.89377	1.1639	809.73	-0.055873	7.0032e-05	0.10802	supercritical
1620.4	480.00	104.34	0.0095844	1248.7	1708.7	6.5447	0.89384	1.1640	809.94	-0.055888	7.0058e-05	0.10807	supercritical
1621.4	480.00	104.28	0.0095899	1249.6	1709.9	6.5454	0.89392	1.1640	810.14	-0.055903	7.0083e-05	0.10812	supercritical
1622.4	480.00	104.22	0.0095954	1250.5	1711.1	6.5461	0.89399	1.1641	810.34	-0.055919	7.0109e-05	0.10817	supercritical
1623.4	480.00	104.16	0.0096010	1251.4	1712.2	6.5469	0.89407	1.1642	810.54	-0.055934	7.0134e-05	0.10822	supercritical
1624.4	480.00	104.10	0.0096065	1252.3	1713.4	6.5476	0.89414	1.1642	810.75	-0.055949	7.0160e-05	0.10826	supercritical
1625.4	480.00	104.04	0.0096120	1253.2	1714.6	6.5483	0.89422	1.1643	810.95	-0.055964	7.0185e-05	0.10831	supercritical
1626.4	480.00	103.98	0.0096175	1254.1	1715.7	6.5490	0.89429	1.1643	811.15	-0.055979	7.0211e-05	0.10836	supercritical
1627.4	480.00	103.92	0.0096230	1255.0	1716.9	6.5497	0.89437	1.1644	811.35	-0.055995	7.0236e-05	0.10841	supercritical
1628.4	480.00	103.86	0.0096285	1255.9	1718.1	6.5504	0.89444	1.1645	811.55	-0.056010	7.0261e-05	0.10846	supercritical
1629.4	480.00	103.80	0.0096340	1256.8	1719.2	6.5511	0.89452	1.1645	811.76	-0.056025	7.0287e-05	0.10850	supercritical
1630.4	480.00	103.74	0.0096395	1257.7	1720.4	6.5519	0.89459	1.1646	811.96	-0.056040	7.0312e-05	0.10855	supercritical
1631.4	480.00	103.68	0.0096451	1258.6	1721.5	6.5526	0.89467	1.1646	812.16	-0.056055	7.0338e-05	0.10860	supercritical
1632.4	480.00	103.62	0.0096506	1259.5	1722.7	6.5533	0.89474	1.1647	812.36	-0.056070	7.0363e-05	0.10865	supercritical
1633.4	480.00	103.56	0.0096561	1260.4	1723.9	6.5540	0.89482	1.1648	812.56	-0.056085	7.0389e-05	0.10870	supercritical
1634.4	480.00	103.50	0.0096616	1261.3	1725.0	6.5547	0.89489	1.1648	812.77	-0.056100	7.0414e-05	0.10874	supercritical
1635.4	480.00	103.44	0.0096671	1262.2	1726.2	6.5554	0.89497	1.1649	812.97	-0.056115	7.0439e-05	0.10879	supercritical
1636.4	480.00	103.38	0.0096726	1263.1	1727.4	6.5561	0.89504	1.1650	813.17	-0.056130	7.0465e-05	0.10884	supercritical
1637.4	480.00	103.33	0.0096781	1264.0	1728.5	6.5569	0.89512	1.1650	813.37	-0.056145	7.0490e-05	0.10889	supercritical
1638.4	480.00	103.27	0.0096836	1264.9	1729.7	6.5576	0.89519	1.1651	813.57	-0.056160	7.0516e-05	0.10894	supercritical
1639.4	480.00	103.21	0.0096891	1265.8	1730.9	6.5583	0.89527	1.1651	813.77	-0.056175	7.0541e-05	0.10899	supercritical
1640.4	480.00	103.15	0.0096947	1266.7	1732.0	6.5590	0.89534	1.1652	813.97	-0.056190	7.0566e-05	0.10903	supercritical
1641.4	480.00	103.09	0.0097002	1267.6	1733.2	6.5597	0.89542	1.1653	814.17	-0.056205	7.0592e-05	0.10908	supercritical
1642.4	480.00	103.03	0.0097057	1268.5	1734.4	6.5604	0.89549	1.1653	814.38	-0.056219	7.0617e-05	0.10913	supercritical
1643.4	480.00	102.97	0.0097112	1269.4	1735.5	6.5611	0.89557	1.1654	814.58	-0.056234	7.0643e-05	0.10918	supercritical
1644.4	480.00	102.92	0.0097167	1270.3	1736.7	6.5618	0.89564	1.1654	814.78	-0.056249	7.0668e-05	0.10923	supercritical
1645.4	480.00	102.86	0.0097222	1271.2	1737.9	6.5625	0.89571	1.1655	814.98	-0.056264	7.0693e-05	0.10927	supercritical
1646.4	480.00	102.80	0.0097277	1272.1	1739.0	6.5632	0.89579	1.1656	815.18	-0.056278	7.0719e-05	0.10932	supercritical
1647.4	480.00	102.74	0.0097332	1273.0	1740.2	6.5639	0.89586	1.1656	815.38	-0.056293	7.0744e-05	0.10937	supercritical
1648.4	480.00	102.68	0.0097387	1273.9	1741.4	6.5647	0.89594	1.1657	815.58	-0.056308	7.0770e-05	0.10942	supercritical
1649.4	480.00	102.62	0.0097443	1274.8	1742.5	6.5654	0.89601	1.1658	815.78	-0.056322	7.0795e-05	0.10947	supercritical
1650.4	480.00	102.57	0.0097498	1275.7	1743.7	6.5661	0.89609	1.1658	815.98	-0.056337	7.0820e-05	0.10951	supercritical
1651.4	480.00	102.51	0.0097553	1276.6	1744.9	6.5668	0.89616	1.1659	816.18	-0.056352	7.0846e-05	0.10956	supercritical
1652.4	480.00	102.45	0.0097608	1277.5	1746.0	6.5675	0.89624	1.1659	816.38	-0.056366	7.0871e-05	0.10961	supercritical
1653.4	480.00	102.39	0.0097663	1278.4	1747.2	6.5682	0.89631	1.1660	816.59	-0.056381	7.0896e-05	0.10966	supercritical
1654.4	480.00	102.34	0.0097718	1279.3	1748.3	6.5689	0.89638	1.1661	816.79	-0.056395	7.0922e-05	0.10971	supercritical
1655.4	480.00	102.28	0.0097773	1280.2	1749.5	6.5696	0.89646	1.1661	816.99	-0.056410	7.0947e-05	0.10975	supercritical
1656.4	480.00	102.22	0.0097828	1281.1	1750.7	6.5703	0.89653	1.1662	817.19	-0.056424	7.0972e-05	0.10980	supercritical
1657.4	480.00	102.16	0.0097883	1282.0	1751.8	6.5710	0.89661	1.1662	817.39	-0.056439	7.0998e-05	0.10985	supercritical
1658.4	480.00	102.11	0.0097938	1282.9	1753.0	6.5717	0.89668	1.1663	817.59	-0.056453	7.1023e-05	0.10990	supercritical
1659.4	480.00	102.05	0.0097993	1283.8	1754.2	6.5724	0.89676	1.1664	817.79	-0.056468	7.1048e-05	0.10995	supercritical
1660.4	480.00	101.99	0.0098049	1284.7	1755.3	6.5731	0.89683	1.1664	817.99	-0.056482	7.1074e-05	0.10999	supercritical
1661.4	480.00	101.93	0.0098104	1285.6	1756.5	6.5738	0.89691	1.1665	818.19	-0.056497	7.1099e-05	0.11004	supercritical
1662.4	480.00	101.88	0.0098159	1286.5	1757.7	6.5745	0.89698	1.1666	818.39	-0.056511	7.1124e-05	0.11009	supercritical
1663.4	480.00	101.82	0.0098214	1287.4	1758.8	6.5752	0.89705	1.1666	818.59	-0.056525	7.1150e-05	0.11014	supercritical
1664.4	480.00	101.76	0.0098269	1288.3	1760.0	6.5759	0.89713	1.1667	818.79	-0.056540	7.1175e-05	0.11019	supercritical
1665.4	480.00	101.70	0.0098324	1289.2	1761.2	6.5766	0.89720	1.1667	818.99	-0.056554	7.1200e-05	0.11023	supercritical
1666.4	480.00	101.65	0.0098379	1290.1	1762.3	6.5773	0.89728	1.1668	819.19	-0.056568	7.1226e-05	0.11028	supercritical
1667.4	480.00	101.59	0.0098434	1291.0	1763.5	6.5780	0.89735	1.1669	819.39	-0.056583	7.1251e-05	0.11033	supercritical
1668.4	480.00	101.53	0.0098489	1291.9	1764.7	6.5787	0.89742	1.1669	819.59	-0.056597	7.1276e-05	0.11038	supercritical
1669.4	480.00	101.48	0.0098544	1292.8	1765.8	6.5794	0.89750	1.1670	819.79	-0.056611	7.1302e-05	0.11043	supercritical
1670.4	480.00	101.42	0.0098599	1293.7	1767.0	6.5801	0.89757	1.1671	819.99	-0.056625	7.1327e-05	0.11047	supercritical
1671.4	480.00	101.36	0.0098654	1294.6	1768.2	6.5808	0.89765	1.1671	820.19	-0.056639	7.1352e-05	0.11052	supercritical
1672.4	480.00	101.31	0.0098709	1295.5	1769.3	6.5815	0.89772	1.1672	820.38	-0.056653	7.1378e-05	0.11057	supercritical
1673.4	480.00	101.25	0.0098765	1296.4	1770.5	6.5822	0.89779	1.1672	820.58	-0.056668	7.1403e-05	0.11062	supercritical
1674.4	480.00	101.19	0.0098820	1297.3	1771.7	6.5829	0.89787	1.1673	820.78	-0.056682	7.1428e-05	0.11066	supercritical
1675.4	480.00	101.14	0.0098875	1298.3	1772.9	6.5836	0.89794	1.1674	820.98	-0.056696	7.1453e-05	0.11071	supercritical
1676.4	480.00	101.08	0.0098930	1299.2	1774.0	6.5843	0.89802	1.1674	821.18	-0.056710	7.1479e-05	0.11076	supercritical
1677.4	480.00	101.03	0.0098985	1300.1	1775.2	6.5850	0.89809	1.1675	821.38	-0.056724	7.1504e-05	0.11081	supercritical
1678.4	480.00	100.97	0.0099040	1301.0	1776.4	6.5857	0.89816	1.1675	821.58	-0.056738	7.1529e-05	0.11086	supercritical
1679.4	480.00	100.91	0.0099095	1301.9	1777.5	6.5864	0.89824	1.1676	821.78	-0.056752	7.1555e-05	0.11090	supercritical
1680.4	480.00	100.86	0.0099150	1302.8	1778.7	6.5871	0.89831	1.1677	821.98	-0.056766	7.1580e-05	0.11095	supercritical
1681.4	480.00	100.80	0.0099205	1303.7	1779.9	6.5878	0.89839	1.1677	822.18	-0.056780	7.1605e-05	0.11100	supercritical
1682.4	480.00	100.75	0.0099260	1304.6	1781.0	6.5885	0.89846	1.1678	822.38	-0.056794	7.1630e-05	0.11105	supercritical
1683.4	480.00	100.69	0.0099315	1305.5	1782.2	6.5892	0.89853	1.1679	822.57	-0.056808	7.1656e-05	0.11110	supercritical
1684.4	480.00	100.63	0.0099370	1306.4	1783.4	6.5899	0.89861	1.1679	822.77	-0.056822	7.1681e-05	0.11114	supercritical
1685.4	480.00	100.58	0.0099425	1307.3	1784.5	6.5906	0.89868	1.1680	822.97	-0.056835	7.1706e-05	0.11119	supercritical
1686.4	480.00	100.52	0.0099480	1308.2	1785.7	6.5912	0.89876	1.1680	823.17	-0.056849	7.1731e-05	0.11124	supercritical
1687.4	480.00	100.47	0.0099535	1309.1	1786.9	6.5919	0.89883	1.1681	823.37	-0.056863	7.1757e-05	0.11129	supercritical
1688.4	480.00	100.41	0.0099590	1310.0	1788.0	6.5926	0.89890	1.1682	823.57	-0.056877	7.1782e-05	0.11134	supercritical
1689.4	480.00	100.36	0.0099645	1310.9	1789.2	6.5933	0.89898	1.1682	823.77	-0.056891	7.1807e-05	0.11138	supercritical
1690.4	480.00	100.30	0.0099701	1311.8	1790.4	6.5940	0.89905	1.1683	823.97	-0.056904	7.1832e-05	0.11143	supercritical
1691.4	480.00	100.25	0.0099756	1312.7	1791.5	6.5947	0.89912	1.1683	824.16	-0.056918	7.1858e-05	0.11148	supercritical
1692.4	480.00	100.19	0.0099811	1313.6	1792.7	6.5954	0.89920	1.1684	824.36	-0.056932	7.1883e-05	0.11153	supercritical
1693.4	480.00	100.13	0.0099866	1314.5	1793.9	6.5961	0.89927	1.1685	824.56	-0.056946	7.1908e-05	0.11158	supercritical
1694.4	480.00	100.08	0.0099921	1315.4	1795.0	6.5968	0.89934	1.1685	824.76	-0.056959	7.1933e-05	0.11162	supercritical
1695.4	480.00	100.02	0.0099976	1316.3	1796.2	6.5975	0.89942	1.1686	824.96	-0.056973	7.1958e-05	0.11167	supercritical
1696.4	480.00	99.969	0.010003	1317.2	1797.4	6.5982	0.89949	1.1687	825.15	-0.056987	7.1984e-05	0.11172	supercritical
1697.4	480.00	99.914	0.010009	1318.1	1798.5	6.5988	0.89957	1.1687	825.35	-0.057000	7.2009e-05	0.11177	supercritical
1698.4	480.00	99.859	0.010014	1319.0	1799.7	6.5995	0.89964	1.1688	825.55	-0.057014	7.2034e-05	0.11181	supercritical
1699.4	480.00	99.804	0.010020	1319.9	1800.9	6.6002	0.89971	1.1688	825.75	-0.057027	7.2059e-05	0.11186	supercritical
1700.4	480.00	99.750	0.010025	1320.8	1802.1	6.6009	0.89979	1.1689	825.95	-0.057041	7.2084e-05	0.11191	supercritical
1701.4	480.00	99.695	0.010031	1321.8	1803.2	6.6016	0.89986	1.1690	826.14	-0.057054	7.2110e-05	0.11196	supercritical
1702.4	480.00	99.640	0.010036	1322.7	1804.4	6.6023	0.89993	1.1690	826.34	-0.057068	7.2135e-05	0.11201	supercritical
1703.4	480.00	99.586	0.010042	1323.6	1805.6	6.6030	0.90001	1.1691	826.54	-0.057081	7.2160e-05	0.11205	supercritical
1704.4	480.00	99.531	0.010047	1324.5	1806.7	6.6037	0.90008	1.1692	826.74	-0.057095	7.2185e-05	0.11210	supercritical
1705.4	480.00	99.477	0.010053	1325.4	1807.9	6.6043	0.90015	1.1692	826.94	-0.057108	7.2210e-05	0.11215	supercritical
1706.4	480.00	99.422	0.010058	1326.3	1809.1	6.6050	0.90023	1.1693	827.13	-0.057122	7.2236e-05	0.11220	supercritical
1707.4	480.00	99.368	0.010064	1327.2	1810.2	6.6057	0.90030	1.1693	827.33	-0.057135	7.2261e-05	0.11225	supercritical
1708.4	480.00	99.314	0.010069	1328.1	1811.4	6.6064	0.90037	1.1694	827.53	-0.057149	7.2286e-05	0.11229	supercritical
1709.4	480.00	99.259	0.010075	1329.0	1812.6	6.6071	0.90045	1.1695	827.73	-0.057162	7.2311e-05	0.11234	supercritical
1710.4	480.00	99.205	0.010080	1329.9	1813.7	6.6078	0.90052	1.1695	827.92	-0.057175	7.2336e-05	0.11239	supercritical
1711.4	480.00	99.151	0.010086	1330.8	1814.9	6.6084	0.90059	1.1696	828.12	-0.057189	7.2361e-05	0.11244	supercritical
1712.4	480.00	99.097	0.010091	1331.7	1816.1	6.6091	0.90067	1.1696	828.32	-0.057202	7.2387e-05	0.11248	supercritical
1713.4	480.00	99.043	0.010097	1332.6	1817.3	6.6098	0.90074	1.1697	828.51	-0.057215	7.2412e-05	0.11253	supercritical
1714.4	480.00	98.989	0.010102	1333.5	1818.4	6.6105	0.90081	1.1698	828.71	-0.057228	7.2437e-05	0.11258	supercritical
1715.4	480.00	98.935	0.010108	1334.4	1819.6	6.6112	0.90089	1.1698	828.91	-0.057242	7.2462e-05	0.11263	supercritical
1716.4	480.00	98.881	0.010113	1335.3	1820.8	6.6119	0.90096	1.1699	829.11	-0.057255	7.2487e-05	0.11268	supercritical
1717.4	480.00	98.827	0.010119	1336.2	1821.9	6.6125	0.90103	1.1700	829.30	-0.057268	7.2512e-05	0.11272	supercritical
1718.4	480.00	98.774	0.010124	1337.1	1823.1	6.6132	0.90111	1.1700	829.50	-0.057281	7.2537e-05	0.11277	supercritical
1719.4	480.00	98.720	0.010130	1338.1	1824.3	6.6139	0.90118	1.1701	829.70	-0.057294	7.2563e-05	0.11282	supercritical
1720.4	480.00	98.667	0.010135	1339.0	1825.4	6.6146	0.90125	1.1701	829.89	-0.057308	7.2588e-05	0.11287	supercritical
1721.4	480.00	98.613	0.010141	1339.9	1826.6	6.6153	0.90133	1.1702	830.09	-0.057321	7.2613e-05	0.11292	supercritical
1722.4	480.00	98.560	0.010146	1340.8	1827.8	6.6159	0.90140	1.1703	830.29	-0.057334	7.2638e-05	0.11296	supercritical
1723.4	480.00	98.506	0.010152	1341.7	1829.0	6.6166	0.90147	1.1703	830.48	-0.057347	7.2663e-05	0.11301	supercritical
1724.4	480.00	98.453	0.010157	1342.6	1830.1	6.6173	0.90155	1.1704	830.68	-0.057360	7.2688e-05	0.11306	supercritical
1725.4	480.00	98.400	0.010163	1343.5	1831.3	6.6180	0.90162	1.1705	830.88	-0.057373	7.2713e-05	0.11311	supercritical
1726.4	480.00	98.346	0.010168	1344.4	1832.5	6.6187	0.90169	1.1705	831.07	-0.057386	7.2738e-05	0.11315	supercritical
1727.4	480.00	98.293	0.010174	1345.3	1833.6	6.6193	0.90177	1.1706	831.27	-0.057399	7.2764e-05	0.11320	supercritical
1728.4	480.00	98.240	0.010179	1346.2	1834.8	6.6200	0.90184	1.1706	831.47	-0.057412	7.2789e-05	0.11325	supercritical
1729.4	480.00	98.187	0.010185	1347.1	1836.0	6.6207	0.90191	1.1707	831.66	-0.057425	7.2814e-05	0.11330	supercritical
1730.4	480.00	98.134	0.010190	1348.0	1837.1	6.6214	0.90199	1.1708	831.86	-0.057438	7.2839e-05	0.11335	supercritical
1731.4	480.00	98.081	0.010196	1348.9	1838.3	6.6220	0.90206	1.1708	832.05	-0.057451	7.2864e-05	0.11339	supercritical
1732.4	480.00	98.028	0.010201	1349.8	1839.5	6.6227	0.90213	1.1709	832.25	-0.057464	7.2889e-05	0.11344	supercritical
1733.4	480.00	97.975	0.010207	1350.7	1840.7	6.6234	0.90220	1.1709	832.45	-0.057476	7.2914e-05	0.11349	supercritical
1734.4	480.00	97.923	0.010212	1351.6	1841.8	6.6241	0.90228	1.1710	832.64	-0.057489	7.2939e-05	0.11354	supercritical
1735.4	480.00	97.870	0.010218	1352.6	1843.0	6.6247	0.90235	1.1711	832.84	-0.057502	7.2964e-05	0.11358	supercritical
1736.4	480.00	97.817	0.010223	1353.5	1844.2	6.6254	0.90242	1.1711	833.03	-0.057515	7.2989e-05	0.11363	supercritical
1737.4	480.00	97.765	0.010229	1354.4	1845.3	6.6261	0.90250	1.1712	833.23	-0.057528	7.3015e-05	0.11368	supercritical
1738.4	480.00	97.712	0.010234	1355.3	1846.5	6.6268	0.90257	1.1713	833.43	-0.057541	7.3040e-05	0.11373	supercritical
1739.4	480.00	97.660	0.010240	1356.2	1847.7	6.6274	0.90264	1.1713	833.62	-0.057553	7.3065e-05	0.11378	supercritical
1740.4	480.00	97.607	0.010245	1357.1	1848.9	6.6281	0.90272	1.1714	833.82	-0.057566	7.3090e-05	0.11382	supercritical
1741.4	480.00	97.555	0.010251	1358.0	1850.0	6.6288	0.90279	1.1714	834.01	-0.057579	7.3115e-05	0.11387	supercritical
1742.4	480.00	97.502	0.010256	1358.9	1851.2	6.6295	0.90286	1.1715	834.21	-0.057591	7.3140e-05	0.11392	supercritical
1743.4	480.00	97.450	0.010262	1359.8	1852.4	6.6301	0.90293	1.1716	834.40	-0.057604	7.3165e-05	0.11397	supercritical
1744.4	480.00	97.398	0.010267	1360.7	1853.5	6.6308	0.90301	1.1716	834.60	-0.057617	7.3190e-05	0.11401	supercritical
1745.4	480.00	97.346	0.010273	1361.6	1854.7	6.6315	0.90308	1.1717	834.80	-0.057629	7.3215e-05	0.11406	supercritical
1746.4	480.00	97.294	0.010278	1362.5	1855.9	6.6321	0.90315	1.1718	834.99	-0.057642	7.3240e-05	0.11411	supercritical
1747.4	480.00	97.242	0.010284	1363.4	1857.1	6.6328	0.90323	1.1718	835.19	-0.057655	7.3265e-05	0.11416	supercritical
1748.4	480.00	97.190	0.010289	1364.4	1858.2	6.6335	0.90330	1.1719	835.38	-0.057667	7.3290e-05	0.11421	supercritical
1749.4	480.00	97.138	0.010295	1365.3	1859.4	6.6342	0.90337	1.1719	835.58	-0.057680	7.3315e-05	0.11425	supercritical
1750.4	480.00	97.086	0.010300	1366.2	1860.6	6.6348	0.90344	1.1720	835.77	-0.057692	7.3340e-05	0.11430	supercritical
1751.4	480.00	97.034	0.010306	1367.1	1861.7	6.6355	0.90352	1.1721	835.97	-0.057705	7.3365e-05	0.11435	supercritical
1752.4	480.00	96.982	0.010311	1368.0	1862.9	6.6362	0.90359	1.1721	836.16	-0.057717	7.3390e-05	0.11440	supercritical
1753.4	480.00	96.931	0.010317	1368.9	1864.1	6.6368	0.90366	1.1722	836.36	-0.057730	7.3415e-05	0.11444	supercritical
1754.4	480.00	96.879	0.010322	1369.8	1865.3	6.6375	0.90373	1.1723	836.55	-0.057742	7.3440e-05	0.11449	supercritical
1755.4	480.00	96.828	0.010328	1370.7	1866.4	6.6382	0.90381	1.1723	836.75	-0.057755	7.3465e-05	0.11454	supercritical
1756.4	480.00	96.776	0.010333	1371.6	1867.6	6.6388	0.90388	1.1724	836.94	-0.057767	7.3490e-05	0.11459	supercritical
1757.4	480.00	96.725	0.010339	1372.5	1868.8	6.6395	0.90395	1.1724	837.14	-0.057780	7.3515e-05	0.11463	supercritical
1758.4	480.00	96.673	0.010344	1373.4	1870.0	6.6402	0.90403	1.1725	837.33	-0.057792	7.3540e-05	0.11468	supercritical
1759.4	480.00	96.622	0.010350	1374.3	1871.1	6.6408	0.90410	1.1726	837.53	-0.057804	7.3566e-05	0.11473	supercritical
1760.4	480.00	96.571	0.010355	1375.3	1872.3	6.6415	0.90417	1.1726	837.72	-0.057817	7.3591e-05	0.11478	supercritical
1761.4	480.00	96.519	0.010361	1376.2	1873.5	6.6422	0.90424	1.1727	837.92	-0.057829	7.3616e-05	0.11483	supercritical
1762.4	480.00	96.468	0.010366	1377.1	1874.6	6.6428	0.90432	1.1728	838.11	-0.057841	7.3641e-05	0.11487	supercritical
1763.4	480.00	96.417	0.010372	1378.0	1875.8	6.6435	0.90439	1.1728	838.30	-0.057854	7.3666e-05	0.11492	supercritical
1764.4	480.00	96.366	0.010377	1378.9	1877.0	6.6442	0.90446	1.1729	838.50	-0.057866	7.3691e-05	0.11497	supercritical
1765.4	480.00	96.315	0.010383	1379.8	1878.2	6.6448	0.90453	1.1729	838.69	-0.057878	7.3716e-05	0.11502	supercritical
1766.4	480.00	96.264	0.010388	1380.7	1879.3	6.6455	0.90461	1.1730	838.89	-0.057891	7.3740e-05	0.11506	supercritical
1767.4	480.00	96.213	0.010394	1381.6	1880.5	6.6462	0.90468	1.1731	839.08	-0.057903	7.3765e-05	0.11511	supercritical
1768.4	480.00	96.162	0.010399	1382.5	1881.7	6.6468	0.90475	1.1731	839.28	-0.057915	7.3790e-05	0.11516	supercritical
1769.4	480.00	96.111	0.010405	1383.4	1882.9	6.6475	0.90482	1.1732	839.47	-0.057927	7.3815e-05	0.11521	supercritical
1770.4	480.00	96.061	0.010410	1384.3	1884.0	6.6482	0.90490	1.1732	839.67	-0.057939	7.3840e-05	0.11526	supercritical
1771.4	480.00	96.010	0.010416	1385.3	1885.2	6.6488	0.90497	1.1733	839.86	-0.057951	7.3865e-05	0.11530	supercritical
1772.4	480.00	95.959	0.010421	1386.2	1886.4	6.6495	0.90504	1.1734	840.05	-0.057964	7.3890e-05	0.11535	supercritical
1773.4	480.00	95.909	0.010427	1387.1	1887.5	6.6501	0.90511	1.1734	840.25	-0.057976	7.3915e-05	0.11540	supercritical
1774.4	480.00	95.858	0.010432	1388.0	1888.7	6.6508	0.90519	1.1735	840.44	-0.057988	7.3940e-05	0.11545	supercritical
1775.4	480.00	95.808	0.010438	1388.9	1889.9	6.6515	0.90526	1.1736	840.63	-0.058000	7.3965e-05	0.11549	supercritical
1776.4	480.00	95.757	0.010443	1389.8	1891.1	6.6521	0.90533	1.1736	840.83	-0.058012	7.3990e-05	0.11554	supercritical
1777.4	480.00	95.707	0.010449	1390.7	1892.2	6.6528	0.90540	1.1737	841.02	-0.058024	7.4015e-05	0.11559	supercritical
1778.4	480.00	95.657	0.010454	1391.6	1893.4	6.6534	0.90548	1.1737	841.22	-0.058036	7.4040e-05	0.11564	supercritical
1779.4	480.00	95.606	0.010460	1392.5	1894.6	6.6541	0.90555	1.1738	841.41	-0.058048	7.4065e-05	0.11568	supercritical
1780.4	480.00	95.556	0.010465	1393.4	1895.8	6.6548	0.90562	1.1739	841.60	-0.058060	7.4090e-05	0.11573	supercritical
1781.4	480.00	95.506	0.010471	1394.4	1896.9	6.6554	0.90569	1.1739	841.80	-0.058072	7.4115e-05	0.11578	supercritical
1782.4	480.00	95.456	0.010476	1395.3	1898.1	6.6561	0.90577	1.1740	841.99	-0.058084	7.4140e-05	0.11583	supercritical
1783.4	480.00	95.406	0.010482	1396.2	1899.3	6.6567	0.90584	1.1741	842.18	-0.058096	7.4165e-05	0.11587	supercritical
1784.4	480.00	95.356	0.010487	1397.1	1900.5	6.6574	0.90591	1.1741	842.38	-0.058108	7.4190e-05	0.11592	supercritical
1785.4	480.00	95.306	0.010493	1398.0	1901.6	6.6581	0.90598	1.1742	842.57	-0.058120	7.4215e-05	0.11597	supercritical
1786.4	480.00	95.256	0.010498	1398.9	1902.8	6.6587	0.90605	1.1742	842.76	-0.058131	7.4240e-05	0.11602	supercritical
1787.4	480.00	95.206	0.010504	1399.8	1904.0	6.6594	0.90613	1.1743	842.96	-0.058143	7.4265e-05	0.11607	supercritical
1788.4	480.00	95.157	0.010509	1400.7	1905.2	6.6600	0.90620	1.1744	843.15	-0.058155	7.4290e-05	0.11611	supercritical
1789.4	480.00	95.107	0.010514	1401.6	1906.3	6.6607	0.90627	1.1744	843.34	-0.058167	7.4314e-05	0.11616	supercritical
1790.4	480.00	95.057	0.010520	1402.5	1907.5	6.6613	0.90634	1.1745	843.54	-0.058179	7.4339e-05	0.11621	supercritical
1791.4	480.00	95.007	0.010525	1403.5	1908.7	6.6620	0.90642	1.1746	843.73	-0.058191	7.4364e-05	0.11626	supercritical
1792.4	480.00	94.958	0.010531	1404.4	1909.9	6.6627	0.90649	1.1746	843.92	-0.058202	7.4389e-05	0.11630	supercritical
1793.4	480.00	94.908	0.010536	1405.3	1911.0	6.6633	0.90656	1.1747	844.12	-0.058214	7.4414e-05	0.11635	supercritical
1794.4	480.00	94.859	0.010542	1406.2	1912.2	6.6640	0.90663	1.1747	844.31	-0.058226	7.4439e-05	0.11640	supercritical
1795.4	480.00	94.810	0.010547	1407.1	1913.4	6.6646	0.90670	1.1748	844.50	-0.058237	7.4464e-05	0.11645	supercritical
1796.4	480.00	94.760	0.010553	1408.0	1914.6	6.6653	0.90678	1.1749	844.69	-0.058249	7.4489e-05	0.11649	supercritical
1797.4	480.00	94.711	0.010558	1408.9	1915.7	6.6659	0.90685	1.1749	844.89	-0.058261	7.4514e-05	0.11654	supercritical
1798.4	480.00	94.662	0.010564	1409.8	1916.9	6.6666	0.90692	1.1750	845.08	-0.058273	7.4539e-05	0.11659	supercritical
1799.4	480.00	94.612	0.010569	1410.7	1918.1	6.6672	0.90699	1.1751	845.27	-0.058284	7.4564e-05	0.11664	supercritical
1800.4	480.00	94.563	0.010575	1411.7	1919.3	6.6679	0.90707	1.1751	845.47	-0.058296	7.4588e-05	0.11668	supercritical
1801.4	480.00	94.514	0.010580	1412.6	1920.4	6.6685	0.90714	1.1752	845.66	-0.058307	7.4613e-05	0.11673	supercritical
1802.4	480.00	94.465	0.010586	1413.5	1921.6	6.6692	0.90721	1.1752	845.85	-0.058319	7.4638e-05	0.11678	supercritical
1803.4	480.00	94.416	0.010591	1414.4	1922.8	6.6698	0.90728	1.1753	846.04	-0.058331	7.4663e-05	0.11683	supercritical
1804.4	480.00	94.367	0.010597	1415.3	1924.0	6.6705	0.90735	1.1754	846.23	-0.058342	7.4688e-05	0.11688	supercritical
1805.4	480.00	94.318	0.010602	1416.2	1925.1	6.6711	0.90743	1.1754	846.43	-0.058354	7.4713e-05	0.11692	supercritical
1806.4	480.00	94.269	0.010608	1417.1	1926.3	6.6718	0.90750	1.1755	846.62	-0.058365	7.4738e-05	0.11697	supercritical
1807.4	480.00	94.221	0.010613	1418.0	1927.5	6.6724	0.90757	1.1756	846.81	-0.058377	7.4763e-05	0.11702	supercritical
1808.4	480.00	94.172	0.010619	1419.0	1928.7	6.6731	0.90764	1.1756	847.00	-0.058388	7.4787e-05	0.11707	supercritical
1809.4	480.00	94.123	0.010624	1419.9	1929.8	6.6737	0.90771	1.1757	847.20	-0.058400	7.4812e-05	0.11711	supercritical
1810.4	480.00	94.075	0.010630	1420.8	1931.0	6.6744	0.90779	1.1757	847.39	-0.058411	7.4837e-05	0.11716	supercritical
1811.4	480.00	94.026	0.010635	1421.7	1932.2	6.6750	0.90786	1.1758	847.58	-0.058422	7.4862e-05	0.11721	supercritical
1812.4	480.00	93.978	0.010641	1422.6	1933.4	6.6757	0.90793	1.1759	847.77	-0.058434	7.4887e-05	0.11726	supercritical
1813.4	480.00	93.929	0.010646	1423.5	1934.5	6.6763	0.90800	1.1759	847.96	-0.058445	7.4912e-05	0.11730	supercritical
1814.4	480.00	93.881	0.010652	1424.4	1935.7	6.6770	0.90807	1.1760	848.16	-0.058457	7.4937e-05	0.11735	supercritical
1815.4	480.00	93.832	0.010657	1425.3	1936.9	6.6776	0.90815	1.1761	848.35	-0.058468	7.4961e-05	0.11740	supercritical
1816.4	480.00	93.784	0.010663	1426.2	1938.1	6.6783	0.90822	1.1761	848.54	-0.058479	7.4986e-05	0.11745	supercritical
1817.4	480.00	93.736	0.010668	1427.2	1939.2	6.6789	0.90829	1.1762	848.73	-0.058491	7.5011e-05	0.11749	supercritical
1818.4	480.00	93.687	0.010674	1428.1	1940.4	6.6796	0.90836	1.1762	848.92	-0.058502	7.5036e-05	0.11754	supercritical
1819.4	480.00	93.639	0.010679	1429.0	1941.6	6.6802	0.90843	1.1763	849.11	-0.058513	7.5061e-05	0.11759	supercritical
1820.4	480.00	93.591	0.010685	1429.9	1942.8	6.6809	0.90851	1.1764	849.31	-0.058524	7.5086e-05	0.11764	supercritical
1821.4	480.00	93.543	0.010690	1430.8	1943.9	6.6815	0.90858	1.1764	849.50	-0.058536	7.5110e-05	0.11768	supercritical
1822.4	480.00	93.495	0.010696	1431.7	1945.1	6.6822	0.90865	1.1765	849.69	-0.058547	7.5135e-05	0.11773	supercritical
1823.4	480.00	93.447	0.010701	1432.6	1946.3	6.6828	0.90872	1.1766	849.88	-0.058558	7.5160e-05	0.11778	supercritical
1824.4	480.00	93.399	0.010707	1433.6	1947.5	6.6835	0.90879	1.1766	850.07	-0.058569	7.5185e-05	0.11783	supercritical
1825.4	480.00	93.351	0.010712	1434.5	1948.7	6.6841	0.90887	1.1767	850.26	-0.058581	7.5210e-05	0.11787	supercritical
1826.4	480.00	93.303	0.010718	1435.4	1949.8	6.6847	0.90894	1.1767	850.45	-0.058592	7.5234e-05	0.11792	supercritical
1827.4	480.00	93.256	0.010723	1436.3	1951.0	6.6854	0.90901	1.1768	850.65	-0.058603	7.5259e-05	0.11797	supercritical
1828.4	480.00	93.208	0.010729	1437.2	1952.2	6.6860	0.90908	1.1769	850.84	-0.058614	7.5284e-05	0.11802	supercritical
1829.4	480.00	93.160	0.010734	1438.1	1953.4	6.6867	0.90915	1.1769	851.03	-0.058625	7.5309e-05	0.11806	supercritical
1830.4	480.00	93.113	0.010740	1439.0	1954.5	6.6873	0.90922	1.1770	851.22	-0.058636	7.5334e-05	0.11811	supercritical
1831.4	480.00	93.065	0.010745	1439.9	1955.7	6.6880	0.90930	1.1771	851.41	-0.058647	7.5359e-05	0.11816	supercritical
1832.4	480.00	93.017	0.010751	1440.9	1956.9	6.6886	0.90937	1.1771	851.60	-0.058658	7.5383e-05	0.11821	supercritical
1833.4	480.00	92.970	0.010756	1441.8	1958.1	6.6892	0.90944	1.1772	851.79	-0.058669	7.5408e-05	0.11826	supercritical
1834.4	480.00	92.923	0.010762	1442.7	1959.2	6.6899	0.90951	1.1772	851.98	-0.058680	7.5433e-05	0.11830	supercritical
1835.4	480.00	92.875	0.010767	1443.6	1960.4	6.6905	0.90958	1.1773	852.17	-0.058692	7.5458e-05	0.11835	supercritical
1836.4	480.00	92.828	0.010773	1444.5	1961.6	6.6912	0.90965	1.1774	852.36	-0.058703	7.5482e-05	0.11840	supercritical
1837.4	480.00	92.781	0.010778	1445.4	1962.8	6.6918	0.90973	1.1774	852.56	-0.058713	7.5507e-05	0.11845	supercritical
1838.4	480.00	92.733	0.010784	1446.3	1964.0	6.6925	0.90980	1.1775	852.75	-0.058724	7.5532e-05	0.11849	supercritical
1839.4	480.00	92.686	0.010789	1447.3	1965.1	6.6931	0.90987	1.1776	852.94	-0.058735	7.5557e-05	0.11854	supercritical
1840.4	480.00	92.639	0.010795	1448.2	1966.3	6.6937	0.90994	1.1776	853.13	-0.058746	7.5582e-05	0.11859	supercritical
1841.4	480.00	92.592	0.010800	1449.1	1967.5	6.6944	0.91001	1.1777	853.32	-0.058757	7.5606e-05	0.11864	supercritical
1842.4	480.00	92.545	0.010806	1450.0	1968.7	6.6950	0.91008	1.1777	853.51	-0.058768	7.5631e-05	0.11868	supercritical
1843.4	480.00	92.498	0.010811	1450.9	1969.8	6.6957	0.91016	1.1778	853.70	-0.058779	7.5656e-05	0.11873	supercritical
1844.4	480.00	92.451	0.010817	1451.8	1971.0	6.6963	0.91023	1.1779	853.89	-0.058790	7.5681e-05	0.11878	supercritical
1845.4	480.00	92.404	0.010822	1452.7	1972.2	6.6969	0.91030	1.1779	854.08	-0.058801	7.5705e-05	0.11883	supercritical
1846.4	480.00	92.357	0.010828	1453.7	1973.4	6.6976	0.91037	1.1780	854.27	-0.058812	7.5730e-05	0.11887	supercritical
1847.4	480.00	92.310	0.010833	1454.6	1974.6	6.6982	0.91044	1.1781	854.46	-0.058822	7.5755e-05	0.11892	supercritical
1848.4	480.00	92.264	0.010838	1455.5	1975.7	6.6988	0.91051	1.1781	854.65	-0.058833	7.5780e-05	0.11897	supercritical
1849.4	480.00	92.217	0.010844	1456.4	1976.9	6.6995	0.91059	1.1782	854.84	-0.058844	7.5804e-05	0.11902	supercritical
1850.4	480.00	92.170	0.010849	1457.3	1978.1	6.7001	0.91066	1.1782	855.03	-0.058855	7.5829e-05	0.11906	supercritical
1851.4	480.00	92.124	0.010855	1458.2	1979.3	6.7008	0.91073	1.1783	855.22	-0.058865	7.5854e-05	0.11911	supercritical
1852.4	480.00	92.077	0.010860	1459.1	1980.4	6.7014	0.91080	1.1784	855.41	-0.058876	7.5879e-05	0.11916	supercritical
1853.4	480.00	92.031	0.010866	1460.1	1981.6	6.7020	0.91087	1.1784	855.60	-0.058887	7.5903e-05	0.11921	supercritical
1854.4	480.00	91.984	0.010871	1461.0	1982.8	6.7027	0.91094	1.1785	855.79	-0.058898	7.5928e-05	0.11925	supercritical
1855.4	480.00	91.938	0.010877	1461.9	1984.0	6.7033	0.91101	1.1786	855.98	-0.058908	7.5953e-05	0.11930	supercritical
1856.4	480.00	91.891	0.010882	1462.8	1985.2	6.7039	0.91109	1.1786	856.17	-0.058919	7.5978e-05	0.11935	supercritical
1857.4	480.00	91.845	0.010888	1463.7	1986.3	6.7046	0.91116	1.1787	856.36	-0.058930	7.6002e-05	0.11940	supercritical
1858.4	480.00	91.799	0.010893	1464.6	1987.5	6.7052	0.91123	1.1787	856.55	-0.058940	7.6027e-05	0.11944	supercritical
1859.4	480.00	91.753	0.010899	1465.5	1988.7	6.7058	0.91130	1.1788	856.74	-0.058951	7.6052e-05	0.11949	supercritical
1860.4	480.00	91.706	0.010904	1466.5	1989.9	6.7065	0.91137	1.1789	856.93	-0.058962	7.6077e-05	0.11954	supercritical
1861.4	480.00	91.660	0.010910	1467.4	1991.1	6.7071	0.91144	1.1789	857.12	-0.058972	7.6101e-05	0.11959	supercritical
1862.4	480.00	91.614	0.010915	1468.3	1992.2	6.7077	0.91152	1.1790	857.31	-0.058983	7.6126e-05	0.11963	supercritical
1863.4	480.00	91.568	0.010921	1469.2	1993.4	6.7084	0.91159	1.1791	857.50	-0.058993	7.6151e-05	0.11968	supercritical
1864.4	480.00	91.522	0.010926	1470.1	1994.6	6.7090	0.91166	1.1791	857.69	-0.059004	7.6175e-05	0.11973	supercritical
1865.4	480.00	91.476	0.010932	1471.0	1995.8	6.7096	0.91173	1.1792	857.88	-0.059014	7.6200e-05	0.11978	supercritical
1866.4	480.00	91.430	0.010937	1472.0	1996.9	6.7103	0.91180	1.1792	858.06	-0.059025	7.6225e-05	0.11982	supercritical
1867.4	480.00	91.385	0.010943	1472.9	1998.1	6.7109	0.91187	1.1793	858.25	-0.059035	7.6249e-05	0.11987	supercritical
1868.4	480.00	91.339	0.010948	1473.8	1999.3	6.7115	0.91194	1.1794	858.44	-0.059046	7.6274e-05	0.11992	supercritical
1869.4	480.00	91.293	0.010954	1474.7	2000.5	6.7122	0.91201	1.1794	858.63	-0.059056	7.6299e-05	0.11996	supercritical
1870.4	480.00	91.247	0.010959	1475.6	2001.7	6.7128	0.91209	1.1795	858.82	-0.059067	7.6324e-05	0.12001	supercritical
1871.4	480.00	91.202	0.010965	1476.5	2002.8	6.7134	0.91216	1.1796	859.01	-0.059077	7.6348e-05	0.12006	supercritical
1872.4	480.00	91.156	0.010970	1477.5	2004.0	6.7141	0.91223	1.1796	859.20	-0.059087	7.6373e-05	0.12011	supercritical
1873.4	480.00	91.110	0.010976	1478.4	2005.2	6.7147	0.91230	1.1797	859.39	-0.059098	7.6398e-05	0.12015	supercritical
1874.4	480.00	91.065	0.010981	1479.3	2006.4	6.7153	0.91237	1.1797	859.58	-0.059108	7.6422e-05	0.12020	supercritical
1875.4	480.00	91.019	0.010987	1480.2	2007.6	6.7159	0.91244	1.1798	859.77	-0.059119	7.6447e-05	0.12025	supercritical
1876.4	480.00	90.974	0.010992	1481.1	2008.7	6.7166	0.91251	1.1799	859.95	-0.059129	7.6472e-05	0.12030	supercritical
1877.4	480.00	90.929	0.010998	1482.0	2009.9	6.7172	0.91259	1.1799	860.14	-0.059139	7.6496e-05	0.12034	supercritical
1878.4	480.00	90.883	0.011003	1483.0	2011.1	6.7178	0.91266	1.1800	860.33	-0.059150	7.6521e-05	0.12039	supercritical
1879.4	480.00	90.838	0.011009	1483.9	2012.3	6.7185	0.91273	1.1801	860.52	-0.059160	7.6546e-05	0.12044	supercritical
1880.4	480.00	90.793	0.011014	1484.8	2013.5	6.7191	0.91280	1.1801	860.71	-0.059170	7.6570e-05	0.12049	supercritical
1881.4	480.00	90.748	0.011020	1485.7	2014.6	6.7197	0.91287	1.1802	860.90	-0.059180	7.6595e-05	0.12053	supercritical
1882.4	480.00	90.702	0.011025	1486.6	2015.8	6.7203	0.91294	1.1802	861.09	-0.059191	7.6620e-05	0.12058	supercritical
1883.4	480.00	90.657	0.011031	1487.5	2017.0	6.7210	0.91301	1.1803	861.28	-0.059201	7.6644e-05	0.12063	supercritical
1884.4	480.00	90.612	0.011036	1488.5	2018.2	6.7216	0.91308	1.1804	861.46	-0.059211	7.6669e-05	0.12068	supercritical
1885.4	480.00	90.567	0.011042	1489.4	2019.4	6.7222	0.91316	1.1804	861.65	-0.059221	7.6694e-05	0.12072	supercritical
1886.4	480.00	90.522	0.011047	1490.3	2020.5	6.7228	0.91323	1.1805	861.84	-0.059232	7.6718e-05	0.12077	supercritical
1887.4	480.00	90.477	0.011052	1491.2	2021.7	6.7235	0.91330	1.1806	862.03	-0.059242	7.6743e-05	0.12082	supercritical
1888.4	480.00	90.432	0.011058	1492.1	2022.9	6.7241	0.91337	1.1806	862.22	-0.059252	7.6768e-05	0.12087	supercritical
1889.4	480.00	90.388	0.011063	1493.0	2024.1	6.7247	0.91344	1.1807	862.40	-0.059262	7.6792e-05	0.12091	supercritical
1890.4	480.00	90.343	0.011069	1494.0	2025.3	6.7253	0.91351	1.1807	862.59	-0.059272	7.6817e-05	0.12096	supercritical
1891.4	480.00	90.298	0.011074	1494.9	2026.4	6.7260	0.91358	1.1808	862.78	-0.059282	7.6842e-05	0.12101	supercritical
1892.4	480.00	90.253	0.011080	1495.8	2027.6	6.7266	0.91365	1.1809	862.97	-0.059292	7.6866e-05	0.12106	supercritical
1893.4	480.00	90.209	0.011085	1496.7	2028.8	6.7272	0.91372	1.1809	863.16	-0.059303	7.6891e-05	0.12110	supercritical
1894.4	480.00	90.164	0.011091	1497.6	2030.0	6.7278	0.91380	1.1810	863.35	-0.059313	7.6915e-05	0.12115	supercritical
1895.4	480.00	90.119	0.011096	1498.5	2031.2	6.7285	0.91387	1.1811	863.53	-0.059323	7.6940e-05	0.12120	supercritical
1896.4	480.00	90.075	0.011102	1499.5	2032.4	6.7291	0.91394	1.1811	863.72	-0.059333	7.6965e-05	0.12125	supercritical
1897.4	480.00	90.030	0.011107	1500.4	2033.5	6.7297	0.91401	1.1812	863.91	-0.059343	7.6989e-05	0.12129	supercritical
1898.4	480.00	89.986	0.011113	1501.3	2034.7	6.7303	0.91408	1.1812	864.10	-0.059353	7.7014e-05	0.12134	supercritical
1899.4	480.00	89.942	0.011118	1502.2	2035.9	6.7310	0.91415	1.1813	864.28	-0.059363	7.7039e-05	0.12139	supercritical
1900.4	480.00	89.897	0.011124	1503.1	2037.1	6.7316	0.91422	1.1814	864.47	-0.059373	7.7063e-05	0.12144	supercritical
1901.4	480.00	89.853	0.011129	1504.1	2038.3	6.7322	0.91429	1.1814	864.66	-0.059383	7.7088e-05	0.12148	supercritical
1902.4	480.00	89.809	0.011135	1505.0	2039.4	6.7328	0.91436	1.1815	864.85	-0.059393	7.7112e-05	0.12153	supercritical
1903.4	480.00	89.765	0.011140	1505.9	2040.6	6.7334	0.91443	1.1816	865.03	-0.059403	7.7137e-05	0.12158	supercritical
1904.4	480.00	89.720	0.011146	1506.8	2041.8	6.7341	0.91451	1.1816	865.22	-0.059412	7.7162e-05	0.12162	supercritical
1905.4	480.00	89.676	0.011151	1507.7	2043.0	6.7347	0.91458	1.1817	865.41	-0.059422	7.7186e-05	0.12167	supercritical
1906.4	480.00	89.632	0.011157	1508.6	2044.2	6.7353	0.91465	1.1817	865.60	-0.059432	7.7211e-05	0.12172	supercritical
1907.4	480.00	89.588	0.011162	1509.6	2045.4	6.7359	0.91472	1.1818	865.78	-0.059442	7.7235e-05	0.12177	supercritical
1908.4	480.00	89.544	0.011168	1510.5	2046.5	6.7365	0.91479	1.1819	865.97	-0.059452	7.7260e-05	0.12181	supercritical
1909.4	480.00	89.500	0.011173	1511.4	2047.7	6.7372	0.91486	1.1819	866.16	-0.059462	7.7285e-05	0.12186	supercritical
1910.4	480.00	89.456	0.011179	1512.3	2048.9	6.7378	0.91493	1.1820	866.35	-0.059472	7.7309e-05	0.12191	supercritical
1911.4	480.00	89.412	0.011184	1513.2	2050.1	6.7384	0.91500	1.1821	866.53	-0.059481	7.7334e-05	0.12196	supercritical
1912.4	480.00	89.369	0.011190	1514.2	2051.3	6.7390	0.91507	1.1821	866.72	-0.059491	7.7358e-05	0.12200	supercritical
1913.4	480.00	89.325	0.011195	1515.1	2052.4	6.7396	0.91514	1.1822	866.91	-0.059501	7.7383e-05	0.12205	supercritical
1914.4	480.00	89.281	0.011201	1516.0	2053.6	6.7402	0.91522	1.1823	867.09	-0.059511	7.7407e-05	0.12210	supercritical
1915.4	480.00	89.237	0.011206	1516.9	2054.8	6.7409	0.91529	1.1823	867.28	-0.059521	7.7432e-05	0.12215	supercritical
1916.4	480.00	89.194	0.011212	1517.8	2056.0	6.7415	0.91536	1.1824	867.47	-0.059530	7.7457e-05	0.12219	supercritical
1917.4	480.00	89.150	0.011217	1518.8	2057.2	6.7421	0.91543	1.1824	867.65	-0.059540	7.7481e-05	0.12224	supercritical
1918.4	480.00	89.107	0.011223	1519.7	2058.4	6.7427	0.91550	1.1825	867.84	-0.059550	7.7506e-05	0.12229	supercritical
1919.4	480.00	89.063	0.011228	1520.6	2059.5	6.7433	0.91557	1.1826	868.03	-0.059559	7.7530e-05	0.12234	supercritical
1920.4	480.00	89.020	0.011233	1521.5	2060.7	6.7439	0.91564	1.1826	868.21	-0.059569	7.7555e-05	0.12238	supercritical
1921.4	480.00	88.976	0.011239	1522.4	2061.9	6.7446	0.91571	1.1827	868.40	-0.059579	7.7579e-05	0.12243	supercritical
1922.4	480.00	88.933	0.011244	1523.4	2063.1	6.7452	0.91578	1.1828	868.59	-0.059588	7.7604e-05	0.12248	supercritical
1923.4	480.00	88.889	0.011250	1524.3	2064.3	6.7458	0.91585	1.1828	868.77	-0.059598	7.7629e-05	0.12252	supercritical
1924.4	480.00	88.846	0.011255	1525.2	2065.5	6.7464	0.91592	1.1829	868.96	-0.059608	7.7653e-05	0.12257	supercritical
1925.4	480.00	88.803	0.011261	1526.1	2066.6	6.7470	0.91599	1.1829	869.15	-0.059617	7.7678e-05	0.12262	supercritical
1926.4	480.00	88.760	0.011266	1527.0	2067.8	6.7476	0.91607	1.1830	869.33	-0.059627	7.7702e-05	0.12267	supercritical
1927.4	480.00	88.717	0.011272	1528.0	2069.0	6.7483	0.91614	1.1831	869.52	-0.059636	7.7727e-05	0.12271	supercritical
1928.4	480.00	88.673	0.011277	1528.9	2070.2	6.7489	0.91621	1.1831	869.71	-0.059646	7.7751e-05	0.12276	supercritical
1929.4	480.00	88.630	0.011283	1529.8	2071.4	6.7495	0.91628	1.1832	869.89	-0.059656	7.7776e-05	0.12281	supercritical
1930.4	480.00	88.587	0.011288	1530.7	2072.5	6.7501	0.91635	1.1833	870.08	-0.059665	7.7800e-05	0.12286	supercritical
1931.4	480.00	88.544	0.011294	1531.6	2073.7	6.7507	0.91642	1.1833	870.27	-0.059675	7.7825e-05	0.12290	supercritical
1932.4	480.00	88.501	0.011299	1532.6	2074.9	6.7513	0.91649	1.1834	870.45	-0.059684	7.7849e-05	0.12295	supercritical
1933.4	480.00	88.458	0.011305	1533.5	2076.1	6.7519	0.91656	1.1834	870.64	-0.059694	7.7874e-05	0.12300	supercritical
1934.4	480.00	88.416	0.011310	1534.4	2077.3	6.7525	0.91663	1.1835	870.82	-0.059703	7.7898e-05	0.12304	supercritical
1935.4	480.00	88.373	0.011316	1535.3	2078.5	6.7532	0.91670	1.1836	871.01	-0.059713	7.7923e-05	0.12309	supercritical
1936.4	480.00	88.330	0.011321	1536.2	2079.6	6.7538	0.91677	1.1836	871.20	-0.059722	7.7948e-05	0.12314	supercritical
1937.4	480.00	88.287	0.011327	1537.2	2080.8	6.7544	0.91684	1.1837	871.38	-0.059731	7.7972e-05	0.12319	supercritical
1938.4	480.00	88.244	0.011332	1538.1	2082.0	6.7550	0.91691	1.1838	871.57	-0.059741	7.7997e-05	0.12323	supercritical
1939.4	480.00	88.202	0.011338	1539.0	2083.2	6.7556	0.91698	1.1838	871.75	-0.059750	7.8021e-05	0.12328	supercritical
1940.4	480.00	88.159	0.011343	1539.9	2084.4	6.7562	0.91705	1.1839	871.94	-0.059760	7.8046e-05	0.12333	supercritical
1941.4	480.00	88.117	0.011349	1540.8	2085.6	6.7568	0.91713	1.1839	872.13	-0.059769	7.8070e-05	0.12338	supercritical
1942.4	480.00	88.074	0.011354	1541.8	2086.8	6.7574	0.91720	1.1840	872.31	-0.059778	7.8095e-05	0.12342	supercritical
1943.4	480.00	88.032	0.011360	1542.7	2087.9	6.7580	0.91727	1.1841	872.50	-0.059788	7.8119e-05	0.12347	supercritical
1944.4	480.00	87.989	0.011365	1543.6	2089.1	6.7586	0.91734	1.1841	872.68	-0.059797	7.8144e-05	0.12352	supercritical
1945.4	480.00	87.947	0.011371	1544.5	2090.3	6.7593	0.91741	1.1842	872.87	-0.059806	7.8168e-05	0.12357	supercritical
1946.4	480.00	87.904	0.011376	1545.4	2091.5	6.7599	0.91748	1.1843	873.05	-0.059816	7.8193e-05	0.12361	supercritical
1947.4	480.00	87.862	0.011381	1546.4	2092.7	6.7605	0.91755	1.1843	873.24	-0.059825	7.8217e-05	0.12366	supercritical
1948.4	480.00	87.820	0.011387	1547.3	2093.9	6.7611	0.91762	1.1844	873.42	-0.059834	7.8242e-05	0.12371	supercritical
1949.4	480.00	87.777	0.011392	1548.2	2095.0	6.7617	0.91769	1.1845	873.61	-0.059844	7.8266e-05	0.12375	supercritical
1950.4	480.00	87.735	0.011398	1549.1	2096.2	6.7623	0.91776	1.1845	873.79	-0.059853	7.8291e-05	0.12380	supercritical
1951.4	480.00	87.693	0.011403	1550.0	2097.4	6.7629	0.91783	1.1846	873.98	-0.059862	7.8315e-05	0.12385	supercritical
1952.4	480.00	87.651	0.011409	1551.0	2098.6	6.7635	0.91790	1.1846	874.17	-0.059871	7.8340e-05	0.12390	supercritical
1953.4	480.00	87.609	0.011414	1551.9	2099.8	6.7641	0.91797	1.1847	874.35	-0.059880	7.8364e-05	0.12394	supercritical
1954.4	480.00	87.567	0.011420	1552.8	2101.0	6.7647	0.91804	1.1848	874.54	-0.059890	7.8389e-05	0.12399	supercritical
1955.4	480.00	87.525	0.011425	1553.7	2102.1	6.7653	0.91811	1.1848	874.72	-0.059899	7.8413e-05	0.12404	supercritical
1956.4	480.00	87.483	0.011431	1554.7	2103.3	6.7659	0.91818	1.1849	874.91	-0.059908	7.8437e-05	0.12409	supercritical
1957.4	480.00	87.441	0.011436	1555.6	2104.5	6.7665	0.91825	1.1850	875.09	-0.059917	7.8462e-05	0.12413	supercritical
1958.4	480.00	87.399	0.011442	1556.5	2105.7	6.7671	0.91832	1.1850	875.28	-0.059926	7.8486e-05	0.12418	supercritical
1959.4	480.00	87.357	0.011447	1557.4	2106.9	6.7678	0.91840	1.1851	875.46	-0.059935	7.8511e-05	0.12423	supercritical
1960.4	480.00	87.315	0.011453	1558.3	2108.1	6.7684	0.91847	1.1851	875.65	-0.059944	7.8535e-05	0.12427	supercritical
1961.4	480.00	87.274	0.011458	1559.3	2109.3	6.7690	0.91854	1.1852	875.83	-0.059954	7.8560e-05	0.12432	supercritical
1962.4	480.00	87.232	0.011464	1560.2	2110.4	6.7696	0.91861	1.1853	876.01	-0.059963	7.8584e-05	0.12437	supercritical
1963.4	480.00	87.190	0.011469	1561.1	2111.6	6.7702	0.91868	1.1853	876.20	-0.059972	7.8609e-05	0.12442	supercritical
1964.4	480.00	87.149	0.011475	1562.0	2112.8	6.7708	0.91875	1.1854	876.38	-0.059981	7.8633e-05	0.12446	supercritical
1965.4	480.00	87.107	0.011480	1563.0	2114.0	6.7714	0.91882	1.1855	876.57	-0.059990	7.8658e-05	0.12451	supercritical
1966.4	480.00	87.066	0.011486	1563.9	2115.2	6.7720	0.91889	1.1855	876.75	-0.059999	7.8682e-05	0.12456	supercritical
1967.4	480.00	87.024	0.011491	1564.8	2116.4	6.7726	0.91896	1.1856	876.94	-0.060008	7.8707e-05	0.12461	supercritical
1968.4	480.00	86.983	0.011497	1565.7	2117.6	6.7732	0.91903	1.1856	877.12	-0.060017	7.8731e-05	0.12465	supercritical
1969.4	480.00	86.941	0.011502	1566.6	2118.7	6.7738	0.91910	1.1857	877.31	-0.060026	7.8755e-05	0.12470	supercritical
1970.4	480.00	86.900	0.011508	1567.6	2119.9	6.7744	0.91917	1.1858	877.49	-0.060035	7.8780e-05	0.12475	supercritical
1971.4	480.00	86.858	0.011513	1568.5	2121.1	6.7750	0.91924	1.1858	877.68	-0.060044	7.8804e-05	0.12479	supercritical
1972.4	480.00	86.817	0.011518	1569.4	2122.3	6.7756	0.91931	1.1859	877.86	-0.060053	7.8829e-05	0.12484	supercritical
1973.4	480.00	86.776	0.011524	1570.3	2123.5	6.7762	0.91938	1.1860	878.04	-0.060062	7.8853e-05	0.12489	supercritical
1974.4	480.00	86.735	0.011529	1571.3	2124.7	6.7768	0.91945	1.1860	878.23	-0.060071	7.8878e-05	0.12494	supercritical
1975.4	480.00	86.693	0.011535	1572.2	2125.9	6.7774	0.91952	1.1861	878.41	-0.060079	7.8902e-05	0.12498	supercritical
1976.4	480.00	86.652	0.011540	1573.1	2127.0	6.7780	0.91959	1.1862	878.60	-0.060088	7.8926e-05	0.12503	supercritical
1977.4	480.00	86.611	0.011546	1574.0	2128.2	6.7786	0.91966	1.1862	878.78	-0.060097	7.8951e-05	0.12508	supercritical
1978.4	480.00	86.570	0.011551	1575.0	2129.4	6.7792	0.91973	1.1863	878.97	-0.060106	7.8975e-05	0.12512	supercritical
1979.4	480.00	86.529	0.011557	1575.9	2130.6	6.7798	0.91980	1.1863	879.15	-0.060115	7.9000e-05	0.12517	supercritical
1980.4	480.00	86.488	0.011562	1576.8	2131.8	6.7804	0.91987	1.1864	879.33	-0.060124	7.9024e-05	0.12522	supercritical
1981.4	480.00	86.447	0.011568	1577.7	2133.0	6.7810	0.91994	1.1865	879.52	-0.060133	7.9049e-05	0.12527	supercritical
1982.4	480.00	86.406	0.011573	1578.6	2134.2	6.7816	0.92001	1.1865	879.70	-0.060141	7.9073e-05	0.12531	supercritical
1983.4	480.00	86.365	0.011579	1579.6	2135.3	6.7822	0.92008	1.1866	879.88	-0.060150	7.9097e-05	0.12536	supercritical
1984.4	480.00	86.324	0.011584	1580.5	2136.5	6.7828	0.92015	1.1867	880.07	-0.060159	7.9122e-05	0.12541	supercritical
1985.4	480.00	86.284	0.011590	1581.4	2137.7	6.7834	0.92022	1.1867	880.25	-0.060168	7.9146e-05	0.12546	supercritical
1986.4	480.00	86.243	0.011595	1582.3	2138.9	6.7840	0.92029	1.1868	880.44	-0.060177	7.9171e-05	0.12550	supercritical
1987.4	480.00	86.202	0.011601	1583.3	2140.1	6.7846	0.92036	1.1868	880.62	-0.060185	7.9195e-05	0.12555	supercritical
1988.4	480.00	86.161	0.011606	1584.2	2141.3	6.7852	0.92043	1.1869	880.80	-0.060194	7.9219e-05	0.12560	supercritical
1989.4	480.00	86.121	0.011612	1585.1	2142.5	6.7858	0.92050	1.1870	880.99	-0.060203	7.9244e-05	0.12564	supercritical
1990.4	480.00	86.080	0.011617	1586.0	2143.7	6.7864	0.92057	1.1870	881.17	-0.060211	7.9268e-05	0.12569	supercritical
1991.4	480.00	86.040	0.011623	1587.0	2144.8	6.7870	0.92064	1.1871	881.35	-0.060220	7.9293e-05	0.12574	supercritical
1992.4	480.00	85.999	0.011628	1587.9	2146.0	6.7876	0.92072	1.1872	881.54	-0.060229	7.9317e-05	0.12579	supercritical
1993.4	480.00	85.959	0.011634	1588.8	2147.2	6.7882	0.92079	1.1872	881.72	-0.060238	7.9341e-05	0.12583	supercritical
1994.4	480.00	85.918	0.011639	1589.7	2148.4	6.7888	0.92086	1.1873	881.90	-0.060246	7.9366e-05	0.12588	supercritical
1995.4	480.00	85.878	0.011644	1590.7	2149.6	6.7893	0.92093	1.1873	882.09	-0.060255	7.9390e-05	0.12593	supercritical
1996.4	480.00	85.837	0.011650	1591.6	2150.8	6.7899	0.92100	1.1874	882.27	-0.060263	7.9414e-05	0.12597	supercritical
1997.4	480.00	85.797	0.011655	1592.5	2152.0	6.7905	0.92107	1.1875	882.45	-0.060272	7.9439e-05	0.12602	supercritical
1998.4	480.00	85.757	0.011661	1593.4	2153.2	6.7911	0.92114	1.1875	882.64	-0.060281	7.9463e-05	0.12607	supercritical
1999.4	480.00	85.716	0.011666	1594.4	2154.3	6.7917	0.92121	1.1876	882.82	-0.060289	7.9488e-05	0.12612	supercritical