Temperature (K)	Pressure (bar)	Density (kg/m3)	Volume (m3/kg)	Internal Energy (kJ/kg)	Enthalpy (kJ/kg)	Entropy (J/g*K)	Cv (J/g*K)	Cp (J/g*K)	Sound Spd. (m/s)	Joule-Thomson (K/bar)	Viscosity (Pa*s)	Therm. Cond. (W/m*K)	Phase
54.361	593.00	1362.8	0.00073376	-199.47	-155.96	1.9680	1.0923	1.5084	1285.6	-0.041956	0.0011607	0.22124	liquid
61.361	593.00	1338.0	0.00074737	-189.34	-145.02	2.1573	1.1081	1.6000	1268.6	-0.039023	0.00082045	0.21465	liquid
62.361	593.00	1334.4	0.00074938	-187.85	-143.41	2.1832	1.1080	1.6054	1263.9	-0.038851	0.00078381	0.21369	liquid
63.361	593.00	1330.8	0.00075140	-186.37	-141.81	2.2088	1.1074	1.6094	1258.9	-0.038715	0.00074955	0.21272	liquid
64.361	593.00	1327.3	0.00075343	-184.87	-140.20	2.2340	1.1062	1.6123	1253.8	-0.038610	0.00071750	0.21174	liquid
65.361	593.00	1323.7	0.00075547	-183.38	-138.58	2.2589	1.1047	1.6143	1248.6	-0.038530	0.00068749	0.21077	liquid
66.361	593.00	1320.1	0.00075752	-181.89	-136.97	2.2834	1.1027	1.6154	1243.2	-0.038472	0.00065937	0.20980	liquid
67.361	593.00	1316.5	0.00075957	-180.39	-135.35	2.3076	1.1004	1.6158	1237.8	-0.038432	0.00063300	0.20882	liquid
68.361	593.00	1313.0	0.00076163	-178.90	-133.74	2.3314	1.0977	1.6157	1232.3	-0.038407	0.00060825	0.20784	liquid
69.361	593.00	1309.4	0.00076370	-177.41	-132.12	2.3548	1.0948	1.6150	1226.8	-0.038394	0.00058501	0.20686	liquid
70.361	593.00	1305.9	0.00076577	-175.92	-130.51	2.3780	1.0917	1.6140	1221.3	-0.038391	0.00056316	0.20589	liquid
71.361	593.00	1302.3	0.00076785	-174.43	-128.89	2.4007	1.0884	1.6126	1215.8	-0.038397	0.00054260	0.20491	liquid
72.361	593.00	1298.8	0.00076994	-172.94	-127.28	2.4232	1.0849	1.6109	1210.3	-0.038408	0.00052325	0.20393	liquid
73.361	593.00	1295.3	0.00077203	-171.45	-125.67	2.4452	1.0813	1.6090	1204.8	-0.038424	0.00050501	0.20295	liquid
74.361	593.00	1291.8	0.00077413	-169.97	-124.06	2.4670	1.0776	1.6069	1199.3	-0.038444	0.00048781	0.20197	liquid
75.361	593.00	1288.3	0.00077624	-168.49	-122.46	2.4885	1.0738	1.6046	1193.8	-0.038467	0.00047157	0.20099	liquid
76.361	593.00	1284.8	0.00077835	-167.01	-120.85	2.5096	1.0699	1.6023	1188.3	-0.038491	0.00045622	0.20001	liquid
77.361	593.00	1281.3	0.00078047	-165.53	-119.25	2.5304	1.0660	1.5999	1182.9	-0.038516	0.00044171	0.19903	liquid
78.361	593.00	1277.8	0.00078260	-164.06	-117.65	2.5510	1.0621	1.5974	1177.5	-0.038541	0.00042798	0.19805	liquid
79.361	593.00	1274.3	0.00078473	-162.59	-116.06	2.5712	1.0581	1.5949	1172.2	-0.038566	0.00041497	0.19707	liquid
80.361	593.00	1270.9	0.00078687	-161.13	-114.46	2.5912	1.0541	1.5924	1166.8	-0.038590	0.00040264	0.19609	liquid
81.361	593.00	1267.4	0.00078902	-159.66	-112.87	2.6108	1.0502	1.5898	1161.5	-0.038613	0.00039094	0.19511	liquid
82.361	593.00	1263.9	0.00079118	-158.20	-111.29	2.6302	1.0462	1.5873	1156.2	-0.038634	0.00037983	0.19413	liquid
83.361	593.00	1260.5	0.00079334	-156.74	-109.70	2.6494	1.0422	1.5848	1151.0	-0.038654	0.00036927	0.19315	liquid
84.361	593.00	1257.0	0.00079551	-155.29	-108.12	2.6683	1.0383	1.5823	1145.7	-0.038671	0.00035923	0.19217	liquid
85.361	593.00	1253.6	0.00079770	-153.84	-106.53	2.6869	1.0344	1.5799	1140.5	-0.038685	0.00034967	0.19119	liquid
86.361	593.00	1250.2	0.00079988	-152.39	-104.96	2.7053	1.0305	1.5775	1135.4	-0.038697	0.00034057	0.19021	liquid
87.361	593.00	1246.8	0.00080208	-150.94	-103.38	2.7234	1.0267	1.5751	1130.2	-0.038707	0.00033188	0.18923	liquid
88.361	593.00	1243.3	0.00080429	-149.50	-101.81	2.7414	1.0229	1.5728	1125.1	-0.038713	0.00032360	0.18825	liquid
89.361	593.00	1239.9	0.00080651	-148.06	-100.23	2.7590	1.0191	1.5706	1120.0	-0.038716	0.00031569	0.18728	liquid
90.361	593.00	1236.5	0.00080873	-146.62	-98.664	2.7765	1.0154	1.5684	1115.0	-0.038717	0.00030813	0.18630	liquid
91.361	593.00	1233.1	0.00081097	-145.19	-97.097	2.7938	1.0117	1.5662	1109.9	-0.038714	0.00030090	0.18532	liquid
92.361	593.00	1229.7	0.00081321	-143.76	-95.532	2.8108	1.0081	1.5641	1104.9	-0.038709	0.00029398	0.18435	liquid
93.361	593.00	1226.3	0.00081546	-142.33	-93.969	2.8276	1.0045	1.5621	1099.9	-0.038700	0.00028736	0.18337	liquid
94.361	593.00	1222.9	0.00081773	-140.90	-92.408	2.8443	1.0010	1.5601	1095.0	-0.038688	0.00028101	0.18240	liquid
95.361	593.00	1219.5	0.00082000	-139.47	-90.848	2.8607	0.99746	1.5582	1090.0	-0.038672	0.00027491	0.18142	liquid
96.361	593.00	1216.1	0.00082229	-138.05	-89.291	2.8769	0.99401	1.5563	1085.1	-0.038654	0.00026907	0.18045	liquid
97.361	593.00	1212.7	0.00082458	-136.63	-87.736	2.8930	0.99060	1.5545	1080.3	-0.038632	0.00026345	0.17948	liquid
98.361	593.00	1209.3	0.00082689	-135.22	-86.182	2.9089	0.98724	1.5527	1075.4	-0.038608	0.00025805	0.17851	liquid
99.361	593.00	1206.0	0.00082921	-133.80	-84.630	2.9246	0.98392	1.5510	1070.6	-0.038580	0.00025286	0.17754	liquid
100.36	593.00	1202.6	0.00083154	-132.39	-83.080	2.9401	0.98065	1.5493	1065.8	-0.038548	0.00024787	0.17657	liquid
101.36	593.00	1199.2	0.00083388	-130.98	-81.532	2.9554	0.97743	1.5477	1061.0	-0.038514	0.00024305	0.17560	liquid
102.36	593.00	1195.8	0.00083623	-129.57	-79.985	2.9706	0.97425	1.5461	1056.2	-0.038477	0.00023842	0.17463	liquid
103.36	593.00	1192.5	0.00083859	-128.17	-78.439	2.9857	0.97111	1.5446	1051.5	-0.038436	0.00023394	0.17367	liquid
104.36	593.00	1189.1	0.00084097	-126.76	-76.896	3.0005	0.96801	1.5431	1046.7	-0.038393	0.00022963	0.17270	liquid
105.36	593.00	1185.7	0.00084336	-125.36	-75.353	3.0152	0.96496	1.5417	1042.0	-0.038346	0.00022546	0.17174	liquid
106.36	593.00	1182.4	0.00084576	-123.97	-73.812	3.0298	0.96194	1.5403	1037.4	-0.038297	0.00022143	0.17078	liquid
107.36	593.00	1179.0	0.00084817	-122.57	-72.273	3.0442	0.95897	1.5389	1032.7	-0.038244	0.00021754	0.16982	liquid
108.36	593.00	1175.7	0.00085059	-121.17	-70.734	3.0585	0.95604	1.5376	1028.1	-0.038188	0.00021378	0.16886	liquid
109.36	593.00	1172.3	0.00085303	-119.78	-69.197	3.0726	0.95314	1.5363	1023.5	-0.038130	0.00021013	0.16790	liquid
110.36	593.00	1168.9	0.00085548	-118.39	-67.662	3.0866	0.95029	1.5351	1018.9	-0.038068	0.00020660	0.16695	liquid
111.36	593.00	1165.6	0.00085794	-117.00	-66.127	3.1004	0.94747	1.5339	1014.4	-0.038004	0.00020318	0.16600	liquid
112.36	593.00	1162.2	0.00086042	-115.62	-64.594	3.1141	0.94469	1.5327	1009.8	-0.037937	0.00019987	0.16505	liquid
113.36	593.00	1158.9	0.00086291	-114.23	-63.062	3.1277	0.94194	1.5315	1005.3	-0.037867	0.00019665	0.16410	liquid
114.36	593.00	1155.5	0.00086541	-112.85	-61.531	3.1411	0.93923	1.5304	1000.8	-0.037794	0.00019353	0.16315	liquid
115.36	593.00	1152.2	0.00086793	-111.47	-60.001	3.1544	0.93655	1.5293	996.33	-0.037718	0.00019050	0.16220	liquid
116.36	593.00	1148.8	0.00087046	-110.09	-58.472	3.1676	0.93391	1.5282	991.88	-0.037640	0.00018756	0.16126	liquid
117.36	593.00	1145.5	0.00087300	-108.71	-56.944	3.1807	0.93130	1.5272	987.45	-0.037559	0.00018470	0.16032	liquid
118.36	593.00	1142.1	0.00087556	-107.34	-55.418	3.1937	0.92873	1.5262	983.04	-0.037475	0.00018191	0.15938	liquid
119.36	593.00	1138.8	0.00087813	-105.97	-53.892	3.2065	0.92618	1.5252	978.66	-0.037388	0.00017921	0.15845	liquid
120.36	593.00	1135.4	0.00088072	-104.59	-52.367	3.2192	0.92367	1.5242	974.29	-0.037299	0.00017657	0.15751	liquid
121.36	593.00	1132.1	0.00088332	-103.22	-50.844	3.2318	0.92118	1.5233	969.95	-0.037207	0.00017401	0.15658	liquid
122.36	593.00	1128.8	0.00088593	-101.86	-49.321	3.2443	0.91873	1.5223	965.63	-0.037112	0.00017151	0.15566	liquid
123.36	593.00	1125.4	0.00088857	-100.49	-47.799	3.2567	0.91631	1.5214	961.33	-0.037015	0.00016907	0.15473	liquid
124.36	593.00	1122.1	0.00089121	-99.127	-46.278	3.2690	0.91391	1.5205	957.06	-0.036915	0.00016670	0.15381	liquid
125.36	593.00	1118.7	0.00089387	-97.764	-44.758	3.2812	0.91155	1.5197	952.80	-0.036812	0.00016438	0.15289	liquid
126.36	593.00	1115.4	0.00089655	-96.404	-43.239	3.2932	0.90921	1.5188	948.57	-0.036707	0.00016212	0.15197	liquid
127.36	593.00	1112.1	0.00089924	-95.045	-41.720	3.3052	0.90690	1.5180	944.36	-0.036600	0.00015992	0.15106	liquid
128.36	593.00	1108.7	0.00090194	-93.688	-40.203	3.3171	0.90461	1.5171	940.17	-0.036489	0.00015776	0.15015	liquid
129.36	593.00	1105.4	0.00090467	-92.333	-38.686	3.3288	0.90235	1.5163	936.01	-0.036376	0.00015566	0.14924	liquid
130.36	593.00	1102.0	0.00090740	-90.979	-37.170	3.3405	0.90012	1.5155	931.86	-0.036261	0.00015361	0.14833	liquid
131.36	593.00	1098.7	0.00091016	-89.627	-35.655	3.3521	0.89791	1.5147	927.74	-0.036143	0.00015160	0.14743	liquid
132.36	593.00	1095.4	0.00091292	-88.277	-34.141	3.3636	0.89573	1.5139	923.64	-0.036022	0.00014963	0.14654	liquid
133.36	593.00	1092.0	0.00091571	-86.929	-32.627	3.3750	0.89357	1.5132	919.57	-0.035899	0.00014771	0.14564	liquid
134.36	593.00	1088.7	0.00091851	-85.582	-31.114	3.3863	0.89144	1.5124	915.51	-0.035774	0.00014583	0.14475	liquid
135.36	593.00	1085.4	0.00092133	-84.237	-29.602	3.3975	0.88933	1.5117	911.48	-0.035646	0.00014399	0.14386	liquid
136.36	593.00	1082.1	0.00092416	-82.894	-28.091	3.4086	0.88725	1.5109	907.47	-0.035515	0.00014219	0.14298	liquid
137.36	593.00	1078.7	0.00092701	-81.552	-26.580	3.4197	0.88518	1.5102	903.48	-0.035382	0.00014043	0.14210	liquid
138.36	593.00	1075.4	0.00092988	-80.212	-25.071	3.4306	0.88314	1.5095	899.52	-0.035247	0.00013870	0.14123	liquid
139.36	593.00	1072.1	0.00093276	-78.874	-23.561	3.4415	0.88113	1.5087	895.58	-0.035109	0.00013701	0.14035	liquid
140.36	593.00	1068.8	0.00093566	-77.538	-22.053	3.4523	0.87913	1.5080	891.66	-0.034968	0.00013536	0.13949	liquid
141.36	593.00	1065.4	0.00093858	-76.203	-20.545	3.4630	0.87716	1.5073	887.77	-0.034826	0.00013373	0.13862	liquid
142.36	593.00	1062.1	0.00094152	-74.870	-19.038	3.4736	0.87520	1.5066	883.90	-0.034680	0.00013214	0.13776	liquid
143.36	593.00	1058.8	0.00094447	-73.539	-17.532	3.4841	0.87327	1.5059	880.05	-0.034533	0.00013058	0.13691	liquid
144.36	593.00	1055.5	0.00094744	-72.210	-16.027	3.4946	0.87136	1.5052	876.23	-0.034383	0.00012905	0.13606	liquid
145.36	593.00	1052.2	0.00095042	-70.882	-14.522	3.5050	0.86947	1.5046	872.42	-0.034230	0.00012755	0.13521	liquid
146.36	593.00	1048.8	0.00095343	-69.556	-13.017	3.5153	0.86760	1.5039	868.65	-0.034075	0.00012608	0.13436	liquid
147.36	593.00	1045.5	0.00095645	-68.231	-11.514	3.5255	0.86575	1.5032	864.89	-0.033918	0.00012463	0.13353	liquid
148.36	593.00	1042.2	0.00095949	-66.909	-10.011	3.5357	0.86392	1.5025	861.16	-0.033758	0.00012321	0.13269	liquid
149.36	593.00	1038.9	0.00096255	-65.588	-8.5089	3.5458	0.86211	1.5018	857.46	-0.033596	0.00012182	0.13186	liquid
150.36	593.00	1035.6	0.00096562	-64.269	-7.0074	3.5558	0.86032	1.5012	853.77	-0.033432	0.00012046	0.13104	liquid
151.36	593.00	1032.3	0.00096872	-62.951	-5.5066	3.5658	0.85855	1.5005	850.11	-0.033265	0.00011911	0.13022	liquid
152.36	593.00	1029.0	0.00097183	-61.636	-4.0064	3.5756	0.85679	1.4998	846.48	-0.033096	0.00011780	0.12940	liquid
153.36	593.00	1025.7	0.00097496	-60.322	-2.5070	3.5854	0.85506	1.4991	842.87	-0.032925	0.00011650	0.12859	liquid
154.36	593.00	1022.4	0.00097811	-59.010	-1.0081	3.5952	0.85334	1.4985	839.28	-0.032751	0.00011523	0.12778	liquid
155.36	593.00	1019.1	0.00098127	-57.699	0.48999	3.6049	0.85164	1.4978	835.72	-0.032575	0.00011398	0.12698	supercritical
156.36	593.00	1015.8	0.00098446	-56.391	1.9875	3.6145	0.84996	1.4971	832.18	-0.032397	0.00011276	0.12619	supercritical
157.36	593.00	1012.5	0.00098766	-55.084	3.4842	3.6240	0.84830	1.4965	828.67	-0.032216	0.00011155	0.12540	supercritical
158.36	593.00	1009.2	0.00099088	-53.779	4.9804	3.6335	0.84665	1.4958	825.18	-0.032034	0.00011037	0.12461	supercritical
159.36	593.00	1005.9	0.00099412	-52.476	6.4758	3.6429	0.84502	1.4951	821.72	-0.031849	0.00010920	0.12383	supercritical
160.36	593.00	1002.6	0.00099738	-51.174	7.9706	3.6522	0.84341	1.4944	818.28	-0.031661	0.00010806	0.12305	supercritical
161.36	593.00	999.34	0.0010007	-49.875	9.4646	3.6615	0.84182	1.4937	814.86	-0.031472	0.00010693	0.12228	supercritical
162.36	593.00	996.06	0.0010040	-48.577	10.958	3.6708	0.84024	1.4931	811.47	-0.031281	0.00010583	0.12151	supercritical
163.36	593.00	992.78	0.0010073	-47.281	12.451	3.6799	0.83868	1.4924	808.11	-0.031087	0.00010474	0.12075	supercritical
164.36	593.00	989.50	0.0010106	-45.986	13.943	3.6890	0.83713	1.4917	804.77	-0.030891	0.00010367	0.12000	supercritical
165.36	593.00	986.23	0.0010140	-44.694	15.434	3.6981	0.83560	1.4910	801.46	-0.030693	0.00010262	0.11925	supercritical
166.36	593.00	982.96	0.0010173	-43.404	16.925	3.7071	0.83409	1.4903	798.17	-0.030493	0.00010159	0.11851	supercritical
167.36	593.00	979.69	0.0010207	-42.115	18.415	3.7160	0.83259	1.4896	794.90	-0.030291	0.00010058	0.11777	supercritical
168.36	593.00	976.42	0.0010241	-40.828	19.904	3.7249	0.83111	1.4889	791.66	-0.030087	9.9577e-05	0.11704	supercritical
169.36	593.00	973.16	0.0010276	-39.543	21.392	3.7337	0.82964	1.4881	788.45	-0.029881	9.8595e-05	0.11631	supercritical
170.36	593.00	969.91	0.0010310	-38.260	22.880	3.7424	0.82819	1.4874	785.26	-0.029673	9.7629e-05	0.11559	supercritical
171.36	593.00	966.65	0.0010345	-36.979	24.367	3.7511	0.82675	1.4867	782.10	-0.029463	9.6678e-05	0.11488	supercritical
172.36	593.00	963.40	0.0010380	-35.699	25.853	3.7598	0.82533	1.4860	778.96	-0.029250	9.5744e-05	0.11417	supercritical
173.36	593.00	960.15	0.0010415	-34.422	27.339	3.7684	0.82392	1.4852	775.85	-0.029036	9.4825e-05	0.11346	supercritical
174.36	593.00	956.91	0.0010450	-33.146	28.824	3.7769	0.82253	1.4845	772.77	-0.028821	9.3920e-05	0.11276	supercritical
175.36	593.00	953.67	0.0010486	-31.873	30.308	3.7854	0.82115	1.4837	769.71	-0.028603	9.3031e-05	0.11207	supercritical
176.36	593.00	950.44	0.0010521	-30.601	31.791	3.7938	0.81979	1.4830	766.67	-0.028383	9.2156e-05	0.11138	supercritical
177.36	593.00	947.20	0.0010557	-29.331	33.274	3.8022	0.81844	1.4822	763.66	-0.028162	9.1295e-05	0.11070	supercritical
178.36	593.00	943.98	0.0010593	-28.064	34.756	3.8106	0.81711	1.4814	760.68	-0.027939	9.0449e-05	0.11003	supercritical
179.36	593.00	940.75	0.0010630	-26.798	36.237	3.8188	0.81579	1.4806	757.73	-0.027714	8.9616e-05	0.10936	supercritical
180.36	593.00	937.54	0.0010666	-25.534	37.717	3.8271	0.81448	1.4798	754.79	-0.027488	8.8796e-05	0.10869	supercritical
181.36	593.00	934.32	0.0010703	-24.272	39.196	3.8353	0.81319	1.4790	751.89	-0.027259	8.7990e-05	0.10803	supercritical
182.36	593.00	931.11	0.0010740	-23.012	40.675	3.8434	0.81191	1.4782	749.01	-0.027030	8.7197e-05	0.10738	supercritical
183.36	593.00	927.91	0.0010777	-21.754	42.153	3.8515	0.81064	1.4774	746.16	-0.026798	8.6417e-05	0.10674	supercritical
184.36	593.00	924.71	0.0010814	-20.498	43.630	3.8595	0.80939	1.4766	743.33	-0.026565	8.5649e-05	0.10609	supercritical
185.36	593.00	921.52	0.0010852	-19.244	45.106	3.8675	0.80815	1.4757	740.53	-0.026331	8.4894e-05	0.10546	supercritical
186.36	593.00	918.33	0.0010889	-17.992	46.581	3.8754	0.80692	1.4749	737.76	-0.026095	8.4151e-05	0.10483	supercritical
187.36	593.00	915.15	0.0010927	-16.743	48.056	3.8833	0.80570	1.4740	735.01	-0.025858	8.3420e-05	0.10421	supercritical
188.36	593.00	911.97	0.0010965	-15.495	49.529	3.8912	0.80450	1.4732	732.28	-0.025619	8.2701e-05	0.10359	supercritical
189.36	593.00	908.80	0.0011004	-14.249	51.002	3.8990	0.80331	1.4723	729.59	-0.025379	8.1993e-05	0.10298	supercritical
190.36	593.00	905.63	0.0011042	-13.005	52.474	3.9067	0.80214	1.4714	726.92	-0.025138	8.1297e-05	0.10237	supercritical
191.36	593.00	902.47	0.0011081	-11.764	53.945	3.9144	0.80097	1.4705	724.27	-0.024895	8.0612e-05	0.10177	supercritical
192.36	593.00	899.31	0.0011120	-10.524	55.415	3.9221	0.79982	1.4696	721.65	-0.024652	7.9938e-05	0.10118	supercritical
193.36	593.00	896.16	0.0011159	-9.2869	56.884	3.9297	0.79868	1.4687	719.06	-0.024407	7.9275e-05	0.10059	supercritical
194.36	593.00	893.02	0.0011198	-8.0516	58.352	3.9373	0.79755	1.4677	716.49	-0.024161	7.8623e-05	0.10001	supercritical
195.36	593.00	889.88	0.0011237	-6.8184	59.819	3.9448	0.79644	1.4668	713.95	-0.023914	7.7982e-05	0.099435	supercritical
196.36	593.00	886.75	0.0011277	-5.5873	61.286	3.9523	0.79533	1.4658	711.43	-0.023666	7.7350e-05	0.098865	supercritical
197.36	593.00	883.63	0.0011317	-4.3584	62.751	3.9597	0.79424	1.4648	708.95	-0.023417	7.6729e-05	0.098300	supercritical
198.36	593.00	880.51	0.0011357	-3.1316	64.215	3.9671	0.79316	1.4639	706.48	-0.023167	7.6119e-05	0.097742	supercritical
199.36	593.00	877.40	0.0011397	-1.9070	65.679	3.9745	0.79209	1.4629	704.04	-0.022916	7.5518e-05	0.097190	supercritical
200.36	593.00	874.30	0.0011438	-0.68448	67.141	3.9818	0.79103	1.4619	701.63	-0.022665	7.4926e-05	0.096643	supercritical
201.36	593.00	871.21	0.0011478	0.53583	68.602	3.9891	0.78998	1.4608	699.25	-0.022412	7.4345e-05	0.096103	supercritical
202.36	593.00	868.12	0.0011519	1.7540	70.063	3.9963	0.78895	1.4598	696.88	-0.022159	7.3773e-05	0.095568	supercritical
203.36	593.00	865.03	0.0011560	2.9699	71.522	4.0035	0.78792	1.4588	694.55	-0.021906	7.3210e-05	0.095039	supercritical
204.36	593.00	861.96	0.0011601	4.1836	72.980	4.0107	0.78691	1.4577	692.24	-0.021652	7.2656e-05	0.094516	supercritical
205.36	593.00	858.89	0.0011643	5.3952	74.437	4.0178	0.78591	1.4566	689.96	-0.021397	7.2112e-05	0.093999	supercritical
206.36	593.00	855.84	0.0011684	6.6045	75.894	4.0248	0.78492	1.4555	687.70	-0.021142	7.1576e-05	0.093487	supercritical
207.36	593.00	852.78	0.0011726	7.8115	77.348	4.0319	0.78393	1.4544	685.46	-0.020886	7.1049e-05	0.092982	supercritical
208.36	593.00	849.74	0.0011768	9.0164	78.802	4.0389	0.78296	1.4533	683.26	-0.020630	7.0531e-05	0.092482	supercritical
209.36	593.00	846.71	0.0011810	10.219	80.255	4.0458	0.78200	1.4522	681.07	-0.020374	7.0021e-05	0.091987	supercritical
210.36	593.00	843.68	0.0011853	11.419	81.707	4.0527	0.78105	1.4511	678.91	-0.020118	6.9520e-05	0.091499	supercritical
211.36	593.00	840.66	0.0011895	12.617	83.157	4.0596	0.78011	1.4499	676.78	-0.019861	6.9027e-05	0.091016	supercritical
212.36	593.00	837.65	0.0011938	13.813	84.607	4.0665	0.77919	1.4487	674.67	-0.019604	6.8542e-05	0.090538	supercritical
213.36	593.00	834.65	0.0011981	15.007	86.055	4.0733	0.77827	1.4476	672.59	-0.019348	6.8064e-05	0.090067	supercritical
214.36	593.00	831.65	0.0012024	16.198	87.502	4.0800	0.77736	1.4464	670.53	-0.019091	6.7595e-05	0.089601	supercritical
215.36	593.00	828.67	0.0012068	17.387	88.947	4.0868	0.77646	1.4452	668.50	-0.018834	6.7134e-05	0.089140	supercritical
216.36	593.00	825.69	0.0012111	18.574	90.392	4.0935	0.77557	1.4439	666.49	-0.018577	6.6680e-05	0.088685	supercritical
217.36	593.00	822.73	0.0012155	19.758	91.835	4.1001	0.77469	1.4427	664.51	-0.018321	6.6233e-05	0.088236	supercritical
218.36	593.00	819.77	0.0012199	20.940	93.277	4.1067	0.77382	1.4414	662.55	-0.018065	6.5794e-05	0.087792	supercritical
219.36	593.00	816.82	0.0012243	22.120	94.718	4.1133	0.77296	1.4402	660.61	-0.017809	6.5363e-05	0.087353	supercritical
220.36	593.00	813.88	0.0012287	23.297	96.158	4.1199	0.77211	1.4389	658.70	-0.017553	6.4938e-05	0.086920	supercritical
221.36	593.00	810.95	0.0012331	24.472	97.596	4.1264	0.77127	1.4376	656.81	-0.017298	6.4520e-05	0.086492	supercritical
222.36	593.00	808.03	0.0012376	25.645	99.033	4.1329	0.77044	1.4363	654.95	-0.017043	6.4110e-05	0.086069	supercritical
223.36	593.00	805.12	0.0012420	26.815	100.47	4.1393	0.76961	1.4350	653.11	-0.016789	6.3706e-05	0.085652	supercritical
224.36	593.00	802.22	0.0012465	27.983	101.90	4.1457	0.76880	1.4337	651.29	-0.016536	6.3309e-05	0.085240	supercritical
225.36	593.00	799.33	0.0012510	29.149	103.34	4.1521	0.76800	1.4323	649.50	-0.016283	6.2918e-05	0.084833	supercritical
226.36	593.00	796.45	0.0012556	30.312	104.77	4.1584	0.76720	1.4310	647.73	-0.016031	6.2534e-05	0.084431	supercritical
227.36	593.00	793.58	0.0012601	31.473	106.20	4.1647	0.76641	1.4296	645.98	-0.015779	6.2157e-05	0.084035	supercritical
228.36	593.00	790.72	0.0012647	32.632	107.63	4.1710	0.76564	1.4282	644.26	-0.015528	6.1785e-05	0.083643	supercritical
229.36	593.00	787.87	0.0012692	33.788	109.05	4.1772	0.76487	1.4268	642.56	-0.015279	6.1420e-05	0.083257	supercritical
230.36	593.00	785.03	0.0012738	34.942	110.48	4.1834	0.76411	1.4254	640.88	-0.015030	6.1061e-05	0.082875	supercritical
231.36	593.00	782.20	0.0012784	36.094	111.91	4.1896	0.76336	1.4240	639.23	-0.014782	6.0708e-05	0.082499	supercritical
232.36	593.00	779.38	0.0012831	37.243	113.33	4.1957	0.76262	1.4226	637.60	-0.014535	6.0361e-05	0.082127	supercritical
233.36	593.00	776.57	0.0012877	38.389	114.75	4.2018	0.76188	1.4211	635.99	-0.014290	6.0020e-05	0.081761	supercritical
234.36	593.00	773.78	0.0012924	39.534	116.17	4.2079	0.76116	1.4197	634.40	-0.014045	5.9684e-05	0.081399	supercritical
235.36	593.00	770.99	0.0012970	40.676	117.59	4.2140	0.76044	1.4182	632.83	-0.013802	5.9354e-05	0.081041	supercritical
236.36	593.00	768.21	0.0013017	41.815	119.01	4.2200	0.75973	1.4167	631.29	-0.013560	5.9029e-05	0.080689	supercritical
237.36	593.00	765.45	0.0013064	42.952	120.42	4.2259	0.75903	1.4152	629.77	-0.013319	5.8710e-05	0.080341	supercritical
238.36	593.00	762.70	0.0013111	44.087	121.84	4.2319	0.75834	1.4137	628.27	-0.013080	5.8397e-05	0.079998	supercritical
239.36	593.00	759.95	0.0013159	45.219	123.25	4.2378	0.75766	1.4122	626.79	-0.012842	5.8088e-05	0.079660	supercritical
240.36	593.00	757.22	0.0013206	46.349	124.66	4.2437	0.75698	1.4107	625.33	-0.012605	5.7785e-05	0.079326	supercritical
241.36	593.00	754.50	0.0013254	47.477	126.07	4.2495	0.75632	1.4092	623.90	-0.012370	5.7487e-05	0.078996	supercritical
242.36	593.00	751.79	0.0013302	48.602	127.48	4.2554	0.75566	1.4076	622.48	-0.012137	5.7194e-05	0.078671	supercritical
243.36	593.00	749.09	0.0013349	49.725	128.89	4.2612	0.75501	1.4061	621.09	-0.011905	5.6905e-05	0.078350	supercritical
244.36	593.00	746.41	0.0013398	50.845	130.29	4.2669	0.75436	1.4045	619.71	-0.011675	5.6622e-05	0.078034	supercritical
245.36	593.00	743.73	0.0013446	51.963	131.70	4.2727	0.75373	1.4029	618.36	-0.011446	5.6343e-05	0.077722	supercritical
246.36	593.00	741.07	0.0013494	53.079	133.10	4.2784	0.75310	1.4014	617.03	-0.011219	5.6069e-05	0.077414	supercritical
247.36	593.00	738.42	0.0013542	54.192	134.50	4.2840	0.75248	1.3998	615.72	-0.010994	5.5800e-05	0.077110	supercritical
248.36	593.00	735.78	0.0013591	55.303	135.90	4.2897	0.75187	1.3982	614.42	-0.010771	5.5535e-05	0.076811	supercritical
249.36	593.00	733.15	0.0013640	56.411	137.30	4.2953	0.75126	1.3965	613.15	-0.010550	5.5275e-05	0.076515	supercritical
250.36	593.00	730.53	0.0013689	57.517	138.69	4.3009	0.75066	1.3949	611.90	-0.010331	5.5019e-05	0.076224	supercritical
251.36	593.00	727.93	0.0013738	58.621	140.09	4.3064	0.75008	1.3933	610.66	-0.010113	5.4767e-05	0.075937	supercritical
252.36	593.00	725.33	0.0013787	59.722	141.48	4.3120	0.74949	1.3917	609.45	-0.0098976	5.4520e-05	0.075653	supercritical
253.36	593.00	722.75	0.0013836	60.821	142.87	4.3175	0.74892	1.3900	608.25	-0.0096841	5.4276e-05	0.075374	supercritical
254.36	593.00	720.18	0.0013885	61.918	144.26	4.3229	0.74835	1.3884	607.07	-0.0094726	5.4037e-05	0.075098	supercritical
255.36	593.00	717.63	0.0013935	63.012	145.65	4.3284	0.74779	1.3867	605.92	-0.0092633	5.3802e-05	0.074826	supercritical
256.36	593.00	715.08	0.0013984	64.104	147.03	4.3338	0.74724	1.3851	604.78	-0.0090560	5.3571e-05	0.074558	supercritical
257.36	593.00	712.55	0.0014034	65.193	148.42	4.3392	0.74669	1.3834	603.66	-0.0088509	5.3343e-05	0.074294	supercritical
258.36	593.00	710.03	0.0014084	66.280	149.80	4.3446	0.74615	1.3817	602.55	-0.0086479	5.3120e-05	0.074033	supercritical
259.36	593.00	707.52	0.0014134	67.365	151.18	4.3499	0.74562	1.3800	601.47	-0.0084472	5.2900e-05	0.073776	supercritical
260.36	593.00	705.02	0.0014184	68.447	152.56	4.3552	0.74510	1.3784	600.40	-0.0082487	5.2684e-05	0.073522	supercritical
261.36	593.00	702.54	0.0014234	69.527	153.94	4.3605	0.74458	1.3767	599.35	-0.0080524	5.2472e-05	0.073272	supercritical
262.36	593.00	700.06	0.0014284	70.605	155.31	4.3657	0.74407	1.3750	598.32	-0.0078584	5.2263e-05	0.073025	supercritical
263.36	593.00	697.60	0.0014335	71.680	156.69	4.3710	0.74357	1.3733	597.30	-0.0076667	5.2057e-05	0.072782	supercritical
264.36	593.00	695.15	0.0014385	72.753	158.06	4.3762	0.74307	1.3716	596.30	-0.0074774	5.1855e-05	0.072542	supercritical
265.36	593.00	692.72	0.0014436	73.824	159.43	4.3813	0.74258	1.3699	595.32	-0.0072903	5.1657e-05	0.072306	supercritical
266.36	593.00	690.30	0.0014487	74.892	160.80	4.3865	0.74210	1.3682	594.36	-0.0071057	5.1462e-05	0.072073	supercritical
267.36	593.00	687.88	0.0014537	75.959	162.16	4.3916	0.74162	1.3664	593.41	-0.0069234	5.1270e-05	0.071843	supercritical
268.36	593.00	685.48	0.0014588	77.022	163.53	4.3967	0.74115	1.3647	592.48	-0.0067436	5.1081e-05	0.071616	supercritical
269.36	593.00	683.10	0.0014639	78.084	164.89	4.4018	0.74069	1.3630	591.56	-0.0065662	5.0896e-05	0.071396	supercritical
270.36	593.00	680.72	0.0014690	79.143	166.26	4.4068	0.74023	1.3613	590.66	-0.0063912	5.0714e-05	0.071180	supercritical
271.36	593.00	678.36	0.0014741	80.200	167.62	4.4118	0.73978	1.3596	589.78	-0.0062186	5.0534e-05	0.070967	supercritical
272.36	593.00	676.01	0.0014793	81.255	168.98	4.4168	0.73934	1.3578	588.91	-0.0060485	5.0358e-05	0.070757	supercritical
273.36	593.00	673.67	0.0014844	82.307	170.33	4.4218	0.73890	1.3561	588.05	-0.0058809	5.0185e-05	0.070550	supercritical
274.36	593.00	671.35	0.0014895	83.358	171.69	4.4268	0.73847	1.3544	587.22	-0.0057158	5.0014e-05	0.070346	supercritical
275.36	593.00	669.03	0.0014947	84.406	173.04	4.4317	0.73804	1.3526	586.39	-0.0055532	4.9847e-05	0.070145	supercritical
276.36	593.00	666.73	0.0014999	85.452	174.39	4.4366	0.73763	1.3509	585.59	-0.0053931	4.9682e-05	0.069947	supercritical
277.36	593.00	664.44	0.0015050	86.495	175.74	4.4415	0.73721	1.3492	584.79	-0.0052356	4.9520e-05	0.069752	supercritical
278.36	593.00	662.16	0.0015102	87.537	177.09	4.4463	0.73681	1.3474	584.01	-0.0050805	4.9361e-05	0.069560	supercritical
279.36	593.00	659.90	0.0015154	88.576	178.44	4.4511	0.73641	1.3457	583.25	-0.0049280	4.9204e-05	0.069371	supercritical
280.36	593.00	657.65	0.0015206	89.613	179.78	4.4560	0.73601	1.3440	582.50	-0.0047780	4.9050e-05	0.069184	supercritical
281.36	593.00	655.41	0.0015258	90.648	181.13	4.4607	0.73563	1.3423	581.76	-0.0046306	4.8899e-05	0.069001	supercritical
282.36	593.00	653.18	0.0015310	91.680	182.47	4.4655	0.73525	1.3405	581.04	-0.0044857	4.8750e-05	0.068750	supercritical
283.36	593.00	650.96	0.0015362	92.711	183.81	4.4702	0.73487	1.3388	580.33	-0.0043434	4.8604e-05	0.068566	supercritical
284.36	593.00	648.76	0.0015414	93.739	185.15	4.4749	0.73450	1.3371	579.63	-0.0042036	4.8460e-05	0.068384	supercritical
285.36	593.00	646.56	0.0015466	94.766	186.48	4.4796	0.73414	1.3354	578.95	-0.0040663	4.8319e-05	0.068204	supercritical
286.36	593.00	644.38	0.0015519	95.790	187.82	4.4843	0.73378	1.3336	578.28	-0.0039317	4.8180e-05	0.068027	supercritical
287.36	593.00	642.22	0.0015571	96.812	189.15	4.4889	0.73343	1.3319	577.63	-0.0037995	4.8043e-05	0.067852	supercritical
288.36	593.00	640.06	0.0015624	97.832	190.48	4.4936	0.73308	1.3302	576.98	-0.0036699	4.7909e-05	0.067680	supercritical
289.36	593.00	637.92	0.0015676	98.850	191.81	4.4982	0.73274	1.3285	576.35	-0.0035429	4.7777e-05	0.067509	supercritical
290.36	593.00	635.78	0.0015729	99.866	193.14	4.5028	0.73241	1.3268	575.74	-0.0034184	4.7647e-05	0.067341	supercritical
291.36	593.00	633.66	0.0015781	100.88	194.46	4.5073	0.73208	1.3251	575.13	-0.0032964	4.7519e-05	0.067175	supercritical
292.36	593.00	631.55	0.0015834	101.89	195.79	4.5119	0.73175	1.3234	574.54	-0.0031770	4.7393e-05	0.067012	supercritical
293.36	593.00	629.46	0.0015887	102.90	197.11	4.5164	0.73144	1.3217	573.95	-0.0030601	4.7270e-05	0.066850	supercritical
294.36	593.00	627.37	0.0015940	103.91	198.43	4.5209	0.73112	1.3200	573.38	-0.0029457	4.7149e-05	0.066690	supercritical
295.36	593.00	625.30	0.0015992	104.91	199.75	4.5253	0.73082	1.3183	572.83	-0.0028339	4.7029e-05	0.066532	supercritical
296.36	593.00	623.24	0.0016045	105.92	201.07	4.5298	0.73052	1.3166	572.28	-0.0027245	4.6912e-05	0.066376	supercritical
297.36	593.00	621.19	0.0016098	106.92	202.38	4.5342	0.73022	1.3149	571.74	-0.0026177	4.6797e-05	0.066222	supercritical
298.36	593.00	619.15	0.0016151	107.92	203.70	4.5386	0.72993	1.3132	571.22	-0.0025133	4.6683e-05	0.066069	supercritical
299.36	593.00	617.12	0.0016204	108.92	205.01	4.5430	0.72964	1.3115	570.71	-0.0024114	4.6572e-05	0.065918	supercritical
300.36	593.00	615.11	0.0016257	109.91	206.32	4.5474	0.72936	1.3099	570.20	-0.0023120	4.6462e-05	0.065769	supercritical
301.36	593.00	613.10	0.0016311	110.91	207.63	4.5517	0.72909	1.3082	569.71	-0.0022150	4.6355e-05	0.065621	supercritical
302.36	593.00	611.11	0.0016364	111.90	208.94	4.5561	0.72882	1.3065	569.23	-0.0021205	4.6249e-05	0.065474	supercritical
303.36	593.00	609.13	0.0016417	112.89	210.24	4.5604	0.72856	1.3049	568.76	-0.0020284	4.6145e-05	0.065328	supercritical
304.36	593.00	607.16	0.0016470	113.88	211.55	4.5647	0.72830	1.3032	568.30	-0.0019387	4.6042e-05	0.065182	supercritical
305.36	593.00	605.20	0.0016523	114.86	212.85	4.5690	0.72804	1.3016	567.85	-0.0018514	4.5942e-05	0.065037	supercritical
306.36	593.00	603.25	0.0016577	115.85	214.15	4.5732	0.72780	1.3000	567.41	-0.0017666	4.5843e-05	0.064892	supercritical
307.36	593.00	601.32	0.0016630	116.83	215.45	4.5774	0.72755	1.2983	566.98	-0.0016841	4.5746e-05	0.064744	supercritical
308.36	593.00	599.39	0.0016684	117.81	216.75	4.5817	0.72731	1.2967	566.56	-0.0016040	4.5650e-05	0.064590	supercritical
309.36	593.00	597.48	0.0016737	118.79	218.04	4.5858	0.72708	1.2951	566.15	-0.0015262	4.5556e-05	0.064405	supercritical
310.36	593.00	595.57	0.0016791	119.77	219.34	4.5900	0.72685	1.2935	565.75	-0.0014508	4.5464e-05	0.064286	supercritical
311.36	593.00	593.68	0.0016844	120.74	220.63	4.5942	0.72663	1.2919	565.36	-0.0013777	4.5373e-05	0.064169	supercritical
312.36	593.00	591.80	0.0016898	121.72	221.92	4.5983	0.72641	1.2903	564.98	-0.0013069	4.5284e-05	0.064054	supercritical
313.36	593.00	589.93	0.0016951	122.69	223.21	4.6024	0.72619	1.2887	564.60	-0.0012384	4.5196e-05	0.063940	supercritical
314.36	593.00	588.07	0.0017005	123.66	224.50	4.6065	0.72598	1.2871	564.24	-0.0011721	4.5110e-05	0.063828	supercritical
315.36	593.00	586.22	0.0017058	124.63	225.78	4.6106	0.72578	1.2855	563.88	-0.0011081	4.5026e-05	0.063718	supercritical
316.36	593.00	584.38	0.0017112	125.59	227.07	4.6147	0.72558	1.2840	563.54	-0.0010464	4.4942e-05	0.063610	supercritical
317.36	593.00	582.56	0.0017166	126.56	228.35	4.6188	0.72538	1.2824	563.20	-0.00098687	4.4861e-05	0.063503	supercritical
318.36	593.00	580.74	0.0017219	127.52	229.63	4.6228	0.72519	1.2809	562.87	-0.00092955	4.4780e-05	0.063398	supercritical
319.36	593.00	578.93	0.0017273	128.48	230.91	4.6268	0.72501	1.2793	562.55	-0.00087441	4.4701e-05	0.063294	supercritical
320.36	593.00	577.14	0.0017327	129.44	232.19	4.6308	0.72482	1.2778	562.23	-0.00082145	4.4624e-05	0.063193	supercritical
321.36	593.00	575.35	0.0017381	130.40	233.47	4.6348	0.72465	1.2763	561.93	-0.00077063	4.4547e-05	0.063092	supercritical
322.36	593.00	573.58	0.0017434	131.36	234.74	4.6387	0.72447	1.2747	561.63	-0.00072194	4.4473e-05	0.062993	supercritical
323.36	593.00	571.81	0.0017488	132.31	236.02	4.6427	0.72431	1.2732	561.34	-0.00067537	4.4399e-05	0.062896	supercritical
324.36	593.00	570.06	0.0017542	133.27	237.29	4.6466	0.72414	1.2717	561.06	-0.00063088	4.4327e-05	0.062801	supercritical
325.36	593.00	568.31	0.0017596	134.22	238.56	4.6505	0.72398	1.2702	560.79	-0.00058847	4.4256e-05	0.062706	supercritical
326.36	593.00	566.58	0.0017650	135.17	239.83	4.6544	0.72383	1.2687	560.52	-0.00054812	4.4186e-05	0.062614	supercritical
327.36	593.00	564.85	0.0017704	136.12	241.10	4.6583	0.72368	1.2673	560.26	-0.00050980	4.4117e-05	0.062523	supercritical
328.36	593.00	563.14	0.0017758	137.06	242.37	4.6622	0.72353	1.2658	560.01	-0.00047350	4.4050e-05	0.062433	supercritical
329.36	593.00	561.44	0.0017811	138.01	243.63	4.6660	0.72339	1.2643	559.77	-0.00043919	4.3984e-05	0.062344	supercritical
330.36	593.00	559.74	0.0017865	138.95	244.89	4.6698	0.72325	1.2629	559.53	-0.00040686	4.3919e-05	0.062257	supercritical
331.36	593.00	558.06	0.0017919	139.89	246.16	4.6737	0.72312	1.2614	559.30	-0.00037648	4.3855e-05	0.062172	supercritical
332.36	593.00	556.38	0.0017973	140.84	247.42	4.6775	0.72299	1.2600	559.08	-0.00034804	4.3792e-05	0.062088	supercritical
333.36	593.00	554.72	0.0018027	141.77	248.68	4.6812	0.72286	1.2586	558.86	-0.00032152	4.3731e-05	0.062005	supercritical
334.36	593.00	553.06	0.0018081	142.71	249.93	4.6850	0.72274	1.2571	558.65	-0.00029690	4.3670e-05	0.061923	supercritical
335.36	593.00	551.42	0.0018135	143.65	251.19	4.6888	0.72262	1.2557	558.45	-0.00027415	4.3611e-05	0.061843	supercritical
336.36	593.00	549.78	0.0018189	144.58	252.45	4.6925	0.72251	1.2543	558.26	-0.00025326	4.3553e-05	0.061764	supercritical
337.36	593.00	548.15	0.0018243	145.52	253.70	4.6962	0.72240	1.2529	558.07	-0.00023420	4.3496e-05	0.061687	supercritical
338.36	593.00	546.53	0.0018297	146.45	254.95	4.6999	0.72229	1.2516	557.88	-0.00021696	4.3439e-05	0.061610	supercritical
339.36	593.00	544.93	0.0018351	147.38	256.20	4.7036	0.72219	1.2502	557.70	-0.00020152	4.3384e-05	0.061535	supercritical
340.36	593.00	543.33	0.0018405	148.31	257.45	4.7073	0.72209	1.2488	557.53	-0.00018785	4.3330e-05	0.061461	supercritical
341.36	593.00	541.74	0.0018459	149.24	258.70	4.7110	0.72200	1.2475	557.37	-0.00017594	4.3277e-05	0.061389	supercritical
342.36	593.00	540.16	0.0018513	150.16	259.95	4.7146	0.72191	1.2461	557.21	-0.00016576	4.3225e-05	0.061317	supercritical
343.36	593.00	538.59	0.0018567	151.09	261.19	4.7182	0.72182	1.2448	557.06	-0.00015730	4.3174e-05	0.061247	supercritical
344.36	593.00	537.02	0.0018621	152.01	262.44	4.7219	0.72174	1.2435	556.91	-0.00015054	4.3123e-05	0.061178	supercritical
345.36	593.00	535.47	0.0018675	152.94	263.68	4.7255	0.72166	1.2421	556.77	-0.00014545	4.3074e-05	0.061110	supercritical
346.36	593.00	533.93	0.0018729	153.86	264.92	4.7290	0.72159	1.2408	556.63	-0.00014202	4.3026e-05	0.061043	supercritical
347.36	593.00	532.39	0.0018783	154.78	266.16	4.7326	0.72152	1.2395	556.50	-0.00014022	4.2978e-05	0.060977	supercritical
348.36	593.00	530.86	0.0018837	155.69	267.40	4.7362	0.72145	1.2382	556.38	-0.00014004	4.2932e-05	0.060913	supercritical
349.36	593.00	529.35	0.0018891	156.61	268.64	4.7397	0.72138	1.2370	556.26	-0.00014146	4.2886e-05	0.060849	supercritical
350.36	593.00	527.84	0.0018945	157.53	269.87	4.7433	0.72132	1.2357	556.14	-0.00014445	4.2842e-05	0.060787	supercritical
351.36	593.00	526.33	0.0018999	158.44	271.11	4.7468	0.72127	1.2344	556.03	-0.00014900	4.2798e-05	0.060726	supercritical
352.36	593.00	524.84	0.0019053	159.36	272.34	4.7503	0.72121	1.2332	555.93	-0.00015509	4.2755e-05	0.060666	supercritical
353.36	593.00	523.36	0.0019107	160.27	273.57	4.7538	0.72116	1.2319	555.83	-0.00016269	4.2712e-05	0.060606	supercritical
354.36	593.00	521.88	0.0019161	161.18	274.81	4.7573	0.72112	1.2307	555.74	-0.00017180	4.2671e-05	0.060548	supercritical
355.36	593.00	520.42	0.0019215	162.09	276.04	4.7607	0.72107	1.2294	555.65	-0.00018238	4.2631e-05	0.060491	supercritical
356.36	593.00	518.96	0.0019269	163.00	277.26	4.7642	0.72103	1.2282	555.56	-0.00019442	4.2591e-05	0.060435	supercritical
357.36	593.00	517.51	0.0019323	163.90	278.49	4.7676	0.72099	1.2270	555.49	-0.00020791	4.2552e-05	0.060380	supercritical
358.36	593.00	516.07	0.0019377	164.81	279.72	4.7710	0.72096	1.2258	555.41	-0.00022281	4.2514e-05	0.060326	supercritical
359.36	593.00	514.63	0.0019431	165.72	280.94	4.7745	0.72093	1.2246	555.34	-0.00023912	4.2476e-05	0.060273	supercritical
360.36	593.00	513.21	0.0019485	166.62	282.17	4.7779	0.72090	1.2234	555.28	-0.00025681	4.2440e-05	0.060220	supercritical
361.36	593.00	511.79	0.0019539	167.52	283.39	4.7813	0.72088	1.2223	555.22	-0.00027587	4.2404e-05	0.060169	supercritical
362.36	593.00	510.38	0.0019593	168.42	284.61	4.7846	0.72086	1.2211	555.16	-0.00029628	4.2369e-05	0.060119	supercritical
363.36	593.00	508.98	0.0019647	169.32	285.83	4.7880	0.72084	1.2200	555.11	-0.00031802	4.2334e-05	0.060070	supercritical
364.36	593.00	507.58	0.0019701	170.22	287.05	4.7913	0.72083	1.2188	555.06	-0.00034106	4.2301e-05	0.060021	supercritical
365.36	593.00	506.20	0.0019755	171.12	288.27	4.7947	0.72082	1.2177	555.02	-0.00036540	4.2268e-05	0.059974	supercritical
366.36	593.00	504.82	0.0019809	172.02	289.49	4.7980	0.72081	1.2165	554.98	-0.00039101	4.2236e-05	0.059927	supercritical
367.36	593.00	503.45	0.0019863	172.92	290.70	4.8013	0.72080	1.2154	554.94	-0.00041788	4.2204e-05	0.059881	supercritical
368.36	593.00	502.08	0.0019917	173.81	291.92	4.8046	0.72080	1.2143	554.91	-0.00044599	4.2173e-05	0.059836	supercritical
369.36	593.00	500.73	0.0019971	174.71	293.13	4.8079	0.72080	1.2132	554.89	-0.00047532	4.2143e-05	0.059793	supercritical
370.36	593.00	499.38	0.0020025	175.60	294.35	4.8112	0.72081	1.2121	554.86	-0.00050586	4.2114e-05	0.059749	supercritical
371.36	593.00	498.04	0.0020079	176.49	295.56	4.8145	0.72081	1.2110	554.84	-0.00053757	4.2085e-05	0.059707	supercritical
372.36	593.00	496.71	0.0020133	177.38	296.77	4.8177	0.72082	1.2100	554.83	-0.00057046	4.2056e-05	0.059666	supercritical
373.36	593.00	495.38	0.0020186	178.27	297.98	4.8210	0.72084	1.2089	554.82	-0.00060450	4.2029e-05	0.059625	supercritical
374.36	593.00	494.06	0.0020240	179.16	299.19	4.8242	0.72085	1.2078	554.81	-0.00063968	4.2002e-05	0.059585	supercritical
375.36	593.00	492.75	0.0020294	180.05	300.39	4.8274	0.72087	1.2068	554.80	-0.00067597	4.1976e-05	0.059546	supercritical
376.36	593.00	491.45	0.0020348	180.93	301.60	4.8306	0.72089	1.2057	554.80	-0.00071337	4.1950e-05	0.059508	supercritical
377.36	593.00	490.15	0.0020402	181.82	302.80	4.8338	0.72092	1.2047	554.81	-0.00075185	4.1925e-05	0.059471	supercritical
378.36	593.00	488.86	0.0020456	182.71	304.01	4.8370	0.72094	1.2037	554.81	-0.00079140	4.1900e-05	0.059434	supercritical
379.36	593.00	487.58	0.0020510	183.59	305.21	4.8402	0.72097	1.2027	554.82	-0.00083201	4.1877e-05	0.059398	supercritical
380.36	593.00	486.30	0.0020563	184.47	306.41	4.8433	0.72101	1.2017	554.84	-0.00087365	4.1853e-05	0.059363	supercritical
381.36	593.00	485.03	0.0020617	185.36	307.61	4.8465	0.72104	1.2007	554.86	-0.00091631	4.1831e-05	0.059329	supercritical
382.36	593.00	483.77	0.0020671	186.24	308.81	4.8496	0.72108	1.1997	554.88	-0.00095997	4.1808e-05	0.059295	supercritical
383.36	593.00	482.52	0.0020725	187.12	310.01	4.8528	0.72112	1.1987	554.90	-0.0010046	4.1787e-05	0.059263	supercritical
384.36	593.00	481.27	0.0020778	188.00	311.21	4.8559	0.72116	1.1977	554.93	-0.0010503	4.1766e-05	0.059231	supercritical
385.36	593.00	480.03	0.0020832	188.88	312.41	4.8590	0.72121	1.1968	554.96	-0.0010968	4.1745e-05	0.059199	supercritical
386.36	593.00	478.79	0.0020886	189.75	313.61	4.8621	0.72126	1.1958	554.99	-0.0011444	4.1725e-05	0.059169	supercritical
387.36	593.00	477.57	0.0020939	190.63	314.80	4.8652	0.72131	1.1949	555.02	-0.0011928	4.1706e-05	0.059139	supercritical
388.36	593.00	476.35	0.0020993	191.51	316.00	4.8683	0.72136	1.1939	555.06	-0.0012422	4.1687e-05	0.059109	supercritical
389.36	593.00	475.13	0.0021047	192.38	317.19	4.8713	0.72141	1.1930	555.11	-0.0012925	4.1669e-05	0.059081	supercritical
390.36	593.00	473.92	0.0021100	193.26	318.38	4.8744	0.72147	1.1921	555.15	-0.0013437	4.1651e-05	0.059053	supercritical
391.36	593.00	472.72	0.0021154	194.13	319.57	4.8775	0.72153	1.1912	555.20	-0.0013957	4.1633e-05	0.059026	supercritical
392.36	593.00	471.53	0.0021208	195.00	320.76	4.8805	0.72160	1.1903	555.25	-0.0014486	4.1617e-05	0.058999	supercritical
393.36	593.00	470.34	0.0021261	195.87	321.95	4.8835	0.72166	1.1894	555.30	-0.0015023	4.1600e-05	0.058974	supercritical
394.36	593.00	469.15	0.0021315	196.75	323.14	4.8865	0.72173	1.1885	555.36	-0.0015569	4.1584e-05	0.058948	supercritical
395.36	593.00	467.98	0.0021368	197.62	324.33	4.8896	0.72180	1.1876	555.42	-0.0016122	4.1569e-05	0.058924	supercritical
396.36	593.00	466.81	0.0021422	198.49	325.52	4.8925	0.72187	1.1867	555.48	-0.0016684	4.1554e-05	0.058900	supercritical
397.36	593.00	465.64	0.0021476	199.35	326.70	4.8955	0.72194	1.1858	555.55	-0.0017254	4.1540e-05	0.058877	supercritical
398.36	593.00	464.49	0.0021529	200.22	327.89	4.8985	0.72202	1.1850	555.61	-0.0017831	4.1526e-05	0.058854	supercritical
399.36	593.00	463.34	0.0021583	201.09	329.07	4.9015	0.72210	1.1841	555.68	-0.0018416	4.1512e-05	0.058832	supercritical
400.36	593.00	462.19	0.0021636	201.96	330.26	4.9044	0.72218	1.1833	555.76	-0.0019008	4.1499e-05	0.058811	supercritical
401.36	593.00	461.05	0.0021690	202.82	331.44	4.9074	0.72226	1.1824	555.83	-0.0019608	4.1487e-05	0.058790	supercritical
402.36	593.00	459.92	0.0021743	203.69	332.62	4.9103	0.72235	1.1816	555.91	-0.0020215	4.1475e-05	0.058770	supercritical
403.36	593.00	458.79	0.0021796	204.55	333.80	4.9133	0.72244	1.1808	555.99	-0.0020829	4.1463e-05	0.058751	supercritical
404.36	593.00	457.67	0.0021850	205.41	334.98	4.9162	0.72253	1.1800	556.07	-0.0021450	4.1452e-05	0.058732	supercritical
405.36	593.00	456.55	0.0021903	206.28	336.16	4.9191	0.72262	1.1792	556.15	-0.0022078	4.1441e-05	0.058713	supercritical
406.36	593.00	455.44	0.0021957	207.14	337.34	4.9220	0.72271	1.1784	556.24	-0.0022713	4.1430e-05	0.058696	supercritical
407.36	593.00	454.34	0.0022010	208.00	338.52	4.9249	0.72281	1.1776	556.33	-0.0023354	4.1420e-05	0.058678	supercritical
408.36	593.00	453.24	0.0022063	208.86	339.70	4.9278	0.72291	1.1768	556.42	-0.0024002	4.1411e-05	0.058662	supercritical
409.36	593.00	452.15	0.0022117	209.72	340.87	4.9307	0.72301	1.1760	556.52	-0.0024656	4.1401e-05	0.058646	supercritical
410.36	593.00	451.06	0.0022170	210.58	342.05	4.9335	0.72311	1.1753	556.61	-0.0025316	4.1393e-05	0.058630	supercritical
411.36	593.00	449.98	0.0022223	211.44	343.22	4.9364	0.72321	1.1745	556.71	-0.0025983	4.1384e-05	0.058615	supercritical
412.36	593.00	448.90	0.0022277	212.30	344.40	4.9393	0.72332	1.1737	556.81	-0.0026656	4.1376e-05	0.058601	supercritical
413.36	593.00	447.83	0.0022330	213.16	345.57	4.9421	0.72343	1.1730	556.91	-0.0027334	4.1369e-05	0.058587	supercritical
414.36	593.00	446.77	0.0022383	214.01	346.74	4.9449	0.72354	1.1722	557.02	-0.0028018	4.1361e-05	0.058574	supercritical
415.36	593.00	445.71	0.0022436	214.87	347.92	4.9478	0.72365	1.1715	557.12	-0.0028708	4.1355e-05	0.058561	supercritical
416.36	593.00	444.65	0.0022489	215.73	349.09	4.9506	0.72376	1.1708	557.23	-0.0029404	4.1348e-05	0.058549	supercritical
417.36	593.00	443.60	0.0022543	216.58	350.26	4.9534	0.72388	1.1701	557.34	-0.0030105	4.1342e-05	0.058537	supercritical
418.36	593.00	442.56	0.0022596	217.43	351.43	4.9562	0.72400	1.1693	557.46	-0.0030811	4.1336e-05	0.058526	supercritical
419.36	593.00	441.52	0.0022649	218.29	352.60	4.9590	0.72412	1.1686	557.57	-0.0031523	4.1331e-05	0.058515	supercritical
420.36	593.00	440.49	0.0022702	219.14	353.77	4.9617	0.72424	1.1679	557.69	-0.0032240	4.1326e-05	0.058505	supercritical
421.36	593.00	439.46	0.0022755	219.99	354.93	4.9645	0.72436	1.1672	557.81	-0.0032962	4.1321e-05	0.058495	supercritical
422.36	593.00	438.44	0.0022808	220.85	356.10	4.9673	0.72448	1.1666	557.93	-0.0033689	4.1317e-05	0.058486	supercritical
423.36	593.00	437.42	0.0022861	221.70	357.27	4.9700	0.72461	1.1659	558.05	-0.0034421	4.1313e-05	0.058477	supercritical
424.36	593.00	436.41	0.0022914	222.55	358.43	4.9728	0.72474	1.1652	558.17	-0.0035157	4.1309e-05	0.058469	supercritical
425.36	593.00	435.40	0.0022967	223.40	359.60	4.9755	0.72487	1.1645	558.30	-0.0035898	4.1306e-05	0.058461	supercritical
426.36	593.00	434.40	0.0023020	224.25	360.76	4.9783	0.72500	1.1639	558.43	-0.0036644	4.1303e-05	0.058454	supercritical
427.36	593.00	433.40	0.0023073	225.10	361.92	4.9810	0.72513	1.1632	558.55	-0.0037395	4.1300e-05	0.058447	supercritical
428.36	593.00	432.41	0.0023126	225.95	363.09	4.9837	0.72527	1.1626	558.69	-0.0038149	4.1298e-05	0.058440	supercritical
429.36	593.00	431.42	0.0023179	226.80	364.25	4.9864	0.72540	1.1619	558.82	-0.0038908	4.1296e-05	0.058434	supercritical
430.36	593.00	430.44	0.0023232	227.64	365.41	4.9891	0.72554	1.1613	558.95	-0.0039672	4.1294e-05	0.058429	supercritical
431.36	593.00	429.46	0.0023285	228.49	366.57	4.9918	0.72568	1.1607	559.09	-0.0040439	4.1293e-05	0.058424	supercritical
432.36	593.00	428.49	0.0023338	229.34	367.73	4.9945	0.72582	1.1600	559.23	-0.0041211	4.1292e-05	0.058419	supercritical
433.36	593.00	427.52	0.0023391	230.18	368.89	4.9972	0.72596	1.1594	559.37	-0.0041986	4.1291e-05	0.058415	supercritical
434.36	593.00	426.55	0.0023444	231.03	370.05	4.9999	0.72611	1.1588	559.51	-0.0042765	4.1291e-05	0.058412	supercritical
435.36	593.00	425.60	0.0023497	231.88	371.21	5.0025	0.72625	1.1582	559.65	-0.0043548	4.1290e-05	0.058408	supercritical
436.36	593.00	424.64	0.0023549	232.72	372.37	5.0052	0.72640	1.1576	559.79	-0.0044335	4.1291e-05	0.058406	supercritical
437.36	593.00	423.69	0.0023602	233.56	373.52	5.0078	0.72655	1.1570	559.94	-0.0045125	4.1291e-05	0.058403	supercritical
438.36	593.00	422.75	0.0023655	234.41	374.68	5.0105	0.72670	1.1564	560.08	-0.0045919	4.1292e-05	0.058401	supercritical
439.36	593.00	421.81	0.0023708	235.25	375.84	5.0131	0.72685	1.1558	560.23	-0.0046717	4.1293e-05	0.058400	supercritical
440.36	593.00	420.87	0.0023760	236.09	376.99	5.0157	0.72700	1.1553	560.38	-0.0047517	4.1294e-05	0.058399	supercritical
441.36	593.00	419.94	0.0023813	236.94	378.15	5.0184	0.72716	1.1547	560.53	-0.0048321	4.1296e-05	0.058398	supercritical
442.36	593.00	419.01	0.0023866	237.78	379.30	5.0210	0.72731	1.1541	560.69	-0.0049129	4.1297e-05	0.058398	supercritical
443.36	593.00	418.09	0.0023918	238.62	380.46	5.0236	0.72747	1.1536	560.84	-0.0049939	4.1300e-05	0.058398	supercritical
444.36	593.00	417.17	0.0023971	239.46	381.61	5.0262	0.72763	1.1530	561.00	-0.0050753	4.1302e-05	0.058398	supercritical
445.36	593.00	416.26	0.0024024	240.30	382.76	5.0288	0.72779	1.1525	561.15	-0.0051569	4.1305e-05	0.058399	supercritical
446.36	593.00	415.35	0.0024076	241.14	383.91	5.0313	0.72795	1.1519	561.31	-0.0052389	4.1308e-05	0.058400	supercritical
447.36	593.00	414.44	0.0024129	241.98	385.07	5.0339	0.72811	1.1514	561.47	-0.0053211	4.1311e-05	0.058402	supercritical
448.36	593.00	413.54	0.0024181	242.82	386.22	5.0365	0.72828	1.1509	561.63	-0.0054036	4.1314e-05	0.058404	supercritical
449.36	593.00	412.65	0.0024234	243.66	387.37	5.0391	0.72844	1.1503	561.79	-0.0054864	4.1318e-05	0.058407	supercritical
450.36	593.00	411.75	0.0024286	244.50	388.52	5.0416	0.72861	1.1498	561.96	-0.0055694	4.1322e-05	0.058410	supercritical
451.36	593.00	410.87	0.0024339	245.34	389.67	5.0442	0.72878	1.1493	562.12	-0.0056527	4.1326e-05	0.058413	supercritical
452.36	593.00	409.98	0.0024391	246.18	390.82	5.0467	0.72894	1.1488	562.29	-0.0057363	4.1331e-05	0.058416	supercritical
453.36	593.00	409.10	0.0024444	247.01	391.97	5.0492	0.72911	1.1483	562.45	-0.0058201	4.1335e-05	0.058420	supercritical
454.36	593.00	408.23	0.0024496	247.85	393.11	5.0518	0.72929	1.1478	562.62	-0.0059041	4.1340e-05	0.058425	supercritical
455.36	593.00	407.35	0.0024549	248.69	394.26	5.0543	0.72946	1.1473	562.79	-0.0059884	4.1345e-05	0.058429	supercritical
456.36	593.00	406.49	0.0024601	249.52	395.41	5.0568	0.72963	1.1468	562.96	-0.0060729	4.1351e-05	0.058434	supercritical
457.36	593.00	405.62	0.0024653	250.36	396.55	5.0593	0.72981	1.1463	563.13	-0.0061576	4.1356e-05	0.058440	supercritical
458.36	593.00	404.76	0.0024706	251.20	397.70	5.0618	0.72998	1.1458	563.30	-0.0062425	4.1362e-05	0.058445	supercritical
459.36	593.00	403.91	0.0024758	252.03	398.85	5.0643	0.73016	1.1454	563.48	-0.0063277	4.1368e-05	0.058451	supercritical
460.36	593.00	403.06	0.0024810	252.87	399.99	5.0668	0.73034	1.1449	563.65	-0.0064130	4.1375e-05	0.058458	supercritical
461.36	593.00	402.21	0.0024863	253.70	401.14	5.0693	0.73052	1.1444	563.83	-0.0064985	4.1381e-05	0.058465	supercritical
462.36	593.00	401.37	0.0024915	254.53	402.28	5.0718	0.73070	1.1440	564.01	-0.0065843	4.1388e-05	0.058472	supercritical
463.36	593.00	400.53	0.0024967	255.37	403.42	5.0742	0.73088	1.1435	564.19	-0.0066702	4.1395e-05	0.058479	supercritical
464.36	593.00	399.69	0.0025019	256.20	404.57	5.0767	0.73106	1.1431	564.36	-0.0067563	4.1402e-05	0.058487	supercritical
465.36	593.00	398.86	0.0025072	257.04	405.71	5.0792	0.73124	1.1426	564.54	-0.0068425	4.1410e-05	0.058495	supercritical
466.36	593.00	398.03	0.0025124	257.87	406.85	5.0816	0.73143	1.1422	564.73	-0.0069289	4.1417e-05	0.058503	supercritical
467.36	593.00	397.20	0.0025176	258.70	407.99	5.0841	0.73161	1.1418	564.91	-0.0070155	4.1425e-05	0.058512	supercritical
468.36	593.00	396.38	0.0025228	259.53	409.14	5.0865	0.73180	1.1413	565.09	-0.0071023	4.1433e-05	0.058521	supercritical
469.36	593.00	395.57	0.0025280	260.37	410.28	5.0889	0.73199	1.1409	565.28	-0.0071892	4.1442e-05	0.058530	supercritical
470.36	593.00	394.75	0.0025332	261.20	411.42	5.0914	0.73218	1.1405	565.46	-0.0072762	4.1450e-05	0.058540	supercritical
471.36	593.00	393.94	0.0025384	262.03	412.56	5.0938	0.73237	1.1401	565.65	-0.0073634	4.1459e-05	0.058550	supercritical
472.36	593.00	393.14	0.0025437	262.86	413.70	5.0962	0.73256	1.1396	565.83	-0.0074507	4.1468e-05	0.058560	supercritical
473.36	593.00	392.33	0.0025489	263.69	414.84	5.0986	0.73275	1.1392	566.02	-0.0075382	4.1477e-05	0.058571	supercritical
474.36	593.00	391.53	0.0025541	264.52	415.98	5.1010	0.73294	1.1388	566.21	-0.0076257	4.1486e-05	0.058582	supercritical
475.36	593.00	390.74	0.0025593	265.35	417.11	5.1034	0.73313	1.1384	566.40	-0.0077134	4.1495e-05	0.058593	supercritical
476.36	593.00	389.95	0.0025645	266.18	418.25	5.1058	0.73333	1.1380	566.59	-0.0078013	4.1505e-05	0.058605	supercritical
477.36	593.00	389.16	0.0025697	267.01	419.39	5.1082	0.73352	1.1376	566.78	-0.0078892	4.1515e-05	0.058617	supercritical
478.36	593.00	388.37	0.0025748	267.84	420.53	5.1106	0.73372	1.1373	566.98	-0.0079772	4.1525e-05	0.058629	supercritical
479.36	593.00	387.59	0.0025800	268.67	421.67	5.1129	0.73391	1.1369	567.17	-0.0080654	4.1535e-05	0.058641	supercritical
480.36	593.00	386.81	0.0025852	269.50	422.80	5.1153	0.73411	1.1365	567.36	-0.0081536	4.1545e-05	0.058654	supercritical
481.36	593.00	386.04	0.0025904	270.33	423.94	5.1177	0.73431	1.1361	567.56	-0.0082419	4.1556e-05	0.058667	supercritical
482.36	593.00	385.27	0.0025956	271.16	425.07	5.1200	0.73451	1.1358	567.75	-0.0083304	4.1567e-05	0.058680	supercritical
483.36	593.00	384.50	0.0026008	271.98	426.21	5.1224	0.73471	1.1354	567.95	-0.0084189	4.1578e-05	0.058693	supercritical
484.36	593.00	383.73	0.0026060	272.81	427.35	5.1247	0.73491	1.1350	568.15	-0.0085075	4.1589e-05	0.058707	supercritical
485.36	593.00	382.97	0.0026111	273.64	428.48	5.1271	0.73511	1.1347	568.35	-0.0085961	4.1600e-05	0.058721	supercritical
486.36	593.00	382.22	0.0026163	274.47	429.61	5.1294	0.73531	1.1343	568.55	-0.0086849	4.1611e-05	0.058736	supercritical
487.36	593.00	381.46	0.0026215	275.29	430.75	5.1317	0.73552	1.1340	568.75	-0.0087737	4.1623e-05	0.058750	supercritical
488.36	593.00	380.71	0.0026267	276.12	431.88	5.1341	0.73572	1.1336	568.95	-0.0088626	4.1635e-05	0.058765	supercritical
489.36	593.00	379.96	0.0026318	276.95	433.02	5.1364	0.73592	1.1333	569.15	-0.0089515	4.1647e-05	0.058780	supercritical
490.36	593.00	379.22	0.0026370	277.77	434.15	5.1387	0.73613	1.1329	569.35	-0.0090405	4.1659e-05	0.058796	supercritical
491.36	593.00	378.47	0.0026422	278.60	435.28	5.1410	0.73634	1.1326	569.55	-0.0091296	4.1671e-05	0.058811	supercritical
492.36	593.00	377.74	0.0026473	279.43	436.41	5.1433	0.73654	1.1323	569.76	-0.0092187	4.1683e-05	0.058827	supercritical
493.36	593.00	377.00	0.0026525	280.25	437.55	5.1456	0.73675	1.1319	569.96	-0.0093078	4.1696e-05	0.058843	supercritical
494.36	593.00	376.27	0.0026577	281.08	438.68	5.1479	0.73696	1.1316	570.17	-0.0093970	4.1709e-05	0.058860	supercritical
495.36	593.00	375.54	0.0026628	281.90	439.81	5.1502	0.73717	1.1313	570.37	-0.0094862	4.1722e-05	0.058877	supercritical
496.36	593.00	374.81	0.0026680	282.73	440.94	5.1525	0.73738	1.1310	570.58	-0.0095755	4.1735e-05	0.058893	supercritical
497.36	593.00	374.09	0.0026731	283.55	442.07	5.1547	0.73759	1.1307	570.78	-0.0096648	4.1748e-05	0.058911	supercritical
498.36	593.00	373.37	0.0026783	284.38	443.20	5.1570	0.73780	1.1304	570.99	-0.0097542	4.1761e-05	0.058928	supercritical
499.36	593.00	372.65	0.0026835	285.20	444.33	5.1593	0.73801	1.1301	571.20	-0.0098435	4.1775e-05	0.058946	supercritical
500.36	593.00	371.94	0.0026886	286.03	445.46	5.1615	0.73822	1.1298	571.41	-0.0099329	4.1788e-05	0.058964	supercritical
501.36	593.00	371.23	0.0026938	286.85	446.59	5.1638	0.73843	1.1295	571.62	-0.010022	4.1802e-05	0.058982	supercritical
502.36	593.00	370.52	0.0026989	287.68	447.72	5.1660	0.73865	1.1292	571.83	-0.010112	4.1816e-05	0.059000	supercritical
503.36	593.00	369.82	0.0027040	288.50	448.85	5.1683	0.73886	1.1289	572.04	-0.010201	4.1830e-05	0.059019	supercritical
504.36	593.00	369.11	0.0027092	289.32	449.98	5.1705	0.73907	1.1286	572.25	-0.010291	4.1844e-05	0.059038	supercritical
505.36	593.00	368.42	0.0027143	290.15	451.11	5.1728	0.73929	1.1283	572.46	-0.010380	4.1859e-05	0.059057	supercritical
506.36	593.00	367.72	0.0027195	290.97	452.24	5.1750	0.73950	1.1280	572.68	-0.010469	4.1873e-05	0.059076	supercritical
507.36	593.00	367.03	0.0027246	291.79	453.36	5.1772	0.73972	1.1277	572.89	-0.010559	4.1888e-05	0.059096	supercritical
508.36	593.00	366.34	0.0027297	292.62	454.49	5.1794	0.73994	1.1275	573.10	-0.010648	4.1903e-05	0.059115	supercritical
509.36	593.00	365.65	0.0027349	293.44	455.62	5.1816	0.74015	1.1272	573.32	-0.010738	4.1917e-05	0.059135	supercritical
510.36	593.00	364.96	0.0027400	294.26	456.75	5.1839	0.74037	1.1269	573.53	-0.010827	4.1932e-05	0.059156	supercritical
511.36	593.00	364.28	0.0027451	295.09	457.87	5.1861	0.74059	1.1267	573.75	-0.010917	4.1948e-05	0.059176	supercritical
512.36	593.00	363.60	0.0027503	295.91	459.00	5.1883	0.74081	1.1264	573.96	-0.011006	4.1963e-05	0.059197	supercritical
513.36	593.00	362.93	0.0027554	296.73	460.13	5.1905	0.74103	1.1262	574.18	-0.011096	4.1978e-05	0.059217	supercritical
514.36	593.00	362.25	0.0027605	297.55	461.25	5.1927	0.74125	1.1259	574.40	-0.011185	4.1994e-05	0.059239	supercritical
515.36	593.00	361.58	0.0027656	298.38	462.38	5.1948	0.74147	1.1256	574.62	-0.011274	4.2010e-05	0.059260	supercritical
516.36	593.00	360.91	0.0027707	299.20	463.50	5.1970	0.74169	1.1254	574.83	-0.011364	4.2025e-05	0.059281	supercritical
517.36	593.00	360.25	0.0027759	300.02	464.63	5.1992	0.74191	1.1251	575.05	-0.011453	4.2041e-05	0.059303	supercritical
518.36	593.00	359.59	0.0027810	300.84	465.75	5.2014	0.74213	1.1249	575.27	-0.011542	4.2057e-05	0.059325	supercritical
519.36	593.00	358.93	0.0027861	301.66	466.88	5.2035	0.74235	1.1247	575.49	-0.011632	4.2073e-05	0.059347	supercritical
520.36	593.00	358.27	0.0027912	302.48	468.00	5.2057	0.74257	1.1244	575.71	-0.011721	4.2090e-05	0.059369	supercritical
521.36	593.00	357.61	0.0027963	303.31	469.13	5.2079	0.74280	1.1242	575.93	-0.011810	4.2106e-05	0.059392	supercritical
522.36	593.00	356.96	0.0028014	304.13	470.25	5.2100	0.74302	1.1240	576.15	-0.011899	4.2123e-05	0.059415	supercritical
523.36	593.00	356.31	0.0028065	304.95	471.37	5.2122	0.74324	1.1237	576.37	-0.011988	4.2139e-05	0.059437	supercritical
524.36	593.00	355.67	0.0028116	305.77	472.50	5.2143	0.74347	1.1235	576.60	-0.012077	4.2156e-05	0.059461	supercritical
525.36	593.00	355.02	0.0028167	306.59	473.62	5.2164	0.74369	1.1233	576.82	-0.012166	4.2173e-05	0.059484	supercritical
526.36	593.00	354.38	0.0028218	307.41	474.74	5.2186	0.74392	1.1231	577.04	-0.012255	4.2190e-05	0.059507	supercritical
527.36	593.00	353.74	0.0028269	308.23	475.87	5.2207	0.74414	1.1229	577.27	-0.012344	4.2207e-05	0.059531	supercritical
528.36	593.00	353.10	0.0028320	309.05	476.99	5.2228	0.74437	1.1226	577.49	-0.012433	4.2224e-05	0.059555	supercritical
529.36	593.00	352.47	0.0028371	309.87	478.11	5.2250	0.74459	1.1224	577.71	-0.012522	4.2242e-05	0.059579	supercritical
530.36	593.00	351.84	0.0028422	310.69	479.24	5.2271	0.74482	1.1222	577.94	-0.012611	4.2259e-05	0.059603	supercritical
531.36	593.00	351.21	0.0028473	311.51	480.36	5.2292	0.74504	1.1220	578.16	-0.012700	4.2277e-05	0.059628	supercritical
532.36	593.00	350.58	0.0028524	312.33	481.48	5.2313	0.74527	1.1218	578.39	-0.012788	4.2294e-05	0.059652	supercritical
533.36	593.00	349.96	0.0028575	313.15	482.60	5.2334	0.74550	1.1216	578.62	-0.012877	4.2312e-05	0.059677	supercritical
534.36	593.00	349.34	0.0028626	313.97	483.72	5.2355	0.74572	1.1214	578.84	-0.012965	4.2330e-05	0.059702	supercritical
535.36	593.00	348.72	0.0028677	314.79	484.84	5.2376	0.74595	1.1212	579.07	-0.013054	4.2348e-05	0.059727	supercritical
536.36	593.00	348.10	0.0028727	315.61	485.96	5.2397	0.74618	1.1210	579.30	-0.013142	4.2366e-05	0.059752	supercritical
537.36	593.00	347.49	0.0028778	316.43	487.09	5.2418	0.74641	1.1208	579.52	-0.013231	4.2384e-05	0.059778	supercritical
538.36	593.00	346.87	0.0028829	317.25	488.21	5.2439	0.74664	1.1206	579.75	-0.013319	4.2402e-05	0.059804	supercritical
539.36	593.00	346.26	0.0028880	318.07	489.33	5.2460	0.74687	1.1205	579.98	-0.013407	4.2421e-05	0.059830	supercritical
540.36	593.00	345.66	0.0028930	318.89	490.45	5.2480	0.74710	1.1203	580.21	-0.013495	4.2439e-05	0.059856	supercritical
541.36	593.00	345.05	0.0028981	319.71	491.57	5.2501	0.74732	1.1201	580.44	-0.013584	4.2457e-05	0.059882	supercritical
542.36	593.00	344.45	0.0029032	320.53	492.69	5.2522	0.74755	1.1199	580.67	-0.013672	4.2476e-05	0.059908	supercritical
543.36	593.00	343.85	0.0029083	321.35	493.81	5.2542	0.74778	1.1197	580.90	-0.013759	4.2495e-05	0.059935	supercritical
544.36	593.00	343.25	0.0029133	322.17	494.93	5.2563	0.74801	1.1196	581.13	-0.013847	4.2514e-05	0.059961	supercritical
545.36	593.00	342.65	0.0029184	322.99	496.05	5.2583	0.74824	1.1194	581.36	-0.013935	4.2533e-05	0.059988	supercritical
546.36	593.00	342.06	0.0029235	323.80	497.17	5.2604	0.74848	1.1192	581.59	-0.014023	4.2552e-05	0.060015	supercritical
547.36	593.00	341.47	0.0029285	324.62	498.28	5.2624	0.74871	1.1191	581.82	-0.014110	4.2571e-05	0.060042	supercritical
548.36	593.00	340.88	0.0029336	325.44	499.40	5.2645	0.74894	1.1189	582.05	-0.014198	4.2590e-05	0.060070	supercritical
549.36	593.00	340.29	0.0029386	326.26	500.52	5.2665	0.74917	1.1187	582.29	-0.014285	4.2609e-05	0.060097	supercritical
550.36	593.00	339.71	0.0029437	327.08	501.64	5.2686	0.74940	1.1186	582.52	-0.014373	4.2629e-05	0.060125	supercritical
551.36	593.00	339.13	0.0029488	327.90	502.76	5.2706	0.74963	1.1184	582.75	-0.014460	4.2648e-05	0.060153	supercritical
552.36	593.00	338.55	0.0029538	328.72	503.88	5.2726	0.74986	1.1183	582.98	-0.014547	4.2668e-05	0.060181	supercritical
553.36	593.00	337.97	0.0029589	329.54	505.00	5.2746	0.75010	1.1181	583.22	-0.014634	4.2687e-05	0.060209	supercritical
554.36	593.00	337.39	0.0029639	330.35	506.11	5.2767	0.75033	1.1180	583.45	-0.014721	4.2707e-05	0.060237	supercritical
555.36	593.00	336.82	0.0029690	331.17	507.23	5.2787	0.75056	1.1178	583.68	-0.014808	4.2727e-05	0.060266	supercritical
556.36	593.00	336.25	0.0029740	331.99	508.35	5.2807	0.75079	1.1177	583.92	-0.014895	4.2747e-05	0.060294	supercritical
557.36	593.00	335.68	0.0029791	332.81	509.47	5.2827	0.75103	1.1175	584.15	-0.014982	4.2767e-05	0.060323	supercritical
558.36	593.00	335.11	0.0029841	333.63	510.59	5.2847	0.75126	1.1174	584.39	-0.015068	4.2787e-05	0.060352	supercritical
559.36	593.00	334.54	0.0029891	334.45	511.70	5.2867	0.75149	1.1172	584.62	-0.015155	4.2807e-05	0.060381	supercritical
560.36	593.00	333.98	0.0029942	335.26	512.82	5.2887	0.75172	1.1171	584.86	-0.015241	4.2827e-05	0.060410	supercritical
561.36	593.00	333.42	0.0029992	336.08	513.94	5.2907	0.75196	1.1170	585.09	-0.015328	4.2847e-05	0.060439	supercritical
562.36	593.00	332.86	0.0030043	336.90	515.05	5.2927	0.75219	1.1168	585.33	-0.015414	4.2868e-05	0.060469	supercritical
563.36	593.00	332.30	0.0030093	337.72	516.17	5.2946	0.75242	1.1167	585.57	-0.015500	4.2888e-05	0.060498	supercritical
564.36	593.00	331.75	0.0030143	338.54	517.29	5.2966	0.75266	1.1166	585.80	-0.015586	4.2909e-05	0.060528	supercritical
565.36	593.00	331.20	0.0030194	339.36	518.40	5.2986	0.75289	1.1164	586.04	-0.015672	4.2929e-05	0.060558	supercritical
566.36	593.00	330.65	0.0030244	340.17	519.52	5.3006	0.75313	1.1163	586.28	-0.015758	4.2950e-05	0.060588	supercritical
567.36	593.00	330.10	0.0030294	340.99	520.64	5.3025	0.75336	1.1162	586.51	-0.015843	4.2971e-05	0.060618	supercritical
568.36	593.00	329.55	0.0030344	341.81	521.75	5.3045	0.75359	1.1161	586.75	-0.015929	4.2991e-05	0.060648	supercritical
569.36	593.00	329.01	0.0030395	342.63	522.87	5.3065	0.75383	1.1160	586.99	-0.016015	4.3012e-05	0.060679	supercritical
570.36	593.00	328.46	0.0030445	343.45	523.98	5.3084	0.75406	1.1158	587.23	-0.016100	4.3033e-05	0.060709	supercritical
571.36	593.00	327.92	0.0030495	344.26	525.10	5.3104	0.75430	1.1157	587.47	-0.016185	4.3054e-05	0.060740	supercritical
572.36	593.00	327.38	0.0030545	345.08	526.22	5.3123	0.75453	1.1156	587.70	-0.016270	4.3075e-05	0.060771	supercritical
573.36	593.00	326.85	0.0030595	345.90	527.33	5.3143	0.75476	1.1155	587.94	-0.016355	4.3097e-05	0.060802	supercritical
574.36	593.00	326.31	0.0030646	346.72	528.45	5.3162	0.75500	1.1154	588.18	-0.016440	4.3118e-05	0.060833	supercritical
575.36	593.00	325.78	0.0030696	347.54	529.56	5.3182	0.75523	1.1153	588.42	-0.016525	4.3139e-05	0.060864	supercritical
576.36	593.00	325.25	0.0030746	348.35	530.68	5.3201	0.75547	1.1152	588.66	-0.016610	4.3161e-05	0.060896	supercritical
577.36	593.00	324.72	0.0030796	349.17	531.79	5.3220	0.75570	1.1151	588.90	-0.016694	4.3182e-05	0.060927	supercritical
578.36	593.00	324.19	0.0030846	349.99	532.91	5.3240	0.75594	1.1150	589.14	-0.016779	4.3204e-05	0.060959	supercritical
579.36	593.00	323.66	0.0030896	350.81	534.02	5.3259	0.75617	1.1149	589.38	-0.016863	4.3225e-05	0.060990	supercritical
580.36	593.00	323.14	0.0030946	351.63	535.14	5.3278	0.75641	1.1148	589.62	-0.016948	4.3247e-05	0.061022	supercritical
581.36	593.00	322.62	0.0030996	352.44	536.25	5.3297	0.75664	1.1147	589.86	-0.017032	4.3269e-05	0.061054	supercritical
582.36	593.00	322.10	0.0031046	353.26	537.37	5.3317	0.75688	1.1146	590.10	-0.017116	4.3290e-05	0.061086	supercritical
583.36	593.00	321.58	0.0031096	354.08	538.48	5.3336	0.75711	1.1145	590.34	-0.017200	4.3312e-05	0.061119	supercritical
584.36	593.00	321.06	0.0031147	354.90	539.60	5.3355	0.75735	1.1144	590.59	-0.017283	4.3334e-05	0.061151	supercritical
585.36	593.00	320.55	0.0031197	355.71	540.71	5.3374	0.75758	1.1143	590.83	-0.017367	4.3356e-05	0.061183	supercritical
586.36	593.00	320.04	0.0031246	356.53	541.82	5.3393	0.75782	1.1142	591.07	-0.017451	4.3378e-05	0.061216	supercritical
587.36	593.00	319.53	0.0031296	357.35	542.94	5.3412	0.75805	1.1141	591.31	-0.017534	4.3400e-05	0.061249	supercritical
588.36	593.00	319.02	0.0031346	358.17	544.05	5.3431	0.75829	1.1140	591.55	-0.017617	4.3422e-05	0.061281	supercritical
589.36	593.00	318.51	0.0031396	358.99	545.17	5.3450	0.75852	1.1139	591.80	-0.017700	4.3445e-05	0.061314	supercritical
590.36	593.00	318.00	0.0031446	359.80	546.28	5.3469	0.75876	1.1139	592.04	-0.017783	4.3467e-05	0.061347	supercritical
591.36	593.00	317.50	0.0031496	360.62	547.39	5.3487	0.75899	1.1138	592.28	-0.017866	4.3489e-05	0.061381	supercritical
592.36	593.00	317.00	0.0031546	361.44	548.51	5.3506	0.75923	1.1137	592.52	-0.017949	4.3512e-05	0.061414	supercritical
593.36	593.00	316.50	0.0031596	362.26	549.62	5.3525	0.75946	1.1136	592.77	-0.018032	4.3534e-05	0.061447	supercritical
594.36	593.00	316.00	0.0031646	363.08	550.73	5.3544	0.75970	1.1135	593.01	-0.018114	4.3557e-05	0.061481	supercritical
595.36	593.00	315.50	0.0031696	363.89	551.85	5.3562	0.75993	1.1135	593.25	-0.018197	4.3579e-05	0.061514	supercritical
596.36	593.00	315.01	0.0031745	364.71	552.96	5.3581	0.76017	1.1134	593.50	-0.018279	4.3602e-05	0.061548	supercritical
597.36	593.00	314.51	0.0031795	365.53	554.07	5.3600	0.76040	1.1133	593.74	-0.018361	4.3624e-05	0.061582	supercritical
598.36	593.00	314.02	0.0031845	366.35	555.19	5.3618	0.76064	1.1132	593.98	-0.018443	4.3647e-05	0.061616	supercritical
599.36	593.00	313.53	0.0031895	367.17	556.30	5.3637	0.76087	1.1132	594.23	-0.018525	4.3670e-05	0.061650	supercritical
600.36	593.00	313.04	0.0031945	367.98	557.41	5.3656	0.76110	1.1131	594.47	-0.018607	4.3693e-05	0.061684	supercritical
601.36	593.00	312.56	0.0031994	368.80	558.53	5.3674	0.76134	1.1130	594.72	-0.018688	4.3716e-05	0.061718	supercritical
602.36	593.00	312.07	0.0032044	369.62	559.64	5.3693	0.76157	1.1130	594.96	-0.018770	4.3739e-05	0.061753	supercritical
603.36	593.00	311.59	0.0032094	370.44	560.75	5.3711	0.76181	1.1129	595.21	-0.018851	4.3762e-05	0.061787	supercritical
604.36	593.00	311.10	0.0032144	371.26	561.87	5.3729	0.76204	1.1128	595.45	-0.018933	4.3785e-05	0.061822	supercritical
605.36	593.00	310.62	0.0032193	372.07	562.98	5.3748	0.76228	1.1128	595.70	-0.019014	4.3808e-05	0.061856	supercritical
606.36	593.00	310.15	0.0032243	372.89	564.09	5.3766	0.76251	1.1127	595.94	-0.019095	4.3831e-05	0.061891	supercritical
607.36	593.00	309.67	0.0032293	373.71	565.20	5.3785	0.76274	1.1127	596.19	-0.019176	4.3854e-05	0.061926	supercritical
608.36	593.00	309.19	0.0032342	374.53	566.32	5.3803	0.76298	1.1126	596.43	-0.019256	4.3877e-05	0.061961	supercritical
609.36	593.00	308.72	0.0032392	375.35	567.43	5.3821	0.76321	1.1125	596.68	-0.019337	4.3901e-05	0.061996	supercritical
610.36	593.00	308.25	0.0032441	376.16	568.54	5.3839	0.76345	1.1125	596.92	-0.019417	4.3924e-05	0.062031	supercritical
611.36	593.00	307.78	0.0032491	376.98	569.65	5.3858	0.76368	1.1124	597.17	-0.019498	4.3948e-05	0.062066	supercritical
612.36	593.00	307.31	0.0032541	377.80	570.77	5.3876	0.76391	1.1124	597.41	-0.019578	4.3971e-05	0.062102	supercritical
613.36	593.00	306.84	0.0032590	378.62	571.88	5.3894	0.76415	1.1123	597.66	-0.019658	4.3994e-05	0.062137	supercritical
614.36	593.00	306.37	0.0032640	379.44	572.99	5.3912	0.76438	1.1123	597.91	-0.019738	4.4018e-05	0.062173	supercritical
615.36	593.00	305.91	0.0032689	380.26	574.10	5.3930	0.76461	1.1122	598.15	-0.019818	4.4042e-05	0.062208	supercritical
616.36	593.00	305.45	0.0032739	381.07	575.22	5.3948	0.76485	1.1122	598.40	-0.019897	4.4065e-05	0.062244	supercritical
617.36	593.00	304.99	0.0032788	381.89	576.33	5.3966	0.76508	1.1121	598.65	-0.019977	4.4089e-05	0.062280	supercritical
618.36	593.00	304.53	0.0032838	382.71	577.44	5.3984	0.76531	1.1121	598.89	-0.020056	4.4113e-05	0.062316	supercritical
619.36	593.00	304.07	0.0032887	383.53	578.55	5.4002	0.76555	1.1121	599.14	-0.020136	4.4136e-05	0.062352	supercritical
620.36	593.00	303.61	0.0032937	384.35	579.66	5.4020	0.76578	1.1120	599.39	-0.020215	4.4160e-05	0.062388	supercritical
621.36	593.00	303.16	0.0032986	385.17	580.78	5.4038	0.76601	1.1120	599.63	-0.020294	4.4184e-05	0.062424	supercritical
622.36	593.00	302.70	0.0033036	385.99	581.89	5.4056	0.76624	1.1119	599.88	-0.020372	4.4208e-05	0.062460	supercritical
623.36	593.00	302.25	0.0033085	386.81	583.00	5.4074	0.76648	1.1119	600.13	-0.020451	4.4232e-05	0.062497	supercritical
624.36	593.00	301.80	0.0033135	387.62	584.11	5.4092	0.76671	1.1119	600.38	-0.020530	4.4256e-05	0.062533	supercritical
625.36	593.00	301.35	0.0033184	388.44	585.22	5.4109	0.76694	1.1118	600.62	-0.020608	4.4280e-05	0.062570	supercritical
626.36	593.00	300.90	0.0033233	389.26	586.34	5.4127	0.76717	1.1118	600.87	-0.020687	4.4304e-05	0.062606	supercritical
627.36	593.00	300.46	0.0033283	390.08	587.45	5.4145	0.76741	1.1117	601.12	-0.020765	4.4328e-05	0.062643	supercritical
628.36	593.00	300.01	0.0033332	390.90	588.56	5.4163	0.76764	1.1117	601.37	-0.020843	4.4352e-05	0.062680	supercritical
629.36	593.00	299.57	0.0033382	391.72	589.67	5.4180	0.76787	1.1117	601.61	-0.020921	4.4376e-05	0.062717	supercritical
630.36	593.00	299.12	0.0033431	392.54	590.78	5.4198	0.76810	1.1116	601.86	-0.020998	4.4401e-05	0.062754	supercritical
631.36	593.00	298.68	0.0033480	393.36	591.89	5.4216	0.76833	1.1116	602.11	-0.021076	4.4425e-05	0.062791	supercritical
632.36	593.00	298.24	0.0033529	394.18	593.01	5.4233	0.76856	1.1116	602.36	-0.021153	4.4449e-05	0.062828	supercritical
633.36	593.00	297.81	0.0033579	395.00	594.12	5.4251	0.76879	1.1116	602.61	-0.021231	4.4474e-05	0.062865	supercritical
634.36	593.00	297.37	0.0033628	395.81	595.23	5.4268	0.76902	1.1115	602.86	-0.021308	4.4498e-05	0.062902	supercritical
635.36	593.00	296.94	0.0033677	396.63	596.34	5.4286	0.76926	1.1115	603.10	-0.021385	4.4522e-05	0.062940	supercritical
636.36	593.00	296.50	0.0033727	397.45	597.45	5.4303	0.76949	1.1115	603.35	-0.021462	4.4547e-05	0.062977	supercritical
637.36	593.00	296.07	0.0033776	398.27	598.56	5.4321	0.76972	1.1115	603.60	-0.021539	4.4571e-05	0.063015	supercritical
638.36	593.00	295.64	0.0033825	399.09	599.68	5.4338	0.76995	1.1114	603.85	-0.021616	4.4596e-05	0.063052	supercritical
639.36	593.00	295.21	0.0033874	399.91	600.79	5.4356	0.77018	1.1114	604.10	-0.021692	4.4621e-05	0.063090	supercritical
640.36	593.00	294.78	0.0033923	400.73	601.90	5.4373	0.77041	1.1114	604.35	-0.021768	4.4645e-05	0.063128	supercritical
641.36	593.00	294.35	0.0033973	401.55	603.01	5.4390	0.77064	1.1114	604.60	-0.021845	4.4670e-05	0.063166	supercritical
642.36	593.00	293.93	0.0034022	402.37	604.12	5.4408	0.77087	1.1114	604.85	-0.021921	4.4695e-05	0.063203	supercritical
643.36	593.00	293.50	0.0034071	403.19	605.23	5.4425	0.77110	1.1113	605.10	-0.021997	4.4719e-05	0.063241	supercritical
644.36	593.00	293.08	0.0034120	404.01	606.34	5.4442	0.77132	1.1113	605.34	-0.022073	4.4744e-05	0.063280	supercritical
645.36	593.00	292.66	0.0034169	404.83	607.45	5.4459	0.77155	1.1113	605.59	-0.022148	4.4769e-05	0.063318	supercritical
646.36	593.00	292.24	0.0034218	405.65	608.57	5.4477	0.77178	1.1113	605.84	-0.022224	4.4794e-05	0.063356	supercritical
647.36	593.00	291.82	0.0034268	406.47	609.68	5.4494	0.77201	1.1113	606.09	-0.022299	4.4818e-05	0.063394	supercritical
648.36	593.00	291.40	0.0034317	407.29	610.79	5.4511	0.77224	1.1113	606.34	-0.022374	4.4843e-05	0.063433	supercritical
649.36	593.00	290.99	0.0034366	408.11	611.90	5.4528	0.77247	1.1112	606.59	-0.022450	4.4868e-05	0.063471	supercritical
650.36	593.00	290.57	0.0034415	408.93	613.01	5.4545	0.77269	1.1112	606.84	-0.022525	4.4893e-05	0.063510	supercritical
651.36	593.00	290.16	0.0034464	409.75	614.12	5.4562	0.77292	1.1112	607.09	-0.022599	4.4918e-05	0.063548	supercritical
652.36	593.00	289.75	0.0034513	410.57	615.23	5.4579	0.77315	1.1112	607.34	-0.022674	4.4943e-05	0.063587	supercritical
653.36	593.00	289.34	0.0034562	411.39	616.34	5.4596	0.77338	1.1112	607.59	-0.022749	4.4968e-05	0.063626	supercritical
654.36	593.00	288.93	0.0034611	412.21	617.46	5.4613	0.77360	1.1112	607.84	-0.022823	4.4993e-05	0.063664	supercritical
655.36	593.00	288.52	0.0034660	413.03	618.57	5.4630	0.77383	1.1112	608.09	-0.022897	4.5019e-05	0.063703	supercritical
656.36	593.00	288.11	0.0034709	413.85	619.68	5.4647	0.77406	1.1112	608.34	-0.022972	4.5044e-05	0.063742	supercritical
657.36	593.00	287.70	0.0034758	414.67	620.79	5.4664	0.77429	1.1112	608.59	-0.023046	4.5069e-05	0.063781	supercritical
658.36	593.00	287.30	0.0034807	415.50	621.90	5.4681	0.77451	1.1112	608.84	-0.023120	4.5094e-05	0.063820	supercritical
659.36	593.00	286.90	0.0034856	416.32	623.01	5.4698	0.77474	1.1112	609.09	-0.023193	4.5119e-05	0.063859	supercritical
660.36	593.00	286.49	0.0034905	417.14	624.12	5.4715	0.77496	1.1112	609.34	-0.023267	4.5145e-05	0.063899	supercritical
661.36	593.00	286.09	0.0034954	417.96	625.23	5.4731	0.77519	1.1112	609.59	-0.023340	4.5170e-05	0.063938	supercritical
662.36	593.00	285.69	0.0035003	418.78	626.35	5.4748	0.77541	1.1112	609.84	-0.023414	4.5195e-05	0.063977	supercritical
663.36	593.00	285.29	0.0035052	419.60	627.46	5.4765	0.77564	1.1112	610.09	-0.023487	4.5221e-05	0.064017	supercritical
664.36	593.00	284.90	0.0035101	420.42	628.57	5.4782	0.77587	1.1112	610.34	-0.023560	4.5246e-05	0.064056	supercritical
665.36	593.00	284.50	0.0035149	421.24	629.68	5.4798	0.77609	1.1112	610.59	-0.023633	4.5271e-05	0.064096	supercritical
666.36	593.00	284.10	0.0035198	422.06	630.79	5.4815	0.77631	1.1112	610.85	-0.023706	4.5297e-05	0.064135	supercritical
667.36	593.00	283.71	0.0035247	422.89	631.90	5.4832	0.77654	1.1112	611.10	-0.023778	4.5322e-05	0.064175	supercritical
668.36	593.00	283.32	0.0035296	423.71	633.01	5.4848	0.77676	1.1112	611.35	-0.023851	4.5348e-05	0.064215	supercritical
669.36	593.00	282.93	0.0035345	424.53	634.12	5.4865	0.77699	1.1112	611.60	-0.023923	4.5373e-05	0.064255	supercritical
670.36	593.00	282.54	0.0035394	425.35	635.23	5.4882	0.77721	1.1112	611.85	-0.023995	4.5399e-05	0.064294	supercritical
671.36	593.00	282.15	0.0035442	426.17	636.35	5.4898	0.77743	1.1112	612.10	-0.024068	4.5424e-05	0.064334	supercritical
672.36	593.00	281.76	0.0035491	426.99	637.46	5.4915	0.77766	1.1112	612.35	-0.024139	4.5450e-05	0.064374	supercritical
673.36	593.00	281.37	0.0035540	427.82	638.57	5.4931	0.77788	1.1112	612.60	-0.024211	4.5476e-05	0.064414	supercritical
674.36	593.00	280.99	0.0035589	428.64	639.68	5.4948	0.77810	1.1112	612.85	-0.024283	4.5501e-05	0.064455	supercritical
675.36	593.00	280.60	0.0035638	429.46	640.79	5.4964	0.77833	1.1112	613.10	-0.024354	4.5527e-05	0.064495	supercritical
676.36	593.00	280.22	0.0035686	430.28	641.90	5.4981	0.77855	1.1112	613.35	-0.024426	4.5553e-05	0.064535	supercritical
677.36	593.00	279.84	0.0035735	431.10	643.01	5.4997	0.77877	1.1112	613.60	-0.024497	4.5578e-05	0.064575	supercritical
678.36	593.00	279.46	0.0035784	431.93	644.12	5.5013	0.77899	1.1112	613.86	-0.024568	4.5604e-05	0.064616	supercritical
679.36	593.00	279.08	0.0035833	432.75	645.24	5.5030	0.77921	1.1113	614.11	-0.024639	4.5630e-05	0.064656	supercritical
680.36	593.00	278.70	0.0035881	433.57	646.35	5.5046	0.77943	1.1113	614.36	-0.024710	4.5656e-05	0.064696	supercritical
681.36	593.00	278.32	0.0035930	434.39	647.46	5.5062	0.77966	1.1113	614.61	-0.024781	4.5682e-05	0.064737	supercritical
682.36	593.00	277.94	0.0035979	435.22	648.57	5.5079	0.77988	1.1113	614.86	-0.024851	4.5707e-05	0.064778	supercritical
683.36	593.00	277.57	0.0036027	436.04	649.68	5.5095	0.78010	1.1113	615.11	-0.024922	4.5733e-05	0.064818	supercritical
684.36	593.00	277.19	0.0036076	436.86	650.79	5.5111	0.78032	1.1113	615.36	-0.024992	4.5759e-05	0.064859	supercritical
685.36	593.00	276.82	0.0036125	437.68	651.90	5.5128	0.78054	1.1113	615.61	-0.025062	4.5785e-05	0.064900	supercritical
686.36	593.00	276.45	0.0036173	438.51	653.01	5.5144	0.78076	1.1113	615.86	-0.025132	4.5811e-05	0.064940	supercritical
687.36	593.00	276.08	0.0036222	439.33	654.13	5.5160	0.78098	1.1114	616.12	-0.025202	4.5837e-05	0.064981	supercritical
688.36	593.00	275.71	0.0036271	440.15	655.24	5.5176	0.78120	1.1114	616.37	-0.025272	4.5863e-05	0.065022	supercritical
689.36	593.00	275.34	0.0036319	440.98	656.35	5.5192	0.78141	1.1114	616.62	-0.025342	4.5889e-05	0.065063	supercritical
690.36	593.00	274.97	0.0036368	441.80	657.46	5.5208	0.78163	1.1114	616.87	-0.025411	4.5915e-05	0.065104	supercritical
691.36	593.00	274.60	0.0036416	442.62	658.57	5.5224	0.78185	1.1114	617.12	-0.025481	4.5941e-05	0.065145	supercritical
692.36	593.00	274.24	0.0036465	443.45	659.68	5.5240	0.78207	1.1115	617.37	-0.025550	4.5967e-05	0.065186	supercritical
693.36	593.00	273.87	0.0036513	444.27	660.79	5.5257	0.78229	1.1115	617.62	-0.025619	4.5993e-05	0.065228	supercritical
694.36	593.00	273.51	0.0036562	445.09	661.91	5.5273	0.78251	1.1115	617.88	-0.025688	4.6019e-05	0.065269	supercritical
695.36	593.00	273.15	0.0036611	445.92	663.02	5.5289	0.78272	1.1115	618.13	-0.025757	4.6046e-05	0.065310	supercritical
696.36	593.00	272.78	0.0036659	446.74	664.13	5.5305	0.78294	1.1115	618.38	-0.025825	4.6072e-05	0.065351	supercritical
697.36	593.00	272.42	0.0036708	447.56	665.24	5.5320	0.78316	1.1116	618.63	-0.025894	4.6098e-05	0.065393	supercritical
698.36	593.00	272.06	0.0036756	448.39	666.35	5.5336	0.78337	1.1116	618.88	-0.025962	4.6124e-05	0.065434	supercritical
699.36	593.00	271.71	0.0036805	449.21	667.46	5.5352	0.78359	1.1116	619.13	-0.026031	4.6150e-05	0.065476	supercritical
700.36	593.00	271.35	0.0036853	450.04	668.58	5.5368	0.78381	1.1116	619.38	-0.026099	4.6177e-05	0.065517	supercritical
701.36	593.00	270.99	0.0036902	450.86	669.69	5.5384	0.78402	1.1116	619.64	-0.026167	4.6203e-05	0.065559	supercritical
702.36	593.00	270.64	0.0036950	451.69	670.80	5.5400	0.78424	1.1117	619.89	-0.026235	4.6229e-05	0.065600	supercritical
703.36	593.00	270.28	0.0036998	452.51	671.91	5.5416	0.78445	1.1117	620.14	-0.026302	4.6255e-05	0.065642	supercritical
704.36	593.00	269.93	0.0037047	453.33	673.02	5.5431	0.78467	1.1117	620.39	-0.026370	4.6282e-05	0.065684	supercritical
705.36	593.00	269.58	0.0037095	454.16	674.13	5.5447	0.78488	1.1117	620.64	-0.026437	4.6308e-05	0.065726	supercritical
706.36	593.00	269.22	0.0037144	454.98	675.25	5.5463	0.78510	1.1118	620.89	-0.026505	4.6334e-05	0.065768	supercritical
707.36	593.00	268.87	0.0037192	455.81	676.36	5.5479	0.78531	1.1118	621.15	-0.026572	4.6361e-05	0.065809	supercritical
708.36	593.00	268.52	0.0037241	456.63	677.47	5.5494	0.78553	1.1118	621.40	-0.026639	4.6387e-05	0.065851	supercritical
709.36	593.00	268.18	0.0037289	457.46	678.58	5.5510	0.78574	1.1119	621.65	-0.026706	4.6414e-05	0.065893	supercritical
710.36	593.00	267.83	0.0037337	458.28	679.69	5.5526	0.78595	1.1119	621.90	-0.026773	4.6440e-05	0.065935	supercritical
711.36	593.00	267.48	0.0037386	459.11	680.80	5.5541	0.78617	1.1119	622.15	-0.026840	4.6466e-05	0.065977	supercritical
712.36	593.00	267.14	0.0037434	459.93	681.92	5.5557	0.78638	1.1119	622.40	-0.026906	4.6493e-05	0.066020	supercritical
713.36	593.00	266.79	0.0037482	460.76	683.03	5.5573	0.78659	1.1120	622.66	-0.026973	4.6519e-05	0.066062	supercritical
714.36	593.00	266.45	0.0037531	461.58	684.14	5.5588	0.78680	1.1120	622.91	-0.027039	4.6546e-05	0.066104	supercritical
715.36	593.00	266.11	0.0037579	462.41	685.25	5.5604	0.78702	1.1120	623.16	-0.027105	4.6572e-05	0.066146	supercritical
716.36	593.00	265.76	0.0037627	463.23	686.36	5.5619	0.78723	1.1121	623.41	-0.027171	4.6599e-05	0.066188	supercritical
717.36	593.00	265.42	0.0037676	464.06	687.48	5.5635	0.78744	1.1121	623.66	-0.027237	4.6625e-05	0.066231	supercritical
718.36	593.00	265.08	0.0037724	464.89	688.59	5.5650	0.78765	1.1121	623.91	-0.027303	4.6652e-05	0.066273	supercritical
719.36	593.00	264.74	0.0037772	465.71	689.70	5.5666	0.78786	1.1122	624.17	-0.027368	4.6679e-05	0.066316	supercritical
720.36	593.00	264.41	0.0037820	466.54	690.81	5.5681	0.78807	1.1122	624.42	-0.027434	4.6705e-05	0.066358	supercritical
721.36	593.00	264.07	0.0037869	467.36	691.93	5.5697	0.78828	1.1122	624.67	-0.027499	4.6732e-05	0.066401	supercritical
722.36	593.00	263.73	0.0037917	468.19	693.04	5.5712	0.78849	1.1123	624.92	-0.027564	4.6758e-05	0.066443	supercritical
723.36	593.00	263.40	0.0037965	469.02	694.15	5.5727	0.78870	1.1123	625.17	-0.027630	4.6785e-05	0.066486	supercritical
724.36	593.00	263.06	0.0038013	469.84	695.26	5.5743	0.78891	1.1123	625.42	-0.027695	4.6812e-05	0.066528	supercritical
725.36	593.00	262.73	0.0038062	470.67	696.37	5.5758	0.78912	1.1124	625.67	-0.027759	4.6838e-05	0.066571	supercritical
726.36	593.00	262.40	0.0038110	471.50	697.49	5.5774	0.78933	1.1124	625.93	-0.027824	4.6865e-05	0.066614	supercritical
727.36	593.00	262.07	0.0038158	472.32	698.60	5.5789	0.78954	1.1124	626.18	-0.027889	4.6892e-05	0.066657	supercritical
728.36	593.00	261.74	0.0038206	473.15	699.71	5.5804	0.78974	1.1125	626.43	-0.027953	4.6918e-05	0.066699	supercritical
729.36	593.00	261.41	0.0038254	473.98	700.82	5.5819	0.78995	1.1125	626.68	-0.028018	4.6945e-05	0.066742	supercritical
730.36	593.00	261.08	0.0038303	474.80	701.94	5.5835	0.79016	1.1126	626.93	-0.028082	4.6972e-05	0.066785	supercritical
731.36	593.00	260.75	0.0038351	475.63	703.05	5.5850	0.79037	1.1126	627.18	-0.028146	4.6999e-05	0.066828	supercritical
732.36	593.00	260.42	0.0038399	476.46	704.16	5.5865	0.79057	1.1126	627.44	-0.028210	4.7025e-05	0.066871	supercritical
733.36	593.00	260.10	0.0038447	477.28	705.27	5.5880	0.79078	1.1127	627.69	-0.028274	4.7052e-05	0.066914	supercritical
734.36	593.00	259.77	0.0038495	478.11	706.39	5.5895	0.79099	1.1127	627.94	-0.028337	4.7079e-05	0.066957	supercritical
735.36	593.00	259.45	0.0038543	478.94	707.50	5.5911	0.79119	1.1128	628.19	-0.028401	4.7106e-05	0.067000	supercritical
736.36	593.00	259.12	0.0038591	479.77	708.61	5.5926	0.79140	1.1128	628.44	-0.028465	4.7133e-05	0.067043	supercritical
737.36	593.00	258.80	0.0038640	480.59	709.73	5.5941	0.79161	1.1128	628.69	-0.028528	4.7160e-05	0.067086	supercritical
738.36	593.00	258.48	0.0038688	481.42	710.84	5.5956	0.79181	1.1129	628.94	-0.028591	4.7186e-05	0.067130	supercritical
739.36	593.00	258.16	0.0038736	482.25	711.95	5.5971	0.79202	1.1129	629.20	-0.028654	4.7213e-05	0.067173	supercritical
740.36	593.00	257.84	0.0038784	483.08	713.06	5.5986	0.79222	1.1130	629.45	-0.028717	4.7240e-05	0.067216	supercritical
741.36	593.00	257.52	0.0038832	483.90	714.18	5.6001	0.79242	1.1130	629.70	-0.028780	4.7267e-05	0.067259	supercritical
742.36	593.00	257.20	0.0038880	484.73	715.29	5.6016	0.79263	1.1130	629.95	-0.028843	4.7294e-05	0.067303	supercritical
743.36	593.00	256.88	0.0038928	485.56	716.40	5.6031	0.79283	1.1131	630.20	-0.028905	4.7321e-05	0.067346	supercritical
744.36	593.00	256.57	0.0038976	486.39	717.52	5.6046	0.79304	1.1131	630.45	-0.028968	4.7348e-05	0.067390	supercritical
745.36	593.00	256.25	0.0039024	487.22	718.63	5.6061	0.79324	1.1132	630.70	-0.029030	4.7375e-05	0.067433	supercritical
746.36	593.00	255.94	0.0039072	488.05	719.74	5.6076	0.79344	1.1132	630.96	-0.029092	4.7402e-05	0.067477	supercritical
747.36	593.00	255.62	0.0039120	488.87	720.86	5.6091	0.79364	1.1133	631.21	-0.029154	4.7429e-05	0.067520	supercritical
748.36	593.00	255.31	0.0039168	489.70	721.97	5.6106	0.79385	1.1133	631.46	-0.029216	4.7456e-05	0.067564	supercritical
749.36	593.00	255.00	0.0039216	490.53	723.08	5.6120	0.79405	1.1133	631.71	-0.029278	4.7483e-05	0.067607	supercritical
750.36	593.00	254.69	0.0039264	491.36	724.20	5.6135	0.79425	1.1134	631.96	-0.029340	4.7510e-05	0.067651	supercritical
751.36	593.00	254.38	0.0039312	492.19	725.31	5.6150	0.79445	1.1134	632.21	-0.029401	4.7537e-05	0.067695	supercritical
752.36	593.00	254.07	0.0039360	493.02	726.42	5.6165	0.79465	1.1135	632.46	-0.029463	4.7564e-05	0.067738	supercritical
753.36	593.00	253.76	0.0039408	493.85	727.54	5.6180	0.79485	1.1135	632.71	-0.029524	4.7591e-05	0.067782	supercritical
754.36	593.00	253.45	0.0039456	494.68	728.65	5.6194	0.79505	1.1136	632.96	-0.029585	4.7618e-05	0.067826	supercritical
755.36	593.00	253.14	0.0039504	495.51	729.76	5.6209	0.79525	1.1136	633.22	-0.029647	4.7645e-05	0.067870	supercritical
756.36	593.00	252.83	0.0039552	496.34	730.88	5.6224	0.79545	1.1137	633.47	-0.029708	4.7672e-05	0.067913	supercritical
757.36	593.00	252.53	0.0039600	497.17	731.99	5.6239	0.79565	1.1137	633.72	-0.029768	4.7699e-05	0.067957	supercritical
758.36	593.00	252.22	0.0039648	497.99	733.10	5.6253	0.79585	1.1138	633.97	-0.029829	4.7726e-05	0.068001	supercritical
759.36	593.00	251.92	0.0039695	498.82	734.22	5.6268	0.79605	1.1138	634.22	-0.029890	4.7753e-05	0.068045	supercritical
760.36	593.00	251.61	0.0039743	499.65	735.33	5.6283	0.79625	1.1138	634.47	-0.029950	4.7780e-05	0.068089	supercritical
761.36	593.00	251.31	0.0039791	500.48	736.45	5.6297	0.79645	1.1139	634.72	-0.030011	4.7807e-05	0.068133	supercritical
762.36	593.00	251.01	0.0039839	501.31	737.56	5.6312	0.79665	1.1139	634.97	-0.030071	4.7834e-05	0.068177	supercritical
763.36	593.00	250.71	0.0039887	502.14	738.67	5.6327	0.79685	1.1140	635.22	-0.030131	4.7861e-05	0.068221	supercritical
764.36	593.00	250.41	0.0039935	502.98	739.79	5.6341	0.79704	1.1140	635.47	-0.030191	4.7889e-05	0.068265	supercritical
765.36	593.00	250.11	0.0039983	503.81	740.90	5.6356	0.79724	1.1141	635.73	-0.030251	4.7916e-05	0.068310	supercritical
766.36	593.00	249.81	0.0040030	504.64	742.02	5.6370	0.79744	1.1141	635.98	-0.030311	4.7943e-05	0.068354	supercritical
767.36	593.00	249.51	0.0040078	505.47	743.13	5.6385	0.79763	1.1142	636.23	-0.030370	4.7970e-05	0.068398	supercritical
768.36	593.00	249.21	0.0040126	506.30	744.24	5.6399	0.79783	1.1142	636.48	-0.030430	4.7997e-05	0.068442	supercritical
769.36	593.00	248.92	0.0040174	507.13	745.36	5.6414	0.79803	1.1143	636.73	-0.030489	4.8024e-05	0.068486	supercritical
770.36	593.00	248.62	0.0040222	507.96	746.47	5.6428	0.79822	1.1143	636.98	-0.030549	4.8052e-05	0.068531	supercritical
771.36	593.00	248.33	0.0040269	508.79	747.59	5.6443	0.79842	1.1144	637.23	-0.030608	4.8079e-05	0.068575	supercritical
772.36	593.00	248.03	0.0040317	509.62	748.70	5.6457	0.79861	1.1144	637.48	-0.030667	4.8106e-05	0.068619	supercritical
773.36	593.00	247.74	0.0040365	510.45	749.82	5.6472	0.79881	1.1145	637.73	-0.030726	4.8133e-05	0.068664	supercritical
774.36	593.00	247.45	0.0040413	511.28	750.93	5.6486	0.79900	1.1145	637.98	-0.030785	4.8160e-05	0.068708	supercritical
775.36	593.00	247.15	0.0040461	512.11	752.05	5.6500	0.79919	1.1146	638.23	-0.030843	4.8188e-05	0.068753	supercritical
776.36	593.00	246.86	0.0040508	512.95	753.16	5.6515	0.79939	1.1146	638.48	-0.030902	4.8215e-05	0.068797	supercritical
777.36	593.00	246.57	0.0040556	513.78	754.27	5.6529	0.79958	1.1147	638.73	-0.030961	4.8242e-05	0.068842	supercritical
778.36	593.00	246.28	0.0040604	514.61	755.39	5.6543	0.79978	1.1148	638.98	-0.031019	4.8269e-05	0.068886	supercritical
779.36	593.00	245.99	0.0040651	515.44	756.50	5.6558	0.79997	1.1148	639.23	-0.031077	4.8297e-05	0.068931	supercritical
780.36	593.00	245.71	0.0040699	516.27	757.62	5.6572	0.80016	1.1149	639.48	-0.031135	4.8324e-05	0.068975	supercritical
781.36	593.00	245.42	0.0040747	517.11	758.73	5.6586	0.80035	1.1149	639.73	-0.031193	4.8351e-05	0.069020	supercritical
782.36	593.00	245.13	0.0040795	517.94	759.85	5.6601	0.80055	1.1150	639.98	-0.031251	4.8378e-05	0.069064	supercritical
783.36	593.00	244.84	0.0040842	518.77	760.96	5.6615	0.80074	1.1150	640.23	-0.031309	4.8406e-05	0.069109	supercritical
784.36	593.00	244.56	0.0040890	519.60	762.08	5.6629	0.80093	1.1151	640.48	-0.031367	4.8433e-05	0.069154	supercritical
785.36	593.00	244.27	0.0040938	520.43	763.19	5.6643	0.80112	1.1151	640.73	-0.031424	4.8460e-05	0.069199	supercritical
786.36	593.00	243.99	0.0040985	521.27	764.31	5.6657	0.80131	1.1152	640.98	-0.031482	4.8488e-05	0.069243	supercritical
787.36	593.00	243.71	0.0041033	522.10	765.42	5.6672	0.80150	1.1152	641.23	-0.031539	4.8515e-05	0.069288	supercritical
788.36	593.00	243.42	0.0041081	522.93	766.54	5.6686	0.80169	1.1153	641.48	-0.031596	4.8542e-05	0.069333	supercritical
789.36	593.00	243.14	0.0041128	523.77	767.66	5.6700	0.80188	1.1153	641.73	-0.031653	4.8570e-05	0.069378	supercritical
790.36	593.00	242.86	0.0041176	524.60	768.77	5.6714	0.80207	1.1154	641.98	-0.031710	4.8597e-05	0.069423	supercritical
791.36	593.00	242.58	0.0041223	525.43	769.89	5.6728	0.80226	1.1155	642.23	-0.031767	4.8624e-05	0.069467	supercritical
792.36	593.00	242.30	0.0041271	526.26	771.00	5.6742	0.80245	1.1155	642.48	-0.031824	4.8652e-05	0.069512	supercritical
793.36	593.00	242.02	0.0041319	527.10	772.12	5.6756	0.80264	1.1156	642.73	-0.031881	4.8679e-05	0.069557	supercritical
794.36	593.00	241.74	0.0041366	527.93	773.23	5.6770	0.80283	1.1156	642.98	-0.031937	4.8706e-05	0.069602	supercritical
795.36	593.00	241.47	0.0041414	528.76	774.35	5.6784	0.80301	1.1157	643.23	-0.031994	4.8734e-05	0.069647	supercritical
796.36	593.00	241.19	0.0041461	529.60	775.46	5.6798	0.80320	1.1157	643.48	-0.032050	4.8761e-05	0.069692	supercritical
797.36	593.00	240.91	0.0041509	530.43	776.58	5.6812	0.80339	1.1158	643.73	-0.032106	4.8789e-05	0.069737	supercritical
798.36	593.00	240.64	0.0041557	531.27	777.70	5.6826	0.80358	1.1158	643.98	-0.032162	4.8816e-05	0.069782	supercritical
799.36	593.00	240.36	0.0041604	532.10	778.81	5.6840	0.80376	1.1159	644.23	-0.032218	4.8843e-05	0.069827	supercritical
800.36	593.00	240.09	0.0041652	532.93	779.93	5.6854	0.80395	1.1160	644.48	-0.032274	4.8871e-05	0.069873	supercritical
801.36	593.00	239.81	0.0041699	533.77	781.04	5.6868	0.80414	1.1160	644.73	-0.032330	4.8898e-05	0.069918	supercritical
802.36	593.00	239.54	0.0041747	534.60	782.16	5.6882	0.80432	1.1161	644.98	-0.032386	4.8926e-05	0.069963	supercritical
803.36	593.00	239.27	0.0041794	535.44	783.28	5.6896	0.80451	1.1161	645.23	-0.032441	4.8953e-05	0.070008	supercritical
804.36	593.00	239.00	0.0041842	536.27	784.39	5.6910	0.80469	1.1162	645.48	-0.032497	4.8980e-05	0.070053	supercritical
805.36	593.00	238.72	0.0041889	537.10	785.51	5.6924	0.80488	1.1162	645.73	-0.032552	4.9008e-05	0.070098	supercritical
806.36	593.00	238.45	0.0041937	537.94	786.62	5.6938	0.80506	1.1163	645.98	-0.032607	4.9035e-05	0.070144	supercritical
807.36	593.00	238.18	0.0041984	538.77	787.74	5.6951	0.80525	1.1164	646.23	-0.032662	4.9063e-05	0.070189	supercritical
808.36	593.00	237.92	0.0042032	539.61	788.86	5.6965	0.80543	1.1164	646.48	-0.032717	4.9090e-05	0.070234	supercritical
809.36	593.00	237.65	0.0042079	540.44	789.97	5.6979	0.80561	1.1165	646.73	-0.032772	4.9118e-05	0.070280	supercritical
810.36	593.00	237.38	0.0042127	541.28	791.09	5.6993	0.80580	1.1165	646.98	-0.032827	4.9145e-05	0.070325	supercritical
811.36	593.00	237.11	0.0042174	542.11	792.21	5.7007	0.80598	1.1166	647.22	-0.032882	4.9173e-05	0.070370	supercritical
812.36	593.00	236.85	0.0042222	542.95	793.32	5.7020	0.80616	1.1166	647.47	-0.032936	4.9200e-05	0.070416	supercritical
813.36	593.00	236.58	0.0042269	543.78	794.44	5.7034	0.80635	1.1167	647.72	-0.032991	4.9228e-05	0.070461	supercritical
814.36	593.00	236.32	0.0042316	544.62	795.56	5.7048	0.80653	1.1168	647.97	-0.033045	4.9255e-05	0.070507	supercritical
815.36	593.00	236.05	0.0042364	545.46	796.67	5.7062	0.80671	1.1168	648.22	-0.033099	4.9283e-05	0.070552	supercritical
816.36	593.00	235.79	0.0042411	546.29	797.79	5.7075	0.80689	1.1169	648.47	-0.033153	4.9310e-05	0.070598	supercritical
817.36	593.00	235.52	0.0042459	547.13	798.91	5.7089	0.80707	1.1169	648.72	-0.033207	4.9338e-05	0.070643	supercritical
818.36	593.00	235.26	0.0042506	547.96	800.02	5.7103	0.80726	1.1170	648.97	-0.033261	4.9365e-05	0.070689	supercritical
819.36	593.00	235.00	0.0042553	548.80	801.14	5.7116	0.80744	1.1171	649.22	-0.033315	4.9392e-05	0.070734	supercritical
820.36	593.00	234.74	0.0042601	549.63	802.26	5.7130	0.80762	1.1171	649.46	-0.033369	4.9420e-05	0.070780	supercritical
821.36	593.00	234.48	0.0042648	550.47	803.38	5.7143	0.80780	1.1172	649.71	-0.033423	4.9448e-05	0.070825	supercritical
822.36	593.00	234.22	0.0042696	551.31	804.49	5.7157	0.80798	1.1172	649.96	-0.033476	4.9475e-05	0.070871	supercritical
823.36	593.00	233.96	0.0042743	552.14	805.61	5.7171	0.80816	1.1173	650.21	-0.033529	4.9503e-05	0.070916	supercritical
824.36	593.00	233.70	0.0042790	552.98	806.73	5.7184	0.80834	1.1174	650.46	-0.033583	4.9530e-05	0.070962	supercritical
825.36	593.00	233.44	0.0042838	553.82	807.84	5.7198	0.80851	1.1174	650.71	-0.033636	4.9558e-05	0.071008	supercritical
826.36	593.00	233.18	0.0042885	554.65	808.96	5.7211	0.80869	1.1175	650.95	-0.033689	4.9585e-05	0.071053	supercritical
827.36	593.00	232.92	0.0042932	555.49	810.08	5.7225	0.80887	1.1175	651.20	-0.033742	4.9613e-05	0.071099	supercritical
828.36	593.00	232.67	0.0042980	556.33	811.20	5.7238	0.80905	1.1176	651.45	-0.033795	4.9640e-05	0.071145	supercritical
829.36	593.00	232.41	0.0043027	557.16	812.31	5.7252	0.80923	1.1177	651.70	-0.033848	4.9668e-05	0.071191	supercritical
830.36	593.00	232.16	0.0043074	558.00	813.43	5.7265	0.80941	1.1177	651.95	-0.033900	4.9695e-05	0.071236	supercritical
831.36	593.00	231.90	0.0043122	558.84	814.55	5.7279	0.80958	1.1178	652.20	-0.033953	4.9723e-05	0.071282	supercritical
832.36	593.00	231.65	0.0043169	559.68	815.67	5.7292	0.80976	1.1179	652.44	-0.034005	4.9750e-05	0.071328	supercritical
833.36	593.00	231.39	0.0043216	560.51	816.79	5.7306	0.80994	1.1179	652.69	-0.034058	4.9778e-05	0.071374	supercritical
834.36	593.00	231.14	0.0043264	561.35	817.90	5.7319	0.81011	1.1180	652.94	-0.034110	4.9805e-05	0.071420	supercritical
835.36	593.00	230.89	0.0043311	562.19	819.02	5.7332	0.81029	1.1180	653.19	-0.034162	4.9833e-05	0.071466	supercritical
836.36	593.00	230.64	0.0043358	563.03	820.14	5.7346	0.81046	1.1181	653.44	-0.034214	4.9861e-05	0.071512	supercritical
837.36	593.00	230.39	0.0043405	563.86	821.26	5.7359	0.81064	1.1182	653.68	-0.034266	4.9888e-05	0.071557	supercritical
838.36	593.00	230.14	0.0043453	564.70	822.38	5.7372	0.81082	1.1182	653.93	-0.034318	4.9916e-05	0.071603	supercritical
839.36	593.00	229.89	0.0043500	565.54	823.49	5.7386	0.81099	1.1183	654.18	-0.034370	4.9943e-05	0.071649	supercritical
840.36	593.00	229.64	0.0043547	566.38	824.61	5.7399	0.81116	1.1183	654.43	-0.034422	4.9971e-05	0.071695	supercritical
841.36	593.00	229.39	0.0043594	567.22	825.73	5.7412	0.81134	1.1184	654.67	-0.034473	4.9998e-05	0.071741	supercritical
842.36	593.00	229.14	0.0043642	568.05	826.85	5.7426	0.81151	1.1185	654.92	-0.034525	5.0026e-05	0.071787	supercritical
843.36	593.00	228.89	0.0043689	568.89	827.97	5.7439	0.81169	1.1185	655.17	-0.034576	5.0054e-05	0.071833	supercritical
844.36	593.00	228.64	0.0043736	569.73	829.09	5.7452	0.81186	1.1186	655.42	-0.034627	5.0081e-05	0.071879	supercritical
845.36	593.00	228.40	0.0043783	570.57	830.21	5.7465	0.81203	1.1187	655.66	-0.034678	5.0109e-05	0.071925	supercritical
846.36	593.00	228.15	0.0043830	571.41	831.32	5.7479	0.81221	1.1187	655.91	-0.034729	5.0136e-05	0.071971	supercritical
847.36	593.00	227.91	0.0043878	572.25	832.44	5.7492	0.81238	1.1188	656.16	-0.034780	5.0164e-05	0.072018	supercritical
848.36	593.00	227.66	0.0043925	573.09	833.56	5.7505	0.81255	1.1188	656.41	-0.034831	5.0191e-05	0.072064	supercritical
849.36	593.00	227.42	0.0043972	573.93	834.68	5.7518	0.81272	1.1189	656.65	-0.034882	5.0219e-05	0.072110	supercritical
850.36	593.00	227.17	0.0044019	574.77	835.80	5.7531	0.81289	1.1190	656.90	-0.034933	5.0247e-05	0.072156	supercritical
851.36	593.00	226.93	0.0044066	575.61	836.92	5.7545	0.81307	1.1190	657.15	-0.034983	5.0274e-05	0.072202	supercritical
852.36	593.00	226.69	0.0044113	576.44	838.04	5.7558	0.81324	1.1191	657.39	-0.035034	5.0302e-05	0.072248	supercritical
853.36	593.00	226.45	0.0044161	577.28	839.16	5.7571	0.81341	1.1192	657.64	-0.035084	5.0329e-05	0.072294	supercritical
854.36	593.00	226.20	0.0044208	578.12	840.28	5.7584	0.81358	1.1192	657.89	-0.035134	5.0357e-05	0.072341	supercritical
855.36	593.00	225.96	0.0044255	578.96	841.39	5.7597	0.81375	1.1193	658.13	-0.035184	5.0385e-05	0.072387	supercritical
856.36	593.00	225.72	0.0044302	579.80	842.51	5.7610	0.81392	1.1194	658.38	-0.035235	5.0412e-05	0.072433	supercritical
857.36	593.00	225.48	0.0044349	580.64	843.63	5.7623	0.81409	1.1194	658.63	-0.035285	5.0440e-05	0.072479	supercritical
858.36	593.00	225.24	0.0044396	581.48	844.75	5.7636	0.81426	1.1195	658.88	-0.035334	5.0467e-05	0.072526	supercritical
859.36	593.00	225.01	0.0044443	582.32	845.87	5.7649	0.81443	1.1195	659.12	-0.035384	5.0495e-05	0.072572	supercritical
860.36	593.00	224.77	0.0044490	583.16	846.99	5.7662	0.81459	1.1196	659.37	-0.035434	5.0523e-05	0.072618	supercritical
861.36	593.00	224.53	0.0044538	584.00	848.11	5.7675	0.81476	1.1197	659.61	-0.035484	5.0550e-05	0.072665	supercritical
862.36	593.00	224.29	0.0044585	584.84	849.23	5.7688	0.81493	1.1197	659.86	-0.035533	5.0578e-05	0.072711	supercritical
863.36	593.00	224.06	0.0044632	585.69	850.35	5.7701	0.81510	1.1198	660.11	-0.035582	5.0606e-05	0.072757	supercritical
864.36	593.00	223.82	0.0044679	586.53	851.47	5.7714	0.81527	1.1199	660.35	-0.035632	5.0633e-05	0.072804	supercritical
865.36	593.00	223.58	0.0044726	587.37	852.59	5.7727	0.81543	1.1199	660.60	-0.035681	5.0661e-05	0.072850	supercritical
866.36	593.00	223.35	0.0044773	588.21	853.71	5.7740	0.81560	1.1200	660.85	-0.035730	5.0688e-05	0.072896	supercritical
867.36	593.00	223.11	0.0044820	589.05	854.83	5.7753	0.81577	1.1201	661.09	-0.035779	5.0716e-05	0.072943	supercritical
868.36	593.00	222.88	0.0044867	589.89	855.95	5.7766	0.81593	1.1201	661.34	-0.035828	5.0744e-05	0.072989	supercritical
869.36	593.00	222.65	0.0044914	590.73	857.07	5.7779	0.81610	1.1202	661.58	-0.035877	5.0771e-05	0.073036	supercritical
870.36	593.00	222.41	0.0044961	591.57	858.19	5.7792	0.81627	1.1203	661.83	-0.035926	5.0799e-05	0.073082	supercritical
871.36	593.00	222.18	0.0045008	592.41	859.31	5.7805	0.81643	1.1203	662.08	-0.035974	5.0827e-05	0.073129	supercritical
872.36	593.00	221.95	0.0045055	593.25	860.43	5.7817	0.81660	1.1204	662.32	-0.036023	5.0854e-05	0.073175	supercritical
873.36	593.00	221.72	0.0045102	594.10	861.55	5.7830	0.81676	1.1204	662.57	-0.036071	5.0882e-05	0.073222	supercritical
874.36	593.00	221.49	0.0045149	594.94	862.67	5.7843	0.81693	1.1205	662.81	-0.036120	5.0909e-05	0.073268	supercritical
875.36	593.00	221.26	0.0045196	595.78	863.79	5.7856	0.81709	1.1206	663.06	-0.036168	5.0937e-05	0.073315	supercritical
876.36	593.00	221.03	0.0045243	596.62	864.91	5.7869	0.81726	1.1206	663.31	-0.036216	5.0965e-05	0.073361	supercritical
877.36	593.00	220.80	0.0045290	597.46	866.03	5.7881	0.81742	1.1207	663.55	-0.036264	5.0992e-05	0.073408	supercritical
878.36	593.00	220.57	0.0045337	598.31	867.16	5.7894	0.81758	1.1208	663.80	-0.036312	5.1020e-05	0.073454	supercritical
879.36	593.00	220.34	0.0045384	599.15	868.28	5.7907	0.81775	1.1208	664.04	-0.036360	5.1048e-05	0.073501	supercritical
880.36	593.00	220.11	0.0045431	599.99	869.40	5.7920	0.81791	1.1209	664.29	-0.036408	5.1075e-05	0.073548	supercritical
881.36	593.00	219.89	0.0045478	600.83	870.52	5.7932	0.81807	1.1210	664.53	-0.036456	5.1103e-05	0.073594	supercritical
882.36	593.00	219.66	0.0045525	601.68	871.64	5.7945	0.81824	1.1210	664.78	-0.036503	5.1130e-05	0.073641	supercritical
883.36	593.00	219.43	0.0045572	602.52	872.76	5.7958	0.81840	1.1211	665.02	-0.036551	5.1158e-05	0.073688	supercritical
884.36	593.00	219.21	0.0045619	603.36	873.88	5.7971	0.81856	1.1212	665.27	-0.036598	5.1186e-05	0.073734	supercritical
885.36	593.00	218.98	0.0045666	604.20	875.00	5.7983	0.81872	1.1212	665.51	-0.036646	5.1213e-05	0.073781	supercritical
886.36	593.00	218.76	0.0045713	605.05	876.12	5.7996	0.81888	1.1213	665.76	-0.036693	5.1241e-05	0.073828	supercritical
887.36	593.00	218.53	0.0045760	605.89	877.25	5.8009	0.81904	1.1214	666.00	-0.036740	5.1269e-05	0.073874	supercritical
888.36	593.00	218.31	0.0045807	606.73	878.37	5.8021	0.81921	1.1214	666.25	-0.036787	5.1296e-05	0.073921	supercritical
889.36	593.00	218.09	0.0045854	607.58	879.49	5.8034	0.81937	1.1215	666.49	-0.036834	5.1324e-05	0.073968	supercritical
890.36	593.00	217.86	0.0045901	608.42	880.61	5.8046	0.81953	1.1216	666.74	-0.036881	5.1352e-05	0.074014	supercritical
891.36	593.00	217.64	0.0045947	609.26	881.73	5.8059	0.81969	1.1216	666.98	-0.036928	5.1379e-05	0.074061	supercritical
892.36	593.00	217.42	0.0045994	610.11	882.85	5.8072	0.81985	1.1217	667.23	-0.036975	5.1407e-05	0.074108	supercritical
893.36	593.00	217.20	0.0046041	610.95	883.97	5.8084	0.82001	1.1218	667.47	-0.037022	5.1434e-05	0.074155	supercritical
894.36	593.00	216.98	0.0046088	611.79	885.10	5.8097	0.82017	1.1218	667.72	-0.037068	5.1462e-05	0.074202	supercritical
895.36	593.00	216.76	0.0046135	612.64	886.22	5.8109	0.82032	1.1219	667.96	-0.037115	5.1490e-05	0.074248	supercritical
896.36	593.00	216.54	0.0046182	613.48	887.34	5.8122	0.82048	1.1220	668.21	-0.037161	5.1517e-05	0.074295	supercritical
897.36	593.00	216.32	0.0046229	614.33	888.46	5.8134	0.82064	1.1220	668.45	-0.037207	5.1545e-05	0.074342	supercritical
898.36	593.00	216.10	0.0046276	615.17	889.58	5.8147	0.82080	1.1221	668.69	-0.037253	5.1573e-05	0.074389	supercritical
899.36	593.00	215.88	0.0046322	616.01	890.71	5.8159	0.82096	1.1222	668.94	-0.037300	5.1600e-05	0.074436	supercritical
900.36	593.00	215.66	0.0046369	616.86	891.83	5.8172	0.82112	1.1222	669.18	-0.037346	5.1628e-05	0.074483	supercritical
901.36	593.00	215.44	0.0046416	617.70	892.95	5.8184	0.82127	1.1223	669.43	-0.037392	5.1656e-05	0.074529	supercritical
902.36	593.00	215.23	0.0046463	618.55	894.07	5.8197	0.82143	1.1224	669.67	-0.037437	5.1683e-05	0.074576	supercritical
903.36	593.00	215.01	0.0046510	619.39	895.20	5.8209	0.82159	1.1224	669.91	-0.037483	5.1711e-05	0.074623	supercritical
904.36	593.00	214.79	0.0046557	620.24	896.32	5.8221	0.82174	1.1225	670.16	-0.037529	5.1738e-05	0.074670	supercritical
905.36	593.00	214.58	0.0046603	621.08	897.44	5.8234	0.82190	1.1225	670.40	-0.037575	5.1766e-05	0.074717	supercritical
906.36	593.00	214.36	0.0046650	621.93	898.56	5.8246	0.82206	1.1226	670.65	-0.037620	5.1794e-05	0.074764	supercritical
907.36	593.00	214.15	0.0046697	622.77	899.69	5.8259	0.82221	1.1227	670.89	-0.037666	5.1821e-05	0.074811	supercritical
908.36	593.00	213.93	0.0046744	623.62	900.81	5.8271	0.82237	1.1227	671.13	-0.037711	5.1849e-05	0.074858	supercritical
909.36	593.00	213.72	0.0046791	624.46	901.93	5.8283	0.82252	1.1228	671.38	-0.037756	5.1877e-05	0.074905	supercritical
910.36	593.00	213.50	0.0046837	625.31	903.05	5.8296	0.82268	1.1229	671.62	-0.037801	5.1904e-05	0.074952	supercritical
911.36	593.00	213.29	0.0046884	626.15	904.18	5.8308	0.82283	1.1229	671.86	-0.037846	5.1932e-05	0.074999	supercritical
912.36	593.00	213.08	0.0046931	627.00	905.30	5.8320	0.82299	1.1230	672.11	-0.037891	5.1960e-05	0.075046	supercritical
913.36	593.00	212.87	0.0046978	627.84	906.42	5.8333	0.82314	1.1231	672.35	-0.037936	5.1987e-05	0.075093	supercritical
914.36	593.00	212.65	0.0047025	628.69	907.55	5.8345	0.82329	1.1231	672.59	-0.037981	5.2015e-05	0.075140	supercritical
915.36	593.00	212.44	0.0047071	629.54	908.67	5.8357	0.82345	1.1232	672.84	-0.038026	5.2042e-05	0.075187	supercritical
916.36	593.00	212.23	0.0047118	630.38	909.79	5.8369	0.82360	1.1233	673.08	-0.038071	5.2070e-05	0.075234	supercritical
917.36	593.00	212.02	0.0047165	631.23	910.92	5.8382	0.82375	1.1233	673.32	-0.038115	5.2098e-05	0.075281	supercritical
918.36	593.00	211.81	0.0047212	632.07	912.04	5.8394	0.82391	1.1234	673.57	-0.038160	5.2125e-05	0.075328	supercritical
919.36	593.00	211.60	0.0047258	632.92	913.16	5.8406	0.82406	1.1235	673.81	-0.038204	5.2153e-05	0.075375	supercritical
920.36	593.00	211.39	0.0047305	633.77	914.29	5.8418	0.82421	1.1235	674.05	-0.038249	5.2181e-05	0.075422	supercritical
921.36	593.00	211.19	0.0047352	634.61	915.41	5.8431	0.82436	1.1236	674.30	-0.038293	5.2208e-05	0.075469	supercritical
922.36	593.00	210.98	0.0047398	635.46	916.53	5.8443	0.82452	1.1237	674.54	-0.038337	5.2236e-05	0.075516	supercritical
923.36	593.00	210.77	0.0047445	636.31	917.66	5.8455	0.82467	1.1237	674.78	-0.038381	5.2263e-05	0.075564	supercritical
924.36	593.00	210.56	0.0047492	637.15	918.78	5.8467	0.82482	1.1238	675.02	-0.038425	5.2291e-05	0.075611	supercritical
925.36	593.00	210.36	0.0047539	638.00	919.90	5.8479	0.82497	1.1239	675.27	-0.038469	5.2319e-05	0.075658	supercritical
926.36	593.00	210.15	0.0047585	638.85	921.03	5.8491	0.82512	1.1239	675.51	-0.038513	5.2346e-05	0.075705	supercritical
927.36	593.00	209.94	0.0047632	639.69	922.15	5.8504	0.82527	1.1240	675.75	-0.038557	5.2374e-05	0.075752	supercritical
928.36	593.00	209.74	0.0047679	640.54	923.28	5.8516	0.82542	1.1241	675.99	-0.038600	5.2401e-05	0.075799	supercritical
929.36	593.00	209.53	0.0047725	641.39	924.40	5.8528	0.82557	1.1241	676.24	-0.038644	5.2429e-05	0.075846	supercritical
930.36	593.00	209.33	0.0047772	642.24	925.52	5.8540	0.82572	1.1242	676.48	-0.038687	5.2457e-05	0.075894	supercritical
931.36	593.00	209.12	0.0047819	643.08	926.65	5.8552	0.82587	1.1243	676.72	-0.038731	5.2484e-05	0.075941	supercritical
932.36	593.00	208.92	0.0047865	643.93	927.77	5.8564	0.82602	1.1243	676.96	-0.038774	5.2512e-05	0.075988	supercritical
933.36	593.00	208.72	0.0047912	644.78	928.90	5.8576	0.82617	1.1244	677.20	-0.038818	5.2540e-05	0.076035	supercritical
934.36	593.00	208.51	0.0047959	645.63	930.02	5.8588	0.82632	1.1245	677.45	-0.038861	5.2567e-05	0.076083	supercritical
935.36	593.00	208.31	0.0048005	646.48	931.15	5.8600	0.82647	1.1245	677.69	-0.038904	5.2595e-05	0.076130	supercritical
936.36	593.00	208.11	0.0048052	647.32	932.27	5.8612	0.82661	1.1246	677.93	-0.038947	5.2622e-05	0.076177	supercritical
937.36	593.00	207.91	0.0048099	648.17	933.40	5.8624	0.82676	1.1247	678.17	-0.038990	5.2650e-05	0.076224	supercritical
938.36	593.00	207.70	0.0048145	649.02	934.52	5.8636	0.82691	1.1247	678.41	-0.039033	5.2678e-05	0.076272	supercritical
939.36	593.00	207.50	0.0048192	649.87	935.65	5.8648	0.82706	1.1248	678.66	-0.039076	5.2705e-05	0.076319	supercritical
940.36	593.00	207.30	0.0048238	650.72	936.77	5.8660	0.82721	1.1249	678.90	-0.039118	5.2733e-05	0.076366	supercritical
941.36	593.00	207.10	0.0048285	651.56	937.90	5.8672	0.82735	1.1249	679.14	-0.039161	5.2760e-05	0.076413	supercritical
942.36	593.00	206.90	0.0048332	652.41	939.02	5.8684	0.82750	1.1250	679.38	-0.039204	5.2788e-05	0.076461	supercritical
943.36	593.00	206.70	0.0048378	653.26	940.15	5.8696	0.82765	1.1251	679.62	-0.039246	5.2816e-05	0.076508	supercritical
944.36	593.00	206.51	0.0048425	654.11	941.27	5.8708	0.82779	1.1251	679.86	-0.039288	5.2843e-05	0.076555	supercritical
945.36	593.00	206.31	0.0048472	654.96	942.40	5.8720	0.82794	1.1252	680.10	-0.039331	5.2871e-05	0.076603	supercritical
946.36	593.00	206.11	0.0048518	655.81	943.52	5.8732	0.82808	1.1253	680.35	-0.039373	5.2898e-05	0.076650	supercritical
947.36	593.00	205.91	0.0048565	656.66	944.65	5.8743	0.82823	1.1253	680.59	-0.039415	5.2926e-05	0.076697	supercritical
948.36	593.00	205.71	0.0048611	657.51	945.77	5.8755	0.82837	1.1254	680.83	-0.039457	5.2953e-05	0.076745	supercritical
949.36	593.00	205.52	0.0048658	658.36	946.90	5.8767	0.82852	1.1255	681.07	-0.039499	5.2981e-05	0.076792	supercritical
950.36	593.00	205.32	0.0048704	659.21	948.02	5.8779	0.82866	1.1255	681.31	-0.039541	5.3009e-05	0.076839	supercritical
951.36	593.00	205.12	0.0048751	660.05	949.15	5.8791	0.82881	1.1256	681.55	-0.039583	5.3036e-05	0.076887	supercritical
952.36	593.00	204.93	0.0048798	660.90	950.27	5.8803	0.82895	1.1257	681.79	-0.039625	5.3064e-05	0.076934	supercritical
953.36	593.00	204.73	0.0048844	661.75	951.40	5.8815	0.82910	1.1257	682.03	-0.039667	5.3091e-05	0.076981	supercritical
954.36	593.00	204.54	0.0048891	662.60	952.53	5.8826	0.82924	1.1258	682.27	-0.039708	5.3119e-05	0.077029	supercritical
955.36	593.00	204.34	0.0048937	663.45	953.65	5.8838	0.82939	1.1259	682.51	-0.039750	5.3147e-05	0.077076	supercritical
956.36	593.00	204.15	0.0048984	664.30	954.78	5.8850	0.82953	1.1259	682.75	-0.039791	5.3174e-05	0.077124	supercritical
957.36	593.00	203.96	0.0049030	665.15	955.90	5.8862	0.82967	1.1260	682.99	-0.039833	5.3202e-05	0.077171	supercritical
958.36	593.00	203.76	0.0049077	666.00	957.03	5.8873	0.82981	1.1261	683.23	-0.039874	5.3229e-05	0.077219	supercritical
959.36	593.00	203.57	0.0049123	666.85	958.15	5.8885	0.82996	1.1261	683.47	-0.039915	5.3257e-05	0.077266	supercritical
960.36	593.00	203.38	0.0049170	667.70	959.28	5.8897	0.83010	1.1262	683.72	-0.039957	5.3284e-05	0.077313	supercritical
961.36	593.00	203.18	0.0049216	668.55	960.41	5.8909	0.83024	1.1263	683.96	-0.039998	5.3312e-05	0.077361	supercritical
962.36	593.00	202.99	0.0049263	669.41	961.53	5.8920	0.83038	1.1263	684.20	-0.040039	5.3339e-05	0.077408	supercritical
963.36	593.00	202.80	0.0049309	670.26	962.66	5.8932	0.83053	1.1264	684.44	-0.040080	5.3367e-05	0.077456	supercritical
964.36	593.00	202.61	0.0049356	671.11	963.79	5.8944	0.83067	1.1265	684.68	-0.040121	5.3395e-05	0.077503	supercritical
965.36	593.00	202.42	0.0049402	671.96	964.91	5.8955	0.83081	1.1265	684.92	-0.040161	5.3422e-05	0.077551	supercritical
966.36	593.00	202.23	0.0049449	672.81	966.04	5.8967	0.83095	1.1266	685.16	-0.040202	5.3450e-05	0.077598	supercritical
967.36	593.00	202.04	0.0049495	673.66	967.17	5.8979	0.83109	1.1267	685.40	-0.040243	5.3477e-05	0.077646	supercritical
968.36	593.00	201.85	0.0049542	674.51	968.29	5.8990	0.83123	1.1267	685.64	-0.040283	5.3505e-05	0.077693	supercritical
969.36	593.00	201.66	0.0049588	675.36	969.42	5.9002	0.83137	1.1268	685.87	-0.040324	5.3532e-05	0.077741	supercritical
970.36	593.00	201.47	0.0049635	676.21	970.55	5.9014	0.83151	1.1269	686.11	-0.040364	5.3560e-05	0.077788	supercritical
971.36	593.00	201.28	0.0049681	677.06	971.67	5.9025	0.83165	1.1269	686.35	-0.040405	5.3587e-05	0.077836	supercritical
972.36	593.00	201.10	0.0049728	677.92	972.80	5.9037	0.83179	1.1270	686.59	-0.040445	5.3615e-05	0.077883	supercritical
973.36	593.00	200.91	0.0049774	678.77	973.93	5.9048	0.83193	1.1271	686.83	-0.040485	5.3642e-05	0.077931	supercritical
974.36	593.00	200.72	0.0049820	679.62	975.05	5.9060	0.83207	1.1271	687.07	-0.040525	5.3670e-05	0.077978	supercritical
975.36	593.00	200.53	0.0049867	680.47	976.18	5.9072	0.83221	1.1272	687.31	-0.040566	5.3698e-05	0.078026	supercritical
976.36	593.00	200.35	0.0049913	681.32	977.31	5.9083	0.83235	1.1273	687.55	-0.040606	5.3725e-05	0.078074	supercritical
977.36	593.00	200.16	0.0049960	682.17	978.44	5.9095	0.83248	1.1273	687.79	-0.040646	5.3753e-05	0.078121	supercritical
978.36	593.00	199.98	0.0050006	683.03	979.56	5.9106	0.83262	1.1274	688.03	-0.040685	5.3780e-05	0.078169	supercritical
979.36	593.00	199.79	0.0050053	683.88	980.69	5.9118	0.83276	1.1275	688.27	-0.040725	5.3808e-05	0.078216	supercritical
980.36	593.00	199.60	0.0050099	684.73	981.82	5.9129	0.83290	1.1275	688.51	-0.040765	5.3835e-05	0.078264	supercritical
981.36	593.00	199.42	0.0050145	685.58	982.95	5.9141	0.83304	1.1276	688.75	-0.040805	5.3863e-05	0.078311	supercritical
982.36	593.00	199.24	0.0050192	686.44	984.07	5.9152	0.83317	1.1277	688.98	-0.040844	5.3890e-05	0.078359	supercritical
983.36	593.00	199.05	0.0050238	687.29	985.20	5.9164	0.83331	1.1277	689.22	-0.040884	5.3918e-05	0.078407	supercritical
984.36	593.00	198.87	0.0050285	688.14	986.33	5.9175	0.83345	1.1278	689.46	-0.040923	5.3945e-05	0.078454	supercritical
985.36	593.00	198.68	0.0050331	688.99	987.46	5.9187	0.83358	1.1279	689.70	-0.040962	5.3973e-05	0.078502	supercritical
986.36	593.00	198.50	0.0050377	689.85	988.59	5.9198	0.83372	1.1279	689.94	-0.041002	5.4000e-05	0.078549	supercritical
987.36	593.00	198.32	0.0050424	690.70	989.71	5.9209	0.83386	1.1280	690.18	-0.041041	5.4028e-05	0.078597	supercritical
988.36	593.00	198.14	0.0050470	691.55	990.84	5.9221	0.83399	1.1281	690.42	-0.041080	5.4055e-05	0.078645	supercritical
989.36	593.00	197.95	0.0050517	692.41	991.97	5.9232	0.83413	1.1281	690.65	-0.041119	5.4083e-05	0.078692	supercritical
990.36	593.00	197.77	0.0050563	693.26	993.10	5.9244	0.83426	1.1282	690.89	-0.041158	5.4110e-05	0.078740	supercritical
991.36	593.00	197.59	0.0050609	694.11	994.23	5.9255	0.83440	1.1283	691.13	-0.041197	5.4138e-05	0.078788	supercritical
992.36	593.00	197.41	0.0050656	694.97	995.35	5.9266	0.83453	1.1283	691.37	-0.041236	5.4165e-05	0.078835	supercritical
993.36	593.00	197.23	0.0050702	695.82	996.48	5.9278	0.83467	1.1284	691.61	-0.041275	5.4193e-05	0.078883	supercritical
994.36	593.00	197.05	0.0050748	696.67	997.61	5.9289	0.83480	1.1285	691.84	-0.041314	5.4220e-05	0.078931	supercritical
995.36	593.00	196.87	0.0050795	697.53	998.74	5.9300	0.83494	1.1285	692.08	-0.041352	5.4248e-05	0.078978	supercritical
996.36	593.00	196.69	0.0050841	698.38	999.87	5.9312	0.83507	1.1286	692.32	-0.041391	5.4275e-05	0.079026	supercritical
997.36	593.00	196.51	0.0050887	699.23	1001.0	5.9323	0.83521	1.1287	692.56	-0.041429	5.4303e-05	0.079074	supercritical
998.36	593.00	196.33	0.0050934	700.09	1002.1	5.9334	0.83534	1.1287	692.80	-0.041468	5.4330e-05	0.079121	supercritical
999.36	593.00	196.16	0.0050980	700.94	1003.3	5.9346	0.83547	1.1288	693.03	-0.041506	5.4357e-05	0.079169	supercritical
1000.4	593.00	195.98	0.0051026	701.80	1004.4	5.9357	0.83561	1.1289	693.27	-0.041545	5.4385e-05	0.079217	supercritical
1001.4	593.00	195.80	0.0051073	702.65	1005.5	5.9368	0.83574	1.1289	693.51	-0.041583	5.4412e-05	0.079264	supercritical
1002.4	593.00	195.62	0.0051119	703.50	1006.6	5.9380	0.83587	1.1290	693.75	-0.041621	5.4440e-05	0.079312	supercritical
1003.4	593.00	195.44	0.0051165	704.36	1007.8	5.9391	0.83600	1.1291	693.98	-0.041659	5.4467e-05	0.079360	supercritical
1004.4	593.00	195.27	0.0051212	705.21	1008.9	5.9402	0.83614	1.1291	694.22	-0.041697	5.4495e-05	0.079408	supercritical
1005.4	593.00	195.09	0.0051258	706.07	1010.0	5.9413	0.83627	1.1292	694.46	-0.041735	5.4522e-05	0.079455	supercritical
1006.4	593.00	194.92	0.0051304	706.92	1011.2	5.9425	0.83640	1.1293	694.69	-0.041773	5.4550e-05	0.079503	supercritical
1007.4	593.00	194.74	0.0051351	707.78	1012.3	5.9436	0.83653	1.1293	694.93	-0.041811	5.4577e-05	0.079551	supercritical
1008.4	593.00	194.56	0.0051397	708.63	1013.4	5.9447	0.83666	1.1294	695.17	-0.041849	5.4605e-05	0.079599	supercritical
1009.4	593.00	194.39	0.0051443	709.49	1014.5	5.9458	0.83680	1.1295	695.41	-0.041886	5.4632e-05	0.079646	supercritical
1010.4	593.00	194.21	0.0051489	710.34	1015.7	5.9469	0.83693	1.1295	695.64	-0.041924	5.4659e-05	0.079694	supercritical
1011.4	593.00	194.04	0.0051536	711.20	1016.8	5.9481	0.83706	1.1296	695.88	-0.041962	5.4687e-05	0.079742	supercritical
1012.4	593.00	193.87	0.0051582	712.05	1017.9	5.9492	0.83719	1.1297	696.12	-0.041999	5.4714e-05	0.079790	supercritical
1013.4	593.00	193.69	0.0051628	712.91	1019.1	5.9503	0.83732	1.1297	696.35	-0.042037	5.4742e-05	0.079837	supercritical
1014.4	593.00	193.52	0.0051674	713.76	1020.2	5.9514	0.83745	1.1298	696.59	-0.042074	5.4769e-05	0.079885	supercritical
1015.4	593.00	193.35	0.0051721	714.62	1021.3	5.9525	0.83758	1.1299	696.83	-0.042111	5.4797e-05	0.079933	supercritical
1016.4	593.00	193.17	0.0051767	715.48	1022.5	5.9536	0.83771	1.1299	697.06	-0.042149	5.4824e-05	0.079981	supercritical
1017.4	593.00	193.00	0.0051813	716.33	1023.6	5.9547	0.83784	1.1300	697.30	-0.042186	5.4851e-05	0.080028	supercritical
1018.4	593.00	192.83	0.0051859	717.19	1024.7	5.9558	0.83797	1.1301	697.54	-0.042223	5.4879e-05	0.080076	supercritical
1019.4	593.00	192.66	0.0051906	718.04	1025.8	5.9570	0.83810	1.1301	697.77	-0.042260	5.4906e-05	0.080124	supercritical
1020.4	593.00	192.49	0.0051952	718.90	1027.0	5.9581	0.83823	1.1302	698.01	-0.042297	5.4934e-05	0.080172	supercritical
1021.4	593.00	192.31	0.0051998	719.75	1028.1	5.9592	0.83836	1.1303	698.24	-0.042334	5.4961e-05	0.080220	supercritical
1022.4	593.00	192.14	0.0052044	720.61	1029.2	5.9603	0.83848	1.1303	698.48	-0.042371	5.4988e-05	0.080267	supercritical
1023.4	593.00	191.97	0.0052091	721.47	1030.4	5.9614	0.83861	1.1304	698.72	-0.042407	5.5016e-05	0.080315	supercritical
1024.4	593.00	191.80	0.0052137	722.32	1031.5	5.9625	0.83874	1.1305	698.95	-0.042444	5.5043e-05	0.080363	supercritical
1025.4	593.00	191.63	0.0052183	723.18	1032.6	5.9636	0.83887	1.1305	699.19	-0.042481	5.5071e-05	0.080411	supercritical
1026.4	593.00	191.46	0.0052229	724.04	1033.8	5.9647	0.83900	1.1306	699.42	-0.042517	5.5098e-05	0.080459	supercritical
1027.4	593.00	191.29	0.0052275	724.89	1034.9	5.9658	0.83912	1.1307	699.66	-0.042554	5.5125e-05	0.080507	supercritical
1028.4	593.00	191.13	0.0052322	725.75	1036.0	5.9669	0.83925	1.1307	699.89	-0.042590	5.5153e-05	0.080554	supercritical
1029.4	593.00	190.96	0.0052368	726.61	1037.1	5.9680	0.83938	1.1308	700.13	-0.042627	5.5180e-05	0.080602	supercritical
1030.4	593.00	190.79	0.0052414	727.46	1038.3	5.9691	0.83951	1.1308	700.37	-0.042663	5.5207e-05	0.080650	supercritical
1031.4	593.00	190.62	0.0052460	728.32	1039.4	5.9702	0.83963	1.1309	700.60	-0.042700	5.5235e-05	0.080698	supercritical
1032.4	593.00	190.45	0.0052506	729.18	1040.5	5.9713	0.83976	1.1310	700.84	-0.042736	5.5262e-05	0.080746	supercritical
1033.4	593.00	190.29	0.0052553	730.04	1041.7	5.9724	0.83989	1.1310	701.07	-0.042772	5.5290e-05	0.080794	supercritical
1034.4	593.00	190.12	0.0052599	730.89	1042.8	5.9735	0.84001	1.1311	701.31	-0.042808	5.5317e-05	0.080842	supercritical
1035.4	593.00	189.95	0.0052645	731.75	1043.9	5.9746	0.84014	1.1312	701.54	-0.042844	5.5344e-05	0.080889	supercritical
1036.4	593.00	189.79	0.0052691	732.61	1045.1	5.9757	0.84026	1.1312	701.78	-0.042880	5.5372e-05	0.080937	supercritical
1037.4	593.00	189.62	0.0052737	733.46	1046.2	5.9767	0.84039	1.1313	702.01	-0.042916	5.5399e-05	0.080985	supercritical
1038.4	593.00	189.45	0.0052783	734.32	1047.3	5.9778	0.84051	1.1314	702.25	-0.042952	5.5426e-05	0.081033	supercritical
1039.4	593.00	189.29	0.0052829	735.18	1048.5	5.9789	0.84064	1.1314	702.48	-0.042987	5.5454e-05	0.081081	supercritical
1040.4	593.00	189.12	0.0052876	736.04	1049.6	5.9800	0.84077	1.1315	702.72	-0.043023	5.5481e-05	0.081129	supercritical
1041.4	593.00	188.96	0.0052922	736.90	1050.7	5.9811	0.84089	1.1316	702.95	-0.043059	5.5508e-05	0.081177	supercritical
1042.4	593.00	188.79	0.0052968	737.75	1051.9	5.9822	0.84101	1.1316	703.19	-0.043094	5.5536e-05	0.081225	supercritical
1043.4	593.00	188.63	0.0053014	738.61	1053.0	5.9833	0.84114	1.1317	703.42	-0.043130	5.5563e-05	0.081272	supercritical
1044.4	593.00	188.47	0.0053060	739.47	1054.1	5.9844	0.84126	1.1318	703.65	-0.043165	5.5590e-05	0.081320	supercritical
1045.4	593.00	188.30	0.0053106	740.33	1055.2	5.9854	0.84139	1.1318	703.89	-0.043201	5.5618e-05	0.081368	supercritical
1046.4	593.00	188.14	0.0053152	741.19	1056.4	5.9865	0.84151	1.1319	704.12	-0.043236	5.5645e-05	0.081416	supercritical
1047.4	593.00	187.98	0.0053199	742.05	1057.5	5.9876	0.84163	1.1320	704.36	-0.043271	5.5672e-05	0.081464	supercritical
1048.4	593.00	187.81	0.0053245	742.90	1058.6	5.9887	0.84176	1.1320	704.59	-0.043307	5.5700e-05	0.081512	supercritical
1049.4	593.00	187.65	0.0053291	743.76	1059.8	5.9898	0.84188	1.1321	704.83	-0.043342	5.5727e-05	0.081560	supercritical
1050.4	593.00	187.49	0.0053337	744.62	1060.9	5.9908	0.84200	1.1322	705.06	-0.043377	5.5754e-05	0.081608	supercritical
1051.4	593.00	187.33	0.0053383	745.48	1062.0	5.9919	0.84213	1.1322	705.29	-0.043412	5.5781e-05	0.081656	supercritical
1052.4	593.00	187.16	0.0053429	746.34	1063.2	5.9930	0.84225	1.1323	705.53	-0.043447	5.5809e-05	0.081704	supercritical
1053.4	593.00	187.00	0.0053475	747.20	1064.3	5.9941	0.84237	1.1324	705.76	-0.043482	5.5836e-05	0.081752	supercritical
1054.4	593.00	186.84	0.0053521	748.06	1065.4	5.9951	0.84250	1.1324	706.00	-0.043517	5.5863e-05	0.081800	supercritical
1055.4	593.00	186.68	0.0053567	748.92	1066.6	5.9962	0.84262	1.1325	706.23	-0.043552	5.5891e-05	0.081848	supercritical
1056.4	593.00	186.52	0.0053613	749.78	1067.7	5.9973	0.84274	1.1325	706.46	-0.043586	5.5918e-05	0.081895	supercritical
1057.4	593.00	186.36	0.0053660	750.63	1068.8	5.9984	0.84286	1.1326	706.70	-0.043621	5.5945e-05	0.081943	supercritical
1058.4	593.00	186.20	0.0053706	751.49	1070.0	5.9994	0.84298	1.1327	706.93	-0.043656	5.5973e-05	0.081991	supercritical
1059.4	593.00	186.04	0.0053752	752.35	1071.1	6.0005	0.84310	1.1327	707.16	-0.043690	5.6000e-05	0.082039	supercritical
1060.4	593.00	185.88	0.0053798	753.21	1072.2	6.0016	0.84323	1.1328	707.40	-0.043725	5.6027e-05	0.082087	supercritical
1061.4	593.00	185.72	0.0053844	754.07	1073.4	6.0026	0.84335	1.1329	707.63	-0.043759	5.6054e-05	0.082135	supercritical
1062.4	593.00	185.56	0.0053890	754.93	1074.5	6.0037	0.84347	1.1329	707.86	-0.043793	5.6082e-05	0.082183	supercritical
1063.4	593.00	185.41	0.0053936	755.79	1075.6	6.0048	0.84359	1.1330	708.10	-0.043828	5.6109e-05	0.082231	supercritical
1064.4	593.00	185.25	0.0053982	756.65	1076.8	6.0058	0.84371	1.1331	708.33	-0.043862	5.6136e-05	0.082279	supercritical
1065.4	593.00	185.09	0.0054028	757.51	1077.9	6.0069	0.84383	1.1331	708.56	-0.043896	5.6163e-05	0.082327	supercritical
1066.4	593.00	184.93	0.0054074	758.37	1079.0	6.0080	0.84395	1.1332	708.80	-0.043930	5.6191e-05	0.082375	supercritical
1067.4	593.00	184.77	0.0054120	759.23	1080.2	6.0090	0.84407	1.1333	709.03	-0.043964	5.6218e-05	0.082423	supercritical
1068.4	593.00	184.62	0.0054166	760.09	1081.3	6.0101	0.84419	1.1333	709.26	-0.043998	5.6245e-05	0.082471	supercritical
1069.4	593.00	184.46	0.0054212	760.95	1082.4	6.0111	0.84431	1.1334	709.50	-0.044032	5.6272e-05	0.082519	supercritical
1070.4	593.00	184.30	0.0054258	761.81	1083.6	6.0122	0.84443	1.1335	709.73	-0.044066	5.6300e-05	0.082567	supercritical
1071.4	593.00	184.15	0.0054304	762.67	1084.7	6.0133	0.84455	1.1335	709.96	-0.044100	5.6327e-05	0.082615	supercritical
1072.4	593.00	183.99	0.0054350	763.54	1085.8	6.0143	0.84467	1.1336	710.19	-0.044134	5.6354e-05	0.082663	supercritical
1073.4	593.00	183.84	0.0054396	764.40	1087.0	6.0154	0.84478	1.1336	710.43	-0.044168	5.6381e-05	0.082711	supercritical
1074.4	593.00	183.68	0.0054442	765.26	1088.1	6.0164	0.84490	1.1337	710.66	-0.044201	5.6408e-05	0.082759	supercritical
1075.4	593.00	183.53	0.0054488	766.12	1089.2	6.0175	0.84502	1.1338	710.89	-0.044235	5.6436e-05	0.082807	supercritical
1076.4	593.00	183.37	0.0054534	766.98	1090.4	6.0185	0.84514	1.1338	711.12	-0.044269	5.6463e-05	0.082855	supercritical
1077.4	593.00	183.22	0.0054580	767.84	1091.5	6.0196	0.84526	1.1339	711.35	-0.044302	5.6490e-05	0.082903	supercritical
1078.4	593.00	183.06	0.0054626	768.70	1092.6	6.0207	0.84538	1.1340	711.59	-0.044336	5.6517e-05	0.082951	supercritical
1079.4	593.00	182.91	0.0054672	769.56	1093.8	6.0217	0.84549	1.1340	711.82	-0.044369	5.6544e-05	0.082999	supercritical
1080.4	593.00	182.75	0.0054718	770.42	1094.9	6.0228	0.84561	1.1341	712.05	-0.044402	5.6572e-05	0.083047	supercritical
1081.4	593.00	182.60	0.0054764	771.29	1096.0	6.0238	0.84573	1.1342	712.28	-0.044436	5.6599e-05	0.083095	supercritical
1082.4	593.00	182.45	0.0054810	772.15	1097.2	6.0248	0.84585	1.1342	712.51	-0.044469	5.6626e-05	0.083143	supercritical
1083.4	593.00	182.29	0.0054856	773.01	1098.3	6.0259	0.84596	1.1343	712.75	-0.044502	5.6653e-05	0.083191	supercritical
1084.4	593.00	182.14	0.0054902	773.87	1099.4	6.0269	0.84608	1.1344	712.98	-0.044535	5.6680e-05	0.083239	supercritical
1085.4	593.00	181.99	0.0054948	774.73	1100.6	6.0280	0.84620	1.1344	713.21	-0.044568	5.6708e-05	0.083287	supercritical
1086.4	593.00	181.84	0.0054994	775.59	1101.7	6.0290	0.84631	1.1345	713.44	-0.044601	5.6735e-05	0.083335	supercritical
1087.4	593.00	181.69	0.0055040	776.46	1102.8	6.0301	0.84643	1.1345	713.67	-0.044634	5.6762e-05	0.083383	supercritical
1088.4	593.00	181.53	0.0055086	777.32	1104.0	6.0311	0.84655	1.1346	713.90	-0.044667	5.6789e-05	0.083431	supercritical
1089.4	593.00	181.38	0.0055132	778.18	1105.1	6.0322	0.84666	1.1347	714.14	-0.044700	5.6816e-05	0.083479	supercritical
1090.4	593.00	181.23	0.0055178	779.04	1106.2	6.0332	0.84678	1.1347	714.37	-0.044733	5.6843e-05	0.083527	supercritical
1091.4	593.00	181.08	0.0055224	779.90	1107.4	6.0342	0.84689	1.1348	714.60	-0.044765	5.6871e-05	0.083575	supercritical
1092.4	593.00	180.93	0.0055270	780.77	1108.5	6.0353	0.84701	1.1349	714.83	-0.044798	5.6898e-05	0.083623	supercritical
1093.4	593.00	180.78	0.0055316	781.63	1109.7	6.0363	0.84713	1.1349	715.06	-0.044831	5.6925e-05	0.083671	supercritical
1094.4	593.00	180.63	0.0055362	782.49	1110.8	6.0374	0.84724	1.1350	715.29	-0.044863	5.6952e-05	0.083719	supercritical
1095.4	593.00	180.48	0.0055408	783.35	1111.9	6.0384	0.84736	1.1351	715.52	-0.044896	5.6979e-05	0.083767	supercritical
1096.4	593.00	180.33	0.0055454	784.22	1113.1	6.0394	0.84747	1.1351	715.75	-0.044928	5.7006e-05	0.083815	supercritical
1097.4	593.00	180.18	0.0055499	785.08	1114.2	6.0405	0.84759	1.1352	715.98	-0.044960	5.7033e-05	0.083863	supercritical
1098.4	593.00	180.03	0.0055545	785.94	1115.3	6.0415	0.84770	1.1352	716.22	-0.044993	5.7061e-05	0.083912	supercritical
1099.4	593.00	179.88	0.0055591	786.81	1116.5	6.0425	0.84781	1.1353	716.45	-0.045025	5.7088e-05	0.083960	supercritical
1100.4	593.00	179.74	0.0055637	787.67	1117.6	6.0436	0.84793	1.1354	716.68	-0.045057	5.7115e-05	0.084008	supercritical
1101.4	593.00	179.59	0.0055683	788.53	1118.7	6.0446	0.84804	1.1354	716.91	-0.045089	5.7142e-05	0.084056	supercritical
1102.4	593.00	179.44	0.0055729	789.39	1119.9	6.0456	0.84816	1.1355	717.14	-0.045122	5.7169e-05	0.084104	supercritical
1103.4	593.00	179.29	0.0055775	790.26	1121.0	6.0467	0.84827	1.1356	717.37	-0.045154	5.7196e-05	0.084152	supercritical
1104.4	593.00	179.14	0.0055821	791.12	1122.1	6.0477	0.84838	1.1356	717.60	-0.045186	5.7223e-05	0.084200	supercritical
1105.4	593.00	179.00	0.0055867	791.99	1123.3	6.0487	0.84850	1.1357	717.83	-0.045218	5.7250e-05	0.084248	supercritical
1106.4	593.00	178.85	0.0055913	792.85	1124.4	6.0497	0.84861	1.1358	718.06	-0.045249	5.7277e-05	0.084296	supercritical
1107.4	593.00	178.70	0.0055959	793.71	1125.5	6.0508	0.84872	1.1358	718.29	-0.045281	5.7305e-05	0.084344	supercritical
1108.4	593.00	178.56	0.0056004	794.58	1126.7	6.0518	0.84884	1.1359	718.52	-0.045313	5.7332e-05	0.084392	supercritical
1109.4	593.00	178.41	0.0056050	795.44	1127.8	6.0528	0.84895	1.1359	718.75	-0.045345	5.7359e-05	0.084440	supercritical
1110.4	593.00	178.27	0.0056096	796.30	1129.0	6.0538	0.84906	1.1360	718.98	-0.045376	5.7386e-05	0.084488	supercritical
1111.4	593.00	178.12	0.0056142	797.17	1130.1	6.0549	0.84917	1.1361	719.21	-0.045408	5.7413e-05	0.084536	supercritical
1112.4	593.00	177.97	0.0056188	798.03	1131.2	6.0559	0.84929	1.1361	719.44	-0.045440	5.7440e-05	0.084584	supercritical
1113.4	593.00	177.83	0.0056234	798.90	1132.4	6.0569	0.84940	1.1362	719.67	-0.045471	5.7467e-05	0.084632	supercritical
1114.4	593.00	177.68	0.0056280	799.76	1133.5	6.0579	0.84951	1.1363	719.90	-0.045503	5.7494e-05	0.084681	supercritical
1115.4	593.00	177.54	0.0056326	800.62	1134.6	6.0589	0.84962	1.1363	720.13	-0.045534	5.7521e-05	0.084729	supercritical
1116.4	593.00	177.39	0.0056371	801.49	1135.8	6.0600	0.84973	1.1364	720.36	-0.045565	5.7548e-05	0.084777	supercritical
1117.4	593.00	177.25	0.0056417	802.35	1136.9	6.0610	0.84985	1.1365	720.59	-0.045597	5.7575e-05	0.084825	supercritical
1118.4	593.00	177.11	0.0056463	803.22	1138.0	6.0620	0.84996	1.1365	720.82	-0.045628	5.7602e-05	0.084873	supercritical
1119.4	593.00	176.96	0.0056509	804.08	1139.2	6.0630	0.85007	1.1366	721.04	-0.045659	5.7629e-05	0.084921	supercritical
1120.4	593.00	176.82	0.0056555	804.95	1140.3	6.0640	0.85018	1.1366	721.27	-0.045690	5.7656e-05	0.084969	supercritical
1121.4	593.00	176.68	0.0056601	805.81	1141.5	6.0650	0.85029	1.1367	721.50	-0.045722	5.7683e-05	0.085017	supercritical
1122.4	593.00	176.53	0.0056646	806.68	1142.6	6.0661	0.85040	1.1368	721.73	-0.045753	5.7711e-05	0.085065	supercritical
1123.4	593.00	176.39	0.0056692	807.54	1143.7	6.0671	0.85051	1.1368	721.96	-0.045784	5.7738e-05	0.085113	supercritical
1124.4	593.00	176.25	0.0056738	808.41	1144.9	6.0681	0.85062	1.1369	722.19	-0.045815	5.7765e-05	0.085161	supercritical
1125.4	593.00	176.11	0.0056784	809.27	1146.0	6.0691	0.85073	1.1370	722.42	-0.045845	5.7792e-05	0.085210	supercritical
1126.4	593.00	175.96	0.0056830	810.14	1147.1	6.0701	0.85084	1.1370	722.65	-0.045876	5.7819e-05	0.085258	supercritical
1127.4	593.00	175.82	0.0056876	811.00	1148.3	6.0711	0.85095	1.1371	722.88	-0.045907	5.7846e-05	0.085306	supercritical
1128.4	593.00	175.68	0.0056921	811.87	1149.4	6.0721	0.85106	1.1371	723.11	-0.045938	5.7873e-05	0.085354	supercritical
1129.4	593.00	175.54	0.0056967	812.73	1150.5	6.0731	0.85117	1.1372	723.33	-0.045969	5.7900e-05	0.085402	supercritical
1130.4	593.00	175.40	0.0057013	813.60	1151.7	6.0741	0.85128	1.1373	723.56	-0.045999	5.7927e-05	0.085450	supercritical
1131.4	593.00	175.26	0.0057059	814.47	1152.8	6.0751	0.85139	1.1373	723.79	-0.046030	5.7954e-05	0.085498	supercritical
1132.4	593.00	175.12	0.0057105	815.33	1154.0	6.0761	0.85150	1.1374	724.02	-0.046060	5.7981e-05	0.085546	supercritical
1133.4	593.00	174.98	0.0057150	816.20	1155.1	6.0771	0.85161	1.1375	724.25	-0.046091	5.8008e-05	0.085594	supercritical
1134.4	593.00	174.84	0.0057196	817.06	1156.2	6.0781	0.85172	1.1375	724.48	-0.046121	5.8035e-05	0.085642	supercritical
1135.4	593.00	174.70	0.0057242	817.93	1157.4	6.0792	0.85183	1.1376	724.70	-0.046152	5.8062e-05	0.085691	supercritical
1136.4	593.00	174.56	0.0057288	818.79	1158.5	6.0802	0.85194	1.1376	724.93	-0.046182	5.8089e-05	0.085739	supercritical
1137.4	593.00	174.42	0.0057334	819.66	1159.6	6.0812	0.85204	1.1377	725.16	-0.046212	5.8116e-05	0.085787	supercritical
1138.4	593.00	174.28	0.0057379	820.53	1160.8	6.0822	0.85215	1.1378	725.39	-0.046242	5.8143e-05	0.085835	supercritical
1139.4	593.00	174.14	0.0057425	821.39	1161.9	6.0832	0.85226	1.1378	725.62	-0.046273	5.8170e-05	0.085883	supercritical
1140.4	593.00	174.00	0.0057471	822.26	1163.1	6.0842	0.85237	1.1379	725.84	-0.046303	5.8196e-05	0.085931	supercritical
1141.4	593.00	173.86	0.0057517	823.13	1164.2	6.0851	0.85248	1.1380	726.07	-0.046333	5.8223e-05	0.085979	supercritical
1142.4	593.00	173.72	0.0057563	823.99	1165.3	6.0861	0.85258	1.1380	726.30	-0.046363	5.8250e-05	0.086027	supercritical
1143.4	593.00	173.59	0.0057608	824.86	1166.5	6.0871	0.85269	1.1381	726.53	-0.046393	5.8277e-05	0.086075	supercritical
1144.4	593.00	173.45	0.0057654	825.73	1167.6	6.0881	0.85280	1.1381	726.75	-0.046423	5.8304e-05	0.086124	supercritical
1145.4	593.00	173.31	0.0057700	826.59	1168.8	6.0891	0.85291	1.1382	726.98	-0.046453	5.8331e-05	0.086172	supercritical
1146.4	593.00	173.17	0.0057746	827.46	1169.9	6.0901	0.85301	1.1383	727.21	-0.046483	5.8358e-05	0.086220	supercritical
1147.4	593.00	173.04	0.0057791	828.33	1171.0	6.0911	0.85312	1.1383	727.44	-0.046512	5.8385e-05	0.086268	supercritical
1148.4	593.00	172.90	0.0057837	829.19	1172.2	6.0921	0.85323	1.1384	727.66	-0.046542	5.8412e-05	0.086316	supercritical
1149.4	593.00	172.76	0.0057883	830.06	1173.3	6.0931	0.85333	1.1385	727.89	-0.046572	5.8439e-05	0.086364	supercritical
1150.4	593.00	172.63	0.0057929	830.93	1174.4	6.0941	0.85344	1.1385	728.12	-0.046601	5.8466e-05	0.086412	supercritical
1151.4	593.00	172.49	0.0057974	831.80	1175.6	6.0951	0.85355	1.1386	728.35	-0.046631	5.8493e-05	0.086460	supercritical
1152.4	593.00	172.35	0.0058020	832.66	1176.7	6.0961	0.85365	1.1386	728.57	-0.046661	5.8520e-05	0.086508	supercritical
1153.4	593.00	172.22	0.0058066	833.53	1177.9	6.0971	0.85376	1.1387	728.80	-0.046690	5.8547e-05	0.086557	supercritical
1154.4	593.00	172.08	0.0058112	834.40	1179.0	6.0980	0.85387	1.1388	729.03	-0.046720	5.8574e-05	0.086605	supercritical
1155.4	593.00	171.95	0.0058157	835.27	1180.1	6.0990	0.85397	1.1388	729.25	-0.046749	5.8600e-05	0.086653	supercritical
1156.4	593.00	171.81	0.0058203	836.13	1181.3	6.1000	0.85408	1.1389	729.48	-0.046778	5.8627e-05	0.086701	supercritical
1157.4	593.00	171.68	0.0058249	837.00	1182.4	6.1010	0.85418	1.1390	729.71	-0.046808	5.8654e-05	0.086749	supercritical
1158.4	593.00	171.54	0.0058294	837.87	1183.6	6.1020	0.85429	1.1390	729.93	-0.046837	5.8681e-05	0.086797	supercritical
1159.4	593.00	171.41	0.0058340	838.74	1184.7	6.1030	0.85439	1.1391	730.16	-0.046866	5.8708e-05	0.086845	supercritical
1160.4	593.00	171.27	0.0058386	839.60	1185.8	6.1039	0.85450	1.1391	730.39	-0.046895	5.8735e-05	0.086893	supercritical
1161.4	593.00	171.14	0.0058432	840.47	1187.0	6.1049	0.85460	1.1392	730.61	-0.046924	5.8762e-05	0.086942	supercritical
1162.4	593.00	171.01	0.0058477	841.34	1188.1	6.1059	0.85471	1.1393	730.84	-0.046953	5.8789e-05	0.086990	supercritical
1163.4	593.00	170.87	0.0058523	842.21	1189.3	6.1069	0.85481	1.1393	731.06	-0.046982	5.8816e-05	0.087038	supercritical
1164.4	593.00	170.74	0.0058569	843.08	1190.4	6.1079	0.85492	1.1394	731.29	-0.047011	5.8842e-05	0.087086	supercritical
1165.4	593.00	170.61	0.0058614	843.95	1191.5	6.1088	0.85502	1.1395	731.52	-0.047040	5.8869e-05	0.087134	supercritical
1166.4	593.00	170.47	0.0058660	844.81	1192.7	6.1098	0.85513	1.1395	731.74	-0.047069	5.8896e-05	0.087182	supercritical
1167.4	593.00	170.34	0.0058706	845.68	1193.8	6.1108	0.85523	1.1396	731.97	-0.047098	5.8923e-05	0.087230	supercritical
1168.4	593.00	170.21	0.0058751	846.55	1194.9	6.1118	0.85534	1.1396	732.19	-0.047127	5.8950e-05	0.087279	supercritical
1169.4	593.00	170.08	0.0058797	847.42	1196.1	6.1127	0.85544	1.1397	732.42	-0.047155	5.8977e-05	0.087327	supercritical
1170.4	593.00	169.94	0.0058843	848.29	1197.2	6.1137	0.85554	1.1398	732.65	-0.047184	5.9003e-05	0.087375	supercritical
1171.4	593.00	169.81	0.0058889	849.16	1198.4	6.1147	0.85565	1.1398	732.87	-0.047213	5.9030e-05	0.087423	supercritical
1172.4	593.00	169.68	0.0058934	850.03	1199.5	6.1157	0.85575	1.1399	733.10	-0.047241	5.9057e-05	0.087471	supercritical
1173.4	593.00	169.55	0.0058980	850.90	1200.6	6.1166	0.85585	1.1399	733.32	-0.047270	5.9084e-05	0.087519	supercritical
1174.4	593.00	169.42	0.0059026	851.77	1201.8	6.1176	0.85596	1.1400	733.55	-0.047298	5.9111e-05	0.087567	supercritical
1175.4	593.00	169.29	0.0059071	852.63	1202.9	6.1186	0.85606	1.1401	733.77	-0.047327	5.9138e-05	0.087615	supercritical
1176.4	593.00	169.16	0.0059117	853.50	1204.1	6.1196	0.85616	1.1401	734.00	-0.047355	5.9164e-05	0.087664	supercritical
1177.4	593.00	169.03	0.0059163	854.37	1205.2	6.1205	0.85627	1.1402	734.22	-0.047384	5.9191e-05	0.087712	supercritical
1178.4	593.00	168.90	0.0059208	855.24	1206.3	6.1215	0.85637	1.1403	734.45	-0.047412	5.9218e-05	0.087760	supercritical
1179.4	593.00	168.77	0.0059254	856.11	1207.5	6.1225	0.85647	1.1403	734.67	-0.047440	5.9245e-05	0.087808	supercritical
1180.4	593.00	168.64	0.0059300	856.98	1208.6	6.1234	0.85657	1.1404	734.90	-0.047468	5.9272e-05	0.087856	supercritical
1181.4	593.00	168.51	0.0059345	857.85	1209.8	6.1244	0.85668	1.1404	735.12	-0.047497	5.9298e-05	0.087904	supercritical
1182.4	593.00	168.38	0.0059391	858.72	1210.9	6.1254	0.85678	1.1405	735.35	-0.047525	5.9325e-05	0.087952	supercritical
1183.4	593.00	168.25	0.0059436	859.59	1212.0	6.1263	0.85688	1.1406	735.57	-0.047553	5.9352e-05	0.088001	supercritical
1184.4	593.00	168.12	0.0059482	860.46	1213.2	6.1273	0.85698	1.1406	735.80	-0.047581	5.9379e-05	0.088049	supercritical
1185.4	593.00	167.99	0.0059528	861.33	1214.3	6.1282	0.85709	1.1407	736.02	-0.047609	5.9406e-05	0.088097	supercritical
1186.4	593.00	167.86	0.0059573	862.20	1215.5	6.1292	0.85719	1.1407	736.25	-0.047637	5.9432e-05	0.088145	supercritical
1187.4	593.00	167.73	0.0059619	863.07	1216.6	6.1302	0.85729	1.1408	736.47	-0.047665	5.9459e-05	0.088193	supercritical
1188.4	593.00	167.60	0.0059665	863.94	1217.8	6.1311	0.85739	1.1409	736.70	-0.047693	5.9486e-05	0.088241	supercritical
1189.4	593.00	167.48	0.0059710	864.81	1218.9	6.1321	0.85749	1.1409	736.92	-0.047720	5.9513e-05	0.088289	supercritical
1190.4	593.00	167.35	0.0059756	865.68	1220.0	6.1330	0.85759	1.1410	737.15	-0.047748	5.9539e-05	0.088338	supercritical
1191.4	593.00	167.22	0.0059802	866.55	1221.2	6.1340	0.85769	1.1411	737.37	-0.047776	5.9566e-05	0.088386	supercritical
1192.4	593.00	167.09	0.0059847	867.42	1222.3	6.1350	0.85780	1.1411	737.60	-0.047804	5.9593e-05	0.088434	supercritical
1193.4	593.00	166.97	0.0059893	868.29	1223.5	6.1359	0.85790	1.1412	737.82	-0.047831	5.9620e-05	0.088482	supercritical
1194.4	593.00	166.84	0.0059938	869.17	1224.6	6.1369	0.85800	1.1412	738.04	-0.047859	5.9646e-05	0.088530	supercritical
1195.4	593.00	166.71	0.0059984	870.04	1225.7	6.1378	0.85810	1.1413	738.27	-0.047886	5.9673e-05	0.088578	supercritical
1196.4	593.00	166.58	0.0060030	870.91	1226.9	6.1388	0.85820	1.1414	738.49	-0.047914	5.9700e-05	0.088626	supercritical
1197.4	593.00	166.46	0.0060075	871.78	1228.0	6.1397	0.85830	1.1414	738.72	-0.047941	5.9727e-05	0.088674	supercritical
1198.4	593.00	166.33	0.0060121	872.65	1229.2	6.1407	0.85840	1.1415	738.94	-0.047969	5.9753e-05	0.088723	supercritical
1199.4	593.00	166.21	0.0060166	873.52	1230.3	6.1416	0.85850	1.1415	739.16	-0.047996	5.9780e-05	0.088771	supercritical
1200.4	593.00	166.08	0.0060212	874.39	1231.4	6.1426	0.85860	1.1416	739.39	-0.048023	5.9807e-05	0.088819	supercritical
1201.4	593.00	165.95	0.0060258	875.26	1232.6	6.1435	0.85870	1.1417	739.61	-0.048051	5.9834e-05	0.088867	supercritical
1202.4	593.00	165.83	0.0060303	876.13	1233.7	6.1445	0.85880	1.1417	739.83	-0.048078	5.9860e-05	0.088915	supercritical
1203.4	593.00	165.70	0.0060349	877.01	1234.9	6.1454	0.85890	1.1418	740.06	-0.048105	5.9887e-05	0.088963	supercritical
1204.4	593.00	165.58	0.0060394	877.88	1236.0	6.1464	0.85900	1.1418	740.28	-0.048132	5.9914e-05	0.089011	supercritical
1205.4	593.00	165.45	0.0060440	878.75	1237.2	6.1473	0.85910	1.1419	740.50	-0.048159	5.9940e-05	0.089060	supercritical
1206.4	593.00	165.33	0.0060486	879.62	1238.3	6.1483	0.85920	1.1420	740.73	-0.048186	5.9967e-05	0.089108	supercritical
1207.4	593.00	165.20	0.0060531	880.49	1239.4	6.1492	0.85930	1.1420	740.95	-0.048213	5.9994e-05	0.089156	supercritical
1208.4	593.00	165.08	0.0060577	881.36	1240.6	6.1502	0.85940	1.1421	741.17	-0.048240	6.0020e-05	0.089204	supercritical
1209.4	593.00	164.96	0.0060622	882.24	1241.7	6.1511	0.85949	1.1421	741.40	-0.048267	6.0047e-05	0.089252	supercritical
1210.4	593.00	164.83	0.0060668	883.11	1242.9	6.1521	0.85959	1.1422	741.62	-0.048294	6.0074e-05	0.089300	supercritical
1211.4	593.00	164.71	0.0060713	883.98	1244.0	6.1530	0.85969	1.1423	741.84	-0.048321	6.0100e-05	0.089348	supercritical
1212.4	593.00	164.58	0.0060759	884.85	1245.2	6.1540	0.85979	1.1423	742.07	-0.048348	6.0127e-05	0.089397	supercritical
1213.4	593.00	164.46	0.0060804	885.72	1246.3	6.1549	0.85989	1.1424	742.29	-0.048375	6.0154e-05	0.089445	supercritical
1214.4	593.00	164.34	0.0060850	886.60	1247.4	6.1558	0.85999	1.1425	742.51	-0.048401	6.0180e-05	0.089493	supercritical
1215.4	593.00	164.22	0.0060896	887.47	1248.6	6.1568	0.86009	1.1425	742.73	-0.048428	6.0207e-05	0.089541	supercritical
1216.4	593.00	164.09	0.0060941	888.34	1249.7	6.1577	0.86018	1.1426	742.96	-0.048455	6.0234e-05	0.089589	supercritical
1217.4	593.00	163.97	0.0060987	889.21	1250.9	6.1587	0.86028	1.1426	743.18	-0.048481	6.0260e-05	0.089637	supercritical
1218.4	593.00	163.85	0.0061032	890.09	1252.0	6.1596	0.86038	1.1427	743.40	-0.048508	6.0287e-05	0.089685	supercritical
1219.4	593.00	163.73	0.0061078	890.96	1253.1	6.1605	0.86048	1.1428	743.62	-0.048534	6.0314e-05	0.089734	supercritical
1220.4	593.00	163.60	0.0061123	891.83	1254.3	6.1615	0.86058	1.1428	743.85	-0.048561	6.0340e-05	0.089782	supercritical
1221.4	593.00	163.48	0.0061169	892.70	1255.4	6.1624	0.86067	1.1429	744.07	-0.048587	6.0367e-05	0.089830	supercritical
1222.4	593.00	163.36	0.0061214	893.58	1256.6	6.1633	0.86077	1.1429	744.29	-0.048613	6.0394e-05	0.089878	supercritical
1223.4	593.00	163.24	0.0061260	894.45	1257.7	6.1643	0.86087	1.1430	744.51	-0.048640	6.0420e-05	0.089926	supercritical
1224.4	593.00	163.12	0.0061305	895.32	1258.9	6.1652	0.86097	1.1431	744.74	-0.048666	6.0447e-05	0.089974	supercritical
1225.4	593.00	163.00	0.0061351	896.20	1260.0	6.1661	0.86106	1.1431	744.96	-0.048692	6.0473e-05	0.090022	supercritical
1226.4	593.00	162.88	0.0061397	897.07	1261.2	6.1671	0.86116	1.1432	745.18	-0.048718	6.0500e-05	0.090070	supercritical
1227.4	593.00	162.76	0.0061442	897.94	1262.3	6.1680	0.86126	1.1432	745.40	-0.048745	6.0527e-05	0.090119	supercritical
1228.4	593.00	162.63	0.0061488	898.82	1263.4	6.1689	0.86135	1.1433	745.62	-0.048771	6.0553e-05	0.090167	supercritical
1229.4	593.00	162.51	0.0061533	899.69	1264.6	6.1699	0.86145	1.1434	745.84	-0.048797	6.0580e-05	0.090215	supercritical
1230.4	593.00	162.39	0.0061579	900.56	1265.7	6.1708	0.86155	1.1434	746.07	-0.048823	6.0606e-05	0.090263	supercritical
1231.4	593.00	162.27	0.0061624	901.44	1266.9	6.1717	0.86164	1.1435	746.29	-0.048849	6.0633e-05	0.090311	supercritical
1232.4	593.00	162.15	0.0061670	902.31	1268.0	6.1727	0.86174	1.1435	746.51	-0.048875	6.0660e-05	0.090359	supercritical
1233.4	593.00	162.03	0.0061715	903.18	1269.2	6.1736	0.86184	1.1436	746.73	-0.048901	6.0686e-05	0.090407	supercritical
1234.4	593.00	161.92	0.0061761	904.06	1270.3	6.1745	0.86193	1.1437	746.95	-0.048927	6.0713e-05	0.090456	supercritical
1235.4	593.00	161.80	0.0061806	904.93	1271.4	6.1754	0.86203	1.1437	747.17	-0.048952	6.0739e-05	0.090504	supercritical
1236.4	593.00	161.68	0.0061852	905.81	1272.6	6.1764	0.86213	1.1438	747.40	-0.048978	6.0766e-05	0.090552	supercritical
1237.4	593.00	161.56	0.0061897	906.68	1273.7	6.1773	0.86222	1.1438	747.62	-0.049004	6.0792e-05	0.090600	supercritical
1238.4	593.00	161.44	0.0061943	907.55	1274.9	6.1782	0.86232	1.1439	747.84	-0.049030	6.0819e-05	0.090648	supercritical
1239.4	593.00	161.32	0.0061988	908.43	1276.0	6.1791	0.86241	1.1440	748.06	-0.049055	6.0846e-05	0.090696	supercritical
1240.4	593.00	161.20	0.0062034	909.30	1277.2	6.1801	0.86251	1.1440	748.28	-0.049081	6.0872e-05	0.090744	supercritical
1241.4	593.00	161.08	0.0062079	910.18	1278.3	6.1810	0.86260	1.1441	748.50	-0.049106	6.0899e-05	0.090792	supercritical
1242.4	593.00	160.97	0.0062125	911.05	1279.4	6.1819	0.86270	1.1441	748.72	-0.049132	6.0925e-05	0.090841	supercritical
1243.4	593.00	160.85	0.0062170	911.92	1280.6	6.1828	0.86279	1.1442	748.94	-0.049158	6.0952e-05	0.090889	supercritical
1244.4	593.00	160.73	0.0062215	912.80	1281.7	6.1837	0.86289	1.1443	749.16	-0.049183	6.0978e-05	0.090937	supercritical
1245.4	593.00	160.61	0.0062261	913.67	1282.9	6.1847	0.86298	1.1443	749.38	-0.049208	6.1005e-05	0.090985	supercritical
1246.4	593.00	160.50	0.0062306	914.55	1284.0	6.1856	0.86308	1.1444	749.60	-0.049234	6.1031e-05	0.091033	supercritical
1247.4	593.00	160.38	0.0062352	915.42	1285.2	6.1865	0.86317	1.1444	749.82	-0.049259	6.1058e-05	0.091081	supercritical
1248.4	593.00	160.26	0.0062397	916.30	1286.3	6.1874	0.86327	1.1445	750.04	-0.049284	6.1084e-05	0.091129	supercritical
1249.4	593.00	160.15	0.0062443	917.17	1287.5	6.1883	0.86336	1.1446	750.27	-0.049310	6.1111e-05	0.091177	supercritical
1250.4	593.00	160.03	0.0062488	918.05	1288.6	6.1892	0.86346	1.1446	750.49	-0.049335	6.1137e-05	0.091226	supercritical
1251.4	593.00	159.91	0.0062534	918.92	1289.7	6.1902	0.86355	1.1447	750.71	-0.049360	6.1164e-05	0.091274	supercritical
1252.4	593.00	159.80	0.0062579	919.80	1290.9	6.1911	0.86365	1.1447	750.93	-0.049385	6.1190e-05	0.091322	supercritical
1253.4	593.00	159.68	0.0062625	920.67	1292.0	6.1920	0.86374	1.1448	751.15	-0.049410	6.1217e-05	0.091370	supercritical
1254.4	593.00	159.57	0.0062670	921.55	1293.2	6.1929	0.86384	1.1449	751.37	-0.049435	6.1243e-05	0.091418	supercritical
1255.4	593.00	159.45	0.0062716	922.42	1294.3	6.1938	0.86393	1.1449	751.59	-0.049460	6.1270e-05	0.091466	supercritical
1256.4	593.00	159.33	0.0062761	923.30	1295.5	6.1947	0.86402	1.1450	751.81	-0.049485	6.1296e-05	0.091514	supercritical
1257.4	593.00	159.22	0.0062806	924.18	1296.6	6.1956	0.86412	1.1450	752.03	-0.049510	6.1323e-05	0.091562	supercritical
1258.4	593.00	159.10	0.0062852	925.05	1297.8	6.1965	0.86421	1.1451	752.25	-0.049535	6.1349e-05	0.091611	supercritical
1259.4	593.00	158.99	0.0062897	925.93	1298.9	6.1975	0.86431	1.1452	752.47	-0.049560	6.1376e-05	0.091659	supercritical
1260.4	593.00	158.87	0.0062943	926.80	1300.1	6.1984	0.86440	1.1452	752.69	-0.049585	6.1402e-05	0.091707	supercritical
1261.4	593.00	158.76	0.0062988	927.68	1301.2	6.1993	0.86449	1.1453	752.90	-0.049610	6.1429e-05	0.091755	supercritical
1262.4	593.00	158.65	0.0063034	928.55	1302.3	6.2002	0.86459	1.1453	753.12	-0.049634	6.1455e-05	0.091803	supercritical
1263.4	593.00	158.53	0.0063079	929.43	1303.5	6.2011	0.86468	1.1454	753.34	-0.049659	6.1482e-05	0.091851	supercritical
1264.4	593.00	158.42	0.0063124	930.31	1304.6	6.2020	0.86477	1.1455	753.56	-0.049684	6.1508e-05	0.091899	supercritical
1265.4	593.00	158.30	0.0063170	931.18	1305.8	6.2029	0.86487	1.1455	753.78	-0.049708	6.1535e-05	0.091947	supercritical
1266.4	593.00	158.19	0.0063215	932.06	1306.9	6.2038	0.86496	1.1456	754.00	-0.049733	6.1561e-05	0.091995	supercritical
1267.4	593.00	158.08	0.0063261	932.93	1308.1	6.2047	0.86505	1.1456	754.22	-0.049758	6.1587e-05	0.092044	supercritical
1268.4	593.00	157.96	0.0063306	933.81	1309.2	6.2056	0.86514	1.1457	754.44	-0.049782	6.1614e-05	0.092092	supercritical
1269.4	593.00	157.85	0.0063352	934.69	1310.4	6.2065	0.86524	1.1458	754.66	-0.049807	6.1640e-05	0.092140	supercritical
1270.4	593.00	157.74	0.0063397	935.56	1311.5	6.2074	0.86533	1.1458	754.88	-0.049831	6.1667e-05	0.092188	supercritical
1271.4	593.00	157.62	0.0063442	936.44	1312.7	6.2083	0.86542	1.1459	755.10	-0.049855	6.1693e-05	0.092236	supercritical
1272.4	593.00	157.51	0.0063488	937.32	1313.8	6.2092	0.86551	1.1459	755.32	-0.049880	6.1720e-05	0.092284	supercritical
1273.4	593.00	157.40	0.0063533	938.19	1314.9	6.2101	0.86561	1.1460	755.53	-0.049904	6.1746e-05	0.092332	supercritical
1274.4	593.00	157.29	0.0063579	939.07	1316.1	6.2110	0.86570	1.1461	755.75	-0.049928	6.1772e-05	0.092380	supercritical
1275.4	593.00	157.17	0.0063624	939.95	1317.2	6.2119	0.86579	1.1461	755.97	-0.049953	6.1799e-05	0.092428	supercritical
1276.4	593.00	157.06	0.0063669	940.82	1318.4	6.2128	0.86588	1.1462	756.19	-0.049977	6.1825e-05	0.092477	supercritical
1277.4	593.00	156.95	0.0063715	941.70	1319.5	6.2137	0.86597	1.1462	756.41	-0.050001	6.1852e-05	0.092525	supercritical
1278.4	593.00	156.84	0.0063760	942.58	1320.7	6.2146	0.86607	1.1463	756.63	-0.050025	6.1878e-05	0.092573	supercritical
1279.4	593.00	156.73	0.0063806	943.46	1321.8	6.2155	0.86616	1.1464	756.85	-0.050049	6.1904e-05	0.092621	supercritical
1280.4	593.00	156.61	0.0063851	944.33	1323.0	6.2164	0.86625	1.1464	757.06	-0.050073	6.1931e-05	0.092669	supercritical
1281.4	593.00	156.50	0.0063896	945.21	1324.1	6.2173	0.86634	1.1465	757.28	-0.050097	6.1957e-05	0.092717	supercritical
1282.4	593.00	156.39	0.0063942	946.09	1325.3	6.2182	0.86643	1.1465	757.50	-0.050121	6.1984e-05	0.092765	supercritical
1283.4	593.00	156.28	0.0063987	946.97	1326.4	6.2191	0.86652	1.1466	757.72	-0.050145	6.2010e-05	0.092813	supercritical
1284.4	593.00	156.17	0.0064033	947.84	1327.6	6.2200	0.86662	1.1467	757.94	-0.050169	6.2036e-05	0.092861	supercritical
1285.4	593.00	156.06	0.0064078	948.72	1328.7	6.2209	0.86671	1.1467	758.16	-0.050193	6.2063e-05	0.092909	supercritical
1286.4	593.00	155.95	0.0064123	949.60	1329.8	6.2218	0.86680	1.1468	758.37	-0.050217	6.2089e-05	0.092958	supercritical
1287.4	593.00	155.84	0.0064169	950.48	1331.0	6.2227	0.86689	1.1468	758.59	-0.050240	6.2115e-05	0.093006	supercritical
1288.4	593.00	155.73	0.0064214	951.35	1332.1	6.2235	0.86698	1.1469	758.81	-0.050264	6.2142e-05	0.093054	supercritical
1289.4	593.00	155.62	0.0064259	952.23	1333.3	6.2244	0.86707	1.1469	759.03	-0.050288	6.2168e-05	0.093102	supercritical
1290.4	593.00	155.51	0.0064305	953.11	1334.4	6.2253	0.86716	1.1470	759.24	-0.050312	6.2194e-05	0.093150	supercritical
1291.4	593.00	155.40	0.0064350	953.99	1335.6	6.2262	0.86725	1.1471	759.46	-0.050335	6.2221e-05	0.093198	supercritical
1292.4	593.00	155.29	0.0064395	954.87	1336.7	6.2271	0.86734	1.1471	759.68	-0.050359	6.2247e-05	0.093246	supercritical
1293.4	593.00	155.18	0.0064441	955.74	1337.9	6.2280	0.86743	1.1472	759.90	-0.050382	6.2273e-05	0.093294	supercritical
1294.4	593.00	155.07	0.0064486	956.62	1339.0	6.2289	0.86752	1.1472	760.11	-0.050406	6.2300e-05	0.093342	supercritical
1295.4	593.00	154.96	0.0064532	957.50	1340.2	6.2298	0.86761	1.1473	760.33	-0.050429	6.2326e-05	0.093390	supercritical
1296.4	593.00	154.85	0.0064577	958.38	1341.3	6.2306	0.86771	1.1474	760.55	-0.050453	6.2352e-05	0.093438	supercritical
1297.4	593.00	154.75	0.0064622	959.26	1342.5	6.2315	0.86780	1.1474	760.77	-0.050476	6.2379e-05	0.093487	supercritical
1298.4	593.00	154.64	0.0064668	960.14	1343.6	6.2324	0.86789	1.1475	760.98	-0.050500	6.2405e-05	0.093535	supercritical
1299.4	593.00	154.53	0.0064713	961.01	1344.8	6.2333	0.86798	1.1475	761.20	-0.050523	6.2431e-05	0.093583	supercritical
1300.4	593.00	154.42	0.0064758	961.89	1345.9	6.2342	0.86807	1.1476	761.42	-0.050546	6.2458e-05	0.093631	supercritical
1301.4	593.00	154.31	0.0064804	962.77	1347.1	6.2351	0.86816	1.1477	761.63	-0.050570	6.2484e-05	0.093679	supercritical
1302.4	593.00	154.20	0.0064849	963.65	1348.2	6.2359	0.86825	1.1477	761.85	-0.050593	6.2510e-05	0.093727	supercritical
1303.4	593.00	154.10	0.0064894	964.53	1349.4	6.2368	0.86833	1.1478	762.07	-0.050616	6.2537e-05	0.093775	supercritical
1304.4	593.00	153.99	0.0064940	965.41	1350.5	6.2377	0.86842	1.1478	762.28	-0.050639	6.2563e-05	0.093823	supercritical
1305.4	593.00	153.88	0.0064985	966.29	1351.6	6.2386	0.86851	1.1479	762.50	-0.050662	6.2589e-05	0.093871	supercritical
1306.4	593.00	153.77	0.0065030	967.17	1352.8	6.2395	0.86860	1.1480	762.72	-0.050685	6.2615e-05	0.093919	supercritical
1307.4	593.00	153.67	0.0065076	968.05	1353.9	6.2403	0.86869	1.1480	762.93	-0.050709	6.2642e-05	0.093967	supercritical
1308.4	593.00	153.56	0.0065121	968.93	1355.1	6.2412	0.86878	1.1481	763.15	-0.050732	6.2668e-05	0.094015	supercritical
1309.4	593.00	153.45	0.0065166	969.80	1356.2	6.2421	0.86887	1.1481	763.37	-0.050755	6.2694e-05	0.094063	supercritical
1310.4	593.00	153.35	0.0065212	970.68	1357.4	6.2430	0.86896	1.1482	763.58	-0.050777	6.2721e-05	0.094112	supercritical
1311.4	593.00	153.24	0.0065257	971.56	1358.5	6.2439	0.86905	1.1482	763.80	-0.050800	6.2747e-05	0.094160	supercritical
1312.4	593.00	153.13	0.0065302	972.44	1359.7	6.2447	0.86914	1.1483	764.02	-0.050823	6.2773e-05	0.094208	supercritical
1313.4	593.00	153.03	0.0065347	973.32	1360.8	6.2456	0.86923	1.1484	764.23	-0.050846	6.2799e-05	0.094256	supercritical
1314.4	593.00	152.92	0.0065393	974.20	1362.0	6.2465	0.86932	1.1484	764.45	-0.050869	6.2826e-05	0.094304	supercritical
1315.4	593.00	152.82	0.0065438	975.08	1363.1	6.2474	0.86940	1.1485	764.66	-0.050892	6.2852e-05	0.094352	supercritical
1316.4	593.00	152.71	0.0065483	975.96	1364.3	6.2482	0.86949	1.1485	764.88	-0.050914	6.2878e-05	0.094400	supercritical
1317.4	593.00	152.60	0.0065529	976.84	1365.4	6.2491	0.86958	1.1486	765.10	-0.050937	6.2904e-05	0.094448	supercritical
1318.4	593.00	152.50	0.0065574	977.72	1366.6	6.2500	0.86967	1.1487	765.31	-0.050960	6.2930e-05	0.094496	supercritical
1319.4	593.00	152.39	0.0065619	978.60	1367.7	6.2508	0.86976	1.1487	765.53	-0.050982	6.2957e-05	0.094544	supercritical
1320.4	593.00	152.29	0.0065665	979.48	1368.9	6.2517	0.86985	1.1488	765.74	-0.051005	6.2983e-05	0.094592	supercritical
1321.4	593.00	152.18	0.0065710	980.36	1370.0	6.2526	0.86994	1.1488	765.96	-0.051028	6.3009e-05	0.094640	supercritical
1322.4	593.00	152.08	0.0065755	981.24	1371.2	6.2534	0.87002	1.1489	766.18	-0.051050	6.3035e-05	0.094688	supercritical
1323.4	593.00	151.97	0.0065800	982.12	1372.3	6.2543	0.87011	1.1490	766.39	-0.051073	6.3062e-05	0.094736	supercritical
1324.4	593.00	151.87	0.0065846	983.00	1373.5	6.2552	0.87020	1.1490	766.61	-0.051095	6.3088e-05	0.094784	supercritical
1325.4	593.00	151.77	0.0065891	983.88	1374.6	6.2561	0.87029	1.1491	766.82	-0.051117	6.3114e-05	0.094832	supercritical
1326.4	593.00	151.66	0.0065936	984.77	1375.8	6.2569	0.87038	1.1491	767.04	-0.051140	6.3140e-05	0.094880	supercritical
1327.4	593.00	151.56	0.0065982	985.65	1376.9	6.2578	0.87046	1.1492	767.25	-0.051162	6.3166e-05	0.094929	supercritical
1328.4	593.00	151.45	0.0066027	986.53	1378.1	6.2586	0.87055	1.1492	767.47	-0.051184	6.3193e-05	0.094977	supercritical
1329.4	593.00	151.35	0.0066072	987.41	1379.2	6.2595	0.87064	1.1493	767.68	-0.051207	6.3219e-05	0.095025	supercritical
1330.4	593.00	151.25	0.0066117	988.29	1380.4	6.2604	0.87073	1.1494	767.90	-0.051229	6.3245e-05	0.095073	supercritical
1331.4	593.00	151.14	0.0066163	989.17	1381.5	6.2612	0.87081	1.1494	768.11	-0.051251	6.3271e-05	0.095121	supercritical
1332.4	593.00	151.04	0.0066208	990.05	1382.7	6.2621	0.87090	1.1495	768.33	-0.051273	6.3297e-05	0.095169	supercritical
1333.4	593.00	150.94	0.0066253	990.93	1383.8	6.2630	0.87099	1.1495	768.54	-0.051296	6.3323e-05	0.095217	supercritical
1334.4	593.00	150.83	0.0066298	991.81	1385.0	6.2638	0.87108	1.1496	768.76	-0.051318	6.3350e-05	0.095265	supercritical
1335.4	593.00	150.73	0.0066344	992.69	1386.1	6.2647	0.87116	1.1497	768.97	-0.051340	6.3376e-05	0.095313	supercritical
1336.4	593.00	150.63	0.0066389	993.57	1387.3	6.2656	0.87125	1.1497	769.19	-0.051362	6.3402e-05	0.095361	supercritical
1337.4	593.00	150.52	0.0066434	994.46	1388.4	6.2664	0.87134	1.1498	769.40	-0.051384	6.3428e-05	0.095409	supercritical
1338.4	593.00	150.42	0.0066480	995.34	1389.6	6.2673	0.87142	1.1498	769.62	-0.051406	6.3454e-05	0.095457	supercritical
1339.4	593.00	150.32	0.0066525	996.22	1390.7	6.2681	0.87151	1.1499	769.83	-0.051428	6.3480e-05	0.095505	supercritical
1340.4	593.00	150.22	0.0066570	997.10	1391.9	6.2690	0.87160	1.1500	770.04	-0.051450	6.3507e-05	0.095553	supercritical
1341.4	593.00	150.12	0.0066615	997.98	1393.0	6.2698	0.87168	1.1500	770.26	-0.051471	6.3533e-05	0.095601	supercritical
1342.4	593.00	150.01	0.0066661	998.86	1394.2	6.2707	0.87177	1.1501	770.47	-0.051493	6.3559e-05	0.095649	supercritical
1343.4	593.00	149.91	0.0066706	999.75	1395.3	6.2716	0.87186	1.1501	770.69	-0.051515	6.3585e-05	0.095697	supercritical
1344.4	593.00	149.81	0.0066751	1000.6	1396.5	6.2724	0.87194	1.1502	770.90	-0.051537	6.3611e-05	0.095745	supercritical
1345.4	593.00	149.71	0.0066796	1001.5	1397.6	6.2733	0.87203	1.1502	771.12	-0.051559	6.3637e-05	0.095793	supercritical
1346.4	593.00	149.61	0.0066841	1002.4	1398.8	6.2741	0.87212	1.1503	771.33	-0.051580	6.3663e-05	0.095841	supercritical
1347.4	593.00	149.51	0.0066887	1003.3	1399.9	6.2750	0.87220	1.1504	771.54	-0.051602	6.3689e-05	0.095889	supercritical
1348.4	593.00	149.41	0.0066932	1004.2	1401.1	6.2758	0.87229	1.1504	771.76	-0.051624	6.3716e-05	0.095937	supercritical
1349.4	593.00	149.30	0.0066977	1005.0	1402.2	6.2767	0.87238	1.1505	771.97	-0.051645	6.3742e-05	0.095985	supercritical
1350.4	593.00	149.20	0.0067022	1005.9	1403.4	6.2775	0.87246	1.1505	772.19	-0.051667	6.3768e-05	0.096033	supercritical
1351.4	593.00	149.10	0.0067068	1006.8	1404.5	6.2784	0.87255	1.1506	772.40	-0.051688	6.3794e-05	0.096081	supercritical
1352.4	593.00	149.00	0.0067113	1007.7	1405.7	6.2792	0.87263	1.1507	772.61	-0.051710	6.3820e-05	0.096129	supercritical
1353.4	593.00	148.90	0.0067158	1008.6	1406.8	6.2801	0.87272	1.1507	772.83	-0.051731	6.3846e-05	0.096177	supercritical
1354.4	593.00	148.80	0.0067203	1009.5	1408.0	6.2809	0.87281	1.1508	773.04	-0.051753	6.3872e-05	0.096225	supercritical
1355.4	593.00	148.70	0.0067249	1010.3	1409.1	6.2818	0.87289	1.1508	773.25	-0.051774	6.3898e-05	0.096273	supercritical
1356.4	593.00	148.60	0.0067294	1011.2	1410.3	6.2826	0.87298	1.1509	773.47	-0.051795	6.3924e-05	0.096321	supercritical
1357.4	593.00	148.50	0.0067339	1012.1	1411.4	6.2835	0.87306	1.1510	773.68	-0.051817	6.3950e-05	0.096369	supercritical
1358.4	593.00	148.40	0.0067384	1013.0	1412.6	6.2843	0.87315	1.1510	773.89	-0.051838	6.3976e-05	0.096417	supercritical
1359.4	593.00	148.30	0.0067429	1013.9	1413.7	6.2852	0.87323	1.1511	774.11	-0.051859	6.4003e-05	0.096465	supercritical
1360.4	593.00	148.20	0.0067475	1014.7	1414.9	6.2860	0.87332	1.1511	774.32	-0.051881	6.4029e-05	0.096513	supercritical
1361.4	593.00	148.10	0.0067520	1015.6	1416.0	6.2869	0.87341	1.1512	774.53	-0.051902	6.4055e-05	0.096561	supercritical
1362.4	593.00	148.01	0.0067565	1016.5	1417.2	6.2877	0.87349	1.1512	774.75	-0.051923	6.4081e-05	0.096609	supercritical
1363.4	593.00	147.91	0.0067610	1017.4	1418.3	6.2886	0.87358	1.1513	774.96	-0.051944	6.4107e-05	0.096657	supercritical
1364.4	593.00	147.81	0.0067655	1018.3	1419.5	6.2894	0.87366	1.1514	775.17	-0.051965	6.4133e-05	0.096705	supercritical
1365.4	593.00	147.71	0.0067701	1019.2	1420.6	6.2903	0.87375	1.1514	775.38	-0.051986	6.4159e-05	0.096753	supercritical
1366.4	593.00	147.61	0.0067746	1020.0	1421.8	6.2911	0.87383	1.1515	775.60	-0.052007	6.4185e-05	0.096801	supercritical
1367.4	593.00	147.51	0.0067791	1020.9	1422.9	6.2919	0.87392	1.1515	775.81	-0.052028	6.4211e-05	0.096849	supercritical
1368.4	593.00	147.41	0.0067836	1021.8	1424.1	6.2928	0.87400	1.1516	776.02	-0.052049	6.4237e-05	0.096897	supercritical
1369.4	593.00	147.32	0.0067881	1022.7	1425.2	6.2936	0.87409	1.1517	776.24	-0.052070	6.4263e-05	0.096945	supercritical
1370.4	593.00	147.22	0.0067927	1023.6	1426.4	6.2945	0.87417	1.1517	776.45	-0.052091	6.4289e-05	0.096993	supercritical
1371.4	593.00	147.12	0.0067972	1024.5	1427.5	6.2953	0.87426	1.1518	776.66	-0.052112	6.4315e-05	0.097041	supercritical
1372.4	593.00	147.02	0.0068017	1025.3	1428.7	6.2961	0.87434	1.1518	776.87	-0.052133	6.4341e-05	0.097089	supercritical
1373.4	593.00	146.92	0.0068062	1026.2	1429.8	6.2970	0.87443	1.1519	777.09	-0.052154	6.4367e-05	0.097137	supercritical
1374.4	593.00	146.83	0.0068107	1027.1	1431.0	6.2978	0.87451	1.1519	777.30	-0.052175	6.4393e-05	0.097185	supercritical
1375.4	593.00	146.73	0.0068153	1028.0	1432.1	6.2987	0.87459	1.1520	777.51	-0.052195	6.4419e-05	0.097233	supercritical
1376.4	593.00	146.63	0.0068198	1028.9	1433.3	6.2995	0.87468	1.1521	777.72	-0.052216	6.4445e-05	0.097281	supercritical
1377.4	593.00	146.54	0.0068243	1029.8	1434.4	6.3003	0.87476	1.1521	777.93	-0.052237	6.4471e-05	0.097329	supercritical
1378.4	593.00	146.44	0.0068288	1030.7	1435.6	6.3012	0.87485	1.1522	778.15	-0.052257	6.4497e-05	0.097377	supercritical
1379.4	593.00	146.34	0.0068333	1031.5	1436.8	6.3020	0.87493	1.1522	778.36	-0.052278	6.4523e-05	0.097425	supercritical
1380.4	593.00	146.24	0.0068378	1032.4	1437.9	6.3028	0.87502	1.1523	778.57	-0.052299	6.4549e-05	0.097473	supercritical
1381.4	593.00	146.15	0.0068424	1033.3	1439.1	6.3037	0.87510	1.1524	778.78	-0.052319	6.4575e-05	0.097521	supercritical
1382.4	593.00	146.05	0.0068469	1034.2	1440.2	6.3045	0.87518	1.1524	778.99	-0.052340	6.4601e-05	0.097569	supercritical
1383.4	593.00	145.96	0.0068514	1035.1	1441.4	6.3053	0.87527	1.1525	779.21	-0.052360	6.4627e-05	0.097617	supercritical
1384.4	593.00	145.86	0.0068559	1036.0	1442.5	6.3062	0.87535	1.1525	779.42	-0.052381	6.4653e-05	0.097665	supercritical
1385.4	593.00	145.76	0.0068604	1036.8	1443.7	6.3070	0.87544	1.1526	779.63	-0.052401	6.4679e-05	0.097713	supercritical
1386.4	593.00	145.67	0.0068649	1037.7	1444.8	6.3078	0.87552	1.1526	779.84	-0.052421	6.4705e-05	0.097761	supercritical
1387.4	593.00	145.57	0.0068695	1038.6	1446.0	6.3087	0.87560	1.1527	780.05	-0.052442	6.4731e-05	0.097809	supercritical
1388.4	593.00	145.48	0.0068740	1039.5	1447.1	6.3095	0.87569	1.1528	780.26	-0.052462	6.4757e-05	0.097857	supercritical
1389.4	593.00	145.38	0.0068785	1040.4	1448.3	6.3103	0.87577	1.1528	780.47	-0.052483	6.4783e-05	0.097905	supercritical
1390.4	593.00	145.29	0.0068830	1041.3	1449.4	6.3112	0.87585	1.1529	780.69	-0.052503	6.4809e-05	0.097953	supercritical
1391.4	593.00	145.19	0.0068875	1042.2	1450.6	6.3120	0.87594	1.1529	780.90	-0.052523	6.4835e-05	0.098001	supercritical
1392.4	593.00	145.09	0.0068920	1043.0	1451.7	6.3128	0.87602	1.1530	781.11	-0.052543	6.4861e-05	0.098049	supercritical
1393.4	593.00	145.00	0.0068966	1043.9	1452.9	6.3136	0.87610	1.1531	781.32	-0.052563	6.4886e-05	0.098097	supercritical
1394.4	593.00	144.91	0.0069011	1044.8	1454.0	6.3145	0.87619	1.1531	781.53	-0.052584	6.4912e-05	0.098145	supercritical
1395.4	593.00	144.81	0.0069056	1045.7	1455.2	6.3153	0.87627	1.1532	781.74	-0.052604	6.4938e-05	0.098193	supercritical
1396.4	593.00	144.72	0.0069101	1046.6	1456.4	6.3161	0.87635	1.1532	781.95	-0.052624	6.4964e-05	0.098241	supercritical
1397.4	593.00	144.62	0.0069146	1047.5	1457.5	6.3169	0.87644	1.1533	782.16	-0.052644	6.4990e-05	0.098289	supercritical
1398.4	593.00	144.53	0.0069191	1048.4	1458.7	6.3178	0.87652	1.1533	782.37	-0.052664	6.5016e-05	0.098337	supercritical
1399.4	593.00	144.43	0.0069236	1049.2	1459.8	6.3186	0.87660	1.1534	782.58	-0.052684	6.5042e-05	0.098384	supercritical
1400.4	593.00	144.34	0.0069281	1050.1	1461.0	6.3194	0.87669	1.1535	782.79	-0.052704	6.5068e-05	0.098432	supercritical
1401.4	593.00	144.24	0.0069327	1051.0	1462.1	6.3202	0.87677	1.1535	783.01	-0.052724	6.5094e-05	0.098480	supercritical
1402.4	593.00	144.15	0.0069372	1051.9	1463.3	6.3211	0.87685	1.1536	783.22	-0.052744	6.5120e-05	0.098528	supercritical
1403.4	593.00	144.06	0.0069417	1052.8	1464.4	6.3219	0.87693	1.1536	783.43	-0.052764	6.5146e-05	0.098576	supercritical
1404.4	593.00	143.96	0.0069462	1053.7	1465.6	6.3227	0.87702	1.1537	783.64	-0.052784	6.5172e-05	0.098624	supercritical
1405.4	593.00	143.87	0.0069507	1054.6	1466.7	6.3235	0.87710	1.1538	783.85	-0.052803	6.5197e-05	0.098672	supercritical
1406.4	593.00	143.78	0.0069552	1055.4	1467.9	6.3244	0.87718	1.1538	784.06	-0.052823	6.5223e-05	0.098720	supercritical
1407.4	593.00	143.68	0.0069597	1056.3	1469.0	6.3252	0.87727	1.1539	784.27	-0.052843	6.5249e-05	0.098768	supercritical
1408.4	593.00	143.59	0.0069642	1057.2	1470.2	6.3260	0.87735	1.1539	784.48	-0.052863	6.5275e-05	0.098816	supercritical
1409.4	593.00	143.50	0.0069688	1058.1	1471.3	6.3268	0.87743	1.1540	784.69	-0.052882	6.5301e-05	0.098864	supercritical
1410.4	593.00	143.40	0.0069733	1059.0	1472.5	6.3276	0.87751	1.1540	784.90	-0.052902	6.5327e-05	0.098912	supercritical
1411.4	593.00	143.31	0.0069778	1059.9	1473.7	6.3284	0.87760	1.1541	785.11	-0.052922	6.5353e-05	0.098960	supercritical
1412.4	593.00	143.22	0.0069823	1060.8	1474.8	6.3293	0.87768	1.1542	785.32	-0.052941	6.5379e-05	0.099008	supercritical
1413.4	593.00	143.13	0.0069868	1061.6	1476.0	6.3301	0.87776	1.1542	785.53	-0.052961	6.5404e-05	0.099056	supercritical
1414.4	593.00	143.03	0.0069913	1062.5	1477.1	6.3309	0.87784	1.1543	785.74	-0.052980	6.5430e-05	0.099103	supercritical
1415.4	593.00	142.94	0.0069958	1063.4	1478.3	6.3317	0.87792	1.1543	785.95	-0.053000	6.5456e-05	0.099151	supercritical
1416.4	593.00	142.85	0.0070003	1064.3	1479.4	6.3325	0.87801	1.1544	786.16	-0.053019	6.5482e-05	0.099199	supercritical
1417.4	593.00	142.76	0.0070048	1065.2	1480.6	6.3333	0.87809	1.1545	786.37	-0.053039	6.5508e-05	0.099247	supercritical
1418.4	593.00	142.67	0.0070094	1066.1	1481.7	6.3342	0.87817	1.1545	786.58	-0.053058	6.5534e-05	0.099295	supercritical
1419.4	593.00	142.57	0.0070139	1067.0	1482.9	6.3350	0.87825	1.1546	786.78	-0.053078	6.5559e-05	0.099343	supercritical
1420.4	593.00	142.48	0.0070184	1067.9	1484.0	6.3358	0.87833	1.1546	786.99	-0.053097	6.5585e-05	0.099391	supercritical
1421.4	593.00	142.39	0.0070229	1068.7	1485.2	6.3366	0.87842	1.1547	787.20	-0.053116	6.5611e-05	0.099439	supercritical
1422.4	593.00	142.30	0.0070274	1069.6	1486.4	6.3374	0.87850	1.1547	787.41	-0.053136	6.5637e-05	0.099487	supercritical
1423.4	593.00	142.21	0.0070319	1070.5	1487.5	6.3382	0.87858	1.1548	787.62	-0.053155	6.5663e-05	0.099535	supercritical
1424.4	593.00	142.12	0.0070364	1071.4	1488.7	6.3390	0.87866	1.1549	787.83	-0.053174	6.5689e-05	0.099583	supercritical
1425.4	593.00	142.03	0.0070409	1072.3	1489.8	6.3398	0.87874	1.1549	788.04	-0.053194	6.5714e-05	0.099630	supercritical
1426.4	593.00	141.94	0.0070454	1073.2	1491.0	6.3407	0.87882	1.1550	788.25	-0.053213	6.5740e-05	0.099678	supercritical
1427.4	593.00	141.85	0.0070499	1074.1	1492.1	6.3415	0.87891	1.1550	788.46	-0.053232	6.5766e-05	0.099726	supercritical
1428.4	593.00	141.75	0.0070544	1075.0	1493.3	6.3423	0.87899	1.1551	788.67	-0.053251	6.5792e-05	0.099774	supercritical
1429.4	593.00	141.66	0.0070590	1075.8	1494.4	6.3431	0.87907	1.1552	788.88	-0.053270	6.5818e-05	0.099822	supercritical
1430.4	593.00	141.57	0.0070635	1076.7	1495.6	6.3439	0.87915	1.1552	789.08	-0.053289	6.5843e-05	0.099870	supercritical
1431.4	593.00	141.48	0.0070680	1077.6	1496.7	6.3447	0.87923	1.1553	789.29	-0.053308	6.5869e-05	0.099918	supercritical
1432.4	593.00	141.39	0.0070725	1078.5	1497.9	6.3455	0.87931	1.1553	789.50	-0.053327	6.5895e-05	0.099966	supercritical
1433.4	593.00	141.30	0.0070770	1079.4	1499.1	6.3463	0.87939	1.1554	789.71	-0.053346	6.5921e-05	0.10001	supercritical
1434.4	593.00	141.21	0.0070815	1080.3	1500.2	6.3471	0.87948	1.1554	789.92	-0.053365	6.5947e-05	0.10006	supercritical
1435.4	593.00	141.12	0.0070860	1081.2	1501.4	6.3479	0.87956	1.1555	790.13	-0.053384	6.5972e-05	0.10011	supercritical
1436.4	593.00	141.03	0.0070905	1082.1	1502.5	6.3487	0.87964	1.1556	790.34	-0.053403	6.5998e-05	0.10016	supercritical
1437.4	593.00	140.94	0.0070950	1082.9	1503.7	6.3495	0.87972	1.1556	790.54	-0.053422	6.6024e-05	0.10021	supercritical
1438.4	593.00	140.85	0.0070995	1083.8	1504.8	6.3503	0.87980	1.1557	790.75	-0.053441	6.6050e-05	0.10025	supercritical
1439.4	593.00	140.77	0.0071040	1084.7	1506.0	6.3511	0.87988	1.1557	790.96	-0.053460	6.6075e-05	0.10030	supercritical
1440.4	593.00	140.68	0.0071085	1085.6	1507.1	6.3519	0.87996	1.1558	791.17	-0.053478	6.6101e-05	0.10035	supercritical
1441.4	593.00	140.59	0.0071130	1086.5	1508.3	6.3527	0.88004	1.1558	791.38	-0.053497	6.6127e-05	0.10040	supercritical
1442.4	593.00	140.50	0.0071175	1087.4	1509.5	6.3535	0.88012	1.1559	791.59	-0.053516	6.6153e-05	0.10044	supercritical
1443.4	593.00	140.41	0.0071221	1088.3	1510.6	6.3543	0.88020	1.1560	791.79	-0.053535	6.6178e-05	0.10049	supercritical
1444.4	593.00	140.32	0.0071266	1089.2	1511.8	6.3551	0.88028	1.1560	792.00	-0.053553	6.6204e-05	0.10054	supercritical
1445.4	593.00	140.23	0.0071311	1090.1	1512.9	6.3559	0.88037	1.1561	792.21	-0.053572	6.6230e-05	0.10059	supercritical
1446.4	593.00	140.14	0.0071356	1090.9	1514.1	6.3567	0.88045	1.1561	792.42	-0.053591	6.6256e-05	0.10064	supercritical
1447.4	593.00	140.05	0.0071401	1091.8	1515.2	6.3575	0.88053	1.1562	792.63	-0.053609	6.6281e-05	0.10068	supercritical
1448.4	593.00	139.97	0.0071446	1092.7	1516.4	6.3583	0.88061	1.1563	792.83	-0.053628	6.6307e-05	0.10073	supercritical
1449.4	593.00	139.88	0.0071491	1093.6	1517.6	6.3591	0.88069	1.1563	793.04	-0.053646	6.6333e-05	0.10078	supercritical
1450.4	593.00	139.79	0.0071536	1094.5	1518.7	6.3599	0.88077	1.1564	793.25	-0.053665	6.6358e-05	0.10083	supercritical
1451.4	593.00	139.70	0.0071581	1095.4	1519.9	6.3607	0.88085	1.1564	793.46	-0.053683	6.6384e-05	0.10088	supercritical
1452.4	593.00	139.61	0.0071626	1096.3	1521.0	6.3615	0.88093	1.1565	793.66	-0.053702	6.6410e-05	0.10092	supercritical
1453.4	593.00	139.53	0.0071671	1097.2	1522.2	6.3623	0.88101	1.1565	793.87	-0.053720	6.6436e-05	0.10097	supercritical
1454.4	593.00	139.44	0.0071716	1098.1	1523.3	6.3631	0.88109	1.1566	794.08	-0.053739	6.6461e-05	0.10102	supercritical
1455.4	593.00	139.35	0.0071761	1098.9	1524.5	6.3639	0.88117	1.1567	794.28	-0.053757	6.6487e-05	0.10107	supercritical
1456.4	593.00	139.26	0.0071806	1099.8	1525.6	6.3647	0.88125	1.1567	794.49	-0.053775	6.6513e-05	0.10111	supercritical
1457.4	593.00	139.18	0.0071851	1100.7	1526.8	6.3655	0.88133	1.1568	794.70	-0.053794	6.6538e-05	0.10116	supercritical
1458.4	593.00	139.09	0.0071896	1101.6	1528.0	6.3663	0.88141	1.1568	794.91	-0.053812	6.6564e-05	0.10121	supercritical
1459.4	593.00	139.00	0.0071941	1102.5	1529.1	6.3671	0.88149	1.1569	795.11	-0.053830	6.6590e-05	0.10126	supercritical
1460.4	593.00	138.92	0.0071986	1103.4	1530.3	6.3679	0.88157	1.1570	795.32	-0.053848	6.6615e-05	0.10131	supercritical
1461.4	593.00	138.83	0.0072031	1104.3	1531.4	6.3687	0.88165	1.1570	795.53	-0.053867	6.6641e-05	0.10135	supercritical
1462.4	593.00	138.74	0.0072076	1105.2	1532.6	6.3695	0.88173	1.1571	795.73	-0.053885	6.6667e-05	0.10140	supercritical
1463.4	593.00	138.66	0.0072121	1106.1	1533.7	6.3703	0.88181	1.1571	795.94	-0.053903	6.6692e-05	0.10145	supercritical
1464.4	593.00	138.57	0.0072166	1107.0	1534.9	6.3711	0.88189	1.1572	796.15	-0.053921	6.6718e-05	0.10150	supercritical
1465.4	593.00	138.48	0.0072211	1107.8	1536.1	6.3718	0.88197	1.1572	796.35	-0.053939	6.6744e-05	0.10155	supercritical
1466.4	593.00	138.40	0.0072256	1108.7	1537.2	6.3726	0.88205	1.1573	796.56	-0.053957	6.6769e-05	0.10159	supercritical
1467.4	593.00	138.31	0.0072301	1109.6	1538.4	6.3734	0.88213	1.1574	796.77	-0.053975	6.6795e-05	0.10164	supercritical
1468.4	593.00	138.22	0.0072346	1110.5	1539.5	6.3742	0.88221	1.1574	796.97	-0.053993	6.6821e-05	0.10169	supercritical
1469.4	593.00	138.14	0.0072391	1111.4	1540.7	6.3750	0.88229	1.1575	797.18	-0.054011	6.6846e-05	0.10174	supercritical
1470.4	593.00	138.05	0.0072436	1112.3	1541.8	6.3758	0.88237	1.1575	797.39	-0.054029	6.6872e-05	0.10178	supercritical
1471.4	593.00	137.97	0.0072481	1113.2	1543.0	6.3766	0.88245	1.1576	797.59	-0.054047	6.6898e-05	0.10183	supercritical
1472.4	593.00	137.88	0.0072526	1114.1	1544.2	6.3774	0.88253	1.1577	797.80	-0.054065	6.6923e-05	0.10188	supercritical
1473.4	593.00	137.80	0.0072571	1115.0	1545.3	6.3781	0.88260	1.1577	798.01	-0.054083	6.6949e-05	0.10193	supercritical
1474.4	593.00	137.71	0.0072616	1115.9	1546.5	6.3789	0.88268	1.1578	798.21	-0.054101	6.6975e-05	0.10198	supercritical
1475.4	593.00	137.62	0.0072661	1116.8	1547.6	6.3797	0.88276	1.1578	798.42	-0.054119	6.7000e-05	0.10202	supercritical
1476.4	593.00	137.54	0.0072706	1117.6	1548.8	6.3805	0.88284	1.1579	798.62	-0.054136	6.7026e-05	0.10207	supercritical
1477.4	593.00	137.45	0.0072751	1118.5	1550.0	6.3813	0.88292	1.1579	798.83	-0.054154	6.7051e-05	0.10212	supercritical
1478.4	593.00	137.37	0.0072796	1119.4	1551.1	6.3821	0.88300	1.1580	799.04	-0.054172	6.7077e-05	0.10217	supercritical
1479.4	593.00	137.28	0.0072841	1120.3	1552.3	6.3828	0.88308	1.1581	799.24	-0.054190	6.7103e-05	0.10221	supercritical
1480.4	593.00	137.20	0.0072886	1121.2	1553.4	6.3836	0.88316	1.1581	799.45	-0.054207	6.7128e-05	0.10226	supercritical
1481.4	593.00	137.12	0.0072931	1122.1	1554.6	6.3844	0.88324	1.1582	799.65	-0.054225	6.7154e-05	0.10231	supercritical
1482.4	593.00	137.03	0.0072976	1123.0	1555.7	6.3852	0.88332	1.1582	799.86	-0.054243	6.7179e-05	0.10236	supercritical
1483.4	593.00	136.95	0.0073021	1123.9	1556.9	6.3860	0.88340	1.1583	800.06	-0.054260	6.7205e-05	0.10241	supercritical
1484.4	593.00	136.86	0.0073066	1124.8	1558.1	6.3868	0.88348	1.1583	800.27	-0.054278	6.7231e-05	0.10245	supercritical
1485.4	593.00	136.78	0.0073111	1125.7	1559.2	6.3875	0.88355	1.1584	800.48	-0.054295	6.7256e-05	0.10250	supercritical
1486.4	593.00	136.69	0.0073156	1126.6	1560.4	6.3883	0.88363	1.1585	800.68	-0.054313	6.7282e-05	0.10255	supercritical
1487.4	593.00	136.61	0.0073201	1127.5	1561.5	6.3891	0.88371	1.1585	800.89	-0.054330	6.7307e-05	0.10260	supercritical
1488.4	593.00	136.53	0.0073246	1128.3	1562.7	6.3899	0.88379	1.1586	801.09	-0.054348	6.7333e-05	0.10264	supercritical
1489.4	593.00	136.44	0.0073291	1129.2	1563.9	6.3907	0.88387	1.1586	801.30	-0.054365	6.7359e-05	0.10269	supercritical
1490.4	593.00	136.36	0.0073336	1130.1	1565.0	6.3914	0.88395	1.1587	801.50	-0.054383	6.7384e-05	0.10274	supercritical
1491.4	593.00	136.27	0.0073381	1131.0	1566.2	6.3922	0.88403	1.1588	801.71	-0.054400	6.7410e-05	0.10279	supercritical
1492.4	593.00	136.19	0.0073426	1131.9	1567.3	6.3930	0.88411	1.1588	801.91	-0.054418	6.7435e-05	0.10284	supercritical
1493.4	593.00	136.11	0.0073471	1132.8	1568.5	6.3938	0.88418	1.1589	802.12	-0.054435	6.7461e-05	0.10288	supercritical
1494.4	593.00	136.02	0.0073516	1133.7	1569.6	6.3945	0.88426	1.1589	802.32	-0.054452	6.7486e-05	0.10293	supercritical
1495.4	593.00	135.94	0.0073561	1134.6	1570.8	6.3953	0.88434	1.1590	802.53	-0.054470	6.7512e-05	0.10298	supercritical
1496.4	593.00	135.86	0.0073606	1135.5	1572.0	6.3961	0.88442	1.1590	802.73	-0.054487	6.7538e-05	0.10303	supercritical
1497.4	593.00	135.78	0.0073651	1136.4	1573.1	6.3969	0.88450	1.1591	802.94	-0.054504	6.7563e-05	0.10307	supercritical
1498.4	593.00	135.69	0.0073696	1137.3	1574.3	6.3976	0.88458	1.1592	803.14	-0.054521	6.7589e-05	0.10312	supercritical
1499.4	593.00	135.61	0.0073741	1138.2	1575.4	6.3984	0.88466	1.1592	803.35	-0.054538	6.7614e-05	0.10317	supercritical
1500.4	593.00	135.53	0.0073786	1139.0	1576.6	6.3992	0.88473	1.1593	803.55	-0.054556	6.7640e-05	0.10322	supercritical
1501.4	593.00	135.44	0.0073831	1139.9	1577.8	6.4000	0.88481	1.1593	803.75	-0.054573	6.7665e-05	0.10327	supercritical
1502.4	593.00	135.36	0.0073876	1140.8	1578.9	6.4007	0.88489	1.1594	803.96	-0.054590	6.7691e-05	0.10331	supercritical
1503.4	593.00	135.28	0.0073921	1141.7	1580.1	6.4015	0.88497	1.1595	804.16	-0.054607	6.7716e-05	0.10336	supercritical
1504.4	593.00	135.20	0.0073966	1142.6	1581.2	6.4023	0.88505	1.1595	804.37	-0.054624	6.7742e-05	0.10341	supercritical
1505.4	593.00	135.12	0.0074011	1143.5	1582.4	6.4030	0.88512	1.1596	804.57	-0.054641	6.7767e-05	0.10346	supercritical
1506.4	593.00	135.03	0.0074056	1144.4	1583.6	6.4038	0.88520	1.1596	804.78	-0.054658	6.7793e-05	0.10350	supercritical
1507.4	593.00	134.95	0.0074101	1145.3	1584.7	6.4046	0.88528	1.1597	804.98	-0.054675	6.7818e-05	0.10355	supercritical
1508.4	593.00	134.87	0.0074146	1146.2	1585.9	6.4053	0.88536	1.1597	805.19	-0.054692	6.7844e-05	0.10360	supercritical
1509.4	593.00	134.79	0.0074191	1147.1	1587.0	6.4061	0.88544	1.1598	805.39	-0.054709	6.7869e-05	0.10365	supercritical
1510.4	593.00	134.71	0.0074236	1148.0	1588.2	6.4069	0.88551	1.1599	805.59	-0.054726	6.7895e-05	0.10370	supercritical
1511.4	593.00	134.62	0.0074281	1148.9	1589.4	6.4077	0.88559	1.1599	805.80	-0.054743	6.7920e-05	0.10374	supercritical
1512.4	593.00	134.54	0.0074325	1149.8	1590.5	6.4084	0.88567	1.1600	806.00	-0.054760	6.7946e-05	0.10379	supercritical
1513.4	593.00	134.46	0.0074370	1150.7	1591.7	6.4092	0.88575	1.1600	806.20	-0.054776	6.7971e-05	0.10384	supercritical
1514.4	593.00	134.38	0.0074415	1151.6	1592.8	6.4100	0.88583	1.1601	806.41	-0.054793	6.7997e-05	0.10389	supercritical
1515.4	593.00	134.30	0.0074460	1152.4	1594.0	6.4107	0.88590	1.1602	806.61	-0.054810	6.8022e-05	0.10393	supercritical
1516.4	593.00	134.22	0.0074505	1153.3	1595.2	6.4115	0.88598	1.1602	806.82	-0.054827	6.8048e-05	0.10398	supercritical
1517.4	593.00	134.14	0.0074550	1154.2	1596.3	6.4122	0.88606	1.1603	807.02	-0.054844	6.8073e-05	0.10403	supercritical
1518.4	593.00	134.06	0.0074595	1155.1	1597.5	6.4130	0.88614	1.1603	807.22	-0.054860	6.8099e-05	0.10408	supercritical
1519.4	593.00	133.98	0.0074640	1156.0	1598.6	6.4138	0.88621	1.1604	807.43	-0.054877	6.8124e-05	0.10413	supercritical
1520.4	593.00	133.90	0.0074685	1156.9	1599.8	6.4145	0.88629	1.1604	807.63	-0.054894	6.8150e-05	0.10417	supercritical
1521.4	593.00	133.82	0.0074730	1157.8	1601.0	6.4153	0.88637	1.1605	807.83	-0.054910	6.8175e-05	0.10422	supercritical
1522.4	593.00	133.73	0.0074775	1158.7	1602.1	6.4161	0.88645	1.1606	808.04	-0.054927	6.8201e-05	0.10427	supercritical
1523.4	593.00	133.65	0.0074820	1159.6	1603.3	6.4168	0.88653	1.1606	808.24	-0.054943	6.8226e-05	0.10432	supercritical
1524.4	593.00	133.57	0.0074865	1160.5	1604.4	6.4176	0.88660	1.1607	808.44	-0.054960	6.8252e-05	0.10436	supercritical
1525.4	593.00	133.49	0.0074910	1161.4	1605.6	6.4184	0.88668	1.1607	808.65	-0.054976	6.8277e-05	0.10441	supercritical
1526.4	593.00	133.41	0.0074955	1162.3	1606.8	6.4191	0.88676	1.1608	808.85	-0.054993	6.8302e-05	0.10446	supercritical
1527.4	593.00	133.33	0.0074999	1163.2	1607.9	6.4199	0.88683	1.1609	809.05	-0.055009	6.8328e-05	0.10451	supercritical
1528.4	593.00	133.25	0.0075044	1164.1	1609.1	6.4206	0.88691	1.1609	809.26	-0.055026	6.8353e-05	0.10455	supercritical
1529.4	593.00	133.17	0.0075089	1165.0	1610.2	6.4214	0.88699	1.1610	809.46	-0.055042	6.8379e-05	0.10460	supercritical
1530.4	593.00	133.10	0.0075134	1165.9	1611.4	6.4221	0.88707	1.1610	809.66	-0.055059	6.8404e-05	0.10465	supercritical
1531.4	593.00	133.02	0.0075179	1166.8	1612.6	6.4229	0.88714	1.1611	809.86	-0.055075	6.8430e-05	0.10470	supercritical
1532.4	593.00	132.94	0.0075224	1167.6	1613.7	6.4237	0.88722	1.1611	810.07	-0.055092	6.8455e-05	0.10475	supercritical
1533.4	593.00	132.86	0.0075269	1168.5	1614.9	6.4244	0.88730	1.1612	810.27	-0.055108	6.8480e-05	0.10479	supercritical
1534.4	593.00	132.78	0.0075314	1169.4	1616.0	6.4252	0.88738	1.1613	810.47	-0.055124	6.8506e-05	0.10484	supercritical
1535.4	593.00	132.70	0.0075359	1170.3	1617.2	6.4259	0.88745	1.1613	810.67	-0.055140	6.8531e-05	0.10489	supercritical
1536.4	593.00	132.62	0.0075404	1171.2	1618.4	6.4267	0.88753	1.1614	810.88	-0.055157	6.8557e-05	0.10494	supercritical
1537.4	593.00	132.54	0.0075449	1172.1	1619.5	6.4274	0.88761	1.1614	811.08	-0.055173	6.8582e-05	0.10498	supercritical
1538.4	593.00	132.46	0.0075494	1173.0	1620.7	6.4282	0.88768	1.1615	811.28	-0.055189	6.8607e-05	0.10503	supercritical
1539.4	593.00	132.38	0.0075538	1173.9	1621.9	6.4290	0.88776	1.1616	811.48	-0.055205	6.8633e-05	0.10508	supercritical
1540.4	593.00	132.30	0.0075583	1174.8	1623.0	6.4297	0.88784	1.1616	811.69	-0.055222	6.8658e-05	0.10513	supercritical
1541.4	593.00	132.23	0.0075628	1175.7	1624.2	6.4305	0.88791	1.1617	811.89	-0.055238	6.8684e-05	0.10517	supercritical
1542.4	593.00	132.15	0.0075673	1176.6	1625.3	6.4312	0.88799	1.1617	812.09	-0.055254	6.8709e-05	0.10522	supercritical
1543.4	593.00	132.07	0.0075718	1177.5	1626.5	6.4320	0.88807	1.1618	812.29	-0.055270	6.8734e-05	0.10527	supercritical
1544.4	593.00	131.99	0.0075763	1178.4	1627.7	6.4327	0.88815	1.1618	812.50	-0.055286	6.8760e-05	0.10532	supercritical
1545.4	593.00	131.91	0.0075808	1179.3	1628.8	6.4335	0.88822	1.1619	812.70	-0.055302	6.8785e-05	0.10537	supercritical
1546.4	593.00	131.83	0.0075853	1180.2	1630.0	6.4342	0.88830	1.1620	812.90	-0.055318	6.8811e-05	0.10541	supercritical
1547.4	593.00	131.76	0.0075898	1181.1	1631.2	6.4350	0.88838	1.1620	813.10	-0.055334	6.8836e-05	0.10546	supercritical
1548.4	593.00	131.68	0.0075943	1182.0	1632.3	6.4357	0.88845	1.1621	813.30	-0.055350	6.8861e-05	0.10551	supercritical
1549.4	593.00	131.60	0.0075987	1182.9	1633.5	6.4365	0.88853	1.1621	813.50	-0.055366	6.8887e-05	0.10556	supercritical
1550.4	593.00	131.52	0.0076032	1183.8	1634.6	6.4372	0.88861	1.1622	813.71	-0.055382	6.8912e-05	0.10560	supercritical
1551.4	593.00	131.45	0.0076077	1184.7	1635.8	6.4380	0.88868	1.1623	813.91	-0.055398	6.8937e-05	0.10565	supercritical
1552.4	593.00	131.37	0.0076122	1185.6	1637.0	6.4387	0.88876	1.1623	814.11	-0.055414	6.8963e-05	0.10570	supercritical
1553.4	593.00	131.29	0.0076167	1186.5	1638.1	6.4395	0.88884	1.1624	814.31	-0.055430	6.8988e-05	0.10575	supercritical
1554.4	593.00	131.21	0.0076212	1187.4	1639.3	6.4402	0.88891	1.1624	814.51	-0.055445	6.9013e-05	0.10579	supercritical
1555.4	593.00	131.14	0.0076257	1188.2	1640.4	6.4410	0.88899	1.1625	814.71	-0.055461	6.9039e-05	0.10584	supercritical
1556.4	593.00	131.06	0.0076302	1189.1	1641.6	6.4417	0.88906	1.1625	814.92	-0.055477	6.9064e-05	0.10589	supercritical
1557.4	593.00	130.98	0.0076347	1190.0	1642.8	6.4425	0.88914	1.1626	815.12	-0.055493	6.9090e-05	0.10594	supercritical
1558.4	593.00	130.90	0.0076391	1190.9	1643.9	6.4432	0.88922	1.1627	815.32	-0.055508	6.9115e-05	0.10599	supercritical
1559.4	593.00	130.83	0.0076436	1191.8	1645.1	6.4440	0.88929	1.1627	815.52	-0.055524	6.9140e-05	0.10603	supercritical
1560.4	593.00	130.75	0.0076481	1192.7	1646.3	6.4447	0.88937	1.1628	815.72	-0.055540	6.9166e-05	0.10608	supercritical
1561.4	593.00	130.67	0.0076526	1193.6	1647.4	6.4455	0.88945	1.1628	815.92	-0.055555	6.9191e-05	0.10613	supercritical
1562.4	593.00	130.60	0.0076571	1194.5	1648.6	6.4462	0.88952	1.1629	816.12	-0.055571	6.9216e-05	0.10618	supercritical
1563.4	593.00	130.52	0.0076616	1195.4	1649.8	6.4469	0.88960	1.1630	816.32	-0.055587	6.9241e-05	0.10622	supercritical
1564.4	593.00	130.44	0.0076661	1196.3	1650.9	6.4477	0.88968	1.1630	816.52	-0.055602	6.9267e-05	0.10627	supercritical
1565.4	593.00	130.37	0.0076706	1197.2	1652.1	6.4484	0.88975	1.1631	816.73	-0.055618	6.9292e-05	0.10632	supercritical
1566.4	593.00	130.29	0.0076750	1198.1	1653.2	6.4492	0.88983	1.1631	816.93	-0.055633	6.9317e-05	0.10637	supercritical
1567.4	593.00	130.22	0.0076795	1199.0	1654.4	6.4499	0.88990	1.1632	817.13	-0.055649	6.9343e-05	0.10641	supercritical
1568.4	593.00	130.14	0.0076840	1199.9	1655.6	6.4507	0.88998	1.1632	817.33	-0.055665	6.9368e-05	0.10646	supercritical
1569.4	593.00	130.06	0.0076885	1200.8	1656.7	6.4514	0.89006	1.1633	817.53	-0.055680	6.9393e-05	0.10651	supercritical
1570.4	593.00	129.99	0.0076930	1201.7	1657.9	6.4521	0.89013	1.1634	817.73	-0.055695	6.9419e-05	0.10656	supercritical
1571.4	593.00	129.91	0.0076975	1202.6	1659.1	6.4529	0.89021	1.1634	817.93	-0.055711	6.9444e-05	0.10660	supercritical
1572.4	593.00	129.84	0.0077020	1203.5	1660.2	6.4536	0.89028	1.1635	818.13	-0.055726	6.9469e-05	0.10665	supercritical
1573.4	593.00	129.76	0.0077064	1204.4	1661.4	6.4544	0.89036	1.1635	818.33	-0.055742	6.9494e-05	0.10670	supercritical
1574.4	593.00	129.69	0.0077109	1205.3	1662.5	6.4551	0.89044	1.1636	818.53	-0.055757	6.9520e-05	0.10675	supercritical
1575.4	593.00	129.61	0.0077154	1206.2	1663.7	6.4558	0.89051	1.1637	818.73	-0.055772	6.9545e-05	0.10680	supercritical
1576.4	593.00	129.54	0.0077199	1207.1	1664.9	6.4566	0.89059	1.1637	818.93	-0.055788	6.9570e-05	0.10684	supercritical
1577.4	593.00	129.46	0.0077244	1208.0	1666.0	6.4573	0.89066	1.1638	819.13	-0.055803	6.9596e-05	0.10689	supercritical
1578.4	593.00	129.38	0.0077289	1208.9	1667.2	6.4580	0.89074	1.1638	819.33	-0.055818	6.9621e-05	0.10694	supercritical
1579.4	593.00	129.31	0.0077334	1209.8	1668.4	6.4588	0.89082	1.1639	819.53	-0.055834	6.9646e-05	0.10699	supercritical
1580.4	593.00	129.23	0.0077378	1210.7	1669.5	6.4595	0.89089	1.1640	819.73	-0.055849	6.9671e-05	0.10703	supercritical
1581.4	593.00	129.16	0.0077423	1211.6	1670.7	6.4603	0.89097	1.1640	819.93	-0.055864	6.9697e-05	0.10708	supercritical
1582.4	593.00	129.09	0.0077468	1212.5	1671.9	6.4610	0.89104	1.1641	820.13	-0.055879	6.9722e-05	0.10713	supercritical
1583.4	593.00	129.01	0.0077513	1213.4	1673.0	6.4617	0.89112	1.1641	820.33	-0.055894	6.9747e-05	0.10718	supercritical
1584.4	593.00	128.94	0.0077558	1214.3	1674.2	6.4625	0.89119	1.1642	820.53	-0.055909	6.9772e-05	0.10722	supercritical
1585.4	593.00	128.86	0.0077603	1215.2	1675.4	6.4632	0.89127	1.1642	820.73	-0.055925	6.9798e-05	0.10727	supercritical
1586.4	593.00	128.79	0.0077648	1216.1	1676.5	6.4639	0.89135	1.1643	820.93	-0.055940	6.9823e-05	0.10732	supercritical
1587.4	593.00	128.71	0.0077692	1217.0	1677.7	6.4647	0.89142	1.1644	821.13	-0.055955	6.9848e-05	0.10737	supercritical
1588.4	593.00	128.64	0.0077737	1217.9	1678.8	6.4654	0.89150	1.1644	821.33	-0.055970	6.9873e-05	0.10741	supercritical
1589.4	593.00	128.56	0.0077782	1218.8	1680.0	6.4661	0.89157	1.1645	821.53	-0.055985	6.9899e-05	0.10746	supercritical
1590.4	593.00	128.49	0.0077827	1219.7	1681.2	6.4669	0.89165	1.1645	821.73	-0.056000	6.9924e-05	0.10751	supercritical
1591.4	593.00	128.42	0.0077872	1220.6	1682.3	6.4676	0.89172	1.1646	821.93	-0.056015	6.9949e-05	0.10756	supercritical
1592.4	593.00	128.34	0.0077917	1221.5	1683.5	6.4683	0.89180	1.1647	822.13	-0.056030	6.9974e-05	0.10760	supercritical
1593.4	593.00	128.27	0.0077961	1222.4	1684.7	6.4691	0.89187	1.1647	822.33	-0.056045	7.0000e-05	0.10765	supercritical
1594.4	593.00	128.19	0.0078006	1223.3	1685.8	6.4698	0.89195	1.1648	822.53	-0.056060	7.0025e-05	0.10770	supercritical
1595.4	593.00	128.12	0.0078051	1224.2	1687.0	6.4705	0.89203	1.1648	822.73	-0.056074	7.0050e-05	0.10775	supercritical
1596.4	593.00	128.05	0.0078096	1225.1	1688.2	6.4713	0.89210	1.1649	822.92	-0.056089	7.0075e-05	0.10779	supercritical
1597.4	593.00	127.97	0.0078141	1226.0	1689.3	6.4720	0.89218	1.1649	823.12	-0.056104	7.0100e-05	0.10784	supercritical
1598.4	593.00	127.90	0.0078186	1226.9	1690.5	6.4727	0.89225	1.1650	823.32	-0.056119	7.0126e-05	0.10789	supercritical
1599.4	593.00	127.83	0.0078230	1227.7	1691.7	6.4734	0.89233	1.1651	823.52	-0.056134	7.0151e-05	0.10794	supercritical
1600.4	593.00	127.75	0.0078275	1228.6	1692.8	6.4742	0.89240	1.1651	823.72	-0.056149	7.0176e-05	0.10799	supercritical
1601.4	593.00	127.68	0.0078320	1229.5	1694.0	6.4749	0.89248	1.1652	823.92	-0.056163	7.0201e-05	0.10803	supercritical
1602.4	593.00	127.61	0.0078365	1230.4	1695.2	6.4756	0.89255	1.1652	824.12	-0.056178	7.0226e-05	0.10808	supercritical
1603.4	593.00	127.54	0.0078410	1231.3	1696.3	6.4764	0.89263	1.1653	824.32	-0.056193	7.0252e-05	0.10813	supercritical
1604.4	593.00	127.46	0.0078454	1232.2	1697.5	6.4771	0.89270	1.1654	824.52	-0.056207	7.0277e-05	0.10818	supercritical
1605.4	593.00	127.39	0.0078499	1233.1	1698.6	6.4778	0.89278	1.1654	824.71	-0.056222	7.0302e-05	0.10822	supercritical
1606.4	593.00	127.32	0.0078544	1234.0	1699.8	6.4785	0.89285	1.1655	824.91	-0.056237	7.0327e-05	0.10827	supercritical
1607.4	593.00	127.24	0.0078589	1234.9	1701.0	6.4793	0.89293	1.1655	825.11	-0.056251	7.0352e-05	0.10832	supercritical
1608.4	593.00	127.17	0.0078634	1235.8	1702.1	6.4800	0.89300	1.1656	825.31	-0.056266	7.0377e-05	0.10837	supercritical
1609.4	593.00	127.10	0.0078679	1236.7	1703.3	6.4807	0.89308	1.1657	825.51	-0.056281	7.0403e-05	0.10841	supercritical
1610.4	593.00	127.03	0.0078723	1237.6	1704.5	6.4814	0.89315	1.1657	825.71	-0.056295	7.0428e-05	0.10846	supercritical
1611.4	593.00	126.95	0.0078768	1238.5	1705.6	6.4822	0.89323	1.1658	825.90	-0.056310	7.0453e-05	0.10851	supercritical
1612.4	593.00	126.88	0.0078813	1239.4	1706.8	6.4829	0.89330	1.1658	826.10	-0.056324	7.0478e-05	0.10856	supercritical
1613.4	593.00	126.81	0.0078858	1240.3	1708.0	6.4836	0.89338	1.1659	826.30	-0.056339	7.0503e-05	0.10860	supercritical
1614.4	593.00	126.74	0.0078903	1241.2	1709.1	6.4843	0.89345	1.1659	826.50	-0.056353	7.0528e-05	0.10865	supercritical
1615.4	593.00	126.67	0.0078947	1242.1	1710.3	6.4850	0.89353	1.1660	826.70	-0.056368	7.0554e-05	0.10870	supercritical
1616.4	593.00	126.59	0.0078992	1243.0	1711.5	6.4858	0.89360	1.1661	826.90	-0.056382	7.0579e-05	0.10875	supercritical
1617.4	593.00	126.52	0.0079037	1243.9	1712.6	6.4865	0.89368	1.1661	827.09	-0.056396	7.0604e-05	0.10879	supercritical
1618.4	593.00	126.45	0.0079082	1244.8	1713.8	6.4872	0.89375	1.1662	827.29	-0.056411	7.0629e-05	0.10884	supercritical
1619.4	593.00	126.38	0.0079127	1245.7	1715.0	6.4879	0.89383	1.1662	827.49	-0.056425	7.0654e-05	0.10889	supercritical
1620.4	593.00	126.31	0.0079171	1246.6	1716.1	6.4886	0.89390	1.1663	827.69	-0.056440	7.0679e-05	0.10894	supercritical
1621.4	593.00	126.24	0.0079216	1247.5	1717.3	6.4894	0.89398	1.1664	827.88	-0.056454	7.0704e-05	0.10898	supercritical
1622.4	593.00	126.17	0.0079261	1248.5	1718.5	6.4901	0.89405	1.1664	828.08	-0.056468	7.0729e-05	0.10903	supercritical
1623.4	593.00	126.09	0.0079306	1249.4	1719.6	6.4908	0.89413	1.1665	828.28	-0.056482	7.0755e-05	0.10908	supercritical
1624.4	593.00	126.02	0.0079351	1250.3	1720.8	6.4915	0.89420	1.1665	828.48	-0.056497	7.0780e-05	0.10913	supercritical
1625.4	593.00	125.95	0.0079395	1251.2	1722.0	6.4922	0.89428	1.1666	828.68	-0.056511	7.0805e-05	0.10917	supercritical
1626.4	593.00	125.88	0.0079440	1252.1	1723.1	6.4930	0.89435	1.1667	828.87	-0.056525	7.0830e-05	0.10922	supercritical
1627.4	593.00	125.81	0.0079485	1253.0	1724.3	6.4937	0.89443	1.1667	829.07	-0.056539	7.0855e-05	0.10927	supercritical
1628.4	593.00	125.74	0.0079530	1253.9	1725.5	6.4944	0.89450	1.1668	829.27	-0.056554	7.0880e-05	0.10932	supercritical
1629.4	593.00	125.67	0.0079574	1254.8	1726.6	6.4951	0.89458	1.1668	829.46	-0.056568	7.0905e-05	0.10936	supercritical
1630.4	593.00	125.60	0.0079619	1255.7	1727.8	6.4958	0.89465	1.1669	829.66	-0.056582	7.0930e-05	0.10941	supercritical
1631.4	593.00	125.53	0.0079664	1256.6	1729.0	6.4965	0.89472	1.1669	829.86	-0.056596	7.0955e-05	0.10946	supercritical
1632.4	593.00	125.46	0.0079709	1257.5	1730.1	6.4973	0.89480	1.1670	830.06	-0.056610	7.0981e-05	0.10951	supercritical
1633.4	593.00	125.39	0.0079754	1258.4	1731.3	6.4980	0.89487	1.1671	830.25	-0.056624	7.1006e-05	0.10955	supercritical
1634.4	593.00	125.32	0.0079798	1259.3	1732.5	6.4987	0.89495	1.1671	830.45	-0.056638	7.1031e-05	0.10960	supercritical
1635.4	593.00	125.25	0.0079843	1260.2	1733.6	6.4994	0.89502	1.1672	830.65	-0.056652	7.1056e-05	0.10965	supercritical
1636.4	593.00	125.18	0.0079888	1261.1	1734.8	6.5001	0.89510	1.1672	830.84	-0.056666	7.1081e-05	0.10970	supercritical
1637.4	593.00	125.11	0.0079933	1262.0	1736.0	6.5008	0.89517	1.1673	831.04	-0.056680	7.1106e-05	0.10974	supercritical
1638.4	593.00	125.04	0.0079978	1262.9	1737.1	6.5015	0.89525	1.1674	831.24	-0.056694	7.1131e-05	0.10979	supercritical
1639.4	593.00	124.97	0.0080022	1263.8	1738.3	6.5022	0.89532	1.1674	831.44	-0.056708	7.1156e-05	0.10984	supercritical
1640.4	593.00	124.90	0.0080067	1264.7	1739.5	6.5030	0.89539	1.1675	831.63	-0.056722	7.1181e-05	0.10989	supercritical
1641.4	593.00	124.83	0.0080112	1265.6	1740.6	6.5037	0.89547	1.1675	831.83	-0.056736	7.1206e-05	0.10993	supercritical
1642.4	593.00	124.76	0.0080157	1266.5	1741.8	6.5044	0.89554	1.1676	832.03	-0.056750	7.1231e-05	0.10998	supercritical
1643.4	593.00	124.69	0.0080201	1267.4	1743.0	6.5051	0.89562	1.1677	832.22	-0.056764	7.1256e-05	0.11003	supercritical
1644.4	593.00	124.62	0.0080246	1268.3	1744.1	6.5058	0.89569	1.1677	832.42	-0.056778	7.1281e-05	0.11008	supercritical
1645.4	593.00	124.55	0.0080291	1269.2	1745.3	6.5065	0.89577	1.1678	832.61	-0.056791	7.1307e-05	0.11012	supercritical
1646.4	593.00	124.48	0.0080336	1270.1	1746.5	6.5072	0.89584	1.1678	832.81	-0.056805	7.1332e-05	0.11017	supercritical
1647.4	593.00	124.41	0.0080380	1271.0	1747.6	6.5079	0.89592	1.1679	833.01	-0.056819	7.1357e-05	0.11022	supercritical
1648.4	593.00	124.34	0.0080425	1271.9	1748.8	6.5086	0.89599	1.1680	833.20	-0.056833	7.1382e-05	0.11027	supercritical
1649.4	593.00	124.27	0.0080470	1272.8	1750.0	6.5093	0.89606	1.1680	833.40	-0.056846	7.1407e-05	0.11031	supercritical
1650.4	593.00	124.20	0.0080515	1273.7	1751.2	6.5101	0.89614	1.1681	833.60	-0.056860	7.1432e-05	0.11036	supercritical
1651.4	593.00	124.13	0.0080560	1274.6	1752.3	6.5108	0.89621	1.1681	833.79	-0.056874	7.1457e-05	0.11041	supercritical
1652.4	593.00	124.06	0.0080604	1275.5	1753.5	6.5115	0.89629	1.1682	833.99	-0.056888	7.1482e-05	0.11046	supercritical
1653.4	593.00	123.99	0.0080649	1276.4	1754.7	6.5122	0.89636	1.1682	834.18	-0.056901	7.1507e-05	0.11050	supercritical
1654.4	593.00	123.93	0.0080694	1277.3	1755.8	6.5129	0.89643	1.1683	834.38	-0.056915	7.1532e-05	0.11055	supercritical
1655.4	593.00	123.86	0.0080739	1278.2	1757.0	6.5136	0.89651	1.1684	834.58	-0.056928	7.1557e-05	0.11060	supercritical
1656.4	593.00	123.79	0.0080783	1279.1	1758.2	6.5143	0.89658	1.1684	834.77	-0.056942	7.1582e-05	0.11065	supercritical
1657.4	593.00	123.72	0.0080828	1280.0	1759.3	6.5150	0.89666	1.1685	834.97	-0.056956	7.1607e-05	0.11069	supercritical
1658.4	593.00	123.65	0.0080873	1280.9	1760.5	6.5157	0.89673	1.1685	835.16	-0.056969	7.1632e-05	0.11074	supercritical
1659.4	593.00	123.58	0.0080918	1281.8	1761.7	6.5164	0.89680	1.1686	835.36	-0.056983	7.1657e-05	0.11079	supercritical
1660.4	593.00	123.51	0.0080962	1282.7	1762.8	6.5171	0.89688	1.1687	835.56	-0.056996	7.1682e-05	0.11084	supercritical
1661.4	593.00	123.45	0.0081007	1283.6	1764.0	6.5178	0.89695	1.1687	835.75	-0.057010	7.1707e-05	0.11088	supercritical
1662.4	593.00	123.38	0.0081052	1284.5	1765.2	6.5185	0.89703	1.1688	835.95	-0.057023	7.1732e-05	0.11093	supercritical
1663.4	593.00	123.31	0.0081097	1285.4	1766.3	6.5192	0.89710	1.1688	836.14	-0.057037	7.1757e-05	0.11098	supercritical
1664.4	593.00	123.24	0.0081141	1286.3	1767.5	6.5199	0.89717	1.1689	836.34	-0.057050	7.1782e-05	0.11103	supercritical
1665.4	593.00	123.17	0.0081186	1287.2	1768.7	6.5206	0.89725	1.1690	836.53	-0.057064	7.1807e-05	0.11107	supercritical
1666.4	593.00	123.11	0.0081231	1288.1	1769.8	6.5213	0.89732	1.1690	836.73	-0.057077	7.1832e-05	0.11112	supercritical
1667.4	593.00	123.04	0.0081276	1289.1	1771.0	6.5220	0.89740	1.1691	836.92	-0.057090	7.1857e-05	0.11117	supercritical
1668.4	593.00	122.97	0.0081320	1290.0	1772.2	6.5227	0.89747	1.1691	837.12	-0.057104	7.1882e-05	0.11122	supercritical
1669.4	593.00	122.90	0.0081365	1290.9	1773.4	6.5234	0.89754	1.1692	837.31	-0.057117	7.1907e-05	0.11126	supercritical
1670.4	593.00	122.84	0.0081410	1291.8	1774.5	6.5241	0.89762	1.1693	837.51	-0.057130	7.1932e-05	0.11131	supercritical
1671.4	593.00	122.77	0.0081454	1292.7	1775.7	6.5248	0.89769	1.1693	837.70	-0.057144	7.1957e-05	0.11136	supercritical
1672.4	593.00	122.70	0.0081499	1293.6	1776.9	6.5255	0.89777	1.1694	837.90	-0.057157	7.1982e-05	0.11141	supercritical
1673.4	593.00	122.63	0.0081544	1294.5	1778.0	6.5262	0.89784	1.1694	838.09	-0.057170	7.2007e-05	0.11145	supercritical
1674.4	593.00	122.57	0.0081589	1295.4	1779.2	6.5269	0.89791	1.1695	838.29	-0.057183	7.2032e-05	0.11150	supercritical
1675.4	593.00	122.50	0.0081633	1296.3	1780.4	6.5276	0.89799	1.1695	838.48	-0.057197	7.2057e-05	0.11155	supercritical
1676.4	593.00	122.43	0.0081678	1297.2	1781.5	6.5283	0.89806	1.1696	838.68	-0.057210	7.2082e-05	0.11159	supercritical
1677.4	593.00	122.36	0.0081723	1298.1	1782.7	6.5290	0.89813	1.1697	838.87	-0.057223	7.2107e-05	0.11164	supercritical
1678.4	593.00	122.30	0.0081768	1299.0	1783.9	6.5297	0.89821	1.1697	839.07	-0.057236	7.2132e-05	0.11169	supercritical
1679.4	593.00	122.23	0.0081812	1299.9	1785.0	6.5304	0.89828	1.1698	839.26	-0.057249	7.2157e-05	0.11174	supercritical
1680.4	593.00	122.16	0.0081857	1300.8	1786.2	6.5311	0.89835	1.1698	839.46	-0.057262	7.2182e-05	0.11178	supercritical
1681.4	593.00	122.10	0.0081902	1301.7	1787.4	6.5318	0.89843	1.1699	839.65	-0.057276	7.2206e-05	0.11183	supercritical
1682.4	593.00	122.03	0.0081947	1302.6	1788.6	6.5325	0.89850	1.1700	839.85	-0.057289	7.2231e-05	0.11188	supercritical
1683.4	593.00	121.96	0.0081991	1303.5	1789.7	6.5332	0.89858	1.1700	840.04	-0.057302	7.2256e-05	0.11193	supercritical
1684.4	593.00	121.90	0.0082036	1304.4	1790.9	6.5339	0.89865	1.1701	840.24	-0.057315	7.2281e-05	0.11197	supercritical
1685.4	593.00	121.83	0.0082081	1305.3	1792.1	6.5346	0.89872	1.1701	840.43	-0.057328	7.2306e-05	0.11202	supercritical
1686.4	593.00	121.76	0.0082125	1306.2	1793.2	6.5353	0.89880	1.1702	840.62	-0.057341	7.2331e-05	0.11207	supercritical
1687.4	593.00	121.70	0.0082170	1307.1	1794.4	6.5360	0.89887	1.1703	840.82	-0.057354	7.2356e-05	0.11212	supercritical
1688.4	593.00	121.63	0.0082215	1308.0	1795.6	6.5367	0.89894	1.1703	841.01	-0.057367	7.2381e-05	0.11216	supercritical
1689.4	593.00	121.57	0.0082260	1309.0	1796.8	6.5374	0.89902	1.1704	841.21	-0.057380	7.2406e-05	0.11221	supercritical
1690.4	593.00	121.50	0.0082304	1309.9	1797.9	6.5381	0.89909	1.1704	841.40	-0.057393	7.2431e-05	0.11226	supercritical
1691.4	593.00	121.43	0.0082349	1310.8	1799.1	6.5388	0.89916	1.1705	841.60	-0.057406	7.2456e-05	0.11231	supercritical
1692.4	593.00	121.37	0.0082394	1311.7	1800.3	6.5394	0.89924	1.1706	841.79	-0.057418	7.2481e-05	0.11235	supercritical
1693.4	593.00	121.30	0.0082438	1312.6	1801.4	6.5401	0.89931	1.1706	841.98	-0.057431	7.2506e-05	0.11240	supercritical
1694.4	593.00	121.24	0.0082483	1313.5	1802.6	6.5408	0.89938	1.1707	842.18	-0.057444	7.2531e-05	0.11245	supercritical
1695.4	593.00	121.17	0.0082528	1314.4	1803.8	6.5415	0.89946	1.1707	842.37	-0.057457	7.2555e-05	0.11250	supercritical
1696.4	593.00	121.11	0.0082573	1315.3	1804.9	6.5422	0.89953	1.1708	842.56	-0.057470	7.2580e-05	0.11254	supercritical
1697.4	593.00	121.04	0.0082617	1316.2	1806.1	6.5429	0.89960	1.1709	842.76	-0.057483	7.2605e-05	0.11259	supercritical
1698.4	593.00	120.97	0.0082662	1317.1	1807.3	6.5436	0.89968	1.1709	842.95	-0.057495	7.2630e-05	0.11264	supercritical
1699.4	593.00	120.91	0.0082707	1318.0	1808.5	6.5443	0.89975	1.1710	843.15	-0.057508	7.2655e-05	0.11269	supercritical
1700.4	593.00	120.84	0.0082751	1318.9	1809.6	6.5450	0.89982	1.1710	843.34	-0.057521	7.2680e-05	0.11273	supercritical
1701.4	593.00	120.78	0.0082796	1319.8	1810.8	6.5457	0.89990	1.1711	843.53	-0.057534	7.2705e-05	0.11278	supercritical
1702.4	593.00	120.71	0.0082841	1320.7	1812.0	6.5463	0.89997	1.1712	843.73	-0.057546	7.2730e-05	0.11283	supercritical
1703.4	593.00	120.65	0.0082886	1321.6	1813.1	6.5470	0.90004	1.1712	843.92	-0.057559	7.2755e-05	0.11287	supercritical
1704.4	593.00	120.58	0.0082930	1322.5	1814.3	6.5477	0.90012	1.1713	844.11	-0.057572	7.2779e-05	0.11292	supercritical
1705.4	593.00	120.52	0.0082975	1323.4	1815.5	6.5484	0.90019	1.1713	844.31	-0.057584	7.2804e-05	0.11297	supercritical
1706.4	593.00	120.45	0.0083020	1324.3	1816.7	6.5491	0.90026	1.1714	844.50	-0.057597	7.2829e-05	0.11302	supercritical
1707.4	593.00	120.39	0.0083064	1325.3	1817.8	6.5498	0.90034	1.1715	844.69	-0.057610	7.2854e-05	0.11306	supercritical
1708.4	593.00	120.32	0.0083109	1326.2	1819.0	6.5505	0.90041	1.1715	844.89	-0.057622	7.2879e-05	0.11311	supercritical
1709.4	593.00	120.26	0.0083154	1327.1	1820.2	6.5511	0.90048	1.1716	845.08	-0.057635	7.2904e-05	0.11316	supercritical
1710.4	593.00	120.19	0.0083198	1328.0	1821.3	6.5518	0.90056	1.1716	845.27	-0.057647	7.2929e-05	0.11321	supercritical
1711.4	593.00	120.13	0.0083243	1328.9	1822.5	6.5525	0.90063	1.1717	845.47	-0.057660	7.2953e-05	0.11325	supercritical
1712.4	593.00	120.07	0.0083288	1329.8	1823.7	6.5532	0.90070	1.1717	845.66	-0.057672	7.2978e-05	0.11330	supercritical
1713.4	593.00	120.00	0.0083332	1330.7	1824.9	6.5539	0.90078	1.1718	845.85	-0.057685	7.3003e-05	0.11335	supercritical
1714.4	593.00	119.94	0.0083377	1331.6	1826.0	6.5546	0.90085	1.1719	846.04	-0.057697	7.3028e-05	0.11340	supercritical
1715.4	593.00	119.87	0.0083422	1332.5	1827.2	6.5553	0.90092	1.1719	846.24	-0.057710	7.3053e-05	0.11344	supercritical
1716.4	593.00	119.81	0.0083467	1333.4	1828.4	6.5559	0.90099	1.1720	846.43	-0.057722	7.3078e-05	0.11349	supercritical
1717.4	593.00	119.74	0.0083511	1334.3	1829.5	6.5566	0.90107	1.1720	846.62	-0.057735	7.3103e-05	0.11354	supercritical
1718.4	593.00	119.68	0.0083556	1335.2	1830.7	6.5573	0.90114	1.1721	846.81	-0.057747	7.3127e-05	0.11358	supercritical
1719.4	593.00	119.62	0.0083601	1336.1	1831.9	6.5580	0.90121	1.1722	847.01	-0.057759	7.3152e-05	0.11363	supercritical
1720.4	593.00	119.55	0.0083645	1337.0	1833.1	6.5587	0.90129	1.1722	847.20	-0.057772	7.3177e-05	0.11368	supercritical
1721.4	593.00	119.49	0.0083690	1338.0	1834.2	6.5593	0.90136	1.1723	847.39	-0.057784	7.3202e-05	0.11373	supercritical
1722.4	593.00	119.42	0.0083735	1338.9	1835.4	6.5600	0.90143	1.1723	847.59	-0.057796	7.3227e-05	0.11377	supercritical
1723.4	593.00	119.36	0.0083779	1339.8	1836.6	6.5607	0.90151	1.1724	847.78	-0.057809	7.3252e-05	0.11382	supercritical
1724.4	593.00	119.30	0.0083824	1340.7	1837.7	6.5614	0.90158	1.1725	847.97	-0.057821	7.3276e-05	0.11387	supercritical
1725.4	593.00	119.23	0.0083869	1341.6	1838.9	6.5621	0.90165	1.1725	848.16	-0.057833	7.3301e-05	0.11392	supercritical
1726.4	593.00	119.17	0.0083913	1342.5	1840.1	6.5627	0.90172	1.1726	848.35	-0.057846	7.3326e-05	0.11396	supercritical
1727.4	593.00	119.11	0.0083958	1343.4	1841.3	6.5634	0.90180	1.1726	848.55	-0.057858	7.3351e-05	0.11401	supercritical
1728.4	593.00	119.04	0.0084003	1344.3	1842.4	6.5641	0.90187	1.1727	848.74	-0.057870	7.3376e-05	0.11406	supercritical
1729.4	593.00	118.98	0.0084047	1345.2	1843.6	6.5648	0.90194	1.1728	848.93	-0.057882	7.3400e-05	0.11411	supercritical
1730.4	593.00	118.92	0.0084092	1346.1	1844.8	6.5655	0.90202	1.1728	849.12	-0.057894	7.3425e-05	0.11415	supercritical
1731.4	593.00	118.85	0.0084137	1347.0	1846.0	6.5661	0.90209	1.1729	849.31	-0.057907	7.3450e-05	0.11420	supercritical
1732.4	593.00	118.79	0.0084181	1347.9	1847.1	6.5668	0.90216	1.1729	849.51	-0.057919	7.3475e-05	0.11425	supercritical
1733.4	593.00	118.73	0.0084226	1348.8	1848.3	6.5675	0.90223	1.1730	849.70	-0.057931	7.3500e-05	0.11429	supercritical
1734.4	593.00	118.67	0.0084271	1349.8	1849.5	6.5682	0.90231	1.1731	849.89	-0.057943	7.3524e-05	0.11434	supercritical
1735.4	593.00	118.60	0.0084315	1350.7	1850.7	6.5688	0.90238	1.1731	850.08	-0.057955	7.3549e-05	0.11439	supercritical
1736.4	593.00	118.54	0.0084360	1351.6	1851.8	6.5695	0.90245	1.1732	850.27	-0.057967	7.3574e-05	0.11444	supercritical
1737.4	593.00	118.48	0.0084405	1352.5	1853.0	6.5702	0.90252	1.1732	850.47	-0.057979	7.3599e-05	0.11448	supercritical
1738.4	593.00	118.41	0.0084449	1353.4	1854.2	6.5709	0.90260	1.1733	850.66	-0.057991	7.3624e-05	0.11453	supercritical
1739.4	593.00	118.35	0.0084494	1354.3	1855.3	6.5715	0.90267	1.1734	850.85	-0.058003	7.3648e-05	0.11458	supercritical
1740.4	593.00	118.29	0.0084539	1355.2	1856.5	6.5722	0.90274	1.1734	851.04	-0.058015	7.3673e-05	0.11463	supercritical
1741.4	593.00	118.23	0.0084583	1356.1	1857.7	6.5729	0.90282	1.1735	851.23	-0.058027	7.3698e-05	0.11467	supercritical
1742.4	593.00	118.16	0.0084628	1357.0	1858.9	6.5736	0.90289	1.1735	851.42	-0.058039	7.3723e-05	0.11472	supercritical
1743.4	593.00	118.10	0.0084673	1357.9	1860.0	6.5742	0.90296	1.1736	851.61	-0.058051	7.3747e-05	0.11477	supercritical
1744.4	593.00	118.04	0.0084717	1358.8	1861.2	6.5749	0.90303	1.1737	851.81	-0.058063	7.3772e-05	0.11481	supercritical
1745.4	593.00	117.98	0.0084762	1359.7	1862.4	6.5756	0.90311	1.1737	852.00	-0.058075	7.3797e-05	0.11486	supercritical
1746.4	593.00	117.92	0.0084807	1360.7	1863.6	6.5763	0.90318	1.1738	852.19	-0.058087	7.3822e-05	0.11491	supercritical
1747.4	593.00	117.85	0.0084851	1361.6	1864.7	6.5769	0.90325	1.1738	852.38	-0.058099	7.3846e-05	0.11496	supercritical
1748.4	593.00	117.79	0.0084896	1362.5	1865.9	6.5776	0.90332	1.1739	852.57	-0.058111	7.3871e-05	0.11500	supercritical
1749.4	593.00	117.73	0.0084941	1363.4	1867.1	6.5783	0.90340	1.1740	852.76	-0.058123	7.3896e-05	0.11505	supercritical
1750.4	593.00	117.67	0.0084985	1364.3	1868.3	6.5789	0.90347	1.1740	852.95	-0.058134	7.3921e-05	0.11510	supercritical
1751.4	593.00	117.61	0.0085030	1365.2	1869.4	6.5796	0.90354	1.1741	853.14	-0.058146	7.3945e-05	0.11515	supercritical
1752.4	593.00	117.54	0.0085075	1366.1	1870.6	6.5803	0.90361	1.1741	853.34	-0.058158	7.3970e-05	0.11519	supercritical
1753.4	593.00	117.48	0.0085119	1367.0	1871.8	6.5810	0.90369	1.1742	853.53	-0.058170	7.3995e-05	0.11524	supercritical
1754.4	593.00	117.42	0.0085164	1367.9	1873.0	6.5816	0.90376	1.1743	853.72	-0.058182	7.4020e-05	0.11529	supercritical
1755.4	593.00	117.36	0.0085209	1368.8	1874.1	6.5823	0.90383	1.1743	853.91	-0.058193	7.4044e-05	0.11534	supercritical
1756.4	593.00	117.30	0.0085253	1369.7	1875.3	6.5830	0.90390	1.1744	854.10	-0.058205	7.4069e-05	0.11538	supercritical
1757.4	593.00	117.24	0.0085298	1370.7	1876.5	6.5836	0.90398	1.1744	854.29	-0.058217	7.4094e-05	0.11543	supercritical
1758.4	593.00	117.17	0.0085343	1371.6	1877.6	6.5843	0.90405	1.1745	854.48	-0.058228	7.4119e-05	0.11548	supercritical
1759.4	593.00	117.11	0.0085387	1372.5	1878.8	6.5850	0.90412	1.1746	854.67	-0.058240	7.4143e-05	0.11552	supercritical
1760.4	593.00	117.05	0.0085432	1373.4	1880.0	6.5856	0.90419	1.1746	854.86	-0.058252	7.4168e-05	0.11557	supercritical
1761.4	593.00	116.99	0.0085477	1374.3	1881.2	6.5863	0.90427	1.1747	855.05	-0.058263	7.4193e-05	0.11562	supercritical
1762.4	593.00	116.93	0.0085521	1375.2	1882.3	6.5870	0.90434	1.1747	855.24	-0.058275	7.4217e-05	0.11567	supercritical
1763.4	593.00	116.87	0.0085566	1376.1	1883.5	6.5876	0.90441	1.1748	855.43	-0.058287	7.4242e-05	0.11571	supercritical
1764.4	593.00	116.81	0.0085610	1377.0	1884.7	6.5883	0.90448	1.1749	855.62	-0.058298	7.4267e-05	0.11576	supercritical
1765.4	593.00	116.75	0.0085655	1377.9	1885.9	6.5890	0.90456	1.1749	855.81	-0.058310	7.4292e-05	0.11581	supercritical
1766.4	593.00	116.69	0.0085700	1378.8	1887.0	6.5896	0.90463	1.1750	856.00	-0.058321	7.4316e-05	0.11585	supercritical
1767.4	593.00	116.63	0.0085744	1379.8	1888.2	6.5903	0.90470	1.1750	856.19	-0.058333	7.4341e-05	0.11590	supercritical
1768.4	593.00	116.57	0.0085789	1380.7	1889.4	6.5910	0.90477	1.1751	856.38	-0.058344	7.4366e-05	0.11595	supercritical
1769.4	593.00	116.50	0.0085834	1381.6	1890.6	6.5916	0.90485	1.1752	856.57	-0.058356	7.4390e-05	0.11600	supercritical
1770.4	593.00	116.44	0.0085878	1382.5	1891.7	6.5923	0.90492	1.1752	856.76	-0.058367	7.4415e-05	0.11604	supercritical
1771.4	593.00	116.38	0.0085923	1383.4	1892.9	6.5930	0.90499	1.1753	856.95	-0.058379	7.4440e-05	0.11609	supercritical
1772.4	593.00	116.32	0.0085968	1384.3	1894.1	6.5936	0.90506	1.1753	857.14	-0.058390	7.4464e-05	0.11614	supercritical
1773.4	593.00	116.26	0.0086012	1385.2	1895.3	6.5943	0.90513	1.1754	857.33	-0.058402	7.4489e-05	0.11619	supercritical
1774.4	593.00	116.20	0.0086057	1386.1	1896.4	6.5949	0.90521	1.1755	857.52	-0.058413	7.4514e-05	0.11623	supercritical
1775.4	593.00	116.14	0.0086101	1387.0	1897.6	6.5956	0.90528	1.1755	857.71	-0.058425	7.4539e-05	0.11628	supercritical
1776.4	593.00	116.08	0.0086146	1388.0	1898.8	6.5963	0.90535	1.1756	857.90	-0.058436	7.4563e-05	0.11633	supercritical
1777.4	593.00	116.02	0.0086191	1388.9	1900.0	6.5969	0.90542	1.1756	858.09	-0.058447	7.4588e-05	0.11637	supercritical
1778.4	593.00	115.96	0.0086235	1389.8	1901.2	6.5976	0.90550	1.1757	858.28	-0.058459	7.4613e-05	0.11642	supercritical
1779.4	593.00	115.90	0.0086280	1390.7	1902.3	6.5983	0.90557	1.1758	858.47	-0.058470	7.4637e-05	0.11647	supercritical
1780.4	593.00	115.84	0.0086325	1391.6	1903.5	6.5989	0.90564	1.1758	858.66	-0.058481	7.4662e-05	0.11652	supercritical
1781.4	593.00	115.78	0.0086369	1392.5	1904.7	6.5996	0.90571	1.1759	858.85	-0.058493	7.4687e-05	0.11656	supercritical
1782.4	593.00	115.72	0.0086414	1393.4	1905.9	6.6002	0.90578	1.1759	859.04	-0.058504	7.4711e-05	0.11661	supercritical
1783.4	593.00	115.66	0.0086458	1394.3	1907.0	6.6009	0.90586	1.1760	859.23	-0.058515	7.4736e-05	0.11666	supercritical
1784.4	593.00	115.60	0.0086503	1395.2	1908.2	6.6016	0.90593	1.1761	859.42	-0.058527	7.4761e-05	0.11671	supercritical
1785.4	593.00	115.54	0.0086548	1396.2	1909.4	6.6022	0.90600	1.1761	859.61	-0.058538	7.4785e-05	0.11675	supercritical
1786.4	593.00	115.48	0.0086592	1397.1	1910.6	6.6029	0.90607	1.1762	859.80	-0.058549	7.4810e-05	0.11680	supercritical
1787.4	593.00	115.42	0.0086637	1398.0	1911.7	6.6035	0.90614	1.1762	859.99	-0.058560	7.4834e-05	0.11685	supercritical
1788.4	593.00	115.36	0.0086682	1398.9	1912.9	6.6042	0.90622	1.1763	860.18	-0.058571	7.4859e-05	0.11689	supercritical
1789.4	593.00	115.31	0.0086726	1399.8	1914.1	6.6048	0.90629	1.1764	860.37	-0.058583	7.4884e-05	0.11694	supercritical
1790.4	593.00	115.25	0.0086771	1400.7	1915.3	6.6055	0.90636	1.1764	860.55	-0.058594	7.4908e-05	0.11699	supercritical
1791.4	593.00	115.19	0.0086815	1401.6	1916.4	6.6062	0.90643	1.1765	860.74	-0.058605	7.4933e-05	0.11704	supercritical
1792.4	593.00	115.13	0.0086860	1402.5	1917.6	6.6068	0.90650	1.1765	860.93	-0.058616	7.4958e-05	0.11708	supercritical
1793.4	593.00	115.07	0.0086905	1403.4	1918.8	6.6075	0.90658	1.1766	861.12	-0.058627	7.4982e-05	0.11713	supercritical
1794.4	593.00	115.01	0.0086949	1404.4	1920.0	6.6081	0.90665	1.1767	861.31	-0.058638	7.5007e-05	0.11718	supercritical
1795.4	593.00	114.95	0.0086994	1405.3	1921.1	6.6088	0.90672	1.1767	861.50	-0.058649	7.5032e-05	0.11722	supercritical
1796.4	593.00	114.89	0.0087038	1406.2	1922.3	6.6094	0.90679	1.1768	861.69	-0.058660	7.5056e-05	0.11727	supercritical
1797.4	593.00	114.83	0.0087083	1407.1	1923.5	6.6101	0.90686	1.1768	861.88	-0.058671	7.5081e-05	0.11732	supercritical
1798.4	593.00	114.77	0.0087128	1408.0	1924.7	6.6107	0.90694	1.1769	862.07	-0.058682	7.5105e-05	0.11737	supercritical
1799.4	593.00	114.72	0.0087172	1408.9	1925.9	6.6114	0.90701	1.1770	862.25	-0.058693	7.5130e-05	0.11741	supercritical
1800.4	593.00	114.66	0.0087217	1409.8	1927.0	6.6121	0.90708	1.1770	862.44	-0.058704	7.5155e-05	0.11746	supercritical
1801.4	593.00	114.60	0.0087261	1410.7	1928.2	6.6127	0.90715	1.1771	862.63	-0.058715	7.5179e-05	0.11751	supercritical
1802.4	593.00	114.54	0.0087306	1411.7	1929.4	6.6134	0.90722	1.1771	862.82	-0.058726	7.5204e-05	0.11755	supercritical
1803.4	593.00	114.48	0.0087351	1412.6	1930.6	6.6140	0.90730	1.1772	863.01	-0.058737	7.5228e-05	0.11760	supercritical
1804.4	593.00	114.42	0.0087395	1413.5	1931.7	6.6147	0.90737	1.1773	863.20	-0.058748	7.5253e-05	0.11765	supercritical
1805.4	593.00	114.36	0.0087440	1414.4	1932.9	6.6153	0.90744	1.1773	863.38	-0.058759	7.5278e-05	0.11770	supercritical
1806.4	593.00	114.31	0.0087484	1415.3	1934.1	6.6160	0.90751	1.1774	863.57	-0.058770	7.5302e-05	0.11774	supercritical
1807.4	593.00	114.25	0.0087529	1416.2	1935.3	6.6166	0.90758	1.1774	863.76	-0.058781	7.5327e-05	0.11779	supercritical
1808.4	593.00	114.19	0.0087574	1417.1	1936.4	6.6173	0.90766	1.1775	863.95	-0.058792	7.5351e-05	0.11784	supercritical
1809.4	593.00	114.13	0.0087618	1418.0	1937.6	6.6179	0.90773	1.1776	864.14	-0.058803	7.5376e-05	0.11788	supercritical
1810.4	593.00	114.07	0.0087663	1419.0	1938.8	6.6186	0.90780	1.1776	864.33	-0.058813	7.5401e-05	0.11793	supercritical
1811.4	593.00	114.02	0.0087707	1419.9	1940.0	6.6192	0.90787	1.1777	864.51	-0.058824	7.5425e-05	0.11798	supercritical
1812.4	593.00	113.96	0.0087752	1420.8	1941.2	6.6199	0.90794	1.1777	864.70	-0.058835	7.5450e-05	0.11803	supercritical
1813.4	593.00	113.90	0.0087797	1421.7	1942.3	6.6205	0.90801	1.1778	864.89	-0.058846	7.5474e-05	0.11807	supercritical
1814.4	593.00	113.84	0.0087841	1422.6	1943.5	6.6212	0.90809	1.1779	865.08	-0.058857	7.5499e-05	0.11812	supercritical
1815.4	593.00	113.78	0.0087886	1423.5	1944.7	6.6218	0.90816	1.1779	865.27	-0.058867	7.5524e-05	0.11817	supercritical
1816.4	593.00	113.73	0.0087930	1424.4	1945.9	6.6225	0.90823	1.1780	865.45	-0.058878	7.5548e-05	0.11821	supercritical
1817.4	593.00	113.67	0.0087975	1425.4	1947.0	6.6231	0.90830	1.1780	865.64	-0.058889	7.5573e-05	0.11826	supercritical
1818.4	593.00	113.61	0.0088020	1426.3	1948.2	6.6238	0.90837	1.1781	865.83	-0.058899	7.5597e-05	0.11831	supercritical
1819.4	593.00	113.55	0.0088064	1427.2	1949.4	6.6244	0.90845	1.1782	866.02	-0.058910	7.5622e-05	0.11836	supercritical
1820.4	593.00	113.50	0.0088109	1428.1	1950.6	6.6251	0.90852	1.1782	866.20	-0.058921	7.5646e-05	0.11840	supercritical
1821.4	593.00	113.44	0.0088153	1429.0	1951.8	6.6257	0.90859	1.1783	866.39	-0.058931	7.5671e-05	0.11845	supercritical
1822.4	593.00	113.38	0.0088198	1429.9	1952.9	6.6264	0.90866	1.1784	866.58	-0.058942	7.5695e-05	0.11850	supercritical
1823.4	593.00	113.32	0.0088243	1430.8	1954.1	6.6270	0.90873	1.1784	866.77	-0.058953	7.5720e-05	0.11854	supercritical
1824.4	593.00	113.27	0.0088287	1431.8	1955.3	6.6277	0.90880	1.1785	866.95	-0.058963	7.5745e-05	0.11859	supercritical
1825.4	593.00	113.21	0.0088332	1432.7	1956.5	6.6283	0.90888	1.1785	867.14	-0.058974	7.5769e-05	0.11864	supercritical
1826.4	593.00	113.15	0.0088376	1433.6	1957.7	6.6289	0.90895	1.1786	867.33	-0.058984	7.5794e-05	0.11869	supercritical
1827.4	593.00	113.10	0.0088421	1434.5	1958.8	6.6296	0.90902	1.1787	867.52	-0.058995	7.5818e-05	0.11873	supercritical
1828.4	593.00	113.04	0.0088465	1435.4	1960.0	6.6302	0.90909	1.1787	867.70	-0.059006	7.5843e-05	0.11878	supercritical
1829.4	593.00	112.98	0.0088510	1436.3	1961.2	6.6309	0.90916	1.1788	867.89	-0.059016	7.5867e-05	0.11883	supercritical
1830.4	593.00	112.92	0.0088555	1437.2	1962.4	6.6315	0.90923	1.1788	868.08	-0.059027	7.5892e-05	0.11887	supercritical
1831.4	593.00	112.87	0.0088599	1438.2	1963.5	6.6322	0.90930	1.1789	868.27	-0.059037	7.5916e-05	0.11892	supercritical
1832.4	593.00	112.81	0.0088644	1439.1	1964.7	6.6328	0.90938	1.1790	868.45	-0.059048	7.5941e-05	0.11897	supercritical
1833.4	593.00	112.75	0.0088688	1440.0	1965.9	6.6335	0.90945	1.1790	868.64	-0.059058	7.5965e-05	0.11902	supercritical
1834.4	593.00	112.70	0.0088733	1440.9	1967.1	6.6341	0.90952	1.1791	868.83	-0.059069	7.5990e-05	0.11906	supercritical
1835.4	593.00	112.64	0.0088778	1441.8	1968.3	6.6347	0.90959	1.1791	869.01	-0.059079	7.6014e-05	0.11911	supercritical
1836.4	593.00	112.58	0.0088822	1442.7	1969.4	6.6354	0.90966	1.1792	869.20	-0.059089	7.6039e-05	0.11916	supercritical
1837.4	593.00	112.53	0.0088867	1443.6	1970.6	6.6360	0.90973	1.1793	869.39	-0.059100	7.6064e-05	0.11920	supercritical
1838.4	593.00	112.47	0.0088911	1444.6	1971.8	6.6367	0.90981	1.1793	869.57	-0.059110	7.6088e-05	0.11925	supercritical
1839.4	593.00	112.42	0.0088956	1445.5	1973.0	6.6373	0.90988	1.1794	869.76	-0.059121	7.6113e-05	0.11930	supercritical
1840.4	593.00	112.36	0.0089000	1446.4	1974.2	6.6379	0.90995	1.1794	869.95	-0.059131	7.6137e-05	0.11935	supercritical
1841.4	593.00	112.30	0.0089045	1447.3	1975.3	6.6386	0.91002	1.1795	870.13	-0.059141	7.6162e-05	0.11939	supercritical
1842.4	593.00	112.25	0.0089090	1448.2	1976.5	6.6392	0.91009	1.1796	870.32	-0.059152	7.6186e-05	0.11944	supercritical
1843.4	593.00	112.19	0.0089134	1449.1	1977.7	6.6399	0.91016	1.1796	870.51	-0.059162	7.6211e-05	0.11949	supercritical
1844.4	593.00	112.13	0.0089179	1450.0	1978.9	6.6405	0.91023	1.1797	870.69	-0.059172	7.6235e-05	0.11953	supercritical
1845.4	593.00	112.08	0.0089223	1451.0	1980.1	6.6411	0.91031	1.1797	870.88	-0.059183	7.6260e-05	0.11958	supercritical
1846.4	593.00	112.02	0.0089268	1451.9	1981.2	6.6418	0.91038	1.1798	871.07	-0.059193	7.6284e-05	0.11963	supercritical
1847.4	593.00	111.97	0.0089312	1452.8	1982.4	6.6424	0.91045	1.1799	871.25	-0.059203	7.6309e-05	0.11968	supercritical
1848.4	593.00	111.91	0.0089357	1453.7	1983.6	6.6431	0.91052	1.1799	871.44	-0.059213	7.6333e-05	0.11972	supercritical
1849.4	593.00	111.85	0.0089401	1454.6	1984.8	6.6437	0.91059	1.1800	871.63	-0.059223	7.6358e-05	0.11977	supercritical
1850.4	593.00	111.80	0.0089446	1455.5	1986.0	6.6443	0.91066	1.1800	871.81	-0.059234	7.6382e-05	0.11982	supercritical
1851.4	593.00	111.74	0.0089491	1456.5	1987.1	6.6450	0.91073	1.1801	872.00	-0.059244	7.6407e-05	0.11986	supercritical
1852.4	593.00	111.69	0.0089535	1457.4	1988.3	6.6456	0.91081	1.1802	872.18	-0.059254	7.6431e-05	0.11991	supercritical
1853.4	593.00	111.63	0.0089580	1458.3	1989.5	6.6462	0.91088	1.1802	872.37	-0.059264	7.6455e-05	0.11996	supercritical
1854.4	593.00	111.58	0.0089624	1459.2	1990.7	6.6469	0.91095	1.1803	872.56	-0.059274	7.6480e-05	0.12001	supercritical
1855.4	593.00	111.52	0.0089669	1460.1	1991.9	6.6475	0.91102	1.1804	872.74	-0.059285	7.6504e-05	0.12005	supercritical
1856.4	593.00	111.47	0.0089713	1461.0	1993.0	6.6482	0.91109	1.1804	872.93	-0.059295	7.6529e-05	0.12010	supercritical
1857.4	593.00	111.41	0.0089758	1462.0	1994.2	6.6488	0.91116	1.1805	873.11	-0.059305	7.6553e-05	0.12015	supercritical
1858.4	593.00	111.36	0.0089803	1462.9	1995.4	6.6494	0.91123	1.1805	873.30	-0.059315	7.6578e-05	0.12019	supercritical
1859.4	593.00	111.30	0.0089847	1463.8	1996.6	6.6501	0.91130	1.1806	873.49	-0.059325	7.6602e-05	0.12024	supercritical
1860.4	593.00	111.25	0.0089892	1464.7	1997.8	6.6507	0.91138	1.1807	873.67	-0.059335	7.6627e-05	0.12029	supercritical
1861.4	593.00	111.19	0.0089936	1465.6	1998.9	6.6513	0.91145	1.1807	873.86	-0.059345	7.6651e-05	0.12033	supercritical
1862.4	593.00	111.13	0.0089981	1466.5	2000.1	6.6520	0.91152	1.1808	874.04	-0.059355	7.6676e-05	0.12038	supercritical
1863.4	593.00	111.08	0.0090025	1467.5	2001.3	6.6526	0.91159	1.1808	874.23	-0.059365	7.6700e-05	0.12043	supercritical
1864.4	593.00	111.02	0.0090070	1468.4	2002.5	6.6532	0.91166	1.1809	874.41	-0.059375	7.6725e-05	0.12048	supercritical
1865.4	593.00	110.97	0.0090114	1469.3	2003.7	6.6539	0.91173	1.1810	874.60	-0.059385	7.6749e-05	0.12052	supercritical
1866.4	593.00	110.92	0.0090159	1470.2	2004.8	6.6545	0.91180	1.1810	874.78	-0.059395	7.6773e-05	0.12057	supercritical
1867.4	593.00	110.86	0.0090203	1471.1	2006.0	6.6551	0.91187	1.1811	874.97	-0.059405	7.6798e-05	0.12062	supercritical
1868.4	593.00	110.81	0.0090248	1472.0	2007.2	6.6558	0.91195	1.1811	875.16	-0.059415	7.6822e-05	0.12066	supercritical
1869.4	593.00	110.75	0.0090293	1473.0	2008.4	6.6564	0.91202	1.1812	875.34	-0.059425	7.6847e-05	0.12071	supercritical
1870.4	593.00	110.70	0.0090337	1473.9	2009.6	6.6570	0.91209	1.1813	875.53	-0.059435	7.6871e-05	0.12076	supercritical
1871.4	593.00	110.64	0.0090382	1474.8	2010.8	6.6577	0.91216	1.1813	875.71	-0.059445	7.6896e-05	0.12081	supercritical
1872.4	593.00	110.59	0.0090426	1475.7	2011.9	6.6583	0.91223	1.1814	875.90	-0.059455	7.6920e-05	0.12085	supercritical
1873.4	593.00	110.53	0.0090471	1476.6	2013.1	6.6589	0.91230	1.1814	876.08	-0.059464	7.6945e-05	0.12090	supercritical
1874.4	593.00	110.48	0.0090515	1477.5	2014.3	6.6596	0.91237	1.1815	876.27	-0.059474	7.6969e-05	0.12095	supercritical
1875.4	593.00	110.42	0.0090560	1478.5	2015.5	6.6602	0.91244	1.1816	876.45	-0.059484	7.6993e-05	0.12099	supercritical
1876.4	593.00	110.37	0.0090604	1479.4	2016.7	6.6608	0.91252	1.1816	876.64	-0.059494	7.7018e-05	0.12104	supercritical
1877.4	593.00	110.32	0.0090649	1480.3	2017.8	6.6614	0.91259	1.1817	876.82	-0.059504	7.7042e-05	0.12109	supercritical
1878.4	593.00	110.26	0.0090693	1481.2	2019.0	6.6621	0.91266	1.1817	877.01	-0.059514	7.7067e-05	0.12113	supercritical
1879.4	593.00	110.21	0.0090738	1482.1	2020.2	6.6627	0.91273	1.1818	877.19	-0.059523	7.7091e-05	0.12118	supercritical
1880.4	593.00	110.15	0.0090783	1483.0	2021.4	6.6633	0.91280	1.1819	877.38	-0.059533	7.7115e-05	0.12123	supercritical
1881.4	593.00	110.10	0.0090827	1484.0	2022.6	6.6640	0.91287	1.1819	877.56	-0.059543	7.7140e-05	0.12128	supercritical
1882.4	593.00	110.05	0.0090872	1484.9	2023.7	6.6646	0.91294	1.1820	877.75	-0.059553	7.7164e-05	0.12132	supercritical
1883.4	593.00	109.99	0.0090916	1485.8	2024.9	6.6652	0.91301	1.1821	877.93	-0.059562	7.7189e-05	0.12137	supercritical
1884.4	593.00	109.94	0.0090961	1486.7	2026.1	6.6658	0.91308	1.1821	878.12	-0.059572	7.7213e-05	0.12142	supercritical
1885.4	593.00	109.88	0.0091005	1487.6	2027.3	6.6665	0.91315	1.1822	878.30	-0.059582	7.7237e-05	0.12146	supercritical
1886.4	593.00	109.83	0.0091050	1488.6	2028.5	6.6671	0.91323	1.1822	878.49	-0.059591	7.7262e-05	0.12151	supercritical
1887.4	593.00	109.78	0.0091094	1489.5	2029.7	6.6677	0.91330	1.1823	878.67	-0.059601	7.7286e-05	0.12156	supercritical
1888.4	593.00	109.72	0.0091139	1490.4	2030.8	6.6684	0.91337	1.1824	878.85	-0.059611	7.7311e-05	0.12160	supercritical
1889.4	593.00	109.67	0.0091183	1491.3	2032.0	6.6690	0.91344	1.1824	879.04	-0.059620	7.7335e-05	0.12165	supercritical
1890.4	593.00	109.62	0.0091228	1492.2	2033.2	6.6696	0.91351	1.1825	879.22	-0.059630	7.7359e-05	0.12170	supercritical
1891.4	593.00	109.56	0.0091272	1493.1	2034.4	6.6702	0.91358	1.1825	879.41	-0.059640	7.7384e-05	0.12175	supercritical
1892.4	593.00	109.51	0.0091317	1494.1	2035.6	6.6709	0.91365	1.1826	879.59	-0.059649	7.7408e-05	0.12179	supercritical
1893.4	593.00	109.46	0.0091361	1495.0	2036.8	6.6715	0.91372	1.1827	879.78	-0.059659	7.7433e-05	0.12184	supercritical
1894.4	593.00	109.40	0.0091406	1495.9	2037.9	6.6721	0.91379	1.1827	879.96	-0.059668	7.7457e-05	0.12189	supercritical
1895.4	593.00	109.35	0.0091451	1496.8	2039.1	6.6727	0.91386	1.1828	880.14	-0.059678	7.7481e-05	0.12193	supercritical
1896.4	593.00	109.30	0.0091495	1497.7	2040.3	6.6733	0.91394	1.1828	880.33	-0.059688	7.7506e-05	0.12198	supercritical
1897.4	593.00	109.24	0.0091540	1498.7	2041.5	6.6740	0.91401	1.1829	880.51	-0.059697	7.7530e-05	0.12203	supercritical
1898.4	593.00	109.19	0.0091584	1499.6	2042.7	6.6746	0.91408	1.1830	880.70	-0.059707	7.7554e-05	0.12208	supercritical
1899.4	593.00	109.14	0.0091629	1500.5	2043.9	6.6752	0.91415	1.1830	880.88	-0.059716	7.7579e-05	0.12212	supercritical
1900.4	593.00	109.08	0.0091673	1501.4	2045.0	6.6758	0.91422	1.1831	881.06	-0.059726	7.7603e-05	0.12217	supercritical
1901.4	593.00	109.03	0.0091718	1502.3	2046.2	6.6765	0.91429	1.1831	881.25	-0.059735	7.7628e-05	0.12222	supercritical
1902.4	593.00	108.98	0.0091762	1503.3	2047.4	6.6771	0.91436	1.1832	881.43	-0.059744	7.7652e-05	0.12226	supercritical
1903.4	593.00	108.92	0.0091807	1504.2	2048.6	6.6777	0.91443	1.1833	881.62	-0.059754	7.7676e-05	0.12231	supercritical
1904.4	593.00	108.87	0.0091851	1505.1	2049.8	6.6783	0.91450	1.1833	881.80	-0.059763	7.7701e-05	0.12236	supercritical
1905.4	593.00	108.82	0.0091896	1506.0	2051.0	6.6790	0.91457	1.1834	881.98	-0.059773	7.7725e-05	0.12240	supercritical
1906.4	593.00	108.77	0.0091940	1506.9	2052.1	6.6796	0.91464	1.1835	882.17	-0.059782	7.7749e-05	0.12245	supercritical
1907.4	593.00	108.71	0.0091985	1507.8	2053.3	6.6802	0.91471	1.1835	882.35	-0.059792	7.7774e-05	0.12250	supercritical
1908.4	593.00	108.66	0.0092029	1508.8	2054.5	6.6808	0.91479	1.1836	882.53	-0.059801	7.7798e-05	0.12255	supercritical
1909.4	593.00	108.61	0.0092074	1509.7	2055.7	6.6814	0.91486	1.1836	882.72	-0.059810	7.7822e-05	0.12259	supercritical
1910.4	593.00	108.56	0.0092118	1510.6	2056.9	6.6821	0.91493	1.1837	882.90	-0.059820	7.7847e-05	0.12264	supercritical
1911.4	593.00	108.50	0.0092163	1511.5	2058.1	6.6827	0.91500	1.1838	883.08	-0.059829	7.7871e-05	0.12269	supercritical
1912.4	593.00	108.45	0.0092207	1512.4	2059.2	6.6833	0.91507	1.1838	883.27	-0.059838	7.7895e-05	0.12273	supercritical
1913.4	593.00	108.40	0.0092252	1513.4	2060.4	6.6839	0.91514	1.1839	883.45	-0.059848	7.7920e-05	0.12278	supercritical
1914.4	593.00	108.35	0.0092296	1514.3	2061.6	6.6845	0.91521	1.1839	883.63	-0.059857	7.7944e-05	0.12283	supercritical
1915.4	593.00	108.29	0.0092341	1515.2	2062.8	6.6851	0.91528	1.1840	883.82	-0.059866	7.7968e-05	0.12287	supercritical
1916.4	593.00	108.24	0.0092385	1516.1	2064.0	6.6858	0.91535	1.1841	884.00	-0.059875	7.7993e-05	0.12292	supercritical
1917.4	593.00	108.19	0.0092430	1517.0	2065.2	6.6864	0.91542	1.1841	884.18	-0.059885	7.8017e-05	0.12297	supercritical
1918.4	593.00	108.14	0.0092474	1518.0	2066.3	6.6870	0.91549	1.1842	884.37	-0.059894	7.8041e-05	0.12301	supercritical
1919.4	593.00	108.09	0.0092519	1518.9	2067.5	6.6876	0.91556	1.1842	884.55	-0.059903	7.8066e-05	0.12306	supercritical
1920.4	593.00	108.03	0.0092563	1519.8	2068.7	6.6882	0.91563	1.1843	884.73	-0.059912	7.8090e-05	0.12311	supercritical
1921.4	593.00	107.98	0.0092608	1520.7	2069.9	6.6889	0.91571	1.1844	884.92	-0.059922	7.8114e-05	0.12316	supercritical
1922.4	593.00	107.93	0.0092652	1521.6	2071.1	6.6895	0.91578	1.1844	885.10	-0.059931	7.8139e-05	0.12320	supercritical
1923.4	593.00	107.88	0.0092697	1522.6	2072.3	6.6901	0.91585	1.1845	885.28	-0.059940	7.8163e-05	0.12325	supercritical
1924.4	593.00	107.83	0.0092741	1523.5	2073.4	6.6907	0.91592	1.1846	885.47	-0.059949	7.8187e-05	0.12330	supercritical
1925.4	593.00	107.77	0.0092786	1524.4	2074.6	6.6913	0.91599	1.1846	885.65	-0.059958	7.8212e-05	0.12334	supercritical
1926.4	593.00	107.72	0.0092830	1525.3	2075.8	6.6919	0.91606	1.1847	885.83	-0.059967	7.8236e-05	0.12339	supercritical
1927.4	593.00	107.67	0.0092875	1526.3	2077.0	6.6925	0.91613	1.1847	886.01	-0.059977	7.8260e-05	0.12344	supercritical
1928.4	593.00	107.62	0.0092919	1527.2	2078.2	6.6932	0.91620	1.1848	886.20	-0.059986	7.8285e-05	0.12348	supercritical
1929.4	593.00	107.57	0.0092964	1528.1	2079.4	6.6938	0.91627	1.1849	886.38	-0.059995	7.8309e-05	0.12353	supercritical
1930.4	593.00	107.52	0.0093008	1529.0	2080.6	6.6944	0.91634	1.1849	886.56	-0.060004	7.8333e-05	0.12358	supercritical
1931.4	593.00	107.47	0.0093053	1529.9	2081.7	6.6950	0.91641	1.1850	886.74	-0.060013	7.8357e-05	0.12363	supercritical
1932.4	593.00	107.41	0.0093097	1530.9	2082.9	6.6956	0.91648	1.1850	886.93	-0.060022	7.8382e-05	0.12367	supercritical
1933.4	593.00	107.36	0.0093142	1531.8	2084.1	6.6962	0.91655	1.1851	887.11	-0.060031	7.8406e-05	0.12372	supercritical
1934.4	593.00	107.31	0.0093186	1532.7	2085.3	6.6968	0.91662	1.1852	887.29	-0.060040	7.8430e-05	0.12377	supercritical
1935.4	593.00	107.26	0.0093231	1533.6	2086.5	6.6975	0.91669	1.1852	887.47	-0.060049	7.8455e-05	0.12381	supercritical
1936.4	593.00	107.21	0.0093275	1534.5	2087.7	6.6981	0.91676	1.1853	887.66	-0.060058	7.8479e-05	0.12386	supercritical
1937.4	593.00	107.16	0.0093320	1535.5	2088.9	6.6987	0.91683	1.1853	887.84	-0.060067	7.8503e-05	0.12391	supercritical
1938.4	593.00	107.11	0.0093364	1536.4	2090.0	6.6993	0.91691	1.1854	888.02	-0.060076	7.8527e-05	0.12395	supercritical
1939.4	593.00	107.06	0.0093409	1537.3	2091.2	6.6999	0.91698	1.1855	888.20	-0.060085	7.8552e-05	0.12400	supercritical
1940.4	593.00	107.01	0.0093453	1538.2	2092.4	6.7005	0.91705	1.1855	888.39	-0.060094	7.8576e-05	0.12405	supercritical
1941.4	593.00	106.95	0.0093498	1539.2	2093.6	6.7011	0.91712	1.1856	888.57	-0.060103	7.8600e-05	0.12409	supercritical
1942.4	593.00	106.90	0.0093542	1540.1	2094.8	6.7017	0.91719	1.1857	888.75	-0.060112	7.8625e-05	0.12414	supercritical
1943.4	593.00	106.85	0.0093587	1541.0	2096.0	6.7023	0.91726	1.1857	888.93	-0.060121	7.8649e-05	0.12419	supercritical
1944.4	593.00	106.80	0.0093631	1541.9	2097.1	6.7030	0.91733	1.1858	889.11	-0.060129	7.8673e-05	0.12424	supercritical
1945.4	593.00	106.75	0.0093676	1542.8	2098.3	6.7036	0.91740	1.1858	889.30	-0.060138	7.8697e-05	0.12428	supercritical
1946.4	593.00	106.70	0.0093720	1543.8	2099.5	6.7042	0.91747	1.1859	889.48	-0.060147	7.8722e-05	0.12433	supercritical
1947.4	593.00	106.65	0.0093765	1544.7	2100.7	6.7048	0.91754	1.1860	889.66	-0.060156	7.8746e-05	0.12438	supercritical
1948.4	593.00	106.60	0.0093809	1545.6	2101.9	6.7054	0.91761	1.1860	889.84	-0.060165	7.8770e-05	0.12442	supercritical
1949.4	593.00	106.55	0.0093854	1546.5	2103.1	6.7060	0.91768	1.1861	890.02	-0.060174	7.8794e-05	0.12447	supercritical
1950.4	593.00	106.50	0.0093898	1547.4	2104.3	6.7066	0.91775	1.1861	890.20	-0.060183	7.8819e-05	0.12452	supercritical
1951.4	593.00	106.45	0.0093943	1548.4	2105.5	6.7072	0.91782	1.1862	890.39	-0.060191	7.8843e-05	0.12456	supercritical
1952.4	593.00	106.40	0.0093987	1549.3	2106.6	6.7078	0.91789	1.1863	890.57	-0.060200	7.8867e-05	0.12461	supercritical
1953.4	593.00	106.35	0.0094032	1550.2	2107.8	6.7084	0.91796	1.1863	890.75	-0.060209	7.8891e-05	0.12466	supercritical
1954.4	593.00	106.30	0.0094076	1551.1	2109.0	6.7090	0.91803	1.1864	890.93	-0.060218	7.8916e-05	0.12470	supercritical
1955.4	593.00	106.25	0.0094121	1552.1	2110.2	6.7096	0.91810	1.1865	891.11	-0.060226	7.8940e-05	0.12475	supercritical
1956.4	593.00	106.20	0.0094165	1553.0	2111.4	6.7103	0.91817	1.1865	891.29	-0.060235	7.8964e-05	0.12480	supercritical
1957.4	593.00	106.15	0.0094210	1553.9	2112.6	6.7109	0.91824	1.1866	891.48	-0.060244	7.8988e-05	0.12485	supercritical
1958.4	593.00	106.10	0.0094254	1554.8	2113.8	6.7115	0.91831	1.1866	891.66	-0.060253	7.9013e-05	0.12489	supercritical
1959.4	593.00	106.05	0.0094299	1555.8	2114.9	6.7121	0.91838	1.1867	891.84	-0.060261	7.9037e-05	0.12494	supercritical
1960.4	593.00	106.00	0.0094343	1556.7	2116.1	6.7127	0.91845	1.1868	892.02	-0.060270	7.9061e-05	0.12499	supercritical
1961.4	593.00	105.95	0.0094388	1557.6	2117.3	6.7133	0.91852	1.1868	892.20	-0.060279	7.9085e-05	0.12503	supercritical
1962.4	593.00	105.90	0.0094432	1558.5	2118.5	6.7139	0.91859	1.1869	892.38	-0.060287	7.9109e-05	0.12508	supercritical
1963.4	593.00	105.85	0.0094476	1559.4	2119.7	6.7145	0.91867	1.1869	892.56	-0.060296	7.9134e-05	0.12513	supercritical
1964.4	593.00	105.80	0.0094521	1560.4	2120.9	6.7151	0.91874	1.1870	892.74	-0.060305	7.9158e-05	0.12517	supercritical
1965.4	593.00	105.75	0.0094565	1561.3	2122.1	6.7157	0.91881	1.1871	892.93	-0.060313	7.9182e-05	0.12522	supercritical
1966.4	593.00	105.70	0.0094610	1562.2	2123.3	6.7163	0.91888	1.1871	893.11	-0.060322	7.9206e-05	0.12527	supercritical
1967.4	593.00	105.65	0.0094654	1563.1	2124.4	6.7169	0.91895	1.1872	893.29	-0.060330	7.9231e-05	0.12531	supercritical
1968.4	593.00	105.60	0.0094699	1564.1	2125.6	6.7175	0.91902	1.1872	893.47	-0.060339	7.9255e-05	0.12536	supercritical
1969.4	593.00	105.55	0.0094743	1565.0	2126.8	6.7181	0.91909	1.1873	893.65	-0.060348	7.9279e-05	0.12541	supercritical
1970.4	593.00	105.50	0.0094788	1565.9	2128.0	6.7187	0.91916	1.1874	893.83	-0.060356	7.9303e-05	0.12545	supercritical
1971.4	593.00	105.45	0.0094832	1566.8	2129.2	6.7193	0.91923	1.1874	894.01	-0.060365	7.9327e-05	0.12550	supercritical
1972.4	593.00	105.40	0.0094877	1567.8	2130.4	6.7199	0.91930	1.1875	894.19	-0.060373	7.9352e-05	0.12555	supercritical
1973.4	593.00	105.35	0.0094921	1568.7	2131.6	6.7205	0.91937	1.1876	894.37	-0.060382	7.9376e-05	0.12560	supercritical
1974.4	593.00	105.30	0.0094966	1569.6	2132.8	6.7211	0.91944	1.1876	894.55	-0.060390	7.9400e-05	0.12564	supercritical
1975.4	593.00	105.25	0.0095010	1570.5	2133.9	6.7217	0.91951	1.1877	894.73	-0.060399	7.9424e-05	0.12569	supercritical
1976.4	593.00	105.20	0.0095055	1571.5	2135.1	6.7223	0.91958	1.1877	894.91	-0.060407	7.9448e-05	0.12574	supercritical
1977.4	593.00	105.15	0.0095099	1572.4	2136.3	6.7229	0.91965	1.1878	895.10	-0.060416	7.9473e-05	0.12578	supercritical
1978.4	593.00	105.10	0.0095144	1573.3	2137.5	6.7235	0.91972	1.1879	895.28	-0.060424	7.9497e-05	0.12583	supercritical
1979.4	593.00	105.06	0.0095188	1574.2	2138.7	6.7241	0.91979	1.1879	895.46	-0.060433	7.9521e-05	0.12588	supercritical
1980.4	593.00	105.01	0.0095232	1575.1	2139.9	6.7247	0.91986	1.1880	895.64	-0.060441	7.9545e-05	0.12592	supercritical
1981.4	593.00	104.96	0.0095277	1576.1	2141.1	6.7253	0.91993	1.1880	895.82	-0.060450	7.9569e-05	0.12597	supercritical
1982.4	593.00	104.91	0.0095321	1577.0	2142.3	6.7259	0.92000	1.1881	896.00	-0.060458	7.9594e-05	0.12602	supercritical
1983.4	593.00	104.86	0.0095366	1577.9	2143.4	6.7265	0.92007	1.1882	896.18	-0.060466	7.9618e-05	0.12606	supercritical
1984.4	593.00	104.81	0.0095410	1578.8	2144.6	6.7271	0.92014	1.1882	896.36	-0.060475	7.9642e-05	0.12611	supercritical
1985.4	593.00	104.76	0.0095455	1579.8	2145.8	6.7277	0.92021	1.1883	896.54	-0.060483	7.9666e-05	0.12616	supercritical
1986.4	593.00	104.71	0.0095499	1580.7	2147.0	6.7283	0.92028	1.1884	896.72	-0.060492	7.9690e-05	0.12620	supercritical
1987.4	593.00	104.66	0.0095544	1581.6	2148.2	6.7289	0.92035	1.1884	896.90	-0.060500	7.9714e-05	0.12625	supercritical
1988.4	593.00	104.62	0.0095588	1582.5	2149.4	6.7295	0.92042	1.1885	897.08	-0.060508	7.9739e-05	0.12630	supercritical
1989.4	593.00	104.57	0.0095633	1583.5	2150.6	6.7301	0.92049	1.1885	897.26	-0.060517	7.9763e-05	0.12634	supercritical
1990.4	593.00	104.52	0.0095677	1584.4	2151.8	6.7307	0.92056	1.1886	897.44	-0.060525	7.9787e-05	0.12639	supercritical
1991.4	593.00	104.47	0.0095722	1585.3	2152.9	6.7313	0.92063	1.1887	897.62	-0.060533	7.9811e-05	0.12644	supercritical
1992.4	593.00	104.42	0.0095766	1586.2	2154.1	6.7319	0.92070	1.1887	897.80	-0.060541	7.9835e-05	0.12649	supercritical
1993.4	593.00	104.37	0.0095810	1587.2	2155.3	6.7325	0.92077	1.1888	897.98	-0.060550	7.9859e-05	0.12653	supercritical
1994.4	593.00	104.32	0.0095855	1588.1	2156.5	6.7331	0.92084	1.1888	898.16	-0.060558	7.9884e-05	0.12658	supercritical
1995.4	593.00	104.28	0.0095899	1589.0	2157.7	6.7337	0.92091	1.1889	898.34	-0.060566	7.9908e-05	0.12663	supercritical
1996.4	593.00	104.23	0.0095944	1589.9	2158.9	6.7343	0.92098	1.1890	898.52	-0.060574	7.9932e-05	0.12667	supercritical
1997.4	593.00	104.18	0.0095988	1590.9	2160.1	6.7349	0.92105	1.1890	898.70	-0.060583	7.9956e-05	0.12672	supercritical
1998.4	593.00	104.13	0.0096033	1591.8	2161.3	6.7355	0.92112	1.1891	898.88	-0.060591	7.9980e-05	0.12677	supercritical
1999.4	593.00	104.08	0.0096077	1592.7	2162.5	6.7361	0.92119	1.1892	899.06	-0.060599	8.0004e-05	0.12681	supercritical