Temperature (K)	Pressure (bar)	Density (kg/m3)	Volume (m3/kg)	Internal Energy (kJ/kg)	Enthalpy (kJ/kg)	Entropy (J/g*K)	Cv (J/g*K)	Cp (J/g*K)	Sound Spd. (m/s)	Joule-Thomson (K/bar)	Viscosity (Pa*s)	Therm. Cond. (W/m*K)	Phase
54.361	309.00	1337.6	0.00074759	-197.07	-173.97	2.0236	1.1338	1.5739	1212.4	-0.040360	0.00096845	0.21230	liquid
58.361	309.00	1322.4	0.00075617	-190.96	-167.60	2.1367	1.1066	1.6106	1212.4	-0.038937	0.00078817	0.20780	liquid
59.361	309.00	1318.6	0.00075840	-189.42	-165.98	2.1641	1.1023	1.6169	1209.5	-0.038696	0.00075034	0.20666	liquid
60.361	309.00	1314.7	0.00076065	-187.87	-164.36	2.1912	1.0983	1.6220	1205.8	-0.038492	0.00071503	0.20551	liquid
61.361	309.00	1310.8	0.00076291	-186.31	-162.74	2.2179	1.0946	1.6261	1201.5	-0.038320	0.00068207	0.20437	liquid
62.361	309.00	1306.8	0.00076520	-184.76	-161.11	2.2442	1.0909	1.6293	1196.7	-0.038176	0.00065128	0.20322	liquid
63.361	309.00	1302.9	0.00076751	-183.20	-159.48	2.2701	1.0873	1.6317	1191.6	-0.038056	0.00062251	0.20207	liquid
64.361	309.00	1299.0	0.00076983	-181.64	-157.85	2.2957	1.0837	1.6334	1186.1	-0.037956	0.00059560	0.20092	liquid
65.361	309.00	1295.1	0.00077216	-180.07	-156.21	2.3209	1.0801	1.6344	1180.5	-0.037873	0.00057043	0.19976	liquid
66.361	309.00	1291.1	0.00077451	-178.51	-154.58	2.3457	1.0763	1.6349	1174.6	-0.037803	0.00054686	0.19861	liquid
67.361	309.00	1287.2	0.00077688	-176.95	-152.94	2.3702	1.0726	1.6350	1168.6	-0.037746	0.00052477	0.19746	liquid
68.361	309.00	1283.3	0.00077926	-175.39	-151.31	2.3943	1.0687	1.6346	1162.5	-0.037697	0.00050405	0.19631	liquid
69.361	309.00	1279.3	0.00078165	-173.83	-149.68	2.4180	1.0648	1.6340	1156.4	-0.037655	0.00048460	0.19516	liquid
70.361	309.00	1275.4	0.00078405	-172.27	-148.04	2.4414	1.0608	1.6331	1150.1	-0.037619	0.00046633	0.19401	liquid
71.361	309.00	1271.5	0.00078647	-170.71	-146.41	2.4644	1.0568	1.6319	1143.9	-0.037586	0.00044915	0.19286	liquid
72.361	309.00	1267.6	0.00078890	-169.16	-144.78	2.4871	1.0527	1.6306	1137.6	-0.037556	0.00043298	0.19171	liquid
73.361	309.00	1263.7	0.00079135	-167.60	-143.15	2.5095	1.0487	1.6292	1131.3	-0.037528	0.00041774	0.19056	liquid
74.361	309.00	1259.7	0.00079381	-166.05	-141.52	2.5315	1.0445	1.6277	1125.0	-0.037500	0.00040338	0.18941	liquid
75.361	309.00	1255.8	0.00079628	-164.50	-139.89	2.5533	1.0404	1.6261	1118.7	-0.037472	0.00038982	0.18826	liquid
76.361	309.00	1251.9	0.00079877	-162.95	-138.27	2.5747	1.0363	1.6245	1112.4	-0.037443	0.00037701	0.18711	liquid
77.361	309.00	1248.0	0.00080127	-161.40	-136.64	2.5958	1.0322	1.6228	1106.1	-0.037411	0.00036491	0.18596	liquid
78.361	309.00	1244.1	0.00080379	-159.86	-135.02	2.6167	1.0280	1.6211	1099.8	-0.037378	0.00035345	0.18481	liquid
79.361	309.00	1240.2	0.00080632	-158.32	-133.40	2.6372	1.0239	1.6195	1093.5	-0.037342	0.00034259	0.18366	liquid
80.361	309.00	1236.3	0.00080887	-156.78	-131.78	2.6575	1.0198	1.6178	1087.3	-0.037302	0.00033230	0.18251	liquid
81.361	309.00	1232.4	0.00081144	-155.24	-130.17	2.6775	1.0158	1.6162	1081.1	-0.037259	0.00032254	0.18136	liquid
82.361	309.00	1228.5	0.00081402	-153.70	-128.55	2.6972	1.0118	1.6146	1074.9	-0.037211	0.00031326	0.18022	liquid
83.361	309.00	1224.6	0.00081661	-152.17	-126.94	2.7167	1.0077	1.6131	1068.7	-0.037160	0.00030445	0.17907	liquid
84.361	309.00	1220.7	0.00081923	-150.64	-125.32	2.7359	1.0038	1.6117	1062.5	-0.037104	0.00029606	0.17792	liquid
85.361	309.00	1216.8	0.00082186	-149.11	-123.71	2.7549	0.99985	1.6102	1056.4	-0.037043	0.00028807	0.17677	liquid
86.361	309.00	1212.8	0.00082451	-147.58	-122.10	2.7736	0.99596	1.6089	1050.3	-0.036978	0.00028045	0.17563	liquid
87.361	309.00	1208.9	0.00082717	-146.06	-120.50	2.7922	0.99211	1.6076	1044.2	-0.036908	0.00027319	0.17448	liquid
88.361	309.00	1205.0	0.00082986	-144.53	-118.89	2.8104	0.98831	1.6064	1038.1	-0.036832	0.00026625	0.17333	liquid
89.361	309.00	1201.1	0.00083257	-143.01	-117.28	2.8285	0.98455	1.6053	1032.0	-0.036751	0.00025962	0.17219	liquid
90.361	309.00	1197.2	0.00083529	-141.49	-115.68	2.8464	0.98083	1.6042	1026.0	-0.036665	0.00025329	0.17104	liquid
91.361	309.00	1193.3	0.00083804	-139.97	-114.07	2.8640	0.97716	1.6032	1020.0	-0.036573	0.00024722	0.16990	liquid
92.361	309.00	1189.3	0.00084080	-138.45	-112.47	2.8815	0.97354	1.6023	1014.0	-0.036476	0.00024140	0.16875	liquid
93.361	309.00	1185.4	0.00084359	-136.94	-110.87	2.8987	0.96996	1.6014	1008.0	-0.036373	0.00023583	0.16761	liquid
94.361	309.00	1181.5	0.00084639	-135.42	-109.27	2.9158	0.96643	1.6007	1002.1	-0.036264	0.00023048	0.16647	liquid
95.361	309.00	1177.5	0.00084922	-133.91	-107.67	2.9327	0.96294	1.5999	996.12	-0.036150	0.00022535	0.16532	liquid
96.361	309.00	1173.6	0.00085207	-132.40	-106.07	2.9493	0.95950	1.5993	990.19	-0.036030	0.00022041	0.16418	liquid
97.361	309.00	1169.7	0.00085495	-130.89	-104.47	2.9658	0.95611	1.5987	984.29	-0.035904	0.00021567	0.16304	liquid
98.361	309.00	1165.7	0.00085785	-129.38	-102.87	2.9822	0.95276	1.5982	978.40	-0.035772	0.00021110	0.16190	liquid
99.361	309.00	1161.8	0.00086077	-127.87	-101.27	2.9983	0.94946	1.5978	972.53	-0.035634	0.00020670	0.16076	liquid
100.36	309.00	1157.8	0.00086371	-126.36	-99.676	3.0143	0.94620	1.5974	966.68	-0.035490	0.00020245	0.15962	liquid
101.36	309.00	1153.8	0.00086668	-124.86	-98.078	3.0302	0.94298	1.5971	960.85	-0.035340	0.00019836	0.15848	liquid
102.36	309.00	1149.9	0.00086968	-123.35	-96.481	3.0459	0.93981	1.5969	955.03	-0.035183	0.00019441	0.15734	liquid
103.36	309.00	1145.9	0.00087270	-121.85	-94.885	3.0614	0.93668	1.5967	949.23	-0.035021	0.00019060	0.15621	liquid
104.36	309.00	1141.9	0.00087574	-120.35	-93.288	3.0768	0.93359	1.5966	943.44	-0.034852	0.00018691	0.15507	liquid
105.36	309.00	1137.9	0.00087882	-118.85	-91.691	3.0920	0.93054	1.5965	937.67	-0.034677	0.00018334	0.15394	liquid
106.36	309.00	1133.9	0.00088192	-117.35	-90.095	3.1071	0.92754	1.5965	931.91	-0.034495	0.00017989	0.15280	liquid
107.36	309.00	1129.9	0.00088504	-115.85	-88.498	3.1220	0.92457	1.5966	926.18	-0.034307	0.00017654	0.15167	liquid
108.36	309.00	1125.9	0.00088820	-114.35	-86.902	3.1368	0.92165	1.5967	920.45	-0.034112	0.00017330	0.15054	liquid
109.36	309.00	1121.9	0.00089138	-112.85	-85.305	3.1515	0.91876	1.5969	914.75	-0.033911	0.00017016	0.14942	liquid
110.36	309.00	1117.8	0.00089460	-111.35	-83.708	3.1660	0.91591	1.5971	909.05	-0.033703	0.00016711	0.14829	liquid
111.36	309.00	1113.8	0.00089784	-109.85	-82.111	3.1804	0.91310	1.5974	903.38	-0.033489	0.00016415	0.14717	liquid
112.36	309.00	1109.7	0.00090112	-108.36	-80.513	3.1947	0.91032	1.5977	897.72	-0.033267	0.00016128	0.14604	liquid
113.36	309.00	1105.7	0.00090442	-106.86	-78.915	3.2089	0.90758	1.5981	892.07	-0.033039	0.00015848	0.14492	liquid
114.36	309.00	1101.6	0.00090776	-105.37	-77.317	3.2229	0.90488	1.5986	886.44	-0.032804	0.00015576	0.14380	liquid
115.36	309.00	1097.5	0.00091113	-103.87	-75.718	3.2368	0.90221	1.5991	880.83	-0.032562	0.00015312	0.14269	liquid
116.36	309.00	1093.5	0.00091453	-102.38	-74.119	3.2506	0.89957	1.5996	875.23	-0.032312	0.00015055	0.14158	liquid
117.36	309.00	1089.4	0.00091796	-100.88	-72.519	3.2643	0.89697	1.6002	869.65	-0.032055	0.00014804	0.14046	liquid
118.36	309.00	1085.3	0.00092143	-99.390	-70.918	3.2779	0.89440	1.6008	864.08	-0.031791	0.00014560	0.13936	liquid
119.36	309.00	1081.2	0.00092493	-97.897	-69.317	3.2914	0.89187	1.6015	858.53	-0.031520	0.00014322	0.13825	liquid
120.36	309.00	1077.0	0.00092847	-96.405	-67.715	3.3047	0.88937	1.6022	853.00	-0.031241	0.00014090	0.13715	liquid
121.36	309.00	1072.9	0.00093204	-94.913	-66.113	3.3180	0.88690	1.6030	847.48	-0.030954	0.00013863	0.13605	liquid
122.36	309.00	1068.8	0.00093565	-93.421	-64.509	3.3311	0.88446	1.6038	841.98	-0.030659	0.00013642	0.13495	liquid
123.36	309.00	1064.6	0.00093930	-91.929	-62.905	3.3442	0.88205	1.6046	836.50	-0.030357	0.00013427	0.13386	liquid
124.36	309.00	1060.5	0.00094298	-90.438	-61.300	3.3572	0.87967	1.6055	831.03	-0.030047	0.00013216	0.13277	liquid
125.36	309.00	1056.3	0.00094671	-88.947	-59.694	3.3700	0.87732	1.6065	825.58	-0.029728	0.00013010	0.13168	liquid
126.36	309.00	1052.1	0.00095047	-87.457	-58.087	3.3828	0.87501	1.6074	820.15	-0.029402	0.00012809	0.13059	liquid
127.36	309.00	1047.9	0.00095427	-85.966	-56.479	3.3955	0.87272	1.6084	814.73	-0.029067	0.00012612	0.12951	liquid
128.36	309.00	1043.7	0.00095811	-84.476	-54.870	3.4080	0.87046	1.6095	809.33	-0.028723	0.00012420	0.12844	liquid
129.36	309.00	1039.5	0.00096199	-82.986	-53.260	3.4205	0.86823	1.6106	803.95	-0.028371	0.00012232	0.12737	liquid
130.36	309.00	1035.3	0.00096592	-81.496	-51.649	3.4329	0.86602	1.6117	798.59	-0.028011	0.00012047	0.12631	liquid
131.36	309.00	1031.0	0.00096989	-80.006	-50.037	3.4453	0.86385	1.6129	793.25	-0.027641	0.00011867	0.12525	liquid
132.36	309.00	1026.8	0.00097390	-78.517	-48.423	3.4575	0.86170	1.6141	787.93	-0.027262	0.00011690	0.12419	liquid
133.36	309.00	1022.5	0.00097795	-77.027	-46.808	3.4697	0.85957	1.6153	782.62	-0.026875	0.00011518	0.12314	liquid
134.36	309.00	1018.3	0.00098206	-75.538	-45.192	3.4817	0.85748	1.6166	777.34	-0.026478	0.00011348	0.12210	liquid
135.36	309.00	1014.0	0.00098620	-74.049	-43.575	3.4937	0.85541	1.6179	772.08	-0.026072	0.00011182	0.12105	liquid
136.36	309.00	1009.7	0.00099039	-72.560	-41.957	3.5056	0.85337	1.6193	766.83	-0.025656	0.00011020	0.12002	liquid
137.36	309.00	1005.4	0.00099463	-71.071	-40.337	3.5175	0.85135	1.6207	761.61	-0.025230	0.00010860	0.11898	liquid
138.36	309.00	1001.1	0.00099892	-69.582	-38.715	3.5292	0.84936	1.6221	756.41	-0.024795	0.00010704	0.11796	liquid
139.36	309.00	996.75	0.0010033	-68.093	-37.092	3.5409	0.84740	1.6235	751.23	-0.024350	0.00010551	0.11694	liquid
140.36	309.00	992.41	0.0010076	-66.605	-35.468	3.5525	0.84546	1.6250	746.07	-0.023895	0.00010400	0.11592	liquid
141.36	309.00	988.06	0.0010121	-65.116	-33.843	3.5641	0.84354	1.6265	740.93	-0.023429	0.00010253	0.11491	liquid
142.36	309.00	983.69	0.0010166	-63.627	-32.215	3.5755	0.84165	1.6280	735.82	-0.022954	0.00010108	0.11390	liquid
143.36	309.00	979.32	0.0010211	-62.139	-30.587	3.5869	0.83978	1.6296	730.73	-0.022467	9.9665e-05	0.11291	liquid
144.36	309.00	974.93	0.0010257	-60.651	-28.956	3.5983	0.83794	1.6311	725.67	-0.021971	9.8273e-05	0.11191	liquid
145.36	309.00	970.53	0.0010304	-59.162	-27.324	3.6095	0.83612	1.6328	720.63	-0.021463	9.6907e-05	0.11093	liquid
146.36	309.00	966.12	0.0010351	-57.674	-25.691	3.6207	0.83432	1.6344	715.61	-0.020944	9.5566e-05	0.10995	liquid
147.36	309.00	961.69	0.0010398	-56.186	-24.055	3.6319	0.83255	1.6361	710.62	-0.020415	9.4250e-05	0.10897	liquid
148.36	309.00	957.26	0.0010446	-54.698	-22.419	3.6430	0.83080	1.6377	705.66	-0.019874	9.2959e-05	0.10800	liquid
149.36	309.00	952.81	0.0010495	-53.210	-20.780	3.6540	0.82908	1.6394	700.72	-0.019322	9.1691e-05	0.10704	liquid
150.36	309.00	948.35	0.0010545	-51.723	-19.140	3.6649	0.82737	1.6412	695.81	-0.018759	9.0446e-05	0.10609	liquid
151.36	309.00	943.88	0.0010595	-50.235	-17.498	3.6758	0.82569	1.6429	690.92	-0.018184	8.9224e-05	0.10514	liquid
152.36	309.00	939.40	0.0010645	-48.747	-15.854	3.6866	0.82403	1.6447	686.07	-0.017597	8.8024e-05	0.10420	liquid
153.36	309.00	934.90	0.0010696	-47.260	-14.208	3.6974	0.82239	1.6464	681.24	-0.016999	8.6846e-05	0.10327	liquid
154.36	309.00	930.39	0.0010748	-45.773	-12.561	3.7081	0.82078	1.6482	676.45	-0.016389	8.5689e-05	0.10234	liquid
155.36	309.00	925.88	0.0010801	-44.286	-10.912	3.7187	0.81918	1.6500	671.68	-0.015767	8.4553e-05	0.10142	supercritical
156.36	309.00	921.35	0.0010854	-42.799	-9.2610	3.7293	0.81761	1.6518	666.94	-0.015133	8.3438e-05	0.10051	supercritical
157.36	309.00	916.81	0.0010907	-41.312	-7.6082	3.7399	0.81606	1.6536	662.24	-0.014486	8.2343e-05	0.099607	supercritical
158.36	309.00	912.25	0.0010962	-39.826	-5.9537	3.7503	0.81453	1.6555	657.57	-0.013828	8.1268e-05	0.098712	supercritical
159.36	309.00	907.69	0.0011017	-38.340	-4.2973	3.7608	0.81302	1.6573	652.93	-0.013157	8.0212e-05	0.097824	supercritical
160.36	309.00	903.12	0.0011073	-36.854	-2.6391	3.7711	0.81153	1.6591	648.32	-0.012474	7.9175e-05	0.096945	supercritical
161.36	309.00	898.53	0.0011129	-35.369	-0.97910	3.7815	0.81005	1.6609	643.75	-0.011778	7.8158e-05	0.096073	supercritical
162.36	309.00	893.94	0.0011186	-33.883	0.68277	3.7917	0.80860	1.6628	639.21	-0.011070	7.7158e-05	0.095210	supercritical
163.36	309.00	889.33	0.0011244	-32.399	2.3465	3.8019	0.80717	1.6646	634.71	-0.010350	7.6177e-05	0.094355	supercritical
164.36	309.00	884.72	0.0011303	-30.914	4.0120	3.8121	0.80576	1.6664	630.24	-0.0096172	7.5214e-05	0.093509	supercritical
165.36	309.00	880.09	0.0011362	-29.431	5.6793	3.8222	0.80437	1.6682	625.81	-0.0088718	7.4268e-05	0.092671	supercritical
166.36	309.00	875.46	0.0011423	-27.947	7.3484	3.8323	0.80299	1.6700	621.42	-0.0081139	7.3340e-05	0.091841	supercritical
167.36	309.00	870.82	0.0011483	-26.465	9.0193	3.8423	0.80164	1.6718	617.06	-0.0073435	7.2428e-05	0.091021	supercritical
168.36	309.00	866.17	0.0011545	-24.982	10.692	3.8523	0.80030	1.6736	612.75	-0.0065607	7.1534e-05	0.090209	supercritical
169.36	309.00	861.51	0.0011608	-23.501	12.366	3.8622	0.79898	1.6753	608.47	-0.0057655	7.0656e-05	0.089407	supercritical
170.36	309.00	856.84	0.0011671	-22.020	14.043	3.8720	0.79768	1.6770	604.24	-0.0049580	6.9794e-05	0.088613	supercritical
171.36	309.00	852.16	0.0011735	-20.540	15.720	3.8819	0.79640	1.6787	600.04	-0.0041382	6.8948e-05	0.087828	supercritical
172.36	309.00	847.48	0.0011800	-19.061	17.400	3.8916	0.79513	1.6803	595.89	-0.0033063	6.8118e-05	0.087053	supercritical
173.36	309.00	842.79	0.0011865	-17.583	19.081	3.9014	0.79388	1.6820	591.78	-0.0024624	6.7304e-05	0.086286	supercritical
174.36	309.00	838.10	0.0011932	-16.105	20.764	3.9110	0.79265	1.6835	587.72	-0.0016065	6.6505e-05	0.085529	supercritical
175.36	309.00	833.40	0.0011999	-14.629	22.448	3.9207	0.79143	1.6851	583.69	-0.00073893	6.5721e-05	0.084782	supercritical
176.36	309.00	828.69	0.0012067	-13.154	24.134	3.9303	0.79023	1.6866	579.72	0.00014023	6.4952e-05	0.084043	supercritical
177.36	309.00	823.98	0.0012136	-11.680	25.821	3.9398	0.78904	1.6880	575.78	0.0010308	6.4198e-05	0.083314	supercritical
178.36	309.00	819.27	0.0012206	-10.207	27.510	3.9493	0.78787	1.6894	571.90	0.0019325	6.3458e-05	0.082595	supercritical
179.36	309.00	814.55	0.0012277	-8.7350	29.200	3.9587	0.78671	1.6907	568.06	0.0028451	6.2733e-05	0.081885	supercritical
180.36	309.00	809.83	0.0012348	-7.2648	30.891	3.9681	0.78557	1.6920	564.26	0.0037684	6.2022e-05	0.081184	supercritical
181.36	309.00	805.11	0.0012421	-5.7960	32.584	3.9775	0.78445	1.6932	560.52	0.0047020	6.1324e-05	0.080493	supercritical
182.36	309.00	800.38	0.0012494	-4.3288	34.278	3.9868	0.78333	1.6943	556.82	0.0056458	6.0640e-05	0.079812	supercritical
183.36	309.00	795.66	0.0012568	-2.8632	35.973	3.9961	0.78223	1.6954	553.18	0.0065993	5.9969e-05	0.079140	supercritical
184.36	309.00	790.93	0.0012643	-1.3993	37.669	4.0053	0.78115	1.6964	549.58	0.0075622	5.9312e-05	0.078478	supercritical
185.36	309.00	786.21	0.0012719	0.062778	39.365	4.0145	0.78008	1.6973	546.03	0.0085341	5.8668e-05	0.077825	supercritical
186.36	309.00	781.48	0.0012796	1.5229	41.063	4.0236	0.77902	1.6981	542.54	0.0095147	5.8037e-05	0.077182	supercritical
187.36	309.00	776.76	0.0012874	2.9811	42.762	4.0327	0.77797	1.6988	539.09	0.010503	5.7418e-05	0.076548	supercritical
188.36	309.00	772.04	0.0012953	4.4371	44.461	4.0418	0.77694	1.6995	535.70	0.011500	5.6812e-05	0.075924	supercritical
189.36	309.00	767.33	0.0013032	5.8909	46.161	4.0508	0.77591	1.7000	532.36	0.012504	5.6218e-05	0.075310	supercritical
190.36	309.00	762.62	0.0013113	7.3424	47.861	4.0597	0.77490	1.7004	529.07	0.013515	5.5636e-05	0.074705	supercritical
191.36	309.00	757.91	0.0013194	8.7914	49.561	4.0686	0.77390	1.7008	525.84	0.014531	5.5066e-05	0.074109	supercritical
192.36	309.00	753.21	0.0013276	10.238	51.262	4.0775	0.77291	1.7010	522.66	0.015554	5.4508e-05	0.073522	supercritical
193.36	309.00	748.52	0.0013360	11.682	52.963	4.0863	0.77194	1.7011	519.53	0.016582	5.3961e-05	0.072945	supercritical
194.36	309.00	743.83	0.0013444	13.123	54.665	4.0951	0.77097	1.7011	516.46	0.017615	5.3426e-05	0.072378	supercritical
195.36	309.00	739.16	0.0013529	14.561	56.366	4.1038	0.77001	1.7010	513.44	0.018651	5.2902e-05	0.071819	supercritical
196.36	309.00	734.49	0.0013615	15.997	58.066	4.1125	0.76906	1.7007	510.48	0.019691	5.2389e-05	0.071270	supercritical
197.36	309.00	729.84	0.0013702	17.429	59.767	4.1211	0.76813	1.7003	507.57	0.020734	5.1887e-05	0.070729	supercritical
198.36	309.00	725.19	0.0013789	18.858	61.467	4.1297	0.76720	1.6998	504.72	0.021780	5.1395e-05	0.070198	supercritical
199.36	309.00	720.56	0.0013878	20.283	63.167	4.1383	0.76628	1.6992	501.93	0.022826	5.0914e-05	0.069676	supercritical
200.36	309.00	715.95	0.0013968	21.706	64.865	4.1468	0.76537	1.6984	499.19	0.023874	5.0443e-05	0.069162	supercritical
201.36	309.00	711.34	0.0014058	23.124	66.563	4.1552	0.76447	1.6975	496.50	0.024922	4.9982e-05	0.068657	supercritical
202.36	309.00	706.75	0.0014149	24.539	68.260	4.1636	0.76358	1.6965	493.87	0.025969	4.9531e-05	0.068161	supercritical
203.36	309.00	702.18	0.0014241	25.951	69.956	4.1720	0.76269	1.6953	491.30	0.027016	4.9090e-05	0.067673	supercritical
204.36	309.00	697.63	0.0014334	27.358	71.651	4.1803	0.76181	1.6940	488.78	0.028060	4.8659e-05	0.067194	supercritical
205.36	309.00	693.09	0.0014428	28.762	73.344	4.1886	0.76095	1.6926	486.32	0.029103	4.8236e-05	0.066724	supercritical
206.36	309.00	688.57	0.0014523	30.161	75.036	4.1968	0.76008	1.6910	483.91	0.030142	4.7824e-05	0.066261	supercritical
207.36	309.00	684.08	0.0014618	31.556	76.726	4.2050	0.75923	1.6893	481.56	0.031177	4.7420e-05	0.065807	supercritical
208.36	309.00	679.60	0.0014715	32.947	78.415	4.2131	0.75838	1.6874	479.27	0.032208	4.7025e-05	0.065361	supercritical
209.36	309.00	675.14	0.0014812	34.333	80.101	4.2212	0.75755	1.6854	477.03	0.033234	4.6639e-05	0.064922	supercritical
210.36	309.00	670.71	0.0014910	35.715	81.786	4.2292	0.75671	1.6833	474.84	0.034255	4.6261e-05	0.064492	supercritical
211.36	309.00	666.30	0.0015008	37.092	83.468	4.2372	0.75589	1.6810	472.71	0.035268	4.5892e-05	0.064069	supercritical
212.36	309.00	661.92	0.0015108	38.465	85.148	4.2451	0.75507	1.6786	470.63	0.036276	4.5531e-05	0.063654	supercritical
213.36	309.00	657.55	0.0015208	39.833	86.825	4.2530	0.75426	1.6761	468.60	0.037275	4.5178e-05	0.063246	supercritical
214.36	309.00	653.22	0.0015309	41.196	88.500	4.2608	0.75345	1.6734	466.63	0.038266	4.4834e-05	0.062846	supercritical
215.36	309.00	648.91	0.0015410	42.554	90.172	4.2686	0.75265	1.6706	464.71	0.039249	4.4496e-05	0.062453	supercritical
216.36	309.00	644.63	0.0015513	43.906	91.841	4.2763	0.75186	1.6677	462.84	0.040222	4.4167e-05	0.062068	supercritical
217.36	309.00	640.38	0.0015616	45.254	93.507	4.2840	0.75107	1.6647	461.02	0.041185	4.3845e-05	0.061689	supercritical
218.36	309.00	636.15	0.0015720	46.597	95.170	4.2916	0.75029	1.6615	459.26	0.042138	4.3531e-05	0.061317	supercritical
219.36	309.00	631.95	0.0015824	47.934	96.830	4.2992	0.74951	1.6582	457.54	0.043080	4.3223e-05	0.060952	supercritical
220.36	309.00	627.79	0.0015929	49.266	98.487	4.3068	0.74874	1.6548	455.87	0.044011	4.2923e-05	0.060594	supercritical
221.36	309.00	623.65	0.0016035	50.593	100.14	4.3142	0.74798	1.6513	454.25	0.044930	4.2630e-05	0.060243	supercritical
222.36	309.00	619.55	0.0016141	51.914	101.79	4.3217	0.74722	1.6477	452.68	0.045836	4.2343e-05	0.059898	supercritical
223.36	309.00	615.47	0.0016248	53.230	103.44	4.3291	0.74647	1.6440	451.16	0.046730	4.2063e-05	0.059559	supercritical
224.36	309.00	611.43	0.0016355	54.540	105.08	4.3364	0.74573	1.6402	449.68	0.047610	4.1789e-05	0.059227	supercritical
225.36	309.00	607.42	0.0016463	55.845	106.72	4.3437	0.74499	1.6363	448.25	0.048477	4.1522e-05	0.058901	supercritical
226.36	309.00	603.44	0.0016572	57.144	108.35	4.3509	0.74425	1.6323	446.86	0.049329	4.1261e-05	0.058581	supercritical
227.36	309.00	599.50	0.0016681	58.437	109.98	4.3581	0.74353	1.6282	445.52	0.050168	4.1007e-05	0.058267	supercritical
228.36	309.00	595.59	0.0016790	59.725	111.61	4.3652	0.74281	1.6240	444.22	0.050991	4.0758e-05	0.057959	supercritical
229.36	309.00	591.71	0.0016900	61.007	113.23	4.3723	0.74209	1.6198	442.96	0.051800	4.0515e-05	0.057656	supercritical
230.36	309.00	587.86	0.0017011	62.283	114.85	4.3794	0.74138	1.6155	441.74	0.052593	4.0278e-05	0.057360	supercritical
231.36	309.00	584.06	0.0017122	63.553	116.46	4.3864	0.74068	1.6111	440.57	0.053371	4.0046e-05	0.057069	supercritical
232.36	309.00	580.28	0.0017233	64.818	118.07	4.3933	0.73999	1.6066	439.44	0.054133	3.9820e-05	0.056783	supercritical
233.36	309.00	576.54	0.0017345	66.077	119.67	4.4002	0.73930	1.6021	438.34	0.054879	3.9599e-05	0.056503	supercritical
234.36	309.00	572.83	0.0017457	67.330	121.27	4.4070	0.73862	1.5975	437.28	0.055609	3.9384e-05	0.056228	supercritical
235.36	309.00	569.16	0.0017570	68.577	122.87	4.4138	0.73794	1.5929	436.27	0.056323	3.9173e-05	0.055959	supercritical
236.36	309.00	565.53	0.0017683	69.819	124.46	4.4206	0.73727	1.5882	435.29	0.057020	3.8968e-05	0.055694	supercritical
237.36	309.00	561.93	0.0017796	71.054	126.04	4.4273	0.73661	1.5834	434.34	0.057700	3.8767e-05	0.055435	supercritical
238.36	309.00	558.36	0.0017910	72.284	127.62	4.4339	0.73596	1.5787	433.43	0.058364	3.8572e-05	0.055181	supercritical
239.36	309.00	554.83	0.0018023	73.509	129.20	4.4405	0.73531	1.5739	432.56	0.059011	3.8381e-05	0.054931	supercritical
240.36	309.00	551.34	0.0018138	74.727	130.77	4.4471	0.73467	1.5690	431.72	0.059641	3.8195e-05	0.054686	supercritical
241.36	309.00	547.88	0.0018252	75.940	132.34	4.4536	0.73403	1.5642	430.91	0.060254	3.8013e-05	0.054446	supercritical
242.36	309.00	544.45	0.0018367	77.147	133.90	4.4600	0.73341	1.5593	430.13	0.060850	3.7836e-05	0.054211	supercritical
243.36	309.00	541.06	0.0018482	78.348	135.46	4.4664	0.73279	1.5543	429.39	0.061430	3.7663e-05	0.053980	supercritical
244.36	309.00	537.71	0.0018597	79.544	137.01	4.4728	0.73218	1.5494	428.68	0.061992	3.7494e-05	0.053754	supercritical
245.36	309.00	534.39	0.0018713	80.734	138.56	4.4791	0.73157	1.5445	428.00	0.062538	3.7330e-05	0.053533	supercritical
246.36	309.00	531.11	0.0018829	81.918	140.10	4.4854	0.73097	1.5395	427.34	0.063066	3.7170e-05	0.053315	supercritical
247.36	309.00	527.86	0.0018945	83.097	141.64	4.4916	0.73038	1.5345	426.72	0.063578	3.7013e-05	0.053102	supercritical
248.36	309.00	524.64	0.0019061	84.270	143.17	4.4978	0.72980	1.5296	426.12	0.064074	3.6861e-05	0.052893	supercritical
249.36	309.00	521.46	0.0019177	85.438	144.69	4.5039	0.72923	1.5246	425.55	0.064553	3.6712e-05	0.052688	supercritical
250.36	309.00	518.31	0.0019293	86.600	146.22	4.5100	0.72866	1.5196	425.01	0.065015	3.6567e-05	0.052488	supercritical
251.36	309.00	515.20	0.0019410	87.757	147.73	4.5161	0.72810	1.5147	424.49	0.065461	3.6425e-05	0.052291	supercritical
252.36	309.00	512.12	0.0019527	88.908	149.25	4.5221	0.72755	1.5097	424.00	0.065891	3.6287e-05	0.052098	supercritical
253.36	309.00	509.07	0.0019644	90.055	150.75	4.5280	0.72700	1.5048	423.53	0.066305	3.6153e-05	0.051909	supercritical
254.36	309.00	506.06	0.0019761	91.195	152.26	4.5339	0.72647	1.4999	423.09	0.066703	3.6022e-05	0.051724	supercritical
255.36	309.00	503.08	0.0019878	92.331	153.75	4.5398	0.72594	1.4949	422.67	0.067085	3.5895e-05	0.051543	supercritical
256.36	309.00	500.13	0.0019995	93.462	155.25	4.5457	0.72542	1.4901	422.28	0.067452	3.5770e-05	0.051366	supercritical
257.36	309.00	497.21	0.0020112	94.587	156.73	4.5514	0.72490	1.4852	421.90	0.067803	3.5649e-05	0.051192	supercritical
258.36	309.00	494.33	0.0020229	95.707	158.22	4.5572	0.72440	1.4803	421.55	0.068140	3.5531e-05	0.051021	supercritical
259.36	309.00	491.48	0.0020347	96.822	159.69	4.5629	0.72390	1.4755	421.22	0.068461	3.5416e-05	0.050854	supercritical
260.36	309.00	488.66	0.0020464	97.933	161.17	4.5686	0.72341	1.4707	420.90	0.068768	3.5304e-05	0.050691	supercritical
261.36	309.00	485.87	0.0020582	99.038	162.64	4.5742	0.72293	1.4659	420.61	0.069060	3.5195e-05	0.050531	supercritical
262.36	309.00	483.11	0.0020699	100.14	164.10	4.5798	0.72245	1.4612	420.34	0.069338	3.5089e-05	0.050374	supercritical
263.36	309.00	480.38	0.0020817	101.23	165.56	4.5853	0.72198	1.4564	420.09	0.069601	3.4986e-05	0.050221	supercritical
264.36	309.00	477.69	0.0020934	102.33	167.01	4.5909	0.72152	1.4518	419.85	0.069851	3.4885e-05	0.050070	supercritical
265.36	309.00	475.02	0.0021052	103.41	168.46	4.5963	0.72107	1.4471	419.63	0.070088	3.4787e-05	0.049923	supercritical
266.36	309.00	472.38	0.0021169	104.49	169.91	4.6018	0.72063	1.4425	419.43	0.070310	3.4692e-05	0.049779	supercritical
267.36	309.00	469.77	0.0021287	105.57	171.35	4.6072	0.72019	1.4379	419.25	0.070520	3.4599e-05	0.049638	supercritical
268.36	309.00	467.19	0.0021404	106.64	172.78	4.6125	0.71976	1.4333	419.08	0.070717	3.4509e-05	0.049500	supercritical
269.36	309.00	464.64	0.0021522	107.71	174.21	4.6178	0.71934	1.4288	418.93	0.070900	3.4421e-05	0.049365	supercritical
270.36	309.00	462.12	0.0021639	108.77	175.64	4.6231	0.71892	1.4244	418.79	0.071072	3.4336e-05	0.049233	supercritical
271.36	309.00	459.63	0.0021757	109.83	177.06	4.6284	0.71851	1.4199	418.67	0.071231	3.4253e-05	0.049104	supercritical
272.36	309.00	457.16	0.0021874	110.89	178.48	4.6336	0.71811	1.4155	418.57	0.071378	3.4172e-05	0.048978	supercritical
273.36	309.00	454.72	0.0021992	111.94	179.89	4.6388	0.71772	1.4112	418.47	0.071513	3.4094e-05	0.048854	supercritical
274.36	309.00	452.30	0.0022109	112.98	181.30	4.6439	0.71733	1.4069	418.39	0.071637	3.4018e-05	0.048733	supercritical
275.36	309.00	449.92	0.0022226	114.03	182.71	4.6490	0.71695	1.4026	418.33	0.071749	3.3944e-05	0.048615	supercritical
276.36	309.00	447.56	0.0022344	115.07	184.11	4.6541	0.71658	1.3984	418.28	0.071851	3.3872e-05	0.048499	supercritical
277.36	309.00	445.22	0.0022461	116.10	185.50	4.6591	0.71622	1.3942	418.24	0.071941	3.3802e-05	0.048386	supercritical
278.36	309.00	442.91	0.0022578	117.13	186.90	4.6642	0.71586	1.3900	418.21	0.072021	3.3734e-05	0.048275	supercritical
279.36	309.00	440.63	0.0022695	118.16	188.28	4.6691	0.71551	1.3859	418.19	0.072090	3.3668e-05	0.048167	supercritical
280.36	309.00	438.37	0.0022812	119.18	189.67	4.6741	0.71516	1.3818	418.19	0.072149	3.3604e-05	0.048061	supercritical
281.36	309.00	436.13	0.0022929	120.20	191.05	4.6790	0.71483	1.3778	418.20	0.072198	3.3542e-05	0.047958	supercritical
282.36	309.00	433.92	0.0023046	121.21	192.42	4.6839	0.71450	1.3739	418.22	0.072238	3.3482e-05	0.047857	supercritical
283.36	309.00	431.74	0.0023162	122.22	193.79	4.6887	0.71417	1.3699	418.25	0.072268	3.3424e-05	0.047758	supercritical
284.36	309.00	429.57	0.0023279	123.23	195.16	4.6935	0.71386	1.3660	418.28	0.072288	3.3367e-05	0.047661	supercritical
285.36	309.00	427.43	0.0023395	124.23	196.53	4.6983	0.71355	1.3622	418.33	0.072299	3.3313e-05	0.047567	supercritical
286.36	309.00	425.32	0.0023512	125.24	197.89	4.7031	0.71324	1.3584	418.39	0.072302	3.3259e-05	0.047474	supercritical
287.36	309.00	423.22	0.0023628	126.23	199.24	4.7078	0.71294	1.3546	418.46	0.072296	3.3208e-05	0.047384	supercritical
288.36	309.00	421.15	0.0023744	127.23	200.60	4.7125	0.71265	1.3509	418.54	0.072281	3.3158e-05	0.047296	supercritical
289.36	309.00	419.10	0.0023861	128.22	201.95	4.7172	0.71237	1.3472	418.62	0.072258	3.3110e-05	0.047210	supercritical
290.36	309.00	417.07	0.0023977	129.20	203.29	4.7218	0.71209	1.3436	418.72	0.072227	3.3063e-05	0.047125	supercritical
291.36	309.00	415.06	0.0024093	130.19	204.63	4.7264	0.71182	1.3400	418.82	0.072188	3.3018e-05	0.047043	supercritical
292.36	309.00	413.08	0.0024208	131.17	205.97	4.7310	0.71155	1.3364	418.94	0.072141	3.2975e-05	0.046962	supercritical
293.36	309.00	411.11	0.0024324	132.14	207.31	4.7356	0.71129	1.3329	419.05	0.072086	3.2933e-05	0.046884	supercritical
294.36	309.00	409.17	0.0024440	133.12	208.64	4.7401	0.71104	1.3295	419.18	0.072025	3.2892e-05	0.046806	supercritical
295.36	309.00	407.24	0.0024555	134.09	209.96	4.7446	0.71079	1.3261	419.32	0.071956	3.2853e-05	0.046731	supercritical
296.36	309.00	405.34	0.0024671	135.06	211.29	4.7491	0.71055	1.3227	419.46	0.071880	3.2815e-05	0.046657	supercritical
297.36	309.00	403.45	0.0024786	136.02	212.61	4.7535	0.71032	1.3193	419.61	0.071797	3.2778e-05	0.046585	supercritical
298.36	309.00	401.59	0.0024901	136.98	213.93	4.7580	0.71009	1.3160	419.76	0.071708	3.2743e-05	0.046514	supercritical
299.36	309.00	399.74	0.0025016	137.94	215.24	4.7624	0.70987	1.3128	419.93	0.071612	3.2709e-05	0.046444	supercritical
300.36	309.00	397.91	0.0025131	138.90	216.55	4.7667	0.70965	1.3095	420.10	0.071510	3.2676e-05	0.046376	supercritical
301.36	309.00	396.11	0.0025246	139.85	217.86	4.7711	0.70944	1.3064	420.27	0.071401	3.2645e-05	0.046309	supercritical
302.36	309.00	394.31	0.0025360	140.80	219.17	4.7754	0.70923	1.3032	420.45	0.071287	3.2615e-05	0.046242	supercritical
303.36	309.00	392.54	0.0025475	141.75	220.47	4.7797	0.70903	1.3001	420.64	0.071167	3.2586e-05	0.046177	supercritical
304.36	309.00	390.79	0.0025589	142.69	221.77	4.7840	0.70883	1.2971	420.83	0.071041	3.2558e-05	0.046112	supercritical
305.36	309.00	389.05	0.0025704	143.64	223.06	4.7882	0.70864	1.2940	421.03	0.070910	3.2531e-05	0.046046	supercritical
306.36	309.00	387.33	0.0025818	144.58	224.35	4.7925	0.70846	1.2911	421.24	0.070773	3.2505e-05	0.045980	supercritical
307.36	309.00	385.63	0.0025932	145.51	225.64	4.7967	0.70828	1.2881	421.45	0.070631	3.2481e-05	0.045911	supercritical
308.36	309.00	383.94	0.0026046	146.45	226.93	4.8008	0.70811	1.2852	421.66	0.070484	3.2457e-05	0.045836	supercritical
309.36	309.00	382.27	0.0026160	147.38	228.21	4.8050	0.70794	1.2823	421.88	0.070333	3.2435e-05	0.045728	supercritical
310.36	309.00	380.62	0.0026273	148.31	229.49	4.8091	0.70777	1.2795	422.11	0.070176	3.2414e-05	0.045689	supercritical
311.36	309.00	378.98	0.0026387	149.24	230.77	4.8132	0.70762	1.2767	422.33	0.070014	3.2393e-05	0.045652	supercritical
312.36	309.00	377.36	0.0026500	150.16	232.05	4.8173	0.70746	1.2739	422.57	0.069848	3.2374e-05	0.045617	supercritical
313.36	309.00	375.75	0.0026613	151.09	233.32	4.8214	0.70732	1.2712	422.81	0.069678	3.2356e-05	0.045582	supercritical
314.36	309.00	374.16	0.0026727	152.01	234.59	4.8254	0.70717	1.2685	423.05	0.069503	3.2338e-05	0.045550	supercritical
315.36	309.00	372.58	0.0026840	152.92	235.86	4.8295	0.70703	1.2658	423.30	0.069324	3.2322e-05	0.045518	supercritical
316.36	309.00	371.02	0.0026952	153.84	237.12	4.8335	0.70690	1.2632	423.55	0.069141	3.2306e-05	0.045488	supercritical
317.36	309.00	369.48	0.0027065	154.75	238.38	4.8375	0.70677	1.2606	423.80	0.068954	3.2292e-05	0.045459	supercritical
318.36	309.00	367.95	0.0027178	155.66	239.64	4.8414	0.70665	1.2581	424.06	0.068764	3.2278e-05	0.045431	supercritical
319.36	309.00	366.43	0.0027290	156.57	240.90	4.8454	0.70653	1.2555	424.32	0.068569	3.2265e-05	0.045404	supercritical
320.36	309.00	364.93	0.0027403	157.48	242.15	4.8493	0.70642	1.2530	424.59	0.068371	3.2253e-05	0.045379	supercritical
321.36	309.00	363.44	0.0027515	158.39	243.41	4.8532	0.70631	1.2506	424.86	0.068170	3.2242e-05	0.045354	supercritical
322.36	309.00	361.97	0.0027627	159.29	244.66	4.8571	0.70620	1.2481	425.13	0.067965	3.2231e-05	0.045331	supercritical
323.36	309.00	360.51	0.0027739	160.19	245.90	4.8609	0.70610	1.2457	425.41	0.067756	3.2222e-05	0.045309	supercritical
324.36	309.00	359.06	0.0027851	161.09	247.15	4.8648	0.70601	1.2434	425.68	0.067545	3.2213e-05	0.045289	supercritical
325.36	309.00	357.62	0.0027962	161.99	248.39	4.8686	0.70592	1.2410	425.97	0.067330	3.2205e-05	0.045269	supercritical
326.36	309.00	356.20	0.0028074	162.88	249.63	4.8724	0.70583	1.2387	426.25	0.067113	3.2197e-05	0.045250	supercritical
327.36	309.00	354.79	0.0028185	163.77	250.87	4.8762	0.70575	1.2365	426.54	0.066892	3.2191e-05	0.045232	supercritical
328.36	309.00	353.40	0.0028297	164.67	252.10	4.8799	0.70567	1.2342	426.83	0.066669	3.2185e-05	0.045216	supercritical
329.36	309.00	352.02	0.0028408	165.56	253.34	4.8837	0.70560	1.2320	427.13	0.066443	3.2180e-05	0.045200	supercritical
330.36	309.00	350.65	0.0028519	166.44	254.57	4.8874	0.70553	1.2298	427.42	0.066215	3.2175e-05	0.045186	supercritical
331.36	309.00	349.29	0.0028630	167.33	255.79	4.8911	0.70546	1.2277	427.72	0.065983	3.2171e-05	0.045172	supercritical
332.36	309.00	347.94	0.0028741	168.21	257.02	4.8948	0.70540	1.2255	428.02	0.065750	3.2168e-05	0.045160	supercritical
333.36	309.00	346.61	0.0028851	169.10	258.25	4.8985	0.70534	1.2234	428.33	0.065514	3.2166e-05	0.045148	supercritical
334.36	309.00	345.28	0.0028962	169.98	259.47	4.9022	0.70529	1.2213	428.63	0.065275	3.2164e-05	0.045137	supercritical
335.36	309.00	343.97	0.0029072	170.86	260.69	4.9058	0.70524	1.2193	428.94	0.065035	3.2163e-05	0.045128	supercritical
336.36	309.00	342.67	0.0029182	171.73	261.91	4.9094	0.70520	1.2173	429.25	0.064792	3.2162e-05	0.045119	supercritical
337.36	309.00	341.38	0.0029293	172.61	263.12	4.9131	0.70516	1.2153	429.57	0.064547	3.2162e-05	0.045111	supercritical
338.36	309.00	340.11	0.0029403	173.48	264.34	4.9167	0.70512	1.2133	429.88	0.064301	3.2163e-05	0.045104	supercritical
339.36	309.00	338.84	0.0029512	174.36	265.55	4.9202	0.70509	1.2114	430.20	0.064052	3.2164e-05	0.045097	supercritical
340.36	309.00	337.58	0.0029622	175.23	266.76	4.9238	0.70506	1.2094	430.52	0.063801	3.2166e-05	0.045092	supercritical
341.36	309.00	336.34	0.0029732	176.10	267.97	4.9273	0.70503	1.2075	430.84	0.063549	3.2168e-05	0.045088	supercritical
342.36	309.00	335.11	0.0029841	176.97	269.18	4.9309	0.70501	1.2057	431.16	0.063295	3.2171e-05	0.045084	supercritical
343.36	309.00	333.88	0.0029951	177.83	270.38	4.9344	0.70499	1.2038	431.49	0.063039	3.2174e-05	0.045081	supercritical
344.36	309.00	332.67	0.0030060	178.70	271.58	4.9379	0.70497	1.2020	431.81	0.062781	3.2178e-05	0.045079	supercritical
345.36	309.00	331.46	0.0030169	179.56	272.78	4.9414	0.70496	1.2002	432.14	0.062522	3.2183e-05	0.045077	supercritical
346.36	309.00	330.27	0.0030278	180.42	273.98	4.9448	0.70496	1.1984	432.47	0.062262	3.2188e-05	0.045077	supercritical
347.36	309.00	329.09	0.0030387	181.28	275.18	4.9483	0.70495	1.1967	432.80	0.062000	3.2193e-05	0.045077	supercritical
348.36	309.00	327.91	0.0030496	182.14	276.38	4.9517	0.70495	1.1950	433.14	0.061737	3.2199e-05	0.045078	supercritical
349.36	309.00	326.75	0.0030605	183.00	277.57	4.9551	0.70495	1.1933	433.47	0.061472	3.2206e-05	0.045080	supercritical
350.36	309.00	325.59	0.0030713	183.86	278.76	4.9586	0.70496	1.1916	433.81	0.061206	3.2213e-05	0.045082	supercritical
351.36	309.00	324.45	0.0030821	184.72	279.95	4.9619	0.70497	1.1899	434.14	0.060939	3.2220e-05	0.045085	supercritical
352.36	309.00	323.31	0.0030930	185.57	281.14	4.9653	0.70498	1.1883	434.48	0.060671	3.2228e-05	0.045089	supercritical
353.36	309.00	322.19	0.0031038	186.42	282.33	4.9687	0.70500	1.1867	434.82	0.060401	3.2236e-05	0.045093	supercritical
354.36	309.00	321.07	0.0031146	187.28	283.52	4.9720	0.70502	1.1851	435.16	0.060131	3.2245e-05	0.045098	supercritical
355.36	309.00	319.96	0.0031254	188.13	284.70	4.9754	0.70504	1.1835	435.51	0.059859	3.2254e-05	0.045104	supercritical
356.36	309.00	318.86	0.0031362	188.98	285.88	4.9787	0.70507	1.1819	435.85	0.059587	3.2264e-05	0.045111	supercritical
357.36	309.00	317.77	0.0031469	189.82	287.06	4.9820	0.70510	1.1804	436.19	0.059314	3.2274e-05	0.045118	supercritical
358.36	309.00	316.69	0.0031577	190.67	288.24	4.9853	0.70513	1.1789	436.54	0.059039	3.2284e-05	0.045126	supercritical
359.36	309.00	315.61	0.0031685	191.52	289.42	4.9886	0.70517	1.1774	436.89	0.058764	3.2295e-05	0.045134	supercritical
360.36	309.00	314.55	0.0031792	192.36	290.60	4.9919	0.70520	1.1759	437.24	0.058488	3.2306e-05	0.045143	supercritical
361.36	309.00	313.49	0.0031899	193.21	291.77	4.9951	0.70525	1.1744	437.59	0.058212	3.2318e-05	0.045152	supercritical
362.36	309.00	312.44	0.0032006	194.05	292.95	4.9984	0.70529	1.1730	437.94	0.057934	3.2330e-05	0.045163	supercritical
363.36	309.00	311.40	0.0032113	194.89	294.12	5.0016	0.70534	1.1716	438.29	0.057656	3.2342e-05	0.045173	supercritical
364.36	309.00	310.36	0.0032220	195.73	295.29	5.0048	0.70539	1.1702	438.64	0.057378	3.2355e-05	0.045185	supercritical
365.36	309.00	309.34	0.0032327	196.57	296.46	5.0080	0.70544	1.1688	438.99	0.057098	3.2368e-05	0.045196	supercritical
366.36	309.00	308.32	0.0032434	197.41	297.63	5.0112	0.70550	1.1674	439.34	0.056818	3.2382e-05	0.045209	supercritical
367.36	309.00	307.31	0.0032540	198.25	298.80	5.0144	0.70556	1.1661	439.70	0.056538	3.2395e-05	0.045222	supercritical
368.36	309.00	306.31	0.0032647	199.08	299.96	5.0176	0.70562	1.1648	440.05	0.056257	3.2410e-05	0.045235	supercritical
369.36	309.00	305.31	0.0032753	199.92	301.13	5.0207	0.70568	1.1635	440.41	0.055976	3.2424e-05	0.045249	supercritical
370.36	309.00	304.33	0.0032859	200.75	302.29	5.0239	0.70575	1.1622	440.77	0.055694	3.2439e-05	0.045264	supercritical
371.36	309.00	303.35	0.0032966	201.59	303.45	5.0270	0.70582	1.1609	441.12	0.055412	3.2454e-05	0.045279	supercritical
372.36	309.00	302.37	0.0033072	202.42	304.61	5.0301	0.70589	1.1596	441.48	0.055129	3.2469e-05	0.045295	supercritical
373.36	309.00	301.41	0.0033178	203.25	305.77	5.0332	0.70597	1.1584	441.84	0.054847	3.2485e-05	0.045311	supercritical
374.36	309.00	300.45	0.0033283	204.08	306.93	5.0363	0.70605	1.1571	442.20	0.054563	3.2501e-05	0.045327	supercritical
375.36	309.00	299.50	0.0033389	204.91	308.08	5.0394	0.70613	1.1559	442.56	0.054280	3.2518e-05	0.045345	supercritical
376.36	309.00	298.55	0.0033495	205.74	309.24	5.0425	0.70621	1.1547	442.92	0.053996	3.2534e-05	0.045362	supercritical
377.36	309.00	297.62	0.0033600	206.57	310.39	5.0455	0.70630	1.1536	443.28	0.053712	3.2551e-05	0.045380	supercritical
378.36	309.00	296.69	0.0033706	207.40	311.55	5.0486	0.70639	1.1524	443.64	0.053428	3.2568e-05	0.045399	supercritical
379.36	309.00	295.76	0.0033811	208.22	312.70	5.0516	0.70648	1.1512	444.01	0.053144	3.2586e-05	0.045418	supercritical
380.36	309.00	294.85	0.0033916	209.05	313.85	5.0547	0.70657	1.1501	444.37	0.052860	3.2604e-05	0.045437	supercritical
381.36	309.00	293.93	0.0034021	209.87	315.00	5.0577	0.70667	1.1490	444.73	0.052575	3.2622e-05	0.045457	supercritical
382.36	309.00	293.03	0.0034126	210.70	316.15	5.0607	0.70677	1.1479	445.10	0.052291	3.2640e-05	0.045477	supercritical
383.36	309.00	292.13	0.0034231	211.52	317.29	5.0637	0.70687	1.1468	445.46	0.052006	3.2659e-05	0.045498	supercritical
384.36	309.00	291.24	0.0034336	212.34	318.44	5.0667	0.70697	1.1457	445.82	0.051721	3.2678e-05	0.045519	supercritical
385.36	309.00	290.35	0.0034441	213.16	319.58	5.0696	0.70707	1.1446	446.19	0.051437	3.2697e-05	0.045541	supercritical
386.36	309.00	289.48	0.0034545	213.98	320.73	5.0726	0.70718	1.1436	446.55	0.051152	3.2716e-05	0.045562	supercritical
387.36	309.00	288.60	0.0034650	214.80	321.87	5.0756	0.70729	1.1426	446.92	0.050867	3.2736e-05	0.045585	supercritical
388.36	309.00	287.74	0.0034754	215.62	323.01	5.0785	0.70740	1.1415	447.28	0.050582	3.2756e-05	0.045608	supercritical
389.36	309.00	286.87	0.0034858	216.44	324.15	5.0814	0.70752	1.1405	447.65	0.050298	3.2776e-05	0.045631	supercritical
390.36	309.00	286.02	0.0034963	217.26	325.29	5.0844	0.70763	1.1395	448.02	0.050013	3.2796e-05	0.045654	supercritical
391.36	309.00	285.17	0.0035067	218.08	326.43	5.0873	0.70775	1.1385	448.38	0.049729	3.2817e-05	0.045678	supercritical
392.36	309.00	284.33	0.0035171	218.89	327.57	5.0902	0.70787	1.1376	448.75	0.049445	3.2837e-05	0.045703	supercritical
393.36	309.00	283.49	0.0035275	219.71	328.71	5.0931	0.70800	1.1366	449.12	0.049160	3.2858e-05	0.045727	supercritical
394.36	309.00	282.66	0.0035379	220.53	329.85	5.0960	0.70812	1.1357	449.49	0.048876	3.2879e-05	0.045752	supercritical
395.36	309.00	281.83	0.0035482	221.34	330.98	5.0988	0.70825	1.1347	449.85	0.048593	3.2901e-05	0.045778	supercritical
396.36	309.00	281.01	0.0035586	222.15	332.11	5.1017	0.70838	1.1338	450.22	0.048309	3.2923e-05	0.045803	supercritical
397.36	309.00	280.19	0.0035689	222.97	333.25	5.1046	0.70851	1.1329	450.59	0.048025	3.2944e-05	0.045830	supercritical
398.36	309.00	279.38	0.0035793	223.78	334.38	5.1074	0.70864	1.1320	450.96	0.047742	3.2966e-05	0.045856	supercritical
399.36	309.00	278.58	0.0035896	224.59	335.51	5.1102	0.70878	1.1311	451.33	0.047459	3.2989e-05	0.045883	supercritical
400.36	309.00	277.78	0.0036000	225.40	336.64	5.1131	0.70892	1.1303	451.70	0.047177	3.3011e-05	0.045910	supercritical
401.36	309.00	276.99	0.0036103	226.21	337.77	5.1159	0.70906	1.1294	452.06	0.046894	3.3034e-05	0.045937	supercritical
402.36	309.00	276.20	0.0036206	227.03	338.90	5.1187	0.70920	1.1285	452.43	0.046612	3.3057e-05	0.045965	supercritical
403.36	309.00	275.41	0.0036309	227.84	340.03	5.1215	0.70934	1.1277	452.80	0.046330	3.3080e-05	0.045993	supercritical
404.36	309.00	274.64	0.0036412	228.64	341.16	5.1243	0.70949	1.1269	453.17	0.046048	3.3103e-05	0.046022	supercritical
405.36	309.00	273.86	0.0036515	229.45	342.28	5.1271	0.70963	1.1261	453.54	0.045767	3.3126e-05	0.046050	supercritical
406.36	309.00	273.09	0.0036617	230.26	343.41	5.1298	0.70978	1.1253	453.91	0.045486	3.3150e-05	0.046079	supercritical
407.36	309.00	272.33	0.0036720	231.07	344.53	5.1326	0.70993	1.1245	454.28	0.045206	3.3173e-05	0.046109	supercritical
408.36	309.00	271.57	0.0036823	231.88	345.66	5.1354	0.71008	1.1237	454.65	0.044925	3.3197e-05	0.046138	supercritical
409.36	309.00	270.82	0.0036925	232.68	346.78	5.1381	0.71024	1.1229	455.02	0.044646	3.3221e-05	0.046168	supercritical
410.36	309.00	270.07	0.0037028	233.49	347.90	5.1408	0.71039	1.1221	455.39	0.044366	3.3246e-05	0.046199	supercritical
411.36	309.00	269.32	0.0037130	234.29	349.03	5.1436	0.71055	1.1214	455.76	0.044087	3.3270e-05	0.046229	supercritical
412.36	309.00	268.59	0.0037232	235.10	350.15	5.1463	0.71071	1.1206	456.13	0.043808	3.3294e-05	0.046260	supercritical
413.36	309.00	267.85	0.0037334	235.90	351.27	5.1490	0.71087	1.1199	456.50	0.043530	3.3319e-05	0.046291	supercritical
414.36	309.00	267.12	0.0037436	236.71	352.39	5.1517	0.71103	1.1192	456.87	0.043252	3.3344e-05	0.046322	supercritical
415.36	309.00	266.39	0.0037538	237.51	353.51	5.1544	0.71120	1.1185	457.24	0.042975	3.3369e-05	0.046354	supercritical
416.36	309.00	265.67	0.0037640	238.31	354.62	5.1571	0.71136	1.1178	457.61	0.042698	3.3394e-05	0.046386	supercritical
417.36	309.00	264.96	0.0037742	239.12	355.74	5.1598	0.71153	1.1171	457.98	0.042422	3.3420e-05	0.046418	supercritical
418.36	309.00	264.24	0.0037844	239.92	356.86	5.1625	0.71170	1.1164	458.35	0.042146	3.3445e-05	0.046450	supercritical
419.36	309.00	263.54	0.0037945	240.72	357.97	5.1651	0.71187	1.1157	458.72	0.041870	3.3471e-05	0.046483	supercritical
420.36	309.00	262.83	0.0038047	241.52	359.09	5.1678	0.71204	1.1150	459.09	0.041595	3.3496e-05	0.046516	supercritical
421.36	309.00	262.13	0.0038149	242.32	360.20	5.1704	0.71222	1.1144	459.46	0.041320	3.3522e-05	0.046549	supercritical
422.36	309.00	261.44	0.0038250	243.13	361.32	5.1731	0.71239	1.1137	459.83	0.041046	3.3548e-05	0.046583	supercritical
423.36	309.00	260.75	0.0038351	243.93	362.43	5.1757	0.71257	1.1131	460.20	0.040773	3.3574e-05	0.046616	supercritical
424.36	309.00	260.06	0.0038453	244.73	363.54	5.1783	0.71275	1.1125	460.57	0.040500	3.3601e-05	0.046650	supercritical
425.36	309.00	259.38	0.0038554	245.52	364.66	5.1809	0.71293	1.1118	460.94	0.040227	3.3627e-05	0.046684	supercritical
426.36	309.00	258.70	0.0038655	246.32	365.77	5.1836	0.71311	1.1112	461.31	0.039955	3.3654e-05	0.046719	supercritical
427.36	309.00	258.02	0.0038756	247.12	366.88	5.1862	0.71329	1.1106	461.68	0.039684	3.3680e-05	0.046753	supercritical
428.36	309.00	257.35	0.0038857	247.92	367.99	5.1888	0.71348	1.1100	462.04	0.039413	3.3707e-05	0.046788	supercritical
429.36	309.00	256.69	0.0038958	248.72	369.10	5.1913	0.71366	1.1094	462.41	0.039142	3.3734e-05	0.046823	supercritical
430.36	309.00	256.03	0.0039059	249.52	370.21	5.1939	0.71385	1.1088	462.78	0.038873	3.3761e-05	0.046859	supercritical
431.36	309.00	255.37	0.0039159	250.31	371.32	5.1965	0.71404	1.1083	463.15	0.038603	3.3788e-05	0.046894	supercritical
432.36	309.00	254.71	0.0039260	251.11	372.42	5.1991	0.71422	1.1077	463.52	0.038335	3.3815e-05	0.046930	supercritical
433.36	309.00	254.06	0.0039361	251.91	373.53	5.2016	0.71442	1.1071	463.89	0.038067	3.3843e-05	0.046966	supercritical
434.36	309.00	253.41	0.0039461	252.70	374.64	5.2042	0.71461	1.1066	464.26	0.037799	3.3870e-05	0.047002	supercritical
435.36	309.00	252.77	0.0039562	253.50	375.74	5.2067	0.71480	1.1060	464.63	0.037532	3.3898e-05	0.047038	supercritical
436.36	309.00	252.13	0.0039662	254.30	376.85	5.2093	0.71500	1.1055	465.00	0.037266	3.3925e-05	0.047075	supercritical
437.36	309.00	251.50	0.0039762	255.09	377.96	5.2118	0.71519	1.1050	465.36	0.037000	3.3953e-05	0.047112	supercritical
438.36	309.00	250.86	0.0039862	255.89	379.06	5.2143	0.71539	1.1045	465.73	0.036735	3.3981e-05	0.047149	supercritical
439.36	309.00	250.23	0.0039963	256.68	380.16	5.2168	0.71559	1.1039	466.10	0.036470	3.4009e-05	0.047186	supercritical
440.36	309.00	249.61	0.0040063	257.47	381.27	5.2193	0.71579	1.1034	466.47	0.036206	3.4037e-05	0.047223	supercritical
441.36	309.00	248.99	0.0040163	258.27	382.37	5.2218	0.71599	1.1029	466.84	0.035943	3.4065e-05	0.047261	supercritical
442.36	309.00	248.37	0.0040263	259.06	383.47	5.2243	0.71619	1.1024	467.20	0.035680	3.4094e-05	0.047298	supercritical
443.36	309.00	247.75	0.0040363	259.86	384.58	5.2268	0.71639	1.1020	467.57	0.035418	3.4122e-05	0.047336	supercritical
444.36	309.00	247.14	0.0040462	260.65	385.68	5.2293	0.71660	1.1015	467.94	0.035157	3.4150e-05	0.047374	supercritical
445.36	309.00	246.54	0.0040562	261.44	386.78	5.2318	0.71680	1.1010	468.31	0.034896	3.4179e-05	0.047413	supercritical
446.36	309.00	245.93	0.0040662	262.24	387.88	5.2342	0.71701	1.1005	468.67	0.034636	3.4208e-05	0.047451	supercritical
447.36	309.00	245.33	0.0040761	263.03	388.98	5.2367	0.71721	1.1001	469.04	0.034376	3.4236e-05	0.047490	supercritical
448.36	309.00	244.73	0.0040861	263.82	390.08	5.2392	0.71742	1.0996	469.41	0.034117	3.4265e-05	0.047529	supercritical
449.36	309.00	244.14	0.0040960	264.61	391.18	5.2416	0.71763	1.0992	469.77	0.033859	3.4294e-05	0.047568	supercritical
450.36	309.00	243.55	0.0041060	265.40	392.28	5.2441	0.71784	1.0987	470.14	0.033601	3.4323e-05	0.047607	supercritical
451.36	309.00	242.96	0.0041159	266.20	393.38	5.2465	0.71805	1.0983	470.50	0.033344	3.4352e-05	0.047646	supercritical
452.36	309.00	242.38	0.0041258	266.99	394.48	5.2489	0.71827	1.0979	470.87	0.033088	3.4382e-05	0.047686	supercritical
453.36	309.00	241.79	0.0041358	267.78	395.57	5.2513	0.71848	1.0975	471.24	0.032832	3.4411e-05	0.047725	supercritical
454.36	309.00	241.22	0.0041457	268.57	396.67	5.2538	0.71870	1.0970	471.60	0.032577	3.4440e-05	0.047765	supercritical
455.36	309.00	240.64	0.0041556	269.36	397.77	5.2562	0.71891	1.0966	471.97	0.032323	3.4470e-05	0.047805	supercritical
456.36	309.00	240.07	0.0041655	270.15	398.86	5.2586	0.71913	1.0962	472.33	0.032069	3.4499e-05	0.047845	supercritical
457.36	309.00	239.50	0.0041754	270.94	399.96	5.2610	0.71934	1.0958	472.70	0.031816	3.4529e-05	0.047885	supercritical
458.36	309.00	238.93	0.0041853	271.73	401.06	5.2634	0.71956	1.0954	473.06	0.031563	3.4558e-05	0.047926	supercritical
459.36	309.00	238.37	0.0041951	272.52	402.15	5.2658	0.71978	1.0951	473.43	0.031312	3.4588e-05	0.047967	supercritical
460.36	309.00	237.81	0.0042050	273.31	403.25	5.2681	0.72000	1.0947	473.79	0.031061	3.4618e-05	0.048007	supercritical
461.36	309.00	237.25	0.0042149	274.10	404.34	5.2705	0.72022	1.0943	474.16	0.030810	3.4648e-05	0.048048	supercritical
462.36	309.00	236.70	0.0042248	274.89	405.43	5.2729	0.72045	1.0939	474.52	0.030561	3.4678e-05	0.048089	supercritical
463.36	309.00	236.15	0.0042346	275.68	406.53	5.2752	0.72067	1.0936	474.88	0.030312	3.4708e-05	0.048130	supercritical
464.36	309.00	235.60	0.0042445	276.47	407.62	5.2776	0.72089	1.0932	475.25	0.030063	3.4738e-05	0.048172	supercritical
465.36	309.00	235.06	0.0042543	277.26	408.71	5.2800	0.72112	1.0929	475.61	0.029816	3.4768e-05	0.048213	supercritical
466.36	309.00	234.51	0.0042641	278.04	409.81	5.2823	0.72134	1.0925	475.97	0.029569	3.4798e-05	0.048255	supercritical
467.36	309.00	233.97	0.0042740	278.83	410.90	5.2846	0.72157	1.0922	476.34	0.029322	3.4828e-05	0.048297	supercritical
468.36	309.00	233.44	0.0042838	279.62	411.99	5.2870	0.72180	1.0918	476.70	0.029077	3.4859e-05	0.048338	supercritical
469.36	309.00	232.90	0.0042936	280.41	413.08	5.2893	0.72202	1.0915	477.06	0.028832	3.4889e-05	0.048381	supercritical
470.36	309.00	232.37	0.0043034	281.20	414.17	5.2916	0.72225	1.0912	477.42	0.028587	3.4920e-05	0.048423	supercritical
471.36	309.00	231.84	0.0043133	281.99	415.27	5.2939	0.72248	1.0909	477.78	0.028344	3.4950e-05	0.048465	supercritical
472.36	309.00	231.32	0.0043231	282.77	416.36	5.2963	0.72271	1.0905	478.15	0.028101	3.4981e-05	0.048507	supercritical
473.36	309.00	230.79	0.0043329	283.56	417.45	5.2986	0.72294	1.0902	478.51	0.027859	3.5011e-05	0.048550	supercritical
474.36	309.00	230.27	0.0043426	284.35	418.54	5.3009	0.72317	1.0899	478.87	0.027617	3.5042e-05	0.048593	supercritical
475.36	309.00	229.76	0.0043524	285.14	419.63	5.3032	0.72341	1.0896	479.23	0.027376	3.5073e-05	0.048635	supercritical
476.36	309.00	229.24	0.0043622	285.92	420.72	5.3054	0.72364	1.0893	479.59	0.027136	3.5104e-05	0.048678	supercritical
477.36	309.00	228.73	0.0043720	286.71	421.80	5.3077	0.72387	1.0890	479.95	0.026897	3.5134e-05	0.048721	supercritical
478.36	309.00	228.22	0.0043818	287.50	422.89	5.3100	0.72411	1.0888	480.31	0.026658	3.5165e-05	0.048765	supercritical
479.36	309.00	227.71	0.0043915	288.28	423.98	5.3123	0.72434	1.0885	480.67	0.026420	3.5196e-05	0.048808	supercritical
480.36	309.00	227.21	0.0044013	289.07	425.07	5.3145	0.72458	1.0882	481.03	0.026182	3.5227e-05	0.048851	supercritical
481.36	309.00	226.70	0.0044110	289.86	426.16	5.3168	0.72481	1.0879	481.39	0.025946	3.5258e-05	0.048895	supercritical
482.36	309.00	226.20	0.0044208	290.64	427.25	5.3191	0.72505	1.0876	481.75	0.025710	3.5289e-05	0.048938	supercritical
483.36	309.00	225.71	0.0044305	291.43	428.33	5.3213	0.72529	1.0874	482.11	0.025474	3.5321e-05	0.048982	supercritical
484.36	309.00	225.21	0.0044403	292.22	429.42	5.3236	0.72553	1.0871	482.47	0.025240	3.5352e-05	0.049026	supercritical
485.36	309.00	224.72	0.0044500	293.00	430.51	5.3258	0.72577	1.0869	482.83	0.025006	3.5383e-05	0.049070	supercritical
486.36	309.00	224.23	0.0044597	293.79	431.59	5.3280	0.72600	1.0866	483.18	0.024773	3.5414e-05	0.049114	supercritical
487.36	309.00	223.74	0.0044694	294.58	432.68	5.3303	0.72624	1.0864	483.54	0.024540	3.5446e-05	0.049158	supercritical
488.36	309.00	223.26	0.0044791	295.36	433.77	5.3325	0.72648	1.0861	483.90	0.024308	3.5477e-05	0.049202	supercritical
489.36	309.00	222.77	0.0044889	296.15	434.85	5.3347	0.72673	1.0859	484.26	0.024077	3.5509e-05	0.049247	supercritical
490.36	309.00	222.29	0.0044986	296.93	435.94	5.3369	0.72697	1.0856	484.62	0.023846	3.5540e-05	0.049291	supercritical
491.36	309.00	221.81	0.0045083	297.72	437.02	5.3392	0.72721	1.0854	484.97	0.023617	3.5572e-05	0.049336	supercritical
492.36	309.00	221.34	0.0045180	298.51	438.11	5.3414	0.72745	1.0852	485.33	0.023388	3.5603e-05	0.049381	supercritical
493.36	309.00	220.87	0.0045276	299.29	439.20	5.3436	0.72770	1.0850	485.69	0.023159	3.5635e-05	0.049425	supercritical
494.36	309.00	220.39	0.0045373	300.08	440.28	5.3458	0.72794	1.0847	486.04	0.022931	3.5666e-05	0.049470	supercritical
495.36	309.00	219.92	0.0045470	300.86	441.36	5.3479	0.72818	1.0845	486.40	0.022704	3.5698e-05	0.049515	supercritical
496.36	309.00	219.46	0.0045567	301.65	442.45	5.3501	0.72843	1.0843	486.75	0.022478	3.5730e-05	0.049560	supercritical
497.36	309.00	218.99	0.0045664	302.43	443.53	5.3523	0.72867	1.0841	487.11	0.022252	3.5762e-05	0.049606	supercritical
498.36	309.00	218.53	0.0045760	303.22	444.62	5.3545	0.72892	1.0839	487.46	0.022027	3.5793e-05	0.049651	supercritical
499.36	309.00	218.07	0.0045857	304.00	445.70	5.3567	0.72917	1.0837	487.82	0.021803	3.5825e-05	0.049696	supercritical
500.36	309.00	217.61	0.0045953	304.79	446.78	5.3588	0.72941	1.0835	488.17	0.021579	3.5857e-05	0.049742	supercritical
501.36	309.00	217.16	0.0046050	305.57	447.87	5.3610	0.72966	1.0833	488.53	0.021356	3.5889e-05	0.049787	supercritical
502.36	309.00	216.70	0.0046146	306.36	448.95	5.3632	0.72991	1.0831	488.88	0.021134	3.5921e-05	0.049833	supercritical
503.36	309.00	216.25	0.0046243	307.14	450.03	5.3653	0.73015	1.0829	489.24	0.020913	3.5953e-05	0.049879	supercritical
504.36	309.00	215.80	0.0046339	307.93	451.12	5.3675	0.73040	1.0827	489.59	0.020692	3.5985e-05	0.049925	supercritical
505.36	309.00	215.35	0.0046435	308.72	452.20	5.3696	0.73065	1.0826	489.94	0.020472	3.6017e-05	0.049971	supercritical
506.36	309.00	214.91	0.0046531	309.50	453.28	5.3717	0.73090	1.0824	490.30	0.020252	3.6049e-05	0.050017	supercritical
507.36	309.00	214.46	0.0046628	310.29	454.36	5.3739	0.73115	1.0822	490.65	0.020033	3.6081e-05	0.050063	supercritical
508.36	309.00	214.02	0.0046724	311.07	455.45	5.3760	0.73140	1.0820	491.00	0.019815	3.6113e-05	0.050109	supercritical
509.36	309.00	213.58	0.0046820	311.86	456.53	5.3781	0.73165	1.0819	491.36	0.019598	3.6146e-05	0.050155	supercritical
510.36	309.00	213.15	0.0046916	312.64	457.61	5.3803	0.73190	1.0817	491.71	0.019381	3.6178e-05	0.050201	supercritical
511.36	309.00	212.71	0.0047012	313.43	458.69	5.3824	0.73215	1.0816	492.06	0.019165	3.6210e-05	0.050248	supercritical
512.36	309.00	212.28	0.0047108	314.21	459.77	5.3845	0.73240	1.0814	492.41	0.018949	3.6242e-05	0.050294	supercritical
513.36	309.00	211.85	0.0047204	315.00	460.86	5.3866	0.73265	1.0812	492.76	0.018734	3.6275e-05	0.050341	supercritical
514.36	309.00	211.42	0.0047300	315.78	461.94	5.3887	0.73291	1.0811	493.11	0.018520	3.6307e-05	0.050388	supercritical
515.36	309.00	210.99	0.0047396	316.56	463.02	5.3908	0.73316	1.0810	493.46	0.018307	3.6339e-05	0.050434	supercritical
516.36	309.00	210.56	0.0047491	317.35	464.10	5.3929	0.73341	1.0808	493.81	0.018094	3.6372e-05	0.050481	supercritical
517.36	309.00	210.14	0.0047587	318.13	465.18	5.3950	0.73366	1.0807	494.17	0.017882	3.6404e-05	0.050528	supercritical
518.36	309.00	209.72	0.0047683	318.92	466.26	5.3971	0.73392	1.0805	494.52	0.017671	3.6436e-05	0.050575	supercritical
519.36	309.00	209.30	0.0047778	319.70	467.34	5.3992	0.73417	1.0804	494.86	0.017460	3.6469e-05	0.050622	supercritical
520.36	309.00	208.88	0.0047874	320.49	468.42	5.4012	0.73442	1.0803	495.21	0.017250	3.6501e-05	0.050669	supercritical
521.36	309.00	208.47	0.0047970	321.27	469.50	5.4033	0.73468	1.0801	495.56	0.017040	3.6534e-05	0.050716	supercritical
522.36	309.00	208.05	0.0048065	322.06	470.58	5.4054	0.73493	1.0800	495.91	0.016831	3.6566e-05	0.050763	supercritical
523.36	309.00	207.64	0.0048161	322.84	471.66	5.4074	0.73519	1.0799	496.26	0.016623	3.6599e-05	0.050811	supercritical
524.36	309.00	207.23	0.0048256	323.63	472.74	5.4095	0.73544	1.0798	496.61	0.016416	3.6632e-05	0.050858	supercritical
525.36	309.00	206.82	0.0048351	324.41	473.82	5.4116	0.73570	1.0796	496.96	0.016209	3.6664e-05	0.050906	supercritical
526.36	309.00	206.41	0.0048447	325.20	474.90	5.4136	0.73595	1.0795	497.31	0.016003	3.6697e-05	0.050953	supercritical
527.36	309.00	206.01	0.0048542	325.98	475.98	5.4157	0.73621	1.0794	497.65	0.015797	3.6729e-05	0.051001	supercritical
528.36	309.00	205.60	0.0048637	326.77	477.06	5.4177	0.73646	1.0793	498.00	0.015592	3.6762e-05	0.051048	supercritical
529.36	309.00	205.20	0.0048733	327.55	478.14	5.4197	0.73672	1.0792	498.35	0.015388	3.6795e-05	0.051096	supercritical
530.36	309.00	204.80	0.0048828	328.34	479.22	5.4218	0.73697	1.0791	498.69	0.015185	3.6828e-05	0.051144	supercritical
531.36	309.00	204.40	0.0048923	329.12	480.30	5.4238	0.73723	1.0790	499.04	0.014982	3.6860e-05	0.051192	supercritical
532.36	309.00	204.01	0.0049018	329.91	481.37	5.4258	0.73749	1.0789	499.39	0.014780	3.6893e-05	0.051240	supercritical
533.36	309.00	203.61	0.0049113	330.69	482.45	5.4279	0.73774	1.0788	499.73	0.014578	3.6926e-05	0.051288	supercritical
534.36	309.00	203.22	0.0049208	331.48	483.53	5.4299	0.73800	1.0787	500.08	0.014377	3.6959e-05	0.051336	supercritical
535.36	309.00	202.83	0.0049303	332.26	484.61	5.4319	0.73826	1.0786	500.42	0.014177	3.6991e-05	0.051384	supercritical
536.36	309.00	202.44	0.0049398	333.05	485.69	5.4339	0.73851	1.0785	500.77	0.013977	3.7024e-05	0.051432	supercritical
537.36	309.00	202.05	0.0049493	333.84	486.77	5.4359	0.73877	1.0784	501.11	0.013778	3.7057e-05	0.051480	supercritical
538.36	309.00	201.66	0.0049588	334.62	487.85	5.4379	0.73903	1.0783	501.46	0.013580	3.7090e-05	0.051528	supercritical
539.36	309.00	201.28	0.0049682	335.41	488.92	5.4399	0.73929	1.0782	501.80	0.013382	3.7123e-05	0.051577	supercritical
540.36	309.00	200.90	0.0049777	336.19	490.00	5.4419	0.73954	1.0782	502.15	0.013185	3.7156e-05	0.051625	supercritical
541.36	309.00	200.51	0.0049872	336.98	491.08	5.4439	0.73980	1.0781	502.49	0.012988	3.7188e-05	0.051674	supercritical
542.36	309.00	200.13	0.0049967	337.76	492.16	5.4459	0.74006	1.0780	502.84	0.012792	3.7221e-05	0.051722	supercritical
543.36	309.00	199.76	0.0050061	338.55	493.24	5.4479	0.74032	1.0779	503.18	0.012597	3.7254e-05	0.051771	supercritical
544.36	309.00	199.38	0.0050156	339.33	494.31	5.4499	0.74058	1.0779	503.52	0.012402	3.7287e-05	0.051819	supercritical
545.36	309.00	199.00	0.0050250	340.12	495.39	5.4519	0.74083	1.0778	503.87	0.012208	3.7320e-05	0.051868	supercritical
546.36	309.00	198.63	0.0050345	340.90	496.47	5.4538	0.74109	1.0777	504.21	0.012015	3.7353e-05	0.051917	supercritical
547.36	309.00	198.26	0.0050440	341.69	497.55	5.4558	0.74135	1.0777	504.55	0.011822	3.7386e-05	0.051965	supercritical
548.36	309.00	197.89	0.0050534	342.48	498.63	5.4578	0.74161	1.0776	504.89	0.011630	3.7419e-05	0.052014	supercritical
549.36	309.00	197.52	0.0050628	343.26	499.70	5.4597	0.74187	1.0775	505.23	0.011439	3.7452e-05	0.052063	supercritical
550.36	309.00	197.15	0.0050723	344.05	500.78	5.4617	0.74213	1.0775	505.58	0.011248	3.7485e-05	0.052112	supercritical
551.36	309.00	196.78	0.0050817	344.83	501.86	5.4637	0.74239	1.0774	505.92	0.011057	3.7518e-05	0.052161	supercritical
552.36	309.00	196.42	0.0050911	345.62	502.94	5.4656	0.74264	1.0774	506.26	0.010868	3.7551e-05	0.052210	supercritical
553.36	309.00	196.06	0.0051006	346.41	504.01	5.4676	0.74290	1.0773	506.60	0.010679	3.7584e-05	0.052259	supercritical
554.36	309.00	195.69	0.0051100	347.19	505.09	5.4695	0.74316	1.0773	506.94	0.010490	3.7617e-05	0.052308	supercritical
555.36	309.00	195.33	0.0051194	347.98	506.17	5.4714	0.74342	1.0772	507.28	0.010302	3.7651e-05	0.052358	supercritical
556.36	309.00	194.98	0.0051288	348.76	507.24	5.4734	0.74368	1.0772	507.62	0.010115	3.7684e-05	0.052407	supercritical
557.36	309.00	194.62	0.0051382	349.55	508.32	5.4753	0.74394	1.0771	507.96	0.0099286	3.7717e-05	0.052456	supercritical
558.36	309.00	194.26	0.0051477	350.34	509.40	5.4772	0.74420	1.0771	508.30	0.0097426	3.7750e-05	0.052505	supercritical
559.36	309.00	193.91	0.0051571	351.12	510.48	5.4792	0.74446	1.0770	508.64	0.0095572	3.7783e-05	0.052555	supercritical
560.36	309.00	193.56	0.0051665	351.91	511.55	5.4811	0.74472	1.0770	508.98	0.0093724	3.7816e-05	0.052604	supercritical
561.36	309.00	193.20	0.0051759	352.70	512.63	5.4830	0.74498	1.0770	509.32	0.0091882	3.7849e-05	0.052654	supercritical
562.36	309.00	192.85	0.0051853	353.48	513.71	5.4849	0.74524	1.0769	509.65	0.0090045	3.7882e-05	0.052703	supercritical
563.36	309.00	192.51	0.0051946	354.27	514.78	5.4868	0.74549	1.0769	509.99	0.0088215	3.7916e-05	0.052753	supercritical
564.36	309.00	192.16	0.0052040	355.06	515.86	5.4888	0.74575	1.0769	510.33	0.0086390	3.7949e-05	0.052802	supercritical
565.36	309.00	191.81	0.0052134	355.84	516.94	5.4907	0.74601	1.0768	510.67	0.0084572	3.7982e-05	0.052852	supercritical
566.36	309.00	191.47	0.0052228	356.63	518.01	5.4926	0.74627	1.0768	511.01	0.0082759	3.8015e-05	0.052902	supercritical
567.36	309.00	191.13	0.0052322	357.42	519.09	5.4945	0.74653	1.0768	511.34	0.0080952	3.8048e-05	0.052951	supercritical
568.36	309.00	190.78	0.0052415	358.20	520.17	5.4964	0.74679	1.0768	511.68	0.0079151	3.8082e-05	0.053001	supercritical
569.36	309.00	190.44	0.0052509	358.99	521.24	5.4983	0.74705	1.0767	512.02	0.0077356	3.8115e-05	0.053051	supercritical
570.36	309.00	190.10	0.0052603	359.78	522.32	5.5001	0.74731	1.0767	512.35	0.0075567	3.8148e-05	0.053101	supercritical
571.36	309.00	189.77	0.0052696	360.57	523.40	5.5020	0.74757	1.0767	512.69	0.0073783	3.8181e-05	0.053151	supercritical
572.36	309.00	189.43	0.0052790	361.35	524.47	5.5039	0.74783	1.0767	513.03	0.0072006	3.8215e-05	0.053200	supercritical
573.36	309.00	189.09	0.0052884	362.14	525.55	5.5058	0.74809	1.0767	513.36	0.0070234	3.8248e-05	0.053250	supercritical
574.36	309.00	188.76	0.0052977	362.93	526.63	5.5077	0.74835	1.0766	513.70	0.0068467	3.8281e-05	0.053300	supercritical
575.36	309.00	188.43	0.0053071	363.72	527.70	5.5095	0.74860	1.0766	514.03	0.0066707	3.8314e-05	0.053351	supercritical
576.36	309.00	188.10	0.0053164	364.50	528.78	5.5114	0.74886	1.0766	514.37	0.0064952	3.8348e-05	0.053401	supercritical
577.36	309.00	187.77	0.0053258	365.29	529.86	5.5133	0.74912	1.0766	514.70	0.0063202	3.8381e-05	0.053451	supercritical
578.36	309.00	187.44	0.0053351	366.08	530.93	5.5151	0.74938	1.0766	515.04	0.0061459	3.8414e-05	0.053501	supercritical
579.36	309.00	187.11	0.0053444	366.87	532.01	5.5170	0.74964	1.0766	515.37	0.0059721	3.8447e-05	0.053551	supercritical
580.36	309.00	186.78	0.0053538	367.66	533.09	5.5189	0.74990	1.0766	515.70	0.0057989	3.8481e-05	0.053601	supercritical
581.36	309.00	186.46	0.0053631	368.44	534.16	5.5207	0.75016	1.0766	516.04	0.0056262	3.8514e-05	0.053652	supercritical
582.36	309.00	186.14	0.0053724	369.23	535.24	5.5226	0.75041	1.0766	516.37	0.0054541	3.8547e-05	0.053702	supercritical
583.36	309.00	185.81	0.0053818	370.02	536.32	5.5244	0.75067	1.0766	516.70	0.0052825	3.8581e-05	0.053752	supercritical
584.36	309.00	185.49	0.0053911	370.81	537.39	5.5262	0.75093	1.0766	517.04	0.0051115	3.8614e-05	0.053803	supercritical
585.36	309.00	185.17	0.0054004	371.60	538.47	5.5281	0.75119	1.0766	517.37	0.0049411	3.8647e-05	0.053853	supercritical
586.36	309.00	184.85	0.0054097	372.39	539.55	5.5299	0.75145	1.0766	517.70	0.0047712	3.8680e-05	0.053903	supercritical
587.36	309.00	184.54	0.0054190	373.18	540.62	5.5318	0.75171	1.0766	518.03	0.0046018	3.8714e-05	0.053954	supercritical
588.36	309.00	184.22	0.0054283	373.97	541.70	5.5336	0.75196	1.0766	518.37	0.0044330	3.8747e-05	0.054004	supercritical
589.36	309.00	183.90	0.0054376	374.75	542.78	5.5354	0.75222	1.0766	518.70	0.0042647	3.8780e-05	0.054055	supercritical
590.36	309.00	183.59	0.0054469	375.54	543.85	5.5372	0.75248	1.0766	519.03	0.0040970	3.8814e-05	0.054105	supercritical
591.36	309.00	183.28	0.0054562	376.33	544.93	5.5391	0.75274	1.0766	519.36	0.0039298	3.8847e-05	0.054156	supercritical
592.36	309.00	182.96	0.0054655	377.12	546.01	5.5409	0.75299	1.0766	519.69	0.0037632	3.8880e-05	0.054207	supercritical
593.36	309.00	182.65	0.0054748	377.91	547.08	5.5427	0.75325	1.0766	520.02	0.0035971	3.8914e-05	0.054257	supercritical
594.36	309.00	182.34	0.0054841	378.70	548.16	5.5445	0.75351	1.0766	520.35	0.0034315	3.8947e-05	0.054308	supercritical
595.36	309.00	182.04	0.0054934	379.49	549.24	5.5463	0.75376	1.0767	520.68	0.0032665	3.8980e-05	0.054359	supercritical
596.36	309.00	181.73	0.0055027	380.28	550.31	5.5481	0.75402	1.0767	521.01	0.0031020	3.9014e-05	0.054409	supercritical
597.36	309.00	181.42	0.0055120	381.07	551.39	5.5499	0.75428	1.0767	521.34	0.0029380	3.9047e-05	0.054460	supercritical
598.36	309.00	181.12	0.0055213	381.86	552.47	5.5517	0.75453	1.0767	521.67	0.0027746	3.9080e-05	0.054511	supercritical
599.36	309.00	180.81	0.0055305	382.65	553.54	5.5535	0.75479	1.0767	522.00	0.0026116	3.9114e-05	0.054562	supercritical
600.36	309.00	180.51	0.0055398	383.44	554.62	5.5553	0.75505	1.0768	522.33	0.0024492	3.9147e-05	0.054613	supercritical
601.36	309.00	180.21	0.0055491	384.23	555.70	5.5571	0.75530	1.0768	522.66	0.0022874	3.9180e-05	0.054664	supercritical
602.36	309.00	179.91	0.0055583	385.02	556.77	5.5589	0.75556	1.0768	522.99	0.0021260	3.9214e-05	0.054715	supercritical
603.36	309.00	179.61	0.0055676	385.81	557.85	5.5607	0.75582	1.0768	523.32	0.0019652	3.9247e-05	0.054766	supercritical
604.36	309.00	179.31	0.0055769	386.60	558.93	5.5625	0.75607	1.0768	523.64	0.0018049	3.9280e-05	0.054817	supercritical
605.36	309.00	179.02	0.0055861	387.39	560.00	5.5643	0.75633	1.0769	523.97	0.0016451	3.9314e-05	0.054868	supercritical
606.36	309.00	178.72	0.0055954	388.18	561.08	5.5660	0.75658	1.0769	524.30	0.0014858	3.9347e-05	0.054919	supercritical
607.36	309.00	178.42	0.0056046	388.98	562.16	5.5678	0.75684	1.0769	524.63	0.0013270	3.9380e-05	0.054970	supercritical
608.36	309.00	178.13	0.0056139	389.77	563.24	5.5696	0.75709	1.0770	524.95	0.0011687	3.9414e-05	0.055021	supercritical
609.36	309.00	177.84	0.0056231	390.56	564.31	5.5714	0.75735	1.0770	525.28	0.0010109	3.9447e-05	0.055072	supercritical
610.36	309.00	177.55	0.0056324	391.35	565.39	5.5731	0.75760	1.0770	525.61	0.00085369	3.9480e-05	0.055123	supercritical
611.36	309.00	177.25	0.0056416	392.14	566.47	5.5749	0.75786	1.0771	525.93	0.00069693	3.9514e-05	0.055174	supercritical
612.36	309.00	176.96	0.0056509	392.93	567.54	5.5766	0.75811	1.0771	526.26	0.00054068	3.9547e-05	0.055225	supercritical
613.36	309.00	176.68	0.0056601	393.72	568.62	5.5784	0.75836	1.0771	526.59	0.00038493	3.9581e-05	0.055276	supercritical
614.36	309.00	176.39	0.0056693	394.52	569.70	5.5802	0.75862	1.0772	526.91	0.00022967	3.9614e-05	0.055328	supercritical
615.36	309.00	176.10	0.0056786	395.31	570.77	5.5819	0.75887	1.0772	527.24	7.4917e-05	3.9647e-05	0.055379	supercritical
616.36	309.00	175.82	0.0056878	396.10	571.85	5.5837	0.75913	1.0772	527.56	-7.9347e-05	3.9681e-05	0.055430	supercritical
617.36	309.00	175.53	0.0056970	396.89	572.93	5.5854	0.75938	1.0773	527.89	-0.00023312	3.9714e-05	0.055482	supercritical
618.36	309.00	175.25	0.0057062	397.68	574.01	5.5871	0.75963	1.0773	528.21	-0.00038640	3.9747e-05	0.055533	supercritical
619.36	309.00	174.96	0.0057154	398.48	575.08	5.5889	0.75989	1.0774	528.54	-0.00053919	3.9781e-05	0.055584	supercritical
620.36	309.00	174.68	0.0057247	399.27	576.16	5.5906	0.76014	1.0774	528.86	-0.00069149	3.9814e-05	0.055636	supercritical
621.36	309.00	174.40	0.0057339	400.06	577.24	5.5924	0.76039	1.0774	529.18	-0.00084331	3.9847e-05	0.055687	supercritical
622.36	309.00	174.12	0.0057431	400.85	578.32	5.5941	0.76064	1.0775	529.51	-0.00099464	3.9881e-05	0.055738	supercritical
623.36	309.00	173.84	0.0057523	401.65	579.39	5.5958	0.76090	1.0775	529.83	-0.0011455	3.9914e-05	0.055790	supercritical
624.36	309.00	173.57	0.0057615	402.44	580.47	5.5976	0.76115	1.0776	530.16	-0.0012959	3.9947e-05	0.055841	supercritical
625.36	309.00	173.29	0.0057707	403.23	581.55	5.5993	0.76140	1.0776	530.48	-0.0014458	3.9981e-05	0.055893	supercritical
626.36	309.00	173.01	0.0057799	404.03	582.63	5.6010	0.76165	1.0777	530.80	-0.0015952	4.0014e-05	0.055944	supercritical
627.36	309.00	172.74	0.0057891	404.82	583.70	5.6027	0.76190	1.0777	531.12	-0.0017441	4.0047e-05	0.055996	supercritical
628.36	309.00	172.46	0.0057983	405.61	584.78	5.6044	0.76215	1.0778	531.45	-0.0018926	4.0080e-05	0.056047	supercritical
629.36	309.00	172.19	0.0058075	406.41	585.86	5.6061	0.76240	1.0778	531.77	-0.0020406	4.0114e-05	0.056099	supercritical
630.36	309.00	171.92	0.0058167	407.20	586.94	5.6079	0.76265	1.0779	532.09	-0.0021881	4.0147e-05	0.056151	supercritical
631.36	309.00	171.65	0.0058259	408.00	588.02	5.6096	0.76290	1.0779	532.41	-0.0023352	4.0180e-05	0.056202	supercritical
632.36	309.00	171.38	0.0058351	408.79	589.09	5.6113	0.76315	1.0780	532.73	-0.0024818	4.0214e-05	0.056254	supercritical
633.36	309.00	171.11	0.0058443	409.58	590.17	5.6130	0.76340	1.0780	533.06	-0.0026279	4.0247e-05	0.056305	supercritical
634.36	309.00	170.84	0.0058534	410.38	591.25	5.6147	0.76365	1.0781	533.38	-0.0027736	4.0280e-05	0.056357	supercritical
635.36	309.00	170.57	0.0058626	411.17	592.33	5.6164	0.76390	1.0781	533.70	-0.0029188	4.0314e-05	0.056409	supercritical
636.36	309.00	170.31	0.0058718	411.97	593.41	5.6181	0.76415	1.0782	534.02	-0.0030635	4.0347e-05	0.056460	supercritical
637.36	309.00	170.04	0.0058810	412.76	594.48	5.6198	0.76440	1.0783	534.34	-0.0032078	4.0380e-05	0.056512	supercritical
638.36	309.00	169.78	0.0058901	413.56	595.56	5.6215	0.76465	1.0783	534.66	-0.0033517	4.0413e-05	0.056564	supercritical
639.36	309.00	169.51	0.0058993	414.35	596.64	5.6231	0.76490	1.0784	534.98	-0.0034950	4.0447e-05	0.056616	supercritical
640.36	309.00	169.25	0.0059085	415.15	597.72	5.6248	0.76515	1.0784	535.30	-0.0036380	4.0480e-05	0.056667	supercritical
641.36	309.00	168.99	0.0059176	415.94	598.80	5.6265	0.76539	1.0785	535.62	-0.0037805	4.0513e-05	0.056719	supercritical
642.36	309.00	168.73	0.0059268	416.74	599.88	5.6282	0.76564	1.0785	535.94	-0.0039225	4.0547e-05	0.056771	supercritical
643.36	309.00	168.46	0.0059360	417.53	600.95	5.6299	0.76589	1.0786	536.26	-0.0040641	4.0580e-05	0.056823	supercritical
644.36	309.00	168.21	0.0059451	418.33	602.03	5.6315	0.76614	1.0787	536.58	-0.0042052	4.0613e-05	0.056875	supercritical
645.36	309.00	167.95	0.0059543	419.12	603.11	5.6332	0.76638	1.0787	536.89	-0.0043459	4.0646e-05	0.056926	supercritical
646.36	309.00	167.69	0.0059634	419.92	604.19	5.6349	0.76663	1.0788	537.21	-0.0044862	4.0680e-05	0.056978	supercritical
647.36	309.00	167.43	0.0059726	420.72	605.27	5.6366	0.76688	1.0789	537.53	-0.0046260	4.0713e-05	0.057030	supercritical
648.36	309.00	167.18	0.0059817	421.51	606.35	5.6382	0.76712	1.0789	537.85	-0.0047654	4.0746e-05	0.057082	supercritical
649.36	309.00	166.92	0.0059909	422.31	607.43	5.6399	0.76737	1.0790	538.17	-0.0049043	4.0779e-05	0.057134	supercritical
650.36	309.00	166.67	0.0060000	423.11	608.51	5.6415	0.76761	1.0791	538.48	-0.0050428	4.0812e-05	0.057186	supercritical
651.36	309.00	166.41	0.0060091	423.90	609.59	5.6432	0.76786	1.0791	538.80	-0.0051809	4.0846e-05	0.057238	supercritical
652.36	309.00	166.16	0.0060183	424.70	610.66	5.6449	0.76810	1.0792	539.12	-0.0053185	4.0879e-05	0.057290	supercritical
653.36	309.00	165.91	0.0060274	425.50	611.74	5.6465	0.76835	1.0793	539.44	-0.0054557	4.0912e-05	0.057342	supercritical
654.36	309.00	165.66	0.0060366	426.29	612.82	5.6482	0.76859	1.0793	539.75	-0.0055925	4.0945e-05	0.057394	supercritical
655.36	309.00	165.41	0.0060457	427.09	613.90	5.6498	0.76884	1.0794	540.07	-0.0057289	4.0979e-05	0.057446	supercritical
656.36	309.00	165.16	0.0060548	427.89	614.98	5.6515	0.76908	1.0795	540.38	-0.0058648	4.1012e-05	0.057498	supercritical
657.36	309.00	164.91	0.0060639	428.69	616.06	5.6531	0.76932	1.0795	540.70	-0.0060003	4.1045e-05	0.057550	supercritical
658.36	309.00	164.66	0.0060731	429.48	617.14	5.6547	0.76957	1.0796	541.02	-0.0061354	4.1078e-05	0.057602	supercritical
659.36	309.00	164.41	0.0060822	430.28	618.22	5.6564	0.76981	1.0797	541.33	-0.0062700	4.1111e-05	0.057654	supercritical
660.36	309.00	164.17	0.0060913	431.08	619.30	5.6580	0.77005	1.0797	541.65	-0.0064043	4.1144e-05	0.057706	supercritical
661.36	309.00	163.92	0.0061004	431.88	620.38	5.6596	0.77029	1.0798	541.96	-0.0065381	4.1178e-05	0.057758	supercritical
662.36	309.00	163.68	0.0061095	432.67	621.46	5.6613	0.77054	1.0799	542.28	-0.0066715	4.1211e-05	0.057810	supercritical
663.36	309.00	163.43	0.0061187	433.47	622.54	5.6629	0.77078	1.0800	542.59	-0.0068045	4.1244e-05	0.057862	supercritical
664.36	309.00	163.19	0.0061278	434.27	623.62	5.6645	0.77102	1.0800	542.91	-0.0069371	4.1277e-05	0.057914	supercritical
665.36	309.00	162.95	0.0061369	435.07	624.70	5.6662	0.77126	1.0801	543.22	-0.0070693	4.1310e-05	0.057967	supercritical
666.36	309.00	162.71	0.0061460	435.87	625.78	5.6678	0.77150	1.0802	543.54	-0.0072010	4.1343e-05	0.058019	supercritical
667.36	309.00	162.47	0.0061551	436.67	626.86	5.6694	0.77174	1.0803	543.85	-0.0073324	4.1377e-05	0.058071	supercritical
668.36	309.00	162.23	0.0061642	437.47	627.94	5.6710	0.77198	1.0803	544.16	-0.0074633	4.1410e-05	0.058123	supercritical
669.36	309.00	161.99	0.0061733	438.27	629.02	5.6726	0.77222	1.0804	544.48	-0.0075939	4.1443e-05	0.058175	supercritical
670.36	309.00	161.75	0.0061824	439.07	630.10	5.6742	0.77246	1.0805	544.79	-0.0077240	4.1476e-05	0.058227	supercritical
671.36	309.00	161.51	0.0061915	439.86	631.18	5.6759	0.77270	1.0806	545.10	-0.0078538	4.1509e-05	0.058280	supercritical
672.36	309.00	161.27	0.0062006	440.66	632.26	5.6775	0.77294	1.0807	545.42	-0.0079831	4.1542e-05	0.058332	supercritical
673.36	309.00	161.04	0.0062097	441.46	633.34	5.6791	0.77318	1.0807	545.73	-0.0081121	4.1575e-05	0.058384	supercritical
674.36	309.00	160.80	0.0062188	442.26	634.42	5.6807	0.77342	1.0808	546.04	-0.0082406	4.1608e-05	0.058436	supercritical
675.36	309.00	160.57	0.0062279	443.06	635.50	5.6823	0.77366	1.0809	546.35	-0.0083688	4.1641e-05	0.058489	supercritical
676.36	309.00	160.33	0.0062370	443.86	636.59	5.6839	0.77390	1.0810	546.67	-0.0084965	4.1674e-05	0.058541	supercritical
677.36	309.00	160.10	0.0062460	444.66	637.67	5.6855	0.77413	1.0811	546.98	-0.0086239	4.1707e-05	0.058593	supercritical
678.36	309.00	159.87	0.0062551	445.46	638.75	5.6871	0.77437	1.0811	547.29	-0.0087509	4.1741e-05	0.058645	supercritical
679.36	309.00	159.64	0.0062642	446.27	639.83	5.6887	0.77461	1.0812	547.60	-0.0088775	4.1774e-05	0.058698	supercritical
680.36	309.00	159.41	0.0062733	447.07	640.91	5.6903	0.77484	1.0813	547.91	-0.0090037	4.1807e-05	0.058750	supercritical
681.36	309.00	159.18	0.0062824	447.87	641.99	5.6918	0.77508	1.0814	548.22	-0.0091295	4.1840e-05	0.058802	supercritical
682.36	309.00	158.95	0.0062914	448.67	643.07	5.6934	0.77532	1.0815	548.53	-0.0092549	4.1873e-05	0.058855	supercritical
683.36	309.00	158.72	0.0063005	449.47	644.15	5.6950	0.77555	1.0815	548.85	-0.0093800	4.1906e-05	0.058907	supercritical
684.36	309.00	158.49	0.0063096	450.27	645.24	5.6966	0.77579	1.0816	549.16	-0.0095046	4.1939e-05	0.058959	supercritical
685.36	309.00	158.26	0.0063186	451.07	646.32	5.6982	0.77602	1.0817	549.47	-0.0096289	4.1972e-05	0.059012	supercritical
686.36	309.00	158.04	0.0063277	451.87	647.40	5.6997	0.77626	1.0818	549.78	-0.0097528	4.2005e-05	0.059064	supercritical
687.36	309.00	157.81	0.0063368	452.68	648.48	5.7013	0.77649	1.0819	550.09	-0.0098764	4.2038e-05	0.059116	supercritical
688.36	309.00	157.58	0.0063458	453.48	649.56	5.7029	0.77673	1.0820	550.40	-0.0099995	4.2071e-05	0.059169	supercritical
689.36	309.00	157.36	0.0063549	454.28	650.65	5.7045	0.77696	1.0821	550.70	-0.010122	4.2104e-05	0.059221	supercritical
690.36	309.00	157.14	0.0063640	455.08	651.73	5.7060	0.77719	1.0821	551.01	-0.010245	4.2137e-05	0.059273	supercritical
691.36	309.00	156.91	0.0063730	455.88	652.81	5.7076	0.77743	1.0822	551.32	-0.010367	4.2170e-05	0.059326	supercritical
692.36	309.00	156.69	0.0063821	456.69	653.89	5.7092	0.77766	1.0823	551.63	-0.010488	4.2203e-05	0.059378	supercritical
693.36	309.00	156.47	0.0063911	457.49	654.97	5.7107	0.77789	1.0824	551.94	-0.010610	4.2236e-05	0.059431	supercritical
694.36	309.00	156.25	0.0064002	458.29	656.06	5.7123	0.77813	1.0825	552.25	-0.010731	4.2268e-05	0.059483	supercritical
695.36	309.00	156.03	0.0064092	459.09	657.14	5.7138	0.77836	1.0826	552.56	-0.010851	4.2301e-05	0.059536	supercritical
696.36	309.00	155.81	0.0064183	459.90	658.22	5.7154	0.77859	1.0827	552.87	-0.010971	4.2334e-05	0.059588	supercritical
697.36	309.00	155.59	0.0064273	460.70	659.30	5.7170	0.77882	1.0828	553.17	-0.011091	4.2367e-05	0.059640	supercritical
698.36	309.00	155.37	0.0064364	461.50	660.39	5.7185	0.77905	1.0828	553.48	-0.011211	4.2400e-05	0.059693	supercritical
699.36	309.00	155.15	0.0064454	462.31	661.47	5.7201	0.77928	1.0829	553.79	-0.011330	4.2433e-05	0.059745	supercritical
700.36	309.00	154.93	0.0064544	463.11	662.55	5.7216	0.77951	1.0830	554.10	-0.011449	4.2466e-05	0.059798	supercritical
701.36	309.00	154.72	0.0064635	463.92	663.64	5.7231	0.77974	1.0831	554.40	-0.011567	4.2499e-05	0.059850	supercritical
702.36	309.00	154.50	0.0064725	464.72	664.72	5.7247	0.77997	1.0832	554.71	-0.011685	4.2532e-05	0.059903	supercritical
703.36	309.00	154.28	0.0064815	465.52	665.80	5.7262	0.78020	1.0833	555.02	-0.011803	4.2565e-05	0.059955	supercritical
704.36	309.00	154.07	0.0064906	466.33	666.89	5.7278	0.78043	1.0834	555.32	-0.011920	4.2597e-05	0.060008	supercritical
705.36	309.00	153.86	0.0064996	467.13	667.97	5.7293	0.78066	1.0835	555.63	-0.012037	4.2630e-05	0.060060	supercritical
706.36	309.00	153.64	0.0065086	467.94	669.05	5.7308	0.78089	1.0836	555.94	-0.012154	4.2663e-05	0.060113	supercritical
707.36	309.00	153.43	0.0065177	468.74	670.14	5.7324	0.78112	1.0837	556.24	-0.012270	4.2696e-05	0.060165	supercritical
708.36	309.00	153.22	0.0065267	469.55	671.22	5.7339	0.78134	1.0838	556.55	-0.012386	4.2729e-05	0.060218	supercritical
709.36	309.00	153.01	0.0065357	470.35	672.30	5.7354	0.78157	1.0839	556.85	-0.012502	4.2762e-05	0.060270	supercritical
710.36	309.00	152.79	0.0065447	471.16	673.39	5.7370	0.78180	1.0839	557.16	-0.012617	4.2794e-05	0.060323	supercritical
711.36	309.00	152.58	0.0065538	471.96	674.47	5.7385	0.78202	1.0840	557.46	-0.012732	4.2827e-05	0.060375	supercritical
712.36	309.00	152.37	0.0065628	472.77	675.56	5.7400	0.78225	1.0841	557.77	-0.012846	4.2860e-05	0.060428	supercritical
713.36	309.00	152.17	0.0065718	473.57	676.64	5.7415	0.78248	1.0842	558.07	-0.012960	4.2893e-05	0.060481	supercritical
714.36	309.00	151.96	0.0065808	474.38	677.72	5.7431	0.78270	1.0843	558.38	-0.013074	4.2926e-05	0.060533	supercritical
715.36	309.00	151.75	0.0065898	475.18	678.81	5.7446	0.78293	1.0844	558.68	-0.013188	4.2958e-05	0.060586	supercritical
716.36	309.00	151.54	0.0065988	475.99	679.89	5.7461	0.78315	1.0845	558.99	-0.013301	4.2991e-05	0.060638	supercritical
717.36	309.00	151.34	0.0066078	476.80	680.98	5.7476	0.78338	1.0846	559.29	-0.013414	4.3024e-05	0.060691	supercritical
718.36	309.00	151.13	0.0066168	477.60	682.06	5.7491	0.78360	1.0847	559.59	-0.013527	4.3057e-05	0.060743	supercritical
719.36	309.00	150.92	0.0066258	478.41	683.15	5.7506	0.78383	1.0848	559.90	-0.013639	4.3089e-05	0.060796	supercritical
720.36	309.00	150.72	0.0066349	479.22	684.23	5.7521	0.78405	1.0849	560.20	-0.013751	4.3122e-05	0.060849	supercritical
721.36	309.00	150.52	0.0066439	480.02	685.32	5.7536	0.78427	1.0850	560.50	-0.013862	4.3155e-05	0.060901	supercritical
722.36	309.00	150.31	0.0066529	480.83	686.40	5.7551	0.78450	1.0851	560.81	-0.013973	4.3188e-05	0.060954	supercritical
723.36	309.00	150.11	0.0066619	481.64	687.49	5.7566	0.78472	1.0852	561.11	-0.014084	4.3220e-05	0.061006	supercritical
724.36	309.00	149.91	0.0066709	482.44	688.57	5.7581	0.78494	1.0853	561.41	-0.014195	4.3253e-05	0.061059	supercritical
725.36	309.00	149.70	0.0066798	483.25	689.66	5.7596	0.78516	1.0854	561.72	-0.014305	4.3286e-05	0.061112	supercritical
726.36	309.00	149.50	0.0066888	484.06	690.74	5.7611	0.78538	1.0855	562.02	-0.014415	4.3318e-05	0.061164	supercritical
727.36	309.00	149.30	0.0066978	484.87	691.83	5.7626	0.78561	1.0856	562.32	-0.014525	4.3351e-05	0.061217	supercritical
728.36	309.00	149.10	0.0067068	485.67	692.91	5.7641	0.78583	1.0857	562.62	-0.014634	4.3384e-05	0.061270	supercritical
729.36	309.00	148.90	0.0067158	486.48	694.00	5.7656	0.78605	1.0858	562.92	-0.014743	4.3416e-05	0.061322	supercritical
730.36	309.00	148.70	0.0067248	487.29	695.09	5.7671	0.78627	1.0859	563.23	-0.014851	4.3449e-05	0.061375	supercritical
731.36	309.00	148.50	0.0067338	488.10	696.17	5.7686	0.78649	1.0860	563.53	-0.014960	4.3482e-05	0.061427	supercritical
732.36	309.00	148.31	0.0067428	488.91	697.26	5.7701	0.78671	1.0861	563.83	-0.015068	4.3514e-05	0.061480	supercritical
733.36	309.00	148.11	0.0067518	489.71	698.34	5.7715	0.78693	1.0862	564.13	-0.015175	4.3547e-05	0.061533	supercritical
734.36	309.00	147.91	0.0067607	490.52	699.43	5.7730	0.78714	1.0863	564.43	-0.015283	4.3579e-05	0.061585	supercritical
735.36	309.00	147.72	0.0067697	491.33	700.52	5.7745	0.78736	1.0864	564.73	-0.015390	4.3612e-05	0.061638	supercritical
736.36	309.00	147.52	0.0067787	492.14	701.60	5.7760	0.78758	1.0865	565.03	-0.015497	4.3645e-05	0.061691	supercritical
737.36	309.00	147.33	0.0067877	492.95	702.69	5.7774	0.78780	1.0866	565.33	-0.015603	4.3677e-05	0.061743	supercritical
738.36	309.00	147.13	0.0067966	493.76	703.78	5.7789	0.78802	1.0867	565.63	-0.015709	4.3710e-05	0.061796	supercritical
739.36	309.00	146.94	0.0068056	494.57	704.86	5.7804	0.78823	1.0868	565.93	-0.015815	4.3742e-05	0.061849	supercritical
740.36	309.00	146.74	0.0068146	495.38	705.95	5.7819	0.78845	1.0869	566.23	-0.015920	4.3775e-05	0.061901	supercritical
741.36	309.00	146.55	0.0068236	496.19	707.04	5.7833	0.78867	1.0870	566.53	-0.016026	4.3807e-05	0.061954	supercritical
742.36	309.00	146.36	0.0068325	497.00	708.12	5.7848	0.78888	1.0871	566.83	-0.016131	4.3840e-05	0.062007	supercritical
743.36	309.00	146.17	0.0068415	497.81	709.21	5.7863	0.78910	1.0872	567.13	-0.016235	4.3872e-05	0.062059	supercritical
744.36	309.00	145.98	0.0068505	498.62	710.30	5.7877	0.78931	1.0873	567.43	-0.016339	4.3905e-05	0.062112	supercritical
745.36	309.00	145.78	0.0068594	499.43	711.39	5.7892	0.78953	1.0874	567.73	-0.016443	4.3937e-05	0.062165	supercritical
746.36	309.00	145.59	0.0068684	500.24	712.47	5.7906	0.78974	1.0875	568.03	-0.016547	4.3970e-05	0.062217	supercritical
747.36	309.00	145.40	0.0068773	501.05	713.56	5.7921	0.78996	1.0876	568.33	-0.016651	4.4002e-05	0.062270	supercritical
748.36	309.00	145.22	0.0068863	501.86	714.65	5.7935	0.79017	1.0877	568.62	-0.016754	4.4035e-05	0.062323	supercritical
749.36	309.00	145.03	0.0068953	502.67	715.74	5.7950	0.79039	1.0878	568.92	-0.016856	4.4067e-05	0.062375	supercritical
750.36	309.00	144.84	0.0069042	503.48	716.82	5.7964	0.79060	1.0879	569.22	-0.016959	4.4100e-05	0.062428	supercritical
751.36	309.00	144.65	0.0069132	504.29	717.91	5.7979	0.79081	1.0880	569.52	-0.017061	4.4132e-05	0.062481	supercritical
752.36	309.00	144.46	0.0069221	505.11	719.00	5.7993	0.79103	1.0881	569.82	-0.017163	4.4165e-05	0.062534	supercritical
753.36	309.00	144.28	0.0069311	505.92	720.09	5.8008	0.79124	1.0882	570.11	-0.017265	4.4197e-05	0.062586	supercritical
754.36	309.00	144.09	0.0069400	506.73	721.18	5.8022	0.79145	1.0883	570.41	-0.017366	4.4229e-05	0.062639	supercritical
755.36	309.00	143.91	0.0069490	507.54	722.26	5.8037	0.79166	1.0884	570.71	-0.017467	4.4262e-05	0.062692	supercritical
756.36	309.00	143.72	0.0069579	508.35	723.35	5.8051	0.79187	1.0885	571.00	-0.017568	4.4294e-05	0.062744	supercritical
757.36	309.00	143.54	0.0069669	509.16	724.44	5.8066	0.79208	1.0886	571.30	-0.017668	4.4327e-05	0.062797	supercritical
758.36	309.00	143.35	0.0069758	509.98	725.53	5.8080	0.79230	1.0887	571.60	-0.017768	4.4359e-05	0.062850	supercritical
759.36	309.00	143.17	0.0069848	510.79	726.62	5.8094	0.79251	1.0888	571.89	-0.017868	4.4391e-05	0.062903	supercritical
760.36	309.00	142.99	0.0069937	511.60	727.71	5.8109	0.79272	1.0889	572.19	-0.017968	4.4424e-05	0.062955	supercritical
761.36	309.00	142.80	0.0070026	512.41	728.80	5.8123	0.79292	1.0890	572.49	-0.018067	4.4456e-05	0.063008	supercritical
762.36	309.00	142.62	0.0070116	513.23	729.89	5.8137	0.79313	1.0891	572.78	-0.018166	4.4488e-05	0.063061	supercritical
763.36	309.00	142.44	0.0070205	514.04	730.97	5.8151	0.79334	1.0892	573.08	-0.018265	4.4521e-05	0.063113	supercritical
764.36	309.00	142.26	0.0070294	514.85	732.06	5.8166	0.79355	1.0893	573.37	-0.018364	4.4553e-05	0.063166	supercritical
765.36	309.00	142.08	0.0070384	515.67	733.15	5.8180	0.79376	1.0894	573.67	-0.018462	4.4585e-05	0.063219	supercritical
766.36	309.00	141.90	0.0070473	516.48	734.24	5.8194	0.79397	1.0895	573.97	-0.018560	4.4618e-05	0.063272	supercritical
767.36	309.00	141.72	0.0070562	517.29	735.33	5.8208	0.79418	1.0896	574.26	-0.018657	4.4650e-05	0.063324	supercritical
768.36	309.00	141.54	0.0070652	518.11	736.42	5.8223	0.79438	1.0897	574.56	-0.018755	4.4682e-05	0.063377	supercritical
769.36	309.00	141.36	0.0070741	518.92	737.51	5.8237	0.79459	1.0898	574.85	-0.018852	4.4714e-05	0.063430	supercritical
770.36	309.00	141.18	0.0070830	519.74	738.60	5.8251	0.79480	1.0899	575.14	-0.018949	4.4747e-05	0.063482	supercritical
771.36	309.00	141.00	0.0070920	520.55	739.69	5.8265	0.79500	1.0900	575.44	-0.019045	4.4779e-05	0.063535	supercritical
772.36	309.00	140.83	0.0071009	521.36	740.78	5.8279	0.79521	1.0901	575.73	-0.019141	4.4811e-05	0.063588	supercritical
773.36	309.00	140.65	0.0071098	522.18	741.87	5.8293	0.79541	1.0902	576.03	-0.019237	4.4843e-05	0.063641	supercritical
774.36	309.00	140.47	0.0071187	522.99	742.96	5.8307	0.79562	1.0903	576.32	-0.019333	4.4876e-05	0.063693	supercritical
775.36	309.00	140.30	0.0071276	523.81	744.05	5.8321	0.79582	1.0904	576.61	-0.019429	4.4908e-05	0.063746	supercritical
776.36	309.00	140.12	0.0071366	524.62	745.14	5.8336	0.79603	1.0906	576.91	-0.019524	4.4940e-05	0.063799	supercritical
777.36	309.00	139.95	0.0071455	525.44	746.23	5.8350	0.79623	1.0907	577.20	-0.019619	4.4972e-05	0.063852	supercritical
778.36	309.00	139.77	0.0071544	526.25	747.32	5.8364	0.79644	1.0908	577.49	-0.019714	4.5004e-05	0.063904	supercritical
779.36	309.00	139.60	0.0071633	527.07	748.41	5.8378	0.79664	1.0909	577.79	-0.019808	4.5037e-05	0.063957	supercritical
780.36	309.00	139.43	0.0071722	527.88	749.51	5.8392	0.79684	1.0910	578.08	-0.019902	4.5069e-05	0.064010	supercritical
781.36	309.00	139.25	0.0071811	528.70	750.60	5.8406	0.79704	1.0911	578.37	-0.019996	4.5101e-05	0.064062	supercritical
782.36	309.00	139.08	0.0071900	529.52	751.69	5.8419	0.79725	1.0912	578.67	-0.020090	4.5133e-05	0.064115	supercritical
783.36	309.00	138.91	0.0071990	530.33	752.78	5.8433	0.79745	1.0913	578.96	-0.020183	4.5165e-05	0.064168	supercritical
784.36	309.00	138.74	0.0072079	531.15	753.87	5.8447	0.79765	1.0914	579.25	-0.020276	4.5197e-05	0.064221	supercritical
785.36	309.00	138.57	0.0072168	531.96	754.96	5.8461	0.79785	1.0915	579.54	-0.020369	4.5229e-05	0.064273	supercritical
786.36	309.00	138.40	0.0072257	532.78	756.05	5.8475	0.79805	1.0916	579.83	-0.020462	4.5262e-05	0.064326	supercritical
787.36	309.00	138.23	0.0072346	533.60	757.15	5.8489	0.79825	1.0917	580.13	-0.020554	4.5294e-05	0.064379	supercritical
788.36	309.00	138.06	0.0072435	534.41	758.24	5.8503	0.79845	1.0918	580.42	-0.020646	4.5326e-05	0.064432	supercritical
789.36	309.00	137.89	0.0072524	535.23	759.33	5.8517	0.79865	1.0919	580.71	-0.020738	4.5358e-05	0.064484	supercritical
790.36	309.00	137.72	0.0072613	536.05	760.42	5.8531	0.79885	1.0920	581.00	-0.020829	4.5390e-05	0.064537	supercritical
791.36	309.00	137.55	0.0072702	536.86	761.51	5.8544	0.79905	1.0921	581.29	-0.020921	4.5422e-05	0.064590	supercritical
792.36	309.00	137.38	0.0072791	537.68	762.60	5.8558	0.79925	1.0922	581.58	-0.021012	4.5454e-05	0.064643	supercritical
793.36	309.00	137.21	0.0072880	538.50	763.70	5.8572	0.79945	1.0923	581.87	-0.021103	4.5486e-05	0.064695	supercritical
794.36	309.00	137.05	0.0072969	539.32	764.79	5.8586	0.79965	1.0924	582.16	-0.021193	4.5518e-05	0.064748	supercritical
795.36	309.00	136.88	0.0073058	540.13	765.88	5.8599	0.79985	1.0926	582.45	-0.021283	4.5550e-05	0.064801	supercritical
796.36	309.00	136.71	0.0073147	540.95	766.97	5.8613	0.80004	1.0927	582.74	-0.021373	4.5582e-05	0.064853	supercritical
797.36	309.00	136.55	0.0073236	541.77	768.07	5.8627	0.80024	1.0928	583.03	-0.021463	4.5614e-05	0.064906	supercritical
798.36	309.00	136.38	0.0073324	542.59	769.16	5.8641	0.80044	1.0929	583.32	-0.021553	4.5646e-05	0.064959	supercritical
799.36	309.00	136.22	0.0073413	543.41	770.25	5.8654	0.80063	1.0930	583.61	-0.021642	4.5678e-05	0.065012	supercritical
800.36	309.00	136.05	0.0073502	544.22	771.35	5.8668	0.80083	1.0931	583.90	-0.021731	4.5710e-05	0.065064	supercritical
801.36	309.00	135.89	0.0073591	545.04	772.44	5.8682	0.80103	1.0932	584.19	-0.021820	4.5742e-05	0.065117	supercritical
802.36	309.00	135.72	0.0073680	545.86	773.53	5.8695	0.80122	1.0933	584.48	-0.021909	4.5774e-05	0.065170	supercritical
803.36	309.00	135.56	0.0073769	546.68	774.63	5.8709	0.80142	1.0934	584.77	-0.021997	4.5806e-05	0.065223	supercritical
804.36	309.00	135.40	0.0073858	547.50	775.72	5.8722	0.80161	1.0935	585.06	-0.022085	4.5838e-05	0.065275	supercritical
805.36	309.00	135.23	0.0073946	548.32	776.81	5.8736	0.80181	1.0936	585.35	-0.022173	4.5870e-05	0.065328	supercritical
806.36	309.00	135.07	0.0074035	549.14	777.91	5.8750	0.80200	1.0937	585.64	-0.022261	4.5901e-05	0.065381	supercritical
807.36	309.00	134.91	0.0074124	549.96	779.00	5.8763	0.80219	1.0938	585.93	-0.022348	4.5933e-05	0.065433	supercritical
808.36	309.00	134.75	0.0074213	550.78	780.09	5.8777	0.80239	1.0939	586.22	-0.022435	4.5965e-05	0.065486	supercritical
809.36	309.00	134.59	0.0074301	551.60	781.19	5.8790	0.80258	1.0940	586.50	-0.022522	4.5997e-05	0.065539	supercritical
810.36	309.00	134.43	0.0074390	552.42	782.28	5.8804	0.80277	1.0941	586.79	-0.022609	4.6029e-05	0.065592	supercritical
811.36	309.00	134.27	0.0074479	553.24	783.38	5.8817	0.80297	1.0942	587.08	-0.022695	4.6061e-05	0.065644	supercritical
812.36	309.00	134.11	0.0074568	554.06	784.47	5.8831	0.80316	1.0944	587.37	-0.022782	4.6093e-05	0.065697	supercritical
813.36	309.00	133.95	0.0074656	554.88	785.57	5.8844	0.80335	1.0945	587.66	-0.022868	4.6124e-05	0.065750	supercritical
814.36	309.00	133.79	0.0074745	555.70	786.66	5.8858	0.80354	1.0946	587.94	-0.022953	4.6156e-05	0.065802	supercritical
815.36	309.00	133.63	0.0074834	556.52	787.75	5.8871	0.80373	1.0947	588.23	-0.023039	4.6188e-05	0.065855	supercritical
816.36	309.00	133.47	0.0074922	557.34	788.85	5.8884	0.80392	1.0948	588.52	-0.023124	4.6220e-05	0.065908	supercritical
817.36	309.00	133.31	0.0075011	558.16	789.94	5.8898	0.80411	1.0949	588.80	-0.023209	4.6252e-05	0.065960	supercritical
818.36	309.00	133.16	0.0075100	558.98	791.04	5.8911	0.80430	1.0950	589.09	-0.023294	4.6283e-05	0.066013	supercritical
819.36	309.00	133.00	0.0075188	559.80	792.13	5.8925	0.80449	1.0951	589.38	-0.023379	4.6315e-05	0.066066	supercritical
820.36	309.00	132.84	0.0075277	560.62	793.23	5.8938	0.80468	1.0952	589.66	-0.023463	4.6347e-05	0.066119	supercritical
821.36	309.00	132.69	0.0075366	561.44	794.32	5.8951	0.80487	1.0953	589.95	-0.023547	4.6379e-05	0.066171	supercritical
822.36	309.00	132.53	0.0075454	562.27	795.42	5.8965	0.80506	1.0954	590.24	-0.023631	4.6410e-05	0.066224	supercritical
823.36	309.00	132.38	0.0075543	563.09	796.51	5.8978	0.80525	1.0955	590.52	-0.023715	4.6442e-05	0.066277	supercritical
824.36	309.00	132.22	0.0075632	563.91	797.61	5.8991	0.80544	1.0956	590.81	-0.023798	4.6474e-05	0.066329	supercritical
825.36	309.00	132.07	0.0075720	564.73	798.71	5.9005	0.80563	1.0957	591.09	-0.023882	4.6506e-05	0.066382	supercritical
826.36	309.00	131.91	0.0075809	565.55	799.80	5.9018	0.80581	1.0958	591.38	-0.023965	4.6537e-05	0.066435	supercritical
827.36	309.00	131.76	0.0075897	566.38	800.90	5.9031	0.80600	1.0959	591.66	-0.024048	4.6569e-05	0.066487	supercritical
828.36	309.00	131.60	0.0075986	567.20	801.99	5.9044	0.80619	1.0960	591.95	-0.024130	4.6601e-05	0.066540	supercritical
829.36	309.00	131.45	0.0076074	568.02	803.09	5.9058	0.80637	1.0962	592.24	-0.024213	4.6632e-05	0.066593	supercritical
830.36	309.00	131.30	0.0076163	568.84	804.19	5.9071	0.80656	1.0963	592.52	-0.024295	4.6664e-05	0.066645	supercritical
831.36	309.00	131.15	0.0076251	569.67	805.28	5.9084	0.80675	1.0964	592.80	-0.024377	4.6696e-05	0.066698	supercritical
832.36	309.00	130.99	0.0076340	570.49	806.38	5.9097	0.80693	1.0965	593.09	-0.024458	4.6727e-05	0.066751	supercritical
833.36	309.00	130.84	0.0076428	571.31	807.48	5.9110	0.80712	1.0966	593.37	-0.024540	4.6759e-05	0.066803	supercritical
834.36	309.00	130.69	0.0076517	572.14	808.57	5.9123	0.80730	1.0967	593.66	-0.024621	4.6791e-05	0.066856	supercritical
835.36	309.00	130.54	0.0076605	572.96	809.67	5.9137	0.80749	1.0968	593.94	-0.024702	4.6822e-05	0.066909	supercritical
836.36	309.00	130.39	0.0076694	573.78	810.77	5.9150	0.80767	1.0969	594.23	-0.024783	4.6854e-05	0.066961	supercritical
837.36	309.00	130.24	0.0076782	574.61	811.86	5.9163	0.80786	1.0970	594.51	-0.024864	4.6885e-05	0.067014	supercritical
838.36	309.00	130.09	0.0076871	575.43	812.96	5.9176	0.80804	1.0971	594.79	-0.024944	4.6917e-05	0.067067	supercritical
839.36	309.00	129.94	0.0076959	576.25	814.06	5.9189	0.80822	1.0972	595.08	-0.025025	4.6948e-05	0.067119	supercritical
840.36	309.00	129.79	0.0077047	577.08	815.15	5.9202	0.80841	1.0973	595.36	-0.025105	4.6980e-05	0.067172	supercritical
841.36	309.00	129.64	0.0077136	577.90	816.25	5.9215	0.80859	1.0974	595.64	-0.025184	4.7012e-05	0.067225	supercritical
842.36	309.00	129.49	0.0077224	578.73	817.35	5.9228	0.80877	1.0975	595.93	-0.025264	4.7043e-05	0.067277	supercritical
843.36	309.00	129.35	0.0077313	579.55	818.45	5.9241	0.80895	1.0976	596.21	-0.025343	4.7075e-05	0.067330	supercritical
844.36	309.00	129.20	0.0077401	580.38	819.54	5.9254	0.80913	1.0977	596.49	-0.025423	4.7106e-05	0.067383	supercritical
845.36	309.00	129.05	0.0077489	581.20	820.64	5.9267	0.80932	1.0978	596.78	-0.025502	4.7138e-05	0.067435	supercritical
846.36	309.00	128.90	0.0077578	582.02	821.74	5.9280	0.80950	1.0980	597.06	-0.025580	4.7169e-05	0.067488	supercritical
847.36	309.00	128.76	0.0077666	582.85	822.84	5.9293	0.80968	1.0981	597.34	-0.025659	4.7201e-05	0.067541	supercritical
848.36	309.00	128.61	0.0077754	583.68	823.94	5.9306	0.80986	1.0982	597.62	-0.025737	4.7232e-05	0.067593	supercritical
849.36	309.00	128.46	0.0077843	584.50	825.03	5.9319	0.81004	1.0983	597.91	-0.025815	4.7264e-05	0.067646	supercritical
850.36	309.00	128.32	0.0077931	585.33	826.13	5.9332	0.81022	1.0984	598.19	-0.025893	4.7295e-05	0.067698	supercritical
851.36	309.00	128.17	0.0078019	586.15	827.23	5.9345	0.81040	1.0985	598.47	-0.025971	4.7326e-05	0.067751	supercritical
852.36	309.00	128.03	0.0078108	586.98	828.33	5.9358	0.81058	1.0986	598.75	-0.026049	4.7358e-05	0.067804	supercritical
853.36	309.00	127.88	0.0078196	587.80	829.43	5.9371	0.81075	1.0987	599.03	-0.026126	4.7389e-05	0.067856	supercritical
854.36	309.00	127.74	0.0078284	588.63	830.53	5.9383	0.81093	1.0988	599.31	-0.026203	4.7421e-05	0.067909	supercritical
855.36	309.00	127.60	0.0078372	589.46	831.63	5.9396	0.81111	1.0989	599.60	-0.026280	4.7452e-05	0.067961	supercritical
856.36	309.00	127.45	0.0078461	590.28	832.72	5.9409	0.81129	1.0990	599.88	-0.026357	4.7484e-05	0.068014	supercritical
857.36	309.00	127.31	0.0078549	591.11	833.82	5.9422	0.81147	1.0991	600.16	-0.026433	4.7515e-05	0.068067	supercritical
858.36	309.00	127.17	0.0078637	591.93	834.92	5.9435	0.81164	1.0992	600.44	-0.026510	4.7546e-05	0.068119	supercritical
859.36	309.00	127.02	0.0078725	592.76	836.02	5.9448	0.81182	1.0993	600.72	-0.026586	4.7578e-05	0.068172	supercritical
860.36	309.00	126.88	0.0078813	593.59	837.12	5.9460	0.81200	1.0994	601.00	-0.026662	4.7609e-05	0.068224	supercritical
861.36	309.00	126.74	0.0078902	594.42	838.22	5.9473	0.81217	1.0995	601.28	-0.026738	4.7640e-05	0.068277	supercritical
862.36	309.00	126.60	0.0078990	595.24	839.32	5.9486	0.81235	1.0996	601.56	-0.026813	4.7672e-05	0.068330	supercritical
863.36	309.00	126.46	0.0079078	596.07	840.42	5.9499	0.81252	1.0997	601.84	-0.026889	4.7703e-05	0.068382	supercritical
864.36	309.00	126.32	0.0079166	596.90	841.52	5.9511	0.81270	1.0998	602.12	-0.026964	4.7734e-05	0.068435	supercritical
865.36	309.00	126.18	0.0079254	597.72	842.62	5.9524	0.81288	1.1000	602.40	-0.027039	4.7766e-05	0.068487	supercritical
866.36	309.00	126.04	0.0079342	598.55	843.72	5.9537	0.81305	1.1001	602.68	-0.027114	4.7797e-05	0.068540	supercritical
867.36	309.00	125.90	0.0079431	599.38	844.82	5.9549	0.81322	1.1002	602.96	-0.027188	4.7828e-05	0.068593	supercritical
868.36	309.00	125.76	0.0079519	600.21	845.92	5.9562	0.81340	1.1003	603.24	-0.027263	4.7859e-05	0.068645	supercritical
869.36	309.00	125.62	0.0079607	601.04	847.02	5.9575	0.81357	1.1004	603.52	-0.027337	4.7891e-05	0.068698	supercritical
870.36	309.00	125.48	0.0079695	601.86	848.12	5.9587	0.81375	1.1005	603.80	-0.027411	4.7922e-05	0.068750	supercritical
871.36	309.00	125.34	0.0079783	602.69	849.22	5.9600	0.81392	1.1006	604.08	-0.027485	4.7953e-05	0.068803	supercritical
872.36	309.00	125.20	0.0079871	603.52	850.32	5.9613	0.81409	1.1007	604.35	-0.027559	4.7984e-05	0.068855	supercritical
873.36	309.00	125.06	0.0079959	604.35	851.42	5.9625	0.81426	1.1008	604.63	-0.027632	4.8016e-05	0.068908	supercritical
874.36	309.00	124.93	0.0080047	605.18	852.52	5.9638	0.81444	1.1009	604.91	-0.027705	4.8047e-05	0.068960	supercritical
875.36	309.00	124.79	0.0080135	606.01	853.62	5.9651	0.81461	1.1010	605.19	-0.027778	4.8078e-05	0.069013	supercritical
876.36	309.00	124.65	0.0080223	606.84	854.73	5.9663	0.81478	1.1011	605.47	-0.027851	4.8109e-05	0.069066	supercritical
877.36	309.00	124.52	0.0080311	607.66	855.83	5.9676	0.81495	1.1012	605.75	-0.027924	4.8140e-05	0.069118	supercritical
878.36	309.00	124.38	0.0080399	608.49	856.93	5.9688	0.81512	1.1013	606.02	-0.027997	4.8172e-05	0.069171	supercritical
879.36	309.00	124.24	0.0080487	609.32	858.03	5.9701	0.81529	1.1014	606.30	-0.028069	4.8203e-05	0.069223	supercritical
880.36	309.00	124.11	0.0080575	610.15	859.13	5.9713	0.81546	1.1015	606.58	-0.028141	4.8234e-05	0.069276	supercritical
881.36	309.00	123.97	0.0080663	610.98	860.23	5.9726	0.81563	1.1016	606.86	-0.028213	4.8265e-05	0.069328	supercritical
882.36	309.00	123.84	0.0080751	611.81	861.33	5.9738	0.81580	1.1017	607.13	-0.028285	4.8296e-05	0.069381	supercritical
883.36	309.00	123.70	0.0080839	612.64	862.44	5.9751	0.81597	1.1018	607.41	-0.028357	4.8327e-05	0.069433	supercritical
884.36	309.00	123.57	0.0080927	613.47	863.54	5.9763	0.81614	1.1019	607.69	-0.028428	4.8358e-05	0.069486	supercritical
885.36	309.00	123.43	0.0081015	614.30	864.64	5.9776	0.81631	1.1020	607.97	-0.028499	4.8390e-05	0.069538	supercritical
886.36	309.00	123.30	0.0081103	615.13	865.74	5.9788	0.81648	1.1021	608.24	-0.028571	4.8421e-05	0.069591	supercritical
887.36	309.00	123.17	0.0081191	615.96	866.84	5.9801	0.81665	1.1022	608.52	-0.028641	4.8452e-05	0.069643	supercritical
888.36	309.00	123.03	0.0081279	616.79	867.95	5.9813	0.81682	1.1023	608.80	-0.028712	4.8483e-05	0.069696	supercritical
889.36	309.00	122.90	0.0081367	617.62	869.05	5.9825	0.81698	1.1025	609.07	-0.028783	4.8514e-05	0.069748	supercritical
890.36	309.00	122.77	0.0081455	618.46	870.15	5.9838	0.81715	1.1026	609.35	-0.028853	4.8545e-05	0.069801	supercritical
891.36	309.00	122.63	0.0081543	619.29	871.25	5.9850	0.81732	1.1027	609.63	-0.028923	4.8576e-05	0.069853	supercritical
892.36	309.00	122.50	0.0081631	620.12	872.36	5.9862	0.81748	1.1028	609.90	-0.028993	4.8607e-05	0.069906	supercritical
893.36	309.00	122.37	0.0081719	620.95	873.46	5.9875	0.81765	1.1029	610.18	-0.029063	4.8638e-05	0.069958	supercritical
894.36	309.00	122.24	0.0081807	621.78	874.56	5.9887	0.81782	1.1030	610.45	-0.029133	4.8669e-05	0.070011	supercritical
895.36	309.00	122.11	0.0081894	622.61	875.67	5.9899	0.81798	1.1031	610.73	-0.029203	4.8700e-05	0.070063	supercritical
896.36	309.00	121.98	0.0081982	623.44	876.77	5.9912	0.81815	1.1032	611.00	-0.029272	4.8731e-05	0.070116	supercritical
897.36	309.00	121.85	0.0082070	624.28	877.87	5.9924	0.81831	1.1033	611.28	-0.029341	4.8762e-05	0.070168	supercritical
898.36	309.00	121.72	0.0082158	625.11	878.98	5.9936	0.81848	1.1034	611.55	-0.029410	4.8793e-05	0.070220	supercritical
899.36	309.00	121.59	0.0082246	625.94	880.08	5.9949	0.81864	1.1035	611.83	-0.029479	4.8824e-05	0.070273	supercritical
900.36	309.00	121.46	0.0082334	626.77	881.18	5.9961	0.81881	1.1036	612.10	-0.029548	4.8855e-05	0.070325	supercritical
901.36	309.00	121.33	0.0082422	627.60	882.29	5.9973	0.81897	1.1037	612.38	-0.029616	4.8886e-05	0.070378	supercritical
902.36	309.00	121.20	0.0082509	628.44	883.39	5.9985	0.81914	1.1038	612.65	-0.029684	4.8917e-05	0.070430	supercritical
903.36	309.00	121.07	0.0082597	629.27	884.49	5.9998	0.81930	1.1039	612.93	-0.029753	4.8948e-05	0.070483	supercritical
904.36	309.00	120.94	0.0082685	630.10	885.60	6.0010	0.81946	1.1040	613.20	-0.029821	4.8979e-05	0.070535	supercritical
905.36	309.00	120.81	0.0082773	630.93	886.70	6.0022	0.81963	1.1041	613.48	-0.029888	4.9009e-05	0.070588	supercritical
906.36	309.00	120.68	0.0082860	631.77	887.81	6.0034	0.81979	1.1042	613.75	-0.029956	4.9040e-05	0.070640	supercritical
907.36	309.00	120.56	0.0082948	632.60	888.91	6.0046	0.81995	1.1043	614.03	-0.030024	4.9071e-05	0.070692	supercritical
908.36	309.00	120.43	0.0083036	633.43	890.01	6.0059	0.82011	1.1044	614.30	-0.030091	4.9102e-05	0.070745	supercritical
909.36	309.00	120.30	0.0083124	634.27	891.12	6.0071	0.82027	1.1045	614.57	-0.030158	4.9133e-05	0.070797	supercritical
910.36	309.00	120.18	0.0083211	635.10	892.22	6.0083	0.82044	1.1046	614.85	-0.030225	4.9164e-05	0.070850	supercritical
911.36	309.00	120.05	0.0083299	635.93	893.33	6.0095	0.82060	1.1047	615.12	-0.030292	4.9195e-05	0.070902	supercritical
912.36	309.00	119.92	0.0083387	636.77	894.43	6.0107	0.82076	1.1048	615.39	-0.030359	4.9225e-05	0.070954	supercritical
913.36	309.00	119.80	0.0083475	637.60	895.54	6.0119	0.82092	1.1049	615.67	-0.030425	4.9256e-05	0.071007	supercritical
914.36	309.00	119.67	0.0083562	638.43	896.64	6.0131	0.82108	1.1050	615.94	-0.030491	4.9287e-05	0.071059	supercritical
915.36	309.00	119.55	0.0083650	639.27	897.75	6.0143	0.82124	1.1051	616.21	-0.030558	4.9318e-05	0.071112	supercritical
916.36	309.00	119.42	0.0083738	640.10	898.85	6.0155	0.82140	1.1052	616.48	-0.030624	4.9349e-05	0.071164	supercritical
917.36	309.00	119.30	0.0083825	640.94	899.96	6.0168	0.82156	1.1053	616.76	-0.030690	4.9379e-05	0.071216	supercritical
918.36	309.00	119.17	0.0083913	641.77	901.06	6.0180	0.82172	1.1054	617.03	-0.030755	4.9410e-05	0.071269	supercritical
919.36	309.00	119.05	0.0084001	642.61	902.17	6.0192	0.82188	1.1055	617.30	-0.030821	4.9441e-05	0.071321	supercritical
920.36	309.00	118.92	0.0084088	643.44	903.27	6.0204	0.82204	1.1056	617.57	-0.030886	4.9472e-05	0.071373	supercritical
921.36	309.00	118.80	0.0084176	644.28	904.38	6.0216	0.82219	1.1057	617.85	-0.030951	4.9502e-05	0.071426	supercritical
922.36	309.00	118.68	0.0084264	645.11	905.49	6.0228	0.82235	1.1058	618.12	-0.031016	4.9533e-05	0.071478	supercritical
923.36	309.00	118.55	0.0084351	645.95	906.59	6.0240	0.82251	1.1059	618.39	-0.031081	4.9564e-05	0.071530	supercritical
924.36	309.00	118.43	0.0084439	646.78	907.70	6.0252	0.82267	1.1060	618.66	-0.031146	4.9595e-05	0.071583	supercritical
925.36	309.00	118.31	0.0084527	647.62	908.80	6.0264	0.82283	1.1061	618.93	-0.031211	4.9625e-05	0.071635	supercritical
926.36	309.00	118.18	0.0084614	648.45	909.91	6.0275	0.82298	1.1062	619.21	-0.031275	4.9656e-05	0.071687	supercritical
927.36	309.00	118.06	0.0084702	649.29	911.02	6.0287	0.82314	1.1063	619.48	-0.031339	4.9687e-05	0.071740	supercritical
928.36	309.00	117.94	0.0084789	650.12	912.12	6.0299	0.82330	1.1064	619.75	-0.031404	4.9717e-05	0.071792	supercritical
929.36	309.00	117.82	0.0084877	650.96	913.23	6.0311	0.82345	1.1065	620.02	-0.031468	4.9748e-05	0.071844	supercritical
930.36	309.00	117.70	0.0084965	651.80	914.34	6.0323	0.82361	1.1066	620.29	-0.031531	4.9779e-05	0.071897	supercritical
931.36	309.00	117.57	0.0085052	652.63	915.44	6.0335	0.82376	1.1067	620.56	-0.031595	4.9809e-05	0.071949	supercritical
932.36	309.00	117.45	0.0085140	653.47	916.55	6.0347	0.82392	1.1068	620.83	-0.031659	4.9840e-05	0.072001	supercritical
933.36	309.00	117.33	0.0085227	654.30	917.66	6.0359	0.82407	1.1069	621.10	-0.031722	4.9871e-05	0.072054	supercritical
934.36	309.00	117.21	0.0085315	655.14	918.76	6.0371	0.82423	1.1070	621.37	-0.031785	4.9901e-05	0.072106	supercritical
935.36	309.00	117.09	0.0085402	655.98	919.87	6.0382	0.82438	1.1071	621.64	-0.031848	4.9932e-05	0.072158	supercritical
936.36	309.00	116.97	0.0085490	656.81	920.98	6.0394	0.82454	1.1072	621.91	-0.031911	4.9962e-05	0.072211	supercritical
937.36	309.00	116.85	0.0085577	657.65	922.08	6.0406	0.82469	1.1073	622.18	-0.031974	4.9993e-05	0.072263	supercritical
938.36	309.00	116.73	0.0085665	658.49	923.19	6.0418	0.82484	1.1074	622.45	-0.032036	5.0024e-05	0.072315	supercritical
939.36	309.00	116.61	0.0085752	659.32	924.30	6.0430	0.82500	1.1075	622.72	-0.032099	5.0054e-05	0.072367	supercritical
940.36	309.00	116.50	0.0085840	660.16	925.41	6.0442	0.82515	1.1076	622.99	-0.032161	5.0085e-05	0.072420	supercritical
941.36	309.00	116.38	0.0085927	661.00	926.51	6.0453	0.82530	1.1077	623.26	-0.032223	5.0115e-05	0.072472	supercritical
942.36	309.00	116.26	0.0086015	661.84	927.62	6.0465	0.82546	1.1078	623.53	-0.032285	5.0146e-05	0.072524	supercritical
943.36	309.00	116.14	0.0086102	662.67	928.73	6.0477	0.82561	1.1079	623.80	-0.032347	5.0176e-05	0.072576	supercritical
944.36	309.00	116.02	0.0086190	663.51	929.84	6.0489	0.82576	1.1080	624.07	-0.032409	5.0207e-05	0.072629	supercritical
945.36	309.00	115.91	0.0086277	664.35	930.95	6.0500	0.82591	1.1081	624.34	-0.032471	5.0237e-05	0.072681	supercritical
946.36	309.00	115.79	0.0086365	665.19	932.05	6.0512	0.82607	1.1082	624.61	-0.032532	5.0268e-05	0.072733	supercritical
947.36	309.00	115.67	0.0086452	666.03	933.16	6.0524	0.82622	1.1083	624.88	-0.032593	5.0298e-05	0.072785	supercritical
948.36	309.00	115.55	0.0086540	666.86	934.27	6.0535	0.82637	1.1084	625.15	-0.032654	5.0329e-05	0.072838	supercritical
949.36	309.00	115.44	0.0086627	667.70	935.38	6.0547	0.82652	1.1085	625.41	-0.032715	5.0359e-05	0.072890	supercritical
950.36	309.00	115.32	0.0086715	668.54	936.49	6.0559	0.82667	1.1086	625.68	-0.032776	5.0390e-05	0.072942	supercritical
951.36	309.00	115.20	0.0086802	669.38	937.60	6.0570	0.82682	1.1087	625.95	-0.032837	5.0420e-05	0.072994	supercritical
952.36	309.00	115.09	0.0086889	670.22	938.71	6.0582	0.82697	1.1088	626.22	-0.032898	5.0451e-05	0.073047	supercritical
953.36	309.00	114.97	0.0086977	671.06	939.81	6.0594	0.82712	1.1089	626.49	-0.032958	5.0481e-05	0.073099	supercritical
954.36	309.00	114.86	0.0087064	671.90	940.92	6.0605	0.82727	1.1090	626.75	-0.033018	5.0511e-05	0.073151	supercritical
955.36	309.00	114.74	0.0087152	672.73	942.03	6.0617	0.82742	1.1091	627.02	-0.033078	5.0542e-05	0.073203	supercritical
956.36	309.00	114.63	0.0087239	673.57	943.14	6.0629	0.82757	1.1092	627.29	-0.033138	5.0572e-05	0.073255	supercritical
957.36	309.00	114.51	0.0087326	674.41	944.25	6.0640	0.82772	1.1093	627.56	-0.033198	5.0603e-05	0.073308	supercritical
958.36	309.00	114.40	0.0087414	675.25	945.36	6.0652	0.82786	1.1094	627.83	-0.033258	5.0633e-05	0.073360	supercritical
959.36	309.00	114.28	0.0087501	676.09	946.47	6.0663	0.82801	1.1095	628.09	-0.033318	5.0663e-05	0.073412	supercritical
960.36	309.00	114.17	0.0087588	676.93	947.58	6.0675	0.82816	1.1096	628.36	-0.033377	5.0694e-05	0.073464	supercritical
961.36	309.00	114.06	0.0087676	677.77	948.69	6.0686	0.82831	1.1097	628.63	-0.033436	5.0724e-05	0.073516	supercritical
962.36	309.00	113.94	0.0087763	678.61	949.80	6.0698	0.82846	1.1098	628.89	-0.033496	5.0755e-05	0.073568	supercritical
963.36	309.00	113.83	0.0087850	679.45	950.91	6.0709	0.82860	1.1099	629.16	-0.033555	5.0785e-05	0.073621	supercritical
964.36	309.00	113.72	0.0087938	680.29	952.02	6.0721	0.82875	1.1100	629.43	-0.033613	5.0815e-05	0.073673	supercritical
965.36	309.00	113.60	0.0088025	681.13	953.13	6.0732	0.82890	1.1101	629.69	-0.033672	5.0846e-05	0.073725	supercritical
966.36	309.00	113.49	0.0088112	681.97	954.24	6.0744	0.82904	1.1102	629.96	-0.033731	5.0876e-05	0.073777	supercritical
967.36	309.00	113.38	0.0088200	682.81	955.35	6.0755	0.82919	1.1103	630.23	-0.033789	5.0906e-05	0.073829	supercritical
968.36	309.00	113.27	0.0088287	683.65	956.46	6.0767	0.82933	1.1104	630.49	-0.033848	5.0936e-05	0.073881	supercritical
969.36	309.00	113.16	0.0088374	684.49	957.57	6.0778	0.82948	1.1105	630.76	-0.033906	5.0967e-05	0.073933	supercritical
970.36	309.00	113.04	0.0088461	685.33	958.68	6.0790	0.82963	1.1106	631.02	-0.033964	5.0997e-05	0.073985	supercritical
971.36	309.00	112.93	0.0088549	686.18	959.79	6.0801	0.82977	1.1107	631.29	-0.034022	5.1027e-05	0.074038	supercritical
972.36	309.00	112.82	0.0088636	687.02	960.90	6.0813	0.82992	1.1108	631.56	-0.034080	5.1057e-05	0.074090	supercritical
973.36	309.00	112.71	0.0088723	687.86	962.01	6.0824	0.83006	1.1109	631.82	-0.034137	5.1088e-05	0.074142	supercritical
974.36	309.00	112.60	0.0088811	688.70	963.12	6.0836	0.83020	1.1110	632.09	-0.034195	5.1118e-05	0.074194	supercritical
975.36	309.00	112.49	0.0088898	689.54	964.23	6.0847	0.83035	1.1111	632.35	-0.034252	5.1148e-05	0.074246	supercritical
976.36	309.00	112.38	0.0088985	690.38	965.35	6.0858	0.83049	1.1112	632.62	-0.034310	5.1178e-05	0.074298	supercritical
977.36	309.00	112.27	0.0089072	691.22	966.46	6.0870	0.83064	1.1113	632.88	-0.034367	5.1209e-05	0.074350	supercritical
978.36	309.00	112.16	0.0089159	692.07	967.57	6.0881	0.83078	1.1114	633.15	-0.034424	5.1239e-05	0.074402	supercritical
979.36	309.00	112.05	0.0089247	692.91	968.68	6.0892	0.83092	1.1115	633.41	-0.034481	5.1269e-05	0.074454	supercritical
980.36	309.00	111.94	0.0089334	693.75	969.79	6.0904	0.83107	1.1115	633.68	-0.034537	5.1299e-05	0.074506	supercritical
981.36	309.00	111.83	0.0089421	694.59	970.90	6.0915	0.83121	1.1116	633.94	-0.034594	5.1329e-05	0.074558	supercritical
982.36	309.00	111.72	0.0089508	695.43	972.01	6.0926	0.83135	1.1117	634.21	-0.034650	5.1359e-05	0.074611	supercritical
983.36	309.00	111.61	0.0089595	696.28	973.13	6.0938	0.83149	1.1118	634.47	-0.034707	5.1390e-05	0.074663	supercritical
984.36	309.00	111.50	0.0089683	697.12	974.24	6.0949	0.83164	1.1119	634.74	-0.034763	5.1420e-05	0.074715	supercritical
985.36	309.00	111.40	0.0089770	697.96	975.35	6.0960	0.83178	1.1120	635.00	-0.034819	5.1450e-05	0.074767	supercritical
986.36	309.00	111.29	0.0089857	698.80	976.46	6.0972	0.83192	1.1121	635.26	-0.034875	5.1480e-05	0.074819	supercritical
987.36	309.00	111.18	0.0089944	699.65	977.57	6.0983	0.83206	1.1122	635.53	-0.034931	5.1510e-05	0.074871	supercritical
988.36	309.00	111.07	0.0090031	700.49	978.69	6.0994	0.83220	1.1123	635.79	-0.034987	5.1540e-05	0.074923	supercritical
989.36	309.00	110.97	0.0090118	701.33	979.80	6.1005	0.83234	1.1124	636.05	-0.035042	5.1570e-05	0.074975	supercritical
990.36	309.00	110.86	0.0090206	702.18	980.91	6.1017	0.83248	1.1125	636.32	-0.035098	5.1600e-05	0.075027	supercritical
991.36	309.00	110.75	0.0090293	703.02	982.02	6.1028	0.83262	1.1126	636.58	-0.035153	5.1630e-05	0.075079	supercritical
992.36	309.00	110.64	0.0090380	703.86	983.14	6.1039	0.83276	1.1127	636.84	-0.035208	5.1661e-05	0.075131	supercritical
993.36	309.00	110.54	0.0090467	704.71	984.25	6.1050	0.83290	1.1128	637.11	-0.035263	5.1691e-05	0.075183	supercritical
994.36	309.00	110.43	0.0090554	705.55	985.36	6.1061	0.83304	1.1129	637.37	-0.035318	5.1721e-05	0.075235	supercritical
995.36	309.00	110.33	0.0090641	706.39	986.48	6.1073	0.83318	1.1130	637.63	-0.035373	5.1751e-05	0.075287	supercritical
996.36	309.00	110.22	0.0090728	707.24	987.59	6.1084	0.83332	1.1131	637.90	-0.035428	5.1781e-05	0.075339	supercritical
997.36	309.00	110.11	0.0090815	708.08	988.70	6.1095	0.83346	1.1132	638.16	-0.035483	5.1811e-05	0.075391	supercritical
998.36	309.00	110.01	0.0090903	708.93	989.81	6.1106	0.83360	1.1133	638.42	-0.035537	5.1841e-05	0.075443	supercritical
999.36	309.00	109.90	0.0090990	709.77	990.93	6.1117	0.83374	1.1134	638.68	-0.035591	5.1871e-05	0.075495	supercritical
1000.4	309.00	109.80	0.0091077	710.61	992.04	6.1128	0.83387	1.1135	638.95	-0.035646	5.1901e-05	0.075547	supercritical
1001.4	309.00	109.69	0.0091164	711.46	993.15	6.1140	0.83401	1.1135	639.21	-0.035700	5.1931e-05	0.075599	supercritical
1002.4	309.00	109.59	0.0091251	712.30	994.27	6.1151	0.83415	1.1136	639.47	-0.035754	5.1961e-05	0.075651	supercritical
1003.4	309.00	109.48	0.0091338	713.15	995.38	6.1162	0.83429	1.1137	639.73	-0.035808	5.1991e-05	0.075703	supercritical
1004.4	309.00	109.38	0.0091425	713.99	996.50	6.1173	0.83442	1.1138	640.00	-0.035861	5.2021e-05	0.075755	supercritical
1005.4	309.00	109.28	0.0091512	714.84	997.61	6.1184	0.83456	1.1139	640.26	-0.035915	5.2051e-05	0.075806	supercritical
1006.4	309.00	109.17	0.0091599	715.68	998.72	6.1195	0.83470	1.1140	640.52	-0.035968	5.2080e-05	0.075858	supercritical
1007.4	309.00	109.07	0.0091686	716.53	999.84	6.1206	0.83484	1.1141	640.78	-0.036022	5.2110e-05	0.075910	supercritical
1008.4	309.00	108.96	0.0091773	717.37	1001.0	6.1217	0.83497	1.1142	641.04	-0.036075	5.2140e-05	0.075962	supercritical
1009.4	309.00	108.86	0.0091860	718.22	1002.1	6.1228	0.83511	1.1143	641.30	-0.036128	5.2170e-05	0.076014	supercritical
1010.4	309.00	108.76	0.0091947	719.06	1003.2	6.1239	0.83524	1.1144	641.56	-0.036181	5.2200e-05	0.076066	supercritical
1011.4	309.00	108.66	0.0092034	719.91	1004.3	6.1250	0.83538	1.1145	641.82	-0.036234	5.2230e-05	0.076118	supercritical
1012.4	309.00	108.55	0.0092121	720.76	1005.4	6.1261	0.83551	1.1146	642.09	-0.036287	5.2260e-05	0.076170	supercritical
1013.4	309.00	108.45	0.0092208	721.60	1006.5	6.1272	0.83565	1.1147	642.35	-0.036340	5.2290e-05	0.076222	supercritical
1014.4	309.00	108.35	0.0092295	722.45	1007.6	6.1283	0.83578	1.1148	642.61	-0.036392	5.2320e-05	0.076274	supercritical
1015.4	309.00	108.25	0.0092382	723.29	1008.8	6.1294	0.83592	1.1149	642.87	-0.036445	5.2350e-05	0.076326	supercritical
1016.4	309.00	108.14	0.0092469	724.14	1009.9	6.1305	0.83605	1.1149	643.13	-0.036497	5.2379e-05	0.076377	supercritical
1017.4	309.00	108.04	0.0092556	724.99	1011.0	6.1316	0.83619	1.1150	643.39	-0.036549	5.2409e-05	0.076429	supercritical
1018.4	309.00	107.94	0.0092643	725.83	1012.1	6.1327	0.83632	1.1151	643.65	-0.036601	5.2439e-05	0.076481	supercritical
1019.4	309.00	107.84	0.0092730	726.68	1013.2	6.1338	0.83646	1.1152	643.91	-0.036653	5.2469e-05	0.076533	supercritical
1020.4	309.00	107.74	0.0092817	727.52	1014.3	6.1349	0.83659	1.1153	644.17	-0.036705	5.2499e-05	0.076585	supercritical
1021.4	309.00	107.64	0.0092904	728.37	1015.4	6.1360	0.83672	1.1154	644.43	-0.036757	5.2528e-05	0.076637	supercritical
1022.4	309.00	107.54	0.0092991	729.22	1016.6	6.1371	0.83686	1.1155	644.69	-0.036808	5.2558e-05	0.076689	supercritical
1023.4	309.00	107.44	0.0093078	730.06	1017.7	6.1382	0.83699	1.1156	644.95	-0.036860	5.2588e-05	0.076740	supercritical
1024.4	309.00	107.34	0.0093165	730.91	1018.8	6.1393	0.83712	1.1157	645.21	-0.036911	5.2618e-05	0.076792	supercritical
1025.4	309.00	107.24	0.0093252	731.76	1019.9	6.1404	0.83725	1.1158	645.47	-0.036963	5.2648e-05	0.076844	supercritical
1026.4	309.00	107.14	0.0093339	732.61	1021.0	6.1414	0.83739	1.1159	645.73	-0.037014	5.2677e-05	0.076896	supercritical
1027.4	309.00	107.04	0.0093426	733.45	1022.1	6.1425	0.83752	1.1160	645.99	-0.037065	5.2707e-05	0.076948	supercritical
1028.4	309.00	106.94	0.0093512	734.30	1023.3	6.1436	0.83765	1.1161	646.25	-0.037116	5.2737e-05	0.077000	supercritical
1029.4	309.00	106.84	0.0093599	735.15	1024.4	6.1447	0.83778	1.1161	646.50	-0.037167	5.2767e-05	0.077051	supercritical
1030.4	309.00	106.74	0.0093686	736.00	1025.5	6.1458	0.83791	1.1162	646.76	-0.037217	5.2796e-05	0.077103	supercritical
1031.4	309.00	106.64	0.0093773	736.84	1026.6	6.1469	0.83805	1.1163	647.02	-0.037268	5.2826e-05	0.077155	supercritical
1032.4	309.00	106.54	0.0093860	737.69	1027.7	6.1479	0.83818	1.1164	647.28	-0.037318	5.2856e-05	0.077207	supercritical
1033.4	309.00	106.44	0.0093947	738.54	1028.8	6.1490	0.83831	1.1165	647.54	-0.037369	5.2885e-05	0.077259	supercritical
1034.4	309.00	106.34	0.0094034	739.39	1030.0	6.1501	0.83844	1.1166	647.80	-0.037419	5.2915e-05	0.077310	supercritical
1035.4	309.00	106.25	0.0094121	740.24	1031.1	6.1512	0.83857	1.1167	648.06	-0.037469	5.2945e-05	0.077362	supercritical
1036.4	309.00	106.15	0.0094207	741.08	1032.2	6.1523	0.83870	1.1168	648.31	-0.037519	5.2974e-05	0.077414	supercritical
1037.4	309.00	106.05	0.0094294	741.93	1033.3	6.1533	0.83883	1.1169	648.57	-0.037569	5.3004e-05	0.077466	supercritical
1038.4	309.00	105.95	0.0094381	742.78	1034.4	6.1544	0.83896	1.1170	648.83	-0.037619	5.3034e-05	0.077517	supercritical
1039.4	309.00	105.86	0.0094468	743.63	1035.5	6.1555	0.83909	1.1171	649.09	-0.037669	5.3063e-05	0.077569	supercritical
1040.4	309.00	105.76	0.0094555	744.48	1036.7	6.1566	0.83922	1.1171	649.35	-0.037718	5.3093e-05	0.077621	supercritical
1041.4	309.00	105.66	0.0094642	745.33	1037.8	6.1576	0.83935	1.1172	649.60	-0.037768	5.3123e-05	0.077673	supercritical
1042.4	309.00	105.56	0.0094729	746.18	1038.9	6.1587	0.83948	1.1173	649.86	-0.037817	5.3152e-05	0.077724	supercritical
1043.4	309.00	105.47	0.0094815	747.03	1040.0	6.1598	0.83960	1.1174	650.12	-0.037867	5.3182e-05	0.077776	supercritical
1044.4	309.00	105.37	0.0094902	747.88	1041.1	6.1609	0.83973	1.1175	650.38	-0.037916	5.3211e-05	0.077828	supercritical
1045.4	309.00	105.28	0.0094989	748.72	1042.2	6.1619	0.83986	1.1176	650.63	-0.037965	5.3241e-05	0.077880	supercritical
1046.4	309.00	105.18	0.0095076	749.57	1043.4	6.1630	0.83999	1.1177	650.89	-0.038014	5.3271e-05	0.077931	supercritical
1047.4	309.00	105.08	0.0095163	750.42	1044.5	6.1641	0.84012	1.1178	651.15	-0.038063	5.3300e-05	0.077983	supercritical
1048.4	309.00	104.99	0.0095249	751.27	1045.6	6.1651	0.84024	1.1179	651.40	-0.038112	5.3330e-05	0.078035	supercritical
1049.4	309.00	104.89	0.0095336	752.12	1046.7	6.1662	0.84037	1.1180	651.66	-0.038160	5.3359e-05	0.078086	supercritical
1050.4	309.00	104.80	0.0095423	752.97	1047.8	6.1673	0.84050	1.1180	651.92	-0.038209	5.3389e-05	0.078138	supercritical
1051.4	309.00	104.70	0.0095510	753.82	1048.9	6.1683	0.84063	1.1181	652.17	-0.038257	5.3418e-05	0.078190	supercritical
1052.4	309.00	104.61	0.0095596	754.67	1050.1	6.1694	0.84075	1.1182	652.43	-0.038306	5.3448e-05	0.078242	supercritical
1053.4	309.00	104.51	0.0095683	755.52	1051.2	6.1704	0.84088	1.1183	652.69	-0.038354	5.3477e-05	0.078293	supercritical
1054.4	309.00	104.42	0.0095770	756.37	1052.3	6.1715	0.84101	1.1184	652.94	-0.038402	5.3507e-05	0.078345	supercritical
1055.4	309.00	104.32	0.0095857	757.22	1053.4	6.1726	0.84113	1.1185	653.20	-0.038450	5.3536e-05	0.078397	supercritical
1056.4	309.00	104.23	0.0095944	758.07	1054.5	6.1736	0.84126	1.1186	653.46	-0.038498	5.3566e-05	0.078448	supercritical
1057.4	309.00	104.13	0.0096030	758.92	1055.7	6.1747	0.84138	1.1187	653.71	-0.038546	5.3595e-05	0.078500	supercritical
1058.4	309.00	104.04	0.0096117	759.78	1056.8	6.1757	0.84151	1.1188	653.97	-0.038594	5.3625e-05	0.078552	supercritical
1059.4	309.00	103.95	0.0096204	760.63	1057.9	6.1768	0.84164	1.1189	654.22	-0.038641	5.3654e-05	0.078603	supercritical
1060.4	309.00	103.85	0.0096290	761.48	1059.0	6.1779	0.84176	1.1189	654.48	-0.038689	5.3684e-05	0.078655	supercritical
1061.4	309.00	103.76	0.0096377	762.33	1060.1	6.1789	0.84189	1.1190	654.73	-0.038736	5.3713e-05	0.078706	supercritical
1062.4	309.00	103.67	0.0096464	763.18	1061.3	6.1800	0.84201	1.1191	654.99	-0.038783	5.3743e-05	0.078758	supercritical
1063.4	309.00	103.57	0.0096551	764.03	1062.4	6.1810	0.84214	1.1192	655.24	-0.038831	5.3772e-05	0.078810	supercritical
1064.4	309.00	103.48	0.0096637	764.88	1063.5	6.1821	0.84226	1.1193	655.50	-0.038878	5.3802e-05	0.078861	supercritical
1065.4	309.00	103.39	0.0096724	765.73	1064.6	6.1831	0.84238	1.1194	655.76	-0.038925	5.3831e-05	0.078913	supercritical
1066.4	309.00	103.29	0.0096811	766.58	1065.7	6.1842	0.84251	1.1195	656.01	-0.038972	5.3860e-05	0.078965	supercritical
1067.4	309.00	103.20	0.0096897	767.44	1066.8	6.1852	0.84263	1.1196	656.26	-0.039019	5.3890e-05	0.079016	supercritical
1068.4	309.00	103.11	0.0096984	768.29	1068.0	6.1863	0.84276	1.1197	656.52	-0.039065	5.3919e-05	0.079068	supercritical
1069.4	309.00	103.02	0.0097071	769.14	1069.1	6.1873	0.84288	1.1197	656.77	-0.039112	5.3949e-05	0.079119	supercritical
1070.4	309.00	102.93	0.0097157	769.99	1070.2	6.1884	0.84300	1.1198	657.03	-0.039158	5.3978e-05	0.079171	supercritical
1071.4	309.00	102.83	0.0097244	770.84	1071.3	6.1894	0.84313	1.1199	657.28	-0.039205	5.4007e-05	0.079223	supercritical
1072.4	309.00	102.74	0.0097331	771.70	1072.4	6.1905	0.84325	1.1200	657.54	-0.039251	5.4037e-05	0.079274	supercritical
1073.4	309.00	102.65	0.0097417	772.55	1073.6	6.1915	0.84337	1.1201	657.79	-0.039297	5.4066e-05	0.079326	supercritical
1074.4	309.00	102.56	0.0097504	773.40	1074.7	6.1925	0.84349	1.1202	658.05	-0.039344	5.4095e-05	0.079377	supercritical
1075.4	309.00	102.47	0.0097591	774.25	1075.8	6.1936	0.84362	1.1203	658.30	-0.039390	5.4125e-05	0.079429	supercritical
1076.4	309.00	102.38	0.0097677	775.11	1076.9	6.1946	0.84374	1.1204	658.55	-0.039436	5.4154e-05	0.079480	supercritical
1077.4	309.00	102.29	0.0097764	775.96	1078.0	6.1957	0.84386	1.1204	658.81	-0.039481	5.4183e-05	0.079532	supercritical
1078.4	309.00	102.20	0.0097851	776.81	1079.2	6.1967	0.84398	1.1205	659.06	-0.039527	5.4213e-05	0.079583	supercritical
1079.4	309.00	102.11	0.0097937	777.66	1080.3	6.1977	0.84410	1.1206	659.31	-0.039573	5.4242e-05	0.079635	supercritical
1080.4	309.00	102.02	0.0098024	778.52	1081.4	6.1988	0.84423	1.1207	659.57	-0.039618	5.4271e-05	0.079686	supercritical
1081.4	309.00	101.93	0.0098111	779.37	1082.5	6.1998	0.84435	1.1208	659.82	-0.039664	5.4301e-05	0.079738	supercritical
1082.4	309.00	101.84	0.0098197	780.22	1083.7	6.2009	0.84447	1.1209	660.07	-0.039709	5.4330e-05	0.079790	supercritical
1083.4	309.00	101.75	0.0098284	781.08	1084.8	6.2019	0.84459	1.1210	660.33	-0.039754	5.4359e-05	0.079841	supercritical
1084.4	309.00	101.66	0.0098370	781.93	1085.9	6.2029	0.84471	1.1210	660.58	-0.039800	5.4388e-05	0.079893	supercritical
1085.4	309.00	101.57	0.0098457	782.78	1087.0	6.2040	0.84483	1.1211	660.83	-0.039845	5.4418e-05	0.079944	supercritical
1086.4	309.00	101.48	0.0098544	783.64	1088.1	6.2050	0.84495	1.1212	661.09	-0.039890	5.4447e-05	0.079996	supercritical
1087.4	309.00	101.39	0.0098630	784.49	1089.3	6.2060	0.84507	1.1213	661.34	-0.039935	5.4476e-05	0.080047	supercritical
1088.4	309.00	101.30	0.0098717	785.34	1090.4	6.2071	0.84519	1.1214	661.59	-0.039979	5.4505e-05	0.080099	supercritical
1089.4	309.00	101.21	0.0098803	786.20	1091.5	6.2081	0.84531	1.1215	661.84	-0.040024	5.4534e-05	0.080150	supercritical
1090.4	309.00	101.12	0.0098890	787.05	1092.6	6.2091	0.84543	1.1216	662.10	-0.040069	5.4564e-05	0.080201	supercritical
1091.4	309.00	101.03	0.0098977	787.91	1093.7	6.2101	0.84555	1.1217	662.35	-0.040113	5.4593e-05	0.080253	supercritical
1092.4	309.00	100.95	0.0099063	788.76	1094.9	6.2112	0.84567	1.1217	662.60	-0.040158	5.4622e-05	0.080304	supercritical
1093.4	309.00	100.86	0.0099150	789.62	1096.0	6.2122	0.84579	1.1218	662.85	-0.040202	5.4651e-05	0.080356	supercritical
1094.4	309.00	100.77	0.0099236	790.47	1097.1	6.2132	0.84591	1.1219	663.10	-0.040246	5.4680e-05	0.080407	supercritical
1095.4	309.00	100.68	0.0099323	791.32	1098.2	6.2142	0.84603	1.1220	663.36	-0.040290	5.4710e-05	0.080459	supercritical
1096.4	309.00	100.59	0.0099409	792.18	1099.4	6.2153	0.84614	1.1221	663.61	-0.040334	5.4739e-05	0.080510	supercritical
1097.4	309.00	100.51	0.0099496	793.03	1100.5	6.2163	0.84626	1.1222	663.86	-0.040378	5.4768e-05	0.080562	supercritical
1098.4	309.00	100.42	0.0099582	793.89	1101.6	6.2173	0.84638	1.1223	664.11	-0.040422	5.4797e-05	0.080613	supercritical
1099.4	309.00	100.33	0.0099669	794.74	1102.7	6.2183	0.84650	1.1223	664.36	-0.040466	5.4826e-05	0.080664	supercritical
1100.4	309.00	100.25	0.0099755	795.60	1103.8	6.2194	0.84662	1.1224	664.61	-0.040510	5.4855e-05	0.080716	supercritical
1101.4	309.00	100.16	0.0099842	796.45	1105.0	6.2204	0.84673	1.1225	664.87	-0.040553	5.4884e-05	0.080767	supercritical
1102.4	309.00	100.07	0.0099928	797.31	1106.1	6.2214	0.84685	1.1226	665.12	-0.040597	5.4913e-05	0.080819	supercritical
1103.4	309.00	99.985	0.010001	798.16	1107.2	6.2224	0.84697	1.1227	665.37	-0.040640	5.4943e-05	0.080870	supercritical
1104.4	309.00	99.899	0.010010	799.02	1108.3	6.2234	0.84709	1.1228	665.62	-0.040683	5.4972e-05	0.080922	supercritical
1105.4	309.00	99.812	0.010019	799.87	1109.5	6.2244	0.84720	1.1229	665.87	-0.040727	5.5001e-05	0.080973	supercritical
1106.4	309.00	99.726	0.010027	800.73	1110.6	6.2255	0.84732	1.1229	666.12	-0.040770	5.5030e-05	0.081024	supercritical
1107.4	309.00	99.640	0.010036	801.59	1111.7	6.2265	0.84744	1.1230	666.37	-0.040813	5.5059e-05	0.081076	supercritical
1108.4	309.00	99.555	0.010045	802.44	1112.8	6.2275	0.84755	1.1231	666.62	-0.040856	5.5088e-05	0.081127	supercritical
1109.4	309.00	99.469	0.010053	803.30	1113.9	6.2285	0.84767	1.1232	666.87	-0.040899	5.5117e-05	0.081178	supercritical
1110.4	309.00	99.383	0.010062	804.15	1115.1	6.2295	0.84779	1.1233	667.12	-0.040941	5.5146e-05	0.081230	supercritical
1111.4	309.00	99.298	0.010071	805.01	1116.2	6.2305	0.84790	1.1234	667.37	-0.040984	5.5175e-05	0.081281	supercritical
1112.4	309.00	99.213	0.010079	805.87	1117.3	6.2315	0.84802	1.1234	667.62	-0.041027	5.5204e-05	0.081332	supercritical
1113.4	309.00	99.128	0.010088	806.72	1118.4	6.2325	0.84813	1.1235	667.87	-0.041069	5.5233e-05	0.081384	supercritical
1114.4	309.00	99.043	0.010097	807.58	1119.6	6.2336	0.84825	1.1236	668.12	-0.041112	5.5262e-05	0.081435	supercritical
1115.4	309.00	98.958	0.010105	808.44	1120.7	6.2346	0.84836	1.1237	668.37	-0.041154	5.5291e-05	0.081486	supercritical
1116.4	309.00	98.874	0.010114	809.29	1121.8	6.2356	0.84848	1.1238	668.62	-0.041196	5.5320e-05	0.081538	supercritical
1117.4	309.00	98.789	0.010123	810.15	1122.9	6.2366	0.84859	1.1239	668.87	-0.041238	5.5349e-05	0.081589	supercritical
1118.4	309.00	98.705	0.010131	811.01	1124.1	6.2376	0.84871	1.1240	669.12	-0.041281	5.5378e-05	0.081640	supercritical
1119.4	309.00	98.621	0.010140	811.86	1125.2	6.2386	0.84882	1.1240	669.37	-0.041323	5.5407e-05	0.081692	supercritical
1120.4	309.00	98.537	0.010148	812.72	1126.3	6.2396	0.84894	1.1241	669.62	-0.041364	5.5436e-05	0.081743	supercritical
1121.4	309.00	98.453	0.010157	813.58	1127.4	6.2406	0.84905	1.1242	669.87	-0.041406	5.5465e-05	0.081794	supercritical
1122.4	309.00	98.369	0.010166	814.43	1128.6	6.2416	0.84917	1.1243	670.12	-0.041448	5.5494e-05	0.081846	supercritical
1123.4	309.00	98.286	0.010174	815.29	1129.7	6.2426	0.84928	1.1244	670.37	-0.041490	5.5523e-05	0.081897	supercritical
1124.4	309.00	98.202	0.010183	816.15	1130.8	6.2436	0.84939	1.1245	670.62	-0.041531	5.5552e-05	0.081948	supercritical
1125.4	309.00	98.119	0.010192	817.01	1131.9	6.2446	0.84951	1.1245	670.86	-0.041573	5.5581e-05	0.082000	supercritical
1126.4	309.00	98.036	0.010200	817.86	1133.1	6.2456	0.84962	1.1246	671.11	-0.041614	5.5610e-05	0.082051	supercritical
1127.4	309.00	97.953	0.010209	818.72	1134.2	6.2466	0.84973	1.1247	671.36	-0.041656	5.5639e-05	0.082102	supercritical
1128.4	309.00	97.870	0.010218	819.58	1135.3	6.2476	0.84985	1.1248	671.61	-0.041697	5.5667e-05	0.082153	supercritical
1129.4	309.00	97.787	0.010226	820.44	1136.4	6.2486	0.84996	1.1249	671.86	-0.041738	5.5696e-05	0.082205	supercritical
1130.4	309.00	97.705	0.010235	821.29	1137.6	6.2496	0.85007	1.1250	672.11	-0.041779	5.5725e-05	0.082256	supercritical
1131.4	309.00	97.622	0.010244	822.15	1138.7	6.2506	0.85019	1.1250	672.36	-0.041820	5.5754e-05	0.082307	supercritical
1132.4	309.00	97.540	0.010252	823.01	1139.8	6.2516	0.85030	1.1251	672.60	-0.041861	5.5783e-05	0.082358	supercritical
1133.4	309.00	97.458	0.010261	823.87	1140.9	6.2526	0.85041	1.1252	672.85	-0.041902	5.5812e-05	0.082410	supercritical
1134.4	309.00	97.376	0.010269	824.73	1142.1	6.2536	0.85052	1.1253	673.10	-0.041942	5.5841e-05	0.082461	supercritical
1135.4	309.00	97.294	0.010278	825.59	1143.2	6.2545	0.85063	1.1254	673.35	-0.041983	5.5870e-05	0.082512	supercritical
1136.4	309.00	97.213	0.010287	826.44	1144.3	6.2555	0.85075	1.1255	673.59	-0.042024	5.5898e-05	0.082563	supercritical
1137.4	309.00	97.131	0.010295	827.30	1145.4	6.2565	0.85086	1.1255	673.84	-0.042064	5.5927e-05	0.082614	supercritical
1138.4	309.00	97.050	0.010304	828.16	1146.6	6.2575	0.85097	1.1256	674.09	-0.042105	5.5956e-05	0.082666	supercritical
1139.4	309.00	96.968	0.010313	829.02	1147.7	6.2585	0.85108	1.1257	674.34	-0.042145	5.5985e-05	0.082717	supercritical
1140.4	309.00	96.887	0.010321	829.88	1148.8	6.2595	0.85119	1.1258	674.58	-0.042185	5.6014e-05	0.082768	supercritical
1141.4	309.00	96.806	0.010330	830.74	1149.9	6.2605	0.85130	1.1259	674.83	-0.042225	5.6042e-05	0.082819	supercritical
1142.4	309.00	96.725	0.010339	831.60	1151.1	6.2615	0.85141	1.1259	675.08	-0.042265	5.6071e-05	0.082870	supercritical
1143.4	309.00	96.645	0.010347	832.46	1152.2	6.2625	0.85152	1.1260	675.33	-0.042305	5.6100e-05	0.082922	supercritical
1144.4	309.00	96.564	0.010356	833.32	1153.3	6.2634	0.85164	1.1261	675.57	-0.042345	5.6129e-05	0.082973	supercritical
1145.4	309.00	96.484	0.010364	834.18	1154.4	6.2644	0.85175	1.1262	675.82	-0.042385	5.6158e-05	0.083024	supercritical
1146.4	309.00	96.403	0.010373	835.04	1155.6	6.2654	0.85186	1.1263	676.07	-0.042425	5.6186e-05	0.083075	supercritical
1147.4	309.00	96.323	0.010382	835.89	1156.7	6.2664	0.85197	1.1264	676.31	-0.042465	5.6215e-05	0.083126	supercritical
1148.4	309.00	96.243	0.010390	836.75	1157.8	6.2674	0.85208	1.1264	676.56	-0.042504	5.6244e-05	0.083177	supercritical
1149.4	309.00	96.163	0.010399	837.61	1158.9	6.2683	0.85219	1.1265	676.81	-0.042544	5.6272e-05	0.083229	supercritical
1150.4	309.00	96.084	0.010408	838.47	1160.1	6.2693	0.85230	1.1266	677.05	-0.042583	5.6301e-05	0.083280	supercritical
1151.4	309.00	96.004	0.010416	839.33	1161.2	6.2703	0.85241	1.1267	677.30	-0.042623	5.6330e-05	0.083331	supercritical
1152.4	309.00	95.925	0.010425	840.19	1162.3	6.2713	0.85251	1.1268	677.54	-0.042662	5.6359e-05	0.083382	supercritical
1153.4	309.00	95.845	0.010433	841.05	1163.4	6.2723	0.85262	1.1268	677.79	-0.042701	5.6387e-05	0.083433	supercritical
1154.4	309.00	95.766	0.010442	841.91	1164.6	6.2732	0.85273	1.1269	678.04	-0.042740	5.6416e-05	0.083484	supercritical
1155.4	309.00	95.687	0.010451	842.78	1165.7	6.2742	0.85284	1.1270	678.28	-0.042779	5.6445e-05	0.083535	supercritical
1156.4	309.00	95.608	0.010459	843.64	1166.8	6.2752	0.85295	1.1271	678.53	-0.042818	5.6473e-05	0.083586	supercritical
1157.4	309.00	95.529	0.010468	844.50	1168.0	6.2762	0.85306	1.1272	678.77	-0.042857	5.6502e-05	0.083638	supercritical
1158.4	309.00	95.451	0.010477	845.36	1169.1	6.2771	0.85317	1.1273	679.02	-0.042896	5.6531e-05	0.083689	supercritical
1159.4	309.00	95.372	0.010485	846.22	1170.2	6.2781	0.85328	1.1273	679.26	-0.042935	5.6559e-05	0.083740	supercritical
1160.4	309.00	95.294	0.010494	847.08	1171.3	6.2791	0.85338	1.1274	679.51	-0.042973	5.6588e-05	0.083791	supercritical
1161.4	309.00	95.215	0.010503	847.94	1172.5	6.2801	0.85349	1.1275	679.75	-0.043012	5.6617e-05	0.083842	supercritical
1162.4	309.00	95.137	0.010511	848.80	1173.6	6.2810	0.85360	1.1276	680.00	-0.043050	5.6645e-05	0.083893	supercritical
1163.4	309.00	95.059	0.010520	849.66	1174.7	6.2820	0.85371	1.1277	680.24	-0.043089	5.6674e-05	0.083944	supercritical
1164.4	309.00	94.981	0.010528	850.52	1175.8	6.2830	0.85382	1.1277	680.49	-0.043127	5.6703e-05	0.083995	supercritical
1165.4	309.00	94.904	0.010537	851.38	1177.0	6.2839	0.85392	1.1278	680.73	-0.043166	5.6731e-05	0.084046	supercritical
1166.4	309.00	94.826	0.010546	852.25	1178.1	6.2849	0.85403	1.1279	680.98	-0.043204	5.6760e-05	0.084097	supercritical
1167.4	309.00	94.749	0.010554	853.11	1179.2	6.2859	0.85414	1.1280	681.22	-0.043242	5.6788e-05	0.084148	supercritical
1168.4	309.00	94.671	0.010563	853.97	1180.4	6.2868	0.85424	1.1281	681.47	-0.043280	5.6817e-05	0.084199	supercritical
1169.4	309.00	94.594	0.010571	854.83	1181.5	6.2878	0.85435	1.1281	681.71	-0.043318	5.6846e-05	0.084250	supercritical
1170.4	309.00	94.517	0.010580	855.69	1182.6	6.2888	0.85446	1.1282	681.96	-0.043356	5.6874e-05	0.084301	supercritical
1171.4	309.00	94.440	0.010589	856.55	1183.7	6.2897	0.85457	1.1283	682.20	-0.043394	5.6903e-05	0.084352	supercritical
1172.4	309.00	94.363	0.010597	857.42	1184.9	6.2907	0.85467	1.1284	682.45	-0.043431	5.6931e-05	0.084403	supercritical
1173.4	309.00	94.286	0.010606	858.28	1186.0	6.2916	0.85478	1.1285	682.69	-0.043469	5.6960e-05	0.084454	supercritical
1174.4	309.00	94.210	0.010615	859.14	1187.1	6.2926	0.85488	1.1285	682.93	-0.043507	5.6988e-05	0.084505	supercritical
1175.4	309.00	94.133	0.010623	860.00	1188.3	6.2936	0.85499	1.1286	683.18	-0.043544	5.7017e-05	0.084556	supercritical
1176.4	309.00	94.057	0.010632	860.86	1189.4	6.2945	0.85510	1.1287	683.42	-0.043582	5.7045e-05	0.084607	supercritical
1177.4	309.00	93.981	0.010640	861.73	1190.5	6.2955	0.85520	1.1288	683.67	-0.043619	5.7074e-05	0.084658	supercritical
1178.4	309.00	93.905	0.010649	862.59	1191.6	6.2964	0.85531	1.1289	683.91	-0.043656	5.7102e-05	0.084709	supercritical
1179.4	309.00	93.829	0.010658	863.45	1192.8	6.2974	0.85541	1.1289	684.15	-0.043694	5.7131e-05	0.084760	supercritical
1180.4	309.00	93.753	0.010666	864.31	1193.9	6.2984	0.85552	1.1290	684.40	-0.043731	5.7159e-05	0.084811	supercritical
1181.4	309.00	93.677	0.010675	865.18	1195.0	6.2993	0.85562	1.1291	684.64	-0.043768	5.7188e-05	0.084862	supercritical
1182.4	309.00	93.602	0.010684	866.04	1196.2	6.3003	0.85573	1.1292	684.88	-0.043805	5.7216e-05	0.084913	supercritical
1183.4	309.00	93.526	0.010692	866.90	1197.3	6.3012	0.85583	1.1293	685.13	-0.043842	5.7245e-05	0.084964	supercritical
1184.4	309.00	93.451	0.010701	867.77	1198.4	6.3022	0.85594	1.1293	685.37	-0.043879	5.7273e-05	0.085015	supercritical
1185.4	309.00	93.376	0.010709	868.63	1199.5	6.3031	0.85604	1.1294	685.61	-0.043916	5.7302e-05	0.085066	supercritical
1186.4	309.00	93.301	0.010718	869.49	1200.7	6.3041	0.85615	1.1295	685.85	-0.043952	5.7330e-05	0.085117	supercritical
1187.4	309.00	93.226	0.010727	870.36	1201.8	6.3050	0.85625	1.1296	686.10	-0.043989	5.7359e-05	0.085168	supercritical
1188.4	309.00	93.151	0.010735	871.22	1202.9	6.3060	0.85636	1.1297	686.34	-0.044026	5.7387e-05	0.085219	supercritical
1189.4	309.00	93.076	0.010744	872.08	1204.1	6.3069	0.85646	1.1297	686.58	-0.044062	5.7416e-05	0.085270	supercritical
1190.4	309.00	93.002	0.010752	872.95	1205.2	6.3079	0.85657	1.1298	686.82	-0.044099	5.7444e-05	0.085321	supercritical
1191.4	309.00	92.927	0.010761	873.81	1206.3	6.3088	0.85667	1.1299	687.07	-0.044135	5.7472e-05	0.085372	supercritical
1192.4	309.00	92.853	0.010770	874.67	1207.5	6.3098	0.85677	1.1300	687.31	-0.044171	5.7501e-05	0.085423	supercritical
1193.4	309.00	92.779	0.010778	875.54	1208.6	6.3107	0.85688	1.1301	687.55	-0.044207	5.7529e-05	0.085474	supercritical
1194.4	309.00	92.705	0.010787	876.40	1209.7	6.3117	0.85698	1.1301	687.79	-0.044244	5.7558e-05	0.085524	supercritical
1195.4	309.00	92.631	0.010796	877.27	1210.8	6.3126	0.85708	1.1302	688.04	-0.044280	5.7586e-05	0.085575	supercritical
1196.4	309.00	92.557	0.010804	878.13	1212.0	6.3136	0.85719	1.1303	688.28	-0.044316	5.7614e-05	0.085626	supercritical
1197.4	309.00	92.483	0.010813	878.99	1213.1	6.3145	0.85729	1.1304	688.52	-0.044352	5.7643e-05	0.085677	supercritical
1198.4	309.00	92.410	0.010821	879.86	1214.2	6.3155	0.85739	1.1304	688.76	-0.044388	5.7671e-05	0.085728	supercritical
1199.4	309.00	92.336	0.010830	880.72	1215.4	6.3164	0.85750	1.1305	689.00	-0.044423	5.7700e-05	0.085779	supercritical
1200.4	309.00	92.263	0.010839	881.59	1216.5	6.3173	0.85760	1.1306	689.24	-0.044459	5.7728e-05	0.085830	supercritical
1201.4	309.00	92.190	0.010847	882.45	1217.6	6.3183	0.85770	1.1307	689.49	-0.044495	5.7756e-05	0.085881	supercritical
1202.4	309.00	92.116	0.010856	883.32	1218.8	6.3192	0.85780	1.1308	689.73	-0.044530	5.7785e-05	0.085931	supercritical
1203.4	309.00	92.043	0.010864	884.18	1219.9	6.3202	0.85791	1.1308	689.97	-0.044566	5.7813e-05	0.085982	supercritical
1204.4	309.00	91.971	0.010873	885.05	1221.0	6.3211	0.85801	1.1309	690.21	-0.044601	5.7841e-05	0.086033	supercritical
1205.4	309.00	91.898	0.010882	885.91	1222.2	6.3220	0.85811	1.1310	690.45	-0.044637	5.7870e-05	0.086084	supercritical
1206.4	309.00	91.825	0.010890	886.78	1223.3	6.3230	0.85821	1.1311	690.69	-0.044672	5.7898e-05	0.086135	supercritical
1207.4	309.00	91.753	0.010899	887.64	1224.4	6.3239	0.85831	1.1311	690.93	-0.044707	5.7926e-05	0.086186	supercritical
1208.4	309.00	91.680	0.010907	888.51	1225.5	6.3249	0.85842	1.1312	691.17	-0.044743	5.7954e-05	0.086236	supercritical
1209.4	309.00	91.608	0.010916	889.37	1226.7	6.3258	0.85852	1.1313	691.41	-0.044778	5.7983e-05	0.086287	supercritical
1210.4	309.00	91.536	0.010925	890.24	1227.8	6.3267	0.85862	1.1314	691.65	-0.044813	5.8011e-05	0.086338	supercritical
1211.4	309.00	91.464	0.010933	891.10	1228.9	6.3277	0.85872	1.1315	691.90	-0.044848	5.8039e-05	0.086389	supercritical
1212.4	309.00	91.392	0.010942	891.97	1230.1	6.3286	0.85882	1.1315	692.14	-0.044883	5.8068e-05	0.086440	supercritical
1213.4	309.00	91.320	0.010951	892.83	1231.2	6.3295	0.85892	1.1316	692.38	-0.044918	5.8096e-05	0.086490	supercritical
1214.4	309.00	91.248	0.010959	893.70	1232.3	6.3305	0.85902	1.1317	692.62	-0.044952	5.8124e-05	0.086541	supercritical
1215.4	309.00	91.177	0.010968	894.56	1233.5	6.3314	0.85913	1.1318	692.86	-0.044987	5.8152e-05	0.086592	supercritical
1216.4	309.00	91.105	0.010976	895.43	1234.6	6.3323	0.85923	1.1318	693.10	-0.045022	5.8181e-05	0.086643	supercritical
1217.4	309.00	91.034	0.010985	896.30	1235.7	6.3333	0.85933	1.1319	693.34	-0.045056	5.8209e-05	0.086694	supercritical
1218.4	309.00	90.962	0.010994	897.16	1236.9	6.3342	0.85943	1.1320	693.58	-0.045091	5.8237e-05	0.086744	supercritical
1219.4	309.00	90.891	0.011002	898.03	1238.0	6.3351	0.85953	1.1321	693.82	-0.045125	5.8265e-05	0.086795	supercritical
1220.4	309.00	90.820	0.011011	898.90	1239.1	6.3360	0.85963	1.1322	694.06	-0.045160	5.8293e-05	0.086846	supercritical
1221.4	309.00	90.749	0.011019	899.76	1240.3	6.3370	0.85973	1.1322	694.30	-0.045194	5.8322e-05	0.086897	supercritical
1222.4	309.00	90.679	0.011028	900.63	1241.4	6.3379	0.85983	1.1323	694.53	-0.045228	5.8350e-05	0.086947	supercritical
1223.4	309.00	90.608	0.011037	901.49	1242.5	6.3388	0.85993	1.1324	694.77	-0.045262	5.8378e-05	0.086998	supercritical
1224.4	309.00	90.537	0.011045	902.36	1243.7	6.3397	0.86003	1.1325	695.01	-0.045297	5.8406e-05	0.087049	supercritical
1225.4	309.00	90.467	0.011054	903.23	1244.8	6.3407	0.86013	1.1325	695.25	-0.045331	5.8434e-05	0.087100	supercritical
1226.4	309.00	90.397	0.011062	904.09	1245.9	6.3416	0.86023	1.1326	695.49	-0.045365	5.8462e-05	0.087150	supercritical
1227.4	309.00	90.326	0.011071	904.96	1247.1	6.3425	0.86033	1.1327	695.73	-0.045399	5.8491e-05	0.087201	supercritical
1228.4	309.00	90.256	0.011080	905.83	1248.2	6.3434	0.86043	1.1328	695.97	-0.045432	5.8519e-05	0.087252	supercritical
1229.4	309.00	90.186	0.011088	906.70	1249.3	6.3444	0.86053	1.1328	696.21	-0.045466	5.8547e-05	0.087302	supercritical
1230.4	309.00	90.116	0.011097	907.56	1250.5	6.3453	0.86062	1.1329	696.45	-0.045500	5.8575e-05	0.087353	supercritical
1231.4	309.00	90.047	0.011105	908.43	1251.6	6.3462	0.86072	1.1330	696.69	-0.045534	5.8603e-05	0.087404	supercritical
1232.4	309.00	89.977	0.011114	909.30	1252.7	6.3471	0.86082	1.1331	696.93	-0.045567	5.8631e-05	0.087455	supercritical
1233.4	309.00	89.907	0.011123	910.16	1253.9	6.3480	0.86092	1.1332	697.16	-0.045601	5.8659e-05	0.087505	supercritical
1234.4	309.00	89.838	0.011131	911.03	1255.0	6.3490	0.86102	1.1332	697.40	-0.045634	5.8688e-05	0.087556	supercritical
1235.4	309.00	89.768	0.011140	911.90	1256.1	6.3499	0.86112	1.1333	697.64	-0.045668	5.8716e-05	0.087607	supercritical
1236.4	309.00	89.699	0.011148	912.77	1257.3	6.3508	0.86122	1.1334	697.88	-0.045701	5.8744e-05	0.087657	supercritical
1237.4	309.00	89.630	0.011157	913.63	1258.4	6.3517	0.86132	1.1335	698.12	-0.045734	5.8772e-05	0.087708	supercritical
1238.4	309.00	89.561	0.011166	914.50	1259.5	6.3526	0.86141	1.1335	698.35	-0.045768	5.8800e-05	0.087759	supercritical
1239.4	309.00	89.492	0.011174	915.37	1260.7	6.3535	0.86151	1.1336	698.59	-0.045801	5.8828e-05	0.087809	supercritical
1240.4	309.00	89.423	0.011183	916.24	1261.8	6.3545	0.86161	1.1337	698.83	-0.045834	5.8856e-05	0.087860	supercritical
1241.4	309.00	89.355	0.011191	917.11	1262.9	6.3554	0.86171	1.1338	699.07	-0.045867	5.8884e-05	0.087911	supercritical
1242.4	309.00	89.286	0.011200	917.97	1264.1	6.3563	0.86181	1.1338	699.31	-0.045900	5.8912e-05	0.087961	supercritical
1243.4	309.00	89.218	0.011209	918.84	1265.2	6.3572	0.86190	1.1339	699.54	-0.045933	5.8940e-05	0.088012	supercritical
1244.4	309.00	89.149	0.011217	919.71	1266.3	6.3581	0.86200	1.1340	699.78	-0.045966	5.8968e-05	0.088062	supercritical
1245.4	309.00	89.081	0.011226	920.58	1267.5	6.3590	0.86210	1.1341	700.02	-0.045999	5.8996e-05	0.088113	supercritical
1246.4	309.00	89.013	0.011234	921.45	1268.6	6.3599	0.86220	1.1341	700.26	-0.046031	5.9024e-05	0.088164	supercritical
1247.4	309.00	88.945	0.011243	922.32	1269.7	6.3608	0.86229	1.1342	700.49	-0.046064	5.9052e-05	0.088214	supercritical
1248.4	309.00	88.877	0.011252	923.19	1270.9	6.3617	0.86239	1.1343	700.73	-0.046097	5.9080e-05	0.088265	supercritical
1249.4	309.00	88.809	0.011260	924.05	1272.0	6.3627	0.86249	1.1344	700.97	-0.046129	5.9108e-05	0.088316	supercritical
1250.4	309.00	88.741	0.011269	924.92	1273.1	6.3636	0.86258	1.1344	701.20	-0.046162	5.9136e-05	0.088366	supercritical
1251.4	309.00	88.674	0.011277	925.79	1274.3	6.3645	0.86268	1.1345	701.44	-0.046194	5.9164e-05	0.088417	supercritical
1252.4	309.00	88.606	0.011286	926.66	1275.4	6.3654	0.86278	1.1346	701.68	-0.046226	5.9192e-05	0.088467	supercritical
1253.4	309.00	88.539	0.011294	927.53	1276.5	6.3663	0.86287	1.1347	701.92	-0.046259	5.9220e-05	0.088518	supercritical
1254.4	309.00	88.471	0.011303	928.40	1277.7	6.3672	0.86297	1.1347	702.15	-0.046291	5.9248e-05	0.088569	supercritical
1255.4	309.00	88.404	0.011312	929.27	1278.8	6.3681	0.86307	1.1348	702.39	-0.046323	5.9276e-05	0.088619	supercritical
1256.4	309.00	88.337	0.011320	930.14	1279.9	6.3690	0.86316	1.1349	702.62	-0.046355	5.9304e-05	0.088670	supercritical
1257.4	309.00	88.270	0.011329	931.01	1281.1	6.3699	0.86326	1.1350	702.86	-0.046387	5.9332e-05	0.088720	supercritical
1258.4	309.00	88.203	0.011337	931.88	1282.2	6.3708	0.86335	1.1350	703.10	-0.046419	5.9360e-05	0.088771	supercritical
1259.4	309.00	88.137	0.011346	932.75	1283.3	6.3717	0.86345	1.1351	703.33	-0.046451	5.9388e-05	0.088821	supercritical
1260.4	309.00	88.070	0.011355	933.62	1284.5	6.3726	0.86355	1.1352	703.57	-0.046483	5.9416e-05	0.088872	supercritical
1261.4	309.00	88.003	0.011363	934.49	1285.6	6.3735	0.86364	1.1353	703.81	-0.046515	5.9444e-05	0.088922	supercritical
1262.4	309.00	87.937	0.011372	935.36	1286.7	6.3744	0.86374	1.1353	704.04	-0.046547	5.9472e-05	0.088973	supercritical
1263.4	309.00	87.870	0.011380	936.23	1287.9	6.3753	0.86383	1.1354	704.28	-0.046578	5.9500e-05	0.089023	supercritical
1264.4	309.00	87.804	0.011389	937.10	1289.0	6.3762	0.86393	1.1355	704.51	-0.046610	5.9528e-05	0.089074	supercritical
1265.4	309.00	87.738	0.011398	937.97	1290.2	6.3771	0.86402	1.1356	704.75	-0.046642	5.9556e-05	0.089125	supercritical
1266.4	309.00	87.672	0.011406	938.84	1291.3	6.3780	0.86412	1.1356	704.98	-0.046673	5.9583e-05	0.089175	supercritical
1267.4	309.00	87.606	0.011415	939.71	1292.4	6.3789	0.86421	1.1357	705.22	-0.046705	5.9611e-05	0.089226	supercritical
1268.4	309.00	87.540	0.011423	940.58	1293.6	6.3798	0.86431	1.1358	705.46	-0.046736	5.9639e-05	0.089276	supercritical
1269.4	309.00	87.474	0.011432	941.45	1294.7	6.3807	0.86440	1.1359	705.69	-0.046767	5.9667e-05	0.089327	supercritical
1270.4	309.00	87.409	0.011441	942.32	1295.8	6.3816	0.86450	1.1359	705.93	-0.046799	5.9695e-05	0.089377	supercritical
1271.4	309.00	87.343	0.011449	943.19	1297.0	6.3825	0.86459	1.1360	706.16	-0.046830	5.9723e-05	0.089428	supercritical
1272.4	309.00	87.278	0.011458	944.06	1298.1	6.3834	0.86469	1.1361	706.40	-0.046861	5.9751e-05	0.089478	supercritical
1273.4	309.00	87.212	0.011466	944.93	1299.2	6.3843	0.86478	1.1362	706.63	-0.046892	5.9779e-05	0.089528	supercritical
1274.4	309.00	87.147	0.011475	945.80	1300.4	6.3851	0.86488	1.1362	706.87	-0.046923	5.9806e-05	0.089579	supercritical
1275.4	309.00	87.082	0.011483	946.67	1301.5	6.3860	0.86497	1.1363	707.10	-0.046954	5.9834e-05	0.089629	supercritical
1276.4	309.00	87.017	0.011492	947.54	1302.6	6.3869	0.86507	1.1364	707.34	-0.046985	5.9862e-05	0.089680	supercritical
1277.4	309.00	86.952	0.011501	948.41	1303.8	6.3878	0.86516	1.1365	707.57	-0.047016	5.9890e-05	0.089730	supercritical
1278.4	309.00	86.887	0.011509	949.29	1304.9	6.3887	0.86525	1.1365	707.81	-0.047047	5.9918e-05	0.089781	supercritical
1279.4	309.00	86.822	0.011518	950.16	1306.1	6.3896	0.86535	1.1366	708.04	-0.047078	5.9945e-05	0.089831	supercritical
1280.4	309.00	86.758	0.011526	951.03	1307.2	6.3905	0.86544	1.1367	708.27	-0.047108	5.9973e-05	0.089882	supercritical
1281.4	309.00	86.693	0.011535	951.90	1308.3	6.3914	0.86554	1.1368	708.51	-0.047139	6.0001e-05	0.089932	supercritical
1282.4	309.00	86.629	0.011544	952.77	1309.5	6.3923	0.86563	1.1368	708.74	-0.047170	6.0029e-05	0.089983	supercritical
1283.4	309.00	86.564	0.011552	953.64	1310.6	6.3931	0.86572	1.1369	708.98	-0.047200	6.0057e-05	0.090033	supercritical
1284.4	309.00	86.500	0.011561	954.51	1311.7	6.3940	0.86582	1.1370	709.21	-0.047231	6.0084e-05	0.090083	supercritical
1285.4	309.00	86.436	0.011569	955.39	1312.9	6.3949	0.86591	1.1371	709.44	-0.047261	6.0112e-05	0.090134	supercritical
1286.4	309.00	86.372	0.011578	956.26	1314.0	6.3958	0.86600	1.1371	709.68	-0.047291	6.0140e-05	0.090184	supercritical
1287.4	309.00	86.308	0.011586	957.13	1315.2	6.3967	0.86610	1.1372	709.91	-0.047322	6.0168e-05	0.090235	supercritical
1288.4	309.00	86.244	0.011595	958.00	1316.3	6.3976	0.86619	1.1373	710.15	-0.047352	6.0195e-05	0.090285	supercritical
1289.4	309.00	86.180	0.011604	958.87	1317.4	6.3985	0.86628	1.1373	710.38	-0.047382	6.0223e-05	0.090335	supercritical
1290.4	309.00	86.116	0.011612	959.75	1318.6	6.3993	0.86638	1.1374	710.61	-0.047412	6.0251e-05	0.090386	supercritical
1291.4	309.00	86.053	0.011621	960.62	1319.7	6.4002	0.86647	1.1375	710.85	-0.047443	6.0279e-05	0.090436	supercritical
1292.4	309.00	85.989	0.011629	961.49	1320.8	6.4011	0.86656	1.1376	711.08	-0.047473	6.0306e-05	0.090487	supercritical
1293.4	309.00	85.926	0.011638	962.36	1322.0	6.4020	0.86665	1.1376	711.31	-0.047503	6.0334e-05	0.090537	supercritical
1294.4	309.00	85.863	0.011647	963.24	1323.1	6.4029	0.86675	1.1377	711.55	-0.047532	6.0362e-05	0.090587	supercritical
1295.4	309.00	85.799	0.011655	964.11	1324.3	6.4037	0.86684	1.1378	711.78	-0.047562	6.0389e-05	0.090638	supercritical
1296.4	309.00	85.736	0.011664	964.98	1325.4	6.4046	0.86693	1.1379	712.01	-0.047592	6.0417e-05	0.090688	supercritical
1297.4	309.00	85.673	0.011672	965.85	1326.5	6.4055	0.86702	1.1379	712.25	-0.047622	6.0445e-05	0.090738	supercritical
1298.4	309.00	85.610	0.011681	966.73	1327.7	6.4064	0.86712	1.1380	712.48	-0.047652	6.0473e-05	0.090789	supercritical
1299.4	309.00	85.547	0.011689	967.60	1328.8	6.4072	0.86721	1.1381	712.71	-0.047681	6.0500e-05	0.090839	supercritical
1300.4	309.00	85.485	0.011698	968.47	1329.9	6.4081	0.86730	1.1382	712.94	-0.047711	6.0528e-05	0.090889	supercritical
1301.4	309.00	85.422	0.011707	969.35	1331.1	6.4090	0.86739	1.1382	713.18	-0.047740	6.0556e-05	0.090940	supercritical
1302.4	309.00	85.360	0.011715	970.22	1332.2	6.4099	0.86748	1.1383	713.41	-0.047770	6.0583e-05	0.090990	supercritical
1303.4	309.00	85.297	0.011724	971.09	1333.4	6.4107	0.86758	1.1384	713.64	-0.047799	6.0611e-05	0.091040	supercritical
1304.4	309.00	85.235	0.011732	971.97	1334.5	6.4116	0.86767	1.1384	713.87	-0.047829	6.0639e-05	0.091091	supercritical
1305.4	309.00	85.172	0.011741	972.84	1335.6	6.4125	0.86776	1.1385	714.11	-0.047858	6.0666e-05	0.091141	supercritical
1306.4	309.00	85.110	0.011749	973.71	1336.8	6.4134	0.86785	1.1386	714.34	-0.047887	6.0694e-05	0.091191	supercritical
1307.4	309.00	85.048	0.011758	974.59	1337.9	6.4142	0.86794	1.1387	714.57	-0.047917	6.0721e-05	0.091242	supercritical
1308.4	309.00	84.986	0.011767	975.46	1339.0	6.4151	0.86803	1.1387	714.80	-0.047946	6.0749e-05	0.091292	supercritical
1309.4	309.00	84.924	0.011775	976.33	1340.2	6.4160	0.86812	1.1388	715.03	-0.047975	6.0777e-05	0.091342	supercritical
1310.4	309.00	84.863	0.011784	977.21	1341.3	6.4168	0.86821	1.1389	715.27	-0.048004	6.0804e-05	0.091393	supercritical
1311.4	309.00	84.801	0.011792	978.08	1342.5	6.4177	0.86831	1.1390	715.50	-0.048033	6.0832e-05	0.091443	supercritical
1312.4	309.00	84.739	0.011801	978.96	1343.6	6.4186	0.86840	1.1390	715.73	-0.048062	6.0859e-05	0.091493	supercritical
1313.4	309.00	84.678	0.011809	979.83	1344.7	6.4194	0.86849	1.1391	715.96	-0.048091	6.0887e-05	0.091543	supercritical
1314.4	309.00	84.616	0.011818	980.70	1345.9	6.4203	0.86858	1.1392	716.19	-0.048120	6.0915e-05	0.091594	supercritical
1315.4	309.00	84.555	0.011827	981.58	1347.0	6.4212	0.86867	1.1392	716.42	-0.048148	6.0942e-05	0.091644	supercritical
1316.4	309.00	84.494	0.011835	982.45	1348.2	6.4220	0.86876	1.1393	716.66	-0.048177	6.0970e-05	0.091694	supercritical
1317.4	309.00	84.432	0.011844	983.33	1349.3	6.4229	0.86885	1.1394	716.89	-0.048206	6.0997e-05	0.091744	supercritical
1318.4	309.00	84.371	0.011852	984.20	1350.4	6.4238	0.86894	1.1395	717.12	-0.048235	6.1025e-05	0.091795	supercritical
1319.4	309.00	84.310	0.011861	985.08	1351.6	6.4246	0.86903	1.1395	717.35	-0.048263	6.1052e-05	0.091845	supercritical
1320.4	309.00	84.249	0.011870	985.95	1352.7	6.4255	0.86912	1.1396	717.58	-0.048292	6.1080e-05	0.091895	supercritical
1321.4	309.00	84.189	0.011878	986.83	1353.9	6.4264	0.86921	1.1397	717.81	-0.048320	6.1108e-05	0.091945	supercritical
1322.4	309.00	84.128	0.011887	987.70	1355.0	6.4272	0.86930	1.1397	718.04	-0.048349	6.1135e-05	0.091996	supercritical
1323.4	309.00	84.067	0.011895	988.58	1356.1	6.4281	0.86939	1.1398	718.27	-0.048377	6.1163e-05	0.092046	supercritical
1324.4	309.00	84.007	0.011904	989.45	1357.3	6.4289	0.86948	1.1399	718.50	-0.048405	6.1190e-05	0.092096	supercritical
1325.4	309.00	83.946	0.011912	990.33	1358.4	6.4298	0.86957	1.1400	718.73	-0.048434	6.1218e-05	0.092146	supercritical
1326.4	309.00	83.886	0.011921	991.20	1359.6	6.4307	0.86966	1.1400	718.96	-0.048462	6.1245e-05	0.092196	supercritical
1327.4	309.00	83.826	0.011930	992.08	1360.7	6.4315	0.86975	1.1401	719.20	-0.048490	6.1273e-05	0.092247	supercritical
1328.4	309.00	83.766	0.011938	992.95	1361.8	6.4324	0.86984	1.1402	719.43	-0.048518	6.1300e-05	0.092297	supercritical
1329.4	309.00	83.705	0.011947	993.83	1363.0	6.4332	0.86993	1.1403	719.66	-0.048546	6.1328e-05	0.092347	supercritical
1330.4	309.00	83.645	0.011955	994.70	1364.1	6.4341	0.87002	1.1403	719.89	-0.048574	6.1355e-05	0.092397	supercritical
1331.4	309.00	83.586	0.011964	995.58	1365.3	6.4350	0.87011	1.1404	720.12	-0.048602	6.1383e-05	0.092447	supercritical
1332.4	309.00	83.526	0.011972	996.45	1366.4	6.4358	0.87020	1.1405	720.35	-0.048630	6.1410e-05	0.092498	supercritical
1333.4	309.00	83.466	0.011981	997.33	1367.5	6.4367	0.87029	1.1405	720.58	-0.048658	6.1437e-05	0.092548	supercritical
1334.4	309.00	83.406	0.011990	998.21	1368.7	6.4375	0.87038	1.1406	720.81	-0.048686	6.1465e-05	0.092598	supercritical
1335.4	309.00	83.347	0.011998	999.08	1369.8	6.4384	0.87047	1.1407	721.04	-0.048714	6.1492e-05	0.092648	supercritical
1336.4	309.00	83.287	0.012007	999.96	1371.0	6.4392	0.87055	1.1408	721.27	-0.048741	6.1520e-05	0.092698	supercritical
1337.4	309.00	83.228	0.012015	1000.8	1372.1	6.4401	0.87064	1.1408	721.50	-0.048769	6.1547e-05	0.092748	supercritical
1338.4	309.00	83.169	0.012024	1001.7	1373.2	6.4409	0.87073	1.1409	721.72	-0.048797	6.1575e-05	0.092799	supercritical
1339.4	309.00	83.109	0.012032	1002.6	1374.4	6.4418	0.87082	1.1410	721.95	-0.048824	6.1602e-05	0.092849	supercritical
1340.4	309.00	83.050	0.012041	1003.5	1375.5	6.4426	0.87091	1.1410	722.18	-0.048852	6.1630e-05	0.092899	supercritical
1341.4	309.00	82.991	0.012049	1004.3	1376.7	6.4435	0.87100	1.1411	722.41	-0.048879	6.1657e-05	0.092949	supercritical
1342.4	309.00	82.932	0.012058	1005.2	1377.8	6.4443	0.87109	1.1412	722.64	-0.048907	6.1684e-05	0.092999	supercritical
1343.4	309.00	82.873	0.012067	1006.1	1378.9	6.4452	0.87118	1.1413	722.87	-0.048934	6.1712e-05	0.093049	supercritical
1344.4	309.00	82.815	0.012075	1007.0	1380.1	6.4460	0.87126	1.1413	723.10	-0.048961	6.1739e-05	0.093099	supercritical
1345.4	309.00	82.756	0.012084	1007.8	1381.2	6.4469	0.87135	1.1414	723.33	-0.048989	6.1767e-05	0.093149	supercritical
1346.4	309.00	82.697	0.012092	1008.7	1382.4	6.4477	0.87144	1.1415	723.56	-0.049016	6.1794e-05	0.093200	supercritical
1347.4	309.00	82.639	0.012101	1009.6	1383.5	6.4486	0.87153	1.1415	723.79	-0.049043	6.1821e-05	0.093250	supercritical
1348.4	309.00	82.580	0.012109	1010.5	1384.7	6.4494	0.87162	1.1416	724.02	-0.049070	6.1849e-05	0.093300	supercritical
1349.4	309.00	82.522	0.012118	1011.4	1385.8	6.4503	0.87170	1.1417	724.24	-0.049097	6.1876e-05	0.093350	supercritical
1350.4	309.00	82.464	0.012127	1012.2	1386.9	6.4511	0.87179	1.1418	724.47	-0.049124	6.1903e-05	0.093400	supercritical
1351.4	309.00	82.405	0.012135	1013.1	1388.1	6.4520	0.87188	1.1418	724.70	-0.049151	6.1931e-05	0.093450	supercritical
1352.4	309.00	82.347	0.012144	1014.0	1389.2	6.4528	0.87197	1.1419	724.93	-0.049178	6.1958e-05	0.093500	supercritical
1353.4	309.00	82.289	0.012152	1014.9	1390.4	6.4537	0.87206	1.1420	725.16	-0.049205	6.1985e-05	0.093550	supercritical
1354.4	309.00	82.231	0.012161	1015.7	1391.5	6.4545	0.87214	1.1420	725.39	-0.049232	6.2013e-05	0.093600	supercritical
1355.4	309.00	82.173	0.012169	1016.6	1392.6	6.4553	0.87223	1.1421	725.61	-0.049259	6.2040e-05	0.093650	supercritical
1356.4	309.00	82.116	0.012178	1017.5	1393.8	6.4562	0.87232	1.1422	725.84	-0.049285	6.2067e-05	0.093700	supercritical
1357.4	309.00	82.058	0.012187	1018.4	1394.9	6.4570	0.87241	1.1423	726.07	-0.049312	6.2095e-05	0.093750	supercritical
1358.4	309.00	82.000	0.012195	1019.2	1396.1	6.4579	0.87249	1.1423	726.30	-0.049339	6.2122e-05	0.093800	supercritical
1359.4	309.00	81.943	0.012204	1020.1	1397.2	6.4587	0.87258	1.1424	726.53	-0.049365	6.2149e-05	0.093850	supercritical
1360.4	309.00	81.885	0.012212	1021.0	1398.4	6.4596	0.87267	1.1425	726.75	-0.049392	6.2177e-05	0.093900	supercritical
1361.4	309.00	81.828	0.012221	1021.9	1399.5	6.4604	0.87276	1.1425	726.98	-0.049418	6.2204e-05	0.093951	supercritical
1362.4	309.00	81.771	0.012229	1022.8	1400.6	6.4612	0.87284	1.1426	727.21	-0.049445	6.2231e-05	0.094001	supercritical
1363.4	309.00	81.713	0.012238	1023.6	1401.8	6.4621	0.87293	1.1427	727.44	-0.049471	6.2259e-05	0.094051	supercritical
1364.4	309.00	81.656	0.012246	1024.5	1402.9	6.4629	0.87302	1.1427	727.66	-0.049498	6.2286e-05	0.094101	supercritical
1365.4	309.00	81.599	0.012255	1025.4	1404.1	6.4637	0.87310	1.1428	727.89	-0.049524	6.2313e-05	0.094151	supercritical
1366.4	309.00	81.542	0.012264	1026.3	1405.2	6.4646	0.87319	1.1429	728.12	-0.049550	6.2340e-05	0.094201	supercritical
1367.4	309.00	81.485	0.012272	1027.2	1406.4	6.4654	0.87328	1.1430	728.35	-0.049576	6.2368e-05	0.094251	supercritical
1368.4	309.00	81.429	0.012281	1028.0	1407.5	6.4663	0.87336	1.1430	728.57	-0.049603	6.2395e-05	0.094301	supercritical
1369.4	309.00	81.372	0.012289	1028.9	1408.6	6.4671	0.87345	1.1431	728.80	-0.049629	6.2422e-05	0.094351	supercritical
1370.4	309.00	81.315	0.012298	1029.8	1409.8	6.4679	0.87354	1.1432	729.03	-0.049655	6.2449e-05	0.094401	supercritical
1371.4	309.00	81.259	0.012306	1030.7	1410.9	6.4688	0.87362	1.1432	729.25	-0.049681	6.2477e-05	0.094451	supercritical
1372.4	309.00	81.202	0.012315	1031.5	1412.1	6.4696	0.87371	1.1433	729.48	-0.049707	6.2504e-05	0.094501	supercritical
1373.4	309.00	81.146	0.012323	1032.4	1413.2	6.4704	0.87380	1.1434	729.71	-0.049733	6.2531e-05	0.094551	supercritical
1374.4	309.00	81.089	0.012332	1033.3	1414.4	6.4713	0.87388	1.1435	729.93	-0.049759	6.2558e-05	0.094601	supercritical
1375.4	309.00	81.033	0.012341	1034.2	1415.5	6.4721	0.87397	1.1435	730.16	-0.049785	6.2586e-05	0.094650	supercritical
1376.4	309.00	80.977	0.012349	1035.1	1416.6	6.4729	0.87405	1.1436	730.39	-0.049810	6.2613e-05	0.094700	supercritical
1377.4	309.00	80.921	0.012358	1035.9	1417.8	6.4737	0.87414	1.1437	730.61	-0.049836	6.2640e-05	0.094750	supercritical
1378.4	309.00	80.865	0.012366	1036.8	1418.9	6.4746	0.87423	1.1437	730.84	-0.049862	6.2667e-05	0.094800	supercritical
1379.4	309.00	80.809	0.012375	1037.7	1420.1	6.4754	0.87431	1.1438	731.07	-0.049888	6.2694e-05	0.094850	supercritical
1380.4	309.00	80.753	0.012383	1038.6	1421.2	6.4762	0.87440	1.1439	731.29	-0.049913	6.2721e-05	0.094900	supercritical
1381.4	309.00	80.697	0.012392	1039.5	1422.4	6.4771	0.87448	1.1439	731.52	-0.049939	6.2749e-05	0.094950	supercritical
1382.4	309.00	80.642	0.012401	1040.3	1423.5	6.4779	0.87457	1.1440	731.75	-0.049964	6.2776e-05	0.095000	supercritical
1383.4	309.00	80.586	0.012409	1041.2	1424.7	6.4787	0.87465	1.1441	731.97	-0.049990	6.2803e-05	0.095050	supercritical
1384.4	309.00	80.531	0.012418	1042.1	1425.8	6.4795	0.87474	1.1442	732.20	-0.050015	6.2830e-05	0.095100	supercritical
1385.4	309.00	80.475	0.012426	1043.0	1426.9	6.4804	0.87483	1.1442	732.42	-0.050041	6.2857e-05	0.095150	supercritical
1386.4	309.00	80.420	0.012435	1043.9	1428.1	6.4812	0.87491	1.1443	732.65	-0.050066	6.2884e-05	0.095200	supercritical
1387.4	309.00	80.365	0.012443	1044.7	1429.2	6.4820	0.87500	1.1444	732.87	-0.050091	6.2912e-05	0.095250	supercritical
1388.4	309.00	80.309	0.012452	1045.6	1430.4	6.4828	0.87508	1.1444	733.10	-0.050116	6.2939e-05	0.095300	supercritical
1389.4	309.00	80.254	0.012460	1046.5	1431.5	6.4837	0.87517	1.1445	733.33	-0.050142	6.2966e-05	0.095350	supercritical
1390.4	309.00	80.199	0.012469	1047.4	1432.7	6.4845	0.87525	1.1446	733.55	-0.050167	6.2993e-05	0.095399	supercritical
1391.4	309.00	80.144	0.012478	1048.3	1433.8	6.4853	0.87534	1.1446	733.78	-0.050192	6.3020e-05	0.095449	supercritical
1392.4	309.00	80.089	0.012486	1049.1	1435.0	6.4861	0.87542	1.1447	734.00	-0.050217	6.3047e-05	0.095499	supercritical
1393.4	309.00	80.034	0.012495	1050.0	1436.1	6.4870	0.87551	1.1448	734.23	-0.050242	6.3074e-05	0.095549	supercritical
1394.4	309.00	79.980	0.012503	1050.9	1437.2	6.4878	0.87559	1.1449	734.45	-0.050267	6.3101e-05	0.095599	supercritical
1395.4	309.00	79.925	0.012512	1051.8	1438.4	6.4886	0.87568	1.1449	734.68	-0.050292	6.3129e-05	0.095649	supercritical
1396.4	309.00	79.870	0.012520	1052.7	1439.5	6.4894	0.87576	1.1450	734.90	-0.050317	6.3156e-05	0.095699	supercritical
1397.4	309.00	79.816	0.012529	1053.5	1440.7	6.4902	0.87585	1.1451	735.13	-0.050342	6.3183e-05	0.095749	supercritical
1398.4	309.00	79.761	0.012537	1054.4	1441.8	6.4911	0.87593	1.1451	735.35	-0.050367	6.3210e-05	0.095798	supercritical
1399.4	309.00	79.707	0.012546	1055.3	1443.0	6.4919	0.87602	1.1452	735.58	-0.050391	6.3237e-05	0.095848	supercritical
1400.4	309.00	79.653	0.012555	1056.2	1444.1	6.4927	0.87610	1.1453	735.80	-0.050416	6.3264e-05	0.095898	supercritical
1401.4	309.00	79.598	0.012563	1057.1	1445.3	6.4935	0.87618	1.1453	736.03	-0.050441	6.3291e-05	0.095948	supercritical
1402.4	309.00	79.544	0.012572	1057.9	1446.4	6.4943	0.87627	1.1454	736.25	-0.050466	6.3318e-05	0.095998	supercritical
1403.4	309.00	79.490	0.012580	1058.8	1447.6	6.4952	0.87635	1.1455	736.47	-0.050490	6.3345e-05	0.096048	supercritical
1404.4	309.00	79.436	0.012589	1059.7	1448.7	6.4960	0.87644	1.1456	736.70	-0.050515	6.3372e-05	0.096097	supercritical
1405.4	309.00	79.382	0.012597	1060.6	1449.8	6.4968	0.87652	1.1456	736.92	-0.050539	6.3399e-05	0.096147	supercritical
1406.4	309.00	79.328	0.012606	1061.5	1451.0	6.4976	0.87661	1.1457	737.15	-0.050564	6.3426e-05	0.096197	supercritical
1407.4	309.00	79.275	0.012614	1062.4	1452.1	6.4984	0.87669	1.1458	737.37	-0.050588	6.3453e-05	0.096247	supercritical
1408.4	309.00	79.221	0.012623	1063.2	1453.3	6.4992	0.87677	1.1458	737.60	-0.050612	6.3480e-05	0.096297	supercritical
1409.4	309.00	79.167	0.012631	1064.1	1454.4	6.5000	0.87686	1.1459	737.82	-0.050637	6.3507e-05	0.096346	supercritical
1410.4	309.00	79.114	0.012640	1065.0	1455.6	6.5009	0.87694	1.1460	738.04	-0.050661	6.3534e-05	0.096396	supercritical
1411.4	309.00	79.060	0.012649	1065.9	1456.7	6.5017	0.87703	1.1460	738.27	-0.050685	6.3561e-05	0.096446	supercritical
1412.4	309.00	79.007	0.012657	1066.8	1457.9	6.5025	0.87711	1.1461	738.49	-0.050710	6.3588e-05	0.096496	supercritical
1413.4	309.00	78.954	0.012666	1067.6	1459.0	6.5033	0.87719	1.1462	738.71	-0.050734	6.3615e-05	0.096546	supercritical
1414.4	309.00	78.900	0.012674	1068.5	1460.2	6.5041	0.87728	1.1462	738.94	-0.050758	6.3642e-05	0.096595	supercritical
1415.4	309.00	78.847	0.012683	1069.4	1461.3	6.5049	0.87736	1.1463	739.16	-0.050782	6.3669e-05	0.096645	supercritical
1416.4	309.00	78.794	0.012691	1070.3	1462.4	6.5057	0.87745	1.1464	739.38	-0.050806	6.3696e-05	0.096695	supercritical
1417.4	309.00	78.741	0.012700	1071.2	1463.6	6.5065	0.87753	1.1465	739.61	-0.050830	6.3723e-05	0.096745	supercritical
1418.4	309.00	78.688	0.012708	1072.1	1464.7	6.5073	0.87761	1.1465	739.83	-0.050854	6.3750e-05	0.096795	supercritical
1419.4	309.00	78.635	0.012717	1072.9	1465.9	6.5081	0.87770	1.1466	740.05	-0.050878	6.3777e-05	0.096844	supercritical
1420.4	309.00	78.582	0.012726	1073.8	1467.0	6.5090	0.87778	1.1467	740.28	-0.050902	6.3804e-05	0.096894	supercritical
1421.4	309.00	78.529	0.012734	1074.7	1468.2	6.5098	0.87786	1.1467	740.50	-0.050926	6.3831e-05	0.096944	supercritical
1422.4	309.00	78.477	0.012743	1075.6	1469.3	6.5106	0.87795	1.1468	740.72	-0.050949	6.3858e-05	0.096994	supercritical
1423.4	309.00	78.424	0.012751	1076.5	1470.5	6.5114	0.87803	1.1469	740.95	-0.050973	6.3885e-05	0.097043	supercritical
1424.4	309.00	78.372	0.012760	1077.3	1471.6	6.5122	0.87811	1.1469	741.17	-0.050997	6.3912e-05	0.097093	supercritical
1425.4	309.00	78.319	0.012768	1078.2	1472.8	6.5130	0.87820	1.1470	741.39	-0.051021	6.3939e-05	0.097143	supercritical
1426.4	309.00	78.267	0.012777	1079.1	1473.9	6.5138	0.87828	1.1471	741.61	-0.051044	6.3966e-05	0.097192	supercritical
1427.4	309.00	78.214	0.012785	1080.0	1475.1	6.5146	0.87836	1.1471	741.84	-0.051068	6.3993e-05	0.097242	supercritical
1428.4	309.00	78.162	0.012794	1080.9	1476.2	6.5154	0.87844	1.1472	742.06	-0.051091	6.4020e-05	0.097292	supercritical
1429.4	309.00	78.110	0.012802	1081.8	1477.4	6.5162	0.87853	1.1473	742.28	-0.051115	6.4047e-05	0.097342	supercritical
1430.4	309.00	78.058	0.012811	1082.6	1478.5	6.5170	0.87861	1.1474	742.50	-0.051138	6.4074e-05	0.097391	supercritical
1431.4	309.00	78.006	0.012820	1083.5	1479.7	6.5178	0.87869	1.1474	742.73	-0.051162	6.4100e-05	0.097441	supercritical
1432.4	309.00	77.954	0.012828	1084.4	1480.8	6.5186	0.87878	1.1475	742.95	-0.051185	6.4127e-05	0.097491	supercritical
1433.4	309.00	77.902	0.012837	1085.3	1481.9	6.5194	0.87886	1.1476	743.17	-0.051209	6.4154e-05	0.097540	supercritical
1434.4	309.00	77.850	0.012845	1086.2	1483.1	6.5202	0.87894	1.1476	743.39	-0.051232	6.4181e-05	0.097590	supercritical
1435.4	309.00	77.798	0.012854	1087.1	1484.2	6.5210	0.87902	1.1477	743.62	-0.051255	6.4208e-05	0.097640	supercritical
1436.4	309.00	77.747	0.012862	1087.9	1485.4	6.5218	0.87911	1.1478	743.84	-0.051278	6.4235e-05	0.097689	supercritical
1437.4	309.00	77.695	0.012871	1088.8	1486.5	6.5226	0.87919	1.1478	744.06	-0.051301	6.4262e-05	0.097739	supercritical
1438.4	309.00	77.644	0.012879	1089.7	1487.7	6.5234	0.87927	1.1479	744.28	-0.051325	6.4289e-05	0.097789	supercritical
1439.4	309.00	77.592	0.012888	1090.6	1488.8	6.5242	0.87935	1.1480	744.50	-0.051348	6.4315e-05	0.097838	supercritical
1440.4	309.00	77.541	0.012896	1091.5	1490.0	6.5250	0.87944	1.1480	744.72	-0.051371	6.4342e-05	0.097888	supercritical
1441.4	309.00	77.489	0.012905	1092.4	1491.1	6.5258	0.87952	1.1481	744.95	-0.051394	6.4369e-05	0.097938	supercritical
1442.4	309.00	77.438	0.012914	1093.3	1492.3	6.5266	0.87960	1.1482	745.17	-0.051417	6.4396e-05	0.097987	supercritical
1443.4	309.00	77.387	0.012922	1094.1	1493.4	6.5274	0.87968	1.1482	745.39	-0.051440	6.4423e-05	0.098037	supercritical
1444.4	309.00	77.336	0.012931	1095.0	1494.6	6.5282	0.87976	1.1483	745.61	-0.051463	6.4450e-05	0.098087	supercritical
1445.4	309.00	77.285	0.012939	1095.9	1495.7	6.5290	0.87985	1.1484	745.83	-0.051486	6.4476e-05	0.098136	supercritical
1446.4	309.00	77.234	0.012948	1096.8	1496.9	6.5298	0.87993	1.1484	746.05	-0.051508	6.4503e-05	0.098186	supercritical
1447.4	309.00	77.183	0.012956	1097.7	1498.0	6.5306	0.88001	1.1485	746.27	-0.051531	6.4530e-05	0.098236	supercritical
1448.4	309.00	77.132	0.012965	1098.6	1499.2	6.5314	0.88009	1.1486	746.49	-0.051554	6.4557e-05	0.098285	supercritical
1449.4	309.00	77.081	0.012973	1099.4	1500.3	6.5321	0.88017	1.1487	746.72	-0.051577	6.4584e-05	0.098335	supercritical
1450.4	309.00	77.030	0.012982	1100.3	1501.5	6.5329	0.88026	1.1487	746.94	-0.051599	6.4610e-05	0.098384	supercritical
1451.4	309.00	76.980	0.012990	1101.2	1502.6	6.5337	0.88034	1.1488	747.16	-0.051622	6.4637e-05	0.098434	supercritical
1452.4	309.00	76.929	0.012999	1102.1	1503.8	6.5345	0.88042	1.1489	747.38	-0.051644	6.4664e-05	0.098484	supercritical
1453.4	309.00	76.879	0.013008	1103.0	1504.9	6.5353	0.88050	1.1489	747.60	-0.051667	6.4691e-05	0.098533	supercritical
1454.4	309.00	76.828	0.013016	1103.9	1506.1	6.5361	0.88058	1.1490	747.82	-0.051690	6.4718e-05	0.098583	supercritical
1455.4	309.00	76.778	0.013025	1104.8	1507.2	6.5369	0.88066	1.1491	748.04	-0.051712	6.4744e-05	0.098632	supercritical
1456.4	309.00	76.728	0.013033	1105.6	1508.4	6.5377	0.88075	1.1491	748.26	-0.051734	6.4771e-05	0.098682	supercritical
1457.4	309.00	76.677	0.013042	1106.5	1509.5	6.5385	0.88083	1.1492	748.48	-0.051757	6.4798e-05	0.098732	supercritical
1458.4	309.00	76.627	0.013050	1107.4	1510.7	6.5393	0.88091	1.1493	748.70	-0.051779	6.4825e-05	0.098781	supercritical
1459.4	309.00	76.577	0.013059	1108.3	1511.8	6.5400	0.88099	1.1493	748.92	-0.051801	6.4851e-05	0.098831	supercritical
1460.4	309.00	76.527	0.013067	1109.2	1513.0	6.5408	0.88107	1.1494	749.14	-0.051824	6.4878e-05	0.098880	supercritical
1461.4	309.00	76.477	0.013076	1110.1	1514.1	6.5416	0.88115	1.1495	749.36	-0.051846	6.4905e-05	0.098930	supercritical
1462.4	309.00	76.427	0.013084	1110.9	1515.3	6.5424	0.88123	1.1495	749.58	-0.051868	6.4932e-05	0.098980	supercritical
1463.4	309.00	76.377	0.013093	1111.8	1516.4	6.5432	0.88132	1.1496	749.80	-0.051890	6.4958e-05	0.099029	supercritical
1464.4	309.00	76.327	0.013101	1112.7	1517.6	6.5440	0.88140	1.1497	750.02	-0.051912	6.4985e-05	0.099079	supercritical
1465.4	309.00	76.278	0.013110	1113.6	1518.7	6.5448	0.88148	1.1497	750.24	-0.051935	6.5012e-05	0.099128	supercritical
1466.4	309.00	76.228	0.013119	1114.5	1519.9	6.5456	0.88156	1.1498	750.46	-0.051957	6.5039e-05	0.099178	supercritical
1467.4	309.00	76.178	0.013127	1115.4	1521.0	6.5463	0.88164	1.1499	750.68	-0.051979	6.5065e-05	0.099227	supercritical
1468.4	309.00	76.129	0.013136	1116.3	1522.2	6.5471	0.88172	1.1500	750.90	-0.052001	6.5092e-05	0.099277	supercritical
1469.4	309.00	76.080	0.013144	1117.1	1523.3	6.5479	0.88180	1.1500	751.12	-0.052023	6.5119e-05	0.099326	supercritical
1470.4	309.00	76.030	0.013153	1118.0	1524.5	6.5487	0.88188	1.1501	751.34	-0.052044	6.5145e-05	0.099376	supercritical
1471.4	309.00	75.981	0.013161	1118.9	1525.6	6.5495	0.88196	1.1502	751.56	-0.052066	6.5172e-05	0.099425	supercritical
1472.4	309.00	75.932	0.013170	1119.8	1526.8	6.5502	0.88204	1.1502	751.78	-0.052088	6.5199e-05	0.099475	supercritical
1473.4	309.00	75.882	0.013178	1120.7	1527.9	6.5510	0.88212	1.1503	752.00	-0.052110	6.5225e-05	0.099524	supercritical
1474.4	309.00	75.833	0.013187	1121.6	1529.1	6.5518	0.88221	1.1504	752.22	-0.052132	6.5252e-05	0.099574	supercritical
1475.4	309.00	75.784	0.013195	1122.5	1530.2	6.5526	0.88229	1.1504	752.43	-0.052153	6.5279e-05	0.099623	supercritical
1476.4	309.00	75.735	0.013204	1123.4	1531.4	6.5534	0.88237	1.1505	752.65	-0.052175	6.5305e-05	0.099673	supercritical
1477.4	309.00	75.686	0.013212	1124.2	1532.5	6.5541	0.88245	1.1506	752.87	-0.052197	6.5332e-05	0.099722	supercritical
1478.4	309.00	75.637	0.013221	1125.1	1533.7	6.5549	0.88253	1.1506	753.09	-0.052218	6.5359e-05	0.099772	supercritical
1479.4	309.00	75.589	0.013230	1126.0	1534.8	6.5557	0.88261	1.1507	753.31	-0.052240	6.5385e-05	0.099821	supercritical
1480.4	309.00	75.540	0.013238	1126.9	1536.0	6.5565	0.88269	1.1508	753.53	-0.052261	6.5412e-05	0.099871	supercritical
1481.4	309.00	75.491	0.013247	1127.8	1537.1	6.5573	0.88277	1.1508	753.75	-0.052283	6.5439e-05	0.099920	supercritical
1482.4	309.00	75.443	0.013255	1128.7	1538.3	6.5580	0.88285	1.1509	753.97	-0.052304	6.5465e-05	0.099970	supercritical
1483.4	309.00	75.394	0.013264	1129.6	1539.4	6.5588	0.88293	1.1510	754.18	-0.052326	6.5492e-05	0.10002	supercritical
1484.4	309.00	75.345	0.013272	1130.5	1540.6	6.5596	0.88301	1.1510	754.40	-0.052347	6.5519e-05	0.10007	supercritical
1485.4	309.00	75.297	0.013281	1131.3	1541.7	6.5604	0.88309	1.1511	754.62	-0.052368	6.5545e-05	0.10012	supercritical
1486.4	309.00	75.249	0.013289	1132.2	1542.9	6.5611	0.88317	1.1512	754.84	-0.052390	6.5572e-05	0.10017	supercritical
1487.4	309.00	75.200	0.013298	1133.1	1544.0	6.5619	0.88325	1.1512	755.06	-0.052411	6.5598e-05	0.10022	supercritical
1488.4	309.00	75.152	0.013306	1134.0	1545.2	6.5627	0.88333	1.1513	755.28	-0.052432	6.5625e-05	0.10027	supercritical
1489.4	309.00	75.104	0.013315	1134.9	1546.3	6.5635	0.88341	1.1514	755.49	-0.052453	6.5652e-05	0.10032	supercritical
1490.4	309.00	75.056	0.013323	1135.8	1547.5	6.5642	0.88349	1.1514	755.71	-0.052475	6.5678e-05	0.10037	supercritical
1491.4	309.00	75.008	0.013332	1136.7	1548.6	6.5650	0.88357	1.1515	755.93	-0.052496	6.5705e-05	0.10041	supercritical
1492.4	309.00	74.960	0.013340	1137.6	1549.8	6.5658	0.88365	1.1516	756.15	-0.052517	6.5731e-05	0.10046	supercritical
1493.4	309.00	74.912	0.013349	1138.4	1550.9	6.5665	0.88373	1.1517	756.37	-0.052538	6.5758e-05	0.10051	supercritical
1494.4	309.00	74.864	0.013358	1139.3	1552.1	6.5673	0.88381	1.1517	756.58	-0.052559	6.5784e-05	0.10056	supercritical
1495.4	309.00	74.816	0.013366	1140.2	1553.2	6.5681	0.88389	1.1518	756.80	-0.052580	6.5811e-05	0.10061	supercritical
1496.4	309.00	74.769	0.013375	1141.1	1554.4	6.5689	0.88397	1.1519	757.02	-0.052601	6.5838e-05	0.10066	supercritical
1497.4	309.00	74.721	0.013383	1142.0	1555.5	6.5696	0.88405	1.1519	757.24	-0.052622	6.5864e-05	0.10071	supercritical
1498.4	309.00	74.673	0.013392	1142.9	1556.7	6.5704	0.88413	1.1520	757.45	-0.052643	6.5891e-05	0.10076	supercritical
1499.4	309.00	74.626	0.013400	1143.8	1557.8	6.5712	0.88421	1.1521	757.67	-0.052663	6.5917e-05	0.10081	supercritical
1500.4	309.00	74.578	0.013409	1144.7	1559.0	6.5719	0.88429	1.1521	757.89	-0.052684	6.5944e-05	0.10086	supercritical
1501.4	309.00	74.531	0.013417	1145.5	1560.1	6.5727	0.88437	1.1522	758.10	-0.052705	6.5970e-05	0.10091	supercritical
1502.4	309.00	74.483	0.013426	1146.4	1561.3	6.5735	0.88445	1.1523	758.32	-0.052726	6.5997e-05	0.10096	supercritical
1503.4	309.00	74.436	0.013434	1147.3	1562.4	6.5742	0.88453	1.1523	758.54	-0.052746	6.6023e-05	0.10101	supercritical
1504.4	309.00	74.389	0.013443	1148.2	1563.6	6.5750	0.88461	1.1524	758.76	-0.052767	6.6050e-05	0.10106	supercritical
1505.4	309.00	74.342	0.013451	1149.1	1564.7	6.5758	0.88468	1.1525	758.97	-0.052788	6.6076e-05	0.10111	supercritical
1506.4	309.00	74.295	0.013460	1150.0	1565.9	6.5765	0.88476	1.1525	759.19	-0.052808	6.6103e-05	0.10116	supercritical
1507.4	309.00	74.248	0.013468	1150.9	1567.1	6.5773	0.88484	1.1526	759.41	-0.052829	6.6129e-05	0.10121	supercritical
1508.4	309.00	74.201	0.013477	1151.8	1568.2	6.5781	0.88492	1.1527	759.62	-0.052849	6.6156e-05	0.10125	supercritical
1509.4	309.00	74.154	0.013486	1152.7	1569.4	6.5788	0.88500	1.1527	759.84	-0.052870	6.6182e-05	0.10130	supercritical
1510.4	309.00	74.107	0.013494	1153.5	1570.5	6.5796	0.88508	1.1528	760.06	-0.052890	6.6209e-05	0.10135	supercritical
1511.4	309.00	74.060	0.013503	1154.4	1571.7	6.5804	0.88516	1.1529	760.27	-0.052911	6.6235e-05	0.10140	supercritical
1512.4	309.00	74.013	0.013511	1155.3	1572.8	6.5811	0.88524	1.1529	760.49	-0.052931	6.6262e-05	0.10145	supercritical
1513.4	309.00	73.966	0.013520	1156.2	1574.0	6.5819	0.88532	1.1530	760.71	-0.052951	6.6288e-05	0.10150	supercritical
1514.4	309.00	73.920	0.013528	1157.1	1575.1	6.5826	0.88540	1.1531	760.92	-0.052972	6.6315e-05	0.10155	supercritical
1515.4	309.00	73.873	0.013537	1158.0	1576.3	6.5834	0.88548	1.1531	761.14	-0.052992	6.6341e-05	0.10160	supercritical
1516.4	309.00	73.827	0.013545	1158.9	1577.4	6.5842	0.88555	1.1532	761.35	-0.053012	6.6368e-05	0.10165	supercritical
1517.4	309.00	73.780	0.013554	1159.8	1578.6	6.5849	0.88563	1.1533	761.57	-0.053032	6.6394e-05	0.10170	supercritical
1518.4	309.00	73.734	0.013562	1160.7	1579.7	6.5857	0.88571	1.1533	761.79	-0.053053	6.6421e-05	0.10175	supercritical
1519.4	309.00	73.687	0.013571	1161.6	1580.9	6.5864	0.88579	1.1534	762.00	-0.053073	6.6447e-05	0.10180	supercritical
1520.4	309.00	73.641	0.013579	1162.4	1582.0	6.5872	0.88587	1.1535	762.22	-0.053093	6.6474e-05	0.10185	supercritical
1521.4	309.00	73.595	0.013588	1163.3	1583.2	6.5880	0.88595	1.1535	762.43	-0.053113	6.6500e-05	0.10190	supercritical
1522.4	309.00	73.549	0.013596	1164.2	1584.4	6.5887	0.88603	1.1536	762.65	-0.053133	6.6527e-05	0.10195	supercritical
1523.4	309.00	73.503	0.013605	1165.1	1585.5	6.5895	0.88611	1.1537	762.87	-0.053153	6.6553e-05	0.10199	supercritical
1524.4	309.00	73.457	0.013613	1166.0	1586.7	6.5902	0.88619	1.1537	763.08	-0.053173	6.6579e-05	0.10204	supercritical
1525.4	309.00	73.411	0.013622	1166.9	1587.8	6.5910	0.88626	1.1538	763.30	-0.053193	6.6606e-05	0.10209	supercritical
1526.4	309.00	73.365	0.013631	1167.8	1589.0	6.5917	0.88634	1.1539	763.51	-0.053213	6.6632e-05	0.10214	supercritical
1527.4	309.00	73.319	0.013639	1168.7	1590.1	6.5925	0.88642	1.1539	763.73	-0.053233	6.6659e-05	0.10219	supercritical
1528.4	309.00	73.273	0.013648	1169.6	1591.3	6.5933	0.88650	1.1540	763.94	-0.053252	6.6685e-05	0.10224	supercritical
1529.4	309.00	73.227	0.013656	1170.5	1592.4	6.5940	0.88658	1.1541	764.16	-0.053272	6.6711e-05	0.10229	supercritical
1530.4	309.00	73.182	0.013665	1171.3	1593.6	6.5948	0.88666	1.1541	764.37	-0.053292	6.6738e-05	0.10234	supercritical
1531.4	309.00	73.136	0.013673	1172.2	1594.7	6.5955	0.88673	1.1542	764.59	-0.053312	6.6764e-05	0.10239	supercritical
1532.4	309.00	73.090	0.013682	1173.1	1595.9	6.5963	0.88681	1.1543	764.80	-0.053331	6.6791e-05	0.10244	supercritical
1533.4	309.00	73.045	0.013690	1174.0	1597.0	6.5970	0.88689	1.1543	765.02	-0.053351	6.6817e-05	0.10249	supercritical
1534.4	309.00	72.999	0.013699	1174.9	1598.2	6.5978	0.88697	1.1544	765.23	-0.053371	6.6843e-05	0.10254	supercritical
1535.4	309.00	72.954	0.013707	1175.8	1599.4	6.5985	0.88705	1.1545	765.45	-0.053390	6.6870e-05	0.10259	supercritical
1536.4	309.00	72.909	0.013716	1176.7	1600.5	6.5993	0.88713	1.1545	765.66	-0.053410	6.6896e-05	0.10263	supercritical
1537.4	309.00	72.863	0.013724	1177.6	1601.7	6.6000	0.88720	1.1546	765.88	-0.053429	6.6922e-05	0.10268	supercritical
1538.4	309.00	72.818	0.013733	1178.5	1602.8	6.6008	0.88728	1.1547	766.09	-0.053449	6.6949e-05	0.10273	supercritical
1539.4	309.00	72.773	0.013741	1179.4	1604.0	6.6015	0.88736	1.1548	766.31	-0.053468	6.6975e-05	0.10278	supercritical
1540.4	309.00	72.728	0.013750	1180.3	1605.1	6.6023	0.88744	1.1548	766.52	-0.053488	6.7002e-05	0.10283	supercritical
1541.4	309.00	72.683	0.013758	1181.1	1606.3	6.6030	0.88752	1.1549	766.74	-0.053507	6.7028e-05	0.10288	supercritical
1542.4	309.00	72.638	0.013767	1182.0	1607.4	6.6038	0.88759	1.1550	766.95	-0.053527	6.7054e-05	0.10293	supercritical
1543.4	309.00	72.593	0.013775	1182.9	1608.6	6.6045	0.88767	1.1550	767.16	-0.053546	6.7081e-05	0.10298	supercritical
1544.4	309.00	72.548	0.013784	1183.8	1609.7	6.6053	0.88775	1.1551	767.38	-0.053565	6.7107e-05	0.10303	supercritical
1545.4	309.00	72.503	0.013793	1184.7	1610.9	6.6060	0.88783	1.1552	767.59	-0.053584	6.7133e-05	0.10308	supercritical
1546.4	309.00	72.458	0.013801	1185.6	1612.1	6.6068	0.88791	1.1552	767.81	-0.053604	6.7160e-05	0.10313	supercritical
1547.4	309.00	72.414	0.013810	1186.5	1613.2	6.6075	0.88798	1.1553	768.02	-0.053623	6.7186e-05	0.10318	supercritical
1548.4	309.00	72.369	0.013818	1187.4	1614.4	6.6083	0.88806	1.1554	768.23	-0.053642	6.7212e-05	0.10323	supercritical
1549.4	309.00	72.324	0.013827	1188.3	1615.5	6.6090	0.88814	1.1554	768.45	-0.053661	6.7238e-05	0.10327	supercritical
1550.4	309.00	72.280	0.013835	1189.2	1616.7	6.6098	0.88822	1.1555	768.66	-0.053680	6.7265e-05	0.10332	supercritical
1551.4	309.00	72.235	0.013844	1190.1	1617.8	6.6105	0.88830	1.1556	768.88	-0.053699	6.7291e-05	0.10337	supercritical
1552.4	309.00	72.191	0.013852	1191.0	1619.0	6.6112	0.88837	1.1556	769.09	-0.053718	6.7317e-05	0.10342	supercritical
1553.4	309.00	72.146	0.013861	1191.8	1620.1	6.6120	0.88845	1.1557	769.30	-0.053738	6.7344e-05	0.10347	supercritical
1554.4	309.00	72.102	0.013869	1192.7	1621.3	6.6127	0.88853	1.1558	769.52	-0.053756	6.7370e-05	0.10352	supercritical
1555.4	309.00	72.058	0.013878	1193.6	1622.5	6.6135	0.88861	1.1558	769.73	-0.053775	6.7396e-05	0.10357	supercritical
1556.4	309.00	72.014	0.013886	1194.5	1623.6	6.6142	0.88868	1.1559	769.94	-0.053794	6.7423e-05	0.10362	supercritical
1557.4	309.00	71.969	0.013895	1195.4	1624.8	6.6150	0.88876	1.1560	770.16	-0.053813	6.7449e-05	0.10367	supercritical
1558.4	309.00	71.925	0.013903	1196.3	1625.9	6.6157	0.88884	1.1560	770.37	-0.053832	6.7475e-05	0.10372	supercritical
1559.4	309.00	71.881	0.013912	1197.2	1627.1	6.6164	0.88892	1.1561	770.58	-0.053851	6.7501e-05	0.10377	supercritical
1560.4	309.00	71.837	0.013920	1198.1	1628.2	6.6172	0.88899	1.1562	770.80	-0.053870	6.7528e-05	0.10382	supercritical
1561.4	309.00	71.793	0.013929	1199.0	1629.4	6.6179	0.88907	1.1562	771.01	-0.053888	6.7554e-05	0.10386	supercritical
1562.4	309.00	71.749	0.013937	1199.9	1630.5	6.6187	0.88915	1.1563	771.22	-0.053907	6.7580e-05	0.10391	supercritical
1563.4	309.00	71.705	0.013946	1200.8	1631.7	6.6194	0.88923	1.1564	771.44	-0.053926	6.7606e-05	0.10396	supercritical
1564.4	309.00	71.662	0.013954	1201.7	1632.9	6.6201	0.88930	1.1564	771.65	-0.053945	6.7633e-05	0.10401	supercritical
1565.4	309.00	71.618	0.013963	1202.6	1634.0	6.6209	0.88938	1.1565	771.86	-0.053963	6.7659e-05	0.10406	supercritical
1566.4	309.00	71.574	0.013972	1203.5	1635.2	6.6216	0.88946	1.1566	772.07	-0.053982	6.7685e-05	0.10411	supercritical
1567.4	309.00	71.531	0.013980	1204.3	1636.3	6.6224	0.88953	1.1566	772.29	-0.054000	6.7711e-05	0.10416	supercritical
1568.4	309.00	71.487	0.013989	1205.2	1637.5	6.6231	0.88961	1.1567	772.50	-0.054019	6.7737e-05	0.10421	supercritical
1569.4	309.00	71.444	0.013997	1206.1	1638.6	6.6238	0.88969	1.1568	772.71	-0.054037	6.7764e-05	0.10426	supercritical
1570.4	309.00	71.400	0.014006	1207.0	1639.8	6.6246	0.88977	1.1568	772.92	-0.054056	6.7790e-05	0.10431	supercritical
1571.4	309.00	71.357	0.014014	1207.9	1641.0	6.6253	0.88984	1.1569	773.14	-0.054074	6.7816e-05	0.10436	supercritical
1572.4	309.00	71.313	0.014023	1208.8	1642.1	6.6260	0.88992	1.1570	773.35	-0.054093	6.7842e-05	0.10440	supercritical
1573.4	309.00	71.270	0.014031	1209.7	1643.3	6.6268	0.89000	1.1570	773.56	-0.054111	6.7869e-05	0.10445	supercritical
1574.4	309.00	71.227	0.014040	1210.6	1644.4	6.6275	0.89007	1.1571	773.77	-0.054129	6.7895e-05	0.10450	supercritical
1575.4	309.00	71.184	0.014048	1211.5	1645.6	6.6283	0.89015	1.1572	773.99	-0.054148	6.7921e-05	0.10455	supercritical
1576.4	309.00	71.140	0.014057	1212.4	1646.7	6.6290	0.89023	1.1572	774.20	-0.054166	6.7947e-05	0.10460	supercritical
1577.4	309.00	71.097	0.014065	1213.3	1647.9	6.6297	0.89030	1.1573	774.41	-0.054184	6.7973e-05	0.10465	supercritical
1578.4	309.00	71.054	0.014074	1214.2	1649.1	6.6305	0.89038	1.1574	774.62	-0.054203	6.7999e-05	0.10470	supercritical
1579.4	309.00	71.011	0.014082	1215.1	1650.2	6.6312	0.89046	1.1574	774.83	-0.054221	6.8026e-05	0.10475	supercritical
1580.4	309.00	70.968	0.014091	1216.0	1651.4	6.6319	0.89053	1.1575	775.05	-0.054239	6.8052e-05	0.10480	supercritical
1581.4	309.00	70.926	0.014099	1216.9	1652.5	6.6327	0.89061	1.1576	775.26	-0.054257	6.8078e-05	0.10485	supercritical
1582.4	309.00	70.883	0.014108	1217.8	1653.7	6.6334	0.89069	1.1576	775.47	-0.054275	6.8104e-05	0.10490	supercritical
1583.4	309.00	70.840	0.014116	1218.7	1654.8	6.6341	0.89077	1.1577	775.68	-0.054293	6.8130e-05	0.10494	supercritical
1584.4	309.00	70.797	0.014125	1219.5	1656.0	6.6348	0.89084	1.1578	775.89	-0.054311	6.8156e-05	0.10499	supercritical
1585.4	309.00	70.755	0.014133	1220.4	1657.2	6.6356	0.89092	1.1578	776.10	-0.054329	6.8183e-05	0.10504	supercritical
1586.4	309.00	70.712	0.014142	1221.3	1658.3	6.6363	0.89100	1.1579	776.32	-0.054347	6.8209e-05	0.10509	supercritical
1587.4	309.00	70.669	0.014150	1222.2	1659.5	6.6370	0.89107	1.1580	776.53	-0.054365	6.8235e-05	0.10514	supercritical
1588.4	309.00	70.627	0.014159	1223.1	1660.6	6.6378	0.89115	1.1580	776.74	-0.054383	6.8261e-05	0.10519	supercritical
1589.4	309.00	70.584	0.014167	1224.0	1661.8	6.6385	0.89122	1.1581	776.95	-0.054401	6.8287e-05	0.10524	supercritical
1590.4	309.00	70.542	0.014176	1224.9	1663.0	6.6392	0.89130	1.1582	777.16	-0.054419	6.8313e-05	0.10529	supercritical
1591.4	309.00	70.500	0.014184	1225.8	1664.1	6.6400	0.89138	1.1582	777.37	-0.054437	6.8339e-05	0.10534	supercritical
1592.4	309.00	70.457	0.014193	1226.7	1665.3	6.6407	0.89145	1.1583	777.58	-0.054455	6.8365e-05	0.10539	supercritical
1593.4	309.00	70.415	0.014202	1227.6	1666.4	6.6414	0.89153	1.1584	777.79	-0.054472	6.8392e-05	0.10543	supercritical
1594.4	309.00	70.373	0.014210	1228.5	1667.6	6.6421	0.89161	1.1584	778.00	-0.054490	6.8418e-05	0.10548	supercritical
1595.4	309.00	70.331	0.014219	1229.4	1668.7	6.6429	0.89168	1.1585	778.21	-0.054508	6.8444e-05	0.10553	supercritical
1596.4	309.00	70.289	0.014227	1230.3	1669.9	6.6436	0.89176	1.1586	778.43	-0.054526	6.8470e-05	0.10558	supercritical
1597.4	309.00	70.247	0.014236	1231.2	1671.1	6.6443	0.89184	1.1586	778.64	-0.054543	6.8496e-05	0.10563	supercritical
1598.4	309.00	70.205	0.014244	1232.1	1672.2	6.6450	0.89191	1.1587	778.85	-0.054561	6.8522e-05	0.10568	supercritical
1599.4	309.00	70.163	0.014253	1233.0	1673.4	6.6458	0.89199	1.1588	779.06	-0.054579	6.8548e-05	0.10573	supercritical
1600.4	309.00	70.121	0.014261	1233.9	1674.5	6.6465	0.89207	1.1588	779.27	-0.054596	6.8574e-05	0.10578	supercritical
1601.4	309.00	70.079	0.014270	1234.8	1675.7	6.6472	0.89214	1.1589	779.48	-0.054614	6.8600e-05	0.10583	supercritical
1602.4	309.00	70.037	0.014278	1235.7	1676.9	6.6479	0.89222	1.1590	779.69	-0.054631	6.8626e-05	0.10588	supercritical
1603.4	309.00	69.995	0.014287	1236.6	1678.0	6.6487	0.89229	1.1590	779.90	-0.054649	6.8652e-05	0.10592	supercritical
1604.4	309.00	69.954	0.014295	1237.5	1679.2	6.6494	0.89237	1.1591	780.11	-0.054666	6.8678e-05	0.10597	supercritical
1605.4	309.00	69.912	0.014304	1238.3	1680.3	6.6501	0.89245	1.1592	780.32	-0.054684	6.8705e-05	0.10602	supercritical
1606.4	309.00	69.870	0.014312	1239.2	1681.5	6.6508	0.89252	1.1592	780.53	-0.054701	6.8731e-05	0.10607	supercritical
1607.4	309.00	69.829	0.014321	1240.1	1682.6	6.6515	0.89260	1.1593	780.74	-0.054718	6.8757e-05	0.10612	supercritical
1608.4	309.00	69.787	0.014329	1241.0	1683.8	6.6523	0.89267	1.1594	780.95	-0.054736	6.8783e-05	0.10617	supercritical
1609.4	309.00	69.746	0.014338	1241.9	1685.0	6.6530	0.89275	1.1594	781.16	-0.054753	6.8809e-05	0.10622	supercritical
1610.4	309.00	69.704	0.014346	1242.8	1686.1	6.6537	0.89283	1.1595	781.37	-0.054770	6.8835e-05	0.10627	supercritical
1611.4	309.00	69.663	0.014355	1243.7	1687.3	6.6544	0.89290	1.1596	781.58	-0.054787	6.8861e-05	0.10632	supercritical
1612.4	309.00	69.622	0.014363	1244.6	1688.4	6.6551	0.89298	1.1596	781.79	-0.054805	6.8887e-05	0.10637	supercritical
1613.4	309.00	69.581	0.014372	1245.5	1689.6	6.6559	0.89305	1.1597	782.00	-0.054822	6.8913e-05	0.10641	supercritical
1614.4	309.00	69.539	0.014380	1246.4	1690.8	6.6566	0.89313	1.1598	782.21	-0.054839	6.8939e-05	0.10646	supercritical
1615.4	309.00	69.498	0.014389	1247.3	1691.9	6.6573	0.89321	1.1598	782.42	-0.054856	6.8965e-05	0.10651	supercritical
1616.4	309.00	69.457	0.014397	1248.2	1693.1	6.6580	0.89328	1.1599	782.63	-0.054873	6.8991e-05	0.10656	supercritical
1617.4	309.00	69.416	0.014406	1249.1	1694.2	6.6587	0.89336	1.1600	782.84	-0.054890	6.9017e-05	0.10661	supercritical
1618.4	309.00	69.375	0.014414	1250.0	1695.4	6.6595	0.89343	1.1600	783.05	-0.054907	6.9043e-05	0.10666	supercritical
1619.4	309.00	69.334	0.014423	1250.9	1696.6	6.6602	0.89351	1.1601	783.26	-0.054925	6.9069e-05	0.10671	supercritical
1620.4	309.00	69.293	0.014431	1251.8	1697.7	6.6609	0.89359	1.1602	783.46	-0.054942	6.9095e-05	0.10676	supercritical
1621.4	309.00	69.252	0.014440	1252.7	1698.9	6.6616	0.89366	1.1602	783.67	-0.054958	6.9121e-05	0.10681	supercritical
1622.4	309.00	69.212	0.014448	1253.6	1700.0	6.6623	0.89374	1.1603	783.88	-0.054975	6.9147e-05	0.10685	supercritical
1623.4	309.00	69.171	0.014457	1254.5	1701.2	6.6630	0.89381	1.1604	784.09	-0.054992	6.9173e-05	0.10690	supercritical
1624.4	309.00	69.130	0.014465	1255.4	1702.4	6.6637	0.89389	1.1604	784.30	-0.055009	6.9199e-05	0.10695	supercritical
1625.4	309.00	69.090	0.014474	1256.3	1703.5	6.6645	0.89396	1.1605	784.51	-0.055026	6.9225e-05	0.10700	supercritical
1626.4	309.00	69.049	0.014482	1257.2	1704.7	6.6652	0.89404	1.1606	784.72	-0.055043	6.9251e-05	0.10705	supercritical
1627.4	309.00	69.008	0.014491	1258.1	1705.8	6.6659	0.89411	1.1606	784.93	-0.055060	6.9277e-05	0.10710	supercritical
1628.4	309.00	68.968	0.014500	1259.0	1707.0	6.6666	0.89419	1.1607	785.14	-0.055076	6.9303e-05	0.10715	supercritical
1629.4	309.00	68.927	0.014508	1259.9	1708.2	6.6673	0.89427	1.1608	785.34	-0.055093	6.9329e-05	0.10720	supercritical
1630.4	309.00	68.887	0.014517	1260.8	1709.3	6.6680	0.89434	1.1608	785.55	-0.055110	6.9355e-05	0.10725	supercritical
1631.4	309.00	68.847	0.014525	1261.7	1710.5	6.6687	0.89442	1.1609	785.76	-0.055127	6.9381e-05	0.10729	supercritical
1632.4	309.00	68.806	0.014534	1262.6	1711.7	6.6694	0.89449	1.1610	785.97	-0.055143	6.9406e-05	0.10734	supercritical
1633.4	309.00	68.766	0.014542	1263.5	1712.8	6.6702	0.89457	1.1610	786.18	-0.055160	6.9432e-05	0.10739	supercritical
1634.4	309.00	68.726	0.014551	1264.4	1714.0	6.6709	0.89464	1.1611	786.39	-0.055177	6.9458e-05	0.10744	supercritical
1635.4	309.00	68.686	0.014559	1265.3	1715.1	6.6716	0.89472	1.1611	786.59	-0.055193	6.9484e-05	0.10749	supercritical
1636.4	309.00	68.645	0.014568	1266.2	1716.3	6.6723	0.89479	1.1612	786.80	-0.055210	6.9510e-05	0.10754	supercritical
1637.4	309.00	68.605	0.014576	1267.1	1717.5	6.6730	0.89487	1.1613	787.01	-0.055226	6.9536e-05	0.10759	supercritical
1638.4	309.00	68.565	0.014585	1268.0	1718.6	6.6737	0.89494	1.1613	787.22	-0.055243	6.9562e-05	0.10764	supercritical
1639.4	309.00	68.525	0.014593	1268.9	1719.8	6.6744	0.89502	1.1614	787.43	-0.055259	6.9588e-05	0.10769	supercritical
1640.4	309.00	68.485	0.014602	1269.8	1720.9	6.6751	0.89510	1.1615	787.64	-0.055276	6.9614e-05	0.10773	supercritical
1641.4	309.00	68.446	0.014610	1270.6	1722.1	6.6758	0.89517	1.1615	787.84	-0.055292	6.9640e-05	0.10778	supercritical
1642.4	309.00	68.406	0.014619	1271.5	1723.3	6.6765	0.89525	1.1616	788.05	-0.055308	6.9666e-05	0.10783	supercritical
1643.4	309.00	68.366	0.014627	1272.4	1724.4	6.6772	0.89532	1.1617	788.26	-0.055325	6.9692e-05	0.10788	supercritical
1644.4	309.00	68.326	0.014636	1273.3	1725.6	6.6780	0.89540	1.1617	788.47	-0.055341	6.9717e-05	0.10793	supercritical
1645.4	309.00	68.286	0.014644	1274.2	1726.8	6.6787	0.89547	1.1618	788.67	-0.055357	6.9743e-05	0.10798	supercritical
1646.4	309.00	68.247	0.014653	1275.1	1727.9	6.6794	0.89555	1.1619	788.88	-0.055374	6.9769e-05	0.10803	supercritical
1647.4	309.00	68.207	0.014661	1276.0	1729.1	6.6801	0.89562	1.1619	789.09	-0.055390	6.9795e-05	0.10808	supercritical
1648.4	309.00	68.168	0.014670	1276.9	1730.2	6.6808	0.89570	1.1620	789.30	-0.055406	6.9821e-05	0.10812	supercritical
1649.4	309.00	68.128	0.014678	1277.8	1731.4	6.6815	0.89577	1.1621	789.50	-0.055422	6.9847e-05	0.10817	supercritical
1650.4	309.00	68.089	0.014687	1278.7	1732.6	6.6822	0.89585	1.1621	789.71	-0.055439	6.9873e-05	0.10822	supercritical
1651.4	309.00	68.049	0.014695	1279.6	1733.7	6.6829	0.89592	1.1622	789.92	-0.055455	6.9899e-05	0.10827	supercritical
1652.4	309.00	68.010	0.014704	1280.5	1734.9	6.6836	0.89600	1.1623	790.13	-0.055471	6.9924e-05	0.10832	supercritical
1653.4	309.00	67.970	0.014712	1281.4	1736.0	6.6843	0.89607	1.1623	790.33	-0.055487	6.9950e-05	0.10837	supercritical
1654.4	309.00	67.931	0.014721	1282.3	1737.2	6.6850	0.89615	1.1624	790.54	-0.055503	6.9976e-05	0.10842	supercritical
1655.4	309.00	67.892	0.014729	1283.2	1738.4	6.6857	0.89622	1.1625	790.75	-0.055519	7.0002e-05	0.10847	supercritical
1656.4	309.00	67.853	0.014738	1284.1	1739.5	6.6864	0.89630	1.1625	790.95	-0.055535	7.0028e-05	0.10851	supercritical
1657.4	309.00	67.814	0.014746	1285.0	1740.7	6.6871	0.89637	1.1626	791.16	-0.055551	7.0054e-05	0.10856	supercritical
1658.4	309.00	67.775	0.014755	1285.9	1741.9	6.6878	0.89645	1.1627	791.37	-0.055567	7.0080e-05	0.10861	supercritical
1659.4	309.00	67.735	0.014763	1286.8	1743.0	6.6885	0.89652	1.1627	791.57	-0.055583	7.0105e-05	0.10866	supercritical
1660.4	309.00	67.696	0.014772	1287.7	1744.2	6.6892	0.89660	1.1628	791.78	-0.055599	7.0131e-05	0.10871	supercritical
1661.4	309.00	67.657	0.014780	1288.6	1745.3	6.6899	0.89667	1.1629	791.99	-0.055615	7.0157e-05	0.10876	supercritical
1662.4	309.00	67.619	0.014789	1289.5	1746.5	6.6906	0.89675	1.1629	792.19	-0.055631	7.0183e-05	0.10881	supercritical
1663.4	309.00	67.580	0.014797	1290.4	1747.7	6.6913	0.89682	1.1630	792.40	-0.055646	7.0209e-05	0.10886	supercritical
1664.4	309.00	67.541	0.014806	1291.3	1748.8	6.6920	0.89690	1.1631	792.61	-0.055662	7.0234e-05	0.10890	supercritical
1665.4	309.00	67.502	0.014814	1292.2	1750.0	6.6927	0.89697	1.1631	792.81	-0.055678	7.0260e-05	0.10895	supercritical
1666.4	309.00	67.463	0.014823	1293.1	1751.2	6.6934	0.89704	1.1632	793.02	-0.055694	7.0286e-05	0.10900	supercritical
1667.4	309.00	67.425	0.014831	1294.0	1752.3	6.6941	0.89712	1.1633	793.23	-0.055710	7.0312e-05	0.10905	supercritical
1668.4	309.00	67.386	0.014840	1294.9	1753.5	6.6948	0.89719	1.1633	793.43	-0.055725	7.0338e-05	0.10910	supercritical
1669.4	309.00	67.347	0.014848	1295.8	1754.7	6.6955	0.89727	1.1634	793.64	-0.055741	7.0363e-05	0.10915	supercritical
1670.4	309.00	67.309	0.014857	1296.7	1755.8	6.6962	0.89734	1.1635	793.84	-0.055757	7.0389e-05	0.10920	supercritical
1671.4	309.00	67.270	0.014865	1297.6	1757.0	6.6969	0.89742	1.1635	794.05	-0.055772	7.0415e-05	0.10925	supercritical
1672.4	309.00	67.232	0.014874	1298.5	1758.1	6.6976	0.89749	1.1636	794.26	-0.055788	7.0441e-05	0.10929	supercritical
1673.4	309.00	67.193	0.014882	1299.4	1759.3	6.6983	0.89757	1.1637	794.46	-0.055803	7.0467e-05	0.10934	supercritical
1674.4	309.00	67.155	0.014891	1300.3	1760.5	6.6990	0.89764	1.1637	794.67	-0.055819	7.0492e-05	0.10939	supercritical
1675.4	309.00	67.117	0.014899	1301.2	1761.6	6.6997	0.89772	1.1638	794.87	-0.055834	7.0518e-05	0.10944	supercritical
1676.4	309.00	67.078	0.014908	1302.1	1762.8	6.7004	0.89779	1.1639	795.08	-0.055850	7.0544e-05	0.10949	supercritical
1677.4	309.00	67.040	0.014916	1303.0	1764.0	6.7011	0.89787	1.1639	795.29	-0.055865	7.0570e-05	0.10954	supercritical
1678.4	309.00	67.002	0.014925	1303.9	1765.1	6.7018	0.89794	1.1640	795.49	-0.055881	7.0595e-05	0.10959	supercritical
1679.4	309.00	66.964	0.014933	1304.8	1766.3	6.7024	0.89801	1.1641	795.70	-0.055896	7.0621e-05	0.10964	supercritical
1680.4	309.00	66.926	0.014942	1305.7	1767.5	6.7031	0.89809	1.1641	795.90	-0.055912	7.0647e-05	0.10968	supercritical
1681.4	309.00	66.888	0.014950	1306.6	1768.6	6.7038	0.89816	1.1642	796.11	-0.055927	7.0673e-05	0.10973	supercritical
1682.4	309.00	66.850	0.014959	1307.6	1769.8	6.7045	0.89824	1.1643	796.31	-0.055942	7.0698e-05	0.10978	supercritical
1683.4	309.00	66.812	0.014967	1308.5	1770.9	6.7052	0.89831	1.1643	796.52	-0.055958	7.0724e-05	0.10983	supercritical
1684.4	309.00	66.774	0.014976	1309.4	1772.1	6.7059	0.89839	1.1644	796.72	-0.055973	7.0750e-05	0.10988	supercritical
1685.4	309.00	66.736	0.014984	1310.3	1773.3	6.7066	0.89846	1.1645	796.93	-0.055988	7.0776e-05	0.10993	supercritical
1686.4	309.00	66.698	0.014993	1311.2	1774.4	6.7073	0.89853	1.1645	797.13	-0.056004	7.0801e-05	0.10998	supercritical
1687.4	309.00	66.660	0.015001	1312.1	1775.6	6.7080	0.89861	1.1646	797.34	-0.056019	7.0827e-05	0.11002	supercritical
1688.4	309.00	66.622	0.015010	1313.0	1776.8	6.7087	0.89868	1.1647	797.54	-0.056034	7.0853e-05	0.11007	supercritical
1689.4	309.00	66.585	0.015018	1313.9	1777.9	6.7094	0.89876	1.1647	797.75	-0.056049	7.0878e-05	0.11012	supercritical
1690.4	309.00	66.547	0.015027	1314.8	1779.1	6.7101	0.89883	1.1648	797.95	-0.056064	7.0904e-05	0.11017	supercritical
1691.4	309.00	66.509	0.015035	1315.7	1780.3	6.7107	0.89891	1.1649	798.16	-0.056079	7.0930e-05	0.11022	supercritical
1692.4	309.00	66.472	0.015044	1316.6	1781.4	6.7114	0.89898	1.1649	798.36	-0.056095	7.0956e-05	0.11027	supercritical
1693.4	309.00	66.434	0.015052	1317.5	1782.6	6.7121	0.89905	1.1650	798.57	-0.056110	7.0981e-05	0.11032	supercritical
1694.4	309.00	66.397	0.015061	1318.4	1783.8	6.7128	0.89913	1.1651	798.77	-0.056125	7.1007e-05	0.11037	supercritical
1695.4	309.00	66.359	0.015069	1319.3	1784.9	6.7135	0.89920	1.1651	798.98	-0.056140	7.1033e-05	0.11041	supercritical
1696.4	309.00	66.322	0.015078	1320.2	1786.1	6.7142	0.89928	1.1652	799.18	-0.056155	7.1058e-05	0.11046	supercritical
1697.4	309.00	66.284	0.015087	1321.1	1787.3	6.7149	0.89935	1.1653	799.39	-0.056170	7.1084e-05	0.11051	supercritical
1698.4	309.00	66.247	0.015095	1322.0	1788.4	6.7156	0.89943	1.1653	799.59	-0.056185	7.1110e-05	0.11056	supercritical
1699.4	309.00	66.210	0.015104	1322.9	1789.6	6.7162	0.89950	1.1654	799.79	-0.056199	7.1135e-05	0.11061	supercritical
1700.4	309.00	66.173	0.015112	1323.8	1790.7	6.7169	0.89957	1.1655	800.00	-0.056214	7.1161e-05	0.11066	supercritical
1701.4	309.00	66.135	0.015121	1324.7	1791.9	6.7176	0.89965	1.1655	800.20	-0.056229	7.1187e-05	0.11071	supercritical
1702.4	309.00	66.098	0.015129	1325.6	1793.1	6.7183	0.89972	1.1656	800.41	-0.056244	7.1212e-05	0.11075	supercritical
1703.4	309.00	66.061	0.015138	1326.5	1794.2	6.7190	0.89980	1.1656	800.61	-0.056259	7.1238e-05	0.11080	supercritical
1704.4	309.00	66.024	0.015146	1327.4	1795.4	6.7197	0.89987	1.1657	800.81	-0.056274	7.1264e-05	0.11085	supercritical
1705.4	309.00	65.987	0.015155	1328.3	1796.6	6.7203	0.89994	1.1658	801.02	-0.056289	7.1289e-05	0.11090	supercritical
1706.4	309.00	65.950	0.015163	1329.2	1797.7	6.7210	0.90002	1.1658	801.22	-0.056303	7.1315e-05	0.11095	supercritical
1707.4	309.00	65.913	0.015172	1330.1	1798.9	6.7217	0.90009	1.1659	801.43	-0.056318	7.1341e-05	0.11100	supercritical
1708.4	309.00	65.876	0.015180	1331.0	1800.1	6.7224	0.90017	1.1660	801.63	-0.056333	7.1366e-05	0.11105	supercritical
1709.4	309.00	65.839	0.015189	1331.9	1801.2	6.7231	0.90024	1.1660	801.83	-0.056347	7.1392e-05	0.11109	supercritical
1710.4	309.00	65.802	0.015197	1332.8	1802.4	6.7238	0.90031	1.1661	802.04	-0.056362	7.1418e-05	0.11114	supercritical
1711.4	309.00	65.766	0.015206	1333.7	1803.6	6.7244	0.90039	1.1662	802.24	-0.056377	7.1443e-05	0.11119	supercritical
1712.4	309.00	65.729	0.015214	1334.6	1804.7	6.7251	0.90046	1.1662	802.44	-0.056391	7.1469e-05	0.11124	supercritical
1713.4	309.00	65.692	0.015223	1335.5	1805.9	6.7258	0.90053	1.1663	802.65	-0.056406	7.1494e-05	0.11129	supercritical
1714.4	309.00	65.655	0.015231	1336.4	1807.1	6.7265	0.90061	1.1664	802.85	-0.056420	7.1520e-05	0.11134	supercritical
1715.4	309.00	65.619	0.015240	1337.3	1808.2	6.7272	0.90068	1.1664	803.06	-0.056435	7.1546e-05	0.11139	supercritical
1716.4	309.00	65.582	0.015248	1338.2	1809.4	6.7278	0.90076	1.1665	803.26	-0.056449	7.1571e-05	0.11143	supercritical
1717.4	309.00	65.546	0.015257	1339.1	1810.6	6.7285	0.90083	1.1666	803.46	-0.056464	7.1597e-05	0.11148	supercritical
1718.4	309.00	65.509	0.015265	1340.0	1811.7	6.7292	0.90090	1.1666	803.66	-0.056478	7.1622e-05	0.11153	supercritical
1719.4	309.00	65.473	0.015274	1341.0	1812.9	6.7299	0.90098	1.1667	803.87	-0.056493	7.1648e-05	0.11158	supercritical
1720.4	309.00	65.436	0.015282	1341.9	1814.1	6.7306	0.90105	1.1668	804.07	-0.056507	7.1674e-05	0.11163	supercritical
1721.4	309.00	65.400	0.015291	1342.8	1815.2	6.7312	0.90112	1.1668	804.27	-0.056522	7.1699e-05	0.11168	supercritical
1722.4	309.00	65.364	0.015299	1343.7	1816.4	6.7319	0.90120	1.1669	804.48	-0.056536	7.1725e-05	0.11173	supercritical
1723.4	309.00	65.327	0.015308	1344.6	1817.6	6.7326	0.90127	1.1670	804.68	-0.056550	7.1750e-05	0.11177	supercritical
1724.4	309.00	65.291	0.015316	1345.5	1818.7	6.7333	0.90135	1.1670	804.88	-0.056565	7.1776e-05	0.11182	supercritical
1725.4	309.00	65.255	0.015325	1346.4	1819.9	6.7339	0.90142	1.1671	805.09	-0.056579	7.1802e-05	0.11187	supercritical
1726.4	309.00	65.219	0.015333	1347.3	1821.1	6.7346	0.90149	1.1672	805.29	-0.056593	7.1827e-05	0.11192	supercritical
1727.4	309.00	65.183	0.015342	1348.2	1822.2	6.7353	0.90157	1.1672	805.49	-0.056608	7.1853e-05	0.11197	supercritical
1728.4	309.00	65.146	0.015350	1349.1	1823.4	6.7360	0.90164	1.1673	805.69	-0.056622	7.1878e-05	0.11202	supercritical
1729.4	309.00	65.110	0.015359	1350.0	1824.6	6.7366	0.90171	1.1674	805.90	-0.056636	7.1904e-05	0.11207	supercritical
1730.4	309.00	65.074	0.015367	1350.9	1825.7	6.7373	0.90179	1.1674	806.10	-0.056650	7.1929e-05	0.11211	supercritical
1731.4	309.00	65.038	0.015376	1351.8	1826.9	6.7380	0.90186	1.1675	806.30	-0.056664	7.1955e-05	0.11216	supercritical
1732.4	309.00	65.003	0.015384	1352.7	1828.1	6.7387	0.90193	1.1676	806.50	-0.056679	7.1981e-05	0.11221	supercritical
1733.4	309.00	64.967	0.015393	1353.6	1829.2	6.7393	0.90201	1.1676	806.71	-0.056693	7.2006e-05	0.11226	supercritical
1734.4	309.00	64.931	0.015401	1354.5	1830.4	6.7400	0.90208	1.1677	806.91	-0.056707	7.2032e-05	0.11231	supercritical
1735.4	309.00	64.895	0.015410	1355.4	1831.6	6.7407	0.90216	1.1678	807.11	-0.056721	7.2057e-05	0.11236	supercritical
1736.4	309.00	64.859	0.015418	1356.3	1832.7	6.7414	0.90223	1.1678	807.31	-0.056735	7.2083e-05	0.11240	supercritical
1737.4	309.00	64.823	0.015427	1357.2	1833.9	6.7420	0.90230	1.1679	807.51	-0.056749	7.2108e-05	0.11245	supercritical
1738.4	309.00	64.788	0.015435	1358.1	1835.1	6.7427	0.90238	1.1680	807.72	-0.056763	7.2134e-05	0.11250	supercritical
1739.4	309.00	64.752	0.015444	1359.0	1836.3	6.7434	0.90245	1.1680	807.92	-0.056777	7.2159e-05	0.11255	supercritical
1740.4	309.00	64.717	0.015452	1360.0	1837.4	6.7441	0.90252	1.1681	808.12	-0.056791	7.2185e-05	0.11260	supercritical
1741.4	309.00	64.681	0.015461	1360.9	1838.6	6.7447	0.90260	1.1682	808.32	-0.056805	7.2210e-05	0.11265	supercritical
1742.4	309.00	64.645	0.015469	1361.8	1839.8	6.7454	0.90267	1.1682	808.52	-0.056819	7.2236e-05	0.11270	supercritical
1743.4	309.00	64.610	0.015477	1362.7	1840.9	6.7461	0.90274	1.1683	808.73	-0.056833	7.2261e-05	0.11274	supercritical
1744.4	309.00	64.574	0.015486	1363.6	1842.1	6.7467	0.90282	1.1684	808.93	-0.056846	7.2287e-05	0.11279	supercritical
1745.4	309.00	64.539	0.015494	1364.5	1843.3	6.7474	0.90289	1.1684	809.13	-0.056860	7.2312e-05	0.11284	supercritical
1746.4	309.00	64.504	0.015503	1365.4	1844.4	6.7481	0.90296	1.1685	809.33	-0.056874	7.2338e-05	0.11289	supercritical
1747.4	309.00	64.468	0.015511	1366.3	1845.6	6.7487	0.90304	1.1686	809.53	-0.056888	7.2363e-05	0.11294	supercritical
1748.4	309.00	64.433	0.015520	1367.2	1846.8	6.7494	0.90311	1.1686	809.73	-0.056902	7.2389e-05	0.11299	supercritical
1749.4	309.00	64.398	0.015528	1368.1	1847.9	6.7501	0.90318	1.1687	809.93	-0.056915	7.2414e-05	0.11303	supercritical
1750.4	309.00	64.363	0.015537	1369.0	1849.1	6.7507	0.90326	1.1688	810.14	-0.056929	7.2440e-05	0.11308	supercritical
1751.4	309.00	64.327	0.015545	1369.9	1850.3	6.7514	0.90333	1.1688	810.34	-0.056943	7.2465e-05	0.11313	supercritical
1752.4	309.00	64.292	0.015554	1370.8	1851.4	6.7521	0.90340	1.1689	810.54	-0.056957	7.2491e-05	0.11318	supercritical
1753.4	309.00	64.257	0.015562	1371.7	1852.6	6.7527	0.90348	1.1690	810.74	-0.056970	7.2516e-05	0.11323	supercritical
1754.4	309.00	64.222	0.015571	1372.6	1853.8	6.7534	0.90355	1.1690	810.94	-0.056984	7.2542e-05	0.11328	supercritical
1755.4	309.00	64.187	0.015579	1373.5	1854.9	6.7541	0.90362	1.1691	811.14	-0.056997	7.2567e-05	0.11333	supercritical
1756.4	309.00	64.152	0.015588	1374.5	1856.1	6.7547	0.90369	1.1691	811.34	-0.057011	7.2593e-05	0.11337	supercritical
1757.4	309.00	64.117	0.015596	1375.4	1857.3	6.7554	0.90377	1.1692	811.54	-0.057025	7.2618e-05	0.11342	supercritical
1758.4	309.00	64.082	0.015605	1376.3	1858.5	6.7561	0.90384	1.1693	811.74	-0.057038	7.2644e-05	0.11347	supercritical
1759.4	309.00	64.047	0.015613	1377.2	1859.6	6.7567	0.90391	1.1693	811.95	-0.057052	7.2669e-05	0.11352	supercritical
1760.4	309.00	64.013	0.015622	1378.1	1860.8	6.7574	0.90399	1.1694	812.15	-0.057065	7.2694e-05	0.11357	supercritical
1761.4	309.00	63.978	0.015630	1379.0	1862.0	6.7581	0.90406	1.1695	812.35	-0.057079	7.2720e-05	0.11362	supercritical
1762.4	309.00	63.943	0.015639	1379.9	1863.1	6.7587	0.90413	1.1695	812.55	-0.057092	7.2745e-05	0.11366	supercritical
1763.4	309.00	63.908	0.015647	1380.8	1864.3	6.7594	0.90421	1.1696	812.75	-0.057106	7.2771e-05	0.11371	supercritical
1764.4	309.00	63.874	0.015656	1381.7	1865.5	6.7601	0.90428	1.1697	812.95	-0.057119	7.2796e-05	0.11376	supercritical
1765.4	309.00	63.839	0.015664	1382.6	1866.6	6.7607	0.90435	1.1697	813.15	-0.057132	7.2822e-05	0.11381	supercritical
1766.4	309.00	63.804	0.015673	1383.5	1867.8	6.7614	0.90443	1.1698	813.35	-0.057146	7.2847e-05	0.11386	supercritical
1767.4	309.00	63.770	0.015681	1384.4	1869.0	6.7620	0.90450	1.1699	813.55	-0.057159	7.2873e-05	0.11391	supercritical
1768.4	309.00	63.735	0.015690	1385.3	1870.2	6.7627	0.90457	1.1699	813.75	-0.057173	7.2898e-05	0.11395	supercritical
1769.4	309.00	63.701	0.015698	1386.2	1871.3	6.7634	0.90464	1.1700	813.95	-0.057186	7.2923e-05	0.11400	supercritical
1770.4	309.00	63.666	0.015707	1387.2	1872.5	6.7640	0.90472	1.1701	814.15	-0.057199	7.2949e-05	0.11405	supercritical
1771.4	309.00	63.632	0.015715	1388.1	1873.7	6.7647	0.90479	1.1701	814.35	-0.057212	7.2974e-05	0.11410	supercritical
1772.4	309.00	63.598	0.015724	1389.0	1874.8	6.7654	0.90486	1.1702	814.55	-0.057226	7.3000e-05	0.11415	supercritical
1773.4	309.00	63.563	0.015732	1389.9	1876.0	6.7660	0.90494	1.1703	814.75	-0.057239	7.3025e-05	0.11420	supercritical
1774.4	309.00	63.529	0.015741	1390.8	1877.2	6.7667	0.90501	1.1703	814.95	-0.057252	7.3050e-05	0.11424	supercritical
1775.4	309.00	63.495	0.015749	1391.7	1878.3	6.7673	0.90508	1.1704	815.15	-0.057265	7.3076e-05	0.11429	supercritical
1776.4	309.00	63.460	0.015758	1392.6	1879.5	6.7680	0.90515	1.1705	815.35	-0.057278	7.3101e-05	0.11434	supercritical
1777.4	309.00	63.426	0.015766	1393.5	1880.7	6.7687	0.90523	1.1705	815.55	-0.057292	7.3127e-05	0.11439	supercritical
1778.4	309.00	63.392	0.015775	1394.4	1881.9	6.7693	0.90530	1.1706	815.75	-0.057305	7.3152e-05	0.11444	supercritical
1779.4	309.00	63.358	0.015783	1395.3	1883.0	6.7700	0.90537	1.1707	815.95	-0.057318	7.3177e-05	0.11449	supercritical
1780.4	309.00	63.324	0.015792	1396.2	1884.2	6.7706	0.90545	1.1707	816.15	-0.057331	7.3203e-05	0.11453	supercritical
1781.4	309.00	63.290	0.015800	1397.1	1885.4	6.7713	0.90552	1.1708	816.35	-0.057344	7.3228e-05	0.11458	supercritical
1782.4	309.00	63.256	0.015809	1398.0	1886.5	6.7719	0.90559	1.1709	816.55	-0.057357	7.3253e-05	0.11463	supercritical
1783.4	309.00	63.222	0.015817	1399.0	1887.7	6.7726	0.90566	1.1709	816.75	-0.057370	7.3279e-05	0.11468	supercritical
1784.4	309.00	63.188	0.015826	1399.9	1888.9	6.7733	0.90574	1.1710	816.95	-0.057383	7.3304e-05	0.11473	supercritical
1785.4	309.00	63.154	0.015834	1400.8	1890.1	6.7739	0.90581	1.1711	817.15	-0.057396	7.3330e-05	0.11478	supercritical
1786.4	309.00	63.120	0.015843	1401.7	1891.2	6.7746	0.90588	1.1711	817.35	-0.057409	7.3355e-05	0.11482	supercritical
1787.4	309.00	63.086	0.015851	1402.6	1892.4	6.7752	0.90596	1.1712	817.54	-0.057422	7.3380e-05	0.11487	supercritical
1788.4	309.00	63.053	0.015860	1403.5	1893.6	6.7759	0.90603	1.1713	817.74	-0.057435	7.3406e-05	0.11492	supercritical
1789.4	309.00	63.019	0.015868	1404.4	1894.7	6.7765	0.90610	1.1713	817.94	-0.057448	7.3431e-05	0.11497	supercritical
1790.4	309.00	62.985	0.015877	1405.3	1895.9	6.7772	0.90617	1.1714	818.14	-0.057461	7.3456e-05	0.11502	supercritical
1791.4	309.00	62.952	0.015885	1406.2	1897.1	6.7778	0.90625	1.1715	818.34	-0.057473	7.3482e-05	0.11507	supercritical
1792.4	309.00	62.918	0.015894	1407.1	1898.3	6.7785	0.90632	1.1715	818.54	-0.057486	7.3507e-05	0.11511	supercritical
1793.4	309.00	62.884	0.015902	1408.0	1899.4	6.7791	0.90639	1.1716	818.74	-0.057499	7.3532e-05	0.11516	supercritical
1794.4	309.00	62.851	0.015911	1409.0	1900.6	6.7798	0.90646	1.1717	818.94	-0.057512	7.3558e-05	0.11521	supercritical
1795.4	309.00	62.817	0.015919	1409.9	1901.8	6.7805	0.90654	1.1717	819.14	-0.057525	7.3583e-05	0.11526	supercritical
1796.4	309.00	62.784	0.015928	1410.8	1902.9	6.7811	0.90661	1.1718	819.33	-0.057537	7.3608e-05	0.11531	supercritical
1797.4	309.00	62.750	0.015936	1411.7	1904.1	6.7818	0.90668	1.1719	819.53	-0.057550	7.3634e-05	0.11536	supercritical
1798.4	309.00	62.717	0.015945	1412.6	1905.3	6.7824	0.90675	1.1719	819.73	-0.057563	7.3659e-05	0.11540	supercritical
1799.4	309.00	62.684	0.015953	1413.5	1906.5	6.7831	0.90683	1.1720	819.93	-0.057575	7.3684e-05	0.11545	supercritical
1800.4	309.00	62.650	0.015962	1414.4	1907.6	6.7837	0.90690	1.1720	820.13	-0.057588	7.3710e-05	0.11550	supercritical
1801.4	309.00	62.617	0.015970	1415.3	1908.8	6.7844	0.90697	1.1721	820.33	-0.057601	7.3735e-05	0.11555	supercritical
1802.4	309.00	62.584	0.015979	1416.2	1910.0	6.7850	0.90704	1.1722	820.53	-0.057613	7.3760e-05	0.11560	supercritical
1803.4	309.00	62.550	0.015987	1417.1	1911.1	6.7857	0.90712	1.1722	820.72	-0.057626	7.3786e-05	0.11565	supercritical
1804.4	309.00	62.517	0.015996	1418.0	1912.3	6.7863	0.90719	1.1723	820.92	-0.057639	7.3811e-05	0.11569	supercritical
1805.4	309.00	62.484	0.016004	1419.0	1913.5	6.7870	0.90726	1.1724	821.12	-0.057651	7.3836e-05	0.11574	supercritical
1806.4	309.00	62.451	0.016013	1419.9	1914.7	6.7876	0.90733	1.1724	821.32	-0.057664	7.3861e-05	0.11579	supercritical
1807.4	309.00	62.418	0.016021	1420.8	1915.8	6.7883	0.90741	1.1725	821.52	-0.057676	7.3887e-05	0.11584	supercritical
1808.4	309.00	62.385	0.016030	1421.7	1917.0	6.7889	0.90748	1.1726	821.72	-0.057689	7.3912e-05	0.11589	supercritical
1809.4	309.00	62.352	0.016038	1422.6	1918.2	6.7896	0.90755	1.1726	821.91	-0.057701	7.3937e-05	0.11594	supercritical
1810.4	309.00	62.319	0.016047	1423.5	1919.3	6.7902	0.90762	1.1727	822.11	-0.057714	7.3963e-05	0.11598	supercritical
1811.4	309.00	62.286	0.016055	1424.4	1920.5	6.7909	0.90770	1.1728	822.31	-0.057726	7.3988e-05	0.11603	supercritical
1812.4	309.00	62.253	0.016064	1425.3	1921.7	6.7915	0.90777	1.1728	822.51	-0.057739	7.4013e-05	0.11608	supercritical
1813.4	309.00	62.220	0.016072	1426.2	1922.9	6.7921	0.90784	1.1729	822.70	-0.057751	7.4038e-05	0.11613	supercritical
1814.4	309.00	62.187	0.016081	1427.2	1924.0	6.7928	0.90791	1.1730	822.90	-0.057763	7.4064e-05	0.11618	supercritical
1815.4	309.00	62.154	0.016089	1428.1	1925.2	6.7934	0.90799	1.1730	823.10	-0.057776	7.4089e-05	0.11622	supercritical
1816.4	309.00	62.121	0.016097	1429.0	1926.4	6.7941	0.90806	1.1731	823.30	-0.057788	7.4114e-05	0.11627	supercritical
1817.4	309.00	62.089	0.016106	1429.9	1927.6	6.7947	0.90813	1.1732	823.50	-0.057800	7.4139e-05	0.11632	supercritical
1818.4	309.00	62.056	0.016114	1430.8	1928.7	6.7954	0.90820	1.1732	823.69	-0.057813	7.4165e-05	0.11637	supercritical
1819.4	309.00	62.023	0.016123	1431.7	1929.9	6.7960	0.90828	1.1733	823.89	-0.057825	7.4190e-05	0.11642	supercritical
1820.4	309.00	61.991	0.016131	1432.6	1931.1	6.7967	0.90835	1.1734	824.09	-0.057837	7.4215e-05	0.11647	supercritical
1821.4	309.00	61.958	0.016140	1433.5	1932.3	6.7973	0.90842	1.1734	824.28	-0.057849	7.4240e-05	0.11651	supercritical
1822.4	309.00	61.926	0.016148	1434.4	1933.4	6.7980	0.90849	1.1735	824.48	-0.057862	7.4266e-05	0.11656	supercritical
1823.4	309.00	61.893	0.016157	1435.4	1934.6	6.7986	0.90856	1.1736	824.68	-0.057874	7.4291e-05	0.11661	supercritical
1824.4	309.00	61.861	0.016165	1436.3	1935.8	6.7992	0.90864	1.1736	824.88	-0.057886	7.4316e-05	0.11666	supercritical
1825.4	309.00	61.828	0.016174	1437.2	1936.9	6.7999	0.90871	1.1737	825.07	-0.057898	7.4341e-05	0.11671	supercritical
1826.4	309.00	61.796	0.016182	1438.1	1938.1	6.8005	0.90878	1.1738	825.27	-0.057910	7.4367e-05	0.11675	supercritical
1827.4	309.00	61.763	0.016191	1439.0	1939.3	6.8012	0.90885	1.1738	825.47	-0.057922	7.4392e-05	0.11680	supercritical
1828.4	309.00	61.731	0.016199	1439.9	1940.5	6.8018	0.90893	1.1739	825.66	-0.057935	7.4417e-05	0.11685	supercritical
1829.4	309.00	61.699	0.016208	1440.8	1941.6	6.8025	0.90900	1.1740	825.86	-0.057947	7.4442e-05	0.11690	supercritical
1830.4	309.00	61.666	0.016216	1441.7	1942.8	6.8031	0.90907	1.1740	826.06	-0.057959	7.4467e-05	0.11695	supercritical
1831.4	309.00	61.634	0.016225	1442.6	1944.0	6.8037	0.90914	1.1741	826.26	-0.057971	7.4493e-05	0.11700	supercritical
1832.4	309.00	61.602	0.016233	1443.6	1945.2	6.8044	0.90921	1.1742	826.45	-0.057983	7.4518e-05	0.11704	supercritical
1833.4	309.00	61.570	0.016242	1444.5	1946.3	6.8050	0.90929	1.1742	826.65	-0.057995	7.4543e-05	0.11709	supercritical
1834.4	309.00	61.537	0.016250	1445.4	1947.5	6.8057	0.90936	1.1743	826.85	-0.058007	7.4568e-05	0.11714	supercritical
1835.4	309.00	61.505	0.016259	1446.3	1948.7	6.8063	0.90943	1.1744	827.04	-0.058019	7.4593e-05	0.11719	supercritical
1836.4	309.00	61.473	0.016267	1447.2	1949.9	6.8069	0.90950	1.1744	827.24	-0.058031	7.4619e-05	0.11724	supercritical
1837.4	309.00	61.441	0.016276	1448.1	1951.0	6.8076	0.90957	1.1745	827.44	-0.058043	7.4644e-05	0.11728	supercritical
1838.4	309.00	61.409	0.016284	1449.0	1952.2	6.8082	0.90965	1.1746	827.63	-0.058055	7.4669e-05	0.11733	supercritical
1839.4	309.00	61.377	0.016293	1449.9	1953.4	6.8089	0.90972	1.1746	827.83	-0.058066	7.4694e-05	0.11738	supercritical
1840.4	309.00	61.345	0.016301	1450.9	1954.6	6.8095	0.90979	1.1747	828.02	-0.058078	7.4719e-05	0.11743	supercritical
1841.4	309.00	61.313	0.016310	1451.8	1955.7	6.8101	0.90986	1.1747	828.22	-0.058090	7.4745e-05	0.11748	supercritical
1842.4	309.00	61.281	0.016318	1452.7	1956.9	6.8108	0.90994	1.1748	828.42	-0.058102	7.4770e-05	0.11753	supercritical
1843.4	309.00	61.249	0.016327	1453.6	1958.1	6.8114	0.91001	1.1749	828.61	-0.058114	7.4795e-05	0.11757	supercritical
1844.4	309.00	61.218	0.016335	1454.5	1959.3	6.8120	0.91008	1.1749	828.81	-0.058126	7.4820e-05	0.11762	supercritical
1845.4	309.00	61.186	0.016344	1455.4	1960.4	6.8127	0.91015	1.1750	829.00	-0.058137	7.4845e-05	0.11767	supercritical
1846.4	309.00	61.154	0.016352	1456.3	1961.6	6.8133	0.91022	1.1751	829.20	-0.058149	7.4870e-05	0.11772	supercritical
1847.4	309.00	61.122	0.016361	1457.2	1962.8	6.8140	0.91030	1.1751	829.40	-0.058161	7.4896e-05	0.11777	supercritical
1848.4	309.00	61.091	0.016369	1458.2	1964.0	6.8146	0.91037	1.1752	829.59	-0.058173	7.4921e-05	0.11781	supercritical
1849.4	309.00	61.059	0.016378	1459.1	1965.1	6.8152	0.91044	1.1753	829.79	-0.058184	7.4946e-05	0.11786	supercritical
1850.4	309.00	61.027	0.016386	1460.0	1966.3	6.8159	0.91051	1.1753	829.98	-0.058196	7.4971e-05	0.11791	supercritical
1851.4	309.00	60.996	0.016395	1460.9	1967.5	6.8165	0.91058	1.1754	830.18	-0.058208	7.4996e-05	0.11796	supercritical
1852.4	309.00	60.964	0.016403	1461.8	1968.7	6.8171	0.91065	1.1755	830.38	-0.058219	7.5021e-05	0.11801	supercritical
1853.4	309.00	60.933	0.016412	1462.7	1969.8	6.8178	0.91073	1.1755	830.57	-0.058231	7.5046e-05	0.11805	supercritical
1854.4	309.00	60.901	0.016420	1463.6	1971.0	6.8184	0.91080	1.1756	830.77	-0.058243	7.5072e-05	0.11810	supercritical
1855.4	309.00	60.870	0.016428	1464.5	1972.2	6.8190	0.91087	1.1757	830.96	-0.058254	7.5097e-05	0.11815	supercritical
1856.4	309.00	60.838	0.016437	1465.5	1973.4	6.8197	0.91094	1.1757	831.16	-0.058266	7.5122e-05	0.11820	supercritical
1857.4	309.00	60.807	0.016445	1466.4	1974.5	6.8203	0.91101	1.1758	831.35	-0.058277	7.5147e-05	0.11825	supercritical
1858.4	309.00	60.776	0.016454	1467.3	1975.7	6.8209	0.91109	1.1759	831.55	-0.058289	7.5172e-05	0.11830	supercritical
1859.4	309.00	60.744	0.016462	1468.2	1976.9	6.8216	0.91116	1.1759	831.74	-0.058300	7.5197e-05	0.11834	supercritical
1860.4	309.00	60.713	0.016471	1469.1	1978.1	6.8222	0.91123	1.1760	831.94	-0.058312	7.5222e-05	0.11839	supercritical
1861.4	309.00	60.682	0.016479	1470.0	1979.2	6.8228	0.91130	1.1761	832.13	-0.058323	7.5247e-05	0.11844	supercritical
1862.4	309.00	60.651	0.016488	1470.9	1980.4	6.8235	0.91137	1.1761	832.33	-0.058335	7.5273e-05	0.11849	supercritical
1863.4	309.00	60.619	0.016496	1471.9	1981.6	6.8241	0.91145	1.1762	832.52	-0.058346	7.5298e-05	0.11854	supercritical
1864.4	309.00	60.588	0.016505	1472.8	1982.8	6.8247	0.91152	1.1763	832.72	-0.058358	7.5323e-05	0.11858	supercritical
1865.4	309.00	60.557	0.016513	1473.7	1983.9	6.8254	0.91159	1.1763	832.91	-0.058369	7.5348e-05	0.11863	supercritical
1866.4	309.00	60.526	0.016522	1474.6	1985.1	6.8260	0.91166	1.1764	833.11	-0.058380	7.5373e-05	0.11868	supercritical
1867.4	309.00	60.495	0.016530	1475.5	1986.3	6.8266	0.91173	1.1765	833.30	-0.058392	7.5398e-05	0.11873	supercritical
1868.4	309.00	60.464	0.016539	1476.4	1987.5	6.8272	0.91180	1.1765	833.50	-0.058403	7.5423e-05	0.11878	supercritical
1869.4	309.00	60.433	0.016547	1477.3	1988.7	6.8279	0.91188	1.1766	833.69	-0.058414	7.5448e-05	0.11882	supercritical
1870.4	309.00	60.402	0.016556	1478.3	1989.8	6.8285	0.91195	1.1767	833.89	-0.058426	7.5473e-05	0.11887	supercritical
1871.4	309.00	60.371	0.016564	1479.2	1991.0	6.8291	0.91202	1.1767	834.08	-0.058437	7.5498e-05	0.11892	supercritical
1872.4	309.00	60.340	0.016573	1480.1	1992.2	6.8298	0.91209	1.1768	834.28	-0.058448	7.5523e-05	0.11897	supercritical
1873.4	309.00	60.309	0.016581	1481.0	1993.4	6.8304	0.91216	1.1769	834.47	-0.058460	7.5549e-05	0.11902	supercritical
1874.4	309.00	60.278	0.016590	1481.9	1994.5	6.8310	0.91223	1.1769	834.67	-0.058471	7.5574e-05	0.11906	supercritical
1875.4	309.00	60.248	0.016598	1482.8	1995.7	6.8316	0.91231	1.1770	834.86	-0.058482	7.5599e-05	0.11911	supercritical
1876.4	309.00	60.217	0.016607	1483.7	1996.9	6.8323	0.91238	1.1771	835.06	-0.058493	7.5624e-05	0.11916	supercritical
1877.4	309.00	60.186	0.016615	1484.7	1998.1	6.8329	0.91245	1.1771	835.25	-0.058504	7.5649e-05	0.11921	supercritical
1878.4	309.00	60.155	0.016624	1485.6	1999.2	6.8335	0.91252	1.1772	835.44	-0.058516	7.5674e-05	0.11926	supercritical
1879.4	309.00	60.125	0.016632	1486.5	2000.4	6.8342	0.91259	1.1773	835.64	-0.058527	7.5699e-05	0.11930	supercritical
1880.4	309.00	60.094	0.016641	1487.4	2001.6	6.8348	0.91266	1.1773	835.83	-0.058538	7.5724e-05	0.11935	supercritical
1881.4	309.00	60.063	0.016649	1488.3	2002.8	6.8354	0.91274	1.1774	836.03	-0.058549	7.5749e-05	0.11940	supercritical
1882.4	309.00	60.033	0.016658	1489.2	2004.0	6.8360	0.91281	1.1774	836.22	-0.058560	7.5774e-05	0.11945	supercritical
1883.4	309.00	60.002	0.016666	1490.2	2005.1	6.8367	0.91288	1.1775	836.42	-0.058571	7.5799e-05	0.11950	supercritical
1884.4	309.00	59.972	0.016675	1491.1	2006.3	6.8373	0.91295	1.1776	836.61	-0.058582	7.5824e-05	0.11954	supercritical
1885.4	309.00	59.941	0.016683	1492.0	2007.5	6.8379	0.91302	1.1776	836.80	-0.058593	7.5849e-05	0.11959	supercritical
1886.4	309.00	59.911	0.016692	1492.9	2008.7	6.8385	0.91309	1.1777	837.00	-0.058604	7.5874e-05	0.11964	supercritical
1887.4	309.00	59.880	0.016700	1493.8	2009.8	6.8392	0.91316	1.1778	837.19	-0.058615	7.5899e-05	0.11969	supercritical
1888.4	309.00	59.850	0.016708	1494.7	2011.0	6.8398	0.91324	1.1778	837.39	-0.058626	7.5924e-05	0.11974	supercritical
1889.4	309.00	59.820	0.016717	1495.6	2012.2	6.8404	0.91331	1.1779	837.58	-0.058637	7.5949e-05	0.11978	supercritical
1890.4	309.00	59.789	0.016725	1496.6	2013.4	6.8410	0.91338	1.1780	837.77	-0.058648	7.5974e-05	0.11983	supercritical
1891.4	309.00	59.759	0.016734	1497.5	2014.6	6.8417	0.91345	1.1780	837.97	-0.058659	7.5999e-05	0.11988	supercritical
1892.4	309.00	59.729	0.016742	1498.4	2015.7	6.8423	0.91352	1.1781	838.16	-0.058670	7.6024e-05	0.11993	supercritical
1893.4	309.00	59.698	0.016751	1499.3	2016.9	6.8429	0.91359	1.1782	838.35	-0.058681	7.6049e-05	0.11998	supercritical
1894.4	309.00	59.668	0.016759	1500.2	2018.1	6.8435	0.91366	1.1782	838.55	-0.058692	7.6074e-05	0.12002	supercritical
1895.4	309.00	59.638	0.016768	1501.1	2019.3	6.8441	0.91374	1.1783	838.74	-0.058703	7.6099e-05	0.12007	supercritical
1896.4	309.00	59.608	0.016776	1502.1	2020.4	6.8448	0.91381	1.1784	838.93	-0.058714	7.6124e-05	0.12012	supercritical
1897.4	309.00	59.578	0.016785	1503.0	2021.6	6.8454	0.91388	1.1784	839.13	-0.058725	7.6149e-05	0.12017	supercritical
1898.4	309.00	59.548	0.016793	1503.9	2022.8	6.8460	0.91395	1.1785	839.32	-0.058735	7.6174e-05	0.12022	supercritical
1899.4	309.00	59.518	0.016802	1504.8	2024.0	6.8466	0.91402	1.1786	839.51	-0.058746	7.6199e-05	0.12026	supercritical
1900.4	309.00	59.488	0.016810	1505.7	2025.2	6.8472	0.91409	1.1786	839.71	-0.058757	7.6224e-05	0.12031	supercritical
1901.4	309.00	59.458	0.016819	1506.6	2026.3	6.8479	0.91416	1.1787	839.90	-0.058768	7.6249e-05	0.12036	supercritical
1902.4	309.00	59.428	0.016827	1507.6	2027.5	6.8485	0.91424	1.1788	840.09	-0.058778	7.6274e-05	0.12041	supercritical
1903.4	309.00	59.398	0.016836	1508.5	2028.7	6.8491	0.91431	1.1788	840.29	-0.058789	7.6299e-05	0.12046	supercritical
1904.4	309.00	59.368	0.016844	1509.4	2029.9	6.8497	0.91438	1.1789	840.48	-0.058800	7.6324e-05	0.12050	supercritical
1905.4	309.00	59.338	0.016853	1510.3	2031.1	6.8503	0.91445	1.1790	840.67	-0.058811	7.6349e-05	0.12055	supercritical
1906.4	309.00	59.308	0.016861	1511.2	2032.2	6.8510	0.91452	1.1790	840.86	-0.058821	7.6374e-05	0.12060	supercritical
1907.4	309.00	59.278	0.016870	1512.1	2033.4	6.8516	0.91459	1.1791	841.06	-0.058832	7.6399e-05	0.12065	supercritical
1908.4	309.00	59.248	0.016878	1513.1	2034.6	6.8522	0.91466	1.1792	841.25	-0.058843	7.6424e-05	0.12070	supercritical
1909.4	309.00	59.219	0.016887	1514.0	2035.8	6.8528	0.91474	1.1792	841.44	-0.058853	7.6449e-05	0.12074	supercritical
1910.4	309.00	59.189	0.016895	1514.9	2036.9	6.8534	0.91481	1.1793	841.64	-0.058864	7.6474e-05	0.12079	supercritical
1911.4	309.00	59.159	0.016904	1515.8	2038.1	6.8540	0.91488	1.1794	841.83	-0.058874	7.6499e-05	0.12084	supercritical
1912.4	309.00	59.130	0.016912	1516.7	2039.3	6.8547	0.91495	1.1794	842.02	-0.058885	7.6524e-05	0.12089	supercritical
1913.4	309.00	59.100	0.016921	1517.6	2040.5	6.8553	0.91502	1.1795	842.21	-0.058896	7.6549e-05	0.12094	supercritical
1914.4	309.00	59.070	0.016929	1518.6	2041.7	6.8559	0.91509	1.1796	842.41	-0.058906	7.6574e-05	0.12098	supercritical
1915.4	309.00	59.041	0.016937	1519.5	2042.8	6.8565	0.91516	1.1796	842.60	-0.058917	7.6599e-05	0.12103	supercritical
1916.4	309.00	59.011	0.016946	1520.4	2044.0	6.8571	0.91523	1.1797	842.79	-0.058927	7.6624e-05	0.12108	supercritical
1917.4	309.00	58.982	0.016954	1521.3	2045.2	6.8577	0.91531	1.1798	842.98	-0.058938	7.6649e-05	0.12113	supercritical
1918.4	309.00	58.952	0.016963	1522.2	2046.4	6.8584	0.91538	1.1798	843.17	-0.058948	7.6674e-05	0.12118	supercritical
1919.4	309.00	58.923	0.016971	1523.1	2047.6	6.8590	0.91545	1.1799	843.37	-0.058959	7.6699e-05	0.12122	supercritical
1920.4	309.00	58.893	0.016980	1524.1	2048.7	6.8596	0.91552	1.1799	843.56	-0.058969	7.6724e-05	0.12127	supercritical
1921.4	309.00	58.864	0.016988	1525.0	2049.9	6.8602	0.91559	1.1800	843.75	-0.058979	7.6749e-05	0.12132	supercritical
1922.4	309.00	58.835	0.016997	1525.9	2051.1	6.8608	0.91566	1.1801	843.94	-0.058990	7.6774e-05	0.12137	supercritical
1923.4	309.00	58.805	0.017005	1526.8	2052.3	6.8614	0.91573	1.1801	844.14	-0.059000	7.6799e-05	0.12142	supercritical
1924.4	309.00	58.776	0.017014	1527.7	2053.5	6.8620	0.91580	1.1802	844.33	-0.059011	7.6823e-05	0.12146	supercritical
1925.4	309.00	58.747	0.017022	1528.7	2054.6	6.8627	0.91587	1.1803	844.52	-0.059021	7.6848e-05	0.12151	supercritical
1926.4	309.00	58.717	0.017031	1529.6	2055.8	6.8633	0.91595	1.1803	844.71	-0.059031	7.6873e-05	0.12156	supercritical
1927.4	309.00	58.688	0.017039	1530.5	2057.0	6.8639	0.91602	1.1804	844.90	-0.059042	7.6898e-05	0.12161	supercritical
1928.4	309.00	58.659	0.017048	1531.4	2058.2	6.8645	0.91609	1.1805	845.09	-0.059052	7.6923e-05	0.12165	supercritical
1929.4	309.00	58.630	0.017056	1532.3	2059.4	6.8651	0.91616	1.1805	845.29	-0.059062	7.6948e-05	0.12170	supercritical
1930.4	309.00	58.601	0.017065	1533.2	2060.5	6.8657	0.91623	1.1806	845.48	-0.059073	7.6973e-05	0.12175	supercritical
1931.4	309.00	58.572	0.017073	1534.2	2061.7	6.8663	0.91630	1.1807	845.67	-0.059083	7.6998e-05	0.12180	supercritical
1932.4	309.00	58.542	0.017082	1535.1	2062.9	6.8669	0.91637	1.1807	845.86	-0.059093	7.7023e-05	0.12185	supercritical
1933.4	309.00	58.513	0.017090	1536.0	2064.1	6.8676	0.91644	1.1808	846.05	-0.059103	7.7048e-05	0.12189	supercritical
1934.4	309.00	58.484	0.017099	1536.9	2065.3	6.8682	0.91651	1.1809	846.24	-0.059114	7.7073e-05	0.12194	supercritical
1935.4	309.00	58.455	0.017107	1537.8	2066.5	6.8688	0.91658	1.1809	846.44	-0.059124	7.7097e-05	0.12199	supercritical
1936.4	309.00	58.426	0.017116	1538.8	2067.6	6.8694	0.91666	1.1810	846.63	-0.059134	7.7122e-05	0.12204	supercritical
1937.4	309.00	58.398	0.017124	1539.7	2068.8	6.8700	0.91673	1.1811	846.82	-0.059144	7.7147e-05	0.12209	supercritical
1938.4	309.00	58.369	0.017132	1540.6	2070.0	6.8706	0.91680	1.1811	847.01	-0.059154	7.7172e-05	0.12213	supercritical
1939.4	309.00	58.340	0.017141	1541.5	2071.2	6.8712	0.91687	1.1812	847.20	-0.059164	7.7197e-05	0.12218	supercritical
1940.4	309.00	58.311	0.017149	1542.4	2072.4	6.8718	0.91694	1.1813	847.39	-0.059174	7.7222e-05	0.12223	supercritical
1941.4	309.00	58.282	0.017158	1543.4	2073.5	6.8724	0.91701	1.1813	847.58	-0.059185	7.7247e-05	0.12228	supercritical
1942.4	309.00	58.253	0.017166	1544.3	2074.7	6.8730	0.91708	1.1814	847.77	-0.059195	7.7272e-05	0.12233	supercritical
1943.4	309.00	58.225	0.017175	1545.2	2075.9	6.8736	0.91715	1.1815	847.96	-0.059205	7.7296e-05	0.12237	supercritical
1944.4	309.00	58.196	0.017183	1546.1	2077.1	6.8743	0.91722	1.1815	848.16	-0.059215	7.7321e-05	0.12242	supercritical
1945.4	309.00	58.167	0.017192	1547.0	2078.3	6.8749	0.91729	1.1816	848.35	-0.059225	7.7346e-05	0.12247	supercritical
1946.4	309.00	58.138	0.017200	1548.0	2079.4	6.8755	0.91737	1.1817	848.54	-0.059235	7.7371e-05	0.12252	supercritical
1947.4	309.00	58.110	0.017209	1548.9	2080.6	6.8761	0.91744	1.1817	848.73	-0.059245	7.7396e-05	0.12256	supercritical
1948.4	309.00	58.081	0.017217	1549.8	2081.8	6.8767	0.91751	1.1818	848.92	-0.059255	7.7421e-05	0.12261	supercritical
1949.4	309.00	58.053	0.017226	1550.7	2083.0	6.8773	0.91758	1.1819	849.11	-0.059265	7.7446e-05	0.12266	supercritical
1950.4	309.00	58.024	0.017234	1551.6	2084.2	6.8779	0.91765	1.1819	849.30	-0.059275	7.7471e-05	0.12271	supercritical
1951.4	309.00	57.996	0.017243	1552.6	2085.4	6.8785	0.91772	1.1820	849.49	-0.059285	7.7495e-05	0.12276	supercritical
1952.4	309.00	57.967	0.017251	1553.5	2086.5	6.8791	0.91779	1.1821	849.68	-0.059295	7.7520e-05	0.12280	supercritical
1953.4	309.00	57.939	0.017260	1554.4	2087.7	6.8797	0.91786	1.1821	849.87	-0.059305	7.7545e-05	0.12285	supercritical
1954.4	309.00	57.910	0.017268	1555.3	2088.9	6.8803	0.91793	1.1822	850.06	-0.059314	7.7570e-05	0.12290	supercritical
1955.4	309.00	57.882	0.017277	1556.2	2090.1	6.8809	0.91800	1.1822	850.25	-0.059324	7.7595e-05	0.12295	supercritical
1956.4	309.00	57.853	0.017285	1557.2	2091.3	6.8815	0.91807	1.1823	850.44	-0.059334	7.7620e-05	0.12299	supercritical
1957.4	309.00	57.825	0.017294	1558.1	2092.4	6.8821	0.91814	1.1824	850.63	-0.059344	7.7644e-05	0.12304	supercritical
1958.4	309.00	57.797	0.017302	1559.0	2093.6	6.8827	0.91822	1.1824	850.82	-0.059354	7.7669e-05	0.12309	supercritical
1959.4	309.00	57.768	0.017311	1559.9	2094.8	6.8833	0.91829	1.1825	851.01	-0.059364	7.7694e-05	0.12314	supercritical
1960.4	309.00	57.740	0.017319	1560.8	2096.0	6.8839	0.91836	1.1826	851.20	-0.059374	7.7719e-05	0.12319	supercritical
1961.4	309.00	57.712	0.017327	1561.8	2097.2	6.8845	0.91843	1.1826	851.39	-0.059383	7.7744e-05	0.12323	supercritical
1962.4	309.00	57.684	0.017336	1562.7	2098.4	6.8851	0.91850	1.1827	851.58	-0.059393	7.7769e-05	0.12328	supercritical
1963.4	309.00	57.655	0.017344	1563.6	2099.5	6.8858	0.91857	1.1828	851.77	-0.059403	7.7793e-05	0.12333	supercritical
1964.4	309.00	57.627	0.017353	1564.5	2100.7	6.8864	0.91864	1.1828	851.96	-0.059413	7.7818e-05	0.12338	supercritical
1965.4	309.00	57.599	0.017361	1565.4	2101.9	6.8870	0.91871	1.1829	852.15	-0.059422	7.7843e-05	0.12342	supercritical
1966.4	309.00	57.571	0.017370	1566.4	2103.1	6.8876	0.91878	1.1830	852.34	-0.059432	7.7868e-05	0.12347	supercritical
1967.4	309.00	57.543	0.017378	1567.3	2104.3	6.8882	0.91885	1.1830	852.53	-0.059442	7.7893e-05	0.12352	supercritical
1968.4	309.00	57.515	0.017387	1568.2	2105.5	6.8888	0.91892	1.1831	852.72	-0.059451	7.7917e-05	0.12357	supercritical
1969.4	309.00	57.487	0.017395	1569.1	2106.6	6.8894	0.91899	1.1832	852.91	-0.059461	7.7942e-05	0.12362	supercritical
1970.4	309.00	57.459	0.017404	1570.0	2107.8	6.8900	0.91906	1.1832	853.10	-0.059471	7.7967e-05	0.12366	supercritical
1971.4	309.00	57.431	0.017412	1571.0	2109.0	6.8906	0.91913	1.1833	853.29	-0.059480	7.7992e-05	0.12371	supercritical
1972.4	309.00	57.403	0.017421	1571.9	2110.2	6.8912	0.91920	1.1834	853.48	-0.059490	7.8017e-05	0.12376	supercritical
1973.4	309.00	57.375	0.017429	1572.8	2111.4	6.8918	0.91928	1.1834	853.67	-0.059500	7.8041e-05	0.12381	supercritical
1974.4	309.00	57.347	0.017438	1573.7	2112.6	6.8924	0.91935	1.1835	853.86	-0.059509	7.8066e-05	0.12385	supercritical
1975.4	309.00	57.319	0.017446	1574.7	2113.7	6.8930	0.91942	1.1836	854.05	-0.059519	7.8091e-05	0.12390	supercritical
1976.4	309.00	57.291	0.017455	1575.6	2114.9	6.8936	0.91949	1.1836	854.24	-0.059528	7.8116e-05	0.12395	supercritical
1977.4	309.00	57.264	0.017463	1576.5	2116.1	6.8942	0.91956	1.1837	854.43	-0.059538	7.8140e-05	0.12400	supercritical
1978.4	309.00	57.236	0.017472	1577.4	2117.3	6.8948	0.91963	1.1838	854.62	-0.059547	7.8165e-05	0.12405	supercritical
1979.4	309.00	57.208	0.017480	1578.3	2118.5	6.8954	0.91970	1.1838	854.81	-0.059557	7.8190e-05	0.12409	supercritical
1980.4	309.00	57.180	0.017488	1579.3	2119.7	6.8960	0.91977	1.1839	855.00	-0.059566	7.8215e-05	0.12414	supercritical
1981.4	309.00	57.153	0.017497	1580.2	2120.8	6.8966	0.91984	1.1840	855.19	-0.059576	7.8240e-05	0.12419	supercritical
1982.4	309.00	57.125	0.017505	1581.1	2122.0	6.8971	0.91991	1.1840	855.38	-0.059585	7.8264e-05	0.12424	supercritical
1983.4	309.00	57.097	0.017514	1582.0	2123.2	6.8977	0.91998	1.1841	855.57	-0.059595	7.8289e-05	0.12428	supercritical
1984.4	309.00	57.070	0.017522	1583.0	2124.4	6.8983	0.92005	1.1842	855.75	-0.059604	7.8314e-05	0.12433	supercritical
1985.4	309.00	57.042	0.017531	1583.9	2125.6	6.8989	0.92012	1.1842	855.94	-0.059614	7.8339e-05	0.12438	supercritical
1986.4	309.00	57.015	0.017539	1584.8	2126.8	6.8995	0.92019	1.1843	856.13	-0.059623	7.8363e-05	0.12443	supercritical
1987.4	309.00	56.987	0.017548	1585.7	2127.9	6.9001	0.92026	1.1843	856.32	-0.059632	7.8388e-05	0.12448	supercritical
1988.4	309.00	56.960	0.017556	1586.6	2129.1	6.9007	0.92033	1.1844	856.51	-0.059642	7.8413e-05	0.12452	supercritical
1989.4	309.00	56.932	0.017565	1587.6	2130.3	6.9013	0.92040	1.1845	856.70	-0.059651	7.8438e-05	0.12457	supercritical
1990.4	309.00	56.905	0.017573	1588.5	2131.5	6.9019	0.92047	1.1845	856.89	-0.059660	7.8462e-05	0.12462	supercritical
1991.4	309.00	56.877	0.017582	1589.4	2132.7	6.9025	0.92054	1.1846	857.08	-0.059670	7.8487e-05	0.12467	supercritical
1992.4	309.00	56.850	0.017590	1590.3	2133.9	6.9031	0.92062	1.1847	857.26	-0.059679	7.8512e-05	0.12471	supercritical
1993.4	309.00	56.822	0.017599	1591.3	2135.1	6.9037	0.92069	1.1847	857.45	-0.059688	7.8537e-05	0.12476	supercritical
1994.4	309.00	56.795	0.017607	1592.2	2136.2	6.9043	0.92076	1.1848	857.64	-0.059698	7.8561e-05	0.12481	supercritical
1995.4	309.00	56.768	0.017616	1593.1	2137.4	6.9049	0.92083	1.1849	857.83	-0.059707	7.8586e-05	0.12486	supercritical
1996.4	309.00	56.741	0.017624	1594.0	2138.6	6.9055	0.92090	1.1849	858.02	-0.059716	7.8611e-05	0.12491	supercritical
1997.4	309.00	56.713	0.017633	1594.9	2139.8	6.9061	0.92097	1.1850	858.21	-0.059725	7.8635e-05	0.12495	supercritical
1998.4	309.00	56.686	0.017641	1595.9	2141.0	6.9067	0.92104	1.1851	858.40	-0.059735	7.8660e-05	0.12500	supercritical
1999.4	309.00	56.659	0.017650	1596.8	2142.2	6.9073	0.92111	1.1851	858.58	-0.059744	7.8685e-05	0.12505	supercritical