Temperature (K)	Pressure (bar)	Density (kg/m3)	Volume (m3/kg)	Internal Energy (kJ/kg)	Enthalpy (kJ/kg)	Entropy (J/g*K)	Cv (J/g*K)	Cp (J/g*K)	Sound Spd. (m/s)	Joule-Thomson (K/bar)	Viscosity (Pa*s)	Therm. Cond. (W/m*K)	Phase
54.361	248.00	1331.8	0.00075087	-196.47	-177.85	2.0364	1.1441	1.5907	1195.9	-0.039954	0.00092880	0.21030	liquid
57.361	248.00	1320.2	0.00075744	-191.82	-173.04	2.1225	1.1138	1.6142	1199.1	-0.038940	0.00079445	0.20679	liquid
58.361	248.00	1316.3	0.00075970	-190.26	-171.42	2.1504	1.1070	1.6205	1197.3	-0.038680	0.00075547	0.20560	liquid
59.361	248.00	1312.4	0.00076199	-188.70	-169.80	2.1780	1.1011	1.6258	1194.4	-0.038456	0.00071910	0.20441	liquid
60.361	248.00	1308.4	0.00076431	-187.12	-168.17	2.2052	1.0959	1.6301	1190.8	-0.038263	0.00068515	0.20322	liquid
61.361	248.00	1304.4	0.00076665	-185.55	-166.54	2.2320	1.0911	1.6336	1186.6	-0.038099	0.00065346	0.20203	liquid
62.361	248.00	1300.4	0.00076901	-183.97	-164.90	2.2584	1.0865	1.6363	1181.8	-0.037959	0.00062387	0.20083	liquid
63.361	248.00	1296.4	0.00077139	-182.40	-163.27	2.2845	1.0822	1.6384	1176.6	-0.037840	0.00059622	0.19964	liquid
64.361	248.00	1292.3	0.00077379	-180.82	-161.63	2.3102	1.0779	1.6398	1171.0	-0.037738	0.00057037	0.19844	liquid
65.361	248.00	1288.3	0.00077620	-179.24	-159.99	2.3354	1.0738	1.6406	1165.2	-0.037651	0.00054618	0.19724	liquid
66.361	248.00	1284.3	0.00077864	-177.66	-158.35	2.3604	1.0696	1.6410	1159.3	-0.037575	0.00052354	0.19604	liquid
67.361	248.00	1280.3	0.00078109	-176.08	-156.70	2.3849	1.0654	1.6410	1153.1	-0.037510	0.00050232	0.19485	liquid
68.361	248.00	1276.2	0.00078355	-174.50	-155.06	2.4091	1.0613	1.6407	1146.8	-0.037452	0.00048242	0.19365	liquid
69.361	248.00	1272.2	0.00078603	-172.92	-153.42	2.4329	1.0571	1.6401	1140.5	-0.037400	0.00046375	0.19245	liquid
70.361	248.00	1268.2	0.00078853	-171.34	-151.78	2.4564	1.0529	1.6393	1134.1	-0.037352	0.00044620	0.19126	liquid
71.361	248.00	1264.2	0.00079104	-169.76	-150.14	2.4795	1.0487	1.6383	1127.6	-0.037307	0.00042970	0.19006	liquid
72.361	248.00	1260.1	0.00079357	-168.19	-148.51	2.5023	1.0445	1.6371	1121.1	-0.037263	0.00041418	0.18887	liquid
73.361	248.00	1256.1	0.00079611	-166.61	-146.87	2.5248	1.0403	1.6359	1114.5	-0.037220	0.00039955	0.18767	liquid
74.361	248.00	1252.1	0.00079867	-165.04	-145.24	2.5469	1.0361	1.6346	1108.0	-0.037176	0.00038576	0.18648	liquid
75.361	248.00	1248.0	0.00080125	-163.47	-143.60	2.5687	1.0319	1.6332	1101.4	-0.037131	0.00037275	0.18528	liquid
76.361	248.00	1244.0	0.00080384	-161.90	-141.97	2.5902	1.0277	1.6318	1094.9	-0.037084	0.00036045	0.18409	liquid
77.361	248.00	1240.0	0.00080646	-160.34	-140.34	2.6115	1.0235	1.6304	1088.4	-0.037034	0.00034883	0.18289	liquid
78.361	248.00	1236.0	0.00080908	-158.77	-138.71	2.6324	1.0193	1.6290	1081.8	-0.036981	0.00033783	0.18170	liquid
79.361	248.00	1231.9	0.00081173	-157.21	-137.08	2.6530	1.0152	1.6276	1075.3	-0.036925	0.00032741	0.18051	liquid
80.361	248.00	1227.9	0.00081439	-155.65	-135.45	2.6734	1.0111	1.6263	1068.8	-0.036864	0.00031753	0.17931	liquid
81.361	248.00	1223.9	0.00081708	-154.09	-133.83	2.6935	1.0070	1.6250	1062.3	-0.036799	0.00030815	0.17812	liquid
82.361	248.00	1219.8	0.00081978	-152.53	-132.20	2.7134	1.0029	1.6237	1055.8	-0.036729	0.00029924	0.17693	liquid
83.361	248.00	1215.8	0.00082250	-150.98	-130.58	2.7330	0.99889	1.6226	1049.4	-0.036654	0.00029077	0.17573	liquid
84.361	248.00	1211.8	0.00082525	-149.42	-128.96	2.7523	0.99491	1.6214	1042.9	-0.036573	0.00028271	0.17454	liquid
85.361	248.00	1207.7	0.00082801	-147.87	-127.34	2.7714	0.99097	1.6204	1036.5	-0.036487	0.00027504	0.17335	liquid
86.361	248.00	1203.7	0.00083079	-146.32	-125.72	2.7903	0.98707	1.6194	1030.1	-0.036395	0.00026772	0.17215	liquid
87.361	248.00	1199.6	0.00083360	-144.77	-124.10	2.8089	0.98321	1.6185	1023.7	-0.036297	0.00026074	0.17096	liquid
88.361	248.00	1195.6	0.00083643	-143.22	-122.48	2.8273	0.97940	1.6177	1017.4	-0.036194	0.00025407	0.16977	liquid
89.361	248.00	1191.5	0.00083928	-141.68	-120.86	2.8455	0.97563	1.6169	1011.0	-0.036083	0.00024769	0.16858	liquid
90.361	248.00	1187.4	0.00084215	-140.13	-119.25	2.8635	0.97191	1.6163	1004.7	-0.035967	0.00024159	0.16738	liquid
91.361	248.00	1183.4	0.00084505	-138.59	-117.63	2.8813	0.96823	1.6157	998.36	-0.035844	0.00023575	0.16619	liquid
92.361	248.00	1179.3	0.00084798	-137.04	-116.01	2.8989	0.96460	1.6152	992.06	-0.035714	0.00023016	0.16500	liquid
93.361	248.00	1175.2	0.00085092	-135.50	-114.40	2.9163	0.96102	1.6148	985.77	-0.035578	0.00022479	0.16381	liquid
94.361	248.00	1171.1	0.00085390	-133.96	-112.78	2.9335	0.95749	1.6144	979.50	-0.035435	0.00021964	0.16262	liquid
95.361	248.00	1167.0	0.00085690	-132.42	-111.17	2.9505	0.95400	1.6142	973.25	-0.035284	0.00021469	0.16143	liquid
96.361	248.00	1162.9	0.00085992	-130.88	-109.56	2.9673	0.95055	1.6140	967.01	-0.035127	0.00020993	0.16024	liquid
97.361	248.00	1158.8	0.00086298	-129.34	-107.94	2.9840	0.94715	1.6139	960.78	-0.034963	0.00020535	0.15904	liquid
98.361	248.00	1154.7	0.00086606	-127.81	-106.33	3.0005	0.94380	1.6139	954.57	-0.034791	0.00020094	0.15786	liquid
99.361	248.00	1150.5	0.00086917	-126.27	-104.71	3.0168	0.94049	1.6139	948.37	-0.034612	0.00019669	0.15667	liquid
100.36	248.00	1146.4	0.00087231	-124.73	-103.10	3.0330	0.93723	1.6141	942.18	-0.034426	0.00019259	0.15548	liquid
101.36	248.00	1142.2	0.00087548	-123.20	-101.49	3.0490	0.93401	1.6143	936.01	-0.034232	0.00018863	0.15429	liquid
102.36	248.00	1138.1	0.00087868	-121.66	-99.872	3.0648	0.93083	1.6146	929.85	-0.034030	0.00018481	0.15310	liquid
103.36	248.00	1133.9	0.00088192	-120.13	-98.257	3.0805	0.92770	1.6149	923.70	-0.033821	0.00018112	0.15192	liquid
104.36	248.00	1129.7	0.00088518	-118.59	-96.642	3.0961	0.92461	1.6154	917.56	-0.033603	0.00017755	0.15073	liquid
105.36	248.00	1125.5	0.00088848	-117.06	-95.027	3.1115	0.92155	1.6159	911.44	-0.033378	0.00017409	0.14955	liquid
106.36	248.00	1121.3	0.00089181	-115.53	-93.410	3.1267	0.91854	1.6165	905.32	-0.033144	0.00017075	0.14837	liquid
107.36	248.00	1117.1	0.00089517	-113.99	-91.794	3.1419	0.91558	1.6171	899.22	-0.032902	0.00016750	0.14718	liquid
108.36	248.00	1112.9	0.00089857	-112.46	-90.176	3.1569	0.91265	1.6179	893.13	-0.032652	0.00016436	0.14600	liquid
109.36	248.00	1108.6	0.00090201	-110.93	-88.558	3.1717	0.90975	1.6187	887.05	-0.032393	0.00016130	0.14482	liquid
110.36	248.00	1104.4	0.00090548	-109.39	-86.939	3.1865	0.90690	1.6195	880.98	-0.032126	0.00015834	0.14365	liquid
111.36	248.00	1100.1	0.00090899	-107.86	-85.319	3.2011	0.90409	1.6205	874.93	-0.031849	0.00015546	0.14247	liquid
112.36	248.00	1095.8	0.00091254	-106.33	-83.698	3.2156	0.90131	1.6215	868.88	-0.031564	0.00015267	0.14130	liquid
113.36	248.00	1091.6	0.00091612	-104.80	-82.076	3.2300	0.89857	1.6226	862.85	-0.031270	0.00014994	0.14012	liquid
114.36	248.00	1087.3	0.00091975	-103.26	-80.453	3.2442	0.89586	1.6237	856.82	-0.030966	0.00014730	0.13895	liquid
115.36	248.00	1082.9	0.00092341	-101.73	-78.828	3.2584	0.89320	1.6250	850.81	-0.030652	0.00014472	0.13779	liquid
116.36	248.00	1078.6	0.00092712	-100.20	-77.203	3.2724	0.89056	1.6262	844.81	-0.030329	0.00014221	0.13662	liquid
117.36	248.00	1074.3	0.00093087	-98.661	-75.576	3.2863	0.88796	1.6276	838.82	-0.029996	0.00013976	0.13546	liquid
118.36	248.00	1069.9	0.00093467	-97.127	-73.948	3.3001	0.88540	1.6290	832.84	-0.029653	0.00013738	0.13430	liquid
119.36	248.00	1065.5	0.00093850	-95.593	-72.318	3.3138	0.88287	1.6305	826.87	-0.029300	0.00013505	0.13314	liquid
120.36	248.00	1061.1	0.00094239	-94.058	-70.687	3.3274	0.88037	1.6320	820.91	-0.028936	0.00013278	0.13198	liquid
121.36	248.00	1056.7	0.00094632	-92.522	-69.054	3.3409	0.87790	1.6337	814.97	-0.028562	0.00013057	0.13083	liquid
122.36	248.00	1052.3	0.00095029	-90.986	-67.419	3.3544	0.87547	1.6353	809.03	-0.028177	0.00012840	0.12968	liquid
123.36	248.00	1047.9	0.00095432	-89.450	-65.783	3.3677	0.87307	1.6371	803.11	-0.027780	0.00012629	0.12854	liquid
124.36	248.00	1043.4	0.00095839	-87.913	-64.145	3.3809	0.87070	1.6389	797.20	-0.027372	0.00012422	0.12740	liquid
125.36	248.00	1038.9	0.00096252	-86.376	-62.505	3.3940	0.86836	1.6408	791.31	-0.026953	0.00012220	0.12626	liquid
126.36	248.00	1034.5	0.00096669	-84.837	-60.863	3.4071	0.86606	1.6427	785.42	-0.026521	0.00012023	0.12513	liquid
127.36	248.00	1029.9	0.00097092	-83.299	-59.220	3.4200	0.86378	1.6447	779.55	-0.026078	0.00011829	0.12400	liquid
128.36	248.00	1025.4	0.00097520	-81.759	-57.574	3.4329	0.86154	1.6468	773.69	-0.025622	0.00011640	0.12287	liquid
129.36	248.00	1020.9	0.00097954	-80.219	-55.926	3.4457	0.85932	1.6489	767.84	-0.025153	0.00011455	0.12175	liquid
130.36	248.00	1016.3	0.00098394	-78.678	-54.276	3.4584	0.85714	1.6511	762.01	-0.024671	0.00011274	0.12064	liquid
131.36	248.00	1011.7	0.00098839	-77.136	-52.624	3.4710	0.85498	1.6534	756.19	-0.024177	0.00011096	0.11952	liquid
132.36	248.00	1007.2	0.00099290	-75.593	-50.969	3.4836	0.85285	1.6557	750.39	-0.023668	0.00010922	0.11841	liquid
133.36	248.00	1002.5	0.00099747	-74.050	-49.312	3.4960	0.85076	1.6581	744.60	-0.023146	0.00010752	0.11731	liquid
134.36	248.00	997.90	0.0010021	-72.505	-47.653	3.5084	0.84869	1.6606	738.82	-0.022610	0.00010585	0.11621	liquid
135.36	248.00	993.25	0.0010068	-70.960	-45.991	3.5208	0.84665	1.6631	733.06	-0.022059	0.00010421	0.11512	liquid
136.36	248.00	988.57	0.0010116	-69.413	-44.327	3.5330	0.84463	1.6657	727.32	-0.021494	0.00010261	0.11403	liquid
137.36	248.00	983.88	0.0010164	-67.866	-42.660	3.5452	0.84265	1.6684	721.59	-0.020913	0.00010103	0.11295	liquid
138.36	248.00	979.17	0.0010213	-66.318	-40.990	3.5573	0.84069	1.6711	715.88	-0.020317	9.9488e-05	0.11187	liquid
139.36	248.00	974.43	0.0010262	-64.768	-39.317	3.5694	0.83877	1.6739	710.19	-0.019706	9.7973e-05	0.11079	liquid
140.36	248.00	969.68	0.0010313	-63.218	-37.642	3.5813	0.83686	1.6767	704.52	-0.019078	9.6487e-05	0.10973	liquid
141.36	248.00	964.90	0.0010364	-61.666	-35.964	3.5932	0.83499	1.6796	698.86	-0.018434	9.5029e-05	0.10867	liquid
142.36	248.00	960.10	0.0010416	-60.113	-34.283	3.6051	0.83314	1.6826	693.23	-0.017773	9.3598e-05	0.10761	liquid
143.36	248.00	955.28	0.0010468	-58.560	-32.599	3.6169	0.83133	1.6856	687.61	-0.017095	9.2193e-05	0.10656	liquid
144.36	248.00	950.44	0.0010521	-57.005	-30.912	3.6286	0.82953	1.6887	682.02	-0.016400	9.0815e-05	0.10552	liquid
145.36	248.00	945.58	0.0010575	-55.449	-29.221	3.6403	0.82777	1.6919	676.44	-0.015687	8.9462e-05	0.10448	liquid
146.36	248.00	940.70	0.0010630	-53.891	-27.528	3.6519	0.82603	1.6951	670.89	-0.014955	8.8133e-05	0.10346	liquid
147.36	248.00	935.79	0.0010686	-52.333	-25.831	3.6634	0.82431	1.6984	665.36	-0.014206	8.6829e-05	0.10243	liquid
148.36	248.00	930.87	0.0010743	-50.773	-24.131	3.6749	0.82262	1.7017	659.86	-0.013437	8.5549e-05	0.10142	liquid
149.36	248.00	925.92	0.0010800	-49.212	-22.428	3.6864	0.82096	1.7051	654.37	-0.012649	8.4291e-05	0.10041	liquid
150.36	248.00	920.94	0.0010858	-47.650	-20.721	3.6978	0.81932	1.7085	648.92	-0.011842	8.3057e-05	0.099410	liquid
151.36	248.00	915.95	0.0010918	-46.086	-19.011	3.7091	0.81771	1.7120	643.49	-0.011014	8.1845e-05	0.098417	liquid
152.36	248.00	910.93	0.0010978	-44.522	-17.297	3.7204	0.81613	1.7155	638.09	-0.010166	8.0655e-05	0.097432	liquid
153.36	248.00	905.89	0.0011039	-42.956	-15.580	3.7316	0.81457	1.7191	632.71	-0.0092982	7.9486e-05	0.096455	liquid
154.36	248.00	900.83	0.0011101	-41.389	-13.859	3.7428	0.81303	1.7228	627.37	-0.0084090	7.8338e-05	0.095485	liquid
155.36	248.00	895.74	0.0011164	-39.821	-12.134	3.7540	0.81152	1.7265	622.05	-0.0074985	7.7212e-05	0.094525	supercritical
156.36	248.00	890.63	0.0011228	-38.251	-10.406	3.7650	0.81003	1.7302	616.76	-0.0065664	7.6105e-05	0.093572	supercritical
157.36	248.00	885.50	0.0011293	-36.680	-8.6737	3.7761	0.80857	1.7339	611.51	-0.0056124	7.5019e-05	0.092628	supercritical
158.36	248.00	880.35	0.0011359	-35.108	-6.9378	3.7871	0.80713	1.7377	606.29	-0.0046362	7.3952e-05	0.091693	supercritical
159.36	248.00	875.17	0.0011426	-33.535	-5.1982	3.7980	0.80571	1.7416	601.11	-0.0036376	7.2905e-05	0.090766	supercritical
160.36	248.00	869.97	0.0011495	-31.961	-3.4547	3.8089	0.80432	1.7454	595.96	-0.0026162	7.1877e-05	0.089849	supercritical
161.36	248.00	864.75	0.0011564	-30.386	-1.7073	3.8198	0.80295	1.7493	590.85	-0.0015719	7.0868e-05	0.088941	supercritical
162.36	248.00	859.51	0.0011635	-28.810	0.043994	3.8306	0.80160	1.7532	585.77	-0.00050443	6.9877e-05	0.088042	supercritical
163.36	248.00	854.25	0.0011706	-27.232	1.7992	3.8414	0.80027	1.7571	580.74	0.00058644	6.8905e-05	0.087153	supercritical
164.36	248.00	848.96	0.0011779	-25.654	3.5583	3.8521	0.79897	1.7611	575.74	0.0017009	6.7950e-05	0.086273	supercritical
165.36	248.00	843.65	0.0011853	-24.075	5.3213	3.8628	0.79769	1.7650	570.79	0.0028390	6.7014e-05	0.085403	supercritical
166.36	248.00	838.33	0.0011929	-22.494	7.0883	3.8735	0.79643	1.7689	565.88	0.0040009	6.6095e-05	0.084542	supercritical
167.36	248.00	832.98	0.0012005	-20.913	8.8592	3.8841	0.79518	1.7729	561.02	0.0051867	6.5193e-05	0.083692	supercritical
168.36	248.00	827.61	0.0012083	-19.332	10.634	3.8947	0.79396	1.7768	556.20	0.0063963	6.4308e-05	0.082852	supercritical
169.36	248.00	822.22	0.0012162	-17.749	12.413	3.9052	0.79276	1.7807	551.43	0.0076299	6.3440e-05	0.082022	supercritical
170.36	248.00	816.82	0.0012243	-16.166	14.195	3.9157	0.79158	1.7845	546.71	0.0088874	6.2589e-05	0.081202	supercritical
171.36	248.00	811.39	0.0012325	-14.583	15.982	3.9261	0.79042	1.7883	542.03	0.010169	6.1754e-05	0.080393	supercritical
172.36	248.00	805.95	0.0012408	-12.999	17.772	3.9366	0.78928	1.7921	537.41	0.011473	6.0935e-05	0.079594	supercritical
173.36	248.00	800.49	0.0012492	-11.415	19.566	3.9469	0.78815	1.7958	532.85	0.012802	6.0132e-05	0.078805	supercritical
174.36	248.00	795.01	0.0012578	-9.8308	21.364	3.9573	0.78704	1.7995	528.34	0.014153	5.9345e-05	0.078027	supercritical
175.36	248.00	789.52	0.0012666	-8.2464	23.165	3.9676	0.78595	1.8031	523.88	0.015528	5.8574e-05	0.077260	supercritical
176.36	248.00	784.02	0.0012755	-6.6621	24.970	3.9778	0.78487	1.8066	519.48	0.016924	5.7817e-05	0.076503	supercritical
177.36	248.00	778.50	0.0012845	-5.0780	26.778	3.9881	0.78381	1.8100	515.14	0.018343	5.7076e-05	0.075758	supercritical
178.36	248.00	772.97	0.0012937	-3.4943	28.590	3.9983	0.78276	1.8133	510.87	0.019784	5.6350e-05	0.075023	supercritical
179.36	248.00	767.43	0.0013030	-1.9110	30.405	4.0084	0.78173	1.8165	506.65	0.021245	5.5639e-05	0.074299	supercritical
180.36	248.00	761.88	0.0013125	-0.32844	32.223	4.0185	0.78071	1.8195	502.50	0.022727	5.4942e-05	0.073585	supercritical
181.36	248.00	756.32	0.0013222	1.2533	34.044	4.0286	0.77971	1.8225	498.41	0.024228	5.4260e-05	0.072883	supercritical
182.36	248.00	750.76	0.0013320	2.8341	35.867	4.0386	0.77872	1.8252	494.39	0.025749	5.3592e-05	0.072191	supercritical
183.36	248.00	745.18	0.0013420	4.4137	37.694	4.0486	0.77774	1.8279	490.43	0.027287	5.2938e-05	0.071511	supercritical
184.36	248.00	739.61	0.0013521	5.9918	39.523	4.0585	0.77677	1.8303	486.55	0.028842	5.2298e-05	0.070841	supercritical
185.36	248.00	734.03	0.0013623	7.5684	41.355	4.0685	0.77581	1.8326	482.73	0.030413	5.1671e-05	0.070182	supercritical
186.36	248.00	728.45	0.0013728	9.1432	43.188	4.0783	0.77486	1.8346	478.99	0.031999	5.1058e-05	0.069533	supercritical
187.36	248.00	722.87	0.0013834	10.716	45.024	4.0881	0.77392	1.8365	475.32	0.033598	5.0458e-05	0.068896	supercritical
188.36	248.00	717.29	0.0013941	12.287	46.861	4.0979	0.77299	1.8381	471.72	0.035210	4.9871e-05	0.068269	supercritical
189.36	248.00	711.72	0.0014051	13.855	48.700	4.1077	0.77207	1.8395	468.20	0.036833	4.9298e-05	0.067652	supercritical
190.36	248.00	706.15	0.0014161	15.420	50.540	4.1174	0.77116	1.8407	464.75	0.038465	4.8737e-05	0.067047	supercritical
191.36	248.00	700.59	0.0014274	16.982	52.381	4.1270	0.77025	1.8416	461.38	0.040106	4.8188e-05	0.066451	supercritical
192.36	248.00	695.04	0.0014388	18.542	54.223	4.1366	0.76935	1.8423	458.09	0.041754	4.7652e-05	0.065866	supercritical
193.36	248.00	689.50	0.0014503	20.098	56.066	4.1462	0.76845	1.8426	454.87	0.043407	4.7128e-05	0.065292	supercritical
194.36	248.00	683.97	0.0014620	21.650	57.908	4.1557	0.76756	1.8428	451.74	0.045063	4.6616e-05	0.064727	supercritical
195.36	248.00	678.46	0.0014739	23.198	59.751	4.1651	0.76668	1.8426	448.68	0.046722	4.6116e-05	0.064173	supercritical
196.36	248.00	672.97	0.0014859	24.742	61.593	4.1745	0.76580	1.8421	445.70	0.048382	4.5628e-05	0.063629	supercritical
197.36	248.00	667.50	0.0014981	26.282	63.435	4.1839	0.76492	1.8414	442.80	0.050040	4.5151e-05	0.063094	supercritical
198.36	248.00	662.05	0.0015105	27.817	65.276	4.1932	0.76405	1.8404	439.98	0.051696	4.4685e-05	0.062570	supercritical
199.36	248.00	656.62	0.0015229	29.347	67.116	4.2024	0.76318	1.8390	437.24	0.053348	4.4230e-05	0.062055	supercritical
200.36	248.00	651.22	0.0015356	30.872	68.954	4.2116	0.76231	1.8374	434.58	0.054994	4.3787e-05	0.061550	supercritical
201.36	248.00	645.84	0.0015484	32.391	70.791	4.2208	0.76145	1.8354	432.00	0.056632	4.3354e-05	0.061054	supercritical
202.36	248.00	640.50	0.0015613	33.905	72.625	4.2299	0.76058	1.8332	429.49	0.058262	4.2931e-05	0.060567	supercritical
203.36	248.00	635.18	0.0015743	35.413	74.457	4.2389	0.75972	1.8307	427.07	0.059881	4.2520e-05	0.060090	supercritical
204.36	248.00	629.90	0.0015875	36.915	76.286	4.2479	0.75886	1.8279	424.72	0.061488	4.2118e-05	0.059622	supercritical
205.36	248.00	624.65	0.0016009	38.411	78.112	4.2568	0.75799	1.8247	422.45	0.063081	4.1726e-05	0.059163	supercritical
206.36	248.00	619.44	0.0016143	39.900	79.936	4.2656	0.75713	1.8213	420.26	0.064660	4.1344e-05	0.058713	supercritical
207.36	248.00	614.27	0.0016279	41.382	81.755	4.2744	0.75627	1.8177	418.14	0.066222	4.0972e-05	0.058271	supercritical
208.36	248.00	609.14	0.0016417	42.858	83.571	4.2832	0.75541	1.8137	416.09	0.067766	4.0609e-05	0.057838	supercritical
209.36	248.00	604.05	0.0016555	44.326	85.382	4.2918	0.75455	1.8095	414.12	0.069291	4.0255e-05	0.057414	supercritical
210.36	248.00	599.00	0.0016695	45.787	87.190	4.3005	0.75369	1.8050	412.22	0.070796	3.9911e-05	0.056998	supercritical
211.36	248.00	593.99	0.0016835	47.241	88.992	4.3090	0.75283	1.8002	410.39	0.072279	3.9575e-05	0.056590	supercritical
212.36	248.00	589.04	0.0016977	48.687	90.790	4.3175	0.75198	1.7953	408.63	0.073739	3.9248e-05	0.056190	supercritical
213.36	248.00	584.12	0.0017120	50.126	92.583	4.3259	0.75112	1.7900	406.94	0.075175	3.8930e-05	0.055799	supercritical
214.36	248.00	579.26	0.0017264	51.556	94.370	4.3343	0.75026	1.7846	405.32	0.076586	3.8620e-05	0.055415	supercritical
215.36	248.00	574.44	0.0017408	52.979	96.152	4.3426	0.74941	1.7789	403.76	0.077971	3.8319e-05	0.055039	supercritical
216.36	248.00	569.67	0.0017554	54.394	97.928	4.3508	0.74855	1.7730	402.27	0.079328	3.8025e-05	0.054671	supercritical
217.36	248.00	564.95	0.0017701	55.800	99.698	4.3589	0.74770	1.7670	400.84	0.080658	3.7740e-05	0.054310	supercritical
218.36	248.00	560.29	0.0017848	57.199	101.46	4.3670	0.74685	1.7607	399.47	0.081958	3.7462e-05	0.053957	supercritical
219.36	248.00	555.67	0.0017996	58.589	103.22	4.3751	0.74600	1.7543	398.16	0.083230	3.7192e-05	0.053611	supercritical
220.36	248.00	551.11	0.0018145	59.970	104.97	4.3830	0.74515	1.7477	396.91	0.084471	3.6929e-05	0.053273	supercritical
221.36	248.00	546.60	0.0018295	61.343	106.71	4.3909	0.74431	1.7410	395.72	0.085681	3.6673e-05	0.052941	supercritical
222.36	248.00	542.15	0.0018445	62.708	108.45	4.3988	0.74347	1.7341	394.58	0.086859	3.6425e-05	0.052617	supercritical
223.36	248.00	537.74	0.0018596	64.064	110.18	4.4065	0.74264	1.7271	393.50	0.088006	3.6183e-05	0.052300	supercritical
224.36	248.00	533.40	0.0018748	65.412	111.91	4.4142	0.74181	1.7200	392.47	0.089121	3.5948e-05	0.051989	supercritical
225.36	248.00	529.10	0.0018900	66.751	113.62	4.4219	0.74098	1.7128	391.49	0.090203	3.5720e-05	0.051686	supercritical
226.36	248.00	524.86	0.0019053	68.081	115.33	4.4294	0.74016	1.7055	390.56	0.091253	3.5499e-05	0.051389	supercritical
227.36	248.00	520.68	0.0019206	69.403	117.03	4.4369	0.73935	1.6981	389.67	0.092269	3.5283e-05	0.051098	supercritical
228.36	248.00	516.54	0.0019359	70.717	118.73	4.4444	0.73854	1.6907	388.84	0.093253	3.5074e-05	0.050814	supercritical
229.36	248.00	512.47	0.0019513	72.022	120.41	4.4517	0.73774	1.6831	388.05	0.094203	3.4871e-05	0.050536	supercritical
230.36	248.00	508.45	0.0019668	73.318	122.09	4.4590	0.73694	1.6756	387.30	0.095121	3.4674e-05	0.050265	supercritical
231.36	248.00	504.48	0.0019823	74.606	123.77	4.4663	0.73615	1.6680	386.60	0.096006	3.4482e-05	0.050000	supercritical
232.36	248.00	500.56	0.0019978	75.886	125.43	4.4735	0.73537	1.6604	385.94	0.096857	3.4296e-05	0.049740	supercritical
233.36	248.00	496.70	0.0020133	77.157	127.09	4.4806	0.73460	1.6527	385.32	0.097677	3.4116e-05	0.049487	supercritical
234.36	248.00	492.89	0.0020288	78.420	128.74	4.4876	0.73383	1.6450	384.74	0.098464	3.3941e-05	0.049240	supercritical
235.36	248.00	489.13	0.0020444	79.675	130.38	4.4946	0.73308	1.6374	384.19	0.099219	3.3771e-05	0.048998	supercritical
236.36	248.00	485.43	0.0020600	80.922	132.01	4.5015	0.73233	1.6297	383.68	0.099942	3.3607e-05	0.048762	supercritical
237.36	248.00	481.78	0.0020756	82.161	133.64	4.5084	0.73159	1.6221	383.21	0.10063	3.3447e-05	0.048532	supercritical
238.36	248.00	478.18	0.0020913	83.391	135.25	4.5152	0.73086	1.6145	382.77	0.10129	3.3292e-05	0.048307	supercritical
239.36	248.00	474.63	0.0021069	84.614	136.87	4.5220	0.73013	1.6069	382.36	0.10192	3.3142e-05	0.048088	supercritical
240.36	248.00	471.13	0.0021226	85.829	138.47	4.5286	0.72942	1.5993	381.99	0.10252	3.2996e-05	0.047874	supercritical
241.36	248.00	467.68	0.0021382	87.036	140.06	4.5353	0.72872	1.5918	381.64	0.10309	3.2855e-05	0.047665	supercritical
242.36	248.00	464.28	0.0021539	88.236	141.65	4.5418	0.72802	1.5843	381.33	0.10364	3.2719e-05	0.047461	supercritical
243.36	248.00	460.93	0.0021695	89.428	143.23	4.5483	0.72734	1.5768	381.04	0.10415	3.2586e-05	0.047263	supercritical
244.36	248.00	457.62	0.0021852	90.613	144.81	4.5548	0.72666	1.5695	380.78	0.10463	3.2458e-05	0.047069	supercritical
245.36	248.00	454.37	0.0022009	91.790	146.37	4.5612	0.72600	1.5621	380.55	0.10509	3.2334e-05	0.046880	supercritical
246.36	248.00	451.16	0.0022165	92.960	147.93	4.5675	0.72534	1.5549	380.34	0.10552	3.2214e-05	0.046696	supercritical
247.36	248.00	447.99	0.0022322	94.123	149.48	4.5738	0.72470	1.5477	380.16	0.10592	3.2097e-05	0.046516	supercritical
248.36	248.00	444.88	0.0022478	95.279	151.03	4.5800	0.72406	1.5405	380.00	0.10630	3.1985e-05	0.046341	supercritical
249.36	248.00	441.80	0.0022635	96.429	152.56	4.5862	0.72344	1.5335	379.86	0.10665	3.1876e-05	0.046171	supercritical
250.36	248.00	438.77	0.0022791	97.571	154.09	4.5923	0.72282	1.5265	379.75	0.10698	3.1770e-05	0.046005	supercritical
251.36	248.00	435.78	0.0022947	98.706	155.62	4.5984	0.72222	1.5195	379.65	0.10728	3.1668e-05	0.045843	supercritical
252.36	248.00	432.84	0.0023103	99.835	157.13	4.6044	0.72162	1.5127	379.58	0.10756	3.1570e-05	0.045685	supercritical
253.36	248.00	429.94	0.0023259	100.96	158.64	4.6104	0.72104	1.5059	379.53	0.10782	3.1474e-05	0.045532	supercritical
254.36	248.00	427.08	0.0023415	102.07	160.14	4.6163	0.72046	1.4992	379.49	0.10805	3.1382e-05	0.045383	supercritical
255.36	248.00	424.26	0.0023571	103.18	161.64	4.6222	0.71990	1.4926	379.48	0.10826	3.1293e-05	0.045237	supercritical
256.36	248.00	421.48	0.0023726	104.29	163.13	4.6280	0.71934	1.4861	379.48	0.10845	3.1207e-05	0.045096	supercritical
257.36	248.00	418.73	0.0023881	105.39	164.61	4.6338	0.71879	1.4797	379.50	0.10862	3.1124e-05	0.044958	supercritical
258.36	248.00	416.03	0.0024037	106.48	166.09	4.6395	0.71826	1.4733	379.53	0.10877	3.1044e-05	0.044824	supercritical
259.36	248.00	413.37	0.0024192	107.56	167.56	4.6452	0.71773	1.4670	379.58	0.10890	3.0966e-05	0.044694	supercritical
260.36	248.00	410.74	0.0024346	108.64	169.02	4.6508	0.71721	1.4608	379.65	0.10901	3.0892e-05	0.044567	supercritical
261.36	248.00	408.15	0.0024501	109.72	170.48	4.6564	0.71671	1.4547	379.73	0.10910	3.0820e-05	0.044444	supercritical
262.36	248.00	405.59	0.0024655	110.79	171.93	4.6619	0.71621	1.4487	379.82	0.10918	3.0750e-05	0.044324	supercritical
263.36	248.00	403.07	0.0024809	111.85	173.38	4.6674	0.71572	1.4427	379.93	0.10923	3.0683e-05	0.044208	supercritical
264.36	248.00	400.59	0.0024963	112.91	174.82	4.6729	0.71524	1.4369	380.05	0.10927	3.0619e-05	0.044095	supercritical
265.36	248.00	398.14	0.0025117	113.96	176.25	4.6783	0.71477	1.4311	380.18	0.10929	3.0557e-05	0.043985	supercritical
266.36	248.00	395.72	0.0025271	115.01	177.68	4.6837	0.71431	1.4254	380.33	0.10930	3.0497e-05	0.043878	supercritical
267.36	248.00	393.33	0.0025424	116.05	179.10	4.6890	0.71386	1.4198	380.48	0.10929	3.0440e-05	0.043774	supercritical
268.36	248.00	390.98	0.0025577	117.09	180.52	4.6943	0.71342	1.4143	380.65	0.10926	3.0384e-05	0.043674	supercritical
269.36	248.00	388.66	0.0025730	118.12	181.93	4.6996	0.71299	1.4088	380.83	0.10922	3.0331e-05	0.043576	supercritical
270.36	248.00	386.37	0.0025882	119.15	183.34	4.7048	0.71256	1.4035	381.02	0.10917	3.0280e-05	0.043481	supercritical
271.36	248.00	384.11	0.0026034	120.17	184.74	4.7099	0.71215	1.3982	381.22	0.10910	3.0231e-05	0.043389	supercritical
272.36	248.00	381.88	0.0026186	121.19	186.13	4.7151	0.71174	1.3930	381.42	0.10902	3.0184e-05	0.043300	supercritical
273.36	248.00	379.68	0.0026338	122.20	187.52	4.7202	0.71134	1.3879	381.64	0.10892	3.0139e-05	0.043213	supercritical
274.36	248.00	377.51	0.0026490	123.21	188.91	4.7252	0.71095	1.3828	381.87	0.10881	3.0096e-05	0.043129	supercritical
275.36	248.00	375.36	0.0026641	124.22	190.29	4.7303	0.71057	1.3779	382.10	0.10869	3.0055e-05	0.043048	supercritical
276.36	248.00	373.25	0.0026792	125.22	191.66	4.7352	0.71020	1.3730	382.35	0.10856	3.0015e-05	0.042969	supercritical
277.36	248.00	371.16	0.0026943	126.22	193.04	4.7402	0.70984	1.3681	382.60	0.10842	2.9977e-05	0.042892	supercritical
278.36	248.00	369.10	0.0027093	127.21	194.40	4.7451	0.70948	1.3634	382.86	0.10826	2.9941e-05	0.042818	supercritical
279.36	248.00	367.06	0.0027243	128.20	195.76	4.7500	0.70913	1.3587	383.12	0.10810	2.9907e-05	0.042746	supercritical
280.36	248.00	365.05	0.0027393	129.18	197.12	4.7548	0.70879	1.3541	383.40	0.10792	2.9874e-05	0.042677	supercritical
281.36	248.00	363.07	0.0027543	130.16	198.47	4.7596	0.70846	1.3496	383.68	0.10774	2.9843e-05	0.042610	supercritical
282.36	248.00	361.11	0.0027693	131.14	199.82	4.7644	0.70813	1.3452	383.96	0.10754	2.9813e-05	0.042545	supercritical
283.36	248.00	359.17	0.0027842	132.11	201.16	4.7692	0.70782	1.3408	384.26	0.10734	2.9784e-05	0.042482	supercritical
284.36	248.00	357.26	0.0027991	133.08	202.50	4.7739	0.70751	1.3365	384.55	0.10712	2.9758e-05	0.042421	supercritical
285.36	248.00	355.37	0.0028139	134.05	203.83	4.7786	0.70721	1.3322	384.86	0.10690	2.9732e-05	0.042362	supercritical
286.36	248.00	353.51	0.0028288	135.01	205.16	4.7832	0.70691	1.3280	385.17	0.10667	2.9708e-05	0.042305	supercritical
287.36	248.00	351.67	0.0028436	135.97	206.49	4.7879	0.70662	1.3239	385.49	0.10643	2.9686e-05	0.042250	supercritical
288.36	248.00	349.85	0.0028584	136.92	207.81	4.7924	0.70634	1.3199	385.81	0.10619	2.9664e-05	0.042197	supercritical
289.36	248.00	348.05	0.0028731	137.88	209.13	4.7970	0.70607	1.3159	386.13	0.10593	2.9644e-05	0.042146	supercritical
290.36	248.00	346.28	0.0028879	138.82	210.44	4.8015	0.70581	1.3120	386.46	0.10567	2.9625e-05	0.042096	supercritical
291.36	248.00	344.52	0.0029026	139.77	211.75	4.8060	0.70555	1.3081	386.80	0.10540	2.9608e-05	0.042048	supercritical
292.36	248.00	342.79	0.0029172	140.71	213.06	4.8105	0.70529	1.3043	387.14	0.10512	2.9591e-05	0.042002	supercritical
293.36	248.00	341.08	0.0029319	141.65	214.36	4.8150	0.70505	1.3006	387.48	0.10484	2.9576e-05	0.041957	supercritical
294.36	248.00	339.38	0.0029465	142.59	215.66	4.8194	0.70481	1.2969	387.83	0.10455	2.9562e-05	0.041914	supercritical
295.36	248.00	337.71	0.0029611	143.52	216.96	4.8238	0.70458	1.2933	388.18	0.10426	2.9549e-05	0.041873	supercritical
296.36	248.00	336.05	0.0029757	144.45	218.25	4.8281	0.70435	1.2897	388.54	0.10396	2.9537e-05	0.041832	supercritical
297.36	248.00	334.42	0.0029903	145.38	219.54	4.8325	0.70414	1.2862	388.90	0.10365	2.9526e-05	0.041794	supercritical
298.36	248.00	332.80	0.0030048	146.30	220.82	4.8368	0.70392	1.2828	389.26	0.10334	2.9516e-05	0.041756	supercritical
299.36	248.00	331.20	0.0030193	147.22	222.10	4.8411	0.70372	1.2794	389.63	0.10302	2.9507e-05	0.041720	supercritical
300.36	248.00	329.62	0.0030338	148.14	223.38	4.8453	0.70352	1.2760	390.00	0.10270	2.9499e-05	0.041684	supercritical
301.36	248.00	328.06	0.0030482	149.06	224.65	4.8496	0.70332	1.2727	390.37	0.10237	2.9493e-05	0.041650	supercritical
302.36	248.00	326.52	0.0030626	149.97	225.92	4.8538	0.70313	1.2695	390.75	0.10204	2.9487e-05	0.041617	supercritical
303.36	248.00	324.99	0.0030770	150.88	227.19	4.8580	0.70295	1.2663	391.13	0.10171	2.9481e-05	0.041584	supercritical
304.36	248.00	323.48	0.0030914	151.79	228.46	4.8621	0.70278	1.2631	391.51	0.10136	2.9477e-05	0.041551	supercritical
305.36	248.00	321.98	0.0031058	152.69	229.72	4.8663	0.70261	1.2600	391.89	0.10102	2.9474e-05	0.041519	supercritical
306.36	248.00	320.50	0.0031201	153.60	230.98	4.8704	0.70244	1.2570	392.28	0.10067	2.9471e-05	0.041486	supercritical
307.36	248.00	319.04	0.0031344	154.50	232.23	4.8745	0.70228	1.2540	392.67	0.10032	2.9470e-05	0.041451	supercritical
308.36	248.00	317.59	0.0031487	155.40	233.48	4.8785	0.70213	1.2511	393.06	0.099963	2.9469e-05	0.041410	supercritical
309.36	248.00	316.16	0.0031629	156.29	234.73	4.8826	0.70198	1.2481	393.46	0.099604	2.9469e-05	0.041342	supercritical
310.36	248.00	314.75	0.0031772	157.19	235.98	4.8866	0.70184	1.2453	393.85	0.099241	2.9470e-05	0.041333	supercritical
311.36	248.00	313.34	0.0031914	158.08	237.22	4.8906	0.70170	1.2425	394.25	0.098875	2.9471e-05	0.041324	supercritical
312.36	248.00	311.96	0.0032056	158.97	238.47	4.8946	0.70157	1.2397	394.65	0.098506	2.9473e-05	0.041317	supercritical
313.36	248.00	310.59	0.0032197	159.86	239.70	4.8986	0.70145	1.2370	395.05	0.098134	2.9476e-05	0.041310	supercritical
314.36	248.00	309.23	0.0032339	160.74	240.94	4.9025	0.70132	1.2343	395.46	0.097759	2.9480e-05	0.041305	supercritical
315.36	248.00	307.88	0.0032480	161.62	242.17	4.9064	0.70121	1.2316	395.86	0.097381	2.9484e-05	0.041301	supercritical
316.36	248.00	306.55	0.0032621	162.50	243.40	4.9103	0.70110	1.2290	396.27	0.097001	2.9489e-05	0.041298	supercritical
317.36	248.00	305.24	0.0032761	163.38	244.63	4.9142	0.70099	1.2265	396.68	0.096619	2.9495e-05	0.041295	supercritical
318.36	248.00	303.94	0.0032902	164.26	245.86	4.9180	0.70089	1.2239	397.09	0.096234	2.9501e-05	0.041294	supercritical
319.36	248.00	302.65	0.0033042	165.13	247.08	4.9219	0.70079	1.2214	397.50	0.095847	2.9508e-05	0.041294	supercritical
320.36	248.00	301.37	0.0033182	166.01	248.30	4.9257	0.70070	1.2190	397.91	0.095458	2.9515e-05	0.041294	supercritical
321.36	248.00	300.10	0.0033322	166.88	249.52	4.9295	0.70062	1.2166	398.33	0.095067	2.9523e-05	0.041296	supercritical
322.36	248.00	298.85	0.0033461	167.75	250.73	4.9333	0.70053	1.2142	398.75	0.094675	2.9532e-05	0.041298	supercritical
323.36	248.00	297.61	0.0033601	168.62	251.95	4.9370	0.70046	1.2119	399.16	0.094280	2.9541e-05	0.041302	supercritical
324.36	248.00	296.39	0.0033740	169.48	253.16	4.9408	0.70038	1.2096	399.58	0.093884	2.9551e-05	0.041306	supercritical
325.36	248.00	295.17	0.0033879	170.35	254.36	4.9445	0.70032	1.2073	400.00	0.093486	2.9561e-05	0.041311	supercritical
326.36	248.00	293.97	0.0034017	171.21	255.57	4.9482	0.70025	1.2051	400.42	0.093087	2.9572e-05	0.041317	supercritical
327.36	248.00	292.77	0.0034156	172.07	256.77	4.9519	0.70019	1.2029	400.84	0.092686	2.9584e-05	0.041323	supercritical
328.36	248.00	291.59	0.0034294	172.93	257.98	4.9555	0.70014	1.2007	401.26	0.092284	2.9596e-05	0.041331	supercritical
329.36	248.00	290.42	0.0034432	173.78	259.18	4.9592	0.70009	1.1986	401.69	0.091880	2.9608e-05	0.041339	supercritical
330.36	248.00	289.27	0.0034570	174.64	260.37	4.9628	0.70004	1.1964	402.11	0.091476	2.9621e-05	0.041348	supercritical
331.36	248.00	288.12	0.0034708	175.49	261.57	4.9664	0.70000	1.1944	402.54	0.091070	2.9634e-05	0.041357	supercritical
332.36	248.00	286.98	0.0034845	176.35	262.76	4.9700	0.69996	1.1923	402.96	0.090664	2.9648e-05	0.041368	supercritical
333.36	248.00	285.86	0.0034983	177.20	263.95	4.9736	0.69993	1.1903	403.39	0.090256	2.9662e-05	0.041379	supercritical
334.36	248.00	284.74	0.0035120	178.05	265.14	4.9772	0.69990	1.1883	403.82	0.089848	2.9677e-05	0.041391	supercritical
335.36	248.00	283.64	0.0035257	178.89	266.33	4.9807	0.69987	1.1864	404.24	0.089439	2.9692e-05	0.041404	supercritical
336.36	248.00	282.54	0.0035393	179.74	267.52	4.9842	0.69985	1.1845	404.67	0.089029	2.9708e-05	0.041417	supercritical
337.36	248.00	281.45	0.0035530	180.59	268.70	4.9877	0.69983	1.1826	405.10	0.088619	2.9724e-05	0.041431	supercritical
338.36	248.00	280.38	0.0035666	181.43	269.88	4.9912	0.69982	1.1807	405.53	0.088208	2.9740e-05	0.041445	supercritical
339.36	248.00	279.31	0.0035802	182.27	271.06	4.9947	0.69981	1.1789	405.96	0.087796	2.9757e-05	0.041461	supercritical
340.36	248.00	278.26	0.0035938	183.11	272.24	4.9982	0.69980	1.1770	406.39	0.087384	2.9775e-05	0.041476	supercritical
341.36	248.00	277.21	0.0036074	183.95	273.41	5.0016	0.69980	1.1753	406.82	0.086972	2.9792e-05	0.041493	supercritical
342.36	248.00	276.17	0.0036209	184.79	274.59	5.0051	0.69980	1.1735	407.25	0.086559	2.9810e-05	0.041510	supercritical
343.36	248.00	275.14	0.0036345	185.63	275.76	5.0085	0.69980	1.1718	407.68	0.086146	2.9829e-05	0.041528	supercritical
344.36	248.00	274.12	0.0036480	186.46	276.93	5.0119	0.69981	1.1701	408.11	0.085732	2.9847e-05	0.041546	supercritical
345.36	248.00	273.11	0.0036615	187.30	278.10	5.0153	0.69982	1.1684	408.55	0.085319	2.9866e-05	0.041565	supercritical
346.36	248.00	272.11	0.0036749	188.13	279.27	5.0187	0.69984	1.1667	408.98	0.084905	2.9886e-05	0.041584	supercritical
347.36	248.00	271.12	0.0036884	188.96	280.44	5.0220	0.69986	1.1651	409.41	0.084491	2.9906e-05	0.041604	supercritical
348.36	248.00	270.13	0.0037019	189.79	281.60	5.0254	0.69988	1.1635	409.84	0.084077	2.9926e-05	0.041625	supercritical
349.36	248.00	269.16	0.0037153	190.62	282.76	5.0287	0.69991	1.1619	410.28	0.083663	2.9946e-05	0.041646	supercritical
350.36	248.00	268.19	0.0037287	191.45	283.92	5.0320	0.69993	1.1603	410.71	0.083249	2.9967e-05	0.041667	supercritical
351.36	248.00	267.23	0.0037421	192.28	285.08	5.0353	0.69997	1.1588	411.14	0.082835	2.9988e-05	0.041689	supercritical
352.36	248.00	266.28	0.0037555	193.11	286.24	5.0386	0.70000	1.1573	411.58	0.082422	3.0009e-05	0.041712	supercritical
353.36	248.00	265.34	0.0037688	193.93	287.40	5.0419	0.70004	1.1558	412.01	0.082008	3.0031e-05	0.041735	supercritical
354.36	248.00	264.40	0.0037821	194.76	288.55	5.0452	0.70008	1.1543	412.44	0.081595	3.0053e-05	0.041759	supercritical
355.36	248.00	263.47	0.0037955	195.58	289.71	5.0484	0.70013	1.1528	412.88	0.081181	3.0075e-05	0.041783	supercritical
356.36	248.00	262.55	0.0038088	196.40	290.86	5.0516	0.70018	1.1514	413.31	0.080769	3.0098e-05	0.041807	supercritical
357.36	248.00	261.64	0.0038221	197.22	292.01	5.0549	0.70023	1.1500	413.74	0.080356	3.0120e-05	0.041832	supercritical
358.36	248.00	260.73	0.0038353	198.04	293.16	5.0581	0.70028	1.1486	414.18	0.079944	3.0143e-05	0.041858	supercritical
359.36	248.00	259.84	0.0038486	198.86	294.31	5.0613	0.70034	1.1472	414.61	0.079532	3.0167e-05	0.041883	supercritical
360.36	248.00	258.94	0.0038618	199.68	295.45	5.0645	0.70040	1.1459	415.04	0.079120	3.0190e-05	0.041910	supercritical
361.36	248.00	258.06	0.0038751	200.50	296.60	5.0676	0.70046	1.1445	415.48	0.078709	3.0214e-05	0.041937	supercritical
362.36	248.00	257.18	0.0038883	201.31	297.74	5.0708	0.70053	1.1432	415.91	0.078298	3.0238e-05	0.041964	supercritical
363.36	248.00	256.31	0.0039015	202.13	298.88	5.0740	0.70060	1.1419	416.34	0.077888	3.0263e-05	0.041991	supercritical
364.36	248.00	255.45	0.0039146	202.94	300.03	5.0771	0.70067	1.1407	416.78	0.077478	3.0287e-05	0.042019	supercritical
365.36	248.00	254.60	0.0039278	203.76	301.17	5.0802	0.70075	1.1394	417.21	0.077069	3.0312e-05	0.042048	supercritical
366.36	248.00	253.75	0.0039409	204.57	302.30	5.0833	0.70082	1.1382	417.64	0.076660	3.0337e-05	0.042077	supercritical
367.36	248.00	252.90	0.0039541	205.38	303.44	5.0864	0.70090	1.1369	418.08	0.076252	3.0362e-05	0.042106	supercritical
368.36	248.00	252.07	0.0039672	206.19	304.58	5.0895	0.70099	1.1357	418.51	0.075844	3.0388e-05	0.042135	supercritical
369.36	248.00	251.24	0.0039803	207.00	305.71	5.0926	0.70107	1.1346	418.94	0.075438	3.0413e-05	0.042165	supercritical
370.36	248.00	250.41	0.0039934	207.81	306.85	5.0957	0.70116	1.1334	419.37	0.075031	3.0439e-05	0.042196	supercritical
371.36	248.00	249.60	0.0040065	208.62	307.98	5.0987	0.70125	1.1322	419.81	0.074626	3.0465e-05	0.042227	supercritical
372.36	248.00	248.79	0.0040195	209.43	309.11	5.1018	0.70135	1.1311	420.24	0.074221	3.0492e-05	0.042258	supercritical
373.36	248.00	247.98	0.0040325	210.24	310.24	5.1048	0.70144	1.1300	420.67	0.073817	3.0518e-05	0.042289	supercritical
374.36	248.00	247.18	0.0040456	211.04	311.37	5.1078	0.70154	1.1289	421.10	0.073413	3.0545e-05	0.042321	supercritical
375.36	248.00	246.39	0.0040586	211.85	312.50	5.1108	0.70164	1.1278	421.53	0.073010	3.0572e-05	0.042353	supercritical
376.36	248.00	245.60	0.0040716	212.65	313.63	5.1138	0.70175	1.1267	421.96	0.072608	3.0599e-05	0.042385	supercritical
377.36	248.00	244.82	0.0040846	213.46	314.75	5.1168	0.70185	1.1256	422.39	0.072207	3.0626e-05	0.042418	supercritical
378.36	248.00	244.05	0.0040975	214.26	315.88	5.1198	0.70196	1.1246	422.83	0.071807	3.0653e-05	0.042451	supercritical
379.36	248.00	243.28	0.0041105	215.06	317.00	5.1228	0.70207	1.1236	423.26	0.071407	3.0681e-05	0.042485	supercritical
380.36	248.00	242.52	0.0041234	215.86	318.13	5.1257	0.70218	1.1226	423.69	0.071009	3.0709e-05	0.042518	supercritical
381.36	248.00	241.76	0.0041364	216.67	319.25	5.1287	0.70230	1.1216	424.12	0.070611	3.0737e-05	0.042552	supercritical
382.36	248.00	241.00	0.0041493	217.47	320.37	5.1316	0.70242	1.1206	424.54	0.070214	3.0765e-05	0.042587	supercritical
383.36	248.00	240.26	0.0041622	218.27	321.49	5.1345	0.70254	1.1196	424.97	0.069818	3.0793e-05	0.042621	supercritical
384.36	248.00	239.52	0.0041751	219.07	322.61	5.1374	0.70266	1.1187	425.40	0.069422	3.0821e-05	0.042656	supercritical
385.36	248.00	238.78	0.0041880	219.86	323.73	5.1403	0.70279	1.1177	425.83	0.069028	3.0850e-05	0.042692	supercritical
386.36	248.00	238.05	0.0042008	220.66	324.84	5.1432	0.70291	1.1168	426.26	0.068634	3.0879e-05	0.042727	supercritical
387.36	248.00	237.32	0.0042137	221.46	325.96	5.1461	0.70304	1.1159	426.69	0.068242	3.0908e-05	0.042763	supercritical
388.36	248.00	236.60	0.0042265	222.26	327.08	5.1490	0.70317	1.1150	427.11	0.067850	3.0937e-05	0.042799	supercritical
389.36	248.00	235.89	0.0042393	223.05	328.19	5.1519	0.70331	1.1141	427.54	0.067460	3.0966e-05	0.042835	supercritical
390.36	248.00	235.18	0.0042521	223.85	329.30	5.1547	0.70344	1.1132	427.97	0.067070	3.0995e-05	0.042872	supercritical
391.36	248.00	234.47	0.0042649	224.65	330.42	5.1576	0.70358	1.1123	428.40	0.066681	3.1025e-05	0.042909	supercritical
392.36	248.00	233.77	0.0042777	225.44	331.53	5.1604	0.70372	1.1115	428.82	0.066293	3.1054e-05	0.042946	supercritical
393.36	248.00	233.07	0.0042905	226.23	332.64	5.1632	0.70386	1.1106	429.25	0.065907	3.1084e-05	0.042983	supercritical
394.36	248.00	232.38	0.0043033	227.03	333.75	5.1660	0.70401	1.1098	429.67	0.065521	3.1114e-05	0.043021	supercritical
395.36	248.00	231.69	0.0043160	227.82	334.86	5.1689	0.70415	1.1090	430.10	0.065136	3.1144e-05	0.043059	supercritical
396.36	248.00	231.01	0.0043288	228.61	335.97	5.1717	0.70430	1.1082	430.52	0.064752	3.1174e-05	0.043097	supercritical
397.36	248.00	230.34	0.0043415	229.41	337.08	5.1744	0.70445	1.1074	430.95	0.064370	3.1204e-05	0.043136	supercritical
398.36	248.00	229.66	0.0043542	230.20	338.18	5.1772	0.70460	1.1066	431.37	0.063988	3.1235e-05	0.043174	supercritical
399.36	248.00	229.00	0.0043669	230.99	339.29	5.1800	0.70475	1.1058	431.79	0.063607	3.1265e-05	0.043213	supercritical
400.36	248.00	228.33	0.0043796	231.78	340.39	5.1828	0.70491	1.1051	432.22	0.063228	3.1296e-05	0.043252	supercritical
401.36	248.00	227.67	0.0043923	232.57	341.50	5.1855	0.70507	1.1043	432.64	0.062849	3.1326e-05	0.043291	supercritical
402.36	248.00	227.02	0.0044049	233.36	342.60	5.1883	0.70523	1.1036	433.06	0.062472	3.1357e-05	0.043331	supercritical
403.36	248.00	226.37	0.0044176	234.15	343.71	5.1910	0.70539	1.1029	433.48	0.062095	3.1388e-05	0.043371	supercritical
404.36	248.00	225.72	0.0044302	234.94	344.81	5.1937	0.70555	1.1022	433.90	0.061720	3.1419e-05	0.043411	supercritical
405.36	248.00	225.08	0.0044429	235.73	345.91	5.1965	0.70571	1.1015	434.32	0.061346	3.1450e-05	0.043451	supercritical
406.36	248.00	224.44	0.0044555	236.52	347.01	5.1992	0.70588	1.1008	434.75	0.060972	3.1481e-05	0.043491	supercritical
407.36	248.00	223.81	0.0044681	237.30	348.11	5.2019	0.70605	1.1001	435.17	0.060600	3.1513e-05	0.043532	supercritical
408.36	248.00	223.18	0.0044807	238.09	349.21	5.2046	0.70622	1.0994	435.59	0.060229	3.1544e-05	0.043573	supercritical
409.36	248.00	222.55	0.0044933	238.88	350.31	5.2073	0.70639	1.0987	436.00	0.059859	3.1576e-05	0.043614	supercritical
410.36	248.00	221.93	0.0045059	239.66	351.41	5.2099	0.70656	1.0981	436.42	0.059491	3.1607e-05	0.043655	supercritical
411.36	248.00	221.32	0.0045184	240.45	352.51	5.2126	0.70674	1.0974	436.84	0.059123	3.1639e-05	0.043696	supercritical
412.36	248.00	220.70	0.0045310	241.24	353.60	5.2153	0.70691	1.0968	437.26	0.058756	3.1671e-05	0.043738	supercritical
413.36	248.00	220.09	0.0045435	242.02	354.70	5.2179	0.70709	1.0962	437.68	0.058391	3.1703e-05	0.043779	supercritical
414.36	248.00	219.49	0.0045561	242.81	355.80	5.2206	0.70727	1.0956	438.09	0.058026	3.1735e-05	0.043821	supercritical
415.36	248.00	218.89	0.0045686	243.59	356.89	5.2232	0.70745	1.0950	438.51	0.057663	3.1767e-05	0.043863	supercritical
416.36	248.00	218.29	0.0045811	244.37	357.99	5.2259	0.70763	1.0944	438.93	0.057301	3.1799e-05	0.043906	supercritical
417.36	248.00	217.69	0.0045936	245.16	359.08	5.2285	0.70782	1.0938	439.34	0.056940	3.1831e-05	0.043948	supercritical
418.36	248.00	217.10	0.0046061	245.94	360.17	5.2311	0.70800	1.0932	439.76	0.056580	3.1864e-05	0.043991	supercritical
419.36	248.00	216.52	0.0046186	246.73	361.27	5.2337	0.70819	1.0926	440.17	0.056221	3.1896e-05	0.044034	supercritical
420.36	248.00	215.93	0.0046311	247.51	362.36	5.2363	0.70838	1.0920	440.59	0.055863	3.1929e-05	0.044077	supercritical
421.36	248.00	215.35	0.0046435	248.29	363.45	5.2389	0.70857	1.0915	441.00	0.055507	3.1961e-05	0.044120	supercritical
422.36	248.00	214.78	0.0046560	249.07	364.54	5.2415	0.70876	1.0909	441.41	0.055151	3.1994e-05	0.044163	supercritical
423.36	248.00	214.21	0.0046684	249.86	365.63	5.2441	0.70895	1.0904	441.83	0.054797	3.2026e-05	0.044207	supercritical
424.36	248.00	213.64	0.0046809	250.64	366.72	5.2466	0.70914	1.0899	442.24	0.054444	3.2059e-05	0.044250	supercritical
425.36	248.00	213.07	0.0046933	251.42	367.81	5.2492	0.70934	1.0893	442.65	0.054092	3.2092e-05	0.044294	supercritical
426.36	248.00	212.51	0.0047057	252.20	368.90	5.2518	0.70954	1.0888	443.06	0.053741	3.2125e-05	0.044338	supercritical
427.36	248.00	211.95	0.0047181	252.98	369.99	5.2543	0.70973	1.0883	443.47	0.053391	3.2158e-05	0.044382	supercritical
428.36	248.00	211.39	0.0047305	253.76	371.08	5.2569	0.70993	1.0878	443.89	0.053043	3.2191e-05	0.044427	supercritical
429.36	248.00	210.84	0.0047429	254.54	372.17	5.2594	0.71013	1.0873	444.30	0.052695	3.2224e-05	0.044471	supercritical
430.36	248.00	210.29	0.0047553	255.32	373.25	5.2619	0.71034	1.0868	444.71	0.052349	3.2257e-05	0.044516	supercritical
431.36	248.00	209.75	0.0047676	256.10	374.34	5.2644	0.71054	1.0864	445.11	0.052004	3.2291e-05	0.044560	supercritical
432.36	248.00	209.21	0.0047800	256.88	375.43	5.2670	0.71074	1.0859	445.52	0.051660	3.2324e-05	0.044605	supercritical
433.36	248.00	208.67	0.0047923	257.66	376.51	5.2695	0.71095	1.0854	445.93	0.051317	3.2357e-05	0.044650	supercritical
434.36	248.00	208.13	0.0048047	258.44	377.60	5.2720	0.71116	1.0850	446.34	0.050976	3.2391e-05	0.044695	supercritical
435.36	248.00	207.60	0.0048170	259.22	378.68	5.2745	0.71136	1.0845	446.75	0.050635	3.2424e-05	0.044741	supercritical
436.36	248.00	207.07	0.0048293	260.00	379.77	5.2769	0.71157	1.0841	447.15	0.050296	3.2458e-05	0.044786	supercritical
437.36	248.00	206.54	0.0048416	260.78	380.85	5.2794	0.71178	1.0837	447.56	0.049957	3.2491e-05	0.044831	supercritical
438.36	248.00	206.02	0.0048539	261.56	381.93	5.2819	0.71200	1.0832	447.97	0.049620	3.2525e-05	0.044877	supercritical
439.36	248.00	205.50	0.0048662	262.33	383.02	5.2844	0.71221	1.0828	448.37	0.049284	3.2559e-05	0.044923	supercritical
440.36	248.00	204.98	0.0048785	263.11	384.10	5.2868	0.71242	1.0824	448.78	0.048949	3.2592e-05	0.044969	supercritical
441.36	248.00	204.47	0.0048908	263.89	385.18	5.2893	0.71264	1.0820	449.18	0.048616	3.2626e-05	0.045015	supercritical
442.36	248.00	203.95	0.0049031	264.67	386.26	5.2917	0.71285	1.0816	449.59	0.048283	3.2660e-05	0.045061	supercritical
443.36	248.00	203.45	0.0049153	265.44	387.34	5.2942	0.71307	1.0812	449.99	0.047952	3.2694e-05	0.045107	supercritical
444.36	248.00	202.94	0.0049276	266.22	388.42	5.2966	0.71329	1.0808	450.39	0.047621	3.2728e-05	0.045154	supercritical
445.36	248.00	202.44	0.0049398	267.00	389.51	5.2990	0.71351	1.0804	450.80	0.047292	3.2762e-05	0.045200	supercritical
446.36	248.00	201.94	0.0049520	267.77	390.59	5.3015	0.71373	1.0800	451.20	0.046964	3.2796e-05	0.045247	supercritical
447.36	248.00	201.44	0.0049643	268.55	391.67	5.3039	0.71395	1.0797	451.60	0.046637	3.2830e-05	0.045294	supercritical
448.36	248.00	200.94	0.0049765	269.33	392.74	5.3063	0.71417	1.0793	452.00	0.046312	3.2864e-05	0.045341	supercritical
449.36	248.00	200.45	0.0049887	270.10	393.82	5.3087	0.71440	1.0789	452.40	0.045987	3.2898e-05	0.045388	supercritical
450.36	248.00	199.96	0.0050009	270.88	394.90	5.3111	0.71462	1.0786	452.80	0.045663	3.2933e-05	0.045435	supercritical
451.36	248.00	199.48	0.0050131	271.66	395.98	5.3135	0.71485	1.0782	453.20	0.045341	3.2967e-05	0.045482	supercritical
452.36	248.00	198.99	0.0050253	272.43	397.06	5.3159	0.71507	1.0779	453.60	0.045020	3.3001e-05	0.045529	supercritical
453.36	248.00	198.51	0.0050375	273.21	398.14	5.3183	0.71530	1.0776	454.00	0.044700	3.3036e-05	0.045577	supercritical
454.36	248.00	198.03	0.0050496	273.98	399.21	5.3206	0.71553	1.0772	454.40	0.044381	3.3070e-05	0.045624	supercritical
455.36	248.00	197.56	0.0050618	274.76	400.29	5.3230	0.71576	1.0769	454.80	0.044063	3.3104e-05	0.045672	supercritical
456.36	248.00	197.09	0.0050739	275.53	401.37	5.3254	0.71599	1.0766	455.20	0.043746	3.3139e-05	0.045719	supercritical
457.36	248.00	196.61	0.0050861	276.31	402.44	5.3277	0.71622	1.0763	455.59	0.043431	3.3173e-05	0.045767	supercritical
458.36	248.00	196.15	0.0050982	277.08	403.52	5.3301	0.71645	1.0760	455.99	0.043116	3.3208e-05	0.045815	supercritical
459.36	248.00	195.68	0.0051104	277.86	404.60	5.3324	0.71668	1.0757	456.39	0.042803	3.3242e-05	0.045863	supercritical
460.36	248.00	195.22	0.0051225	278.63	405.67	5.3347	0.71691	1.0754	456.78	0.042490	3.3277e-05	0.045911	supercritical
461.36	248.00	194.76	0.0051346	279.41	406.75	5.3371	0.71715	1.0751	457.18	0.042179	3.3312e-05	0.045960	supercritical
462.36	248.00	194.30	0.0051467	280.18	407.82	5.3394	0.71738	1.0748	457.57	0.041869	3.3346e-05	0.046008	supercritical
463.36	248.00	193.84	0.0051588	280.96	408.90	5.3417	0.71762	1.0745	457.97	0.041560	3.3381e-05	0.046056	supercritical
464.36	248.00	193.39	0.0051709	281.73	409.97	5.3440	0.71785	1.0742	458.36	0.041252	3.3416e-05	0.046105	supercritical
465.36	248.00	192.94	0.0051830	282.51	411.05	5.3464	0.71809	1.0740	458.75	0.040946	3.3450e-05	0.046153	supercritical
466.36	248.00	192.49	0.0051951	283.28	412.12	5.3487	0.71833	1.0737	459.15	0.040640	3.3485e-05	0.046202	supercritical
467.36	248.00	192.04	0.0052071	284.06	413.19	5.3510	0.71857	1.0734	459.54	0.040335	3.3520e-05	0.046251	supercritical
468.36	248.00	191.60	0.0052192	284.83	414.27	5.3533	0.71881	1.0732	459.93	0.040032	3.3555e-05	0.046300	supercritical
469.36	248.00	191.16	0.0052313	285.60	415.34	5.3555	0.71905	1.0729	460.32	0.039730	3.3590e-05	0.046349	supercritical
470.36	248.00	190.72	0.0052433	286.38	416.41	5.3578	0.71929	1.0727	460.71	0.039428	3.3624e-05	0.046398	supercritical
471.36	248.00	190.28	0.0052554	287.15	417.48	5.3601	0.71953	1.0724	461.11	0.039128	3.3659e-05	0.046447	supercritical
472.36	248.00	189.85	0.0052674	287.93	418.56	5.3624	0.71977	1.0722	461.50	0.038829	3.3694e-05	0.046496	supercritical
473.36	248.00	189.41	0.0052794	288.70	419.63	5.3646	0.72001	1.0720	461.89	0.038531	3.3729e-05	0.046545	supercritical
474.36	248.00	188.98	0.0052914	289.47	420.70	5.3669	0.72026	1.0717	462.28	0.038234	3.3764e-05	0.046594	supercritical
475.36	248.00	188.56	0.0053035	290.25	421.77	5.3692	0.72050	1.0715	462.66	0.037938	3.3799e-05	0.046644	supercritical
476.36	248.00	188.13	0.0053155	291.02	422.84	5.3714	0.72075	1.0713	463.05	0.037643	3.3834e-05	0.046693	supercritical
477.36	248.00	187.71	0.0053275	291.79	423.91	5.3737	0.72099	1.0711	463.44	0.037349	3.3869e-05	0.046743	supercritical
478.36	248.00	187.28	0.0053395	292.57	424.99	5.3759	0.72124	1.0708	463.83	0.037057	3.3904e-05	0.046793	supercritical
479.36	248.00	186.87	0.0053515	293.34	426.06	5.3781	0.72149	1.0706	464.22	0.036765	3.3940e-05	0.046842	supercritical
480.36	248.00	186.45	0.0053634	294.11	427.13	5.3804	0.72173	1.0704	464.60	0.036475	3.3975e-05	0.046892	supercritical
481.36	248.00	186.03	0.0053754	294.89	428.20	5.3826	0.72198	1.0702	464.99	0.036185	3.4010e-05	0.046942	supercritical
482.36	248.00	185.62	0.0053874	295.66	429.27	5.3848	0.72223	1.0700	465.38	0.035897	3.4045e-05	0.046992	supercritical
483.36	248.00	185.21	0.0053993	296.43	430.34	5.3870	0.72248	1.0698	465.76	0.035609	3.4080e-05	0.047042	supercritical
484.36	248.00	184.80	0.0054113	297.21	431.41	5.3892	0.72273	1.0696	466.15	0.035323	3.4115e-05	0.047092	supercritical
485.36	248.00	184.39	0.0054232	297.98	432.48	5.3914	0.72298	1.0695	466.53	0.035038	3.4150e-05	0.047142	supercritical
486.36	248.00	183.99	0.0054352	298.75	433.55	5.3936	0.72323	1.0693	466.91	0.034753	3.4186e-05	0.047192	supercritical
487.36	248.00	183.58	0.0054471	299.53	434.62	5.3958	0.72348	1.0691	467.30	0.034470	3.4221e-05	0.047243	supercritical
488.36	248.00	183.18	0.0054591	300.30	435.68	5.3980	0.72373	1.0689	467.68	0.034188	3.4256e-05	0.047293	supercritical
489.36	248.00	182.78	0.0054710	301.07	436.75	5.4002	0.72398	1.0688	468.06	0.033907	3.4291e-05	0.047343	supercritical
490.36	248.00	182.39	0.0054829	301.85	437.82	5.4024	0.72424	1.0686	468.45	0.033627	3.4327e-05	0.047394	supercritical
491.36	248.00	181.99	0.0054948	302.62	438.89	5.4046	0.72449	1.0684	468.83	0.033347	3.4362e-05	0.047444	supercritical
492.36	248.00	181.60	0.0055067	303.39	439.96	5.4068	0.72474	1.0683	469.21	0.033069	3.4397e-05	0.047495	supercritical
493.36	248.00	181.21	0.0055186	304.17	441.03	5.4089	0.72500	1.0681	469.59	0.032792	3.4433e-05	0.047546	supercritical
494.36	248.00	180.82	0.0055305	304.94	442.09	5.4111	0.72525	1.0680	469.97	0.032516	3.4468e-05	0.047596	supercritical
495.36	248.00	180.43	0.0055424	305.71	443.16	5.4132	0.72551	1.0678	470.35	0.032241	3.4503e-05	0.047647	supercritical
496.36	248.00	180.04	0.0055543	306.48	444.23	5.4154	0.72576	1.0677	470.73	0.031967	3.4539e-05	0.047698	supercritical
497.36	248.00	179.66	0.0055661	307.26	445.30	5.4175	0.72602	1.0675	471.11	0.031694	3.4574e-05	0.047749	supercritical
498.36	248.00	179.28	0.0055780	308.03	446.37	5.4197	0.72627	1.0674	471.49	0.031422	3.4610e-05	0.047800	supercritical
499.36	248.00	178.89	0.0055899	308.80	447.43	5.4218	0.72653	1.0673	471.87	0.031151	3.4645e-05	0.047851	supercritical
500.36	248.00	178.52	0.0056017	309.58	448.50	5.4240	0.72679	1.0671	472.25	0.030881	3.4680e-05	0.047902	supercritical
501.36	248.00	178.14	0.0056136	310.35	449.57	5.4261	0.72704	1.0670	472.63	0.030612	3.4716e-05	0.047953	supercritical
502.36	248.00	177.76	0.0056254	311.12	450.63	5.4282	0.72730	1.0669	473.00	0.030344	3.4751e-05	0.048004	supercritical
503.36	248.00	177.39	0.0056373	311.90	451.70	5.4303	0.72756	1.0667	473.38	0.030077	3.4787e-05	0.048055	supercritical
504.36	248.00	177.02	0.0056491	312.67	452.77	5.4325	0.72782	1.0666	473.76	0.029811	3.4822e-05	0.048107	supercritical
505.36	248.00	176.65	0.0056609	313.44	453.83	5.4346	0.72808	1.0665	474.13	0.029546	3.4858e-05	0.048158	supercritical
506.36	248.00	176.28	0.0056727	314.22	454.90	5.4367	0.72834	1.0664	474.51	0.029282	3.4893e-05	0.048209	supercritical
507.36	248.00	175.91	0.0056846	314.99	455.97	5.4388	0.72860	1.0663	474.88	0.029018	3.4929e-05	0.048261	supercritical
508.36	248.00	175.55	0.0056964	315.76	457.03	5.4409	0.72886	1.0662	475.26	0.028756	3.4964e-05	0.048312	supercritical
509.36	248.00	175.19	0.0057082	316.54	458.10	5.4430	0.72912	1.0661	475.63	0.028495	3.5000e-05	0.048364	supercritical
510.36	248.00	174.83	0.0057200	317.31	459.17	5.4451	0.72938	1.0660	476.01	0.028235	3.5035e-05	0.048415	supercritical
511.36	248.00	174.47	0.0057318	318.08	460.23	5.4472	0.72964	1.0659	476.38	0.027975	3.5071e-05	0.048467	supercritical
512.36	248.00	174.11	0.0057436	318.86	461.30	5.4492	0.72990	1.0658	476.75	0.027717	3.5106e-05	0.048519	supercritical
513.36	248.00	173.75	0.0057554	319.63	462.36	5.4513	0.73016	1.0657	477.13	0.027460	3.5142e-05	0.048570	supercritical
514.36	248.00	173.40	0.0057671	320.40	463.43	5.4534	0.73042	1.0656	477.50	0.027203	3.5177e-05	0.048622	supercritical
515.36	248.00	173.04	0.0057789	321.18	464.49	5.4555	0.73068	1.0655	477.87	0.026948	3.5213e-05	0.048674	supercritical
516.36	248.00	172.69	0.0057907	321.95	465.56	5.4575	0.73095	1.0654	478.24	0.026693	3.5248e-05	0.048726	supercritical
517.36	248.00	172.34	0.0058024	322.72	466.62	5.4596	0.73121	1.0653	478.61	0.026440	3.5284e-05	0.048778	supercritical
518.36	248.00	171.99	0.0058142	323.50	467.69	5.4616	0.73147	1.0653	478.99	0.026187	3.5319e-05	0.048830	supercritical
519.36	248.00	171.65	0.0058259	324.27	468.76	5.4637	0.73173	1.0652	479.36	0.025935	3.5355e-05	0.048882	supercritical
520.36	248.00	171.30	0.0058377	325.05	469.82	5.4657	0.73200	1.0651	479.73	0.025684	3.5391e-05	0.048934	supercritical
521.36	248.00	170.96	0.0058494	325.82	470.89	5.4678	0.73226	1.0650	480.10	0.025434	3.5426e-05	0.048986	supercritical
522.36	248.00	170.61	0.0058612	326.59	471.95	5.4698	0.73252	1.0650	480.47	0.025185	3.5462e-05	0.049038	supercritical
523.36	248.00	170.27	0.0058729	327.37	473.02	5.4719	0.73279	1.0649	480.83	0.024937	3.5497e-05	0.049090	supercritical
524.36	248.00	169.93	0.0058846	328.14	474.08	5.4739	0.73305	1.0648	481.20	0.024690	3.5533e-05	0.049142	supercritical
525.36	248.00	169.60	0.0058963	328.92	475.14	5.4759	0.73332	1.0648	481.57	0.024444	3.5568e-05	0.049195	supercritical
526.36	248.00	169.26	0.0059081	329.69	476.21	5.4779	0.73358	1.0647	481.94	0.024199	3.5604e-05	0.049247	supercritical
527.36	248.00	168.93	0.0059198	330.46	477.27	5.4800	0.73384	1.0646	482.31	0.023954	3.5640e-05	0.049299	supercritical
528.36	248.00	168.59	0.0059315	331.24	478.34	5.4820	0.73411	1.0646	482.67	0.023711	3.5675e-05	0.049351	supercritical
529.36	248.00	168.26	0.0059432	332.01	479.40	5.4840	0.73437	1.0645	483.04	0.023468	3.5711e-05	0.049404	supercritical
530.36	248.00	167.93	0.0059549	332.79	480.47	5.4860	0.73464	1.0645	483.41	0.023226	3.5746e-05	0.049456	supercritical
531.36	248.00	167.60	0.0059666	333.56	481.53	5.4880	0.73490	1.0644	483.77	0.022985	3.5782e-05	0.049509	supercritical
532.36	248.00	167.27	0.0059783	334.34	482.60	5.4900	0.73517	1.0644	484.14	0.022745	3.5818e-05	0.049561	supercritical
533.36	248.00	166.95	0.0059899	335.11	483.66	5.4920	0.73544	1.0644	484.50	0.022506	3.5853e-05	0.049614	supercritical
534.36	248.00	166.62	0.0060016	335.89	484.73	5.4940	0.73570	1.0643	484.87	0.022268	3.5889e-05	0.049666	supercritical
535.36	248.00	166.30	0.0060133	336.66	485.79	5.4960	0.73597	1.0643	485.23	0.022031	3.5924e-05	0.049719	supercritical
536.36	248.00	165.98	0.0060250	337.44	486.85	5.4980	0.73623	1.0642	485.59	0.021794	3.5960e-05	0.049772	supercritical
537.36	248.00	165.66	0.0060366	338.21	487.92	5.5000	0.73650	1.0642	485.96	0.021559	3.5996e-05	0.049824	supercritical
538.36	248.00	165.34	0.0060483	338.99	488.98	5.5019	0.73676	1.0642	486.32	0.021324	3.6031e-05	0.049877	supercritical
539.36	248.00	165.02	0.0060599	339.76	490.05	5.5039	0.73703	1.0641	486.68	0.021090	3.6067e-05	0.049930	supercritical
540.36	248.00	164.70	0.0060716	340.54	491.11	5.5059	0.73730	1.0641	487.05	0.020857	3.6102e-05	0.049982	supercritical
541.36	248.00	164.39	0.0060832	341.31	492.17	5.5079	0.73756	1.0641	487.41	0.020625	3.6138e-05	0.050035	supercritical
542.36	248.00	164.07	0.0060949	342.09	493.24	5.5098	0.73783	1.0641	487.77	0.020393	3.6174e-05	0.050088	supercritical
543.36	248.00	163.76	0.0061065	342.86	494.30	5.5118	0.73810	1.0640	488.13	0.020163	3.6209e-05	0.050141	supercritical
544.36	248.00	163.45	0.0061181	343.64	495.37	5.5137	0.73836	1.0640	488.49	0.019933	3.6245e-05	0.050194	supercritical
545.36	248.00	163.14	0.0061298	344.41	496.43	5.5157	0.73863	1.0640	488.85	0.019704	3.6280e-05	0.050247	supercritical
546.36	248.00	162.83	0.0061414	345.19	497.49	5.5176	0.73890	1.0640	489.21	0.019477	3.6316e-05	0.050300	supercritical
547.36	248.00	162.52	0.0061530	345.96	498.56	5.5196	0.73916	1.0640	489.57	0.019249	3.6352e-05	0.050353	supercritical
548.36	248.00	162.22	0.0061646	346.74	499.62	5.5215	0.73943	1.0639	489.93	0.019023	3.6387e-05	0.050406	supercritical
549.36	248.00	161.91	0.0061762	347.52	500.69	5.5235	0.73970	1.0639	490.29	0.018798	3.6423e-05	0.050459	supercritical
550.36	248.00	161.61	0.0061878	348.29	501.75	5.5254	0.73996	1.0639	490.65	0.018573	3.6458e-05	0.050512	supercritical
551.36	248.00	161.31	0.0061994	349.07	502.81	5.5273	0.74023	1.0639	491.01	0.018349	3.6494e-05	0.050565	supercritical
552.36	248.00	161.00	0.0062110	349.85	503.88	5.5293	0.74050	1.0639	491.37	0.018126	3.6529e-05	0.050618	supercritical
553.36	248.00	160.70	0.0062226	350.62	504.94	5.5312	0.74076	1.0639	491.73	0.017904	3.6565e-05	0.050671	supercritical
554.36	248.00	160.41	0.0062342	351.40	506.01	5.5331	0.74103	1.0639	492.08	0.017683	3.6601e-05	0.050724	supercritical
555.36	248.00	160.11	0.0062458	352.17	507.07	5.5350	0.74130	1.0639	492.44	0.017462	3.6636e-05	0.050778	supercritical
556.36	248.00	159.81	0.0062574	352.95	508.13	5.5369	0.74156	1.0639	492.80	0.017242	3.6672e-05	0.050831	supercritical
557.36	248.00	159.52	0.0062689	353.73	509.20	5.5388	0.74183	1.0639	493.15	0.017023	3.6707e-05	0.050884	supercritical
558.36	248.00	159.22	0.0062805	354.51	510.26	5.5408	0.74210	1.0639	493.51	0.016805	3.6743e-05	0.050937	supercritical
559.36	248.00	158.93	0.0062921	355.28	511.33	5.5427	0.74237	1.0639	493.86	0.016588	3.6778e-05	0.050991	supercritical
560.36	248.00	158.64	0.0063036	356.06	512.39	5.5446	0.74263	1.0639	494.22	0.016371	3.6814e-05	0.051044	supercritical
561.36	248.00	158.35	0.0063152	356.84	513.45	5.5465	0.74290	1.0639	494.58	0.016155	3.6849e-05	0.051097	supercritical
562.36	248.00	158.06	0.0063267	357.61	514.52	5.5483	0.74317	1.0640	494.93	0.015940	3.6885e-05	0.051151	supercritical
563.36	248.00	157.77	0.0063383	358.39	515.58	5.5502	0.74343	1.0640	495.28	0.015726	3.6921e-05	0.051204	supercritical
564.36	248.00	157.48	0.0063498	359.17	516.65	5.5521	0.74370	1.0640	495.64	0.015513	3.6956e-05	0.051258	supercritical
565.36	248.00	157.20	0.0063614	359.95	517.71	5.5540	0.74397	1.0640	495.99	0.015300	3.6992e-05	0.051311	supercritical
566.36	248.00	156.91	0.0063729	360.73	518.77	5.5559	0.74423	1.0640	496.34	0.015088	3.7027e-05	0.051364	supercritical
567.36	248.00	156.63	0.0063845	361.50	519.84	5.5578	0.74450	1.0640	496.70	0.014877	3.7063e-05	0.051418	supercritical
568.36	248.00	156.35	0.0063960	362.28	520.90	5.5596	0.74477	1.0640	497.05	0.014667	3.7098e-05	0.051471	supercritical
569.36	248.00	156.07	0.0064075	363.06	521.97	5.5615	0.74503	1.0641	497.40	0.014457	3.7134e-05	0.051525	supercritical
570.36	248.00	155.79	0.0064190	363.84	523.03	5.5634	0.74530	1.0641	497.75	0.014248	3.7169e-05	0.051578	supercritical
571.36	248.00	155.51	0.0064306	364.62	524.09	5.5652	0.74557	1.0641	498.11	0.014040	3.7205e-05	0.051632	supercritical
572.36	248.00	155.23	0.0064421	365.39	525.16	5.5671	0.74583	1.0641	498.46	0.013833	3.7240e-05	0.051686	supercritical
573.36	248.00	154.95	0.0064536	366.17	526.22	5.5690	0.74610	1.0642	498.81	0.013626	3.7275e-05	0.051739	supercritical
574.36	248.00	154.68	0.0064651	366.95	527.29	5.5708	0.74636	1.0642	499.16	0.013420	3.7311e-05	0.051793	supercritical
575.36	248.00	154.40	0.0064766	367.73	528.35	5.5727	0.74663	1.0642	499.51	0.013215	3.7346e-05	0.051847	supercritical
576.36	248.00	154.13	0.0064881	368.51	529.41	5.5745	0.74690	1.0643	499.86	0.013011	3.7382e-05	0.051900	supercritical
577.36	248.00	153.86	0.0064996	369.29	530.48	5.5764	0.74716	1.0643	500.21	0.012807	3.7417e-05	0.051954	supercritical
578.36	248.00	153.58	0.0065111	370.07	531.54	5.5782	0.74743	1.0643	500.56	0.012604	3.7453e-05	0.052008	supercritical
579.36	248.00	153.31	0.0065226	370.85	532.61	5.5800	0.74769	1.0644	500.91	0.012402	3.7488e-05	0.052061	supercritical
580.36	248.00	153.04	0.0065340	371.63	533.67	5.5819	0.74796	1.0644	501.26	0.012201	3.7524e-05	0.052115	supercritical
581.36	248.00	152.78	0.0065455	372.41	534.74	5.5837	0.74822	1.0644	501.60	0.012000	3.7559e-05	0.052169	supercritical
582.36	248.00	152.51	0.0065570	373.19	535.80	5.5855	0.74849	1.0645	501.95	0.011800	3.7594e-05	0.052223	supercritical
583.36	248.00	152.24	0.0065685	373.97	536.87	5.5874	0.74876	1.0645	502.30	0.011601	3.7630e-05	0.052276	supercritical
584.36	248.00	151.98	0.0065799	374.75	537.93	5.5892	0.74902	1.0646	502.65	0.011402	3.7665e-05	0.052330	supercritical
585.36	248.00	151.71	0.0065914	375.53	538.99	5.5910	0.74929	1.0646	502.99	0.011204	3.7701e-05	0.052384	supercritical
586.36	248.00	151.45	0.0066029	376.31	540.06	5.5928	0.74955	1.0646	503.34	0.011007	3.7736e-05	0.052438	supercritical
587.36	248.00	151.19	0.0066143	377.09	541.12	5.5946	0.74982	1.0647	503.69	0.010811	3.7771e-05	0.052492	supercritical
588.36	248.00	150.93	0.0066258	377.87	542.19	5.5964	0.75008	1.0647	504.03	0.010615	3.7807e-05	0.052546	supercritical
589.36	248.00	150.67	0.0066372	378.65	543.25	5.5983	0.75034	1.0648	504.38	0.010420	3.7842e-05	0.052599	supercritical
590.36	248.00	150.41	0.0066487	379.43	544.32	5.6001	0.75061	1.0648	504.72	0.010225	3.7877e-05	0.052653	supercritical
591.36	248.00	150.15	0.0066601	380.21	545.38	5.6019	0.75087	1.0649	505.07	0.010032	3.7913e-05	0.052707	supercritical
592.36	248.00	149.89	0.0066716	380.99	546.45	5.6037	0.75114	1.0649	505.41	0.0098388	3.7948e-05	0.052761	supercritical
593.36	248.00	149.63	0.0066830	381.77	547.51	5.6055	0.75140	1.0650	505.76	0.0096465	3.7983e-05	0.052815	supercritical
594.36	248.00	149.38	0.0066944	382.56	548.58	5.6073	0.75166	1.0650	506.10	0.0094549	3.8019e-05	0.052869	supercritical
595.36	248.00	149.12	0.0067059	383.34	549.64	5.6090	0.75193	1.0651	506.45	0.0092640	3.8054e-05	0.052923	supercritical
596.36	248.00	148.87	0.0067173	384.12	550.71	5.6108	0.75219	1.0651	506.79	0.0090738	3.8089e-05	0.052977	supercritical
597.36	248.00	148.62	0.0067287	384.90	551.77	5.6126	0.75245	1.0652	507.13	0.0088842	3.8125e-05	0.053031	supercritical
598.36	248.00	148.36	0.0067401	385.68	552.84	5.6144	0.75272	1.0653	507.48	0.0086953	3.8160e-05	0.053085	supercritical
599.36	248.00	148.11	0.0067516	386.46	553.90	5.6162	0.75298	1.0653	507.82	0.0085071	3.8195e-05	0.053139	supercritical
600.36	248.00	147.86	0.0067630	387.25	554.97	5.6180	0.75324	1.0654	508.16	0.0083195	3.8230e-05	0.053193	supercritical
601.36	248.00	147.61	0.0067744	388.03	556.03	5.6197	0.75351	1.0654	508.50	0.0081326	3.8266e-05	0.053247	supercritical
602.36	248.00	147.37	0.0067858	388.81	557.10	5.6215	0.75377	1.0655	508.84	0.0079464	3.8301e-05	0.053301	supercritical
603.36	248.00	147.12	0.0067972	389.59	558.17	5.6233	0.75403	1.0656	509.19	0.0077608	3.8336e-05	0.053355	supercritical
604.36	248.00	146.87	0.0068086	390.38	559.23	5.6250	0.75429	1.0656	509.53	0.0075759	3.8371e-05	0.053410	supercritical
605.36	248.00	146.63	0.0068200	391.16	560.30	5.6268	0.75455	1.0657	509.87	0.0073917	3.8407e-05	0.053464	supercritical
606.36	248.00	146.38	0.0068314	391.94	561.36	5.6285	0.75482	1.0657	510.21	0.0072081	3.8442e-05	0.053518	supercritical
607.36	248.00	146.14	0.0068428	392.73	562.43	5.6303	0.75508	1.0658	510.55	0.0070251	3.8477e-05	0.053572	supercritical
608.36	248.00	145.90	0.0068542	393.51	563.49	5.6321	0.75534	1.0659	510.89	0.0068428	3.8512e-05	0.053626	supercritical
609.36	248.00	145.65	0.0068656	394.29	564.56	5.6338	0.75560	1.0659	511.23	0.0066611	3.8547e-05	0.053680	supercritical
610.36	248.00	145.41	0.0068769	395.08	565.63	5.6356	0.75586	1.0660	511.57	0.0064800	3.8583e-05	0.053734	supercritical
611.36	248.00	145.17	0.0068883	395.86	566.69	5.6373	0.75612	1.0661	511.91	0.0062996	3.8618e-05	0.053789	supercritical
612.36	248.00	144.93	0.0068997	396.65	567.76	5.6390	0.75638	1.0662	512.25	0.0061199	3.8653e-05	0.053843	supercritical
613.36	248.00	144.70	0.0069111	397.43	568.82	5.6408	0.75664	1.0662	512.58	0.0059407	3.8688e-05	0.053897	supercritical
614.36	248.00	144.46	0.0069224	398.21	569.89	5.6425	0.75690	1.0663	512.92	0.0057622	3.8723e-05	0.053951	supercritical
615.36	248.00	144.22	0.0069338	399.00	570.96	5.6443	0.75716	1.0664	513.26	0.0055843	3.8758e-05	0.054005	supercritical
616.36	248.00	143.98	0.0069452	399.78	572.02	5.6460	0.75742	1.0664	513.60	0.0054070	3.8793e-05	0.054060	supercritical
617.36	248.00	143.75	0.0069565	400.57	573.09	5.6477	0.75768	1.0665	513.94	0.0052304	3.8828e-05	0.054114	supercritical
618.36	248.00	143.52	0.0069679	401.35	574.16	5.6494	0.75794	1.0666	514.27	0.0050544	3.8864e-05	0.054168	supercritical
619.36	248.00	143.28	0.0069792	402.14	575.22	5.6512	0.75820	1.0667	514.61	0.0048789	3.8899e-05	0.054222	supercritical
620.36	248.00	143.05	0.0069906	402.92	576.29	5.6529	0.75846	1.0667	514.95	0.0047041	3.8934e-05	0.054276	supercritical
621.36	248.00	142.82	0.0070019	403.71	577.36	5.6546	0.75871	1.0668	515.28	0.0045299	3.8969e-05	0.054331	supercritical
622.36	248.00	142.59	0.0070133	404.49	578.42	5.6563	0.75897	1.0669	515.62	0.0043563	3.9004e-05	0.054385	supercritical
623.36	248.00	142.36	0.0070246	405.28	579.49	5.6580	0.75923	1.0670	515.95	0.0041834	3.9039e-05	0.054439	supercritical
624.36	248.00	142.13	0.0070360	406.07	580.56	5.6597	0.75949	1.0671	516.29	0.0040110	3.9074e-05	0.054494	supercritical
625.36	248.00	141.90	0.0070473	406.85	581.62	5.6615	0.75974	1.0671	516.62	0.0038392	3.9109e-05	0.054548	supercritical
626.36	248.00	141.67	0.0070586	407.64	582.69	5.6632	0.76000	1.0672	516.96	0.0036680	3.9144e-05	0.054602	supercritical
627.36	248.00	141.44	0.0070700	408.42	583.76	5.6649	0.76026	1.0673	517.29	0.0034974	3.9179e-05	0.054657	supercritical
628.36	248.00	141.22	0.0070813	409.21	584.83	5.6666	0.76052	1.0674	517.63	0.0033274	3.9214e-05	0.054711	supercritical
629.36	248.00	140.99	0.0070926	410.00	585.89	5.6683	0.76077	1.0675	517.96	0.0031579	3.9249e-05	0.054765	supercritical
630.36	248.00	140.77	0.0071039	410.78	586.96	5.6700	0.76103	1.0676	518.29	0.0029891	3.9284e-05	0.054820	supercritical
631.36	248.00	140.54	0.0071153	411.57	588.03	5.6716	0.76128	1.0676	518.63	0.0028208	3.9319e-05	0.054874	supercritical
632.36	248.00	140.32	0.0071266	412.36	589.10	5.6733	0.76154	1.0677	518.96	0.0026532	3.9354e-05	0.054928	supercritical
633.36	248.00	140.10	0.0071379	413.14	590.16	5.6750	0.76179	1.0678	519.29	0.0024860	3.9389e-05	0.054983	supercritical
634.36	248.00	139.88	0.0071492	413.93	591.23	5.6767	0.76205	1.0679	519.63	0.0023195	3.9423e-05	0.055037	supercritical
635.36	248.00	139.65	0.0071605	414.72	592.30	5.6784	0.76230	1.0680	519.96	0.0021536	3.9458e-05	0.055091	supercritical
636.36	248.00	139.43	0.0071718	415.51	593.37	5.6801	0.76256	1.0681	520.29	0.0019882	3.9493e-05	0.055146	supercritical
637.36	248.00	139.22	0.0071831	416.30	594.44	5.6817	0.76281	1.0682	520.62	0.0018234	3.9528e-05	0.055200	supercritical
638.36	248.00	139.00	0.0071944	417.08	595.50	5.6834	0.76307	1.0682	520.95	0.0016591	3.9563e-05	0.055254	supercritical
639.36	248.00	138.78	0.0072057	417.87	596.57	5.6851	0.76332	1.0683	521.29	0.0014954	3.9598e-05	0.055309	supercritical
640.36	248.00	138.56	0.0072170	418.66	597.64	5.6868	0.76357	1.0684	521.62	0.0013323	3.9633e-05	0.055363	supercritical
641.36	248.00	138.35	0.0072283	419.45	598.71	5.6884	0.76383	1.0685	521.95	0.0011697	3.9668e-05	0.055418	supercritical
642.36	248.00	138.13	0.0072396	420.24	599.78	5.6901	0.76408	1.0686	522.28	0.0010077	3.9702e-05	0.055472	supercritical
643.36	248.00	137.91	0.0072509	421.03	600.85	5.6918	0.76433	1.0687	522.61	0.00084626	3.9737e-05	0.055526	supercritical
644.36	248.00	137.70	0.0072621	421.81	601.92	5.6934	0.76458	1.0688	522.94	0.00068534	3.9772e-05	0.055581	supercritical
645.36	248.00	137.49	0.0072734	422.60	602.98	5.6951	0.76484	1.0689	523.27	0.00052498	3.9807e-05	0.055635	supercritical
646.36	248.00	137.27	0.0072847	423.39	604.05	5.6967	0.76509	1.0690	523.60	0.00036516	3.9842e-05	0.055690	supercritical
647.36	248.00	137.06	0.0072960	424.18	605.12	5.6984	0.76534	1.0691	523.93	0.00020589	3.9876e-05	0.055744	supercritical
648.36	248.00	136.85	0.0073073	424.97	606.19	5.7000	0.76559	1.0692	524.25	4.7153e-05	3.9911e-05	0.055799	supercritical
649.36	248.00	136.64	0.0073185	425.76	607.26	5.7017	0.76584	1.0693	524.58	-0.00011104	3.9946e-05	0.055853	supercritical
650.36	248.00	136.43	0.0073298	426.55	608.33	5.7033	0.76609	1.0694	524.91	-0.00026870	3.9981e-05	0.055907	supercritical
651.36	248.00	136.22	0.0073411	427.34	609.40	5.7050	0.76634	1.0695	525.24	-0.00042583	4.0015e-05	0.055962	supercritical
652.36	248.00	136.01	0.0073523	428.13	610.47	5.7066	0.76659	1.0696	525.57	-0.00058242	4.0050e-05	0.056016	supercritical
653.36	248.00	135.80	0.0073636	428.92	611.54	5.7082	0.76684	1.0697	525.89	-0.00073849	4.0085e-05	0.056071	supercritical
654.36	248.00	135.60	0.0073748	429.71	612.61	5.7099	0.76709	1.0698	526.22	-0.00089402	4.0119e-05	0.056125	supercritical
655.36	248.00	135.39	0.0073861	430.50	613.68	5.7115	0.76734	1.0699	526.55	-0.0010490	4.0154e-05	0.056180	supercritical
656.36	248.00	135.18	0.0073973	431.29	614.75	5.7131	0.76759	1.0700	526.88	-0.0012035	4.0189e-05	0.056234	supercritical
657.36	248.00	134.98	0.0074086	432.08	615.82	5.7148	0.76784	1.0701	527.20	-0.0013575	4.0223e-05	0.056289	supercritical
658.36	248.00	134.77	0.0074198	432.88	616.89	5.7164	0.76809	1.0702	527.53	-0.0015110	4.0258e-05	0.056343	supercritical
659.36	248.00	134.57	0.0074311	433.67	617.96	5.7180	0.76833	1.0703	527.85	-0.0016639	4.0293e-05	0.056398	supercritical
660.36	248.00	134.37	0.0074423	434.46	619.03	5.7196	0.76858	1.0704	528.18	-0.0018163	4.0327e-05	0.056452	supercritical
661.36	248.00	134.16	0.0074536	435.25	620.10	5.7213	0.76883	1.0705	528.51	-0.0019682	4.0362e-05	0.056507	supercritical
662.36	248.00	133.96	0.0074648	436.04	621.17	5.7229	0.76908	1.0706	528.83	-0.0021196	4.0396e-05	0.056561	supercritical
663.36	248.00	133.76	0.0074760	436.83	622.24	5.7245	0.76932	1.0707	529.16	-0.0022705	4.0431e-05	0.056616	supercritical
664.36	248.00	133.56	0.0074873	437.63	623.31	5.7261	0.76957	1.0708	529.48	-0.0024209	4.0465e-05	0.056670	supercritical
665.36	248.00	133.36	0.0074985	438.42	624.38	5.7277	0.76982	1.0709	529.81	-0.0025708	4.0500e-05	0.056725	supercritical
666.36	248.00	133.16	0.0075097	439.21	625.45	5.7293	0.77006	1.0710	530.13	-0.0027202	4.0535e-05	0.056779	supercritical
667.36	248.00	132.96	0.0075209	440.00	626.52	5.7309	0.77031	1.0711	530.45	-0.0028691	4.0569e-05	0.056834	supercritical
668.36	248.00	132.76	0.0075322	440.80	627.59	5.7325	0.77055	1.0712	530.78	-0.0030175	4.0604e-05	0.056888	supercritical
669.36	248.00	132.57	0.0075434	441.59	628.67	5.7341	0.77080	1.0713	531.10	-0.0031654	4.0638e-05	0.056943	supercritical
670.36	248.00	132.37	0.0075546	442.38	629.74	5.7357	0.77104	1.0714	531.42	-0.0033128	4.0673e-05	0.056997	supercritical
671.36	248.00	132.17	0.0075658	443.18	630.81	5.7373	0.77129	1.0715	531.75	-0.0034597	4.0707e-05	0.057052	supercritical
672.36	248.00	131.98	0.0075770	443.97	631.88	5.7389	0.77153	1.0716	532.07	-0.0036062	4.0741e-05	0.057106	supercritical
673.36	248.00	131.78	0.0075882	444.76	632.95	5.7405	0.77177	1.0717	532.39	-0.0037521	4.0776e-05	0.057161	supercritical
674.36	248.00	131.59	0.0075995	445.56	634.02	5.7421	0.77202	1.0718	532.71	-0.0038976	4.0810e-05	0.057215	supercritical
675.36	248.00	131.39	0.0076107	446.35	635.10	5.7437	0.77226	1.0719	533.04	-0.0040426	4.0845e-05	0.057270	supercritical
676.36	248.00	131.20	0.0076219	447.15	636.17	5.7453	0.77250	1.0720	533.36	-0.0041871	4.0879e-05	0.057324	supercritical
677.36	248.00	131.01	0.0076331	447.94	637.24	5.7469	0.77274	1.0721	533.68	-0.0043311	4.0914e-05	0.057379	supercritical
678.36	248.00	130.82	0.0076443	448.73	638.31	5.7485	0.77299	1.0722	534.00	-0.0044746	4.0948e-05	0.057433	supercritical
679.36	248.00	130.63	0.0076555	449.53	639.38	5.7500	0.77323	1.0723	534.32	-0.0046177	4.0982e-05	0.057488	supercritical
680.36	248.00	130.43	0.0076667	450.32	640.46	5.7516	0.77347	1.0725	534.64	-0.0047603	4.1017e-05	0.057542	supercritical
681.36	248.00	130.24	0.0076778	451.12	641.53	5.7532	0.77371	1.0726	534.96	-0.0049025	4.1051e-05	0.057597	supercritical
682.36	248.00	130.06	0.0076890	451.91	642.60	5.7548	0.77395	1.0727	535.28	-0.0050442	4.1085e-05	0.057651	supercritical
683.36	248.00	129.87	0.0077002	452.71	643.67	5.7563	0.77419	1.0728	535.60	-0.0051854	4.1120e-05	0.057706	supercritical
684.36	248.00	129.68	0.0077114	453.50	644.75	5.7579	0.77443	1.0729	535.92	-0.0053261	4.1154e-05	0.057760	supercritical
685.36	248.00	129.49	0.0077226	454.30	645.82	5.7595	0.77467	1.0730	536.24	-0.0054664	4.1188e-05	0.057815	supercritical
686.36	248.00	129.30	0.0077338	455.10	646.89	5.7610	0.77491	1.0731	536.56	-0.0056062	4.1223e-05	0.057869	supercritical
687.36	248.00	129.12	0.0077450	455.89	647.97	5.7626	0.77515	1.0732	536.88	-0.0057456	4.1257e-05	0.057924	supercritical
688.36	248.00	128.93	0.0077561	456.69	649.04	5.7642	0.77539	1.0733	537.20	-0.0058845	4.1291e-05	0.057978	supercritical
689.36	248.00	128.74	0.0077673	457.48	650.11	5.7657	0.77562	1.0734	537.52	-0.0060230	4.1325e-05	0.058033	supercritical
690.36	248.00	128.56	0.0077785	458.28	651.19	5.7673	0.77586	1.0736	537.84	-0.0061610	4.1360e-05	0.058088	supercritical
691.36	248.00	128.38	0.0077897	459.08	652.26	5.7688	0.77610	1.0737	538.16	-0.0062986	4.1394e-05	0.058142	supercritical
692.36	248.00	128.19	0.0078008	459.87	653.33	5.7704	0.77634	1.0738	538.48	-0.0064357	4.1428e-05	0.058197	supercritical
693.36	248.00	128.01	0.0078120	460.67	654.41	5.7719	0.77657	1.0739	538.79	-0.0065724	4.1462e-05	0.058251	supercritical
694.36	248.00	127.83	0.0078231	461.47	655.48	5.7735	0.77681	1.0740	539.11	-0.0067086	4.1496e-05	0.058306	supercritical
695.36	248.00	127.64	0.0078343	462.26	656.56	5.7750	0.77705	1.0741	539.43	-0.0068444	4.1531e-05	0.058360	supercritical
696.36	248.00	127.46	0.0078455	463.06	657.63	5.7766	0.77728	1.0742	539.75	-0.0069797	4.1565e-05	0.058415	supercritical
697.36	248.00	127.28	0.0078566	463.86	658.70	5.7781	0.77752	1.0743	540.06	-0.0071147	4.1599e-05	0.058469	supercritical
698.36	248.00	127.10	0.0078678	464.66	659.78	5.7796	0.77775	1.0745	540.38	-0.0072491	4.1633e-05	0.058524	supercritical
699.36	248.00	126.92	0.0078789	465.46	660.85	5.7812	0.77799	1.0746	540.70	-0.0073832	4.1667e-05	0.058578	supercritical
700.36	248.00	126.74	0.0078901	466.25	661.93	5.7827	0.77822	1.0747	541.01	-0.0075168	4.1701e-05	0.058633	supercritical
701.36	248.00	126.56	0.0079012	467.05	663.00	5.7843	0.77846	1.0748	541.33	-0.0076500	4.1735e-05	0.058687	supercritical
702.36	248.00	126.38	0.0079124	467.85	664.08	5.7858	0.77869	1.0749	541.64	-0.0077827	4.1769e-05	0.058742	supercritical
703.36	248.00	126.21	0.0079235	468.65	665.15	5.7873	0.77892	1.0750	541.96	-0.0079150	4.1803e-05	0.058796	supercritical
704.36	248.00	126.03	0.0079347	469.45	666.23	5.7888	0.77916	1.0751	542.27	-0.0080469	4.1838e-05	0.058851	supercritical
705.36	248.00	125.85	0.0079458	470.25	667.30	5.7904	0.77939	1.0753	542.59	-0.0081784	4.1872e-05	0.058905	supercritical
706.36	248.00	125.68	0.0079570	471.05	668.38	5.7919	0.77962	1.0754	542.90	-0.0083095	4.1906e-05	0.058960	supercritical
707.36	248.00	125.50	0.0079681	471.84	669.45	5.7934	0.77985	1.0755	543.22	-0.0084401	4.1940e-05	0.059014	supercritical
708.36	248.00	125.33	0.0079792	472.64	670.53	5.7949	0.78008	1.0756	543.53	-0.0085704	4.1974e-05	0.059069	supercritical
709.36	248.00	125.15	0.0079904	473.44	671.60	5.7964	0.78032	1.0757	543.85	-0.0087002	4.2008e-05	0.059123	supercritical
710.36	248.00	124.98	0.0080015	474.24	672.68	5.7980	0.78055	1.0758	544.16	-0.0088296	4.2042e-05	0.059178	supercritical
711.36	248.00	124.80	0.0080126	475.04	673.76	5.7995	0.78078	1.0760	544.48	-0.0089585	4.2076e-05	0.059232	supercritical
712.36	248.00	124.63	0.0080237	475.84	674.83	5.8010	0.78101	1.0761	544.79	-0.0090871	4.2109e-05	0.059287	supercritical
713.36	248.00	124.46	0.0080349	476.64	675.91	5.8025	0.78124	1.0762	545.10	-0.0092153	4.2143e-05	0.059341	supercritical
714.36	248.00	124.29	0.0080460	477.44	676.98	5.8040	0.78147	1.0763	545.42	-0.0093430	4.2177e-05	0.059396	supercritical
715.36	248.00	124.11	0.0080571	478.24	678.06	5.8055	0.78170	1.0764	545.73	-0.0094704	4.2211e-05	0.059450	supercritical
716.36	248.00	123.94	0.0080682	479.05	679.14	5.8070	0.78193	1.0765	546.04	-0.0095973	4.2245e-05	0.059505	supercritical
717.36	248.00	123.77	0.0080794	479.85	680.21	5.8085	0.78215	1.0767	546.35	-0.0097239	4.2279e-05	0.059559	supercritical
718.36	248.00	123.60	0.0080905	480.65	681.29	5.8100	0.78238	1.0768	546.67	-0.0098500	4.2313e-05	0.059614	supercritical
719.36	248.00	123.43	0.0081016	481.45	682.37	5.8115	0.78261	1.0769	546.98	-0.0099758	4.2347e-05	0.059668	supercritical
720.36	248.00	123.26	0.0081127	482.25	683.44	5.8130	0.78284	1.0770	547.29	-0.010101	4.2381e-05	0.059723	supercritical
721.36	248.00	123.09	0.0081238	483.05	684.52	5.8145	0.78306	1.0771	547.60	-0.010226	4.2414e-05	0.059777	supercritical
722.36	248.00	122.93	0.0081349	483.85	685.60	5.8160	0.78329	1.0773	547.91	-0.010351	4.2448e-05	0.059832	supercritical
723.36	248.00	122.76	0.0081460	484.65	686.68	5.8175	0.78352	1.0774	548.22	-0.010475	4.2482e-05	0.059886	supercritical
724.36	248.00	122.59	0.0081571	485.46	687.75	5.8190	0.78374	1.0775	548.53	-0.010599	4.2516e-05	0.059941	supercritical
725.36	248.00	122.43	0.0081682	486.26	688.83	5.8205	0.78397	1.0776	548.85	-0.010722	4.2550e-05	0.059995	supercritical
726.36	248.00	122.26	0.0081793	487.06	689.91	5.8219	0.78419	1.0777	549.16	-0.010845	4.2583e-05	0.060050	supercritical
727.36	248.00	122.09	0.0081904	487.86	690.99	5.8234	0.78442	1.0778	549.47	-0.010968	4.2617e-05	0.060104	supercritical
728.36	248.00	121.93	0.0082015	488.67	692.06	5.8249	0.78464	1.0780	549.78	-0.011090	4.2651e-05	0.060159	supercritical
729.36	248.00	121.76	0.0082126	489.47	693.14	5.8264	0.78487	1.0781	550.09	-0.011212	4.2685e-05	0.060213	supercritical
730.36	248.00	121.60	0.0082237	490.27	694.22	5.8279	0.78509	1.0782	550.40	-0.011333	4.2718e-05	0.060268	supercritical
731.36	248.00	121.44	0.0082348	491.08	695.30	5.8293	0.78532	1.0783	550.71	-0.011454	4.2752e-05	0.060322	supercritical
732.36	248.00	121.27	0.0082459	491.88	696.38	5.8308	0.78554	1.0784	551.02	-0.011575	4.2786e-05	0.060377	supercritical
733.36	248.00	121.11	0.0082570	492.68	697.46	5.8323	0.78576	1.0786	551.32	-0.011695	4.2819e-05	0.060431	supercritical
734.36	248.00	120.95	0.0082681	493.49	698.53	5.8338	0.78598	1.0787	551.63	-0.011815	4.2853e-05	0.060485	supercritical
735.36	248.00	120.79	0.0082792	494.29	699.61	5.8352	0.78621	1.0788	551.94	-0.011935	4.2887e-05	0.060540	supercritical
736.36	248.00	120.62	0.0082902	495.09	700.69	5.8367	0.78643	1.0789	552.25	-0.012054	4.2920e-05	0.060594	supercritical
737.36	248.00	120.46	0.0083013	495.90	701.77	5.8382	0.78665	1.0790	552.56	-0.012173	4.2954e-05	0.060649	supercritical
738.36	248.00	120.30	0.0083124	496.70	702.85	5.8396	0.78687	1.0792	552.87	-0.012291	4.2987e-05	0.060703	supercritical
739.36	248.00	120.14	0.0083235	497.51	703.93	5.8411	0.78709	1.0793	553.17	-0.012410	4.3021e-05	0.060758	supercritical
740.36	248.00	119.98	0.0083345	498.31	705.01	5.8425	0.78731	1.0794	553.48	-0.012527	4.3055e-05	0.060812	supercritical
741.36	248.00	119.82	0.0083456	499.12	706.09	5.8440	0.78753	1.0795	553.79	-0.012645	4.3088e-05	0.060867	supercritical
742.36	248.00	119.66	0.0083567	499.92	707.17	5.8454	0.78775	1.0796	554.10	-0.012762	4.3122e-05	0.060921	supercritical
743.36	248.00	119.51	0.0083678	500.73	708.25	5.8469	0.78797	1.0798	554.40	-0.012878	4.3155e-05	0.060975	supercritical
744.36	248.00	119.35	0.0083788	501.53	709.33	5.8484	0.78819	1.0799	554.71	-0.012995	4.3189e-05	0.061030	supercritical
745.36	248.00	119.19	0.0083899	502.34	710.41	5.8498	0.78841	1.0800	555.02	-0.013111	4.3222e-05	0.061084	supercritical
746.36	248.00	119.03	0.0084010	503.14	711.49	5.8513	0.78863	1.0801	555.32	-0.013226	4.3256e-05	0.061139	supercritical
747.36	248.00	118.88	0.0084120	503.95	712.57	5.8527	0.78884	1.0802	555.63	-0.013342	4.3289e-05	0.061193	supercritical
748.36	248.00	118.72	0.0084231	504.75	713.65	5.8541	0.78906	1.0804	555.94	-0.013457	4.3323e-05	0.061247	supercritical
749.36	248.00	118.57	0.0084342	505.56	714.73	5.8556	0.78928	1.0805	556.24	-0.013571	4.3356e-05	0.061302	supercritical
750.36	248.00	118.41	0.0084452	506.37	715.81	5.8570	0.78950	1.0806	556.55	-0.013685	4.3390e-05	0.061356	supercritical
751.36	248.00	118.26	0.0084563	507.17	716.89	5.8585	0.78971	1.0807	556.85	-0.013799	4.3423e-05	0.061411	supercritical
752.36	248.00	118.10	0.0084673	507.98	717.97	5.8599	0.78993	1.0809	557.16	-0.013913	4.3457e-05	0.061465	supercritical
753.36	248.00	117.95	0.0084784	508.79	719.05	5.8613	0.79014	1.0810	557.46	-0.014026	4.3490e-05	0.061519	supercritical
754.36	248.00	117.79	0.0084894	509.59	720.13	5.8628	0.79036	1.0811	557.77	-0.014139	4.3523e-05	0.061574	supercritical
755.36	248.00	117.64	0.0085005	510.40	721.21	5.8642	0.79057	1.0812	558.07	-0.014251	4.3557e-05	0.061628	supercritical
756.36	248.00	117.49	0.0085115	511.21	722.29	5.8656	0.79079	1.0813	558.38	-0.014363	4.3590e-05	0.061683	supercritical
757.36	248.00	117.34	0.0085226	512.02	723.38	5.8671	0.79100	1.0815	558.68	-0.014475	4.3624e-05	0.061737	supercritical
758.36	248.00	117.18	0.0085336	512.82	724.46	5.8685	0.79122	1.0816	558.99	-0.014586	4.3657e-05	0.061791	supercritical
759.36	248.00	117.03	0.0085447	513.63	725.54	5.8699	0.79143	1.0817	559.29	-0.014698	4.3690e-05	0.061846	supercritical
760.36	248.00	116.88	0.0085557	514.44	726.62	5.8713	0.79164	1.0818	559.59	-0.014808	4.3724e-05	0.061900	supercritical
761.36	248.00	116.73	0.0085667	515.25	727.70	5.8728	0.79186	1.0820	559.90	-0.014919	4.3757e-05	0.061954	supercritical
762.36	248.00	116.58	0.0085778	516.06	728.78	5.8742	0.79207	1.0821	560.20	-0.015029	4.3790e-05	0.062009	supercritical
763.36	248.00	116.43	0.0085888	516.86	729.87	5.8756	0.79228	1.0822	560.50	-0.015139	4.3823e-05	0.062063	supercritical
764.36	248.00	116.28	0.0085999	517.67	730.95	5.8770	0.79249	1.0823	560.81	-0.015248	4.3857e-05	0.062117	supercritical
765.36	248.00	116.13	0.0086109	518.48	732.03	5.8784	0.79270	1.0824	561.11	-0.015357	4.3890e-05	0.062172	supercritical
766.36	248.00	115.98	0.0086219	519.29	733.11	5.8798	0.79291	1.0826	561.41	-0.015466	4.3923e-05	0.062226	supercritical
767.36	248.00	115.84	0.0086330	520.10	734.20	5.8813	0.79313	1.0827	561.71	-0.015575	4.3956e-05	0.062280	supercritical
768.36	248.00	115.69	0.0086440	520.91	735.28	5.8827	0.79334	1.0828	562.02	-0.015683	4.3990e-05	0.062335	supercritical
769.36	248.00	115.54	0.0086550	521.72	736.36	5.8841	0.79355	1.0829	562.32	-0.015790	4.4023e-05	0.062389	supercritical
770.36	248.00	115.39	0.0086660	522.53	737.45	5.8855	0.79376	1.0831	562.62	-0.015898	4.4056e-05	0.062443	supercritical
771.36	248.00	115.25	0.0086771	523.34	738.53	5.8869	0.79396	1.0832	562.92	-0.016005	4.4089e-05	0.062498	supercritical
772.36	248.00	115.10	0.0086881	524.15	739.61	5.8883	0.79417	1.0833	563.22	-0.016112	4.4122e-05	0.062552	supercritical
773.36	248.00	114.95	0.0086991	524.96	740.69	5.8897	0.79438	1.0834	563.52	-0.016219	4.4156e-05	0.062606	supercritical
774.36	248.00	114.81	0.0087101	525.77	741.78	5.8911	0.79459	1.0835	563.82	-0.016325	4.4189e-05	0.062661	supercritical
775.36	248.00	114.66	0.0087212	526.58	742.86	5.8925	0.79480	1.0837	564.13	-0.016431	4.4222e-05	0.062715	supercritical
776.36	248.00	114.52	0.0087322	527.39	743.95	5.8939	0.79501	1.0838	564.43	-0.016536	4.4255e-05	0.062769	supercritical
777.36	248.00	114.37	0.0087432	528.20	745.03	5.8953	0.79521	1.0839	564.73	-0.016642	4.4288e-05	0.062823	supercritical
778.36	248.00	114.23	0.0087542	529.01	746.11	5.8967	0.79542	1.0840	565.03	-0.016747	4.4321e-05	0.062878	supercritical
779.36	248.00	114.09	0.0087652	529.82	747.20	5.8981	0.79563	1.0842	565.33	-0.016851	4.4354e-05	0.062932	supercritical
780.36	248.00	113.94	0.0087762	530.63	748.28	5.8995	0.79583	1.0843	565.63	-0.016956	4.4387e-05	0.062986	supercritical
781.36	248.00	113.80	0.0087872	531.44	749.37	5.9008	0.79604	1.0844	565.93	-0.017060	4.4420e-05	0.063041	supercritical
782.36	248.00	113.66	0.0087982	532.25	750.45	5.9022	0.79624	1.0845	566.23	-0.017163	4.4453e-05	0.063095	supercritical
783.36	248.00	113.52	0.0088093	533.07	751.54	5.9036	0.79645	1.0846	566.53	-0.017267	4.4486e-05	0.063149	supercritical
784.36	248.00	113.38	0.0088203	533.88	752.62	5.9050	0.79665	1.0848	566.82	-0.017370	4.4519e-05	0.063203	supercritical
785.36	248.00	113.23	0.0088313	534.69	753.70	5.9064	0.79686	1.0849	567.12	-0.017473	4.4552e-05	0.063258	supercritical
786.36	248.00	113.09	0.0088423	535.50	754.79	5.9078	0.79706	1.0850	567.42	-0.017575	4.4585e-05	0.063312	supercritical
787.36	248.00	112.95	0.0088533	536.31	755.87	5.9091	0.79726	1.0851	567.72	-0.017677	4.4618e-05	0.063366	supercritical
788.36	248.00	112.81	0.0088643	537.13	756.96	5.9105	0.79747	1.0853	568.02	-0.017779	4.4651e-05	0.063420	supercritical
789.36	248.00	112.67	0.0088753	537.94	758.05	5.9119	0.79767	1.0854	568.32	-0.017881	4.4684e-05	0.063474	supercritical
790.36	248.00	112.53	0.0088863	538.75	759.13	5.9133	0.79787	1.0855	568.62	-0.017982	4.4717e-05	0.063529	supercritical
791.36	248.00	112.39	0.0088973	539.56	760.22	5.9146	0.79807	1.0856	568.91	-0.018083	4.4750e-05	0.063583	supercritical
792.36	248.00	112.26	0.0089083	540.38	761.30	5.9160	0.79828	1.0857	569.21	-0.018184	4.4783e-05	0.063637	supercritical
793.36	248.00	112.12	0.0089192	541.19	762.39	5.9174	0.79848	1.0859	569.51	-0.018285	4.4816e-05	0.063691	supercritical
794.36	248.00	111.98	0.0089302	542.00	763.47	5.9188	0.79868	1.0860	569.81	-0.018385	4.4849e-05	0.063745	supercritical
795.36	248.00	111.84	0.0089412	542.82	764.56	5.9201	0.79888	1.0861	570.10	-0.018485	4.4882e-05	0.063800	supercritical
796.36	248.00	111.70	0.0089522	543.63	765.65	5.9215	0.79908	1.0862	570.40	-0.018584	4.4914e-05	0.063854	supercritical
797.36	248.00	111.57	0.0089632	544.44	766.73	5.9229	0.79928	1.0864	570.70	-0.018683	4.4947e-05	0.063908	supercritical
798.36	248.00	111.43	0.0089742	545.26	767.82	5.9242	0.79948	1.0865	570.99	-0.018782	4.4980e-05	0.063962	supercritical
799.36	248.00	111.29	0.0089852	546.07	768.91	5.9256	0.79968	1.0866	571.29	-0.018881	4.5013e-05	0.064016	supercritical
800.36	248.00	111.16	0.0089962	546.89	769.99	5.9269	0.79988	1.0867	571.59	-0.018980	4.5046e-05	0.064071	supercritical
801.36	248.00	111.02	0.0090071	547.70	771.08	5.9283	0.80008	1.0868	571.88	-0.019078	4.5078e-05	0.064125	supercritical
802.36	248.00	110.89	0.0090181	548.52	772.17	5.9296	0.80028	1.0870	572.18	-0.019176	4.5111e-05	0.064179	supercritical
803.36	248.00	110.75	0.0090291	549.33	773.25	5.9310	0.80047	1.0871	572.47	-0.019273	4.5144e-05	0.064233	supercritical
804.36	248.00	110.62	0.0090401	550.15	774.34	5.9323	0.80067	1.0872	572.77	-0.019370	4.5177e-05	0.064287	supercritical
805.36	248.00	110.48	0.0090510	550.96	775.43	5.9337	0.80087	1.0873	573.07	-0.019467	4.5209e-05	0.064341	supercritical
806.36	248.00	110.35	0.0090620	551.78	776.51	5.9350	0.80107	1.0874	573.36	-0.019564	4.5242e-05	0.064395	supercritical
807.36	248.00	110.22	0.0090730	552.59	777.60	5.9364	0.80126	1.0876	573.66	-0.019661	4.5275e-05	0.064449	supercritical
808.36	248.00	110.08	0.0090840	553.41	778.69	5.9377	0.80146	1.0877	573.95	-0.019757	4.5308e-05	0.064504	supercritical
809.36	248.00	109.95	0.0090949	554.22	779.78	5.9391	0.80165	1.0878	574.24	-0.019853	4.5340e-05	0.064558	supercritical
810.36	248.00	109.82	0.0091059	555.04	780.87	5.9404	0.80185	1.0879	574.54	-0.019948	4.5373e-05	0.064612	supercritical
811.36	248.00	109.69	0.0091169	555.85	781.95	5.9418	0.80204	1.0881	574.83	-0.020044	4.5406e-05	0.064666	supercritical
812.36	248.00	109.55	0.0091278	556.67	783.04	5.9431	0.80224	1.0882	575.13	-0.020139	4.5438e-05	0.064720	supercritical
813.36	248.00	109.42	0.0091388	557.49	784.13	5.9445	0.80243	1.0883	575.42	-0.020234	4.5471e-05	0.064774	supercritical
814.36	248.00	109.29	0.0091498	558.30	785.22	5.9458	0.80263	1.0884	575.72	-0.020328	4.5504e-05	0.064828	supercritical
815.36	248.00	109.16	0.0091607	559.12	786.31	5.9471	0.80282	1.0885	576.01	-0.020422	4.5536e-05	0.064882	supercritical
816.36	248.00	109.03	0.0091717	559.94	787.39	5.9485	0.80302	1.0887	576.30	-0.020516	4.5569e-05	0.064936	supercritical
817.36	248.00	108.90	0.0091827	560.75	788.48	5.9498	0.80321	1.0888	576.60	-0.020610	4.5601e-05	0.064990	supercritical
818.36	248.00	108.77	0.0091936	561.57	789.57	5.9511	0.80340	1.0889	576.89	-0.020704	4.5634e-05	0.065044	supercritical
819.36	248.00	108.64	0.0092046	562.39	790.66	5.9525	0.80359	1.0890	577.18	-0.020797	4.5666e-05	0.065098	supercritical
820.36	248.00	108.51	0.0092155	563.21	791.75	5.9538	0.80379	1.0892	577.48	-0.020890	4.5699e-05	0.065153	supercritical
821.36	248.00	108.38	0.0092265	564.02	792.84	5.9551	0.80398	1.0893	577.77	-0.020983	4.5732e-05	0.065207	supercritical
822.36	248.00	108.26	0.0092374	564.84	793.93	5.9564	0.80417	1.0894	578.06	-0.021075	4.5764e-05	0.065261	supercritical
823.36	248.00	108.13	0.0092484	565.66	795.02	5.9578	0.80436	1.0895	578.35	-0.021167	4.5797e-05	0.065315	supercritical
824.36	248.00	108.00	0.0092594	566.48	796.11	5.9591	0.80455	1.0896	578.64	-0.021259	4.5829e-05	0.065369	supercritical
825.36	248.00	107.87	0.0092703	567.29	797.20	5.9604	0.80474	1.0898	578.94	-0.021351	4.5862e-05	0.065423	supercritical
826.36	248.00	107.74	0.0092813	568.11	798.29	5.9617	0.80493	1.0899	579.23	-0.021442	4.5894e-05	0.065477	supercritical
827.36	248.00	107.62	0.0092922	568.93	799.38	5.9630	0.80512	1.0900	579.52	-0.021533	4.5927e-05	0.065531	supercritical
828.36	248.00	107.49	0.0093031	569.75	800.47	5.9644	0.80531	1.0901	579.81	-0.021624	4.5959e-05	0.065585	supercritical
829.36	248.00	107.36	0.0093141	570.57	801.56	5.9657	0.80550	1.0902	580.10	-0.021715	4.5991e-05	0.065639	supercritical
830.36	248.00	107.24	0.0093250	571.39	802.65	5.9670	0.80569	1.0904	580.39	-0.021805	4.6024e-05	0.065693	supercritical
831.36	248.00	107.11	0.0093360	572.21	803.74	5.9683	0.80588	1.0905	580.68	-0.021895	4.6056e-05	0.065747	supercritical
832.36	248.00	106.99	0.0093469	573.03	804.83	5.9696	0.80606	1.0906	580.98	-0.021985	4.6089e-05	0.065801	supercritical
833.36	248.00	106.86	0.0093579	573.84	805.92	5.9709	0.80625	1.0907	581.27	-0.022075	4.6121e-05	0.065855	supercritical
834.36	248.00	106.74	0.0093688	574.66	807.01	5.9722	0.80644	1.0908	581.56	-0.022164	4.6153e-05	0.065909	supercritical
835.36	248.00	106.61	0.0093797	575.48	808.10	5.9735	0.80663	1.0910	581.85	-0.022253	4.6186e-05	0.065962	supercritical
836.36	248.00	106.49	0.0093907	576.30	809.19	5.9748	0.80681	1.0911	582.14	-0.022342	4.6218e-05	0.066016	supercritical
837.36	248.00	106.36	0.0094016	577.12	810.28	5.9761	0.80700	1.0912	582.43	-0.022431	4.6250e-05	0.066070	supercritical
838.36	248.00	106.24	0.0094125	577.94	811.37	5.9774	0.80718	1.0913	582.72	-0.022519	4.6283e-05	0.066124	supercritical
839.36	248.00	106.12	0.0094235	578.76	812.47	5.9787	0.80737	1.0914	583.01	-0.022607	4.6315e-05	0.066178	supercritical
840.36	248.00	105.99	0.0094344	579.58	813.56	5.9800	0.80756	1.0916	583.30	-0.022695	4.6347e-05	0.066232	supercritical
841.36	248.00	105.87	0.0094453	580.40	814.65	5.9813	0.80774	1.0917	583.59	-0.022783	4.6380e-05	0.066286	supercritical
842.36	248.00	105.75	0.0094563	581.23	815.74	5.9826	0.80793	1.0918	583.87	-0.022870	4.6412e-05	0.066340	supercritical
843.36	248.00	105.63	0.0094672	582.05	816.83	5.9839	0.80811	1.0919	584.16	-0.022957	4.6444e-05	0.066394	supercritical
844.36	248.00	105.51	0.0094781	582.87	817.92	5.9852	0.80829	1.0920	584.45	-0.023044	4.6476e-05	0.066448	supercritical
845.36	248.00	105.38	0.0094891	583.69	819.02	5.9865	0.80848	1.0922	584.74	-0.023131	4.6509e-05	0.066502	supercritical
846.36	248.00	105.26	0.0095000	584.51	820.11	5.9878	0.80866	1.0923	585.03	-0.023217	4.6541e-05	0.066556	supercritical
847.36	248.00	105.14	0.0095109	585.33	821.20	5.9891	0.80884	1.0924	585.32	-0.023304	4.6573e-05	0.066609	supercritical
848.36	248.00	105.02	0.0095218	586.15	822.29	5.9904	0.80903	1.0925	585.61	-0.023390	4.6605e-05	0.066663	supercritical
849.36	248.00	104.90	0.0095328	586.97	823.39	5.9917	0.80921	1.0926	585.89	-0.023475	4.6637e-05	0.066717	supercritical
850.36	248.00	104.78	0.0095437	587.80	824.48	5.9930	0.80939	1.0928	586.18	-0.023561	4.6670e-05	0.066771	supercritical
851.36	248.00	104.66	0.0095546	588.62	825.57	5.9942	0.80957	1.0929	586.47	-0.023646	4.6702e-05	0.066825	supercritical
852.36	248.00	104.54	0.0095655	589.44	826.66	5.9955	0.80975	1.0930	586.76	-0.023731	4.6734e-05	0.066879	supercritical
853.36	248.00	104.42	0.0095764	590.26	827.76	5.9968	0.80994	1.0931	587.04	-0.023816	4.6766e-05	0.066933	supercritical
854.36	248.00	104.30	0.0095873	591.08	828.85	5.9981	0.81012	1.0932	587.33	-0.023900	4.6798e-05	0.066986	supercritical
855.36	248.00	104.19	0.0095983	591.91	829.94	5.9994	0.81030	1.0933	587.62	-0.023985	4.6830e-05	0.067040	supercritical
856.36	248.00	104.07	0.0096092	592.73	831.04	6.0007	0.81048	1.0935	587.91	-0.024069	4.6862e-05	0.067094	supercritical
857.36	248.00	103.95	0.0096201	593.55	832.13	6.0019	0.81066	1.0936	588.19	-0.024153	4.6895e-05	0.067148	supercritical
858.36	248.00	103.83	0.0096310	594.38	833.23	6.0032	0.81084	1.0937	588.48	-0.024236	4.6927e-05	0.067202	supercritical
859.36	248.00	103.71	0.0096419	595.20	834.32	6.0045	0.81101	1.0938	588.77	-0.024320	4.6959e-05	0.067255	supercritical
860.36	248.00	103.60	0.0096528	596.02	835.41	6.0057	0.81119	1.0939	589.05	-0.024403	4.6991e-05	0.067309	supercritical
861.36	248.00	103.48	0.0096637	596.85	836.51	6.0070	0.81137	1.0941	589.34	-0.024486	4.7023e-05	0.067363	supercritical
862.36	248.00	103.36	0.0096746	597.67	837.60	6.0083	0.81155	1.0942	589.62	-0.024569	4.7055e-05	0.067417	supercritical
863.36	248.00	103.25	0.0096855	598.49	838.70	6.0096	0.81173	1.0943	589.91	-0.024651	4.7087e-05	0.067471	supercritical
864.36	248.00	103.13	0.0096964	599.32	839.79	6.0108	0.81191	1.0944	590.20	-0.024734	4.7119e-05	0.067524	supercritical
865.36	248.00	103.01	0.0097074	600.14	840.88	6.0121	0.81208	1.0945	590.48	-0.024816	4.7151e-05	0.067578	supercritical
866.36	248.00	102.90	0.0097183	600.97	841.98	6.0134	0.81226	1.0946	590.77	-0.024898	4.7183e-05	0.067632	supercritical
867.36	248.00	102.78	0.0097292	601.79	843.07	6.0146	0.81244	1.0948	591.05	-0.024979	4.7215e-05	0.067686	supercritical
868.36	248.00	102.67	0.0097401	602.61	844.17	6.0159	0.81261	1.0949	591.34	-0.025061	4.7247e-05	0.067739	supercritical
869.36	248.00	102.55	0.0097510	603.44	845.26	6.0171	0.81279	1.0950	591.62	-0.025142	4.7279e-05	0.067793	supercritical
870.36	248.00	102.44	0.0097619	604.26	846.36	6.0184	0.81296	1.0951	591.91	-0.025223	4.7311e-05	0.067847	supercritical
871.36	248.00	102.33	0.0097728	605.09	847.45	6.0197	0.81314	1.0952	592.19	-0.025304	4.7342e-05	0.067900	supercritical
872.36	248.00	102.21	0.0097837	605.91	848.55	6.0209	0.81331	1.0954	592.48	-0.025384	4.7374e-05	0.067954	supercritical
873.36	248.00	102.10	0.0097946	606.74	849.64	6.0222	0.81349	1.0955	592.76	-0.025465	4.7406e-05	0.068008	supercritical
874.36	248.00	101.98	0.0098054	607.56	850.74	6.0234	0.81366	1.0956	593.04	-0.025545	4.7438e-05	0.068062	supercritical
875.36	248.00	101.87	0.0098163	608.39	851.84	6.0247	0.81384	1.0957	593.33	-0.025625	4.7470e-05	0.068115	supercritical
876.36	248.00	101.76	0.0098272	609.22	852.93	6.0259	0.81401	1.0958	593.61	-0.025704	4.7502e-05	0.068169	supercritical
877.36	248.00	101.65	0.0098381	610.04	854.03	6.0272	0.81418	1.0959	593.89	-0.025784	4.7534e-05	0.068223	supercritical
878.36	248.00	101.53	0.0098490	610.87	855.12	6.0284	0.81436	1.0961	594.18	-0.025863	4.7566e-05	0.068276	supercritical
879.36	248.00	101.42	0.0098599	611.69	856.22	6.0297	0.81453	1.0962	594.46	-0.025942	4.7597e-05	0.068330	supercritical
880.36	248.00	101.31	0.0098708	612.52	857.32	6.0309	0.81470	1.0963	594.74	-0.026021	4.7629e-05	0.068384	supercritical
881.36	248.00	101.20	0.0098817	613.35	858.41	6.0322	0.81487	1.0964	595.03	-0.026100	4.7661e-05	0.068437	supercritical
882.36	248.00	101.09	0.0098926	614.17	859.51	6.0334	0.81505	1.0965	595.31	-0.026178	4.7693e-05	0.068491	supercritical
883.36	248.00	100.97	0.0099035	615.00	860.60	6.0346	0.81522	1.0966	595.59	-0.026256	4.7725e-05	0.068545	supercritical
884.36	248.00	100.86	0.0099143	615.83	861.70	6.0359	0.81539	1.0967	595.88	-0.026334	4.7756e-05	0.068598	supercritical
885.36	248.00	100.75	0.0099252	616.65	862.80	6.0371	0.81556	1.0969	596.16	-0.026412	4.7788e-05	0.068652	supercritical
886.36	248.00	100.64	0.0099361	617.48	863.89	6.0384	0.81573	1.0970	596.44	-0.026490	4.7820e-05	0.068705	supercritical
887.36	248.00	100.53	0.0099470	618.31	864.99	6.0396	0.81590	1.0971	596.72	-0.026567	4.7852e-05	0.068759	supercritical
888.36	248.00	100.42	0.0099579	619.13	866.09	6.0408	0.81607	1.0972	597.01	-0.026644	4.7883e-05	0.068813	supercritical
889.36	248.00	100.31	0.0099687	619.96	867.19	6.0421	0.81624	1.0973	597.29	-0.026721	4.7915e-05	0.068866	supercritical
890.36	248.00	100.20	0.0099796	620.79	868.28	6.0433	0.81641	1.0974	597.57	-0.026798	4.7947e-05	0.068920	supercritical
891.36	248.00	100.10	0.0099905	621.62	869.38	6.0445	0.81658	1.0976	597.85	-0.026875	4.7978e-05	0.068973	supercritical
892.36	248.00	99.986	0.010001	622.44	870.48	6.0458	0.81675	1.0977	598.13	-0.026951	4.8010e-05	0.069027	supercritical
893.36	248.00	99.878	0.010012	623.27	871.58	6.0470	0.81692	1.0978	598.41	-0.027028	4.8042e-05	0.069081	supercritical
894.36	248.00	99.769	0.010023	624.10	872.67	6.0482	0.81708	1.0979	598.69	-0.027104	4.8073e-05	0.069134	supercritical
895.36	248.00	99.661	0.010034	624.93	873.77	6.0494	0.81725	1.0980	598.97	-0.027179	4.8105e-05	0.069188	supercritical
896.36	248.00	99.553	0.010045	625.76	874.87	6.0507	0.81742	1.0981	599.26	-0.027255	4.8137e-05	0.069241	supercritical
897.36	248.00	99.446	0.010056	626.59	875.97	6.0519	0.81759	1.0982	599.54	-0.027330	4.8168e-05	0.069295	supercritical
898.36	248.00	99.338	0.010067	627.41	877.07	6.0531	0.81775	1.0984	599.82	-0.027406	4.8200e-05	0.069348	supercritical
899.36	248.00	99.231	0.010077	628.24	878.17	6.0543	0.81792	1.0985	600.10	-0.027481	4.8231e-05	0.069402	supercritical
900.36	248.00	99.124	0.010088	629.07	879.26	6.0556	0.81809	1.0986	600.38	-0.027555	4.8263e-05	0.069455	supercritical
901.36	248.00	99.017	0.010099	629.90	880.36	6.0568	0.81825	1.0987	600.66	-0.027630	4.8295e-05	0.069509	supercritical
902.36	248.00	98.911	0.010110	630.73	881.46	6.0580	0.81842	1.0988	600.94	-0.027705	4.8326e-05	0.069562	supercritical
903.36	248.00	98.805	0.010121	631.56	882.56	6.0592	0.81858	1.0989	601.22	-0.027779	4.8358e-05	0.069616	supercritical
904.36	248.00	98.699	0.010132	632.39	883.66	6.0604	0.81875	1.0990	601.50	-0.027853	4.8389e-05	0.069669	supercritical
905.36	248.00	98.593	0.010143	633.22	884.76	6.0617	0.81891	1.0992	601.78	-0.027927	4.8421e-05	0.069723	supercritical
906.36	248.00	98.488	0.010154	634.05	885.86	6.0629	0.81908	1.0993	602.06	-0.028000	4.8452e-05	0.069776	supercritical
907.36	248.00	98.382	0.010164	634.88	886.96	6.0641	0.81924	1.0994	602.34	-0.028074	4.8484e-05	0.069830	supercritical
908.36	248.00	98.277	0.010175	635.71	888.06	6.0653	0.81941	1.0995	602.61	-0.028147	4.8515e-05	0.069883	supercritical
909.36	248.00	98.173	0.010186	636.54	889.16	6.0665	0.81957	1.0996	602.89	-0.028220	4.8547e-05	0.069937	supercritical
910.36	248.00	98.068	0.010197	637.37	890.26	6.0677	0.81973	1.0997	603.17	-0.028293	4.8578e-05	0.069990	supercritical
911.36	248.00	97.964	0.010208	638.20	891.36	6.0689	0.81990	1.0998	603.45	-0.028366	4.8610e-05	0.070044	supercritical
912.36	248.00	97.860	0.010219	639.03	892.46	6.0701	0.82006	1.1000	603.73	-0.028438	4.8641e-05	0.070097	supercritical
913.36	248.00	97.756	0.010230	639.86	893.56	6.0713	0.82022	1.1001	604.01	-0.028511	4.8672e-05	0.070150	supercritical
914.36	248.00	97.652	0.010240	640.69	894.66	6.0725	0.82039	1.1002	604.29	-0.028583	4.8704e-05	0.070204	supercritical
915.36	248.00	97.549	0.010251	641.52	895.76	6.0737	0.82055	1.1003	604.56	-0.028655	4.8735e-05	0.070257	supercritical
916.36	248.00	97.446	0.010262	642.35	896.86	6.0749	0.82071	1.1004	604.84	-0.028727	4.8767e-05	0.070311	supercritical
917.36	248.00	97.343	0.010273	643.19	897.96	6.0761	0.82087	1.1005	605.12	-0.028798	4.8798e-05	0.070364	supercritical
918.36	248.00	97.240	0.010284	644.02	899.06	6.0773	0.82103	1.1006	605.40	-0.028870	4.8829e-05	0.070417	supercritical
919.36	248.00	97.137	0.010295	644.85	900.16	6.0785	0.82119	1.1007	605.67	-0.028941	4.8861e-05	0.070471	supercritical
920.36	248.00	97.035	0.010306	645.68	901.26	6.0797	0.82135	1.1008	605.95	-0.029012	4.8892e-05	0.070524	supercritical
921.36	248.00	96.933	0.010316	646.51	902.36	6.0809	0.82151	1.1010	606.23	-0.029083	4.8923e-05	0.070578	supercritical
922.36	248.00	96.831	0.010327	647.34	903.46	6.0821	0.82167	1.1011	606.51	-0.029154	4.8955e-05	0.070631	supercritical
923.36	248.00	96.730	0.010338	648.18	904.56	6.0833	0.82183	1.1012	606.78	-0.029224	4.8986e-05	0.070684	supercritical
924.36	248.00	96.628	0.010349	649.01	905.66	6.0845	0.82199	1.1013	607.06	-0.029295	4.9017e-05	0.070738	supercritical
925.36	248.00	96.527	0.010360	649.84	906.76	6.0857	0.82215	1.1014	607.34	-0.029365	4.9049e-05	0.070791	supercritical
926.36	248.00	96.426	0.010371	650.67	907.87	6.0869	0.82231	1.1015	607.61	-0.029435	4.9080e-05	0.070844	supercritical
927.36	248.00	96.325	0.010381	651.51	908.97	6.0881	0.82247	1.1016	607.89	-0.029505	4.9111e-05	0.070898	supercritical
928.36	248.00	96.225	0.010392	652.34	910.07	6.0893	0.82263	1.1017	608.17	-0.029574	4.9143e-05	0.070951	supercritical
929.36	248.00	96.125	0.010403	653.17	911.17	6.0904	0.82278	1.1019	608.44	-0.029644	4.9174e-05	0.071004	supercritical
930.36	248.00	96.025	0.010414	654.01	912.27	6.0916	0.82294	1.1020	608.72	-0.029713	4.9205e-05	0.071058	supercritical
931.36	248.00	95.925	0.010425	654.84	913.37	6.0928	0.82310	1.1021	608.99	-0.029782	4.9236e-05	0.071111	supercritical
932.36	248.00	95.825	0.010436	655.67	914.48	6.0940	0.82326	1.1022	609.27	-0.029851	4.9267e-05	0.071164	supercritical
933.36	248.00	95.726	0.010447	656.50	915.58	6.0952	0.82341	1.1023	609.54	-0.029920	4.9299e-05	0.071217	supercritical
934.36	248.00	95.626	0.010457	657.34	916.68	6.0964	0.82357	1.1024	609.82	-0.029989	4.9330e-05	0.071271	supercritical
935.36	248.00	95.527	0.010468	658.17	917.78	6.0975	0.82373	1.1025	610.10	-0.030057	4.9361e-05	0.071324	supercritical
936.36	248.00	95.429	0.010479	659.01	918.89	6.0987	0.82388	1.1026	610.37	-0.030125	4.9392e-05	0.071377	supercritical
937.36	248.00	95.330	0.010490	659.84	919.99	6.0999	0.82404	1.1027	610.65	-0.030193	4.9423e-05	0.071430	supercritical
938.36	248.00	95.232	0.010501	660.67	921.09	6.1011	0.82419	1.1028	610.92	-0.030261	4.9454e-05	0.071484	supercritical
939.36	248.00	95.134	0.010512	661.51	922.19	6.1022	0.82435	1.1030	611.20	-0.030329	4.9486e-05	0.071537	supercritical
940.36	248.00	95.036	0.010522	662.34	923.30	6.1034	0.82450	1.1031	611.47	-0.030397	4.9517e-05	0.071590	supercritical
941.36	248.00	94.938	0.010533	663.18	924.40	6.1046	0.82466	1.1032	611.74	-0.030464	4.9548e-05	0.071643	supercritical
942.36	248.00	94.840	0.010544	664.01	925.50	6.1058	0.82481	1.1033	612.02	-0.030531	4.9579e-05	0.071697	supercritical
943.36	248.00	94.743	0.010555	664.85	926.61	6.1069	0.82497	1.1034	612.29	-0.030598	4.9610e-05	0.071750	supercritical
944.36	248.00	94.646	0.010566	665.68	927.71	6.1081	0.82512	1.1035	612.57	-0.030665	4.9641e-05	0.071803	supercritical
945.36	248.00	94.549	0.010577	666.52	928.81	6.1093	0.82527	1.1036	612.84	-0.030732	4.9672e-05	0.071856	supercritical
946.36	248.00	94.452	0.010587	667.35	929.92	6.1104	0.82543	1.1037	613.11	-0.030799	4.9703e-05	0.071909	supercritical
947.36	248.00	94.356	0.010598	668.19	931.02	6.1116	0.82558	1.1038	613.39	-0.030865	4.9734e-05	0.071963	supercritical
948.36	248.00	94.259	0.010609	669.02	932.13	6.1128	0.82573	1.1039	613.66	-0.030931	4.9765e-05	0.072016	supercritical
949.36	248.00	94.163	0.010620	669.86	933.23	6.1139	0.82589	1.1040	613.94	-0.030997	4.9796e-05	0.072069	supercritical
950.36	248.00	94.067	0.010631	670.69	934.33	6.1151	0.82604	1.1042	614.21	-0.031063	4.9827e-05	0.072122	supercritical
951.36	248.00	93.972	0.010641	671.53	935.44	6.1163	0.82619	1.1043	614.48	-0.031129	4.9858e-05	0.072175	supercritical
952.36	248.00	93.876	0.010652	672.36	936.54	6.1174	0.82634	1.1044	614.75	-0.031195	4.9889e-05	0.072228	supercritical
953.36	248.00	93.781	0.010663	673.20	937.65	6.1186	0.82649	1.1045	615.03	-0.031260	4.9920e-05	0.072282	supercritical
954.36	248.00	93.686	0.010674	674.04	938.75	6.1197	0.82664	1.1046	615.30	-0.031325	4.9951e-05	0.072335	supercritical
955.36	248.00	93.591	0.010685	674.87	939.86	6.1209	0.82679	1.1047	615.57	-0.031391	4.9982e-05	0.072388	supercritical
956.36	248.00	93.496	0.010696	675.71	940.96	6.1220	0.82695	1.1048	615.84	-0.031455	5.0013e-05	0.072441	supercritical
957.36	248.00	93.402	0.010706	676.55	942.07	6.1232	0.82710	1.1049	616.12	-0.031520	5.0044e-05	0.072494	supercritical
958.36	248.00	93.308	0.010717	677.38	943.17	6.1244	0.82725	1.1050	616.39	-0.031585	5.0075e-05	0.072547	supercritical
959.36	248.00	93.213	0.010728	678.22	944.28	6.1255	0.82740	1.1051	616.66	-0.031649	5.0106e-05	0.072600	supercritical
960.36	248.00	93.120	0.010739	679.06	945.38	6.1267	0.82754	1.1052	616.93	-0.031714	5.0137e-05	0.072653	supercritical
961.36	248.00	93.026	0.010750	679.89	946.49	6.1278	0.82769	1.1053	617.21	-0.031778	5.0168e-05	0.072706	supercritical
962.36	248.00	92.932	0.010761	680.73	947.59	6.1290	0.82784	1.1054	617.48	-0.031842	5.0199e-05	0.072759	supercritical
963.36	248.00	92.839	0.010771	681.57	948.70	6.1301	0.82799	1.1056	617.75	-0.031906	5.0230e-05	0.072813	supercritical
964.36	248.00	92.746	0.010782	682.41	949.80	6.1312	0.82814	1.1057	618.02	-0.031969	5.0260e-05	0.072866	supercritical
965.36	248.00	92.653	0.010793	683.24	950.91	6.1324	0.82829	1.1058	618.29	-0.032033	5.0291e-05	0.072919	supercritical
966.36	248.00	92.560	0.010804	684.08	952.01	6.1335	0.82844	1.1059	618.56	-0.032096	5.0322e-05	0.072972	supercritical
967.36	248.00	92.468	0.010815	684.92	953.12	6.1347	0.82858	1.1060	618.83	-0.032160	5.0353e-05	0.073025	supercritical
968.36	248.00	92.375	0.010825	685.76	954.23	6.1358	0.82873	1.1061	619.10	-0.032223	5.0384e-05	0.073078	supercritical
969.36	248.00	92.283	0.010836	686.59	955.33	6.1370	0.82888	1.1062	619.37	-0.032286	5.0415e-05	0.073131	supercritical
970.36	248.00	92.191	0.010847	687.43	956.44	6.1381	0.82903	1.1063	619.65	-0.032348	5.0445e-05	0.073184	supercritical
971.36	248.00	92.100	0.010858	688.27	957.54	6.1392	0.82917	1.1064	619.92	-0.032411	5.0476e-05	0.073237	supercritical
972.36	248.00	92.008	0.010869	689.11	958.65	6.1404	0.82932	1.1065	620.19	-0.032474	5.0507e-05	0.073290	supercritical
973.36	248.00	91.917	0.010879	689.95	959.76	6.1415	0.82947	1.1066	620.46	-0.032536	5.0538e-05	0.073343	supercritical
974.36	248.00	91.825	0.010890	690.79	960.86	6.1427	0.82961	1.1067	620.73	-0.032598	5.0568e-05	0.073396	supercritical
975.36	248.00	91.734	0.010901	691.62	961.97	6.1438	0.82976	1.1068	621.00	-0.032660	5.0599e-05	0.073449	supercritical
976.36	248.00	91.643	0.010912	692.46	963.08	6.1449	0.82990	1.1069	621.27	-0.032722	5.0630e-05	0.073502	supercritical
977.36	248.00	91.553	0.010923	693.30	964.18	6.1461	0.83005	1.1070	621.54	-0.032784	5.0661e-05	0.073555	supercritical
978.36	248.00	91.462	0.010933	694.14	965.29	6.1472	0.83019	1.1071	621.81	-0.032845	5.0691e-05	0.073608	supercritical
979.36	248.00	91.372	0.010944	694.98	966.40	6.1483	0.83034	1.1072	622.07	-0.032907	5.0722e-05	0.073661	supercritical
980.36	248.00	91.282	0.010955	695.82	967.51	6.1495	0.83048	1.1074	622.34	-0.032968	5.0753e-05	0.073714	supercritical
981.36	248.00	91.192	0.010966	696.66	968.61	6.1506	0.83063	1.1075	622.61	-0.033029	5.0783e-05	0.073766	supercritical
982.36	248.00	91.102	0.010977	697.50	969.72	6.1517	0.83077	1.1076	622.88	-0.033090	5.0814e-05	0.073819	supercritical
983.36	248.00	91.013	0.010987	698.34	970.83	6.1528	0.83091	1.1077	623.15	-0.033151	5.0845e-05	0.073872	supercritical
984.36	248.00	90.923	0.010998	699.18	971.94	6.1540	0.83106	1.1078	623.42	-0.033212	5.0875e-05	0.073925	supercritical
985.36	248.00	90.834	0.011009	700.02	973.04	6.1551	0.83120	1.1079	623.69	-0.033272	5.0906e-05	0.073978	supercritical
986.36	248.00	90.745	0.011020	700.86	974.15	6.1562	0.83134	1.1080	623.96	-0.033333	5.0937e-05	0.074031	supercritical
987.36	248.00	90.656	0.011031	701.70	975.26	6.1573	0.83149	1.1081	624.23	-0.033393	5.0967e-05	0.074084	supercritical
988.36	248.00	90.568	0.011041	702.54	976.37	6.1585	0.83163	1.1082	624.49	-0.033453	5.0998e-05	0.074137	supercritical
989.36	248.00	90.479	0.011052	703.38	977.48	6.1596	0.83177	1.1083	624.76	-0.033513	5.1028e-05	0.074190	supercritical
990.36	248.00	90.391	0.011063	704.22	978.59	6.1607	0.83191	1.1084	625.03	-0.033573	5.1059e-05	0.074243	supercritical
991.36	248.00	90.303	0.011074	705.06	979.69	6.1618	0.83205	1.1085	625.30	-0.033633	5.1090e-05	0.074295	supercritical
992.36	248.00	90.215	0.011085	705.90	980.80	6.1629	0.83220	1.1086	625.57	-0.033692	5.1120e-05	0.074348	supercritical
993.36	248.00	90.127	0.011095	706.74	981.91	6.1641	0.83234	1.1087	625.83	-0.033752	5.1151e-05	0.074401	supercritical
994.36	248.00	90.040	0.011106	707.59	983.02	6.1652	0.83248	1.1088	626.10	-0.033811	5.1181e-05	0.074454	supercritical
995.36	248.00	89.952	0.011117	708.43	984.13	6.1663	0.83262	1.1089	626.37	-0.033870	5.1212e-05	0.074507	supercritical
996.36	248.00	89.865	0.011128	709.27	985.24	6.1674	0.83276	1.1090	626.64	-0.033929	5.1242e-05	0.074560	supercritical
997.36	248.00	89.778	0.011139	710.11	986.35	6.1685	0.83290	1.1091	626.90	-0.033988	5.1273e-05	0.074612	supercritical
998.36	248.00	89.691	0.011149	710.95	987.46	6.1696	0.83304	1.1092	627.17	-0.034046	5.1303e-05	0.074665	supercritical
999.36	248.00	89.604	0.011160	711.79	988.56	6.1707	0.83318	1.1093	627.44	-0.034105	5.1334e-05	0.074718	supercritical
1000.4	248.00	89.518	0.011171	712.63	989.67	6.1718	0.83332	1.1094	627.70	-0.034164	5.1364e-05	0.074771	supercritical
1001.4	248.00	89.431	0.011182	713.48	990.78	6.1729	0.83346	1.1095	627.97	-0.034222	5.1395e-05	0.074824	supercritical
1002.4	248.00	89.345	0.011193	714.32	991.89	6.1741	0.83360	1.1096	628.24	-0.034280	5.1425e-05	0.074876	supercritical
1003.4	248.00	89.259	0.011203	715.16	993.00	6.1752	0.83374	1.1097	628.50	-0.034338	5.1456e-05	0.074929	supercritical
1004.4	248.00	89.173	0.011214	716.00	994.11	6.1763	0.83387	1.1098	628.77	-0.034396	5.1486e-05	0.074982	supercritical
1005.4	248.00	89.088	0.011225	716.85	995.22	6.1774	0.83401	1.1099	629.04	-0.034454	5.1517e-05	0.075035	supercritical
1006.4	248.00	89.002	0.011236	717.69	996.33	6.1785	0.83415	1.1100	629.30	-0.034511	5.1547e-05	0.075087	supercritical
1007.4	248.00	88.917	0.011246	718.53	997.44	6.1796	0.83429	1.1101	629.57	-0.034569	5.1577e-05	0.075140	supercritical
1008.4	248.00	88.832	0.011257	719.37	998.55	6.1807	0.83443	1.1102	629.83	-0.034626	5.1608e-05	0.075193	supercritical
1009.4	248.00	88.747	0.011268	720.22	999.66	6.1818	0.83456	1.1103	630.10	-0.034683	5.1638e-05	0.075246	supercritical
1010.4	248.00	88.662	0.011279	721.06	1000.8	6.1829	0.83470	1.1104	630.36	-0.034740	5.1669e-05	0.075298	supercritical
1011.4	248.00	88.577	0.011290	721.90	1001.9	6.1840	0.83484	1.1105	630.63	-0.034797	5.1699e-05	0.075351	supercritical
1012.4	248.00	88.493	0.011300	722.75	1003.0	6.1851	0.83498	1.1107	630.90	-0.034854	5.1729e-05	0.075404	supercritical
1013.4	248.00	88.408	0.011311	723.59	1004.1	6.1862	0.83511	1.1108	631.16	-0.034911	5.1760e-05	0.075457	supercritical
1014.4	248.00	88.324	0.011322	724.43	1005.2	6.1873	0.83525	1.1109	631.43	-0.034967	5.1790e-05	0.075509	supercritical
1015.4	248.00	88.240	0.011333	725.28	1006.3	6.1884	0.83538	1.1110	631.69	-0.035024	5.1820e-05	0.075562	supercritical
1016.4	248.00	88.156	0.011343	726.12	1007.4	6.1895	0.83552	1.1111	631.96	-0.035080	5.1851e-05	0.075615	supercritical
1017.4	248.00	88.073	0.011354	726.96	1008.5	6.1906	0.83566	1.1112	632.22	-0.035136	5.1881e-05	0.075667	supercritical
1018.4	248.00	87.989	0.011365	727.81	1009.7	6.1916	0.83579	1.1113	632.48	-0.035192	5.1911e-05	0.075720	supercritical
1019.4	248.00	87.906	0.011376	728.65	1010.8	6.1927	0.83593	1.1114	632.75	-0.035248	5.1942e-05	0.075773	supercritical
1020.4	248.00	87.823	0.011387	729.50	1011.9	6.1938	0.83606	1.1115	633.01	-0.035304	5.1972e-05	0.075825	supercritical
1021.4	248.00	87.740	0.011397	730.34	1013.0	6.1949	0.83620	1.1116	633.28	-0.035360	5.2002e-05	0.075878	supercritical
1022.4	248.00	87.657	0.011408	731.18	1014.1	6.1960	0.83633	1.1117	633.54	-0.035415	5.2032e-05	0.075931	supercritical
1023.4	248.00	87.574	0.011419	732.03	1015.2	6.1971	0.83646	1.1118	633.81	-0.035471	5.2063e-05	0.075983	supercritical
1024.4	248.00	87.491	0.011430	732.87	1016.3	6.1982	0.83660	1.1119	634.07	-0.035526	5.2093e-05	0.076036	supercritical
1025.4	248.00	87.409	0.011440	733.72	1017.4	6.1993	0.83673	1.1120	634.33	-0.035581	5.2123e-05	0.076088	supercritical
1026.4	248.00	87.327	0.011451	734.56	1018.6	6.2003	0.83687	1.1121	634.60	-0.035636	5.2153e-05	0.076141	supercritical
1027.4	248.00	87.245	0.011462	735.41	1019.7	6.2014	0.83700	1.1122	634.86	-0.035691	5.2184e-05	0.076194	supercritical
1028.4	248.00	87.163	0.011473	736.25	1020.8	6.2025	0.83713	1.1123	635.12	-0.035746	5.2214e-05	0.076246	supercritical
1029.4	248.00	87.081	0.011484	737.10	1021.9	6.2036	0.83727	1.1124	635.39	-0.035800	5.2244e-05	0.076299	supercritical
1030.4	248.00	87.000	0.011494	737.94	1023.0	6.2047	0.83740	1.1125	635.65	-0.035855	5.2274e-05	0.076351	supercritical
1031.4	248.00	86.918	0.011505	738.79	1024.1	6.2057	0.83753	1.1126	635.91	-0.035909	5.2304e-05	0.076404	supercritical
1032.4	248.00	86.837	0.011516	739.63	1025.2	6.2068	0.83766	1.1127	636.18	-0.035963	5.2335e-05	0.076457	supercritical
1033.4	248.00	86.756	0.011527	740.48	1026.3	6.2079	0.83780	1.1128	636.44	-0.036018	5.2365e-05	0.076509	supercritical
1034.4	248.00	86.675	0.011537	741.33	1027.5	6.2090	0.83793	1.1128	636.70	-0.036072	5.2395e-05	0.076562	supercritical
1035.4	248.00	86.594	0.011548	742.17	1028.6	6.2101	0.83806	1.1129	636.96	-0.036126	5.2425e-05	0.076614	supercritical
1036.4	248.00	86.513	0.011559	743.02	1029.7	6.2111	0.83819	1.1130	637.23	-0.036179	5.2455e-05	0.076667	supercritical
1037.4	248.00	86.433	0.011570	743.86	1030.8	6.2122	0.83832	1.1131	637.49	-0.036233	5.2485e-05	0.076719	supercritical
1038.4	248.00	86.352	0.011580	744.71	1031.9	6.2133	0.83845	1.1132	637.75	-0.036286	5.2515e-05	0.076772	supercritical
1039.4	248.00	86.272	0.011591	745.56	1033.0	6.2143	0.83858	1.1133	638.01	-0.036340	5.2545e-05	0.076824	supercritical
1040.4	248.00	86.192	0.011602	746.40	1034.1	6.2154	0.83871	1.1134	638.27	-0.036393	5.2575e-05	0.076877	supercritical
1041.4	248.00	86.112	0.011613	747.25	1035.2	6.2165	0.83884	1.1135	638.54	-0.036446	5.2606e-05	0.076929	supercritical
1042.4	248.00	86.033	0.011623	748.10	1036.4	6.2176	0.83897	1.1136	638.80	-0.036499	5.2636e-05	0.076982	supercritical
1043.4	248.00	85.953	0.011634	748.94	1037.5	6.2186	0.83910	1.1137	639.06	-0.036552	5.2666e-05	0.077034	supercritical
1044.4	248.00	85.874	0.011645	749.79	1038.6	6.2197	0.83923	1.1138	639.32	-0.036605	5.2696e-05	0.077087	supercritical
1045.4	248.00	85.794	0.011656	750.64	1039.7	6.2208	0.83936	1.1139	639.58	-0.036658	5.2726e-05	0.077139	supercritical
1046.4	248.00	85.715	0.011667	751.48	1040.8	6.2218	0.83949	1.1140	639.84	-0.036710	5.2756e-05	0.077192	supercritical
1047.4	248.00	85.636	0.011677	752.33	1041.9	6.2229	0.83962	1.1141	640.11	-0.036763	5.2786e-05	0.077244	supercritical
1048.4	248.00	85.557	0.011688	753.18	1043.0	6.2239	0.83975	1.1142	640.37	-0.036815	5.2816e-05	0.077297	supercritical
1049.4	248.00	85.479	0.011699	754.03	1044.2	6.2250	0.83988	1.1143	640.63	-0.036867	5.2846e-05	0.077349	supercritical
1050.4	248.00	85.400	0.011710	754.87	1045.3	6.2261	0.84001	1.1144	640.89	-0.036919	5.2876e-05	0.077401	supercritical
1051.4	248.00	85.322	0.011720	755.72	1046.4	6.2271	0.84014	1.1145	641.15	-0.036971	5.2906e-05	0.077454	supercritical
1052.4	248.00	85.244	0.011731	756.57	1047.5	6.2282	0.84026	1.1146	641.41	-0.037023	5.2936e-05	0.077506	supercritical
1053.4	248.00	85.166	0.011742	757.42	1048.6	6.2293	0.84039	1.1147	641.67	-0.037075	5.2966e-05	0.077559	supercritical
1054.4	248.00	85.088	0.011753	758.27	1049.7	6.2303	0.84052	1.1148	641.93	-0.037127	5.2996e-05	0.077611	supercritical
1055.4	248.00	85.010	0.011763	759.11	1050.8	6.2314	0.84065	1.1149	642.19	-0.037178	5.3026e-05	0.077664	supercritical
1056.4	248.00	84.932	0.011774	759.96	1052.0	6.2324	0.84077	1.1150	642.45	-0.037229	5.3055e-05	0.077716	supercritical
1057.4	248.00	84.855	0.011785	760.81	1053.1	6.2335	0.84090	1.1151	642.71	-0.037281	5.3085e-05	0.077768	supercritical
1058.4	248.00	84.777	0.011796	761.66	1054.2	6.2345	0.84103	1.1152	642.97	-0.037332	5.3115e-05	0.077821	supercritical
1059.4	248.00	84.700	0.011806	762.51	1055.3	6.2356	0.84115	1.1153	643.23	-0.037383	5.3145e-05	0.077873	supercritical
1060.4	248.00	84.623	0.011817	763.36	1056.4	6.2366	0.84128	1.1154	643.49	-0.037434	5.3175e-05	0.077925	supercritical
1061.4	248.00	84.546	0.011828	764.21	1057.5	6.2377	0.84141	1.1155	643.75	-0.037485	5.3205e-05	0.077978	supercritical
1062.4	248.00	84.469	0.011839	765.05	1058.7	6.2387	0.84153	1.1156	644.01	-0.037535	5.3235e-05	0.078030	supercritical
1063.4	248.00	84.393	0.011849	765.90	1059.8	6.2398	0.84166	1.1157	644.27	-0.037586	5.3265e-05	0.078083	supercritical
1064.4	248.00	84.316	0.011860	766.75	1060.9	6.2408	0.84179	1.1158	644.53	-0.037636	5.3295e-05	0.078135	supercritical
1065.4	248.00	84.240	0.011871	767.60	1062.0	6.2419	0.84191	1.1159	644.79	-0.037687	5.3324e-05	0.078187	supercritical
1066.4	248.00	84.164	0.011882	768.45	1063.1	6.2429	0.84204	1.1160	645.04	-0.037737	5.3354e-05	0.078240	supercritical
1067.4	248.00	84.088	0.011892	769.30	1064.2	6.2440	0.84216	1.1160	645.30	-0.037787	5.3384e-05	0.078292	supercritical
1068.4	248.00	84.012	0.011903	770.15	1065.3	6.2450	0.84229	1.1161	645.56	-0.037837	5.3414e-05	0.078344	supercritical
1069.4	248.00	83.936	0.011914	771.00	1066.5	6.2461	0.84241	1.1162	645.82	-0.037887	5.3444e-05	0.078396	supercritical
1070.4	248.00	83.860	0.011925	771.85	1067.6	6.2471	0.84253	1.1163	646.08	-0.037937	5.3474e-05	0.078449	supercritical
1071.4	248.00	83.785	0.011935	772.70	1068.7	6.2482	0.84266	1.1164	646.34	-0.037987	5.3503e-05	0.078501	supercritical
1072.4	248.00	83.710	0.011946	773.55	1069.8	6.2492	0.84278	1.1165	646.60	-0.038036	5.3533e-05	0.078553	supercritical
1073.4	248.00	83.634	0.011957	774.40	1070.9	6.2502	0.84291	1.1166	646.85	-0.038086	5.3563e-05	0.078606	supercritical
1074.4	248.00	83.559	0.011968	775.25	1072.0	6.2513	0.84303	1.1167	647.11	-0.038135	5.3593e-05	0.078658	supercritical
1075.4	248.00	83.484	0.011978	776.10	1073.2	6.2523	0.84315	1.1168	647.37	-0.038184	5.3622e-05	0.078710	supercritical
1076.4	248.00	83.410	0.011989	776.95	1074.3	6.2534	0.84328	1.1169	647.63	-0.038234	5.3652e-05	0.078762	supercritical
1077.4	248.00	83.335	0.012000	777.80	1075.4	6.2544	0.84340	1.1170	647.89	-0.038283	5.3682e-05	0.078815	supercritical
1078.4	248.00	83.260	0.012011	778.65	1076.5	6.2554	0.84352	1.1171	648.14	-0.038332	5.3712e-05	0.078867	supercritical
1079.4	248.00	83.186	0.012021	779.50	1077.6	6.2565	0.84365	1.1172	648.40	-0.038380	5.3741e-05	0.078919	supercritical
1080.4	248.00	83.112	0.012032	780.35	1078.7	6.2575	0.84377	1.1173	648.66	-0.038429	5.3771e-05	0.078971	supercritical
1081.4	248.00	83.038	0.012043	781.20	1079.9	6.2585	0.84389	1.1174	648.92	-0.038478	5.3801e-05	0.079024	supercritical
1082.4	248.00	82.964	0.012053	782.06	1081.0	6.2596	0.84401	1.1175	649.17	-0.038526	5.3830e-05	0.079076	supercritical
1083.4	248.00	82.890	0.012064	782.91	1082.1	6.2606	0.84414	1.1176	649.43	-0.038575	5.3860e-05	0.079128	supercritical
1084.4	248.00	82.816	0.012075	783.76	1083.2	6.2616	0.84426	1.1176	649.69	-0.038623	5.3890e-05	0.079180	supercritical
1085.4	248.00	82.742	0.012086	784.61	1084.3	6.2627	0.84438	1.1177	649.94	-0.038671	5.3919e-05	0.079232	supercritical
1086.4	248.00	82.669	0.012096	785.46	1085.5	6.2637	0.84450	1.1178	650.20	-0.038719	5.3949e-05	0.079285	supercritical
1087.4	248.00	82.596	0.012107	786.31	1086.6	6.2647	0.84462	1.1179	650.46	-0.038767	5.3979e-05	0.079337	supercritical
1088.4	248.00	82.523	0.012118	787.16	1087.7	6.2657	0.84474	1.1180	650.71	-0.038815	5.4008e-05	0.079389	supercritical
1089.4	248.00	82.450	0.012129	788.02	1088.8	6.2668	0.84486	1.1181	650.97	-0.038863	5.4038e-05	0.079441	supercritical
1090.4	248.00	82.377	0.012139	788.87	1089.9	6.2678	0.84498	1.1182	651.23	-0.038911	5.4068e-05	0.079493	supercritical
1091.4	248.00	82.304	0.012150	789.72	1091.0	6.2688	0.84510	1.1183	651.48	-0.038958	5.4097e-05	0.079545	supercritical
1092.4	248.00	82.231	0.012161	790.57	1092.2	6.2698	0.84522	1.1184	651.74	-0.039006	5.4127e-05	0.079597	supercritical
1093.4	248.00	82.159	0.012172	791.42	1093.3	6.2709	0.84534	1.1185	651.99	-0.039053	5.4156e-05	0.079650	supercritical
1094.4	248.00	82.086	0.012182	792.28	1094.4	6.2719	0.84546	1.1186	652.25	-0.039100	5.4186e-05	0.079702	supercritical
1095.4	248.00	82.014	0.012193	793.13	1095.5	6.2729	0.84558	1.1187	652.51	-0.039147	5.4215e-05	0.079754	supercritical
1096.4	248.00	81.942	0.012204	793.98	1096.6	6.2739	0.84570	1.1188	652.76	-0.039194	5.4245e-05	0.079806	supercritical
1097.4	248.00	81.870	0.012214	794.83	1097.8	6.2750	0.84582	1.1189	653.02	-0.039241	5.4275e-05	0.079858	supercritical
1098.4	248.00	81.798	0.012225	795.69	1098.9	6.2760	0.84594	1.1189	653.27	-0.039288	5.4304e-05	0.079910	supercritical
1099.4	248.00	81.726	0.012236	796.54	1100.0	6.2770	0.84606	1.1190	653.53	-0.039335	5.4334e-05	0.079962	supercritical
1100.4	248.00	81.655	0.012247	797.39	1101.1	6.2780	0.84618	1.1191	653.78	-0.039382	5.4363e-05	0.080014	supercritical
1101.4	248.00	81.583	0.012257	798.25	1102.2	6.2790	0.84630	1.1192	654.04	-0.039428	5.4393e-05	0.080066	supercritical
1102.4	248.00	81.512	0.012268	799.10	1103.3	6.2800	0.84642	1.1193	654.29	-0.039475	5.4422e-05	0.080118	supercritical
1103.4	248.00	81.441	0.012279	799.95	1104.5	6.2811	0.84654	1.1194	654.55	-0.039521	5.4452e-05	0.080171	supercritical
1104.4	248.00	81.370	0.012290	800.81	1105.6	6.2821	0.84665	1.1195	654.80	-0.039567	5.4481e-05	0.080223	supercritical
1105.4	248.00	81.299	0.012300	801.66	1106.7	6.2831	0.84677	1.1196	655.06	-0.039613	5.4511e-05	0.080275	supercritical
1106.4	248.00	81.228	0.012311	802.51	1107.8	6.2841	0.84689	1.1197	655.31	-0.039659	5.4540e-05	0.080327	supercritical
1107.4	248.00	81.157	0.012322	803.37	1108.9	6.2851	0.84701	1.1198	655.57	-0.039705	5.4570e-05	0.080379	supercritical
1108.4	248.00	81.087	0.012333	804.22	1110.1	6.2861	0.84713	1.1199	655.82	-0.039751	5.4599e-05	0.080431	supercritical
1109.4	248.00	81.016	0.012343	805.08	1111.2	6.2871	0.84724	1.1200	656.07	-0.039797	5.4628e-05	0.080483	supercritical
1110.4	248.00	80.946	0.012354	805.93	1112.3	6.2881	0.84736	1.1200	656.33	-0.039843	5.4658e-05	0.080535	supercritical
1111.4	248.00	80.876	0.012365	806.78	1113.4	6.2891	0.84748	1.1201	656.58	-0.039888	5.4687e-05	0.080587	supercritical
1112.4	248.00	80.805	0.012375	807.64	1114.5	6.2902	0.84759	1.1202	656.84	-0.039934	5.4717e-05	0.080639	supercritical
1113.4	248.00	80.736	0.012386	808.49	1115.7	6.2912	0.84771	1.1203	657.09	-0.039979	5.4746e-05	0.080691	supercritical
1114.4	248.00	80.666	0.012397	809.35	1116.8	6.2922	0.84783	1.1204	657.34	-0.040024	5.4776e-05	0.080743	supercritical
1115.4	248.00	80.596	0.012408	810.20	1117.9	6.2932	0.84794	1.1205	657.60	-0.040070	5.4805e-05	0.080795	supercritical
1116.4	248.00	80.526	0.012418	811.06	1119.0	6.2942	0.84806	1.1206	657.85	-0.040115	5.4834e-05	0.080847	supercritical
1117.4	248.00	80.457	0.012429	811.91	1120.1	6.2952	0.84817	1.1207	658.10	-0.040160	5.4864e-05	0.080899	supercritical
1118.4	248.00	80.388	0.012440	812.77	1121.3	6.2962	0.84829	1.1208	658.36	-0.040204	5.4893e-05	0.080951	supercritical
1119.4	248.00	80.318	0.012450	813.62	1122.4	6.2972	0.84841	1.1209	658.61	-0.040249	5.4922e-05	0.081003	supercritical
1120.4	248.00	80.249	0.012461	814.48	1123.5	6.2982	0.84852	1.1209	658.86	-0.040294	5.4952e-05	0.081055	supercritical
1121.4	248.00	80.180	0.012472	815.33	1124.6	6.2992	0.84864	1.1210	659.12	-0.040339	5.4981e-05	0.081107	supercritical
1122.4	248.00	80.111	0.012483	816.19	1125.8	6.3002	0.84875	1.1211	659.37	-0.040383	5.5010e-05	0.081158	supercritical
1123.4	248.00	80.043	0.012493	817.04	1126.9	6.3012	0.84887	1.1212	659.62	-0.040427	5.5040e-05	0.081210	supercritical
1124.4	248.00	79.974	0.012504	817.90	1128.0	6.3022	0.84898	1.1213	659.87	-0.040472	5.5069e-05	0.081262	supercritical
1125.4	248.00	79.906	0.012515	818.75	1129.1	6.3032	0.84910	1.1214	660.13	-0.040516	5.5098e-05	0.081314	supercritical
1126.4	248.00	79.837	0.012525	819.61	1130.2	6.3042	0.84921	1.1215	660.38	-0.040560	5.5128e-05	0.081366	supercritical
1127.4	248.00	79.769	0.012536	820.46	1131.4	6.3052	0.84932	1.1216	660.63	-0.040604	5.5157e-05	0.081418	supercritical
1128.4	248.00	79.701	0.012547	821.32	1132.5	6.3062	0.84944	1.1217	660.88	-0.040648	5.5186e-05	0.081470	supercritical
1129.4	248.00	79.633	0.012558	822.18	1133.6	6.3072	0.84955	1.1217	661.14	-0.040692	5.5215e-05	0.081522	supercritical
1130.4	248.00	79.565	0.012568	823.03	1134.7	6.3081	0.84967	1.1218	661.39	-0.040736	5.5245e-05	0.081574	supercritical
1131.4	248.00	79.497	0.012579	823.89	1135.8	6.3091	0.84978	1.1219	661.64	-0.040779	5.5274e-05	0.081626	supercritical
1132.4	248.00	79.430	0.012590	824.74	1137.0	6.3101	0.84989	1.1220	661.89	-0.040823	5.5303e-05	0.081677	supercritical
1133.4	248.00	79.362	0.012600	825.60	1138.1	6.3111	0.85001	1.1221	662.14	-0.040866	5.5332e-05	0.081729	supercritical
1134.4	248.00	79.295	0.012611	826.46	1139.2	6.3121	0.85012	1.1222	662.39	-0.040910	5.5362e-05	0.081781	supercritical
1135.4	248.00	79.227	0.012622	827.31	1140.3	6.3131	0.85023	1.1223	662.65	-0.040953	5.5391e-05	0.081833	supercritical
1136.4	248.00	79.160	0.012633	828.17	1141.5	6.3141	0.85034	1.1224	662.90	-0.040996	5.5420e-05	0.081885	supercritical
1137.4	248.00	79.093	0.012643	829.03	1142.6	6.3151	0.85046	1.1225	663.15	-0.041039	5.5449e-05	0.081937	supercritical
1138.4	248.00	79.026	0.012654	829.88	1143.7	6.3161	0.85057	1.1225	663.40	-0.041082	5.5479e-05	0.081988	supercritical
1139.4	248.00	78.959	0.012665	830.74	1144.8	6.3170	0.85068	1.1226	663.65	-0.041125	5.5508e-05	0.082040	supercritical
1140.4	248.00	78.893	0.012675	831.60	1145.9	6.3180	0.85079	1.1227	663.90	-0.041168	5.5537e-05	0.082092	supercritical
1141.4	248.00	78.826	0.012686	832.45	1147.1	6.3190	0.85091	1.1228	664.15	-0.041211	5.5566e-05	0.082144	supercritical
1142.4	248.00	78.760	0.012697	833.31	1148.2	6.3200	0.85102	1.1229	664.40	-0.041254	5.5595e-05	0.082196	supercritical
1143.4	248.00	78.693	0.012708	834.17	1149.3	6.3210	0.85113	1.1230	664.65	-0.041296	5.5624e-05	0.082247	supercritical
1144.4	248.00	78.627	0.012718	835.03	1150.4	6.3220	0.85124	1.1231	664.90	-0.041339	5.5653e-05	0.082299	supercritical
1145.4	248.00	78.561	0.012729	835.88	1151.6	6.3229	0.85135	1.1232	665.15	-0.041381	5.5683e-05	0.082351	supercritical
1146.4	248.00	78.495	0.012740	836.74	1152.7	6.3239	0.85146	1.1232	665.41	-0.041423	5.5712e-05	0.082403	supercritical
1147.4	248.00	78.429	0.012750	837.60	1153.8	6.3249	0.85157	1.1233	665.66	-0.041466	5.5741e-05	0.082455	supercritical
1148.4	248.00	78.363	0.012761	838.46	1154.9	6.3259	0.85169	1.1234	665.91	-0.041508	5.5770e-05	0.082506	supercritical
1149.4	248.00	78.297	0.012772	839.32	1156.1	6.3269	0.85180	1.1235	666.16	-0.041550	5.5799e-05	0.082558	supercritical
1150.4	248.00	78.232	0.012783	840.17	1157.2	6.3278	0.85191	1.1236	666.41	-0.041592	5.5828e-05	0.082610	supercritical
1151.4	248.00	78.166	0.012793	841.03	1158.3	6.3288	0.85202	1.1237	666.66	-0.041634	5.5857e-05	0.082662	supercritical
1152.4	248.00	78.101	0.012804	841.89	1159.4	6.3298	0.85213	1.1238	666.90	-0.041675	5.5886e-05	0.082713	supercritical
1153.4	248.00	78.036	0.012815	842.75	1160.6	6.3308	0.85224	1.1239	667.15	-0.041717	5.5915e-05	0.082765	supercritical
1154.4	248.00	77.971	0.012825	843.61	1161.7	6.3317	0.85235	1.1239	667.40	-0.041759	5.5944e-05	0.082817	supercritical
1155.4	248.00	77.906	0.012836	844.47	1162.8	6.3327	0.85246	1.1240	667.65	-0.041800	5.5973e-05	0.082868	supercritical
1156.4	248.00	77.841	0.012847	845.32	1163.9	6.3337	0.85257	1.1241	667.90	-0.041842	5.6003e-05	0.082920	supercritical
1157.4	248.00	77.776	0.012857	846.18	1165.0	6.3347	0.85268	1.1242	668.15	-0.041883	5.6032e-05	0.082972	supercritical
1158.4	248.00	77.711	0.012868	847.04	1166.2	6.3356	0.85279	1.1243	668.40	-0.041924	5.6061e-05	0.083024	supercritical
1159.4	248.00	77.647	0.012879	847.90	1167.3	6.3366	0.85290	1.1244	668.65	-0.041966	5.6090e-05	0.083075	supercritical
1160.4	248.00	77.582	0.012890	848.76	1168.4	6.3376	0.85300	1.1245	668.90	-0.042007	5.6119e-05	0.083127	supercritical
1161.4	248.00	77.518	0.012900	849.62	1169.5	6.3385	0.85311	1.1246	669.15	-0.042048	5.6148e-05	0.083179	supercritical
1162.4	248.00	77.453	0.012911	850.48	1170.7	6.3395	0.85322	1.1246	669.40	-0.042089	5.6177e-05	0.083230	supercritical
1163.4	248.00	77.389	0.012922	851.34	1171.8	6.3405	0.85333	1.1247	669.64	-0.042129	5.6206e-05	0.083282	supercritical
1164.4	248.00	77.325	0.012932	852.20	1172.9	6.3414	0.85344	1.1248	669.89	-0.042170	5.6235e-05	0.083334	supercritical
1165.4	248.00	77.261	0.012943	853.06	1174.0	6.3424	0.85355	1.1249	670.14	-0.042211	5.6263e-05	0.083385	supercritical
1166.4	248.00	77.198	0.012954	853.92	1175.2	6.3434	0.85366	1.1250	670.39	-0.042251	5.6292e-05	0.083437	supercritical
1167.4	248.00	77.134	0.012964	854.78	1176.3	6.3443	0.85376	1.1251	670.64	-0.042292	5.6321e-05	0.083488	supercritical
1168.4	248.00	77.070	0.012975	855.63	1177.4	6.3453	0.85387	1.1252	670.89	-0.042332	5.6350e-05	0.083540	supercritical
1169.4	248.00	77.007	0.012986	856.49	1178.5	6.3463	0.85398	1.1252	671.13	-0.042373	5.6379e-05	0.083592	supercritical
1170.4	248.00	76.943	0.012997	857.35	1179.7	6.3472	0.85409	1.1253	671.38	-0.042413	5.6408e-05	0.083643	supercritical
1171.4	248.00	76.880	0.013007	858.21	1180.8	6.3482	0.85419	1.1254	671.63	-0.042453	5.6437e-05	0.083695	supercritical
1172.4	248.00	76.817	0.013018	859.08	1181.9	6.3491	0.85430	1.1255	671.88	-0.042493	5.6466e-05	0.083746	supercritical
1173.4	248.00	76.754	0.013029	859.94	1183.0	6.3501	0.85441	1.1256	672.12	-0.042533	5.6495e-05	0.083798	supercritical
1174.4	248.00	76.691	0.013039	860.80	1184.2	6.3511	0.85452	1.1257	672.37	-0.042573	5.6524e-05	0.083850	supercritical
1175.4	248.00	76.628	0.013050	861.66	1185.3	6.3520	0.85462	1.1257	672.62	-0.042613	5.6553e-05	0.083901	supercritical
1176.4	248.00	76.565	0.013061	862.52	1186.4	6.3530	0.85473	1.1258	672.87	-0.042653	5.6582e-05	0.083953	supercritical
1177.4	248.00	76.503	0.013071	863.38	1187.5	6.3539	0.85484	1.1259	673.11	-0.042693	5.6610e-05	0.084004	supercritical
1178.4	248.00	76.440	0.013082	864.24	1188.7	6.3549	0.85494	1.1260	673.36	-0.042732	5.6639e-05	0.084056	supercritical
1179.4	248.00	76.378	0.013093	865.10	1189.8	6.3558	0.85505	1.1261	673.61	-0.042772	5.6668e-05	0.084107	supercritical
1180.4	248.00	76.315	0.013104	865.96	1190.9	6.3568	0.85516	1.1262	673.86	-0.042811	5.6697e-05	0.084159	supercritical
1181.4	248.00	76.253	0.013114	866.82	1192.1	6.3578	0.85526	1.1263	674.10	-0.042851	5.6726e-05	0.084211	supercritical
1182.4	248.00	76.191	0.013125	867.68	1193.2	6.3587	0.85537	1.1263	674.35	-0.042890	5.6755e-05	0.084262	supercritical
1183.4	248.00	76.129	0.013136	868.54	1194.3	6.3597	0.85547	1.1264	674.60	-0.042929	5.6783e-05	0.084314	supercritical
1184.4	248.00	76.067	0.013146	869.40	1195.4	6.3606	0.85558	1.1265	674.84	-0.042968	5.6812e-05	0.084365	supercritical
1185.4	248.00	76.005	0.013157	870.27	1196.6	6.3616	0.85568	1.1266	675.09	-0.043007	5.6841e-05	0.084417	supercritical
1186.4	248.00	75.944	0.013168	871.13	1197.7	6.3625	0.85579	1.1267	675.33	-0.043046	5.6870e-05	0.084468	supercritical
1187.4	248.00	75.882	0.013178	871.99	1198.8	6.3635	0.85590	1.1268	675.58	-0.043085	5.6899e-05	0.084520	supercritical
1188.4	248.00	75.821	0.013189	872.85	1199.9	6.3644	0.85600	1.1268	675.83	-0.043124	5.6927e-05	0.084571	supercritical
1189.4	248.00	75.759	0.013200	873.71	1201.1	6.3654	0.85611	1.1269	676.07	-0.043163	5.6956e-05	0.084623	supercritical
1190.4	248.00	75.698	0.013210	874.57	1202.2	6.3663	0.85621	1.1270	676.32	-0.043201	5.6985e-05	0.084674	supercritical
1191.4	248.00	75.637	0.013221	875.44	1203.3	6.3672	0.85632	1.1271	676.56	-0.043240	5.7014e-05	0.084726	supercritical
1192.4	248.00	75.576	0.013232	876.30	1204.4	6.3682	0.85642	1.1272	676.81	-0.043278	5.7042e-05	0.084777	supercritical
1193.4	248.00	75.515	0.013242	877.16	1205.6	6.3691	0.85652	1.1273	677.06	-0.043317	5.7071e-05	0.084829	supercritical
1194.4	248.00	75.454	0.013253	878.02	1206.7	6.3701	0.85663	1.1274	677.30	-0.043355	5.7100e-05	0.084880	supercritical
1195.4	248.00	75.393	0.013264	878.89	1207.8	6.3710	0.85673	1.1274	677.55	-0.043393	5.7129e-05	0.084931	supercritical
1196.4	248.00	75.332	0.013275	879.75	1209.0	6.3720	0.85684	1.1275	677.79	-0.043432	5.7157e-05	0.084983	supercritical
1197.4	248.00	75.272	0.013285	880.61	1210.1	6.3729	0.85694	1.1276	678.04	-0.043470	5.7186e-05	0.085034	supercritical
1198.4	248.00	75.211	0.013296	881.47	1211.2	6.3739	0.85704	1.1277	678.28	-0.043508	5.7215e-05	0.085086	supercritical
1199.4	248.00	75.151	0.013307	882.34	1212.3	6.3748	0.85715	1.1278	678.53	-0.043546	5.7244e-05	0.085137	supercritical
1200.4	248.00	75.090	0.013317	883.20	1213.5	6.3757	0.85725	1.1279	678.77	-0.043584	5.7272e-05	0.085189	supercritical
1201.4	248.00	75.030	0.013328	884.06	1214.6	6.3767	0.85736	1.1279	679.02	-0.043621	5.7301e-05	0.085240	supercritical
1202.4	248.00	74.970	0.013339	884.92	1215.7	6.3776	0.85746	1.1280	679.26	-0.043659	5.7330e-05	0.085291	supercritical
1203.4	248.00	74.910	0.013349	885.79	1216.9	6.3785	0.85756	1.1281	679.51	-0.043697	5.7358e-05	0.085343	supercritical
1204.4	248.00	74.850	0.013360	886.65	1218.0	6.3795	0.85766	1.1282	679.75	-0.043734	5.7387e-05	0.085394	supercritical
1205.4	248.00	74.790	0.013371	887.51	1219.1	6.3804	0.85777	1.1283	680.00	-0.043772	5.7416e-05	0.085446	supercritical
1206.4	248.00	74.731	0.013381	888.38	1220.2	6.3814	0.85787	1.1283	680.24	-0.043809	5.7444e-05	0.085497	supercritical
1207.4	248.00	74.671	0.013392	889.24	1221.4	6.3823	0.85797	1.1284	680.48	-0.043847	5.7473e-05	0.085548	supercritical
1208.4	248.00	74.612	0.013403	890.10	1222.5	6.3832	0.85808	1.1285	680.73	-0.043884	5.7501e-05	0.085600	supercritical
1209.4	248.00	74.552	0.013413	890.97	1223.6	6.3842	0.85818	1.1286	680.97	-0.043921	5.7530e-05	0.085651	supercritical
1210.4	248.00	74.493	0.013424	891.83	1224.8	6.3851	0.85828	1.1287	681.22	-0.043958	5.7559e-05	0.085702	supercritical
1211.4	248.00	74.434	0.013435	892.70	1225.9	6.3860	0.85838	1.1288	681.46	-0.043995	5.7587e-05	0.085754	supercritical
1212.4	248.00	74.374	0.013445	893.56	1227.0	6.3870	0.85848	1.1288	681.70	-0.044032	5.7616e-05	0.085805	supercritical
1213.4	248.00	74.315	0.013456	894.42	1228.1	6.3879	0.85859	1.1289	681.95	-0.044069	5.7644e-05	0.085856	supercritical
1214.4	248.00	74.256	0.013467	895.29	1229.3	6.3888	0.85869	1.1290	682.19	-0.044106	5.7673e-05	0.085908	supercritical
1215.4	248.00	74.198	0.013478	896.15	1230.4	6.3897	0.85879	1.1291	682.43	-0.044143	5.7702e-05	0.085959	supercritical
1216.4	248.00	74.139	0.013488	897.02	1231.5	6.3907	0.85889	1.1292	682.68	-0.044180	5.7730e-05	0.086010	supercritical
1217.4	248.00	74.080	0.013499	897.88	1232.7	6.3916	0.85899	1.1293	682.92	-0.044216	5.7759e-05	0.086062	supercritical
1218.4	248.00	74.022	0.013510	898.75	1233.8	6.3925	0.85909	1.1293	683.16	-0.044253	5.7787e-05	0.086113	supercritical
1219.4	248.00	73.963	0.013520	899.61	1234.9	6.3935	0.85919	1.1294	683.41	-0.044289	5.7816e-05	0.086164	supercritical
1220.4	248.00	73.905	0.013531	900.47	1236.0	6.3944	0.85930	1.1295	683.65	-0.044326	5.7844e-05	0.086216	supercritical
1221.4	248.00	73.847	0.013542	901.34	1237.2	6.3953	0.85940	1.1296	683.89	-0.044362	5.7873e-05	0.086267	supercritical
1222.4	248.00	73.788	0.013552	902.20	1238.3	6.3962	0.85950	1.1297	684.14	-0.044398	5.7901e-05	0.086318	supercritical
1223.4	248.00	73.730	0.013563	903.07	1239.4	6.3972	0.85960	1.1297	684.38	-0.044434	5.7930e-05	0.086369	supercritical
1224.4	248.00	73.672	0.013574	903.93	1240.6	6.3981	0.85970	1.1298	684.62	-0.044470	5.7958e-05	0.086421	supercritical
1225.4	248.00	73.614	0.013584	904.80	1241.7	6.3990	0.85980	1.1299	684.86	-0.044507	5.7987e-05	0.086472	supercritical
1226.4	248.00	73.557	0.013595	905.66	1242.8	6.3999	0.85990	1.1300	685.11	-0.044542	5.8015e-05	0.086523	supercritical
1227.4	248.00	73.499	0.013606	906.53	1243.9	6.4008	0.86000	1.1301	685.35	-0.044578	5.8044e-05	0.086574	supercritical
1228.4	248.00	73.441	0.013616	907.39	1245.1	6.4018	0.86010	1.1301	685.59	-0.044614	5.8072e-05	0.086626	supercritical
1229.4	248.00	73.384	0.013627	908.26	1246.2	6.4027	0.86020	1.1302	685.83	-0.044650	5.8101e-05	0.086677	supercritical
1230.4	248.00	73.326	0.013638	909.13	1247.3	6.4036	0.86030	1.1303	686.08	-0.044686	5.8129e-05	0.086728	supercritical
1231.4	248.00	73.269	0.013648	909.99	1248.5	6.4045	0.86040	1.1304	686.32	-0.044721	5.8158e-05	0.086779	supercritical
1232.4	248.00	73.212	0.013659	910.86	1249.6	6.4054	0.86050	1.1305	686.56	-0.044757	5.8186e-05	0.086830	supercritical
1233.4	248.00	73.155	0.013670	911.72	1250.7	6.4064	0.86060	1.1306	686.80	-0.044792	5.8214e-05	0.086882	supercritical
1234.4	248.00	73.098	0.013680	912.59	1251.9	6.4073	0.86070	1.1306	687.04	-0.044828	5.8243e-05	0.086933	supercritical
1235.4	248.00	73.041	0.013691	913.45	1253.0	6.4082	0.86080	1.1307	687.28	-0.044863	5.8271e-05	0.086984	supercritical
1236.4	248.00	72.984	0.013702	914.32	1254.1	6.4091	0.86090	1.1308	687.53	-0.044898	5.8300e-05	0.087035	supercritical
1237.4	248.00	72.927	0.013712	915.19	1255.3	6.4100	0.86100	1.1309	687.77	-0.044934	5.8328e-05	0.087086	supercritical
1238.4	248.00	72.870	0.013723	916.05	1256.4	6.4109	0.86109	1.1310	688.01	-0.044969	5.8357e-05	0.087138	supercritical
1239.4	248.00	72.814	0.013734	916.92	1257.5	6.4118	0.86119	1.1310	688.25	-0.045004	5.8385e-05	0.087189	supercritical
1240.4	248.00	72.757	0.013744	917.79	1258.6	6.4128	0.86129	1.1311	688.49	-0.045039	5.8413e-05	0.087240	supercritical
1241.4	248.00	72.701	0.013755	918.65	1259.8	6.4137	0.86139	1.1312	688.73	-0.045074	5.8442e-05	0.087291	supercritical
1242.4	248.00	72.644	0.013766	919.52	1260.9	6.4146	0.86149	1.1313	688.97	-0.045108	5.8470e-05	0.087342	supercritical
1243.4	248.00	72.588	0.013776	920.39	1262.0	6.4155	0.86159	1.1314	689.21	-0.045143	5.8498e-05	0.087393	supercritical
1244.4	248.00	72.532	0.013787	921.25	1263.2	6.4164	0.86169	1.1314	689.45	-0.045178	5.8527e-05	0.087445	supercritical
1245.4	248.00	72.476	0.013798	922.12	1264.3	6.4173	0.86178	1.1315	689.70	-0.045213	5.8555e-05	0.087496	supercritical
1246.4	248.00	72.420	0.013808	922.99	1265.4	6.4182	0.86188	1.1316	689.94	-0.045247	5.8583e-05	0.087547	supercritical
1247.4	248.00	72.364	0.013819	923.85	1266.6	6.4191	0.86198	1.1317	690.18	-0.045282	5.8612e-05	0.087598	supercritical
1248.4	248.00	72.308	0.013830	924.72	1267.7	6.4200	0.86208	1.1318	690.42	-0.045316	5.8640e-05	0.087649	supercritical
1249.4	248.00	72.252	0.013840	925.59	1268.8	6.4209	0.86217	1.1318	690.66	-0.045351	5.8668e-05	0.087700	supercritical
1250.4	248.00	72.197	0.013851	926.46	1270.0	6.4218	0.86227	1.1319	690.90	-0.045385	5.8697e-05	0.087751	supercritical
1251.4	248.00	72.141	0.013862	927.32	1271.1	6.4227	0.86237	1.1320	691.14	-0.045419	5.8725e-05	0.087802	supercritical
1252.4	248.00	72.086	0.013872	928.19	1272.2	6.4237	0.86247	1.1321	691.38	-0.045453	5.8753e-05	0.087853	supercritical
1253.4	248.00	72.030	0.013883	929.06	1273.4	6.4246	0.86256	1.1322	691.62	-0.045487	5.8782e-05	0.087904	supercritical
1254.4	248.00	71.975	0.013894	929.93	1274.5	6.4255	0.86266	1.1322	691.86	-0.045522	5.8810e-05	0.087956	supercritical
1255.4	248.00	71.920	0.013904	930.79	1275.6	6.4264	0.86276	1.1323	692.10	-0.045555	5.8838e-05	0.088007	supercritical
1256.4	248.00	71.865	0.013915	931.66	1276.8	6.4273	0.86286	1.1324	692.34	-0.045589	5.8866e-05	0.088058	supercritical
1257.4	248.00	71.810	0.013926	932.53	1277.9	6.4282	0.86295	1.1325	692.58	-0.045623	5.8895e-05	0.088109	supercritical
1258.4	248.00	71.755	0.013936	933.40	1279.0	6.4291	0.86305	1.1326	692.82	-0.045657	5.8923e-05	0.088160	supercritical
1259.4	248.00	71.700	0.013947	934.27	1280.2	6.4300	0.86315	1.1326	693.06	-0.045691	5.8951e-05	0.088211	supercritical
1260.4	248.00	71.645	0.013958	935.13	1281.3	6.4309	0.86324	1.1327	693.29	-0.045724	5.8979e-05	0.088262	supercritical
1261.4	248.00	71.590	0.013968	936.00	1282.4	6.4318	0.86334	1.1328	693.53	-0.045758	5.9008e-05	0.088313	supercritical
1262.4	248.00	71.536	0.013979	936.87	1283.6	6.4327	0.86343	1.1329	693.77	-0.045792	5.9036e-05	0.088364	supercritical
1263.4	248.00	71.481	0.013990	937.74	1284.7	6.4336	0.86353	1.1329	694.01	-0.045825	5.9064e-05	0.088415	supercritical
1264.4	248.00	71.427	0.014000	938.61	1285.8	6.4345	0.86363	1.1330	694.25	-0.045858	5.9092e-05	0.088466	supercritical
1265.4	248.00	71.372	0.014011	939.48	1286.9	6.4353	0.86372	1.1331	694.49	-0.045892	5.9120e-05	0.088517	supercritical
1266.4	248.00	71.318	0.014022	940.35	1288.1	6.4362	0.86382	1.1332	694.73	-0.045925	5.9149e-05	0.088568	supercritical
1267.4	248.00	71.264	0.014032	941.21	1289.2	6.4371	0.86391	1.1333	694.97	-0.045958	5.9177e-05	0.088619	supercritical
1268.4	248.00	71.210	0.014043	942.08	1290.3	6.4380	0.86401	1.1333	695.21	-0.045991	5.9205e-05	0.088670	supercritical
1269.4	248.00	71.156	0.014054	942.95	1291.5	6.4389	0.86411	1.1334	695.44	-0.046024	5.9233e-05	0.088721	supercritical
1270.4	248.00	71.102	0.014064	943.82	1292.6	6.4398	0.86420	1.1335	695.68	-0.046057	5.9261e-05	0.088772	supercritical
1271.4	248.00	71.048	0.014075	944.69	1293.8	6.4407	0.86430	1.1336	695.92	-0.046090	5.9289e-05	0.088823	supercritical
1272.4	248.00	70.994	0.014086	945.56	1294.9	6.4416	0.86439	1.1337	696.16	-0.046123	5.9318e-05	0.088874	supercritical
1273.4	248.00	70.941	0.014096	946.43	1296.0	6.4425	0.86449	1.1337	696.40	-0.046156	5.9346e-05	0.088925	supercritical
1274.4	248.00	70.887	0.014107	947.30	1297.2	6.4434	0.86458	1.1338	696.64	-0.046189	5.9374e-05	0.088976	supercritical
1275.4	248.00	70.833	0.014118	948.17	1298.3	6.4443	0.86468	1.1339	696.87	-0.046222	5.9402e-05	0.089027	supercritical
1276.4	248.00	70.780	0.014128	949.04	1299.4	6.4452	0.86477	1.1340	697.11	-0.046254	5.9430e-05	0.089078	supercritical
1277.4	248.00	70.727	0.014139	949.91	1300.6	6.4460	0.86487	1.1340	697.35	-0.046287	5.9458e-05	0.089129	supercritical
1278.4	248.00	70.673	0.014150	950.78	1301.7	6.4469	0.86496	1.1341	697.59	-0.046319	5.9486e-05	0.089179	supercritical
1279.4	248.00	70.620	0.014160	951.65	1302.8	6.4478	0.86506	1.1342	697.82	-0.046352	5.9514e-05	0.089230	supercritical
1280.4	248.00	70.567	0.014171	952.52	1304.0	6.4487	0.86515	1.1343	698.06	-0.046384	5.9543e-05	0.089281	supercritical
1281.4	248.00	70.514	0.014182	953.39	1305.1	6.4496	0.86525	1.1344	698.30	-0.046416	5.9571e-05	0.089332	supercritical
1282.4	248.00	70.461	0.014192	954.26	1306.2	6.4505	0.86534	1.1344	698.54	-0.046449	5.9599e-05	0.089383	supercritical
1283.4	248.00	70.408	0.014203	955.13	1307.4	6.4514	0.86543	1.1345	698.77	-0.046481	5.9627e-05	0.089434	supercritical
1284.4	248.00	70.355	0.014214	956.00	1308.5	6.4522	0.86553	1.1346	699.01	-0.046513	5.9655e-05	0.089485	supercritical
1285.4	248.00	70.303	0.014224	956.87	1309.6	6.4531	0.86562	1.1347	699.25	-0.046545	5.9683e-05	0.089536	supercritical
1286.4	248.00	70.250	0.014235	957.74	1310.8	6.4540	0.86572	1.1347	699.48	-0.046577	5.9711e-05	0.089587	supercritical
1287.4	248.00	70.198	0.014246	958.61	1311.9	6.4549	0.86581	1.1348	699.72	-0.046609	5.9739e-05	0.089638	supercritical
1288.4	248.00	70.145	0.014256	959.48	1313.0	6.4558	0.86590	1.1349	699.96	-0.046641	5.9767e-05	0.089688	supercritical
1289.4	248.00	70.093	0.014267	960.35	1314.2	6.4567	0.86600	1.1350	700.19	-0.046673	5.9795e-05	0.089739	supercritical
1290.4	248.00	70.040	0.014277	961.22	1315.3	6.4575	0.86609	1.1351	700.43	-0.046705	5.9823e-05	0.089790	supercritical
1291.4	248.00	69.988	0.014288	962.09	1316.4	6.4584	0.86618	1.1351	700.67	-0.046736	5.9851e-05	0.089841	supercritical
1292.4	248.00	69.936	0.014299	962.96	1317.6	6.4593	0.86628	1.1352	700.90	-0.046768	5.9879e-05	0.089892	supercritical
1293.4	248.00	69.884	0.014309	963.83	1318.7	6.4602	0.86637	1.1353	701.14	-0.046799	5.9907e-05	0.089943	supercritical
1294.4	248.00	69.832	0.014320	964.70	1319.8	6.4611	0.86646	1.1354	701.38	-0.046831	5.9935e-05	0.089994	supercritical
1295.4	248.00	69.780	0.014331	965.58	1321.0	6.4619	0.86656	1.1354	701.61	-0.046862	5.9963e-05	0.090044	supercritical
1296.4	248.00	69.728	0.014341	966.45	1322.1	6.4628	0.86665	1.1355	701.85	-0.046894	5.9991e-05	0.090095	supercritical
1297.4	248.00	69.676	0.014352	967.32	1323.2	6.4637	0.86674	1.1356	702.09	-0.046925	6.0019e-05	0.090146	supercritical
1298.4	248.00	69.625	0.014363	968.19	1324.4	6.4646	0.86684	1.1357	702.32	-0.046957	6.0047e-05	0.090197	supercritical
1299.4	248.00	69.573	0.014373	969.06	1325.5	6.4654	0.86693	1.1358	702.56	-0.046988	6.0075e-05	0.090248	supercritical
1300.4	248.00	69.522	0.014384	969.93	1326.7	6.4663	0.86702	1.1358	702.79	-0.047019	6.0103e-05	0.090298	supercritical
1301.4	248.00	69.470	0.014395	970.81	1327.8	6.4672	0.86711	1.1359	703.03	-0.047050	6.0131e-05	0.090349	supercritical
1302.4	248.00	69.419	0.014405	971.68	1328.9	6.4680	0.86721	1.1360	703.26	-0.047081	6.0159e-05	0.090400	supercritical
1303.4	248.00	69.368	0.014416	972.55	1330.1	6.4689	0.86730	1.1361	703.50	-0.047112	6.0187e-05	0.090451	supercritical
1304.4	248.00	69.316	0.014427	973.42	1331.2	6.4698	0.86739	1.1361	703.73	-0.047143	6.0215e-05	0.090502	supercritical
1305.4	248.00	69.265	0.014437	974.29	1332.3	6.4707	0.86748	1.1362	703.97	-0.047174	6.0243e-05	0.090552	supercritical
1306.4	248.00	69.214	0.014448	975.16	1333.5	6.4715	0.86757	1.1363	704.21	-0.047205	6.0271e-05	0.090603	supercritical
1307.4	248.00	69.163	0.014459	976.04	1334.6	6.4724	0.86767	1.1364	704.44	-0.047235	6.0298e-05	0.090654	supercritical
1308.4	248.00	69.112	0.014469	976.91	1335.7	6.4733	0.86776	1.1364	704.68	-0.047266	6.0326e-05	0.090705	supercritical
1309.4	248.00	69.061	0.014480	977.78	1336.9	6.4741	0.86785	1.1365	704.91	-0.047297	6.0354e-05	0.090755	supercritical
1310.4	248.00	69.011	0.014490	978.65	1338.0	6.4750	0.86794	1.1366	705.15	-0.047327	6.0382e-05	0.090806	supercritical
1311.4	248.00	68.960	0.014501	979.53	1339.2	6.4759	0.86803	1.1367	705.38	-0.047358	6.0410e-05	0.090857	supercritical
1312.4	248.00	68.909	0.014512	980.40	1340.3	6.4767	0.86812	1.1367	705.62	-0.047388	6.0438e-05	0.090908	supercritical
1313.4	248.00	68.859	0.014522	981.27	1341.4	6.4776	0.86822	1.1368	705.85	-0.047419	6.0466e-05	0.090958	supercritical
1314.4	248.00	68.809	0.014533	982.15	1342.6	6.4785	0.86831	1.1369	706.08	-0.047449	6.0494e-05	0.091009	supercritical
1315.4	248.00	68.758	0.014544	983.02	1343.7	6.4793	0.86840	1.1370	706.32	-0.047479	6.0521e-05	0.091060	supercritical
1316.4	248.00	68.708	0.014554	983.89	1344.8	6.4802	0.86849	1.1371	706.55	-0.047510	6.0549e-05	0.091110	supercritical
1317.4	248.00	68.658	0.014565	984.76	1346.0	6.4811	0.86858	1.1371	706.79	-0.047540	6.0577e-05	0.091161	supercritical
1318.4	248.00	68.607	0.014576	985.64	1347.1	6.4819	0.86867	1.1372	707.02	-0.047570	6.0605e-05	0.091212	supercritical
1319.4	248.00	68.557	0.014586	986.51	1348.3	6.4828	0.86876	1.1373	707.26	-0.047600	6.0633e-05	0.091262	supercritical
1320.4	248.00	68.507	0.014597	987.38	1349.4	6.4837	0.86885	1.1374	707.49	-0.047630	6.0661e-05	0.091313	supercritical
1321.4	248.00	68.457	0.014608	988.26	1350.5	6.4845	0.86894	1.1374	707.72	-0.047660	6.0688e-05	0.091364	supercritical
1322.4	248.00	68.408	0.014618	989.13	1351.7	6.4854	0.86904	1.1375	707.96	-0.047690	6.0716e-05	0.091415	supercritical
1323.4	248.00	68.358	0.014629	990.00	1352.8	6.4862	0.86913	1.1376	708.19	-0.047720	6.0744e-05	0.091465	supercritical
1324.4	248.00	68.308	0.014640	990.88	1353.9	6.4871	0.86922	1.1377	708.42	-0.047750	6.0772e-05	0.091516	supercritical
1325.4	248.00	68.259	0.014650	991.75	1355.1	6.4880	0.86931	1.1377	708.66	-0.047779	6.0800e-05	0.091566	supercritical
1326.4	248.00	68.209	0.014661	992.63	1356.2	6.4888	0.86940	1.1378	708.89	-0.047809	6.0827e-05	0.091617	supercritical
1327.4	248.00	68.160	0.014671	993.50	1357.4	6.4897	0.86949	1.1379	709.13	-0.047839	6.0855e-05	0.091668	supercritical
1328.4	248.00	68.110	0.014682	994.37	1358.5	6.4905	0.86958	1.1380	709.36	-0.047868	6.0883e-05	0.091718	supercritical
1329.4	248.00	68.061	0.014693	995.25	1359.6	6.4914	0.86967	1.1380	709.59	-0.047898	6.0911e-05	0.091769	supercritical
1330.4	248.00	68.011	0.014703	996.12	1360.8	6.4922	0.86976	1.1381	709.82	-0.047927	6.0938e-05	0.091820	supercritical
1331.4	248.00	67.962	0.014714	997.00	1361.9	6.4931	0.86985	1.1382	710.06	-0.047957	6.0966e-05	0.091870	supercritical
1332.4	248.00	67.913	0.014725	997.87	1363.0	6.4939	0.86994	1.1383	710.29	-0.047986	6.0994e-05	0.091921	supercritical
1333.4	248.00	67.864	0.014735	998.74	1364.2	6.4948	0.87003	1.1383	710.52	-0.048015	6.1022e-05	0.091972	supercritical
1334.4	248.00	67.815	0.014746	999.62	1365.3	6.4957	0.87012	1.1384	710.76	-0.048045	6.1049e-05	0.092022	supercritical
1335.4	248.00	67.766	0.014757	1000.5	1366.5	6.4965	0.87021	1.1385	710.99	-0.048074	6.1077e-05	0.092073	supercritical
1336.4	248.00	67.717	0.014767	1001.4	1367.6	6.4974	0.87030	1.1386	711.22	-0.048103	6.1105e-05	0.092123	supercritical
1337.4	248.00	67.669	0.014778	1002.2	1368.7	6.4982	0.87039	1.1386	711.45	-0.048132	6.1133e-05	0.092174	supercritical
1338.4	248.00	67.620	0.014789	1003.1	1369.9	6.4991	0.87047	1.1387	711.69	-0.048161	6.1160e-05	0.092224	supercritical
1339.4	248.00	67.571	0.014799	1004.0	1371.0	6.4999	0.87056	1.1388	711.92	-0.048190	6.1188e-05	0.092275	supercritical
1340.4	248.00	67.523	0.014810	1004.9	1372.2	6.5008	0.87065	1.1389	712.15	-0.048219	6.1216e-05	0.092326	supercritical
1341.4	248.00	67.474	0.014820	1005.7	1373.3	6.5016	0.87074	1.1389	712.38	-0.048248	6.1243e-05	0.092376	supercritical
1342.4	248.00	67.426	0.014831	1006.6	1374.4	6.5025	0.87083	1.1390	712.62	-0.048277	6.1271e-05	0.092427	supercritical
1343.4	248.00	67.378	0.014842	1007.5	1375.6	6.5033	0.87092	1.1391	712.85	-0.048305	6.1299e-05	0.092477	supercritical
1344.4	248.00	67.329	0.014852	1008.4	1376.7	6.5042	0.87101	1.1392	713.08	-0.048334	6.1326e-05	0.092528	supercritical
1345.4	248.00	67.281	0.014863	1009.2	1377.8	6.5050	0.87110	1.1392	713.31	-0.048363	6.1354e-05	0.092578	supercritical
1346.4	248.00	67.233	0.014874	1010.1	1379.0	6.5058	0.87119	1.1393	713.54	-0.048391	6.1382e-05	0.092629	supercritical
1347.4	248.00	67.185	0.014884	1011.0	1380.1	6.5067	0.87128	1.1394	713.78	-0.048420	6.1409e-05	0.092679	supercritical
1348.4	248.00	67.137	0.014895	1011.9	1381.3	6.5075	0.87136	1.1395	714.01	-0.048448	6.1437e-05	0.092730	supercritical
1349.4	248.00	67.089	0.014906	1012.7	1382.4	6.5084	0.87145	1.1395	714.24	-0.048477	6.1465e-05	0.092780	supercritical
1350.4	248.00	67.041	0.014916	1013.6	1383.5	6.5092	0.87154	1.1396	714.47	-0.048505	6.1492e-05	0.092831	supercritical
1351.4	248.00	66.993	0.014927	1014.5	1384.7	6.5101	0.87163	1.1397	714.70	-0.048533	6.1520e-05	0.092881	supercritical
1352.4	248.00	66.946	0.014937	1015.4	1385.8	6.5109	0.87172	1.1398	714.93	-0.048562	6.1547e-05	0.092932	supercritical
1353.4	248.00	66.898	0.014948	1016.2	1387.0	6.5118	0.87181	1.1398	715.16	-0.048590	6.1575e-05	0.092982	supercritical
1354.4	248.00	66.851	0.014959	1017.1	1388.1	6.5126	0.87189	1.1399	715.40	-0.048618	6.1603e-05	0.093033	supercritical
1355.4	248.00	66.803	0.014969	1018.0	1389.2	6.5134	0.87198	1.1400	715.63	-0.048646	6.1630e-05	0.093083	supercritical
1356.4	248.00	66.756	0.014980	1018.9	1390.4	6.5143	0.87207	1.1401	715.86	-0.048674	6.1658e-05	0.093134	supercritical
1357.4	248.00	66.708	0.014991	1019.8	1391.5	6.5151	0.87216	1.1401	716.09	-0.048702	6.1685e-05	0.093184	supercritical
1358.4	248.00	66.661	0.015001	1020.6	1392.7	6.5160	0.87225	1.1402	716.32	-0.048730	6.1713e-05	0.093235	supercritical
1359.4	248.00	66.614	0.015012	1021.5	1393.8	6.5168	0.87233	1.1403	716.55	-0.048758	6.1740e-05	0.093285	supercritical
1360.4	248.00	66.567	0.015023	1022.4	1394.9	6.5176	0.87242	1.1404	716.78	-0.048786	6.1768e-05	0.093336	supercritical
1361.4	248.00	66.520	0.015033	1023.3	1396.1	6.5185	0.87251	1.1404	717.01	-0.048814	6.1796e-05	0.093386	supercritical
1362.4	248.00	66.473	0.015044	1024.1	1397.2	6.5193	0.87260	1.1405	717.24	-0.048842	6.1823e-05	0.093437	supercritical
1363.4	248.00	66.426	0.015054	1025.0	1398.4	6.5202	0.87268	1.1406	717.47	-0.048869	6.1851e-05	0.093487	supercritical
1364.4	248.00	66.379	0.015065	1025.9	1399.5	6.5210	0.87277	1.1407	717.70	-0.048897	6.1878e-05	0.093538	supercritical
1365.4	248.00	66.332	0.015076	1026.8	1400.6	6.5218	0.87286	1.1407	717.93	-0.048925	6.1906e-05	0.093588	supercritical
1366.4	248.00	66.285	0.015086	1027.6	1401.8	6.5227	0.87295	1.1408	718.16	-0.048952	6.1933e-05	0.093638	supercritical
1367.4	248.00	66.238	0.015097	1028.5	1402.9	6.5235	0.87303	1.1409	718.39	-0.048980	6.1961e-05	0.093689	supercritical
1368.4	248.00	66.192	0.015108	1029.4	1404.1	6.5243	0.87312	1.1409	718.62	-0.049007	6.1988e-05	0.093739	supercritical
1369.4	248.00	66.145	0.015118	1030.3	1405.2	6.5252	0.87321	1.1410	718.85	-0.049035	6.2016e-05	0.093790	supercritical
1370.4	248.00	66.099	0.015129	1031.2	1406.4	6.5260	0.87329	1.1411	719.08	-0.049062	6.2043e-05	0.093840	supercritical
1371.4	248.00	66.052	0.015139	1032.0	1407.5	6.5268	0.87338	1.1412	719.31	-0.049089	6.2071e-05	0.093890	supercritical
1372.4	248.00	66.006	0.015150	1032.9	1408.6	6.5277	0.87347	1.1412	719.54	-0.049117	6.2098e-05	0.093941	supercritical
1373.4	248.00	65.960	0.015161	1033.8	1409.8	6.5285	0.87356	1.1413	719.77	-0.049144	6.2126e-05	0.093991	supercritical
1374.4	248.00	65.914	0.015171	1034.7	1410.9	6.5293	0.87364	1.1414	720.00	-0.049171	6.2153e-05	0.094042	supercritical
1375.4	248.00	65.867	0.015182	1035.5	1412.1	6.5302	0.87373	1.1415	720.23	-0.049198	6.2181e-05	0.094092	supercritical
1376.4	248.00	65.821	0.015193	1036.4	1413.2	6.5310	0.87382	1.1415	720.46	-0.049225	6.2208e-05	0.094142	supercritical
1377.4	248.00	65.775	0.015203	1037.3	1414.3	6.5318	0.87390	1.1416	720.69	-0.049252	6.2236e-05	0.094193	supercritical
1378.4	248.00	65.729	0.015214	1038.2	1415.5	6.5326	0.87399	1.1417	720.92	-0.049279	6.2263e-05	0.094243	supercritical
1379.4	248.00	65.683	0.015225	1039.1	1416.6	6.5335	0.87407	1.1418	721.15	-0.049306	6.2291e-05	0.094293	supercritical
1380.4	248.00	65.638	0.015235	1039.9	1417.8	6.5343	0.87416	1.1418	721.38	-0.049333	6.2318e-05	0.094344	supercritical
1381.4	248.00	65.592	0.015246	1040.8	1418.9	6.5351	0.87425	1.1419	721.61	-0.049360	6.2345e-05	0.094394	supercritical
1382.4	248.00	65.546	0.015256	1041.7	1420.0	6.5359	0.87433	1.1420	721.83	-0.049386	6.2373e-05	0.094444	supercritical
1383.4	248.00	65.501	0.015267	1042.6	1421.2	6.5368	0.87442	1.1420	722.06	-0.049413	6.2400e-05	0.094495	supercritical
1384.4	248.00	65.455	0.015278	1043.4	1422.3	6.5376	0.87451	1.1421	722.29	-0.049440	6.2428e-05	0.094545	supercritical
1385.4	248.00	65.409	0.015288	1044.3	1423.5	6.5384	0.87459	1.1422	722.52	-0.049466	6.2455e-05	0.094595	supercritical
1386.4	248.00	65.364	0.015299	1045.2	1424.6	6.5392	0.87468	1.1423	722.75	-0.049493	6.2482e-05	0.094646	supercritical
1387.4	248.00	65.319	0.015310	1046.1	1425.8	6.5401	0.87476	1.1423	722.98	-0.049519	6.2510e-05	0.094696	supercritical
1388.4	248.00	65.273	0.015320	1047.0	1426.9	6.5409	0.87485	1.1424	723.21	-0.049546	6.2537e-05	0.094746	supercritical
1389.4	248.00	65.228	0.015331	1047.8	1428.0	6.5417	0.87493	1.1425	723.43	-0.049572	6.2565e-05	0.094797	supercritical
1390.4	248.00	65.183	0.015341	1048.7	1429.2	6.5425	0.87502	1.1426	723.66	-0.049599	6.2592e-05	0.094847	supercritical
1391.4	248.00	65.138	0.015352	1049.6	1430.3	6.5434	0.87511	1.1426	723.89	-0.049625	6.2619e-05	0.094897	supercritical
1392.4	248.00	65.093	0.015363	1050.5	1431.5	6.5442	0.87519	1.1427	724.12	-0.049651	6.2647e-05	0.094947	supercritical
1393.4	248.00	65.048	0.015373	1051.4	1432.6	6.5450	0.87528	1.1428	724.35	-0.049678	6.2674e-05	0.094998	supercritical
1394.4	248.00	65.003	0.015384	1052.2	1433.8	6.5458	0.87536	1.1429	724.57	-0.049704	6.2701e-05	0.095048	supercritical
1395.4	248.00	64.958	0.015395	1053.1	1434.9	6.5466	0.87545	1.1429	724.80	-0.049730	6.2729e-05	0.095098	supercritical
1396.4	248.00	64.913	0.015405	1054.0	1436.0	6.5475	0.87553	1.1430	725.03	-0.049756	6.2756e-05	0.095149	supercritical
1397.4	248.00	64.868	0.015416	1054.9	1437.2	6.5483	0.87562	1.1431	725.26	-0.049782	6.2783e-05	0.095199	supercritical
1398.4	248.00	64.824	0.015426	1055.8	1438.3	6.5491	0.87570	1.1431	725.49	-0.049808	6.2811e-05	0.095249	supercritical
1399.4	248.00	64.779	0.015437	1056.6	1439.5	6.5499	0.87579	1.1432	725.71	-0.049834	6.2838e-05	0.095299	supercritical
1400.4	248.00	64.735	0.015448	1057.5	1440.6	6.5507	0.87587	1.1433	725.94	-0.049860	6.2865e-05	0.095350	supercritical
1401.4	248.00	64.690	0.015458	1058.4	1441.8	6.5515	0.87596	1.1434	726.17	-0.049886	6.2893e-05	0.095400	supercritical
1402.4	248.00	64.646	0.015469	1059.3	1442.9	6.5524	0.87604	1.1434	726.39	-0.049912	6.2920e-05	0.095450	supercritical
1403.4	248.00	64.601	0.015480	1060.2	1444.0	6.5532	0.87613	1.1435	726.62	-0.049937	6.2947e-05	0.095500	supercritical
1404.4	248.00	64.557	0.015490	1061.0	1445.2	6.5540	0.87621	1.1436	726.85	-0.049963	6.2975e-05	0.095550	supercritical
1405.4	248.00	64.513	0.015501	1061.9	1446.3	6.5548	0.87630	1.1437	727.08	-0.049989	6.3002e-05	0.095601	supercritical
1406.4	248.00	64.469	0.015511	1062.8	1447.5	6.5556	0.87638	1.1437	727.30	-0.050014	6.3029e-05	0.095651	supercritical
1407.4	248.00	64.424	0.015522	1063.7	1448.6	6.5564	0.87647	1.1438	727.53	-0.050040	6.3056e-05	0.095701	supercritical
1408.4	248.00	64.380	0.015533	1064.6	1449.8	6.5572	0.87655	1.1439	727.76	-0.050065	6.3084e-05	0.095751	supercritical
1409.4	248.00	64.336	0.015543	1065.4	1450.9	6.5581	0.87664	1.1439	727.98	-0.050091	6.3111e-05	0.095801	supercritical
1410.4	248.00	64.292	0.015554	1066.3	1452.1	6.5589	0.87672	1.1440	728.21	-0.050116	6.3138e-05	0.095852	supercritical
1411.4	248.00	64.249	0.015565	1067.2	1453.2	6.5597	0.87680	1.1441	728.44	-0.050142	6.3166e-05	0.095902	supercritical
1412.4	248.00	64.205	0.015575	1068.1	1454.3	6.5605	0.87689	1.1442	728.66	-0.050167	6.3193e-05	0.095952	supercritical
1413.4	248.00	64.161	0.015586	1069.0	1455.5	6.5613	0.87697	1.1442	728.89	-0.050192	6.3220e-05	0.096002	supercritical
1414.4	248.00	64.117	0.015596	1069.8	1456.6	6.5621	0.87706	1.1443	729.12	-0.050218	6.3247e-05	0.096052	supercritical
1415.4	248.00	64.074	0.015607	1070.7	1457.8	6.5629	0.87714	1.1444	729.34	-0.050243	6.3274e-05	0.096102	supercritical
1416.4	248.00	64.030	0.015618	1071.6	1458.9	6.5637	0.87723	1.1444	729.57	-0.050268	6.3302e-05	0.096153	supercritical
1417.4	248.00	63.987	0.015628	1072.5	1460.1	6.5645	0.87731	1.1445	729.79	-0.050293	6.3329e-05	0.096203	supercritical
1418.4	248.00	63.943	0.015639	1073.4	1461.2	6.5653	0.87739	1.1446	730.02	-0.050318	6.3356e-05	0.096253	supercritical
1419.4	248.00	63.900	0.015650	1074.2	1462.4	6.5661	0.87748	1.1447	730.25	-0.050343	6.3383e-05	0.096303	supercritical
1420.4	248.00	63.856	0.015660	1075.1	1463.5	6.5670	0.87756	1.1447	730.47	-0.050368	6.3411e-05	0.096353	supercritical
1421.4	248.00	63.813	0.015671	1076.0	1464.6	6.5678	0.87764	1.1448	730.70	-0.050393	6.3438e-05	0.096403	supercritical
1422.4	248.00	63.770	0.015681	1076.9	1465.8	6.5686	0.87773	1.1449	730.92	-0.050418	6.3465e-05	0.096453	supercritical
1423.4	248.00	63.727	0.015692	1077.8	1466.9	6.5694	0.87781	1.1450	731.15	-0.050443	6.3492e-05	0.096504	supercritical
1424.4	248.00	63.684	0.015703	1078.7	1468.1	6.5702	0.87790	1.1450	731.37	-0.050468	6.3519e-05	0.096554	supercritical
1425.4	248.00	63.641	0.015713	1079.5	1469.2	6.5710	0.87798	1.1451	731.60	-0.050492	6.3546e-05	0.096604	supercritical
1426.4	248.00	63.598	0.015724	1080.4	1470.4	6.5718	0.87806	1.1452	731.83	-0.050517	6.3574e-05	0.096654	supercritical
1427.4	248.00	63.555	0.015734	1081.3	1471.5	6.5726	0.87815	1.1452	732.05	-0.050542	6.3601e-05	0.096704	supercritical
1428.4	248.00	63.512	0.015745	1082.2	1472.7	6.5734	0.87823	1.1453	732.28	-0.050566	6.3628e-05	0.096754	supercritical
1429.4	248.00	63.469	0.015756	1083.1	1473.8	6.5742	0.87831	1.1454	732.50	-0.050591	6.3655e-05	0.096804	supercritical
1430.4	248.00	63.426	0.015766	1083.9	1474.9	6.5750	0.87840	1.1455	732.73	-0.050616	6.3682e-05	0.096854	supercritical
1431.4	248.00	63.384	0.015777	1084.8	1476.1	6.5758	0.87848	1.1455	732.95	-0.050640	6.3709e-05	0.096904	supercritical
1432.4	248.00	63.341	0.015788	1085.7	1477.2	6.5766	0.87856	1.1456	733.18	-0.050665	6.3736e-05	0.096954	supercritical
1433.4	248.00	63.298	0.015798	1086.6	1478.4	6.5774	0.87865	1.1457	733.40	-0.050689	6.3764e-05	0.097004	supercritical
1434.4	248.00	63.256	0.015809	1087.5	1479.5	6.5782	0.87873	1.1457	733.63	-0.050713	6.3791e-05	0.097055	supercritical
1435.4	248.00	63.214	0.015819	1088.4	1480.7	6.5790	0.87881	1.1458	733.85	-0.050738	6.3818e-05	0.097105	supercritical
1436.4	248.00	63.171	0.015830	1089.2	1481.8	6.5798	0.87889	1.1459	734.07	-0.050762	6.3845e-05	0.097155	supercritical
1437.4	248.00	63.129	0.015841	1090.1	1483.0	6.5806	0.87898	1.1460	734.30	-0.050786	6.3872e-05	0.097205	supercritical
1438.4	248.00	63.086	0.015851	1091.0	1484.1	6.5814	0.87906	1.1460	734.52	-0.050810	6.3899e-05	0.097255	supercritical
1439.4	248.00	63.044	0.015862	1091.9	1485.3	6.5822	0.87914	1.1461	734.75	-0.050835	6.3926e-05	0.097305	supercritical
1440.4	248.00	63.002	0.015872	1092.8	1486.4	6.5830	0.87923	1.1462	734.97	-0.050859	6.3953e-05	0.097355	supercritical
1441.4	248.00	62.960	0.015883	1093.7	1487.6	6.5838	0.87931	1.1462	735.20	-0.050883	6.3980e-05	0.097405	supercritical
1442.4	248.00	62.918	0.015894	1094.5	1488.7	6.5846	0.87939	1.1463	735.42	-0.050907	6.4007e-05	0.097455	supercritical
1443.4	248.00	62.876	0.015904	1095.4	1489.8	6.5854	0.87947	1.1464	735.64	-0.050931	6.4034e-05	0.097505	supercritical
1444.4	248.00	62.834	0.015915	1096.3	1491.0	6.5861	0.87956	1.1465	735.87	-0.050955	6.4062e-05	0.097555	supercritical
1445.4	248.00	62.792	0.015926	1097.2	1492.1	6.5869	0.87964	1.1465	736.09	-0.050978	6.4089e-05	0.097605	supercritical
1446.4	248.00	62.750	0.015936	1098.1	1493.3	6.5877	0.87972	1.1466	736.32	-0.051002	6.4116e-05	0.097655	supercritical
1447.4	248.00	62.709	0.015947	1099.0	1494.4	6.5885	0.87980	1.1467	736.54	-0.051026	6.4143e-05	0.097705	supercritical
1448.4	248.00	62.667	0.015957	1099.8	1495.6	6.5893	0.87989	1.1467	736.76	-0.051050	6.4170e-05	0.097755	supercritical
1449.4	248.00	62.625	0.015968	1100.7	1496.7	6.5901	0.87997	1.1468	736.99	-0.051074	6.4197e-05	0.097805	supercritical
1450.4	248.00	62.584	0.015979	1101.6	1497.9	6.5909	0.88005	1.1469	737.21	-0.051097	6.4224e-05	0.097855	supercritical
1451.4	248.00	62.542	0.015989	1102.5	1499.0	6.5917	0.88013	1.1470	737.43	-0.051121	6.4251e-05	0.097905	supercritical
1452.4	248.00	62.501	0.016000	1103.4	1500.2	6.5925	0.88021	1.1470	737.66	-0.051145	6.4278e-05	0.097955	supercritical
1453.4	248.00	62.459	0.016010	1104.3	1501.3	6.5933	0.88030	1.1471	737.88	-0.051168	6.4305e-05	0.098005	supercritical
1454.4	248.00	62.418	0.016021	1105.1	1502.5	6.5941	0.88038	1.1472	738.10	-0.051192	6.4332e-05	0.098055	supercritical
1455.4	248.00	62.376	0.016032	1106.0	1503.6	6.5949	0.88046	1.1472	738.33	-0.051215	6.4359e-05	0.098105	supercritical
1456.4	248.00	62.335	0.016042	1106.9	1504.8	6.5956	0.88054	1.1473	738.55	-0.051238	6.4386e-05	0.098155	supercritical
1457.4	248.00	62.294	0.016053	1107.8	1505.9	6.5964	0.88062	1.1474	738.77	-0.051262	6.4413e-05	0.098205	supercritical
1458.4	248.00	62.253	0.016064	1108.7	1507.0	6.5972	0.88071	1.1475	739.00	-0.051285	6.4440e-05	0.098254	supercritical
1459.4	248.00	62.212	0.016074	1109.6	1508.2	6.5980	0.88079	1.1475	739.22	-0.051309	6.4467e-05	0.098304	supercritical
1460.4	248.00	62.171	0.016085	1110.4	1509.3	6.5988	0.88087	1.1476	739.44	-0.051332	6.4494e-05	0.098354	supercritical
1461.4	248.00	62.130	0.016095	1111.3	1510.5	6.5996	0.88095	1.1477	739.66	-0.051355	6.4521e-05	0.098404	supercritical
1462.4	248.00	62.089	0.016106	1112.2	1511.6	6.6004	0.88103	1.1477	739.89	-0.051378	6.4548e-05	0.098454	supercritical
1463.4	248.00	62.048	0.016117	1113.1	1512.8	6.6011	0.88111	1.1478	740.11	-0.051401	6.4575e-05	0.098504	supercritical
1464.4	248.00	62.007	0.016127	1114.0	1513.9	6.6019	0.88120	1.1479	740.33	-0.051424	6.4602e-05	0.098554	supercritical
1465.4	248.00	61.966	0.016138	1114.9	1515.1	6.6027	0.88128	1.1479	740.56	-0.051447	6.4629e-05	0.098604	supercritical
1466.4	248.00	61.926	0.016148	1115.7	1516.2	6.6035	0.88136	1.1480	740.78	-0.051471	6.4655e-05	0.098654	supercritical
1467.4	248.00	61.885	0.016159	1116.6	1517.4	6.6043	0.88144	1.1481	741.00	-0.051493	6.4682e-05	0.098704	supercritical
1468.4	248.00	61.844	0.016170	1117.5	1518.5	6.6051	0.88152	1.1482	741.22	-0.051516	6.4709e-05	0.098754	supercritical
1469.4	248.00	61.804	0.016180	1118.4	1519.7	6.6058	0.88160	1.1482	741.44	-0.051539	6.4736e-05	0.098803	supercritical
1470.4	248.00	61.763	0.016191	1119.3	1520.8	6.6066	0.88168	1.1483	741.67	-0.051562	6.4763e-05	0.098853	supercritical
1471.4	248.00	61.723	0.016201	1120.2	1522.0	6.6074	0.88177	1.1484	741.89	-0.051585	6.4790e-05	0.098903	supercritical
1472.4	248.00	61.682	0.016212	1121.1	1523.1	6.6082	0.88185	1.1484	742.11	-0.051608	6.4817e-05	0.098953	supercritical
1473.4	248.00	61.642	0.016223	1121.9	1524.3	6.6090	0.88193	1.1485	742.33	-0.051630	6.4844e-05	0.099003	supercritical
1474.4	248.00	61.602	0.016233	1122.8	1525.4	6.6097	0.88201	1.1486	742.55	-0.051653	6.4871e-05	0.099053	supercritical
1475.4	248.00	61.562	0.016244	1123.7	1526.6	6.6105	0.88209	1.1487	742.77	-0.051676	6.4898e-05	0.099103	supercritical
1476.4	248.00	61.521	0.016254	1124.6	1527.7	6.6113	0.88217	1.1487	743.00	-0.051698	6.4925e-05	0.099153	supercritical
1477.4	248.00	61.481	0.016265	1125.5	1528.9	6.6121	0.88225	1.1488	743.22	-0.051721	6.4951e-05	0.099202	supercritical
1478.4	248.00	61.441	0.016276	1126.4	1530.0	6.6129	0.88233	1.1489	743.44	-0.051744	6.4978e-05	0.099252	supercritical
1479.4	248.00	61.401	0.016286	1127.3	1531.2	6.6136	0.88241	1.1489	743.66	-0.051766	6.5005e-05	0.099302	supercritical
1480.4	248.00	61.361	0.016297	1128.1	1532.3	6.6144	0.88249	1.1490	743.88	-0.051789	6.5032e-05	0.099352	supercritical
1481.4	248.00	61.321	0.016308	1129.0	1533.5	6.6152	0.88258	1.1491	744.10	-0.051811	6.5059e-05	0.099402	supercritical
1482.4	248.00	61.282	0.016318	1129.9	1534.6	6.6160	0.88266	1.1491	744.32	-0.051833	6.5086e-05	0.099452	supercritical
1483.4	248.00	61.242	0.016329	1130.8	1535.8	6.6167	0.88274	1.1492	744.55	-0.051856	6.5113e-05	0.099501	supercritical
1484.4	248.00	61.202	0.016339	1131.7	1536.9	6.6175	0.88282	1.1493	744.77	-0.051878	6.5139e-05	0.099551	supercritical
1485.4	248.00	61.162	0.016350	1132.6	1538.1	6.6183	0.88290	1.1494	744.99	-0.051900	6.5166e-05	0.099601	supercritical
1486.4	248.00	61.123	0.016361	1133.5	1539.2	6.6191	0.88298	1.1494	745.21	-0.051922	6.5193e-05	0.099651	supercritical
1487.4	248.00	61.083	0.016371	1134.3	1540.4	6.6198	0.88306	1.1495	745.43	-0.051945	6.5220e-05	0.099701	supercritical
1488.4	248.00	61.043	0.016382	1135.2	1541.5	6.6206	0.88314	1.1496	745.65	-0.051967	6.5247e-05	0.099750	supercritical
1489.4	248.00	61.004	0.016392	1136.1	1542.7	6.6214	0.88322	1.1496	745.87	-0.051989	6.5274e-05	0.099800	supercritical
1490.4	248.00	60.965	0.016403	1137.0	1543.8	6.6221	0.88330	1.1497	746.09	-0.052011	6.5300e-05	0.099850	supercritical
1491.4	248.00	60.925	0.016414	1137.9	1545.0	6.6229	0.88338	1.1498	746.31	-0.052033	6.5327e-05	0.099900	supercritical
1492.4	248.00	60.886	0.016424	1138.8	1546.1	6.6237	0.88346	1.1499	746.53	-0.052055	6.5354e-05	0.099949	supercritical
1493.4	248.00	60.847	0.016435	1139.7	1547.3	6.6245	0.88354	1.1499	746.75	-0.052077	6.5381e-05	0.099999	supercritical
1494.4	248.00	60.807	0.016445	1140.6	1548.4	6.6252	0.88362	1.1500	746.97	-0.052099	6.5408e-05	0.10005	supercritical
1495.4	248.00	60.768	0.016456	1141.4	1549.6	6.6260	0.88370	1.1501	747.19	-0.052121	6.5434e-05	0.10010	supercritical
1496.4	248.00	60.729	0.016467	1142.3	1550.7	6.6268	0.88378	1.1501	747.41	-0.052142	6.5461e-05	0.10015	supercritical
1497.4	248.00	60.690	0.016477	1143.2	1551.9	6.6275	0.88386	1.1502	747.63	-0.052164	6.5488e-05	0.10020	supercritical
1498.4	248.00	60.651	0.016488	1144.1	1553.0	6.6283	0.88394	1.1503	747.85	-0.052186	6.5515e-05	0.10025	supercritical
1499.4	248.00	60.612	0.016498	1145.0	1554.2	6.6291	0.88402	1.1503	748.07	-0.052208	6.5541e-05	0.10030	supercritical
1500.4	248.00	60.573	0.016509	1145.9	1555.3	6.6298	0.88410	1.1504	748.29	-0.052229	6.5568e-05	0.10035	supercritical
1501.4	248.00	60.534	0.016520	1146.8	1556.5	6.6306	0.88418	1.1505	748.51	-0.052251	6.5595e-05	0.10040	supercritical
1502.4	248.00	60.495	0.016530	1147.7	1557.6	6.6314	0.88426	1.1506	748.73	-0.052273	6.5622e-05	0.10045	supercritical
1503.4	248.00	60.456	0.016541	1148.5	1558.8	6.6321	0.88434	1.1506	748.95	-0.052294	6.5648e-05	0.10050	supercritical
1504.4	248.00	60.418	0.016551	1149.4	1559.9	6.6329	0.88442	1.1507	749.17	-0.052316	6.5675e-05	0.10055	supercritical
1505.4	248.00	60.379	0.016562	1150.3	1561.1	6.6337	0.88450	1.1508	749.39	-0.052337	6.5702e-05	0.10060	supercritical
1506.4	248.00	60.340	0.016573	1151.2	1562.2	6.6344	0.88458	1.1508	749.61	-0.052359	6.5729e-05	0.10065	supercritical
1507.4	248.00	60.302	0.016583	1152.1	1563.4	6.6352	0.88466	1.1509	749.83	-0.052380	6.5755e-05	0.10070	supercritical
1508.4	248.00	60.263	0.016594	1153.0	1564.5	6.6360	0.88474	1.1510	750.05	-0.052401	6.5782e-05	0.10075	supercritical
1509.4	248.00	60.225	0.016604	1153.9	1565.7	6.6367	0.88482	1.1510	750.27	-0.052423	6.5809e-05	0.10079	supercritical
1510.4	248.00	60.186	0.016615	1154.8	1566.8	6.6375	0.88490	1.1511	750.49	-0.052444	6.5836e-05	0.10084	supercritical
1511.4	248.00	60.148	0.016626	1155.6	1568.0	6.6382	0.88498	1.1512	750.71	-0.052465	6.5862e-05	0.10089	supercritical
1512.4	248.00	60.110	0.016636	1156.5	1569.1	6.6390	0.88506	1.1513	750.92	-0.052487	6.5889e-05	0.10094	supercritical
1513.4	248.00	60.071	0.016647	1157.4	1570.3	6.6398	0.88514	1.1513	751.14	-0.052508	6.5916e-05	0.10099	supercritical
1514.4	248.00	60.033	0.016657	1158.3	1571.4	6.6405	0.88522	1.1514	751.36	-0.052529	6.5942e-05	0.10104	supercritical
1515.4	248.00	59.995	0.016668	1159.2	1572.6	6.6413	0.88530	1.1515	751.58	-0.052550	6.5969e-05	0.10109	supercritical
1516.4	248.00	59.957	0.016679	1160.1	1573.7	6.6420	0.88537	1.1515	751.80	-0.052571	6.5996e-05	0.10114	supercritical
1517.4	248.00	59.919	0.016689	1161.0	1574.9	6.6428	0.88545	1.1516	752.02	-0.052592	6.6022e-05	0.10119	supercritical
1518.4	248.00	59.881	0.016700	1161.9	1576.0	6.6436	0.88553	1.1517	752.24	-0.052613	6.6049e-05	0.10124	supercritical
1519.4	248.00	59.843	0.016710	1162.8	1577.2	6.6443	0.88561	1.1517	752.46	-0.052634	6.6076e-05	0.10129	supercritical
1520.4	248.00	59.805	0.016721	1163.6	1578.3	6.6451	0.88569	1.1518	752.67	-0.052655	6.6102e-05	0.10134	supercritical
1521.4	248.00	59.767	0.016732	1164.5	1579.5	6.6458	0.88577	1.1519	752.89	-0.052676	6.6129e-05	0.10139	supercritical
1522.4	248.00	59.729	0.016742	1165.4	1580.6	6.6466	0.88585	1.1520	753.11	-0.052697	6.6156e-05	0.10144	supercritical
1523.4	248.00	59.691	0.016753	1166.3	1581.8	6.6473	0.88593	1.1520	753.33	-0.052718	6.6182e-05	0.10149	supercritical
1524.4	248.00	59.654	0.016763	1167.2	1582.9	6.6481	0.88601	1.1521	753.55	-0.052739	6.6209e-05	0.10154	supercritical
1525.4	248.00	59.616	0.016774	1168.1	1584.1	6.6489	0.88609	1.1522	753.76	-0.052759	6.6236e-05	0.10159	supercritical
1526.4	248.00	59.578	0.016785	1169.0	1585.2	6.6496	0.88617	1.1522	753.98	-0.052780	6.6262e-05	0.10164	supercritical
1527.4	248.00	59.541	0.016795	1169.9	1586.4	6.6504	0.88624	1.1523	754.20	-0.052801	6.6289e-05	0.10169	supercritical
1528.4	248.00	59.503	0.016806	1170.8	1587.5	6.6511	0.88632	1.1524	754.42	-0.052821	6.6315e-05	0.10174	supercritical
1529.4	248.00	59.466	0.016816	1171.6	1588.7	6.6519	0.88640	1.1524	754.64	-0.052842	6.6342e-05	0.10179	supercritical
1530.4	248.00	59.428	0.016827	1172.5	1589.8	6.6526	0.88648	1.1525	754.85	-0.052863	6.6369e-05	0.10184	supercritical
1531.4	248.00	59.391	0.016838	1173.4	1591.0	6.6534	0.88656	1.1526	755.07	-0.052883	6.6395e-05	0.10189	supercritical
1532.4	248.00	59.353	0.016848	1174.3	1592.2	6.6541	0.88664	1.1526	755.29	-0.052904	6.6422e-05	0.10194	supercritical
1533.4	248.00	59.316	0.016859	1175.2	1593.3	6.6549	0.88672	1.1527	755.51	-0.052924	6.6448e-05	0.10199	supercritical
1534.4	248.00	59.279	0.016869	1176.1	1594.5	6.6556	0.88680	1.1528	755.72	-0.052944	6.6475e-05	0.10204	supercritical
1535.4	248.00	59.242	0.016880	1177.0	1595.6	6.6564	0.88687	1.1529	755.94	-0.052965	6.6502e-05	0.10209	supercritical
1536.4	248.00	59.205	0.016891	1177.9	1596.8	6.6571	0.88695	1.1529	756.16	-0.052985	6.6528e-05	0.10213	supercritical
1537.4	248.00	59.167	0.016901	1178.8	1597.9	6.6579	0.88703	1.1530	756.38	-0.053006	6.6555e-05	0.10218	supercritical
1538.4	248.00	59.130	0.016912	1179.7	1599.1	6.6586	0.88711	1.1531	756.59	-0.053026	6.6581e-05	0.10223	supercritical
1539.4	248.00	59.093	0.016922	1180.5	1600.2	6.6594	0.88719	1.1531	756.81	-0.053046	6.6608e-05	0.10228	supercritical
1540.4	248.00	59.056	0.016933	1181.4	1601.4	6.6601	0.88727	1.1532	757.03	-0.053066	6.6634e-05	0.10233	supercritical
1541.4	248.00	59.019	0.016944	1182.3	1602.5	6.6609	0.88734	1.1533	757.24	-0.053087	6.6661e-05	0.10238	supercritical
1542.4	248.00	58.983	0.016954	1183.2	1603.7	6.6616	0.88742	1.1533	757.46	-0.053107	6.6687e-05	0.10243	supercritical
1543.4	248.00	58.946	0.016965	1184.1	1604.8	6.6624	0.88750	1.1534	757.68	-0.053127	6.6714e-05	0.10248	supercritical
1544.4	248.00	58.909	0.016975	1185.0	1606.0	6.6631	0.88758	1.1535	757.89	-0.053147	6.6741e-05	0.10253	supercritical
1545.4	248.00	58.872	0.016986	1185.9	1607.1	6.6639	0.88766	1.1535	758.11	-0.053167	6.6767e-05	0.10258	supercritical
1546.4	248.00	58.835	0.016997	1186.8	1608.3	6.6646	0.88774	1.1536	758.33	-0.053187	6.6794e-05	0.10263	supercritical
1547.4	248.00	58.799	0.017007	1187.7	1609.4	6.6654	0.88781	1.1537	758.54	-0.053207	6.6820e-05	0.10268	supercritical
1548.4	248.00	58.762	0.017018	1188.6	1610.6	6.6661	0.88789	1.1538	758.76	-0.053227	6.6847e-05	0.10273	supercritical
1549.4	248.00	58.726	0.017028	1189.5	1611.8	6.6669	0.88797	1.1538	758.98	-0.053247	6.6873e-05	0.10278	supercritical
1550.4	248.00	58.689	0.017039	1190.3	1612.9	6.6676	0.88805	1.1539	759.19	-0.053267	6.6900e-05	0.10283	supercritical
1551.4	248.00	58.653	0.017050	1191.2	1614.1	6.6683	0.88813	1.1540	759.41	-0.053286	6.6926e-05	0.10288	supercritical
1552.4	248.00	58.616	0.017060	1192.1	1615.2	6.6691	0.88820	1.1540	759.62	-0.053306	6.6953e-05	0.10293	supercritical
1553.4	248.00	58.580	0.017071	1193.0	1616.4	6.6698	0.88828	1.1541	759.84	-0.053326	6.6979e-05	0.10298	supercritical
1554.4	248.00	58.544	0.017081	1193.9	1617.5	6.6706	0.88836	1.1542	760.06	-0.053346	6.7006e-05	0.10303	supercritical
1555.4	248.00	58.507	0.017092	1194.8	1618.7	6.6713	0.88844	1.1542	760.27	-0.053366	6.7032e-05	0.10308	supercritical
1556.4	248.00	58.471	0.017102	1195.7	1619.8	6.6721	0.88852	1.1543	760.49	-0.053385	6.7059e-05	0.10313	supercritical
1557.4	248.00	58.435	0.017113	1196.6	1621.0	6.6728	0.88859	1.1544	760.70	-0.053405	6.7085e-05	0.10317	supercritical
1558.4	248.00	58.399	0.017124	1197.5	1622.1	6.6735	0.88867	1.1544	760.92	-0.053424	6.7112e-05	0.10322	supercritical
1559.4	248.00	58.363	0.017134	1198.4	1623.3	6.6743	0.88875	1.1545	761.14	-0.053444	6.7138e-05	0.10327	supercritical
1560.4	248.00	58.327	0.017145	1199.3	1624.5	6.6750	0.88883	1.1546	761.35	-0.053464	6.7164e-05	0.10332	supercritical
1561.4	248.00	58.291	0.017155	1200.2	1625.6	6.6758	0.88890	1.1547	761.57	-0.053483	6.7191e-05	0.10337	supercritical
1562.4	248.00	58.255	0.017166	1201.0	1626.8	6.6765	0.88898	1.1547	761.78	-0.053502	6.7217e-05	0.10342	supercritical
1563.4	248.00	58.219	0.017177	1201.9	1627.9	6.6772	0.88906	1.1548	762.00	-0.053522	6.7244e-05	0.10347	supercritical
1564.4	248.00	58.183	0.017187	1202.8	1629.1	6.6780	0.88914	1.1549	762.21	-0.053541	6.7270e-05	0.10352	supercritical
1565.4	248.00	58.147	0.017198	1203.7	1630.2	6.6787	0.88922	1.1549	762.43	-0.053561	6.7297e-05	0.10357	supercritical
1566.4	248.00	58.111	0.017208	1204.6	1631.4	6.6795	0.88929	1.1550	762.64	-0.053580	6.7323e-05	0.10362	supercritical
1567.4	248.00	58.075	0.017219	1205.5	1632.5	6.6802	0.88937	1.1551	762.86	-0.053599	6.7350e-05	0.10367	supercritical
1568.4	248.00	58.040	0.017230	1206.4	1633.7	6.6809	0.88945	1.1551	763.07	-0.053619	6.7376e-05	0.10372	supercritical
1569.4	248.00	58.004	0.017240	1207.3	1634.8	6.6817	0.88953	1.1552	763.29	-0.053638	6.7402e-05	0.10377	supercritical
1570.4	248.00	57.968	0.017251	1208.2	1636.0	6.6824	0.88960	1.1553	763.50	-0.053657	6.7429e-05	0.10382	supercritical
1571.4	248.00	57.933	0.017261	1209.1	1637.2	6.6831	0.88968	1.1553	763.72	-0.053676	6.7455e-05	0.10387	supercritical
1572.4	248.00	57.897	0.017272	1210.0	1638.3	6.6839	0.88976	1.1554	763.93	-0.053695	6.7482e-05	0.10392	supercritical
1573.4	248.00	57.862	0.017283	1210.9	1639.5	6.6846	0.88983	1.1555	764.15	-0.053714	6.7508e-05	0.10397	supercritical
1574.4	248.00	57.826	0.017293	1211.8	1640.6	6.6853	0.88991	1.1556	764.36	-0.053734	6.7534e-05	0.10401	supercritical
1575.4	248.00	57.791	0.017304	1212.6	1641.8	6.6861	0.88999	1.1556	764.58	-0.053753	6.7561e-05	0.10406	supercritical
1576.4	248.00	57.756	0.017314	1213.5	1642.9	6.6868	0.89007	1.1557	764.79	-0.053772	6.7587e-05	0.10411	supercritical
1577.4	248.00	57.720	0.017325	1214.4	1644.1	6.6875	0.89014	1.1558	765.01	-0.053791	6.7613e-05	0.10416	supercritical
1578.4	248.00	57.685	0.017335	1215.3	1645.2	6.6883	0.89022	1.1558	765.22	-0.053809	6.7640e-05	0.10421	supercritical
1579.4	248.00	57.650	0.017346	1216.2	1646.4	6.6890	0.89030	1.1559	765.43	-0.053828	6.7666e-05	0.10426	supercritical
1580.4	248.00	57.615	0.017357	1217.1	1647.6	6.6897	0.89038	1.1560	765.65	-0.053847	6.7693e-05	0.10431	supercritical
1581.4	248.00	57.580	0.017367	1218.0	1648.7	6.6905	0.89045	1.1560	765.86	-0.053866	6.7719e-05	0.10436	supercritical
1582.4	248.00	57.545	0.017378	1218.9	1649.9	6.6912	0.89053	1.1561	766.08	-0.053885	6.7745e-05	0.10441	supercritical
1583.4	248.00	57.509	0.017388	1219.8	1651.0	6.6919	0.89061	1.1562	766.29	-0.053904	6.7772e-05	0.10446	supercritical
1584.4	248.00	57.474	0.017399	1220.7	1652.2	6.6927	0.89068	1.1562	766.50	-0.053922	6.7798e-05	0.10451	supercritical
1585.4	248.00	57.440	0.017410	1221.6	1653.3	6.6934	0.89076	1.1563	766.72	-0.053941	6.7824e-05	0.10456	supercritical
1586.4	248.00	57.405	0.017420	1222.5	1654.5	6.6941	0.89084	1.1564	766.93	-0.053960	6.7851e-05	0.10461	supercritical
1587.4	248.00	57.370	0.017431	1223.4	1655.7	6.6948	0.89091	1.1564	767.15	-0.053979	6.7877e-05	0.10466	supercritical
1588.4	248.00	57.335	0.017441	1224.3	1656.8	6.6956	0.89099	1.1565	767.36	-0.053997	6.7903e-05	0.10471	supercritical
1589.4	248.00	57.300	0.017452	1225.2	1658.0	6.6963	0.89107	1.1566	767.57	-0.054016	6.7930e-05	0.10476	supercritical
1590.4	248.00	57.265	0.017463	1226.1	1659.1	6.6970	0.89114	1.1567	767.79	-0.054034	6.7956e-05	0.10480	supercritical
1591.4	248.00	57.231	0.017473	1226.9	1660.3	6.6978	0.89122	1.1567	768.00	-0.054053	6.7982e-05	0.10485	supercritical
1592.4	248.00	57.196	0.017484	1227.8	1661.4	6.6985	0.89130	1.1568	768.21	-0.054071	6.8009e-05	0.10490	supercritical
1593.4	248.00	57.161	0.017494	1228.7	1662.6	6.6992	0.89138	1.1569	768.43	-0.054090	6.8035e-05	0.10495	supercritical
1594.4	248.00	57.127	0.017505	1229.6	1663.7	6.6999	0.89145	1.1569	768.64	-0.054108	6.8061e-05	0.10500	supercritical
1595.4	248.00	57.092	0.017515	1230.5	1664.9	6.7007	0.89153	1.1570	768.85	-0.054127	6.8087e-05	0.10505	supercritical
1596.4	248.00	57.058	0.017526	1231.4	1666.1	6.7014	0.89161	1.1571	769.07	-0.054145	6.8114e-05	0.10510	supercritical
1597.4	248.00	57.023	0.017537	1232.3	1667.2	6.7021	0.89168	1.1571	769.28	-0.054163	6.8140e-05	0.10515	supercritical
1598.4	248.00	56.989	0.017547	1233.2	1668.4	6.7028	0.89176	1.1572	769.49	-0.054182	6.8166e-05	0.10520	supercritical
1599.4	248.00	56.955	0.017558	1234.1	1669.5	6.7036	0.89184	1.1573	769.70	-0.054200	6.8193e-05	0.10525	supercritical
1600.4	248.00	56.920	0.017568	1235.0	1670.7	6.7043	0.89191	1.1573	769.92	-0.054218	6.8219e-05	0.10530	supercritical
1601.4	248.00	56.886	0.017579	1235.9	1671.8	6.7050	0.89199	1.1574	770.13	-0.054236	6.8245e-05	0.10535	supercritical
1602.4	248.00	56.852	0.017590	1236.8	1673.0	6.7057	0.89206	1.1575	770.34	-0.054254	6.8271e-05	0.10540	supercritical
1603.4	248.00	56.818	0.017600	1237.7	1674.2	6.7065	0.89214	1.1575	770.56	-0.054273	6.8298e-05	0.10545	supercritical
1604.4	248.00	56.783	0.017611	1238.6	1675.3	6.7072	0.89222	1.1576	770.77	-0.054291	6.8324e-05	0.10549	supercritical
1605.4	248.00	56.749	0.017621	1239.5	1676.5	6.7079	0.89229	1.1577	770.98	-0.054309	6.8350e-05	0.10554	supercritical
1606.4	248.00	56.715	0.017632	1240.4	1677.6	6.7086	0.89237	1.1577	771.19	-0.054327	6.8376e-05	0.10559	supercritical
1607.4	248.00	56.681	0.017643	1241.3	1678.8	6.7093	0.89245	1.1578	771.41	-0.054345	6.8403e-05	0.10564	supercritical
1608.4	248.00	56.647	0.017653	1242.2	1680.0	6.7101	0.89252	1.1579	771.62	-0.054363	6.8429e-05	0.10569	supercritical
1609.4	248.00	56.613	0.017664	1243.1	1681.1	6.7108	0.89260	1.1580	771.83	-0.054381	6.8455e-05	0.10574	supercritical
1610.4	248.00	56.579	0.017674	1243.9	1682.3	6.7115	0.89268	1.1580	772.04	-0.054399	6.8481e-05	0.10579	supercritical
1611.4	248.00	56.546	0.017685	1244.8	1683.4	6.7122	0.89275	1.1581	772.25	-0.054417	6.8508e-05	0.10584	supercritical
1612.4	248.00	56.512	0.017695	1245.7	1684.6	6.7129	0.89283	1.1582	772.47	-0.054435	6.8534e-05	0.10589	supercritical
1613.4	248.00	56.478	0.017706	1246.6	1685.7	6.7137	0.89290	1.1582	772.68	-0.054452	6.8560e-05	0.10594	supercritical
1614.4	248.00	56.444	0.017717	1247.5	1686.9	6.7144	0.89298	1.1583	772.89	-0.054470	6.8586e-05	0.10599	supercritical
1615.4	248.00	56.411	0.017727	1248.4	1688.1	6.7151	0.89306	1.1584	773.10	-0.054488	6.8612e-05	0.10604	supercritical
1616.4	248.00	56.377	0.017738	1249.3	1689.2	6.7158	0.89313	1.1584	773.31	-0.054506	6.8639e-05	0.10609	supercritical
1617.4	248.00	56.343	0.017748	1250.2	1690.4	6.7165	0.89321	1.1585	773.53	-0.054524	6.8665e-05	0.10613	supercritical
1618.4	248.00	56.310	0.017759	1251.1	1691.5	6.7172	0.89329	1.1586	773.74	-0.054541	6.8691e-05	0.10618	supercritical
1619.4	248.00	56.276	0.017770	1252.0	1692.7	6.7180	0.89336	1.1586	773.95	-0.054559	6.8717e-05	0.10623	supercritical
1620.4	248.00	56.243	0.017780	1252.9	1693.9	6.7187	0.89344	1.1587	774.16	-0.054577	6.8743e-05	0.10628	supercritical
1621.4	248.00	56.209	0.017791	1253.8	1695.0	6.7194	0.89351	1.1588	774.37	-0.054594	6.8769e-05	0.10633	supercritical
1622.4	248.00	56.176	0.017801	1254.7	1696.2	6.7201	0.89359	1.1588	774.58	-0.054612	6.8796e-05	0.10638	supercritical
1623.4	248.00	56.142	0.017812	1255.6	1697.3	6.7208	0.89367	1.1589	774.80	-0.054629	6.8822e-05	0.10643	supercritical
1624.4	248.00	56.109	0.017822	1256.5	1698.5	6.7215	0.89374	1.1590	775.01	-0.054647	6.8848e-05	0.10648	supercritical
1625.4	248.00	56.076	0.017833	1257.4	1699.6	6.7222	0.89382	1.1590	775.22	-0.054664	6.8874e-05	0.10653	supercritical
1626.4	248.00	56.043	0.017844	1258.3	1700.8	6.7230	0.89389	1.1591	775.43	-0.054682	6.8900e-05	0.10658	supercritical
1627.4	248.00	56.009	0.017854	1259.2	1702.0	6.7237	0.89397	1.1592	775.64	-0.054699	6.8926e-05	0.10663	supercritical
1628.4	248.00	55.976	0.017865	1260.1	1703.1	6.7244	0.89404	1.1593	775.85	-0.054716	6.8953e-05	0.10668	supercritical
1629.4	248.00	55.943	0.017875	1261.0	1704.3	6.7251	0.89412	1.1593	776.06	-0.054734	6.8979e-05	0.10672	supercritical
1630.4	248.00	55.910	0.017886	1261.9	1705.4	6.7258	0.89420	1.1594	776.27	-0.054751	6.9005e-05	0.10677	supercritical
1631.4	248.00	55.877	0.017896	1262.8	1706.6	6.7265	0.89427	1.1595	776.48	-0.054768	6.9031e-05	0.10682	supercritical
1632.4	248.00	55.844	0.017907	1263.7	1707.8	6.7272	0.89435	1.1595	776.69	-0.054786	6.9057e-05	0.10687	supercritical
1633.4	248.00	55.811	0.017918	1264.6	1708.9	6.7279	0.89442	1.1596	776.90	-0.054803	6.9083e-05	0.10692	supercritical
1634.4	248.00	55.778	0.017928	1265.5	1710.1	6.7286	0.89450	1.1597	777.12	-0.054820	6.9109e-05	0.10697	supercritical
1635.4	248.00	55.745	0.017939	1266.4	1711.2	6.7293	0.89457	1.1597	777.33	-0.054837	6.9135e-05	0.10702	supercritical
1636.4	248.00	55.712	0.017949	1267.3	1712.4	6.7301	0.89465	1.1598	777.54	-0.054855	6.9162e-05	0.10707	supercritical
1637.4	248.00	55.679	0.017960	1268.2	1713.6	6.7308	0.89473	1.1599	777.75	-0.054872	6.9188e-05	0.10712	supercritical
1638.4	248.00	55.647	0.017971	1269.1	1714.7	6.7315	0.89480	1.1599	777.96	-0.054889	6.9214e-05	0.10717	supercritical
1639.4	248.00	55.614	0.017981	1269.9	1715.9	6.7322	0.89488	1.1600	778.17	-0.054906	6.9240e-05	0.10722	supercritical
1640.4	248.00	55.581	0.017992	1270.8	1717.0	6.7329	0.89495	1.1601	778.38	-0.054923	6.9266e-05	0.10727	supercritical
1641.4	248.00	55.548	0.018002	1271.7	1718.2	6.7336	0.89503	1.1601	778.59	-0.054940	6.9292e-05	0.10731	supercritical
1642.4	248.00	55.516	0.018013	1272.6	1719.4	6.7343	0.89510	1.1602	778.80	-0.054957	6.9318e-05	0.10736	supercritical
1643.4	248.00	55.483	0.018023	1273.5	1720.5	6.7350	0.89518	1.1603	779.01	-0.054974	6.9344e-05	0.10741	supercritical
1644.4	248.00	55.451	0.018034	1274.4	1721.7	6.7357	0.89525	1.1603	779.22	-0.054991	6.9370e-05	0.10746	supercritical
1645.4	248.00	55.418	0.018045	1275.3	1722.8	6.7364	0.89533	1.1604	779.43	-0.055008	6.9396e-05	0.10751	supercritical
1646.4	248.00	55.386	0.018055	1276.2	1724.0	6.7371	0.89541	1.1605	779.64	-0.055025	6.9422e-05	0.10756	supercritical
1647.4	248.00	55.353	0.018066	1277.1	1725.2	6.7378	0.89548	1.1605	779.85	-0.055041	6.9449e-05	0.10761	supercritical
1648.4	248.00	55.321	0.018076	1278.0	1726.3	6.7385	0.89556	1.1606	780.06	-0.055058	6.9475e-05	0.10766	supercritical
1649.4	248.00	55.289	0.018087	1278.9	1727.5	6.7392	0.89563	1.1607	780.27	-0.055075	6.9501e-05	0.10771	supercritical
1650.4	248.00	55.256	0.018098	1279.8	1728.6	6.7399	0.89571	1.1608	780.48	-0.055092	6.9527e-05	0.10776	supercritical
1651.4	248.00	55.224	0.018108	1280.7	1729.8	6.7406	0.89578	1.1608	780.69	-0.055109	6.9553e-05	0.10781	supercritical
1652.4	248.00	55.192	0.018119	1281.6	1731.0	6.7413	0.89586	1.1609	780.90	-0.055125	6.9579e-05	0.10785	supercritical
1653.4	248.00	55.159	0.018129	1282.5	1732.1	6.7421	0.89593	1.1610	781.11	-0.055142	6.9605e-05	0.10790	supercritical
1654.4	248.00	55.127	0.018140	1283.4	1733.3	6.7428	0.89601	1.1610	781.31	-0.055159	6.9631e-05	0.10795	supercritical
1655.4	248.00	55.095	0.018150	1284.3	1734.4	6.7435	0.89608	1.1611	781.52	-0.055175	6.9657e-05	0.10800	supercritical
1656.4	248.00	55.063	0.018161	1285.2	1735.6	6.7442	0.89616	1.1612	781.73	-0.055192	6.9683e-05	0.10805	supercritical
1657.4	248.00	55.031	0.018172	1286.1	1736.8	6.7449	0.89623	1.1612	781.94	-0.055208	6.9709e-05	0.10810	supercritical
1658.4	248.00	54.999	0.018182	1287.0	1737.9	6.7456	0.89631	1.1613	782.15	-0.055225	6.9735e-05	0.10815	supercritical
1659.4	248.00	54.967	0.018193	1287.9	1739.1	6.7463	0.89638	1.1614	782.36	-0.055241	6.9761e-05	0.10820	supercritical
1660.4	248.00	54.935	0.018203	1288.8	1740.3	6.7470	0.89646	1.1614	782.57	-0.055258	6.9787e-05	0.10825	supercritical
1661.4	248.00	54.903	0.018214	1289.7	1741.4	6.7477	0.89653	1.1615	782.78	-0.055274	6.9813e-05	0.10830	supercritical
1662.4	248.00	54.871	0.018224	1290.6	1742.6	6.7484	0.89661	1.1616	782.99	-0.055291	6.9839e-05	0.10834	supercritical
1663.4	248.00	54.840	0.018235	1291.5	1743.7	6.7491	0.89668	1.1616	783.20	-0.055307	6.9865e-05	0.10839	supercritical
1664.4	248.00	54.808	0.018246	1292.4	1744.9	6.7498	0.89676	1.1617	783.40	-0.055323	6.9891e-05	0.10844	supercritical
1665.4	248.00	54.776	0.018256	1293.3	1746.1	6.7504	0.89683	1.1618	783.61	-0.055340	6.9917e-05	0.10849	supercritical
1666.4	248.00	54.744	0.018267	1294.2	1747.2	6.7511	0.89691	1.1618	783.82	-0.055356	6.9943e-05	0.10854	supercritical
1667.4	248.00	54.713	0.018277	1295.1	1748.4	6.7518	0.89698	1.1619	784.03	-0.055372	6.9969e-05	0.10859	supercritical
1668.4	248.00	54.681	0.018288	1296.0	1749.5	6.7525	0.89706	1.1620	784.24	-0.055389	6.9995e-05	0.10864	supercritical
1669.4	248.00	54.649	0.018298	1296.9	1750.7	6.7532	0.89713	1.1620	784.45	-0.055405	7.0021e-05	0.10869	supercritical
1670.4	248.00	54.618	0.018309	1297.8	1751.9	6.7539	0.89721	1.1621	784.66	-0.055421	7.0047e-05	0.10874	supercritical
1671.4	248.00	54.586	0.018320	1298.7	1753.0	6.7546	0.89728	1.1622	784.86	-0.055437	7.0073e-05	0.10879	supercritical
1672.4	248.00	54.555	0.018330	1299.6	1754.2	6.7553	0.89736	1.1622	785.07	-0.055453	7.0099e-05	0.10883	supercritical
1673.4	248.00	54.523	0.018341	1300.5	1755.4	6.7560	0.89743	1.1623	785.28	-0.055470	7.0125e-05	0.10888	supercritical
1674.4	248.00	54.492	0.018351	1301.4	1756.5	6.7567	0.89751	1.1624	785.49	-0.055486	7.0151e-05	0.10893	supercritical
1675.4	248.00	54.461	0.018362	1302.3	1757.7	6.7574	0.89758	1.1625	785.70	-0.055502	7.0176e-05	0.10898	supercritical
1676.4	248.00	54.429	0.018373	1303.2	1758.8	6.7581	0.89766	1.1625	785.90	-0.055518	7.0202e-05	0.10903	supercritical
1677.4	248.00	54.398	0.018383	1304.1	1760.0	6.7588	0.89773	1.1626	786.11	-0.055534	7.0228e-05	0.10908	supercritical
1678.4	248.00	54.367	0.018394	1305.0	1761.2	6.7595	0.89781	1.1627	786.32	-0.055550	7.0254e-05	0.10913	supercritical
1679.4	248.00	54.335	0.018404	1305.9	1762.3	6.7602	0.89788	1.1627	786.53	-0.055566	7.0280e-05	0.10918	supercritical
1680.4	248.00	54.304	0.018415	1306.8	1763.5	6.7609	0.89796	1.1628	786.73	-0.055582	7.0306e-05	0.10923	supercritical
1681.4	248.00	54.273	0.018425	1307.7	1764.7	6.7616	0.89803	1.1629	786.94	-0.055598	7.0332e-05	0.10928	supercritical
1682.4	248.00	54.242	0.018436	1308.6	1765.8	6.7623	0.89811	1.1629	787.15	-0.055613	7.0358e-05	0.10932	supercritical
1683.4	248.00	54.211	0.018447	1309.5	1767.0	6.7629	0.89818	1.1630	787.36	-0.055629	7.0384e-05	0.10937	supercritical
1684.4	248.00	54.180	0.018457	1310.4	1768.1	6.7636	0.89825	1.1631	787.56	-0.055645	7.0410e-05	0.10942	supercritical
1685.4	248.00	54.149	0.018468	1311.3	1769.3	6.7643	0.89833	1.1631	787.77	-0.055661	7.0436e-05	0.10947	supercritical
1686.4	248.00	54.118	0.018478	1312.2	1770.5	6.7650	0.89840	1.1632	787.98	-0.055677	7.0462e-05	0.10952	supercritical
1687.4	248.00	54.087	0.018489	1313.1	1771.6	6.7657	0.89848	1.1633	788.19	-0.055692	7.0487e-05	0.10957	supercritical
1688.4	248.00	54.056	0.018499	1314.0	1772.8	6.7664	0.89855	1.1633	788.39	-0.055708	7.0513e-05	0.10962	supercritical
1689.4	248.00	54.025	0.018510	1314.9	1774.0	6.7671	0.89863	1.1634	788.60	-0.055724	7.0539e-05	0.10967	supercritical
1690.4	248.00	53.994	0.018521	1315.8	1775.1	6.7678	0.89870	1.1635	788.81	-0.055740	7.0565e-05	0.10972	supercritical
1691.4	248.00	53.963	0.018531	1316.7	1776.3	6.7685	0.89878	1.1635	789.02	-0.055755	7.0591e-05	0.10976	supercritical
1692.4	248.00	53.933	0.018542	1317.6	1777.5	6.7691	0.89885	1.1636	789.22	-0.055771	7.0617e-05	0.10981	supercritical
1693.4	248.00	53.902	0.018552	1318.5	1778.6	6.7698	0.89893	1.1637	789.43	-0.055786	7.0643e-05	0.10986	supercritical
1694.4	248.00	53.871	0.018563	1319.4	1779.8	6.7705	0.89900	1.1637	789.64	-0.055802	7.0669e-05	0.10991	supercritical
1695.4	248.00	53.840	0.018573	1320.3	1780.9	6.7712	0.89907	1.1638	789.84	-0.055818	7.0695e-05	0.10996	supercritical
1696.4	248.00	53.810	0.018584	1321.2	1782.1	6.7719	0.89915	1.1639	790.05	-0.055833	7.0720e-05	0.11001	supercritical
1697.4	248.00	53.779	0.018595	1322.1	1783.3	6.7726	0.89922	1.1639	790.26	-0.055849	7.0746e-05	0.11006	supercritical
1698.4	248.00	53.749	0.018605	1323.0	1784.4	6.7733	0.89930	1.1640	790.46	-0.055864	7.0772e-05	0.11011	supercritical
1699.4	248.00	53.718	0.018616	1323.9	1785.6	6.7740	0.89937	1.1641	790.67	-0.055879	7.0798e-05	0.11016	supercritical
1700.4	248.00	53.688	0.018626	1324.8	1786.8	6.7746	0.89945	1.1641	790.88	-0.055895	7.0824e-05	0.11020	supercritical
1701.4	248.00	53.657	0.018637	1325.7	1787.9	6.7753	0.89952	1.1642	791.08	-0.055910	7.0850e-05	0.11025	supercritical
1702.4	248.00	53.627	0.018647	1326.6	1789.1	6.7760	0.89959	1.1643	791.29	-0.055926	7.0875e-05	0.11030	supercritical
1703.4	248.00	53.596	0.018658	1327.5	1790.3	6.7767	0.89967	1.1644	791.49	-0.055941	7.0901e-05	0.11035	supercritical
1704.4	248.00	53.566	0.018669	1328.4	1791.4	6.7774	0.89974	1.1644	791.70	-0.055956	7.0927e-05	0.11040	supercritical
1705.4	248.00	53.536	0.018679	1329.3	1792.6	6.7781	0.89982	1.1645	791.91	-0.055971	7.0953e-05	0.11045	supercritical
1706.4	248.00	53.505	0.018690	1330.2	1793.8	6.7787	0.89989	1.1646	792.11	-0.055987	7.0979e-05	0.11050	supercritical
1707.4	248.00	53.475	0.018700	1331.2	1794.9	6.7794	0.89997	1.1646	792.32	-0.056002	7.1005e-05	0.11055	supercritical
1708.4	248.00	53.445	0.018711	1332.1	1796.1	6.7801	0.90004	1.1647	792.52	-0.056017	7.1030e-05	0.11060	supercritical
1709.4	248.00	53.415	0.018721	1333.0	1797.2	6.7808	0.90011	1.1648	792.73	-0.056032	7.1056e-05	0.11064	supercritical
1710.4	248.00	53.385	0.018732	1333.9	1798.4	6.7815	0.90019	1.1648	792.94	-0.056048	7.1082e-05	0.11069	supercritical
1711.4	248.00	53.355	0.018743	1334.8	1799.6	6.7821	0.90026	1.1649	793.14	-0.056063	7.1108e-05	0.11074	supercritical
1712.4	248.00	53.324	0.018753	1335.7	1800.7	6.7828	0.90034	1.1650	793.35	-0.056078	7.1134e-05	0.11079	supercritical
1713.4	248.00	53.294	0.018764	1336.6	1801.9	6.7835	0.90041	1.1650	793.55	-0.056093	7.1159e-05	0.11084	supercritical
1714.4	248.00	53.264	0.018774	1337.5	1803.1	6.7842	0.90048	1.1651	793.76	-0.056108	7.1185e-05	0.11089	supercritical
1715.4	248.00	53.234	0.018785	1338.4	1804.2	6.7849	0.90056	1.1652	793.96	-0.056123	7.1211e-05	0.11094	supercritical
1716.4	248.00	53.205	0.018795	1339.3	1805.4	6.7855	0.90063	1.1652	794.17	-0.056138	7.1237e-05	0.11099	supercritical
1717.4	248.00	53.175	0.018806	1340.2	1806.6	6.7862	0.90071	1.1653	794.38	-0.056153	7.1262e-05	0.11103	supercritical
1718.4	248.00	53.145	0.018817	1341.1	1807.7	6.7869	0.90078	1.1654	794.58	-0.056168	7.1288e-05	0.11108	supercritical
1719.4	248.00	53.115	0.018827	1342.0	1808.9	6.7876	0.90085	1.1654	794.79	-0.056183	7.1314e-05	0.11113	supercritical
1720.4	248.00	53.085	0.018838	1342.9	1810.1	6.7883	0.90093	1.1655	794.99	-0.056198	7.1340e-05	0.11118	supercritical
1721.4	248.00	53.055	0.018848	1343.8	1811.2	6.7889	0.90100	1.1656	795.20	-0.056213	7.1365e-05	0.11123	supercritical
1722.4	248.00	53.026	0.018859	1344.7	1812.4	6.7896	0.90108	1.1656	795.40	-0.056227	7.1391e-05	0.11128	supercritical
1723.4	248.00	52.996	0.018869	1345.6	1813.6	6.7903	0.90115	1.1657	795.61	-0.056242	7.1417e-05	0.11133	supercritical
1724.4	248.00	52.966	0.018880	1346.5	1814.7	6.7910	0.90122	1.1658	795.81	-0.056257	7.1443e-05	0.11138	supercritical
1725.4	248.00	52.937	0.018891	1347.4	1815.9	6.7916	0.90130	1.1658	796.02	-0.056272	7.1468e-05	0.11143	supercritical
1726.4	248.00	52.907	0.018901	1348.3	1817.1	6.7923	0.90137	1.1659	796.22	-0.056287	7.1494e-05	0.11147	supercritical
1727.4	248.00	52.877	0.018912	1349.2	1818.2	6.7930	0.90145	1.1660	796.43	-0.056301	7.1520e-05	0.11152	supercritical
1728.4	248.00	52.848	0.018922	1350.1	1819.4	6.7937	0.90152	1.1660	796.63	-0.056316	7.1546e-05	0.11157	supercritical
1729.4	248.00	52.818	0.018933	1351.0	1820.6	6.7943	0.90159	1.1661	796.84	-0.056331	7.1571e-05	0.11162	supercritical
1730.4	248.00	52.789	0.018943	1351.9	1821.7	6.7950	0.90167	1.1662	797.04	-0.056345	7.1597e-05	0.11167	supercritical
1731.4	248.00	52.760	0.018954	1352.8	1822.9	6.7957	0.90174	1.1662	797.25	-0.056360	7.1623e-05	0.11172	supercritical
1732.4	248.00	52.730	0.018964	1353.7	1824.1	6.7964	0.90181	1.1663	797.45	-0.056375	7.1649e-05	0.11177	supercritical
1733.4	248.00	52.701	0.018975	1354.6	1825.2	6.7970	0.90189	1.1664	797.65	-0.056389	7.1674e-05	0.11182	supercritical
1734.4	248.00	52.671	0.018986	1355.5	1826.4	6.7977	0.90196	1.1664	797.86	-0.056404	7.1700e-05	0.11186	supercritical
1735.4	248.00	52.642	0.018996	1356.4	1827.6	6.7984	0.90204	1.1665	798.06	-0.056418	7.1726e-05	0.11191	supercritical
1736.4	248.00	52.613	0.019007	1357.4	1828.7	6.7991	0.90211	1.1666	798.27	-0.056433	7.1751e-05	0.11196	supercritical
1737.4	248.00	52.584	0.019017	1358.3	1829.9	6.7997	0.90218	1.1666	798.47	-0.056447	7.1777e-05	0.11201	supercritical
1738.4	248.00	52.554	0.019028	1359.2	1831.1	6.8004	0.90226	1.1667	798.68	-0.056462	7.1803e-05	0.11206	supercritical
1739.4	248.00	52.525	0.019038	1360.1	1832.2	6.8011	0.90233	1.1668	798.88	-0.056476	7.1828e-05	0.11211	supercritical
1740.4	248.00	52.496	0.019049	1361.0	1833.4	6.8017	0.90240	1.1669	799.08	-0.056491	7.1854e-05	0.11216	supercritical
1741.4	248.00	52.467	0.019060	1361.9	1834.6	6.8024	0.90248	1.1669	799.29	-0.056505	7.1880e-05	0.11220	supercritical
1742.4	248.00	52.438	0.019070	1362.8	1835.7	6.8031	0.90255	1.1670	799.49	-0.056519	7.1906e-05	0.11225	supercritical
1743.4	248.00	52.409	0.019081	1363.7	1836.9	6.8037	0.90262	1.1671	799.70	-0.056534	7.1931e-05	0.11230	supercritical
1744.4	248.00	52.380	0.019091	1364.6	1838.1	6.8044	0.90270	1.1671	799.90	-0.056548	7.1957e-05	0.11235	supercritical
1745.4	248.00	52.351	0.019102	1365.5	1839.2	6.8051	0.90277	1.1672	800.10	-0.056562	7.1983e-05	0.11240	supercritical
1746.4	248.00	52.322	0.019112	1366.4	1840.4	6.8058	0.90285	1.1673	800.31	-0.056577	7.2008e-05	0.11245	supercritical
1747.4	248.00	52.293	0.019123	1367.3	1841.6	6.8064	0.90292	1.1673	800.51	-0.056591	7.2034e-05	0.11250	supercritical
1748.4	248.00	52.264	0.019134	1368.2	1842.7	6.8071	0.90299	1.1674	800.71	-0.056605	7.2060e-05	0.11255	supercritical
1749.4	248.00	52.235	0.019144	1369.1	1843.9	6.8078	0.90307	1.1675	800.92	-0.056619	7.2085e-05	0.11259	supercritical
1750.4	248.00	52.207	0.019155	1370.0	1845.1	6.8084	0.90314	1.1675	801.12	-0.056633	7.2111e-05	0.11264	supercritical
1751.4	248.00	52.178	0.019165	1370.9	1846.2	6.8091	0.90321	1.1676	801.32	-0.056648	7.2136e-05	0.11269	supercritical
1752.4	248.00	52.149	0.019176	1371.8	1847.4	6.8098	0.90329	1.1677	801.53	-0.056662	7.2162e-05	0.11274	supercritical
1753.4	248.00	52.120	0.019186	1372.7	1848.6	6.8104	0.90336	1.1677	801.73	-0.056676	7.2188e-05	0.11279	supercritical
1754.4	248.00	52.092	0.019197	1373.6	1849.7	6.8111	0.90343	1.1678	801.93	-0.056690	7.2213e-05	0.11284	supercritical
1755.4	248.00	52.063	0.019208	1374.6	1850.9	6.8118	0.90351	1.1679	802.14	-0.056704	7.2239e-05	0.11289	supercritical
1756.4	248.00	52.034	0.019218	1375.5	1852.1	6.8124	0.90358	1.1679	802.34	-0.056718	7.2265e-05	0.11294	supercritical
1757.4	248.00	52.006	0.019229	1376.4	1853.2	6.8131	0.90365	1.1680	802.54	-0.056732	7.2290e-05	0.11298	supercritical
1758.4	248.00	51.977	0.019239	1377.3	1854.4	6.8137	0.90373	1.1681	802.75	-0.056746	7.2316e-05	0.11303	supercritical
1759.4	248.00	51.949	0.019250	1378.2	1855.6	6.8144	0.90380	1.1681	802.95	-0.056760	7.2341e-05	0.11308	supercritical
1760.4	248.00	51.920	0.019260	1379.1	1856.7	6.8151	0.90387	1.1682	803.15	-0.056774	7.2367e-05	0.11313	supercritical
1761.4	248.00	51.892	0.019271	1380.0	1857.9	6.8157	0.90395	1.1683	803.35	-0.056788	7.2393e-05	0.11318	supercritical
1762.4	248.00	51.863	0.019281	1380.9	1859.1	6.8164	0.90402	1.1683	803.56	-0.056802	7.2418e-05	0.11323	supercritical
1763.4	248.00	51.835	0.019292	1381.8	1860.2	6.8171	0.90409	1.1684	803.76	-0.056816	7.2444e-05	0.11328	supercritical
1764.4	248.00	51.807	0.019303	1382.7	1861.4	6.8177	0.90417	1.1685	803.96	-0.056829	7.2469e-05	0.11332	supercritical
1765.4	248.00	51.778	0.019313	1383.6	1862.6	6.8184	0.90424	1.1685	804.17	-0.056843	7.2495e-05	0.11337	supercritical
1766.4	248.00	51.750	0.019324	1384.5	1863.7	6.8191	0.90431	1.1686	804.37	-0.056857	7.2521e-05	0.11342	supercritical
1767.4	248.00	51.722	0.019334	1385.4	1864.9	6.8197	0.90439	1.1687	804.57	-0.056871	7.2546e-05	0.11347	supercritical
1768.4	248.00	51.693	0.019345	1386.3	1866.1	6.8204	0.90446	1.1687	804.77	-0.056885	7.2572e-05	0.11352	supercritical
1769.4	248.00	51.665	0.019355	1387.2	1867.3	6.8210	0.90453	1.1688	804.97	-0.056898	7.2597e-05	0.11357	supercritical
1770.4	248.00	51.637	0.019366	1388.1	1868.4	6.8217	0.90461	1.1689	805.18	-0.056912	7.2623e-05	0.11362	supercritical
1771.4	248.00	51.609	0.019377	1389.1	1869.6	6.8224	0.90468	1.1689	805.38	-0.056926	7.2649e-05	0.11366	supercritical
1772.4	248.00	51.581	0.019387	1390.0	1870.8	6.8230	0.90475	1.1690	805.58	-0.056939	7.2674e-05	0.11371	supercritical
1773.4	248.00	51.553	0.019398	1390.9	1871.9	6.8237	0.90482	1.1691	805.78	-0.056953	7.2700e-05	0.11376	supercritical
1774.4	248.00	51.525	0.019408	1391.8	1873.1	6.8243	0.90490	1.1691	805.99	-0.056967	7.2725e-05	0.11381	supercritical
1775.4	248.00	51.497	0.019419	1392.7	1874.3	6.8250	0.90497	1.1692	806.19	-0.056980	7.2751e-05	0.11386	supercritical
1776.4	248.00	51.469	0.019429	1393.6	1875.4	6.8257	0.90504	1.1693	806.39	-0.056994	7.2776e-05	0.11391	supercritical
1777.4	248.00	51.441	0.019440	1394.5	1876.6	6.8263	0.90512	1.1693	806.59	-0.057008	7.2802e-05	0.11396	supercritical
1778.4	248.00	51.413	0.019450	1395.4	1877.8	6.8270	0.90519	1.1694	806.79	-0.057021	7.2827e-05	0.11400	supercritical
1779.4	248.00	51.385	0.019461	1396.3	1878.9	6.8276	0.90526	1.1695	806.99	-0.057035	7.2853e-05	0.11405	supercritical
1780.4	248.00	51.357	0.019472	1397.2	1880.1	6.8283	0.90534	1.1696	807.20	-0.057048	7.2878e-05	0.11410	supercritical
1781.4	248.00	51.329	0.019482	1398.1	1881.3	6.8289	0.90541	1.1696	807.40	-0.057062	7.2904e-05	0.11415	supercritical
1782.4	248.00	51.301	0.019493	1399.0	1882.5	6.8296	0.90548	1.1697	807.60	-0.057075	7.2930e-05	0.11420	supercritical
1783.4	248.00	51.273	0.019503	1399.9	1883.6	6.8303	0.90555	1.1698	807.80	-0.057088	7.2955e-05	0.11425	supercritical
1784.4	248.00	51.246	0.019514	1400.9	1884.8	6.8309	0.90563	1.1698	808.00	-0.057102	7.2981e-05	0.11430	supercritical
1785.4	248.00	51.218	0.019524	1401.8	1886.0	6.8316	0.90570	1.1699	808.20	-0.057115	7.3006e-05	0.11434	supercritical
1786.4	248.00	51.190	0.019535	1402.7	1887.1	6.8322	0.90577	1.1700	808.41	-0.057129	7.3032e-05	0.11439	supercritical
1787.4	248.00	51.163	0.019546	1403.6	1888.3	6.8329	0.90585	1.1700	808.61	-0.057142	7.3057e-05	0.11444	supercritical
1788.4	248.00	51.135	0.019556	1404.5	1889.5	6.8335	0.90592	1.1701	808.81	-0.057155	7.3083e-05	0.11449	supercritical
1789.4	248.00	51.107	0.019567	1405.4	1890.6	6.8342	0.90599	1.1702	809.01	-0.057168	7.3108e-05	0.11454	supercritical
1790.4	248.00	51.080	0.019577	1406.3	1891.8	6.8348	0.90607	1.1702	809.21	-0.057182	7.3134e-05	0.11459	supercritical
1791.4	248.00	51.052	0.019588	1407.2	1893.0	6.8355	0.90614	1.1703	809.41	-0.057195	7.3159e-05	0.11464	supercritical
1792.4	248.00	51.025	0.019598	1408.1	1894.2	6.8361	0.90621	1.1704	809.61	-0.057208	7.3185e-05	0.11468	supercritical
1793.4	248.00	50.997	0.019609	1409.0	1895.3	6.8368	0.90628	1.1704	809.81	-0.057221	7.3210e-05	0.11473	supercritical
1794.4	248.00	50.970	0.019619	1409.9	1896.5	6.8374	0.90636	1.1705	810.01	-0.057235	7.3236e-05	0.11478	supercritical
1795.4	248.00	50.942	0.019630	1410.8	1897.7	6.8381	0.90643	1.1706	810.21	-0.057248	7.3261e-05	0.11483	supercritical
1796.4	248.00	50.915	0.019641	1411.8	1898.8	6.8388	0.90650	1.1706	810.42	-0.057261	7.3287e-05	0.11488	supercritical
1797.4	248.00	50.888	0.019651	1412.7	1900.0	6.8394	0.90657	1.1707	810.62	-0.057274	7.3312e-05	0.11493	supercritical
1798.4	248.00	50.860	0.019662	1413.6	1901.2	6.8401	0.90665	1.1708	810.82	-0.057287	7.3338e-05	0.11498	supercritical
1799.4	248.00	50.833	0.019672	1414.5	1902.3	6.8407	0.90672	1.1708	811.02	-0.057300	7.3363e-05	0.11502	supercritical
1800.4	248.00	50.806	0.019683	1415.4	1903.5	6.8414	0.90679	1.1709	811.22	-0.057313	7.3388e-05	0.11507	supercritical
1801.4	248.00	50.778	0.019693	1416.3	1904.7	6.8420	0.90687	1.1710	811.42	-0.057326	7.3414e-05	0.11512	supercritical
1802.4	248.00	50.751	0.019704	1417.2	1905.9	6.8427	0.90694	1.1710	811.62	-0.057339	7.3439e-05	0.11517	supercritical
1803.4	248.00	50.724	0.019714	1418.1	1907.0	6.8433	0.90701	1.1711	811.82	-0.057352	7.3465e-05	0.11522	supercritical
1804.4	248.00	50.697	0.019725	1419.0	1908.2	6.8440	0.90708	1.1712	812.02	-0.057365	7.3490e-05	0.11527	supercritical
1805.4	248.00	50.670	0.019736	1419.9	1909.4	6.8446	0.90716	1.1712	812.22	-0.057378	7.3516e-05	0.11532	supercritical
1806.4	248.00	50.643	0.019746	1420.8	1910.5	6.8453	0.90723	1.1713	812.42	-0.057391	7.3541e-05	0.11536	supercritical
1807.4	248.00	50.616	0.019757	1421.8	1911.7	6.8459	0.90730	1.1714	812.62	-0.057404	7.3567e-05	0.11541	supercritical
1808.4	248.00	50.589	0.019767	1422.7	1912.9	6.8465	0.90737	1.1714	812.82	-0.057417	7.3592e-05	0.11546	supercritical
1809.4	248.00	50.562	0.019778	1423.6	1914.1	6.8472	0.90745	1.1715	813.02	-0.057430	7.3618e-05	0.11551	supercritical
1810.4	248.00	50.535	0.019788	1424.5	1915.2	6.8478	0.90752	1.1716	813.22	-0.057443	7.3643e-05	0.11556	supercritical
1811.4	248.00	50.508	0.019799	1425.4	1916.4	6.8485	0.90759	1.1716	813.42	-0.057455	7.3668e-05	0.11561	supercritical
1812.4	248.00	50.481	0.019810	1426.3	1917.6	6.8491	0.90767	1.1717	813.62	-0.057468	7.3694e-05	0.11565	supercritical
1813.4	248.00	50.454	0.019820	1427.2	1918.7	6.8498	0.90774	1.1718	813.82	-0.057481	7.3719e-05	0.11570	supercritical
1814.4	248.00	50.427	0.019831	1428.1	1919.9	6.8504	0.90781	1.1718	814.02	-0.057494	7.3745e-05	0.11575	supercritical
1815.4	248.00	50.400	0.019841	1429.0	1921.1	6.8511	0.90788	1.1719	814.22	-0.057507	7.3770e-05	0.11580	supercritical
1816.4	248.00	50.373	0.019852	1429.9	1922.3	6.8517	0.90796	1.1720	814.42	-0.057519	7.3795e-05	0.11585	supercritical
1817.4	248.00	50.347	0.019862	1430.8	1923.4	6.8524	0.90803	1.1720	814.62	-0.057532	7.3821e-05	0.11590	supercritical
1818.4	248.00	50.320	0.019873	1431.8	1924.6	6.8530	0.90810	1.1721	814.82	-0.057545	7.3846e-05	0.11595	supercritical
1819.4	248.00	50.293	0.019883	1432.7	1925.8	6.8537	0.90817	1.1722	815.02	-0.057557	7.3872e-05	0.11599	supercritical
1820.4	248.00	50.266	0.019894	1433.6	1927.0	6.8543	0.90825	1.1722	815.22	-0.057570	7.3897e-05	0.11604	supercritical
1821.4	248.00	50.240	0.019905	1434.5	1928.1	6.8549	0.90832	1.1723	815.42	-0.057583	7.3922e-05	0.11609	supercritical
1822.4	248.00	50.213	0.019915	1435.4	1929.3	6.8556	0.90839	1.1724	815.62	-0.057595	7.3948e-05	0.11614	supercritical
1823.4	248.00	50.187	0.019926	1436.3	1930.5	6.8562	0.90846	1.1724	815.82	-0.057608	7.3973e-05	0.11619	supercritical
1824.4	248.00	50.160	0.019936	1437.2	1931.6	6.8569	0.90854	1.1725	816.01	-0.057620	7.3999e-05	0.11624	supercritical
1825.4	248.00	50.133	0.019947	1438.1	1932.8	6.8575	0.90861	1.1726	816.21	-0.057633	7.4024e-05	0.11628	supercritical
1826.4	248.00	50.107	0.019957	1439.0	1934.0	6.8582	0.90868	1.1726	816.41	-0.057645	7.4049e-05	0.11633	supercritical
1827.4	248.00	50.080	0.019968	1440.0	1935.2	6.8588	0.90875	1.1727	816.61	-0.057658	7.4075e-05	0.11638	supercritical
1828.4	248.00	50.054	0.019978	1440.9	1936.3	6.8594	0.90882	1.1728	816.81	-0.057670	7.4100e-05	0.11643	supercritical
1829.4	248.00	50.027	0.019989	1441.8	1937.5	6.8601	0.90890	1.1728	817.01	-0.057683	7.4125e-05	0.11648	supercritical
1830.4	248.00	50.001	0.020000	1442.7	1938.7	6.8607	0.90897	1.1729	817.21	-0.057695	7.4151e-05	0.11653	supercritical
1831.4	248.00	49.975	0.020010	1443.6	1939.8	6.8614	0.90904	1.1730	817.41	-0.057707	7.4176e-05	0.11657	supercritical
1832.4	248.00	49.948	0.020021	1444.5	1941.0	6.8620	0.90911	1.1730	817.61	-0.057720	7.4202e-05	0.11662	supercritical
1833.4	248.00	49.922	0.020031	1445.4	1942.2	6.8626	0.90919	1.1731	817.80	-0.057732	7.4227e-05	0.11667	supercritical
1834.4	248.00	49.896	0.020042	1446.3	1943.4	6.8633	0.90926	1.1732	818.00	-0.057745	7.4252e-05	0.11672	supercritical
1835.4	248.00	49.869	0.020052	1447.2	1944.5	6.8639	0.90933	1.1733	818.20	-0.057757	7.4278e-05	0.11677	supercritical
1836.4	248.00	49.843	0.020063	1448.2	1945.7	6.8646	0.90940	1.1733	818.40	-0.057769	7.4303e-05	0.11682	supercritical
1837.4	248.00	49.817	0.020073	1449.1	1946.9	6.8652	0.90948	1.1734	818.60	-0.057782	7.4328e-05	0.11687	supercritical
1838.4	248.00	49.791	0.020084	1450.0	1948.1	6.8658	0.90955	1.1735	818.80	-0.057794	7.4354e-05	0.11691	supercritical
1839.4	248.00	49.765	0.020095	1450.9	1949.2	6.8665	0.90962	1.1735	819.00	-0.057806	7.4379e-05	0.11696	supercritical
1840.4	248.00	49.739	0.020105	1451.8	1950.4	6.8671	0.90969	1.1736	819.19	-0.057818	7.4404e-05	0.11701	supercritical
1841.4	248.00	49.712	0.020116	1452.7	1951.6	6.8678	0.90976	1.1737	819.39	-0.057830	7.4430e-05	0.11706	supercritical
1842.4	248.00	49.686	0.020126	1453.6	1952.8	6.8684	0.90984	1.1737	819.59	-0.057843	7.4455e-05	0.11711	supercritical
1843.4	248.00	49.660	0.020137	1454.5	1953.9	6.8690	0.90991	1.1738	819.79	-0.057855	7.4480e-05	0.11716	supercritical
1844.4	248.00	49.634	0.020147	1455.4	1955.1	6.8697	0.90998	1.1739	819.99	-0.057867	7.4506e-05	0.11720	supercritical
1845.4	248.00	49.608	0.020158	1456.4	1956.3	6.8703	0.91005	1.1739	820.18	-0.057879	7.4531e-05	0.11725	supercritical
1846.4	248.00	49.582	0.020168	1457.3	1957.5	6.8709	0.91013	1.1740	820.38	-0.057891	7.4556e-05	0.11730	supercritical
1847.4	248.00	49.556	0.020179	1458.2	1958.6	6.8716	0.91020	1.1741	820.58	-0.057903	7.4581e-05	0.11735	supercritical
1848.4	248.00	49.531	0.020190	1459.1	1959.8	6.8722	0.91027	1.1741	820.78	-0.057915	7.4607e-05	0.11740	supercritical
1849.4	248.00	49.505	0.020200	1460.0	1961.0	6.8728	0.91034	1.1742	820.98	-0.057927	7.4632e-05	0.11745	supercritical
1850.4	248.00	49.479	0.020211	1460.9	1962.1	6.8735	0.91041	1.1743	821.17	-0.057939	7.4657e-05	0.11749	supercritical
1851.4	248.00	49.453	0.020221	1461.8	1963.3	6.8741	0.91049	1.1743	821.37	-0.057951	7.4683e-05	0.11754	supercritical
1852.4	248.00	49.427	0.020232	1462.7	1964.5	6.8747	0.91056	1.1744	821.57	-0.057963	7.4708e-05	0.11759	supercritical
1853.4	248.00	49.401	0.020242	1463.7	1965.7	6.8754	0.91063	1.1745	821.77	-0.057975	7.4733e-05	0.11764	supercritical
1854.4	248.00	49.376	0.020253	1464.6	1966.8	6.8760	0.91070	1.1745	821.96	-0.057987	7.4758e-05	0.11769	supercritical
1855.4	248.00	49.350	0.020263	1465.5	1968.0	6.8766	0.91077	1.1746	822.16	-0.057999	7.4784e-05	0.11774	supercritical
1856.4	248.00	49.324	0.020274	1466.4	1969.2	6.8773	0.91085	1.1747	822.36	-0.058011	7.4809e-05	0.11778	supercritical
1857.4	248.00	49.299	0.020285	1467.3	1970.4	6.8779	0.91092	1.1747	822.56	-0.058023	7.4834e-05	0.11783	supercritical
1858.4	248.00	49.273	0.020295	1468.2	1971.5	6.8785	0.91099	1.1748	822.75	-0.058035	7.4860e-05	0.11788	supercritical
1859.4	248.00	49.247	0.020306	1469.1	1972.7	6.8792	0.91106	1.1749	822.95	-0.058047	7.4885e-05	0.11793	supercritical
1860.4	248.00	49.222	0.020316	1470.1	1973.9	6.8798	0.91113	1.1749	823.15	-0.058059	7.4910e-05	0.11798	supercritical
1861.4	248.00	49.196	0.020327	1471.0	1975.1	6.8804	0.91121	1.1750	823.35	-0.058070	7.4935e-05	0.11803	supercritical
1862.4	248.00	49.171	0.020337	1471.9	1976.2	6.8811	0.91128	1.1751	823.54	-0.058082	7.4961e-05	0.11807	supercritical
1863.4	248.00	49.145	0.020348	1472.8	1977.4	6.8817	0.91135	1.1751	823.74	-0.058094	7.4986e-05	0.11812	supercritical
1864.4	248.00	49.120	0.020358	1473.7	1978.6	6.8823	0.91142	1.1752	823.94	-0.058106	7.5011e-05	0.11817	supercritical
1865.4	248.00	49.094	0.020369	1474.6	1979.8	6.8830	0.91149	1.1753	824.13	-0.058117	7.5036e-05	0.11822	supercritical
1866.4	248.00	49.069	0.020380	1475.5	1980.9	6.8836	0.91157	1.1753	824.33	-0.058129	7.5062e-05	0.11827	supercritical
1867.4	248.00	49.043	0.020390	1476.4	1982.1	6.8842	0.91164	1.1754	824.53	-0.058141	7.5087e-05	0.11832	supercritical
1868.4	248.00	49.018	0.020401	1477.4	1983.3	6.8848	0.91171	1.1755	824.72	-0.058153	7.5112e-05	0.11836	supercritical
1869.4	248.00	48.993	0.020411	1478.3	1984.5	6.8855	0.91178	1.1755	824.92	-0.058164	7.5137e-05	0.11841	supercritical
1870.4	248.00	48.967	0.020422	1479.2	1985.6	6.8861	0.91185	1.1756	825.12	-0.058176	7.5163e-05	0.11846	supercritical
1871.4	248.00	48.942	0.020432	1480.1	1986.8	6.8867	0.91193	1.1757	825.31	-0.058187	7.5188e-05	0.11851	supercritical
1872.4	248.00	48.917	0.020443	1481.0	1988.0	6.8874	0.91200	1.1757	825.51	-0.058199	7.5213e-05	0.11856	supercritical
1873.4	248.00	48.892	0.020453	1481.9	1989.2	6.8880	0.91207	1.1758	825.71	-0.058211	7.5238e-05	0.11860	supercritical
1874.4	248.00	48.866	0.020464	1482.8	1990.3	6.8886	0.91214	1.1759	825.90	-0.058222	7.5263e-05	0.11865	supercritical
1875.4	248.00	48.841	0.020475	1483.8	1991.5	6.8892	0.91221	1.1759	826.10	-0.058234	7.5289e-05	0.11870	supercritical
1876.4	248.00	48.816	0.020485	1484.7	1992.7	6.8899	0.91228	1.1760	826.30	-0.058245	7.5314e-05	0.11875	supercritical
1877.4	248.00	48.791	0.020496	1485.6	1993.9	6.8905	0.91236	1.1761	826.49	-0.058257	7.5339e-05	0.11880	supercritical
1878.4	248.00	48.766	0.020506	1486.5	1995.1	6.8911	0.91243	1.1761	826.69	-0.058268	7.5364e-05	0.11885	supercritical
1879.4	248.00	48.741	0.020517	1487.4	1996.2	6.8918	0.91250	1.1762	826.89	-0.058280	7.5389e-05	0.11889	supercritical
1880.4	248.00	48.716	0.020527	1488.3	1997.4	6.8924	0.91257	1.1763	827.08	-0.058291	7.5415e-05	0.11894	supercritical
1881.4	248.00	48.691	0.020538	1489.2	1998.6	6.8930	0.91264	1.1763	827.28	-0.058303	7.5440e-05	0.11899	supercritical
1882.4	248.00	48.666	0.020548	1490.2	1999.8	6.8936	0.91272	1.1764	827.47	-0.058314	7.5465e-05	0.11904	supercritical
1883.4	248.00	48.641	0.020559	1491.1	2000.9	6.8943	0.91279	1.1765	827.67	-0.058325	7.5490e-05	0.11909	supercritical
1884.4	248.00	48.616	0.020569	1492.0	2002.1	6.8949	0.91286	1.1765	827.87	-0.058337	7.5515e-05	0.11914	supercritical
1885.4	248.00	48.591	0.020580	1492.9	2003.3	6.8955	0.91293	1.1766	828.06	-0.058348	7.5541e-05	0.11918	supercritical
1886.4	248.00	48.566	0.020591	1493.8	2004.5	6.8961	0.91300	1.1767	828.26	-0.058359	7.5566e-05	0.11923	supercritical
1887.4	248.00	48.541	0.020601	1494.7	2005.6	6.8967	0.91307	1.1767	828.45	-0.058371	7.5591e-05	0.11928	supercritical
1888.4	248.00	48.516	0.020612	1495.6	2006.8	6.8974	0.91315	1.1768	828.65	-0.058382	7.5616e-05	0.11933	supercritical
1889.4	248.00	48.491	0.020622	1496.6	2008.0	6.8980	0.91322	1.1769	828.84	-0.058393	7.5641e-05	0.11938	supercritical
1890.4	248.00	48.467	0.020633	1497.5	2009.2	6.8986	0.91329	1.1769	829.04	-0.058405	7.5666e-05	0.11942	supercritical
1891.4	248.00	48.442	0.020643	1498.4	2010.3	6.8992	0.91336	1.1770	829.24	-0.058416	7.5692e-05	0.11947	supercritical
1892.4	248.00	48.417	0.020654	1499.3	2011.5	6.8999	0.91343	1.1771	829.43	-0.058427	7.5717e-05	0.11952	supercritical
1893.4	248.00	48.392	0.020664	1500.2	2012.7	6.9005	0.91350	1.1771	829.63	-0.058438	7.5742e-05	0.11957	supercritical
1894.4	248.00	48.368	0.020675	1501.1	2013.9	6.9011	0.91358	1.1772	829.82	-0.058450	7.5767e-05	0.11962	supercritical
1895.4	248.00	48.343	0.020686	1502.1	2015.1	6.9017	0.91365	1.1773	830.02	-0.058461	7.5792e-05	0.11967	supercritical
1896.4	248.00	48.318	0.020696	1503.0	2016.2	6.9023	0.91372	1.1773	830.21	-0.058472	7.5817e-05	0.11971	supercritical
1897.4	248.00	48.294	0.020707	1503.9	2017.4	6.9030	0.91379	1.1774	830.41	-0.058483	7.5843e-05	0.11976	supercritical
1898.4	248.00	48.269	0.020717	1504.8	2018.6	6.9036	0.91386	1.1775	830.60	-0.058494	7.5868e-05	0.11981	supercritical
1899.4	248.00	48.244	0.020728	1505.7	2019.8	6.9042	0.91393	1.1775	830.80	-0.058505	7.5893e-05	0.11986	supercritical
1900.4	248.00	48.220	0.020738	1506.6	2020.9	6.9048	0.91400	1.1776	830.99	-0.058516	7.5918e-05	0.11991	supercritical
1901.4	248.00	48.195	0.020749	1507.6	2022.1	6.9054	0.91408	1.1777	831.19	-0.058527	7.5943e-05	0.11995	supercritical
1902.4	248.00	48.171	0.020759	1508.5	2023.3	6.9061	0.91415	1.1777	831.38	-0.058538	7.5968e-05	0.12000	supercritical
1903.4	248.00	48.146	0.020770	1509.4	2024.5	6.9067	0.91422	1.1778	831.58	-0.058549	7.5993e-05	0.12005	supercritical
1904.4	248.00	48.122	0.020781	1510.3	2025.7	6.9073	0.91429	1.1779	831.77	-0.058560	7.6018e-05	0.12010	supercritical
1905.4	248.00	48.098	0.020791	1511.2	2026.8	6.9079	0.91436	1.1779	831.97	-0.058571	7.6044e-05	0.12015	supercritical
1906.4	248.00	48.073	0.020802	1512.1	2028.0	6.9085	0.91443	1.1780	832.16	-0.058582	7.6069e-05	0.12020	supercritical
1907.4	248.00	48.049	0.020812	1513.0	2029.2	6.9092	0.91450	1.1781	832.36	-0.058593	7.6094e-05	0.12024	supercritical
1908.4	248.00	48.024	0.020823	1514.0	2030.4	6.9098	0.91458	1.1781	832.55	-0.058604	7.6119e-05	0.12029	supercritical
1909.4	248.00	48.000	0.020833	1514.9	2031.5	6.9104	0.91465	1.1782	832.75	-0.058615	7.6144e-05	0.12034	supercritical
1910.4	248.00	47.976	0.020844	1515.8	2032.7	6.9110	0.91472	1.1783	832.94	-0.058626	7.6169e-05	0.12039	supercritical
1911.4	248.00	47.952	0.020854	1516.7	2033.9	6.9116	0.91479	1.1783	833.14	-0.058637	7.6194e-05	0.12044	supercritical
1912.4	248.00	47.927	0.020865	1517.6	2035.1	6.9122	0.91486	1.1784	833.33	-0.058648	7.6219e-05	0.12048	supercritical
1913.4	248.00	47.903	0.020875	1518.5	2036.3	6.9129	0.91493	1.1785	833.53	-0.058659	7.6244e-05	0.12053	supercritical
1914.4	248.00	47.879	0.020886	1519.5	2037.4	6.9135	0.91500	1.1785	833.72	-0.058670	7.6269e-05	0.12058	supercritical
1915.4	248.00	47.855	0.020897	1520.4	2038.6	6.9141	0.91508	1.1786	833.91	-0.058680	7.6295e-05	0.12063	supercritical
1916.4	248.00	47.831	0.020907	1521.3	2039.8	6.9147	0.91515	1.1787	834.11	-0.058691	7.6320e-05	0.12068	supercritical
1917.4	248.00	47.807	0.020918	1522.2	2041.0	6.9153	0.91522	1.1787	834.30	-0.058702	7.6345e-05	0.12073	supercritical
1918.4	248.00	47.782	0.020928	1523.1	2042.2	6.9159	0.91529	1.1788	834.50	-0.058713	7.6370e-05	0.12077	supercritical
1919.4	248.00	47.758	0.020939	1524.1	2043.3	6.9166	0.91536	1.1789	834.69	-0.058724	7.6395e-05	0.12082	supercritical
1920.4	248.00	47.734	0.020949	1525.0	2044.5	6.9172	0.91543	1.1789	834.88	-0.058734	7.6420e-05	0.12087	supercritical
1921.4	248.00	47.710	0.020960	1525.9	2045.7	6.9178	0.91550	1.1790	835.08	-0.058745	7.6445e-05	0.12092	supercritical
1922.4	248.00	47.686	0.020970	1526.8	2046.9	6.9184	0.91558	1.1791	835.27	-0.058756	7.6470e-05	0.12097	supercritical
1923.4	248.00	47.662	0.020981	1527.7	2048.0	6.9190	0.91565	1.1791	835.47	-0.058766	7.6495e-05	0.12101	supercritical
1924.4	248.00	47.638	0.020991	1528.6	2049.2	6.9196	0.91572	1.1792	835.66	-0.058777	7.6520e-05	0.12106	supercritical
1925.4	248.00	47.614	0.021002	1529.6	2050.4	6.9202	0.91579	1.1793	835.85	-0.058788	7.6545e-05	0.12111	supercritical
1926.4	248.00	47.591	0.021013	1530.5	2051.6	6.9208	0.91586	1.1794	836.05	-0.058798	7.6570e-05	0.12116	supercritical
1927.4	248.00	47.567	0.021023	1531.4	2052.8	6.9215	0.91593	1.1794	836.24	-0.058809	7.6595e-05	0.12121	supercritical
1928.4	248.00	47.543	0.021034	1532.3	2053.9	6.9221	0.91600	1.1795	836.44	-0.058819	7.6620e-05	0.12125	supercritical
1929.4	248.00	47.519	0.021044	1533.2	2055.1	6.9227	0.91607	1.1796	836.63	-0.058830	7.6645e-05	0.12130	supercritical
1930.4	248.00	47.495	0.021055	1534.1	2056.3	6.9233	0.91615	1.1796	836.82	-0.058841	7.6671e-05	0.12135	supercritical
1931.4	248.00	47.471	0.021065	1535.1	2057.5	6.9239	0.91622	1.1797	837.02	-0.058851	7.6696e-05	0.12140	supercritical
1932.4	248.00	47.448	0.021076	1536.0	2058.7	6.9245	0.91629	1.1798	837.21	-0.058862	7.6721e-05	0.12145	supercritical
1933.4	248.00	47.424	0.021086	1536.9	2059.8	6.9251	0.91636	1.1798	837.40	-0.058872	7.6746e-05	0.12149	supercritical
1934.4	248.00	47.400	0.021097	1537.8	2061.0	6.9257	0.91643	1.1799	837.60	-0.058883	7.6771e-05	0.12154	supercritical
1935.4	248.00	47.376	0.021108	1538.7	2062.2	6.9263	0.91650	1.1800	837.79	-0.058893	7.6796e-05	0.12159	supercritical
1936.4	248.00	47.353	0.021118	1539.7	2063.4	6.9270	0.91657	1.1800	837.98	-0.058904	7.6821e-05	0.12164	supercritical
1937.4	248.00	47.329	0.021129	1540.6	2064.6	6.9276	0.91664	1.1801	838.18	-0.058914	7.6846e-05	0.12169	supercritical
1938.4	248.00	47.306	0.021139	1541.5	2065.7	6.9282	0.91671	1.1802	838.37	-0.058924	7.6871e-05	0.12174	supercritical
1939.4	248.00	47.282	0.021150	1542.4	2066.9	6.9288	0.91679	1.1802	838.56	-0.058935	7.6896e-05	0.12178	supercritical
1940.4	248.00	47.258	0.021160	1543.3	2068.1	6.9294	0.91686	1.1803	838.76	-0.058945	7.6921e-05	0.12183	supercritical
1941.4	248.00	47.235	0.021171	1544.2	2069.3	6.9300	0.91693	1.1804	838.95	-0.058956	7.6946e-05	0.12188	supercritical
1942.4	248.00	47.211	0.021181	1545.2	2070.5	6.9306	0.91700	1.1804	839.14	-0.058966	7.6971e-05	0.12193	supercritical
1943.4	248.00	47.188	0.021192	1546.1	2071.6	6.9312	0.91707	1.1805	839.33	-0.058976	7.6996e-05	0.12198	supercritical
1944.4	248.00	47.164	0.021202	1547.0	2072.8	6.9318	0.91714	1.1806	839.53	-0.058987	7.7021e-05	0.12202	supercritical
1945.4	248.00	47.141	0.021213	1547.9	2074.0	6.9324	0.91721	1.1806	839.72	-0.058997	7.7046e-05	0.12207	supercritical
1946.4	248.00	47.118	0.021224	1548.8	2075.2	6.9330	0.91728	1.1807	839.91	-0.059007	7.7071e-05	0.12212	supercritical
1947.4	248.00	47.094	0.021234	1549.8	2076.4	6.9336	0.91735	1.1808	840.10	-0.059018	7.7096e-05	0.12217	supercritical
1948.4	248.00	47.071	0.021245	1550.7	2077.5	6.9342	0.91743	1.1808	840.30	-0.059028	7.7121e-05	0.12222	supercritical
1949.4	248.00	47.047	0.021255	1551.6	2078.7	6.9349	0.91750	1.1809	840.49	-0.059038	7.7146e-05	0.12226	supercritical
1950.4	248.00	47.024	0.021266	1552.5	2079.9	6.9355	0.91757	1.1810	840.68	-0.059048	7.7171e-05	0.12231	supercritical
1951.4	248.00	47.001	0.021276	1553.4	2081.1	6.9361	0.91764	1.1810	840.88	-0.059058	7.7196e-05	0.12236	supercritical
1952.4	248.00	46.977	0.021287	1554.4	2082.3	6.9367	0.91771	1.1811	841.07	-0.059069	7.7221e-05	0.12241	supercritical
1953.4	248.00	46.954	0.021297	1555.3	2083.5	6.9373	0.91778	1.1812	841.26	-0.059079	7.7246e-05	0.12246	supercritical
1954.4	248.00	46.931	0.021308	1556.2	2084.6	6.9379	0.91785	1.1812	841.45	-0.059089	7.7271e-05	0.12250	supercritical
1955.4	248.00	46.908	0.021318	1557.1	2085.8	6.9385	0.91792	1.1813	841.64	-0.059099	7.7296e-05	0.12255	supercritical
1956.4	248.00	46.885	0.021329	1558.0	2087.0	6.9391	0.91799	1.1814	841.84	-0.059109	7.7321e-05	0.12260	supercritical
1957.4	248.00	46.861	0.021340	1559.0	2088.2	6.9397	0.91806	1.1814	842.03	-0.059119	7.7346e-05	0.12265	supercritical
1958.4	248.00	46.838	0.021350	1559.9	2089.4	6.9403	0.91813	1.1815	842.22	-0.059129	7.7371e-05	0.12270	supercritical
1959.4	248.00	46.815	0.021361	1560.8	2090.5	6.9409	0.91821	1.1816	842.41	-0.059139	7.7396e-05	0.12274	supercritical
1960.4	248.00	46.792	0.021371	1561.7	2091.7	6.9415	0.91828	1.1816	842.61	-0.059150	7.7420e-05	0.12279	supercritical
1961.4	248.00	46.769	0.021382	1562.6	2092.9	6.9421	0.91835	1.1817	842.80	-0.059160	7.7445e-05	0.12284	supercritical
1962.4	248.00	46.746	0.021392	1563.6	2094.1	6.9427	0.91842	1.1818	842.99	-0.059170	7.7470e-05	0.12289	supercritical
1963.4	248.00	46.723	0.021403	1564.5	2095.3	6.9433	0.91849	1.1818	843.18	-0.059180	7.7495e-05	0.12294	supercritical
1964.4	248.00	46.700	0.021413	1565.4	2096.4	6.9439	0.91856	1.1819	843.37	-0.059190	7.7520e-05	0.12298	supercritical
1965.4	248.00	46.677	0.021424	1566.3	2097.6	6.9445	0.91863	1.1820	843.56	-0.059200	7.7545e-05	0.12303	supercritical
1966.4	248.00	46.654	0.021434	1567.2	2098.8	6.9451	0.91870	1.1820	843.76	-0.059210	7.7570e-05	0.12308	supercritical
1967.4	248.00	46.631	0.021445	1568.2	2100.0	6.9457	0.91877	1.1821	843.95	-0.059219	7.7595e-05	0.12313	supercritical
1968.4	248.00	46.608	0.021456	1569.1	2101.2	6.9463	0.91884	1.1822	844.14	-0.059229	7.7620e-05	0.12318	supercritical
1969.4	248.00	46.585	0.021466	1570.0	2102.4	6.9469	0.91891	1.1822	844.33	-0.059239	7.7645e-05	0.12322	supercritical
1970.4	248.00	46.562	0.021477	1570.9	2103.5	6.9475	0.91899	1.1823	844.52	-0.059249	7.7670e-05	0.12327	supercritical
1971.4	248.00	46.539	0.021487	1571.8	2104.7	6.9481	0.91906	1.1824	844.71	-0.059259	7.7695e-05	0.12332	supercritical
1972.4	248.00	46.517	0.021498	1572.8	2105.9	6.9487	0.91913	1.1824	844.91	-0.059269	7.7720e-05	0.12337	supercritical
1973.4	248.00	46.494	0.021508	1573.7	2107.1	6.9493	0.91920	1.1825	845.10	-0.059279	7.7745e-05	0.12342	supercritical
1974.4	248.00	46.471	0.021519	1574.6	2108.3	6.9499	0.91927	1.1826	845.29	-0.059289	7.7770e-05	0.12346	supercritical
1975.4	248.00	46.448	0.021529	1575.5	2109.5	6.9505	0.91934	1.1826	845.48	-0.059298	7.7794e-05	0.12351	supercritical
1976.4	248.00	46.426	0.021540	1576.4	2110.6	6.9511	0.91941	1.1827	845.67	-0.059308	7.7819e-05	0.12356	supercritical
1977.4	248.00	46.403	0.021550	1577.4	2111.8	6.9517	0.91948	1.1828	845.86	-0.059318	7.7844e-05	0.12361	supercritical
1978.4	248.00	46.380	0.021561	1578.3	2113.0	6.9523	0.91955	1.1828	846.05	-0.059328	7.7869e-05	0.12366	supercritical
1979.4	248.00	46.357	0.021572	1579.2	2114.2	6.9529	0.91962	1.1829	846.24	-0.059338	7.7894e-05	0.12370	supercritical
1980.4	248.00	46.335	0.021582	1580.1	2115.4	6.9535	0.91969	1.1830	846.44	-0.059347	7.7919e-05	0.12375	supercritical
1981.4	248.00	46.312	0.021593	1581.1	2116.6	6.9541	0.91976	1.1830	846.63	-0.059357	7.7944e-05	0.12380	supercritical
1982.4	248.00	46.290	0.021603	1582.0	2117.7	6.9547	0.91983	1.1831	846.82	-0.059367	7.7969e-05	0.12385	supercritical
1983.4	248.00	46.267	0.021614	1582.9	2118.9	6.9553	0.91990	1.1832	847.01	-0.059376	7.7994e-05	0.12390	supercritical
1984.4	248.00	46.244	0.021624	1583.8	2120.1	6.9559	0.91997	1.1832	847.20	-0.059386	7.8019e-05	0.12394	supercritical
1985.4	248.00	46.222	0.021635	1584.7	2121.3	6.9565	0.92005	1.1833	847.39	-0.059396	7.8043e-05	0.12399	supercritical
1986.4	248.00	46.199	0.021645	1585.7	2122.5	6.9571	0.92012	1.1834	847.58	-0.059405	7.8068e-05	0.12404	supercritical
1987.4	248.00	46.177	0.021656	1586.6	2123.7	6.9577	0.92019	1.1834	847.77	-0.059415	7.8093e-05	0.12409	supercritical
1988.4	248.00	46.154	0.021666	1587.5	2124.8	6.9583	0.92026	1.1835	847.96	-0.059425	7.8118e-05	0.12413	supercritical
1989.4	248.00	46.132	0.021677	1588.4	2126.0	6.9589	0.92033	1.1836	848.15	-0.059434	7.8143e-05	0.12418	supercritical
1990.4	248.00	46.110	0.021687	1589.4	2127.2	6.9595	0.92040	1.1836	848.34	-0.059444	7.8168e-05	0.12423	supercritical
1991.4	248.00	46.087	0.021698	1590.3	2128.4	6.9601	0.92047	1.1837	848.53	-0.059453	7.8193e-05	0.12428	supercritical
1992.4	248.00	46.065	0.021709	1591.2	2129.6	6.9606	0.92054	1.1838	848.72	-0.059463	7.8218e-05	0.12433	supercritical
1993.4	248.00	46.042	0.021719	1592.1	2130.8	6.9612	0.92061	1.1838	848.91	-0.059472	7.8242e-05	0.12437	supercritical
1994.4	248.00	46.020	0.021730	1593.0	2131.9	6.9618	0.92068	1.1839	849.10	-0.059482	7.8267e-05	0.12442	supercritical
1995.4	248.00	45.998	0.021740	1594.0	2133.1	6.9624	0.92075	1.1840	849.29	-0.059491	7.8292e-05	0.12447	supercritical
1996.4	248.00	45.975	0.021751	1594.9	2134.3	6.9630	0.92082	1.1840	849.48	-0.059501	7.8317e-05	0.12452	supercritical
1997.4	248.00	45.953	0.021761	1595.8	2135.5	6.9636	0.92089	1.1841	849.68	-0.059510	7.8342e-05	0.12457	supercritical
1998.4	248.00	45.931	0.021772	1596.7	2136.7	6.9642	0.92096	1.1842	849.87	-0.059520	7.8367e-05	0.12461	supercritical
1999.4	248.00	45.909	0.021782	1597.7	2137.9	6.9648	0.92103	1.1842	850.06	-0.059529	7.8392e-05	0.12466	supercritical