Temperature (K)	Pressure (bar)	Density (kg/m3)	Volume (m3/kg)	Internal Energy (kJ/kg)	Enthalpy (kJ/kg)	Entropy (J/g*K)	Cv (J/g*K)	Cp (J/g*K)	Sound Spd. (m/s)	Joule-Thomson (K/bar)	Viscosity (Pa*s)	Therm. Cond. (W/m*K)	Phase
54.361	806.00	1379.9	0.00072468	-200.92	-142.51	1.9299	1.0660	1.4693	1338.1	-0.042913	0.0013129	0.22756	liquid
63.361	806.00	1349.5	0.00074102	-188.26	-128.54	2.1674	1.1192	1.5991	1307.4	-0.038952	0.00084985	0.22005	liquid
64.361	806.00	1346.1	0.00074289	-186.81	-126.93	2.1925	1.1196	1.6029	1302.4	-0.038835	0.00081367	0.21918	liquid
65.361	806.00	1342.7	0.00074476	-185.36	-125.33	2.2172	1.1193	1.6056	1297.3	-0.038750	0.00077978	0.21831	liquid
66.361	806.00	1339.3	0.00074664	-183.90	-123.72	2.2416	1.1184	1.6073	1292.2	-0.038691	0.00074802	0.21744	liquid
67.361	806.00	1336.0	0.00074852	-182.45	-122.12	2.2657	1.1170	1.6081	1287.1	-0.038654	0.00071822	0.21657	liquid
68.361	806.00	1332.6	0.00075041	-180.99	-120.51	2.2894	1.1151	1.6082	1281.9	-0.038636	0.00069024	0.21569	liquid
69.361	806.00	1329.3	0.00075230	-179.53	-118.90	2.3127	1.1129	1.6077	1276.7	-0.038632	0.00066395	0.21481	liquid
70.361	806.00	1325.9	0.00075419	-178.08	-117.29	2.3357	1.1103	1.6067	1271.6	-0.038642	0.00063923	0.21394	liquid
71.361	806.00	1322.6	0.00075609	-176.63	-115.69	2.3584	1.1074	1.6053	1266.4	-0.038661	0.00061596	0.21306	liquid
72.361	806.00	1319.3	0.00075799	-175.18	-114.08	2.3807	1.1043	1.6035	1261.3	-0.038689	0.00059404	0.21218	liquid
73.361	806.00	1316.0	0.00075989	-173.73	-112.48	2.4027	1.1010	1.6014	1256.2	-0.038724	0.00057338	0.21129	liquid
74.361	806.00	1312.7	0.00076180	-172.28	-110.88	2.4244	1.0975	1.5991	1251.1	-0.038764	0.00055389	0.21041	liquid
75.361	806.00	1309.4	0.00076371	-170.84	-109.28	2.4457	1.0939	1.5966	1246.1	-0.038807	0.00053549	0.20953	liquid
76.361	806.00	1306.1	0.00076562	-169.40	-107.69	2.4668	1.0902	1.5940	1241.0	-0.038854	0.00051809	0.20864	liquid
77.361	806.00	1302.9	0.00076754	-167.96	-106.09	2.4875	1.0864	1.5912	1236.0	-0.038904	0.00050164	0.20776	liquid
78.361	806.00	1299.6	0.00076946	-166.52	-104.50	2.5079	1.0826	1.5884	1231.1	-0.038954	0.00048607	0.20688	liquid
79.361	806.00	1296.4	0.00077139	-165.09	-102.92	2.5280	1.0787	1.5855	1226.2	-0.039005	0.00047131	0.20599	liquid
80.361	806.00	1293.1	0.00077332	-163.66	-101.33	2.5479	1.0748	1.5826	1221.3	-0.039057	0.00045733	0.20511	liquid
81.361	806.00	1289.9	0.00077525	-162.24	-99.752	2.5674	1.0708	1.5796	1216.4	-0.039107	0.00044406	0.20422	liquid
82.361	806.00	1286.7	0.00077719	-160.82	-98.174	2.5867	1.0669	1.5767	1211.6	-0.039158	0.00043145	0.20333	liquid
83.361	806.00	1283.5	0.00077913	-159.40	-96.598	2.6057	1.0629	1.5738	1206.8	-0.039207	0.00041948	0.20245	liquid
84.361	806.00	1280.3	0.00078108	-157.98	-95.026	2.6244	1.0590	1.5708	1202.0	-0.039255	0.00040808	0.20156	liquid
85.361	806.00	1277.1	0.00078303	-156.57	-93.457	2.6429	1.0551	1.5680	1197.3	-0.039301	0.00039724	0.20068	liquid
86.361	806.00	1273.9	0.00078499	-155.16	-91.890	2.6612	1.0512	1.5651	1192.6	-0.039345	0.00038692	0.19979	liquid
87.361	806.00	1270.7	0.00078695	-153.75	-90.326	2.6792	1.0474	1.5623	1187.9	-0.039387	0.00037707	0.19891	liquid
88.361	806.00	1267.6	0.00078892	-152.35	-88.765	2.6970	1.0435	1.5595	1183.3	-0.039428	0.00036768	0.19802	liquid
89.361	806.00	1264.4	0.00079089	-150.95	-87.207	2.7145	1.0397	1.5568	1178.6	-0.039466	0.00035872	0.19713	liquid
90.361	806.00	1261.2	0.00079287	-149.56	-85.652	2.7318	1.0360	1.5541	1174.1	-0.039501	0.00035015	0.19625	liquid
91.361	806.00	1258.1	0.00079485	-148.16	-84.099	2.7489	1.0323	1.5515	1169.5	-0.039535	0.00034196	0.19536	liquid
92.361	806.00	1255.0	0.00079684	-146.77	-82.549	2.7658	1.0286	1.5489	1165.0	-0.039566	0.00033413	0.19448	liquid
93.361	806.00	1251.8	0.00079884	-145.39	-81.001	2.7824	1.0250	1.5464	1160.5	-0.039594	0.00032663	0.19360	liquid
94.361	806.00	1248.7	0.00080084	-144.00	-79.456	2.7989	1.0214	1.5439	1156.0	-0.039620	0.00031945	0.19271	liquid
95.361	806.00	1245.6	0.00080284	-142.62	-77.913	2.8152	1.0179	1.5415	1151.5	-0.039643	0.00031256	0.19183	liquid
96.361	806.00	1242.5	0.00080486	-141.24	-76.373	2.8312	1.0144	1.5392	1147.1	-0.039664	0.00030595	0.19095	liquid
97.361	806.00	1239.3	0.00080688	-139.87	-74.835	2.8471	1.0110	1.5369	1142.7	-0.039683	0.00029961	0.19007	liquid
98.361	806.00	1236.2	0.00080890	-138.50	-73.299	2.8628	1.0076	1.5346	1138.4	-0.039699	0.00029352	0.18919	liquid
99.361	806.00	1233.1	0.00081094	-137.13	-71.766	2.8783	1.0042	1.5324	1134.0	-0.039712	0.00028766	0.18831	liquid
100.36	806.00	1230.0	0.00081298	-135.76	-70.234	2.8936	1.0009	1.5303	1129.7	-0.039724	0.00028203	0.18743	liquid
101.36	806.00	1227.0	0.00081503	-134.40	-68.705	2.9088	0.99764	1.5282	1125.4	-0.039732	0.00027660	0.18655	liquid
102.36	806.00	1223.9	0.00081708	-133.03	-67.178	2.9238	0.99443	1.5261	1121.1	-0.039739	0.00027138	0.18567	liquid
103.36	806.00	1220.8	0.00081914	-131.68	-65.653	2.9386	0.99125	1.5241	1116.9	-0.039743	0.00026635	0.18479	liquid
104.36	806.00	1217.7	0.00082121	-130.32	-64.130	2.9533	0.98812	1.5221	1112.7	-0.039744	0.00026150	0.18392	liquid
105.36	806.00	1214.6	0.00082328	-128.97	-62.609	2.9678	0.98504	1.5202	1108.5	-0.039744	0.00025682	0.18304	liquid
106.36	806.00	1211.6	0.00082537	-127.61	-61.089	2.9821	0.98199	1.5183	1104.3	-0.039741	0.00025230	0.18217	liquid
107.36	806.00	1208.5	0.00082746	-126.27	-59.572	2.9963	0.97899	1.5165	1100.1	-0.039736	0.00024794	0.18130	liquid
108.36	806.00	1205.5	0.00082956	-124.92	-58.056	3.0104	0.97602	1.5147	1096.0	-0.039729	0.00024372	0.18043	liquid
109.36	806.00	1202.4	0.00083166	-123.57	-56.543	3.0243	0.97310	1.5129	1091.9	-0.039719	0.00023964	0.17956	liquid
110.36	806.00	1199.4	0.00083378	-122.23	-55.031	3.0381	0.97021	1.5112	1087.8	-0.039708	0.00023569	0.17869	liquid
111.36	806.00	1196.3	0.00083590	-120.89	-53.520	3.0517	0.96736	1.5095	1083.7	-0.039694	0.00023187	0.17783	liquid
112.36	806.00	1193.3	0.00083803	-119.56	-52.012	3.0652	0.96455	1.5078	1079.7	-0.039679	0.00022817	0.17696	liquid
113.36	806.00	1190.2	0.00084017	-118.22	-50.505	3.0785	0.96178	1.5062	1075.7	-0.039661	0.00022458	0.17610	liquid
114.36	806.00	1187.2	0.00084231	-116.89	-48.999	3.0918	0.95904	1.5046	1071.7	-0.039642	0.00022111	0.17524	liquid
115.36	806.00	1184.2	0.00084447	-115.56	-47.496	3.1048	0.95633	1.5030	1067.7	-0.039620	0.00021773	0.17438	liquid
116.36	806.00	1181.2	0.00084663	-114.23	-45.993	3.1178	0.95366	1.5014	1063.8	-0.039597	0.00021446	0.17352	liquid
117.36	806.00	1178.1	0.00084880	-112.91	-44.493	3.1307	0.95102	1.4999	1059.8	-0.039572	0.00021128	0.17266	liquid
118.36	806.00	1175.1	0.00085098	-111.58	-42.994	3.1434	0.94842	1.4984	1055.9	-0.039545	0.00020819	0.17181	liquid
119.36	806.00	1172.1	0.00085317	-110.26	-41.496	3.1560	0.94585	1.4969	1052.1	-0.039516	0.00020519	0.17096	liquid
120.36	806.00	1169.1	0.00085536	-108.94	-40.000	3.1685	0.94330	1.4955	1048.2	-0.039486	0.00020227	0.17011	liquid
121.36	806.00	1166.1	0.00085757	-107.63	-38.505	3.1808	0.94079	1.4940	1044.4	-0.039453	0.00019943	0.16926	liquid
122.36	806.00	1163.1	0.00085978	-106.31	-37.012	3.1931	0.93831	1.4926	1040.5	-0.039419	0.00019667	0.16842	liquid
123.36	806.00	1160.1	0.00086200	-105.00	-35.520	3.2052	0.93586	1.4912	1036.7	-0.039384	0.00019397	0.16757	liquid
124.36	806.00	1157.1	0.00086424	-103.69	-34.029	3.2173	0.93344	1.4898	1033.0	-0.039346	0.00019135	0.16673	liquid
125.36	806.00	1154.1	0.00086648	-102.38	-32.540	3.2292	0.93105	1.4885	1029.2	-0.039308	0.00018880	0.16589	liquid
126.36	806.00	1151.1	0.00086873	-101.07	-31.052	3.2410	0.92868	1.4871	1025.5	-0.039267	0.00018631	0.16506	liquid
127.36	806.00	1148.1	0.00087098	-99.767	-29.566	3.2527	0.92634	1.4858	1021.8	-0.039225	0.00018388	0.16422	liquid
128.36	806.00	1145.1	0.00087325	-98.465	-28.081	3.2643	0.92403	1.4845	1018.1	-0.039181	0.00018151	0.16339	liquid
129.36	806.00	1142.2	0.00087553	-97.164	-26.597	3.2758	0.92174	1.4832	1014.4	-0.039136	0.00017920	0.16257	liquid
130.36	806.00	1139.2	0.00087781	-95.866	-25.114	3.2873	0.91948	1.4819	1010.7	-0.039090	0.00017694	0.16174	liquid
131.36	806.00	1136.2	0.00088011	-94.570	-23.633	3.2986	0.91725	1.4806	1007.1	-0.039041	0.00017474	0.16092	liquid
132.36	806.00	1133.3	0.00088241	-93.275	-22.153	3.3098	0.91504	1.4794	1003.5	-0.038992	0.00017259	0.16010	liquid
133.36	806.00	1130.3	0.00088472	-91.983	-20.674	3.3209	0.91285	1.4781	999.92	-0.038941	0.00017048	0.15928	liquid
134.36	806.00	1127.3	0.00088705	-90.693	-19.197	3.3320	0.91069	1.4769	996.36	-0.038888	0.00016842	0.15846	liquid
135.36	806.00	1124.4	0.00088938	-89.405	-17.721	3.3429	0.90855	1.4757	992.81	-0.038835	0.00016641	0.15765	liquid
136.36	806.00	1121.4	0.00089172	-88.118	-16.246	3.3538	0.90643	1.4744	989.29	-0.038779	0.00016444	0.15684	liquid
137.36	806.00	1118.5	0.00089407	-86.834	-14.772	3.3645	0.90434	1.4732	985.79	-0.038723	0.00016252	0.15604	liquid
138.36	806.00	1115.5	0.00089643	-85.552	-13.299	3.3752	0.90227	1.4720	982.31	-0.038665	0.00016063	0.15524	liquid
139.36	806.00	1112.6	0.00089880	-84.271	-11.828	3.3858	0.90022	1.4708	978.85	-0.038605	0.00015879	0.15444	liquid
140.36	806.00	1109.7	0.00090118	-82.993	-10.357	3.3963	0.89819	1.4697	975.41	-0.038545	0.00015698	0.15364	liquid
141.36	806.00	1106.7	0.00090357	-81.716	-8.8883	3.4068	0.89619	1.4685	971.99	-0.038483	0.00015521	0.15285	liquid
142.36	806.00	1103.8	0.00090597	-80.442	-7.4204	3.4171	0.89420	1.4673	968.59	-0.038420	0.00015348	0.15206	liquid
143.36	806.00	1100.9	0.00090838	-79.169	-5.9537	3.4274	0.89224	1.4661	965.22	-0.038355	0.00015178	0.15127	liquid
144.36	806.00	1097.9	0.00091080	-77.899	-4.4881	3.4376	0.89029	1.4650	961.86	-0.038290	0.00015011	0.15049	liquid
145.36	806.00	1095.0	0.00091323	-76.630	-3.0237	3.4477	0.88837	1.4638	958.53	-0.038223	0.00014848	0.14971	liquid
146.36	806.00	1092.1	0.00091567	-75.363	-1.5605	3.4577	0.88646	1.4627	955.22	-0.038154	0.00014688	0.14893	liquid
147.36	806.00	1089.2	0.00091811	-74.098	-0.098357	3.4677	0.88458	1.4615	951.92	-0.038085	0.00014531	0.14816	liquid
148.36	806.00	1086.3	0.00092057	-72.835	1.3626	3.4775	0.88271	1.4604	948.65	-0.038014	0.00014376	0.14739	liquid
149.36	806.00	1083.4	0.00092304	-71.575	2.8224	3.4874	0.88087	1.4593	945.40	-0.037943	0.00014225	0.14663	liquid
150.36	806.00	1080.5	0.00092552	-70.316	4.2811	3.4971	0.87904	1.4581	942.17	-0.037870	0.00014077	0.14586	liquid
151.36	806.00	1077.6	0.00092801	-69.059	5.7387	3.5068	0.87723	1.4570	938.96	-0.037796	0.00013931	0.14511	liquid
152.36	806.00	1074.7	0.00093050	-67.803	7.1951	3.5163	0.87544	1.4559	935.78	-0.037720	0.00013788	0.14435	liquid
153.36	806.00	1071.8	0.00093301	-66.550	8.6505	3.5259	0.87366	1.4548	932.61	-0.037644	0.00013647	0.14360	liquid
154.36	806.00	1068.9	0.00093553	-65.299	10.105	3.5353	0.87191	1.4536	929.46	-0.037566	0.00013509	0.14285	liquid
155.36	806.00	1066.0	0.00093806	-64.050	11.558	3.5447	0.87017	1.4525	926.34	-0.037488	0.00013373	0.14211	supercritical
156.36	806.00	1063.2	0.00094060	-62.802	13.010	3.5540	0.86845	1.4514	923.23	-0.037408	0.00013240	0.14137	supercritical
157.36	806.00	1060.3	0.00094314	-61.557	14.461	3.5633	0.86675	1.4503	920.15	-0.037327	0.00013109	0.14063	supercritical
158.36	806.00	1057.4	0.00094570	-60.313	15.910	3.5724	0.86506	1.4492	917.09	-0.037246	0.00012980	0.13990	supercritical
159.36	806.00	1054.6	0.00094827	-59.072	17.359	3.5816	0.86339	1.4481	914.05	-0.037163	0.00012854	0.13918	supercritical
160.36	806.00	1051.7	0.00095085	-57.832	18.806	3.5906	0.86173	1.4470	911.03	-0.037079	0.00012729	0.13845	supercritical
161.36	806.00	1048.8	0.00095344	-56.594	20.253	3.5996	0.86010	1.4459	908.03	-0.036994	0.00012607	0.13773	supercritical
162.36	806.00	1046.0	0.00095604	-55.358	21.698	3.6085	0.85847	1.4448	905.05	-0.036908	0.00012487	0.13702	supercritical
163.36	806.00	1043.1	0.00095865	-54.124	23.142	3.6174	0.85687	1.4437	902.09	-0.036821	0.00012369	0.13631	supercritical
164.36	806.00	1040.3	0.00096127	-52.892	24.586	3.6262	0.85528	1.4426	899.15	-0.036733	0.00012252	0.13560	supercritical
165.36	806.00	1037.5	0.00096390	-51.662	26.028	3.6350	0.85370	1.4415	896.24	-0.036644	0.00012138	0.13489	supercritical
166.36	806.00	1034.6	0.00096653	-50.434	27.469	3.6437	0.85214	1.4404	893.34	-0.036554	0.00012026	0.13420	supercritical
167.36	806.00	1031.8	0.00096919	-49.208	28.908	3.6523	0.85060	1.4393	890.47	-0.036463	0.00011915	0.13350	supercritical
168.36	806.00	1029.0	0.00097185	-47.984	30.347	3.6608	0.84907	1.4382	887.61	-0.036371	0.00011806	0.13281	supercritical
169.36	806.00	1026.2	0.00097452	-46.761	31.785	3.6694	0.84756	1.4371	884.78	-0.036279	0.00011699	0.13212	supercritical
170.36	806.00	1023.3	0.00097720	-45.541	33.221	3.6778	0.84606	1.4360	881.96	-0.036185	0.00011593	0.13144	supercritical
171.36	806.00	1020.5	0.00097989	-44.322	34.657	3.6862	0.84457	1.4349	879.17	-0.036090	0.00011489	0.13076	supercritical
172.36	806.00	1017.7	0.00098259	-43.106	36.091	3.6946	0.84310	1.4338	876.40	-0.035995	0.00011387	0.13009	supercritical
173.36	806.00	1014.9	0.00098530	-41.891	37.524	3.7029	0.84165	1.4327	873.65	-0.035899	0.00011286	0.12942	supercritical
174.36	806.00	1012.1	0.00098802	-40.678	38.956	3.7111	0.84020	1.4316	870.92	-0.035802	0.00011187	0.12876	supercritical
175.36	806.00	1009.3	0.00099076	-39.468	40.387	3.7193	0.83878	1.4305	868.21	-0.035704	0.00011090	0.12810	supercritical
176.36	806.00	1006.5	0.00099350	-38.259	41.817	3.7274	0.83736	1.4294	865.52	-0.035605	0.00010994	0.12744	supercritical
177.36	806.00	1003.8	0.00099625	-37.052	43.246	3.7355	0.83596	1.4283	862.85	-0.035505	0.00010899	0.12679	supercritical
178.36	806.00	1001.0	0.00099901	-35.847	44.674	3.7435	0.83457	1.4271	860.21	-0.035405	0.00010806	0.12614	supercritical
179.36	806.00	998.22	0.0010018	-34.644	46.100	3.7515	0.83320	1.4260	857.58	-0.035304	0.00010715	0.12550	supercritical
180.36	806.00	995.45	0.0010046	-33.443	47.526	3.7594	0.83184	1.4249	854.97	-0.035202	0.00010624	0.12486	supercritical
181.36	806.00	992.69	0.0010074	-32.243	48.950	3.7673	0.83049	1.4238	852.39	-0.035099	0.00010535	0.12423	supercritical
182.36	806.00	989.93	0.0010102	-31.046	50.373	3.7751	0.82916	1.4227	849.82	-0.034995	0.00010448	0.12360	supercritical
183.36	806.00	987.18	0.0010130	-29.851	51.796	3.7829	0.82784	1.4216	847.27	-0.034891	0.00010362	0.12297	supercritical
184.36	806.00	984.44	0.0010158	-28.657	53.217	3.7906	0.82653	1.4205	844.75	-0.034786	0.00010277	0.12235	supercritical
185.36	806.00	981.70	0.0010186	-27.466	54.637	3.7983	0.82524	1.4194	842.24	-0.034681	0.00010193	0.12173	supercritical
186.36	806.00	978.97	0.0010215	-26.276	56.055	3.8059	0.82395	1.4183	839.76	-0.034575	0.00010111	0.12112	supercritical
187.36	806.00	976.24	0.0010243	-25.089	57.473	3.8135	0.82268	1.4172	837.29	-0.034468	0.00010029	0.12052	supercritical
188.36	806.00	973.51	0.0010272	-23.903	58.890	3.8211	0.82143	1.4160	834.85	-0.034360	9.9495e-05	0.11991	supercritical
189.36	806.00	970.80	0.0010301	-22.719	60.305	3.8286	0.82018	1.4149	832.43	-0.034252	9.8707e-05	0.11932	supercritical
190.36	806.00	968.08	0.0010330	-21.538	61.720	3.8360	0.81895	1.4138	830.02	-0.034143	9.7930e-05	0.11872	supercritical
191.36	806.00	965.38	0.0010359	-20.358	63.133	3.8434	0.81773	1.4127	827.64	-0.034034	9.7165e-05	0.11814	supercritical
192.36	806.00	962.68	0.0010388	-19.180	64.545	3.8508	0.81652	1.4116	825.27	-0.033924	9.6411e-05	0.11755	supercritical
193.36	806.00	959.98	0.0010417	-18.004	65.956	3.8581	0.81532	1.4104	822.93	-0.033813	9.5669e-05	0.11697	supercritical
194.36	806.00	957.29	0.0010446	-16.830	67.366	3.8654	0.81414	1.4093	820.61	-0.033702	9.4937e-05	0.11640	supercritical
195.36	806.00	954.61	0.0010475	-15.658	68.775	3.8726	0.81296	1.4082	818.30	-0.033591	9.4216e-05	0.11583	supercritical
196.36	806.00	951.93	0.0010505	-14.488	70.182	3.8798	0.81180	1.4070	816.02	-0.033479	9.3506e-05	0.11526	supercritical
197.36	806.00	949.26	0.0010534	-13.319	71.589	3.8869	0.81065	1.4059	813.75	-0.033366	9.2806e-05	0.11470	supercritical
198.36	806.00	946.60	0.0010564	-12.153	72.994	3.8940	0.80951	1.4048	811.51	-0.033253	9.2116e-05	0.11414	supercritical
199.36	806.00	943.94	0.0010594	-10.989	74.398	3.9011	0.80838	1.4036	809.28	-0.033140	9.1436e-05	0.11359	supercritical
200.36	806.00	941.29	0.0010624	-9.8262	75.801	3.9081	0.80726	1.4025	807.07	-0.033026	9.0766e-05	0.11304	supercritical
201.36	806.00	938.64	0.0010654	-8.6657	77.203	3.9151	0.80616	1.4014	804.89	-0.032912	9.0106e-05	0.11250	supercritical
202.36	806.00	936.00	0.0010684	-7.5071	78.604	3.9220	0.80506	1.4002	802.72	-0.032797	8.9455e-05	0.11196	supercritical
203.36	806.00	933.37	0.0010714	-6.3505	80.004	3.9289	0.80398	1.3991	800.57	-0.032682	8.8814e-05	0.11143	supercritical
204.36	806.00	930.74	0.0010744	-5.1958	81.402	3.9358	0.80291	1.3979	798.45	-0.032566	8.8183e-05	0.11090	supercritical
205.36	806.00	928.12	0.0010775	-4.0430	82.800	3.9426	0.80184	1.3968	796.34	-0.032451	8.7560e-05	0.11038	supercritical
206.36	806.00	925.50	0.0010805	-2.8922	84.196	3.9494	0.80079	1.3956	794.25	-0.032334	8.6946e-05	0.10986	supercritical
207.36	806.00	922.89	0.0010835	-1.7433	85.591	3.9561	0.79975	1.3945	792.18	-0.032218	8.6342e-05	0.10934	supercritical
208.36	806.00	920.29	0.0010866	-0.59628	86.985	3.9628	0.79872	1.3933	790.12	-0.032101	8.5746e-05	0.10883	supercritical
209.36	806.00	917.70	0.0010897	0.54876	88.377	3.9695	0.79770	1.3922	788.09	-0.031984	8.5158e-05	0.10832	supercritical
210.36	806.00	915.11	0.0010928	1.6919	89.769	3.9761	0.79669	1.3910	786.08	-0.031867	8.4579e-05	0.10782	supercritical
211.36	806.00	912.52	0.0010959	2.8331	91.159	3.9827	0.79569	1.3898	784.08	-0.031750	8.4009e-05	0.10733	supercritical
212.36	806.00	909.95	0.0010990	3.9723	92.549	3.9893	0.79470	1.3887	782.10	-0.031632	8.3446e-05	0.10683	supercritical
213.36	806.00	907.38	0.0011021	5.1097	93.937	3.9958	0.79372	1.3875	780.15	-0.031515	8.2892e-05	0.10634	supercritical
214.36	806.00	904.82	0.0011052	6.2451	95.324	4.0023	0.79275	1.3863	778.21	-0.031397	8.2346e-05	0.10586	supercritical
215.36	806.00	902.26	0.0011083	7.3786	96.709	4.0088	0.79179	1.3852	776.29	-0.031279	8.1808e-05	0.10538	supercritical
216.36	806.00	899.71	0.0011115	8.5101	98.094	4.0152	0.79084	1.3840	774.38	-0.031160	8.1277e-05	0.10491	supercritical
217.36	806.00	897.17	0.0011146	9.6398	99.478	4.0215	0.78990	1.3828	772.50	-0.031042	8.0754e-05	0.10444	supercritical
218.36	806.00	894.64	0.0011178	10.768	100.86	4.0279	0.78897	1.3817	770.63	-0.030924	8.0239e-05	0.10397	supercritical
219.36	806.00	892.11	0.0011209	11.893	102.24	4.0342	0.78805	1.3805	768.79	-0.030805	7.9731e-05	0.10351	supercritical
220.36	806.00	889.59	0.0011241	13.017	103.62	4.0405	0.78714	1.3793	766.96	-0.030687	7.9231e-05	0.10305	supercritical
221.36	806.00	887.08	0.0011273	14.139	105.00	4.0467	0.78624	1.3781	765.15	-0.030568	7.8737e-05	0.10260	supercritical
222.36	806.00	884.57	0.0011305	15.259	106.38	4.0529	0.78535	1.3769	763.35	-0.030450	7.8251e-05	0.10215	supercritical
223.36	806.00	882.07	0.0011337	16.377	107.75	4.0591	0.78446	1.3757	761.58	-0.030331	7.7772e-05	0.10171	supercritical
224.36	806.00	879.58	0.0011369	17.494	109.13	4.0652	0.78359	1.3746	759.82	-0.030213	7.7299e-05	0.10127	supercritical
225.36	806.00	877.10	0.0011401	18.608	110.50	4.0714	0.78272	1.3734	758.08	-0.030094	7.6834e-05	0.10083	supercritical
226.36	806.00	874.62	0.0011434	19.721	111.88	4.0774	0.78187	1.3722	756.35	-0.029976	7.6375e-05	0.10040	supercritical
227.36	806.00	872.15	0.0011466	20.831	113.25	4.0835	0.78102	1.3710	754.65	-0.029858	7.5923e-05	0.099975	supercritical
228.36	806.00	869.68	0.0011498	21.940	114.62	4.0895	0.78019	1.3698	752.96	-0.029740	7.5477e-05	0.099553	supercritical
229.36	806.00	867.23	0.0011531	23.047	115.99	4.0955	0.77936	1.3686	751.29	-0.029622	7.5038e-05	0.099135	supercritical
230.36	806.00	864.78	0.0011564	24.151	117.35	4.1014	0.77854	1.3674	749.64	-0.029504	7.4605e-05	0.098721	supercritical
231.36	806.00	862.34	0.0011596	25.254	118.72	4.1073	0.77773	1.3662	748.00	-0.029387	7.4178e-05	0.098311	supercritical
232.36	806.00	859.91	0.0011629	26.356	120.09	4.1132	0.77693	1.3650	746.38	-0.029269	7.3757e-05	0.097905	supercritical
233.36	806.00	857.48	0.0011662	27.455	121.45	4.1191	0.77613	1.3638	744.78	-0.029152	7.3343e-05	0.097504	supercritical
234.36	806.00	855.06	0.0011695	28.552	122.81	4.1249	0.77535	1.3626	743.19	-0.029035	7.2934e-05	0.097107	supercritical
235.36	806.00	852.65	0.0011728	29.648	124.18	4.1307	0.77457	1.3614	741.62	-0.028918	7.2532e-05	0.096713	supercritical
236.36	806.00	850.25	0.0011761	30.741	125.54	4.1365	0.77381	1.3602	740.07	-0.028802	7.2135e-05	0.096324	supercritical
237.36	806.00	847.86	0.0011794	31.833	126.90	4.1422	0.77305	1.3589	738.53	-0.028686	7.1744e-05	0.095939	supercritical
238.36	806.00	845.47	0.0011828	32.923	128.25	4.1479	0.77230	1.3577	737.01	-0.028570	7.1358e-05	0.095558	supercritical
239.36	806.00	843.09	0.0011861	34.011	129.61	4.1536	0.77155	1.3565	735.51	-0.028454	7.0978e-05	0.095182	supercritical
240.36	806.00	840.72	0.0011895	35.097	130.97	4.1593	0.77082	1.3553	734.02	-0.028339	7.0604e-05	0.094809	supercritical
241.36	806.00	838.35	0.0011928	36.181	132.32	4.1649	0.77009	1.3541	732.55	-0.028225	7.0235e-05	0.094440	supercritical
242.36	806.00	835.99	0.0011962	37.264	133.68	4.1705	0.76938	1.3529	731.09	-0.028110	6.9871e-05	0.094075	supercritical
243.36	806.00	833.65	0.0011995	38.344	135.03	4.1761	0.76867	1.3516	729.65	-0.027996	6.9513e-05	0.093714	supercritical
244.36	806.00	831.31	0.0012029	39.423	136.38	4.1816	0.76797	1.3504	728.23	-0.027883	6.9159e-05	0.093356	supercritical
245.36	806.00	828.97	0.0012063	40.500	137.73	4.1871	0.76727	1.3492	726.82	-0.027769	6.8811e-05	0.093003	supercritical
246.36	806.00	826.65	0.0012097	41.575	139.08	4.1926	0.76659	1.3480	725.43	-0.027657	6.8468e-05	0.092653	supercritical
247.36	806.00	824.33	0.0012131	42.649	140.43	4.1981	0.76591	1.3468	724.05	-0.027545	6.8130e-05	0.092308	supercritical
248.36	806.00	822.02	0.0012165	43.720	141.77	4.2035	0.76524	1.3455	722.69	-0.027433	6.7796e-05	0.091966	supercritical
249.36	806.00	819.72	0.0012199	44.790	143.12	4.2089	0.76458	1.3443	721.35	-0.027322	6.7468e-05	0.091628	supercritical
250.36	806.00	817.42	0.0012234	45.857	144.46	4.2143	0.76392	1.3431	720.01	-0.027211	6.7144e-05	0.091293	supercritical
251.36	806.00	815.14	0.0012268	46.923	145.80	4.2196	0.76328	1.3419	718.70	-0.027101	6.6825e-05	0.090963	supercritical
252.36	806.00	812.86	0.0012302	47.988	147.14	4.2250	0.76264	1.3406	717.40	-0.026991	6.6510e-05	0.090635	supercritical
253.36	806.00	810.59	0.0012337	49.050	148.48	4.2303	0.76201	1.3394	716.11	-0.026882	6.6200e-05	0.090312	supercritical
254.36	806.00	808.33	0.0012371	50.111	149.82	4.2355	0.76138	1.3382	714.84	-0.026774	6.5895e-05	0.089992	supercritical
255.36	806.00	806.08	0.0012406	51.170	151.16	4.2408	0.76077	1.3370	713.58	-0.026666	6.5594e-05	0.089676	supercritical
256.36	806.00	803.83	0.0012440	52.227	152.50	4.2460	0.76016	1.3357	712.34	-0.026559	6.5297e-05	0.089363	supercritical
257.36	806.00	801.59	0.0012475	53.282	153.83	4.2512	0.75955	1.3345	711.11	-0.026453	6.5005e-05	0.089054	supercritical
258.36	806.00	799.36	0.0012510	54.335	155.17	4.2564	0.75896	1.3333	709.90	-0.026347	6.4716e-05	0.088749	supercritical
259.36	806.00	797.14	0.0012545	55.387	156.50	4.2615	0.75837	1.3321	708.70	-0.026242	6.4432e-05	0.088447	supercritical
260.36	806.00	794.93	0.0012580	56.437	157.83	4.2666	0.75779	1.3308	707.51	-0.026137	6.4152e-05	0.088148	supercritical
261.36	806.00	792.73	0.0012615	57.485	159.16	4.2717	0.75722	1.3296	706.34	-0.026033	6.3876e-05	0.087853	supercritical
262.36	806.00	790.53	0.0012650	58.532	160.49	4.2768	0.75666	1.3284	705.18	-0.025930	6.3604e-05	0.087561	supercritical
263.36	806.00	788.34	0.0012685	59.576	161.82	4.2819	0.75610	1.3272	704.04	-0.025828	6.3336e-05	0.087272	supercritical
264.36	806.00	786.16	0.0012720	60.619	163.14	4.2869	0.75554	1.3259	702.90	-0.025726	6.3072e-05	0.086987	supercritical
265.36	806.00	783.99	0.0012755	61.661	164.47	4.2919	0.75500	1.3247	701.79	-0.025625	6.2812e-05	0.086705	supercritical
266.36	806.00	781.82	0.0012791	62.700	165.79	4.2969	0.75446	1.3235	700.68	-0.025525	6.2555e-05	0.086427	supercritical
267.36	806.00	779.67	0.0012826	63.738	167.12	4.3018	0.75393	1.3222	699.59	-0.025425	6.2302e-05	0.086151	supercritical
268.36	806.00	777.52	0.0012861	64.774	168.44	4.3068	0.75341	1.3210	698.52	-0.025327	6.2053e-05	0.085879	supercritical
269.36	806.00	775.38	0.0012897	65.808	169.76	4.3117	0.75289	1.3198	697.45	-0.025229	6.1808e-05	0.085610	supercritical
270.36	806.00	773.25	0.0012932	66.841	171.08	4.3166	0.75238	1.3186	696.40	-0.025132	6.1565e-05	0.085344	supercritical
271.36	806.00	771.13	0.0012968	67.872	172.39	4.3214	0.75188	1.3174	695.36	-0.025036	6.1327e-05	0.085082	supercritical
272.36	806.00	769.01	0.0013004	68.901	173.71	4.3263	0.75138	1.3161	694.34	-0.024940	6.1092e-05	0.084822	supercritical
273.36	806.00	766.90	0.0013039	69.929	175.03	4.3311	0.75089	1.3149	693.32	-0.024846	6.0860e-05	0.084566	supercritical
274.36	806.00	764.81	0.0013075	70.955	176.34	4.3359	0.75041	1.3137	692.32	-0.024752	6.0631e-05	0.084312	supercritical
275.36	806.00	762.72	0.0013111	71.979	177.65	4.3407	0.74993	1.3125	691.34	-0.024659	6.0406e-05	0.084062	supercritical
276.36	806.00	760.63	0.0013147	73.002	178.97	4.3454	0.74946	1.3113	690.36	-0.024567	6.0184e-05	0.083814	supercritical
277.36	806.00	758.56	0.0013183	74.023	180.28	4.3502	0.74899	1.3101	689.40	-0.024476	5.9966e-05	0.083570	supercritical
278.36	806.00	756.49	0.0013219	75.042	181.59	4.3549	0.74853	1.3088	688.45	-0.024386	5.9750e-05	0.083328	supercritical
279.36	806.00	754.44	0.0013255	76.060	182.89	4.3596	0.74808	1.3076	687.51	-0.024297	5.9538e-05	0.083089	supercritical
280.36	806.00	752.39	0.0013291	77.076	184.20	4.3642	0.74764	1.3064	686.58	-0.024208	5.9328e-05	0.082853	supercritical
281.36	806.00	750.35	0.0013327	78.090	185.51	4.3689	0.74720	1.3052	685.66	-0.024121	5.9122e-05	0.082620	supercritical
282.36	806.00	748.31	0.0013363	79.103	186.81	4.3735	0.74677	1.3040	684.76	-0.024034	5.8919e-05	0.082390	supercritical
283.36	806.00	746.29	0.0013400	80.114	188.12	4.3781	0.74634	1.3028	683.87	-0.023948	5.8718e-05	0.082163	supercritical
284.36	806.00	744.27	0.0013436	81.124	189.42	4.3827	0.74592	1.3016	682.99	-0.023864	5.8521e-05	0.081938	supercritical
285.36	806.00	742.27	0.0013472	82.132	190.72	4.3873	0.74550	1.3004	682.12	-0.023780	5.8326e-05	0.081716	supercritical
286.36	806.00	740.27	0.0013509	83.138	192.02	4.3918	0.74510	1.2992	681.26	-0.023697	5.8134e-05	0.081497	supercritical
287.36	806.00	738.27	0.0013545	84.143	193.32	4.3964	0.74469	1.2980	680.41	-0.023615	5.7945e-05	0.081280	supercritical
288.36	806.00	736.29	0.0013582	85.146	194.61	4.4009	0.74430	1.2968	679.58	-0.023534	5.7759e-05	0.081066	supercritical
289.36	806.00	734.31	0.0013618	86.148	195.91	4.4053	0.74391	1.2956	678.75	-0.023454	5.7575e-05	0.080855	supercritical
290.36	806.00	732.35	0.0013655	87.148	197.21	4.4098	0.74352	1.2944	677.94	-0.023375	5.7394e-05	0.080646	supercritical
291.36	806.00	730.39	0.0013691	88.147	198.50	4.4143	0.74314	1.2932	677.14	-0.023297	5.7215e-05	0.080439	supercritical
292.36	806.00	728.44	0.0013728	89.144	199.79	4.4187	0.74277	1.2921	676.34	-0.023220	5.7039e-05	0.080236	supercritical
293.36	806.00	726.49	0.0013765	90.139	201.08	4.4231	0.74240	1.2909	675.56	-0.023144	5.6866e-05	0.080035	supercritical
294.36	806.00	724.56	0.0013802	91.133	202.37	4.4275	0.74204	1.2897	674.79	-0.023068	5.6695e-05	0.079836	supercritical
295.36	806.00	722.63	0.0013838	92.126	203.66	4.4319	0.74168	1.2885	674.03	-0.022994	5.6527e-05	0.079639	supercritical
296.36	806.00	720.71	0.0013875	93.117	204.95	4.4362	0.74133	1.2873	673.28	-0.022921	5.6360e-05	0.079446	supercritical
297.36	806.00	718.80	0.0013912	94.106	206.24	4.4406	0.74099	1.2862	672.54	-0.022849	5.6197e-05	0.079254	supercritical
298.36	806.00	716.90	0.0013949	95.094	207.52	4.4449	0.74065	1.2850	671.81	-0.022778	5.6036e-05	0.079065	supercritical
299.36	806.00	715.01	0.0013986	96.081	208.81	4.4492	0.74032	1.2838	671.09	-0.022708	5.5877e-05	0.078878	supercritical
300.36	806.00	713.12	0.0014023	97.066	210.09	4.4534	0.73999	1.2827	670.38	-0.022638	5.5720e-05	0.078694	supercritical
301.36	806.00	711.24	0.0014060	98.050	211.37	4.4577	0.73966	1.2815	669.67	-0.022570	5.5565e-05	0.078511	supercritical
302.36	806.00	709.37	0.0014097	99.032	212.65	4.4620	0.73935	1.2804	668.98	-0.022503	5.5413e-05	0.078331	supercritical
303.36	806.00	707.51	0.0014134	100.01	213.93	4.4662	0.73904	1.2792	668.30	-0.022437	5.5263e-05	0.078154	supercritical
304.36	806.00	705.65	0.0014171	100.99	215.21	4.4704	0.73873	1.2781	667.63	-0.022372	5.5115e-05	0.077978	supercritical
305.36	806.00	703.81	0.0014208	101.97	216.49	4.4746	0.73843	1.2769	666.97	-0.022308	5.4970e-05	0.077805	supercritical
306.36	806.00	701.97	0.0014246	102.95	217.77	4.4787	0.73813	1.2758	666.31	-0.022244	5.4826e-05	0.077634	supercritical
307.36	806.00	700.14	0.0014283	103.92	219.04	4.4829	0.73784	1.2747	665.67	-0.022182	5.4684e-05	0.077465	supercritical
308.36	806.00	698.31	0.0014320	104.89	220.32	4.4870	0.73755	1.2735	665.03	-0.022121	5.4545e-05	0.077298	supercritical
309.36	806.00	696.50	0.0014358	105.87	221.59	4.4912	0.73727	1.2724	664.41	-0.022061	5.4407e-05	0.076723	supercritical
310.36	806.00	694.69	0.0014395	106.84	222.86	4.4953	0.73700	1.2713	663.79	-0.022002	5.4272e-05	0.076560	supercritical
311.36	806.00	692.89	0.0014432	107.81	224.13	4.4994	0.73673	1.2701	663.18	-0.021944	5.4138e-05	0.076398	supercritical
312.36	806.00	691.10	0.0014470	108.77	225.40	4.5034	0.73646	1.2690	662.58	-0.021887	5.4006e-05	0.076239	supercritical
313.36	806.00	689.32	0.0014507	109.74	226.67	4.5075	0.73620	1.2679	661.99	-0.021831	5.3877e-05	0.076081	supercritical
314.36	806.00	687.54	0.0014545	110.71	227.94	4.5115	0.73595	1.2668	661.41	-0.021776	5.3749e-05	0.075925	supercritical
315.36	806.00	685.77	0.0014582	111.67	229.20	4.5155	0.73570	1.2657	660.84	-0.021722	5.3623e-05	0.075772	supercritical
316.36	806.00	684.01	0.0014620	112.63	230.47	4.5195	0.73545	1.2646	660.27	-0.021669	5.3498e-05	0.075620	supercritical
317.36	806.00	682.26	0.0014657	113.59	231.73	4.5235	0.73521	1.2635	659.71	-0.021617	5.3376e-05	0.075470	supercritical
318.36	806.00	680.51	0.0014695	114.55	232.99	4.5275	0.73497	1.2624	659.16	-0.021566	5.3255e-05	0.075322	supercritical
319.36	806.00	678.77	0.0014732	115.51	234.26	4.5315	0.73474	1.2613	658.62	-0.021516	5.3136e-05	0.075176	supercritical
320.36	806.00	677.04	0.0014770	116.47	235.52	4.5354	0.73452	1.2602	658.09	-0.021467	5.3019e-05	0.075032	supercritical
321.36	806.00	675.32	0.0014808	117.43	236.78	4.5393	0.73429	1.2592	657.57	-0.021419	5.2903e-05	0.074890	supercritical
322.36	806.00	673.61	0.0014845	118.38	238.04	4.5432	0.73408	1.2581	657.05	-0.021372	5.2789e-05	0.074749	supercritical
323.36	806.00	671.90	0.0014883	119.33	239.29	4.5471	0.73386	1.2570	656.54	-0.021326	5.2677e-05	0.074611	supercritical
324.36	806.00	670.20	0.0014921	120.29	240.55	4.5510	0.73366	1.2559	656.04	-0.021280	5.2566e-05	0.074474	supercritical
325.36	806.00	668.51	0.0014959	121.24	241.81	4.5549	0.73345	1.2549	655.55	-0.021236	5.2457e-05	0.074339	supercritical
326.36	806.00	666.82	0.0014997	122.19	243.06	4.5587	0.73325	1.2538	655.06	-0.021193	5.2349e-05	0.074205	supercritical
327.36	806.00	665.14	0.0015034	123.14	244.31	4.5626	0.73306	1.2528	654.58	-0.021151	5.2243e-05	0.074073	supercritical
328.36	806.00	663.47	0.0015072	124.08	245.57	4.5664	0.73287	1.2517	654.11	-0.021110	5.2139e-05	0.073943	supercritical
329.36	806.00	661.81	0.0015110	125.03	246.82	4.5702	0.73268	1.2507	653.65	-0.021070	5.2036e-05	0.073815	supercritical
330.36	806.00	660.16	0.0015148	125.97	248.07	4.5740	0.73250	1.2496	653.19	-0.021031	5.1935e-05	0.073688	supercritical
331.36	806.00	658.51	0.0015186	126.92	249.32	4.5778	0.73233	1.2486	652.74	-0.020993	5.1835e-05	0.073563	supercritical
332.36	806.00	656.87	0.0015224	127.86	250.56	4.5815	0.73215	1.2476	652.30	-0.020955	5.1736e-05	0.073439	supercritical
333.36	806.00	655.23	0.0015262	128.80	251.81	4.5853	0.73199	1.2466	651.86	-0.020919	5.1639e-05	0.073317	supercritical
334.36	806.00	653.61	0.0015300	129.74	253.06	4.5890	0.73182	1.2455	651.43	-0.020884	5.1543e-05	0.073197	supercritical
335.36	806.00	651.99	0.0015338	130.68	254.30	4.5927	0.73166	1.2445	651.01	-0.020849	5.1449e-05	0.073078	supercritical
336.36	806.00	650.38	0.0015376	131.62	255.55	4.5964	0.73151	1.2435	650.60	-0.020816	5.1356e-05	0.072961	supercritical
337.36	806.00	648.77	0.0015414	132.55	256.79	4.6001	0.73136	1.2425	650.19	-0.020784	5.1264e-05	0.072845	supercritical
338.36	806.00	647.18	0.0015452	133.49	258.03	4.6038	0.73121	1.2415	649.79	-0.020752	5.1174e-05	0.072731	supercritical
339.36	806.00	645.59	0.0015490	134.42	259.27	4.6074	0.73106	1.2405	649.40	-0.020721	5.1085e-05	0.072618	supercritical
340.36	806.00	644.00	0.0015528	135.36	260.51	4.6111	0.73093	1.2395	649.01	-0.020692	5.0997e-05	0.072507	supercritical
341.36	806.00	642.43	0.0015566	136.29	261.75	4.6147	0.73079	1.2385	648.63	-0.020663	5.0911e-05	0.072397	supercritical
342.36	806.00	640.86	0.0015604	137.22	262.99	4.6184	0.73066	1.2376	648.25	-0.020635	5.0826e-05	0.072288	supercritical
343.36	806.00	639.30	0.0015642	138.15	264.23	4.6220	0.73053	1.2366	647.88	-0.020608	5.0742e-05	0.072181	supercritical
344.36	806.00	637.74	0.0015680	139.08	265.46	4.6256	0.73041	1.2356	647.52	-0.020582	5.0659e-05	0.072076	supercritical
345.36	806.00	636.19	0.0015719	140.01	266.70	4.6291	0.73029	1.2346	647.16	-0.020557	5.0578e-05	0.071971	supercritical
346.36	806.00	634.65	0.0015757	140.93	267.93	4.6327	0.73017	1.2337	646.81	-0.020533	5.0497e-05	0.071869	supercritical
347.36	806.00	633.12	0.0015795	141.86	269.16	4.6363	0.73006	1.2327	646.47	-0.020509	5.0418e-05	0.071767	supercritical
348.36	806.00	631.59	0.0015833	142.78	270.40	4.6398	0.72996	1.2318	646.13	-0.020487	5.0340e-05	0.071667	supercritical
349.36	806.00	630.07	0.0015871	143.71	271.63	4.6433	0.72985	1.2308	645.80	-0.020465	5.0263e-05	0.071568	supercritical
350.36	806.00	628.55	0.0015910	144.63	272.86	4.6469	0.72975	1.2299	645.47	-0.020445	5.0188e-05	0.071470	supercritical
351.36	806.00	627.05	0.0015948	145.55	274.09	4.6504	0.72965	1.2290	645.15	-0.020425	5.0113e-05	0.071374	supercritical
352.36	806.00	625.55	0.0015986	146.47	275.32	4.6538	0.72956	1.2280	644.83	-0.020406	5.0040e-05	0.071279	supercritical
353.36	806.00	624.05	0.0016024	147.39	276.54	4.6573	0.72947	1.2271	644.52	-0.020388	4.9967e-05	0.071185	supercritical
354.36	806.00	622.57	0.0016063	148.31	277.77	4.6608	0.72939	1.2262	644.22	-0.020371	4.9896e-05	0.071093	supercritical
355.36	806.00	621.09	0.0016101	149.22	279.00	4.6642	0.72930	1.2253	643.92	-0.020354	4.9826e-05	0.071002	supercritical
356.36	806.00	619.61	0.0016139	150.14	280.22	4.6677	0.72923	1.2244	643.63	-0.020339	4.9756e-05	0.070912	supercritical
357.36	806.00	618.15	0.0016177	151.06	281.45	4.6711	0.72915	1.2235	643.34	-0.020324	4.9688e-05	0.070823	supercritical
358.36	806.00	616.68	0.0016216	151.97	282.67	4.6745	0.72908	1.2226	643.06	-0.020310	4.9621e-05	0.070735	supercritical
359.36	806.00	615.23	0.0016254	152.88	283.89	4.6779	0.72901	1.2217	642.78	-0.020297	4.9555e-05	0.070649	supercritical
360.36	806.00	613.78	0.0016292	153.80	285.11	4.6813	0.72895	1.2208	642.51	-0.020285	4.9490e-05	0.070563	supercritical
361.36	806.00	612.34	0.0016331	154.71	286.33	4.6847	0.72889	1.2199	642.24	-0.020273	4.9425e-05	0.070479	supercritical
362.36	806.00	610.91	0.0016369	155.62	287.55	4.6881	0.72883	1.2191	641.98	-0.020262	4.9362e-05	0.070396	supercritical
363.36	806.00	609.48	0.0016407	156.53	288.77	4.6914	0.72877	1.2182	641.72	-0.020253	4.9300e-05	0.070314	supercritical
364.36	806.00	608.06	0.0016446	157.43	289.99	4.6948	0.72872	1.2173	641.47	-0.020243	4.9238e-05	0.070233	supercritical
365.36	806.00	606.64	0.0016484	158.34	291.20	4.6981	0.72867	1.2165	641.23	-0.020235	4.9178e-05	0.070154	supercritical
366.36	806.00	605.23	0.0016523	159.25	292.42	4.7015	0.72863	1.2156	640.98	-0.020228	4.9118e-05	0.070075	supercritical
367.36	806.00	603.83	0.0016561	160.15	293.64	4.7048	0.72859	1.2148	640.75	-0.020221	4.9060e-05	0.069997	supercritical
368.36	806.00	602.43	0.0016599	161.06	294.85	4.7081	0.72855	1.2139	640.52	-0.020215	4.9002e-05	0.069921	supercritical
369.36	806.00	601.04	0.0016638	161.96	296.06	4.7114	0.72851	1.2131	640.29	-0.020210	4.8945e-05	0.069846	supercritical
370.36	806.00	599.66	0.0016676	162.87	297.28	4.7146	0.72848	1.2123	640.07	-0.020205	4.8889e-05	0.069771	supercritical
371.36	806.00	598.28	0.0016715	163.77	298.49	4.7179	0.72845	1.2115	639.85	-0.020201	4.8834e-05	0.069698	supercritical
372.36	806.00	596.91	0.0016753	164.67	299.70	4.7212	0.72843	1.2106	639.63	-0.020198	4.8780e-05	0.069626	supercritical
373.36	806.00	595.54	0.0016791	165.57	300.91	4.7244	0.72841	1.2098	639.42	-0.020196	4.8726e-05	0.069554	supercritical
374.36	806.00	594.18	0.0016830	166.47	302.12	4.7276	0.72839	1.2090	639.22	-0.020195	4.8674e-05	0.069484	supercritical
375.36	806.00	592.83	0.0016868	167.37	303.33	4.7309	0.72837	1.2082	639.02	-0.020194	4.8622e-05	0.069414	supercritical
376.36	806.00	591.48	0.0016907	168.27	304.54	4.7341	0.72836	1.2074	638.82	-0.020194	4.8571e-05	0.069346	supercritical
377.36	806.00	590.14	0.0016945	169.16	305.74	4.7373	0.72835	1.2066	638.63	-0.020194	4.8520e-05	0.069279	supercritical
378.36	806.00	588.80	0.0016984	170.06	306.95	4.7405	0.72834	1.2058	638.45	-0.020195	4.8471e-05	0.069212	supercritical
379.36	806.00	587.47	0.0017022	170.96	308.15	4.7437	0.72833	1.2050	638.26	-0.020197	4.8422e-05	0.069147	supercritical
380.36	806.00	586.15	0.0017061	171.85	309.36	4.7468	0.72833	1.2043	638.09	-0.020200	4.8374e-05	0.069082	supercritical
381.36	806.00	584.83	0.0017099	172.74	310.56	4.7500	0.72833	1.2035	637.91	-0.020203	4.8327e-05	0.069018	supercritical
382.36	806.00	583.52	0.0017137	173.64	311.77	4.7531	0.72834	1.2027	637.74	-0.020208	4.8281e-05	0.068956	supercritical
383.36	806.00	582.21	0.0017176	174.53	312.97	4.7563	0.72834	1.2020	637.57	-0.020212	4.8235e-05	0.068894	supercritical
384.36	806.00	580.91	0.0017214	175.42	314.17	4.7594	0.72835	1.2012	637.41	-0.020218	4.8190e-05	0.068833	supercritical
385.36	806.00	579.61	0.0017253	176.31	315.37	4.7625	0.72836	1.2005	637.25	-0.020224	4.8146e-05	0.068773	supercritical
386.36	806.00	578.32	0.0017291	177.20	316.57	4.7656	0.72838	1.1997	637.10	-0.020230	4.8102e-05	0.068713	supercritical
387.36	806.00	577.04	0.0017330	178.09	317.77	4.7687	0.72840	1.1990	636.95	-0.020237	4.8059e-05	0.068655	supercritical
388.36	806.00	575.76	0.0017368	178.98	318.97	4.7718	0.72842	1.1982	636.80	-0.020245	4.8017e-05	0.068597	supercritical
389.36	806.00	574.49	0.0017407	179.87	320.17	4.7749	0.72844	1.1975	636.66	-0.020254	4.7976e-05	0.068541	supercritical
390.36	806.00	573.22	0.0017445	180.76	321.36	4.7780	0.72846	1.1968	636.52	-0.020263	4.7935e-05	0.068485	supercritical
391.36	806.00	571.96	0.0017484	181.64	322.56	4.7810	0.72849	1.1961	636.38	-0.020273	4.7895e-05	0.068430	supercritical
392.36	806.00	570.70	0.0017522	182.53	323.76	4.7841	0.72852	1.1954	636.25	-0.020283	4.7855e-05	0.068376	supercritical
393.36	806.00	569.45	0.0017561	183.41	324.95	4.7871	0.72856	1.1946	636.12	-0.020294	4.7816e-05	0.068322	supercritical
394.36	806.00	568.21	0.0017599	184.30	326.15	4.7902	0.72859	1.1939	636.00	-0.020306	4.7778e-05	0.068270	supercritical
395.36	806.00	566.97	0.0017638	185.18	327.34	4.7932	0.72863	1.1932	635.88	-0.020318	4.7741e-05	0.068218	supercritical
396.36	806.00	565.73	0.0017676	186.06	328.53	4.7962	0.72867	1.1926	635.76	-0.020331	4.7704e-05	0.068167	supercritical
397.36	806.00	564.51	0.0017715	186.94	329.72	4.7992	0.72871	1.1919	635.65	-0.020344	4.7667e-05	0.068117	supercritical
398.36	806.00	563.28	0.0017753	187.83	330.92	4.8022	0.72876	1.1912	635.54	-0.020358	4.7632e-05	0.068067	supercritical
399.36	806.00	562.06	0.0017792	188.71	332.11	4.8052	0.72881	1.1905	635.43	-0.020373	4.7596e-05	0.068018	supercritical
400.36	806.00	560.85	0.0017830	189.59	333.30	4.8082	0.72886	1.1898	635.33	-0.020388	4.7562e-05	0.067970	supercritical
401.36	806.00	559.64	0.0017869	190.47	334.49	4.8111	0.72891	1.1892	635.22	-0.020403	4.7528e-05	0.067923	supercritical
402.36	806.00	558.44	0.0017907	191.34	335.67	4.8141	0.72896	1.1885	635.13	-0.020419	4.7495e-05	0.067877	supercritical
403.36	806.00	557.24	0.0017945	192.22	336.86	4.8170	0.72902	1.1878	635.03	-0.020436	4.7462e-05	0.067831	supercritical
404.36	806.00	556.05	0.0017984	193.10	338.05	4.8200	0.72908	1.1872	634.94	-0.020453	4.7430e-05	0.067786	supercritical
405.36	806.00	554.86	0.0018022	193.98	339.24	4.8229	0.72914	1.1865	634.85	-0.020471	4.7398e-05	0.067742	supercritical
406.36	806.00	553.68	0.0018061	194.85	340.42	4.8258	0.72921	1.1859	634.77	-0.020489	4.7367e-05	0.067698	supercritical
407.36	806.00	552.51	0.0018099	195.73	341.61	4.8287	0.72927	1.1853	634.69	-0.020508	4.7337e-05	0.067655	supercritical
408.36	806.00	551.33	0.0018138	196.60	342.79	4.8317	0.72934	1.1846	634.61	-0.020527	4.7307e-05	0.067613	supercritical
409.36	806.00	550.17	0.0018176	197.48	343.98	4.8345	0.72941	1.1840	634.54	-0.020547	4.7277e-05	0.067571	supercritical
410.36	806.00	549.01	0.0018215	198.35	345.16	4.8374	0.72949	1.1834	634.46	-0.020568	4.7248e-05	0.067531	supercritical
411.36	806.00	547.85	0.0018253	199.22	346.35	4.8403	0.72956	1.1828	634.39	-0.020588	4.7220e-05	0.067490	supercritical
412.36	806.00	546.70	0.0018292	200.10	347.53	4.8432	0.72964	1.1821	634.33	-0.020610	4.7192e-05	0.067451	supercritical
413.36	806.00	545.55	0.0018330	200.97	348.71	4.8460	0.72972	1.1815	634.26	-0.020631	4.7165e-05	0.067412	supercritical
414.36	806.00	544.41	0.0018369	201.84	349.89	4.8489	0.72980	1.1809	634.20	-0.020654	4.7138e-05	0.067374	supercritical
415.36	806.00	543.27	0.0018407	202.71	351.07	4.8517	0.72988	1.1803	634.15	-0.020676	4.7112e-05	0.067336	supercritical
416.36	806.00	542.14	0.0018445	203.58	352.25	4.8546	0.72997	1.1797	634.09	-0.020700	4.7086e-05	0.067299	supercritical
417.36	806.00	541.01	0.0018484	204.45	353.43	4.8574	0.73005	1.1792	634.04	-0.020723	4.7060e-05	0.067263	supercritical
418.36	806.00	539.89	0.0018522	205.32	354.61	4.8602	0.73014	1.1786	633.99	-0.020747	4.7035e-05	0.067227	supercritical
419.36	806.00	538.77	0.0018561	206.19	355.79	4.8630	0.73023	1.1780	633.94	-0.020772	4.7011e-05	0.067192	supercritical
420.36	806.00	537.66	0.0018599	207.06	356.97	4.8659	0.73033	1.1774	633.90	-0.020797	4.6987e-05	0.067158	supercritical
421.36	806.00	536.55	0.0018638	207.92	358.14	4.8687	0.73042	1.1768	633.86	-0.020822	4.6964e-05	0.067124	supercritical
422.36	806.00	535.45	0.0018676	208.79	359.32	4.8714	0.73052	1.1763	633.82	-0.020848	4.6941e-05	0.067091	supercritical
423.36	806.00	534.35	0.0018714	209.66	360.50	4.8742	0.73062	1.1757	633.78	-0.020875	4.6918e-05	0.067058	supercritical
424.36	806.00	533.25	0.0018753	210.52	361.67	4.8770	0.73072	1.1752	633.75	-0.020901	4.6896e-05	0.067026	supercritical
425.36	806.00	532.17	0.0018791	211.39	362.85	4.8798	0.73082	1.1746	633.72	-0.020928	4.6875e-05	0.066995	supercritical
426.36	806.00	531.08	0.0018830	212.25	364.02	4.8825	0.73093	1.1741	633.69	-0.020956	4.6853e-05	0.066964	supercritical
427.36	806.00	530.00	0.0018868	213.12	365.19	4.8853	0.73103	1.1735	633.66	-0.020984	4.6833e-05	0.066934	supercritical
428.36	806.00	528.92	0.0018906	213.98	366.37	4.8880	0.73114	1.1730	633.64	-0.021012	4.6812e-05	0.066904	supercritical
429.36	806.00	527.85	0.0018945	214.85	367.54	4.8907	0.73125	1.1724	633.62	-0.021041	4.6792e-05	0.066875	supercritical
430.36	806.00	526.78	0.0018983	215.71	368.71	4.8935	0.73136	1.1719	633.60	-0.021070	4.6773e-05	0.066846	supercritical
431.36	806.00	525.72	0.0019021	216.57	369.88	4.8962	0.73147	1.1714	633.58	-0.021100	4.6754e-05	0.066818	supercritical
432.36	806.00	524.66	0.0019060	217.43	371.05	4.8989	0.73159	1.1709	633.57	-0.021129	4.6735e-05	0.066791	supercritical
433.36	806.00	523.61	0.0019098	218.29	372.23	4.9016	0.73171	1.1704	633.56	-0.021160	4.6717e-05	0.066764	supercritical
434.36	806.00	522.56	0.0019137	219.15	373.40	4.9043	0.73182	1.1698	633.55	-0.021190	4.6699e-05	0.066737	supercritical
435.36	806.00	521.52	0.0019175	220.02	374.57	4.9070	0.73194	1.1693	633.54	-0.021221	4.6682e-05	0.066712	supercritical
436.36	806.00	520.47	0.0019213	220.88	375.73	4.9097	0.73207	1.1688	633.54	-0.021253	4.6665e-05	0.066686	supercritical
437.36	806.00	519.44	0.0019252	221.74	376.90	4.9123	0.73219	1.1683	633.53	-0.021285	4.6648e-05	0.066661	supercritical
438.36	806.00	518.41	0.0019290	222.59	378.07	4.9150	0.73231	1.1678	633.53	-0.021317	4.6632e-05	0.066637	supercritical
439.36	806.00	517.38	0.0019328	223.45	379.24	4.9177	0.73244	1.1673	633.54	-0.021349	4.6616e-05	0.066613	supercritical
440.36	806.00	516.35	0.0019367	224.31	380.41	4.9203	0.73257	1.1669	633.54	-0.021382	4.6601e-05	0.066590	supercritical
441.36	806.00	515.34	0.0019405	225.17	381.57	4.9230	0.73270	1.1664	633.55	-0.021415	4.6586e-05	0.066567	supercritical
442.36	806.00	514.32	0.0019443	226.03	382.74	4.9256	0.73283	1.1659	633.56	-0.021448	4.6571e-05	0.066545	supercritical
443.36	806.00	513.31	0.0019481	226.88	383.90	4.9282	0.73296	1.1654	633.57	-0.021482	4.6557e-05	0.066523	supercritical
444.36	806.00	512.30	0.0019520	227.74	385.07	4.9309	0.73309	1.1650	633.58	-0.021516	4.6543e-05	0.066502	supercritical
445.36	806.00	511.30	0.0019558	228.60	386.23	4.9335	0.73323	1.1645	633.59	-0.021551	4.6529e-05	0.066481	supercritical
446.36	806.00	510.30	0.0019596	229.45	387.40	4.9361	0.73337	1.1640	633.61	-0.021585	4.6516e-05	0.066461	supercritical
447.36	806.00	509.31	0.0019635	230.31	388.56	4.9387	0.73350	1.1636	633.63	-0.021620	4.6503e-05	0.066441	supercritical
448.36	806.00	508.32	0.0019673	231.16	389.73	4.9413	0.73364	1.1631	633.65	-0.021656	4.6490e-05	0.066422	supercritical
449.36	806.00	507.33	0.0019711	232.02	390.89	4.9439	0.73379	1.1627	633.67	-0.021691	4.6478e-05	0.066403	supercritical
450.36	806.00	506.35	0.0019749	232.87	392.05	4.9465	0.73393	1.1622	633.70	-0.021727	4.6466e-05	0.066384	supercritical
451.36	806.00	505.37	0.0019788	233.72	393.21	4.9491	0.73407	1.1618	633.72	-0.021764	4.6455e-05	0.066366	supercritical
452.36	806.00	504.39	0.0019826	234.58	394.37	4.9516	0.73422	1.1613	633.75	-0.021800	4.6443e-05	0.066349	supercritical
453.36	806.00	503.42	0.0019864	235.43	395.54	4.9542	0.73436	1.1609	633.78	-0.021837	4.6432e-05	0.066332	supercritical
454.36	806.00	502.46	0.0019902	236.28	396.70	4.9567	0.73451	1.1605	633.82	-0.021874	4.6422e-05	0.066315	supercritical
455.36	806.00	501.49	0.0019940	237.14	397.86	4.9593	0.73466	1.1600	633.85	-0.021911	4.6412e-05	0.066299	supercritical
456.36	806.00	500.53	0.0019979	237.99	399.02	4.9618	0.73481	1.1596	633.89	-0.021949	4.6402e-05	0.066283	supercritical
457.36	806.00	499.58	0.0020017	238.84	400.18	4.9644	0.73496	1.1592	633.92	-0.021987	4.6392e-05	0.066268	supercritical
458.36	806.00	498.63	0.0020055	239.69	401.33	4.9669	0.73512	1.1588	633.96	-0.022025	4.6383e-05	0.066253	supercritical
459.36	806.00	497.68	0.0020093	240.54	402.49	4.9694	0.73527	1.1584	634.00	-0.022064	4.6374e-05	0.066239	supercritical
460.36	806.00	496.74	0.0020131	241.39	403.65	4.9720	0.73543	1.1580	634.05	-0.022102	4.6365e-05	0.066225	supercritical
461.36	806.00	495.80	0.0020170	242.24	404.81	4.9745	0.73558	1.1576	634.09	-0.022141	4.6357e-05	0.066211	supercritical
462.36	806.00	494.86	0.0020208	243.09	405.97	4.9770	0.73574	1.1572	634.14	-0.022180	4.6349e-05	0.066198	supercritical
463.36	806.00	493.93	0.0020246	243.94	407.12	4.9795	0.73590	1.1568	634.19	-0.022220	4.6341e-05	0.066185	supercritical
464.36	806.00	493.00	0.0020284	244.79	408.28	4.9820	0.73606	1.1564	634.24	-0.022260	4.6334e-05	0.066173	supercritical
465.36	806.00	492.07	0.0020322	245.64	409.44	4.9845	0.73622	1.1560	634.29	-0.022299	4.6327e-05	0.066161	supercritical
466.36	806.00	491.15	0.0020360	246.49	410.59	4.9869	0.73638	1.1556	634.34	-0.022340	4.6320e-05	0.066150	supercritical
467.36	806.00	490.23	0.0020398	247.34	411.75	4.9894	0.73655	1.1552	634.40	-0.022380	4.6313e-05	0.066139	supercritical
468.36	806.00	489.32	0.0020437	248.18	412.90	4.9919	0.73671	1.1549	634.45	-0.022421	4.6307e-05	0.066128	supercritical
469.36	806.00	488.41	0.0020475	249.03	414.06	4.9943	0.73688	1.1545	634.51	-0.022461	4.6301e-05	0.066118	supercritical
470.36	806.00	487.50	0.0020513	249.88	415.21	4.9968	0.73705	1.1541	634.57	-0.022502	4.6295e-05	0.066108	supercritical
471.36	806.00	486.60	0.0020551	250.73	416.37	4.9992	0.73721	1.1537	634.63	-0.022544	4.6290e-05	0.066098	supercritical
472.36	806.00	485.70	0.0020589	251.57	417.52	5.0017	0.73738	1.1534	634.70	-0.022585	4.6284e-05	0.066089	supercritical
473.36	806.00	484.80	0.0020627	252.42	418.67	5.0041	0.73755	1.1530	634.76	-0.022627	4.6280e-05	0.066080	supercritical
474.36	806.00	483.91	0.0020665	253.26	419.82	5.0066	0.73772	1.1527	634.83	-0.022669	4.6275e-05	0.066072	supercritical
475.36	806.00	483.02	0.0020703	254.11	420.98	5.0090	0.73790	1.1523	634.89	-0.022711	4.6270e-05	0.066064	supercritical
476.36	806.00	482.13	0.0020741	254.96	422.13	5.0114	0.73807	1.1520	634.96	-0.022753	4.6266e-05	0.066056	supercritical
477.36	806.00	481.25	0.0020779	255.80	423.28	5.0138	0.73824	1.1516	635.03	-0.022796	4.6263e-05	0.066049	supercritical
478.36	806.00	480.37	0.0020817	256.65	424.43	5.0162	0.73842	1.1513	635.11	-0.022838	4.6259e-05	0.066042	supercritical
479.36	806.00	479.50	0.0020855	257.49	425.58	5.0186	0.73860	1.1509	635.18	-0.022881	4.6256e-05	0.066035	supercritical
480.36	806.00	478.63	0.0020893	258.34	426.73	5.0210	0.73877	1.1506	635.25	-0.022924	4.6252e-05	0.066029	supercritical
481.36	806.00	477.76	0.0020931	259.18	427.88	5.0234	0.73895	1.1503	635.33	-0.022968	4.6250e-05	0.066023	supercritical
482.36	806.00	476.89	0.0020969	260.02	429.03	5.0258	0.73913	1.1499	635.41	-0.023011	4.6247e-05	0.066018	supercritical
483.36	806.00	476.03	0.0021007	260.87	430.18	5.0282	0.73931	1.1496	635.49	-0.023055	4.6245e-05	0.066013	supercritical
484.36	806.00	475.17	0.0021045	261.71	431.33	5.0306	0.73949	1.1493	635.57	-0.023098	4.6243e-05	0.066008	supercritical
485.36	806.00	474.31	0.0021083	262.55	432.48	5.0329	0.73967	1.1489	635.65	-0.023142	4.6241e-05	0.066004	supercritical
486.36	806.00	473.46	0.0021121	263.40	433.63	5.0353	0.73985	1.1486	635.73	-0.023187	4.6239e-05	0.066000	supercritical
487.36	806.00	472.61	0.0021159	264.24	434.78	5.0377	0.74004	1.1483	635.82	-0.023231	4.6238e-05	0.065996	supercritical
488.36	806.00	471.77	0.0021197	265.08	435.93	5.0400	0.74022	1.1480	635.90	-0.023275	4.6236e-05	0.065992	supercritical
489.36	806.00	470.92	0.0021235	265.92	437.08	5.0424	0.74041	1.1477	635.99	-0.023320	4.6236e-05	0.065989	supercritical
490.36	806.00	470.08	0.0021273	266.77	438.22	5.0447	0.74059	1.1474	636.08	-0.023365	4.6235e-05	0.065987	supercritical
491.36	806.00	469.25	0.0021311	267.61	439.37	5.0471	0.74078	1.1471	636.17	-0.023410	4.6234e-05	0.065984	supercritical
492.36	806.00	468.42	0.0021349	268.45	440.52	5.0494	0.74097	1.1468	636.26	-0.023455	4.6234e-05	0.065982	supercritical
493.36	806.00	467.59	0.0021386	269.29	441.66	5.0517	0.74116	1.1465	636.35	-0.023500	4.6234e-05	0.065980	supercritical
494.36	806.00	466.76	0.0021424	270.13	442.81	5.0540	0.74135	1.1462	636.44	-0.023545	4.6234e-05	0.065979	supercritical
495.36	806.00	465.93	0.0021462	270.97	443.96	5.0563	0.74154	1.1459	636.54	-0.023591	4.6235e-05	0.065978	supercritical
496.36	806.00	465.11	0.0021500	271.81	445.10	5.0587	0.74173	1.1456	636.63	-0.023636	4.6235e-05	0.065977	supercritical
497.36	806.00	464.30	0.0021538	272.65	446.25	5.0610	0.74192	1.1453	636.73	-0.023682	4.6236e-05	0.065977	supercritical
498.36	806.00	463.48	0.0021576	273.49	447.39	5.0633	0.74211	1.1450	636.83	-0.023728	4.6237e-05	0.065976	supercritical
499.36	806.00	462.67	0.0021614	274.33	448.54	5.0656	0.74230	1.1448	636.93	-0.023774	4.6238e-05	0.065976	supercritical
500.36	806.00	461.86	0.0021651	275.17	449.68	5.0678	0.74250	1.1445	637.03	-0.023820	4.6240e-05	0.065977	supercritical
501.36	806.00	461.06	0.0021689	276.01	450.83	5.0701	0.74269	1.1442	637.13	-0.023866	4.6242e-05	0.065978	supercritical
502.36	806.00	460.26	0.0021727	276.85	451.97	5.0724	0.74288	1.1439	637.23	-0.023913	4.6243e-05	0.065979	supercritical
503.36	806.00	459.46	0.0021765	277.69	453.12	5.0747	0.74308	1.1437	637.34	-0.023959	4.6245e-05	0.065980	supercritical
504.36	806.00	458.66	0.0021803	278.53	454.26	5.0770	0.74328	1.1434	637.44	-0.024006	4.6248e-05	0.065982	supercritical
505.36	806.00	457.87	0.0021840	279.37	455.40	5.0792	0.74347	1.1432	637.55	-0.024053	4.6250e-05	0.065984	supercritical
506.36	806.00	457.08	0.0021878	280.21	456.55	5.0815	0.74367	1.1429	637.66	-0.024100	4.6253e-05	0.065986	supercritical
507.36	806.00	456.29	0.0021916	281.05	457.69	5.0837	0.74387	1.1426	637.76	-0.024147	4.6256e-05	0.065988	supercritical
508.36	806.00	455.50	0.0021954	281.88	458.83	5.0860	0.74407	1.1424	637.87	-0.024194	4.6259e-05	0.065991	supercritical
509.36	806.00	454.72	0.0021991	282.72	459.97	5.0882	0.74427	1.1421	637.98	-0.024241	4.6262e-05	0.065994	supercritical
510.36	806.00	453.94	0.0022029	283.56	461.11	5.0905	0.74447	1.1419	638.10	-0.024288	4.6265e-05	0.065998	supercritical
511.36	806.00	453.17	0.0022067	284.40	462.26	5.0927	0.74467	1.1416	638.21	-0.024336	4.6269e-05	0.066001	supercritical
512.36	806.00	452.39	0.0022105	285.23	463.40	5.0949	0.74487	1.1414	638.32	-0.024383	4.6273e-05	0.066005	supercritical
513.36	806.00	451.62	0.0022142	286.07	464.54	5.0972	0.74507	1.1412	638.44	-0.024431	4.6277e-05	0.066009	supercritical
514.36	806.00	450.86	0.0022180	286.91	465.68	5.0994	0.74527	1.1409	638.55	-0.024479	4.6281e-05	0.066014	supercritical
515.36	806.00	450.09	0.0022218	287.75	466.82	5.1016	0.74548	1.1407	638.67	-0.024527	4.6285e-05	0.066019	supercritical
516.36	806.00	449.33	0.0022255	288.58	467.96	5.1038	0.74568	1.1404	638.79	-0.024575	4.6290e-05	0.066024	supercritical
517.36	806.00	448.57	0.0022293	289.42	469.10	5.1060	0.74588	1.1402	638.91	-0.024623	4.6295e-05	0.066029	supercritical
518.36	806.00	447.81	0.0022331	290.26	470.24	5.1082	0.74609	1.1400	639.03	-0.024671	4.6300e-05	0.066035	supercritical
519.36	806.00	447.06	0.0022368	291.09	471.38	5.1104	0.74629	1.1398	639.15	-0.024719	4.6305e-05	0.066040	supercritical
520.36	806.00	446.31	0.0022406	291.93	472.52	5.1126	0.74650	1.1395	639.27	-0.024767	4.6310e-05	0.066047	supercritical
521.36	806.00	445.56	0.0022444	292.77	473.66	5.1148	0.74671	1.1393	639.39	-0.024815	4.6315e-05	0.066053	supercritical
522.36	806.00	444.81	0.0022481	293.60	474.80	5.1170	0.74691	1.1391	639.52	-0.024864	4.6321e-05	0.066060	supercritical
523.36	806.00	444.07	0.0022519	294.44	475.94	5.1192	0.74712	1.1389	639.64	-0.024912	4.6327e-05	0.066066	supercritical
524.36	806.00	443.33	0.0022557	295.27	477.08	5.1213	0.74733	1.1387	639.77	-0.024961	4.6333e-05	0.066074	supercritical
525.36	806.00	442.59	0.0022594	296.11	478.22	5.1235	0.74754	1.1384	639.89	-0.025010	4.6339e-05	0.066081	supercritical
526.36	806.00	441.86	0.0022632	296.94	479.35	5.1257	0.74774	1.1382	640.02	-0.025058	4.6345e-05	0.066089	supercritical
527.36	806.00	441.13	0.0022669	297.78	480.49	5.1278	0.74795	1.1380	640.15	-0.025107	4.6351e-05	0.066096	supercritical
528.36	806.00	440.40	0.0022707	298.61	481.63	5.1300	0.74816	1.1378	640.28	-0.025156	4.6358e-05	0.066105	supercritical
529.36	806.00	439.67	0.0022744	299.45	482.77	5.1321	0.74837	1.1376	640.41	-0.025205	4.6365e-05	0.066113	supercritical
530.36	806.00	438.94	0.0022782	300.28	483.91	5.1343	0.74858	1.1374	640.54	-0.025254	4.6371e-05	0.066122	supercritical
531.36	806.00	438.22	0.0022819	301.12	485.04	5.1364	0.74879	1.1372	640.67	-0.025303	4.6379e-05	0.066130	supercritical
532.36	806.00	437.50	0.0022857	301.95	486.18	5.1386	0.74900	1.1370	640.80	-0.025352	4.6386e-05	0.066140	supercritical
533.36	806.00	436.79	0.0022894	302.79	487.32	5.1407	0.74922	1.1368	640.94	-0.025401	4.6393e-05	0.066149	supercritical
534.36	806.00	436.07	0.0022932	303.62	488.45	5.1428	0.74943	1.1366	641.07	-0.025451	4.6401e-05	0.066158	supercritical
535.36	806.00	435.36	0.0022969	304.46	489.59	5.1449	0.74964	1.1365	641.20	-0.025500	4.6408e-05	0.066168	supercritical
536.36	806.00	434.65	0.0023007	305.29	490.73	5.1471	0.74985	1.1363	641.34	-0.025549	4.6416e-05	0.066178	supercritical
537.36	806.00	433.94	0.0023044	306.13	491.86	5.1492	0.75007	1.1361	641.48	-0.025599	4.6424e-05	0.066189	supercritical
538.36	806.00	433.24	0.0023082	306.96	493.00	5.1513	0.75028	1.1359	641.62	-0.025648	4.6432e-05	0.066199	supercritical
539.36	806.00	432.54	0.0023119	307.79	494.14	5.1534	0.75049	1.1357	641.75	-0.025697	4.6440e-05	0.066210	supercritical
540.36	806.00	431.84	0.0023157	308.63	495.27	5.1555	0.75071	1.1355	641.89	-0.025747	4.6449e-05	0.066221	supercritical
541.36	806.00	431.14	0.0023194	309.46	496.41	5.1576	0.75092	1.1354	642.03	-0.025797	4.6457e-05	0.066232	supercritical
542.36	806.00	430.45	0.0023232	310.29	497.54	5.1597	0.75114	1.1352	642.17	-0.025846	4.6466e-05	0.066243	supercritical
543.36	806.00	429.75	0.0023269	311.13	498.68	5.1618	0.75135	1.1350	642.31	-0.025896	4.6475e-05	0.066255	supercritical
544.36	806.00	429.06	0.0023307	311.96	499.81	5.1639	0.75157	1.1348	642.46	-0.025946	4.6484e-05	0.066267	supercritical
545.36	806.00	428.38	0.0023344	312.79	500.95	5.1660	0.75178	1.1347	642.60	-0.025995	4.6493e-05	0.066279	supercritical
546.36	806.00	427.69	0.0023381	313.63	502.08	5.1680	0.75200	1.1345	642.74	-0.026045	4.6502e-05	0.066291	supercritical
547.36	806.00	427.01	0.0023419	314.46	503.22	5.1701	0.75221	1.1344	642.89	-0.026095	4.6511e-05	0.066304	supercritical
548.36	806.00	426.33	0.0023456	315.29	504.35	5.1722	0.75243	1.1342	643.03	-0.026145	4.6521e-05	0.066317	supercritical
549.36	806.00	425.65	0.0023493	316.13	505.48	5.1742	0.75265	1.1340	643.18	-0.026195	4.6530e-05	0.066329	supercritical
550.36	806.00	424.98	0.0023531	316.96	506.62	5.1763	0.75286	1.1339	643.33	-0.026245	4.6540e-05	0.066343	supercritical
551.36	806.00	424.30	0.0023568	317.79	507.75	5.1784	0.75308	1.1337	643.47	-0.026295	4.6550e-05	0.066356	supercritical
552.36	806.00	423.63	0.0023605	318.63	508.89	5.1804	0.75330	1.1336	643.62	-0.026345	4.6560e-05	0.066370	supercritical
553.36	806.00	422.96	0.0023643	319.46	510.02	5.1825	0.75352	1.1334	643.77	-0.026395	4.6570e-05	0.066383	supercritical
554.36	806.00	422.30	0.0023680	320.29	511.15	5.1845	0.75374	1.1333	643.92	-0.026445	4.6581e-05	0.066397	supercritical
555.36	806.00	421.63	0.0023717	321.12	512.29	5.1866	0.75395	1.1331	644.07	-0.026495	4.6591e-05	0.066411	supercritical
556.36	806.00	420.97	0.0023755	321.96	513.42	5.1886	0.75417	1.1330	644.22	-0.026545	4.6602e-05	0.066426	supercritical
557.36	806.00	420.31	0.0023792	322.79	514.55	5.1906	0.75439	1.1328	644.37	-0.026595	4.6612e-05	0.066440	supercritical
558.36	806.00	419.65	0.0023829	323.62	515.68	5.1927	0.75461	1.1327	644.52	-0.026645	4.6623e-05	0.066455	supercritical
559.36	806.00	419.00	0.0023867	324.45	516.82	5.1947	0.75483	1.1325	644.68	-0.026696	4.6634e-05	0.066470	supercritical
560.36	806.00	418.34	0.0023904	325.28	517.95	5.1967	0.75505	1.1324	644.83	-0.026746	4.6645e-05	0.066485	supercritical
561.36	806.00	417.69	0.0023941	326.12	519.08	5.1987	0.75527	1.1322	644.98	-0.026796	4.6656e-05	0.066501	supercritical
562.36	806.00	417.04	0.0023978	326.95	520.21	5.2007	0.75549	1.1321	645.14	-0.026846	4.6667e-05	0.066516	supercritical
563.36	806.00	416.40	0.0024016	327.78	521.35	5.2028	0.75571	1.1320	645.30	-0.026896	4.6679e-05	0.066532	supercritical
564.36	806.00	415.75	0.0024053	328.61	522.48	5.2048	0.75593	1.1318	645.45	-0.026947	4.6690e-05	0.066548	supercritical
565.36	806.00	415.11	0.0024090	329.44	523.61	5.2068	0.75615	1.1317	645.61	-0.026997	4.6702e-05	0.066564	supercritical
566.36	806.00	414.47	0.0024127	330.28	524.74	5.2088	0.75637	1.1316	645.77	-0.027047	4.6713e-05	0.066580	supercritical
567.36	806.00	413.83	0.0024164	331.11	525.87	5.2108	0.75659	1.1315	645.92	-0.027098	4.6725e-05	0.066597	supercritical
568.36	806.00	413.20	0.0024202	331.94	527.00	5.2128	0.75681	1.1313	646.08	-0.027148	4.6737e-05	0.066614	supercritical
569.36	806.00	412.56	0.0024239	332.77	528.14	5.2147	0.75703	1.1312	646.24	-0.027198	4.6749e-05	0.066631	supercritical
570.36	806.00	411.93	0.0024276	333.60	529.27	5.2167	0.75725	1.1311	646.40	-0.027248	4.6762e-05	0.066648	supercritical
571.36	806.00	411.30	0.0024313	334.43	530.40	5.2187	0.75747	1.1310	646.56	-0.027299	4.6774e-05	0.066665	supercritical
572.36	806.00	410.67	0.0024350	335.27	531.53	5.2207	0.75770	1.1308	646.72	-0.027349	4.6786e-05	0.066682	supercritical
573.36	806.00	410.05	0.0024387	336.10	532.66	5.2227	0.75792	1.1307	646.88	-0.027399	4.6799e-05	0.066700	supercritical
574.36	806.00	409.43	0.0024424	336.93	533.79	5.2246	0.75814	1.1306	647.05	-0.027450	4.6811e-05	0.066718	supercritical
575.36	806.00	408.81	0.0024462	337.76	534.92	5.2266	0.75836	1.1305	647.21	-0.027500	4.6824e-05	0.066736	supercritical
576.36	806.00	408.19	0.0024499	338.59	536.05	5.2286	0.75858	1.1304	647.37	-0.027551	4.6837e-05	0.066754	supercritical
577.36	806.00	407.57	0.0024536	339.42	537.18	5.2305	0.75881	1.1303	647.53	-0.027601	4.6850e-05	0.066772	supercritical
578.36	806.00	406.95	0.0024573	340.25	538.31	5.2325	0.75903	1.1302	647.70	-0.027651	4.6863e-05	0.066791	supercritical
579.36	806.00	406.34	0.0024610	341.09	539.44	5.2344	0.75925	1.1300	647.86	-0.027702	4.6876e-05	0.066809	supercritical
580.36	806.00	405.73	0.0024647	341.92	540.57	5.2364	0.75947	1.1299	648.03	-0.027752	4.6889e-05	0.066828	supercritical
581.36	806.00	405.12	0.0024684	342.75	541.70	5.2383	0.75969	1.1298	648.20	-0.027802	4.6903e-05	0.066847	supercritical
582.36	806.00	404.51	0.0024721	343.58	542.83	5.2403	0.75992	1.1297	648.36	-0.027853	4.6916e-05	0.066866	supercritical
583.36	806.00	403.91	0.0024758	344.41	543.96	5.2422	0.76014	1.1296	648.53	-0.027903	4.6930e-05	0.066886	supercritical
584.36	806.00	403.30	0.0024795	345.24	545.09	5.2441	0.76036	1.1295	648.70	-0.027953	4.6943e-05	0.066905	supercritical
585.36	806.00	402.70	0.0024832	346.07	546.22	5.2461	0.76059	1.1294	648.86	-0.028004	4.6957e-05	0.066925	supercritical
586.36	806.00	402.10	0.0024869	346.90	547.35	5.2480	0.76081	1.1293	649.03	-0.028054	4.6971e-05	0.066945	supercritical
587.36	806.00	401.51	0.0024906	347.73	548.48	5.2499	0.76103	1.1292	649.20	-0.028104	4.6985e-05	0.066965	supercritical
588.36	806.00	400.91	0.0024943	348.57	549.61	5.2518	0.76125	1.1291	649.37	-0.028155	4.6999e-05	0.066985	supercritical
589.36	806.00	400.32	0.0024980	349.40	550.74	5.2538	0.76148	1.1290	649.54	-0.028205	4.7013e-05	0.067005	supercritical
590.36	806.00	399.73	0.0025017	350.23	551.87	5.2557	0.76170	1.1289	649.71	-0.028255	4.7027e-05	0.067025	supercritical
591.36	806.00	399.14	0.0025054	351.06	552.99	5.2576	0.76192	1.1289	649.88	-0.028305	4.7041e-05	0.067046	supercritical
592.36	806.00	398.55	0.0025091	351.89	554.12	5.2595	0.76215	1.1288	650.05	-0.028356	4.7056e-05	0.067067	supercritical
593.36	806.00	397.96	0.0025128	352.72	555.25	5.2614	0.76237	1.1287	650.23	-0.028406	4.7070e-05	0.067088	supercritical
594.36	806.00	397.38	0.0025165	353.55	556.38	5.2633	0.76259	1.1286	650.40	-0.028456	4.7085e-05	0.067109	supercritical
595.36	806.00	396.80	0.0025202	354.38	557.51	5.2652	0.76282	1.1285	650.57	-0.028506	4.7100e-05	0.067130	supercritical
596.36	806.00	396.21	0.0025239	355.21	558.64	5.2671	0.76304	1.1284	650.75	-0.028556	4.7114e-05	0.067152	supercritical
597.36	806.00	395.64	0.0025276	356.04	559.77	5.2690	0.76326	1.1283	650.92	-0.028607	4.7129e-05	0.067173	supercritical
598.36	806.00	395.06	0.0025313	356.87	560.89	5.2709	0.76349	1.1283	651.09	-0.028657	4.7144e-05	0.067195	supercritical
599.36	806.00	394.48	0.0025350	357.71	562.02	5.2728	0.76371	1.1282	651.27	-0.028707	4.7159e-05	0.067217	supercritical
600.36	806.00	393.91	0.0025386	358.54	563.15	5.2746	0.76393	1.1281	651.44	-0.028757	4.7174e-05	0.067239	supercritical
601.36	806.00	393.34	0.0025423	359.37	564.28	5.2765	0.76415	1.1280	651.62	-0.028807	4.7190e-05	0.067261	supercritical
602.36	806.00	392.77	0.0025460	360.20	565.41	5.2784	0.76438	1.1279	651.80	-0.028857	4.7205e-05	0.067283	supercritical
603.36	806.00	392.20	0.0025497	361.03	566.53	5.2803	0.76460	1.1279	651.97	-0.028907	4.7220e-05	0.067306	supercritical
604.36	806.00	391.64	0.0025534	361.86	567.66	5.2821	0.76482	1.1278	652.15	-0.028957	4.7236e-05	0.067328	supercritical
605.36	806.00	391.07	0.0025571	362.69	568.79	5.2840	0.76505	1.1277	652.33	-0.029007	4.7251e-05	0.067351	supercritical
606.36	806.00	390.51	0.0025608	363.52	569.92	5.2858	0.76527	1.1276	652.51	-0.029057	4.7267e-05	0.067374	supercritical
607.36	806.00	389.95	0.0025644	364.35	571.05	5.2877	0.76549	1.1276	652.68	-0.029107	4.7282e-05	0.067397	supercritical
608.36	806.00	389.39	0.0025681	365.18	572.17	5.2896	0.76572	1.1275	652.86	-0.029157	4.7298e-05	0.067420	supercritical
609.36	806.00	388.83	0.0025718	366.01	573.30	5.2914	0.76594	1.1274	653.04	-0.029207	4.7314e-05	0.067443	supercritical
610.36	806.00	388.28	0.0025755	366.84	574.43	5.2933	0.76616	1.1274	653.22	-0.029257	4.7330e-05	0.067467	supercritical
611.36	806.00	387.72	0.0025792	367.67	575.56	5.2951	0.76639	1.1273	653.40	-0.029307	4.7346e-05	0.067491	supercritical
612.36	806.00	387.17	0.0025828	368.51	576.68	5.2969	0.76661	1.1272	653.58	-0.029357	4.7362e-05	0.067514	supercritical
613.36	806.00	386.62	0.0025865	369.34	577.81	5.2988	0.76683	1.1272	653.76	-0.029407	4.7378e-05	0.067538	supercritical
614.36	806.00	386.07	0.0025902	370.17	578.94	5.3006	0.76705	1.1271	653.94	-0.029456	4.7395e-05	0.067562	supercritical
615.36	806.00	385.53	0.0025939	371.00	580.06	5.3025	0.76728	1.1270	654.12	-0.029506	4.7411e-05	0.067586	supercritical
616.36	806.00	384.98	0.0025975	371.83	581.19	5.3043	0.76750	1.1270	654.31	-0.029556	4.7427e-05	0.067611	supercritical
617.36	806.00	384.44	0.0026012	372.66	582.32	5.3061	0.76772	1.1269	654.49	-0.029606	4.7444e-05	0.067635	supercritical
618.36	806.00	383.89	0.0026049	373.49	583.44	5.3079	0.76795	1.1269	654.67	-0.029655	4.7460e-05	0.067659	supercritical
619.36	806.00	383.35	0.0026086	374.32	584.57	5.3098	0.76817	1.1268	654.85	-0.029705	4.7477e-05	0.067684	supercritical
620.36	806.00	382.81	0.0026122	375.15	585.70	5.3116	0.76839	1.1268	655.04	-0.029755	4.7494e-05	0.067709	supercritical
621.36	806.00	382.28	0.0026159	375.98	586.83	5.3134	0.76861	1.1267	655.22	-0.029804	4.7511e-05	0.067734	supercritical
622.36	806.00	381.74	0.0026196	376.81	587.95	5.3152	0.76883	1.1267	655.41	-0.029854	4.7527e-05	0.067759	supercritical
623.36	806.00	381.21	0.0026232	377.65	589.08	5.3170	0.76906	1.1266	655.59	-0.029903	4.7544e-05	0.067784	supercritical
624.36	806.00	380.68	0.0026269	378.48	590.20	5.3188	0.76928	1.1265	655.78	-0.029953	4.7561e-05	0.067809	supercritical
625.36	806.00	380.15	0.0026306	379.31	591.33	5.3206	0.76950	1.1265	655.96	-0.030002	4.7578e-05	0.067835	supercritical
626.36	806.00	379.62	0.0026342	380.14	592.46	5.3224	0.76972	1.1264	656.15	-0.030052	4.7596e-05	0.067860	supercritical
627.36	806.00	379.09	0.0026379	380.97	593.58	5.3242	0.76994	1.1264	656.33	-0.030101	4.7613e-05	0.067886	supercritical
628.36	806.00	378.56	0.0026416	381.80	594.71	5.3260	0.77017	1.1263	656.52	-0.030150	4.7630e-05	0.067912	supercritical
629.36	806.00	378.04	0.0026452	382.63	595.84	5.3278	0.77039	1.1263	656.71	-0.030200	4.7647e-05	0.067938	supercritical
630.36	806.00	377.52	0.0026489	383.46	596.96	5.3296	0.77061	1.1263	656.89	-0.030249	4.7665e-05	0.067964	supercritical
631.36	806.00	377.00	0.0026525	384.29	598.09	5.3314	0.77083	1.1262	657.08	-0.030298	4.7682e-05	0.067990	supercritical
632.36	806.00	376.48	0.0026562	385.13	599.22	5.3332	0.77105	1.1262	657.27	-0.030347	4.7700e-05	0.068016	supercritical
633.36	806.00	375.96	0.0026599	385.96	600.34	5.3349	0.77127	1.1261	657.46	-0.030397	4.7717e-05	0.068043	supercritical
634.36	806.00	375.44	0.0026635	386.79	601.47	5.3367	0.77149	1.1261	657.64	-0.030446	4.7735e-05	0.068069	supercritical
635.36	806.00	374.93	0.0026672	387.62	602.59	5.3385	0.77172	1.1260	657.83	-0.030495	4.7753e-05	0.068096	supercritical
636.36	806.00	374.41	0.0026708	388.45	603.72	5.3403	0.77194	1.1260	658.02	-0.030544	4.7771e-05	0.068123	supercritical
637.36	806.00	373.90	0.0026745	389.28	604.85	5.3420	0.77216	1.1260	658.21	-0.030593	4.7789e-05	0.068150	supercritical
638.36	806.00	373.39	0.0026782	390.11	605.97	5.3438	0.77238	1.1259	658.40	-0.030642	4.7806e-05	0.068177	supercritical
639.36	806.00	372.88	0.0026818	390.94	607.10	5.3456	0.77260	1.1259	658.59	-0.030691	4.7824e-05	0.068204	supercritical
640.36	806.00	372.38	0.0026855	391.78	608.22	5.3473	0.77282	1.1259	658.78	-0.030740	4.7842e-05	0.068231	supercritical
641.36	806.00	371.87	0.0026891	392.61	609.35	5.3491	0.77304	1.1258	658.97	-0.030788	4.7861e-05	0.068258	supercritical
642.36	806.00	371.37	0.0026928	393.44	610.48	5.3508	0.77326	1.1258	659.16	-0.030837	4.7879e-05	0.068286	supercritical
643.36	806.00	370.86	0.0026964	394.27	611.60	5.3526	0.77348	1.1258	659.35	-0.030886	4.7897e-05	0.068314	supercritical
644.36	806.00	370.36	0.0027001	395.10	612.73	5.3543	0.77370	1.1257	659.55	-0.030935	4.7915e-05	0.068341	supercritical
645.36	806.00	369.86	0.0027037	395.93	613.85	5.3561	0.77392	1.1257	659.74	-0.030983	4.7934e-05	0.068369	supercritical
646.36	806.00	369.36	0.0027074	396.76	614.98	5.3578	0.77414	1.1257	659.93	-0.031032	4.7952e-05	0.068397	supercritical
647.36	806.00	368.87	0.0027110	397.60	616.10	5.3596	0.77436	1.1256	660.12	-0.031081	4.7971e-05	0.068425	supercritical
648.36	806.00	368.37	0.0027147	398.43	617.23	5.3613	0.77458	1.1256	660.31	-0.031129	4.7989e-05	0.068453	supercritical
649.36	806.00	367.88	0.0027183	399.26	618.36	5.3630	0.77480	1.1256	660.51	-0.031178	4.8008e-05	0.068481	supercritical
650.36	806.00	367.38	0.0027220	400.09	619.48	5.3648	0.77501	1.1255	660.70	-0.031226	4.8026e-05	0.068510	supercritical
651.36	806.00	366.89	0.0027256	400.92	620.61	5.3665	0.77523	1.1255	660.89	-0.031275	4.8045e-05	0.068538	supercritical
652.36	806.00	366.40	0.0027292	401.75	621.73	5.3682	0.77545	1.1255	661.09	-0.031323	4.8064e-05	0.068567	supercritical
653.36	806.00	365.91	0.0027329	402.59	622.86	5.3699	0.77567	1.1255	661.28	-0.031371	4.8083e-05	0.068595	supercritical
654.36	806.00	365.43	0.0027365	403.42	623.98	5.3717	0.77589	1.1254	661.48	-0.031420	4.8102e-05	0.068624	supercritical
655.36	806.00	364.94	0.0027402	404.25	625.11	5.3734	0.77611	1.1254	661.67	-0.031468	4.8121e-05	0.068653	supercritical
656.36	806.00	364.46	0.0027438	405.08	626.23	5.3751	0.77632	1.1254	661.87	-0.031516	4.8140e-05	0.068682	supercritical
657.36	806.00	363.97	0.0027474	405.91	627.36	5.3768	0.77654	1.1254	662.06	-0.031564	4.8159e-05	0.068711	supercritical
658.36	806.00	363.49	0.0027511	406.75	628.48	5.3785	0.77676	1.1253	662.26	-0.031612	4.8178e-05	0.068740	supercritical
659.36	806.00	363.01	0.0027547	407.58	629.61	5.3802	0.77698	1.1253	662.45	-0.031660	4.8197e-05	0.068770	supercritical
660.36	806.00	362.53	0.0027584	408.41	630.73	5.3819	0.77719	1.1253	662.65	-0.031708	4.8216e-05	0.068799	supercritical
661.36	806.00	362.06	0.0027620	409.24	631.86	5.3836	0.77741	1.1253	662.85	-0.031756	4.8235e-05	0.068829	supercritical
662.36	806.00	361.58	0.0027656	410.08	632.99	5.3853	0.77763	1.1253	663.04	-0.031804	4.8255e-05	0.068858	supercritical
663.36	806.00	361.11	0.0027693	410.91	634.11	5.3870	0.77784	1.1253	663.24	-0.031852	4.8274e-05	0.068888	supercritical
664.36	806.00	360.63	0.0027729	411.74	635.24	5.3887	0.77806	1.1252	663.44	-0.031900	4.8293e-05	0.068918	supercritical
665.36	806.00	360.16	0.0027765	412.57	636.36	5.3904	0.77828	1.1252	663.63	-0.031948	4.8313e-05	0.068947	supercritical
666.36	806.00	359.69	0.0027802	413.40	637.49	5.3921	0.77849	1.1252	663.83	-0.031995	4.8332e-05	0.068977	supercritical
667.36	806.00	359.22	0.0027838	414.24	638.61	5.3938	0.77871	1.1252	664.03	-0.032043	4.8352e-05	0.069008	supercritical
668.36	806.00	358.75	0.0027874	415.07	639.74	5.3955	0.77893	1.1252	664.23	-0.032091	4.8372e-05	0.069038	supercritical
669.36	806.00	358.29	0.0027911	415.90	640.86	5.3972	0.77914	1.1252	664.42	-0.032138	4.8391e-05	0.069068	supercritical
670.36	806.00	357.82	0.0027947	416.74	641.99	5.3988	0.77936	1.1252	664.62	-0.032186	4.8411e-05	0.069098	supercritical
671.36	806.00	357.36	0.0027983	417.57	643.11	5.4005	0.77957	1.1251	664.82	-0.032233	4.8431e-05	0.069129	supercritical
672.36	806.00	356.90	0.0028019	418.40	644.24	5.4022	0.77979	1.1251	665.02	-0.032280	4.8451e-05	0.069159	supercritical
673.36	806.00	356.43	0.0028056	419.23	645.36	5.4039	0.78000	1.1251	665.22	-0.032328	4.8471e-05	0.069190	supercritical
674.36	806.00	355.97	0.0028092	420.07	646.49	5.4055	0.78022	1.1251	665.42	-0.032375	4.8490e-05	0.069221	supercritical
675.36	806.00	355.51	0.0028128	420.90	647.61	5.4072	0.78043	1.1251	665.62	-0.032422	4.8510e-05	0.069252	supercritical
676.36	806.00	355.06	0.0028164	421.73	648.74	5.4089	0.78064	1.1251	665.82	-0.032470	4.8530e-05	0.069283	supercritical
677.36	806.00	354.60	0.0028201	422.57	649.86	5.4105	0.78086	1.1251	666.02	-0.032517	4.8550e-05	0.069314	supercritical
678.36	806.00	354.15	0.0028237	423.40	650.99	5.4122	0.78107	1.1251	666.22	-0.032564	4.8571e-05	0.069345	supercritical
679.36	806.00	353.69	0.0028273	424.23	652.11	5.4138	0.78128	1.1251	666.42	-0.032611	4.8591e-05	0.069376	supercritical
680.36	806.00	353.24	0.0028309	425.06	653.24	5.4155	0.78150	1.1251	666.62	-0.032658	4.8611e-05	0.069407	supercritical
681.36	806.00	352.79	0.0028346	425.90	654.36	5.4172	0.78171	1.1251	666.82	-0.032705	4.8631e-05	0.069439	supercritical
682.36	806.00	352.34	0.0028382	426.73	655.49	5.4188	0.78192	1.1251	667.02	-0.032752	4.8651e-05	0.069470	supercritical
683.36	806.00	351.89	0.0028418	427.56	656.61	5.4205	0.78214	1.1251	667.22	-0.032799	4.8672e-05	0.069502	supercritical
684.36	806.00	351.44	0.0028454	428.40	657.74	5.4221	0.78235	1.1251	667.42	-0.032845	4.8692e-05	0.069533	supercritical
685.36	806.00	351.00	0.0028490	429.23	658.86	5.4237	0.78256	1.1250	667.63	-0.032892	4.8713e-05	0.069565	supercritical
686.36	806.00	350.55	0.0028526	430.07	659.99	5.4254	0.78277	1.1250	667.83	-0.032939	4.8733e-05	0.069597	supercritical
687.36	806.00	350.11	0.0028563	430.90	661.11	5.4270	0.78298	1.1250	668.03	-0.032986	4.8754e-05	0.069629	supercritical
688.36	806.00	349.67	0.0028599	431.73	662.24	5.4287	0.78320	1.1250	668.23	-0.033032	4.8774e-05	0.069661	supercritical
689.36	806.00	349.22	0.0028635	432.57	663.36	5.4303	0.78341	1.1250	668.43	-0.033079	4.8795e-05	0.069693	supercritical
690.36	806.00	348.78	0.0028671	433.40	664.49	5.4319	0.78362	1.1250	668.64	-0.033125	4.8815e-05	0.069725	supercritical
691.36	806.00	348.34	0.0028707	434.23	665.61	5.4335	0.78383	1.1250	668.84	-0.033172	4.8836e-05	0.069757	supercritical
692.36	806.00	347.91	0.0028743	435.07	666.74	5.4352	0.78404	1.1250	669.04	-0.033218	4.8857e-05	0.069789	supercritical
693.36	806.00	347.47	0.0028779	435.90	667.86	5.4368	0.78425	1.1250	669.25	-0.033264	4.8877e-05	0.069822	supercritical
694.36	806.00	347.03	0.0028816	436.74	668.99	5.4384	0.78446	1.1251	669.45	-0.033311	4.8898e-05	0.069854	supercritical
695.36	806.00	346.60	0.0028852	437.57	670.11	5.4400	0.78467	1.1251	669.65	-0.033357	4.8919e-05	0.069887	supercritical
696.36	806.00	346.17	0.0028888	438.40	671.24	5.4417	0.78488	1.1251	669.86	-0.033403	4.8940e-05	0.069920	supercritical
697.36	806.00	345.74	0.0028924	439.24	672.36	5.4433	0.78509	1.1251	670.06	-0.033449	4.8961e-05	0.069952	supercritical
698.36	806.00	345.31	0.0028960	440.07	673.49	5.4449	0.78530	1.1251	670.27	-0.033495	4.8982e-05	0.069985	supercritical
699.36	806.00	344.88	0.0028996	440.91	674.61	5.4465	0.78551	1.1251	670.47	-0.033541	4.9003e-05	0.070018	supercritical
700.36	806.00	344.45	0.0029032	441.74	675.74	5.4481	0.78572	1.1251	670.67	-0.033587	4.9024e-05	0.070051	supercritical
701.36	806.00	344.02	0.0029068	442.58	676.86	5.4497	0.78593	1.1251	670.88	-0.033633	4.9045e-05	0.070084	supercritical
702.36	806.00	343.59	0.0029104	443.41	677.99	5.4513	0.78613	1.1251	671.08	-0.033679	4.9066e-05	0.070117	supercritical
703.36	806.00	343.17	0.0029140	444.24	679.11	5.4529	0.78634	1.1251	671.29	-0.033724	4.9087e-05	0.070150	supercritical
704.36	806.00	342.75	0.0029176	445.08	680.24	5.4545	0.78655	1.1251	671.49	-0.033770	4.9108e-05	0.070184	supercritical
705.36	806.00	342.32	0.0029212	445.91	681.36	5.4561	0.78676	1.1251	671.70	-0.033816	4.9130e-05	0.070217	supercritical
706.36	806.00	341.90	0.0029248	446.75	682.49	5.4577	0.78696	1.1251	671.91	-0.033861	4.9151e-05	0.070250	supercritical
707.36	806.00	341.48	0.0029284	447.58	683.61	5.4593	0.78717	1.1251	672.11	-0.033907	4.9172e-05	0.070284	supercritical
708.36	806.00	341.06	0.0029320	448.42	684.74	5.4609	0.78738	1.1251	672.32	-0.033952	4.9194e-05	0.070317	supercritical
709.36	806.00	340.64	0.0029356	449.25	685.87	5.4625	0.78758	1.1252	672.52	-0.033998	4.9215e-05	0.070351	supercritical
710.36	806.00	340.23	0.0029392	450.09	686.99	5.4640	0.78779	1.1252	672.73	-0.034043	4.9236e-05	0.070385	supercritical
711.36	806.00	339.81	0.0029428	450.92	688.12	5.4656	0.78800	1.1252	672.94	-0.034089	4.9258e-05	0.070419	supercritical
712.36	806.00	339.40	0.0029464	451.76	689.24	5.4672	0.78820	1.1252	673.14	-0.034134	4.9279e-05	0.070452	supercritical
713.36	806.00	338.98	0.0029500	452.59	690.37	5.4688	0.78841	1.1252	673.35	-0.034179	4.9301e-05	0.070486	supercritical
714.36	806.00	338.57	0.0029536	453.43	691.49	5.4704	0.78861	1.1252	673.56	-0.034224	4.9322e-05	0.070520	supercritical
715.36	806.00	338.16	0.0029572	454.27	692.62	5.4719	0.78882	1.1252	673.76	-0.034269	4.9344e-05	0.070554	supercritical
716.36	806.00	337.75	0.0029608	455.10	693.74	5.4735	0.78902	1.1252	673.97	-0.034314	4.9366e-05	0.070589	supercritical
717.36	806.00	337.34	0.0029644	455.94	694.87	5.4751	0.78923	1.1253	674.18	-0.034359	4.9387e-05	0.070623	supercritical
718.36	806.00	336.93	0.0029680	456.77	695.99	5.4766	0.78943	1.1253	674.38	-0.034404	4.9409e-05	0.070657	supercritical
719.36	806.00	336.52	0.0029716	457.61	697.12	5.4782	0.78964	1.1253	674.59	-0.034449	4.9431e-05	0.070692	supercritical
720.36	806.00	336.12	0.0029752	458.44	698.24	5.4798	0.78984	1.1253	674.80	-0.034494	4.9452e-05	0.070726	supercritical
721.36	806.00	335.71	0.0029788	459.28	699.37	5.4813	0.79004	1.1253	675.01	-0.034539	4.9474e-05	0.070761	supercritical
722.36	806.00	335.31	0.0029824	460.12	700.49	5.4829	0.79025	1.1253	675.22	-0.034583	4.9496e-05	0.070795	supercritical
723.36	806.00	334.90	0.0029859	460.95	701.62	5.4845	0.79045	1.1253	675.42	-0.034628	4.9518e-05	0.070830	supercritical
724.36	806.00	334.50	0.0029895	461.79	702.74	5.4860	0.79065	1.1254	675.63	-0.034673	4.9540e-05	0.070864	supercritical
725.36	806.00	334.10	0.0029931	462.62	703.87	5.4876	0.79085	1.1254	675.84	-0.034717	4.9562e-05	0.070899	supercritical
726.36	806.00	333.70	0.0029967	463.46	704.99	5.4891	0.79106	1.1254	676.05	-0.034762	4.9584e-05	0.070934	supercritical
727.36	806.00	333.30	0.0030003	464.30	706.12	5.4907	0.79126	1.1254	676.26	-0.034806	4.9606e-05	0.070969	supercritical
728.36	806.00	332.90	0.0030039	465.13	707.25	5.4922	0.79146	1.1254	676.47	-0.034850	4.9628e-05	0.071004	supercritical
729.36	806.00	332.51	0.0030075	465.97	708.37	5.4938	0.79166	1.1255	676.68	-0.034895	4.9650e-05	0.071039	supercritical
730.36	806.00	332.11	0.0030110	466.81	709.50	5.4953	0.79186	1.1255	676.88	-0.034939	4.9672e-05	0.071074	supercritical
731.36	806.00	331.72	0.0030146	467.64	710.62	5.4968	0.79206	1.1255	677.09	-0.034983	4.9694e-05	0.071109	supercritical
732.36	806.00	331.32	0.0030182	468.48	711.75	5.4984	0.79226	1.1255	677.30	-0.035027	4.9716e-05	0.071145	supercritical
733.36	806.00	330.93	0.0030218	469.32	712.87	5.4999	0.79246	1.1255	677.51	-0.035071	4.9738e-05	0.071180	supercritical
734.36	806.00	330.54	0.0030254	470.15	714.00	5.5014	0.79266	1.1256	677.72	-0.035115	4.9760e-05	0.071215	supercritical
735.36	806.00	330.15	0.0030290	470.99	715.12	5.5030	0.79286	1.1256	677.93	-0.035159	4.9783e-05	0.071251	supercritical
736.36	806.00	329.76	0.0030325	471.83	716.25	5.5045	0.79306	1.1256	678.14	-0.035203	4.9805e-05	0.071286	supercritical
737.36	806.00	329.37	0.0030361	472.66	717.38	5.5060	0.79326	1.1256	678.35	-0.035247	4.9827e-05	0.071322	supercritical
738.36	806.00	328.98	0.0030397	473.50	718.50	5.5076	0.79346	1.1256	678.56	-0.035291	4.9849e-05	0.071357	supercritical
739.36	806.00	328.59	0.0030433	474.34	719.63	5.5091	0.79366	1.1257	678.77	-0.035334	4.9872e-05	0.071393	supercritical
740.36	806.00	328.21	0.0030469	475.18	720.75	5.5106	0.79386	1.1257	678.98	-0.035378	4.9894e-05	0.071429	supercritical
741.36	806.00	327.82	0.0030504	476.01	721.88	5.5121	0.79406	1.1257	679.19	-0.035422	4.9916e-05	0.071465	supercritical
742.36	806.00	327.44	0.0030540	476.85	723.00	5.5136	0.79425	1.1257	679.40	-0.035465	4.9939e-05	0.071501	supercritical
743.36	806.00	327.06	0.0030576	477.69	724.13	5.5152	0.79445	1.1258	679.61	-0.035509	4.9961e-05	0.071537	supercritical
744.36	806.00	326.67	0.0030612	478.53	725.26	5.5167	0.79465	1.1258	679.83	-0.035552	4.9984e-05	0.071573	supercritical
745.36	806.00	326.29	0.0030647	479.36	726.38	5.5182	0.79485	1.1258	680.04	-0.035595	5.0006e-05	0.071609	supercritical
746.36	806.00	325.91	0.0030683	480.20	727.51	5.5197	0.79504	1.1258	680.25	-0.035639	5.0029e-05	0.071645	supercritical
747.36	806.00	325.53	0.0030719	481.04	728.63	5.5212	0.79524	1.1259	680.46	-0.035682	5.0051e-05	0.071681	supercritical
748.36	806.00	325.16	0.0030755	481.88	729.76	5.5227	0.79544	1.1259	680.67	-0.035725	5.0074e-05	0.071717	supercritical
749.36	806.00	324.78	0.0030790	482.72	730.88	5.5242	0.79563	1.1259	680.88	-0.035768	5.0097e-05	0.071754	supercritical
750.36	806.00	324.40	0.0030826	483.55	732.01	5.5257	0.79583	1.1260	681.09	-0.035811	5.0119e-05	0.071790	supercritical
751.36	806.00	324.03	0.0030862	484.39	733.14	5.5272	0.79602	1.1260	681.30	-0.035854	5.0142e-05	0.071826	supercritical
752.36	806.00	323.65	0.0030897	485.23	734.26	5.5287	0.79622	1.1260	681.52	-0.035897	5.0165e-05	0.071863	supercritical
753.36	806.00	323.28	0.0030933	486.07	735.39	5.5302	0.79641	1.1260	681.73	-0.035940	5.0187e-05	0.071899	supercritical
754.36	806.00	322.91	0.0030969	486.91	736.51	5.5317	0.79661	1.1261	681.94	-0.035983	5.0210e-05	0.071936	supercritical
755.36	806.00	322.53	0.0031004	487.74	737.64	5.5332	0.79680	1.1261	682.15	-0.036026	5.0233e-05	0.071973	supercritical
756.36	806.00	322.16	0.0031040	488.58	738.77	5.5347	0.79700	1.1261	682.36	-0.036069	5.0256e-05	0.072009	supercritical
757.36	806.00	321.79	0.0031076	489.42	739.89	5.5362	0.79719	1.1261	682.58	-0.036111	5.0279e-05	0.072046	supercritical
758.36	806.00	321.43	0.0031111	490.26	741.02	5.5376	0.79738	1.1262	682.79	-0.036154	5.0301e-05	0.072083	supercritical
759.36	806.00	321.06	0.0031147	491.10	742.15	5.5391	0.79758	1.1262	683.00	-0.036196	5.0324e-05	0.072120	supercritical
760.36	806.00	320.69	0.0031183	491.94	743.27	5.5406	0.79777	1.1262	683.21	-0.036239	5.0347e-05	0.072157	supercritical
761.36	806.00	320.32	0.0031218	492.78	744.40	5.5421	0.79796	1.1263	683.43	-0.036281	5.0370e-05	0.072194	supercritical
762.36	806.00	319.96	0.0031254	493.62	745.52	5.5436	0.79815	1.1263	683.64	-0.036324	5.0393e-05	0.072231	supercritical
763.36	806.00	319.59	0.0031290	494.46	746.65	5.5450	0.79835	1.1263	683.85	-0.036366	5.0416e-05	0.072268	supercritical
764.36	806.00	319.23	0.0031325	495.30	747.78	5.5465	0.79854	1.1264	684.06	-0.036408	5.0439e-05	0.072305	supercritical
765.36	806.00	318.87	0.0031361	496.13	748.90	5.5480	0.79873	1.1264	684.28	-0.036451	5.0462e-05	0.072342	supercritical
766.36	806.00	318.51	0.0031396	496.97	750.03	5.5495	0.79892	1.1264	684.49	-0.036493	5.0485e-05	0.072379	supercritical
767.36	806.00	318.15	0.0031432	497.81	751.16	5.5509	0.79911	1.1265	684.70	-0.036535	5.0508e-05	0.072417	supercritical
768.36	806.00	317.79	0.0031468	498.65	752.28	5.5524	0.79930	1.1265	684.92	-0.036577	5.0531e-05	0.072454	supercritical
769.36	806.00	317.43	0.0031503	499.49	753.41	5.5539	0.79949	1.1265	685.13	-0.036619	5.0554e-05	0.072491	supercritical
770.36	806.00	317.07	0.0031539	500.33	754.54	5.5553	0.79968	1.1266	685.34	-0.036661	5.0577e-05	0.072529	supercritical
771.36	806.00	316.71	0.0031574	501.17	755.66	5.5568	0.79987	1.1266	685.56	-0.036703	5.0601e-05	0.072566	supercritical
772.36	806.00	316.36	0.0031610	502.01	756.79	5.5583	0.80006	1.1266	685.77	-0.036744	5.0624e-05	0.072604	supercritical
773.36	806.00	316.00	0.0031646	502.85	757.92	5.5597	0.80025	1.1267	685.98	-0.036786	5.0647e-05	0.072642	supercritical
774.36	806.00	315.65	0.0031681	503.69	759.04	5.5612	0.80044	1.1267	686.20	-0.036828	5.0670e-05	0.072679	supercritical
775.36	806.00	315.29	0.0031717	504.53	760.17	5.5626	0.80063	1.1267	686.41	-0.036869	5.0693e-05	0.072717	supercritical
776.36	806.00	314.94	0.0031752	505.37	761.30	5.5641	0.80082	1.1268	686.62	-0.036911	5.0717e-05	0.072755	supercritical
777.36	806.00	314.59	0.0031788	506.21	762.42	5.5655	0.80100	1.1268	686.84	-0.036953	5.0740e-05	0.072792	supercritical
778.36	806.00	314.24	0.0031823	507.05	763.55	5.5670	0.80119	1.1268	687.05	-0.036994	5.0763e-05	0.072830	supercritical
779.36	806.00	313.89	0.0031859	507.89	764.68	5.5684	0.80138	1.1269	687.27	-0.037035	5.0787e-05	0.072868	supercritical
780.36	806.00	313.54	0.0031894	508.73	765.80	5.5699	0.80157	1.1269	687.48	-0.037077	5.0810e-05	0.072906	supercritical
781.36	806.00	313.19	0.0031930	509.58	766.93	5.5713	0.80175	1.1269	687.69	-0.037118	5.0833e-05	0.072944	supercritical
782.36	806.00	312.84	0.0031965	510.42	768.06	5.5727	0.80194	1.1270	687.91	-0.037159	5.0857e-05	0.072982	supercritical
783.36	806.00	312.49	0.0032001	511.26	769.18	5.5742	0.80213	1.1270	688.12	-0.037200	5.0880e-05	0.073020	supercritical
784.36	806.00	312.15	0.0032036	512.10	770.31	5.5756	0.80231	1.1270	688.34	-0.037241	5.0904e-05	0.073059	supercritical
785.36	806.00	311.80	0.0032072	512.94	771.44	5.5771	0.80250	1.1271	688.55	-0.037282	5.0927e-05	0.073097	supercritical
786.36	806.00	311.46	0.0032107	513.78	772.56	5.5785	0.80268	1.1271	688.77	-0.037323	5.0950e-05	0.073135	supercritical
787.36	806.00	311.11	0.0032143	514.62	773.69	5.5799	0.80287	1.1271	688.98	-0.037364	5.0974e-05	0.073173	supercritical
788.36	806.00	310.77	0.0032178	515.46	774.82	5.5814	0.80305	1.1272	689.20	-0.037405	5.0997e-05	0.073212	supercritical
789.36	806.00	310.43	0.0032214	516.30	775.95	5.5828	0.80324	1.1272	689.41	-0.037446	5.1021e-05	0.073250	supercritical
790.36	806.00	310.09	0.0032249	517.14	777.07	5.5842	0.80342	1.1273	689.63	-0.037487	5.1045e-05	0.073289	supercritical
791.36	806.00	309.74	0.0032285	517.99	778.20	5.5856	0.80361	1.1273	689.84	-0.037528	5.1068e-05	0.073327	supercritical
792.36	806.00	309.41	0.0032320	518.83	779.33	5.5871	0.80379	1.1273	690.06	-0.037568	5.1092e-05	0.073366	supercritical
793.36	806.00	309.07	0.0032356	519.67	780.46	5.5885	0.80398	1.1274	690.27	-0.037609	5.1115e-05	0.073404	supercritical
794.36	806.00	308.73	0.0032391	520.51	781.58	5.5899	0.80416	1.1274	690.49	-0.037649	5.1139e-05	0.073443	supercritical
795.36	806.00	308.39	0.0032426	521.35	782.71	5.5913	0.80434	1.1275	690.70	-0.037690	5.1163e-05	0.073481	supercritical
796.36	806.00	308.05	0.0032462	522.20	783.84	5.5927	0.80452	1.1275	690.92	-0.037730	5.1186e-05	0.073520	supercritical
797.36	806.00	307.72	0.0032497	523.04	784.97	5.5942	0.80471	1.1275	691.13	-0.037771	5.1210e-05	0.073559	supercritical
798.36	806.00	307.38	0.0032533	523.88	786.09	5.5956	0.80489	1.1276	691.35	-0.037811	5.1234e-05	0.073598	supercritical
799.36	806.00	307.05	0.0032568	524.72	787.22	5.5970	0.80507	1.1276	691.56	-0.037851	5.1257e-05	0.073637	supercritical
800.36	806.00	306.72	0.0032603	525.56	788.35	5.5984	0.80525	1.1276	691.78	-0.037891	5.1281e-05	0.073675	supercritical
801.36	806.00	306.38	0.0032639	526.41	789.48	5.5998	0.80543	1.1277	691.99	-0.037931	5.1305e-05	0.073714	supercritical
802.36	806.00	306.05	0.0032674	527.25	790.60	5.6012	0.80561	1.1277	692.21	-0.037971	5.1329e-05	0.073753	supercritical
803.36	806.00	305.72	0.0032710	528.09	791.73	5.6026	0.80579	1.1278	692.42	-0.038011	5.1352e-05	0.073792	supercritical
804.36	806.00	305.39	0.0032745	528.93	792.86	5.6040	0.80598	1.1278	692.64	-0.038051	5.1376e-05	0.073831	supercritical
805.36	806.00	305.06	0.0032780	529.78	793.99	5.6054	0.80616	1.1279	692.86	-0.038091	5.1400e-05	0.073871	supercritical
806.36	806.00	304.73	0.0032816	530.62	795.11	5.6068	0.80634	1.1279	693.07	-0.038131	5.1424e-05	0.073910	supercritical
807.36	806.00	304.40	0.0032851	531.46	796.24	5.6082	0.80651	1.1279	693.29	-0.038171	5.1448e-05	0.073949	supercritical
808.36	806.00	304.08	0.0032886	532.31	797.37	5.6096	0.80669	1.1280	693.50	-0.038211	5.1471e-05	0.073988	supercritical
809.36	806.00	303.75	0.0032922	533.15	798.50	5.6110	0.80687	1.1280	693.72	-0.038250	5.1495e-05	0.074027	supercritical
810.36	806.00	303.42	0.0032957	533.99	799.63	5.6124	0.80705	1.1281	693.94	-0.038290	5.1519e-05	0.074067	supercritical
811.36	806.00	303.10	0.0032992	534.84	800.75	5.6138	0.80723	1.1281	694.15	-0.038329	5.1543e-05	0.074106	supercritical
812.36	806.00	302.78	0.0033028	535.68	801.88	5.6152	0.80741	1.1281	694.37	-0.038369	5.1567e-05	0.074145	supercritical
813.36	806.00	302.45	0.0033063	536.52	803.01	5.6166	0.80759	1.1282	694.58	-0.038408	5.1591e-05	0.074185	supercritical
814.36	806.00	302.13	0.0033098	537.37	804.14	5.6179	0.80776	1.1282	694.80	-0.038448	5.1615e-05	0.074224	supercritical
815.36	806.00	301.81	0.0033134	538.21	805.27	5.6193	0.80794	1.1283	695.02	-0.038487	5.1639e-05	0.074264	supercritical
816.36	806.00	301.49	0.0033169	539.05	806.40	5.6207	0.80812	1.1283	695.23	-0.038526	5.1663e-05	0.074303	supercritical
817.36	806.00	301.17	0.0033204	539.90	807.52	5.6221	0.80829	1.1284	695.45	-0.038566	5.1687e-05	0.074343	supercritical
818.36	806.00	300.85	0.0033240	540.74	808.65	5.6235	0.80847	1.1284	695.66	-0.038605	5.1711e-05	0.074383	supercritical
819.36	806.00	300.53	0.0033275	541.58	809.78	5.6249	0.80865	1.1284	695.88	-0.038644	5.1735e-05	0.074422	supercritical
820.36	806.00	300.21	0.0033310	542.43	810.91	5.6262	0.80882	1.1285	696.10	-0.038683	5.1759e-05	0.074462	supercritical
821.36	806.00	299.89	0.0033346	543.27	812.04	5.6276	0.80900	1.1285	696.31	-0.038722	5.1783e-05	0.074502	supercritical
822.36	806.00	299.57	0.0033381	544.12	813.17	5.6290	0.80917	1.1286	696.53	-0.038761	5.1807e-05	0.074542	supercritical
823.36	806.00	299.26	0.0033416	544.96	814.29	5.6304	0.80935	1.1286	696.75	-0.038800	5.1831e-05	0.074581	supercritical
824.36	806.00	298.94	0.0033451	545.81	815.42	5.6317	0.80952	1.1287	696.96	-0.038838	5.1856e-05	0.074621	supercritical
825.36	806.00	298.63	0.0033487	546.65	816.55	5.6331	0.80970	1.1287	697.18	-0.038877	5.1880e-05	0.074661	supercritical
826.36	806.00	298.31	0.0033522	547.49	817.68	5.6345	0.80987	1.1287	697.40	-0.038916	5.1904e-05	0.074701	supercritical
827.36	806.00	298.00	0.0033557	548.34	818.81	5.6358	0.81005	1.1288	697.61	-0.038955	5.1928e-05	0.074741	supercritical
828.36	806.00	297.69	0.0033592	549.18	819.94	5.6372	0.81022	1.1288	697.83	-0.038993	5.1952e-05	0.074781	supercritical
829.36	806.00	297.37	0.0033628	550.03	821.07	5.6385	0.81039	1.1289	698.05	-0.039032	5.1976e-05	0.074821	supercritical
830.36	806.00	297.06	0.0033663	550.87	822.20	5.6399	0.81057	1.1289	698.26	-0.039070	5.2001e-05	0.074861	supercritical
831.36	806.00	296.75	0.0033698	551.72	823.33	5.6413	0.81074	1.1290	698.48	-0.039109	5.2025e-05	0.074901	supercritical
832.36	806.00	296.44	0.0033733	552.56	824.45	5.6426	0.81091	1.1290	698.70	-0.039147	5.2049e-05	0.074942	supercritical
833.36	806.00	296.13	0.0033768	553.41	825.58	5.6440	0.81108	1.1291	698.92	-0.039185	5.2073e-05	0.074982	supercritical
834.36	806.00	295.83	0.0033804	554.25	826.71	5.6453	0.81126	1.1291	699.13	-0.039224	5.2097e-05	0.075022	supercritical
835.36	806.00	295.52	0.0033839	555.10	827.84	5.6467	0.81143	1.1291	699.35	-0.039262	5.2122e-05	0.075062	supercritical
836.36	806.00	295.21	0.0033874	555.95	828.97	5.6480	0.81160	1.1292	699.57	-0.039300	5.2146e-05	0.075103	supercritical
837.36	806.00	294.90	0.0033909	556.79	830.10	5.6494	0.81177	1.1292	699.78	-0.039338	5.2170e-05	0.075143	supercritical
838.36	806.00	294.60	0.0033944	557.64	831.23	5.6507	0.81194	1.1293	700.00	-0.039376	5.2195e-05	0.075183	supercritical
839.36	806.00	294.29	0.0033980	558.48	832.36	5.6521	0.81211	1.1293	700.22	-0.039414	5.2219e-05	0.075224	supercritical
840.36	806.00	293.99	0.0034015	559.33	833.49	5.6534	0.81228	1.1294	700.44	-0.039452	5.2243e-05	0.075264	supercritical
841.36	806.00	293.69	0.0034050	560.17	834.62	5.6548	0.81245	1.1294	700.65	-0.039490	5.2268e-05	0.075305	supercritical
842.36	806.00	293.38	0.0034085	561.02	835.75	5.6561	0.81262	1.1295	700.87	-0.039528	5.2292e-05	0.075345	supercritical
843.36	806.00	293.08	0.0034120	561.87	836.88	5.6574	0.81279	1.1295	701.09	-0.039565	5.2316e-05	0.075386	supercritical
844.36	806.00	292.78	0.0034155	562.71	838.01	5.6588	0.81296	1.1296	701.30	-0.039603	5.2341e-05	0.075426	supercritical
845.36	806.00	292.48	0.0034191	563.56	839.14	5.6601	0.81313	1.1296	701.52	-0.039641	5.2365e-05	0.075467	supercritical
846.36	806.00	292.18	0.0034226	564.40	840.26	5.6615	0.81330	1.1297	701.74	-0.039678	5.2390e-05	0.075508	supercritical
847.36	806.00	291.88	0.0034261	565.25	841.39	5.6628	0.81347	1.1297	701.96	-0.039716	5.2414e-05	0.075548	supercritical
848.36	806.00	291.58	0.0034296	566.10	842.52	5.6641	0.81363	1.1297	702.17	-0.039753	5.2438e-05	0.075589	supercritical
849.36	806.00	291.28	0.0034331	566.94	843.65	5.6655	0.81380	1.1298	702.39	-0.039791	5.2463e-05	0.075630	supercritical
850.36	806.00	290.98	0.0034366	567.79	844.78	5.6668	0.81397	1.1298	702.61	-0.039828	5.2487e-05	0.075671	supercritical
851.36	806.00	290.69	0.0034401	568.64	845.91	5.6681	0.81414	1.1299	702.83	-0.039866	5.2512e-05	0.075711	supercritical
852.36	806.00	290.39	0.0034437	569.48	847.04	5.6694	0.81430	1.1299	703.04	-0.039903	5.2536e-05	0.075752	supercritical
853.36	806.00	290.09	0.0034472	570.33	848.17	5.6708	0.81447	1.1300	703.26	-0.039940	5.2561e-05	0.075793	supercritical
854.36	806.00	289.80	0.0034507	571.18	849.30	5.6721	0.81464	1.1300	703.48	-0.039977	5.2585e-05	0.075834	supercritical
855.36	806.00	289.50	0.0034542	572.03	850.43	5.6734	0.81480	1.1301	703.70	-0.040014	5.2610e-05	0.075875	supercritical
856.36	806.00	289.21	0.0034577	572.87	851.56	5.6747	0.81497	1.1301	703.91	-0.040051	5.2634e-05	0.075916	supercritical
857.36	806.00	288.92	0.0034612	573.72	852.69	5.6760	0.81513	1.1302	704.13	-0.040088	5.2659e-05	0.075957	supercritical
858.36	806.00	288.62	0.0034647	574.57	853.82	5.6774	0.81530	1.1302	704.35	-0.040125	5.2683e-05	0.075998	supercritical
859.36	806.00	288.33	0.0034682	575.42	854.95	5.6787	0.81546	1.1303	704.57	-0.040162	5.2708e-05	0.076039	supercritical
860.36	806.00	288.04	0.0034717	576.26	856.08	5.6800	0.81563	1.1303	704.78	-0.040199	5.2733e-05	0.076080	supercritical
861.36	806.00	287.75	0.0034752	577.11	857.21	5.6813	0.81579	1.1304	705.00	-0.040236	5.2757e-05	0.076121	supercritical
862.36	806.00	287.46	0.0034787	577.96	858.35	5.6826	0.81596	1.1304	705.22	-0.040273	5.2782e-05	0.076162	supercritical
863.36	806.00	287.17	0.0034822	578.81	859.48	5.6839	0.81612	1.1305	705.44	-0.040309	5.2806e-05	0.076204	supercritical
864.36	806.00	286.88	0.0034858	579.65	860.61	5.6852	0.81629	1.1305	705.66	-0.040346	5.2831e-05	0.076245	supercritical
865.36	806.00	286.59	0.0034893	580.50	861.74	5.6865	0.81645	1.1306	705.87	-0.040382	5.2856e-05	0.076286	supercritical
866.36	806.00	286.31	0.0034928	581.35	862.87	5.6879	0.81661	1.1306	706.09	-0.040419	5.2880e-05	0.076327	supercritical
867.36	806.00	286.02	0.0034963	582.20	864.00	5.6892	0.81678	1.1307	706.31	-0.040455	5.2905e-05	0.076369	supercritical
868.36	806.00	285.73	0.0034998	583.05	865.13	5.6905	0.81694	1.1307	706.53	-0.040492	5.2929e-05	0.076410	supercritical
869.36	806.00	285.45	0.0035033	583.90	866.26	5.6918	0.81710	1.1308	706.74	-0.040528	5.2954e-05	0.076452	supercritical
870.36	806.00	285.16	0.0035068	584.74	867.39	5.6931	0.81726	1.1308	706.96	-0.040565	5.2979e-05	0.076493	supercritical
871.36	806.00	284.88	0.0035103	585.59	868.52	5.6944	0.81742	1.1309	707.18	-0.040601	5.3003e-05	0.076534	supercritical
872.36	806.00	284.59	0.0035138	586.44	869.65	5.6957	0.81759	1.1309	707.40	-0.040637	5.3028e-05	0.076576	supercritical
873.36	806.00	284.31	0.0035173	587.29	870.78	5.6970	0.81775	1.1310	707.62	-0.040673	5.3053e-05	0.076617	supercritical
874.36	806.00	284.03	0.0035208	588.14	871.91	5.6982	0.81791	1.1310	707.83	-0.040709	5.3078e-05	0.076659	supercritical
875.36	806.00	283.75	0.0035243	588.99	873.04	5.6995	0.81807	1.1311	708.05	-0.040745	5.3102e-05	0.076700	supercritical
876.36	806.00	283.46	0.0035278	589.84	874.18	5.7008	0.81823	1.1311	708.27	-0.040781	5.3127e-05	0.076742	supercritical
877.36	806.00	283.18	0.0035313	590.69	875.31	5.7021	0.81839	1.1312	708.49	-0.040817	5.3152e-05	0.076784	supercritical
878.36	806.00	282.90	0.0035348	591.54	876.44	5.7034	0.81855	1.1312	708.71	-0.040853	5.3177e-05	0.076825	supercritical
879.36	806.00	282.62	0.0035383	592.38	877.57	5.7047	0.81871	1.1313	708.92	-0.040889	5.3201e-05	0.076867	supercritical
880.36	806.00	282.34	0.0035418	593.23	878.70	5.7060	0.81887	1.1313	709.14	-0.040925	5.3226e-05	0.076909	supercritical
881.36	806.00	282.07	0.0035453	594.08	879.83	5.7073	0.81903	1.1314	709.36	-0.040960	5.3251e-05	0.076950	supercritical
882.36	806.00	281.79	0.0035488	594.93	880.96	5.7086	0.81919	1.1314	709.58	-0.040996	5.3276e-05	0.076992	supercritical
883.36	806.00	281.51	0.0035523	595.78	882.09	5.7098	0.81935	1.1315	709.80	-0.041032	5.3300e-05	0.077034	supercritical
884.36	806.00	281.23	0.0035558	596.63	883.23	5.7111	0.81950	1.1315	710.01	-0.041067	5.3325e-05	0.077076	supercritical
885.36	806.00	280.96	0.0035592	597.48	884.36	5.7124	0.81966	1.1316	710.23	-0.041103	5.3350e-05	0.077118	supercritical
886.36	806.00	280.68	0.0035627	598.33	885.49	5.7137	0.81982	1.1316	710.45	-0.041138	5.3375e-05	0.077159	supercritical
887.36	806.00	280.41	0.0035662	599.18	886.62	5.7149	0.81998	1.1317	710.67	-0.041174	5.3400e-05	0.077201	supercritical
888.36	806.00	280.13	0.0035697	600.03	887.75	5.7162	0.82013	1.1317	710.89	-0.041209	5.3425e-05	0.077243	supercritical
889.36	806.00	279.86	0.0035732	600.88	888.88	5.7175	0.82029	1.1318	711.10	-0.041244	5.3449e-05	0.077285	supercritical
890.36	806.00	279.59	0.0035767	601.73	890.02	5.7188	0.82045	1.1318	711.32	-0.041280	5.3474e-05	0.077327	supercritical
891.36	806.00	279.31	0.0035802	602.58	891.15	5.7200	0.82060	1.1319	711.54	-0.041315	5.3499e-05	0.077369	supercritical
892.36	806.00	279.04	0.0035837	603.43	892.28	5.7213	0.82076	1.1319	711.76	-0.041350	5.3524e-05	0.077411	supercritical
893.36	806.00	278.77	0.0035872	604.28	893.41	5.7226	0.82092	1.1320	711.98	-0.041385	5.3549e-05	0.077453	supercritical
894.36	806.00	278.50	0.0035907	605.13	894.54	5.7238	0.82107	1.1320	712.19	-0.041420	5.3574e-05	0.077495	supercritical
895.36	806.00	278.23	0.0035942	605.99	895.68	5.7251	0.82123	1.1321	712.41	-0.041455	5.3599e-05	0.077537	supercritical
896.36	806.00	277.96	0.0035977	606.84	896.81	5.7264	0.82138	1.1321	712.63	-0.041490	5.3624e-05	0.077579	supercritical
897.36	806.00	277.69	0.0036012	607.69	897.94	5.7276	0.82154	1.1322	712.85	-0.041525	5.3648e-05	0.077622	supercritical
898.36	806.00	277.42	0.0036046	608.54	899.07	5.7289	0.82169	1.1322	713.07	-0.041560	5.3673e-05	0.077664	supercritical
899.36	806.00	277.15	0.0036081	609.39	900.20	5.7302	0.82185	1.1323	713.29	-0.041595	5.3698e-05	0.077706	supercritical
900.36	806.00	276.88	0.0036116	610.24	901.34	5.7314	0.82200	1.1323	713.50	-0.041629	5.3723e-05	0.077748	supercritical
901.36	806.00	276.62	0.0036151	611.09	902.47	5.7327	0.82216	1.1324	713.72	-0.041664	5.3748e-05	0.077790	supercritical
902.36	806.00	276.35	0.0036186	611.94	903.60	5.7339	0.82231	1.1324	713.94	-0.041699	5.3773e-05	0.077833	supercritical
903.36	806.00	276.08	0.0036221	612.79	904.73	5.7352	0.82246	1.1325	714.16	-0.041733	5.3798e-05	0.077875	supercritical
904.36	806.00	275.82	0.0036256	613.65	905.87	5.7364	0.82262	1.1325	714.38	-0.041768	5.3823e-05	0.077917	supercritical
905.36	806.00	275.55	0.0036290	614.50	907.00	5.7377	0.82277	1.1326	714.59	-0.041802	5.3848e-05	0.077960	supercritical
906.36	806.00	275.29	0.0036325	615.35	908.13	5.7389	0.82292	1.1326	714.81	-0.041837	5.3873e-05	0.078002	supercritical
907.36	806.00	275.03	0.0036360	616.20	909.26	5.7402	0.82307	1.1327	715.03	-0.041871	5.3898e-05	0.078044	supercritical
908.36	806.00	274.76	0.0036395	617.05	910.40	5.7414	0.82323	1.1327	715.25	-0.041906	5.3923e-05	0.078087	supercritical
909.36	806.00	274.50	0.0036430	617.90	911.53	5.7427	0.82338	1.1328	715.47	-0.041940	5.3948e-05	0.078129	supercritical
910.36	806.00	274.24	0.0036465	618.76	912.66	5.7439	0.82353	1.1328	715.68	-0.041974	5.3973e-05	0.078172	supercritical
911.36	806.00	273.98	0.0036500	619.61	913.80	5.7452	0.82368	1.1329	715.90	-0.042008	5.3998e-05	0.078214	supercritical
912.36	806.00	273.71	0.0036534	620.46	914.93	5.7464	0.82383	1.1329	716.12	-0.042042	5.4023e-05	0.078257	supercritical
913.36	806.00	273.45	0.0036569	621.31	916.06	5.7476	0.82398	1.1330	716.34	-0.042077	5.4048e-05	0.078299	supercritical
914.36	806.00	273.19	0.0036604	622.17	917.19	5.7489	0.82413	1.1330	716.56	-0.042111	5.4073e-05	0.078342	supercritical
915.36	806.00	272.93	0.0036639	623.02	918.33	5.7501	0.82428	1.1331	716.77	-0.042145	5.4098e-05	0.078384	supercritical
916.36	806.00	272.68	0.0036674	623.87	919.46	5.7514	0.82443	1.1331	716.99	-0.042178	5.4123e-05	0.078427	supercritical
917.36	806.00	272.42	0.0036708	624.72	920.59	5.7526	0.82458	1.1332	717.21	-0.042212	5.4148e-05	0.078470	supercritical
918.36	806.00	272.16	0.0036743	625.58	921.73	5.7538	0.82473	1.1332	717.43	-0.042246	5.4173e-05	0.078512	supercritical
919.36	806.00	271.90	0.0036778	626.43	922.86	5.7551	0.82488	1.1333	717.65	-0.042280	5.4198e-05	0.078555	supercritical
920.36	806.00	271.64	0.0036813	627.28	923.99	5.7563	0.82503	1.1334	717.87	-0.042314	5.4223e-05	0.078598	supercritical
921.36	806.00	271.39	0.0036848	628.14	925.13	5.7575	0.82518	1.1334	718.08	-0.042347	5.4248e-05	0.078640	supercritical
922.36	806.00	271.13	0.0036882	628.99	926.26	5.7588	0.82533	1.1335	718.30	-0.042381	5.4274e-05	0.078683	supercritical
923.36	806.00	270.88	0.0036917	629.84	927.39	5.7600	0.82548	1.1335	718.52	-0.042415	5.4299e-05	0.078726	supercritical
924.36	806.00	270.62	0.0036952	630.69	928.53	5.7612	0.82563	1.1336	718.74	-0.042448	5.4324e-05	0.078769	supercritical
925.36	806.00	270.37	0.0036987	631.55	929.66	5.7624	0.82577	1.1336	718.96	-0.042482	5.4349e-05	0.078811	supercritical
926.36	806.00	270.11	0.0037021	632.40	930.79	5.7637	0.82592	1.1337	719.17	-0.042515	5.4374e-05	0.078854	supercritical
927.36	806.00	269.86	0.0037056	633.26	931.93	5.7649	0.82607	1.1337	719.39	-0.042549	5.4399e-05	0.078897	supercritical
928.36	806.00	269.61	0.0037091	634.11	933.06	5.7661	0.82622	1.1338	719.61	-0.042582	5.4424e-05	0.078940	supercritical
929.36	806.00	269.36	0.0037126	634.96	934.20	5.7673	0.82636	1.1338	719.83	-0.042615	5.4449e-05	0.078983	supercritical
930.36	806.00	269.10	0.0037160	635.82	935.33	5.7685	0.82651	1.1339	720.05	-0.042649	5.4474e-05	0.079026	supercritical
931.36	806.00	268.85	0.0037195	636.67	936.46	5.7698	0.82666	1.1339	720.26	-0.042682	5.4500e-05	0.079069	supercritical
932.36	806.00	268.60	0.0037230	637.52	937.60	5.7710	0.82680	1.1340	720.48	-0.042715	5.4525e-05	0.079112	supercritical
933.36	806.00	268.35	0.0037265	638.38	938.73	5.7722	0.82695	1.1340	720.70	-0.042748	5.4550e-05	0.079155	supercritical
934.36	806.00	268.10	0.0037299	639.23	939.87	5.7734	0.82709	1.1341	720.92	-0.042781	5.4575e-05	0.079198	supercritical
935.36	806.00	267.85	0.0037334	640.09	941.00	5.7746	0.82724	1.1341	721.14	-0.042814	5.4600e-05	0.079241	supercritical
936.36	806.00	267.60	0.0037369	640.94	942.13	5.7758	0.82738	1.1342	721.35	-0.042847	5.4625e-05	0.079284	supercritical
937.36	806.00	267.35	0.0037404	641.80	943.27	5.7770	0.82753	1.1342	721.57	-0.042880	5.4650e-05	0.079327	supercritical
938.36	806.00	267.11	0.0037438	642.65	944.40	5.7783	0.82767	1.1343	721.79	-0.042913	5.4676e-05	0.079370	supercritical
939.36	806.00	266.86	0.0037473	643.50	945.54	5.7795	0.82782	1.1343	722.01	-0.042946	5.4701e-05	0.079413	supercritical
940.36	806.00	266.61	0.0037508	644.36	946.67	5.7807	0.82796	1.1344	722.23	-0.042978	5.4726e-05	0.079456	supercritical
941.36	806.00	266.37	0.0037542	645.21	947.81	5.7819	0.82811	1.1345	722.44	-0.043011	5.4751e-05	0.079499	supercritical
942.36	806.00	266.12	0.0037577	646.07	948.94	5.7831	0.82825	1.1345	722.66	-0.043044	5.4776e-05	0.079542	supercritical
943.36	806.00	265.87	0.0037612	646.92	950.07	5.7843	0.82839	1.1346	722.88	-0.043076	5.4802e-05	0.079586	supercritical
944.36	806.00	265.63	0.0037646	647.78	951.21	5.7855	0.82854	1.1346	723.10	-0.043109	5.4827e-05	0.079629	supercritical
945.36	806.00	265.38	0.0037681	648.63	952.34	5.7867	0.82868	1.1347	723.31	-0.043142	5.4852e-05	0.079672	supercritical
946.36	806.00	265.14	0.0037716	649.49	953.48	5.7879	0.82882	1.1347	723.53	-0.043174	5.4877e-05	0.079715	supercritical
947.36	806.00	264.90	0.0037751	650.34	954.61	5.7891	0.82897	1.1348	723.75	-0.043206	5.4902e-05	0.079758	supercritical
948.36	806.00	264.65	0.0037785	651.20	955.75	5.7903	0.82911	1.1348	723.97	-0.043239	5.4928e-05	0.079802	supercritical
949.36	806.00	264.41	0.0037820	652.05	956.88	5.7915	0.82925	1.1349	724.19	-0.043271	5.4953e-05	0.079845	supercritical
950.36	806.00	264.17	0.0037855	652.91	958.02	5.7927	0.82939	1.1349	724.40	-0.043304	5.4978e-05	0.079888	supercritical
951.36	806.00	263.93	0.0037889	653.77	959.15	5.7939	0.82953	1.1350	724.62	-0.043336	5.5003e-05	0.079932	supercritical
952.36	806.00	263.69	0.0037924	654.62	960.29	5.7951	0.82967	1.1350	724.84	-0.043368	5.5029e-05	0.079975	supercritical
953.36	806.00	263.45	0.0037958	655.48	961.42	5.7963	0.82982	1.1351	725.06	-0.043400	5.5054e-05	0.080018	supercritical
954.36	806.00	263.21	0.0037993	656.33	962.56	5.7974	0.82996	1.1351	725.27	-0.043432	5.5079e-05	0.080062	supercritical
955.36	806.00	262.97	0.0038028	657.19	963.69	5.7986	0.83010	1.1352	725.49	-0.043464	5.5104e-05	0.080105	supercritical
956.36	806.00	262.73	0.0038062	658.05	964.83	5.7998	0.83024	1.1353	725.71	-0.043496	5.5130e-05	0.080149	supercritical
957.36	806.00	262.49	0.0038097	658.90	965.96	5.8010	0.83038	1.1353	725.93	-0.043528	5.5155e-05	0.080192	supercritical
958.36	806.00	262.25	0.0038132	659.76	967.10	5.8022	0.83052	1.1354	726.15	-0.043560	5.5180e-05	0.080236	supercritical
959.36	806.00	262.01	0.0038166	660.61	968.23	5.8034	0.83066	1.1354	726.36	-0.043592	5.5205e-05	0.080279	supercritical
960.36	806.00	261.77	0.0038201	661.47	969.37	5.8046	0.83080	1.1355	726.58	-0.043624	5.5231e-05	0.080322	supercritical
961.36	806.00	261.54	0.0038236	662.33	970.51	5.8057	0.83094	1.1355	726.80	-0.043656	5.5256e-05	0.080366	supercritical
962.36	806.00	261.30	0.0038270	663.18	971.64	5.8069	0.83108	1.1356	727.02	-0.043687	5.5281e-05	0.080410	supercritical
963.36	806.00	261.06	0.0038305	664.04	972.78	5.8081	0.83122	1.1356	727.23	-0.043719	5.5307e-05	0.080453	supercritical
964.36	806.00	260.83	0.0038339	664.90	973.91	5.8093	0.83135	1.1357	727.45	-0.043751	5.5332e-05	0.080497	supercritical
965.36	806.00	260.59	0.0038374	665.75	975.05	5.8105	0.83149	1.1357	727.67	-0.043782	5.5357e-05	0.080540	supercritical
966.36	806.00	260.36	0.0038409	666.61	976.18	5.8116	0.83163	1.1358	727.89	-0.043814	5.5382e-05	0.080584	supercritical
967.36	806.00	260.12	0.0038443	667.47	977.32	5.8128	0.83177	1.1358	728.10	-0.043845	5.5408e-05	0.080627	supercritical
968.36	806.00	259.89	0.0038478	668.32	978.46	5.8140	0.83191	1.1359	728.32	-0.043877	5.5433e-05	0.080671	supercritical
969.36	806.00	259.66	0.0038512	669.18	979.59	5.8152	0.83204	1.1359	728.54	-0.043908	5.5458e-05	0.080715	supercritical
970.36	806.00	259.42	0.0038547	670.04	980.73	5.8163	0.83218	1.1360	728.76	-0.043940	5.5484e-05	0.080758	supercritical
971.36	806.00	259.19	0.0038581	670.90	981.86	5.8175	0.83232	1.1361	728.97	-0.043971	5.5509e-05	0.080802	supercritical
972.36	806.00	258.96	0.0038616	671.75	983.00	5.8187	0.83245	1.1361	729.19	-0.044002	5.5534e-05	0.080846	supercritical
973.36	806.00	258.73	0.0038651	672.61	984.14	5.8198	0.83259	1.1362	729.41	-0.044034	5.5560e-05	0.080890	supercritical
974.36	806.00	258.50	0.0038685	673.47	985.27	5.8210	0.83273	1.1362	729.63	-0.044065	5.5585e-05	0.080933	supercritical
975.36	806.00	258.27	0.0038720	674.33	986.41	5.8222	0.83286	1.1363	729.84	-0.044096	5.5610e-05	0.080977	supercritical
976.36	806.00	258.04	0.0038754	675.18	987.54	5.8233	0.83300	1.1363	730.06	-0.044127	5.5636e-05	0.081021	supercritical
977.36	806.00	257.81	0.0038789	676.04	988.68	5.8245	0.83314	1.1364	730.28	-0.044158	5.5661e-05	0.081065	supercritical
978.36	806.00	257.58	0.0038823	676.90	989.82	5.8257	0.83327	1.1364	730.50	-0.044189	5.5686e-05	0.081108	supercritical
979.36	806.00	257.35	0.0038858	677.76	990.95	5.8268	0.83341	1.1365	730.71	-0.044220	5.5712e-05	0.081152	supercritical
980.36	806.00	257.12	0.0038893	678.62	992.09	5.8280	0.83354	1.1365	730.93	-0.044251	5.5737e-05	0.081196	supercritical
981.36	806.00	256.89	0.0038927	679.47	993.23	5.8291	0.83368	1.1366	731.15	-0.044282	5.5762e-05	0.081240	supercritical
982.36	806.00	256.66	0.0038962	680.33	994.36	5.8303	0.83381	1.1366	731.36	-0.044313	5.5788e-05	0.081284	supercritical
983.36	806.00	256.44	0.0038996	681.19	995.50	5.8314	0.83395	1.1367	731.58	-0.044343	5.5813e-05	0.081328	supercritical
984.36	806.00	256.21	0.0039031	682.05	996.64	5.8326	0.83408	1.1368	731.80	-0.044374	5.5838e-05	0.081372	supercritical
985.36	806.00	255.98	0.0039065	682.91	997.77	5.8338	0.83421	1.1368	732.02	-0.044405	5.5864e-05	0.081415	supercritical
986.36	806.00	255.76	0.0039100	683.77	998.91	5.8349	0.83435	1.1369	732.23	-0.044436	5.5889e-05	0.081459	supercritical
987.36	806.00	255.53	0.0039134	684.62	1000.0	5.8361	0.83448	1.1369	732.45	-0.044466	5.5915e-05	0.081503	supercritical
988.36	806.00	255.31	0.0039169	685.48	1001.2	5.8372	0.83461	1.1370	732.67	-0.044497	5.5940e-05	0.081547	supercritical
989.36	806.00	255.08	0.0039203	686.34	1002.3	5.8384	0.83475	1.1370	732.88	-0.044527	5.5965e-05	0.081591	supercritical
990.36	806.00	254.86	0.0039238	687.20	1003.5	5.8395	0.83488	1.1371	733.10	-0.044558	5.5991e-05	0.081635	supercritical
991.36	806.00	254.63	0.0039272	688.06	1004.6	5.8407	0.83501	1.1371	733.32	-0.044588	5.6016e-05	0.081679	supercritical
992.36	806.00	254.41	0.0039307	688.92	1005.7	5.8418	0.83515	1.1372	733.53	-0.044619	5.6041e-05	0.081723	supercritical
993.36	806.00	254.19	0.0039341	689.78	1006.9	5.8429	0.83528	1.1372	733.75	-0.044649	5.6067e-05	0.081767	supercritical
994.36	806.00	253.96	0.0039376	690.64	1008.0	5.8441	0.83541	1.1373	733.97	-0.044679	5.6092e-05	0.081811	supercritical
995.36	806.00	253.74	0.0039410	691.50	1009.1	5.8452	0.83554	1.1373	734.19	-0.044709	5.6118e-05	0.081855	supercritical
996.36	806.00	253.52	0.0039445	692.36	1010.3	5.8464	0.83567	1.1374	734.40	-0.044740	5.6143e-05	0.081900	supercritical
997.36	806.00	253.30	0.0039479	693.22	1011.4	5.8475	0.83581	1.1374	734.62	-0.044770	5.6168e-05	0.081944	supercritical
998.36	806.00	253.08	0.0039514	694.08	1012.6	5.8487	0.83594	1.1375	734.84	-0.044800	5.6194e-05	0.081988	supercritical
999.36	806.00	252.86	0.0039548	694.94	1013.7	5.8498	0.83607	1.1376	735.05	-0.044830	5.6219e-05	0.082032	supercritical
1000.4	806.00	252.64	0.0039583	695.80	1014.8	5.8509	0.83620	1.1376	735.27	-0.044860	5.6245e-05	0.082076	supercritical
1001.4	806.00	252.42	0.0039617	696.66	1016.0	5.8521	0.83633	1.1377	735.49	-0.044890	5.6270e-05	0.082120	supercritical
1002.4	806.00	252.20	0.0039652	697.52	1017.1	5.8532	0.83646	1.1377	735.70	-0.044920	5.6295e-05	0.082164	supercritical
1003.4	806.00	251.98	0.0039686	698.38	1018.2	5.8543	0.83659	1.1378	735.92	-0.044950	5.6321e-05	0.082209	supercritical
1004.4	806.00	251.76	0.0039720	699.24	1019.4	5.8555	0.83672	1.1378	736.14	-0.044980	5.6346e-05	0.082253	supercritical
1005.4	806.00	251.54	0.0039755	700.10	1020.5	5.8566	0.83685	1.1379	736.35	-0.045010	5.6372e-05	0.082297	supercritical
1006.4	806.00	251.32	0.0039789	700.96	1021.7	5.8577	0.83698	1.1379	736.57	-0.045039	5.6397e-05	0.082341	supercritical
1007.4	806.00	251.11	0.0039824	701.82	1022.8	5.8589	0.83711	1.1380	736.79	-0.045069	5.6422e-05	0.082385	supercritical
1008.4	806.00	250.89	0.0039858	702.68	1023.9	5.8600	0.83724	1.1380	737.00	-0.045099	5.6448e-05	0.082430	supercritical
1009.4	806.00	250.67	0.0039893	703.54	1025.1	5.8611	0.83737	1.1381	737.22	-0.045128	5.6473e-05	0.082474	supercritical
1010.4	806.00	250.46	0.0039927	704.40	1026.2	5.8623	0.83750	1.1381	737.44	-0.045158	5.6499e-05	0.082518	supercritical
1011.4	806.00	250.24	0.0039962	705.26	1027.3	5.8634	0.83762	1.1382	737.65	-0.045188	5.6524e-05	0.082562	supercritical
1012.4	806.00	250.03	0.0039996	706.12	1028.5	5.8645	0.83775	1.1383	737.87	-0.045217	5.6550e-05	0.082607	supercritical
1013.4	806.00	249.81	0.0040030	706.98	1029.6	5.8656	0.83788	1.1383	738.09	-0.045247	5.6575e-05	0.082651	supercritical
1014.4	806.00	249.60	0.0040065	707.84	1030.8	5.8668	0.83801	1.1384	738.30	-0.045276	5.6600e-05	0.082695	supercritical
1015.4	806.00	249.38	0.0040099	708.70	1031.9	5.8679	0.83814	1.1384	738.52	-0.045306	5.6626e-05	0.082740	supercritical
1016.4	806.00	249.17	0.0040134	709.56	1033.0	5.8690	0.83826	1.1385	738.73	-0.045335	5.6651e-05	0.082784	supercritical
1017.4	806.00	248.95	0.0040168	710.42	1034.2	5.8701	0.83839	1.1385	738.95	-0.045364	5.6677e-05	0.082829	supercritical
1018.4	806.00	248.74	0.0040202	711.29	1035.3	5.8712	0.83852	1.1386	739.17	-0.045393	5.6702e-05	0.082873	supercritical
1019.4	806.00	248.53	0.0040237	712.15	1036.5	5.8723	0.83864	1.1386	739.38	-0.045423	5.6728e-05	0.082917	supercritical
1020.4	806.00	248.32	0.0040271	713.01	1037.6	5.8735	0.83877	1.1387	739.60	-0.045452	5.6753e-05	0.082962	supercritical
1021.4	806.00	248.10	0.0040306	713.87	1038.7	5.8746	0.83890	1.1387	739.82	-0.045481	5.6779e-05	0.083006	supercritical
1022.4	806.00	247.89	0.0040340	714.73	1039.9	5.8757	0.83902	1.1388	740.03	-0.045510	5.6804e-05	0.083051	supercritical
1023.4	806.00	247.68	0.0040374	715.59	1041.0	5.8768	0.83915	1.1388	740.25	-0.045539	5.6829e-05	0.083095	supercritical
1024.4	806.00	247.47	0.0040409	716.45	1042.1	5.8779	0.83928	1.1389	740.46	-0.045568	5.6855e-05	0.083140	supercritical
1025.4	806.00	247.26	0.0040443	717.32	1043.3	5.8790	0.83940	1.1390	740.68	-0.045597	5.6880e-05	0.083184	supercritical
1026.4	806.00	247.05	0.0040478	718.18	1044.4	5.8801	0.83953	1.1390	740.90	-0.045626	5.6906e-05	0.083228	supercritical
1027.4	806.00	246.84	0.0040512	719.04	1045.6	5.8813	0.83965	1.1391	741.11	-0.045655	5.6931e-05	0.083273	supercritical
1028.4	806.00	246.63	0.0040546	719.90	1046.7	5.8824	0.83978	1.1391	741.33	-0.045684	5.6957e-05	0.083318	supercritical
1029.4	806.00	246.42	0.0040581	720.76	1047.8	5.8835	0.83990	1.1392	741.54	-0.045713	5.6982e-05	0.083362	supercritical
1030.4	806.00	246.21	0.0040615	721.63	1049.0	5.8846	0.84003	1.1392	741.76	-0.045741	5.7008e-05	0.083407	supercritical
1031.4	806.00	246.01	0.0040649	722.49	1050.1	5.8857	0.84015	1.1393	741.98	-0.045770	5.7033e-05	0.083451	supercritical
1032.4	806.00	245.80	0.0040684	723.35	1051.3	5.8868	0.84028	1.1393	742.19	-0.045799	5.7059e-05	0.083496	supercritical
1033.4	806.00	245.59	0.0040718	724.21	1052.4	5.8879	0.84040	1.1394	742.41	-0.045827	5.7084e-05	0.083540	supercritical
1034.4	806.00	245.38	0.0040752	725.08	1053.5	5.8890	0.84053	1.1394	742.62	-0.045856	5.7110e-05	0.083585	supercritical
1035.4	806.00	245.18	0.0040787	725.94	1054.7	5.8901	0.84065	1.1395	742.84	-0.045885	5.7135e-05	0.083629	supercritical
1036.4	806.00	244.97	0.0040821	726.80	1055.8	5.8912	0.84077	1.1395	743.06	-0.045913	5.7160e-05	0.083674	supercritical
1037.4	806.00	244.77	0.0040855	727.66	1057.0	5.8923	0.84090	1.1396	743.27	-0.045942	5.7186e-05	0.083719	supercritical
1038.4	806.00	244.56	0.0040890	728.53	1058.1	5.8934	0.84102	1.1397	743.49	-0.045970	5.7211e-05	0.083763	supercritical
1039.4	806.00	244.35	0.0040924	729.39	1059.2	5.8945	0.84114	1.1397	743.70	-0.045999	5.7237e-05	0.083808	supercritical
1040.4	806.00	244.15	0.0040958	730.25	1060.4	5.8956	0.84127	1.1398	743.92	-0.046027	5.7262e-05	0.083853	supercritical
1041.4	806.00	243.95	0.0040993	731.12	1061.5	5.8967	0.84139	1.1398	744.13	-0.046055	5.7288e-05	0.083897	supercritical
1042.4	806.00	243.74	0.0041027	731.98	1062.7	5.8978	0.84151	1.1399	744.35	-0.046083	5.7313e-05	0.083942	supercritical
1043.4	806.00	243.54	0.0041061	732.84	1063.8	5.8989	0.84163	1.1399	744.56	-0.046112	5.7339e-05	0.083987	supercritical
1044.4	806.00	243.33	0.0041096	733.71	1064.9	5.9000	0.84176	1.1400	744.78	-0.046140	5.7364e-05	0.084031	supercritical
1045.4	806.00	243.13	0.0041130	734.57	1066.1	5.9010	0.84188	1.1400	745.00	-0.046168	5.7390e-05	0.084076	supercritical
1046.4	806.00	242.93	0.0041164	735.43	1067.2	5.9021	0.84200	1.1401	745.21	-0.046196	5.7415e-05	0.084121	supercritical
1047.4	806.00	242.73	0.0041199	736.30	1068.4	5.9032	0.84212	1.1401	745.43	-0.046224	5.7441e-05	0.084166	supercritical
1048.4	806.00	242.52	0.0041233	737.16	1069.5	5.9043	0.84224	1.1402	745.64	-0.046252	5.7466e-05	0.084210	supercritical
1049.4	806.00	242.32	0.0041267	738.02	1070.6	5.9054	0.84236	1.1402	745.86	-0.046280	5.7492e-05	0.084255	supercritical
1050.4	806.00	242.12	0.0041302	738.89	1071.8	5.9065	0.84248	1.1403	746.07	-0.046308	5.7517e-05	0.084300	supercritical
1051.4	806.00	241.92	0.0041336	739.75	1072.9	5.9076	0.84260	1.1404	746.29	-0.046336	5.7543e-05	0.084345	supercritical
1052.4	806.00	241.72	0.0041370	740.62	1074.1	5.9087	0.84273	1.1404	746.50	-0.046364	5.7568e-05	0.084389	supercritical
1053.4	806.00	241.52	0.0041404	741.48	1075.2	5.9097	0.84285	1.1405	746.72	-0.046392	5.7594e-05	0.084434	supercritical
1054.4	806.00	241.32	0.0041439	742.34	1076.3	5.9108	0.84297	1.1405	746.93	-0.046420	5.7619e-05	0.084479	supercritical
1055.4	806.00	241.12	0.0041473	743.21	1077.5	5.9119	0.84309	1.1406	747.15	-0.046447	5.7645e-05	0.084524	supercritical
1056.4	806.00	240.92	0.0041507	744.07	1078.6	5.9130	0.84321	1.1406	747.36	-0.046475	5.7670e-05	0.084569	supercritical
1057.4	806.00	240.72	0.0041542	744.94	1079.8	5.9141	0.84333	1.1407	747.58	-0.046503	5.7696e-05	0.084614	supercritical
1058.4	806.00	240.52	0.0041576	745.80	1080.9	5.9151	0.84345	1.1407	747.79	-0.046530	5.7721e-05	0.084658	supercritical
1059.4	806.00	240.33	0.0041610	746.67	1082.0	5.9162	0.84356	1.1408	748.01	-0.046558	5.7747e-05	0.084703	supercritical
1060.4	806.00	240.13	0.0041644	747.53	1083.2	5.9173	0.84368	1.1408	748.22	-0.046586	5.7772e-05	0.084748	supercritical
1061.4	806.00	239.93	0.0041679	748.40	1084.3	5.9184	0.84380	1.1409	748.44	-0.046613	5.7798e-05	0.084793	supercritical
1062.4	806.00	239.73	0.0041713	749.26	1085.5	5.9194	0.84392	1.1409	748.65	-0.046641	5.7823e-05	0.084838	supercritical
1063.4	806.00	239.54	0.0041747	750.13	1086.6	5.9205	0.84404	1.1410	748.87	-0.046668	5.7849e-05	0.084883	supercritical
1064.4	806.00	239.34	0.0041781	750.99	1087.7	5.9216	0.84416	1.1410	749.08	-0.046695	5.7874e-05	0.084928	supercritical
1065.4	806.00	239.15	0.0041816	751.86	1088.9	5.9227	0.84428	1.1411	749.30	-0.046723	5.7900e-05	0.084973	supercritical
1066.4	806.00	238.95	0.0041850	752.72	1090.0	5.9237	0.84440	1.1412	749.51	-0.046750	5.7925e-05	0.085018	supercritical
1067.4	806.00	238.75	0.0041884	753.59	1091.2	5.9248	0.84451	1.1412	749.73	-0.046777	5.7951e-05	0.085063	supercritical
1068.4	806.00	238.56	0.0041918	754.45	1092.3	5.9259	0.84463	1.1413	749.94	-0.046805	5.7976e-05	0.085108	supercritical
1069.4	806.00	238.36	0.0041953	755.32	1093.5	5.9269	0.84475	1.1413	750.16	-0.046832	5.8002e-05	0.085153	supercritical
1070.4	806.00	238.17	0.0041987	756.18	1094.6	5.9280	0.84487	1.1414	750.37	-0.046859	5.8027e-05	0.085197	supercritical
1071.4	806.00	237.98	0.0042021	757.05	1095.7	5.9291	0.84498	1.1414	750.59	-0.046886	5.8053e-05	0.085242	supercritical
1072.4	806.00	237.78	0.0042055	757.91	1096.9	5.9301	0.84510	1.1415	750.80	-0.046913	5.8078e-05	0.085287	supercritical
1073.4	806.00	237.59	0.0042089	758.78	1098.0	5.9312	0.84522	1.1415	751.01	-0.046940	5.8104e-05	0.085332	supercritical
1074.4	806.00	237.40	0.0042124	759.64	1099.2	5.9323	0.84533	1.1416	751.23	-0.046967	5.8129e-05	0.085377	supercritical
1075.4	806.00	237.20	0.0042158	760.51	1100.3	5.9333	0.84545	1.1416	751.44	-0.046994	5.8155e-05	0.085423	supercritical
1076.4	806.00	237.01	0.0042192	761.38	1101.4	5.9344	0.84557	1.1417	751.66	-0.047021	5.8180e-05	0.085468	supercritical
1077.4	806.00	236.82	0.0042226	762.24	1102.6	5.9354	0.84568	1.1417	751.87	-0.047048	5.8206e-05	0.085513	supercritical
1078.4	806.00	236.63	0.0042261	763.11	1103.7	5.9365	0.84580	1.1418	752.09	-0.047075	5.8231e-05	0.085558	supercritical
1079.4	806.00	236.44	0.0042295	763.97	1104.9	5.9376	0.84592	1.1419	752.30	-0.047102	5.8257e-05	0.085603	supercritical
1080.4	806.00	236.25	0.0042329	764.84	1106.0	5.9386	0.84603	1.1419	752.52	-0.047129	5.8282e-05	0.085648	supercritical
1081.4	806.00	236.05	0.0042363	765.71	1107.2	5.9397	0.84615	1.1420	752.73	-0.047155	5.8308e-05	0.085693	supercritical
1082.4	806.00	235.86	0.0042397	766.57	1108.3	5.9407	0.84626	1.1420	752.94	-0.047182	5.8333e-05	0.085738	supercritical
1083.4	806.00	235.67	0.0042431	767.44	1109.4	5.9418	0.84638	1.1421	753.16	-0.047209	5.8359e-05	0.085783	supercritical
1084.4	806.00	235.48	0.0042466	768.31	1110.6	5.9428	0.84649	1.1421	753.37	-0.047235	5.8384e-05	0.085828	supercritical
1085.4	806.00	235.29	0.0042500	769.17	1111.7	5.9439	0.84661	1.1422	753.59	-0.047262	5.8410e-05	0.085873	supercritical
1086.4	806.00	235.11	0.0042534	770.04	1112.9	5.9449	0.84672	1.1422	753.80	-0.047289	5.8435e-05	0.085918	supercritical
1087.4	806.00	234.92	0.0042568	770.91	1114.0	5.9460	0.84684	1.1423	754.01	-0.047315	5.8461e-05	0.085964	supercritical
1088.4	806.00	234.73	0.0042602	771.77	1115.1	5.9470	0.84695	1.1423	754.23	-0.047342	5.8486e-05	0.086009	supercritical
1089.4	806.00	234.54	0.0042637	772.64	1116.3	5.9481	0.84707	1.1424	754.44	-0.047368	5.8512e-05	0.086054	supercritical
1090.4	806.00	234.35	0.0042671	773.51	1117.4	5.9491	0.84718	1.1424	754.66	-0.047395	5.8537e-05	0.086099	supercritical
1091.4	806.00	234.17	0.0042705	774.37	1118.6	5.9502	0.84729	1.1425	754.87	-0.047421	5.8563e-05	0.086144	supercritical
1092.4	806.00	233.98	0.0042739	775.24	1119.7	5.9512	0.84741	1.1425	755.08	-0.047447	5.8588e-05	0.086189	supercritical
1093.4	806.00	233.79	0.0042773	776.11	1120.9	5.9523	0.84752	1.1426	755.30	-0.047474	5.8614e-05	0.086235	supercritical
1094.4	806.00	233.60	0.0042807	776.98	1122.0	5.9533	0.84763	1.1427	755.51	-0.047500	5.8639e-05	0.086280	supercritical
1095.4	806.00	233.42	0.0042842	777.84	1123.1	5.9544	0.84775	1.1427	755.72	-0.047526	5.8665e-05	0.086325	supercritical
1096.4	806.00	233.23	0.0042876	778.71	1124.3	5.9554	0.84786	1.1428	755.94	-0.047552	5.8690e-05	0.086370	supercritical
1097.4	806.00	233.05	0.0042910	779.58	1125.4	5.9565	0.84797	1.1428	756.15	-0.047578	5.8716e-05	0.086415	supercritical
1098.4	806.00	232.86	0.0042944	780.45	1126.6	5.9575	0.84809	1.1429	756.36	-0.047604	5.8741e-05	0.086461	supercritical
1099.4	806.00	232.68	0.0042978	781.31	1127.7	5.9585	0.84820	1.1429	756.58	-0.047631	5.8767e-05	0.086506	supercritical
1100.4	806.00	232.49	0.0043012	782.18	1128.9	5.9596	0.84831	1.1430	756.79	-0.047657	5.8792e-05	0.086551	supercritical
1101.4	806.00	232.31	0.0043046	783.05	1130.0	5.9606	0.84842	1.1430	757.01	-0.047683	5.8818e-05	0.086596	supercritical
1102.4	806.00	232.12	0.0043081	783.92	1131.1	5.9617	0.84854	1.1431	757.22	-0.047709	5.8843e-05	0.086642	supercritical
1103.4	806.00	231.94	0.0043115	784.79	1132.3	5.9627	0.84865	1.1431	757.43	-0.047735	5.8869e-05	0.086687	supercritical
1104.4	806.00	231.76	0.0043149	785.65	1133.4	5.9637	0.84876	1.1432	757.65	-0.047760	5.8894e-05	0.086732	supercritical
1105.4	806.00	231.57	0.0043183	786.52	1134.6	5.9648	0.84887	1.1432	757.86	-0.047786	5.8920e-05	0.086778	supercritical
1106.4	806.00	231.39	0.0043217	787.39	1135.7	5.9658	0.84898	1.1433	758.07	-0.047812	5.8945e-05	0.086823	supercritical
1107.4	806.00	231.21	0.0043251	788.26	1136.9	5.9668	0.84909	1.1433	758.28	-0.047838	5.8971e-05	0.086868	supercritical
1108.4	806.00	231.03	0.0043285	789.13	1138.0	5.9679	0.84920	1.1434	758.50	-0.047864	5.8996e-05	0.086913	supercritical
1109.4	806.00	230.84	0.0043319	790.00	1139.1	5.9689	0.84932	1.1435	758.71	-0.047889	5.9022e-05	0.086959	supercritical
1110.4	806.00	230.66	0.0043354	790.86	1140.3	5.9699	0.84943	1.1435	758.92	-0.047915	5.9047e-05	0.087004	supercritical
1111.4	806.00	230.48	0.0043388	791.73	1141.4	5.9709	0.84954	1.1436	759.14	-0.047941	5.9073e-05	0.087049	supercritical
1112.4	806.00	230.30	0.0043422	792.60	1142.6	5.9720	0.84965	1.1436	759.35	-0.047966	5.9098e-05	0.087095	supercritical
1113.4	806.00	230.12	0.0043456	793.47	1143.7	5.9730	0.84976	1.1437	759.56	-0.047992	5.9124e-05	0.087140	supercritical
1114.4	806.00	229.94	0.0043490	794.34	1144.9	5.9740	0.84987	1.1437	759.78	-0.048017	5.9149e-05	0.087186	supercritical
1115.4	806.00	229.76	0.0043524	795.21	1146.0	5.9751	0.84998	1.1438	759.99	-0.048043	5.9175e-05	0.087231	supercritical
1116.4	806.00	229.58	0.0043558	796.08	1147.2	5.9761	0.85009	1.1438	760.20	-0.048068	5.9200e-05	0.087276	supercritical
1117.4	806.00	229.40	0.0043592	796.95	1148.3	5.9771	0.85020	1.1439	760.41	-0.048094	5.9226e-05	0.087322	supercritical
1118.4	806.00	229.22	0.0043626	797.81	1149.4	5.9781	0.85031	1.1439	760.63	-0.048119	5.9251e-05	0.087367	supercritical
1119.4	806.00	229.04	0.0043660	798.68	1150.6	5.9792	0.85042	1.1440	760.84	-0.048144	5.9277e-05	0.087412	supercritical
1120.4	806.00	228.86	0.0043694	799.55	1151.7	5.9802	0.85053	1.1440	761.05	-0.048170	5.9302e-05	0.087458	supercritical
1121.4	806.00	228.68	0.0043729	800.42	1152.9	5.9812	0.85064	1.1441	761.27	-0.048195	5.9328e-05	0.087503	supercritical
1122.4	806.00	228.51	0.0043763	801.29	1154.0	5.9822	0.85075	1.1441	761.48	-0.048220	5.9353e-05	0.087549	supercritical
1123.4	806.00	228.33	0.0043797	802.16	1155.2	5.9832	0.85085	1.1442	761.69	-0.048246	5.9379e-05	0.087594	supercritical
1124.4	806.00	228.15	0.0043831	803.03	1156.3	5.9843	0.85096	1.1442	761.90	-0.048271	5.9404e-05	0.087640	supercritical
1125.4	806.00	227.97	0.0043865	803.90	1157.5	5.9853	0.85107	1.1443	762.12	-0.048296	5.9430e-05	0.087685	supercritical
1126.4	806.00	227.80	0.0043899	804.77	1158.6	5.9863	0.85118	1.1444	762.33	-0.048321	5.9455e-05	0.087730	supercritical
1127.4	806.00	227.62	0.0043933	805.64	1159.7	5.9873	0.85129	1.1444	762.54	-0.048346	5.9481e-05	0.087776	supercritical
1128.4	806.00	227.44	0.0043967	806.51	1160.9	5.9883	0.85140	1.1445	762.75	-0.048371	5.9506e-05	0.087821	supercritical
1129.4	806.00	227.27	0.0044001	807.38	1162.0	5.9893	0.85150	1.1445	762.96	-0.048396	5.9532e-05	0.087867	supercritical
1130.4	806.00	227.09	0.0044035	808.25	1163.2	5.9903	0.85161	1.1446	763.18	-0.048421	5.9557e-05	0.087912	supercritical
1131.4	806.00	226.92	0.0044069	809.12	1164.3	5.9914	0.85172	1.1446	763.39	-0.048446	5.9583e-05	0.087958	supercritical
1132.4	806.00	226.74	0.0044103	809.99	1165.5	5.9924	0.85183	1.1447	763.60	-0.048471	5.9608e-05	0.088003	supercritical
1133.4	806.00	226.57	0.0044137	810.86	1166.6	5.9934	0.85194	1.1447	763.81	-0.048496	5.9634e-05	0.088049	supercritical
1134.4	806.00	226.39	0.0044171	811.73	1167.8	5.9944	0.85204	1.1448	764.03	-0.048521	5.9659e-05	0.088094	supercritical
1135.4	806.00	226.22	0.0044205	812.60	1168.9	5.9954	0.85215	1.1448	764.24	-0.048545	5.9685e-05	0.088140	supercritical
1136.4	806.00	226.04	0.0044239	813.47	1170.0	5.9964	0.85226	1.1449	764.45	-0.048570	5.9710e-05	0.088185	supercritical
1137.4	806.00	225.87	0.0044273	814.34	1171.2	5.9974	0.85236	1.1449	764.66	-0.048595	5.9736e-05	0.088231	supercritical
1138.4	806.00	225.70	0.0044308	815.21	1172.3	5.9984	0.85247	1.1450	764.87	-0.048619	5.9761e-05	0.088276	supercritical
1139.4	806.00	225.52	0.0044342	816.08	1173.5	5.9994	0.85258	1.1450	765.09	-0.048644	5.9787e-05	0.088322	supercritical
1140.4	806.00	225.35	0.0044376	816.96	1174.6	6.0004	0.85268	1.1451	765.30	-0.048669	5.9812e-05	0.088367	supercritical
1141.4	806.00	225.18	0.0044410	817.83	1175.8	6.0014	0.85279	1.1451	765.51	-0.048693	5.9837e-05	0.088413	supercritical
1142.4	806.00	225.00	0.0044444	818.70	1176.9	6.0024	0.85290	1.1452	765.72	-0.048718	5.9863e-05	0.088459	supercritical
1143.4	806.00	224.83	0.0044478	819.57	1178.1	6.0034	0.85300	1.1453	765.93	-0.048742	5.9888e-05	0.088504	supercritical
1144.4	806.00	224.66	0.0044512	820.44	1179.2	6.0044	0.85311	1.1453	766.14	-0.048767	5.9914e-05	0.088550	supercritical
1145.4	806.00	224.49	0.0044546	821.31	1180.3	6.0054	0.85321	1.1454	766.36	-0.048791	5.9939e-05	0.088595	supercritical
1146.4	806.00	224.32	0.0044580	822.18	1181.5	6.0064	0.85332	1.1454	766.57	-0.048816	5.9965e-05	0.088641	supercritical
1147.4	806.00	224.15	0.0044614	823.05	1182.6	6.0074	0.85342	1.1455	766.78	-0.048840	5.9990e-05	0.088687	supercritical
1148.4	806.00	223.98	0.0044648	823.92	1183.8	6.0084	0.85353	1.1455	766.99	-0.048864	6.0016e-05	0.088732	supercritical
1149.4	806.00	223.81	0.0044682	824.80	1184.9	6.0094	0.85364	1.1456	767.20	-0.048889	6.0041e-05	0.088778	supercritical
1150.4	806.00	223.64	0.0044716	825.67	1186.1	6.0104	0.85374	1.1456	767.41	-0.048913	6.0067e-05	0.088823	supercritical
1151.4	806.00	223.47	0.0044750	826.54	1187.2	6.0114	0.85385	1.1457	767.62	-0.048937	6.0092e-05	0.088869	supercritical
1152.4	806.00	223.30	0.0044784	827.41	1188.4	6.0124	0.85395	1.1457	767.84	-0.048961	6.0118e-05	0.088915	supercritical
1153.4	806.00	223.13	0.0044818	828.28	1189.5	6.0134	0.85405	1.1458	768.05	-0.048986	6.0143e-05	0.088960	supercritical
1154.4	806.00	222.96	0.0044852	829.15	1190.7	6.0144	0.85416	1.1458	768.26	-0.049010	6.0169e-05	0.089006	supercritical
1155.4	806.00	222.79	0.0044886	830.03	1191.8	6.0154	0.85426	1.1459	768.47	-0.049034	6.0194e-05	0.089051	supercritical
1156.4	806.00	222.62	0.0044920	830.90	1193.0	6.0164	0.85437	1.1459	768.68	-0.049058	6.0220e-05	0.089097	supercritical
1157.4	806.00	222.45	0.0044954	831.77	1194.1	6.0174	0.85447	1.1460	768.89	-0.049082	6.0245e-05	0.089143	supercritical
1158.4	806.00	222.28	0.0044988	832.64	1195.2	6.0184	0.85458	1.1460	769.10	-0.049106	6.0271e-05	0.089188	supercritical
1159.4	806.00	222.12	0.0045022	833.51	1196.4	6.0194	0.85468	1.1461	769.31	-0.049130	6.0296e-05	0.089234	supercritical
1160.4	806.00	221.95	0.0045056	834.39	1197.5	6.0203	0.85478	1.1462	769.52	-0.049154	6.0321e-05	0.089280	supercritical
1161.4	806.00	221.78	0.0045090	835.26	1198.7	6.0213	0.85489	1.1462	769.74	-0.049178	6.0347e-05	0.089325	supercritical
1162.4	806.00	221.61	0.0045124	836.13	1199.8	6.0223	0.85499	1.1463	769.95	-0.049202	6.0372e-05	0.089371	supercritical
1163.4	806.00	221.45	0.0045157	837.00	1201.0	6.0233	0.85509	1.1463	770.16	-0.049225	6.0398e-05	0.089417	supercritical
1164.4	806.00	221.28	0.0045191	837.88	1202.1	6.0243	0.85520	1.1464	770.37	-0.049249	6.0423e-05	0.089463	supercritical
1165.4	806.00	221.11	0.0045225	838.75	1203.3	6.0253	0.85530	1.1464	770.58	-0.049273	6.0449e-05	0.089508	supercritical
1166.4	806.00	220.95	0.0045259	839.62	1204.4	6.0263	0.85540	1.1465	770.79	-0.049297	6.0474e-05	0.089554	supercritical
1167.4	806.00	220.78	0.0045293	840.49	1205.6	6.0272	0.85551	1.1465	771.00	-0.049320	6.0500e-05	0.089600	supercritical
1168.4	806.00	220.62	0.0045327	841.37	1206.7	6.0282	0.85561	1.1466	771.21	-0.049344	6.0525e-05	0.089645	supercritical
1169.4	806.00	220.45	0.0045361	842.24	1207.9	6.0292	0.85571	1.1466	771.42	-0.049368	6.0551e-05	0.089691	supercritical
1170.4	806.00	220.29	0.0045395	843.11	1209.0	6.0302	0.85581	1.1467	771.63	-0.049391	6.0576e-05	0.089737	supercritical
1171.4	806.00	220.12	0.0045429	843.99	1210.1	6.0312	0.85592	1.1467	771.84	-0.049415	6.0602e-05	0.089783	supercritical
1172.4	806.00	219.96	0.0045463	844.86	1211.3	6.0321	0.85602	1.1468	772.05	-0.049439	6.0627e-05	0.089828	supercritical
1173.4	806.00	219.79	0.0045497	845.73	1212.4	6.0331	0.85612	1.1468	772.26	-0.049462	6.0652e-05	0.089874	supercritical
1174.4	806.00	219.63	0.0045531	846.61	1213.6	6.0341	0.85622	1.1469	772.47	-0.049485	6.0678e-05	0.089920	supercritical
1175.4	806.00	219.47	0.0045565	847.48	1214.7	6.0351	0.85632	1.1469	772.68	-0.049509	6.0703e-05	0.089966	supercritical
1176.4	806.00	219.30	0.0045599	848.35	1215.9	6.0360	0.85643	1.1470	772.89	-0.049532	6.0729e-05	0.090011	supercritical
1177.4	806.00	219.14	0.0045633	849.23	1217.0	6.0370	0.85653	1.1470	773.10	-0.049556	6.0754e-05	0.090057	supercritical
1178.4	806.00	218.98	0.0045667	850.10	1218.2	6.0380	0.85663	1.1471	773.31	-0.049579	6.0780e-05	0.090103	supercritical
1179.4	806.00	218.82	0.0045701	850.97	1219.3	6.0390	0.85673	1.1472	773.52	-0.049602	6.0805e-05	0.090149	supercritical
1180.4	806.00	218.65	0.0045735	851.85	1220.5	6.0399	0.85683	1.1472	773.73	-0.049626	6.0831e-05	0.090194	supercritical
1181.4	806.00	218.49	0.0045768	852.72	1221.6	6.0409	0.85693	1.1473	773.94	-0.049649	6.0856e-05	0.090240	supercritical
1182.4	806.00	218.33	0.0045802	853.60	1222.8	6.0419	0.85703	1.1473	774.15	-0.049672	6.0881e-05	0.090286	supercritical
1183.4	806.00	218.17	0.0045836	854.47	1223.9	6.0429	0.85713	1.1474	774.36	-0.049695	6.0907e-05	0.090332	supercritical
1184.4	806.00	218.01	0.0045870	855.34	1225.1	6.0438	0.85723	1.1474	774.57	-0.049718	6.0932e-05	0.090378	supercritical
1185.4	806.00	217.85	0.0045904	856.22	1226.2	6.0448	0.85733	1.1475	774.78	-0.049742	6.0958e-05	0.090423	supercritical
1186.4	806.00	217.68	0.0045938	857.09	1227.4	6.0458	0.85743	1.1475	774.99	-0.049765	6.0983e-05	0.090469	supercritical
1187.4	806.00	217.52	0.0045972	857.97	1228.5	6.0467	0.85754	1.1476	775.20	-0.049788	6.1009e-05	0.090515	supercritical
1188.4	806.00	217.36	0.0046006	858.84	1229.6	6.0477	0.85764	1.1476	775.41	-0.049811	6.1034e-05	0.090561	supercritical
1189.4	806.00	217.20	0.0046040	859.71	1230.8	6.0487	0.85774	1.1477	775.62	-0.049834	6.1059e-05	0.090607	supercritical
1190.4	806.00	217.04	0.0046074	860.59	1231.9	6.0496	0.85784	1.1477	775.83	-0.049857	6.1085e-05	0.090653	supercritical
1191.4	806.00	216.88	0.0046108	861.46	1233.1	6.0506	0.85794	1.1478	776.04	-0.049880	6.1110e-05	0.090698	supercritical
1192.4	806.00	216.72	0.0046141	862.34	1234.2	6.0515	0.85803	1.1478	776.25	-0.049902	6.1136e-05	0.090744	supercritical
1193.4	806.00	216.57	0.0046175	863.21	1235.4	6.0525	0.85813	1.1479	776.46	-0.049925	6.1161e-05	0.090790	supercritical
1194.4	806.00	216.41	0.0046209	864.09	1236.5	6.0535	0.85823	1.1479	776.67	-0.049948	6.1187e-05	0.090836	supercritical
1195.4	806.00	216.25	0.0046243	864.96	1237.7	6.0544	0.85833	1.1480	776.88	-0.049971	6.1212e-05	0.090882	supercritical
1196.4	806.00	216.09	0.0046277	865.84	1238.8	6.0554	0.85843	1.1480	777.09	-0.049994	6.1237e-05	0.090928	supercritical
1197.4	806.00	215.93	0.0046311	866.71	1240.0	6.0564	0.85853	1.1481	777.30	-0.050016	6.1263e-05	0.090974	supercritical
1198.4	806.00	215.77	0.0046345	867.59	1241.1	6.0573	0.85863	1.1481	777.51	-0.050039	6.1288e-05	0.091019	supercritical
1199.4	806.00	215.62	0.0046379	868.46	1242.3	6.0583	0.85873	1.1482	777.72	-0.050062	6.1314e-05	0.091065	supercritical
1200.4	806.00	215.46	0.0046413	869.34	1243.4	6.0592	0.85883	1.1483	777.93	-0.050084	6.1339e-05	0.091111	supercritical
1201.4	806.00	215.30	0.0046446	870.21	1244.6	6.0602	0.85893	1.1483	778.14	-0.050107	6.1364e-05	0.091157	supercritical
1202.4	806.00	215.15	0.0046480	871.09	1245.7	6.0611	0.85903	1.1484	778.35	-0.050130	6.1390e-05	0.091203	supercritical
1203.4	806.00	214.99	0.0046514	871.96	1246.9	6.0621	0.85912	1.1484	778.55	-0.050152	6.1415e-05	0.091249	supercritical
1204.4	806.00	214.83	0.0046548	872.84	1248.0	6.0630	0.85922	1.1485	778.76	-0.050175	6.1441e-05	0.091295	supercritical
1205.4	806.00	214.68	0.0046582	873.71	1249.2	6.0640	0.85932	1.1485	778.97	-0.050197	6.1466e-05	0.091341	supercritical
1206.4	806.00	214.52	0.0046616	874.59	1250.3	6.0649	0.85942	1.1486	779.18	-0.050220	6.1492e-05	0.091387	supercritical
1207.4	806.00	214.36	0.0046650	875.47	1251.5	6.0659	0.85952	1.1486	779.39	-0.050242	6.1517e-05	0.091433	supercritical
1208.4	806.00	214.21	0.0046683	876.34	1252.6	6.0669	0.85961	1.1487	779.60	-0.050264	6.1542e-05	0.091478	supercritical
1209.4	806.00	214.05	0.0046717	877.22	1253.8	6.0678	0.85971	1.1487	779.81	-0.050287	6.1568e-05	0.091524	supercritical
1210.4	806.00	213.90	0.0046751	878.09	1254.9	6.0688	0.85981	1.1488	780.02	-0.050309	6.1593e-05	0.091570	supercritical
1211.4	806.00	213.74	0.0046785	878.97	1256.1	6.0697	0.85991	1.1488	780.22	-0.050331	6.1619e-05	0.091616	supercritical
1212.4	806.00	213.59	0.0046819	879.85	1257.2	6.0706	0.86000	1.1489	780.43	-0.050354	6.1644e-05	0.091662	supercritical
1213.4	806.00	213.43	0.0046853	880.72	1258.4	6.0716	0.86010	1.1489	780.64	-0.050376	6.1669e-05	0.091708	supercritical
1214.4	806.00	213.28	0.0046887	881.60	1259.5	6.0725	0.86020	1.1490	780.85	-0.050398	6.1695e-05	0.091754	supercritical
1215.4	806.00	213.13	0.0046920	882.47	1260.7	6.0735	0.86030	1.1490	781.06	-0.050420	6.1720e-05	0.091800	supercritical
1216.4	806.00	212.97	0.0046954	883.35	1261.8	6.0744	0.86039	1.1491	781.27	-0.050442	6.1745e-05	0.091846	supercritical
1217.4	806.00	212.82	0.0046988	884.23	1263.0	6.0754	0.86049	1.1491	781.48	-0.050465	6.1771e-05	0.091892	supercritical
1218.4	806.00	212.67	0.0047022	885.10	1264.1	6.0763	0.86059	1.1492	781.68	-0.050487	6.1796e-05	0.091938	supercritical
1219.4	806.00	212.51	0.0047056	885.98	1265.2	6.0773	0.86068	1.1492	781.89	-0.050509	6.1822e-05	0.091984	supercritical
1220.4	806.00	212.36	0.0047090	886.86	1266.4	6.0782	0.86078	1.1493	782.10	-0.050531	6.1847e-05	0.092030	supercritical
1221.4	806.00	212.21	0.0047123	887.73	1267.5	6.0791	0.86088	1.1493	782.31	-0.050553	6.1872e-05	0.092076	supercritical
1222.4	806.00	212.06	0.0047157	888.61	1268.7	6.0801	0.86097	1.1494	782.52	-0.050575	6.1898e-05	0.092122	supercritical
1223.4	806.00	211.90	0.0047191	889.49	1269.8	6.0810	0.86107	1.1495	782.72	-0.050597	6.1923e-05	0.092168	supercritical
1224.4	806.00	211.75	0.0047225	890.36	1271.0	6.0820	0.86116	1.1495	782.93	-0.050619	6.1949e-05	0.092214	supercritical
1225.4	806.00	211.60	0.0047259	891.24	1272.1	6.0829	0.86126	1.1496	783.14	-0.050640	6.1974e-05	0.092260	supercritical
1226.4	806.00	211.45	0.0047292	892.12	1273.3	6.0838	0.86136	1.1496	783.35	-0.050662	6.1999e-05	0.092306	supercritical
1227.4	806.00	211.30	0.0047326	892.99	1274.4	6.0848	0.86145	1.1497	783.56	-0.050684	6.2025e-05	0.092352	supercritical
1228.4	806.00	211.15	0.0047360	893.87	1275.6	6.0857	0.86155	1.1497	783.76	-0.050706	6.2050e-05	0.092398	supercritical
1229.4	806.00	211.00	0.0047394	894.75	1276.7	6.0867	0.86164	1.1498	783.97	-0.050728	6.2075e-05	0.092444	supercritical
1230.4	806.00	210.85	0.0047428	895.63	1277.9	6.0876	0.86174	1.1498	784.18	-0.050749	6.2101e-05	0.092490	supercritical
1231.4	806.00	210.70	0.0047461	896.50	1279.0	6.0885	0.86183	1.1499	784.39	-0.050771	6.2126e-05	0.092536	supercritical
1232.4	806.00	210.55	0.0047495	897.38	1280.2	6.0895	0.86193	1.1499	784.60	-0.050793	6.2151e-05	0.092582	supercritical
1233.4	806.00	210.40	0.0047529	898.26	1281.3	6.0904	0.86202	1.1500	784.80	-0.050814	6.2177e-05	0.092628	supercritical
1234.4	806.00	210.25	0.0047563	899.14	1282.5	6.0913	0.86212	1.1500	785.01	-0.050836	6.2202e-05	0.092674	supercritical
1235.4	806.00	210.10	0.0047597	900.01	1283.6	6.0923	0.86221	1.1501	785.22	-0.050857	6.2228e-05	0.092720	supercritical
1236.4	806.00	209.95	0.0047630	900.89	1284.8	6.0932	0.86231	1.1501	785.43	-0.050879	6.2253e-05	0.092766	supercritical
1237.4	806.00	209.80	0.0047664	901.77	1285.9	6.0941	0.86240	1.1502	785.63	-0.050900	6.2278e-05	0.092812	supercritical
1238.4	806.00	209.65	0.0047698	902.65	1287.1	6.0950	0.86250	1.1502	785.84	-0.050922	6.2304e-05	0.092858	supercritical
1239.4	806.00	209.50	0.0047732	903.53	1288.2	6.0960	0.86259	1.1503	786.05	-0.050943	6.2329e-05	0.092904	supercritical
1240.4	806.00	209.36	0.0047766	904.40	1289.4	6.0969	0.86269	1.1503	786.26	-0.050965	6.2354e-05	0.092950	supercritical
1241.4	806.00	209.21	0.0047799	905.28	1290.5	6.0978	0.86278	1.1504	786.46	-0.050986	6.2380e-05	0.092996	supercritical
1242.4	806.00	209.06	0.0047833	906.16	1291.7	6.0988	0.86288	1.1504	786.67	-0.051008	6.2405e-05	0.093042	supercritical
1243.4	806.00	208.91	0.0047867	907.04	1292.8	6.0997	0.86297	1.1505	786.88	-0.051029	6.2430e-05	0.093088	supercritical
1244.4	806.00	208.77	0.0047901	907.92	1294.0	6.1006	0.86306	1.1505	787.08	-0.051050	6.2456e-05	0.093134	supercritical
1245.4	806.00	208.62	0.0047935	908.79	1295.1	6.1015	0.86316	1.1506	787.29	-0.051072	6.2481e-05	0.093180	supercritical
1246.4	806.00	208.47	0.0047968	909.67	1296.3	6.1024	0.86325	1.1507	787.50	-0.051093	6.2506e-05	0.093226	supercritical
1247.4	806.00	208.32	0.0048002	910.55	1297.4	6.1034	0.86335	1.1507	787.71	-0.051114	6.2532e-05	0.093272	supercritical
1248.4	806.00	208.18	0.0048036	911.43	1298.6	6.1043	0.86344	1.1508	787.91	-0.051135	6.2557e-05	0.093319	supercritical
1249.4	806.00	208.03	0.0048070	912.31	1299.7	6.1052	0.86353	1.1508	788.12	-0.051156	6.2582e-05	0.093365	supercritical
1250.4	806.00	207.89	0.0048103	913.19	1300.9	6.1061	0.86363	1.1509	788.33	-0.051177	6.2608e-05	0.093411	supercritical
1251.4	806.00	207.74	0.0048137	914.07	1302.1	6.1071	0.86372	1.1509	788.53	-0.051199	6.2633e-05	0.093457	supercritical
1252.4	806.00	207.59	0.0048171	914.95	1303.2	6.1080	0.86381	1.1510	788.74	-0.051220	6.2658e-05	0.093503	supercritical
1253.4	806.00	207.45	0.0048205	915.82	1304.4	6.1089	0.86391	1.1510	788.95	-0.051241	6.2684e-05	0.093549	supercritical
1254.4	806.00	207.30	0.0048238	916.70	1305.5	6.1098	0.86400	1.1511	789.15	-0.051262	6.2709e-05	0.093595	supercritical
1255.4	806.00	207.16	0.0048272	917.58	1306.7	6.1107	0.86409	1.1511	789.36	-0.051283	6.2734e-05	0.093641	supercritical
1256.4	806.00	207.01	0.0048306	918.46	1307.8	6.1116	0.86418	1.1512	789.57	-0.051304	6.2760e-05	0.093687	supercritical
1257.4	806.00	206.87	0.0048340	919.34	1309.0	6.1126	0.86428	1.1512	789.77	-0.051325	6.2785e-05	0.093733	supercritical
1258.4	806.00	206.73	0.0048373	920.22	1310.1	6.1135	0.86437	1.1513	789.98	-0.051345	6.2810e-05	0.093780	supercritical
1259.4	806.00	206.58	0.0048407	921.10	1311.3	6.1144	0.86446	1.1513	790.19	-0.051366	6.2836e-05	0.093826	supercritical
1260.4	806.00	206.44	0.0048441	921.98	1312.4	6.1153	0.86456	1.1514	790.39	-0.051387	6.2861e-05	0.093872	supercritical
1261.4	806.00	206.29	0.0048475	922.86	1313.6	6.1162	0.86465	1.1514	790.60	-0.051408	6.2886e-05	0.093918	supercritical
1262.4	806.00	206.15	0.0048508	923.74	1314.7	6.1171	0.86474	1.1515	790.80	-0.051429	6.2911e-05	0.093964	supercritical
1263.4	806.00	206.01	0.0048542	924.62	1315.9	6.1180	0.86483	1.1515	791.01	-0.051449	6.2937e-05	0.094010	supercritical
1264.4	806.00	205.86	0.0048576	925.50	1317.0	6.1190	0.86492	1.1516	791.22	-0.051470	6.2962e-05	0.094056	supercritical
1265.4	806.00	205.72	0.0048610	926.38	1318.2	6.1199	0.86502	1.1516	791.42	-0.051491	6.2987e-05	0.094102	supercritical
1266.4	806.00	205.58	0.0048643	927.26	1319.3	6.1208	0.86511	1.1517	791.63	-0.051512	6.3013e-05	0.094149	supercritical
1267.4	806.00	205.44	0.0048677	928.14	1320.5	6.1217	0.86520	1.1517	791.83	-0.051532	6.3038e-05	0.094195	supercritical
1268.4	806.00	205.29	0.0048711	929.02	1321.6	6.1226	0.86529	1.1518	792.04	-0.051553	6.3063e-05	0.094241	supercritical
1269.4	806.00	205.15	0.0048744	929.90	1322.8	6.1235	0.86538	1.1518	792.25	-0.051573	6.3089e-05	0.094287	supercritical
1270.4	806.00	205.01	0.0048778	930.78	1323.9	6.1244	0.86547	1.1519	792.45	-0.051594	6.3114e-05	0.094333	supercritical
1271.4	806.00	204.87	0.0048812	931.66	1325.1	6.1253	0.86557	1.1519	792.66	-0.051614	6.3139e-05	0.094379	supercritical
1272.4	806.00	204.73	0.0048846	932.54	1326.2	6.1262	0.86566	1.1520	792.86	-0.051635	6.3164e-05	0.094425	supercritical
1273.4	806.00	204.59	0.0048879	933.42	1327.4	6.1271	0.86575	1.1521	793.07	-0.051655	6.3190e-05	0.094472	supercritical
1274.4	806.00	204.44	0.0048913	934.30	1328.5	6.1280	0.86584	1.1521	793.28	-0.051676	6.3215e-05	0.094518	supercritical
1275.4	806.00	204.30	0.0048947	935.18	1329.7	6.1289	0.86593	1.1522	793.48	-0.051696	6.3240e-05	0.094564	supercritical
1276.4	806.00	204.16	0.0048980	936.06	1330.8	6.1298	0.86602	1.1522	793.69	-0.051717	6.3266e-05	0.094610	supercritical
1277.4	806.00	204.02	0.0049014	936.94	1332.0	6.1307	0.86611	1.1523	793.89	-0.051737	6.3291e-05	0.094656	supercritical
1278.4	806.00	203.88	0.0049048	937.82	1333.1	6.1316	0.86620	1.1523	794.10	-0.051757	6.3316e-05	0.094702	supercritical
1279.4	806.00	203.74	0.0049082	938.70	1334.3	6.1325	0.86629	1.1524	794.30	-0.051778	6.3341e-05	0.094749	supercritical
1280.4	806.00	203.60	0.0049115	939.58	1335.4	6.1334	0.86639	1.1524	794.51	-0.051798	6.3367e-05	0.094795	supercritical
1281.4	806.00	203.46	0.0049149	940.46	1336.6	6.1343	0.86648	1.1525	794.71	-0.051818	6.3392e-05	0.094841	supercritical
1282.4	806.00	203.32	0.0049183	941.34	1337.8	6.1352	0.86657	1.1525	794.92	-0.051838	6.3417e-05	0.094887	supercritical
1283.4	806.00	203.18	0.0049216	942.22	1338.9	6.1361	0.86666	1.1526	795.12	-0.051859	6.3442e-05	0.094933	supercritical
1284.4	806.00	203.05	0.0049250	943.10	1340.1	6.1370	0.86675	1.1526	795.33	-0.051879	6.3468e-05	0.094979	supercritical
1285.4	806.00	202.91	0.0049284	943.99	1341.2	6.1379	0.86684	1.1527	795.53	-0.051899	6.3493e-05	0.095026	supercritical
1286.4	806.00	202.77	0.0049317	944.87	1342.4	6.1388	0.86693	1.1527	795.74	-0.051919	6.3518e-05	0.095072	supercritical
1287.4	806.00	202.63	0.0049351	945.75	1343.5	6.1397	0.86702	1.1528	795.94	-0.051939	6.3543e-05	0.095118	supercritical
1288.4	806.00	202.49	0.0049385	946.63	1344.7	6.1406	0.86711	1.1528	796.15	-0.051959	6.3569e-05	0.095164	supercritical
1289.4	806.00	202.35	0.0049418	947.51	1345.8	6.1415	0.86720	1.1529	796.35	-0.051979	6.3594e-05	0.095210	supercritical
1290.4	806.00	202.22	0.0049452	948.39	1347.0	6.1424	0.86729	1.1529	796.56	-0.051999	6.3619e-05	0.095257	supercritical
1291.4	806.00	202.08	0.0049486	949.27	1348.1	6.1433	0.86738	1.1530	796.76	-0.052019	6.3644e-05	0.095303	supercritical
1292.4	806.00	201.94	0.0049519	950.16	1349.3	6.1442	0.86747	1.1530	796.97	-0.052039	6.3670e-05	0.095349	supercritical
1293.4	806.00	201.80	0.0049553	951.04	1350.4	6.1451	0.86756	1.1531	797.17	-0.052059	6.3695e-05	0.095395	supercritical
1294.4	806.00	201.67	0.0049587	951.92	1351.6	6.1460	0.86765	1.1531	797.38	-0.052079	6.3720e-05	0.095441	supercritical
1295.4	806.00	201.53	0.0049620	952.80	1352.7	6.1469	0.86773	1.1532	797.58	-0.052099	6.3745e-05	0.095488	supercritical
1296.4	806.00	201.39	0.0049654	953.68	1353.9	6.1478	0.86782	1.1532	797.79	-0.052119	6.3771e-05	0.095534	supercritical
1297.4	806.00	201.26	0.0049688	954.56	1355.0	6.1486	0.86791	1.1533	797.99	-0.052138	6.3796e-05	0.095580	supercritical
1298.4	806.00	201.12	0.0049721	955.45	1356.2	6.1495	0.86800	1.1534	798.20	-0.052158	6.3821e-05	0.095626	supercritical
1299.4	806.00	200.98	0.0049755	956.33	1357.4	6.1504	0.86809	1.1534	798.40	-0.052178	6.3846e-05	0.095673	supercritical
1300.4	806.00	200.85	0.0049789	957.21	1358.5	6.1513	0.86818	1.1535	798.61	-0.052198	6.3872e-05	0.095719	supercritical
1301.4	806.00	200.71	0.0049822	958.09	1359.7	6.1522	0.86827	1.1535	798.81	-0.052217	6.3897e-05	0.095765	supercritical
1302.4	806.00	200.58	0.0049856	958.98	1360.8	6.1531	0.86836	1.1536	799.01	-0.052237	6.3922e-05	0.095811	supercritical
1303.4	806.00	200.44	0.0049890	959.86	1362.0	6.1540	0.86845	1.1536	799.22	-0.052257	6.3947e-05	0.095858	supercritical
1304.4	806.00	200.31	0.0049923	960.74	1363.1	6.1549	0.86854	1.1537	799.42	-0.052276	6.3973e-05	0.095904	supercritical
1305.4	806.00	200.17	0.0049957	961.62	1364.3	6.1557	0.86862	1.1537	799.63	-0.052296	6.3998e-05	0.095950	supercritical
1306.4	806.00	200.04	0.0049991	962.50	1365.4	6.1566	0.86871	1.1538	799.83	-0.052315	6.4023e-05	0.095996	supercritical
1307.4	806.00	199.90	0.0050024	963.39	1366.6	6.1575	0.86880	1.1538	800.04	-0.052335	6.4048e-05	0.096043	supercritical
1308.4	806.00	199.77	0.0050058	964.27	1367.7	6.1584	0.86889	1.1539	800.24	-0.052354	6.4073e-05	0.096089	supercritical
1309.4	806.00	199.63	0.0050092	965.15	1368.9	6.1593	0.86898	1.1539	800.44	-0.052374	6.4099e-05	0.096135	supercritical
1310.4	806.00	199.50	0.0050125	966.04	1370.0	6.1602	0.86907	1.1540	800.65	-0.052393	6.4124e-05	0.096181	supercritical
1311.4	806.00	199.37	0.0050159	966.92	1371.2	6.1610	0.86915	1.1540	800.85	-0.052413	6.4149e-05	0.096228	supercritical
1312.4	806.00	199.23	0.0050193	967.80	1372.4	6.1619	0.86924	1.1541	801.06	-0.052432	6.4174e-05	0.096274	supercritical
1313.4	806.00	199.10	0.0050226	968.68	1373.5	6.1628	0.86933	1.1541	801.26	-0.052452	6.4199e-05	0.096320	supercritical
1314.4	806.00	198.97	0.0050260	969.57	1374.7	6.1637	0.86942	1.1542	801.46	-0.052471	6.4225e-05	0.096366	supercritical
1315.4	806.00	198.83	0.0050293	970.45	1375.8	6.1645	0.86951	1.1542	801.67	-0.052490	6.4250e-05	0.096413	supercritical
1316.4	806.00	198.70	0.0050327	971.33	1377.0	6.1654	0.86959	1.1543	801.87	-0.052510	6.4275e-05	0.096459	supercritical
1317.4	806.00	198.57	0.0050361	972.22	1378.1	6.1663	0.86968	1.1543	802.07	-0.052529	6.4300e-05	0.096505	supercritical
1318.4	806.00	198.44	0.0050394	973.10	1379.3	6.1672	0.86977	1.1544	802.28	-0.052548	6.4325e-05	0.096551	supercritical
1319.4	806.00	198.30	0.0050428	973.98	1380.4	6.1681	0.86986	1.1544	802.48	-0.052567	6.4351e-05	0.096598	supercritical
1320.4	806.00	198.17	0.0050462	974.87	1381.6	6.1689	0.86994	1.1545	802.68	-0.052586	6.4376e-05	0.096644	supercritical
1321.4	806.00	198.04	0.0050495	975.75	1382.7	6.1698	0.87003	1.1545	802.89	-0.052606	6.4401e-05	0.096690	supercritical
1322.4	806.00	197.91	0.0050529	976.63	1383.9	6.1707	0.87012	1.1546	803.09	-0.052625	6.4426e-05	0.096736	supercritical
1323.4	806.00	197.78	0.0050562	977.52	1385.1	6.1715	0.87021	1.1546	803.29	-0.052644	6.4451e-05	0.096783	supercritical
1324.4	806.00	197.64	0.0050596	978.40	1386.2	6.1724	0.87029	1.1547	803.50	-0.052663	6.4476e-05	0.096829	supercritical
1325.4	806.00	197.51	0.0050630	979.29	1387.4	6.1733	0.87038	1.1548	803.70	-0.052682	6.4502e-05	0.096875	supercritical
1326.4	806.00	197.38	0.0050663	980.17	1388.5	6.1742	0.87047	1.1548	803.90	-0.052701	6.4527e-05	0.096922	supercritical
1327.4	806.00	197.25	0.0050697	981.05	1389.7	6.1750	0.87055	1.1549	804.11	-0.052720	6.4552e-05	0.096968	supercritical
1328.4	806.00	197.12	0.0050730	981.94	1390.8	6.1759	0.87064	1.1549	804.31	-0.052739	6.4577e-05	0.097014	supercritical
1329.4	806.00	196.99	0.0050764	982.82	1392.0	6.1768	0.87073	1.1550	804.51	-0.052758	6.4602e-05	0.097060	supercritical
1330.4	806.00	196.86	0.0050798	983.71	1393.1	6.1776	0.87081	1.1550	804.72	-0.052777	6.4627e-05	0.097107	supercritical
1331.4	806.00	196.73	0.0050831	984.59	1394.3	6.1785	0.87090	1.1551	804.92	-0.052796	6.4653e-05	0.097153	supercritical
1332.4	806.00	196.60	0.0050865	985.47	1395.4	6.1794	0.87099	1.1551	805.12	-0.052815	6.4678e-05	0.097199	supercritical
1333.4	806.00	196.47	0.0050898	986.36	1396.6	6.1802	0.87107	1.1552	805.32	-0.052834	6.4703e-05	0.097246	supercritical
1334.4	806.00	196.34	0.0050932	987.24	1397.8	6.1811	0.87116	1.1552	805.53	-0.052852	6.4728e-05	0.097292	supercritical
1335.4	806.00	196.21	0.0050966	988.13	1398.9	6.1820	0.87125	1.1553	805.73	-0.052871	6.4753e-05	0.097338	supercritical
1336.4	806.00	196.08	0.0050999	989.01	1400.1	6.1828	0.87133	1.1553	805.93	-0.052890	6.4778e-05	0.097385	supercritical
1337.4	806.00	195.95	0.0051033	989.90	1401.2	6.1837	0.87142	1.1554	806.14	-0.052909	6.4804e-05	0.097431	supercritical
1338.4	806.00	195.82	0.0051066	990.78	1402.4	6.1846	0.87150	1.1554	806.34	-0.052927	6.4829e-05	0.097477	supercritical
1339.4	806.00	195.69	0.0051100	991.67	1403.5	6.1854	0.87159	1.1555	806.54	-0.052946	6.4854e-05	0.097523	supercritical
1340.4	806.00	195.57	0.0051134	992.55	1404.7	6.1863	0.87168	1.1555	806.74	-0.052965	6.4879e-05	0.097570	supercritical
1341.4	806.00	195.44	0.0051167	993.44	1405.8	6.1872	0.87176	1.1556	806.95	-0.052983	6.4904e-05	0.097616	supercritical
1342.4	806.00	195.31	0.0051201	994.32	1407.0	6.1880	0.87185	1.1556	807.15	-0.053002	6.4929e-05	0.097662	supercritical
1343.4	806.00	195.18	0.0051234	995.21	1408.2	6.1889	0.87193	1.1557	807.35	-0.053021	6.4954e-05	0.097709	supercritical
1344.4	806.00	195.05	0.0051268	996.09	1409.3	6.1897	0.87202	1.1557	807.55	-0.053039	6.4980e-05	0.097755	supercritical
1345.4	806.00	194.93	0.0051301	996.98	1410.5	6.1906	0.87211	1.1558	807.75	-0.053058	6.5005e-05	0.097801	supercritical
1346.4	806.00	194.80	0.0051335	997.86	1411.6	6.1915	0.87219	1.1558	807.96	-0.053076	6.5030e-05	0.097848	supercritical
1347.4	806.00	194.67	0.0051369	998.75	1412.8	6.1923	0.87228	1.1559	808.16	-0.053095	6.5055e-05	0.097894	supercritical
1348.4	806.00	194.54	0.0051402	999.63	1413.9	6.1932	0.87236	1.1559	808.36	-0.053113	6.5080e-05	0.097940	supercritical
1349.4	806.00	194.42	0.0051436	1000.5	1415.1	6.1940	0.87245	1.1560	808.56	-0.053132	6.5105e-05	0.097987	supercritical
1350.4	806.00	194.29	0.0051469	1001.4	1416.2	6.1949	0.87253	1.1560	808.76	-0.053150	6.5130e-05	0.098033	supercritical
1351.4	806.00	194.16	0.0051503	1002.3	1417.4	6.1957	0.87262	1.1561	808.97	-0.053169	6.5155e-05	0.098079	supercritical
1352.4	806.00	194.04	0.0051536	1003.2	1418.6	6.1966	0.87270	1.1562	809.17	-0.053187	6.5181e-05	0.098126	supercritical
1353.4	806.00	193.91	0.0051570	1004.1	1419.7	6.1974	0.87279	1.1562	809.37	-0.053205	6.5206e-05	0.098172	supercritical
1354.4	806.00	193.78	0.0051604	1004.9	1420.9	6.1983	0.87287	1.1563	809.57	-0.053224	6.5231e-05	0.098218	supercritical
1355.4	806.00	193.66	0.0051637	1005.8	1422.0	6.1992	0.87296	1.1563	809.77	-0.053242	6.5256e-05	0.098265	supercritical
1356.4	806.00	193.53	0.0051671	1006.7	1423.2	6.2000	0.87304	1.1564	809.98	-0.053260	6.5281e-05	0.098311	supercritical
1357.4	806.00	193.41	0.0051704	1007.6	1424.3	6.2009	0.87313	1.1564	810.18	-0.053278	6.5306e-05	0.098357	supercritical
1358.4	806.00	193.28	0.0051738	1008.5	1425.5	6.2017	0.87321	1.1565	810.38	-0.053297	6.5331e-05	0.098404	supercritical
1359.4	806.00	193.16	0.0051771	1009.4	1426.7	6.2026	0.87330	1.1565	810.58	-0.053315	6.5356e-05	0.098450	supercritical
1360.4	806.00	193.03	0.0051805	1010.3	1427.8	6.2034	0.87338	1.1566	810.78	-0.053333	6.5381e-05	0.098496	supercritical
1361.4	806.00	192.91	0.0051838	1011.1	1429.0	6.2043	0.87347	1.1566	810.98	-0.053351	6.5406e-05	0.098543	supercritical
1362.4	806.00	192.78	0.0051872	1012.0	1430.1	6.2051	0.87355	1.1567	811.18	-0.053369	6.5432e-05	0.098589	supercritical
1363.4	806.00	192.66	0.0051906	1012.9	1431.3	6.2060	0.87363	1.1567	811.39	-0.053387	6.5457e-05	0.098635	supercritical
1364.4	806.00	192.53	0.0051939	1013.8	1432.4	6.2068	0.87372	1.1568	811.59	-0.053405	6.5482e-05	0.098682	supercritical
1365.4	806.00	192.41	0.0051973	1014.7	1433.6	6.2077	0.87380	1.1568	811.79	-0.053423	6.5507e-05	0.098728	supercritical
1366.4	806.00	192.28	0.0052006	1015.6	1434.7	6.2085	0.87389	1.1569	811.99	-0.053441	6.5532e-05	0.098775	supercritical
1367.4	806.00	192.16	0.0052040	1016.5	1435.9	6.2093	0.87397	1.1569	812.19	-0.053459	6.5557e-05	0.098821	supercritical
1368.4	806.00	192.04	0.0052073	1017.4	1437.1	6.2102	0.87406	1.1570	812.39	-0.053477	6.5582e-05	0.098867	supercritical
1369.4	806.00	191.91	0.0052107	1018.2	1438.2	6.2110	0.87414	1.1570	812.59	-0.053495	6.5607e-05	0.098914	supercritical
1370.4	806.00	191.79	0.0052140	1019.1	1439.4	6.2119	0.87422	1.1571	812.79	-0.053513	6.5632e-05	0.098960	supercritical
1371.4	806.00	191.67	0.0052174	1020.0	1440.5	6.2127	0.87431	1.1571	813.00	-0.053531	6.5657e-05	0.099006	supercritical
1372.4	806.00	191.54	0.0052207	1020.9	1441.7	6.2136	0.87439	1.1572	813.20	-0.053549	6.5682e-05	0.099053	supercritical
1373.4	806.00	191.42	0.0052241	1021.8	1442.8	6.2144	0.87448	1.1572	813.40	-0.053567	6.5707e-05	0.099099	supercritical
1374.4	806.00	191.30	0.0052274	1022.7	1444.0	6.2153	0.87456	1.1573	813.60	-0.053585	6.5732e-05	0.099145	supercritical
1375.4	806.00	191.18	0.0052308	1023.6	1445.2	6.2161	0.87464	1.1573	813.80	-0.053603	6.5758e-05	0.099192	supercritical
1376.4	806.00	191.05	0.0052341	1024.4	1446.3	6.2169	0.87473	1.1574	814.00	-0.053620	6.5783e-05	0.099238	supercritical
1377.4	806.00	190.93	0.0052375	1025.3	1447.5	6.2178	0.87481	1.1575	814.20	-0.053638	6.5808e-05	0.099285	supercritical
1378.4	806.00	190.81	0.0052408	1026.2	1448.6	6.2186	0.87489	1.1575	814.40	-0.053656	6.5833e-05	0.099331	supercritical
1379.4	806.00	190.69	0.0052442	1027.1	1449.8	6.2195	0.87498	1.1576	814.60	-0.053673	6.5858e-05	0.099377	supercritical
1380.4	806.00	190.57	0.0052476	1028.0	1451.0	6.2203	0.87506	1.1576	814.80	-0.053691	6.5883e-05	0.099424	supercritical
1381.4	806.00	190.44	0.0052509	1028.9	1452.1	6.2211	0.87514	1.1577	815.00	-0.053709	6.5908e-05	0.099470	supercritical
1382.4	806.00	190.32	0.0052543	1029.8	1453.3	6.2220	0.87523	1.1577	815.20	-0.053726	6.5933e-05	0.099516	supercritical
1383.4	806.00	190.20	0.0052576	1030.7	1454.4	6.2228	0.87531	1.1578	815.40	-0.053744	6.5958e-05	0.099563	supercritical
1384.4	806.00	190.08	0.0052610	1031.5	1455.6	6.2236	0.87539	1.1578	815.60	-0.053762	6.5983e-05	0.099609	supercritical
1385.4	806.00	189.96	0.0052643	1032.4	1456.7	6.2245	0.87548	1.1579	815.80	-0.053779	6.6008e-05	0.099656	supercritical
1386.4	806.00	189.84	0.0052677	1033.3	1457.9	6.2253	0.87556	1.1579	816.00	-0.053797	6.6033e-05	0.099702	supercritical
1387.4	806.00	189.72	0.0052710	1034.2	1459.1	6.2262	0.87564	1.1580	816.20	-0.053814	6.6058e-05	0.099748	supercritical
1388.4	806.00	189.60	0.0052744	1035.1	1460.2	6.2270	0.87573	1.1580	816.40	-0.053832	6.6083e-05	0.099795	supercritical
1389.4	806.00	189.48	0.0052777	1036.0	1461.4	6.2278	0.87581	1.1581	816.60	-0.053849	6.6108e-05	0.099841	supercritical
1390.4	806.00	189.36	0.0052811	1036.9	1462.5	6.2287	0.87589	1.1581	816.80	-0.053867	6.6133e-05	0.099887	supercritical
1391.4	806.00	189.24	0.0052844	1037.8	1463.7	6.2295	0.87597	1.1582	817.00	-0.053884	6.6158e-05	0.099934	supercritical
1392.4	806.00	189.12	0.0052878	1038.7	1464.8	6.2303	0.87606	1.1582	817.20	-0.053901	6.6183e-05	0.099980	supercritical
1393.4	806.00	189.00	0.0052911	1039.5	1466.0	6.2312	0.87614	1.1583	817.40	-0.053919	6.6208e-05	0.10003	supercritical
1394.4	806.00	188.88	0.0052945	1040.4	1467.2	6.2320	0.87622	1.1583	817.60	-0.053936	6.6233e-05	0.10007	supercritical
1395.4	806.00	188.76	0.0052978	1041.3	1468.3	6.2328	0.87630	1.1584	817.80	-0.053953	6.6258e-05	0.10012	supercritical
1396.4	806.00	188.64	0.0053012	1042.2	1469.5	6.2336	0.87639	1.1584	818.00	-0.053971	6.6283e-05	0.10017	supercritical
1397.4	806.00	188.52	0.0053045	1043.1	1470.6	6.2345	0.87647	1.1585	818.20	-0.053988	6.6308e-05	0.10021	supercritical
1398.4	806.00	188.40	0.0053078	1044.0	1471.8	6.2353	0.87655	1.1585	818.40	-0.054005	6.6333e-05	0.10026	supercritical
1399.4	806.00	188.28	0.0053112	1044.9	1473.0	6.2361	0.87663	1.1586	818.60	-0.054022	6.6358e-05	0.10030	supercritical
1400.4	806.00	188.16	0.0053145	1045.8	1474.1	6.2370	0.87672	1.1586	818.80	-0.054040	6.6383e-05	0.10035	supercritical
1401.4	806.00	188.04	0.0053179	1046.6	1475.3	6.2378	0.87680	1.1587	819.00	-0.054057	6.6408e-05	0.10040	supercritical
1402.4	806.00	187.93	0.0053212	1047.5	1476.4	6.2386	0.87688	1.1588	819.20	-0.054074	6.6433e-05	0.10044	supercritical
1403.4	806.00	187.81	0.0053246	1048.4	1477.6	6.2394	0.87696	1.1588	819.40	-0.054091	6.6458e-05	0.10049	supercritical
1404.4	806.00	187.69	0.0053279	1049.3	1478.7	6.2403	0.87704	1.1589	819.60	-0.054108	6.6483e-05	0.10054	supercritical
1405.4	806.00	187.57	0.0053313	1050.2	1479.9	6.2411	0.87713	1.1589	819.80	-0.054125	6.6508e-05	0.10058	supercritical
1406.4	806.00	187.45	0.0053346	1051.1	1481.1	6.2419	0.87721	1.1590	820.00	-0.054142	6.6533e-05	0.10063	supercritical
1407.4	806.00	187.34	0.0053380	1052.0	1482.2	6.2427	0.87729	1.1590	820.20	-0.054159	6.6558e-05	0.10068	supercritical
1408.4	806.00	187.22	0.0053413	1052.9	1483.4	6.2436	0.87737	1.1591	820.40	-0.054176	6.6583e-05	0.10072	supercritical
1409.4	806.00	187.10	0.0053447	1053.8	1484.5	6.2444	0.87745	1.1591	820.59	-0.054193	6.6608e-05	0.10077	supercritical
1410.4	806.00	186.99	0.0053480	1054.7	1485.7	6.2452	0.87754	1.1592	820.79	-0.054210	6.6633e-05	0.10082	supercritical
1411.4	806.00	186.87	0.0053514	1055.5	1486.9	6.2460	0.87762	1.1592	820.99	-0.054227	6.6658e-05	0.10086	supercritical
1412.4	806.00	186.75	0.0053547	1056.4	1488.0	6.2468	0.87770	1.1593	821.19	-0.054244	6.6683e-05	0.10091	supercritical
1413.4	806.00	186.63	0.0053581	1057.3	1489.2	6.2477	0.87778	1.1593	821.39	-0.054261	6.6708e-05	0.10095	supercritical
1414.4	806.00	186.52	0.0053614	1058.2	1490.3	6.2485	0.87786	1.1594	821.59	-0.054278	6.6733e-05	0.10100	supercritical
1415.4	806.00	186.40	0.0053647	1059.1	1491.5	6.2493	0.87794	1.1594	821.79	-0.054295	6.6758e-05	0.10105	supercritical
1416.4	806.00	186.29	0.0053681	1060.0	1492.7	6.2501	0.87803	1.1595	821.99	-0.054312	6.6783e-05	0.10109	supercritical
1417.4	806.00	186.17	0.0053714	1060.9	1493.8	6.2509	0.87811	1.1595	822.19	-0.054329	6.6808e-05	0.10114	supercritical
1418.4	806.00	186.05	0.0053748	1061.8	1495.0	6.2518	0.87819	1.1596	822.38	-0.054345	6.6833e-05	0.10119	supercritical
1419.4	806.00	185.94	0.0053781	1062.7	1496.1	6.2526	0.87827	1.1596	822.58	-0.054362	6.6858e-05	0.10123	supercritical
1420.4	806.00	185.82	0.0053815	1063.6	1497.3	6.2534	0.87835	1.1597	822.78	-0.054379	6.6883e-05	0.10128	supercritical
1421.4	806.00	185.71	0.0053848	1064.4	1498.5	6.2542	0.87843	1.1597	822.98	-0.054396	6.6908e-05	0.10133	supercritical
1422.4	806.00	185.59	0.0053882	1065.3	1499.6	6.2550	0.87851	1.1598	823.18	-0.054412	6.6933e-05	0.10137	supercritical
1423.4	806.00	185.48	0.0053915	1066.2	1500.8	6.2558	0.87859	1.1598	823.38	-0.054429	6.6958e-05	0.10142	supercritical
1424.4	806.00	185.36	0.0053948	1067.1	1501.9	6.2567	0.87867	1.1599	823.57	-0.054446	6.6983e-05	0.10147	supercritical
1425.4	806.00	185.25	0.0053982	1068.0	1503.1	6.2575	0.87876	1.1600	823.77	-0.054462	6.7008e-05	0.10151	supercritical
1426.4	806.00	185.13	0.0054015	1068.9	1504.3	6.2583	0.87884	1.1600	823.97	-0.054479	6.7033e-05	0.10156	supercritical
1427.4	806.00	185.02	0.0054049	1069.8	1505.4	6.2591	0.87892	1.1601	824.17	-0.054495	6.7058e-05	0.10160	supercritical
1428.4	806.00	184.90	0.0054082	1070.7	1506.6	6.2599	0.87900	1.1601	824.37	-0.054512	6.7082e-05	0.10165	supercritical
1429.4	806.00	184.79	0.0054116	1071.6	1507.7	6.2607	0.87908	1.1602	824.57	-0.054528	6.7107e-05	0.10170	supercritical
1430.4	806.00	184.68	0.0054149	1072.5	1508.9	6.2615	0.87916	1.1602	824.76	-0.054545	6.7132e-05	0.10174	supercritical
1431.4	806.00	184.56	0.0054183	1073.3	1510.1	6.2623	0.87924	1.1603	824.96	-0.054561	6.7157e-05	0.10179	supercritical
1432.4	806.00	184.45	0.0054216	1074.2	1511.2	6.2632	0.87932	1.1603	825.16	-0.054578	6.7182e-05	0.10184	supercritical
1433.4	806.00	184.33	0.0054249	1075.1	1512.4	6.2640	0.87940	1.1604	825.36	-0.054594	6.7207e-05	0.10188	supercritical
1434.4	806.00	184.22	0.0054283	1076.0	1513.5	6.2648	0.87948	1.1604	825.56	-0.054611	6.7232e-05	0.10193	supercritical
1435.4	806.00	184.11	0.0054316	1076.9	1514.7	6.2656	0.87956	1.1605	825.75	-0.054627	6.7257e-05	0.10198	supercritical
1436.4	806.00	183.99	0.0054350	1077.8	1515.9	6.2664	0.87964	1.1605	825.95	-0.054644	6.7282e-05	0.10202	supercritical
1437.4	806.00	183.88	0.0054383	1078.7	1517.0	6.2672	0.87972	1.1606	826.15	-0.054660	6.7307e-05	0.10207	supercritical
1438.4	806.00	183.77	0.0054417	1079.6	1518.2	6.2680	0.87980	1.1606	826.35	-0.054676	6.7332e-05	0.10212	supercritical
1439.4	806.00	183.65	0.0054450	1080.5	1519.3	6.2688	0.87988	1.1607	826.54	-0.054693	6.7357e-05	0.10216	supercritical
1440.4	806.00	183.54	0.0054483	1081.4	1520.5	6.2696	0.87996	1.1607	826.74	-0.054709	6.7382e-05	0.10221	supercritical
1441.4	806.00	183.43	0.0054517	1082.3	1521.7	6.2704	0.88004	1.1608	826.94	-0.054725	6.7406e-05	0.10225	supercritical
1442.4	806.00	183.32	0.0054550	1083.1	1522.8	6.2712	0.88012	1.1608	827.14	-0.054741	6.7431e-05	0.10230	supercritical
1443.4	806.00	183.21	0.0054584	1084.0	1524.0	6.2720	0.88020	1.1609	827.33	-0.054758	6.7456e-05	0.10235	supercritical
1444.4	806.00	183.09	0.0054617	1084.9	1525.1	6.2728	0.88028	1.1609	827.53	-0.054774	6.7481e-05	0.10239	supercritical
1445.4	806.00	182.98	0.0054650	1085.8	1526.3	6.2736	0.88036	1.1610	827.73	-0.054790	6.7506e-05	0.10244	supercritical
1446.4	806.00	182.87	0.0054684	1086.7	1527.5	6.2744	0.88044	1.1611	827.93	-0.054806	6.7531e-05	0.10249	supercritical
1447.4	806.00	182.76	0.0054717	1087.6	1528.6	6.2752	0.88052	1.1611	828.12	-0.054822	6.7556e-05	0.10253	supercritical
1448.4	806.00	182.65	0.0054751	1088.5	1529.8	6.2761	0.88060	1.1612	828.32	-0.054838	6.7581e-05	0.10258	supercritical
1449.4	806.00	182.53	0.0054784	1089.4	1530.9	6.2769	0.88068	1.1612	828.52	-0.054854	6.7606e-05	0.10263	supercritical
1450.4	806.00	182.42	0.0054817	1090.3	1532.1	6.2777	0.88076	1.1613	828.71	-0.054871	6.7630e-05	0.10267	supercritical
1451.4	806.00	182.31	0.0054851	1091.2	1533.3	6.2785	0.88084	1.1613	828.91	-0.054887	6.7655e-05	0.10272	supercritical
1452.4	806.00	182.20	0.0054884	1092.1	1534.4	6.2793	0.88092	1.1614	829.11	-0.054903	6.7680e-05	0.10277	supercritical
1453.4	806.00	182.09	0.0054918	1093.0	1535.6	6.2801	0.88100	1.1614	829.31	-0.054919	6.7705e-05	0.10281	supercritical
1454.4	806.00	181.98	0.0054951	1093.9	1536.8	6.2809	0.88108	1.1615	829.50	-0.054935	6.7730e-05	0.10286	supercritical
1455.4	806.00	181.87	0.0054984	1094.7	1537.9	6.2817	0.88116	1.1615	829.70	-0.054951	6.7755e-05	0.10290	supercritical
1456.4	806.00	181.76	0.0055018	1095.6	1539.1	6.2824	0.88124	1.1616	829.90	-0.054967	6.7780e-05	0.10295	supercritical
1457.4	806.00	181.65	0.0055051	1096.5	1540.2	6.2832	0.88132	1.1616	830.09	-0.054982	6.7805e-05	0.10300	supercritical
1458.4	806.00	181.54	0.0055085	1097.4	1541.4	6.2840	0.88140	1.1617	830.29	-0.054998	6.7829e-05	0.10304	supercritical
1459.4	806.00	181.43	0.0055118	1098.3	1542.6	6.2848	0.88148	1.1617	830.49	-0.055014	6.7854e-05	0.10309	supercritical
1460.4	806.00	181.32	0.0055151	1099.2	1543.7	6.2856	0.88156	1.1618	830.68	-0.055030	6.7879e-05	0.10314	supercritical
1461.4	806.00	181.21	0.0055185	1100.1	1544.9	6.2864	0.88164	1.1618	830.88	-0.055046	6.7904e-05	0.10318	supercritical
1462.4	806.00	181.10	0.0055218	1101.0	1546.0	6.2872	0.88172	1.1619	831.08	-0.055062	6.7929e-05	0.10323	supercritical
1463.4	806.00	180.99	0.0055252	1101.9	1547.2	6.2880	0.88180	1.1619	831.27	-0.055077	6.7954e-05	0.10328	supercritical
1464.4	806.00	180.88	0.0055285	1102.8	1548.4	6.2888	0.88188	1.1620	831.47	-0.055093	6.7979e-05	0.10332	supercritical
1465.4	806.00	180.77	0.0055318	1103.7	1549.5	6.2896	0.88196	1.1621	831.66	-0.055109	6.8003e-05	0.10337	supercritical
1466.4	806.00	180.66	0.0055352	1104.6	1550.7	6.2904	0.88203	1.1621	831.86	-0.055125	6.8028e-05	0.10342	supercritical
1467.4	806.00	180.55	0.0055385	1105.5	1551.9	6.2912	0.88211	1.1622	832.06	-0.055140	6.8053e-05	0.10346	supercritical
1468.4	806.00	180.45	0.0055418	1106.3	1553.0	6.2920	0.88219	1.1622	832.25	-0.055156	6.8078e-05	0.10351	supercritical
1469.4	806.00	180.34	0.0055452	1107.2	1554.2	6.2928	0.88227	1.1623	832.45	-0.055172	6.8103e-05	0.10355	supercritical
1470.4	806.00	180.23	0.0055485	1108.1	1555.3	6.2936	0.88235	1.1623	832.65	-0.055187	6.8128e-05	0.10360	supercritical
1471.4	806.00	180.12	0.0055519	1109.0	1556.5	6.2944	0.88243	1.1624	832.84	-0.055203	6.8152e-05	0.10365	supercritical
1472.4	806.00	180.01	0.0055552	1109.9	1557.7	6.2951	0.88251	1.1624	833.04	-0.055219	6.8177e-05	0.10369	supercritical
1473.4	806.00	179.90	0.0055585	1110.8	1558.8	6.2959	0.88259	1.1625	833.23	-0.055234	6.8202e-05	0.10374	supercritical
1474.4	806.00	179.80	0.0055619	1111.7	1560.0	6.2967	0.88267	1.1625	833.43	-0.055250	6.8227e-05	0.10379	supercritical
1475.4	806.00	179.69	0.0055652	1112.6	1561.2	6.2975	0.88274	1.1626	833.63	-0.055265	6.8252e-05	0.10383	supercritical
1476.4	806.00	179.58	0.0055685	1113.5	1562.3	6.2983	0.88282	1.1626	833.82	-0.055281	6.8277e-05	0.10388	supercritical
1477.4	806.00	179.47	0.0055719	1114.4	1563.5	6.2991	0.88290	1.1627	834.02	-0.055296	6.8301e-05	0.10393	supercritical
1478.4	806.00	179.37	0.0055752	1115.3	1564.6	6.2999	0.88298	1.1627	834.21	-0.055312	6.8326e-05	0.10397	supercritical
1479.4	806.00	179.26	0.0055786	1116.2	1565.8	6.3007	0.88306	1.1628	834.41	-0.055327	6.8351e-05	0.10402	supercritical
1480.4	806.00	179.15	0.0055819	1117.1	1567.0	6.3014	0.88314	1.1628	834.60	-0.055343	6.8376e-05	0.10407	supercritical
1481.4	806.00	179.04	0.0055852	1118.0	1568.1	6.3022	0.88322	1.1629	834.80	-0.055358	6.8401e-05	0.10411	supercritical
1482.4	806.00	178.94	0.0055886	1118.9	1569.3	6.3030	0.88329	1.1629	834.99	-0.055373	6.8426e-05	0.10416	supercritical
1483.4	806.00	178.83	0.0055919	1119.8	1570.5	6.3038	0.88337	1.1630	835.19	-0.055389	6.8450e-05	0.10421	supercritical
1484.4	806.00	178.72	0.0055952	1120.6	1571.6	6.3046	0.88345	1.1631	835.39	-0.055404	6.8475e-05	0.10425	supercritical
1485.4	806.00	178.62	0.0055986	1121.5	1572.8	6.3054	0.88353	1.1631	835.58	-0.055419	6.8500e-05	0.10430	supercritical
1486.4	806.00	178.51	0.0056019	1122.4	1574.0	6.3061	0.88361	1.1632	835.78	-0.055435	6.8525e-05	0.10434	supercritical
1487.4	806.00	178.40	0.0056052	1123.3	1575.1	6.3069	0.88369	1.1632	835.97	-0.055450	6.8550e-05	0.10439	supercritical
1488.4	806.00	178.30	0.0056086	1124.2	1576.3	6.3077	0.88376	1.1633	836.17	-0.055465	6.8574e-05	0.10444	supercritical
1489.4	806.00	178.19	0.0056119	1125.1	1577.4	6.3085	0.88384	1.1633	836.36	-0.055480	6.8599e-05	0.10448	supercritical
1490.4	806.00	178.09	0.0056152	1126.0	1578.6	6.3093	0.88392	1.1634	836.56	-0.055496	6.8624e-05	0.10453	supercritical
1491.4	806.00	177.98	0.0056186	1126.9	1579.8	6.3101	0.88400	1.1634	836.75	-0.055511	6.8649e-05	0.10458	supercritical
1492.4	806.00	177.88	0.0056219	1127.8	1580.9	6.3108	0.88408	1.1635	836.95	-0.055526	6.8673e-05	0.10462	supercritical
1493.4	806.00	177.77	0.0056252	1128.7	1582.1	6.3116	0.88415	1.1635	837.14	-0.055541	6.8698e-05	0.10467	supercritical
1494.4	806.00	177.66	0.0056286	1129.6	1583.3	6.3124	0.88423	1.1636	837.34	-0.055556	6.8723e-05	0.10472	supercritical
1495.4	806.00	177.56	0.0056319	1130.5	1584.4	6.3132	0.88431	1.1636	837.53	-0.055571	6.8748e-05	0.10476	supercritical
1496.4	806.00	177.45	0.0056352	1131.4	1585.6	6.3139	0.88439	1.1637	837.73	-0.055586	6.8773e-05	0.10481	supercritical
1497.4	806.00	177.35	0.0056386	1132.3	1586.7	6.3147	0.88447	1.1637	837.92	-0.055602	6.8797e-05	0.10486	supercritical
1498.4	806.00	177.24	0.0056419	1133.2	1587.9	6.3155	0.88454	1.1638	838.12	-0.055617	6.8822e-05	0.10490	supercritical
1499.4	806.00	177.14	0.0056452	1134.1	1589.1	6.3163	0.88462	1.1638	838.31	-0.055632	6.8847e-05	0.10495	supercritical
1500.4	806.00	177.04	0.0056486	1135.0	1590.2	6.3171	0.88470	1.1639	838.51	-0.055647	6.8872e-05	0.10499	supercritical
1501.4	806.00	176.93	0.0056519	1135.9	1591.4	6.3178	0.88478	1.1640	838.70	-0.055662	6.8896e-05	0.10504	supercritical
1502.4	806.00	176.83	0.0056552	1136.8	1592.6	6.3186	0.88486	1.1640	838.90	-0.055677	6.8921e-05	0.10509	supercritical
1503.4	806.00	176.72	0.0056586	1137.7	1593.7	6.3194	0.88493	1.1641	839.09	-0.055692	6.8946e-05	0.10513	supercritical
1504.4	806.00	176.62	0.0056619	1138.5	1594.9	6.3202	0.88501	1.1641	839.28	-0.055706	6.8971e-05	0.10518	supercritical
1505.4	806.00	176.51	0.0056652	1139.4	1596.1	6.3209	0.88509	1.1642	839.48	-0.055721	6.8995e-05	0.10523	supercritical
1506.4	806.00	176.41	0.0056686	1140.3	1597.2	6.3217	0.88517	1.1642	839.67	-0.055736	6.9020e-05	0.10527	supercritical
1507.4	806.00	176.31	0.0056719	1141.2	1598.4	6.3225	0.88524	1.1643	839.87	-0.055751	6.9045e-05	0.10532	supercritical
1508.4	806.00	176.20	0.0056752	1142.1	1599.6	6.3232	0.88532	1.1643	840.06	-0.055766	6.9070e-05	0.10537	supercritical
1509.4	806.00	176.10	0.0056786	1143.0	1600.7	6.3240	0.88540	1.1644	840.26	-0.055781	6.9094e-05	0.10541	supercritical
1510.4	806.00	176.00	0.0056819	1143.9	1601.9	6.3248	0.88548	1.1644	840.45	-0.055796	6.9119e-05	0.10546	supercritical
1511.4	806.00	175.89	0.0056852	1144.8	1603.0	6.3256	0.88555	1.1645	840.64	-0.055810	6.9144e-05	0.10551	supercritical
1512.4	806.00	175.79	0.0056886	1145.7	1604.2	6.3263	0.88563	1.1645	840.84	-0.055825	6.9169e-05	0.10555	supercritical
1513.4	806.00	175.69	0.0056919	1146.6	1605.4	6.3271	0.88571	1.1646	841.03	-0.055840	6.9193e-05	0.10560	supercritical
1514.4	806.00	175.59	0.0056952	1147.5	1606.5	6.3279	0.88579	1.1646	841.23	-0.055855	6.9218e-05	0.10565	supercritical
1515.4	806.00	175.48	0.0056986	1148.4	1607.7	6.3286	0.88586	1.1647	841.42	-0.055869	6.9243e-05	0.10569	supercritical
1516.4	806.00	175.38	0.0057019	1149.3	1608.9	6.3294	0.88594	1.1647	841.61	-0.055884	6.9268e-05	0.10574	supercritical
1517.4	806.00	175.28	0.0057052	1150.2	1610.0	6.3302	0.88602	1.1648	841.81	-0.055899	6.9292e-05	0.10578	supercritical
1518.4	806.00	175.18	0.0057086	1151.1	1611.2	6.3309	0.88609	1.1649	842.00	-0.055913	6.9317e-05	0.10583	supercritical
1519.4	806.00	175.07	0.0057119	1152.0	1612.4	6.3317	0.88617	1.1649	842.19	-0.055928	6.9342e-05	0.10588	supercritical
1520.4	806.00	174.97	0.0057152	1152.9	1613.5	6.3325	0.88625	1.1650	842.39	-0.055943	6.9366e-05	0.10592	supercritical
1521.4	806.00	174.87	0.0057185	1153.8	1614.7	6.3332	0.88633	1.1650	842.58	-0.055957	6.9391e-05	0.10597	supercritical
1522.4	806.00	174.77	0.0057219	1154.7	1615.9	6.3340	0.88640	1.1651	842.78	-0.055972	6.9416e-05	0.10602	supercritical
1523.4	806.00	174.67	0.0057252	1155.6	1617.0	6.3348	0.88648	1.1651	842.97	-0.055986	6.9441e-05	0.10606	supercritical
1524.4	806.00	174.56	0.0057285	1156.5	1618.2	6.3355	0.88656	1.1652	843.16	-0.056001	6.9465e-05	0.10611	supercritical
1525.4	806.00	174.46	0.0057319	1157.4	1619.4	6.3363	0.88663	1.1652	843.36	-0.056015	6.9490e-05	0.10616	supercritical
1526.4	806.00	174.36	0.0057352	1158.3	1620.5	6.3371	0.88671	1.1653	843.55	-0.056030	6.9515e-05	0.10620	supercritical
1527.4	806.00	174.26	0.0057385	1159.2	1621.7	6.3378	0.88679	1.1653	843.74	-0.056044	6.9539e-05	0.10625	supercritical
1528.4	806.00	174.16	0.0057419	1160.1	1622.9	6.3386	0.88686	1.1654	843.94	-0.056059	6.9564e-05	0.10630	supercritical
1529.4	806.00	174.06	0.0057452	1161.0	1624.0	6.3394	0.88694	1.1654	844.13	-0.056073	6.9589e-05	0.10634	supercritical
1530.4	806.00	173.96	0.0057485	1161.9	1625.2	6.3401	0.88702	1.1655	844.32	-0.056088	6.9613e-05	0.10639	supercritical
1531.4	806.00	173.86	0.0057518	1162.7	1626.3	6.3409	0.88709	1.1655	844.52	-0.056102	6.9638e-05	0.10644	supercritical
1532.4	806.00	173.76	0.0057552	1163.6	1627.5	6.3416	0.88717	1.1656	844.71	-0.056116	6.9663e-05	0.10648	supercritical
1533.4	806.00	173.66	0.0057585	1164.5	1628.7	6.3424	0.88725	1.1657	844.90	-0.056131	6.9688e-05	0.10653	supercritical
1534.4	806.00	173.56	0.0057618	1165.4	1629.8	6.3432	0.88732	1.1657	845.10	-0.056145	6.9712e-05	0.10657	supercritical
1535.4	806.00	173.46	0.0057652	1166.3	1631.0	6.3439	0.88740	1.1658	845.29	-0.056159	6.9737e-05	0.10662	supercritical
1536.4	806.00	173.36	0.0057685	1167.2	1632.2	6.3447	0.88748	1.1658	845.48	-0.056174	6.9762e-05	0.10667	supercritical
1537.4	806.00	173.26	0.0057718	1168.1	1633.3	6.3454	0.88755	1.1659	845.67	-0.056188	6.9786e-05	0.10671	supercritical
1538.4	806.00	173.16	0.0057751	1169.0	1634.5	6.3462	0.88763	1.1659	845.87	-0.056202	6.9811e-05	0.10676	supercritical
1539.4	806.00	173.06	0.0057785	1169.9	1635.7	6.3470	0.88771	1.1660	846.06	-0.056216	6.9836e-05	0.10681	supercritical
1540.4	806.00	172.96	0.0057818	1170.8	1636.8	6.3477	0.88778	1.1660	846.25	-0.056230	6.9860e-05	0.10685	supercritical
1541.4	806.00	172.86	0.0057851	1171.7	1638.0	6.3485	0.88786	1.1661	846.44	-0.056245	6.9885e-05	0.10690	supercritical
1542.4	806.00	172.76	0.0057885	1172.6	1639.2	6.3492	0.88794	1.1661	846.64	-0.056259	6.9910e-05	0.10695	supercritical
1543.4	806.00	172.66	0.0057918	1173.5	1640.3	6.3500	0.88801	1.1662	846.83	-0.056273	6.9934e-05	0.10699	supercritical
1544.4	806.00	172.56	0.0057951	1174.4	1641.5	6.3507	0.88809	1.1662	847.02	-0.056287	6.9959e-05	0.10704	supercritical
1545.4	806.00	172.46	0.0057984	1175.3	1642.7	6.3515	0.88817	1.1663	847.22	-0.056301	6.9984e-05	0.10709	supercritical
1546.4	806.00	172.36	0.0058018	1176.2	1643.8	6.3522	0.88824	1.1664	847.41	-0.056315	7.0008e-05	0.10713	supercritical
1547.4	806.00	172.26	0.0058051	1177.1	1645.0	6.3530	0.88832	1.1664	847.60	-0.056329	7.0033e-05	0.10718	supercritical
1548.4	806.00	172.16	0.0058084	1178.0	1646.2	6.3537	0.88839	1.1665	847.79	-0.056343	7.0058e-05	0.10722	supercritical
1549.4	806.00	172.07	0.0058117	1178.9	1647.3	6.3545	0.88847	1.1665	847.98	-0.056358	7.0082e-05	0.10727	supercritical
1550.4	806.00	171.97	0.0058151	1179.8	1648.5	6.3553	0.88855	1.1666	848.18	-0.056372	7.0107e-05	0.10732	supercritical
1551.4	806.00	171.87	0.0058184	1180.7	1649.7	6.3560	0.88862	1.1666	848.37	-0.056386	7.0131e-05	0.10736	supercritical
1552.4	806.00	171.77	0.0058217	1181.6	1650.8	6.3568	0.88870	1.1667	848.56	-0.056400	7.0156e-05	0.10741	supercritical
1553.4	806.00	171.67	0.0058250	1182.5	1652.0	6.3575	0.88877	1.1667	848.75	-0.056413	7.0181e-05	0.10746	supercritical
1554.4	806.00	171.57	0.0058284	1183.4	1653.2	6.3583	0.88885	1.1668	848.95	-0.056427	7.0205e-05	0.10750	supercritical
1555.4	806.00	171.48	0.0058317	1184.3	1654.3	6.3590	0.88893	1.1668	849.14	-0.056441	7.0230e-05	0.10755	supercritical
1556.4	806.00	171.38	0.0058350	1185.2	1655.5	6.3598	0.88900	1.1669	849.33	-0.056455	7.0255e-05	0.10760	supercritical
1557.4	806.00	171.28	0.0058384	1186.1	1656.7	6.3605	0.88908	1.1669	849.52	-0.056469	7.0279e-05	0.10764	supercritical
1558.4	806.00	171.18	0.0058417	1187.0	1657.8	6.3613	0.88915	1.1670	849.71	-0.056483	7.0304e-05	0.10769	supercritical
1559.4	806.00	171.09	0.0058450	1187.9	1659.0	6.3620	0.88923	1.1670	849.90	-0.056497	7.0329e-05	0.10774	supercritical
1560.4	806.00	170.99	0.0058483	1188.8	1660.2	6.3628	0.88931	1.1671	850.10	-0.056511	7.0353e-05	0.10778	supercritical
1561.4	806.00	170.89	0.0058517	1189.7	1661.3	6.3635	0.88938	1.1672	850.29	-0.056524	7.0378e-05	0.10783	supercritical
1562.4	806.00	170.79	0.0058550	1190.6	1662.5	6.3643	0.88946	1.1672	850.48	-0.056538	7.0402e-05	0.10788	supercritical
1563.4	806.00	170.70	0.0058583	1191.5	1663.7	6.3650	0.88953	1.1673	850.67	-0.056552	7.0427e-05	0.10792	supercritical
1564.4	806.00	170.60	0.0058616	1192.4	1664.8	6.3657	0.88961	1.1673	850.86	-0.056566	7.0452e-05	0.10797	supercritical
1565.4	806.00	170.50	0.0058650	1193.3	1666.0	6.3665	0.88969	1.1674	851.05	-0.056580	7.0476e-05	0.10801	supercritical
1566.4	806.00	170.41	0.0058683	1194.2	1667.2	6.3672	0.88976	1.1674	851.25	-0.056593	7.0501e-05	0.10806	supercritical
1567.4	806.00	170.31	0.0058716	1195.1	1668.3	6.3680	0.88984	1.1675	851.44	-0.056607	7.0525e-05	0.10811	supercritical
1568.4	806.00	170.21	0.0058749	1196.0	1669.5	6.3687	0.88991	1.1675	851.63	-0.056621	7.0550e-05	0.10815	supercritical
1569.4	806.00	170.12	0.0058783	1196.9	1670.7	6.3695	0.88999	1.1676	851.82	-0.056634	7.0575e-05	0.10820	supercritical
1570.4	806.00	170.02	0.0058816	1197.8	1671.8	6.3702	0.89006	1.1676	852.01	-0.056648	7.0599e-05	0.10825	supercritical
1571.4	806.00	169.93	0.0058849	1198.7	1673.0	6.3710	0.89014	1.1677	852.20	-0.056662	7.0624e-05	0.10829	supercritical
1572.4	806.00	169.83	0.0058882	1199.6	1674.2	6.3717	0.89022	1.1677	852.39	-0.056675	7.0648e-05	0.10834	supercritical
1573.4	806.00	169.73	0.0058915	1200.5	1675.3	6.3724	0.89029	1.1678	852.59	-0.056689	7.0673e-05	0.10839	supercritical
1574.4	806.00	169.64	0.0058949	1201.4	1676.5	6.3732	0.89037	1.1679	852.78	-0.056702	7.0698e-05	0.10843	supercritical
1575.4	806.00	169.54	0.0058982	1202.3	1677.7	6.3739	0.89044	1.1679	852.97	-0.056716	7.0722e-05	0.10848	supercritical
1576.4	806.00	169.45	0.0059015	1203.2	1678.9	6.3747	0.89052	1.1680	853.16	-0.056729	7.0747e-05	0.10853	supercritical
1577.4	806.00	169.35	0.0059048	1204.1	1680.0	6.3754	0.89059	1.1680	853.35	-0.056743	7.0771e-05	0.10857	supercritical
1578.4	806.00	169.26	0.0059082	1205.0	1681.2	6.3761	0.89067	1.1681	853.54	-0.056756	7.0796e-05	0.10862	supercritical
1579.4	806.00	169.16	0.0059115	1205.9	1682.4	6.3769	0.89074	1.1681	853.73	-0.056770	7.0821e-05	0.10867	supercritical
1580.4	806.00	169.07	0.0059148	1206.8	1683.5	6.3776	0.89082	1.1682	853.92	-0.056783	7.0845e-05	0.10871	supercritical
1581.4	806.00	168.97	0.0059181	1207.7	1684.7	6.3784	0.89089	1.1682	854.11	-0.056797	7.0870e-05	0.10876	supercritical
1582.4	806.00	168.88	0.0059215	1208.6	1685.9	6.3791	0.89097	1.1683	854.30	-0.056810	7.0894e-05	0.10880	supercritical
1583.4	806.00	168.78	0.0059248	1209.5	1687.0	6.3798	0.89104	1.1683	854.49	-0.056824	7.0919e-05	0.10885	supercritical
1584.4	806.00	168.69	0.0059281	1210.4	1688.2	6.3806	0.89112	1.1684	854.69	-0.056837	7.0943e-05	0.10890	supercritical
1585.4	806.00	168.59	0.0059314	1211.3	1689.4	6.3813	0.89120	1.1684	854.88	-0.056850	7.0968e-05	0.10894	supercritical
1586.4	806.00	168.50	0.0059347	1212.2	1690.5	6.3821	0.89127	1.1685	855.07	-0.056864	7.0992e-05	0.10899	supercritical
1587.4	806.00	168.40	0.0059381	1213.1	1691.7	6.3828	0.89135	1.1686	855.26	-0.056877	7.1017e-05	0.10904	supercritical
1588.4	806.00	168.31	0.0059414	1214.0	1692.9	6.3835	0.89142	1.1686	855.45	-0.056890	7.1042e-05	0.10908	supercritical
1589.4	806.00	168.22	0.0059447	1214.9	1694.0	6.3843	0.89150	1.1687	855.64	-0.056904	7.1066e-05	0.10913	supercritical
1590.4	806.00	168.12	0.0059480	1215.8	1695.2	6.3850	0.89157	1.1687	855.83	-0.056917	7.1091e-05	0.10918	supercritical
1591.4	806.00	168.03	0.0059514	1216.7	1696.4	6.3857	0.89165	1.1688	856.02	-0.056930	7.1115e-05	0.10922	supercritical
1592.4	806.00	167.94	0.0059547	1217.6	1697.5	6.3865	0.89172	1.1688	856.21	-0.056943	7.1140e-05	0.10927	supercritical
1593.4	806.00	167.84	0.0059580	1218.5	1698.7	6.3872	0.89180	1.1689	856.40	-0.056957	7.1164e-05	0.10932	supercritical
1594.4	806.00	167.75	0.0059613	1219.4	1699.9	6.3879	0.89187	1.1689	856.59	-0.056970	7.1189e-05	0.10936	supercritical
1595.4	806.00	167.65	0.0059646	1220.3	1701.1	6.3887	0.89195	1.1690	856.78	-0.056983	7.1213e-05	0.10941	supercritical
1596.4	806.00	167.56	0.0059680	1221.2	1702.2	6.3894	0.89202	1.1690	856.97	-0.056996	7.1238e-05	0.10945	supercritical
1597.4	806.00	167.47	0.0059713	1222.1	1703.4	6.3901	0.89210	1.1691	857.16	-0.057009	7.1263e-05	0.10950	supercritical
1598.4	806.00	167.38	0.0059746	1223.0	1704.6	6.3909	0.89217	1.1692	857.35	-0.057022	7.1287e-05	0.10955	supercritical
1599.4	806.00	167.28	0.0059779	1223.9	1705.7	6.3916	0.89225	1.1692	857.54	-0.057035	7.1312e-05	0.10959	supercritical
1600.4	806.00	167.19	0.0059812	1224.8	1706.9	6.3923	0.89232	1.1693	857.73	-0.057049	7.1336e-05	0.10964	supercritical
1601.4	806.00	167.10	0.0059846	1225.7	1708.1	6.3931	0.89240	1.1693	857.92	-0.057062	7.1361e-05	0.10969	supercritical
1602.4	806.00	167.00	0.0059879	1226.6	1709.2	6.3938	0.89247	1.1694	858.11	-0.057075	7.1385e-05	0.10973	supercritical
1603.4	806.00	166.91	0.0059912	1227.5	1710.4	6.3945	0.89255	1.1694	858.30	-0.057088	7.1410e-05	0.10978	supercritical
1604.4	806.00	166.82	0.0059945	1228.4	1711.6	6.3952	0.89262	1.1695	858.49	-0.057101	7.1434e-05	0.10983	supercritical
1605.4	806.00	166.73	0.0059979	1229.3	1712.7	6.3960	0.89269	1.1695	858.68	-0.057114	7.1459e-05	0.10987	supercritical
1606.4	806.00	166.63	0.0060012	1230.2	1713.9	6.3967	0.89277	1.1696	858.87	-0.057127	7.1483e-05	0.10992	supercritical
1607.4	806.00	166.54	0.0060045	1231.1	1715.1	6.3974	0.89284	1.1696	859.06	-0.057140	7.1508e-05	0.10997	supercritical
1608.4	806.00	166.45	0.0060078	1232.0	1716.3	6.3982	0.89292	1.1697	859.25	-0.057153	7.1532e-05	0.11001	supercritical
1609.4	806.00	166.36	0.0060111	1232.9	1717.4	6.3989	0.89299	1.1697	859.44	-0.057166	7.1557e-05	0.11006	supercritical
1610.4	806.00	166.27	0.0060144	1233.8	1718.6	6.3996	0.89307	1.1698	859.63	-0.057179	7.1581e-05	0.11011	supercritical
1611.4	806.00	166.17	0.0060178	1234.7	1719.8	6.4003	0.89314	1.1699	859.81	-0.057191	7.1606e-05	0.11015	supercritical
1612.4	806.00	166.08	0.0060211	1235.6	1720.9	6.4011	0.89322	1.1699	860.00	-0.057204	7.1630e-05	0.11020	supercritical
1613.4	806.00	165.99	0.0060244	1236.5	1722.1	6.4018	0.89329	1.1700	860.19	-0.057217	7.1655e-05	0.11024	supercritical
1614.4	806.00	165.90	0.0060277	1237.4	1723.3	6.4025	0.89337	1.1700	860.38	-0.057230	7.1679e-05	0.11029	supercritical
1615.4	806.00	165.81	0.0060310	1238.3	1724.4	6.4032	0.89344	1.1701	860.57	-0.057243	7.1704e-05	0.11034	supercritical
1616.4	806.00	165.72	0.0060344	1239.2	1725.6	6.4040	0.89352	1.1701	860.76	-0.057256	7.1728e-05	0.11038	supercritical
1617.4	806.00	165.63	0.0060377	1240.1	1726.8	6.4047	0.89359	1.1702	860.95	-0.057268	7.1753e-05	0.11043	supercritical
1618.4	806.00	165.54	0.0060410	1241.0	1728.0	6.4054	0.89366	1.1702	861.14	-0.057281	7.1777e-05	0.11048	supercritical
1619.4	806.00	165.44	0.0060443	1242.0	1729.1	6.4061	0.89374	1.1703	861.33	-0.057294	7.1802e-05	0.11052	supercritical
1620.4	806.00	165.35	0.0060476	1242.9	1730.3	6.4069	0.89381	1.1703	861.52	-0.057307	7.1826e-05	0.11057	supercritical
1621.4	806.00	165.26	0.0060510	1243.8	1731.5	6.4076	0.89389	1.1704	861.71	-0.057319	7.1851e-05	0.11062	supercritical
1622.4	806.00	165.17	0.0060543	1244.7	1732.6	6.4083	0.89396	1.1705	861.89	-0.057332	7.1875e-05	0.11066	supercritical
1623.4	806.00	165.08	0.0060576	1245.6	1733.8	6.4090	0.89404	1.1705	862.08	-0.057345	7.1900e-05	0.11071	supercritical
1624.4	806.00	164.99	0.0060609	1246.5	1735.0	6.4097	0.89411	1.1706	862.27	-0.057357	7.1924e-05	0.11076	supercritical
1625.4	806.00	164.90	0.0060642	1247.4	1736.1	6.4105	0.89419	1.1706	862.46	-0.057370	7.1949e-05	0.11080	supercritical
1626.4	806.00	164.81	0.0060675	1248.3	1737.3	6.4112	0.89426	1.1707	862.65	-0.057383	7.1973e-05	0.11085	supercritical
1627.4	806.00	164.72	0.0060709	1249.2	1738.5	6.4119	0.89433	1.1707	862.84	-0.057395	7.1997e-05	0.11089	supercritical
1628.4	806.00	164.63	0.0060742	1250.1	1739.7	6.4126	0.89441	1.1708	863.03	-0.057408	7.2022e-05	0.11094	supercritical
1629.4	806.00	164.54	0.0060775	1251.0	1740.8	6.4133	0.89448	1.1708	863.22	-0.057421	7.2046e-05	0.11099	supercritical
1630.4	806.00	164.45	0.0060808	1251.9	1742.0	6.4141	0.89456	1.1709	863.40	-0.057433	7.2071e-05	0.11103	supercritical
1631.4	806.00	164.36	0.0060841	1252.8	1743.2	6.4148	0.89463	1.1709	863.59	-0.057446	7.2095e-05	0.11108	supercritical
1632.4	806.00	164.27	0.0060875	1253.7	1744.3	6.4155	0.89470	1.1710	863.78	-0.057458	7.2120e-05	0.11113	supercritical
1633.4	806.00	164.18	0.0060908	1254.6	1745.5	6.4162	0.89478	1.1711	863.97	-0.057471	7.2144e-05	0.11117	supercritical
1634.4	806.00	164.09	0.0060941	1255.5	1746.7	6.4169	0.89485	1.1711	864.16	-0.057483	7.2169e-05	0.11122	supercritical
1635.4	806.00	164.00	0.0060974	1256.4	1747.9	6.4176	0.89493	1.1712	864.35	-0.057496	7.2193e-05	0.11127	supercritical
1636.4	806.00	163.92	0.0061007	1257.3	1749.0	6.4184	0.89500	1.1712	864.53	-0.057508	7.2218e-05	0.11131	supercritical
1637.4	806.00	163.83	0.0061040	1258.2	1750.2	6.4191	0.89508	1.1713	864.72	-0.057521	7.2242e-05	0.11136	supercritical
1638.4	806.00	163.74	0.0061074	1259.1	1751.4	6.4198	0.89515	1.1713	864.91	-0.057533	7.2266e-05	0.11141	supercritical
1639.4	806.00	163.65	0.0061107	1260.0	1752.5	6.4205	0.89522	1.1714	865.10	-0.057545	7.2291e-05	0.11145	supercritical
1640.4	806.00	163.56	0.0061140	1260.9	1753.7	6.4212	0.89530	1.1714	865.29	-0.057558	7.2315e-05	0.11150	supercritical
1641.4	806.00	163.47	0.0061173	1261.8	1754.9	6.4219	0.89537	1.1715	865.47	-0.057570	7.2340e-05	0.11154	supercritical
1642.4	806.00	163.38	0.0061206	1262.7	1756.1	6.4226	0.89545	1.1715	865.66	-0.057583	7.2364e-05	0.11159	supercritical
1643.4	806.00	163.29	0.0061239	1263.6	1757.2	6.4234	0.89552	1.1716	865.85	-0.057595	7.2389e-05	0.11164	supercritical
1644.4	806.00	163.21	0.0061272	1264.5	1758.4	6.4241	0.89559	1.1717	866.04	-0.057607	7.2413e-05	0.11168	supercritical
1645.4	806.00	163.12	0.0061306	1265.4	1759.6	6.4248	0.89567	1.1717	866.23	-0.057620	7.2437e-05	0.11173	supercritical
1646.4	806.00	163.03	0.0061339	1266.3	1760.7	6.4255	0.89574	1.1718	866.41	-0.057632	7.2462e-05	0.11178	supercritical
1647.4	806.00	162.94	0.0061372	1267.3	1761.9	6.4262	0.89582	1.1718	866.60	-0.057644	7.2486e-05	0.11182	supercritical
1648.4	806.00	162.85	0.0061405	1268.2	1763.1	6.4269	0.89589	1.1719	866.79	-0.057656	7.2511e-05	0.11187	supercritical
1649.4	806.00	162.77	0.0061438	1269.1	1764.3	6.4276	0.89596	1.1719	866.98	-0.057669	7.2535e-05	0.11192	supercritical
1650.4	806.00	162.68	0.0061471	1270.0	1765.4	6.4283	0.89604	1.1720	867.16	-0.057681	7.2560e-05	0.11196	supercritical
1651.4	806.00	162.59	0.0061505	1270.9	1766.6	6.4290	0.89611	1.1720	867.35	-0.057693	7.2584e-05	0.11201	supercritical
1652.4	806.00	162.50	0.0061538	1271.8	1767.8	6.4298	0.89618	1.1721	867.54	-0.057705	7.2608e-05	0.11206	supercritical
1653.4	806.00	162.41	0.0061571	1272.7	1768.9	6.4305	0.89626	1.1722	867.73	-0.057717	7.2633e-05	0.11210	supercritical
1654.4	806.00	162.33	0.0061604	1273.6	1770.1	6.4312	0.89633	1.1722	867.91	-0.057730	7.2657e-05	0.11215	supercritical
1655.4	806.00	162.24	0.0061637	1274.5	1771.3	6.4319	0.89641	1.1723	868.10	-0.057742	7.2682e-05	0.11219	supercritical
1656.4	806.00	162.15	0.0061670	1275.4	1772.5	6.4326	0.89648	1.1723	868.29	-0.057754	7.2706e-05	0.11224	supercritical
1657.4	806.00	162.07	0.0061703	1276.3	1773.6	6.4333	0.89655	1.1724	868.48	-0.057766	7.2730e-05	0.11229	supercritical
1658.4	806.00	161.98	0.0061737	1277.2	1774.8	6.4340	0.89663	1.1724	868.66	-0.057778	7.2755e-05	0.11233	supercritical
1659.4	806.00	161.89	0.0061770	1278.1	1776.0	6.4347	0.89670	1.1725	868.85	-0.057790	7.2779e-05	0.11238	supercritical
1660.4	806.00	161.80	0.0061803	1279.0	1777.2	6.4354	0.89677	1.1725	869.04	-0.057802	7.2804e-05	0.11243	supercritical
1661.4	806.00	161.72	0.0061836	1279.9	1778.3	6.4361	0.89685	1.1726	869.22	-0.057814	7.2828e-05	0.11247	supercritical
1662.4	806.00	161.63	0.0061869	1280.8	1779.5	6.4368	0.89692	1.1726	869.41	-0.057826	7.2852e-05	0.11252	supercritical
1663.4	806.00	161.54	0.0061902	1281.7	1780.7	6.4375	0.89699	1.1727	869.60	-0.057838	7.2877e-05	0.11257	supercritical
1664.4	806.00	161.46	0.0061935	1282.6	1781.8	6.4382	0.89707	1.1728	869.79	-0.057850	7.2901e-05	0.11261	supercritical
1665.4	806.00	161.37	0.0061969	1283.5	1783.0	6.4389	0.89714	1.1728	869.97	-0.057862	7.2926e-05	0.11266	supercritical
1666.4	806.00	161.29	0.0062002	1284.5	1784.2	6.4397	0.89722	1.1729	870.16	-0.057874	7.2950e-05	0.11271	supercritical
1667.4	806.00	161.20	0.0062035	1285.4	1785.4	6.4404	0.89729	1.1729	870.35	-0.057886	7.2974e-05	0.11275	supercritical
1668.4	806.00	161.11	0.0062068	1286.3	1786.5	6.4411	0.89736	1.1730	870.53	-0.057898	7.2999e-05	0.11280	supercritical
1669.4	806.00	161.03	0.0062101	1287.2	1787.7	6.4418	0.89744	1.1730	870.72	-0.057910	7.3023e-05	0.11284	supercritical
1670.4	806.00	160.94	0.0062134	1288.1	1788.9	6.4425	0.89751	1.1731	870.91	-0.057922	7.3047e-05	0.11289	supercritical
1671.4	806.00	160.86	0.0062167	1289.0	1790.1	6.4432	0.89758	1.1731	871.09	-0.057934	7.3072e-05	0.11294	supercritical
1672.4	806.00	160.77	0.0062200	1289.9	1791.2	6.4439	0.89766	1.1732	871.28	-0.057946	7.3096e-05	0.11298	supercritical
1673.4	806.00	160.68	0.0062234	1290.8	1792.4	6.4446	0.89773	1.1733	871.47	-0.057958	7.3120e-05	0.11303	supercritical
1674.4	806.00	160.60	0.0062267	1291.7	1793.6	6.4453	0.89780	1.1733	871.65	-0.057969	7.3145e-05	0.11308	supercritical
1675.4	806.00	160.51	0.0062300	1292.6	1794.7	6.4460	0.89788	1.1734	871.84	-0.057981	7.3169e-05	0.11312	supercritical
1676.4	806.00	160.43	0.0062333	1293.5	1795.9	6.4467	0.89795	1.1734	872.03	-0.057993	7.3194e-05	0.11317	supercritical
1677.4	806.00	160.34	0.0062366	1294.4	1797.1	6.4474	0.89802	1.1735	872.21	-0.058005	7.3218e-05	0.11322	supercritical
1678.4	806.00	160.26	0.0062399	1295.3	1798.3	6.4481	0.89810	1.1735	872.40	-0.058016	7.3242e-05	0.11326	supercritical
1679.4	806.00	160.17	0.0062432	1296.2	1799.4	6.4488	0.89817	1.1736	872.58	-0.058028	7.3267e-05	0.11331	supercritical
1680.4	806.00	160.09	0.0062465	1297.1	1800.6	6.4495	0.89824	1.1736	872.77	-0.058040	7.3291e-05	0.11336	supercritical
1681.4	806.00	160.00	0.0062499	1298.0	1801.8	6.4502	0.89832	1.1737	872.96	-0.058052	7.3315e-05	0.11340	supercritical
1682.4	806.00	159.92	0.0062532	1299.0	1803.0	6.4509	0.89839	1.1738	873.14	-0.058063	7.3340e-05	0.11345	supercritical
1683.4	806.00	159.83	0.0062565	1299.9	1804.1	6.4516	0.89846	1.1738	873.33	-0.058075	7.3364e-05	0.11349	supercritical
1684.4	806.00	159.75	0.0062598	1300.8	1805.3	6.4523	0.89854	1.1739	873.52	-0.058087	7.3388e-05	0.11354	supercritical
1685.4	806.00	159.67	0.0062631	1301.7	1806.5	6.4530	0.89861	1.1739	873.70	-0.058098	7.3413e-05	0.11359	supercritical
1686.4	806.00	159.58	0.0062664	1302.6	1807.7	6.4537	0.89868	1.1740	873.89	-0.058110	7.3437e-05	0.11363	supercritical
1687.4	806.00	159.50	0.0062697	1303.5	1808.8	6.4543	0.89876	1.1740	874.07	-0.058122	7.3461e-05	0.11368	supercritical
1688.4	806.00	159.41	0.0062730	1304.4	1810.0	6.4550	0.89883	1.1741	874.26	-0.058133	7.3486e-05	0.11373	supercritical
1689.4	806.00	159.33	0.0062764	1305.3	1811.2	6.4557	0.89890	1.1741	874.45	-0.058145	7.3510e-05	0.11377	supercritical
1690.4	806.00	159.24	0.0062797	1306.2	1812.4	6.4564	0.89898	1.1742	874.63	-0.058156	7.3534e-05	0.11382	supercritical
1691.4	806.00	159.16	0.0062830	1307.1	1813.5	6.4571	0.89905	1.1743	874.82	-0.058168	7.3559e-05	0.11387	supercritical
1692.4	806.00	159.08	0.0062863	1308.0	1814.7	6.4578	0.89912	1.1743	875.00	-0.058180	7.3583e-05	0.11391	supercritical
1693.4	806.00	158.99	0.0062896	1308.9	1815.9	6.4585	0.89919	1.1744	875.19	-0.058191	7.3607e-05	0.11396	supercritical
1694.4	806.00	158.91	0.0062929	1309.8	1817.0	6.4592	0.89927	1.1744	875.37	-0.058203	7.3632e-05	0.11400	supercritical
1695.4	806.00	158.83	0.0062962	1310.7	1818.2	6.4599	0.89934	1.1745	875.56	-0.058214	7.3656e-05	0.11405	supercritical
1696.4	806.00	158.74	0.0062995	1311.7	1819.4	6.4606	0.89941	1.1745	875.74	-0.058226	7.3680e-05	0.11410	supercritical
1697.4	806.00	158.66	0.0063028	1312.6	1820.6	6.4613	0.89949	1.1746	875.93	-0.058237	7.3705e-05	0.11414	supercritical
1698.4	806.00	158.58	0.0063061	1313.5	1821.7	6.4620	0.89956	1.1746	876.12	-0.058248	7.3729e-05	0.11419	supercritical
1699.4	806.00	158.49	0.0063095	1314.4	1822.9	6.4627	0.89963	1.1747	876.30	-0.058260	7.3753e-05	0.11424	supercritical
1700.4	806.00	158.41	0.0063128	1315.3	1824.1	6.4634	0.89971	1.1748	876.49	-0.058271	7.3777e-05	0.11428	supercritical
1701.4	806.00	158.33	0.0063161	1316.2	1825.3	6.4641	0.89978	1.1748	876.67	-0.058283	7.3802e-05	0.11433	supercritical
1702.4	806.00	158.24	0.0063194	1317.1	1826.4	6.4647	0.89985	1.1749	876.86	-0.058294	7.3826e-05	0.11438	supercritical
1703.4	806.00	158.16	0.0063227	1318.0	1827.6	6.4654	0.89992	1.1749	877.04	-0.058305	7.3850e-05	0.11442	supercritical
1704.4	806.00	158.08	0.0063260	1318.9	1828.8	6.4661	0.90000	1.1750	877.23	-0.058317	7.3875e-05	0.11447	supercritical
1705.4	806.00	157.99	0.0063293	1319.8	1830.0	6.4668	0.90007	1.1750	877.41	-0.058328	7.3899e-05	0.11452	supercritical
1706.4	806.00	157.91	0.0063326	1320.7	1831.1	6.4675	0.90014	1.1751	877.60	-0.058339	7.3923e-05	0.11456	supercritical
1707.4	806.00	157.83	0.0063359	1321.6	1832.3	6.4682	0.90022	1.1751	877.78	-0.058351	7.3947e-05	0.11461	supercritical
1708.4	806.00	157.75	0.0063392	1322.6	1833.5	6.4689	0.90029	1.1752	877.97	-0.058362	7.3972e-05	0.11465	supercritical
1709.4	806.00	157.67	0.0063426	1323.5	1834.7	6.4696	0.90036	1.1753	878.15	-0.058373	7.3996e-05	0.11470	supercritical
1710.4	806.00	157.58	0.0063459	1324.4	1835.8	6.4703	0.90043	1.1753	878.34	-0.058385	7.4020e-05	0.11475	supercritical
1711.4	806.00	157.50	0.0063492	1325.3	1837.0	6.4709	0.90051	1.1754	878.52	-0.058396	7.4045e-05	0.11479	supercritical
1712.4	806.00	157.42	0.0063525	1326.2	1838.2	6.4716	0.90058	1.1754	878.71	-0.058407	7.4069e-05	0.11484	supercritical
1713.4	806.00	157.34	0.0063558	1327.1	1839.4	6.4723	0.90065	1.1755	878.89	-0.058418	7.4093e-05	0.11489	supercritical
1714.4	806.00	157.26	0.0063591	1328.0	1840.5	6.4730	0.90073	1.1755	879.08	-0.058430	7.4117e-05	0.11493	supercritical
1715.4	806.00	157.17	0.0063624	1328.9	1841.7	6.4737	0.90080	1.1756	879.26	-0.058441	7.4142e-05	0.11498	supercritical
1716.4	806.00	157.09	0.0063657	1329.8	1842.9	6.4744	0.90087	1.1756	879.45	-0.058452	7.4166e-05	0.11503	supercritical
1717.4	806.00	157.01	0.0063690	1330.7	1844.1	6.4751	0.90094	1.1757	879.63	-0.058463	7.4190e-05	0.11507	supercritical
1718.4	806.00	156.93	0.0063723	1331.6	1845.3	6.4757	0.90102	1.1758	879.81	-0.058474	7.4215e-05	0.11512	supercritical
1719.4	806.00	156.85	0.0063756	1332.6	1846.4	6.4764	0.90109	1.1758	880.00	-0.058485	7.4239e-05	0.11516	supercritical
1720.4	806.00	156.77	0.0063789	1333.5	1847.6	6.4771	0.90116	1.1759	880.18	-0.058496	7.4263e-05	0.11521	supercritical
1721.4	806.00	156.68	0.0063823	1334.4	1848.8	6.4778	0.90123	1.1759	880.37	-0.058507	7.4287e-05	0.11526	supercritical
1722.4	806.00	156.60	0.0063856	1335.3	1850.0	6.4785	0.90131	1.1760	880.55	-0.058519	7.4312e-05	0.11530	supercritical
1723.4	806.00	156.52	0.0063889	1336.2	1851.1	6.4792	0.90138	1.1760	880.74	-0.058530	7.4336e-05	0.11535	supercritical
1724.4	806.00	156.44	0.0063922	1337.1	1852.3	6.4798	0.90145	1.1761	880.92	-0.058541	7.4360e-05	0.11540	supercritical
1725.4	806.00	156.36	0.0063955	1338.0	1853.5	6.4805	0.90153	1.1761	881.10	-0.058552	7.4384e-05	0.11544	supercritical
1726.4	806.00	156.28	0.0063988	1338.9	1854.7	6.4812	0.90160	1.1762	881.29	-0.058563	7.4409e-05	0.11549	supercritical
1727.4	806.00	156.20	0.0064021	1339.8	1855.8	6.4819	0.90167	1.1763	881.47	-0.058574	7.4433e-05	0.11554	supercritical
1728.4	806.00	156.12	0.0064054	1340.7	1857.0	6.4826	0.90174	1.1763	881.66	-0.058585	7.4457e-05	0.11558	supercritical
1729.4	806.00	156.04	0.0064087	1341.6	1858.2	6.4832	0.90182	1.1764	881.84	-0.058596	7.4481e-05	0.11563	supercritical
1730.4	806.00	155.96	0.0064120	1342.6	1859.4	6.4839	0.90189	1.1764	882.03	-0.058607	7.4506e-05	0.11567	supercritical
1731.4	806.00	155.88	0.0064153	1343.5	1860.5	6.4846	0.90196	1.1765	882.21	-0.058618	7.4530e-05	0.11572	supercritical
1732.4	806.00	155.80	0.0064186	1344.4	1861.7	6.4853	0.90203	1.1765	882.39	-0.058628	7.4554e-05	0.11577	supercritical
1733.4	806.00	155.72	0.0064219	1345.3	1862.9	6.4860	0.90211	1.1766	882.58	-0.058639	7.4578e-05	0.11581	supercritical
1734.4	806.00	155.64	0.0064253	1346.2	1864.1	6.4866	0.90218	1.1767	882.76	-0.058650	7.4602e-05	0.11586	supercritical
1735.4	806.00	155.56	0.0064286	1347.1	1865.2	6.4873	0.90225	1.1767	882.94	-0.058661	7.4627e-05	0.11591	supercritical
1736.4	806.00	155.48	0.0064319	1348.0	1866.4	6.4880	0.90232	1.1768	883.13	-0.058672	7.4651e-05	0.11595	supercritical
1737.4	806.00	155.40	0.0064352	1348.9	1867.6	6.4887	0.90240	1.1768	883.31	-0.058683	7.4675e-05	0.11600	supercritical
1738.4	806.00	155.32	0.0064385	1349.8	1868.8	6.4893	0.90247	1.1769	883.50	-0.058694	7.4699e-05	0.11605	supercritical
1739.4	806.00	155.24	0.0064418	1350.7	1870.0	6.4900	0.90254	1.1769	883.68	-0.058705	7.4724e-05	0.11609	supercritical
1740.4	806.00	155.16	0.0064451	1351.7	1871.1	6.4907	0.90261	1.1770	883.86	-0.058715	7.4748e-05	0.11614	supercritical
1741.4	806.00	155.08	0.0064484	1352.6	1872.3	6.4914	0.90269	1.1770	884.05	-0.058726	7.4772e-05	0.11619	supercritical
1742.4	806.00	155.00	0.0064517	1353.5	1873.5	6.4921	0.90276	1.1771	884.23	-0.058737	7.4796e-05	0.11623	supercritical
1743.4	806.00	154.92	0.0064550	1354.4	1874.7	6.4927	0.90283	1.1772	884.41	-0.058748	7.4820e-05	0.11628	supercritical
1744.4	806.00	154.84	0.0064583	1355.3	1875.8	6.4934	0.90290	1.1772	884.60	-0.058758	7.4845e-05	0.11632	supercritical
1745.4	806.00	154.76	0.0064616	1356.2	1877.0	6.4941	0.90297	1.1773	884.78	-0.058769	7.4869e-05	0.11637	supercritical
1746.4	806.00	154.68	0.0064649	1357.1	1878.2	6.4948	0.90305	1.1773	884.96	-0.058780	7.4893e-05	0.11642	supercritical
1747.4	806.00	154.60	0.0064682	1358.0	1879.4	6.4954	0.90312	1.1774	885.15	-0.058791	7.4917e-05	0.11646	supercritical
1748.4	806.00	154.52	0.0064715	1358.9	1880.5	6.4961	0.90319	1.1774	885.33	-0.058801	7.4941e-05	0.11651	supercritical
1749.4	806.00	154.44	0.0064748	1359.9	1881.7	6.4968	0.90326	1.1775	885.51	-0.058812	7.4966e-05	0.11656	supercritical
1750.4	806.00	154.37	0.0064781	1360.8	1882.9	6.4974	0.90334	1.1776	885.70	-0.058823	7.4990e-05	0.11660	supercritical
1751.4	806.00	154.29	0.0064815	1361.7	1884.1	6.4981	0.90341	1.1776	885.88	-0.058833	7.5014e-05	0.11665	supercritical
1752.4	806.00	154.21	0.0064848	1362.6	1885.3	6.4988	0.90348	1.1777	886.06	-0.058844	7.5038e-05	0.11670	supercritical
1753.4	806.00	154.13	0.0064881	1363.5	1886.4	6.4995	0.90355	1.1777	886.25	-0.058855	7.5062e-05	0.11674	supercritical
1754.4	806.00	154.05	0.0064914	1364.4	1887.6	6.5001	0.90363	1.1778	886.43	-0.058865	7.5087e-05	0.11679	supercritical
1755.4	806.00	153.97	0.0064947	1365.3	1888.8	6.5008	0.90370	1.1778	886.61	-0.058876	7.5111e-05	0.11683	supercritical
1756.4	806.00	153.89	0.0064980	1366.2	1890.0	6.5015	0.90377	1.1779	886.79	-0.058886	7.5135e-05	0.11688	supercritical
1757.4	806.00	153.82	0.0065013	1367.1	1891.1	6.5021	0.90384	1.1779	886.98	-0.058897	7.5159e-05	0.11693	supercritical
1758.4	806.00	153.74	0.0065046	1368.1	1892.3	6.5028	0.90391	1.1780	887.16	-0.058907	7.5183e-05	0.11697	supercritical
1759.4	806.00	153.66	0.0065079	1369.0	1893.5	6.5035	0.90399	1.1781	887.34	-0.058918	7.5208e-05	0.11702	supercritical
1760.4	806.00	153.58	0.0065112	1369.9	1894.7	6.5042	0.90406	1.1781	887.53	-0.058928	7.5232e-05	0.11707	supercritical
1761.4	806.00	153.50	0.0065145	1370.8	1895.9	6.5048	0.90413	1.1782	887.71	-0.058939	7.5256e-05	0.11711	supercritical
1762.4	806.00	153.43	0.0065178	1371.7	1897.0	6.5055	0.90420	1.1782	887.89	-0.058949	7.5280e-05	0.11716	supercritical
1763.4	806.00	153.35	0.0065211	1372.6	1898.2	6.5062	0.90428	1.1783	888.07	-0.058960	7.5304e-05	0.11721	supercritical
1764.4	806.00	153.27	0.0065244	1373.5	1899.4	6.5068	0.90435	1.1783	888.26	-0.058970	7.5328e-05	0.11725	supercritical
1765.4	806.00	153.19	0.0065277	1374.4	1900.6	6.5075	0.90442	1.1784	888.44	-0.058981	7.5353e-05	0.11730	supercritical
1766.4	806.00	153.12	0.0065310	1375.4	1901.8	6.5082	0.90449	1.1785	888.62	-0.058991	7.5377e-05	0.11734	supercritical
1767.4	806.00	153.04	0.0065343	1376.3	1902.9	6.5088	0.90456	1.1785	888.80	-0.059002	7.5401e-05	0.11739	supercritical
1768.4	806.00	152.96	0.0065376	1377.2	1904.1	6.5095	0.90464	1.1786	888.99	-0.059012	7.5425e-05	0.11744	supercritical
1769.4	806.00	152.88	0.0065409	1378.1	1905.3	6.5102	0.90471	1.1786	889.17	-0.059022	7.5449e-05	0.11748	supercritical
1770.4	806.00	152.81	0.0065442	1379.0	1906.5	6.5108	0.90478	1.1787	889.35	-0.059033	7.5473e-05	0.11753	supercritical
1771.4	806.00	152.73	0.0065475	1379.9	1907.6	6.5115	0.90485	1.1787	889.53	-0.059043	7.5497e-05	0.11758	supercritical
1772.4	806.00	152.65	0.0065508	1380.8	1908.8	6.5122	0.90492	1.1788	889.71	-0.059053	7.5522e-05	0.11762	supercritical
1773.4	806.00	152.58	0.0065541	1381.7	1910.0	6.5128	0.90500	1.1788	889.90	-0.059064	7.5546e-05	0.11767	supercritical
1774.4	806.00	152.50	0.0065575	1382.7	1911.2	6.5135	0.90507	1.1789	890.08	-0.059074	7.5570e-05	0.11771	supercritical
1775.4	806.00	152.42	0.0065608	1383.6	1912.4	6.5142	0.90514	1.1790	890.26	-0.059084	7.5594e-05	0.11776	supercritical
1776.4	806.00	152.34	0.0065641	1384.5	1913.5	6.5148	0.90521	1.1790	890.44	-0.059095	7.5618e-05	0.11781	supercritical
1777.4	806.00	152.27	0.0065674	1385.4	1914.7	6.5155	0.90528	1.1791	890.62	-0.059105	7.5642e-05	0.11785	supercritical
1778.4	806.00	152.19	0.0065707	1386.3	1915.9	6.5161	0.90536	1.1791	890.81	-0.059115	7.5667e-05	0.11790	supercritical
1779.4	806.00	152.12	0.0065740	1387.2	1917.1	6.5168	0.90543	1.1792	890.99	-0.059125	7.5691e-05	0.11795	supercritical
1780.4	806.00	152.04	0.0065773	1388.1	1918.3	6.5175	0.90550	1.1792	891.17	-0.059136	7.5715e-05	0.11799	supercritical
1781.4	806.00	151.96	0.0065806	1389.0	1919.4	6.5181	0.90557	1.1793	891.35	-0.059146	7.5739e-05	0.11804	supercritical
1782.4	806.00	151.89	0.0065839	1390.0	1920.6	6.5188	0.90564	1.1794	891.53	-0.059156	7.5763e-05	0.11809	supercritical
1783.4	806.00	151.81	0.0065872	1390.9	1921.8	6.5195	0.90571	1.1794	891.72	-0.059166	7.5787e-05	0.11813	supercritical
1784.4	806.00	151.73	0.0065905	1391.8	1923.0	6.5201	0.90579	1.1795	891.90	-0.059176	7.5811e-05	0.11818	supercritical
1785.4	806.00	151.66	0.0065938	1392.7	1924.2	6.5208	0.90586	1.1795	892.08	-0.059187	7.5835e-05	0.11822	supercritical
1786.4	806.00	151.58	0.0065971	1393.6	1925.3	6.5214	0.90593	1.1796	892.26	-0.059197	7.5860e-05	0.11827	supercritical
1787.4	806.00	151.51	0.0066004	1394.5	1926.5	6.5221	0.90600	1.1796	892.44	-0.059207	7.5884e-05	0.11832	supercritical
1788.4	806.00	151.43	0.0066037	1395.4	1927.7	6.5228	0.90607	1.1797	892.62	-0.059217	7.5908e-05	0.11836	supercritical
1789.4	806.00	151.35	0.0066070	1396.3	1928.9	6.5234	0.90615	1.1798	892.80	-0.059227	7.5932e-05	0.11841	supercritical
1790.4	806.00	151.28	0.0066103	1397.3	1930.1	6.5241	0.90622	1.1798	892.99	-0.059237	7.5956e-05	0.11846	supercritical
1791.4	806.00	151.20	0.0066136	1398.2	1931.2	6.5247	0.90629	1.1799	893.17	-0.059247	7.5980e-05	0.11850	supercritical
1792.4	806.00	151.13	0.0066169	1399.1	1932.4	6.5254	0.90636	1.1799	893.35	-0.059257	7.6004e-05	0.11855	supercritical
1793.4	806.00	151.05	0.0066202	1400.0	1933.6	6.5261	0.90643	1.1800	893.53	-0.059267	7.6028e-05	0.11860	supercritical
1794.4	806.00	150.98	0.0066235	1400.9	1934.8	6.5267	0.90650	1.1800	893.71	-0.059277	7.6052e-05	0.11864	supercritical
1795.4	806.00	150.90	0.0066268	1401.8	1936.0	6.5274	0.90658	1.1801	893.89	-0.059287	7.6077e-05	0.11869	supercritical
1796.4	806.00	150.83	0.0066301	1402.7	1937.1	6.5280	0.90665	1.1802	894.07	-0.059297	7.6101e-05	0.11873	supercritical
1797.4	806.00	150.75	0.0066334	1403.7	1938.3	6.5287	0.90672	1.1802	894.26	-0.059307	7.6125e-05	0.11878	supercritical
1798.4	806.00	150.68	0.0066367	1404.6	1939.5	6.5293	0.90679	1.1803	894.44	-0.059317	7.6149e-05	0.11883	supercritical
1799.4	806.00	150.60	0.0066400	1405.5	1940.7	6.5300	0.90686	1.1803	894.62	-0.059327	7.6173e-05	0.11887	supercritical
1800.4	806.00	150.53	0.0066433	1406.4	1941.9	6.5307	0.90694	1.1804	894.80	-0.059337	7.6197e-05	0.11892	supercritical
1801.4	806.00	150.45	0.0066466	1407.3	1943.0	6.5313	0.90701	1.1804	894.98	-0.059347	7.6221e-05	0.11897	supercritical
1802.4	806.00	150.38	0.0066499	1408.2	1944.2	6.5320	0.90708	1.1805	895.16	-0.059357	7.6245e-05	0.11901	supercritical
1803.4	806.00	150.30	0.0066532	1409.1	1945.4	6.5326	0.90715	1.1806	895.34	-0.059367	7.6269e-05	0.11906	supercritical
1804.4	806.00	150.23	0.0066565	1410.1	1946.6	6.5333	0.90722	1.1806	895.52	-0.059377	7.6293e-05	0.11910	supercritical
1805.4	806.00	150.15	0.0066598	1411.0	1947.8	6.5339	0.90729	1.1807	895.70	-0.059387	7.6317e-05	0.11915	supercritical
1806.4	806.00	150.08	0.0066631	1411.9	1948.9	6.5346	0.90737	1.1807	895.88	-0.059397	7.6342e-05	0.11920	supercritical
1807.4	806.00	150.01	0.0066664	1412.8	1950.1	6.5352	0.90744	1.1808	896.06	-0.059407	7.6366e-05	0.11924	supercritical
1808.4	806.00	149.93	0.0066697	1413.7	1951.3	6.5359	0.90751	1.1808	896.24	-0.059416	7.6390e-05	0.11929	supercritical
1809.4	806.00	149.86	0.0066730	1414.6	1952.5	6.5365	0.90758	1.1809	896.43	-0.059426	7.6414e-05	0.11934	supercritical
1810.4	806.00	149.78	0.0066763	1415.5	1953.7	6.5372	0.90765	1.1810	896.61	-0.059436	7.6438e-05	0.11938	supercritical
1811.4	806.00	149.71	0.0066796	1416.5	1954.8	6.5378	0.90772	1.1810	896.79	-0.059446	7.6462e-05	0.11943	supercritical
1812.4	806.00	149.64	0.0066829	1417.4	1956.0	6.5385	0.90779	1.1811	896.97	-0.059456	7.6486e-05	0.11948	supercritical
1813.4	806.00	149.56	0.0066862	1418.3	1957.2	6.5391	0.90787	1.1811	897.15	-0.059465	7.6510e-05	0.11952	supercritical
1814.4	806.00	149.49	0.0066895	1419.2	1958.4	6.5398	0.90794	1.1812	897.33	-0.059475	7.6534e-05	0.11957	supercritical
1815.4	806.00	149.41	0.0066928	1420.1	1959.6	6.5404	0.90801	1.1812	897.51	-0.059485	7.6558e-05	0.11961	supercritical
1816.4	806.00	149.34	0.0066961	1421.0	1960.7	6.5411	0.90808	1.1813	897.69	-0.059495	7.6582e-05	0.11966	supercritical
1817.4	806.00	149.27	0.0066994	1422.0	1961.9	6.5418	0.90815	1.1814	897.87	-0.059504	7.6606e-05	0.11971	supercritical
1818.4	806.00	149.19	0.0067027	1422.9	1963.1	6.5424	0.90822	1.1814	898.05	-0.059514	7.6630e-05	0.11975	supercritical
1819.4	806.00	149.12	0.0067060	1423.8	1964.3	6.5430	0.90830	1.1815	898.23	-0.059524	7.6654e-05	0.11980	supercritical
1820.4	806.00	149.05	0.0067093	1424.7	1965.5	6.5437	0.90837	1.1815	898.41	-0.059534	7.6678e-05	0.11985	supercritical
1821.4	806.00	148.97	0.0067126	1425.6	1966.7	6.5443	0.90844	1.1816	898.59	-0.059543	7.6703e-05	0.11989	supercritical
1822.4	806.00	148.90	0.0067159	1426.5	1967.8	6.5450	0.90851	1.1816	898.77	-0.059553	7.6727e-05	0.11994	supercritical
1823.4	806.00	148.83	0.0067192	1427.4	1969.0	6.5456	0.90858	1.1817	898.95	-0.059562	7.6751e-05	0.11998	supercritical
1824.4	806.00	148.75	0.0067225	1428.4	1970.2	6.5463	0.90865	1.1818	899.13	-0.059572	7.6775e-05	0.12003	supercritical
1825.4	806.00	148.68	0.0067258	1429.3	1971.4	6.5469	0.90872	1.1818	899.31	-0.059582	7.6799e-05	0.12008	supercritical
1826.4	806.00	148.61	0.0067291	1430.2	1972.6	6.5476	0.90880	1.1819	899.49	-0.059591	7.6823e-05	0.12012	supercritical
1827.4	806.00	148.54	0.0067324	1431.1	1973.7	6.5482	0.90887	1.1819	899.67	-0.059601	7.6847e-05	0.12017	supercritical
1828.4	806.00	148.46	0.0067357	1432.0	1974.9	6.5489	0.90894	1.1820	899.85	-0.059610	7.6871e-05	0.12022	supercritical
1829.4	806.00	148.39	0.0067390	1432.9	1976.1	6.5495	0.90901	1.1820	900.03	-0.059620	7.6895e-05	0.12026	supercritical
1830.4	806.00	148.32	0.0067423	1433.9	1977.3	6.5502	0.90908	1.1821	900.21	-0.059630	7.6919e-05	0.12031	supercritical
1831.4	806.00	148.24	0.0067456	1434.8	1978.5	6.5508	0.90915	1.1822	900.39	-0.059639	7.6943e-05	0.12036	supercritical
1832.4	806.00	148.17	0.0067489	1435.7	1979.7	6.5515	0.90922	1.1822	900.57	-0.059649	7.6967e-05	0.12040	supercritical
1833.4	806.00	148.10	0.0067522	1436.6	1980.8	6.5521	0.90930	1.1823	900.75	-0.059658	7.6991e-05	0.12045	supercritical
1834.4	806.00	148.03	0.0067555	1437.5	1982.0	6.5528	0.90937	1.1823	900.93	-0.059668	7.7015e-05	0.12049	supercritical
1835.4	806.00	147.96	0.0067588	1438.4	1983.2	6.5534	0.90944	1.1824	901.11	-0.059677	7.7039e-05	0.12054	supercritical
1836.4	806.00	147.88	0.0067621	1439.4	1984.4	6.5540	0.90951	1.1824	901.29	-0.059687	7.7063e-05	0.12059	supercritical
1837.4	806.00	147.81	0.0067654	1440.3	1985.6	6.5547	0.90958	1.1825	901.47	-0.059696	7.7087e-05	0.12063	supercritical
1838.4	806.00	147.74	0.0067687	1441.2	1986.7	6.5553	0.90965	1.1826	901.64	-0.059706	7.7111e-05	0.12068	supercritical
1839.4	806.00	147.67	0.0067720	1442.1	1987.9	6.5560	0.90972	1.1826	901.82	-0.059715	7.7135e-05	0.12073	supercritical
1840.4	806.00	147.60	0.0067753	1443.0	1989.1	6.5566	0.90979	1.1827	902.00	-0.059724	7.7159e-05	0.12077	supercritical
1841.4	806.00	147.52	0.0067786	1443.9	1990.3	6.5573	0.90987	1.1827	902.18	-0.059734	7.7183e-05	0.12082	supercritical
1842.4	806.00	147.45	0.0067819	1444.9	1991.5	6.5579	0.90994	1.1828	902.36	-0.059743	7.7207e-05	0.12086	supercritical
1843.4	806.00	147.38	0.0067852	1445.8	1992.7	6.5585	0.91001	1.1828	902.54	-0.059753	7.7231e-05	0.12091	supercritical
1844.4	806.00	147.31	0.0067885	1446.7	1993.8	6.5592	0.91008	1.1829	902.72	-0.059762	7.7255e-05	0.12096	supercritical
1845.4	806.00	147.24	0.0067918	1447.6	1995.0	6.5598	0.91015	1.1830	902.90	-0.059771	7.7279e-05	0.12100	supercritical
1846.4	806.00	147.17	0.0067951	1448.5	1996.2	6.5605	0.91022	1.1830	903.08	-0.059781	7.7303e-05	0.12105	supercritical
1847.4	806.00	147.09	0.0067984	1449.4	1997.4	6.5611	0.91029	1.1831	903.26	-0.059790	7.7327e-05	0.12110	supercritical
1848.4	806.00	147.02	0.0068017	1450.4	1998.6	6.5617	0.91036	1.1831	903.44	-0.059799	7.7351e-05	0.12114	supercritical
1849.4	806.00	146.95	0.0068050	1451.3	1999.8	6.5624	0.91044	1.1832	903.62	-0.059809	7.7375e-05	0.12119	supercritical
1850.4	806.00	146.88	0.0068082	1452.2	2000.9	6.5630	0.91051	1.1832	903.79	-0.059818	7.7399e-05	0.12123	supercritical
1851.4	806.00	146.81	0.0068115	1453.1	2002.1	6.5637	0.91058	1.1833	903.97	-0.059827	7.7423e-05	0.12128	supercritical
1852.4	806.00	146.74	0.0068148	1454.0	2003.3	6.5643	0.91065	1.1834	904.15	-0.059836	7.7447e-05	0.12133	supercritical
1853.4	806.00	146.67	0.0068181	1455.0	2004.5	6.5649	0.91072	1.1834	904.33	-0.059846	7.7471e-05	0.12137	supercritical
1854.4	806.00	146.60	0.0068214	1455.9	2005.7	6.5656	0.91079	1.1835	904.51	-0.059855	7.7495e-05	0.12142	supercritical
1855.4	806.00	146.53	0.0068247	1456.8	2006.9	6.5662	0.91086	1.1835	904.69	-0.059864	7.7519e-05	0.12147	supercritical
1856.4	806.00	146.46	0.0068280	1457.7	2008.0	6.5669	0.91093	1.1836	904.87	-0.059873	7.7543e-05	0.12151	supercritical
1857.4	806.00	146.38	0.0068313	1458.6	2009.2	6.5675	0.91100	1.1836	905.05	-0.059883	7.7567e-05	0.12156	supercritical
1858.4	806.00	146.31	0.0068346	1459.5	2010.4	6.5681	0.91108	1.1837	905.22	-0.059892	7.7591e-05	0.12161	supercritical
1859.4	806.00	146.24	0.0068379	1460.5	2011.6	6.5688	0.91115	1.1838	905.40	-0.059901	7.7615e-05	0.12165	supercritical
1860.4	806.00	146.17	0.0068412	1461.4	2012.8	6.5694	0.91122	1.1838	905.58	-0.059910	7.7639e-05	0.12170	supercritical
1861.4	806.00	146.10	0.0068445	1462.3	2014.0	6.5700	0.91129	1.1839	905.76	-0.059919	7.7663e-05	0.12174	supercritical
1862.4	806.00	146.03	0.0068478	1463.2	2015.1	6.5707	0.91136	1.1839	905.94	-0.059928	7.7687e-05	0.12179	supercritical
1863.4	806.00	145.96	0.0068511	1464.1	2016.3	6.5713	0.91143	1.1840	906.12	-0.059937	7.7711e-05	0.12184	supercritical
1864.4	806.00	145.89	0.0068544	1465.0	2017.5	6.5719	0.91150	1.1841	906.29	-0.059947	7.7735e-05	0.12188	supercritical
1865.4	806.00	145.82	0.0068577	1466.0	2018.7	6.5726	0.91157	1.1841	906.47	-0.059956	7.7759e-05	0.12193	supercritical
1866.4	806.00	145.75	0.0068610	1466.9	2019.9	6.5732	0.91164	1.1842	906.65	-0.059965	7.7783e-05	0.12198	supercritical
1867.4	806.00	145.68	0.0068643	1467.8	2021.1	6.5739	0.91171	1.1842	906.83	-0.059974	7.7807e-05	0.12202	supercritical
1868.4	806.00	145.61	0.0068676	1468.7	2022.3	6.5745	0.91179	1.1843	907.01	-0.059983	7.7831e-05	0.12207	supercritical
1869.4	806.00	145.54	0.0068709	1469.6	2023.4	6.5751	0.91186	1.1843	907.19	-0.059992	7.7855e-05	0.12211	supercritical
1870.4	806.00	145.47	0.0068742	1470.6	2024.6	6.5758	0.91193	1.1844	907.36	-0.060001	7.7879e-05	0.12216	supercritical
1871.4	806.00	145.40	0.0068775	1471.5	2025.8	6.5764	0.91200	1.1845	907.54	-0.060010	7.7903e-05	0.12221	supercritical
1872.4	806.00	145.33	0.0068808	1472.4	2027.0	6.5770	0.91207	1.1845	907.72	-0.060019	7.7927e-05	0.12225	supercritical
1873.4	806.00	145.26	0.0068841	1473.3	2028.2	6.5777	0.91214	1.1846	907.90	-0.060028	7.7951e-05	0.12230	supercritical
1874.4	806.00	145.19	0.0068874	1474.2	2029.4	6.5783	0.91221	1.1846	908.08	-0.060037	7.7975e-05	0.12235	supercritical
1875.4	806.00	145.12	0.0068906	1475.2	2030.5	6.5789	0.91228	1.1847	908.25	-0.060046	7.7998e-05	0.12239	supercritical
1876.4	806.00	145.05	0.0068939	1476.1	2031.7	6.5795	0.91235	1.1847	908.43	-0.060055	7.8022e-05	0.12244	supercritical
1877.4	806.00	144.99	0.0068972	1477.0	2032.9	6.5802	0.91242	1.1848	908.61	-0.060064	7.8046e-05	0.12248	supercritical
1878.4	806.00	144.92	0.0069005	1477.9	2034.1	6.5808	0.91250	1.1849	908.79	-0.060073	7.8070e-05	0.12253	supercritical
1879.4	806.00	144.85	0.0069038	1478.8	2035.3	6.5814	0.91257	1.1849	908.97	-0.060082	7.8094e-05	0.12258	supercritical
1880.4	806.00	144.78	0.0069071	1479.8	2036.5	6.5821	0.91264	1.1850	909.14	-0.060091	7.8118e-05	0.12262	supercritical
1881.4	806.00	144.71	0.0069104	1480.7	2037.7	6.5827	0.91271	1.1850	909.32	-0.060100	7.8142e-05	0.12267	supercritical
1882.4	806.00	144.64	0.0069137	1481.6	2038.8	6.5833	0.91278	1.1851	909.50	-0.060108	7.8166e-05	0.12272	supercritical
1883.4	806.00	144.57	0.0069170	1482.5	2040.0	6.5840	0.91285	1.1851	909.68	-0.060117	7.8190e-05	0.12276	supercritical
1884.4	806.00	144.50	0.0069203	1483.4	2041.2	6.5846	0.91292	1.1852	909.85	-0.060126	7.8214e-05	0.12281	supercritical
1885.4	806.00	144.43	0.0069236	1484.3	2042.4	6.5852	0.91299	1.1853	910.03	-0.060135	7.8238e-05	0.12285	supercritical
1886.4	806.00	144.36	0.0069269	1485.3	2043.6	6.5858	0.91306	1.1853	910.21	-0.060144	7.8262e-05	0.12290	supercritical
1887.4	806.00	144.30	0.0069302	1486.2	2044.8	6.5865	0.91313	1.1854	910.39	-0.060153	7.8286e-05	0.12295	supercritical
1888.4	806.00	144.23	0.0069335	1487.1	2045.9	6.5871	0.91320	1.1854	910.56	-0.060162	7.8310e-05	0.12299	supercritical
1889.4	806.00	144.16	0.0069368	1488.0	2047.1	6.5877	0.91327	1.1855	910.74	-0.060170	7.8334e-05	0.12304	supercritical
1890.4	806.00	144.09	0.0069401	1488.9	2048.3	6.5884	0.91335	1.1856	910.92	-0.060179	7.8357e-05	0.12309	supercritical
1891.4	806.00	144.02	0.0069434	1489.9	2049.5	6.5890	0.91342	1.1856	911.09	-0.060188	7.8381e-05	0.12313	supercritical
1892.4	806.00	143.95	0.0069467	1490.8	2050.7	6.5896	0.91349	1.1857	911.27	-0.060197	7.8405e-05	0.12318	supercritical
1893.4	806.00	143.89	0.0069499	1491.7	2051.9	6.5902	0.91356	1.1857	911.45	-0.060205	7.8429e-05	0.12322	supercritical
1894.4	806.00	143.82	0.0069532	1492.6	2053.1	6.5909	0.91363	1.1858	911.63	-0.060214	7.8453e-05	0.12327	supercritical
1895.4	806.00	143.75	0.0069565	1493.6	2054.2	6.5915	0.91370	1.1858	911.80	-0.060223	7.8477e-05	0.12332	supercritical
1896.4	806.00	143.68	0.0069598	1494.5	2055.4	6.5921	0.91377	1.1859	911.98	-0.060232	7.8501e-05	0.12336	supercritical
1897.4	806.00	143.61	0.0069631	1495.4	2056.6	6.5927	0.91384	1.1860	912.16	-0.060240	7.8525e-05	0.12341	supercritical
1898.4	806.00	143.55	0.0069664	1496.3	2057.8	6.5934	0.91391	1.1860	912.33	-0.060249	7.8549e-05	0.12346	supercritical
1899.4	806.00	143.48	0.0069697	1497.2	2059.0	6.5940	0.91398	1.1861	912.51	-0.060258	7.8573e-05	0.12350	supercritical
1900.4	806.00	143.41	0.0069730	1498.2	2060.2	6.5946	0.91405	1.1861	912.69	-0.060266	7.8597e-05	0.12355	supercritical
1901.4	806.00	143.34	0.0069763	1499.1	2061.4	6.5952	0.91412	1.1862	912.87	-0.060275	7.8620e-05	0.12359	supercritical
1902.4	806.00	143.28	0.0069796	1500.0	2062.5	6.5959	0.91419	1.1863	913.04	-0.060284	7.8644e-05	0.12364	supercritical
1903.4	806.00	143.21	0.0069829	1500.9	2063.7	6.5965	0.91427	1.1863	913.22	-0.060292	7.8668e-05	0.12369	supercritical
1904.4	806.00	143.14	0.0069862	1501.8	2064.9	6.5971	0.91434	1.1864	913.40	-0.060301	7.8692e-05	0.12373	supercritical
1905.4	806.00	143.07	0.0069895	1502.8	2066.1	6.5977	0.91441	1.1864	913.57	-0.060310	7.8716e-05	0.12378	supercritical
1906.4	806.00	143.01	0.0069928	1503.7	2067.3	6.5984	0.91448	1.1865	913.75	-0.060318	7.8740e-05	0.12383	supercritical
1907.4	806.00	142.94	0.0069960	1504.6	2068.5	6.5990	0.91455	1.1865	913.93	-0.060327	7.8764e-05	0.12387	supercritical
1908.4	806.00	142.87	0.0069993	1505.5	2069.7	6.5996	0.91462	1.1866	914.10	-0.060335	7.8788e-05	0.12392	supercritical
1909.4	806.00	142.80	0.0070026	1506.4	2070.9	6.6002	0.91469	1.1867	914.28	-0.060344	7.8812e-05	0.12396	supercritical
1910.4	806.00	142.74	0.0070059	1507.4	2072.0	6.6008	0.91476	1.1867	914.46	-0.060353	7.8835e-05	0.12401	supercritical
1911.4	806.00	142.67	0.0070092	1508.3	2073.2	6.6015	0.91483	1.1868	914.63	-0.060361	7.8859e-05	0.12406	supercritical
1912.4	806.00	142.60	0.0070125	1509.2	2074.4	6.6021	0.91490	1.1868	914.81	-0.060370	7.8883e-05	0.12410	supercritical
1913.4	806.00	142.54	0.0070158	1510.1	2075.6	6.6027	0.91497	1.1869	914.98	-0.060378	7.8907e-05	0.12415	supercritical
1914.4	806.00	142.47	0.0070191	1511.0	2076.8	6.6033	0.91504	1.1869	915.16	-0.060387	7.8931e-05	0.12420	supercritical
1915.4	806.00	142.40	0.0070224	1512.0	2078.0	6.6039	0.91511	1.1870	915.34	-0.060395	7.8955e-05	0.12424	supercritical
1916.4	806.00	142.33	0.0070257	1512.9	2079.2	6.6046	0.91518	1.1871	915.51	-0.060404	7.8979e-05	0.12429	supercritical
1917.4	806.00	142.27	0.0070290	1513.8	2080.3	6.6052	0.91525	1.1871	915.69	-0.060412	7.9003e-05	0.12433	supercritical
1918.4	806.00	142.20	0.0070323	1514.7	2081.5	6.6058	0.91532	1.1872	915.87	-0.060421	7.9026e-05	0.12438	supercritical
1919.4	806.00	142.14	0.0070356	1515.7	2082.7	6.6064	0.91539	1.1872	916.04	-0.060429	7.9050e-05	0.12443	supercritical
1920.4	806.00	142.07	0.0070388	1516.6	2083.9	6.6070	0.91547	1.1873	916.22	-0.060437	7.9074e-05	0.12447	supercritical
1921.4	806.00	142.00	0.0070421	1517.5	2085.1	6.6077	0.91554	1.1874	916.39	-0.060446	7.9098e-05	0.12452	supercritical
1922.4	806.00	141.94	0.0070454	1518.4	2086.3	6.6083	0.91561	1.1874	916.57	-0.060454	7.9122e-05	0.12457	supercritical
1923.4	806.00	141.87	0.0070487	1519.3	2087.5	6.6089	0.91568	1.1875	916.75	-0.060463	7.9146e-05	0.12461	supercritical
1924.4	806.00	141.80	0.0070520	1520.3	2088.7	6.6095	0.91575	1.1875	916.92	-0.060471	7.9170e-05	0.12466	supercritical
1925.4	806.00	141.74	0.0070553	1521.2	2089.8	6.6101	0.91582	1.1876	917.10	-0.060479	7.9194e-05	0.12470	supercritical
1926.4	806.00	141.67	0.0070586	1522.1	2091.0	6.6107	0.91589	1.1876	917.27	-0.060488	7.9217e-05	0.12475	supercritical
1927.4	806.00	141.61	0.0070619	1523.0	2092.2	6.6114	0.91596	1.1877	917.45	-0.060496	7.9241e-05	0.12480	supercritical
1928.4	806.00	141.54	0.0070652	1524.0	2093.4	6.6120	0.91603	1.1878	917.63	-0.060504	7.9265e-05	0.12484	supercritical
1929.4	806.00	141.47	0.0070685	1524.9	2094.6	6.6126	0.91610	1.1878	917.80	-0.060513	7.9289e-05	0.12489	supercritical
1930.4	806.00	141.41	0.0070718	1525.8	2095.8	6.6132	0.91617	1.1879	917.98	-0.060521	7.9313e-05	0.12493	supercritical
1931.4	806.00	141.34	0.0070751	1526.7	2097.0	6.6138	0.91624	1.1879	918.15	-0.060529	7.9337e-05	0.12498	supercritical
1932.4	806.00	141.28	0.0070783	1527.6	2098.2	6.6144	0.91631	1.1880	918.33	-0.060538	7.9360e-05	0.12503	supercritical
1933.4	806.00	141.21	0.0070816	1528.6	2099.4	6.6151	0.91638	1.1881	918.50	-0.060546	7.9384e-05	0.12507	supercritical
1934.4	806.00	141.14	0.0070849	1529.5	2100.5	6.6157	0.91645	1.1881	918.68	-0.060554	7.9408e-05	0.12512	supercritical
1935.4	806.00	141.08	0.0070882	1530.4	2101.7	6.6163	0.91652	1.1882	918.85	-0.060563	7.9432e-05	0.12517	supercritical
1936.4	806.00	141.01	0.0070915	1531.3	2102.9	6.6169	0.91659	1.1882	919.03	-0.060571	7.9456e-05	0.12521	supercritical
1937.4	806.00	140.95	0.0070948	1532.3	2104.1	6.6175	0.91666	1.1883	919.21	-0.060579	7.9480e-05	0.12526	supercritical
1938.4	806.00	140.88	0.0070981	1533.2	2105.3	6.6181	0.91673	1.1883	919.38	-0.060587	7.9504e-05	0.12530	supercritical
1939.4	806.00	140.82	0.0071014	1534.1	2106.5	6.6187	0.91680	1.1884	919.56	-0.060596	7.9527e-05	0.12535	supercritical
1940.4	806.00	140.75	0.0071047	1535.0	2107.7	6.6193	0.91687	1.1885	919.73	-0.060604	7.9551e-05	0.12540	supercritical
1941.4	806.00	140.69	0.0071080	1536.0	2108.9	6.6200	0.91694	1.1885	919.91	-0.060612	7.9575e-05	0.12544	supercritical
1942.4	806.00	140.62	0.0071112	1536.9	2110.0	6.6206	0.91701	1.1886	920.08	-0.060620	7.9599e-05	0.12549	supercritical
1943.4	806.00	140.56	0.0071145	1537.8	2111.2	6.6212	0.91708	1.1886	920.26	-0.060628	7.9623e-05	0.12554	supercritical
1944.4	806.00	140.49	0.0071178	1538.7	2112.4	6.6218	0.91715	1.1887	920.43	-0.060636	7.9646e-05	0.12558	supercritical
1945.4	806.00	140.43	0.0071211	1539.6	2113.6	6.6224	0.91723	1.1888	920.61	-0.060645	7.9670e-05	0.12563	supercritical
1946.4	806.00	140.36	0.0071244	1540.6	2114.8	6.6230	0.91730	1.1888	920.78	-0.060653	7.9694e-05	0.12567	supercritical
1947.4	806.00	140.30	0.0071277	1541.5	2116.0	6.6236	0.91737	1.1889	920.96	-0.060661	7.9718e-05	0.12572	supercritical
1948.4	806.00	140.23	0.0071310	1542.4	2117.2	6.6242	0.91744	1.1889	921.13	-0.060669	7.9742e-05	0.12577	supercritical
1949.4	806.00	140.17	0.0071343	1543.3	2118.4	6.6248	0.91751	1.1890	921.31	-0.060677	7.9766e-05	0.12581	supercritical
1950.4	806.00	140.10	0.0071376	1544.3	2119.6	6.6255	0.91758	1.1891	921.48	-0.060685	7.9789e-05	0.12586	supercritical
1951.4	806.00	140.04	0.0071409	1545.2	2120.7	6.6261	0.91765	1.1891	921.66	-0.060693	7.9813e-05	0.12591	supercritical
1952.4	806.00	139.97	0.0071441	1546.1	2121.9	6.6267	0.91772	1.1892	921.83	-0.060701	7.9837e-05	0.12595	supercritical
1953.4	806.00	139.91	0.0071474	1547.0	2123.1	6.6273	0.91779	1.1892	922.01	-0.060709	7.9861e-05	0.12600	supercritical
1954.4	806.00	139.85	0.0071507	1548.0	2124.3	6.6279	0.91786	1.1893	922.18	-0.060717	7.9885e-05	0.12604	supercritical
1955.4	806.00	139.78	0.0071540	1548.9	2125.5	6.6285	0.91793	1.1893	922.36	-0.060725	7.9908e-05	0.12609	supercritical
1956.4	806.00	139.72	0.0071573	1549.8	2126.7	6.6291	0.91800	1.1894	922.53	-0.060734	7.9932e-05	0.12614	supercritical
1957.4	806.00	139.65	0.0071606	1550.7	2127.9	6.6297	0.91807	1.1895	922.71	-0.060742	7.9956e-05	0.12618	supercritical
1958.4	806.00	139.59	0.0071639	1551.7	2129.1	6.6303	0.91814	1.1895	922.88	-0.060750	7.9980e-05	0.12623	supercritical
1959.4	806.00	139.53	0.0071672	1552.6	2130.3	6.6309	0.91821	1.1896	923.06	-0.060758	8.0004e-05	0.12627	supercritical
1960.4	806.00	139.46	0.0071705	1553.5	2131.4	6.6315	0.91828	1.1896	923.23	-0.060766	8.0027e-05	0.12632	supercritical
1961.4	806.00	139.40	0.0071737	1554.4	2132.6	6.6321	0.91835	1.1897	923.40	-0.060774	8.0051e-05	0.12637	supercritical
1962.4	806.00	139.33	0.0071770	1555.4	2133.8	6.6328	0.91842	1.1898	923.58	-0.060781	8.0075e-05	0.12641	supercritical
1963.4	806.00	139.27	0.0071803	1556.3	2135.0	6.6334	0.91849	1.1898	923.75	-0.060789	8.0099e-05	0.12646	supercritical
1964.4	806.00	139.21	0.0071836	1557.2	2136.2	6.6340	0.91856	1.1899	923.93	-0.060797	8.0123e-05	0.12651	supercritical
1965.4	806.00	139.14	0.0071869	1558.1	2137.4	6.6346	0.91863	1.1899	924.10	-0.060805	8.0146e-05	0.12655	supercritical
1966.4	806.00	139.08	0.0071902	1559.1	2138.6	6.6352	0.91870	1.1900	924.28	-0.060813	8.0170e-05	0.12660	supercritical
1967.4	806.00	139.01	0.0071935	1560.0	2139.8	6.6358	0.91877	1.1900	924.45	-0.060821	8.0194e-05	0.12664	supercritical
1968.4	806.00	138.95	0.0071968	1560.9	2141.0	6.6364	0.91884	1.1901	924.62	-0.060829	8.0218e-05	0.12669	supercritical
1969.4	806.00	138.89	0.0072001	1561.8	2142.2	6.6370	0.91891	1.1902	924.80	-0.060837	8.0241e-05	0.12674	supercritical
1970.4	806.00	138.82	0.0072033	1562.8	2143.3	6.6376	0.91898	1.1902	924.97	-0.060845	8.0265e-05	0.12678	supercritical
1971.4	806.00	138.76	0.0072066	1563.7	2144.5	6.6382	0.91905	1.1903	925.15	-0.060853	8.0289e-05	0.12683	supercritical
1972.4	806.00	138.70	0.0072099	1564.6	2145.7	6.6388	0.91912	1.1903	925.32	-0.060861	8.0313e-05	0.12688	supercritical
1973.4	806.00	138.63	0.0072132	1565.5	2146.9	6.6394	0.91919	1.1904	925.50	-0.060868	8.0337e-05	0.12692	supercritical
1974.4	806.00	138.57	0.0072165	1566.5	2148.1	6.6400	0.91926	1.1905	925.67	-0.060876	8.0360e-05	0.12697	supercritical
1975.4	806.00	138.51	0.0072198	1567.4	2149.3	6.6406	0.91933	1.1905	925.84	-0.060884	8.0384e-05	0.12701	supercritical
1976.4	806.00	138.45	0.0072231	1568.3	2150.5	6.6412	0.91940	1.1906	926.02	-0.060892	8.0408e-05	0.12706	supercritical
1977.4	806.00	138.38	0.0072264	1569.2	2151.7	6.6418	0.91947	1.1906	926.19	-0.060900	8.0432e-05	0.12711	supercritical
1978.4	806.00	138.32	0.0072297	1570.2	2152.9	6.6424	0.91954	1.1907	926.37	-0.060907	8.0455e-05	0.12715	supercritical
1979.4	806.00	138.26	0.0072329	1571.1	2154.1	6.6430	0.91961	1.1908	926.54	-0.060915	8.0479e-05	0.12720	supercritical
1980.4	806.00	138.19	0.0072362	1572.0	2155.3	6.6436	0.91968	1.1908	926.71	-0.060923	8.0503e-05	0.12724	supercritical
1981.4	806.00	138.13	0.0072395	1572.9	2156.4	6.6442	0.91975	1.1909	926.89	-0.060931	8.0527e-05	0.12729	supercritical
1982.4	806.00	138.07	0.0072428	1573.9	2157.6	6.6448	0.91982	1.1909	927.06	-0.060938	8.0550e-05	0.12734	supercritical
1983.4	806.00	138.01	0.0072461	1574.8	2158.8	6.6454	0.91989	1.1910	927.23	-0.060946	8.0574e-05	0.12738	supercritical
1984.4	806.00	137.94	0.0072494	1575.7	2160.0	6.6460	0.91996	1.1910	927.41	-0.060954	8.0598e-05	0.12743	supercritical
1985.4	806.00	137.88	0.0072527	1576.6	2161.2	6.6466	0.92003	1.1911	927.58	-0.060962	8.0622e-05	0.12748	supercritical
1986.4	806.00	137.82	0.0072560	1577.6	2162.4	6.6472	0.92010	1.1912	927.75	-0.060969	8.0645e-05	0.12752	supercritical
1987.4	806.00	137.76	0.0072592	1578.5	2163.6	6.6478	0.92017	1.1912	927.93	-0.060977	8.0669e-05	0.12757	supercritical
1988.4	806.00	137.69	0.0072625	1579.4	2164.8	6.6484	0.92024	1.1913	928.10	-0.060985	8.0693e-05	0.12761	supercritical
1989.4	806.00	137.63	0.0072658	1580.3	2166.0	6.6490	0.92031	1.1913	928.28	-0.060992	8.0717e-05	0.12766	supercritical
1990.4	806.00	137.57	0.0072691	1581.3	2167.2	6.6496	0.92038	1.1914	928.45	-0.061000	8.0740e-05	0.12771	supercritical
1991.4	806.00	137.51	0.0072724	1582.2	2168.4	6.6502	0.92045	1.1915	928.62	-0.061008	8.0764e-05	0.12775	supercritical
1992.4	806.00	137.44	0.0072757	1583.1	2169.5	6.6508	0.92052	1.1915	928.80	-0.061015	8.0788e-05	0.12780	supercritical
1993.4	806.00	137.38	0.0072790	1584.1	2170.7	6.6514	0.92059	1.1916	928.97	-0.061023	8.0812e-05	0.12784	supercritical
1994.4	806.00	137.32	0.0072822	1585.0	2171.9	6.6520	0.92066	1.1916	929.14	-0.061031	8.0835e-05	0.12789	supercritical
1995.4	806.00	137.26	0.0072855	1585.9	2173.1	6.6526	0.92073	1.1917	929.31	-0.061038	8.0859e-05	0.12794	supercritical
1996.4	806.00	137.20	0.0072888	1586.8	2174.3	6.6532	0.92080	1.1918	929.49	-0.061046	8.0883e-05	0.12798	supercritical
1997.4	806.00	137.13	0.0072921	1587.8	2175.5	6.6538	0.92087	1.1918	929.66	-0.061053	8.0907e-05	0.12803	supercritical
1998.4	806.00	137.07	0.0072954	1588.7	2176.7	6.6544	0.92094	1.1919	929.83	-0.061061	8.0930e-05	0.12808	supercritical
1999.4	806.00	137.01	0.0072987	1589.6	2177.9	6.6550	0.92101	1.1919	930.01	-0.061069	8.0954e-05	0.12812	supercritical