Temperature (K)	Pressure (bar)	Density (kg/m3)	Volume (m3/kg)	Internal Energy (kJ/kg)	Enthalpy (kJ/kg)	Entropy (J/g*K)	Cv (J/g*K)	Cp (J/g*K)	Sound Spd. (m/s)	Joule-Thomson (K/bar)	Viscosity (Pa*s)	Therm. Cond. (W/m*K)	Phase
54.361	647.00	1367.3	0.00073137	-199.87	-152.55	1.9581	1.0853	1.4978	1299.1	-0.042215	0.0011986	0.22287	liquid
62.361	647.00	1339.3	0.00074667	-188.36	-140.05	2.1725	1.1107	1.6020	1276.3	-0.038931	0.00080993	0.21556	liquid
63.361	647.00	1335.7	0.00074865	-186.88	-138.44	2.1980	1.1106	1.6064	1271.4	-0.038791	0.00077458	0.21462	liquid
64.361	647.00	1332.2	0.00075063	-185.40	-136.83	2.2232	1.1099	1.6095	1266.3	-0.038684	0.00074150	0.21368	liquid
65.361	647.00	1328.7	0.00075263	-183.92	-135.22	2.2480	1.1086	1.6117	1261.1	-0.038603	0.00071052	0.21274	liquid
66.361	647.00	1325.2	0.00075463	-182.44	-133.61	2.2725	1.1069	1.6129	1255.8	-0.038546	0.00068150	0.21179	liquid
67.361	647.00	1321.6	0.00075663	-180.95	-132.00	2.2966	1.1049	1.6135	1250.5	-0.038507	0.00065427	0.21084	liquid
68.361	647.00	1318.1	0.00075865	-179.47	-130.38	2.3204	1.1024	1.6134	1245.1	-0.038484	0.00062872	0.20989	liquid
69.361	647.00	1314.6	0.00076066	-177.99	-128.77	2.3438	1.0997	1.6127	1239.7	-0.038474	0.00060472	0.20894	liquid
70.361	647.00	1311.2	0.00076269	-176.50	-127.16	2.3669	1.0967	1.6117	1234.3	-0.038475	0.00058216	0.20799	liquid
71.361	647.00	1307.7	0.00076472	-175.03	-125.55	2.3896	1.0935	1.6103	1228.9	-0.038485	0.00056093	0.20704	liquid
72.361	647.00	1304.2	0.00076675	-173.55	-123.94	2.4120	1.0901	1.6085	1223.4	-0.038501	0.00054094	0.20609	liquid
73.361	647.00	1300.7	0.00076879	-172.07	-122.33	2.4341	1.0866	1.6066	1218.1	-0.038523	0.00052210	0.20513	liquid
74.361	647.00	1297.3	0.00077084	-170.60	-120.73	2.4558	1.0830	1.6044	1212.7	-0.038549	0.00050433	0.20418	liquid
75.361	647.00	1293.8	0.00077289	-169.13	-119.12	2.4772	1.0792	1.6021	1207.3	-0.038578	0.00048755	0.20323	liquid
76.361	647.00	1290.4	0.00077495	-167.66	-117.52	2.4983	1.0754	1.5997	1202.0	-0.038609	0.00047170	0.20227	liquid
77.361	647.00	1287.0	0.00077701	-166.20	-115.92	2.5191	1.0715	1.5972	1196.7	-0.038641	0.00045671	0.20132	liquid
78.361	647.00	1283.6	0.00077908	-164.73	-114.33	2.5396	1.0676	1.5946	1191.4	-0.038674	0.00044252	0.20036	liquid
79.361	647.00	1280.2	0.00078116	-163.27	-112.73	2.5598	1.0637	1.5920	1186.2	-0.038706	0.00042908	0.19941	liquid
80.361	647.00	1276.8	0.00078324	-161.82	-111.14	2.5797	1.0597	1.5893	1181.0	-0.038738	0.00041634	0.19846	liquid
81.361	647.00	1273.4	0.00078533	-160.37	-109.56	2.5994	1.0557	1.5867	1175.8	-0.038770	0.00040425	0.19750	liquid
82.361	647.00	1270.0	0.00078742	-158.92	-107.97	2.6188	1.0518	1.5840	1170.6	-0.038799	0.00039277	0.19655	liquid
83.361	647.00	1266.6	0.00078952	-157.47	-106.39	2.6379	1.0478	1.5814	1165.5	-0.038827	0.00038186	0.19559	liquid
84.361	647.00	1263.2	0.00079163	-156.03	-104.81	2.6567	1.0439	1.5788	1160.4	-0.038853	0.00037149	0.19464	liquid
85.361	647.00	1259.8	0.00079375	-154.59	-103.23	2.6753	1.0400	1.5762	1155.3	-0.038877	0.00036161	0.19369	liquid
86.361	647.00	1256.5	0.00079587	-153.15	-101.65	2.6936	1.0361	1.5737	1150.3	-0.038899	0.00035220	0.19273	liquid
87.361	647.00	1253.1	0.00079800	-151.71	-100.08	2.7117	1.0323	1.5712	1145.3	-0.038918	0.00034323	0.19178	liquid
88.361	647.00	1249.8	0.00080014	-150.28	-98.512	2.7296	1.0285	1.5688	1140.3	-0.038935	0.00033467	0.19083	liquid
89.361	647.00	1246.4	0.00080229	-148.85	-96.945	2.7472	1.0247	1.5664	1135.4	-0.038948	0.00032650	0.18988	liquid
90.361	647.00	1243.1	0.00080444	-147.43	-95.379	2.7647	1.0210	1.5640	1130.4	-0.038959	0.00031870	0.18893	liquid
91.361	647.00	1239.8	0.00080661	-146.00	-93.817	2.7819	1.0173	1.5617	1125.5	-0.038967	0.00031123	0.18798	liquid
92.361	647.00	1236.4	0.00080878	-144.58	-92.256	2.7988	1.0136	1.5595	1120.7	-0.038973	0.00030409	0.18702	liquid
93.361	647.00	1233.1	0.00081096	-143.17	-90.698	2.8156	1.0100	1.5573	1115.8	-0.038975	0.00029725	0.18607	liquid
94.361	647.00	1229.8	0.00081315	-141.75	-89.141	2.8322	1.0065	1.5552	1111.0	-0.038974	0.00029069	0.18513	liquid
95.361	647.00	1226.5	0.00081535	-140.34	-87.587	2.8486	1.0030	1.5531	1106.2	-0.038971	0.00028440	0.18418	liquid
96.361	647.00	1223.2	0.00081755	-138.93	-86.035	2.8648	0.99953	1.5511	1101.4	-0.038964	0.00027837	0.18323	liquid
97.361	647.00	1219.9	0.00081977	-137.52	-84.485	2.8808	0.99612	1.5492	1096.7	-0.038955	0.00027257	0.18228	liquid
98.361	647.00	1216.5	0.00082200	-136.12	-82.937	2.8966	0.99275	1.5472	1092.0	-0.038942	0.00026700	0.18134	liquid
99.361	647.00	1213.2	0.00082423	-134.72	-81.390	2.9123	0.98943	1.5454	1087.3	-0.038927	0.00026165	0.18039	liquid
100.36	647.00	1210.0	0.00082648	-133.32	-79.846	2.9277	0.98615	1.5436	1082.6	-0.038908	0.00025650	0.17945	liquid
101.36	647.00	1206.7	0.00082874	-131.92	-78.303	2.9430	0.98292	1.5418	1078.0	-0.038887	0.00025153	0.17850	liquid
102.36	647.00	1203.4	0.00083100	-130.53	-76.762	2.9581	0.97973	1.5401	1073.4	-0.038863	0.00024675	0.17756	liquid
103.36	647.00	1200.1	0.00083328	-129.14	-75.223	2.9731	0.97658	1.5384	1068.8	-0.038836	0.00024214	0.17662	liquid
104.36	647.00	1196.8	0.00083557	-127.75	-73.685	2.9879	0.97348	1.5368	1064.2	-0.038807	0.00023770	0.17568	liquid
105.36	647.00	1193.5	0.00083786	-126.36	-72.149	3.0026	0.97042	1.5352	1059.6	-0.038774	0.00023340	0.17474	liquid
106.36	647.00	1190.2	0.00084017	-124.97	-70.615	3.0171	0.96740	1.5336	1055.1	-0.038739	0.00022926	0.17381	liquid
107.36	647.00	1187.0	0.00084249	-123.59	-69.082	3.0314	0.96442	1.5321	1050.6	-0.038701	0.00022525	0.17287	liquid
108.36	647.00	1183.7	0.00084482	-122.21	-67.551	3.0456	0.96148	1.5307	1046.1	-0.038660	0.00022137	0.17194	liquid
109.36	647.00	1180.4	0.00084716	-120.83	-66.021	3.0597	0.95858	1.5292	1041.6	-0.038617	0.00021762	0.17101	liquid
110.36	647.00	1177.1	0.00084951	-119.46	-64.492	3.0736	0.95572	1.5278	1037.2	-0.038571	0.00021399	0.17008	liquid
111.36	647.00	1173.9	0.00085188	-118.08	-62.965	3.0873	0.95289	1.5265	1032.8	-0.038522	0.00021047	0.16915	liquid
112.36	647.00	1170.6	0.00085425	-116.71	-61.439	3.1010	0.95011	1.5251	1028.4	-0.038471	0.00020706	0.16822	liquid
113.36	647.00	1167.4	0.00085664	-115.34	-59.915	3.1145	0.94736	1.5238	1024.0	-0.038417	0.00020376	0.16730	liquid
114.36	647.00	1164.1	0.00085904	-113.97	-58.392	3.1279	0.94464	1.5226	1019.7	-0.038361	0.00020055	0.16637	liquid
115.36	647.00	1160.8	0.00086145	-112.61	-56.870	3.1411	0.94196	1.5213	1015.3	-0.038302	0.00019744	0.16545	liquid
116.36	647.00	1157.6	0.00086387	-111.24	-55.349	3.1542	0.93931	1.5201	1011.0	-0.038241	0.00019441	0.16453	liquid
117.36	647.00	1154.3	0.00086630	-109.88	-53.829	3.1672	0.93669	1.5189	1006.8	-0.038178	0.00019147	0.16362	liquid
118.36	647.00	1151.1	0.00086875	-108.52	-52.311	3.1801	0.93411	1.5177	1002.5	-0.038112	0.00018862	0.16270	liquid
119.36	647.00	1147.8	0.00087121	-107.16	-50.794	3.1929	0.93156	1.5166	998.25	-0.038043	0.00018584	0.16179	liquid
120.36	647.00	1144.6	0.00087368	-105.81	-49.278	3.2055	0.92904	1.5155	994.03	-0.037972	0.00018314	0.16088	liquid
121.36	647.00	1141.3	0.00087616	-104.45	-47.763	3.2181	0.92655	1.5143	989.84	-0.037899	0.00018050	0.15997	liquid
122.36	647.00	1138.1	0.00087866	-103.10	-46.249	3.2305	0.92410	1.5133	985.66	-0.037824	0.00017794	0.15907	liquid
123.36	647.00	1134.9	0.00088117	-101.75	-44.737	3.2428	0.92167	1.5122	981.51	-0.037746	0.00017544	0.15817	liquid
124.36	647.00	1131.6	0.00088369	-100.40	-43.225	3.2550	0.91927	1.5111	977.38	-0.037666	0.00017301	0.15727	liquid
125.36	647.00	1128.4	0.00088623	-99.053	-41.714	3.2671	0.91689	1.5101	973.27	-0.037584	0.00017064	0.15637	liquid
126.36	647.00	1125.1	0.00088878	-97.709	-40.205	3.2791	0.91455	1.5091	969.18	-0.037499	0.00016832	0.15548	liquid
127.36	647.00	1121.9	0.00089134	-96.366	-38.696	3.2910	0.91223	1.5081	965.12	-0.037412	0.00016606	0.15459	liquid
128.36	647.00	1118.7	0.00089391	-95.025	-37.188	3.3028	0.90994	1.5071	961.08	-0.037323	0.00016386	0.15370	liquid
129.36	647.00	1115.4	0.00089650	-93.686	-35.682	3.3145	0.90768	1.5061	957.05	-0.037232	0.00016170	0.15281	liquid
130.36	647.00	1112.2	0.00089911	-92.348	-34.176	3.3261	0.90544	1.5052	953.06	-0.037139	0.00015960	0.15193	liquid
131.36	647.00	1109.0	0.00090172	-91.013	-32.672	3.3376	0.90323	1.5042	949.08	-0.037043	0.00015754	0.15105	liquid
132.36	647.00	1105.8	0.00090435	-89.679	-31.168	3.3490	0.90104	1.5033	945.12	-0.036945	0.00015553	0.15018	liquid
133.36	647.00	1102.5	0.00090699	-88.347	-29.665	3.3603	0.89887	1.5024	941.19	-0.036846	0.00015357	0.14930	liquid
134.36	647.00	1099.3	0.00090965	-87.017	-28.163	3.3715	0.89673	1.5014	937.28	-0.036744	0.00015165	0.14844	liquid
135.36	647.00	1096.1	0.00091232	-85.689	-26.662	3.3826	0.89462	1.5005	933.39	-0.036640	0.00014976	0.14757	liquid
136.36	647.00	1092.9	0.00091501	-84.363	-25.162	3.3937	0.89253	1.4996	929.53	-0.036533	0.00014792	0.14671	liquid
137.36	647.00	1089.7	0.00091771	-83.038	-23.663	3.4046	0.89046	1.4988	925.68	-0.036425	0.00014612	0.14585	liquid
138.36	647.00	1086.5	0.00092042	-81.716	-22.164	3.4155	0.88841	1.4979	921.86	-0.036315	0.00014436	0.14499	liquid
139.36	647.00	1083.2	0.00092315	-80.395	-20.667	3.4263	0.88638	1.4970	918.06	-0.036203	0.00014263	0.14414	liquid
140.36	647.00	1080.0	0.00092589	-79.076	-19.170	3.4370	0.88438	1.4961	914.29	-0.036088	0.00014094	0.14330	liquid
141.36	647.00	1076.8	0.00092865	-77.758	-17.675	3.4476	0.88240	1.4953	910.53	-0.035972	0.00013928	0.14245	liquid
142.36	647.00	1073.6	0.00093142	-76.443	-16.180	3.4581	0.88044	1.4944	906.80	-0.035853	0.00013765	0.14161	liquid
143.36	647.00	1070.4	0.00093421	-75.129	-14.686	3.4686	0.87850	1.4936	903.09	-0.035733	0.00013606	0.14078	liquid
144.36	647.00	1067.2	0.00093701	-73.817	-13.193	3.4790	0.87658	1.4927	899.41	-0.035611	0.00013449	0.13994	liquid
145.36	647.00	1064.0	0.00093982	-72.507	-11.701	3.4893	0.87468	1.4919	895.75	-0.035486	0.00013296	0.13912	liquid
146.36	647.00	1060.8	0.00094265	-71.199	-10.209	3.4995	0.87281	1.4910	892.10	-0.035360	0.00013146	0.13829	liquid
147.36	647.00	1057.6	0.00094550	-69.892	-8.7185	3.5097	0.87095	1.4902	888.49	-0.035232	0.00012998	0.13747	liquid
148.36	647.00	1054.5	0.00094836	-68.588	-7.2287	3.5197	0.86911	1.4893	884.89	-0.035101	0.00012853	0.13666	liquid
149.36	647.00	1051.3	0.00095124	-67.285	-5.7398	3.5297	0.86729	1.4885	881.32	-0.034969	0.00012711	0.13584	liquid
150.36	647.00	1048.1	0.00095413	-65.984	-4.2517	3.5397	0.86549	1.4877	877.77	-0.034835	0.00012572	0.13504	liquid
151.36	647.00	1044.9	0.00095704	-64.685	-2.7644	3.5495	0.86371	1.4869	874.25	-0.034699	0.00012435	0.13423	liquid
152.36	647.00	1041.7	0.00095996	-63.387	-1.2780	3.5593	0.86194	1.4860	870.75	-0.034561	0.00012300	0.13344	liquid
153.36	647.00	1038.5	0.00096290	-62.092	0.20763	3.5690	0.86020	1.4852	867.27	-0.034421	0.00012168	0.13264	liquid
154.36	647.00	1035.4	0.00096585	-60.798	1.6924	3.5787	0.85847	1.4844	863.81	-0.034280	0.00012038	0.13185	liquid
155.36	647.00	1032.2	0.00096882	-59.506	3.1764	3.5883	0.85676	1.4836	860.38	-0.034136	0.00011911	0.13107	supercritical
156.36	647.00	1029.0	0.00097180	-58.216	4.6595	3.5978	0.85507	1.4827	856.97	-0.033991	0.00011786	0.13029	supercritical
157.36	647.00	1025.9	0.00097480	-56.928	6.1418	3.6072	0.85339	1.4819	853.59	-0.033844	0.00011663	0.12951	supercritical
158.36	647.00	1022.7	0.00097782	-55.641	7.6233	3.6166	0.85174	1.4811	850.22	-0.033695	0.00011542	0.12874	supercritical
159.36	647.00	1019.5	0.00098085	-54.357	9.1040	3.6259	0.85010	1.4802	846.89	-0.033544	0.00011423	0.12797	supercritical
160.36	647.00	1016.4	0.00098389	-53.074	10.584	3.6352	0.84847	1.4794	843.57	-0.033392	0.00011306	0.12721	supercritical
161.36	647.00	1013.2	0.00098696	-51.793	12.063	3.6444	0.84687	1.4786	840.28	-0.033237	0.00011191	0.12646	supercritical
162.36	647.00	1010.1	0.00099004	-50.514	13.541	3.6535	0.84528	1.4778	837.01	-0.033081	0.00011078	0.12570	supercritical
163.36	647.00	1006.9	0.00099313	-49.237	15.018	3.6626	0.84370	1.4769	833.77	-0.032924	0.00010967	0.12496	supercritical
164.36	647.00	1003.8	0.00099624	-47.962	16.495	3.6716	0.84215	1.4761	830.55	-0.032764	0.00010858	0.12422	supercritical
165.36	647.00	1000.6	0.00099937	-46.689	17.971	3.6805	0.84060	1.4753	827.35	-0.032603	0.00010751	0.12348	supercritical
166.36	647.00	997.50	0.0010025	-45.417	19.445	3.6894	0.83908	1.4744	824.18	-0.032440	0.00010645	0.12275	supercritical
167.36	647.00	994.36	0.0010057	-44.147	20.919	3.6983	0.83757	1.4736	821.03	-0.032276	0.00010541	0.12202	supercritical
168.36	647.00	991.23	0.0010088	-42.880	22.393	3.7071	0.83607	1.4727	817.91	-0.032110	0.00010439	0.12130	supercritical
169.36	647.00	988.11	0.0010120	-41.614	23.865	3.7158	0.83459	1.4719	814.81	-0.031942	0.00010339	0.12058	supercritical
170.36	647.00	984.98	0.0010152	-40.350	25.336	3.7244	0.83313	1.4710	811.73	-0.031773	0.00010240	0.11987	supercritical
171.36	647.00	981.87	0.0010185	-39.088	26.807	3.7330	0.83168	1.4702	808.68	-0.031602	0.00010143	0.11916	supercritical
172.36	647.00	978.75	0.0010217	-37.828	28.277	3.7416	0.83024	1.4693	805.65	-0.031430	0.00010047	0.11846	supercritical
173.36	647.00	975.64	0.0010250	-36.570	29.745	3.7501	0.82882	1.4684	802.65	-0.031256	9.9528e-05	0.11776	supercritical
174.36	647.00	972.54	0.0010282	-35.314	31.213	3.7585	0.82742	1.4676	799.67	-0.031081	9.8602e-05	0.11708	supercritical
175.36	647.00	969.44	0.0010315	-34.059	32.681	3.7669	0.82602	1.4667	796.71	-0.030904	9.7691e-05	0.11639	supercritical
176.36	647.00	966.34	0.0010348	-32.807	34.147	3.7753	0.82465	1.4658	793.78	-0.030725	9.6795e-05	0.11571	supercritical
177.36	647.00	963.25	0.0010382	-31.557	35.612	3.7835	0.82328	1.4649	790.87	-0.030546	9.5913e-05	0.11504	supercritical
178.36	647.00	960.16	0.0010415	-30.308	37.077	3.7918	0.82193	1.4640	787.99	-0.030365	9.5044e-05	0.11437	supercritical
179.36	647.00	957.08	0.0010448	-29.062	38.540	3.8000	0.82060	1.4631	785.13	-0.030182	9.4190e-05	0.11371	supercritical
180.36	647.00	954.00	0.0010482	-27.817	40.003	3.8081	0.81928	1.4622	782.30	-0.029998	9.3349e-05	0.11305	supercritical
181.36	647.00	950.92	0.0010516	-26.574	41.465	3.8162	0.81797	1.4613	779.49	-0.029813	9.2522e-05	0.11240	supercritical
182.36	647.00	947.86	0.0010550	-25.334	42.925	3.8242	0.81667	1.4604	776.70	-0.029627	9.1708e-05	0.11175	supercritical
183.36	647.00	944.79	0.0010584	-24.095	44.385	3.8322	0.81539	1.4595	773.94	-0.029439	9.0907e-05	0.11111	supercritical
184.36	647.00	941.73	0.0010619	-22.859	45.844	3.8401	0.81412	1.4585	771.20	-0.029250	9.0118e-05	0.11048	supercritical
185.36	647.00	938.68	0.0010653	-21.624	47.302	3.8480	0.81287	1.4576	768.49	-0.029060	8.9342e-05	0.10985	supercritical
186.36	647.00	935.63	0.0010688	-20.391	48.760	3.8559	0.81162	1.4567	765.80	-0.028869	8.8578e-05	0.10922	supercritical
187.36	647.00	932.59	0.0010723	-19.161	50.216	3.8636	0.81039	1.4557	763.13	-0.028677	8.7826e-05	0.10860	supercritical
188.36	647.00	929.55	0.0010758	-17.932	51.671	3.8714	0.80917	1.4548	760.49	-0.028483	8.7085e-05	0.10799	supercritical
189.36	647.00	926.52	0.0010793	-16.706	53.125	3.8791	0.80797	1.4538	757.87	-0.028289	8.6357e-05	0.10738	supercritical
190.36	647.00	923.50	0.0010828	-15.481	54.579	3.8867	0.80678	1.4528	755.28	-0.028093	8.5640e-05	0.10678	supercritical
191.36	647.00	920.48	0.0010864	-14.259	56.031	3.8944	0.80560	1.4518	752.71	-0.027896	8.4934e-05	0.10618	supercritical
192.36	647.00	917.46	0.0010900	-13.038	57.482	3.9019	0.80443	1.4509	750.16	-0.027699	8.4240e-05	0.10559	supercritical
193.36	647.00	914.45	0.0010935	-11.820	58.933	3.9094	0.80327	1.4499	747.64	-0.027500	8.3556e-05	0.10500	supercritical
194.36	647.00	911.45	0.0010972	-10.604	60.382	3.9169	0.80213	1.4489	745.15	-0.027301	8.2883e-05	0.10442	supercritical
195.36	647.00	908.46	0.0011008	-9.3893	61.830	3.9244	0.80099	1.4479	742.67	-0.027101	8.2220e-05	0.10385	supercritical
196.36	647.00	905.47	0.0011044	-8.1770	63.278	3.9317	0.79987	1.4468	740.22	-0.026900	8.1568e-05	0.10328	supercritical
197.36	647.00	902.48	0.0011081	-6.9669	64.724	3.9391	0.79876	1.4458	737.80	-0.026698	8.0927e-05	0.10271	supercritical
198.36	647.00	899.51	0.0011117	-5.7588	66.169	3.9464	0.79767	1.4448	735.40	-0.026496	8.0295e-05	0.10215	supercritical
199.36	647.00	896.54	0.0011154	-4.5529	67.614	3.9537	0.79658	1.4437	733.02	-0.026292	7.9673e-05	0.10160	supercritical
200.36	647.00	893.57	0.0011191	-3.3490	69.057	3.9609	0.79551	1.4427	730.66	-0.026088	7.9061e-05	0.10105	supercritical
201.36	647.00	890.62	0.0011228	-2.1472	70.499	3.9681	0.79444	1.4416	728.33	-0.025884	7.8459e-05	0.10051	supercritical
202.36	647.00	887.67	0.0011265	-0.94750	71.940	3.9752	0.79339	1.4405	726.03	-0.025679	7.7866e-05	0.099972	supercritical
203.36	647.00	884.73	0.0011303	0.25007	73.380	3.9823	0.79235	1.4395	723.74	-0.025473	7.7283e-05	0.099441	supercritical
204.36	647.00	881.79	0.0011341	1.4455	74.819	3.9894	0.79132	1.4384	721.48	-0.025267	7.6708e-05	0.098915	supercritical
205.36	647.00	878.86	0.0011378	2.6389	76.257	3.9964	0.79030	1.4373	719.25	-0.025060	7.6143e-05	0.098394	supercritical
206.36	647.00	875.94	0.0011416	3.8301	77.694	4.0034	0.78929	1.4362	717.04	-0.024853	7.5587e-05	0.097879	supercritical
207.36	647.00	873.03	0.0011454	5.0192	79.129	4.0103	0.78829	1.4351	714.85	-0.024646	7.5039e-05	0.097369	supercritical
208.36	647.00	870.12	0.0011493	6.2062	80.564	4.0172	0.78730	1.4339	712.68	-0.024438	7.4500e-05	0.096865	supercritical
209.36	647.00	867.22	0.0011531	7.3910	81.997	4.0241	0.78633	1.4328	710.54	-0.024230	7.3970e-05	0.096366	supercritical
210.36	647.00	864.33	0.0011570	8.5736	83.429	4.0309	0.78536	1.4317	708.42	-0.024022	7.3447e-05	0.095872	supercritical
211.36	647.00	861.45	0.0011608	9.7542	84.860	4.0377	0.78440	1.4305	706.32	-0.023813	7.2934e-05	0.095384	supercritical
212.36	647.00	858.57	0.0011647	10.933	86.290	4.0444	0.78346	1.4294	704.25	-0.023604	7.2428e-05	0.094901	supercritical
213.36	647.00	855.70	0.0011686	12.109	87.719	4.0511	0.78252	1.4282	702.20	-0.023395	7.1930e-05	0.094423	supercritical
214.36	647.00	852.84	0.0011725	13.283	89.147	4.0578	0.78159	1.4270	700.17	-0.023187	7.1440e-05	0.093951	supercritical
215.36	647.00	849.99	0.0011765	14.455	90.573	4.0644	0.78068	1.4258	698.16	-0.022978	7.0958e-05	0.093483	supercritical
216.36	647.00	847.15	0.0011804	15.624	91.998	4.0710	0.77977	1.4246	696.18	-0.022769	7.0484e-05	0.093021	supercritical
217.36	647.00	844.31	0.0011844	16.792	93.422	4.0776	0.77887	1.4234	694.22	-0.022560	7.0017e-05	0.092564	supercritical
218.36	647.00	841.48	0.0011884	17.957	94.845	4.0841	0.77799	1.4222	692.28	-0.022351	6.9558e-05	0.092113	supercritical
219.36	647.00	838.67	0.0011924	19.120	96.267	4.0906	0.77711	1.4210	690.36	-0.022142	6.9106e-05	0.091666	supercritical
220.36	647.00	835.86	0.0011964	20.281	97.687	4.0971	0.77624	1.4197	688.47	-0.021934	6.8661e-05	0.091225	supercritical
221.36	647.00	833.05	0.0012004	21.440	99.106	4.1035	0.77538	1.4185	686.60	-0.021725	6.8223e-05	0.090788	supercritical
222.36	647.00	830.26	0.0012044	22.597	100.52	4.1099	0.77454	1.4172	684.75	-0.021517	6.7792e-05	0.090357	supercritical
223.36	647.00	827.48	0.0012085	23.751	101.94	4.1163	0.77370	1.4160	682.92	-0.021310	6.7368e-05	0.089931	supercritical
224.36	647.00	824.70	0.0012126	24.904	103.36	4.1226	0.77287	1.4147	681.11	-0.021102	6.6951e-05	0.089509	supercritical
225.36	647.00	821.94	0.0012166	26.054	104.77	4.1289	0.77205	1.4134	679.33	-0.020896	6.6540e-05	0.089093	supercritical
226.36	647.00	819.18	0.0012207	27.201	106.18	4.1351	0.77123	1.4121	677.57	-0.020689	6.6136e-05	0.088681	supercritical
227.36	647.00	816.43	0.0012248	28.347	107.59	4.1414	0.77043	1.4108	675.82	-0.020483	6.5738e-05	0.088275	supercritical
228.36	647.00	813.69	0.0012290	29.490	109.00	4.1475	0.76964	1.4095	674.10	-0.020278	6.5347e-05	0.087873	supercritical
229.36	647.00	810.96	0.0012331	30.632	110.41	4.1537	0.76885	1.4082	672.40	-0.020073	6.4962e-05	0.087476	supercritical
230.36	647.00	808.24	0.0012373	31.771	111.82	4.1598	0.76808	1.4069	670.73	-0.019868	6.4583e-05	0.087084	supercritical
231.36	647.00	805.53	0.0012414	32.908	113.23	4.1659	0.76731	1.4056	669.07	-0.019665	6.4210e-05	0.086697	supercritical
232.36	647.00	802.83	0.0012456	34.042	114.63	4.1720	0.76655	1.4042	667.43	-0.019462	6.3844e-05	0.086314	supercritical
233.36	647.00	800.14	0.0012498	35.175	116.04	4.1780	0.76580	1.4029	665.81	-0.019259	6.3483e-05	0.085936	supercritical
234.36	647.00	797.45	0.0012540	36.305	117.44	4.1840	0.76506	1.4015	664.22	-0.019058	6.3127e-05	0.085562	supercritical
235.36	647.00	794.78	0.0012582	37.433	118.84	4.1900	0.76432	1.4002	662.64	-0.018857	6.2778e-05	0.085194	supercritical
236.36	647.00	792.12	0.0012624	38.558	120.24	4.1959	0.76360	1.3988	661.09	-0.018657	6.2434e-05	0.084829	supercritical
237.36	647.00	789.46	0.0012667	39.682	121.64	4.2018	0.76288	1.3974	659.55	-0.018459	6.2096e-05	0.084470	supercritical
238.36	647.00	786.82	0.0012709	40.803	123.03	4.2077	0.76218	1.3960	658.04	-0.018261	6.1763e-05	0.084114	supercritical
239.36	647.00	784.19	0.0012752	41.922	124.43	4.2135	0.76148	1.3946	656.54	-0.018064	6.1435e-05	0.083763	supercritical
240.36	647.00	781.56	0.0012795	43.039	125.82	4.2193	0.76079	1.3932	655.07	-0.017868	6.1113e-05	0.083417	supercritical
241.36	647.00	778.95	0.0012838	44.154	127.21	4.2251	0.76010	1.3918	653.61	-0.017673	6.0796e-05	0.083075	supercritical
242.36	647.00	776.34	0.0012881	45.267	128.61	4.2309	0.75943	1.3904	652.18	-0.017479	6.0484e-05	0.082737	supercritical
243.36	647.00	773.75	0.0012924	46.377	130.00	4.2366	0.75876	1.3890	650.76	-0.017286	6.0177e-05	0.082404	supercritical
244.36	647.00	771.17	0.0012967	47.485	131.38	4.2423	0.75810	1.3875	649.36	-0.017094	5.9875e-05	0.082074	supercritical
245.36	647.00	768.59	0.0013011	48.591	132.77	4.2479	0.75745	1.3861	647.98	-0.016904	5.9578e-05	0.081749	supercritical
246.36	647.00	766.03	0.0013054	49.695	134.16	4.2536	0.75681	1.3847	646.62	-0.016715	5.9285e-05	0.081428	supercritical
247.36	647.00	763.48	0.0013098	50.796	135.54	4.2592	0.75617	1.3832	645.28	-0.016527	5.8998e-05	0.081112	supercritical
248.36	647.00	760.93	0.0013142	51.896	136.92	4.2648	0.75554	1.3818	643.96	-0.016340	5.8715e-05	0.080799	supercritical
249.36	647.00	758.40	0.0013186	52.993	138.30	4.2703	0.75492	1.3803	642.65	-0.016155	5.8436e-05	0.080490	supercritical
250.36	647.00	755.88	0.0013230	54.088	139.68	4.2758	0.75431	1.3788	641.37	-0.015971	5.8162e-05	0.080185	supercritical
251.36	647.00	753.37	0.0013274	55.180	141.06	4.2813	0.75370	1.3774	640.10	-0.015788	5.7893e-05	0.079884	supercritical
252.36	647.00	750.87	0.0013318	56.271	142.44	4.2868	0.75311	1.3759	638.85	-0.015607	5.7627e-05	0.079587	supercritical
253.36	647.00	748.38	0.0013362	57.359	143.81	4.2922	0.75252	1.3744	637.61	-0.015427	5.7366e-05	0.079294	supercritical
254.36	647.00	745.90	0.0013407	58.446	145.19	4.2976	0.75193	1.3729	636.40	-0.015249	5.7110e-05	0.079005	supercritical
255.36	647.00	743.43	0.0013451	59.530	146.56	4.3030	0.75136	1.3714	635.20	-0.015072	5.6857e-05	0.078719	supercritical
256.36	647.00	740.97	0.0013496	60.611	147.93	4.3084	0.75079	1.3699	634.02	-0.014897	5.6608e-05	0.078438	supercritical
257.36	647.00	738.52	0.0013541	61.691	149.30	4.3137	0.75023	1.3684	632.86	-0.014723	5.6364e-05	0.078160	supercritical
258.36	647.00	736.08	0.0013585	62.769	150.67	4.3190	0.74968	1.3669	631.71	-0.014551	5.6123e-05	0.077885	supercritical
259.36	647.00	733.66	0.0013630	63.844	152.03	4.3243	0.74913	1.3654	630.58	-0.014381	5.5887e-05	0.077614	supercritical
260.36	647.00	731.24	0.0013675	64.917	153.40	4.3295	0.74859	1.3639	629.47	-0.014212	5.5654e-05	0.077347	supercritical
261.36	647.00	728.84	0.0013720	65.989	154.76	4.3348	0.74806	1.3624	628.37	-0.014044	5.5424e-05	0.077086	supercritical
262.36	647.00	726.44	0.0013766	67.058	156.12	4.3400	0.74753	1.3608	627.29	-0.013879	5.5199e-05	0.076828	supercritical
263.36	647.00	724.06	0.0013811	68.125	157.48	4.3451	0.74702	1.3593	626.23	-0.013715	5.4977e-05	0.076574	supercritical
264.36	647.00	721.69	0.0013856	69.189	158.84	4.3503	0.74650	1.3578	625.18	-0.013553	5.4759e-05	0.076324	supercritical
265.36	647.00	719.32	0.0013902	70.252	160.20	4.3554	0.74600	1.3563	624.15	-0.013392	5.4544e-05	0.076077	supercritical
266.36	647.00	716.97	0.0013948	71.312	161.55	4.3605	0.74550	1.3547	623.13	-0.013234	5.4333e-05	0.075834	supercritical
267.36	647.00	714.63	0.0013993	72.371	162.91	4.3656	0.74501	1.3532	622.13	-0.013077	5.4125e-05	0.075593	supercritical
268.36	647.00	712.30	0.0014039	73.427	164.26	4.3706	0.74453	1.3517	621.15	-0.012922	5.3921e-05	0.075356	supercritical
269.36	647.00	709.98	0.0014085	74.482	165.61	4.3757	0.74405	1.3501	620.18	-0.012768	5.3719e-05	0.075123	supercritical
270.36	647.00	707.68	0.0014131	75.534	166.96	4.3807	0.74358	1.3486	619.22	-0.012617	5.3521e-05	0.074892	supercritical
271.36	647.00	705.38	0.0014177	76.584	168.31	4.3856	0.74311	1.3470	618.28	-0.012467	5.3327e-05	0.074665	supercritical
272.36	647.00	703.09	0.0014223	77.632	169.65	4.3906	0.74266	1.3455	617.36	-0.012319	5.3135e-05	0.074441	supercritical
273.36	647.00	700.82	0.0014269	78.678	171.00	4.3955	0.74220	1.3440	616.45	-0.012173	5.2946e-05	0.074220	supercritical
274.36	647.00	698.55	0.0014315	79.722	172.34	4.4004	0.74176	1.3424	615.55	-0.012029	5.2761e-05	0.074002	supercritical
275.36	647.00	696.30	0.0014362	80.764	173.68	4.4053	0.74132	1.3409	614.67	-0.011887	5.2578e-05	0.073787	supercritical
276.36	647.00	694.06	0.0014408	81.804	175.02	4.4102	0.74089	1.3393	613.80	-0.011746	5.2399e-05	0.073576	supercritical
277.36	647.00	691.83	0.0014455	82.841	176.36	4.4150	0.74046	1.3378	612.95	-0.011608	5.2222e-05	0.073367	supercritical
278.36	647.00	689.61	0.0014501	83.877	177.70	4.4198	0.74004	1.3362	612.11	-0.011471	5.2048e-05	0.073161	supercritical
279.36	647.00	687.40	0.0014548	84.911	179.03	4.4246	0.73963	1.3347	611.28	-0.011337	5.1877e-05	0.072958	supercritical
280.36	647.00	685.20	0.0014594	85.943	180.37	4.4294	0.73922	1.3331	610.47	-0.011204	5.1709e-05	0.072758	supercritical
281.36	647.00	683.01	0.0014641	86.973	181.70	4.4341	0.73882	1.3316	609.67	-0.011073	5.1543e-05	0.072560	supercritical
282.36	647.00	680.83	0.0014688	88.000	183.03	4.4388	0.73843	1.3301	608.89	-0.010945	5.1380e-05	0.072365	supercritical
283.36	647.00	678.66	0.0014735	89.026	184.36	4.4435	0.73804	1.3285	608.12	-0.010818	5.1220e-05	0.072174	supercritical
284.36	647.00	676.51	0.0014782	90.050	185.69	4.4482	0.73765	1.3270	607.36	-0.010693	5.1062e-05	0.071984	supercritical
285.36	647.00	674.36	0.0014829	91.072	187.01	4.4529	0.73728	1.3254	606.61	-0.010570	5.0907e-05	0.071798	supercritical
286.36	647.00	672.23	0.0014876	92.092	188.34	4.4575	0.73690	1.3239	605.88	-0.010449	5.0754e-05	0.071614	supercritical
287.36	647.00	670.10	0.0014923	93.110	189.66	4.4621	0.73654	1.3224	605.16	-0.010330	5.0604e-05	0.071433	supercritical
288.36	647.00	667.99	0.0014970	94.126	190.98	4.4667	0.73618	1.3208	604.45	-0.010213	5.0456e-05	0.071254	supercritical
289.36	647.00	665.89	0.0015018	95.141	192.30	4.4713	0.73583	1.3193	603.75	-0.010098	5.0311e-05	0.071078	supercritical
290.36	647.00	663.80	0.0015065	96.153	193.62	4.4758	0.73548	1.3178	603.07	-0.0099849	5.0167e-05	0.070904	supercritical
291.36	647.00	661.71	0.0015112	97.164	194.94	4.4803	0.73514	1.3162	602.39	-0.0098738	5.0027e-05	0.070733	supercritical
292.36	647.00	659.64	0.0015160	98.172	196.26	4.4849	0.73480	1.3147	601.73	-0.0097647	4.9888e-05	0.070564	supercritical
293.36	647.00	657.58	0.0015207	99.179	197.57	4.4893	0.73447	1.3132	601.09	-0.0096576	4.9752e-05	0.070398	supercritical
294.36	647.00	655.53	0.0015255	100.18	198.88	4.4938	0.73414	1.3117	600.45	-0.0095525	4.9618e-05	0.070233	supercritical
295.36	647.00	653.50	0.0015302	101.19	200.19	4.4982	0.73382	1.3102	599.82	-0.0094493	4.9486e-05	0.069894	supercritical
296.36	647.00	651.47	0.0015350	102.19	201.50	4.5027	0.73351	1.3087	599.21	-0.0093481	4.9356e-05	0.069725	supercritical
297.36	647.00	649.45	0.0015398	103.19	202.81	4.5071	0.73320	1.3071	598.60	-0.0092488	4.9228e-05	0.069559	supercritical
298.36	647.00	647.44	0.0015445	104.18	204.12	4.5115	0.73290	1.3056	598.01	-0.0091515	4.9102e-05	0.069395	supercritical
299.36	647.00	645.45	0.0015493	105.18	205.42	4.5158	0.73260	1.3041	597.43	-0.0090562	4.8979e-05	0.069232	supercritical
300.36	647.00	643.46	0.0015541	106.17	206.72	4.5202	0.73231	1.3026	596.86	-0.0089629	4.8857e-05	0.069071	supercritical
301.36	647.00	641.48	0.0015589	107.17	208.03	4.5245	0.73202	1.3012	596.30	-0.0088715	4.8737e-05	0.068911	supercritical
302.36	647.00	639.52	0.0015637	108.16	209.33	4.5288	0.73174	1.2997	595.75	-0.0087820	4.8620e-05	0.068753	supercritical
303.36	647.00	637.56	0.0015685	109.15	210.63	4.5331	0.73146	1.2982	595.21	-0.0086945	4.8504e-05	0.068595	supercritical
304.36	647.00	635.62	0.0015733	110.13	211.92	4.5374	0.73119	1.2967	594.68	-0.0086089	4.8390e-05	0.068439	supercritical
305.36	647.00	633.68	0.0015781	111.12	213.22	4.5416	0.73092	1.2952	594.16	-0.0085253	4.8277e-05	0.068283	supercritical
306.36	647.00	631.76	0.0015829	112.10	214.51	4.5459	0.73066	1.2938	593.65	-0.0084435	4.8167e-05	0.068126	supercritical
307.36	647.00	629.84	0.0015877	113.08	215.81	4.5501	0.73040	1.2923	593.15	-0.0083637	4.8059e-05	0.067968	supercritical
308.36	647.00	627.94	0.0015925	114.06	217.10	4.5543	0.73015	1.2908	592.66	-0.0082858	4.7952e-05	0.067804	supercritical
309.36	647.00	626.04	0.0015973	115.04	218.39	4.5584	0.72991	1.2894	592.18	-0.0082098	4.7847e-05	0.067612	supercritical
310.36	647.00	624.16	0.0016022	116.02	219.68	4.5626	0.72967	1.2879	591.71	-0.0081357	4.7743e-05	0.067481	supercritical
311.36	647.00	622.28	0.0016070	116.99	220.96	4.5667	0.72943	1.2865	591.25	-0.0080634	4.7642e-05	0.067352	supercritical
312.36	647.00	620.42	0.0016118	117.97	222.25	4.5709	0.72920	1.2850	590.80	-0.0079931	4.7541e-05	0.067225	supercritical
313.36	647.00	618.56	0.0016166	118.94	223.53	4.5750	0.72897	1.2836	590.36	-0.0079246	4.7443e-05	0.067100	supercritical
314.36	647.00	616.72	0.0016215	119.91	224.82	4.5791	0.72875	1.2822	589.92	-0.0078579	4.7346e-05	0.066976	supercritical
315.36	647.00	614.88	0.0016263	120.88	226.10	4.5831	0.72853	1.2808	589.50	-0.0077931	4.7251e-05	0.066855	supercritical
316.36	647.00	613.06	0.0016312	121.84	227.38	4.5872	0.72832	1.2793	589.08	-0.0077301	4.7157e-05	0.066735	supercritical
317.36	647.00	611.24	0.0016360	122.81	228.66	4.5912	0.72811	1.2779	588.67	-0.0076690	4.7065e-05	0.066617	supercritical
318.36	647.00	609.44	0.0016409	123.77	229.93	4.5952	0.72791	1.2765	588.27	-0.0076096	4.6974e-05	0.066500	supercritical
319.36	647.00	607.64	0.0016457	124.73	231.21	4.5992	0.72771	1.2751	587.88	-0.0075521	4.6885e-05	0.066386	supercritical
320.36	647.00	605.86	0.0016506	125.69	232.48	4.6032	0.72752	1.2737	587.50	-0.0074963	4.6797e-05	0.066273	supercritical
321.36	647.00	604.08	0.0016554	126.65	233.76	4.6072	0.72733	1.2724	587.13	-0.0074424	4.6711e-05	0.066162	supercritical
322.36	647.00	602.31	0.0016603	127.61	235.03	4.6111	0.72714	1.2710	586.76	-0.0073901	4.6626e-05	0.066052	supercritical
323.36	647.00	600.55	0.0016651	128.57	236.30	4.6151	0.72696	1.2696	586.40	-0.0073397	4.6543e-05	0.065944	supercritical
324.36	647.00	598.80	0.0016700	129.52	237.57	4.6190	0.72679	1.2683	586.05	-0.0072909	4.6460e-05	0.065837	supercritical
325.36	647.00	597.06	0.0016749	130.47	238.84	4.6229	0.72662	1.2669	585.71	-0.0072440	4.6380e-05	0.065732	supercritical
326.36	647.00	595.33	0.0016797	131.42	240.10	4.6268	0.72645	1.2655	585.38	-0.0071987	4.6300e-05	0.065629	supercritical
327.36	647.00	593.61	0.0016846	132.37	241.37	4.6306	0.72629	1.2642	585.05	-0.0071551	4.6222e-05	0.065527	supercritical
328.36	647.00	591.90	0.0016895	133.32	242.63	4.6345	0.72613	1.2629	584.73	-0.0071132	4.6145e-05	0.065427	supercritical
329.36	647.00	590.20	0.0016943	134.27	243.89	4.6383	0.72598	1.2615	584.42	-0.0070730	4.6070e-05	0.065328	supercritical
330.36	647.00	588.51	0.0016992	135.22	245.15	4.6422	0.72583	1.2602	584.11	-0.0070344	4.5995e-05	0.065231	supercritical
331.36	647.00	586.82	0.0017041	136.16	246.41	4.6460	0.72568	1.2589	583.81	-0.0069975	4.5922e-05	0.065135	supercritical
332.36	647.00	585.15	0.0017090	137.10	247.67	4.6498	0.72554	1.2576	583.52	-0.0069622	4.5850e-05	0.065040	supercritical
333.36	647.00	583.48	0.0017138	138.04	248.93	4.6535	0.72540	1.2563	583.24	-0.0069286	4.5780e-05	0.064947	supercritical
334.36	647.00	581.83	0.0017187	138.98	250.18	4.6573	0.72527	1.2550	582.96	-0.0068965	4.5710e-05	0.064856	supercritical
335.36	647.00	580.18	0.0017236	139.92	251.44	4.6610	0.72514	1.2537	582.69	-0.0068661	4.5642e-05	0.064765	supercritical
336.36	647.00	578.54	0.0017285	140.86	252.69	4.6648	0.72502	1.2524	582.43	-0.0068372	4.5575e-05	0.064676	supercritical
337.36	647.00	576.91	0.0017334	141.79	253.94	4.6685	0.72490	1.2511	582.17	-0.0068099	4.5509e-05	0.064589	supercritical
338.36	647.00	575.29	0.0017383	142.73	255.19	4.6722	0.72478	1.2499	581.92	-0.0067841	4.5444e-05	0.064503	supercritical
339.36	647.00	573.67	0.0017432	143.66	256.44	4.6759	0.72467	1.2486	581.68	-0.0067599	4.5380e-05	0.064418	supercritical
340.36	647.00	572.07	0.0017480	144.59	257.69	4.6796	0.72456	1.2474	581.44	-0.0067372	4.5317e-05	0.064334	supercritical
341.36	647.00	570.47	0.0017529	145.52	258.94	4.6832	0.72445	1.2461	581.21	-0.0067160	4.5256e-05	0.064252	supercritical
342.36	647.00	568.89	0.0017578	146.45	260.18	4.6869	0.72435	1.2449	580.99	-0.0066962	4.5195e-05	0.064171	supercritical
343.36	647.00	567.31	0.0017627	147.38	261.43	4.6905	0.72425	1.2437	580.77	-0.0066780	4.5135e-05	0.064091	supercritical
344.36	647.00	565.74	0.0017676	148.31	262.67	4.6941	0.72416	1.2425	580.55	-0.0066612	4.5077e-05	0.064012	supercritical
345.36	647.00	564.18	0.0017725	149.23	263.91	4.6977	0.72407	1.2412	580.35	-0.0066459	4.5019e-05	0.063935	supercritical
346.36	647.00	562.62	0.0017774	150.16	265.15	4.7013	0.72398	1.2400	580.15	-0.0066320	4.4963e-05	0.063859	supercritical
347.36	647.00	561.08	0.0017823	151.08	266.39	4.7049	0.72390	1.2388	579.95	-0.0066196	4.4907e-05	0.063783	supercritical
348.36	647.00	559.54	0.0017872	152.00	267.63	4.7084	0.72382	1.2377	579.76	-0.0066085	4.4853e-05	0.063710	supercritical
349.36	647.00	558.01	0.0017921	152.92	268.87	4.7120	0.72375	1.2365	579.58	-0.0065988	4.4799e-05	0.063637	supercritical
350.36	647.00	556.49	0.0017970	153.84	270.10	4.7155	0.72368	1.2353	579.40	-0.0065905	4.4746e-05	0.063565	supercritical
351.36	647.00	554.98	0.0018019	154.76	271.34	4.7190	0.72361	1.2341	579.23	-0.0065836	4.4694e-05	0.063495	supercritical
352.36	647.00	553.48	0.0018068	155.67	272.57	4.7225	0.72354	1.2330	579.06	-0.0065780	4.4643e-05	0.063426	supercritical
353.36	647.00	551.98	0.0018117	156.59	273.80	4.7260	0.72348	1.2318	578.90	-0.0065738	4.4593e-05	0.063357	supercritical
354.36	647.00	550.49	0.0018166	157.50	275.04	4.7295	0.72343	1.2307	578.74	-0.0065708	4.4544e-05	0.063290	supercritical
355.36	647.00	549.01	0.0018215	158.42	276.27	4.7330	0.72337	1.2295	578.59	-0.0065692	4.4496e-05	0.063224	supercritical
356.36	647.00	547.54	0.0018264	159.33	277.50	4.7364	0.72332	1.2284	578.45	-0.0065688	4.4449e-05	0.063159	supercritical
357.36	647.00	546.07	0.0018313	160.24	278.72	4.7399	0.72327	1.2273	578.30	-0.0065697	4.4402e-05	0.063095	supercritical
358.36	647.00	544.62	0.0018362	161.15	279.95	4.7433	0.72323	1.2262	578.17	-0.0065719	4.4357e-05	0.063032	supercritical
359.36	647.00	543.17	0.0018411	162.06	281.18	4.7467	0.72319	1.2251	578.04	-0.0065753	4.4312e-05	0.062971	supercritical
360.36	647.00	541.73	0.0018460	162.97	282.40	4.7501	0.72315	1.2240	577.91	-0.0065800	4.4268e-05	0.062910	supercritical
361.36	647.00	540.29	0.0018509	163.87	283.62	4.7535	0.72312	1.2229	577.79	-0.0065859	4.4225e-05	0.062850	supercritical
362.36	647.00	538.87	0.0018558	164.78	284.85	4.7569	0.72309	1.2218	577.67	-0.0065929	4.4182e-05	0.062791	supercritical
363.36	647.00	537.45	0.0018606	165.68	286.07	4.7602	0.72306	1.2207	577.56	-0.0066012	4.4141e-05	0.062733	supercritical
364.36	647.00	536.04	0.0018655	166.59	287.29	4.7636	0.72304	1.2197	577.45	-0.0066106	4.4100e-05	0.062676	supercritical
365.36	647.00	534.63	0.0018704	167.49	288.51	4.7669	0.72302	1.2186	577.35	-0.0066212	4.4060e-05	0.062620	supercritical
366.36	647.00	533.23	0.0018753	168.39	289.72	4.7703	0.72300	1.2176	577.25	-0.0066330	4.4020e-05	0.062565	supercritical
367.36	647.00	531.85	0.0018802	169.29	290.94	4.7736	0.72298	1.2165	577.16	-0.0066458	4.3982e-05	0.062511	supercritical
368.36	647.00	530.46	0.0018851	170.19	292.16	4.7769	0.72297	1.2155	577.07	-0.0066598	4.3944e-05	0.062458	supercritical
369.36	647.00	529.09	0.0018900	171.09	293.37	4.7802	0.72296	1.2145	576.98	-0.0066749	4.3907e-05	0.062406	supercritical
370.36	647.00	527.72	0.0018949	171.98	294.59	4.7835	0.72296	1.2134	576.90	-0.0066911	4.3871e-05	0.062354	supercritical
371.36	647.00	526.36	0.0018998	172.88	295.80	4.7867	0.72296	1.2124	576.82	-0.0067083	4.3835e-05	0.062304	supercritical
372.36	647.00	525.01	0.0019047	173.78	297.01	4.7900	0.72296	1.2114	576.75	-0.0067266	4.3800e-05	0.062254	supercritical
373.36	647.00	523.66	0.0019096	174.67	298.22	4.7932	0.72296	1.2104	576.68	-0.0067460	4.3766e-05	0.062205	supercritical
374.36	647.00	522.32	0.0019145	175.56	299.43	4.7965	0.72297	1.2094	576.62	-0.0067664	4.3732e-05	0.062158	supercritical
375.36	647.00	520.99	0.0019194	176.45	300.64	4.7997	0.72297	1.2085	576.56	-0.0067878	4.3699e-05	0.062110	supercritical
376.36	647.00	519.67	0.0019243	177.35	301.85	4.8029	0.72299	1.2075	576.50	-0.0068102	4.3667e-05	0.062064	supercritical
377.36	647.00	518.35	0.0019292	178.24	303.06	4.8061	0.72300	1.2065	576.45	-0.0068336	4.3635e-05	0.062019	supercritical
378.36	647.00	517.04	0.0019341	179.13	304.26	4.8093	0.72302	1.2056	576.40	-0.0068580	4.3604e-05	0.061974	supercritical
379.36	647.00	515.73	0.0019390	180.01	305.47	4.8125	0.72304	1.2046	576.35	-0.0068834	4.3574e-05	0.061931	supercritical
380.36	647.00	514.43	0.0019439	180.90	306.67	4.8157	0.72306	1.2037	576.31	-0.0069097	4.3544e-05	0.061888	supercritical
381.36	647.00	513.14	0.0019488	181.79	307.87	4.8188	0.72309	1.2027	576.27	-0.0069369	4.3515e-05	0.061846	supercritical
382.36	647.00	511.86	0.0019537	182.67	309.08	4.8220	0.72312	1.2018	576.24	-0.0069651	4.3486e-05	0.061804	supercritical
383.36	647.00	510.58	0.0019586	183.56	310.28	4.8251	0.72315	1.2009	576.20	-0.0069942	4.3459e-05	0.061764	supercritical
384.36	647.00	509.31	0.0019634	184.44	311.48	4.8282	0.72318	1.2000	576.18	-0.0070243	4.3431e-05	0.061724	supercritical
385.36	647.00	508.04	0.0019683	185.33	312.68	4.8313	0.72322	1.1991	576.15	-0.0070552	4.3405e-05	0.061685	supercritical
386.36	647.00	506.78	0.0019732	186.21	313.88	4.8345	0.72326	1.1982	576.13	-0.0070870	4.3378e-05	0.061647	supercritical
387.36	647.00	505.53	0.0019781	187.09	315.07	4.8375	0.72330	1.1973	576.11	-0.0071196	4.3353e-05	0.061609	supercritical
388.36	647.00	504.29	0.0019830	187.97	316.27	4.8406	0.72334	1.1964	576.10	-0.0071531	4.3328e-05	0.061573	supercritical
389.36	647.00	503.05	0.0019879	188.85	317.47	4.8437	0.72339	1.1955	576.09	-0.0071875	4.3303e-05	0.061537	supercritical
390.36	647.00	501.81	0.0019928	189.73	318.66	4.8468	0.72344	1.1946	576.08	-0.0072227	4.3280e-05	0.061501	supercritical
391.36	647.00	500.59	0.0019977	190.61	319.86	4.8498	0.72349	1.1938	576.08	-0.0072587	4.3256e-05	0.061467	supercritical
392.36	647.00	499.37	0.0020025	191.49	321.05	4.8529	0.72354	1.1929	576.08	-0.0072955	4.3233e-05	0.061433	supercritical
393.36	647.00	498.15	0.0020074	192.36	322.24	4.8559	0.72360	1.1921	576.08	-0.0073331	4.3211e-05	0.061400	supercritical
394.36	647.00	496.94	0.0020123	193.24	323.43	4.8589	0.72366	1.1912	576.08	-0.0073715	4.3190e-05	0.061367	supercritical
395.36	647.00	495.74	0.0020172	194.11	324.63	4.8620	0.72372	1.1904	576.09	-0.0074106	4.3168e-05	0.061335	supercritical
396.36	647.00	494.55	0.0020221	194.99	325.82	4.8650	0.72378	1.1896	576.10	-0.0074505	4.3148e-05	0.061304	supercritical
397.36	647.00	493.36	0.0020269	195.86	327.00	4.8680	0.72385	1.1888	576.12	-0.0074912	4.3127e-05	0.061274	supercritical
398.36	647.00	492.17	0.0020318	196.73	328.19	4.8709	0.72392	1.1879	576.13	-0.0075326	4.3108e-05	0.061244	supercritical
399.36	647.00	490.99	0.0020367	197.61	329.38	4.8739	0.72399	1.1871	576.15	-0.0075748	4.3089e-05	0.061215	supercritical
400.36	647.00	489.82	0.0020416	198.48	330.57	4.8769	0.72406	1.1863	576.18	-0.0076176	4.3070e-05	0.061186	supercritical
401.36	647.00	488.66	0.0020464	199.35	331.75	4.8798	0.72414	1.1855	576.20	-0.0076612	4.3052e-05	0.061159	supercritical
402.36	647.00	487.50	0.0020513	200.22	332.94	4.8828	0.72421	1.1848	576.23	-0.0077055	4.3034e-05	0.061131	supercritical
403.36	647.00	486.34	0.0020562	201.09	334.12	4.8857	0.72429	1.1840	576.26	-0.0077504	4.3017e-05	0.061105	supercritical
404.36	647.00	485.19	0.0020610	201.96	335.31	4.8887	0.72437	1.1832	576.29	-0.0077960	4.3000e-05	0.061079	supercritical
405.36	647.00	484.05	0.0020659	202.82	336.49	4.8916	0.72446	1.1824	576.33	-0.0078423	4.2984e-05	0.061053	supercritical
406.36	647.00	482.91	0.0020708	203.69	337.67	4.8945	0.72454	1.1817	576.37	-0.0078892	4.2968e-05	0.061029	supercritical
407.36	647.00	481.78	0.0020756	204.56	338.85	4.8974	0.72463	1.1809	576.41	-0.0079368	4.2952e-05	0.061005	supercritical
408.36	647.00	480.65	0.0020805	205.42	340.03	4.9003	0.72472	1.1802	576.45	-0.0079850	4.2937e-05	0.060981	supercritical
409.36	647.00	479.53	0.0020854	206.29	341.21	4.9032	0.72481	1.1794	576.50	-0.0080339	4.2923e-05	0.060958	supercritical
410.36	647.00	478.42	0.0020902	207.15	342.39	4.9061	0.72491	1.1787	576.55	-0.0080833	4.2909e-05	0.060936	supercritical
411.36	647.00	477.31	0.0020951	208.02	343.57	4.9089	0.72500	1.1780	576.60	-0.0081334	4.2895e-05	0.060914	supercritical
412.36	647.00	476.20	0.0021000	208.88	344.75	4.9118	0.72510	1.1773	576.65	-0.0081840	4.2882e-05	0.060893	supercritical
413.36	647.00	475.10	0.0021048	209.74	345.92	4.9146	0.72520	1.1765	576.71	-0.0082352	4.2869e-05	0.060872	supercritical
414.36	647.00	474.01	0.0021097	210.60	347.10	4.9175	0.72530	1.1758	576.77	-0.0082870	4.2857e-05	0.060852	supercritical
415.36	647.00	472.92	0.0021145	211.47	348.28	4.9203	0.72541	1.1751	576.83	-0.0083394	4.2845e-05	0.060833	supercritical
416.36	647.00	471.84	0.0021194	212.33	349.45	4.9231	0.72551	1.1744	576.89	-0.0083923	4.2833e-05	0.060814	supercritical
417.36	647.00	470.76	0.0021242	213.19	350.62	4.9260	0.72562	1.1737	576.96	-0.0084458	4.2822e-05	0.060795	supercritical
418.36	647.00	469.69	0.0021291	214.05	351.80	4.9288	0.72573	1.1731	577.02	-0.0084998	4.2811e-05	0.060778	supercritical
419.36	647.00	468.62	0.0021339	214.91	352.97	4.9316	0.72584	1.1724	577.09	-0.0085544	4.2801e-05	0.060760	supercritical
420.36	647.00	467.56	0.0021388	215.76	354.14	4.9344	0.72596	1.1717	577.17	-0.0086094	4.2791e-05	0.060744	supercritical
421.36	647.00	466.50	0.0021436	216.62	355.31	4.9371	0.72607	1.1711	577.24	-0.0086650	4.2781e-05	0.060727	supercritical
422.36	647.00	465.45	0.0021485	217.48	356.49	4.9399	0.72619	1.1704	577.32	-0.0087211	4.2772e-05	0.060712	supercritical
423.36	647.00	464.40	0.0021533	218.34	357.66	4.9427	0.72631	1.1697	577.39	-0.0087776	4.2763e-05	0.060696	supercritical
424.36	647.00	463.36	0.0021582	219.19	358.82	4.9454	0.72643	1.1691	577.47	-0.0088347	4.2754e-05	0.060682	supercritical
425.36	647.00	462.32	0.0021630	220.05	359.99	4.9482	0.72655	1.1685	577.56	-0.0088922	4.2746e-05	0.060667	supercritical
426.36	647.00	461.29	0.0021678	220.90	361.16	4.9509	0.72667	1.1678	577.64	-0.0089502	4.2738e-05	0.060654	supercritical
427.36	647.00	460.26	0.0021727	221.76	362.33	4.9537	0.72680	1.1672	577.73	-0.0090086	4.2731e-05	0.060641	supercritical
428.36	647.00	459.24	0.0021775	222.61	363.50	4.9564	0.72693	1.1666	577.82	-0.0090676	4.2724e-05	0.060628	supercritical
429.36	647.00	458.22	0.0021824	223.46	364.66	4.9591	0.72706	1.1660	577.91	-0.0091269	4.2717e-05	0.060616	supercritical
430.36	647.00	457.21	0.0021872	224.32	365.83	4.9618	0.72719	1.1653	578.00	-0.0091867	4.2711e-05	0.060604	supercritical
431.36	647.00	456.20	0.0021920	225.17	366.99	4.9645	0.72732	1.1647	578.09	-0.0092469	4.2705e-05	0.060593	supercritical
432.36	647.00	455.20	0.0021969	226.02	368.16	4.9672	0.72745	1.1641	578.19	-0.0093075	4.2699e-05	0.060582	supercritical
433.36	647.00	454.20	0.0022017	226.87	369.32	4.9699	0.72759	1.1635	578.29	-0.0093686	4.2693e-05	0.060572	supercritical
434.36	647.00	453.20	0.0022065	227.72	370.48	4.9726	0.72773	1.1629	578.39	-0.0094300	4.2688e-05	0.060562	supercritical
435.36	647.00	452.22	0.0022113	228.57	371.65	4.9753	0.72786	1.1624	578.49	-0.0094919	4.2684e-05	0.060552	supercritical
436.36	647.00	451.23	0.0022162	229.42	372.81	4.9779	0.72800	1.1618	578.59	-0.0095541	4.2679e-05	0.060543	supercritical
437.36	647.00	450.25	0.0022210	230.27	373.97	4.9806	0.72815	1.1612	578.69	-0.0096167	4.2675e-05	0.060535	supercritical
438.36	647.00	449.28	0.0022258	231.12	375.13	4.9832	0.72829	1.1606	578.80	-0.0096797	4.2671e-05	0.060527	supercritical
439.36	647.00	448.30	0.0022306	231.97	376.29	4.9859	0.72843	1.1601	578.91	-0.0097431	4.2668e-05	0.060519	supercritical
440.36	647.00	447.34	0.0022354	232.82	377.45	4.9885	0.72858	1.1595	579.02	-0.0098068	4.2665e-05	0.060512	supercritical
441.36	647.00	446.38	0.0022403	233.67	378.61	4.9912	0.72873	1.1590	579.13	-0.0098709	4.2662e-05	0.060505	supercritical
442.36	647.00	445.42	0.0022451	234.51	379.77	4.9938	0.72888	1.1584	579.24	-0.0099353	4.2659e-05	0.060499	supercritical
443.36	647.00	444.47	0.0022499	235.36	380.93	4.9964	0.72903	1.1579	579.36	-0.010000	4.2657e-05	0.060493	supercritical
444.36	647.00	443.52	0.0022547	236.21	382.09	4.9990	0.72918	1.1574	579.48	-0.010065	4.2655e-05	0.060488	supercritical
445.36	647.00	442.57	0.0022595	237.05	383.24	5.0016	0.72933	1.1568	579.59	-0.010131	4.2653e-05	0.060483	supercritical
446.36	647.00	441.63	0.0022643	237.90	384.40	5.0042	0.72949	1.1563	579.71	-0.010196	4.2652e-05	0.060478	supercritical
447.36	647.00	440.70	0.0022691	238.74	385.56	5.0068	0.72964	1.1558	579.83	-0.010262	4.2651e-05	0.060474	supercritical
448.36	647.00	439.76	0.0022739	239.59	386.71	5.0094	0.72980	1.1553	579.96	-0.010329	4.2650e-05	0.060470	supercritical
449.36	647.00	438.84	0.0022787	240.43	387.87	5.0119	0.72996	1.1548	580.08	-0.010395	4.2650e-05	0.060467	supercritical
450.36	647.00	437.91	0.0022836	241.27	389.02	5.0145	0.73012	1.1543	580.21	-0.010462	4.2649e-05	0.060464	supercritical
451.36	647.00	437.00	0.0022884	242.12	390.17	5.0171	0.73028	1.1538	580.33	-0.010530	4.2649e-05	0.060461	supercritical
452.36	647.00	436.08	0.0022932	242.96	391.33	5.0196	0.73044	1.1533	580.46	-0.010597	4.2650e-05	0.060459	supercritical
453.36	647.00	435.17	0.0022980	243.80	392.48	5.0222	0.73061	1.1528	580.59	-0.010665	4.2650e-05	0.060457	supercritical
454.36	647.00	434.26	0.0023027	244.65	393.63	5.0247	0.73077	1.1523	580.72	-0.010733	4.2651e-05	0.060456	supercritical
455.36	647.00	433.36	0.0023075	245.49	394.79	5.0272	0.73094	1.1518	580.86	-0.010802	4.2652e-05	0.060455	supercritical
456.36	647.00	432.46	0.0023123	246.33	395.94	5.0298	0.73110	1.1513	580.99	-0.010870	4.2653e-05	0.060454	supercritical
457.36	647.00	431.57	0.0023171	247.17	397.09	5.0323	0.73127	1.1509	581.12	-0.010939	4.2655e-05	0.060454	supercritical
458.36	647.00	430.68	0.0023219	248.01	398.24	5.0348	0.73144	1.1504	581.26	-0.011008	4.2657e-05	0.060454	supercritical
459.36	647.00	429.79	0.0023267	248.85	399.39	5.0373	0.73161	1.1499	581.40	-0.011077	4.2659e-05	0.060455	supercritical
460.36	647.00	428.91	0.0023315	249.69	400.54	5.0398	0.73178	1.1495	581.54	-0.011147	4.2661e-05	0.060456	supercritical
461.36	647.00	428.03	0.0023363	250.53	401.69	5.0423	0.73196	1.1490	581.68	-0.011217	4.2664e-05	0.060457	supercritical
462.36	647.00	427.16	0.0023411	251.37	402.84	5.0448	0.73213	1.1486	581.82	-0.011287	4.2667e-05	0.060458	supercritical
463.36	647.00	426.29	0.0023458	252.21	403.98	5.0473	0.73231	1.1481	581.96	-0.011357	4.2670e-05	0.060460	supercritical
464.36	647.00	425.42	0.0023506	253.05	405.13	5.0497	0.73248	1.1477	582.11	-0.011428	4.2673e-05	0.060463	supercritical
465.36	647.00	424.56	0.0023554	253.89	406.28	5.0522	0.73266	1.1473	582.25	-0.011498	4.2677e-05	0.060465	supercritical
466.36	647.00	423.70	0.0023602	254.72	407.43	5.0547	0.73284	1.1468	582.40	-0.011569	4.2680e-05	0.060468	supercritical
467.36	647.00	422.84	0.0023650	255.56	408.57	5.0571	0.73302	1.1464	582.55	-0.011640	4.2684e-05	0.060472	supercritical
468.36	647.00	421.99	0.0023697	256.40	409.72	5.0596	0.73320	1.1460	582.70	-0.011712	4.2689e-05	0.060475	supercritical
469.36	647.00	421.14	0.0023745	257.24	410.87	5.0620	0.73338	1.1456	582.85	-0.011783	4.2693e-05	0.060479	supercritical
470.36	647.00	420.30	0.0023793	258.07	412.01	5.0645	0.73356	1.1451	583.00	-0.011855	4.2698e-05	0.060484	supercritical
471.36	647.00	419.46	0.0023840	258.91	413.16	5.0669	0.73375	1.1447	583.15	-0.011927	4.2703e-05	0.060488	supercritical
472.36	647.00	418.62	0.0023888	259.74	414.30	5.0693	0.73393	1.1443	583.31	-0.011999	4.2708e-05	0.060493	supercritical
473.36	647.00	417.79	0.0023936	260.58	415.44	5.0717	0.73412	1.1439	583.46	-0.012071	4.2713e-05	0.060499	supercritical
474.36	647.00	416.96	0.0023983	261.42	416.59	5.0741	0.73430	1.1435	583.62	-0.012143	4.2719e-05	0.060504	supercritical
475.36	647.00	416.13	0.0024031	262.25	417.73	5.0766	0.73449	1.1431	583.78	-0.012216	4.2724e-05	0.060510	supercritical
476.36	647.00	415.31	0.0024079	263.09	418.87	5.0790	0.73468	1.1428	583.93	-0.012289	4.2730e-05	0.060516	supercritical
477.36	647.00	414.49	0.0024126	263.92	420.02	5.0813	0.73487	1.1424	584.09	-0.012361	4.2737e-05	0.060523	supercritical
478.36	647.00	413.67	0.0024174	264.76	421.16	5.0837	0.73506	1.1420	584.25	-0.012434	4.2743e-05	0.060530	supercritical
479.36	647.00	412.86	0.0024221	265.59	422.30	5.0861	0.73525	1.1416	584.41	-0.012508	4.2749e-05	0.060537	supercritical
480.36	647.00	412.05	0.0024269	266.42	423.44	5.0885	0.73544	1.1412	584.58	-0.012581	4.2756e-05	0.060545	supercritical
481.36	647.00	411.24	0.0024316	267.26	424.58	5.0909	0.73563	1.1409	584.74	-0.012654	4.2763e-05	0.060553	supercritical
482.36	647.00	410.44	0.0024364	268.09	425.72	5.0932	0.73583	1.1405	584.90	-0.012728	4.2770e-05	0.060561	supercritical
483.36	647.00	409.64	0.0024411	268.92	426.86	5.0956	0.73602	1.1402	585.07	-0.012802	4.2778e-05	0.060569	supercritical
484.36	647.00	408.85	0.0024459	269.76	428.00	5.0980	0.73622	1.1398	585.24	-0.012875	4.2785e-05	0.060578	supercritical
485.36	647.00	408.06	0.0024506	270.59	429.14	5.1003	0.73641	1.1394	585.40	-0.012949	4.2793e-05	0.060587	supercritical
486.36	647.00	407.27	0.0024554	271.42	430.28	5.1027	0.73661	1.1391	585.57	-0.013023	4.2801e-05	0.060596	supercritical
487.36	647.00	406.48	0.0024601	272.25	431.42	5.1050	0.73681	1.1387	585.74	-0.013097	4.2809e-05	0.060606	supercritical
488.36	647.00	405.70	0.0024649	273.08	432.56	5.1073	0.73701	1.1384	585.91	-0.013172	4.2818e-05	0.060616	supercritical
489.36	647.00	404.92	0.0024696	273.92	433.70	5.1097	0.73721	1.1381	586.08	-0.013246	4.2826e-05	0.060626	supercritical
490.36	647.00	404.15	0.0024743	274.75	434.84	5.1120	0.73741	1.1377	586.25	-0.013321	4.2835e-05	0.060636	supercritical
491.36	647.00	403.38	0.0024791	275.58	435.97	5.1143	0.73761	1.1374	586.43	-0.013395	4.2844e-05	0.060647	supercritical
492.36	647.00	402.61	0.0024838	276.41	437.11	5.1166	0.73781	1.1371	586.60	-0.013470	4.2853e-05	0.060658	supercritical
493.36	647.00	401.84	0.0024885	277.24	438.25	5.1189	0.73801	1.1368	586.77	-0.013545	4.2862e-05	0.060669	supercritical
494.36	647.00	401.08	0.0024933	278.07	439.39	5.1212	0.73821	1.1364	586.95	-0.013619	4.2871e-05	0.060681	supercritical
495.36	647.00	400.32	0.0024980	278.90	440.52	5.1235	0.73842	1.1361	587.13	-0.013694	4.2881e-05	0.060693	supercritical
496.36	647.00	399.56	0.0025027	279.73	441.66	5.1258	0.73862	1.1358	587.30	-0.013769	4.2891e-05	0.060705	supercritical
497.36	647.00	398.81	0.0025075	280.56	442.79	5.1281	0.73883	1.1355	587.48	-0.013844	4.2900e-05	0.060717	supercritical
498.36	647.00	398.06	0.0025122	281.39	443.93	5.1304	0.73903	1.1352	587.66	-0.013920	4.2911e-05	0.060730	supercritical
499.36	647.00	397.31	0.0025169	282.22	445.06	5.1326	0.73924	1.1349	587.84	-0.013995	4.2921e-05	0.060743	supercritical
500.36	647.00	396.57	0.0025216	283.05	446.20	5.1349	0.73944	1.1346	588.02	-0.014070	4.2931e-05	0.060756	supercritical
501.36	647.00	395.83	0.0025263	283.88	447.33	5.1372	0.73965	1.1343	588.20	-0.014146	4.2942e-05	0.060770	supercritical
502.36	647.00	395.09	0.0025311	284.71	448.47	5.1394	0.73986	1.1340	588.38	-0.014221	4.2952e-05	0.060783	supercritical
503.36	647.00	394.36	0.0025358	285.54	449.60	5.1417	0.74007	1.1337	588.56	-0.014296	4.2963e-05	0.060797	supercritical
504.36	647.00	393.62	0.0025405	286.36	450.73	5.1439	0.74028	1.1334	588.75	-0.014372	4.2974e-05	0.060811	supercritical
505.36	647.00	392.89	0.0025452	287.19	451.87	5.1462	0.74049	1.1331	588.93	-0.014448	4.2986e-05	0.060826	supercritical
506.36	647.00	392.17	0.0025499	288.02	453.00	5.1484	0.74070	1.1329	589.12	-0.014523	4.2997e-05	0.060840	supercritical
507.36	647.00	391.45	0.0025546	288.85	454.13	5.1507	0.74091	1.1326	589.30	-0.014599	4.3008e-05	0.060855	supercritical
508.36	647.00	390.73	0.0025593	289.68	455.27	5.1529	0.74112	1.1323	589.49	-0.014675	4.3020e-05	0.060871	supercritical
509.36	647.00	390.01	0.0025640	290.50	456.40	5.1551	0.74133	1.1320	589.67	-0.014751	4.3032e-05	0.060886	supercritical
510.36	647.00	389.29	0.0025688	291.33	457.53	5.1573	0.74155	1.1318	589.86	-0.014826	4.3044e-05	0.060902	supercritical
511.36	647.00	388.58	0.0025735	292.16	458.66	5.1596	0.74176	1.1315	590.05	-0.014902	4.3056e-05	0.060917	supercritical
512.36	647.00	387.87	0.0025782	292.99	459.79	5.1618	0.74197	1.1313	590.24	-0.014978	4.3068e-05	0.060934	supercritical
513.36	647.00	387.17	0.0025829	293.81	460.92	5.1640	0.74219	1.1310	590.43	-0.015054	4.3081e-05	0.060950	supercritical
514.36	647.00	386.47	0.0025876	294.64	462.06	5.1662	0.74240	1.1307	590.62	-0.015130	4.3093e-05	0.060966	supercritical
515.36	647.00	385.76	0.0025923	295.47	463.19	5.1684	0.74262	1.1305	590.81	-0.015206	4.3106e-05	0.060983	supercritical
516.36	647.00	385.07	0.0025969	296.29	464.32	5.1706	0.74283	1.1302	591.00	-0.015282	4.3119e-05	0.061000	supercritical
517.36	647.00	384.37	0.0026016	297.12	465.45	5.1727	0.74305	1.1300	591.20	-0.015358	4.3131e-05	0.061018	supercritical
518.36	647.00	383.68	0.0026063	297.95	466.58	5.1749	0.74327	1.1297	591.39	-0.015434	4.3145e-05	0.061035	supercritical
519.36	647.00	382.99	0.0026110	298.77	467.71	5.1771	0.74348	1.1295	591.58	-0.015510	4.3158e-05	0.061053	supercritical
520.36	647.00	382.30	0.0026157	299.60	468.84	5.1793	0.74370	1.1293	591.78	-0.015586	4.3171e-05	0.061071	supercritical
521.36	647.00	381.62	0.0026204	300.42	469.96	5.1814	0.74392	1.1290	591.97	-0.015662	4.3185e-05	0.061089	supercritical
522.36	647.00	380.94	0.0026251	301.25	471.09	5.1836	0.74414	1.1288	592.17	-0.015738	4.3198e-05	0.061107	supercritical
523.36	647.00	380.26	0.0026298	302.08	472.22	5.1858	0.74436	1.1286	592.36	-0.015814	4.3212e-05	0.061126	supercritical
524.36	647.00	379.58	0.0026345	302.90	473.35	5.1879	0.74458	1.1284	592.56	-0.015891	4.3226e-05	0.061145	supercritical
525.36	647.00	378.91	0.0026391	303.73	474.48	5.1901	0.74480	1.1281	592.76	-0.015967	4.3240e-05	0.061164	supercritical
526.36	647.00	378.24	0.0026438	304.55	475.61	5.1922	0.74502	1.1279	592.96	-0.016043	4.3254e-05	0.061183	supercritical
527.36	647.00	377.57	0.0026485	305.38	476.73	5.1944	0.74524	1.1277	593.15	-0.016119	4.3268e-05	0.061202	supercritical
528.36	647.00	376.91	0.0026532	306.20	477.86	5.1965	0.74546	1.1275	593.35	-0.016195	4.3283e-05	0.061222	supercritical
529.36	647.00	376.24	0.0026578	307.03	478.99	5.1986	0.74568	1.1273	593.55	-0.016271	4.3297e-05	0.061242	supercritical
530.36	647.00	375.58	0.0026625	307.85	480.12	5.2008	0.74590	1.1270	593.75	-0.016347	4.3312e-05	0.061262	supercritical
531.36	647.00	374.93	0.0026672	308.68	481.24	5.2029	0.74612	1.1268	593.95	-0.016423	4.3327e-05	0.061282	supercritical
532.36	647.00	374.27	0.0026719	309.50	482.37	5.2050	0.74635	1.1266	594.16	-0.016499	4.3341e-05	0.061302	supercritical
533.36	647.00	373.62	0.0026765	310.33	483.50	5.2071	0.74657	1.1264	594.36	-0.016575	4.3356e-05	0.061323	supercritical
534.36	647.00	372.97	0.0026812	311.15	484.62	5.2092	0.74679	1.1262	594.56	-0.016651	4.3371e-05	0.061344	supercritical
535.36	647.00	372.32	0.0026859	311.97	485.75	5.2113	0.74701	1.1260	594.76	-0.016727	4.3387e-05	0.061365	supercritical
536.36	647.00	371.67	0.0026905	312.80	486.88	5.2134	0.74724	1.1258	594.97	-0.016803	4.3402e-05	0.061386	supercritical
537.36	647.00	371.03	0.0026952	313.62	488.00	5.2155	0.74746	1.1256	595.17	-0.016879	4.3418e-05	0.061408	supercritical
538.36	647.00	370.39	0.0026999	314.45	489.13	5.2176	0.74769	1.1255	595.37	-0.016955	4.3433e-05	0.061429	supercritical
539.36	647.00	369.75	0.0027045	315.27	490.25	5.2197	0.74791	1.1253	595.58	-0.017031	4.3449e-05	0.061451	supercritical
540.36	647.00	369.12	0.0027092	316.09	491.38	5.2218	0.74814	1.1251	595.78	-0.017107	4.3465e-05	0.061473	supercritical
541.36	647.00	368.48	0.0027138	316.92	492.50	5.2239	0.74836	1.1249	595.99	-0.017183	4.3480e-05	0.061495	supercritical
542.36	647.00	367.85	0.0027185	317.74	493.63	5.2259	0.74859	1.1247	596.20	-0.017259	4.3496e-05	0.061517	supercritical
543.36	647.00	367.22	0.0027231	318.56	494.75	5.2280	0.74881	1.1245	596.40	-0.017335	4.3513e-05	0.061540	supercritical
544.36	647.00	366.60	0.0027278	319.39	495.88	5.2301	0.74904	1.1244	596.61	-0.017410	4.3529e-05	0.061563	supercritical
545.36	647.00	365.97	0.0027324	320.21	497.00	5.2321	0.74926	1.1242	596.82	-0.017486	4.3545e-05	0.061586	supercritical
546.36	647.00	365.35	0.0027371	321.03	498.12	5.2342	0.74949	1.1240	597.03	-0.017562	4.3561e-05	0.061609	supercritical
547.36	647.00	364.73	0.0027417	321.86	499.25	5.2363	0.74972	1.1239	597.24	-0.017638	4.3578e-05	0.061632	supercritical
548.36	647.00	364.12	0.0027464	322.68	500.37	5.2383	0.74995	1.1237	597.45	-0.017713	4.3595e-05	0.061655	supercritical
549.36	647.00	363.50	0.0027510	323.50	501.50	5.2404	0.75017	1.1235	597.66	-0.017789	4.3611e-05	0.061679	supercritical
550.36	647.00	362.89	0.0027557	324.33	502.62	5.2424	0.75040	1.1234	597.87	-0.017864	4.3628e-05	0.061703	supercritical
551.36	647.00	362.28	0.0027603	325.15	503.74	5.2444	0.75063	1.1232	598.08	-0.017940	4.3645e-05	0.061727	supercritical
552.36	647.00	361.67	0.0027650	325.97	504.87	5.2465	0.75086	1.1230	598.29	-0.018015	4.3662e-05	0.061751	supercritical
553.36	647.00	361.06	0.0027696	326.80	505.99	5.2485	0.75108	1.1229	598.50	-0.018091	4.3679e-05	0.061775	supercritical
554.36	647.00	360.46	0.0027742	327.62	507.11	5.2505	0.75131	1.1227	598.71	-0.018166	4.3697e-05	0.061799	supercritical
555.36	647.00	359.86	0.0027789	328.44	508.23	5.2526	0.75154	1.1226	598.92	-0.018241	4.3714e-05	0.061824	supercritical
556.36	647.00	359.26	0.0027835	329.26	509.36	5.2546	0.75177	1.1224	599.13	-0.018317	4.3731e-05	0.061849	supercritical
557.36	647.00	358.66	0.0027881	330.09	510.48	5.2566	0.75200	1.1223	599.35	-0.018392	4.3749e-05	0.061874	supercritical
558.36	647.00	358.07	0.0027928	330.91	511.60	5.2586	0.75223	1.1221	599.56	-0.018467	4.3766e-05	0.061899	supercritical
559.36	647.00	357.48	0.0027974	331.73	512.72	5.2606	0.75246	1.1220	599.77	-0.018542	4.3784e-05	0.061924	supercritical
560.36	647.00	356.89	0.0028020	332.55	513.84	5.2626	0.75269	1.1218	599.99	-0.018617	4.3802e-05	0.061950	supercritical
561.36	647.00	356.30	0.0028066	333.38	514.97	5.2646	0.75292	1.1217	600.20	-0.018692	4.3820e-05	0.061975	supercritical
562.36	647.00	355.71	0.0028113	334.20	516.09	5.2666	0.75314	1.1216	600.42	-0.018767	4.3838e-05	0.062001	supercritical
563.36	647.00	355.13	0.0028159	335.02	517.21	5.2686	0.75337	1.1214	600.63	-0.018842	4.3856e-05	0.062027	supercritical
564.36	647.00	354.54	0.0028205	335.84	518.33	5.2706	0.75360	1.1213	600.85	-0.018917	4.3874e-05	0.062053	supercritical
565.36	647.00	353.96	0.0028251	336.67	519.45	5.2726	0.75383	1.1212	601.07	-0.018991	4.3892e-05	0.062079	supercritical
566.36	647.00	353.39	0.0028298	337.49	520.57	5.2746	0.75406	1.1210	601.28	-0.019066	4.3910e-05	0.062106	supercritical
567.36	647.00	352.81	0.0028344	338.31	521.69	5.2765	0.75430	1.1209	601.50	-0.019141	4.3929e-05	0.062132	supercritical
568.36	647.00	352.24	0.0028390	339.13	522.82	5.2785	0.75453	1.1208	601.72	-0.019215	4.3947e-05	0.062159	supercritical
569.36	647.00	351.67	0.0028436	339.95	523.94	5.2805	0.75476	1.1207	601.93	-0.019290	4.3966e-05	0.062186	supercritical
570.36	647.00	351.10	0.0028482	340.78	525.06	5.2824	0.75499	1.1205	602.15	-0.019364	4.3985e-05	0.062213	supercritical
571.36	647.00	350.53	0.0028528	341.60	526.18	5.2844	0.75522	1.1204	602.37	-0.019439	4.4003e-05	0.062240	supercritical
572.36	647.00	349.96	0.0028575	342.42	527.30	5.2864	0.75545	1.1203	602.59	-0.019513	4.4022e-05	0.062267	supercritical
573.36	647.00	349.40	0.0028621	343.24	528.42	5.2883	0.75568	1.1202	602.81	-0.019587	4.4041e-05	0.062294	supercritical
574.36	647.00	348.84	0.0028667	344.06	529.54	5.2903	0.75591	1.1201	603.03	-0.019661	4.4060e-05	0.062322	supercritical
575.36	647.00	348.28	0.0028713	344.89	530.66	5.2922	0.75614	1.1200	603.25	-0.019735	4.4079e-05	0.062350	supercritical
576.36	647.00	347.72	0.0028759	345.71	531.78	5.2942	0.75637	1.1198	603.47	-0.019809	4.4098e-05	0.062377	supercritical
577.36	647.00	347.16	0.0028805	346.53	532.90	5.2961	0.75660	1.1197	603.69	-0.019883	4.4117e-05	0.062405	supercritical
578.36	647.00	346.61	0.0028851	347.35	534.02	5.2980	0.75683	1.1196	603.91	-0.019957	4.4137e-05	0.062434	supercritical
579.36	647.00	346.06	0.0028897	348.17	535.14	5.3000	0.75707	1.1195	604.13	-0.020031	4.4156e-05	0.062462	supercritical
580.36	647.00	345.51	0.0028943	349.00	536.26	5.3019	0.75730	1.1194	604.35	-0.020105	4.4176e-05	0.062490	supercritical
581.36	647.00	344.96	0.0028989	349.82	537.38	5.3038	0.75753	1.1193	604.57	-0.020178	4.4195e-05	0.062519	supercritical
582.36	647.00	344.41	0.0029035	350.64	538.49	5.3058	0.75776	1.1192	604.79	-0.020252	4.4215e-05	0.062547	supercritical
583.36	647.00	343.87	0.0029081	351.46	539.61	5.3077	0.75799	1.1191	605.01	-0.020325	4.4234e-05	0.062576	supercritical
584.36	647.00	343.33	0.0029127	352.28	540.73	5.3096	0.75822	1.1190	605.24	-0.020399	4.4254e-05	0.062605	supercritical
585.36	647.00	342.79	0.0029173	353.10	541.85	5.3115	0.75845	1.1189	605.46	-0.020472	4.4274e-05	0.062634	supercritical
586.36	647.00	342.25	0.0029219	353.93	542.97	5.3134	0.75869	1.1188	605.68	-0.020545	4.4294e-05	0.062663	supercritical
587.36	647.00	341.71	0.0029265	354.75	544.09	5.3153	0.75892	1.1187	605.90	-0.020618	4.4314e-05	0.062693	supercritical
588.36	647.00	341.18	0.0029310	355.57	545.21	5.3172	0.75915	1.1186	606.13	-0.020691	4.4334e-05	0.062722	supercritical
589.36	647.00	340.64	0.0029356	356.39	546.33	5.3191	0.75938	1.1185	606.35	-0.020764	4.4354e-05	0.062752	supercritical
590.36	647.00	340.11	0.0029402	357.21	547.45	5.3210	0.75961	1.1185	606.58	-0.020837	4.4374e-05	0.062782	supercritical
591.36	647.00	339.58	0.0029448	358.04	548.56	5.3229	0.75984	1.1184	606.80	-0.020910	4.4394e-05	0.062811	supercritical
592.36	647.00	339.05	0.0029494	358.86	549.68	5.3248	0.76008	1.1183	607.02	-0.020983	4.4415e-05	0.062841	supercritical
593.36	647.00	338.53	0.0029540	359.68	550.80	5.3267	0.76031	1.1182	607.25	-0.021055	4.4435e-05	0.062871	supercritical
594.36	647.00	338.00	0.0029585	360.50	551.92	5.3286	0.76054	1.1181	607.47	-0.021128	4.4455e-05	0.062902	supercritical
595.36	647.00	337.48	0.0029631	361.32	553.04	5.3305	0.76077	1.1180	607.70	-0.021200	4.4476e-05	0.062932	supercritical
596.36	647.00	336.96	0.0029677	362.14	554.15	5.3323	0.76100	1.1179	607.93	-0.021273	4.4496e-05	0.062962	supercritical
597.36	647.00	336.44	0.0029723	362.97	555.27	5.3342	0.76123	1.1179	608.15	-0.021345	4.4517e-05	0.062993	supercritical
598.36	647.00	335.92	0.0029769	363.79	556.39	5.3361	0.76147	1.1178	608.38	-0.021417	4.4538e-05	0.063024	supercritical
599.36	647.00	335.41	0.0029814	364.61	557.51	5.3379	0.76170	1.1177	608.60	-0.021489	4.4558e-05	0.063055	supercritical
600.36	647.00	334.90	0.0029860	365.43	558.63	5.3398	0.76193	1.1176	608.83	-0.021561	4.4579e-05	0.063086	supercritical
601.36	647.00	334.38	0.0029906	366.25	559.74	5.3417	0.76216	1.1176	609.06	-0.021633	4.4600e-05	0.063117	supercritical
602.36	647.00	333.87	0.0029951	367.08	560.86	5.3435	0.76239	1.1175	609.28	-0.021705	4.4621e-05	0.063148	supercritical
603.36	647.00	333.37	0.0029997	367.90	561.98	5.3454	0.76262	1.1174	609.51	-0.021777	4.4642e-05	0.063179	supercritical
604.36	647.00	332.86	0.0030043	368.72	563.10	5.3472	0.76285	1.1174	609.74	-0.021848	4.4663e-05	0.063210	supercritical
605.36	647.00	332.35	0.0030088	369.54	564.21	5.3491	0.76308	1.1173	609.97	-0.021920	4.4684e-05	0.063242	supercritical
606.36	647.00	331.85	0.0030134	370.36	565.33	5.3509	0.76332	1.1172	610.19	-0.021991	4.4706e-05	0.063274	supercritical
607.36	647.00	331.35	0.0030180	371.18	566.45	5.3528	0.76355	1.1172	610.42	-0.022063	4.4727e-05	0.063305	supercritical
608.36	647.00	330.85	0.0030225	372.01	567.56	5.3546	0.76378	1.1171	610.65	-0.022134	4.4748e-05	0.063337	supercritical
609.36	647.00	330.35	0.0030271	372.83	568.68	5.3564	0.76401	1.1170	610.88	-0.022205	4.4769e-05	0.063369	supercritical
610.36	647.00	329.85	0.0030317	373.65	569.80	5.3583	0.76424	1.1170	611.11	-0.022276	4.4791e-05	0.063401	supercritical
611.36	647.00	329.36	0.0030362	374.47	570.92	5.3601	0.76447	1.1169	611.34	-0.022347	4.4812e-05	0.063433	supercritical
612.36	647.00	328.86	0.0030408	375.29	572.03	5.3619	0.76470	1.1169	611.57	-0.022418	4.4834e-05	0.063466	supercritical
613.36	647.00	328.37	0.0030453	376.12	573.15	5.3637	0.76493	1.1168	611.80	-0.022489	4.4855e-05	0.063498	supercritical
614.36	647.00	327.88	0.0030499	376.94	574.27	5.3656	0.76516	1.1167	612.02	-0.022559	4.4877e-05	0.063531	supercritical
615.36	647.00	327.39	0.0030544	377.76	575.38	5.3674	0.76539	1.1167	612.25	-0.022630	4.4899e-05	0.063563	supercritical
616.36	647.00	326.90	0.0030590	378.58	576.50	5.3692	0.76562	1.1166	612.48	-0.022700	4.4921e-05	0.063596	supercritical
617.36	647.00	326.42	0.0030635	379.40	577.62	5.3710	0.76585	1.1166	612.71	-0.022771	4.4942e-05	0.063629	supercritical
618.36	647.00	325.94	0.0030681	380.23	578.73	5.3728	0.76608	1.1165	612.95	-0.022841	4.4964e-05	0.063662	supercritical
619.36	647.00	325.45	0.0030726	381.05	579.85	5.3746	0.76631	1.1165	613.18	-0.022911	4.4986e-05	0.063695	supercritical
620.36	647.00	324.97	0.0030772	381.87	580.97	5.3764	0.76654	1.1164	613.41	-0.022981	4.5008e-05	0.063728	supercritical
621.36	647.00	324.49	0.0030817	382.69	582.08	5.3782	0.76677	1.1164	613.64	-0.023051	4.5030e-05	0.063761	supercritical
622.36	647.00	324.01	0.0030863	383.52	583.20	5.3800	0.76700	1.1163	613.87	-0.023121	4.5052e-05	0.063795	supercritical
623.36	647.00	323.54	0.0030908	384.34	584.31	5.3818	0.76723	1.1163	614.10	-0.023191	4.5074e-05	0.063828	supercritical
624.36	647.00	323.06	0.0030954	385.16	585.43	5.3836	0.76746	1.1163	614.33	-0.023261	4.5096e-05	0.063862	supercritical
625.36	647.00	322.59	0.0030999	385.98	586.55	5.3854	0.76769	1.1162	614.56	-0.023330	4.5119e-05	0.063895	supercritical
626.36	647.00	322.12	0.0031044	386.81	587.66	5.3872	0.76792	1.1162	614.79	-0.023400	4.5141e-05	0.063929	supercritical
627.36	647.00	321.65	0.0031090	387.63	588.78	5.3889	0.76815	1.1161	615.03	-0.023469	4.5163e-05	0.063963	supercritical
628.36	647.00	321.18	0.0031135	388.45	589.90	5.3907	0.76838	1.1161	615.26	-0.023538	4.5186e-05	0.063997	supercritical
629.36	647.00	320.71	0.0031181	389.27	591.01	5.3925	0.76861	1.1161	615.49	-0.023607	4.5208e-05	0.064031	supercritical
630.36	647.00	320.25	0.0031226	390.10	592.13	5.3943	0.76884	1.1160	615.72	-0.023677	4.5230e-05	0.064065	supercritical
631.36	647.00	319.78	0.0031271	390.92	593.24	5.3960	0.76906	1.1160	615.96	-0.023746	4.5253e-05	0.064099	supercritical
632.36	647.00	319.32	0.0031317	391.74	594.36	5.3978	0.76929	1.1159	616.19	-0.023814	4.5276e-05	0.064133	supercritical
633.36	647.00	318.86	0.0031362	392.56	595.48	5.3996	0.76952	1.1159	616.42	-0.023883	4.5298e-05	0.064168	supercritical
634.36	647.00	318.40	0.0031407	393.39	596.59	5.4013	0.76975	1.1159	616.66	-0.023952	4.5321e-05	0.064202	supercritical
635.36	647.00	317.94	0.0031453	394.21	597.71	5.4031	0.76998	1.1158	616.89	-0.024020	4.5343e-05	0.064237	supercritical
636.36	647.00	317.48	0.0031498	395.03	598.82	5.4048	0.77021	1.1158	617.12	-0.024089	4.5366e-05	0.064271	supercritical
637.36	647.00	317.03	0.0031543	395.86	599.94	5.4066	0.77043	1.1158	617.36	-0.024157	4.5389e-05	0.064306	supercritical
638.36	647.00	316.57	0.0031588	396.68	601.05	5.4083	0.77066	1.1158	617.59	-0.024225	4.5412e-05	0.064341	supercritical
639.36	647.00	316.12	0.0031634	397.50	602.17	5.4101	0.77089	1.1157	617.82	-0.024293	4.5435e-05	0.064376	supercritical
640.36	647.00	315.67	0.0031679	398.32	603.29	5.4118	0.77111	1.1157	618.06	-0.024361	4.5458e-05	0.064411	supercritical
641.36	647.00	315.22	0.0031724	399.15	604.40	5.4136	0.77134	1.1157	618.29	-0.024429	4.5481e-05	0.064446	supercritical
642.36	647.00	314.77	0.0031769	399.97	605.52	5.4153	0.77157	1.1156	618.53	-0.024497	4.5504e-05	0.064481	supercritical
643.36	647.00	314.32	0.0031814	400.79	606.63	5.4170	0.77180	1.1156	618.76	-0.024565	4.5527e-05	0.064517	supercritical
644.36	647.00	313.88	0.0031860	401.62	607.75	5.4188	0.77202	1.1156	619.00	-0.024632	4.5550e-05	0.064552	supercritical
645.36	647.00	313.43	0.0031905	402.44	608.86	5.4205	0.77225	1.1156	619.23	-0.024700	4.5573e-05	0.064588	supercritical
646.36	647.00	312.99	0.0031950	403.26	609.98	5.4222	0.77247	1.1156	619.46	-0.024767	4.5596e-05	0.064623	supercritical
647.36	647.00	312.55	0.0031995	404.09	611.10	5.4240	0.77270	1.1155	619.70	-0.024835	4.5619e-05	0.064659	supercritical
648.36	647.00	312.11	0.0032040	404.91	612.21	5.4257	0.77293	1.1155	619.93	-0.024902	4.5642e-05	0.064694	supercritical
649.36	647.00	311.67	0.0032085	405.73	613.33	5.4274	0.77315	1.1155	620.17	-0.024969	4.5666e-05	0.064730	supercritical
650.36	647.00	311.23	0.0032130	406.56	614.44	5.4291	0.77338	1.1155	620.41	-0.025036	4.5689e-05	0.064766	supercritical
651.36	647.00	310.79	0.0032176	407.38	615.56	5.4308	0.77360	1.1155	620.64	-0.025103	4.5712e-05	0.064802	supercritical
652.36	647.00	310.36	0.0032221	408.21	616.67	5.4325	0.77383	1.1154	620.88	-0.025169	4.5736e-05	0.064838	supercritical
653.36	647.00	309.93	0.0032266	409.03	617.79	5.4342	0.77405	1.1154	621.11	-0.025236	4.5759e-05	0.064874	supercritical
654.36	647.00	309.49	0.0032311	409.85	618.90	5.4359	0.77428	1.1154	621.35	-0.025302	4.5783e-05	0.064910	supercritical
655.36	647.00	309.06	0.0032356	410.68	620.02	5.4377	0.77450	1.1154	621.58	-0.025369	4.5806e-05	0.064947	supercritical
656.36	647.00	308.63	0.0032401	411.50	621.13	5.4394	0.77473	1.1154	621.82	-0.025435	4.5830e-05	0.064983	supercritical
657.36	647.00	308.20	0.0032446	412.32	622.25	5.4411	0.77495	1.1154	622.06	-0.025501	4.5853e-05	0.065020	supercritical
658.36	647.00	307.78	0.0032491	413.15	623.37	5.4427	0.77517	1.1154	622.29	-0.025567	4.5877e-05	0.065056	supercritical
659.36	647.00	307.35	0.0032536	413.97	624.48	5.4444	0.77540	1.1154	622.53	-0.025633	4.5901e-05	0.065093	supercritical
660.36	647.00	306.93	0.0032581	414.80	625.60	5.4461	0.77562	1.1153	622.77	-0.025699	4.5924e-05	0.065129	supercritical
661.36	647.00	306.50	0.0032626	415.62	626.71	5.4478	0.77584	1.1153	623.00	-0.025765	4.5948e-05	0.065166	supercritical
662.36	647.00	306.08	0.0032671	416.45	627.83	5.4495	0.77607	1.1153	623.24	-0.025831	4.5972e-05	0.065203	supercritical
663.36	647.00	305.66	0.0032716	417.27	628.94	5.4512	0.77629	1.1153	623.48	-0.025896	4.5996e-05	0.065240	supercritical
664.36	647.00	305.24	0.0032761	418.09	630.06	5.4529	0.77651	1.1153	623.71	-0.025962	4.6020e-05	0.065277	supercritical
665.36	647.00	304.82	0.0032806	418.92	631.17	5.4545	0.77674	1.1153	623.95	-0.026027	4.6043e-05	0.065314	supercritical
666.36	647.00	304.41	0.0032851	419.74	632.29	5.4562	0.77696	1.1153	624.19	-0.026092	4.6067e-05	0.065351	supercritical
667.36	647.00	303.99	0.0032896	420.57	633.40	5.4579	0.77718	1.1153	624.42	-0.026157	4.6091e-05	0.065388	supercritical
668.36	647.00	303.58	0.0032941	421.39	634.52	5.4596	0.77740	1.1153	624.66	-0.026222	4.6115e-05	0.065425	supercritical
669.36	647.00	303.16	0.0032986	422.22	635.63	5.4612	0.77762	1.1153	624.90	-0.026287	4.6139e-05	0.065463	supercritical
670.36	647.00	302.75	0.0033030	423.04	636.75	5.4629	0.77784	1.1153	625.14	-0.026352	4.6163e-05	0.065500	supercritical
671.36	647.00	302.34	0.0033075	423.87	637.86	5.4646	0.77807	1.1153	625.37	-0.026417	4.6187e-05	0.065538	supercritical
672.36	647.00	301.93	0.0033120	424.69	638.98	5.4662	0.77829	1.1153	625.61	-0.026481	4.6211e-05	0.065575	supercritical
673.36	647.00	301.52	0.0033165	425.52	640.10	5.4679	0.77851	1.1153	625.85	-0.026546	4.6236e-05	0.065613	supercritical
674.36	647.00	301.11	0.0033210	426.34	641.21	5.4695	0.77873	1.1153	626.09	-0.026610	4.6260e-05	0.065651	supercritical
675.36	647.00	300.71	0.0033255	427.17	642.33	5.4712	0.77895	1.1153	626.32	-0.026674	4.6284e-05	0.065688	supercritical
676.36	647.00	300.30	0.0033300	427.99	643.44	5.4728	0.77917	1.1153	626.56	-0.026738	4.6308e-05	0.065726	supercritical
677.36	647.00	299.90	0.0033344	428.82	644.56	5.4745	0.77939	1.1153	626.80	-0.026802	4.6333e-05	0.065764	supercritical
678.36	647.00	299.50	0.0033389	429.64	645.67	5.4761	0.77961	1.1153	627.04	-0.026866	4.6357e-05	0.065802	supercritical
679.36	647.00	299.10	0.0033434	430.47	646.79	5.4778	0.77983	1.1153	627.28	-0.026930	4.6381e-05	0.065840	supercritical
680.36	647.00	298.70	0.0033479	431.29	647.90	5.4794	0.78005	1.1153	627.52	-0.026994	4.6406e-05	0.065878	supercritical
681.36	647.00	298.30	0.0033524	432.12	649.02	5.4810	0.78026	1.1153	627.75	-0.027057	4.6430e-05	0.065916	supercritical
682.36	647.00	297.90	0.0033568	432.95	650.13	5.4827	0.78048	1.1153	627.99	-0.027121	4.6454e-05	0.065955	supercritical
683.36	647.00	297.50	0.0033613	433.77	651.25	5.4843	0.78070	1.1153	628.23	-0.027184	4.6479e-05	0.065993	supercritical
684.36	647.00	297.11	0.0033658	434.60	652.36	5.4859	0.78092	1.1153	628.47	-0.027247	4.6503e-05	0.066031	supercritical
685.36	647.00	296.71	0.0033703	435.42	653.48	5.4876	0.78114	1.1153	628.71	-0.027310	4.6528e-05	0.066070	supercritical
686.36	647.00	296.32	0.0033747	436.25	654.59	5.4892	0.78136	1.1154	628.95	-0.027373	4.6552e-05	0.066108	supercritical
687.36	647.00	295.93	0.0033792	437.08	655.71	5.4908	0.78157	1.1154	629.19	-0.027436	4.6577e-05	0.066147	supercritical
688.36	647.00	295.54	0.0033837	437.90	656.82	5.4924	0.78179	1.1154	629.43	-0.027499	4.6601e-05	0.066185	supercritical
689.36	647.00	295.15	0.0033881	438.73	657.94	5.4941	0.78201	1.1154	629.66	-0.027562	4.6626e-05	0.066224	supercritical
690.36	647.00	294.76	0.0033926	439.55	659.06	5.4957	0.78222	1.1154	629.90	-0.027624	4.6651e-05	0.066263	supercritical
691.36	647.00	294.37	0.0033971	440.38	660.17	5.4973	0.78244	1.1154	630.14	-0.027687	4.6675e-05	0.066302	supercritical
692.36	647.00	293.98	0.0034015	441.21	661.29	5.4989	0.78266	1.1154	630.38	-0.027749	4.6700e-05	0.066340	supercritical
693.36	647.00	293.60	0.0034060	442.03	662.40	5.5005	0.78287	1.1154	630.62	-0.027812	4.6725e-05	0.066379	supercritical
694.36	647.00	293.21	0.0034105	442.86	663.52	5.5021	0.78309	1.1154	630.86	-0.027874	4.6750e-05	0.066418	supercritical
695.36	647.00	292.83	0.0034149	443.69	664.63	5.5037	0.78330	1.1155	631.10	-0.027936	4.6774e-05	0.066457	supercritical
696.36	647.00	292.45	0.0034194	444.51	665.75	5.5053	0.78352	1.1155	631.34	-0.027998	4.6799e-05	0.066496	supercritical
697.36	647.00	292.07	0.0034239	445.34	666.86	5.5069	0.78373	1.1155	631.58	-0.028059	4.6824e-05	0.066536	supercritical
698.36	647.00	291.69	0.0034283	446.17	667.98	5.5085	0.78395	1.1155	631.82	-0.028121	4.6849e-05	0.066575	supercritical
699.36	647.00	291.31	0.0034328	446.99	669.09	5.5101	0.78416	1.1155	632.06	-0.028183	4.6874e-05	0.066614	supercritical
700.36	647.00	290.93	0.0034372	447.82	670.21	5.5117	0.78438	1.1155	632.30	-0.028244	4.6899e-05	0.066653	supercritical
701.36	647.00	290.55	0.0034417	448.65	671.33	5.5133	0.78459	1.1156	632.54	-0.028306	4.6924e-05	0.066693	supercritical
702.36	647.00	290.18	0.0034462	449.48	672.44	5.5149	0.78480	1.1156	632.78	-0.028367	4.6948e-05	0.066732	supercritical
703.36	647.00	289.80	0.0034506	450.30	673.56	5.5165	0.78502	1.1156	633.02	-0.028428	4.6973e-05	0.066772	supercritical
704.36	647.00	289.43	0.0034551	451.13	674.67	5.5181	0.78523	1.1156	633.26	-0.028489	4.6998e-05	0.066811	supercritical
705.36	647.00	289.06	0.0034595	451.96	675.79	5.5197	0.78544	1.1156	633.50	-0.028550	4.7023e-05	0.066851	supercritical
706.36	647.00	288.69	0.0034640	452.78	676.90	5.5212	0.78565	1.1157	633.74	-0.028611	4.7049e-05	0.066891	supercritical
707.36	647.00	288.32	0.0034684	453.61	678.02	5.5228	0.78587	1.1157	633.98	-0.028672	4.7074e-05	0.066930	supercritical
708.36	647.00	287.95	0.0034729	454.44	679.14	5.5244	0.78608	1.1157	634.22	-0.028732	4.7099e-05	0.066970	supercritical
709.36	647.00	287.58	0.0034773	455.27	680.25	5.5260	0.78629	1.1157	634.46	-0.028793	4.7124e-05	0.067010	supercritical
710.36	647.00	287.21	0.0034818	456.10	681.37	5.5275	0.78650	1.1157	634.70	-0.028853	4.7149e-05	0.067050	supercritical
711.36	647.00	286.84	0.0034862	456.92	682.48	5.5291	0.78671	1.1158	634.94	-0.028914	4.7174e-05	0.067090	supercritical
712.36	647.00	286.48	0.0034907	457.75	683.60	5.5307	0.78692	1.1158	635.18	-0.028974	4.7199e-05	0.067130	supercritical
713.36	647.00	286.11	0.0034951	458.58	684.71	5.5322	0.78713	1.1158	635.42	-0.029034	4.7224e-05	0.067170	supercritical
714.36	647.00	285.75	0.0034996	459.41	685.83	5.5338	0.78734	1.1158	635.66	-0.029094	4.7250e-05	0.067210	supercritical
715.36	647.00	285.39	0.0035040	460.24	686.95	5.5354	0.78755	1.1159	635.90	-0.029154	4.7275e-05	0.067250	supercritical
716.36	647.00	285.03	0.0035084	461.07	688.06	5.5369	0.78776	1.1159	636.14	-0.029214	4.7300e-05	0.067291	supercritical
717.36	647.00	284.67	0.0035129	461.89	689.18	5.5385	0.78797	1.1159	636.38	-0.029273	4.7326e-05	0.067331	supercritical
718.36	647.00	284.31	0.0035173	462.72	690.29	5.5400	0.78818	1.1159	636.62	-0.029333	4.7351e-05	0.067371	supercritical
719.36	647.00	283.95	0.0035218	463.55	691.41	5.5416	0.78839	1.1160	636.86	-0.029392	4.7376e-05	0.067411	supercritical
720.36	647.00	283.59	0.0035262	464.38	692.53	5.5431	0.78860	1.1160	637.10	-0.029452	4.7402e-05	0.067452	supercritical
721.36	647.00	283.23	0.0035306	465.21	693.64	5.5447	0.78881	1.1160	637.34	-0.029511	4.7427e-05	0.067492	supercritical
722.36	647.00	282.88	0.0035351	466.04	694.76	5.5462	0.78902	1.1161	637.58	-0.029570	4.7452e-05	0.067533	supercritical
723.36	647.00	282.52	0.0035395	466.87	695.87	5.5478	0.78922	1.1161	637.82	-0.029629	4.7478e-05	0.067573	supercritical
724.36	647.00	282.17	0.0035440	467.70	696.99	5.5493	0.78943	1.1161	638.06	-0.029688	4.7503e-05	0.067614	supercritical
725.36	647.00	281.82	0.0035484	468.52	698.11	5.5509	0.78964	1.1161	638.30	-0.029747	4.7529e-05	0.067655	supercritical
726.36	647.00	281.47	0.0035528	469.35	699.22	5.5524	0.78985	1.1162	638.54	-0.029805	4.7554e-05	0.067695	supercritical
727.36	647.00	281.12	0.0035573	470.18	700.34	5.5539	0.79005	1.1162	638.79	-0.029864	4.7580e-05	0.067736	supercritical
728.36	647.00	280.77	0.0035617	471.01	701.45	5.5555	0.79026	1.1162	639.03	-0.029923	4.7605e-05	0.067777	supercritical
729.36	647.00	280.42	0.0035661	471.84	702.57	5.5570	0.79046	1.1163	639.27	-0.029981	4.7631e-05	0.067818	supercritical
730.36	647.00	280.07	0.0035705	472.67	703.69	5.5585	0.79067	1.1163	639.51	-0.030039	4.7656e-05	0.067859	supercritical
731.36	647.00	279.72	0.0035750	473.50	704.80	5.5601	0.79088	1.1163	639.75	-0.030097	4.7682e-05	0.067900	supercritical
732.36	647.00	279.38	0.0035794	474.33	705.92	5.5616	0.79108	1.1164	639.99	-0.030156	4.7707e-05	0.067941	supercritical
733.36	647.00	279.03	0.0035838	475.16	707.04	5.5631	0.79129	1.1164	640.23	-0.030213	4.7733e-05	0.067982	supercritical
734.36	647.00	278.69	0.0035883	475.99	708.15	5.5646	0.79149	1.1164	640.47	-0.030271	4.7759e-05	0.068023	supercritical
735.36	647.00	278.34	0.0035927	476.82	709.27	5.5661	0.79169	1.1165	640.71	-0.030329	4.7784e-05	0.068064	supercritical
736.36	647.00	278.00	0.0035971	477.65	710.39	5.5677	0.79190	1.1165	640.95	-0.030387	4.7810e-05	0.068105	supercritical
737.36	647.00	277.66	0.0036015	478.48	711.50	5.5692	0.79210	1.1165	641.19	-0.030444	4.7836e-05	0.068147	supercritical
738.36	647.00	277.32	0.0036060	479.31	712.62	5.5707	0.79231	1.1166	641.44	-0.030502	4.7861e-05	0.068188	supercritical
739.36	647.00	276.98	0.0036104	480.14	713.73	5.5722	0.79251	1.1166	641.68	-0.030559	4.7887e-05	0.068229	supercritical
740.36	647.00	276.64	0.0036148	480.97	714.85	5.5737	0.79271	1.1166	641.92	-0.030616	4.7913e-05	0.068270	supercritical
741.36	647.00	276.30	0.0036192	481.80	715.97	5.5752	0.79292	1.1167	642.16	-0.030673	4.7938e-05	0.068312	supercritical
742.36	647.00	275.97	0.0036236	482.64	717.08	5.5767	0.79312	1.1167	642.40	-0.030730	4.7964e-05	0.068353	supercritical
743.36	647.00	275.63	0.0036281	483.47	718.20	5.5782	0.79332	1.1167	642.64	-0.030787	4.7990e-05	0.068395	supercritical
744.36	647.00	275.29	0.0036325	484.30	719.32	5.5797	0.79352	1.1168	642.88	-0.030844	4.8016e-05	0.068436	supercritical
745.36	647.00	274.96	0.0036369	485.13	720.43	5.5812	0.79372	1.1168	643.12	-0.030901	4.8041e-05	0.068478	supercritical
746.36	647.00	274.63	0.0036413	485.96	721.55	5.5827	0.79392	1.1168	643.36	-0.030958	4.8067e-05	0.068520	supercritical
747.36	647.00	274.29	0.0036457	486.79	722.67	5.5842	0.79412	1.1169	643.61	-0.031014	4.8093e-05	0.068561	supercritical
748.36	647.00	273.96	0.0036501	487.62	723.79	5.5857	0.79433	1.1169	643.85	-0.031070	4.8119e-05	0.068603	supercritical
749.36	647.00	273.63	0.0036546	488.45	724.90	5.5872	0.79453	1.1170	644.09	-0.031127	4.8145e-05	0.068645	supercritical
750.36	647.00	273.30	0.0036590	489.28	726.02	5.5887	0.79473	1.1170	644.33	-0.031183	4.8171e-05	0.068687	supercritical
751.36	647.00	272.97	0.0036634	490.12	727.14	5.5902	0.79493	1.1170	644.57	-0.031239	4.8197e-05	0.068728	supercritical
752.36	647.00	272.64	0.0036678	490.95	728.25	5.5917	0.79512	1.1171	644.81	-0.031295	4.8223e-05	0.068770	supercritical
753.36	647.00	272.32	0.0036722	491.78	729.37	5.5931	0.79532	1.1171	645.05	-0.031351	4.8249e-05	0.068812	supercritical
754.36	647.00	271.99	0.0036766	492.61	730.49	5.5946	0.79552	1.1172	645.29	-0.031407	4.8274e-05	0.068854	supercritical
755.36	647.00	271.66	0.0036810	493.44	731.60	5.5961	0.79572	1.1172	645.54	-0.031462	4.8300e-05	0.068896	supercritical
756.36	647.00	271.34	0.0036854	494.28	732.72	5.5976	0.79592	1.1172	645.78	-0.031518	4.8326e-05	0.068938	supercritical
757.36	647.00	271.02	0.0036898	495.11	733.84	5.5991	0.79612	1.1173	646.02	-0.031574	4.8352e-05	0.068980	supercritical
758.36	647.00	270.69	0.0036942	495.94	734.96	5.6005	0.79632	1.1173	646.26	-0.031629	4.8378e-05	0.069022	supercritical
759.36	647.00	270.37	0.0036986	496.77	736.07	5.6020	0.79651	1.1174	646.50	-0.031684	4.8404e-05	0.069064	supercritical
760.36	647.00	270.05	0.0037030	497.60	737.19	5.6035	0.79671	1.1174	646.74	-0.031739	4.8430e-05	0.069107	supercritical
761.36	647.00	269.73	0.0037074	498.44	738.31	5.6050	0.79691	1.1174	646.98	-0.031794	4.8456e-05	0.069149	supercritical
762.36	647.00	269.41	0.0037118	499.27	739.43	5.6064	0.79710	1.1175	647.22	-0.031849	4.8483e-05	0.069191	supercritical
763.36	647.00	269.09	0.0037162	500.10	740.54	5.6079	0.79730	1.1175	647.47	-0.031904	4.8509e-05	0.069233	supercritical
764.36	647.00	268.77	0.0037206	500.94	741.66	5.6093	0.79749	1.1176	647.71	-0.031959	4.8535e-05	0.069276	supercritical
765.36	647.00	268.45	0.0037250	501.77	742.78	5.6108	0.79769	1.1176	647.95	-0.032014	4.8561e-05	0.069318	supercritical
766.36	647.00	268.14	0.0037294	502.60	743.90	5.6123	0.79789	1.1177	648.19	-0.032068	4.8587e-05	0.069361	supercritical
767.36	647.00	267.82	0.0037338	503.43	745.01	5.6137	0.79808	1.1177	648.43	-0.032123	4.8613e-05	0.069403	supercritical
768.36	647.00	267.51	0.0037382	504.27	746.13	5.6152	0.79828	1.1177	648.67	-0.032177	4.8639e-05	0.069446	supercritical
769.36	647.00	267.19	0.0037426	505.10	747.25	5.6166	0.79847	1.1178	648.91	-0.032232	4.8665e-05	0.069488	supercritical
770.36	647.00	266.88	0.0037470	505.93	748.37	5.6181	0.79866	1.1178	649.16	-0.032286	4.8691e-05	0.069531	supercritical
771.36	647.00	266.56	0.0037514	506.77	749.49	5.6195	0.79886	1.1179	649.40	-0.032340	4.8718e-05	0.069573	supercritical
772.36	647.00	266.25	0.0037558	507.60	750.60	5.6210	0.79905	1.1179	649.64	-0.032394	4.8744e-05	0.069616	supercritical
773.36	647.00	265.94	0.0037602	508.43	751.72	5.6224	0.79924	1.1180	649.88	-0.032448	4.8770e-05	0.069659	supercritical
774.36	647.00	265.63	0.0037646	509.27	752.84	5.6239	0.79944	1.1180	650.12	-0.032501	4.8796e-05	0.069701	supercritical
775.36	647.00	265.32	0.0037690	510.10	753.96	5.6253	0.79963	1.1181	650.36	-0.032555	4.8822e-05	0.069744	supercritical
776.36	647.00	265.01	0.0037734	510.94	755.08	5.6268	0.79982	1.1181	650.60	-0.032609	4.8849e-05	0.069787	supercritical
777.36	647.00	264.71	0.0037778	511.77	756.19	5.6282	0.80001	1.1182	650.84	-0.032662	4.8875e-05	0.069830	supercritical
778.36	647.00	264.40	0.0037822	512.60	757.31	5.6296	0.80021	1.1182	651.09	-0.032716	4.8901e-05	0.069872	supercritical
779.36	647.00	264.09	0.0037866	513.44	758.43	5.6311	0.80040	1.1182	651.33	-0.032769	4.8927e-05	0.069915	supercritical
780.36	647.00	263.79	0.0037910	514.27	759.55	5.6325	0.80059	1.1183	651.57	-0.032822	4.8954e-05	0.069958	supercritical
781.36	647.00	263.48	0.0037953	515.11	760.67	5.6339	0.80078	1.1183	651.81	-0.032875	4.8980e-05	0.070001	supercritical
782.36	647.00	263.18	0.0037997	515.94	761.78	5.6354	0.80097	1.1184	652.05	-0.032928	4.9006e-05	0.070044	supercritical
783.36	647.00	262.87	0.0038041	516.78	762.90	5.6368	0.80116	1.1184	652.29	-0.032981	4.9033e-05	0.070087	supercritical
784.36	647.00	262.57	0.0038085	517.61	764.02	5.6382	0.80135	1.1185	652.53	-0.033034	4.9059e-05	0.070130	supercritical
785.36	647.00	262.27	0.0038129	518.45	765.14	5.6396	0.80154	1.1185	652.77	-0.033087	4.9085e-05	0.070173	supercritical
786.36	647.00	261.97	0.0038173	519.28	766.26	5.6411	0.80173	1.1186	653.02	-0.033139	4.9112e-05	0.070216	supercritical
787.36	647.00	261.67	0.0038216	520.12	767.38	5.6425	0.80192	1.1186	653.26	-0.033192	4.9138e-05	0.070260	supercritical
788.36	647.00	261.37	0.0038260	520.95	768.50	5.6439	0.80211	1.1187	653.50	-0.033244	4.9164e-05	0.070303	supercritical
789.36	647.00	261.07	0.0038304	521.79	769.61	5.6453	0.80229	1.1187	653.74	-0.033296	4.9191e-05	0.070346	supercritical
790.36	647.00	260.77	0.0038348	522.62	770.73	5.6467	0.80248	1.1188	653.98	-0.033349	4.9217e-05	0.070389	supercritical
791.36	647.00	260.47	0.0038392	523.46	771.85	5.6482	0.80267	1.1188	654.22	-0.033401	4.9243e-05	0.070432	supercritical
792.36	647.00	260.18	0.0038435	524.29	772.97	5.6496	0.80286	1.1189	654.46	-0.033453	4.9270e-05	0.070476	supercritical
793.36	647.00	259.88	0.0038479	525.13	774.09	5.6510	0.80305	1.1189	654.70	-0.033505	4.9296e-05	0.070519	supercritical
794.36	647.00	259.58	0.0038523	525.96	775.21	5.6524	0.80323	1.1190	654.94	-0.033557	4.9323e-05	0.070562	supercritical
795.36	647.00	259.29	0.0038567	526.80	776.33	5.6538	0.80342	1.1190	655.19	-0.033608	4.9349e-05	0.070606	supercritical
796.36	647.00	259.00	0.0038611	527.64	777.45	5.6552	0.80361	1.1191	655.43	-0.033660	4.9376e-05	0.070649	supercritical
797.36	647.00	258.70	0.0038654	528.47	778.57	5.6566	0.80379	1.1191	655.67	-0.033712	4.9402e-05	0.070693	supercritical
798.36	647.00	258.41	0.0038698	529.31	779.69	5.6580	0.80398	1.1192	655.91	-0.033763	4.9428e-05	0.070736	supercritical
799.36	647.00	258.12	0.0038742	530.15	780.80	5.6594	0.80416	1.1192	656.15	-0.033814	4.9455e-05	0.070780	supercritical
800.36	647.00	257.83	0.0038786	530.98	781.92	5.6608	0.80435	1.1193	656.39	-0.033866	4.9481e-05	0.070823	supercritical
801.36	647.00	257.54	0.0038829	531.82	783.04	5.6622	0.80453	1.1193	656.63	-0.033917	4.9508e-05	0.070867	supercritical
802.36	647.00	257.25	0.0038873	532.65	784.16	5.6636	0.80472	1.1194	656.87	-0.033968	4.9534e-05	0.070910	supercritical
803.36	647.00	256.96	0.0038917	533.49	785.28	5.6650	0.80490	1.1194	657.11	-0.034019	4.9561e-05	0.070954	supercritical
804.36	647.00	256.67	0.0038960	534.33	786.40	5.6664	0.80509	1.1195	657.35	-0.034070	4.9587e-05	0.070998	supercritical
805.36	647.00	256.38	0.0039004	535.16	787.52	5.6678	0.80527	1.1195	657.60	-0.034121	4.9614e-05	0.071041	supercritical
806.36	647.00	256.10	0.0039048	536.00	788.64	5.6692	0.80545	1.1196	657.84	-0.034171	4.9640e-05	0.071085	supercritical
807.36	647.00	255.81	0.0039091	536.84	789.76	5.6706	0.80564	1.1196	658.08	-0.034222	4.9667e-05	0.071129	supercritical
808.36	647.00	255.53	0.0039135	537.68	790.88	5.6720	0.80582	1.1197	658.32	-0.034273	4.9693e-05	0.071173	supercritical
809.36	647.00	255.24	0.0039179	538.51	792.00	5.6733	0.80600	1.1197	658.56	-0.034323	4.9720e-05	0.071216	supercritical
810.36	647.00	254.96	0.0039222	539.35	793.12	5.6747	0.80618	1.1198	658.80	-0.034373	4.9747e-05	0.071260	supercritical
811.36	647.00	254.67	0.0039266	540.19	794.24	5.6761	0.80636	1.1199	659.04	-0.034424	4.9773e-05	0.071304	supercritical
812.36	647.00	254.39	0.0039310	541.03	795.36	5.6775	0.80655	1.1199	659.28	-0.034474	4.9800e-05	0.071348	supercritical
813.36	647.00	254.11	0.0039353	541.86	796.48	5.6789	0.80673	1.1200	659.52	-0.034524	4.9826e-05	0.071392	supercritical
814.36	647.00	253.83	0.0039397	542.70	797.60	5.6802	0.80691	1.1200	659.76	-0.034574	4.9853e-05	0.071436	supercritical
815.36	647.00	253.55	0.0039441	543.54	798.72	5.6816	0.80709	1.1201	660.00	-0.034624	4.9879e-05	0.071480	supercritical
816.36	647.00	253.27	0.0039484	544.38	799.84	5.6830	0.80727	1.1201	660.24	-0.034674	4.9906e-05	0.071524	supercritical
817.36	647.00	252.99	0.0039528	545.21	800.96	5.6844	0.80745	1.1202	660.49	-0.034723	4.9933e-05	0.071568	supercritical
818.36	647.00	252.71	0.0039571	546.05	802.08	5.6857	0.80763	1.1202	660.73	-0.034773	4.9959e-05	0.071612	supercritical
819.36	647.00	252.43	0.0039615	546.89	803.20	5.6871	0.80781	1.1203	660.97	-0.034822	4.9986e-05	0.071656	supercritical
820.36	647.00	252.15	0.0039659	547.73	804.32	5.6885	0.80799	1.1203	661.21	-0.034872	5.0013e-05	0.071700	supercritical
821.36	647.00	251.88	0.0039702	548.57	805.44	5.6898	0.80817	1.1204	661.45	-0.034921	5.0039e-05	0.071744	supercritical
822.36	647.00	251.60	0.0039746	549.41	806.56	5.6912	0.80835	1.1205	661.69	-0.034970	5.0066e-05	0.071788	supercritical
823.36	647.00	251.32	0.0039789	550.24	807.68	5.6925	0.80852	1.1205	661.93	-0.035020	5.0092e-05	0.071833	supercritical
824.36	647.00	251.05	0.0039833	551.08	808.80	5.6939	0.80870	1.1206	662.17	-0.035069	5.0119e-05	0.071877	supercritical
825.36	647.00	250.78	0.0039876	551.92	809.92	5.6953	0.80888	1.1206	662.41	-0.035118	5.0146e-05	0.071921	supercritical
826.36	647.00	250.50	0.0039920	552.76	811.04	5.6966	0.80906	1.1207	662.65	-0.035167	5.0172e-05	0.071965	supercritical
827.36	647.00	250.23	0.0039963	553.60	812.16	5.6980	0.80923	1.1207	662.89	-0.035215	5.0199e-05	0.072010	supercritical
828.36	647.00	249.96	0.0040007	554.44	813.28	5.6993	0.80941	1.1208	663.13	-0.035264	5.0226e-05	0.072054	supercritical
829.36	647.00	249.68	0.0040050	555.28	814.41	5.7007	0.80959	1.1208	663.37	-0.035313	5.0253e-05	0.072098	supercritical
830.36	647.00	249.41	0.0040094	556.12	815.53	5.7020	0.80976	1.1209	663.61	-0.035361	5.0279e-05	0.072143	supercritical
831.36	647.00	249.14	0.0040138	556.96	816.65	5.7034	0.80994	1.1209	663.85	-0.035410	5.0306e-05	0.072187	supercritical
832.36	647.00	248.87	0.0040181	557.80	817.77	5.7047	0.81012	1.1210	664.09	-0.035458	5.0333e-05	0.072231	supercritical
833.36	647.00	248.60	0.0040225	558.64	818.89	5.7061	0.81029	1.1211	664.33	-0.035506	5.0359e-05	0.072276	supercritical
834.36	647.00	248.34	0.0040268	559.48	820.01	5.7074	0.81047	1.1211	664.57	-0.035555	5.0386e-05	0.072320	supercritical
835.36	647.00	248.07	0.0040311	560.32	821.13	5.7088	0.81064	1.1212	664.81	-0.035603	5.0413e-05	0.072365	supercritical
836.36	647.00	247.80	0.0040355	561.16	822.25	5.7101	0.81082	1.1212	665.05	-0.035651	5.0440e-05	0.072409	supercritical
837.36	647.00	247.53	0.0040398	562.00	823.37	5.7114	0.81099	1.1213	665.29	-0.035699	5.0466e-05	0.072454	supercritical
838.36	647.00	247.27	0.0040442	562.84	824.49	5.7128	0.81116	1.1213	665.53	-0.035746	5.0493e-05	0.072498	supercritical
839.36	647.00	247.00	0.0040485	563.68	825.62	5.7141	0.81134	1.1214	665.77	-0.035794	5.0520e-05	0.072543	supercritical
840.36	647.00	246.74	0.0040529	564.52	826.74	5.7155	0.81151	1.1215	666.01	-0.035842	5.0547e-05	0.072587	supercritical
841.36	647.00	246.47	0.0040572	565.36	827.86	5.7168	0.81168	1.1215	666.25	-0.035889	5.0573e-05	0.072632	supercritical
842.36	647.00	246.21	0.0040616	566.20	828.98	5.7181	0.81186	1.1216	666.49	-0.035937	5.0600e-05	0.072677	supercritical
843.36	647.00	245.95	0.0040659	567.04	830.10	5.7195	0.81203	1.1216	666.73	-0.035984	5.0627e-05	0.072721	supercritical
844.36	647.00	245.69	0.0040703	567.88	831.22	5.7208	0.81220	1.1217	666.97	-0.036032	5.0654e-05	0.072766	supercritical
845.36	647.00	245.42	0.0040746	568.72	832.35	5.7221	0.81237	1.1217	667.21	-0.036079	5.0680e-05	0.072811	supercritical
846.36	647.00	245.16	0.0040789	569.56	833.47	5.7234	0.81255	1.1218	667.45	-0.036126	5.0707e-05	0.072855	supercritical
847.36	647.00	244.90	0.0040833	570.40	834.59	5.7248	0.81272	1.1219	667.69	-0.036173	5.0734e-05	0.072900	supercritical
848.36	647.00	244.64	0.0040876	571.24	835.71	5.7261	0.81289	1.1219	667.93	-0.036220	5.0761e-05	0.072945	supercritical
849.36	647.00	244.38	0.0040920	572.08	836.83	5.7274	0.81306	1.1220	668.17	-0.036267	5.0788e-05	0.072990	supercritical
850.36	647.00	244.12	0.0040963	572.93	837.96	5.7287	0.81323	1.1220	668.41	-0.036314	5.0814e-05	0.073034	supercritical
851.36	647.00	243.87	0.0041006	573.77	839.08	5.7300	0.81340	1.1221	668.65	-0.036360	5.0841e-05	0.073079	supercritical
852.36	647.00	243.61	0.0041050	574.61	840.20	5.7314	0.81357	1.1222	668.89	-0.036407	5.0868e-05	0.073124	supercritical
853.36	647.00	243.35	0.0041093	575.45	841.32	5.7327	0.81374	1.1222	669.13	-0.036454	5.0895e-05	0.073169	supercritical
854.36	647.00	243.09	0.0041136	576.29	842.44	5.7340	0.81391	1.1223	669.37	-0.036500	5.0922e-05	0.073214	supercritical
855.36	647.00	242.84	0.0041180	577.13	843.57	5.7353	0.81408	1.1223	669.61	-0.036546	5.0948e-05	0.073259	supercritical
856.36	647.00	242.58	0.0041223	577.98	844.69	5.7366	0.81425	1.1224	669.85	-0.036593	5.0975e-05	0.073304	supercritical
857.36	647.00	242.33	0.0041266	578.82	845.81	5.7379	0.81441	1.1224	670.09	-0.036639	5.1002e-05	0.073349	supercritical
858.36	647.00	242.07	0.0041310	579.66	846.93	5.7392	0.81458	1.1225	670.33	-0.036685	5.1029e-05	0.073394	supercritical
859.36	647.00	241.82	0.0041353	580.50	848.06	5.7405	0.81475	1.1226	670.57	-0.036731	5.1056e-05	0.073439	supercritical
860.36	647.00	241.57	0.0041396	581.34	849.18	5.7418	0.81492	1.1226	670.81	-0.036777	5.1083e-05	0.073484	supercritical
861.36	647.00	241.31	0.0041440	582.19	850.30	5.7431	0.81509	1.1227	671.05	-0.036823	5.1109e-05	0.073529	supercritical
862.36	647.00	241.06	0.0041483	583.03	851.42	5.7445	0.81525	1.1227	671.29	-0.036869	5.1136e-05	0.073574	supercritical
863.36	647.00	240.81	0.0041526	583.87	852.55	5.7458	0.81542	1.1228	671.52	-0.036914	5.1163e-05	0.073619	supercritical
864.36	647.00	240.56	0.0041570	584.71	853.67	5.7471	0.81559	1.1229	671.76	-0.036960	5.1190e-05	0.073664	supercritical
865.36	647.00	240.31	0.0041613	585.56	854.79	5.7484	0.81575	1.1229	672.00	-0.037006	5.1217e-05	0.073709	supercritical
866.36	647.00	240.06	0.0041656	586.40	855.92	5.7496	0.81592	1.1230	672.24	-0.037051	5.1244e-05	0.073754	supercritical
867.36	647.00	239.81	0.0041699	587.24	857.04	5.7509	0.81608	1.1230	672.48	-0.037097	5.1271e-05	0.073799	supercritical
868.36	647.00	239.56	0.0041743	588.09	858.16	5.7522	0.81625	1.1231	672.72	-0.037142	5.1298e-05	0.073844	supercritical
869.36	647.00	239.31	0.0041786	588.93	859.28	5.7535	0.81641	1.1232	672.96	-0.037187	5.1324e-05	0.073890	supercritical
870.36	647.00	239.07	0.0041829	589.77	860.41	5.7548	0.81658	1.1232	673.20	-0.037232	5.1351e-05	0.073935	supercritical
871.36	647.00	238.82	0.0041872	590.62	861.53	5.7561	0.81674	1.1233	673.44	-0.037277	5.1378e-05	0.073980	supercritical
872.36	647.00	238.57	0.0041916	591.46	862.65	5.7574	0.81691	1.1233	673.68	-0.037322	5.1405e-05	0.074025	supercritical
873.36	647.00	238.33	0.0041959	592.30	863.78	5.7587	0.81707	1.1234	673.91	-0.037367	5.1432e-05	0.074070	supercritical
874.36	647.00	238.08	0.0042002	593.15	864.90	5.7600	0.81724	1.1235	674.15	-0.037412	5.1459e-05	0.074116	supercritical
875.36	647.00	237.84	0.0042045	593.99	866.02	5.7613	0.81740	1.1235	674.39	-0.037457	5.1486e-05	0.074161	supercritical
876.36	647.00	237.59	0.0042089	594.83	867.15	5.7625	0.81756	1.1236	674.63	-0.037501	5.1513e-05	0.074206	supercritical
877.36	647.00	237.35	0.0042132	595.68	868.27	5.7638	0.81773	1.1236	674.87	-0.037546	5.1540e-05	0.074252	supercritical
878.36	647.00	237.11	0.0042175	596.52	869.40	5.7651	0.81789	1.1237	675.11	-0.037590	5.1566e-05	0.074297	supercritical
879.36	647.00	236.86	0.0042218	597.37	870.52	5.7664	0.81805	1.1238	675.35	-0.037635	5.1593e-05	0.074342	supercritical
880.36	647.00	236.62	0.0042261	598.21	871.64	5.7677	0.81821	1.1238	675.59	-0.037679	5.1620e-05	0.074388	supercritical
881.36	647.00	236.38	0.0042305	599.06	872.77	5.7689	0.81837	1.1239	675.82	-0.037723	5.1647e-05	0.074433	supercritical
882.36	647.00	236.14	0.0042348	599.90	873.89	5.7702	0.81854	1.1239	676.06	-0.037768	5.1674e-05	0.074479	supercritical
883.36	647.00	235.90	0.0042391	600.74	875.01	5.7715	0.81870	1.1240	676.30	-0.037812	5.1701e-05	0.074524	supercritical
884.36	647.00	235.66	0.0042434	601.59	876.14	5.7728	0.81886	1.1241	676.54	-0.037856	5.1728e-05	0.074569	supercritical
885.36	647.00	235.42	0.0042477	602.43	877.26	5.7740	0.81902	1.1241	676.78	-0.037900	5.1755e-05	0.074615	supercritical
886.36	647.00	235.18	0.0042521	603.28	878.39	5.7753	0.81918	1.1242	677.02	-0.037944	5.1782e-05	0.074660	supercritical
887.36	647.00	234.94	0.0042564	604.12	879.51	5.7766	0.81934	1.1242	677.25	-0.037987	5.1809e-05	0.074706	supercritical
888.36	647.00	234.70	0.0042607	604.97	880.64	5.7778	0.81950	1.1243	677.49	-0.038031	5.1836e-05	0.074751	supercritical
889.36	647.00	234.47	0.0042650	605.81	881.76	5.7791	0.81966	1.1244	677.73	-0.038075	5.1863e-05	0.074797	supercritical
890.36	647.00	234.23	0.0042693	606.66	882.88	5.7804	0.81982	1.1244	677.97	-0.038118	5.1890e-05	0.074843	supercritical
891.36	647.00	233.99	0.0042736	607.50	884.01	5.7816	0.81998	1.1245	678.21	-0.038162	5.1916e-05	0.074888	supercritical
892.36	647.00	233.76	0.0042779	608.35	885.13	5.7829	0.82014	1.1245	678.44	-0.038205	5.1943e-05	0.074934	supercritical
893.36	647.00	233.52	0.0042823	609.20	886.26	5.7841	0.82029	1.1246	678.68	-0.038248	5.1970e-05	0.074979	supercritical
894.36	647.00	233.29	0.0042866	610.04	887.38	5.7854	0.82045	1.1247	678.92	-0.038292	5.1997e-05	0.075025	supercritical
895.36	647.00	233.05	0.0042909	610.89	888.51	5.7867	0.82061	1.1247	679.16	-0.038335	5.2024e-05	0.075071	supercritical
896.36	647.00	232.82	0.0042952	611.73	889.63	5.7879	0.82077	1.1248	679.40	-0.038378	5.2051e-05	0.075116	supercritical
897.36	647.00	232.59	0.0042995	612.58	890.76	5.7892	0.82093	1.1249	679.63	-0.038421	5.2078e-05	0.075162	supercritical
898.36	647.00	232.35	0.0043038	613.43	891.88	5.7904	0.82108	1.1249	679.87	-0.038464	5.2105e-05	0.075208	supercritical
899.36	647.00	232.12	0.0043081	614.27	893.01	5.7917	0.82124	1.1250	680.11	-0.038507	5.2132e-05	0.075253	supercritical
900.36	647.00	231.89	0.0043124	615.12	894.13	5.7929	0.82140	1.1250	680.35	-0.038550	5.2159e-05	0.075299	supercritical
901.36	647.00	231.66	0.0043167	615.96	895.26	5.7942	0.82155	1.1251	680.58	-0.038592	5.2186e-05	0.075345	supercritical
902.36	647.00	231.43	0.0043210	616.81	896.38	5.7954	0.82171	1.1252	680.82	-0.038635	5.2213e-05	0.075390	supercritical
903.36	647.00	231.20	0.0043253	617.66	897.51	5.7967	0.82186	1.1252	681.06	-0.038677	5.2240e-05	0.075436	supercritical
904.36	647.00	230.97	0.0043296	618.50	898.63	5.7979	0.82202	1.1253	681.30	-0.038720	5.2267e-05	0.075482	supercritical
905.36	647.00	230.74	0.0043340	619.35	899.76	5.7991	0.82218	1.1253	681.53	-0.038762	5.2294e-05	0.075528	supercritical
906.36	647.00	230.51	0.0043383	620.20	900.88	5.8004	0.82233	1.1254	681.77	-0.038805	5.2321e-05	0.075574	supercritical
907.36	647.00	230.28	0.0043426	621.04	902.01	5.8016	0.82249	1.1255	682.01	-0.038847	5.2348e-05	0.075619	supercritical
908.36	647.00	230.05	0.0043469	621.89	903.13	5.8029	0.82264	1.1255	682.25	-0.038889	5.2375e-05	0.075665	supercritical
909.36	647.00	229.82	0.0043512	622.74	904.26	5.8041	0.82279	1.1256	682.48	-0.038931	5.2402e-05	0.075711	supercritical
910.36	647.00	229.60	0.0043555	623.59	905.38	5.8053	0.82295	1.1257	682.72	-0.038973	5.2429e-05	0.075757	supercritical
911.36	647.00	229.37	0.0043598	624.43	906.51	5.8066	0.82310	1.1257	682.96	-0.039015	5.2456e-05	0.075803	supercritical
912.36	647.00	229.14	0.0043641	625.28	907.64	5.8078	0.82326	1.1258	683.20	-0.039057	5.2483e-05	0.075849	supercritical
913.36	647.00	228.92	0.0043684	626.13	908.76	5.8090	0.82341	1.1258	683.43	-0.039099	5.2510e-05	0.075895	supercritical
914.36	647.00	228.69	0.0043727	626.98	909.89	5.8103	0.82356	1.1259	683.67	-0.039141	5.2537e-05	0.075940	supercritical
915.36	647.00	228.47	0.0043770	627.82	911.01	5.8115	0.82371	1.1260	683.91	-0.039182	5.2564e-05	0.075986	supercritical
916.36	647.00	228.24	0.0043813	628.67	912.14	5.8127	0.82387	1.1260	684.14	-0.039224	5.2591e-05	0.076032	supercritical
917.36	647.00	228.02	0.0043856	629.52	913.27	5.8140	0.82402	1.1261	684.38	-0.039265	5.2618e-05	0.076078	supercritical
918.36	647.00	227.80	0.0043899	630.37	914.39	5.8152	0.82417	1.1262	684.62	-0.039307	5.2644e-05	0.076124	supercritical
919.36	647.00	227.57	0.0043942	631.22	915.52	5.8164	0.82432	1.1262	684.85	-0.039348	5.2671e-05	0.076170	supercritical
920.36	647.00	227.35	0.0043985	632.06	916.64	5.8176	0.82447	1.1263	685.09	-0.039389	5.2698e-05	0.076216	supercritical
921.36	647.00	227.13	0.0044028	632.91	917.77	5.8189	0.82463	1.1263	685.33	-0.039431	5.2725e-05	0.076262	supercritical
922.36	647.00	226.91	0.0044071	633.76	918.90	5.8201	0.82478	1.1264	685.56	-0.039472	5.2752e-05	0.076308	supercritical
923.36	647.00	226.69	0.0044114	634.61	920.02	5.8213	0.82493	1.1265	685.80	-0.039513	5.2779e-05	0.076354	supercritical
924.36	647.00	226.47	0.0044157	635.46	921.15	5.8225	0.82508	1.1265	686.04	-0.039554	5.2806e-05	0.076400	supercritical
925.36	647.00	226.25	0.0044199	636.31	922.28	5.8237	0.82523	1.1266	686.27	-0.039595	5.2833e-05	0.076446	supercritical
926.36	647.00	226.03	0.0044242	637.15	923.40	5.8250	0.82538	1.1267	686.51	-0.039636	5.2860e-05	0.076492	supercritical
927.36	647.00	225.81	0.0044285	638.00	924.53	5.8262	0.82553	1.1267	686.75	-0.039676	5.2887e-05	0.076539	supercritical
928.36	647.00	225.59	0.0044328	638.85	925.66	5.8274	0.82568	1.1268	686.98	-0.039717	5.2914e-05	0.076585	supercritical
929.36	647.00	225.37	0.0044371	639.70	926.78	5.8286	0.82583	1.1268	687.22	-0.039758	5.2941e-05	0.076631	supercritical
930.36	647.00	225.15	0.0044414	640.55	927.91	5.8298	0.82597	1.1269	687.45	-0.039798	5.2968e-05	0.076677	supercritical
931.36	647.00	224.94	0.0044457	641.40	929.04	5.8310	0.82612	1.1270	687.69	-0.039839	5.2995e-05	0.076723	supercritical
932.36	647.00	224.72	0.0044500	642.25	930.16	5.8322	0.82627	1.1270	687.93	-0.039879	5.3022e-05	0.076769	supercritical
933.36	647.00	224.50	0.0044543	643.10	931.29	5.8334	0.82642	1.1271	688.16	-0.039920	5.3049e-05	0.076815	supercritical
934.36	647.00	224.29	0.0044586	643.95	932.42	5.8347	0.82657	1.1271	688.40	-0.039960	5.3076e-05	0.076862	supercritical
935.36	647.00	224.07	0.0044629	644.80	933.55	5.8359	0.82672	1.1272	688.64	-0.040000	5.3103e-05	0.076908	supercritical
936.36	647.00	223.86	0.0044672	645.65	934.67	5.8371	0.82686	1.1273	688.87	-0.040040	5.3130e-05	0.076954	supercritical
937.36	647.00	223.64	0.0044714	646.50	935.80	5.8383	0.82701	1.1273	689.11	-0.040080	5.3157e-05	0.077000	supercritical
938.36	647.00	223.43	0.0044757	647.35	936.93	5.8395	0.82716	1.1274	689.34	-0.040120	5.3184e-05	0.077046	supercritical
939.36	647.00	223.21	0.0044800	648.20	938.06	5.8407	0.82730	1.1275	689.58	-0.040160	5.3211e-05	0.077093	supercritical
940.36	647.00	223.00	0.0044843	649.05	939.18	5.8419	0.82745	1.1275	689.81	-0.040200	5.3238e-05	0.077139	supercritical
941.36	647.00	222.79	0.0044886	649.90	940.31	5.8431	0.82760	1.1276	690.05	-0.040240	5.3265e-05	0.077185	supercritical
942.36	647.00	222.57	0.0044929	650.75	941.44	5.8443	0.82774	1.1276	690.29	-0.040280	5.3292e-05	0.077231	supercritical
943.36	647.00	222.36	0.0044972	651.60	942.57	5.8455	0.82789	1.1277	690.52	-0.040319	5.3319e-05	0.077278	supercritical
944.36	647.00	222.15	0.0045014	652.45	943.69	5.8467	0.82803	1.1278	690.76	-0.040359	5.3346e-05	0.077324	supercritical
945.36	647.00	221.94	0.0045057	653.30	944.82	5.8479	0.82818	1.1278	690.99	-0.040399	5.3373e-05	0.077370	supercritical
946.36	647.00	221.73	0.0045100	654.15	945.95	5.8490	0.82832	1.1279	691.23	-0.040438	5.3400e-05	0.077417	supercritical
947.36	647.00	221.52	0.0045143	655.00	947.08	5.8502	0.82847	1.1280	691.46	-0.040477	5.3427e-05	0.077463	supercritical
948.36	647.00	221.31	0.0045186	655.85	948.20	5.8514	0.82861	1.1280	691.70	-0.040517	5.3454e-05	0.077509	supercritical
949.36	647.00	221.10	0.0045229	656.70	949.33	5.8526	0.82876	1.1281	691.93	-0.040556	5.3481e-05	0.077556	supercritical
950.36	647.00	220.89	0.0045271	657.55	950.46	5.8538	0.82890	1.1282	692.17	-0.040595	5.3508e-05	0.077602	supercritical
951.36	647.00	220.68	0.0045314	658.41	951.59	5.8550	0.82904	1.1282	692.40	-0.040634	5.3535e-05	0.077648	supercritical
952.36	647.00	220.47	0.0045357	659.26	952.72	5.8562	0.82919	1.1283	692.64	-0.040673	5.3562e-05	0.077695	supercritical
953.36	647.00	220.26	0.0045400	660.11	953.85	5.8574	0.82933	1.1283	692.87	-0.040712	5.3589e-05	0.077741	supercritical
954.36	647.00	220.06	0.0045443	660.96	954.97	5.8585	0.82947	1.1284	693.11	-0.040751	5.3616e-05	0.077788	supercritical
955.36	647.00	219.85	0.0045486	661.81	956.10	5.8597	0.82962	1.1285	693.34	-0.040790	5.3643e-05	0.077834	supercritical
956.36	647.00	219.64	0.0045528	662.66	957.23	5.8609	0.82976	1.1285	693.58	-0.040829	5.3670e-05	0.077880	supercritical
957.36	647.00	219.44	0.0045571	663.51	958.36	5.8621	0.82990	1.1286	693.81	-0.040868	5.3697e-05	0.077927	supercritical
958.36	647.00	219.23	0.0045614	664.37	959.49	5.8633	0.83004	1.1287	694.05	-0.040906	5.3724e-05	0.077973	supercritical
959.36	647.00	219.03	0.0045657	665.22	960.62	5.8644	0.83019	1.1287	694.28	-0.040945	5.3751e-05	0.078020	supercritical
960.36	647.00	218.82	0.0045699	666.07	961.75	5.8656	0.83033	1.1288	694.52	-0.040983	5.3778e-05	0.078066	supercritical
961.36	647.00	218.62	0.0045742	666.92	962.87	5.8668	0.83047	1.1288	694.75	-0.041022	5.3805e-05	0.078113	supercritical
962.36	647.00	218.41	0.0045785	667.77	964.00	5.8680	0.83061	1.1289	694.99	-0.041060	5.3832e-05	0.078159	supercritical
963.36	647.00	218.21	0.0045828	668.63	965.13	5.8691	0.83075	1.1290	695.22	-0.041098	5.3859e-05	0.078206	supercritical
964.36	647.00	218.01	0.0045870	669.48	966.26	5.8703	0.83089	1.1290	695.45	-0.041137	5.3886e-05	0.078252	supercritical
965.36	647.00	217.80	0.0045913	670.33	967.39	5.8715	0.83103	1.1291	695.69	-0.041175	5.3913e-05	0.078299	supercritical
966.36	647.00	217.60	0.0045956	671.18	968.52	5.8726	0.83117	1.1292	695.92	-0.041213	5.3940e-05	0.078345	supercritical
967.36	647.00	217.40	0.0045999	672.04	969.65	5.8738	0.83131	1.1292	696.16	-0.041251	5.3967e-05	0.078392	supercritical
968.36	647.00	217.20	0.0046041	672.89	970.78	5.8750	0.83145	1.1293	696.39	-0.041289	5.3994e-05	0.078438	supercritical
969.36	647.00	216.99	0.0046084	673.74	971.91	5.8761	0.83159	1.1293	696.63	-0.041327	5.4021e-05	0.078485	supercritical
970.36	647.00	216.79	0.0046127	674.60	973.04	5.8773	0.83173	1.1294	696.86	-0.041365	5.4048e-05	0.078531	supercritical
971.36	647.00	216.59	0.0046170	675.45	974.17	5.8785	0.83187	1.1295	697.09	-0.041403	5.4075e-05	0.078578	supercritical
972.36	647.00	216.39	0.0046212	676.30	975.30	5.8796	0.83201	1.1295	697.33	-0.041440	5.4102e-05	0.078625	supercritical
973.36	647.00	216.19	0.0046255	677.16	976.42	5.8808	0.83215	1.1296	697.56	-0.041478	5.4129e-05	0.078671	supercritical
974.36	647.00	215.99	0.0046298	678.01	977.55	5.8820	0.83229	1.1297	697.80	-0.041516	5.4156e-05	0.078718	supercritical
975.36	647.00	215.79	0.0046340	678.86	978.68	5.8831	0.83242	1.1297	698.03	-0.041553	5.4183e-05	0.078764	supercritical
976.36	647.00	215.60	0.0046383	679.72	979.81	5.8843	0.83256	1.1298	698.26	-0.041591	5.4210e-05	0.078811	supercritical
977.36	647.00	215.40	0.0046426	680.57	980.94	5.8854	0.83270	1.1298	698.50	-0.041628	5.4237e-05	0.078858	supercritical
978.36	647.00	215.20	0.0046468	681.42	982.07	5.8866	0.83284	1.1299	698.73	-0.041665	5.4264e-05	0.078904	supercritical
979.36	647.00	215.00	0.0046511	682.28	983.20	5.8877	0.83297	1.1300	698.96	-0.041703	5.4291e-05	0.078951	supercritical
980.36	647.00	214.81	0.0046554	683.13	984.33	5.8889	0.83311	1.1300	699.20	-0.041740	5.4318e-05	0.078998	supercritical
981.36	647.00	214.61	0.0046597	683.98	985.46	5.8900	0.83325	1.1301	699.43	-0.041777	5.4345e-05	0.079044	supercritical
982.36	647.00	214.41	0.0046639	684.84	986.59	5.8912	0.83338	1.1302	699.66	-0.041814	5.4372e-05	0.079091	supercritical
983.36	647.00	214.22	0.0046682	685.69	987.72	5.8923	0.83352	1.1302	699.90	-0.041851	5.4399e-05	0.079138	supercritical
984.36	647.00	214.02	0.0046725	686.55	988.85	5.8935	0.83366	1.1303	700.13	-0.041888	5.4426e-05	0.079184	supercritical
985.36	647.00	213.83	0.0046767	687.40	989.98	5.8946	0.83379	1.1303	700.36	-0.041925	5.4453e-05	0.079231	supercritical
986.36	647.00	213.63	0.0046810	688.26	991.11	5.8958	0.83393	1.1304	700.60	-0.041962	5.4480e-05	0.079278	supercritical
987.36	647.00	213.44	0.0046852	689.11	992.25	5.8969	0.83406	1.1305	700.83	-0.041998	5.4507e-05	0.079324	supercritical
988.36	647.00	213.24	0.0046895	689.96	993.38	5.8981	0.83420	1.1305	701.06	-0.042035	5.4533e-05	0.079371	supercritical
989.36	647.00	213.05	0.0046938	690.82	994.51	5.8992	0.83433	1.1306	701.30	-0.042072	5.4560e-05	0.079418	supercritical
990.36	647.00	212.85	0.0046980	691.67	995.64	5.9004	0.83447	1.1307	701.53	-0.042108	5.4587e-05	0.079465	supercritical
991.36	647.00	212.66	0.0047023	692.53	996.77	5.9015	0.83460	1.1307	701.76	-0.042145	5.4614e-05	0.079511	supercritical
992.36	647.00	212.47	0.0047066	693.38	997.90	5.9026	0.83474	1.1308	702.00	-0.042181	5.4641e-05	0.079558	supercritical
993.36	647.00	212.28	0.0047108	694.24	999.03	5.9038	0.83487	1.1308	702.23	-0.042218	5.4668e-05	0.079605	supercritical
994.36	647.00	212.09	0.0047151	695.09	1000.2	5.9049	0.83500	1.1309	702.46	-0.042254	5.4695e-05	0.079652	supercritical
995.36	647.00	211.89	0.0047193	695.95	1001.3	5.9061	0.83514	1.1310	702.69	-0.042290	5.4722e-05	0.079698	supercritical
996.36	647.00	211.70	0.0047236	696.80	1002.4	5.9072	0.83527	1.1310	702.93	-0.042327	5.4749e-05	0.079745	supercritical
997.36	647.00	211.51	0.0047279	697.66	1003.6	5.9083	0.83541	1.1311	703.16	-0.042363	5.4776e-05	0.079792	supercritical
998.36	647.00	211.32	0.0047321	698.52	1004.7	5.9095	0.83554	1.1312	703.39	-0.042399	5.4803e-05	0.079839	supercritical
999.36	647.00	211.13	0.0047364	699.37	1005.8	5.9106	0.83567	1.1312	703.62	-0.042435	5.4830e-05	0.079886	supercritical
1000.4	647.00	210.94	0.0047406	700.23	1006.9	5.9117	0.83580	1.1313	703.86	-0.042471	5.4857e-05	0.079932	supercritical
1001.4	647.00	210.75	0.0047449	701.08	1008.1	5.9129	0.83594	1.1313	704.09	-0.042507	5.4884e-05	0.079979	supercritical
1002.4	647.00	210.56	0.0047492	701.94	1009.2	5.9140	0.83607	1.1314	704.32	-0.042542	5.4911e-05	0.080026	supercritical
1003.4	647.00	210.37	0.0047534	702.79	1010.3	5.9151	0.83620	1.1315	704.55	-0.042578	5.4938e-05	0.080073	supercritical
1004.4	647.00	210.19	0.0047577	703.65	1011.5	5.9162	0.83633	1.1315	704.78	-0.042614	5.4965e-05	0.080120	supercritical
1005.4	647.00	210.00	0.0047619	704.51	1012.6	5.9174	0.83646	1.1316	705.02	-0.042650	5.4992e-05	0.080167	supercritical
1006.4	647.00	209.81	0.0047662	705.36	1013.7	5.9185	0.83659	1.1317	705.25	-0.042685	5.5019e-05	0.080213	supercritical
1007.4	647.00	209.62	0.0047704	706.22	1014.9	5.9196	0.83673	1.1317	705.48	-0.042721	5.5046e-05	0.080260	supercritical
1008.4	647.00	209.44	0.0047747	707.08	1016.0	5.9207	0.83686	1.1318	705.71	-0.042756	5.5073e-05	0.080307	supercritical
1009.4	647.00	209.25	0.0047790	707.93	1017.1	5.9219	0.83699	1.1318	705.94	-0.042792	5.5099e-05	0.080354	supercritical
1010.4	647.00	209.06	0.0047832	708.79	1018.3	5.9230	0.83712	1.1319	706.18	-0.042827	5.5126e-05	0.080401	supercritical
1011.4	647.00	208.88	0.0047875	709.65	1019.4	5.9241	0.83725	1.1320	706.41	-0.042862	5.5153e-05	0.080448	supercritical
1012.4	647.00	208.69	0.0047917	710.50	1020.5	5.9252	0.83738	1.1320	706.64	-0.042898	5.5180e-05	0.080495	supercritical
1013.4	647.00	208.51	0.0047960	711.36	1021.7	5.9263	0.83751	1.1321	706.87	-0.042933	5.5207e-05	0.080542	supercritical
1014.4	647.00	208.32	0.0048002	712.22	1022.8	5.9275	0.83764	1.1322	707.10	-0.042968	5.5234e-05	0.080589	supercritical
1015.4	647.00	208.14	0.0048045	713.07	1023.9	5.9286	0.83777	1.1322	707.33	-0.043003	5.5261e-05	0.080636	supercritical
1016.4	647.00	207.96	0.0048087	713.93	1025.1	5.9297	0.83790	1.1323	707.57	-0.043038	5.5288e-05	0.080683	supercritical
1017.4	647.00	207.77	0.0048130	714.79	1026.2	5.9308	0.83803	1.1323	707.80	-0.043073	5.5315e-05	0.080730	supercritical
1018.4	647.00	207.59	0.0048172	715.64	1027.3	5.9319	0.83815	1.1324	708.03	-0.043108	5.5342e-05	0.080776	supercritical
1019.4	647.00	207.41	0.0048215	716.50	1028.5	5.9330	0.83828	1.1325	708.26	-0.043143	5.5369e-05	0.080823	supercritical
1020.4	647.00	207.22	0.0048257	717.36	1029.6	5.9341	0.83841	1.1325	708.49	-0.043177	5.5396e-05	0.080870	supercritical
1021.4	647.00	207.04	0.0048300	718.22	1030.7	5.9352	0.83854	1.1326	708.72	-0.043212	5.5423e-05	0.080917	supercritical
1022.4	647.00	206.86	0.0048342	719.08	1031.9	5.9364	0.83867	1.1327	708.95	-0.043247	5.5449e-05	0.080964	supercritical
1023.4	647.00	206.68	0.0048385	719.93	1033.0	5.9375	0.83879	1.1327	709.18	-0.043281	5.5476e-05	0.081011	supercritical
1024.4	647.00	206.50	0.0048427	720.79	1034.1	5.9386	0.83892	1.1328	709.42	-0.043316	5.5503e-05	0.081058	supercritical
1025.4	647.00	206.31	0.0048470	721.65	1035.2	5.9397	0.83905	1.1328	709.65	-0.043350	5.5530e-05	0.081105	supercritical
1026.4	647.00	206.13	0.0048512	722.51	1036.4	5.9408	0.83918	1.1329	709.88	-0.043385	5.5557e-05	0.081152	supercritical
1027.4	647.00	205.95	0.0048555	723.36	1037.5	5.9419	0.83930	1.1330	710.11	-0.043419	5.5584e-05	0.081199	supercritical
1028.4	647.00	205.77	0.0048597	724.22	1038.6	5.9430	0.83943	1.1330	710.34	-0.043453	5.5611e-05	0.081246	supercritical
1029.4	647.00	205.59	0.0048640	725.08	1039.8	5.9441	0.83956	1.1331	710.57	-0.043488	5.5638e-05	0.081293	supercritical
1030.4	647.00	205.41	0.0048682	725.94	1040.9	5.9452	0.83968	1.1332	710.80	-0.043522	5.5665e-05	0.081340	supercritical
1031.4	647.00	205.24	0.0048725	726.80	1042.0	5.9463	0.83981	1.1332	711.03	-0.043556	5.5692e-05	0.081387	supercritical
1032.4	647.00	205.06	0.0048767	727.66	1043.2	5.9474	0.83994	1.1333	711.26	-0.043590	5.5718e-05	0.081434	supercritical
1033.4	647.00	204.88	0.0048810	728.52	1044.3	5.9485	0.84006	1.1333	711.49	-0.043624	5.5745e-05	0.081482	supercritical
1034.4	647.00	204.70	0.0048852	729.37	1045.4	5.9496	0.84019	1.1334	711.72	-0.043658	5.5772e-05	0.081529	supercritical
1035.4	647.00	204.52	0.0048894	730.23	1046.6	5.9507	0.84031	1.1335	711.95	-0.043692	5.5799e-05	0.081576	supercritical
1036.4	647.00	204.35	0.0048937	731.09	1047.7	5.9518	0.84044	1.1335	712.18	-0.043726	5.5826e-05	0.081623	supercritical
1037.4	647.00	204.17	0.0048979	731.95	1048.8	5.9529	0.84056	1.1336	712.41	-0.043760	5.5853e-05	0.081670	supercritical
1038.4	647.00	203.99	0.0049022	732.81	1050.0	5.9539	0.84069	1.1336	712.64	-0.043793	5.5880e-05	0.081717	supercritical
1039.4	647.00	203.81	0.0049064	733.67	1051.1	5.9550	0.84081	1.1337	712.87	-0.043827	5.5907e-05	0.081764	supercritical
1040.4	647.00	203.64	0.0049107	734.53	1052.2	5.9561	0.84094	1.1338	713.10	-0.043861	5.5933e-05	0.081811	supercritical
1041.4	647.00	203.46	0.0049149	735.39	1053.4	5.9572	0.84106	1.1338	713.33	-0.043894	5.5960e-05	0.081858	supercritical
1042.4	647.00	203.29	0.0049191	736.25	1054.5	5.9583	0.84119	1.1339	713.56	-0.043928	5.5987e-05	0.081905	supercritical
1043.4	647.00	203.11	0.0049234	737.11	1055.6	5.9594	0.84131	1.1340	713.79	-0.043961	5.6014e-05	0.081952	supercritical
1044.4	647.00	202.94	0.0049276	737.97	1056.8	5.9605	0.84143	1.1340	714.02	-0.043995	5.6041e-05	0.081999	supercritical
1045.4	647.00	202.76	0.0049319	738.83	1057.9	5.9616	0.84156	1.1341	714.25	-0.044028	5.6068e-05	0.082047	supercritical
1046.4	647.00	202.59	0.0049361	739.69	1059.1	5.9627	0.84168	1.1341	714.48	-0.044061	5.6095e-05	0.082094	supercritical
1047.4	647.00	202.42	0.0049403	740.55	1060.2	5.9637	0.84180	1.1342	714.71	-0.044094	5.6122e-05	0.082141	supercritical
1048.4	647.00	202.24	0.0049446	741.41	1061.3	5.9648	0.84193	1.1343	714.94	-0.044128	5.6148e-05	0.082188	supercritical
1049.4	647.00	202.07	0.0049488	742.27	1062.5	5.9659	0.84205	1.1343	715.17	-0.044161	5.6175e-05	0.082235	supercritical
1050.4	647.00	201.90	0.0049531	743.13	1063.6	5.9670	0.84217	1.1344	715.40	-0.044194	5.6202e-05	0.082282	supercritical
1051.4	647.00	201.72	0.0049573	743.99	1064.7	5.9681	0.84229	1.1345	715.63	-0.044227	5.6229e-05	0.082329	supercritical
1052.4	647.00	201.55	0.0049615	744.85	1065.9	5.9691	0.84241	1.1345	715.86	-0.044260	5.6256e-05	0.082377	supercritical
1053.4	647.00	201.38	0.0049658	745.71	1067.0	5.9702	0.84254	1.1346	716.09	-0.044293	5.6283e-05	0.082424	supercritical
1054.4	647.00	201.21	0.0049700	746.57	1068.1	5.9713	0.84266	1.1346	716.32	-0.044326	5.6309e-05	0.082471	supercritical
1055.4	647.00	201.04	0.0049742	747.43	1069.3	5.9724	0.84278	1.1347	716.55	-0.044358	5.6336e-05	0.082518	supercritical
1056.4	647.00	200.86	0.0049785	748.29	1070.4	5.9734	0.84290	1.1348	716.77	-0.044391	5.6363e-05	0.082565	supercritical
1057.4	647.00	200.69	0.0049827	749.15	1071.5	5.9745	0.84302	1.1348	717.00	-0.044424	5.6390e-05	0.082612	supercritical
1058.4	647.00	200.52	0.0049870	750.01	1072.7	5.9756	0.84314	1.1349	717.23	-0.044457	5.6417e-05	0.082660	supercritical
1059.4	647.00	200.35	0.0049912	750.87	1073.8	5.9767	0.84326	1.1349	717.46	-0.044489	5.6444e-05	0.082707	supercritical
1060.4	647.00	200.18	0.0049954	751.73	1074.9	5.9777	0.84339	1.1350	717.69	-0.044522	5.6470e-05	0.082754	supercritical
1061.4	647.00	200.01	0.0049997	752.59	1076.1	5.9788	0.84351	1.1351	717.92	-0.044554	5.6497e-05	0.082801	supercritical
1062.4	647.00	199.84	0.0050039	753.45	1077.2	5.9799	0.84363	1.1351	718.15	-0.044587	5.6524e-05	0.082848	supercritical
1063.4	647.00	199.68	0.0050081	754.32	1078.3	5.9809	0.84375	1.1352	718.38	-0.044619	5.6551e-05	0.082896	supercritical
1064.4	647.00	199.51	0.0050124	755.18	1079.5	5.9820	0.84387	1.1353	718.60	-0.044651	5.6578e-05	0.082943	supercritical
1065.4	647.00	199.34	0.0050166	756.04	1080.6	5.9831	0.84399	1.1353	718.83	-0.044684	5.6605e-05	0.082990	supercritical
1066.4	647.00	199.17	0.0050208	756.90	1081.7	5.9841	0.84411	1.1354	719.06	-0.044716	5.6631e-05	0.083037	supercritical
1067.4	647.00	199.00	0.0050251	757.76	1082.9	5.9852	0.84422	1.1354	719.29	-0.044748	5.6658e-05	0.083084	supercritical
1068.4	647.00	198.84	0.0050293	758.62	1084.0	5.9863	0.84434	1.1355	719.52	-0.044780	5.6685e-05	0.083132	supercritical
1069.4	647.00	198.67	0.0050335	759.48	1085.2	5.9873	0.84446	1.1356	719.75	-0.044812	5.6712e-05	0.083179	supercritical
1070.4	647.00	198.50	0.0050377	760.35	1086.3	5.9884	0.84458	1.1356	719.97	-0.044844	5.6739e-05	0.083226	supercritical
1071.4	647.00	198.33	0.0050420	761.21	1087.4	5.9894	0.84470	1.1357	720.20	-0.044876	5.6765e-05	0.083273	supercritical
1072.4	647.00	198.17	0.0050462	762.07	1088.6	5.9905	0.84482	1.1357	720.43	-0.044908	5.6792e-05	0.083321	supercritical
1073.4	647.00	198.00	0.0050504	762.93	1089.7	5.9916	0.84494	1.1358	720.66	-0.044940	5.6819e-05	0.083368	supercritical
1074.4	647.00	197.84	0.0050547	763.79	1090.8	5.9926	0.84506	1.1359	720.89	-0.044972	5.6846e-05	0.083415	supercritical
1075.4	647.00	197.67	0.0050589	764.66	1092.0	5.9937	0.84517	1.1359	721.11	-0.045003	5.6873e-05	0.083462	supercritical
1076.4	647.00	197.51	0.0050631	765.52	1093.1	5.9947	0.84529	1.1360	721.34	-0.045035	5.6899e-05	0.083510	supercritical
1077.4	647.00	197.34	0.0050674	766.38	1094.2	5.9958	0.84541	1.1360	721.57	-0.045067	5.6926e-05	0.083557	supercritical
1078.4	647.00	197.18	0.0050716	767.24	1095.4	5.9968	0.84553	1.1361	721.80	-0.045098	5.6953e-05	0.083604	supercritical
1079.4	647.00	197.01	0.0050758	768.11	1096.5	5.9979	0.84564	1.1362	722.03	-0.045130	5.6980e-05	0.083652	supercritical
1080.4	647.00	196.85	0.0050800	768.97	1097.6	5.9990	0.84576	1.1362	722.25	-0.045161	5.7006e-05	0.083699	supercritical
1081.4	647.00	196.69	0.0050843	769.83	1098.8	6.0000	0.84588	1.1363	722.48	-0.045193	5.7033e-05	0.083746	supercritical
1082.4	647.00	196.52	0.0050885	770.70	1099.9	6.0011	0.84599	1.1364	722.71	-0.045224	5.7060e-05	0.083793	supercritical
1083.4	647.00	196.36	0.0050927	771.56	1101.1	6.0021	0.84611	1.1364	722.94	-0.045255	5.7087e-05	0.083841	supercritical
1084.4	647.00	196.20	0.0050969	772.42	1102.2	6.0032	0.84623	1.1365	723.16	-0.045287	5.7114e-05	0.083888	supercritical
1085.4	647.00	196.03	0.0051012	773.28	1103.3	6.0042	0.84634	1.1365	723.39	-0.045318	5.7140e-05	0.083935	supercritical
1086.4	647.00	195.87	0.0051054	774.15	1104.5	6.0052	0.84646	1.1366	723.62	-0.045349	5.7167e-05	0.083983	supercritical
1087.4	647.00	195.71	0.0051096	775.01	1105.6	6.0063	0.84658	1.1367	723.84	-0.045380	5.7194e-05	0.084030	supercritical
1088.4	647.00	195.55	0.0051138	775.87	1106.7	6.0073	0.84669	1.1367	724.07	-0.045411	5.7221e-05	0.084077	supercritical
1089.4	647.00	195.39	0.0051181	776.74	1107.9	6.0084	0.84681	1.1368	724.30	-0.045442	5.7247e-05	0.084125	supercritical
1090.4	647.00	195.23	0.0051223	777.60	1109.0	6.0094	0.84692	1.1368	724.53	-0.045473	5.7274e-05	0.084172	supercritical
1091.4	647.00	195.06	0.0051265	778.46	1110.2	6.0105	0.84704	1.1369	724.75	-0.045504	5.7301e-05	0.084219	supercritical
1092.4	647.00	194.90	0.0051307	779.33	1111.3	6.0115	0.84715	1.1370	724.98	-0.045535	5.7328e-05	0.084267	supercritical
1093.4	647.00	194.74	0.0051350	780.19	1112.4	6.0125	0.84727	1.1370	725.21	-0.045566	5.7354e-05	0.084314	supercritical
1094.4	647.00	194.58	0.0051392	781.06	1113.6	6.0136	0.84738	1.1371	725.43	-0.045597	5.7381e-05	0.084361	supercritical
1095.4	647.00	194.42	0.0051434	781.92	1114.7	6.0146	0.84750	1.1371	725.66	-0.045627	5.7408e-05	0.084409	supercritical
1096.4	647.00	194.26	0.0051476	782.78	1115.8	6.0157	0.84761	1.1372	725.89	-0.045658	5.7434e-05	0.084456	supercritical
1097.4	647.00	194.11	0.0051519	783.65	1117.0	6.0167	0.84773	1.1373	726.11	-0.045689	5.7461e-05	0.084503	supercritical
1098.4	647.00	193.95	0.0051561	784.51	1118.1	6.0177	0.84784	1.1373	726.34	-0.045719	5.7488e-05	0.084551	supercritical
1099.4	647.00	193.79	0.0051603	785.38	1119.2	6.0188	0.84795	1.1374	726.56	-0.045750	5.7515e-05	0.084598	supercritical
1100.4	647.00	193.63	0.0051645	786.24	1120.4	6.0198	0.84807	1.1374	726.79	-0.045780	5.7541e-05	0.084645	supercritical
1101.4	647.00	193.47	0.0051687	787.11	1121.5	6.0208	0.84818	1.1375	727.02	-0.045811	5.7568e-05	0.084693	supercritical
1102.4	647.00	193.31	0.0051730	787.97	1122.7	6.0219	0.84829	1.1376	727.24	-0.045841	5.7595e-05	0.084740	supercritical
1103.4	647.00	193.16	0.0051772	788.83	1123.8	6.0229	0.84841	1.1376	727.47	-0.045871	5.7621e-05	0.084787	supercritical
1104.4	647.00	193.00	0.0051814	789.70	1124.9	6.0239	0.84852	1.1377	727.70	-0.045902	5.7648e-05	0.084835	supercritical
1105.4	647.00	192.84	0.0051856	790.56	1126.1	6.0250	0.84863	1.1377	727.92	-0.045932	5.7675e-05	0.084882	supercritical
1106.4	647.00	192.68	0.0051898	791.43	1127.2	6.0260	0.84875	1.1378	728.15	-0.045962	5.7702e-05	0.084930	supercritical
1107.4	647.00	192.53	0.0051940	792.29	1128.3	6.0270	0.84886	1.1379	728.37	-0.045992	5.7728e-05	0.084977	supercritical
1108.4	647.00	192.37	0.0051983	793.16	1129.5	6.0280	0.84897	1.1379	728.60	-0.046022	5.7755e-05	0.085024	supercritical
1109.4	647.00	192.22	0.0052025	794.02	1130.6	6.0291	0.84908	1.1380	728.83	-0.046052	5.7782e-05	0.085072	supercritical
1110.4	647.00	192.06	0.0052067	794.89	1131.8	6.0301	0.84920	1.1381	729.05	-0.046082	5.7808e-05	0.085119	supercritical
1111.4	647.00	191.90	0.0052109	795.75	1132.9	6.0311	0.84931	1.1381	729.28	-0.046112	5.7835e-05	0.085167	supercritical
1112.4	647.00	191.75	0.0052151	796.62	1134.0	6.0321	0.84942	1.1382	729.50	-0.046142	5.7862e-05	0.085214	supercritical
1113.4	647.00	191.59	0.0052193	797.48	1135.2	6.0332	0.84953	1.1382	729.73	-0.046172	5.7888e-05	0.085261	supercritical
1114.4	647.00	191.44	0.0052236	798.35	1136.3	6.0342	0.84964	1.1383	729.95	-0.046202	5.7915e-05	0.085309	supercritical
1115.4	647.00	191.29	0.0052278	799.22	1137.5	6.0352	0.84975	1.1384	730.18	-0.046232	5.7942e-05	0.085356	supercritical
1116.4	647.00	191.13	0.0052320	800.08	1138.6	6.0362	0.84986	1.1384	730.40	-0.046261	5.7968e-05	0.085404	supercritical
1117.4	647.00	190.98	0.0052362	800.95	1139.7	6.0373	0.84998	1.1385	730.63	-0.046291	5.7995e-05	0.085451	supercritical
1118.4	647.00	190.82	0.0052404	801.81	1140.9	6.0383	0.85009	1.1385	730.85	-0.046321	5.8022e-05	0.085498	supercritical
1119.4	647.00	190.67	0.0052446	802.68	1142.0	6.0393	0.85020	1.1386	731.08	-0.046350	5.8048e-05	0.085546	supercritical
1120.4	647.00	190.52	0.0052489	803.55	1143.1	6.0403	0.85031	1.1387	731.30	-0.046380	5.8075e-05	0.085593	supercritical
1121.4	647.00	190.37	0.0052531	804.41	1144.3	6.0413	0.85042	1.1387	731.53	-0.046409	5.8102e-05	0.085641	supercritical
1122.4	647.00	190.21	0.0052573	805.28	1145.4	6.0423	0.85053	1.1388	731.75	-0.046438	5.8128e-05	0.085688	supercritical
1123.4	647.00	190.06	0.0052615	806.14	1146.6	6.0433	0.85064	1.1388	731.98	-0.046468	5.8155e-05	0.085736	supercritical
1124.4	647.00	189.91	0.0052657	807.01	1147.7	6.0444	0.85075	1.1389	732.20	-0.046497	5.8182e-05	0.085783	supercritical
1125.4	647.00	189.76	0.0052699	807.88	1148.8	6.0454	0.85086	1.1390	732.43	-0.046526	5.8208e-05	0.085830	supercritical
1126.4	647.00	189.60	0.0052741	808.74	1150.0	6.0464	0.85097	1.1390	732.65	-0.046556	5.8235e-05	0.085878	supercritical
1127.4	647.00	189.45	0.0052783	809.61	1151.1	6.0474	0.85108	1.1391	732.88	-0.046585	5.8262e-05	0.085925	supercritical
1128.4	647.00	189.30	0.0052825	810.48	1152.3	6.0484	0.85119	1.1391	733.10	-0.046614	5.8288e-05	0.085973	supercritical
1129.4	647.00	189.15	0.0052868	811.34	1153.4	6.0494	0.85130	1.1392	733.33	-0.046643	5.8315e-05	0.086020	supercritical
1130.4	647.00	189.00	0.0052910	812.21	1154.5	6.0504	0.85140	1.1393	733.55	-0.046672	5.8341e-05	0.086068	supercritical
1131.4	647.00	188.85	0.0052952	813.08	1155.7	6.0514	0.85151	1.1393	733.78	-0.046701	5.8368e-05	0.086115	supercritical
1132.4	647.00	188.70	0.0052994	813.94	1156.8	6.0524	0.85162	1.1394	734.00	-0.046730	5.8395e-05	0.086163	supercritical
1133.4	647.00	188.55	0.0053036	814.81	1158.0	6.0534	0.85173	1.1394	734.23	-0.046759	5.8421e-05	0.086210	supercritical
1134.4	647.00	188.40	0.0053078	815.68	1159.1	6.0544	0.85184	1.1395	734.45	-0.046788	5.8448e-05	0.086258	supercritical
1135.4	647.00	188.25	0.0053120	816.54	1160.2	6.0555	0.85195	1.1396	734.67	-0.046817	5.8475e-05	0.086305	supercritical
1136.4	647.00	188.10	0.0053162	817.41	1161.4	6.0565	0.85206	1.1396	734.90	-0.046845	5.8501e-05	0.086352	supercritical
1137.4	647.00	187.95	0.0053204	818.28	1162.5	6.0575	0.85216	1.1397	735.12	-0.046874	5.8528e-05	0.086400	supercritical
1138.4	647.00	187.81	0.0053246	819.15	1163.7	6.0585	0.85227	1.1397	735.35	-0.046903	5.8554e-05	0.086447	supercritical
1139.4	647.00	187.66	0.0053289	820.01	1164.8	6.0595	0.85238	1.1398	735.57	-0.046931	5.8581e-05	0.086495	supercritical
1140.4	647.00	187.51	0.0053331	820.88	1165.9	6.0605	0.85249	1.1399	735.79	-0.046960	5.8608e-05	0.086542	supercritical
1141.4	647.00	187.36	0.0053373	821.75	1167.1	6.0615	0.85259	1.1399	736.02	-0.046989	5.8634e-05	0.086590	supercritical
1142.4	647.00	187.21	0.0053415	822.62	1168.2	6.0625	0.85270	1.1400	736.24	-0.047017	5.8661e-05	0.086637	supercritical
1143.4	647.00	187.07	0.0053457	823.49	1169.4	6.0635	0.85281	1.1400	736.46	-0.047046	5.8687e-05	0.086685	supercritical
1144.4	647.00	186.92	0.0053499	824.35	1170.5	6.0645	0.85292	1.1401	736.69	-0.047074	5.8714e-05	0.086732	supercritical
1145.4	647.00	186.77	0.0053541	825.22	1171.6	6.0654	0.85302	1.1402	736.91	-0.047102	5.8740e-05	0.086780	supercritical
1146.4	647.00	186.63	0.0053583	826.09	1172.8	6.0664	0.85313	1.1402	737.13	-0.047131	5.8767e-05	0.086827	supercritical
1147.4	647.00	186.48	0.0053625	826.96	1173.9	6.0674	0.85324	1.1403	737.36	-0.047159	5.8794e-05	0.086875	supercritical
1148.4	647.00	186.33	0.0053667	827.83	1175.1	6.0684	0.85334	1.1403	737.58	-0.047187	5.8820e-05	0.086922	supercritical
1149.4	647.00	186.19	0.0053709	828.69	1176.2	6.0694	0.85345	1.1404	737.80	-0.047215	5.8847e-05	0.086970	supercritical
1150.4	647.00	186.04	0.0053751	829.56	1177.3	6.0704	0.85356	1.1404	738.03	-0.047243	5.8873e-05	0.087017	supercritical
1151.4	647.00	185.90	0.0053793	830.43	1178.5	6.0714	0.85366	1.1405	738.25	-0.047271	5.8900e-05	0.087065	supercritical
1152.4	647.00	185.75	0.0053835	831.30	1179.6	6.0724	0.85377	1.1406	738.47	-0.047300	5.8926e-05	0.087112	supercritical
1153.4	647.00	185.61	0.0053877	832.17	1180.8	6.0734	0.85387	1.1406	738.70	-0.047328	5.8953e-05	0.087160	supercritical
1154.4	647.00	185.46	0.0053919	833.04	1181.9	6.0744	0.85398	1.1407	738.92	-0.047355	5.8980e-05	0.087207	supercritical
1155.4	647.00	185.32	0.0053961	833.91	1183.0	6.0754	0.85408	1.1407	739.14	-0.047383	5.9006e-05	0.087255	supercritical
1156.4	647.00	185.17	0.0054003	834.77	1184.2	6.0763	0.85419	1.1408	739.37	-0.047411	5.9033e-05	0.087302	supercritical
1157.4	647.00	185.03	0.0054045	835.64	1185.3	6.0773	0.85429	1.1409	739.59	-0.047439	5.9059e-05	0.087350	supercritical
1158.4	647.00	184.89	0.0054087	836.51	1186.5	6.0783	0.85440	1.1409	739.81	-0.047467	5.9086e-05	0.087397	supercritical
1159.4	647.00	184.74	0.0054129	837.38	1187.6	6.0793	0.85450	1.1410	740.03	-0.047495	5.9112e-05	0.087445	supercritical
1160.4	647.00	184.60	0.0054171	838.25	1188.7	6.0803	0.85461	1.1410	740.26	-0.047522	5.9139e-05	0.087492	supercritical
1161.4	647.00	184.46	0.0054213	839.12	1189.9	6.0813	0.85471	1.1411	740.48	-0.047550	5.9165e-05	0.087540	supercritical
1162.4	647.00	184.31	0.0054255	839.99	1191.0	6.0823	0.85482	1.1412	740.70	-0.047578	5.9192e-05	0.087587	supercritical
1163.4	647.00	184.17	0.0054297	840.86	1192.2	6.0832	0.85492	1.1412	740.92	-0.047605	5.9218e-05	0.087635	supercritical
1164.4	647.00	184.03	0.0054339	841.73	1193.3	6.0842	0.85503	1.1413	741.15	-0.047633	5.9245e-05	0.087683	supercritical
1165.4	647.00	183.89	0.0054381	842.60	1194.4	6.0852	0.85513	1.1413	741.37	-0.047660	5.9271e-05	0.087730	supercritical
1166.4	647.00	183.74	0.0054423	843.47	1195.6	6.0862	0.85523	1.1414	741.59	-0.047688	5.9298e-05	0.087778	supercritical
1167.4	647.00	183.60	0.0054465	844.34	1196.7	6.0872	0.85534	1.1415	741.81	-0.047715	5.9324e-05	0.087825	supercritical
1168.4	647.00	183.46	0.0054507	845.21	1197.9	6.0881	0.85544	1.1415	742.03	-0.047742	5.9351e-05	0.087873	supercritical
1169.4	647.00	183.32	0.0054549	846.08	1199.0	6.0891	0.85555	1.1416	742.26	-0.047770	5.9377e-05	0.087920	supercritical
1170.4	647.00	183.18	0.0054591	846.95	1200.2	6.0901	0.85565	1.1416	742.48	-0.047797	5.9404e-05	0.087968	supercritical
1171.4	647.00	183.04	0.0054633	847.82	1201.3	6.0911	0.85575	1.1417	742.70	-0.047824	5.9430e-05	0.088015	supercritical
1172.4	647.00	182.90	0.0054675	848.69	1202.4	6.0920	0.85586	1.1418	742.92	-0.047851	5.9457e-05	0.088063	supercritical
1173.4	647.00	182.76	0.0054717	849.56	1203.6	6.0930	0.85596	1.1418	743.14	-0.047878	5.9483e-05	0.088110	supercritical
1174.4	647.00	182.62	0.0054759	850.43	1204.7	6.0940	0.85606	1.1419	743.37	-0.047905	5.9510e-05	0.088158	supercritical
1175.4	647.00	182.48	0.0054801	851.30	1205.9	6.0950	0.85616	1.1419	743.59	-0.047932	5.9536e-05	0.088205	supercritical
1176.4	647.00	182.34	0.0054843	852.17	1207.0	6.0959	0.85627	1.1420	743.81	-0.047960	5.9563e-05	0.088253	supercritical
1177.4	647.00	182.20	0.0054885	853.04	1208.1	6.0969	0.85637	1.1420	744.03	-0.047986	5.9589e-05	0.088301	supercritical
1178.4	647.00	182.06	0.0054927	853.91	1209.3	6.0979	0.85647	1.1421	744.25	-0.048013	5.9616e-05	0.088348	supercritical
1179.4	647.00	181.92	0.0054969	854.78	1210.4	6.0988	0.85657	1.1422	744.47	-0.048040	5.9642e-05	0.088396	supercritical
1180.4	647.00	181.78	0.0055011	855.65	1211.6	6.0998	0.85668	1.1422	744.69	-0.048067	5.9669e-05	0.088443	supercritical
1181.4	647.00	181.64	0.0055053	856.52	1212.7	6.1008	0.85678	1.1423	744.92	-0.048094	5.9695e-05	0.088491	supercritical
1182.4	647.00	181.50	0.0055095	857.39	1213.9	6.1017	0.85688	1.1423	745.14	-0.048121	5.9721e-05	0.088538	supercritical
1183.4	647.00	181.37	0.0055137	858.26	1215.0	6.1027	0.85698	1.1424	745.36	-0.048147	5.9748e-05	0.088586	supercritical
1184.4	647.00	181.23	0.0055179	859.13	1216.1	6.1037	0.85708	1.1425	745.58	-0.048174	5.9774e-05	0.088633	supercritical
1185.4	647.00	181.09	0.0055221	860.01	1217.3	6.1046	0.85719	1.1425	745.80	-0.048201	5.9801e-05	0.088681	supercritical
1186.4	647.00	180.95	0.0055263	860.88	1218.4	6.1056	0.85729	1.1426	746.02	-0.048227	5.9827e-05	0.088729	supercritical
1187.4	647.00	180.82	0.0055305	861.75	1219.6	6.1066	0.85739	1.1426	746.24	-0.048254	5.9854e-05	0.088776	supercritical
1188.4	647.00	180.68	0.0055347	862.62	1220.7	6.1075	0.85749	1.1427	746.46	-0.048280	5.9880e-05	0.088824	supercritical
1189.4	647.00	180.54	0.0055389	863.49	1221.9	6.1085	0.85759	1.1428	746.68	-0.048307	5.9907e-05	0.088871	supercritical
1190.4	647.00	180.41	0.0055430	864.36	1223.0	6.1094	0.85769	1.1428	746.90	-0.048333	5.9933e-05	0.088919	supercritical
1191.4	647.00	180.27	0.0055472	865.23	1224.1	6.1104	0.85779	1.1429	747.13	-0.048360	5.9959e-05	0.088966	supercritical
1192.4	647.00	180.13	0.0055514	866.11	1225.3	6.1114	0.85789	1.1429	747.35	-0.048386	5.9986e-05	0.089014	supercritical
1193.4	647.00	180.00	0.0055556	866.98	1226.4	6.1123	0.85799	1.1430	747.57	-0.048412	6.0012e-05	0.089062	supercritical
1194.4	647.00	179.86	0.0055598	867.85	1227.6	6.1133	0.85809	1.1430	747.79	-0.048438	6.0039e-05	0.089109	supercritical
1195.4	647.00	179.73	0.0055640	868.72	1228.7	6.1142	0.85819	1.1431	748.01	-0.048465	6.0065e-05	0.089157	supercritical
1196.4	647.00	179.59	0.0055682	869.59	1229.9	6.1152	0.85829	1.1432	748.23	-0.048491	6.0091e-05	0.089204	supercritical
1197.4	647.00	179.46	0.0055724	870.47	1231.0	6.1161	0.85839	1.1432	748.45	-0.048517	6.0118e-05	0.089252	supercritical
1198.4	647.00	179.32	0.0055766	871.34	1232.1	6.1171	0.85849	1.1433	748.67	-0.048543	6.0144e-05	0.089300	supercritical
1199.4	647.00	179.19	0.0055808	872.21	1233.3	6.1180	0.85859	1.1433	748.89	-0.048569	6.0171e-05	0.089347	supercritical
1200.4	647.00	179.05	0.0055850	873.08	1234.4	6.1190	0.85869	1.1434	749.11	-0.048595	6.0197e-05	0.089395	supercritical
1201.4	647.00	178.92	0.0055891	873.95	1235.6	6.1200	0.85879	1.1435	749.33	-0.048621	6.0223e-05	0.089442	supercritical
1202.4	647.00	178.78	0.0055933	874.83	1236.7	6.1209	0.85889	1.1435	749.55	-0.048647	6.0250e-05	0.089490	supercritical
1203.4	647.00	178.65	0.0055975	875.70	1237.9	6.1219	0.85899	1.1436	749.77	-0.048673	6.0276e-05	0.089537	supercritical
1204.4	647.00	178.52	0.0056017	876.57	1239.0	6.1228	0.85909	1.1436	749.99	-0.048699	6.0303e-05	0.089585	supercritical
1205.4	647.00	178.38	0.0056059	877.44	1240.1	6.1238	0.85919	1.1437	750.21	-0.048725	6.0329e-05	0.089633	supercritical
1206.4	647.00	178.25	0.0056101	878.32	1241.3	6.1247	0.85929	1.1437	750.43	-0.048750	6.0355e-05	0.089680	supercritical
1207.4	647.00	178.12	0.0056143	879.19	1242.4	6.1256	0.85939	1.1438	750.65	-0.048776	6.0382e-05	0.089728	supercritical
1208.4	647.00	177.98	0.0056185	880.06	1243.6	6.1266	0.85949	1.1439	750.87	-0.048802	6.0408e-05	0.089775	supercritical
1209.4	647.00	177.85	0.0056227	880.94	1244.7	6.1275	0.85959	1.1439	751.09	-0.048827	6.0434e-05	0.089823	supercritical
1210.4	647.00	177.72	0.0056268	881.81	1245.9	6.1285	0.85968	1.1440	751.31	-0.048853	6.0461e-05	0.089871	supercritical
1211.4	647.00	177.59	0.0056310	882.68	1247.0	6.1294	0.85978	1.1440	751.52	-0.048879	6.0487e-05	0.089918	supercritical
1212.4	647.00	177.46	0.0056352	883.56	1248.2	6.1304	0.85988	1.1441	751.74	-0.048904	6.0513e-05	0.089966	supercritical
1213.4	647.00	177.32	0.0056394	884.43	1249.3	6.1313	0.85998	1.1442	751.96	-0.048930	6.0540e-05	0.090013	supercritical
1214.4	647.00	177.19	0.0056436	885.30	1250.4	6.1323	0.86008	1.1442	752.18	-0.048955	6.0566e-05	0.090061	supercritical
1215.4	647.00	177.06	0.0056478	886.18	1251.6	6.1332	0.86017	1.1443	752.40	-0.048980	6.0593e-05	0.090109	supercritical
1216.4	647.00	176.93	0.0056520	887.05	1252.7	6.1341	0.86027	1.1443	752.62	-0.049006	6.0619e-05	0.090156	supercritical
1217.4	647.00	176.80	0.0056561	887.92	1253.9	6.1351	0.86037	1.1444	752.84	-0.049031	6.0645e-05	0.090204	supercritical
1218.4	647.00	176.67	0.0056603	888.80	1255.0	6.1360	0.86047	1.1444	753.06	-0.049056	6.0672e-05	0.090251	supercritical
1219.4	647.00	176.54	0.0056645	889.67	1256.2	6.1370	0.86057	1.1445	753.28	-0.049082	6.0698e-05	0.090299	supercritical
1220.4	647.00	176.41	0.0056687	890.54	1257.3	6.1379	0.86066	1.1446	753.50	-0.049107	6.0724e-05	0.090347	supercritical
1221.4	647.00	176.28	0.0056729	891.42	1258.5	6.1388	0.86076	1.1446	753.71	-0.049132	6.0750e-05	0.090394	supercritical
1222.4	647.00	176.15	0.0056771	892.29	1259.6	6.1398	0.86086	1.1447	753.93	-0.049157	6.0777e-05	0.090442	supercritical
1223.4	647.00	176.02	0.0056813	893.17	1260.7	6.1407	0.86095	1.1447	754.15	-0.049182	6.0803e-05	0.090489	supercritical
1224.4	647.00	175.89	0.0056854	894.04	1261.9	6.1416	0.86105	1.1448	754.37	-0.049207	6.0829e-05	0.090537	supercritical
1225.4	647.00	175.76	0.0056896	894.91	1263.0	6.1426	0.86115	1.1449	754.59	-0.049232	6.0856e-05	0.090585	supercritical
1226.4	647.00	175.63	0.0056938	895.79	1264.2	6.1435	0.86125	1.1449	754.81	-0.049257	6.0882e-05	0.090632	supercritical
1227.4	647.00	175.50	0.0056980	896.66	1265.3	6.1445	0.86134	1.1450	755.03	-0.049282	6.0908e-05	0.090680	supercritical
1228.4	647.00	175.37	0.0057022	897.54	1266.5	6.1454	0.86144	1.1450	755.24	-0.049307	6.0935e-05	0.090727	supercritical
1229.4	647.00	175.24	0.0057064	898.41	1267.6	6.1463	0.86153	1.1451	755.46	-0.049332	6.0961e-05	0.090775	supercritical
1230.4	647.00	175.11	0.0057105	899.29	1268.8	6.1472	0.86163	1.1451	755.68	-0.049357	6.0987e-05	0.090823	supercritical
1231.4	647.00	174.99	0.0057147	900.16	1269.9	6.1482	0.86173	1.1452	755.90	-0.049382	6.1013e-05	0.090870	supercritical
1232.4	647.00	174.86	0.0057189	901.03	1271.0	6.1491	0.86182	1.1453	756.12	-0.049406	6.1040e-05	0.090918	supercritical
1233.4	647.00	174.73	0.0057231	901.91	1272.2	6.1500	0.86192	1.1453	756.34	-0.049431	6.1066e-05	0.090965	supercritical
1234.4	647.00	174.60	0.0057273	902.78	1273.3	6.1510	0.86202	1.1454	756.55	-0.049456	6.1092e-05	0.091013	supercritical
1235.4	647.00	174.48	0.0057314	903.66	1274.5	6.1519	0.86211	1.1454	756.77	-0.049480	6.1119e-05	0.091061	supercritical
1236.4	647.00	174.35	0.0057356	904.53	1275.6	6.1528	0.86221	1.1455	756.99	-0.049505	6.1145e-05	0.091108	supercritical
1237.4	647.00	174.22	0.0057398	905.41	1276.8	6.1537	0.86230	1.1456	757.21	-0.049530	6.1171e-05	0.091156	supercritical
1238.4	647.00	174.10	0.0057440	906.28	1277.9	6.1547	0.86240	1.1456	757.42	-0.049554	6.1197e-05	0.091204	supercritical
1239.4	647.00	173.97	0.0057482	907.16	1279.1	6.1556	0.86249	1.1457	757.64	-0.049579	6.1224e-05	0.091251	supercritical
1240.4	647.00	173.84	0.0057523	908.03	1280.2	6.1565	0.86259	1.1457	757.86	-0.049603	6.1250e-05	0.091299	supercritical
1241.4	647.00	173.72	0.0057565	908.91	1281.4	6.1574	0.86268	1.1458	758.08	-0.049628	6.1276e-05	0.091346	supercritical
1242.4	647.00	173.59	0.0057607	909.79	1282.5	6.1584	0.86278	1.1458	758.29	-0.049652	6.1302e-05	0.091394	supercritical
1243.4	647.00	173.46	0.0057649	910.66	1283.6	6.1593	0.86287	1.1459	758.51	-0.049676	6.1329e-05	0.091442	supercritical
1244.4	647.00	173.34	0.0057691	911.54	1284.8	6.1602	0.86297	1.1460	758.73	-0.049701	6.1355e-05	0.091489	supercritical
1245.4	647.00	173.21	0.0057732	912.41	1285.9	6.1611	0.86306	1.1460	758.95	-0.049725	6.1381e-05	0.091537	supercritical
1246.4	647.00	173.09	0.0057774	913.29	1287.1	6.1620	0.86316	1.1461	759.16	-0.049749	6.1407e-05	0.091584	supercritical
1247.4	647.00	172.96	0.0057816	914.16	1288.2	6.1630	0.86325	1.1461	759.38	-0.049773	6.1434e-05	0.091632	supercritical
1248.4	647.00	172.84	0.0057858	915.04	1289.4	6.1639	0.86335	1.1462	759.60	-0.049797	6.1460e-05	0.091680	supercritical
1249.4	647.00	172.71	0.0057899	915.92	1290.5	6.1648	0.86344	1.1462	759.81	-0.049821	6.1486e-05	0.091727	supercritical
1250.4	647.00	172.59	0.0057941	916.79	1291.7	6.1657	0.86353	1.1463	760.03	-0.049846	6.1512e-05	0.091775	supercritical
1251.4	647.00	172.46	0.0057983	917.67	1292.8	6.1666	0.86363	1.1464	760.25	-0.049870	6.1538e-05	0.091823	supercritical
1252.4	647.00	172.34	0.0058025	918.54	1294.0	6.1676	0.86372	1.1464	760.47	-0.049894	6.1565e-05	0.091870	supercritical
1253.4	647.00	172.22	0.0058067	919.42	1295.1	6.1685	0.86382	1.1465	760.68	-0.049918	6.1591e-05	0.091918	supercritical
1254.4	647.00	172.09	0.0058108	920.30	1296.3	6.1694	0.86391	1.1465	760.90	-0.049942	6.1617e-05	0.091965	supercritical
1255.4	647.00	171.97	0.0058150	921.17	1297.4	6.1703	0.86400	1.1466	761.12	-0.049965	6.1643e-05	0.092013	supercritical
1256.4	647.00	171.85	0.0058192	922.05	1298.6	6.1712	0.86410	1.1466	761.33	-0.049989	6.1669e-05	0.092061	supercritical
1257.4	647.00	171.72	0.0058234	922.93	1299.7	6.1721	0.86419	1.1467	761.55	-0.050013	6.1696e-05	0.092108	supercritical
1258.4	647.00	171.60	0.0058275	923.80	1300.8	6.1730	0.86429	1.1468	761.76	-0.050037	6.1722e-05	0.092156	supercritical
1259.4	647.00	171.48	0.0058317	924.68	1302.0	6.1739	0.86438	1.1468	761.98	-0.050061	6.1748e-05	0.092204	supercritical
1260.4	647.00	171.35	0.0058359	925.56	1303.1	6.1749	0.86447	1.1469	762.20	-0.050084	6.1774e-05	0.092251	supercritical
1261.4	647.00	171.23	0.0058401	926.43	1304.3	6.1758	0.86457	1.1469	762.41	-0.050108	6.1800e-05	0.092299	supercritical
1262.4	647.00	171.11	0.0058442	927.31	1305.4	6.1767	0.86466	1.1470	762.63	-0.050132	6.1826e-05	0.092346	supercritical
1263.4	647.00	170.99	0.0058484	928.19	1306.6	6.1776	0.86475	1.1471	762.85	-0.050155	6.1853e-05	0.092394	supercritical
1264.4	647.00	170.86	0.0058526	929.06	1307.7	6.1785	0.86484	1.1471	763.06	-0.050179	6.1879e-05	0.092442	supercritical
1265.4	647.00	170.74	0.0058568	929.94	1308.9	6.1794	0.86494	1.1472	763.28	-0.050202	6.1905e-05	0.092489	supercritical
1266.4	647.00	170.62	0.0058609	930.82	1310.0	6.1803	0.86503	1.1472	763.49	-0.050226	6.1931e-05	0.092537	supercritical
1267.4	647.00	170.50	0.0058651	931.70	1311.2	6.1812	0.86512	1.1473	763.71	-0.050249	6.1957e-05	0.092585	supercritical
1268.4	647.00	170.38	0.0058693	932.57	1312.3	6.1821	0.86521	1.1473	763.93	-0.050273	6.1983e-05	0.092632	supercritical
1269.4	647.00	170.26	0.0058734	933.45	1313.5	6.1830	0.86531	1.1474	764.14	-0.050296	6.2010e-05	0.092680	supercritical
1270.4	647.00	170.14	0.0058776	934.33	1314.6	6.1839	0.86540	1.1475	764.36	-0.050319	6.2036e-05	0.092727	supercritical
1271.4	647.00	170.02	0.0058818	935.20	1315.8	6.1848	0.86549	1.1475	764.57	-0.050343	6.2062e-05	0.092775	supercritical
1272.4	647.00	169.90	0.0058860	936.08	1316.9	6.1857	0.86558	1.1476	764.79	-0.050366	6.2088e-05	0.092823	supercritical
1273.4	647.00	169.78	0.0058901	936.96	1318.1	6.1866	0.86568	1.1476	765.00	-0.050389	6.2114e-05	0.092870	supercritical
1274.4	647.00	169.66	0.0058943	937.84	1319.2	6.1875	0.86577	1.1477	765.22	-0.050413	6.2140e-05	0.092918	supercritical
1275.4	647.00	169.54	0.0058985	938.72	1320.3	6.1884	0.86586	1.1477	765.44	-0.050436	6.2166e-05	0.092966	supercritical
1276.4	647.00	169.42	0.0059026	939.59	1321.5	6.1893	0.86595	1.1478	765.65	-0.050459	6.2193e-05	0.093013	supercritical
1277.4	647.00	169.30	0.0059068	940.47	1322.6	6.1902	0.86604	1.1479	765.87	-0.050482	6.2219e-05	0.093061	supercritical
1278.4	647.00	169.18	0.0059110	941.35	1323.8	6.1911	0.86613	1.1479	766.08	-0.050505	6.2245e-05	0.093108	supercritical
1279.4	647.00	169.06	0.0059152	942.23	1324.9	6.1920	0.86623	1.1480	766.30	-0.050528	6.2271e-05	0.093156	supercritical
1280.4	647.00	168.94	0.0059193	943.11	1326.1	6.1929	0.86632	1.1480	766.51	-0.050551	6.2297e-05	0.093204	supercritical
1281.4	647.00	168.82	0.0059235	943.98	1327.2	6.1938	0.86641	1.1481	766.73	-0.050574	6.2323e-05	0.093251	supercritical
1282.4	647.00	168.70	0.0059277	944.86	1328.4	6.1947	0.86650	1.1481	766.94	-0.050597	6.2349e-05	0.093299	supercritical
1283.4	647.00	168.58	0.0059318	945.74	1329.5	6.1956	0.86659	1.1482	767.16	-0.050620	6.2375e-05	0.093347	supercritical
1284.4	647.00	168.46	0.0059360	946.62	1330.7	6.1965	0.86668	1.1483	767.37	-0.050643	6.2401e-05	0.093394	supercritical
1285.4	647.00	168.35	0.0059402	947.50	1331.8	6.1974	0.86677	1.1483	767.59	-0.050666	6.2427e-05	0.093442	supercritical
1286.4	647.00	168.23	0.0059443	948.38	1333.0	6.1983	0.86686	1.1484	767.80	-0.050688	6.2454e-05	0.093489	supercritical
1287.4	647.00	168.11	0.0059485	949.26	1334.1	6.1992	0.86695	1.1484	768.01	-0.050711	6.2480e-05	0.093537	supercritical
1288.4	647.00	167.99	0.0059527	950.13	1335.3	6.2001	0.86705	1.1485	768.23	-0.050734	6.2506e-05	0.093585	supercritical
1289.4	647.00	167.87	0.0059568	951.01	1336.4	6.2010	0.86714	1.1485	768.44	-0.050756	6.2532e-05	0.093632	supercritical
1290.4	647.00	167.76	0.0059610	951.89	1337.6	6.2019	0.86723	1.1486	768.66	-0.050779	6.2558e-05	0.093680	supercritical
1291.4	647.00	167.64	0.0059652	952.77	1338.7	6.2027	0.86732	1.1487	768.87	-0.050802	6.2584e-05	0.093728	supercritical
1292.4	647.00	167.52	0.0059693	953.65	1339.9	6.2036	0.86741	1.1487	769.09	-0.050824	6.2610e-05	0.093775	supercritical
1293.4	647.00	167.41	0.0059735	954.53	1341.0	6.2045	0.86750	1.1488	769.30	-0.050847	6.2636e-05	0.093823	supercritical
1294.4	647.00	167.29	0.0059777	955.41	1342.2	6.2054	0.86759	1.1488	769.52	-0.050869	6.2662e-05	0.093870	supercritical
1295.4	647.00	167.17	0.0059818	956.29	1343.3	6.2063	0.86768	1.1489	769.73	-0.050892	6.2688e-05	0.093918	supercritical
1296.4	647.00	167.06	0.0059860	957.17	1344.5	6.2072	0.86777	1.1489	769.94	-0.050914	6.2714e-05	0.093966	supercritical
1297.4	647.00	166.94	0.0059902	958.05	1345.6	6.2081	0.86786	1.1490	770.16	-0.050937	6.2740e-05	0.094013	supercritical
1298.4	647.00	166.82	0.0059943	958.93	1346.8	6.2090	0.86795	1.1491	770.37	-0.050959	6.2766e-05	0.094061	supercritical
1299.4	647.00	166.71	0.0059985	959.81	1347.9	6.2098	0.86804	1.1491	770.59	-0.050981	6.2792e-05	0.094109	supercritical
1300.4	647.00	166.59	0.0060027	960.69	1349.1	6.2107	0.86813	1.1492	770.80	-0.051004	6.2818e-05	0.094156	supercritical
1301.4	647.00	166.48	0.0060068	961.56	1350.2	6.2116	0.86822	1.1492	771.01	-0.051026	6.2844e-05	0.094204	supercritical
1302.4	647.00	166.36	0.0060110	962.44	1351.4	6.2125	0.86831	1.1493	771.23	-0.051048	6.2870e-05	0.094251	supercritical
1303.4	647.00	166.25	0.0060152	963.32	1352.5	6.2134	0.86840	1.1493	771.44	-0.051071	6.2896e-05	0.094299	supercritical
1304.4	647.00	166.13	0.0060193	964.20	1353.7	6.2143	0.86848	1.1494	771.65	-0.051093	6.2922e-05	0.094347	supercritical
1305.4	647.00	166.02	0.0060235	965.08	1354.8	6.2151	0.86857	1.1495	771.87	-0.051115	6.2948e-05	0.094394	supercritical
1306.4	647.00	165.90	0.0060277	965.96	1356.0	6.2160	0.86866	1.1495	772.08	-0.051137	6.2974e-05	0.094442	supercritical
1307.4	647.00	165.79	0.0060318	966.84	1357.1	6.2169	0.86875	1.1496	772.30	-0.051159	6.3000e-05	0.094490	supercritical
1308.4	647.00	165.67	0.0060360	967.72	1358.3	6.2178	0.86884	1.1496	772.51	-0.051181	6.3027e-05	0.094537	supercritical
1309.4	647.00	165.56	0.0060402	968.61	1359.4	6.2187	0.86893	1.1497	772.72	-0.051203	6.3053e-05	0.094585	supercritical
1310.4	647.00	165.44	0.0060443	969.49	1360.6	6.2195	0.86902	1.1497	772.94	-0.051225	6.3079e-05	0.094632	supercritical
1311.4	647.00	165.33	0.0060485	970.37	1361.7	6.2204	0.86911	1.1498	773.15	-0.051247	6.3105e-05	0.094680	supercritical
1312.4	647.00	165.22	0.0060526	971.25	1362.9	6.2213	0.86920	1.1499	773.36	-0.051269	6.3130e-05	0.094728	supercritical
1313.4	647.00	165.10	0.0060568	972.13	1364.0	6.2222	0.86929	1.1499	773.57	-0.051291	6.3156e-05	0.094775	supercritical
1314.4	647.00	164.99	0.0060610	973.01	1365.2	6.2230	0.86937	1.1500	773.79	-0.051313	6.3182e-05	0.094823	supercritical
1315.4	647.00	164.88	0.0060651	973.89	1366.3	6.2239	0.86946	1.1500	774.00	-0.051334	6.3208e-05	0.094871	supercritical
1316.4	647.00	164.76	0.0060693	974.77	1367.5	6.2248	0.86955	1.1501	774.21	-0.051356	6.3234e-05	0.094918	supercritical
1317.4	647.00	164.65	0.0060735	975.65	1368.6	6.2257	0.86964	1.1501	774.43	-0.051378	6.3260e-05	0.094966	supercritical
1318.4	647.00	164.54	0.0060776	976.53	1369.8	6.2265	0.86973	1.1502	774.64	-0.051400	6.3286e-05	0.095013	supercritical
1319.4	647.00	164.43	0.0060818	977.41	1370.9	6.2274	0.86982	1.1503	774.85	-0.051421	6.3312e-05	0.095061	supercritical
1320.4	647.00	164.31	0.0060859	978.29	1372.1	6.2283	0.86990	1.1503	775.06	-0.051443	6.3338e-05	0.095109	supercritical
1321.4	647.00	164.20	0.0060901	979.17	1373.2	6.2291	0.86999	1.1504	775.28	-0.051465	6.3364e-05	0.095156	supercritical
1322.4	647.00	164.09	0.0060943	980.06	1374.4	6.2300	0.87008	1.1504	775.49	-0.051486	6.3390e-05	0.095204	supercritical
1323.4	647.00	163.98	0.0060984	980.94	1375.5	6.2309	0.87017	1.1505	775.70	-0.051508	6.3416e-05	0.095251	supercritical
1324.4	647.00	163.86	0.0061026	981.82	1376.7	6.2318	0.87025	1.1505	775.91	-0.051529	6.3442e-05	0.095299	supercritical
1325.4	647.00	163.75	0.0061067	982.70	1377.8	6.2326	0.87034	1.1506	776.13	-0.051551	6.3468e-05	0.095347	supercritical
1326.4	647.00	163.64	0.0061109	983.58	1379.0	6.2335	0.87043	1.1507	776.34	-0.051572	6.3494e-05	0.095394	supercritical
1327.4	647.00	163.53	0.0061151	984.46	1380.1	6.2344	0.87052	1.1507	776.55	-0.051594	6.3520e-05	0.095442	supercritical
1328.4	647.00	163.42	0.0061192	985.34	1381.3	6.2352	0.87060	1.1508	776.76	-0.051615	6.3546e-05	0.095490	supercritical
1329.4	647.00	163.31	0.0061234	986.23	1382.4	6.2361	0.87069	1.1508	776.98	-0.051636	6.3572e-05	0.095537	supercritical
1330.4	647.00	163.20	0.0061275	987.11	1383.6	6.2370	0.87078	1.1509	777.19	-0.051658	6.3598e-05	0.095585	supercritical
1331.4	647.00	163.09	0.0061317	987.99	1384.7	6.2378	0.87087	1.1509	777.40	-0.051679	6.3624e-05	0.095632	supercritical
1332.4	647.00	162.98	0.0061359	988.87	1385.9	6.2387	0.87095	1.1510	777.61	-0.051700	6.3650e-05	0.095680	supercritical
1333.4	647.00	162.87	0.0061400	989.75	1387.0	6.2395	0.87104	1.1510	777.82	-0.051722	6.3676e-05	0.095728	supercritical
1334.4	647.00	162.76	0.0061442	990.63	1388.2	6.2404	0.87113	1.1511	778.03	-0.051743	6.3701e-05	0.095775	supercritical
1335.4	647.00	162.65	0.0061483	991.52	1389.3	6.2413	0.87122	1.1512	778.25	-0.051764	6.3727e-05	0.095823	supercritical
1336.4	647.00	162.54	0.0061525	992.40	1390.5	6.2421	0.87130	1.1512	778.46	-0.051785	6.3753e-05	0.095870	supercritical
1337.4	647.00	162.43	0.0061567	993.28	1391.6	6.2430	0.87139	1.1513	778.67	-0.051806	6.3779e-05	0.095918	supercritical
1338.4	647.00	162.32	0.0061608	994.16	1392.8	6.2439	0.87148	1.1513	778.88	-0.051827	6.3805e-05	0.095966	supercritical
1339.4	647.00	162.21	0.0061650	995.05	1393.9	6.2447	0.87156	1.1514	779.09	-0.051848	6.3831e-05	0.096013	supercritical
1340.4	647.00	162.10	0.0061691	995.93	1395.1	6.2456	0.87165	1.1514	779.30	-0.051869	6.3857e-05	0.096061	supercritical
1341.4	647.00	161.99	0.0061733	996.81	1396.2	6.2464	0.87174	1.1515	779.52	-0.051890	6.3883e-05	0.096109	supercritical
1342.4	647.00	161.88	0.0061774	997.69	1397.4	6.2473	0.87182	1.1516	779.73	-0.051911	6.3909e-05	0.096156	supercritical
1343.4	647.00	161.77	0.0061816	998.58	1398.5	6.2481	0.87191	1.1516	779.94	-0.051932	6.3934e-05	0.096204	supercritical
1344.4	647.00	161.66	0.0061858	999.46	1399.7	6.2490	0.87199	1.1517	780.15	-0.051953	6.3960e-05	0.096251	supercritical
1345.4	647.00	161.55	0.0061899	1000.3	1400.8	6.2499	0.87208	1.1517	780.36	-0.051974	6.3986e-05	0.096299	supercritical
1346.4	647.00	161.44	0.0061941	1001.2	1402.0	6.2507	0.87217	1.1518	780.57	-0.051995	6.4012e-05	0.096347	supercritical
1347.4	647.00	161.34	0.0061982	1002.1	1403.1	6.2516	0.87225	1.1518	780.78	-0.052015	6.4038e-05	0.096394	supercritical
1348.4	647.00	161.23	0.0062024	1003.0	1404.3	6.2524	0.87234	1.1519	780.99	-0.052036	6.4064e-05	0.096442	supercritical
1349.4	647.00	161.12	0.0062065	1003.9	1405.4	6.2533	0.87242	1.1520	781.20	-0.052057	6.4090e-05	0.096489	supercritical
1350.4	647.00	161.01	0.0062107	1004.8	1406.6	6.2541	0.87251	1.1520	781.42	-0.052078	6.4116e-05	0.096537	supercritical
1351.4	647.00	160.91	0.0062148	1005.6	1407.7	6.2550	0.87260	1.1521	781.63	-0.052098	6.4141e-05	0.096585	supercritical
1352.4	647.00	160.80	0.0062190	1006.5	1408.9	6.2558	0.87268	1.1521	781.84	-0.052119	6.4167e-05	0.096632	supercritical
1353.4	647.00	160.69	0.0062231	1007.4	1410.0	6.2567	0.87277	1.1522	782.05	-0.052139	6.4193e-05	0.096680	supercritical
1354.4	647.00	160.58	0.0062273	1008.3	1411.2	6.2575	0.87285	1.1522	782.26	-0.052160	6.4219e-05	0.096727	supercritical
1355.4	647.00	160.48	0.0062315	1009.2	1412.3	6.2584	0.87294	1.1523	782.47	-0.052181	6.4245e-05	0.096775	supercritical
1356.4	647.00	160.37	0.0062356	1010.1	1413.5	6.2592	0.87302	1.1524	782.68	-0.052201	6.4271e-05	0.096823	supercritical
1357.4	647.00	160.26	0.0062398	1010.9	1414.7	6.2601	0.87311	1.1524	782.89	-0.052222	6.4296e-05	0.096870	supercritical
1358.4	647.00	160.16	0.0062439	1011.8	1415.8	6.2609	0.87320	1.1525	783.10	-0.052242	6.4322e-05	0.096918	supercritical
1359.4	647.00	160.05	0.0062481	1012.7	1417.0	6.2618	0.87328	1.1525	783.31	-0.052262	6.4348e-05	0.096965	supercritical
1360.4	647.00	159.94	0.0062522	1013.6	1418.1	6.2626	0.87337	1.1526	783.52	-0.052283	6.4374e-05	0.097013	supercritical
1361.4	647.00	159.84	0.0062564	1014.5	1419.3	6.2635	0.87345	1.1526	783.73	-0.052303	6.4400e-05	0.097061	supercritical
1362.4	647.00	159.73	0.0062605	1015.4	1420.4	6.2643	0.87354	1.1527	783.94	-0.052324	6.4426e-05	0.097108	supercritical
1363.4	647.00	159.62	0.0062647	1016.2	1421.6	6.2652	0.87362	1.1528	784.15	-0.052344	6.4451e-05	0.097156	supercritical
1364.4	647.00	159.52	0.0062688	1017.1	1422.7	6.2660	0.87371	1.1528	784.36	-0.052364	6.4477e-05	0.097203	supercritical
1365.4	647.00	159.41	0.0062730	1018.0	1423.9	6.2669	0.87379	1.1529	784.57	-0.052384	6.4503e-05	0.097251	supercritical
1366.4	647.00	159.31	0.0062771	1018.9	1425.0	6.2677	0.87388	1.1529	784.78	-0.052405	6.4529e-05	0.097299	supercritical
1367.4	647.00	159.20	0.0062813	1019.8	1426.2	6.2686	0.87396	1.1530	784.99	-0.052425	6.4555e-05	0.097346	supercritical
1368.4	647.00	159.10	0.0062854	1020.7	1427.3	6.2694	0.87405	1.1530	785.20	-0.052445	6.4580e-05	0.097394	supercritical
1369.4	647.00	158.99	0.0062896	1021.5	1428.5	6.2702	0.87413	1.1531	785.41	-0.052465	6.4606e-05	0.097441	supercritical
1370.4	647.00	158.89	0.0062937	1022.4	1429.6	6.2711	0.87421	1.1531	785.62	-0.052485	6.4632e-05	0.097489	supercritical
1371.4	647.00	158.78	0.0062979	1023.3	1430.8	6.2719	0.87430	1.1532	785.83	-0.052505	6.4658e-05	0.097536	supercritical
1372.4	647.00	158.68	0.0063020	1024.2	1431.9	6.2728	0.87438	1.1533	786.04	-0.052525	6.4684e-05	0.097584	supercritical
1373.4	647.00	158.57	0.0063062	1025.1	1433.1	6.2736	0.87447	1.1533	786.25	-0.052545	6.4709e-05	0.097632	supercritical
1374.4	647.00	158.47	0.0063103	1026.0	1434.3	6.2744	0.87455	1.1534	786.46	-0.052565	6.4735e-05	0.097679	supercritical
1375.4	647.00	158.37	0.0063145	1026.9	1435.4	6.2753	0.87464	1.1534	786.67	-0.052585	6.4761e-05	0.097727	supercritical
1376.4	647.00	158.26	0.0063186	1027.7	1436.6	6.2761	0.87472	1.1535	786.88	-0.052605	6.4787e-05	0.097774	supercritical
1377.4	647.00	158.16	0.0063228	1028.6	1437.7	6.2770	0.87480	1.1535	787.08	-0.052625	6.4812e-05	0.097822	supercritical
1378.4	647.00	158.05	0.0063269	1029.5	1438.9	6.2778	0.87489	1.1536	787.29	-0.052645	6.4838e-05	0.097870	supercritical
1379.4	647.00	157.95	0.0063311	1030.4	1440.0	6.2786	0.87497	1.1537	787.50	-0.052665	6.4864e-05	0.097917	supercritical
1380.4	647.00	157.85	0.0063352	1031.3	1441.2	6.2795	0.87506	1.1537	787.71	-0.052684	6.4890e-05	0.097965	supercritical
1381.4	647.00	157.74	0.0063394	1032.2	1442.3	6.2803	0.87514	1.1538	787.92	-0.052704	6.4915e-05	0.098012	supercritical
1382.4	647.00	157.64	0.0063435	1033.1	1443.5	6.2811	0.87522	1.1538	788.13	-0.052724	6.4941e-05	0.098060	supercritical
1383.4	647.00	157.54	0.0063477	1033.9	1444.6	6.2820	0.87531	1.1539	788.34	-0.052743	6.4967e-05	0.098107	supercritical
1384.4	647.00	157.43	0.0063518	1034.8	1445.8	6.2828	0.87539	1.1539	788.55	-0.052763	6.4993e-05	0.098155	supercritical
1385.4	647.00	157.33	0.0063560	1035.7	1446.9	6.2836	0.87548	1.1540	788.76	-0.052783	6.5018e-05	0.098203	supercritical
1386.4	647.00	157.23	0.0063601	1036.6	1448.1	6.2845	0.87556	1.1541	788.97	-0.052802	6.5044e-05	0.098250	supercritical
1387.4	647.00	157.13	0.0063643	1037.5	1449.3	6.2853	0.87564	1.1541	789.17	-0.052822	6.5070e-05	0.098298	supercritical
1388.4	647.00	157.02	0.0063684	1038.4	1450.4	6.2861	0.87573	1.1542	789.38	-0.052842	6.5095e-05	0.098345	supercritical
1389.4	647.00	156.92	0.0063726	1039.3	1451.6	6.2870	0.87581	1.1542	789.59	-0.052861	6.5121e-05	0.098393	supercritical
1390.4	647.00	156.82	0.0063767	1040.1	1452.7	6.2878	0.87589	1.1543	789.80	-0.052881	6.5147e-05	0.098440	supercritical
1391.4	647.00	156.72	0.0063809	1041.0	1453.9	6.2886	0.87598	1.1543	790.01	-0.052900	6.5173e-05	0.098488	supercritical
1392.4	647.00	156.62	0.0063850	1041.9	1455.0	6.2895	0.87606	1.1544	790.22	-0.052919	6.5198e-05	0.098536	supercritical
1393.4	647.00	156.51	0.0063892	1042.8	1456.2	6.2903	0.87614	1.1544	790.42	-0.052939	6.5224e-05	0.098583	supercritical
1394.4	647.00	156.41	0.0063933	1043.7	1457.3	6.2911	0.87623	1.1545	790.63	-0.052958	6.5250e-05	0.098631	supercritical
1395.4	647.00	156.31	0.0063975	1044.6	1458.5	6.2919	0.87631	1.1546	790.84	-0.052978	6.5275e-05	0.098678	supercritical
1396.4	647.00	156.21	0.0064016	1045.5	1459.6	6.2928	0.87639	1.1546	791.05	-0.052997	6.5301e-05	0.098726	supercritical
1397.4	647.00	156.11	0.0064058	1046.3	1460.8	6.2936	0.87647	1.1547	791.26	-0.053016	6.5327e-05	0.098773	supercritical
1398.4	647.00	156.01	0.0064099	1047.2	1462.0	6.2944	0.87656	1.1547	791.46	-0.053035	6.5353e-05	0.098821	supercritical
1399.4	647.00	155.91	0.0064141	1048.1	1463.1	6.2952	0.87664	1.1548	791.67	-0.053055	6.5378e-05	0.098869	supercritical
1400.4	647.00	155.81	0.0064182	1049.0	1464.3	6.2961	0.87672	1.1548	791.88	-0.053074	6.5404e-05	0.098916	supercritical
1401.4	647.00	155.71	0.0064223	1049.9	1465.4	6.2969	0.87681	1.1549	792.09	-0.053093	6.5430e-05	0.098964	supercritical
1402.4	647.00	155.61	0.0064265	1050.8	1466.6	6.2977	0.87689	1.1550	792.30	-0.053112	6.5455e-05	0.099011	supercritical
1403.4	647.00	155.51	0.0064306	1051.7	1467.7	6.2985	0.87697	1.1550	792.50	-0.053131	6.5481e-05	0.099059	supercritical
1404.4	647.00	155.41	0.0064348	1052.5	1468.9	6.2994	0.87705	1.1551	792.71	-0.053150	6.5507e-05	0.099106	supercritical
1405.4	647.00	155.31	0.0064389	1053.4	1470.0	6.3002	0.87714	1.1551	792.92	-0.053170	6.5532e-05	0.099154	supercritical
1406.4	647.00	155.21	0.0064431	1054.3	1471.2	6.3010	0.87722	1.1552	793.13	-0.053189	6.5558e-05	0.099201	supercritical
1407.4	647.00	155.11	0.0064472	1055.2	1472.3	6.3018	0.87730	1.1552	793.33	-0.053208	6.5584e-05	0.099249	supercritical
1408.4	647.00	155.01	0.0064514	1056.1	1473.5	6.3027	0.87738	1.1553	793.54	-0.053227	6.5609e-05	0.099297	supercritical
1409.4	647.00	154.91	0.0064555	1057.0	1474.7	6.3035	0.87747	1.1554	793.75	-0.053246	6.5635e-05	0.099344	supercritical
1410.4	647.00	154.81	0.0064596	1057.9	1475.8	6.3043	0.87755	1.1554	793.96	-0.053264	6.5661e-05	0.099392	supercritical
1411.4	647.00	154.71	0.0064638	1058.8	1477.0	6.3051	0.87763	1.1555	794.16	-0.053283	6.5686e-05	0.099439	supercritical
1412.4	647.00	154.61	0.0064679	1059.6	1478.1	6.3059	0.87771	1.1555	794.37	-0.053302	6.5712e-05	0.099487	supercritical
1413.4	647.00	154.51	0.0064721	1060.5	1479.3	6.3067	0.87779	1.1556	794.58	-0.053321	6.5737e-05	0.099534	supercritical
1414.4	647.00	154.41	0.0064762	1061.4	1480.4	6.3076	0.87788	1.1556	794.78	-0.053340	6.5763e-05	0.099582	supercritical
1415.4	647.00	154.31	0.0064804	1062.3	1481.6	6.3084	0.87796	1.1557	794.99	-0.053359	6.5789e-05	0.099629	supercritical
1416.4	647.00	154.21	0.0064845	1063.2	1482.7	6.3092	0.87804	1.1558	795.20	-0.053377	6.5814e-05	0.099677	supercritical
1417.4	647.00	154.12	0.0064886	1064.1	1483.9	6.3100	0.87812	1.1558	795.40	-0.053396	6.5840e-05	0.099725	supercritical
1418.4	647.00	154.02	0.0064928	1065.0	1485.1	6.3108	0.87820	1.1559	795.61	-0.053415	6.5866e-05	0.099772	supercritical
1419.4	647.00	153.92	0.0064969	1065.9	1486.2	6.3116	0.87828	1.1559	795.82	-0.053434	6.5891e-05	0.099820	supercritical
1420.4	647.00	153.82	0.0065011	1066.7	1487.4	6.3125	0.87837	1.1560	796.02	-0.053452	6.5917e-05	0.099867	supercritical
1421.4	647.00	153.72	0.0065052	1067.6	1488.5	6.3133	0.87845	1.1560	796.23	-0.053471	6.5942e-05	0.099915	supercritical
1422.4	647.00	153.63	0.0065094	1068.5	1489.7	6.3141	0.87853	1.1561	796.44	-0.053489	6.5968e-05	0.099962	supercritical
1423.4	647.00	153.53	0.0065135	1069.4	1490.8	6.3149	0.87861	1.1561	796.64	-0.053508	6.5994e-05	0.10001	supercritical
1424.4	647.00	153.43	0.0065176	1070.3	1492.0	6.3157	0.87869	1.1562	796.85	-0.053527	6.6019e-05	0.10006	supercritical
1425.4	647.00	153.33	0.0065218	1071.2	1493.1	6.3165	0.87877	1.1563	797.06	-0.053545	6.6045e-05	0.10010	supercritical
1426.4	647.00	153.24	0.0065259	1072.1	1494.3	6.3173	0.87886	1.1563	797.26	-0.053563	6.6070e-05	0.10015	supercritical
1427.4	647.00	153.14	0.0065301	1073.0	1495.5	6.3181	0.87894	1.1564	797.47	-0.053582	6.6096e-05	0.10020	supercritical
1428.4	647.00	153.04	0.0065342	1073.9	1496.6	6.3190	0.87902	1.1564	797.68	-0.053600	6.6122e-05	0.10025	supercritical
1429.4	647.00	152.94	0.0065383	1074.7	1497.8	6.3198	0.87910	1.1565	797.88	-0.053619	6.6147e-05	0.10029	supercritical
1430.4	647.00	152.85	0.0065425	1075.6	1498.9	6.3206	0.87918	1.1565	798.09	-0.053637	6.6173e-05	0.10034	supercritical
1431.4	647.00	152.75	0.0065466	1076.5	1500.1	6.3214	0.87926	1.1566	798.29	-0.053655	6.6198e-05	0.10039	supercritical
1432.4	647.00	152.65	0.0065508	1077.4	1501.2	6.3222	0.87934	1.1567	798.50	-0.053674	6.6224e-05	0.10044	supercritical
1433.4	647.00	152.56	0.0065549	1078.3	1502.4	6.3230	0.87942	1.1567	798.71	-0.053692	6.6249e-05	0.10049	supercritical
1434.4	647.00	152.46	0.0065590	1079.2	1503.6	6.3238	0.87950	1.1568	798.91	-0.053710	6.6275e-05	0.10053	supercritical
1435.4	647.00	152.37	0.0065632	1080.1	1504.7	6.3246	0.87959	1.1568	799.12	-0.053729	6.6301e-05	0.10058	supercritical
1436.4	647.00	152.27	0.0065673	1081.0	1505.9	6.3254	0.87967	1.1569	799.32	-0.053747	6.6326e-05	0.10063	supercritical
1437.4	647.00	152.17	0.0065715	1081.9	1507.0	6.3262	0.87975	1.1569	799.53	-0.053765	6.6352e-05	0.10068	supercritical
1438.4	647.00	152.08	0.0065756	1082.7	1508.2	6.3270	0.87983	1.1570	799.73	-0.053783	6.6377e-05	0.10072	supercritical
1439.4	647.00	151.98	0.0065797	1083.6	1509.3	6.3278	0.87991	1.1571	799.94	-0.053801	6.6403e-05	0.10077	supercritical
1440.4	647.00	151.89	0.0065839	1084.5	1510.5	6.3286	0.87999	1.1571	800.15	-0.053819	6.6428e-05	0.10082	supercritical
1441.4	647.00	151.79	0.0065880	1085.4	1511.7	6.3294	0.88007	1.1572	800.35	-0.053837	6.6454e-05	0.10087	supercritical
1442.4	647.00	151.70	0.0065922	1086.3	1512.8	6.3302	0.88015	1.1572	800.56	-0.053856	6.6479e-05	0.10091	supercritical
1443.4	647.00	151.60	0.0065963	1087.2	1514.0	6.3310	0.88023	1.1573	800.76	-0.053874	6.6505e-05	0.10096	supercritical
1444.4	647.00	151.51	0.0066004	1088.1	1515.1	6.3318	0.88031	1.1573	800.97	-0.053892	6.6530e-05	0.10101	supercritical
1445.4	647.00	151.41	0.0066046	1089.0	1516.3	6.3326	0.88039	1.1574	801.17	-0.053910	6.6556e-05	0.10106	supercritical
1446.4	647.00	151.32	0.0066087	1089.9	1517.4	6.3334	0.88047	1.1574	801.38	-0.053927	6.6581e-05	0.10110	supercritical
1447.4	647.00	151.22	0.0066128	1090.7	1518.6	6.3342	0.88055	1.1575	801.58	-0.053945	6.6607e-05	0.10115	supercritical
1448.4	647.00	151.13	0.0066170	1091.6	1519.8	6.3350	0.88063	1.1576	801.79	-0.053963	6.6633e-05	0.10120	supercritical
1449.4	647.00	151.03	0.0066211	1092.5	1520.9	6.3358	0.88071	1.1576	801.99	-0.053981	6.6658e-05	0.10125	supercritical
1450.4	647.00	150.94	0.0066253	1093.4	1522.1	6.3366	0.88079	1.1577	802.20	-0.053999	6.6684e-05	0.10129	supercritical
1451.4	647.00	150.84	0.0066294	1094.3	1523.2	6.3374	0.88087	1.1577	802.40	-0.054017	6.6709e-05	0.10134	supercritical
1452.4	647.00	150.75	0.0066335	1095.2	1524.4	6.3382	0.88095	1.1578	802.61	-0.054035	6.6735e-05	0.10139	supercritical
1453.4	647.00	150.66	0.0066377	1096.1	1525.5	6.3390	0.88103	1.1578	802.81	-0.054052	6.6760e-05	0.10144	supercritical
1454.4	647.00	150.56	0.0066418	1097.0	1526.7	6.3398	0.88111	1.1579	803.02	-0.054070	6.6786e-05	0.10148	supercritical
1455.4	647.00	150.47	0.0066459	1097.9	1527.9	6.3406	0.88119	1.1580	803.22	-0.054088	6.6811e-05	0.10153	supercritical
1456.4	647.00	150.37	0.0066501	1098.8	1529.0	6.3414	0.88127	1.1580	803.43	-0.054105	6.6837e-05	0.10158	supercritical
1457.4	647.00	150.28	0.0066542	1099.7	1530.2	6.3422	0.88135	1.1581	803.63	-0.054123	6.6862e-05	0.10163	supercritical
1458.4	647.00	150.19	0.0066583	1100.5	1531.3	6.3430	0.88143	1.1581	803.84	-0.054141	6.6887e-05	0.10167	supercritical
1459.4	647.00	150.09	0.0066625	1101.4	1532.5	6.3438	0.88151	1.1582	804.04	-0.054158	6.6913e-05	0.10172	supercritical
1460.4	647.00	150.00	0.0066666	1102.3	1533.7	6.3446	0.88159	1.1582	804.24	-0.054176	6.6938e-05	0.10177	supercritical
1461.4	647.00	149.91	0.0066708	1103.2	1534.8	6.3454	0.88167	1.1583	804.45	-0.054193	6.6964e-05	0.10182	supercritical
1462.4	647.00	149.82	0.0066749	1104.1	1536.0	6.3462	0.88175	1.1584	804.65	-0.054211	6.6989e-05	0.10186	supercritical
1463.4	647.00	149.72	0.0066790	1105.0	1537.1	6.3470	0.88183	1.1584	804.86	-0.054228	6.7015e-05	0.10191	supercritical
1464.4	647.00	149.63	0.0066832	1105.9	1538.3	6.3478	0.88191	1.1585	805.06	-0.054246	6.7040e-05	0.10196	supercritical
1465.4	647.00	149.54	0.0066873	1106.8	1539.4	6.3486	0.88199	1.1585	805.27	-0.054263	6.7066e-05	0.10201	supercritical
1466.4	647.00	149.44	0.0066914	1107.7	1540.6	6.3493	0.88207	1.1586	805.47	-0.054281	6.7091e-05	0.10205	supercritical
1467.4	647.00	149.35	0.0066956	1108.6	1541.8	6.3501	0.88215	1.1586	805.67	-0.054298	6.7117e-05	0.10210	supercritical
1468.4	647.00	149.26	0.0066997	1109.4	1542.9	6.3509	0.88223	1.1587	805.88	-0.054316	6.7142e-05	0.10215	supercritical
1469.4	647.00	149.17	0.0067038	1110.3	1544.1	6.3517	0.88231	1.1587	806.08	-0.054333	6.7168e-05	0.10220	supercritical
1470.4	647.00	149.08	0.0067080	1111.2	1545.2	6.3525	0.88239	1.1588	806.28	-0.054350	6.7193e-05	0.10224	supercritical
1471.4	647.00	148.98	0.0067121	1112.1	1546.4	6.3533	0.88247	1.1589	806.49	-0.054368	6.7218e-05	0.10229	supercritical
1472.4	647.00	148.89	0.0067162	1113.0	1547.6	6.3541	0.88255	1.1589	806.69	-0.054385	6.7244e-05	0.10234	supercritical
1473.4	647.00	148.80	0.0067204	1113.9	1548.7	6.3549	0.88263	1.1590	806.90	-0.054402	6.7269e-05	0.10239	supercritical
1474.4	647.00	148.71	0.0067245	1114.8	1549.9	6.3556	0.88271	1.1590	807.10	-0.054419	6.7295e-05	0.10243	supercritical
1475.4	647.00	148.62	0.0067286	1115.7	1551.0	6.3564	0.88279	1.1591	807.30	-0.054436	6.7320e-05	0.10248	supercritical
1476.4	647.00	148.53	0.0067328	1116.6	1552.2	6.3572	0.88286	1.1591	807.51	-0.054454	6.7346e-05	0.10253	supercritical
1477.4	647.00	148.44	0.0067369	1117.5	1553.4	6.3580	0.88294	1.1592	807.71	-0.054471	6.7371e-05	0.10258	supercritical
1478.4	647.00	148.35	0.0067410	1118.4	1554.5	6.3588	0.88302	1.1593	807.91	-0.054488	6.7396e-05	0.10262	supercritical
1479.4	647.00	148.25	0.0067452	1119.3	1555.7	6.3596	0.88310	1.1593	808.12	-0.054505	6.7422e-05	0.10267	supercritical
1480.4	647.00	148.16	0.0067493	1120.1	1556.8	6.3604	0.88318	1.1594	808.32	-0.054522	6.7447e-05	0.10272	supercritical
1481.4	647.00	148.07	0.0067534	1121.0	1558.0	6.3611	0.88326	1.1594	808.52	-0.054539	6.7473e-05	0.10276	supercritical
1482.4	647.00	147.98	0.0067576	1121.9	1559.1	6.3619	0.88334	1.1595	808.73	-0.054556	6.7498e-05	0.10281	supercritical
1483.4	647.00	147.89	0.0067617	1122.8	1560.3	6.3627	0.88342	1.1595	808.93	-0.054573	6.7523e-05	0.10286	supercritical
1484.4	647.00	147.80	0.0067658	1123.7	1561.5	6.3635	0.88350	1.1596	809.13	-0.054590	6.7549e-05	0.10291	supercritical
1485.4	647.00	147.71	0.0067700	1124.6	1562.6	6.3643	0.88357	1.1597	809.33	-0.054607	6.7574e-05	0.10295	supercritical
1486.4	647.00	147.62	0.0067741	1125.5	1563.8	6.3650	0.88365	1.1597	809.54	-0.054624	6.7600e-05	0.10300	supercritical
1487.4	647.00	147.53	0.0067782	1126.4	1564.9	6.3658	0.88373	1.1598	809.74	-0.054641	6.7625e-05	0.10305	supercritical
1488.4	647.00	147.44	0.0067823	1127.3	1566.1	6.3666	0.88381	1.1598	809.94	-0.054658	6.7650e-05	0.10310	supercritical
1489.4	647.00	147.35	0.0067865	1128.2	1567.3	6.3674	0.88389	1.1599	810.15	-0.054675	6.7676e-05	0.10314	supercritical
1490.4	647.00	147.26	0.0067906	1129.1	1568.4	6.3682	0.88397	1.1599	810.35	-0.054691	6.7701e-05	0.10319	supercritical
1491.4	647.00	147.17	0.0067947	1130.0	1569.6	6.3689	0.88405	1.1600	810.55	-0.054708	6.7727e-05	0.10324	supercritical
1492.4	647.00	147.08	0.0067989	1130.9	1570.7	6.3697	0.88412	1.1601	810.75	-0.054725	6.7752e-05	0.10329	supercritical
1493.4	647.00	146.99	0.0068030	1131.8	1571.9	6.3705	0.88420	1.1601	810.96	-0.054742	6.7777e-05	0.10333	supercritical
1494.4	647.00	146.90	0.0068071	1132.6	1573.1	6.3713	0.88428	1.1602	811.16	-0.054758	6.7803e-05	0.10338	supercritical
1495.4	647.00	146.82	0.0068113	1133.5	1574.2	6.3720	0.88436	1.1602	811.36	-0.054775	6.7828e-05	0.10343	supercritical
1496.4	647.00	146.73	0.0068154	1134.4	1575.4	6.3728	0.88444	1.1603	811.56	-0.054792	6.7853e-05	0.10348	supercritical
1497.4	647.00	146.64	0.0068195	1135.3	1576.5	6.3736	0.88452	1.1603	811.77	-0.054808	6.7879e-05	0.10352	supercritical
1498.4	647.00	146.55	0.0068236	1136.2	1577.7	6.3744	0.88459	1.1604	811.97	-0.054825	6.7904e-05	0.10357	supercritical
1499.4	647.00	146.46	0.0068278	1137.1	1578.9	6.3751	0.88467	1.1605	812.17	-0.054842	6.7929e-05	0.10362	supercritical
1500.4	647.00	146.37	0.0068319	1138.0	1580.0	6.3759	0.88475	1.1605	812.37	-0.054858	6.7955e-05	0.10367	supercritical
1501.4	647.00	146.28	0.0068360	1138.9	1581.2	6.3767	0.88483	1.1606	812.57	-0.054875	6.7980e-05	0.10371	supercritical
1502.4	647.00	146.20	0.0068402	1139.8	1582.3	6.3775	0.88491	1.1606	812.78	-0.054891	6.8005e-05	0.10376	supercritical
1503.4	647.00	146.11	0.0068443	1140.7	1583.5	6.3782	0.88499	1.1607	812.98	-0.054908	6.8031e-05	0.10381	supercritical
1504.4	647.00	146.02	0.0068484	1141.6	1584.7	6.3790	0.88506	1.1607	813.18	-0.054924	6.8056e-05	0.10386	supercritical
1505.4	647.00	145.93	0.0068526	1142.5	1585.8	6.3798	0.88514	1.1608	813.38	-0.054941	6.8081e-05	0.10390	supercritical
1506.4	647.00	145.84	0.0068567	1143.4	1587.0	6.3806	0.88522	1.1608	813.58	-0.054957	6.8107e-05	0.10395	supercritical
1507.4	647.00	145.76	0.0068608	1144.3	1588.2	6.3813	0.88530	1.1609	813.78	-0.054974	6.8132e-05	0.10400	supercritical
1508.4	647.00	145.67	0.0068649	1145.2	1589.3	6.3821	0.88538	1.1610	813.99	-0.054990	6.8157e-05	0.10405	supercritical
1509.4	647.00	145.58	0.0068691	1146.0	1590.5	6.3829	0.88545	1.1610	814.19	-0.055006	6.8183e-05	0.10409	supercritical
1510.4	647.00	145.49	0.0068732	1146.9	1591.6	6.3836	0.88553	1.1611	814.39	-0.055023	6.8208e-05	0.10414	supercritical
1511.4	647.00	145.41	0.0068773	1147.8	1592.8	6.3844	0.88561	1.1611	814.59	-0.055039	6.8233e-05	0.10419	supercritical
1512.4	647.00	145.32	0.0068814	1148.7	1594.0	6.3852	0.88569	1.1612	814.79	-0.055055	6.8259e-05	0.10424	supercritical
1513.4	647.00	145.23	0.0068856	1149.6	1595.1	6.3859	0.88576	1.1612	814.99	-0.055071	6.8284e-05	0.10428	supercritical
1514.4	647.00	145.14	0.0068897	1150.5	1596.3	6.3867	0.88584	1.1613	815.20	-0.055088	6.8309e-05	0.10433	supercritical
1515.4	647.00	145.06	0.0068938	1151.4	1597.4	6.3875	0.88592	1.1614	815.40	-0.055104	6.8334e-05	0.10438	supercritical
1516.4	647.00	144.97	0.0068980	1152.3	1598.6	6.3882	0.88600	1.1614	815.60	-0.055120	6.8360e-05	0.10443	supercritical
1517.4	647.00	144.88	0.0069021	1153.2	1599.8	6.3890	0.88607	1.1615	815.80	-0.055136	6.8385e-05	0.10447	supercritical
1518.4	647.00	144.80	0.0069062	1154.1	1600.9	6.3898	0.88615	1.1615	816.00	-0.055152	6.8410e-05	0.10452	supercritical
1519.4	647.00	144.71	0.0069103	1155.0	1602.1	6.3905	0.88623	1.1616	816.20	-0.055169	6.8436e-05	0.10457	supercritical
1520.4	647.00	144.62	0.0069145	1155.9	1603.2	6.3913	0.88631	1.1616	816.40	-0.055185	6.8461e-05	0.10462	supercritical
1521.4	647.00	144.54	0.0069186	1156.8	1604.4	6.3921	0.88638	1.1617	816.60	-0.055201	6.8486e-05	0.10466	supercritical
1522.4	647.00	144.45	0.0069227	1157.7	1605.6	6.3928	0.88646	1.1618	816.80	-0.055217	6.8511e-05	0.10471	supercritical
1523.4	647.00	144.37	0.0069268	1158.6	1606.7	6.3936	0.88654	1.1618	817.00	-0.055233	6.8537e-05	0.10476	supercritical
1524.4	647.00	144.28	0.0069310	1159.5	1607.9	6.3943	0.88662	1.1619	817.21	-0.055249	6.8562e-05	0.10480	supercritical
1525.4	647.00	144.19	0.0069351	1160.4	1609.1	6.3951	0.88669	1.1619	817.41	-0.055265	6.8587e-05	0.10485	supercritical
1526.4	647.00	144.11	0.0069392	1161.3	1610.2	6.3959	0.88677	1.1620	817.61	-0.055281	6.8612e-05	0.10490	supercritical
1527.4	647.00	144.02	0.0069433	1162.1	1611.4	6.3966	0.88685	1.1620	817.81	-0.055297	6.8638e-05	0.10495	supercritical
1528.4	647.00	143.94	0.0069475	1163.0	1612.5	6.3974	0.88693	1.1621	818.01	-0.055313	6.8663e-05	0.10499	supercritical
1529.4	647.00	143.85	0.0069516	1163.9	1613.7	6.3982	0.88700	1.1622	818.21	-0.055328	6.8688e-05	0.10504	supercritical
1530.4	647.00	143.77	0.0069557	1164.8	1614.9	6.3989	0.88708	1.1622	818.41	-0.055344	6.8713e-05	0.10509	supercritical
1531.4	647.00	143.68	0.0069598	1165.7	1616.0	6.3997	0.88716	1.1623	818.61	-0.055360	6.8739e-05	0.10514	supercritical
1532.4	647.00	143.60	0.0069640	1166.6	1617.2	6.4004	0.88723	1.1623	818.81	-0.055376	6.8764e-05	0.10518	supercritical
1533.4	647.00	143.51	0.0069681	1167.5	1618.4	6.4012	0.88731	1.1624	819.01	-0.055392	6.8789e-05	0.10523	supercritical
1534.4	647.00	143.43	0.0069722	1168.4	1619.5	6.4019	0.88739	1.1624	819.21	-0.055407	6.8814e-05	0.10528	supercritical
1535.4	647.00	143.34	0.0069763	1169.3	1620.7	6.4027	0.88746	1.1625	819.41	-0.055423	6.8840e-05	0.10533	supercritical
1536.4	647.00	143.26	0.0069805	1170.2	1621.8	6.4035	0.88754	1.1626	819.61	-0.055439	6.8865e-05	0.10537	supercritical
1537.4	647.00	143.17	0.0069846	1171.1	1623.0	6.4042	0.88762	1.1626	819.81	-0.055455	6.8890e-05	0.10542	supercritical
1538.4	647.00	143.09	0.0069887	1172.0	1624.2	6.4050	0.88770	1.1627	820.01	-0.055470	6.8915e-05	0.10547	supercritical
1539.4	647.00	143.00	0.0069928	1172.9	1625.3	6.4057	0.88777	1.1627	820.21	-0.055486	6.8941e-05	0.10552	supercritical
1540.4	647.00	142.92	0.0069970	1173.8	1626.5	6.4065	0.88785	1.1628	820.41	-0.055502	6.8966e-05	0.10556	supercritical
1541.4	647.00	142.84	0.0070011	1174.7	1627.7	6.4072	0.88793	1.1628	820.61	-0.055517	6.8991e-05	0.10561	supercritical
1542.4	647.00	142.75	0.0070052	1175.6	1628.8	6.4080	0.88800	1.1629	820.81	-0.055533	6.9016e-05	0.10566	supercritical
1543.4	647.00	142.67	0.0070093	1176.5	1630.0	6.4087	0.88808	1.1630	821.01	-0.055548	6.9041e-05	0.10571	supercritical
1544.4	647.00	142.58	0.0070135	1177.4	1631.1	6.4095	0.88816	1.1630	821.21	-0.055564	6.9067e-05	0.10575	supercritical
1545.4	647.00	142.50	0.0070176	1178.3	1632.3	6.4103	0.88823	1.1631	821.41	-0.055579	6.9092e-05	0.10580	supercritical
1546.4	647.00	142.42	0.0070217	1179.2	1633.5	6.4110	0.88831	1.1631	821.61	-0.055595	6.9117e-05	0.10585	supercritical
1547.4	647.00	142.33	0.0070258	1180.1	1634.6	6.4118	0.88839	1.1632	821.81	-0.055610	6.9142e-05	0.10589	supercritical
1548.4	647.00	142.25	0.0070299	1181.0	1635.8	6.4125	0.88846	1.1632	822.01	-0.055626	6.9167e-05	0.10594	supercritical
1549.4	647.00	142.17	0.0070341	1181.9	1637.0	6.4133	0.88854	1.1633	822.21	-0.055641	6.9193e-05	0.10599	supercritical
1550.4	647.00	142.08	0.0070382	1182.8	1638.1	6.4140	0.88862	1.1634	822.41	-0.055657	6.9218e-05	0.10604	supercritical
1551.4	647.00	142.00	0.0070423	1183.6	1639.3	6.4148	0.88869	1.1634	822.60	-0.055672	6.9243e-05	0.10608	supercritical
1552.4	647.00	141.92	0.0070464	1184.5	1640.5	6.4155	0.88877	1.1635	822.80	-0.055687	6.9268e-05	0.10613	supercritical
1553.4	647.00	141.83	0.0070506	1185.4	1641.6	6.4163	0.88884	1.1635	823.00	-0.055703	6.9293e-05	0.10618	supercritical
1554.4	647.00	141.75	0.0070547	1186.3	1642.8	6.4170	0.88892	1.1636	823.20	-0.055718	6.9318e-05	0.10623	supercritical
1555.4	647.00	141.67	0.0070588	1187.2	1643.9	6.4178	0.88900	1.1636	823.40	-0.055733	6.9344e-05	0.10627	supercritical
1556.4	647.00	141.58	0.0070629	1188.1	1645.1	6.4185	0.88907	1.1637	823.60	-0.055749	6.9369e-05	0.10632	supercritical
1557.4	647.00	141.50	0.0070670	1189.0	1646.3	6.4193	0.88915	1.1638	823.80	-0.055764	6.9394e-05	0.10637	supercritical
1558.4	647.00	141.42	0.0070712	1189.9	1647.4	6.4200	0.88923	1.1638	824.00	-0.055779	6.9419e-05	0.10642	supercritical
1559.4	647.00	141.34	0.0070753	1190.8	1648.6	6.4207	0.88930	1.1639	824.20	-0.055794	6.9444e-05	0.10646	supercritical
1560.4	647.00	141.25	0.0070794	1191.7	1649.8	6.4215	0.88938	1.1639	824.40	-0.055809	6.9469e-05	0.10651	supercritical
1561.4	647.00	141.17	0.0070835	1192.6	1650.9	6.4222	0.88946	1.1640	824.59	-0.055825	6.9495e-05	0.10656	supercritical
1562.4	647.00	141.09	0.0070876	1193.5	1652.1	6.4230	0.88953	1.1640	824.79	-0.055840	6.9520e-05	0.10661	supercritical
1563.4	647.00	141.01	0.0070918	1194.4	1653.3	6.4237	0.88961	1.1641	824.99	-0.055855	6.9545e-05	0.10665	supercritical
1564.4	647.00	140.93	0.0070959	1195.3	1654.4	6.4245	0.88968	1.1642	825.19	-0.055870	6.9570e-05	0.10670	supercritical
1565.4	647.00	140.85	0.0071000	1196.2	1655.6	6.4252	0.88976	1.1642	825.39	-0.055885	6.9595e-05	0.10675	supercritical
1566.4	647.00	140.76	0.0071041	1197.1	1656.7	6.4260	0.88984	1.1643	825.59	-0.055900	6.9620e-05	0.10679	supercritical
1567.4	647.00	140.68	0.0071082	1198.0	1657.9	6.4267	0.88991	1.1643	825.79	-0.055915	6.9645e-05	0.10684	supercritical
1568.4	647.00	140.60	0.0071124	1198.9	1659.1	6.4274	0.88999	1.1644	825.98	-0.055930	6.9670e-05	0.10689	supercritical
1569.4	647.00	140.52	0.0071165	1199.8	1660.2	6.4282	0.89006	1.1644	826.18	-0.055945	6.9696e-05	0.10694	supercritical
1570.4	647.00	140.44	0.0071206	1200.7	1661.4	6.4289	0.89014	1.1645	826.38	-0.055960	6.9721e-05	0.10698	supercritical
1571.4	647.00	140.36	0.0071247	1201.6	1662.6	6.4297	0.89022	1.1646	826.58	-0.055975	6.9746e-05	0.10703	supercritical
1572.4	647.00	140.28	0.0071288	1202.5	1663.7	6.4304	0.89029	1.1646	826.78	-0.055990	6.9771e-05	0.10708	supercritical
1573.4	647.00	140.19	0.0071330	1203.4	1664.9	6.4312	0.89037	1.1647	826.98	-0.056005	6.9796e-05	0.10713	supercritical
1574.4	647.00	140.11	0.0071371	1204.3	1666.1	6.4319	0.89044	1.1647	827.17	-0.056020	6.9821e-05	0.10717	supercritical
1575.4	647.00	140.03	0.0071412	1205.2	1667.2	6.4326	0.89052	1.1648	827.37	-0.056035	6.9846e-05	0.10722	supercritical
1576.4	647.00	139.95	0.0071453	1206.1	1668.4	6.4334	0.89059	1.1648	827.57	-0.056049	6.9871e-05	0.10727	supercritical
1577.4	647.00	139.87	0.0071494	1207.0	1669.6	6.4341	0.89067	1.1649	827.77	-0.056064	6.9896e-05	0.10732	supercritical
1578.4	647.00	139.79	0.0071536	1207.9	1670.7	6.4348	0.89075	1.1650	827.96	-0.056079	6.9922e-05	0.10736	supercritical
1579.4	647.00	139.71	0.0071577	1208.8	1671.9	6.4356	0.89082	1.1650	828.16	-0.056094	6.9947e-05	0.10741	supercritical
1580.4	647.00	139.63	0.0071618	1209.7	1673.0	6.4363	0.89090	1.1651	828.36	-0.056108	6.9972e-05	0.10746	supercritical
1581.4	647.00	139.55	0.0071659	1210.6	1674.2	6.4371	0.89097	1.1651	828.56	-0.056123	6.9997e-05	0.10750	supercritical
1582.4	647.00	139.47	0.0071700	1211.5	1675.4	6.4378	0.89105	1.1652	828.76	-0.056138	7.0022e-05	0.10755	supercritical
1583.4	647.00	139.39	0.0071741	1212.4	1676.5	6.4385	0.89112	1.1652	828.95	-0.056153	7.0047e-05	0.10760	supercritical
1584.4	647.00	139.31	0.0071783	1213.3	1677.7	6.4393	0.89120	1.1653	829.15	-0.056167	7.0072e-05	0.10765	supercritical
1585.4	647.00	139.23	0.0071824	1214.2	1678.9	6.4400	0.89128	1.1654	829.35	-0.056182	7.0097e-05	0.10769	supercritical
1586.4	647.00	139.15	0.0071865	1215.1	1680.0	6.4407	0.89135	1.1654	829.55	-0.056196	7.0122e-05	0.10774	supercritical
1587.4	647.00	139.07	0.0071906	1216.0	1681.2	6.4415	0.89143	1.1655	829.74	-0.056211	7.0147e-05	0.10779	supercritical
1588.4	647.00	138.99	0.0071947	1216.9	1682.4	6.4422	0.89150	1.1655	829.94	-0.056226	7.0172e-05	0.10784	supercritical
1589.4	647.00	138.91	0.0071988	1217.8	1683.5	6.4429	0.89158	1.1656	830.14	-0.056240	7.0197e-05	0.10788	supercritical
1590.4	647.00	138.83	0.0072030	1218.7	1684.7	6.4437	0.89165	1.1656	830.33	-0.056255	7.0222e-05	0.10793	supercritical
1591.4	647.00	138.75	0.0072071	1219.6	1685.9	6.4444	0.89173	1.1657	830.53	-0.056269	7.0248e-05	0.10798	supercritical
1592.4	647.00	138.67	0.0072112	1220.5	1687.0	6.4451	0.89180	1.1658	830.73	-0.056284	7.0273e-05	0.10803	supercritical
1593.4	647.00	138.59	0.0072153	1221.4	1688.2	6.4459	0.89188	1.1658	830.93	-0.056298	7.0298e-05	0.10807	supercritical
1594.4	647.00	138.52	0.0072194	1222.3	1689.4	6.4466	0.89195	1.1659	831.12	-0.056313	7.0323e-05	0.10812	supercritical
1595.4	647.00	138.44	0.0072235	1223.2	1690.5	6.4473	0.89203	1.1659	831.32	-0.056327	7.0348e-05	0.10817	supercritical
1596.4	647.00	138.36	0.0072277	1224.1	1691.7	6.4481	0.89210	1.1660	831.52	-0.056341	7.0373e-05	0.10821	supercritical
1597.4	647.00	138.28	0.0072318	1225.0	1692.9	6.4488	0.89218	1.1660	831.71	-0.056356	7.0398e-05	0.10826	supercritical
1598.4	647.00	138.20	0.0072359	1225.9	1694.0	6.4495	0.89225	1.1661	831.91	-0.056370	7.0423e-05	0.10831	supercritical
1599.4	647.00	138.12	0.0072400	1226.8	1695.2	6.4503	0.89233	1.1662	832.11	-0.056384	7.0448e-05	0.10836	supercritical
1600.4	647.00	138.04	0.0072441	1227.7	1696.4	6.4510	0.89241	1.1662	832.30	-0.056399	7.0473e-05	0.10840	supercritical
1601.4	647.00	137.96	0.0072482	1228.6	1697.5	6.4517	0.89248	1.1663	832.50	-0.056413	7.0498e-05	0.10845	supercritical
1602.4	647.00	137.89	0.0072524	1229.5	1698.7	6.4524	0.89256	1.1663	832.70	-0.056427	7.0523e-05	0.10850	supercritical
1603.4	647.00	137.81	0.0072565	1230.4	1699.9	6.4532	0.89263	1.1664	832.89	-0.056442	7.0548e-05	0.10855	supercritical
1604.4	647.00	137.73	0.0072606	1231.3	1701.0	6.4539	0.89271	1.1664	833.09	-0.056456	7.0573e-05	0.10859	supercritical
1605.4	647.00	137.65	0.0072647	1232.2	1702.2	6.4546	0.89278	1.1665	833.29	-0.056470	7.0598e-05	0.10864	supercritical
1606.4	647.00	137.57	0.0072688	1233.1	1703.4	6.4553	0.89286	1.1666	833.48	-0.056484	7.0623e-05	0.10869	supercritical
1607.4	647.00	137.50	0.0072729	1234.0	1704.5	6.4561	0.89293	1.1666	833.68	-0.056498	7.0648e-05	0.10873	supercritical
1608.4	647.00	137.42	0.0072770	1234.9	1705.7	6.4568	0.89301	1.1667	833.87	-0.056513	7.0673e-05	0.10878	supercritical
1609.4	647.00	137.34	0.0072812	1235.8	1706.9	6.4575	0.89308	1.1667	834.07	-0.056527	7.0698e-05	0.10883	supercritical
1610.4	647.00	137.26	0.0072853	1236.7	1708.0	6.4582	0.89316	1.1668	834.27	-0.056541	7.0723e-05	0.10888	supercritical
1611.4	647.00	137.19	0.0072894	1237.6	1709.2	6.4590	0.89323	1.1668	834.46	-0.056555	7.0748e-05	0.10892	supercritical
1612.4	647.00	137.11	0.0072935	1238.5	1710.4	6.4597	0.89331	1.1669	834.66	-0.056569	7.0773e-05	0.10897	supercritical
1613.4	647.00	137.03	0.0072976	1239.4	1711.5	6.4604	0.89338	1.1670	834.85	-0.056583	7.0798e-05	0.10902	supercritical
1614.4	647.00	136.95	0.0073017	1240.3	1712.7	6.4611	0.89346	1.1670	835.05	-0.056597	7.0823e-05	0.10907	supercritical
1615.4	647.00	136.88	0.0073058	1241.2	1713.9	6.4619	0.89353	1.1671	835.25	-0.056611	7.0848e-05	0.10911	supercritical
1616.4	647.00	136.80	0.0073100	1242.1	1715.0	6.4626	0.89360	1.1671	835.44	-0.056625	7.0873e-05	0.10916	supercritical
1617.4	647.00	136.72	0.0073141	1243.0	1716.2	6.4633	0.89368	1.1672	835.64	-0.056639	7.0898e-05	0.10921	supercritical
1618.4	647.00	136.65	0.0073182	1243.9	1717.4	6.4640	0.89375	1.1673	835.83	-0.056653	7.0923e-05	0.10925	supercritical
1619.4	647.00	136.57	0.0073223	1244.8	1718.5	6.4648	0.89383	1.1673	836.03	-0.056667	7.0948e-05	0.10930	supercritical
1620.4	647.00	136.49	0.0073264	1245.7	1719.7	6.4655	0.89390	1.1674	836.22	-0.056681	7.0973e-05	0.10935	supercritical
1621.4	647.00	136.42	0.0073305	1246.6	1720.9	6.4662	0.89398	1.1674	836.42	-0.056695	7.0998e-05	0.10940	supercritical
1622.4	647.00	136.34	0.0073346	1247.5	1722.0	6.4669	0.89405	1.1675	836.62	-0.056709	7.1023e-05	0.10944	supercritical
1623.4	647.00	136.26	0.0073388	1248.4	1723.2	6.4676	0.89413	1.1675	836.81	-0.056722	7.1048e-05	0.10949	supercritical
1624.4	647.00	136.19	0.0073429	1249.3	1724.4	6.4684	0.89420	1.1676	837.01	-0.056736	7.1073e-05	0.10954	supercritical
1625.4	647.00	136.11	0.0073470	1250.2	1725.5	6.4691	0.89428	1.1677	837.20	-0.056750	7.1098e-05	0.10959	supercritical
1626.4	647.00	136.03	0.0073511	1251.1	1726.7	6.4698	0.89435	1.1677	837.40	-0.056764	7.1123e-05	0.10963	supercritical
1627.4	647.00	135.96	0.0073552	1252.0	1727.9	6.4705	0.89443	1.1678	837.59	-0.056778	7.1148e-05	0.10968	supercritical
1628.4	647.00	135.88	0.0073593	1252.9	1729.0	6.4712	0.89450	1.1678	837.79	-0.056791	7.1172e-05	0.10973	supercritical
1629.4	647.00	135.81	0.0073634	1253.8	1730.2	6.4719	0.89457	1.1679	837.98	-0.056805	7.1197e-05	0.10977	supercritical
1630.4	647.00	135.73	0.0073675	1254.7	1731.4	6.4727	0.89465	1.1679	838.18	-0.056819	7.1222e-05	0.10982	supercritical
1631.4	647.00	135.65	0.0073716	1255.6	1732.5	6.4734	0.89472	1.1680	838.37	-0.056832	7.1247e-05	0.10987	supercritical
1632.4	647.00	135.58	0.0073758	1256.5	1733.7	6.4741	0.89480	1.1681	838.57	-0.056846	7.1272e-05	0.10992	supercritical
1633.4	647.00	135.50	0.0073799	1257.4	1734.9	6.4748	0.89487	1.1681	838.76	-0.056860	7.1297e-05	0.10996	supercritical
1634.4	647.00	135.43	0.0073840	1258.3	1736.0	6.4755	0.89495	1.1682	838.96	-0.056873	7.1322e-05	0.11001	supercritical
1635.4	647.00	135.35	0.0073881	1259.2	1737.2	6.4762	0.89502	1.1682	839.15	-0.056887	7.1347e-05	0.11006	supercritical
1636.4	647.00	135.28	0.0073922	1260.1	1738.4	6.4769	0.89510	1.1683	839.35	-0.056901	7.1372e-05	0.11011	supercritical
1637.4	647.00	135.20	0.0073963	1261.0	1739.6	6.4777	0.89517	1.1683	839.54	-0.056914	7.1397e-05	0.11015	supercritical
1638.4	647.00	135.13	0.0074004	1261.9	1740.7	6.4784	0.89524	1.1684	839.74	-0.056928	7.1422e-05	0.11020	supercritical
1639.4	647.00	135.05	0.0074045	1262.8	1741.9	6.4791	0.89532	1.1685	839.93	-0.056941	7.1447e-05	0.11025	supercritical
1640.4	647.00	134.98	0.0074087	1263.7	1743.1	6.4798	0.89539	1.1685	840.13	-0.056955	7.1472e-05	0.11029	supercritical
1641.4	647.00	134.90	0.0074128	1264.6	1744.2	6.4805	0.89547	1.1686	840.32	-0.056968	7.1496e-05	0.11034	supercritical
1642.4	647.00	134.83	0.0074169	1265.5	1745.4	6.4812	0.89554	1.1686	840.51	-0.056982	7.1521e-05	0.11039	supercritical
1643.4	647.00	134.75	0.0074210	1266.4	1746.6	6.4819	0.89562	1.1687	840.71	-0.056995	7.1546e-05	0.11044	supercritical
1644.4	647.00	134.68	0.0074251	1267.3	1747.7	6.4826	0.89569	1.1688	840.90	-0.057009	7.1571e-05	0.11048	supercritical
1645.4	647.00	134.60	0.0074292	1268.2	1748.9	6.4834	0.89576	1.1688	841.10	-0.057022	7.1596e-05	0.11053	supercritical
1646.4	647.00	134.53	0.0074333	1269.1	1750.1	6.4841	0.89584	1.1689	841.29	-0.057035	7.1621e-05	0.11058	supercritical
1647.4	647.00	134.46	0.0074374	1270.0	1751.2	6.4848	0.89591	1.1689	841.49	-0.057049	7.1646e-05	0.11062	supercritical
1648.4	647.00	134.38	0.0074415	1270.9	1752.4	6.4855	0.89599	1.1690	841.68	-0.057062	7.1671e-05	0.11067	supercritical
1649.4	647.00	134.31	0.0074456	1271.8	1753.6	6.4862	0.89606	1.1690	841.87	-0.057075	7.1696e-05	0.11072	supercritical
1650.4	647.00	134.23	0.0074498	1272.7	1754.7	6.4869	0.89613	1.1691	842.07	-0.057089	7.1721e-05	0.11077	supercritical
1651.4	647.00	134.16	0.0074539	1273.6	1755.9	6.4876	0.89621	1.1692	842.26	-0.057102	7.1745e-05	0.11081	supercritical
1652.4	647.00	134.08	0.0074580	1274.6	1757.1	6.4883	0.89628	1.1692	842.46	-0.057115	7.1770e-05	0.11086	supercritical
1653.4	647.00	134.01	0.0074621	1275.5	1758.3	6.4890	0.89636	1.1693	842.65	-0.057129	7.1795e-05	0.11091	supercritical
1654.4	647.00	133.94	0.0074662	1276.4	1759.4	6.4897	0.89643	1.1693	842.84	-0.057142	7.1820e-05	0.11096	supercritical
1655.4	647.00	133.86	0.0074703	1277.3	1760.6	6.4904	0.89650	1.1694	843.04	-0.057155	7.1845e-05	0.11100	supercritical
1656.4	647.00	133.79	0.0074744	1278.2	1761.8	6.4911	0.89658	1.1694	843.23	-0.057168	7.1870e-05	0.11105	supercritical
1657.4	647.00	133.72	0.0074785	1279.1	1762.9	6.4919	0.89665	1.1695	843.42	-0.057181	7.1895e-05	0.11110	supercritical
1658.4	647.00	133.64	0.0074826	1280.0	1764.1	6.4926	0.89673	1.1696	843.62	-0.057195	7.1919e-05	0.11114	supercritical
1659.4	647.00	133.57	0.0074867	1280.9	1765.3	6.4933	0.89680	1.1696	843.81	-0.057208	7.1944e-05	0.11119	supercritical
1660.4	647.00	133.50	0.0074908	1281.8	1766.4	6.4940	0.89687	1.1697	844.01	-0.057221	7.1969e-05	0.11124	supercritical
1661.4	647.00	133.42	0.0074950	1282.7	1767.6	6.4947	0.89695	1.1697	844.20	-0.057234	7.1994e-05	0.11129	supercritical
1662.4	647.00	133.35	0.0074991	1283.6	1768.8	6.4954	0.89702	1.1698	844.39	-0.057247	7.2019e-05	0.11133	supercritical
1663.4	647.00	133.28	0.0075032	1284.5	1769.9	6.4961	0.89710	1.1699	844.59	-0.057260	7.2044e-05	0.11138	supercritical
1664.4	647.00	133.20	0.0075073	1285.4	1771.1	6.4968	0.89717	1.1699	844.78	-0.057273	7.2069e-05	0.11143	supercritical
1665.4	647.00	133.13	0.0075114	1286.3	1772.3	6.4975	0.89724	1.1700	844.97	-0.057286	7.2093e-05	0.11147	supercritical
1666.4	647.00	133.06	0.0075155	1287.2	1773.5	6.4982	0.89732	1.1700	845.17	-0.057299	7.2118e-05	0.11152	supercritical
1667.4	647.00	132.99	0.0075196	1288.1	1774.6	6.4989	0.89739	1.1701	845.36	-0.057312	7.2143e-05	0.11157	supercritical
1668.4	647.00	132.91	0.0075237	1289.0	1775.8	6.4996	0.89747	1.1701	845.55	-0.057325	7.2168e-05	0.11162	supercritical
1669.4	647.00	132.84	0.0075278	1289.9	1777.0	6.5003	0.89754	1.1702	845.74	-0.057338	7.2193e-05	0.11166	supercritical
1670.4	647.00	132.77	0.0075319	1290.8	1778.1	6.5010	0.89761	1.1703	845.94	-0.057351	7.2218e-05	0.11171	supercritical
1671.4	647.00	132.70	0.0075360	1291.7	1779.3	6.5017	0.89769	1.1703	846.13	-0.057364	7.2242e-05	0.11176	supercritical
1672.4	647.00	132.62	0.0075401	1292.6	1780.5	6.5024	0.89776	1.1704	846.32	-0.057377	7.2267e-05	0.11180	supercritical
1673.4	647.00	132.55	0.0075442	1293.5	1781.7	6.5031	0.89783	1.1704	846.52	-0.057390	7.2292e-05	0.11185	supercritical
1674.4	647.00	132.48	0.0075483	1294.4	1782.8	6.5038	0.89791	1.1705	846.71	-0.057403	7.2317e-05	0.11190	supercritical
1675.4	647.00	132.41	0.0075525	1295.3	1784.0	6.5045	0.89798	1.1706	846.90	-0.057415	7.2342e-05	0.11195	supercritical
1676.4	647.00	132.34	0.0075566	1296.3	1785.2	6.5052	0.89805	1.1706	847.09	-0.057428	7.2366e-05	0.11199	supercritical
1677.4	647.00	132.26	0.0075607	1297.2	1786.3	6.5059	0.89813	1.1707	847.29	-0.057441	7.2391e-05	0.11204	supercritical
1678.4	647.00	132.19	0.0075648	1298.1	1787.5	6.5066	0.89820	1.1707	847.48	-0.057454	7.2416e-05	0.11209	supercritical
1679.4	647.00	132.12	0.0075689	1299.0	1788.7	6.5073	0.89828	1.1708	847.67	-0.057467	7.2441e-05	0.11213	supercritical
1680.4	647.00	132.05	0.0075730	1299.9	1789.8	6.5080	0.89835	1.1708	847.87	-0.057479	7.2466e-05	0.11218	supercritical
1681.4	647.00	131.98	0.0075771	1300.8	1791.0	6.5087	0.89842	1.1709	848.06	-0.057492	7.2490e-05	0.11223	supercritical
1682.4	647.00	131.91	0.0075812	1301.7	1792.2	6.5094	0.89850	1.1710	848.25	-0.057505	7.2515e-05	0.11228	supercritical
1683.4	647.00	131.83	0.0075853	1302.6	1793.4	6.5101	0.89857	1.1710	848.44	-0.057517	7.2540e-05	0.11232	supercritical
1684.4	647.00	131.76	0.0075894	1303.5	1794.5	6.5108	0.89864	1.1711	848.63	-0.057530	7.2565e-05	0.11237	supercritical
1685.4	647.00	131.69	0.0075935	1304.4	1795.7	6.5115	0.89872	1.1711	848.83	-0.057543	7.2590e-05	0.11242	supercritical
1686.4	647.00	131.62	0.0075976	1305.3	1796.9	6.5122	0.89879	1.1712	849.02	-0.057555	7.2614e-05	0.11246	supercritical
1687.4	647.00	131.55	0.0076017	1306.2	1798.0	6.5128	0.89886	1.1713	849.21	-0.057568	7.2639e-05	0.11251	supercritical
1688.4	647.00	131.48	0.0076058	1307.1	1799.2	6.5135	0.89894	1.1713	849.40	-0.057581	7.2664e-05	0.11256	supercritical
1689.4	647.00	131.41	0.0076099	1308.0	1800.4	6.5142	0.89901	1.1714	849.60	-0.057593	7.2689e-05	0.11261	supercritical
1690.4	647.00	131.34	0.0076140	1308.9	1801.6	6.5149	0.89908	1.1714	849.79	-0.057606	7.2713e-05	0.11265	supercritical
1691.4	647.00	131.27	0.0076182	1309.8	1802.7	6.5156	0.89916	1.1715	849.98	-0.057618	7.2738e-05	0.11270	supercritical
1692.4	647.00	131.19	0.0076223	1310.7	1803.9	6.5163	0.89923	1.1715	850.17	-0.057631	7.2763e-05	0.11275	supercritical
1693.4	647.00	131.12	0.0076264	1311.6	1805.1	6.5170	0.89930	1.1716	850.36	-0.057643	7.2788e-05	0.11279	supercritical
1694.4	647.00	131.05	0.0076305	1312.6	1806.2	6.5177	0.89938	1.1717	850.55	-0.057656	7.2813e-05	0.11284	supercritical
1695.4	647.00	130.98	0.0076346	1313.5	1807.4	6.5184	0.89945	1.1717	850.75	-0.057668	7.2837e-05	0.11289	supercritical
1696.4	647.00	130.91	0.0076387	1314.4	1808.6	6.5191	0.89952	1.1718	850.94	-0.057681	7.2862e-05	0.11294	supercritical
1697.4	647.00	130.84	0.0076428	1315.3	1809.8	6.5198	0.89960	1.1718	851.13	-0.057693	7.2887e-05	0.11298	supercritical
1698.4	647.00	130.77	0.0076469	1316.2	1810.9	6.5205	0.89967	1.1719	851.32	-0.057706	7.2912e-05	0.11303	supercritical
1699.4	647.00	130.70	0.0076510	1317.1	1812.1	6.5212	0.89974	1.1720	851.51	-0.057718	7.2936e-05	0.11308	supercritical
1700.4	647.00	130.63	0.0076551	1318.0	1813.3	6.5218	0.89982	1.1720	851.70	-0.057730	7.2961e-05	0.11312	supercritical
1701.4	647.00	130.56	0.0076592	1318.9	1814.4	6.5225	0.89989	1.1721	851.90	-0.057743	7.2986e-05	0.11317	supercritical
1702.4	647.00	130.49	0.0076633	1319.8	1815.6	6.5232	0.89996	1.1721	852.09	-0.057755	7.3010e-05	0.11322	supercritical
1703.4	647.00	130.42	0.0076674	1320.7	1816.8	6.5239	0.90004	1.1722	852.28	-0.057767	7.3035e-05	0.11327	supercritical
1704.4	647.00	130.35	0.0076715	1321.6	1818.0	6.5246	0.90011	1.1722	852.47	-0.057780	7.3060e-05	0.11331	supercritical
1705.4	647.00	130.28	0.0076756	1322.5	1819.1	6.5253	0.90018	1.1723	852.66	-0.057792	7.3085e-05	0.11336	supercritical
1706.4	647.00	130.21	0.0076797	1323.4	1820.3	6.5260	0.90025	1.1724	852.85	-0.057804	7.3109e-05	0.11341	supercritical
1707.4	647.00	130.14	0.0076838	1324.3	1821.5	6.5267	0.90033	1.1724	853.04	-0.057816	7.3134e-05	0.11345	supercritical
1708.4	647.00	130.07	0.0076879	1325.2	1822.7	6.5273	0.90040	1.1725	853.23	-0.057829	7.3159e-05	0.11350	supercritical
1709.4	647.00	130.00	0.0076920	1326.1	1823.8	6.5280	0.90047	1.1725	853.43	-0.057841	7.3184e-05	0.11355	supercritical
1710.4	647.00	129.94	0.0076961	1327.1	1825.0	6.5287	0.90055	1.1726	853.62	-0.057853	7.3208e-05	0.11360	supercritical
1711.4	647.00	129.87	0.0077002	1328.0	1826.2	6.5294	0.90062	1.1727	853.81	-0.057865	7.3233e-05	0.11364	supercritical
1712.4	647.00	129.80	0.0077043	1328.9	1827.3	6.5301	0.90069	1.1727	854.00	-0.057877	7.3258e-05	0.11369	supercritical
1713.4	647.00	129.73	0.0077084	1329.8	1828.5	6.5308	0.90077	1.1728	854.19	-0.057890	7.3282e-05	0.11374	supercritical
1714.4	647.00	129.66	0.0077125	1330.7	1829.7	6.5315	0.90084	1.1728	854.38	-0.057902	7.3307e-05	0.11378	supercritical
1715.4	647.00	129.59	0.0077166	1331.6	1830.9	6.5321	0.90091	1.1729	854.57	-0.057914	7.3332e-05	0.11383	supercritical
1716.4	647.00	129.52	0.0077207	1332.5	1832.0	6.5328	0.90098	1.1729	854.76	-0.057926	7.3356e-05	0.11388	supercritical
1717.4	647.00	129.45	0.0077248	1333.4	1833.2	6.5335	0.90106	1.1730	854.95	-0.057938	7.3381e-05	0.11393	supercritical
1718.4	647.00	129.38	0.0077290	1334.3	1834.4	6.5342	0.90113	1.1731	855.14	-0.057950	7.3406e-05	0.11397	supercritical
1719.4	647.00	129.32	0.0077331	1335.2	1835.6	6.5349	0.90120	1.1731	855.33	-0.057962	7.3431e-05	0.11402	supercritical
1720.4	647.00	129.25	0.0077372	1336.1	1836.7	6.5356	0.90128	1.1732	855.52	-0.057974	7.3455e-05	0.11407	supercritical
1721.4	647.00	129.18	0.0077413	1337.0	1837.9	6.5362	0.90135	1.1732	855.71	-0.057986	7.3480e-05	0.11411	supercritical
1722.4	647.00	129.11	0.0077454	1337.9	1839.1	6.5369	0.90142	1.1733	855.90	-0.057998	7.3505e-05	0.11416	supercritical
1723.4	647.00	129.04	0.0077495	1338.9	1840.2	6.5376	0.90150	1.1734	856.10	-0.058010	7.3529e-05	0.11421	supercritical
1724.4	647.00	128.97	0.0077536	1339.8	1841.4	6.5383	0.90157	1.1734	856.29	-0.058022	7.3554e-05	0.11426	supercritical
1725.4	647.00	128.90	0.0077577	1340.7	1842.6	6.5390	0.90164	1.1735	856.48	-0.058034	7.3579e-05	0.11430	supercritical
1726.4	647.00	128.84	0.0077618	1341.6	1843.8	6.5396	0.90171	1.1735	856.67	-0.058046	7.3603e-05	0.11435	supercritical
1727.4	647.00	128.77	0.0077659	1342.5	1844.9	6.5403	0.90179	1.1736	856.86	-0.058058	7.3628e-05	0.11440	supercritical
1728.4	647.00	128.70	0.0077700	1343.4	1846.1	6.5410	0.90186	1.1737	857.05	-0.058070	7.3653e-05	0.11444	supercritical
1729.4	647.00	128.63	0.0077741	1344.3	1847.3	6.5417	0.90193	1.1737	857.24	-0.058082	7.3677e-05	0.11449	supercritical
1730.4	647.00	128.56	0.0077782	1345.2	1848.5	6.5424	0.90200	1.1738	857.43	-0.058093	7.3702e-05	0.11454	supercritical
1731.4	647.00	128.50	0.0077823	1346.1	1849.6	6.5430	0.90208	1.1738	857.62	-0.058105	7.3727e-05	0.11459	supercritical
1732.4	647.00	128.43	0.0077864	1347.0	1850.8	6.5437	0.90215	1.1739	857.81	-0.058117	7.3751e-05	0.11463	supercritical
1733.4	647.00	128.36	0.0077905	1347.9	1852.0	6.5444	0.90222	1.1739	858.00	-0.058129	7.3776e-05	0.11468	supercritical
1734.4	647.00	128.29	0.0077946	1348.8	1853.2	6.5451	0.90230	1.1740	858.19	-0.058141	7.3801e-05	0.11473	supercritical
1735.4	647.00	128.23	0.0077987	1349.8	1854.3	6.5457	0.90237	1.1741	858.38	-0.058152	7.3825e-05	0.11477	supercritical
1736.4	647.00	128.16	0.0078028	1350.7	1855.5	6.5464	0.90244	1.1741	858.57	-0.058164	7.3850e-05	0.11482	supercritical
1737.4	647.00	128.09	0.0078069	1351.6	1856.7	6.5471	0.90251	1.1742	858.76	-0.058176	7.3875e-05	0.11487	supercritical
1738.4	647.00	128.02	0.0078110	1352.5	1857.9	6.5478	0.90259	1.1742	858.94	-0.058188	7.3899e-05	0.11491	supercritical
1739.4	647.00	127.96	0.0078151	1353.4	1859.0	6.5484	0.90266	1.1743	859.13	-0.058199	7.3924e-05	0.11496	supercritical
1740.4	647.00	127.89	0.0078192	1354.3	1860.2	6.5491	0.90273	1.1744	859.32	-0.058211	7.3948e-05	0.11501	supercritical
1741.4	647.00	127.82	0.0078233	1355.2	1861.4	6.5498	0.90280	1.1744	859.51	-0.058223	7.3973e-05	0.11506	supercritical
1742.4	647.00	127.76	0.0078274	1356.1	1862.5	6.5505	0.90288	1.1745	859.70	-0.058234	7.3998e-05	0.11510	supercritical
1743.4	647.00	127.69	0.0078315	1357.0	1863.7	6.5511	0.90295	1.1745	859.89	-0.058246	7.4022e-05	0.11515	supercritical
1744.4	647.00	127.62	0.0078356	1357.9	1864.9	6.5518	0.90302	1.1746	860.08	-0.058258	7.4047e-05	0.11520	supercritical
1745.4	647.00	127.56	0.0078397	1358.8	1866.1	6.5525	0.90309	1.1746	860.27	-0.058269	7.4072e-05	0.11524	supercritical
1746.4	647.00	127.49	0.0078438	1359.8	1867.2	6.5532	0.90317	1.1747	860.46	-0.058281	7.4096e-05	0.11529	supercritical
1747.4	647.00	127.42	0.0078479	1360.7	1868.4	6.5538	0.90324	1.1748	860.65	-0.058292	7.4121e-05	0.11534	supercritical
1748.4	647.00	127.36	0.0078520	1361.6	1869.6	6.5545	0.90331	1.1748	860.84	-0.058304	7.4145e-05	0.11539	supercritical
1749.4	647.00	127.29	0.0078561	1362.5	1870.8	6.5552	0.90338	1.1749	861.03	-0.058315	7.4170e-05	0.11543	supercritical
1750.4	647.00	127.22	0.0078602	1363.4	1871.9	6.5559	0.90346	1.1749	861.22	-0.058327	7.4195e-05	0.11548	supercritical
1751.4	647.00	127.16	0.0078643	1364.3	1873.1	6.5565	0.90353	1.1750	861.41	-0.058338	7.4219e-05	0.11553	supercritical
1752.4	647.00	127.09	0.0078684	1365.2	1874.3	6.5572	0.90360	1.1751	861.59	-0.058350	7.4244e-05	0.11557	supercritical
1753.4	647.00	127.02	0.0078725	1366.1	1875.5	6.5579	0.90367	1.1751	861.78	-0.058361	7.4268e-05	0.11562	supercritical
1754.4	647.00	126.96	0.0078766	1367.0	1876.6	6.5585	0.90375	1.1752	861.97	-0.058373	7.4293e-05	0.11567	supercritical
1755.4	647.00	126.89	0.0078807	1367.9	1877.8	6.5592	0.90382	1.1752	862.16	-0.058384	7.4318e-05	0.11571	supercritical
1756.4	647.00	126.83	0.0078848	1368.9	1879.0	6.5599	0.90389	1.1753	862.35	-0.058396	7.4342e-05	0.11576	supercritical
1757.4	647.00	126.76	0.0078889	1369.8	1880.2	6.5605	0.90396	1.1754	862.54	-0.058407	7.4367e-05	0.11581	supercritical
1758.4	647.00	126.70	0.0078930	1370.7	1881.3	6.5612	0.90404	1.1754	862.73	-0.058418	7.4391e-05	0.11586	supercritical
1759.4	647.00	126.63	0.0078971	1371.6	1882.5	6.5619	0.90411	1.1755	862.92	-0.058430	7.4416e-05	0.11590	supercritical
1760.4	647.00	126.56	0.0079012	1372.5	1883.7	6.5625	0.90418	1.1755	863.10	-0.058441	7.4441e-05	0.11595	supercritical
1761.4	647.00	126.50	0.0079053	1373.4	1884.9	6.5632	0.90425	1.1756	863.29	-0.058452	7.4465e-05	0.11600	supercritical
1762.4	647.00	126.43	0.0079094	1374.3	1886.1	6.5639	0.90433	1.1757	863.48	-0.058464	7.4490e-05	0.11604	supercritical
1763.4	647.00	126.37	0.0079135	1375.2	1887.2	6.5645	0.90440	1.1757	863.67	-0.058475	7.4514e-05	0.11609	supercritical
1764.4	647.00	126.30	0.0079175	1376.1	1888.4	6.5652	0.90447	1.1758	863.86	-0.058486	7.4539e-05	0.11614	supercritical
1765.4	647.00	126.24	0.0079216	1377.0	1889.6	6.5659	0.90454	1.1758	864.05	-0.058498	7.4563e-05	0.11619	supercritical
1766.4	647.00	126.17	0.0079257	1378.0	1890.8	6.5665	0.90461	1.1759	864.23	-0.058509	7.4588e-05	0.11623	supercritical
1767.4	647.00	126.11	0.0079298	1378.9	1891.9	6.5672	0.90469	1.1759	864.42	-0.058520	7.4613e-05	0.11628	supercritical
1768.4	647.00	126.04	0.0079339	1379.8	1893.1	6.5679	0.90476	1.1760	864.61	-0.058531	7.4637e-05	0.11633	supercritical
1769.4	647.00	125.98	0.0079380	1380.7	1894.3	6.5685	0.90483	1.1761	864.80	-0.058543	7.4662e-05	0.11637	supercritical
1770.4	647.00	125.91	0.0079421	1381.6	1895.5	6.5692	0.90490	1.1761	864.99	-0.058554	7.4686e-05	0.11642	supercritical
1771.4	647.00	125.85	0.0079462	1382.5	1896.6	6.5699	0.90498	1.1762	865.18	-0.058565	7.4711e-05	0.11647	supercritical
1772.4	647.00	125.78	0.0079503	1383.4	1897.8	6.5705	0.90505	1.1762	865.36	-0.058576	7.4735e-05	0.11651	supercritical
1773.4	647.00	125.72	0.0079544	1384.3	1899.0	6.5712	0.90512	1.1763	865.55	-0.058587	7.4760e-05	0.11656	supercritical
1774.4	647.00	125.65	0.0079585	1385.2	1900.2	6.5719	0.90519	1.1764	865.74	-0.058598	7.4784e-05	0.11661	supercritical
1775.4	647.00	125.59	0.0079626	1386.2	1901.3	6.5725	0.90526	1.1764	865.93	-0.058609	7.4809e-05	0.11666	supercritical
1776.4	647.00	125.52	0.0079667	1387.1	1902.5	6.5732	0.90534	1.1765	866.11	-0.058620	7.4834e-05	0.11670	supercritical
1777.4	647.00	125.46	0.0079708	1388.0	1903.7	6.5738	0.90541	1.1765	866.30	-0.058632	7.4858e-05	0.11675	supercritical
1778.4	647.00	125.39	0.0079749	1388.9	1904.9	6.5745	0.90548	1.1766	866.49	-0.058643	7.4883e-05	0.11680	supercritical
1779.4	647.00	125.33	0.0079790	1389.8	1906.0	6.5752	0.90555	1.1767	866.68	-0.058654	7.4907e-05	0.11684	supercritical
1780.4	647.00	125.26	0.0079831	1390.7	1907.2	6.5758	0.90562	1.1767	866.87	-0.058665	7.4932e-05	0.11689	supercritical
1781.4	647.00	125.20	0.0079872	1391.6	1908.4	6.5765	0.90570	1.1768	867.05	-0.058676	7.4956e-05	0.11694	supercritical
1782.4	647.00	125.14	0.0079913	1392.5	1909.6	6.5772	0.90577	1.1768	867.24	-0.058687	7.4981e-05	0.11698	supercritical
1783.4	647.00	125.07	0.0079954	1393.5	1910.8	6.5778	0.90584	1.1769	867.43	-0.058698	7.5005e-05	0.11703	supercritical
1784.4	647.00	125.01	0.0079995	1394.4	1911.9	6.5785	0.90591	1.1770	867.62	-0.058709	7.5030e-05	0.11708	supercritical
1785.4	647.00	124.94	0.0080036	1395.3	1913.1	6.5791	0.90598	1.1770	867.80	-0.058720	7.5054e-05	0.11713	supercritical
1786.4	647.00	124.88	0.0080077	1396.2	1914.3	6.5798	0.90606	1.1771	867.99	-0.058730	7.5079e-05	0.11717	supercritical
1787.4	647.00	124.82	0.0080118	1397.1	1915.5	6.5805	0.90613	1.1771	868.18	-0.058741	7.5103e-05	0.11722	supercritical
1788.4	647.00	124.75	0.0080159	1398.0	1916.6	6.5811	0.90620	1.1772	868.36	-0.058752	7.5128e-05	0.11727	supercritical
1789.4	647.00	124.69	0.0080200	1398.9	1917.8	6.5818	0.90627	1.1772	868.55	-0.058763	7.5152e-05	0.11731	supercritical
1790.4	647.00	124.63	0.0080241	1399.8	1919.0	6.5824	0.90634	1.1773	868.74	-0.058774	7.5177e-05	0.11736	supercritical
1791.4	647.00	124.56	0.0080282	1400.7	1920.2	6.5831	0.90642	1.1774	868.93	-0.058785	7.5201e-05	0.11741	supercritical
1792.4	647.00	124.50	0.0080322	1401.7	1921.3	6.5837	0.90649	1.1774	869.11	-0.058796	7.5226e-05	0.11745	supercritical
1793.4	647.00	124.43	0.0080363	1402.6	1922.5	6.5844	0.90656	1.1775	869.30	-0.058807	7.5250e-05	0.11750	supercritical
1794.4	647.00	124.37	0.0080404	1403.5	1923.7	6.5851	0.90663	1.1775	869.49	-0.058817	7.5275e-05	0.11755	supercritical
1795.4	647.00	124.31	0.0080445	1404.4	1924.9	6.5857	0.90670	1.1776	869.67	-0.058828	7.5299e-05	0.11760	supercritical
1796.4	647.00	124.24	0.0080486	1405.3	1926.1	6.5864	0.90678	1.1777	869.86	-0.058839	7.5324e-05	0.11764	supercritical
1797.4	647.00	124.18	0.0080527	1406.2	1927.2	6.5870	0.90685	1.1777	870.05	-0.058850	7.5348e-05	0.11769	supercritical
1798.4	647.00	124.12	0.0080568	1407.1	1928.4	6.5877	0.90692	1.1778	870.23	-0.058860	7.5373e-05	0.11774	supercritical
1799.4	647.00	124.06	0.0080609	1408.0	1929.6	6.5883	0.90699	1.1778	870.42	-0.058871	7.5397e-05	0.11778	supercritical
1800.4	647.00	123.99	0.0080650	1409.0	1930.8	6.5890	0.90706	1.1779	870.61	-0.058882	7.5422e-05	0.11783	supercritical
1801.4	647.00	123.93	0.0080691	1409.9	1931.9	6.5896	0.90714	1.1780	870.79	-0.058893	7.5446e-05	0.11788	supercritical
1802.4	647.00	123.87	0.0080732	1410.8	1933.1	6.5903	0.90721	1.1780	870.98	-0.058903	7.5471e-05	0.11792	supercritical
1803.4	647.00	123.80	0.0080773	1411.7	1934.3	6.5909	0.90728	1.1781	871.17	-0.058914	7.5495e-05	0.11797	supercritical
1804.4	647.00	123.74	0.0080814	1412.6	1935.5	6.5916	0.90735	1.1781	871.35	-0.058925	7.5520e-05	0.11802	supercritical
1805.4	647.00	123.68	0.0080855	1413.5	1936.7	6.5923	0.90742	1.1782	871.54	-0.058935	7.5544e-05	0.11806	supercritical
1806.4	647.00	123.62	0.0080896	1414.4	1937.8	6.5929	0.90749	1.1783	871.73	-0.058946	7.5569e-05	0.11811	supercritical
1807.4	647.00	123.55	0.0080937	1415.4	1939.0	6.5936	0.90757	1.1783	871.91	-0.058956	7.5593e-05	0.11816	supercritical
1808.4	647.00	123.49	0.0080978	1416.3	1940.2	6.5942	0.90764	1.1784	872.10	-0.058967	7.5618e-05	0.11821	supercritical
1809.4	647.00	123.43	0.0081019	1417.2	1941.4	6.5949	0.90771	1.1784	872.29	-0.058978	7.5642e-05	0.11825	supercritical
1810.4	647.00	123.37	0.0081059	1418.1	1942.6	6.5955	0.90778	1.1785	872.47	-0.058988	7.5666e-05	0.11830	supercritical
1811.4	647.00	123.30	0.0081100	1419.0	1943.7	6.5962	0.90785	1.1786	872.66	-0.058999	7.5691e-05	0.11835	supercritical
1812.4	647.00	123.24	0.0081141	1419.9	1944.9	6.5968	0.90793	1.1786	872.84	-0.059009	7.5715e-05	0.11839	supercritical
1813.4	647.00	123.18	0.0081182	1420.8	1946.1	6.5975	0.90800	1.1787	873.03	-0.059020	7.5740e-05	0.11844	supercritical
1814.4	647.00	123.12	0.0081223	1421.8	1947.3	6.5981	0.90807	1.1787	873.22	-0.059030	7.5764e-05	0.11849	supercritical
1815.4	647.00	123.06	0.0081264	1422.7	1948.4	6.5988	0.90814	1.1788	873.40	-0.059041	7.5789e-05	0.11853	supercritical
1816.4	647.00	122.99	0.0081305	1423.6	1949.6	6.5994	0.90821	1.1789	873.59	-0.059051	7.5813e-05	0.11858	supercritical
1817.4	647.00	122.93	0.0081346	1424.5	1950.8	6.6001	0.90828	1.1789	873.77	-0.059062	7.5838e-05	0.11863	supercritical
1818.4	647.00	122.87	0.0081387	1425.4	1952.0	6.6007	0.90836	1.1790	873.96	-0.059072	7.5862e-05	0.11868	supercritical
1819.4	647.00	122.81	0.0081428	1426.3	1953.2	6.6014	0.90843	1.1790	874.15	-0.059082	7.5886e-05	0.11872	supercritical
1820.4	647.00	122.75	0.0081469	1427.2	1954.3	6.6020	0.90850	1.1791	874.33	-0.059093	7.5911e-05	0.11877	supercritical
1821.4	647.00	122.68	0.0081510	1428.1	1955.5	6.6027	0.90857	1.1792	874.52	-0.059103	7.5935e-05	0.11882	supercritical
1822.4	647.00	122.62	0.0081551	1429.1	1956.7	6.6033	0.90864	1.1792	874.70	-0.059114	7.5960e-05	0.11886	supercritical
1823.4	647.00	122.56	0.0081592	1430.0	1957.9	6.6039	0.90871	1.1793	874.89	-0.059124	7.5984e-05	0.11891	supercritical
1824.4	647.00	122.50	0.0081632	1430.9	1959.1	6.6046	0.90879	1.1793	875.07	-0.059134	7.6009e-05	0.11896	supercritical
1825.4	647.00	122.44	0.0081673	1431.8	1960.2	6.6052	0.90886	1.1794	875.26	-0.059145	7.6033e-05	0.11900	supercritical
1826.4	647.00	122.38	0.0081714	1432.7	1961.4	6.6059	0.90893	1.1794	875.44	-0.059155	7.6057e-05	0.11905	supercritical
1827.4	647.00	122.32	0.0081755	1433.6	1962.6	6.6065	0.90900	1.1795	875.63	-0.059165	7.6082e-05	0.11910	supercritical
1828.4	647.00	122.26	0.0081796	1434.6	1963.8	6.6072	0.90907	1.1796	875.82	-0.059175	7.6106e-05	0.11914	supercritical
1829.4	647.00	122.19	0.0081837	1435.5	1965.0	6.6078	0.90914	1.1796	876.00	-0.059186	7.6131e-05	0.11919	supercritical
1830.4	647.00	122.13	0.0081878	1436.4	1966.1	6.6085	0.90921	1.1797	876.19	-0.059196	7.6155e-05	0.11924	supercritical
1831.4	647.00	122.07	0.0081919	1437.3	1967.3	6.6091	0.90929	1.1797	876.37	-0.059206	7.6179e-05	0.11929	supercritical
1832.4	647.00	122.01	0.0081960	1438.2	1968.5	6.6098	0.90936	1.1798	876.56	-0.059216	7.6204e-05	0.11933	supercritical
1833.4	647.00	121.95	0.0082001	1439.1	1969.7	6.6104	0.90943	1.1799	876.74	-0.059227	7.6228e-05	0.11938	supercritical
1834.4	647.00	121.89	0.0082042	1440.0	1970.9	6.6110	0.90950	1.1799	876.93	-0.059237	7.6253e-05	0.11943	supercritical
1835.4	647.00	121.83	0.0082083	1441.0	1972.0	6.6117	0.90957	1.1800	877.11	-0.059247	7.6277e-05	0.11947	supercritical
1836.4	647.00	121.77	0.0082123	1441.9	1973.2	6.6123	0.90964	1.1800	877.30	-0.059257	7.6301e-05	0.11952	supercritical
1837.4	647.00	121.71	0.0082164	1442.8	1974.4	6.6130	0.90971	1.1801	877.48	-0.059267	7.6326e-05	0.11957	supercritical
1838.4	647.00	121.65	0.0082205	1443.7	1975.6	6.6136	0.90979	1.1802	877.67	-0.059277	7.6350e-05	0.11961	supercritical
1839.4	647.00	121.59	0.0082246	1444.6	1976.8	6.6143	0.90986	1.1802	877.85	-0.059288	7.6375e-05	0.11966	supercritical
1840.4	647.00	121.53	0.0082287	1445.5	1977.9	6.6149	0.90993	1.1803	878.04	-0.059298	7.6399e-05	0.11971	supercritical
1841.4	647.00	121.47	0.0082328	1446.4	1979.1	6.6155	0.91000	1.1803	878.22	-0.059308	7.6423e-05	0.11975	supercritical
1842.4	647.00	121.40	0.0082369	1447.4	1980.3	6.6162	0.91007	1.1804	878.41	-0.059318	7.6448e-05	0.11980	supercritical
1843.4	647.00	121.34	0.0082410	1448.3	1981.5	6.6168	0.91014	1.1805	878.59	-0.059328	7.6472e-05	0.11985	supercritical
1844.4	647.00	121.28	0.0082451	1449.2	1982.7	6.6175	0.91021	1.1805	878.78	-0.059338	7.6497e-05	0.11990	supercritical
1845.4	647.00	121.22	0.0082492	1450.1	1983.8	6.6181	0.91029	1.1806	878.96	-0.059348	7.6521e-05	0.11994	supercritical
1846.4	647.00	121.16	0.0082533	1451.0	1985.0	6.6187	0.91036	1.1806	879.14	-0.059358	7.6545e-05	0.11999	supercritical
1847.4	647.00	121.10	0.0082573	1451.9	1986.2	6.6194	0.91043	1.1807	879.33	-0.059368	7.6570e-05	0.12004	supercritical
1848.4	647.00	121.04	0.0082614	1452.9	1987.4	6.6200	0.91050	1.1808	879.51	-0.059378	7.6594e-05	0.12008	supercritical
1849.4	647.00	120.98	0.0082655	1453.8	1988.6	6.6207	0.91057	1.1808	879.70	-0.059388	7.6618e-05	0.12013	supercritical
1850.4	647.00	120.92	0.0082696	1454.7	1989.7	6.6213	0.91064	1.1809	879.88	-0.059398	7.6643e-05	0.12018	supercritical
1851.4	647.00	120.86	0.0082737	1455.6	1990.9	6.6219	0.91071	1.1809	880.07	-0.059408	7.6667e-05	0.12022	supercritical
1852.4	647.00	120.81	0.0082778	1456.5	1992.1	6.6226	0.91079	1.1810	880.25	-0.059418	7.6691e-05	0.12027	supercritical
1853.4	647.00	120.75	0.0082819	1457.4	1993.3	6.6232	0.91086	1.1811	880.44	-0.059428	7.6716e-05	0.12032	supercritical
1854.4	647.00	120.69	0.0082860	1458.4	1994.5	6.6238	0.91093	1.1811	880.62	-0.059438	7.6740e-05	0.12036	supercritical
1855.4	647.00	120.63	0.0082901	1459.3	1995.6	6.6245	0.91100	1.1812	880.80	-0.059448	7.6765e-05	0.12041	supercritical
1856.4	647.00	120.57	0.0082942	1460.2	1996.8	6.6251	0.91107	1.1812	880.99	-0.059457	7.6789e-05	0.12046	supercritical
1857.4	647.00	120.51	0.0082982	1461.1	1998.0	6.6258	0.91114	1.1813	881.17	-0.059467	7.6813e-05	0.12050	supercritical
1858.4	647.00	120.45	0.0083023	1462.0	1999.2	6.6264	0.91121	1.1814	881.36	-0.059477	7.6838e-05	0.12055	supercritical
1859.4	647.00	120.39	0.0083064	1462.9	2000.4	6.6270	0.91128	1.1814	881.54	-0.059487	7.6862e-05	0.12060	supercritical
1860.4	647.00	120.33	0.0083105	1463.9	2001.5	6.6277	0.91136	1.1815	881.72	-0.059497	7.6886e-05	0.12065	supercritical
1861.4	647.00	120.27	0.0083146	1464.8	2002.7	6.6283	0.91143	1.1815	881.91	-0.059507	7.6911e-05	0.12069	supercritical
1862.4	647.00	120.21	0.0083187	1465.7	2003.9	6.6289	0.91150	1.1816	882.09	-0.059516	7.6935e-05	0.12074	supercritical
1863.4	647.00	120.15	0.0083228	1466.6	2005.1	6.6296	0.91157	1.1817	882.28	-0.059526	7.6959e-05	0.12079	supercritical
1864.4	647.00	120.09	0.0083269	1467.5	2006.3	6.6302	0.91164	1.1817	882.46	-0.059536	7.6984e-05	0.12083	supercritical
1865.4	647.00	120.03	0.0083310	1468.4	2007.5	6.6308	0.91171	1.1818	882.64	-0.059546	7.7008e-05	0.12088	supercritical
1866.4	647.00	119.98	0.0083351	1469.4	2008.6	6.6315	0.91178	1.1818	882.83	-0.059555	7.7032e-05	0.12093	supercritical
1867.4	647.00	119.92	0.0083391	1470.3	2009.8	6.6321	0.91185	1.1819	883.01	-0.059565	7.7057e-05	0.12097	supercritical
1868.4	647.00	119.86	0.0083432	1471.2	2011.0	6.6327	0.91192	1.1820	883.19	-0.059575	7.7081e-05	0.12102	supercritical
1869.4	647.00	119.80	0.0083473	1472.1	2012.2	6.6334	0.91200	1.1820	883.38	-0.059584	7.7105e-05	0.12107	supercritical
1870.4	647.00	119.74	0.0083514	1473.0	2013.4	6.6340	0.91207	1.1821	883.56	-0.059594	7.7130e-05	0.12111	supercritical
1871.4	647.00	119.68	0.0083555	1473.9	2014.5	6.6346	0.91214	1.1821	883.74	-0.059604	7.7154e-05	0.12116	supercritical
1872.4	647.00	119.62	0.0083596	1474.9	2015.7	6.6353	0.91221	1.1822	883.93	-0.059613	7.7178e-05	0.12121	supercritical
1873.4	647.00	119.56	0.0083637	1475.8	2016.9	6.6359	0.91228	1.1823	884.11	-0.059623	7.7202e-05	0.12125	supercritical
1874.4	647.00	119.51	0.0083678	1476.7	2018.1	6.6365	0.91235	1.1823	884.29	-0.059633	7.7227e-05	0.12130	supercritical
1875.4	647.00	119.45	0.0083718	1477.6	2019.3	6.6371	0.91242	1.1824	884.48	-0.059642	7.7251e-05	0.12135	supercritical
1876.4	647.00	119.39	0.0083759	1478.5	2020.5	6.6378	0.91249	1.1824	884.66	-0.059652	7.7275e-05	0.12139	supercritical
1877.4	647.00	119.33	0.0083800	1479.5	2021.6	6.6384	0.91256	1.1825	884.84	-0.059662	7.7300e-05	0.12144	supercritical
1878.4	647.00	119.27	0.0083841	1480.4	2022.8	6.6390	0.91264	1.1826	885.03	-0.059671	7.7324e-05	0.12149	supercritical
1879.4	647.00	119.22	0.0083882	1481.3	2024.0	6.6397	0.91271	1.1826	885.21	-0.059681	7.7348e-05	0.12154	supercritical
1880.4	647.00	119.16	0.0083923	1482.2	2025.2	6.6403	0.91278	1.1827	885.39	-0.059690	7.7373e-05	0.12158	supercritical
1881.4	647.00	119.10	0.0083964	1483.1	2026.4	6.6409	0.91285	1.1827	885.58	-0.059700	7.7397e-05	0.12163	supercritical
1882.4	647.00	119.04	0.0084005	1484.0	2027.6	6.6416	0.91292	1.1828	885.76	-0.059709	7.7421e-05	0.12168	supercritical
1883.4	647.00	118.98	0.0084045	1485.0	2028.7	6.6422	0.91299	1.1829	885.94	-0.059719	7.7445e-05	0.12172	supercritical
1884.4	647.00	118.93	0.0084086	1485.9	2029.9	6.6428	0.91306	1.1829	886.12	-0.059728	7.7470e-05	0.12177	supercritical
1885.4	647.00	118.87	0.0084127	1486.8	2031.1	6.6434	0.91313	1.1830	886.31	-0.059738	7.7494e-05	0.12182	supercritical
1886.4	647.00	118.81	0.0084168	1487.7	2032.3	6.6441	0.91320	1.1830	886.49	-0.059747	7.7518e-05	0.12186	supercritical
1887.4	647.00	118.75	0.0084209	1488.6	2033.5	6.6447	0.91327	1.1831	886.67	-0.059757	7.7543e-05	0.12191	supercritical
1888.4	647.00	118.69	0.0084250	1489.6	2034.7	6.6453	0.91335	1.1832	886.86	-0.059766	7.7567e-05	0.12196	supercritical
1889.4	647.00	118.64	0.0084291	1490.5	2035.8	6.6459	0.91342	1.1832	887.04	-0.059775	7.7591e-05	0.12200	supercritical
1890.4	647.00	118.58	0.0084332	1491.4	2037.0	6.6466	0.91349	1.1833	887.22	-0.059785	7.7615e-05	0.12205	supercritical
1891.4	647.00	118.52	0.0084372	1492.3	2038.2	6.6472	0.91356	1.1833	887.40	-0.059794	7.7640e-05	0.12210	supercritical
1892.4	647.00	118.46	0.0084413	1493.2	2039.4	6.6478	0.91363	1.1834	887.59	-0.059804	7.7664e-05	0.12214	supercritical
1893.4	647.00	118.41	0.0084454	1494.2	2040.6	6.6484	0.91370	1.1835	887.77	-0.059813	7.7688e-05	0.12219	supercritical
1894.4	647.00	118.35	0.0084495	1495.1	2041.8	6.6491	0.91377	1.1835	887.95	-0.059822	7.7712e-05	0.12224	supercritical
1895.4	647.00	118.29	0.0084536	1496.0	2042.9	6.6497	0.91384	1.1836	888.13	-0.059832	7.7737e-05	0.12228	supercritical
1896.4	647.00	118.24	0.0084577	1496.9	2044.1	6.6503	0.91391	1.1836	888.32	-0.059841	7.7761e-05	0.12233	supercritical
1897.4	647.00	118.18	0.0084618	1497.8	2045.3	6.6509	0.91398	1.1837	888.50	-0.059850	7.7785e-05	0.12238	supercritical
1898.4	647.00	118.12	0.0084659	1498.7	2046.5	6.6516	0.91405	1.1838	888.68	-0.059860	7.7809e-05	0.12243	supercritical
1899.4	647.00	118.06	0.0084699	1499.7	2047.7	6.6522	0.91412	1.1838	888.86	-0.059869	7.7834e-05	0.12247	supercritical
1900.4	647.00	118.01	0.0084740	1500.6	2048.9	6.6528	0.91420	1.1839	889.04	-0.059878	7.7858e-05	0.12252	supercritical
1901.4	647.00	117.95	0.0084781	1501.5	2050.0	6.6534	0.91427	1.1839	889.23	-0.059887	7.7882e-05	0.12257	supercritical
1902.4	647.00	117.89	0.0084822	1502.4	2051.2	6.6541	0.91434	1.1840	889.41	-0.059897	7.7906e-05	0.12261	supercritical
1903.4	647.00	117.84	0.0084863	1503.3	2052.4	6.6547	0.91441	1.1841	889.59	-0.059906	7.7931e-05	0.12266	supercritical
1904.4	647.00	117.78	0.0084904	1504.3	2053.6	6.6553	0.91448	1.1841	889.77	-0.059915	7.7955e-05	0.12271	supercritical
1905.4	647.00	117.72	0.0084945	1505.2	2054.8	6.6559	0.91455	1.1842	889.95	-0.059924	7.7979e-05	0.12275	supercritical
1906.4	647.00	117.67	0.0084985	1506.1	2056.0	6.6566	0.91462	1.1842	890.14	-0.059933	7.8003e-05	0.12280	supercritical
1907.4	647.00	117.61	0.0085026	1507.0	2057.1	6.6572	0.91469	1.1843	890.32	-0.059943	7.8028e-05	0.12285	supercritical
1908.4	647.00	117.55	0.0085067	1507.9	2058.3	6.6578	0.91476	1.1844	890.50	-0.059952	7.8052e-05	0.12289	supercritical
1909.4	647.00	117.50	0.0085108	1508.9	2059.5	6.6584	0.91483	1.1844	890.68	-0.059961	7.8076e-05	0.12294	supercritical
1910.4	647.00	117.44	0.0085149	1509.8	2060.7	6.6590	0.91490	1.1845	890.86	-0.059970	7.8100e-05	0.12299	supercritical
1911.4	647.00	117.39	0.0085190	1510.7	2061.9	6.6597	0.91497	1.1845	891.05	-0.059979	7.8125e-05	0.12303	supercritical
1912.4	647.00	117.33	0.0085231	1511.6	2063.1	6.6603	0.91504	1.1846	891.23	-0.059988	7.8149e-05	0.12308	supercritical
1913.4	647.00	117.27	0.0085271	1512.5	2064.3	6.6609	0.91512	1.1847	891.41	-0.059997	7.8173e-05	0.12313	supercritical
1914.4	647.00	117.22	0.0085312	1513.5	2065.4	6.6615	0.91519	1.1847	891.59	-0.060006	7.8197e-05	0.12317	supercritical
1915.4	647.00	117.16	0.0085353	1514.4	2066.6	6.6621	0.91526	1.1848	891.77	-0.060015	7.8221e-05	0.12322	supercritical
1916.4	647.00	117.10	0.0085394	1515.3	2067.8	6.6627	0.91533	1.1848	891.95	-0.060025	7.8246e-05	0.12327	supercritical
1917.4	647.00	117.05	0.0085435	1516.2	2069.0	6.6634	0.91540	1.1849	892.13	-0.060034	7.8270e-05	0.12331	supercritical
1918.4	647.00	116.99	0.0085476	1517.1	2070.2	6.6640	0.91547	1.1850	892.32	-0.060043	7.8294e-05	0.12336	supercritical
1919.4	647.00	116.94	0.0085516	1518.1	2071.4	6.6646	0.91554	1.1850	892.50	-0.060052	7.8318e-05	0.12341	supercritical
1920.4	647.00	116.88	0.0085557	1519.0	2072.5	6.6652	0.91561	1.1851	892.68	-0.060061	7.8342e-05	0.12345	supercritical
1921.4	647.00	116.82	0.0085598	1519.9	2073.7	6.6658	0.91568	1.1851	892.86	-0.060070	7.8367e-05	0.12350	supercritical
1922.4	647.00	116.77	0.0085639	1520.8	2074.9	6.6665	0.91575	1.1852	893.04	-0.060079	7.8391e-05	0.12355	supercritical
1923.4	647.00	116.71	0.0085680	1521.8	2076.1	6.6671	0.91582	1.1853	893.22	-0.060088	7.8415e-05	0.12360	supercritical
1924.4	647.00	116.66	0.0085721	1522.7	2077.3	6.6677	0.91589	1.1853	893.40	-0.060097	7.8439e-05	0.12364	supercritical
1925.4	647.00	116.60	0.0085762	1523.6	2078.5	6.6683	0.91596	1.1854	893.58	-0.060105	7.8463e-05	0.12369	supercritical
1926.4	647.00	116.55	0.0085802	1524.5	2079.7	6.6689	0.91603	1.1855	893.77	-0.060114	7.8488e-05	0.12374	supercritical
1927.4	647.00	116.49	0.0085843	1525.4	2080.8	6.6695	0.91610	1.1855	893.95	-0.060123	7.8512e-05	0.12378	supercritical
1928.4	647.00	116.44	0.0085884	1526.4	2082.0	6.6701	0.91617	1.1856	894.13	-0.060132	7.8536e-05	0.12383	supercritical
1929.4	647.00	116.38	0.0085925	1527.3	2083.2	6.6708	0.91625	1.1856	894.31	-0.060141	7.8560e-05	0.12388	supercritical
1930.4	647.00	116.33	0.0085966	1528.2	2084.4	6.6714	0.91632	1.1857	894.49	-0.060150	7.8584e-05	0.12392	supercritical
1931.4	647.00	116.27	0.0086007	1529.1	2085.6	6.6720	0.91639	1.1858	894.67	-0.060159	7.8609e-05	0.12397	supercritical
1932.4	647.00	116.21	0.0086047	1530.0	2086.8	6.6726	0.91646	1.1858	894.85	-0.060168	7.8633e-05	0.12402	supercritical
1933.4	647.00	116.16	0.0086088	1531.0	2088.0	6.6732	0.91653	1.1859	895.03	-0.060176	7.8657e-05	0.12406	supercritical
1934.4	647.00	116.10	0.0086129	1531.9	2089.1	6.6738	0.91660	1.1859	895.21	-0.060185	7.8681e-05	0.12411	supercritical
1935.4	647.00	116.05	0.0086170	1532.8	2090.3	6.6744	0.91667	1.1860	895.39	-0.060194	7.8705e-05	0.12416	supercritical
1936.4	647.00	115.99	0.0086211	1533.7	2091.5	6.6751	0.91674	1.1861	895.57	-0.060203	7.8729e-05	0.12420	supercritical
1937.4	647.00	115.94	0.0086252	1534.7	2092.7	6.6757	0.91681	1.1861	895.75	-0.060212	7.8754e-05	0.12425	supercritical
1938.4	647.00	115.89	0.0086292	1535.6	2093.9	6.6763	0.91688	1.1862	895.93	-0.060220	7.8778e-05	0.12430	supercritical
1939.4	647.00	115.83	0.0086333	1536.5	2095.1	6.6769	0.91695	1.1862	896.11	-0.060229	7.8802e-05	0.12434	supercritical
1940.4	647.00	115.78	0.0086374	1537.4	2096.3	6.6775	0.91702	1.1863	896.30	-0.060238	7.8826e-05	0.12439	supercritical
1941.4	647.00	115.72	0.0086415	1538.3	2097.4	6.6781	0.91709	1.1864	896.48	-0.060247	7.8850e-05	0.12444	supercritical
1942.4	647.00	115.67	0.0086456	1539.3	2098.6	6.6787	0.91716	1.1864	896.66	-0.060255	7.8874e-05	0.12448	supercritical
1943.4	647.00	115.61	0.0086497	1540.2	2099.8	6.6793	0.91723	1.1865	896.84	-0.060264	7.8899e-05	0.12453	supercritical
1944.4	647.00	115.56	0.0086537	1541.1	2101.0	6.6799	0.91730	1.1865	897.02	-0.060273	7.8923e-05	0.12458	supercritical
1945.4	647.00	115.50	0.0086578	1542.0	2102.2	6.6806	0.91737	1.1866	897.20	-0.060282	7.8947e-05	0.12462	supercritical
1946.4	647.00	115.45	0.0086619	1543.0	2103.4	6.6812	0.91744	1.1867	897.38	-0.060290	7.8971e-05	0.12467	supercritical
1947.4	647.00	115.39	0.0086660	1543.9	2104.6	6.6818	0.91751	1.1867	897.56	-0.060299	7.8995e-05	0.12472	supercritical
1948.4	647.00	115.34	0.0086701	1544.8	2105.8	6.6824	0.91758	1.1868	897.74	-0.060307	7.9019e-05	0.12476	supercritical
1949.4	647.00	115.28	0.0086742	1545.7	2106.9	6.6830	0.91765	1.1868	897.92	-0.060316	7.9043e-05	0.12481	supercritical
1950.4	647.00	115.23	0.0086782	1546.6	2108.1	6.6836	0.91772	1.1869	898.10	-0.060325	7.9068e-05	0.12486	supercritical
1951.4	647.00	115.18	0.0086823	1547.6	2109.3	6.6842	0.91780	1.1870	898.28	-0.060333	7.9092e-05	0.12490	supercritical
1952.4	647.00	115.12	0.0086864	1548.5	2110.5	6.6848	0.91787	1.1870	898.46	-0.060342	7.9116e-05	0.12495	supercritical
1953.4	647.00	115.07	0.0086905	1549.4	2111.7	6.6854	0.91794	1.1871	898.64	-0.060351	7.9140e-05	0.12500	supercritical
1954.4	647.00	115.01	0.0086946	1550.3	2112.9	6.6860	0.91801	1.1871	898.82	-0.060359	7.9164e-05	0.12504	supercritical
1955.4	647.00	114.96	0.0086986	1551.3	2114.1	6.6866	0.91808	1.1872	899.00	-0.060368	7.9188e-05	0.12509	supercritical
1956.4	647.00	114.91	0.0087027	1552.2	2115.2	6.6872	0.91815	1.1873	899.18	-0.060376	7.9212e-05	0.12514	supercritical
1957.4	647.00	114.85	0.0087068	1553.1	2116.4	6.6879	0.91822	1.1873	899.36	-0.060385	7.9237e-05	0.12518	supercritical
1958.4	647.00	114.80	0.0087109	1554.0	2117.6	6.6885	0.91829	1.1874	899.54	-0.060393	7.9261e-05	0.12523	supercritical
1959.4	647.00	114.74	0.0087150	1555.0	2118.8	6.6891	0.91836	1.1874	899.72	-0.060402	7.9285e-05	0.12528	supercritical
1960.4	647.00	114.69	0.0087191	1555.9	2120.0	6.6897	0.91843	1.1875	899.89	-0.060410	7.9309e-05	0.12532	supercritical
1961.4	647.00	114.64	0.0087231	1556.8	2121.2	6.6903	0.91850	1.1876	900.07	-0.060419	7.9333e-05	0.12537	supercritical
1962.4	647.00	114.58	0.0087272	1557.7	2122.4	6.6909	0.91857	1.1876	900.25	-0.060427	7.9357e-05	0.12542	supercritical
1963.4	647.00	114.53	0.0087313	1558.6	2123.6	6.6915	0.91864	1.1877	900.43	-0.060436	7.9381e-05	0.12546	supercritical
1964.4	647.00	114.48	0.0087354	1559.6	2124.7	6.6921	0.91871	1.1877	900.61	-0.060444	7.9405e-05	0.12551	supercritical
1965.4	647.00	114.42	0.0087395	1560.5	2125.9	6.6927	0.91878	1.1878	900.79	-0.060453	7.9429e-05	0.12556	supercritical
1966.4	647.00	114.37	0.0087435	1561.4	2127.1	6.6933	0.91885	1.1879	900.97	-0.060461	7.9454e-05	0.12560	supercritical
1967.4	647.00	114.32	0.0087476	1562.3	2128.3	6.6939	0.91892	1.1879	901.15	-0.060469	7.9478e-05	0.12565	supercritical
1968.4	647.00	114.26	0.0087517	1563.3	2129.5	6.6945	0.91899	1.1880	901.33	-0.060478	7.9502e-05	0.12570	supercritical
1969.4	647.00	114.21	0.0087558	1564.2	2130.7	6.6951	0.91906	1.1881	901.51	-0.060486	7.9526e-05	0.12575	supercritical
1970.4	647.00	114.16	0.0087599	1565.1	2131.9	6.6957	0.91913	1.1881	901.69	-0.060495	7.9550e-05	0.12579	supercritical
1971.4	647.00	114.10	0.0087640	1566.0	2133.1	6.6963	0.91920	1.1882	901.87	-0.060503	7.9574e-05	0.12584	supercritical
1972.4	647.00	114.05	0.0087680	1567.0	2134.3	6.6969	0.91927	1.1882	902.05	-0.060511	7.9598e-05	0.12589	supercritical
1973.4	647.00	114.00	0.0087721	1567.9	2135.4	6.6975	0.91934	1.1883	902.23	-0.060520	7.9622e-05	0.12593	supercritical
1974.4	647.00	113.94	0.0087762	1568.8	2136.6	6.6981	0.91941	1.1884	902.40	-0.060528	7.9646e-05	0.12598	supercritical
1975.4	647.00	113.89	0.0087803	1569.7	2137.8	6.6987	0.91948	1.1884	902.58	-0.060536	7.9670e-05	0.12603	supercritical
1976.4	647.00	113.84	0.0087844	1570.7	2139.0	6.6993	0.91955	1.1885	902.76	-0.060545	7.9695e-05	0.12607	supercritical
1977.4	647.00	113.79	0.0087884	1571.6	2140.2	6.6999	0.91962	1.1885	902.94	-0.060553	7.9719e-05	0.12612	supercritical
1978.4	647.00	113.73	0.0087925	1572.5	2141.4	6.7005	0.91969	1.1886	903.12	-0.060561	7.9743e-05	0.12617	supercritical
1979.4	647.00	113.68	0.0087966	1573.4	2142.6	6.7011	0.91976	1.1887	903.30	-0.060569	7.9767e-05	0.12621	supercritical
1980.4	647.00	113.63	0.0088007	1574.4	2143.8	6.7017	0.91983	1.1887	903.48	-0.060578	7.9791e-05	0.12626	supercritical
1981.4	647.00	113.57	0.0088048	1575.3	2144.9	6.7023	0.91990	1.1888	903.66	-0.060586	7.9815e-05	0.12631	supercritical
1982.4	647.00	113.52	0.0088088	1576.2	2146.1	6.7029	0.91997	1.1888	903.84	-0.060594	7.9839e-05	0.12635	supercritical
1983.4	647.00	113.47	0.0088129	1577.1	2147.3	6.7035	0.92004	1.1889	904.01	-0.060602	7.9863e-05	0.12640	supercritical
1984.4	647.00	113.42	0.0088170	1578.1	2148.5	6.7041	0.92011	1.1890	904.19	-0.060611	7.9887e-05	0.12645	supercritical
1985.4	647.00	113.36	0.0088211	1579.0	2149.7	6.7047	0.92018	1.1890	904.37	-0.060619	7.9911e-05	0.12649	supercritical
1986.4	647.00	113.31	0.0088252	1579.9	2150.9	6.7053	0.92025	1.1891	904.55	-0.060627	7.9935e-05	0.12654	supercritical
1987.4	647.00	113.26	0.0088292	1580.8	2152.1	6.7059	0.92032	1.1891	904.73	-0.060635	7.9959e-05	0.12659	supercritical
1988.4	647.00	113.21	0.0088333	1581.8	2153.3	6.7065	0.92039	1.1892	904.91	-0.060643	7.9983e-05	0.12663	supercritical
1989.4	647.00	113.16	0.0088374	1582.7	2154.5	6.7071	0.92046	1.1893	905.09	-0.060651	8.0007e-05	0.12668	supercritical
1990.4	647.00	113.10	0.0088415	1583.6	2155.7	6.7077	0.92053	1.1893	905.26	-0.060660	8.0032e-05	0.12673	supercritical
1991.4	647.00	113.05	0.0088456	1584.5	2156.8	6.7083	0.92060	1.1894	905.44	-0.060668	8.0056e-05	0.12677	supercritical
1992.4	647.00	113.00	0.0088496	1585.5	2158.0	6.7089	0.92067	1.1894	905.62	-0.060676	8.0080e-05	0.12682	supercritical
1993.4	647.00	112.95	0.0088537	1586.4	2159.2	6.7095	0.92074	1.1895	905.80	-0.060684	8.0104e-05	0.12687	supercritical
1994.4	647.00	112.89	0.0088578	1587.3	2160.4	6.7101	0.92081	1.1896	905.98	-0.060692	8.0128e-05	0.12691	supercritical
1995.4	647.00	112.84	0.0088619	1588.2	2161.6	6.7107	0.92088	1.1896	906.15	-0.060700	8.0152e-05	0.12696	supercritical
1996.4	647.00	112.79	0.0088660	1589.2	2162.8	6.7113	0.92095	1.1897	906.33	-0.060708	8.0176e-05	0.12701	supercritical
1997.4	647.00	112.74	0.0088700	1590.1	2164.0	6.7119	0.92102	1.1898	906.51	-0.060716	8.0200e-05	0.12705	supercritical
1998.4	647.00	112.69	0.0088741	1591.0	2165.2	6.7125	0.92109	1.1898	906.69	-0.060724	8.0224e-05	0.12710	supercritical
1999.4	647.00	112.64	0.0088782	1591.9	2166.4	6.7131	0.92116	1.1899	906.87	-0.060732	8.0248e-05	0.12715	supercritical