Temperature (K)	Pressure (bar)	Density (kg/m3)	Volume (m3/kg)	Internal Energy (kJ/kg)	Enthalpy (kJ/kg)	Entropy (J/g*K)	Cv (J/g*K)	Cp (J/g*K)	Sound Spd. (m/s)	Joule-Thomson (K/bar)	Viscosity (Pa*s)	Therm. Cond. (W/m*K)	Phase
54.361	584.00	1362.1	0.00073417	-199.41	-156.53	1.9697	1.0934	1.5102	1283.4	-0.041912	0.0011544	0.22097	liquid
61.361	584.00	1337.2	0.00074782	-189.25	-145.58	2.1591	1.1077	1.6007	1266.5	-0.039007	0.00081593	0.21434	liquid
62.361	584.00	1333.6	0.00074984	-187.77	-143.98	2.1850	1.1075	1.6059	1261.8	-0.038836	0.00077949	0.21337	liquid
63.361	584.00	1330.0	0.00075187	-186.28	-142.37	2.2106	1.1068	1.6099	1256.8	-0.038701	0.00074541	0.21239	liquid
64.361	584.00	1326.4	0.00075391	-184.78	-140.76	2.2358	1.1056	1.6128	1251.7	-0.038596	0.00071352	0.21142	liquid
65.361	584.00	1322.8	0.00075595	-183.29	-139.14	2.2607	1.1040	1.6147	1246.5	-0.038517	0.00068367	0.21044	liquid
66.361	584.00	1319.2	0.00075801	-181.79	-137.53	2.2853	1.1020	1.6158	1241.1	-0.038459	0.00065570	0.20946	liquid
67.361	584.00	1315.7	0.00076007	-180.30	-135.91	2.3094	1.0996	1.6163	1235.7	-0.038419	0.00062947	0.20848	liquid
68.361	584.00	1312.1	0.00076214	-178.80	-134.29	2.3332	1.0969	1.6161	1230.2	-0.038393	0.00060486	0.20750	liquid
69.361	584.00	1308.5	0.00076421	-177.31	-132.68	2.3567	1.0940	1.6154	1224.6	-0.038380	0.00058174	0.20651	liquid
70.361	584.00	1305.0	0.00076630	-175.82	-131.06	2.3798	1.0908	1.6144	1219.1	-0.038376	0.00056001	0.20553	liquid
71.361	584.00	1301.4	0.00076838	-174.32	-129.45	2.4026	1.0875	1.6130	1213.6	-0.038380	0.00053957	0.20455	liquid
72.361	584.00	1297.9	0.00077048	-172.83	-127.84	2.4250	1.0840	1.6113	1208.0	-0.038391	0.00052032	0.20356	liquid
73.361	584.00	1294.4	0.00077258	-171.35	-126.23	2.4471	1.0804	1.6094	1202.5	-0.038406	0.00050218	0.20258	liquid
74.361	584.00	1290.8	0.00077469	-169.86	-124.62	2.4689	1.0767	1.6073	1197.0	-0.038425	0.00048507	0.20159	liquid
75.361	584.00	1287.3	0.00077681	-168.38	-123.01	2.4904	1.0729	1.6051	1191.5	-0.038446	0.00046892	0.20061	liquid
76.361	584.00	1283.8	0.00077893	-166.90	-121.41	2.5115	1.0690	1.6028	1186.0	-0.038469	0.00045365	0.19962	liquid
77.361	584.00	1280.3	0.00078106	-165.42	-119.81	2.5324	1.0651	1.6004	1180.6	-0.038493	0.00043922	0.19864	liquid
78.361	584.00	1276.8	0.00078320	-163.95	-118.21	2.5529	1.0611	1.5979	1175.2	-0.038517	0.00042557	0.19765	liquid
79.361	584.00	1273.3	0.00078534	-162.48	-116.61	2.5731	1.0572	1.5954	1169.8	-0.038541	0.00041263	0.19667	liquid
80.361	584.00	1269.9	0.00078749	-161.01	-115.02	2.5931	1.0532	1.5929	1164.4	-0.038563	0.00040037	0.19569	liquid
81.361	584.00	1266.4	0.00078965	-159.54	-113.43	2.6128	1.0492	1.5904	1159.1	-0.038585	0.00038873	0.19470	liquid
82.361	584.00	1262.9	0.00079182	-158.08	-111.84	2.6322	1.0452	1.5879	1153.8	-0.038604	0.00037768	0.19372	liquid
83.361	584.00	1259.5	0.00079399	-156.62	-110.25	2.6513	1.0413	1.5854	1148.5	-0.038622	0.00036718	0.19273	liquid
84.361	584.00	1256.0	0.00079618	-155.16	-108.67	2.6702	1.0373	1.5830	1143.3	-0.038637	0.00035720	0.19175	liquid
85.361	584.00	1252.6	0.00079837	-153.71	-107.08	2.6889	1.0334	1.5805	1138.0	-0.038650	0.00034769	0.19077	liquid
86.361	584.00	1249.1	0.00080057	-152.26	-105.50	2.7073	1.0296	1.5782	1132.8	-0.038661	0.00033863	0.18978	liquid
87.361	584.00	1245.7	0.00080278	-150.81	-103.93	2.7254	1.0257	1.5758	1127.7	-0.038668	0.00033000	0.18880	liquid
88.361	584.00	1242.2	0.00080500	-149.37	-102.35	2.7433	1.0219	1.5736	1122.5	-0.038673	0.00032176	0.18782	liquid
89.361	584.00	1238.8	0.00080723	-147.92	-100.78	2.7610	1.0182	1.5713	1117.4	-0.038675	0.00031389	0.18684	liquid
90.361	584.00	1235.4	0.00080947	-146.48	-99.211	2.7785	1.0144	1.5691	1112.3	-0.038673	0.00030637	0.18585	liquid
91.361	584.00	1232.0	0.00081171	-145.05	-97.643	2.7958	1.0108	1.5670	1107.3	-0.038669	0.00029918	0.18487	liquid
92.361	584.00	1228.5	0.00081397	-143.61	-96.077	2.8128	1.0071	1.5650	1102.2	-0.038661	0.00029230	0.18389	liquid
93.361	584.00	1225.1	0.00081624	-142.18	-94.513	2.8297	1.0035	1.5629	1097.2	-0.038650	0.00028571	0.18291	liquid
94.361	584.00	1221.7	0.00081851	-140.75	-92.951	2.8463	1.0000	1.5610	1092.3	-0.038636	0.00027940	0.18193	liquid
95.361	584.00	1218.3	0.00082080	-139.33	-91.391	2.8628	0.99651	1.5591	1087.3	-0.038619	0.00027334	0.18096	liquid
96.361	584.00	1214.9	0.00082310	-137.90	-89.832	2.8790	0.99306	1.5572	1082.4	-0.038598	0.00026752	0.17998	liquid
97.361	584.00	1211.5	0.00082541	-136.48	-88.276	2.8951	0.98965	1.5554	1077.5	-0.038574	0.00026193	0.17900	liquid
98.361	584.00	1208.1	0.00082773	-135.06	-86.722	2.9110	0.98629	1.5537	1072.6	-0.038547	0.00025656	0.17803	liquid
99.361	584.00	1204.7	0.00083006	-133.64	-85.169	2.9267	0.98298	1.5520	1067.7	-0.038517	0.00025140	0.17705	liquid
100.36	584.00	1201.3	0.00083241	-132.23	-83.617	2.9422	0.97971	1.5504	1062.9	-0.038483	0.00024643	0.17608	liquid
101.36	584.00	1197.9	0.00083476	-130.82	-82.068	2.9576	0.97649	1.5488	1058.1	-0.038447	0.00024164	0.17511	liquid
102.36	584.00	1194.6	0.00083713	-129.41	-80.520	2.9728	0.97331	1.5472	1053.3	-0.038407	0.00023703	0.17414	liquid
103.36	584.00	1191.2	0.00083951	-128.00	-78.973	2.9878	0.97017	1.5457	1048.5	-0.038364	0.00023258	0.17317	liquid
104.36	584.00	1187.8	0.00084190	-126.60	-77.428	3.0027	0.96707	1.5443	1043.8	-0.038318	0.00022828	0.17220	liquid
105.36	584.00	1184.4	0.00084430	-125.19	-75.885	3.0174	0.96402	1.5429	1039.1	-0.038269	0.00022414	0.17123	liquid
106.36	584.00	1181.0	0.00084672	-123.79	-74.343	3.0320	0.96101	1.5415	1034.4	-0.038217	0.00022013	0.17026	liquid
107.36	584.00	1177.7	0.00084915	-122.39	-72.802	3.0464	0.95804	1.5402	1029.7	-0.038161	0.00021626	0.16930	liquid
108.36	584.00	1174.3	0.00085159	-121.00	-71.262	3.0607	0.95510	1.5389	1025.0	-0.038103	0.00021251	0.16834	liquid
109.36	584.00	1170.9	0.00085404	-119.60	-69.724	3.0748	0.95221	1.5376	1020.4	-0.038042	0.00020888	0.16738	liquid
110.36	584.00	1167.5	0.00085651	-118.21	-68.187	3.0888	0.94935	1.5364	1015.8	-0.037978	0.00020537	0.16642	liquid
111.36	584.00	1164.2	0.00085899	-116.82	-66.651	3.1026	0.94654	1.5352	1011.2	-0.037910	0.00020197	0.16546	liquid
112.36	584.00	1160.8	0.00086148	-115.43	-65.117	3.1163	0.94376	1.5340	1006.7	-0.037840	0.00019867	0.16451	liquid
113.36	584.00	1157.4	0.00086399	-114.04	-63.583	3.1299	0.94101	1.5329	1002.1	-0.037767	0.00019547	0.16355	liquid
114.36	584.00	1154.1	0.00086651	-112.66	-62.051	3.1434	0.93830	1.5318	997.59	-0.037691	0.00019236	0.16260	liquid
115.36	584.00	1150.7	0.00086905	-111.27	-60.520	3.1567	0.93562	1.5308	993.09	-0.037613	0.00018934	0.16165	liquid
116.36	584.00	1147.3	0.00087160	-109.89	-58.989	3.1699	0.93298	1.5297	988.61	-0.037531	0.00018641	0.16070	liquid
117.36	584.00	1144.0	0.00087416	-108.51	-57.460	3.1830	0.93037	1.5287	984.16	-0.037447	0.00018356	0.15976	liquid
118.36	584.00	1140.6	0.00087674	-107.13	-55.932	3.1960	0.92780	1.5277	979.73	-0.037359	0.00018079	0.15882	liquid
119.36	584.00	1137.2	0.00087933	-105.76	-54.405	3.2088	0.92525	1.5267	975.31	-0.037270	0.00017810	0.15788	liquid
120.36	584.00	1133.9	0.00088194	-104.38	-52.878	3.2216	0.92274	1.5258	970.92	-0.037177	0.00017547	0.15694	liquid
121.36	584.00	1130.5	0.00088456	-103.01	-51.353	3.2342	0.92026	1.5249	966.56	-0.037081	0.00017292	0.15601	liquid
122.36	584.00	1127.1	0.00088720	-101.64	-49.829	3.2467	0.91781	1.5240	962.21	-0.036983	0.00017043	0.15507	liquid
123.36	584.00	1123.8	0.00088985	-100.27	-48.305	3.2591	0.91538	1.5231	957.89	-0.036882	0.00016801	0.15414	liquid
124.36	584.00	1120.4	0.00089252	-98.905	-46.782	3.2714	0.91299	1.5222	953.59	-0.036779	0.00016564	0.15322	liquid
125.36	584.00	1117.1	0.00089520	-97.540	-45.261	3.2836	0.91062	1.5214	949.30	-0.036672	0.00016333	0.15229	liquid
126.36	584.00	1113.7	0.00089790	-96.177	-43.740	3.2957	0.90829	1.5206	945.05	-0.036563	0.00016108	0.15137	liquid
127.36	584.00	1110.4	0.00090061	-94.815	-42.219	3.3076	0.90598	1.5197	940.81	-0.036452	0.00015889	0.15045	liquid
128.36	584.00	1107.0	0.00090334	-93.455	-40.700	3.3195	0.90369	1.5189	936.60	-0.036337	0.00015674	0.14954	liquid
129.36	584.00	1103.6	0.00090609	-92.097	-39.182	3.3313	0.90143	1.5182	932.41	-0.036220	0.00015465	0.14863	liquid
130.36	584.00	1100.3	0.00090885	-90.741	-37.664	3.3430	0.89920	1.5174	928.24	-0.036101	0.00015260	0.14772	liquid
131.36	584.00	1096.9	0.00091163	-89.386	-36.147	3.3546	0.89700	1.5166	924.09	-0.035979	0.00015060	0.14682	liquid
132.36	584.00	1093.6	0.00091442	-88.033	-34.631	3.3661	0.89482	1.5159	919.96	-0.035854	0.00014864	0.14591	liquid
133.36	584.00	1090.2	0.00091723	-86.681	-33.115	3.3775	0.89266	1.5151	915.86	-0.035727	0.00014673	0.14502	liquid
134.36	584.00	1086.9	0.00092006	-85.332	-31.600	3.3888	0.89053	1.5144	911.78	-0.035597	0.00014486	0.14412	liquid
135.36	584.00	1083.5	0.00092290	-83.984	-30.086	3.4000	0.88842	1.5137	907.72	-0.035464	0.00014302	0.14323	liquid
136.36	584.00	1080.2	0.00092576	-82.638	-28.573	3.4112	0.88634	1.5130	903.69	-0.035329	0.00014123	0.14234	liquid
137.36	584.00	1076.8	0.00092864	-81.293	-27.060	3.4222	0.88427	1.5123	899.68	-0.035191	0.00013947	0.14146	liquid
138.36	584.00	1073.5	0.00093154	-79.950	-25.548	3.4332	0.88223	1.5116	895.69	-0.035051	0.00013775	0.14058	liquid
139.36	584.00	1070.2	0.00093445	-78.609	-24.037	3.4441	0.88022	1.5109	891.72	-0.034909	0.00013607	0.13971	liquid
140.36	584.00	1066.8	0.00093738	-77.269	-22.527	3.4549	0.87822	1.5102	887.78	-0.034763	0.00013442	0.13883	liquid
141.36	584.00	1063.5	0.00094032	-75.932	-21.017	3.4656	0.87625	1.5095	883.86	-0.034615	0.00013280	0.13797	liquid
142.36	584.00	1060.1	0.00094329	-74.596	-19.508	3.4762	0.87430	1.5089	879.97	-0.034465	0.00013121	0.13710	liquid
143.36	584.00	1056.8	0.00094627	-73.261	-17.999	3.4868	0.87237	1.5082	876.09	-0.034312	0.00012966	0.13624	liquid
144.36	584.00	1053.4	0.00094927	-71.929	-16.491	3.4973	0.87046	1.5075	872.24	-0.034157	0.00012813	0.13539	liquid
145.36	584.00	1050.1	0.00095229	-70.598	-14.984	3.5077	0.86857	1.5069	868.42	-0.033999	0.00012664	0.13454	liquid
146.36	584.00	1046.8	0.00095532	-69.268	-13.477	3.5180	0.86670	1.5062	864.62	-0.033839	0.00012517	0.13369	liquid
147.36	584.00	1043.4	0.00095838	-67.941	-11.972	3.5283	0.86486	1.5056	860.84	-0.033676	0.00012373	0.13285	liquid
148.36	584.00	1040.1	0.00096145	-66.615	-10.466	3.5385	0.86303	1.5049	857.08	-0.033511	0.00012232	0.13201	liquid
149.36	584.00	1036.8	0.00096454	-65.291	-8.9617	3.5486	0.86122	1.5043	853.35	-0.033343	0.00012093	0.13118	liquid
150.36	584.00	1033.4	0.00096765	-63.968	-7.4577	3.5586	0.85943	1.5036	849.64	-0.033173	0.00011957	0.13035	liquid
151.36	584.00	1030.1	0.00097078	-62.648	-5.9544	3.5686	0.85766	1.5030	845.96	-0.033001	0.00011823	0.12953	liquid
152.36	584.00	1026.8	0.00097392	-61.329	-4.4517	3.5785	0.85590	1.5024	842.30	-0.032826	0.00011692	0.12871	liquid
153.36	584.00	1023.5	0.00097709	-60.012	-2.9497	3.5883	0.85417	1.5017	838.67	-0.032648	0.00011563	0.12790	liquid
154.36	584.00	1020.1	0.00098027	-58.696	-1.4483	3.5980	0.85246	1.5011	835.06	-0.032469	0.00011436	0.12709	liquid
155.36	584.00	1016.8	0.00098347	-57.382	0.052425	3.6077	0.85076	1.5004	831.47	-0.032287	0.00011312	0.12628	supercritical
156.36	584.00	1013.5	0.00098669	-56.070	1.5525	3.6174	0.84908	1.4998	827.91	-0.032102	0.00011190	0.12548	supercritical
157.36	584.00	1010.2	0.00098994	-54.760	3.0520	3.6269	0.84742	1.4991	824.38	-0.031915	0.00011070	0.12469	supercritical
158.36	584.00	1006.9	0.00099320	-53.452	4.5508	3.6364	0.84577	1.4985	820.86	-0.031726	0.00010952	0.12390	supercritical
159.36	584.00	1003.5	0.00099647	-52.145	6.0490	3.6458	0.84415	1.4978	817.38	-0.031535	0.00010836	0.12312	supercritical
160.36	584.00	1000.2	0.00099977	-50.840	7.5465	3.6552	0.84254	1.4972	813.92	-0.031341	0.00010722	0.12234	supercritical
161.36	584.00	996.92	0.0010031	-49.537	9.0433	3.6645	0.84094	1.4965	810.48	-0.031145	0.00010609	0.12156	supercritical
162.36	584.00	993.61	0.0010064	-48.236	10.540	3.6738	0.83937	1.4959	807.07	-0.030947	0.00010499	0.12080	supercritical
163.36	584.00	990.31	0.0010098	-46.936	12.035	3.6829	0.83781	1.4952	803.68	-0.030746	0.00010391	0.12003	supercritical
164.36	584.00	987.01	0.0010132	-45.639	13.530	3.6921	0.83626	1.4945	800.32	-0.030543	0.00010285	0.11928	supercritical
165.36	584.00	983.71	0.0010166	-44.343	15.024	3.7011	0.83474	1.4939	796.99	-0.030338	0.00010180	0.11853	supercritical
166.36	584.00	980.41	0.0010200	-43.049	16.518	3.7101	0.83323	1.4932	793.68	-0.030131	0.00010077	0.11778	supercritical
167.36	584.00	977.12	0.0010234	-41.757	18.011	3.7191	0.83173	1.4925	790.39	-0.029922	9.9759e-05	0.11704	supercritical
168.36	584.00	973.83	0.0010269	-40.466	19.503	3.7280	0.83025	1.4918	787.13	-0.029710	9.8764e-05	0.11631	supercritical
169.36	584.00	970.55	0.0010303	-39.178	20.994	3.7368	0.82879	1.4912	783.90	-0.029497	9.7785e-05	0.11558	supercritical
170.36	584.00	967.26	0.0010338	-37.891	22.485	3.7456	0.82734	1.4905	780.69	-0.029281	9.6823e-05	0.11486	supercritical
171.36	584.00	963.99	0.0010374	-36.607	23.975	3.7543	0.82590	1.4898	777.51	-0.029064	9.5876e-05	0.11414	supercritical
172.36	584.00	960.71	0.0010409	-35.324	25.465	3.7630	0.82448	1.4890	774.35	-0.028844	9.4946e-05	0.11343	supercritical
173.36	584.00	957.44	0.0010445	-34.043	26.953	3.7716	0.82308	1.4883	771.22	-0.028622	9.4030e-05	0.11273	supercritical
174.36	584.00	954.17	0.0010480	-32.764	28.441	3.7801	0.82169	1.4876	768.12	-0.028399	9.3129e-05	0.11202	supercritical
175.36	584.00	950.90	0.0010516	-31.487	29.929	3.7886	0.82031	1.4869	765.04	-0.028173	9.2244e-05	0.11133	supercritical
176.36	584.00	947.64	0.0010552	-30.212	31.415	3.7971	0.81895	1.4861	761.99	-0.027946	9.1372e-05	0.11064	supercritical
177.36	584.00	944.39	0.0010589	-28.938	32.901	3.8055	0.81761	1.4854	758.96	-0.027716	9.0515e-05	0.10996	supercritical
178.36	584.00	941.14	0.0010625	-27.667	34.386	3.8138	0.81627	1.4846	755.96	-0.027485	8.9672e-05	0.10928	supercritical
179.36	584.00	937.89	0.0010662	-26.398	35.870	3.8221	0.81496	1.4839	752.98	-0.027252	8.8843e-05	0.10861	supercritical
180.36	584.00	934.64	0.0010699	-25.130	37.354	3.8304	0.81365	1.4831	750.04	-0.027017	8.8027e-05	0.10795	supercritical
181.36	584.00	931.40	0.0010736	-23.865	38.836	3.8386	0.81236	1.4823	747.12	-0.026781	8.7224e-05	0.10729	supercritical
182.36	584.00	928.17	0.0010774	-22.601	40.318	3.8467	0.81108	1.4815	744.22	-0.026543	8.6434e-05	0.10663	supercritical
183.36	584.00	924.94	0.0010812	-21.340	41.799	3.8548	0.80982	1.4807	741.35	-0.026303	8.5658e-05	0.10599	supercritical
184.36	584.00	921.72	0.0010849	-20.080	43.280	3.8629	0.80857	1.4799	738.51	-0.026062	8.4894e-05	0.10534	supercritical
185.36	584.00	918.50	0.0010887	-18.823	44.759	3.8709	0.80733	1.4791	735.69	-0.025819	8.4142e-05	0.10471	supercritical
186.36	584.00	915.28	0.0010926	-17.568	46.238	3.8788	0.80611	1.4783	732.90	-0.025574	8.3402e-05	0.10408	supercritical
187.36	584.00	912.07	0.0010964	-16.314	47.716	3.8868	0.80489	1.4774	730.14	-0.025328	8.2675e-05	0.10345	supercritical
188.36	584.00	908.87	0.0011003	-15.063	49.193	3.8946	0.80370	1.4766	727.40	-0.025081	8.1959e-05	0.10284	supercritical
189.36	584.00	905.67	0.0011042	-13.814	50.669	3.9024	0.80251	1.4757	724.69	-0.024832	8.1255e-05	0.10222	supercritical
190.36	584.00	902.48	0.0011081	-12.566	52.144	3.9102	0.80134	1.4749	722.00	-0.024582	8.0563e-05	0.10162	supercritical
191.36	584.00	899.29	0.0011120	-11.321	53.619	3.9179	0.80017	1.4740	719.35	-0.024331	7.9881e-05	0.10102	supercritical
192.36	584.00	896.11	0.0011159	-10.078	55.092	3.9256	0.79903	1.4731	716.71	-0.024078	7.9211e-05	0.10043	supercritical
193.36	584.00	892.94	0.0011199	-8.8374	56.565	3.9332	0.79789	1.4722	714.11	-0.023824	7.8552e-05	0.099837	supercritical
194.36	584.00	889.77	0.0011239	-7.5986	58.037	3.9408	0.79676	1.4712	711.53	-0.023569	7.7903e-05	0.099255	supercritical
195.36	584.00	886.60	0.0011279	-6.3620	59.507	3.9484	0.79565	1.4703	708.97	-0.023313	7.7265e-05	0.098680	supercritical
196.36	584.00	883.45	0.0011319	-5.1274	60.977	3.9559	0.79455	1.4694	706.45	-0.023056	7.6637e-05	0.098110	supercritical
197.36	584.00	880.30	0.0011360	-3.8950	62.446	3.9634	0.79346	1.4684	703.95	-0.022798	7.6020e-05	0.097546	supercritical
198.36	584.00	877.16	0.0011400	-2.6648	63.914	3.9708	0.79238	1.4674	701.47	-0.022539	7.5412e-05	0.096988	supercritical
199.36	584.00	874.02	0.0011441	-1.4367	65.381	3.9781	0.79132	1.4664	699.02	-0.022279	7.4815e-05	0.096436	supercritical
200.36	584.00	870.89	0.0011482	-0.21085	66.847	3.9855	0.79026	1.4654	696.60	-0.022018	7.4227e-05	0.095889	supercritical
201.36	584.00	867.77	0.0011524	1.0129	68.312	3.9928	0.78922	1.4644	694.21	-0.021757	7.3649e-05	0.095349	supercritical
202.36	584.00	864.66	0.0011565	2.2344	69.776	4.0000	0.78818	1.4634	691.84	-0.021494	7.3081e-05	0.094815	supercritical
203.36	584.00	861.55	0.0011607	3.4537	71.239	4.0072	0.78716	1.4624	689.49	-0.021231	7.2521e-05	0.094287	supercritical
204.36	584.00	858.45	0.0011649	4.6707	72.700	4.0144	0.78615	1.4613	687.17	-0.020968	7.1971e-05	0.093764	supercritical
205.36	584.00	855.36	0.0011691	5.8856	74.161	4.0215	0.78515	1.4602	684.88	-0.020704	7.1430e-05	0.093248	supercritical
206.36	584.00	852.27	0.0011733	7.0982	75.621	4.0286	0.78416	1.4591	682.61	-0.020440	7.0898e-05	0.092737	supercritical
207.36	584.00	849.20	0.0011776	8.3086	77.079	4.0357	0.78319	1.4581	680.37	-0.020175	7.0375e-05	0.092232	supercritical
208.36	584.00	846.13	0.0011819	9.5167	78.537	4.0427	0.78222	1.4569	678.16	-0.019909	6.9860e-05	0.091733	supercritical
209.36	584.00	843.07	0.0011861	10.723	79.993	4.0497	0.78126	1.4558	675.97	-0.019644	6.9354e-05	0.091239	supercritical
210.36	584.00	840.02	0.0011905	11.926	81.449	4.0566	0.78031	1.4547	673.80	-0.019378	6.8856e-05	0.090752	supercritical
211.36	584.00	836.97	0.0011948	13.127	82.903	4.0635	0.77938	1.4535	671.67	-0.019112	6.8366e-05	0.090270	supercritical
212.36	584.00	833.94	0.0011991	14.326	84.356	4.0704	0.77845	1.4524	669.55	-0.018846	6.7885e-05	0.089794	supercritical
213.36	584.00	830.91	0.0012035	15.523	85.807	4.0772	0.77753	1.4512	667.46	-0.018580	6.7411e-05	0.089323	supercritical
214.36	584.00	827.90	0.0012079	16.718	87.258	4.0840	0.77663	1.4500	665.40	-0.018314	6.6945e-05	0.088858	supercritical
215.36	584.00	824.89	0.0012123	17.910	88.707	4.0907	0.77573	1.4488	663.36	-0.018048	6.6487e-05	0.088399	supercritical
216.36	584.00	821.89	0.0012167	19.099	90.155	4.0974	0.77485	1.4475	661.35	-0.017782	6.6037e-05	0.087946	supercritical
217.36	584.00	818.90	0.0012212	20.287	91.602	4.1041	0.77397	1.4463	659.36	-0.017517	6.5594e-05	0.087497	supercritical
218.36	584.00	815.92	0.0012256	21.472	93.048	4.1107	0.77310	1.4450	657.40	-0.017251	6.5159e-05	0.087055	supercritical
219.36	584.00	812.94	0.0012301	22.655	94.492	4.1173	0.77225	1.4438	655.46	-0.016986	6.4730e-05	0.086618	supercritical
220.36	584.00	809.98	0.0012346	23.835	95.935	4.1239	0.77140	1.4425	653.55	-0.016722	6.4309e-05	0.086186	supercritical
221.36	584.00	807.03	0.0012391	25.013	97.377	4.1304	0.77056	1.4412	651.66	-0.016458	6.3895e-05	0.085760	supercritical
222.36	584.00	804.09	0.0012436	26.189	98.818	4.1369	0.76973	1.4399	649.79	-0.016194	6.3488e-05	0.085339	supercritical
223.36	584.00	801.15	0.0012482	27.362	100.26	4.1434	0.76891	1.4385	647.95	-0.015931	6.3087e-05	0.084923	supercritical
224.36	584.00	798.23	0.0012528	28.533	101.69	4.1498	0.76810	1.4372	646.13	-0.015668	6.2694e-05	0.084513	supercritical
225.36	584.00	795.32	0.0012574	29.701	103.13	4.1562	0.76730	1.4358	644.34	-0.015407	6.2307e-05	0.084108	supercritical
226.36	584.00	792.41	0.0012620	30.868	104.57	4.1625	0.76651	1.4345	642.57	-0.015146	6.1926e-05	0.083708	supercritical
227.36	584.00	789.52	0.0012666	32.031	106.00	4.1688	0.76572	1.4331	640.82	-0.014886	6.1552e-05	0.083313	supercritical
228.36	584.00	786.64	0.0012712	33.193	107.43	4.1751	0.76495	1.4317	639.10	-0.014626	6.1184e-05	0.082924	supercritical
229.36	584.00	783.77	0.0012759	34.352	108.86	4.1814	0.76418	1.4303	637.40	-0.014368	6.0822e-05	0.082539	supercritical
230.36	584.00	780.90	0.0012806	35.508	110.29	4.1876	0.76343	1.4289	635.72	-0.014111	6.0467e-05	0.082160	supercritical
231.36	584.00	778.05	0.0012853	36.662	111.72	4.1938	0.76268	1.4274	634.07	-0.013854	6.0117e-05	0.081785	supercritical
232.36	584.00	775.21	0.0012900	37.814	113.15	4.1999	0.76194	1.4260	632.44	-0.013599	5.9773e-05	0.081415	supercritical
233.36	584.00	772.38	0.0012947	38.963	114.57	4.2061	0.76121	1.4245	630.83	-0.013345	5.9435e-05	0.081051	supercritical
234.36	584.00	769.57	0.0012994	40.110	116.00	4.2122	0.76049	1.4230	629.25	-0.013093	5.9103e-05	0.080691	supercritical
235.36	584.00	766.76	0.0013042	41.255	117.42	4.2182	0.75977	1.4215	627.69	-0.012841	5.8776e-05	0.080336	supercritical
236.36	584.00	763.96	0.0013090	42.397	118.84	4.2242	0.75907	1.4200	626.15	-0.012591	5.8455e-05	0.079986	supercritical
237.36	584.00	761.18	0.0013138	43.536	120.26	4.2302	0.75837	1.4185	624.63	-0.012343	5.8139e-05	0.079640	supercritical
238.36	584.00	758.40	0.0013186	44.673	121.68	4.2362	0.75768	1.4170	623.13	-0.012095	5.7829e-05	0.079299	supercritical
239.36	584.00	755.64	0.0013234	45.808	123.09	4.2421	0.75700	1.4155	621.66	-0.011850	5.7523e-05	0.078963	supercritical
240.36	584.00	752.89	0.0013282	46.940	124.51	4.2480	0.75633	1.4139	620.20	-0.011605	5.7223e-05	0.078631	supercritical
241.36	584.00	750.15	0.0013331	48.070	125.92	4.2539	0.75567	1.4124	618.77	-0.011363	5.6928e-05	0.078304	supercritical
242.36	584.00	747.42	0.0013379	49.198	127.33	4.2597	0.75501	1.4108	617.36	-0.011122	5.6638e-05	0.077981	supercritical
243.36	584.00	744.71	0.0013428	50.323	128.74	4.2655	0.75436	1.4092	615.97	-0.010883	5.6353e-05	0.077662	supercritical
244.36	584.00	742.00	0.0013477	51.445	130.15	4.2713	0.75372	1.4076	614.60	-0.010645	5.6073e-05	0.077348	supercritical
245.36	584.00	739.31	0.0013526	52.565	131.56	4.2770	0.75309	1.4060	613.26	-0.010410	5.5798e-05	0.077038	supercritical
246.36	584.00	736.63	0.0013575	53.683	132.96	4.2828	0.75246	1.4044	611.93	-0.010176	5.5527e-05	0.076733	supercritical
247.36	584.00	733.96	0.0013625	54.798	134.37	4.2884	0.75184	1.4028	610.62	-0.0099440	5.5261e-05	0.076432	supercritical
248.36	584.00	731.30	0.0013674	55.911	135.77	4.2941	0.75123	1.4011	609.34	-0.0097141	5.4999e-05	0.076135	supercritical
249.36	584.00	728.65	0.0013724	57.021	137.17	4.2997	0.75063	1.3995	608.07	-0.0094861	5.4741e-05	0.075841	supercritical
250.36	584.00	726.02	0.0013774	58.129	138.57	4.3053	0.75004	1.3979	606.82	-0.0092601	5.4489e-05	0.075552	supercritical
251.36	584.00	723.40	0.0013824	59.235	139.96	4.3109	0.74945	1.3962	605.60	-0.0090362	5.4240e-05	0.075268	supercritical
252.36	584.00	720.79	0.0013874	60.338	141.36	4.3164	0.74887	1.3945	604.39	-0.0088143	5.3995e-05	0.074986	supercritical
253.36	584.00	718.19	0.0013924	61.439	142.75	4.3219	0.74830	1.3929	603.20	-0.0085946	5.3755e-05	0.074709	supercritical
254.36	584.00	715.61	0.0013974	62.537	144.15	4.3274	0.74773	1.3912	602.03	-0.0083770	5.3519e-05	0.074436	supercritical
255.36	584.00	713.04	0.0014025	63.633	145.54	4.3329	0.74718	1.3895	600.88	-0.0081617	5.3287e-05	0.074167	supercritical
256.36	584.00	710.48	0.0014075	64.727	146.93	4.3383	0.74663	1.3878	599.75	-0.0079486	5.3058e-05	0.073901	supercritical
257.36	584.00	707.93	0.0014126	65.818	148.31	4.3437	0.74608	1.3861	598.64	-0.0077377	5.2834e-05	0.073639	supercritical
258.36	584.00	705.39	0.0014177	66.906	149.70	4.3491	0.74555	1.3844	597.54	-0.0075291	5.2613e-05	0.073381	supercritical
259.36	584.00	702.87	0.0014227	67.993	151.08	4.3544	0.74502	1.3827	596.47	-0.0073229	5.2396e-05	0.073126	supercritical
260.36	584.00	700.36	0.0014278	69.077	152.46	4.3597	0.74450	1.3810	595.41	-0.0071190	5.2183e-05	0.072875	supercritical
261.36	584.00	697.86	0.0014330	70.158	153.84	4.3650	0.74398	1.3792	594.37	-0.0069175	5.1974e-05	0.072627	supercritical
262.36	584.00	695.37	0.0014381	71.237	155.22	4.3703	0.74347	1.3775	593.34	-0.0067183	5.1768e-05	0.072383	supercritical
263.36	584.00	692.90	0.0014432	72.314	156.60	4.3755	0.74297	1.3758	592.34	-0.0065217	5.1565e-05	0.072142	supercritical
264.36	584.00	690.44	0.0014484	73.389	157.97	4.3807	0.74248	1.3740	591.35	-0.0063274	5.1366e-05	0.071905	supercritical
265.36	584.00	687.99	0.0014535	74.461	159.35	4.3859	0.74199	1.3723	590.38	-0.0061357	5.1170e-05	0.071671	supercritical
266.36	584.00	685.55	0.0014587	75.530	160.72	4.3911	0.74151	1.3705	589.42	-0.0059464	5.0978e-05	0.071440	supercritical
267.36	584.00	683.13	0.0014639	76.598	162.09	4.3962	0.74104	1.3688	588.49	-0.0057596	5.0789e-05	0.071212	supercritical
268.36	584.00	680.72	0.0014690	77.663	163.45	4.4013	0.74057	1.3670	587.56	-0.0055754	5.0603e-05	0.070988	supercritical
269.36	584.00	678.32	0.0014742	78.726	164.82	4.4064	0.74011	1.3653	586.66	-0.0053937	5.0420e-05	0.070767	supercritical
270.36	584.00	675.93	0.0014794	79.786	166.19	4.4115	0.73965	1.3635	585.77	-0.0052146	5.0240e-05	0.070552	supercritical
271.36	584.00	673.56	0.0014847	80.844	167.55	4.4165	0.73921	1.3618	584.90	-0.0050380	5.0064e-05	0.070341	supercritical
272.36	584.00	671.20	0.0014899	81.900	168.91	4.4215	0.73876	1.3600	584.04	-0.0048641	4.9890e-05	0.070134	supercritical
273.36	584.00	668.85	0.0014951	82.954	170.27	4.4265	0.73833	1.3582	583.20	-0.0046928	4.9719e-05	0.069929	supercritical
274.36	584.00	666.51	0.0015003	84.005	171.63	4.4314	0.73790	1.3565	582.37	-0.0045240	4.9551e-05	0.069728	supercritical
275.36	584.00	664.19	0.0015056	85.054	172.98	4.4364	0.73748	1.3547	581.56	-0.0043579	4.9386e-05	0.069529	supercritical
276.36	584.00	661.88	0.0015109	86.101	174.33	4.4413	0.73706	1.3529	580.76	-0.0041944	4.9224e-05	0.069334	supercritical
277.36	584.00	659.58	0.0015161	87.146	175.69	4.4462	0.73665	1.3512	579.98	-0.0040336	4.9065e-05	0.069141	supercritical
278.36	584.00	657.29	0.0015214	88.188	177.04	4.4510	0.73625	1.3494	579.21	-0.0038754	4.8908e-05	0.068951	supercritical
279.36	584.00	655.02	0.0015267	89.228	178.39	4.4559	0.73585	1.3476	578.46	-0.0037199	4.8754e-05	0.068764	supercritical
280.36	584.00	652.76	0.0015320	90.266	179.73	4.4607	0.73546	1.3459	577.72	-0.0035670	4.8602e-05	0.068526	supercritical
281.36	584.00	650.51	0.0015373	91.301	181.08	4.4655	0.73508	1.3441	577.00	-0.0034168	4.8453e-05	0.068339	supercritical
282.36	584.00	648.27	0.0015426	92.335	182.42	4.4702	0.73470	1.3423	576.29	-0.0032693	4.8307e-05	0.068154	supercritical
283.36	584.00	646.05	0.0015479	93.366	183.76	4.4750	0.73432	1.3406	575.59	-0.0031244	4.8163e-05	0.067972	supercritical
284.36	584.00	643.84	0.0015532	94.395	185.10	4.4797	0.73396	1.3388	574.91	-0.0029822	4.8022e-05	0.067792	supercritical
285.36	584.00	641.64	0.0015585	95.422	186.44	4.4844	0.73360	1.3371	574.24	-0.0028427	4.7883e-05	0.067615	supercritical
286.36	584.00	639.45	0.0015638	96.447	187.78	4.4891	0.73324	1.3353	573.58	-0.0027058	4.7746e-05	0.067440	supercritical
287.36	584.00	637.27	0.0015692	97.470	189.11	4.4937	0.73289	1.3335	572.94	-0.0025716	4.7611e-05	0.067267	supercritical
288.36	584.00	635.11	0.0015745	98.490	190.44	4.4983	0.73255	1.3318	572.30	-0.0024400	4.7479e-05	0.067097	supercritical
289.36	584.00	632.96	0.0015799	99.509	191.77	4.5029	0.73221	1.3300	571.69	-0.0023112	4.7349e-05	0.066929	supercritical
290.36	584.00	630.82	0.0015852	100.53	193.10	4.5075	0.73188	1.3283	571.08	-0.0021849	4.7222e-05	0.066763	supercritical
291.36	584.00	628.69	0.0015906	101.54	194.43	4.5121	0.73155	1.3266	570.49	-0.0020613	4.7096e-05	0.066599	supercritical
292.36	584.00	626.58	0.0015960	102.55	195.76	4.5166	0.73123	1.3248	569.91	-0.0019404	4.6973e-05	0.066437	supercritical
293.36	584.00	624.48	0.0016013	103.56	197.08	4.5212	0.73091	1.3231	569.34	-0.0018221	4.6852e-05	0.066278	supercritical
294.36	584.00	622.38	0.0016067	104.57	198.40	4.5257	0.73060	1.3213	568.78	-0.0017064	4.6732e-05	0.066120	supercritical
295.36	584.00	620.31	0.0016121	105.58	199.72	4.5301	0.73030	1.3196	568.23	-0.0015933	4.6615e-05	0.065964	supercritical
296.36	584.00	618.24	0.0016175	106.58	201.04	4.5346	0.73000	1.3179	567.70	-0.0014828	4.6500e-05	0.065810	supercritical
297.36	584.00	616.18	0.0016229	107.58	202.36	4.5390	0.72971	1.3162	567.18	-0.0013750	4.6387e-05	0.065658	supercritical
298.36	584.00	614.14	0.0016283	108.58	203.67	4.5434	0.72942	1.3145	566.67	-0.0012697	4.6275e-05	0.065507	supercritical
299.36	584.00	612.11	0.0016337	109.58	204.99	4.5478	0.72913	1.3128	566.17	-0.0011670	4.6166e-05	0.065358	supercritical
300.36	584.00	610.09	0.0016391	110.58	206.30	4.5522	0.72886	1.3111	565.68	-0.0010669	4.6058e-05	0.065211	supercritical
301.36	584.00	608.08	0.0016445	111.57	207.61	4.5566	0.72858	1.3094	565.20	-0.00096928	4.5953e-05	0.065065	supercritical
302.36	584.00	606.09	0.0016499	112.56	208.92	4.5609	0.72832	1.3077	564.73	-0.00087424	4.5849e-05	0.064920	supercritical
303.36	584.00	604.10	0.0016554	113.55	210.22	4.5652	0.72805	1.3060	564.27	-0.00078173	4.5747e-05	0.064776	supercritical
304.36	584.00	602.13	0.0016608	114.54	211.53	4.5695	0.72780	1.3043	563.82	-0.00069173	4.5646e-05	0.064632	supercritical
305.36	584.00	600.17	0.0016662	115.53	212.83	4.5738	0.72755	1.3026	563.39	-0.00060423	4.5548e-05	0.064489	supercritical
306.36	584.00	598.22	0.0016716	116.51	214.14	4.5781	0.72730	1.3010	562.96	-0.00051922	4.5451e-05	0.064345	supercritical
307.36	584.00	596.28	0.0016771	117.49	215.44	4.5823	0.72706	1.2993	562.54	-0.00043667	4.5356e-05	0.064199	supercritical
308.36	584.00	594.35	0.0016825	118.48	216.73	4.5865	0.72682	1.2976	562.14	-0.00035658	4.5262e-05	0.064047	supercritical
309.36	584.00	592.43	0.0016880	119.45	218.03	4.5907	0.72659	1.2960	561.74	-0.00027892	4.5170e-05	0.063864	supercritical
310.36	584.00	590.53	0.0016934	120.43	219.33	4.5949	0.72636	1.2944	561.35	-0.00020369	4.5079e-05	0.063747	supercritical
311.36	584.00	588.63	0.0016989	121.41	220.62	4.5990	0.72614	1.2927	560.97	-0.00013086	4.4991e-05	0.063631	supercritical
312.36	584.00	586.75	0.0017043	122.38	221.91	4.6032	0.72592	1.2911	560.60	-6.0414e-05	4.4903e-05	0.063518	supercritical
313.36	584.00	584.88	0.0017098	123.35	223.20	4.6073	0.72571	1.2895	560.24	7.6622e-06	4.4817e-05	0.063406	supercritical
314.36	584.00	583.02	0.0017152	124.32	224.49	4.6114	0.72550	1.2879	559.89	7.3388e-05	4.4733e-05	0.063296	supercritical
315.36	584.00	581.17	0.0017207	125.29	225.78	4.6155	0.72530	1.2863	559.55	0.00013678	4.4650e-05	0.063188	supercritical
316.36	584.00	579.33	0.0017261	126.26	227.06	4.6196	0.72510	1.2847	559.21	0.00019786	4.4569e-05	0.063082	supercritical
317.36	584.00	577.50	0.0017316	127.22	228.35	4.6236	0.72491	1.2831	558.89	0.00025665	4.4489e-05	0.062977	supercritical
318.36	584.00	575.68	0.0017371	128.18	229.63	4.6277	0.72472	1.2815	558.57	0.00031315	4.4410e-05	0.062874	supercritical
319.36	584.00	573.87	0.0017425	129.15	230.91	4.6317	0.72454	1.2799	558.26	0.00036741	4.4333e-05	0.062772	supercritical
320.36	584.00	572.08	0.0017480	130.10	232.19	4.6357	0.72436	1.2784	557.96	0.00041942	4.4257e-05	0.062672	supercritical
321.36	584.00	570.29	0.0017535	131.06	233.47	4.6397	0.72418	1.2768	557.67	0.00046922	4.4183e-05	0.062574	supercritical
322.36	584.00	568.52	0.0017590	132.02	234.74	4.6436	0.72401	1.2753	557.39	0.00051682	4.4109e-05	0.062477	supercritical
323.36	584.00	566.75	0.0017644	132.97	236.02	4.6476	0.72385	1.2737	557.11	0.00056225	4.4037e-05	0.062382	supercritical
324.36	584.00	565.00	0.0017699	133.93	237.29	4.6515	0.72368	1.2722	556.84	0.00060551	4.3967e-05	0.062288	supercritical
325.36	584.00	563.25	0.0017754	134.88	238.56	4.6554	0.72353	1.2707	556.58	0.00064664	4.3897e-05	0.062195	supercritical
326.36	584.00	561.52	0.0017809	135.83	239.83	4.6593	0.72337	1.2692	556.33	0.00068566	4.3829e-05	0.062104	supercritical
327.36	584.00	559.79	0.0017864	136.78	241.10	4.6632	0.72322	1.2677	556.08	0.00072258	4.3762e-05	0.062015	supercritical
328.36	584.00	558.08	0.0017919	137.72	242.37	4.6671	0.72308	1.2662	555.84	0.00075743	4.3697e-05	0.061927	supercritical
329.36	584.00	556.38	0.0017973	138.67	243.63	4.6709	0.72294	1.2647	555.61	0.00079022	4.3632e-05	0.061840	supercritical
330.36	584.00	554.68	0.0018028	139.61	244.90	4.6747	0.72280	1.2632	555.39	0.00082098	4.3569e-05	0.061755	supercritical
331.36	584.00	553.00	0.0018083	140.55	246.16	4.6786	0.72267	1.2617	555.17	0.00084973	4.3506e-05	0.061671	supercritical
332.36	584.00	551.32	0.0018138	141.49	247.42	4.6824	0.72254	1.2603	554.96	0.00087648	4.3445e-05	0.061589	supercritical
333.36	584.00	549.66	0.0018193	142.43	248.68	4.6861	0.72242	1.2588	554.75	0.00090127	4.3385e-05	0.061508	supercritical
334.36	584.00	548.01	0.0018248	143.37	249.94	4.6899	0.72230	1.2574	554.56	0.00092411	4.3326e-05	0.061428	supercritical
335.36	584.00	546.36	0.0018303	144.31	251.19	4.6937	0.72219	1.2560	554.37	0.00094503	4.3268e-05	0.061350	supercritical
336.36	584.00	544.73	0.0018358	145.24	252.45	4.6974	0.72207	1.2545	554.18	0.00096404	4.3212e-05	0.061272	supercritical
337.36	584.00	543.10	0.0018413	146.17	253.70	4.7011	0.72197	1.2531	554.00	0.00098116	4.3156e-05	0.061196	supercritical
338.36	584.00	541.49	0.0018468	147.10	254.96	4.7048	0.72186	1.2517	553.83	0.00099643	4.3101e-05	0.061122	supercritical
339.36	584.00	539.88	0.0018523	148.03	256.21	4.7085	0.72176	1.2503	553.67	0.0010098	4.3048e-05	0.061048	supercritical
340.36	584.00	538.28	0.0018578	148.96	257.46	4.7122	0.72167	1.2490	553.51	0.0010214	4.2995e-05	0.060976	supercritical
341.36	584.00	536.69	0.0018633	149.89	258.70	4.7159	0.72158	1.2476	553.36	0.0010312	4.2943e-05	0.060905	supercritical
342.36	584.00	535.12	0.0018688	150.82	259.95	4.7195	0.72149	1.2462	553.21	0.0010393	4.2893e-05	0.060835	supercritical
343.36	584.00	533.55	0.0018742	151.74	261.20	4.7231	0.72140	1.2449	553.07	0.0010455	4.2843e-05	0.060767	supercritical
344.36	584.00	531.99	0.0018797	152.66	262.44	4.7268	0.72132	1.2435	552.93	0.0010501	4.2794e-05	0.060699	supercritical
345.36	584.00	530.44	0.0018852	153.59	263.68	4.7304	0.72124	1.2422	552.80	0.0010529	4.2746e-05	0.060633	supercritical
346.36	584.00	528.89	0.0018907	154.51	264.93	4.7339	0.72117	1.2408	552.68	0.0010540	4.2699e-05	0.060568	supercritical
347.36	584.00	527.36	0.0018962	155.43	266.17	4.7375	0.72110	1.2395	552.56	0.0010535	4.2653e-05	0.060504	supercritical
348.36	584.00	525.84	0.0019017	156.34	267.40	4.7411	0.72104	1.2382	552.44	0.0010513	4.2608e-05	0.060441	supercritical
349.36	584.00	524.32	0.0019072	157.26	268.64	4.7446	0.72097	1.2369	552.34	0.0010474	4.2564e-05	0.060379	supercritical
350.36	584.00	522.81	0.0019127	158.18	269.88	4.7482	0.72091	1.2356	552.23	0.0010420	4.2520e-05	0.060318	supercritical
351.36	584.00	521.32	0.0019182	159.09	271.11	4.7517	0.72086	1.2343	552.14	0.0010349	4.2478e-05	0.060258	supercritical
352.36	584.00	519.83	0.0019237	160.00	272.35	4.7552	0.72081	1.2331	552.04	0.0010263	4.2436e-05	0.060200	supercritical
353.36	584.00	518.35	0.0019292	160.91	273.58	4.7587	0.72076	1.2318	551.96	0.0010162	4.2395e-05	0.060142	supercritical
354.36	584.00	516.87	0.0019347	161.82	274.81	4.7622	0.72071	1.2305	551.87	0.0010045	4.2355e-05	0.060085	supercritical
355.36	584.00	515.41	0.0019402	162.73	276.04	4.7656	0.72067	1.2293	551.80	0.00099131	4.2316e-05	0.060030	supercritical
356.36	584.00	513.96	0.0019457	163.64	277.27	4.7691	0.72063	1.2281	551.72	0.00097663	4.2278e-05	0.059975	supercritical
357.36	584.00	512.51	0.0019512	164.55	278.50	4.7725	0.72060	1.2268	551.66	0.00096048	4.2240e-05	0.059922	supercritical
358.36	584.00	511.07	0.0019567	165.45	279.72	4.7759	0.72057	1.2256	551.59	0.00094289	4.2203e-05	0.059869	supercritical
359.36	584.00	509.64	0.0019622	166.36	280.95	4.7794	0.72054	1.2244	551.53	0.00092386	4.2167e-05	0.059817	supercritical
360.36	584.00	508.22	0.0019677	167.26	282.17	4.7828	0.72051	1.2232	551.48	0.00090343	4.2132e-05	0.059767	supercritical
361.36	584.00	506.80	0.0019732	168.16	283.39	4.7862	0.72049	1.2220	551.43	0.00088160	4.2097e-05	0.059717	supercritical
362.36	584.00	505.40	0.0019786	169.06	284.62	4.7895	0.72047	1.2209	551.38	0.00085841	4.2063e-05	0.059668	supercritical
363.36	584.00	504.00	0.0019841	169.96	285.84	4.7929	0.72046	1.2197	551.34	0.00083386	4.2030e-05	0.059620	supercritical
364.36	584.00	502.61	0.0019896	170.86	287.06	4.7962	0.72044	1.2185	551.30	0.00080798	4.1998e-05	0.059573	supercritical
365.36	584.00	501.23	0.0019951	171.76	288.27	4.7996	0.72043	1.2174	551.27	0.00078079	4.1966e-05	0.059527	supercritical
366.36	584.00	499.85	0.0020006	172.66	289.49	4.8029	0.72043	1.2162	551.24	0.00075230	4.1935e-05	0.059482	supercritical
367.36	584.00	498.48	0.0020061	173.55	290.71	4.8062	0.72043	1.2151	551.22	0.00072254	4.1904e-05	0.059438	supercritical
368.36	584.00	497.13	0.0020116	174.44	291.92	4.8095	0.72042	1.2140	551.20	0.00069152	4.1875e-05	0.059394	supercritical
369.36	584.00	495.77	0.0020170	175.34	293.13	4.8128	0.72043	1.2129	551.18	0.00065925	4.1846e-05	0.059352	supercritical
370.36	584.00	494.43	0.0020225	176.23	294.35	4.8161	0.72043	1.2118	551.17	0.00062577	4.1817e-05	0.059310	supercritical
371.36	584.00	493.09	0.0020280	177.12	295.56	4.8194	0.72044	1.2107	551.16	0.00059108	4.1790e-05	0.059269	supercritical
372.36	584.00	491.77	0.0020335	178.01	296.77	4.8226	0.72045	1.2096	551.16	0.00055521	4.1763e-05	0.059229	supercritical
373.36	584.00	490.44	0.0020390	178.90	297.98	4.8258	0.72047	1.2085	551.15	0.00051817	4.1736e-05	0.059190	supercritical
374.36	584.00	489.13	0.0020444	179.79	299.18	4.8291	0.72049	1.2074	551.16	0.00047998	4.1711e-05	0.059151	supercritical
375.36	584.00	487.82	0.0020499	180.68	300.39	4.8323	0.72051	1.2064	551.16	0.00044066	4.1685e-05	0.059114	supercritical
376.36	584.00	486.52	0.0020554	181.56	301.60	4.8355	0.72053	1.2053	551.17	0.00040022	4.1661e-05	0.059077	supercritical
377.36	584.00	485.23	0.0020609	182.45	302.80	4.8387	0.72055	1.2043	551.19	0.00035868	4.1637e-05	0.059041	supercritical
378.36	584.00	483.95	0.0020663	183.33	304.01	4.8419	0.72058	1.2032	551.20	0.00031607	4.1613e-05	0.059006	supercritical
379.36	584.00	482.67	0.0020718	184.21	305.21	4.8451	0.72061	1.2022	551.22	0.00027238	4.1591e-05	0.058971	supercritical
380.36	584.00	481.40	0.0020773	185.10	306.41	4.8482	0.72065	1.2012	551.25	0.00022765	4.1568e-05	0.058938	supercritical
381.36	584.00	480.13	0.0020827	185.98	307.61	4.8514	0.72068	1.2002	551.27	0.00018189	4.1547e-05	0.058905	supercritical
382.36	584.00	478.88	0.0020882	186.86	308.81	4.8545	0.72072	1.1992	551.30	0.00013511	4.1526e-05	0.058872	supercritical
383.36	584.00	477.63	0.0020937	187.74	310.01	4.8577	0.72077	1.1982	551.33	8.7326e-05	4.1505e-05	0.058841	supercritical
384.36	584.00	476.38	0.0020991	188.62	311.21	4.8608	0.72081	1.1972	551.37	3.8563e-05	4.1485e-05	0.058810	supercritical
385.36	584.00	475.15	0.0021046	189.49	312.40	4.8639	0.72086	1.1963	551.41	-1.1168e-05	4.1466e-05	0.058780	supercritical
386.36	584.00	473.92	0.0021101	190.37	313.60	4.8670	0.72091	1.1953	551.45	-6.1851e-05	4.1447e-05	0.058751	supercritical
387.36	584.00	472.70	0.0021155	191.25	314.79	4.8701	0.72096	1.1943	551.50	-0.00011347	4.1429e-05	0.058722	supercritical
388.36	584.00	471.48	0.0021210	192.12	315.99	4.8731	0.72101	1.1934	551.55	-0.00016601	4.1411e-05	0.058694	supercritical
389.36	584.00	470.27	0.0021264	193.00	317.18	4.8762	0.72107	1.1924	551.60	-0.00021946	4.1393e-05	0.058667	supercritical
390.36	584.00	469.07	0.0021319	193.87	318.37	4.8793	0.72113	1.1915	551.65	-0.00027380	4.1377e-05	0.058641	supercritical
391.36	584.00	467.87	0.0021373	194.74	319.56	4.8823	0.72119	1.1906	551.71	-0.00032902	4.1360e-05	0.058615	supercritical
392.36	584.00	466.68	0.0021428	195.61	320.75	4.8854	0.72126	1.1897	551.77	-0.00038510	4.1344e-05	0.058590	supercritical
393.36	584.00	465.50	0.0021482	196.49	321.94	4.8884	0.72132	1.1888	551.83	-0.00044202	4.1329e-05	0.058565	supercritical
394.36	584.00	464.32	0.0021537	197.36	323.13	4.8914	0.72139	1.1879	551.90	-0.00049978	4.1314e-05	0.058541	supercritical
395.36	584.00	463.15	0.0021591	198.23	324.32	4.8944	0.72146	1.1870	551.97	-0.00055836	4.1300e-05	0.058518	supercritical
396.36	584.00	461.98	0.0021646	199.09	325.51	4.8974	0.72154	1.1861	552.04	-0.00061774	4.1286e-05	0.058495	supercritical
397.36	584.00	460.83	0.0021700	199.96	326.69	4.9004	0.72161	1.1852	552.11	-0.00067792	4.1273e-05	0.058473	supercritical
398.36	584.00	459.67	0.0021755	200.83	327.88	4.9034	0.72169	1.1844	552.19	-0.00073887	4.1260e-05	0.058452	supercritical
399.36	584.00	458.53	0.0021809	201.70	329.06	4.9063	0.72177	1.1835	552.26	-0.00080058	4.1247e-05	0.058431	supercritical
400.36	584.00	457.39	0.0021863	202.56	330.24	4.9093	0.72185	1.1826	552.35	-0.00086305	4.1235e-05	0.058411	supercritical
401.36	584.00	456.25	0.0021918	203.43	331.43	4.9122	0.72194	1.1818	552.43	-0.00092626	4.1223e-05	0.058392	supercritical
402.36	584.00	455.12	0.0021972	204.29	332.61	4.9152	0.72203	1.1810	552.52	-0.00099018	4.1212e-05	0.058373	supercritical
403.36	584.00	454.00	0.0022026	205.15	333.79	4.9181	0.72211	1.1801	552.60	-0.0010548	4.1201e-05	0.058354	supercritical
404.36	584.00	452.89	0.0022081	206.02	334.97	4.9210	0.72221	1.1793	552.69	-0.0011202	4.1191e-05	0.058337	supercritical
405.36	584.00	451.78	0.0022135	206.88	336.15	4.9240	0.72230	1.1785	552.79	-0.0011862	4.1181e-05	0.058320	supercritical
406.36	584.00	450.67	0.0022189	207.74	337.32	4.9269	0.72239	1.1777	552.88	-0.0012529	4.1172e-05	0.058303	supercritical
407.36	584.00	449.57	0.0022243	208.60	338.50	4.9297	0.72249	1.1769	552.98	-0.0013202	4.1163e-05	0.058287	supercritical
408.36	584.00	448.48	0.0022298	209.46	339.68	4.9326	0.72259	1.1761	553.08	-0.0013883	4.1154e-05	0.058272	supercritical
409.36	584.00	447.39	0.0022352	210.32	340.85	4.9355	0.72269	1.1753	553.18	-0.0014569	4.1146e-05	0.058257	supercritical
410.36	584.00	446.31	0.0022406	211.18	342.03	4.9384	0.72280	1.1745	553.29	-0.0015262	4.1138e-05	0.058242	supercritical
411.36	584.00	445.23	0.0022460	212.04	343.20	4.9412	0.72290	1.1738	553.39	-0.0015961	4.1130e-05	0.058229	supercritical
412.36	584.00	444.16	0.0022514	212.89	344.38	4.9441	0.72301	1.1730	553.50	-0.0016665	4.1123e-05	0.058215	supercritical
413.36	584.00	443.10	0.0022568	213.75	345.55	4.9469	0.72312	1.1723	553.61	-0.0017376	4.1116e-05	0.058203	supercritical
414.36	584.00	442.04	0.0022622	214.61	346.72	4.9498	0.72323	1.1715	553.72	-0.0018093	4.1110e-05	0.058191	supercritical
415.36	584.00	440.98	0.0022677	215.46	347.89	4.9526	0.72334	1.1708	553.84	-0.0018815	4.1104e-05	0.058179	supercritical
416.36	584.00	439.94	0.0022731	216.32	349.06	4.9554	0.72346	1.1700	553.95	-0.0019543	4.1098e-05	0.058168	supercritical
417.36	584.00	438.89	0.0022785	217.17	350.23	4.9582	0.72357	1.1693	554.07	-0.0020276	4.1093e-05	0.058157	supercritical
418.36	584.00	437.85	0.0022839	218.02	351.40	4.9610	0.72369	1.1686	554.19	-0.0021015	4.1088e-05	0.058147	supercritical
419.36	584.00	436.82	0.0022893	218.88	352.57	4.9638	0.72381	1.1679	554.32	-0.0021759	4.1084e-05	0.058137	supercritical
420.36	584.00	435.79	0.0022947	219.73	353.74	4.9666	0.72394	1.1672	554.44	-0.0022508	4.1080e-05	0.058128	supercritical
421.36	584.00	434.77	0.0023001	220.58	354.90	4.9693	0.72406	1.1665	554.57	-0.0023262	4.1076e-05	0.058120	supercritical
422.36	584.00	433.76	0.0023054	221.43	356.07	4.9721	0.72419	1.1658	554.69	-0.0024021	4.1072e-05	0.058112	supercritical
423.36	584.00	432.74	0.0023108	222.28	357.23	4.9749	0.72431	1.1651	554.82	-0.0024784	4.1069e-05	0.058104	supercritical
424.36	584.00	431.74	0.0023162	223.13	358.40	4.9776	0.72444	1.1644	554.96	-0.0025553	4.1066e-05	0.058097	supercritical
425.36	584.00	430.73	0.0023216	223.98	359.56	4.9803	0.72457	1.1638	555.09	-0.0026326	4.1064e-05	0.058090	supercritical
426.36	584.00	429.74	0.0023270	224.83	360.73	4.9831	0.72471	1.1631	555.22	-0.0027104	4.1062e-05	0.058084	supercritical
427.36	584.00	428.75	0.0023324	225.68	361.89	4.9858	0.72484	1.1624	555.36	-0.0027886	4.1060e-05	0.058078	supercritical
428.36	584.00	427.76	0.0023378	226.53	363.05	4.9885	0.72498	1.1618	555.50	-0.0028673	4.1058e-05	0.058073	supercritical
429.36	584.00	426.78	0.0023431	227.37	364.21	4.9912	0.72511	1.1611	555.64	-0.0029464	4.1057e-05	0.058068	supercritical
430.36	584.00	425.80	0.0023485	228.22	365.37	4.9939	0.72525	1.1605	555.78	-0.0030259	4.1056e-05	0.058064	supercritical
431.36	584.00	424.83	0.0023539	229.07	366.53	4.9966	0.72539	1.1599	555.92	-0.0031058	4.1056e-05	0.058060	supercritical
432.36	584.00	423.86	0.0023593	229.91	367.69	4.9993	0.72554	1.1592	556.07	-0.0031861	4.1056e-05	0.058056	supercritical
433.36	584.00	422.90	0.0023646	230.76	368.85	5.0020	0.72568	1.1586	556.21	-0.0032668	4.1056e-05	0.058053	supercritical
434.36	584.00	421.94	0.0023700	231.60	370.01	5.0047	0.72583	1.1580	556.36	-0.0033478	4.1056e-05	0.058051	supercritical
435.36	584.00	420.99	0.0023754	232.45	371.17	5.0073	0.72597	1.1574	556.51	-0.0034293	4.1057e-05	0.058049	supercritical
436.36	584.00	420.04	0.0023807	233.29	372.33	5.0100	0.72612	1.1568	556.66	-0.0035111	4.1057e-05	0.058047	supercritical
437.36	584.00	419.09	0.0023861	234.13	373.48	5.0126	0.72627	1.1562	556.81	-0.0035933	4.1059e-05	0.058046	supercritical
438.36	584.00	418.16	0.0023915	234.98	374.64	5.0153	0.72642	1.1556	556.97	-0.0036758	4.1060e-05	0.058045	supercritical
439.36	584.00	417.22	0.0023968	235.82	375.79	5.0179	0.72657	1.1550	557.12	-0.0037587	4.1062e-05	0.058044	supercritical
440.36	584.00	416.29	0.0024022	236.66	376.95	5.0205	0.72673	1.1544	557.28	-0.0038418	4.1064e-05	0.058044	supercritical
441.36	584.00	415.37	0.0024075	237.50	378.10	5.0231	0.72688	1.1539	557.44	-0.0039254	4.1066e-05	0.058045	supercritical
442.36	584.00	414.44	0.0024129	238.34	379.26	5.0257	0.72704	1.1533	557.60	-0.0040092	4.1069e-05	0.058045	supercritical
443.36	584.00	413.53	0.0024182	239.19	380.41	5.0283	0.72720	1.1527	557.76	-0.0040933	4.1072e-05	0.058046	supercritical
444.36	584.00	412.62	0.0024236	240.03	381.56	5.0309	0.72736	1.1522	557.92	-0.0041778	4.1075e-05	0.058048	supercritical
445.36	584.00	411.71	0.0024289	240.87	382.71	5.0335	0.72752	1.1516	558.08	-0.0042625	4.1078e-05	0.058050	supercritical
446.36	584.00	410.80	0.0024343	241.70	383.86	5.0361	0.72768	1.1511	558.25	-0.0043475	4.1082e-05	0.058052	supercritical
447.36	584.00	409.90	0.0024396	242.54	385.02	5.0387	0.72785	1.1505	558.41	-0.0044328	4.1086e-05	0.058055	supercritical
448.36	584.00	409.01	0.0024449	243.38	386.17	5.0413	0.72801	1.1500	558.58	-0.0045184	4.1090e-05	0.058058	supercritical
449.36	584.00	408.12	0.0024503	244.22	387.32	5.0438	0.72818	1.1495	558.75	-0.0046042	4.1095e-05	0.058061	supercritical
450.36	584.00	407.23	0.0024556	245.06	388.46	5.0464	0.72834	1.1490	558.92	-0.0046903	4.1099e-05	0.058065	supercritical
451.36	584.00	406.35	0.0024609	245.90	389.61	5.0489	0.72851	1.1484	559.09	-0.0047767	4.1104e-05	0.058069	supercritical
452.36	584.00	405.47	0.0024663	246.73	390.76	5.0515	0.72868	1.1479	559.26	-0.0048632	4.1109e-05	0.058074	supercritical
453.36	584.00	404.60	0.0024716	247.57	391.91	5.0540	0.72885	1.1474	559.43	-0.0049501	4.1115e-05	0.058079	supercritical
454.36	584.00	403.73	0.0024769	248.40	393.06	5.0565	0.72903	1.1469	559.61	-0.0050371	4.1120e-05	0.058084	supercritical
455.36	584.00	402.86	0.0024822	249.24	394.20	5.0590	0.72920	1.1464	559.78	-0.0051244	4.1126e-05	0.058090	supercritical
456.36	584.00	402.00	0.0024876	250.08	395.35	5.0616	0.72937	1.1459	559.96	-0.0052119	4.1132e-05	0.058096	supercritical
457.36	584.00	401.14	0.0024929	250.91	396.50	5.0641	0.72955	1.1455	560.14	-0.0052996	4.1139e-05	0.058102	supercritical
458.36	584.00	400.29	0.0024982	251.75	397.64	5.0666	0.72973	1.1450	560.32	-0.0053875	4.1145e-05	0.058109	supercritical
459.36	584.00	399.44	0.0025035	252.58	398.79	5.0691	0.72990	1.1445	560.50	-0.0054756	4.1152e-05	0.058116	supercritical
460.36	584.00	398.59	0.0025088	253.41	399.93	5.0716	0.73008	1.1440	560.68	-0.0055639	4.1159e-05	0.058123	supercritical
461.36	584.00	397.75	0.0025141	254.25	401.07	5.0740	0.73026	1.1436	560.86	-0.0056524	4.1166e-05	0.058131	supercritical
462.36	584.00	396.91	0.0025194	255.08	402.22	5.0765	0.73045	1.1431	561.04	-0.0057411	4.1174e-05	0.058139	supercritical
463.36	584.00	396.08	0.0025247	255.91	403.36	5.0790	0.73063	1.1426	561.23	-0.0058300	4.1181e-05	0.058147	supercritical
464.36	584.00	395.25	0.0025301	256.75	404.50	5.0814	0.73081	1.1422	561.41	-0.0059190	4.1189e-05	0.058156	supercritical
465.36	584.00	394.42	0.0025354	257.58	405.64	5.0839	0.73100	1.1418	561.60	-0.0060082	4.1197e-05	0.058165	supercritical
466.36	584.00	393.60	0.0025407	258.41	406.79	5.0863	0.73118	1.1413	561.79	-0.0060975	4.1206e-05	0.058175	supercritical
467.36	584.00	392.78	0.0025460	259.24	407.93	5.0888	0.73137	1.1409	561.97	-0.0061870	4.1214e-05	0.058184	supercritical
468.36	584.00	391.97	0.0025512	260.07	409.07	5.0912	0.73156	1.1404	562.16	-0.0062766	4.1223e-05	0.058194	supercritical
469.36	584.00	391.15	0.0025565	260.91	410.21	5.0937	0.73174	1.1400	562.35	-0.0063664	4.1232e-05	0.058205	supercritical
470.36	584.00	390.35	0.0025618	261.74	411.35	5.0961	0.73193	1.1396	562.55	-0.0064564	4.1241e-05	0.058215	supercritical
471.36	584.00	389.54	0.0025671	262.57	412.49	5.0985	0.73212	1.1392	562.74	-0.0065464	4.1250e-05	0.058226	supercritical
472.36	584.00	388.74	0.0025724	263.40	413.63	5.1009	0.73232	1.1388	562.93	-0.0066366	4.1260e-05	0.058237	supercritical
473.36	584.00	387.94	0.0025777	264.23	414.76	5.1033	0.73251	1.1383	563.12	-0.0067269	4.1269e-05	0.058249	supercritical
474.36	584.00	387.15	0.0025830	265.06	415.90	5.1057	0.73270	1.1379	563.32	-0.0068173	4.1279e-05	0.058261	supercritical
475.36	584.00	386.36	0.0025883	265.89	417.04	5.1081	0.73289	1.1375	563.51	-0.0069079	4.1289e-05	0.058273	supercritical
476.36	584.00	385.57	0.0025935	266.72	418.18	5.1105	0.73309	1.1371	563.71	-0.0069985	4.1300e-05	0.058285	supercritical
477.36	584.00	384.79	0.0025988	267.54	419.31	5.1129	0.73329	1.1368	563.91	-0.0070893	4.1310e-05	0.058298	supercritical
478.36	584.00	384.01	0.0026041	268.37	420.45	5.1153	0.73348	1.1364	564.10	-0.0071801	4.1321e-05	0.058311	supercritical
479.36	584.00	383.24	0.0026094	269.20	421.59	5.1177	0.73368	1.1360	564.30	-0.0072711	4.1332e-05	0.058324	supercritical
480.36	584.00	382.46	0.0026146	270.03	422.72	5.1200	0.73388	1.1356	564.50	-0.0073621	4.1343e-05	0.058338	supercritical
481.36	584.00	381.69	0.0026199	270.86	423.86	5.1224	0.73408	1.1352	564.70	-0.0074532	4.1354e-05	0.058351	supercritical
482.36	584.00	380.93	0.0026252	271.68	424.99	5.1247	0.73428	1.1349	564.90	-0.0075444	4.1365e-05	0.058366	supercritical
483.36	584.00	380.17	0.0026304	272.51	426.13	5.1271	0.73448	1.1345	565.11	-0.0076357	4.1377e-05	0.058380	supercritical
484.36	584.00	379.41	0.0026357	273.34	427.26	5.1294	0.73468	1.1341	565.31	-0.0077270	4.1388e-05	0.058395	supercritical
485.36	584.00	378.65	0.0026409	274.17	428.40	5.1318	0.73488	1.1338	565.51	-0.0078185	4.1400e-05	0.058410	supercritical
486.36	584.00	377.90	0.0026462	274.99	429.53	5.1341	0.73509	1.1334	565.72	-0.0079099	4.1412e-05	0.058425	supercritical
487.36	584.00	377.15	0.0026515	275.82	430.66	5.1364	0.73529	1.1331	565.92	-0.0080015	4.1424e-05	0.058440	supercritical
488.36	584.00	376.41	0.0026567	276.64	431.80	5.1388	0.73549	1.1327	566.13	-0.0080931	4.1437e-05	0.058456	supercritical
489.36	584.00	375.66	0.0026620	277.47	432.93	5.1411	0.73570	1.1324	566.33	-0.0081847	4.1449e-05	0.058472	supercritical
490.36	584.00	374.92	0.0026672	278.30	434.06	5.1434	0.73591	1.1320	566.54	-0.0082764	4.1462e-05	0.058488	supercritical
491.36	584.00	374.19	0.0026725	279.12	435.19	5.1457	0.73611	1.1317	566.75	-0.0083682	4.1475e-05	0.058505	supercritical
492.36	584.00	373.45	0.0026777	279.95	436.32	5.1480	0.73632	1.1314	566.96	-0.0084600	4.1488e-05	0.058522	supercritical
493.36	584.00	372.72	0.0026829	280.77	437.46	5.1503	0.73653	1.1311	567.17	-0.0085518	4.1501e-05	0.058539	supercritical
494.36	584.00	372.00	0.0026882	281.60	438.59	5.1526	0.73674	1.1307	567.38	-0.0086437	4.1514e-05	0.058556	supercritical
495.36	584.00	371.27	0.0026934	282.42	439.72	5.1549	0.73695	1.1304	567.59	-0.0087355	4.1528e-05	0.058573	supercritical
496.36	584.00	370.55	0.0026987	283.25	440.85	5.1571	0.73716	1.1301	567.80	-0.0088275	4.1541e-05	0.058591	supercritical
497.36	584.00	369.84	0.0027039	284.07	441.98	5.1594	0.73737	1.1298	568.01	-0.0089194	4.1555e-05	0.058609	supercritical
498.36	584.00	369.12	0.0027091	284.89	443.11	5.1617	0.73758	1.1295	568.22	-0.0090114	4.1569e-05	0.058627	supercritical
499.36	584.00	368.41	0.0027144	285.72	444.24	5.1639	0.73779	1.1292	568.44	-0.0091033	4.1583e-05	0.058646	supercritical
500.36	584.00	367.70	0.0027196	286.54	445.37	5.1662	0.73801	1.1289	568.65	-0.0091953	4.1597e-05	0.058665	supercritical
501.36	584.00	367.00	0.0027248	287.36	446.49	5.1685	0.73822	1.1286	568.86	-0.0092873	4.1611e-05	0.058684	supercritical
502.36	584.00	366.29	0.0027300	288.19	447.62	5.1707	0.73843	1.1283	569.08	-0.0093793	4.1626e-05	0.058703	supercritical
503.36	584.00	365.60	0.0027353	289.01	448.75	5.1729	0.73865	1.1280	569.30	-0.0094714	4.1641e-05	0.058722	supercritical
504.36	584.00	364.90	0.0027405	289.83	449.88	5.1752	0.73886	1.1277	569.51	-0.0095634	4.1655e-05	0.058742	supercritical
505.36	584.00	364.21	0.0027457	290.66	451.01	5.1774	0.73908	1.1274	569.73	-0.0096554	4.1670e-05	0.058762	supercritical
506.36	584.00	363.51	0.0027509	291.48	452.13	5.1796	0.73929	1.1271	569.95	-0.0097474	4.1685e-05	0.058782	supercritical
507.36	584.00	362.83	0.0027561	292.30	453.26	5.1819	0.73951	1.1269	570.16	-0.0098394	4.1700e-05	0.058802	supercritical
508.36	584.00	362.14	0.0027613	293.12	454.39	5.1841	0.73973	1.1266	570.38	-0.0099314	4.1716e-05	0.058823	supercritical
509.36	584.00	361.46	0.0027666	293.95	455.51	5.1863	0.73995	1.1263	570.60	-0.010023	4.1731e-05	0.058843	supercritical
510.36	584.00	360.78	0.0027718	294.77	456.64	5.1885	0.74016	1.1260	570.82	-0.010115	4.1747e-05	0.058864	supercritical
511.36	584.00	360.10	0.0027770	295.59	457.77	5.1907	0.74038	1.1258	571.04	-0.010207	4.1762e-05	0.058886	supercritical
512.36	584.00	359.43	0.0027822	296.41	458.89	5.1929	0.74060	1.1255	571.26	-0.010299	4.1778e-05	0.058907	supercritical
513.36	584.00	358.76	0.0027874	297.23	460.02	5.1951	0.74082	1.1253	571.48	-0.010391	4.1794e-05	0.058929	supercritical
514.36	584.00	358.09	0.0027926	298.05	461.14	5.1973	0.74104	1.1250	571.70	-0.010483	4.1810e-05	0.058950	supercritical
515.36	584.00	357.43	0.0027978	298.88	462.27	5.1995	0.74126	1.1248	571.93	-0.010575	4.1826e-05	0.058973	supercritical
516.36	584.00	356.76	0.0028030	299.70	463.39	5.2017	0.74149	1.1245	572.15	-0.010667	4.1843e-05	0.058995	supercritical
517.36	584.00	356.10	0.0028082	300.52	464.52	5.2038	0.74171	1.1243	572.37	-0.010758	4.1859e-05	0.059017	supercritical
518.36	584.00	355.45	0.0028134	301.34	465.64	5.2060	0.74193	1.1240	572.59	-0.010850	4.1876e-05	0.059040	supercritical
519.36	584.00	354.79	0.0028186	302.16	466.76	5.2082	0.74215	1.1238	572.82	-0.010942	4.1892e-05	0.059063	supercritical
520.36	584.00	354.14	0.0028237	302.98	467.89	5.2103	0.74237	1.1235	573.04	-0.011033	4.1909e-05	0.059086	supercritical
521.36	584.00	353.49	0.0028289	303.80	469.01	5.2125	0.74260	1.1233	573.27	-0.011125	4.1926e-05	0.059109	supercritical
522.36	584.00	352.84	0.0028341	304.62	470.13	5.2146	0.74282	1.1231	573.49	-0.011217	4.1943e-05	0.059133	supercritical
523.36	584.00	352.20	0.0028393	305.44	471.26	5.2168	0.74305	1.1228	573.72	-0.011308	4.1960e-05	0.059156	supercritical
524.36	584.00	351.56	0.0028445	306.26	472.38	5.2189	0.74327	1.1226	573.95	-0.011400	4.1977e-05	0.059180	supercritical
525.36	584.00	350.92	0.0028497	307.08	473.50	5.2211	0.74350	1.1224	574.17	-0.011491	4.1995e-05	0.059204	supercritical
526.36	584.00	350.28	0.0028548	307.90	474.62	5.2232	0.74372	1.1222	574.40	-0.011582	4.2012e-05	0.059228	supercritical
527.36	584.00	349.65	0.0028600	308.72	475.75	5.2253	0.74395	1.1220	574.63	-0.011674	4.2030e-05	0.059253	supercritical
528.36	584.00	349.02	0.0028652	309.54	476.87	5.2275	0.74417	1.1218	574.86	-0.011765	4.2048e-05	0.059277	supercritical
529.36	584.00	348.39	0.0028704	310.36	477.99	5.2296	0.74440	1.1215	575.08	-0.011856	4.2065e-05	0.059302	supercritical
530.36	584.00	347.76	0.0028755	311.18	479.11	5.2317	0.74463	1.1213	575.31	-0.011947	4.2083e-05	0.059327	supercritical
531.36	584.00	347.14	0.0028807	312.00	480.23	5.2338	0.74485	1.1211	575.54	-0.012038	4.2101e-05	0.059352	supercritical
532.36	584.00	346.52	0.0028859	312.82	481.35	5.2359	0.74508	1.1209	575.77	-0.012129	4.2119e-05	0.059377	supercritical
533.36	584.00	345.90	0.0028910	313.64	482.47	5.2380	0.74531	1.1207	576.00	-0.012220	4.2138e-05	0.059403	supercritical
534.36	584.00	345.28	0.0028962	314.46	483.59	5.2401	0.74554	1.1205	576.23	-0.012311	4.2156e-05	0.059429	supercritical
535.36	584.00	344.67	0.0029014	315.28	484.72	5.2422	0.74577	1.1203	576.46	-0.012402	4.2174e-05	0.059455	supercritical
536.36	584.00	344.05	0.0029065	316.09	485.84	5.2443	0.74599	1.1201	576.70	-0.012493	4.2193e-05	0.059481	supercritical
537.36	584.00	343.44	0.0029117	316.91	486.96	5.2464	0.74622	1.1200	576.93	-0.012583	4.2211e-05	0.059507	supercritical
538.36	584.00	342.84	0.0029168	317.73	488.08	5.2485	0.74645	1.1198	577.16	-0.012674	4.2230e-05	0.059533	supercritical
539.36	584.00	342.23	0.0029220	318.55	489.19	5.2506	0.74668	1.1196	577.39	-0.012764	4.2249e-05	0.059560	supercritical
540.36	584.00	341.63	0.0029271	319.37	490.31	5.2526	0.74691	1.1194	577.62	-0.012855	4.2268e-05	0.059586	supercritical
541.36	584.00	341.03	0.0029323	320.19	491.43	5.2547	0.74714	1.1192	577.86	-0.012945	4.2287e-05	0.059613	supercritical
542.36	584.00	340.43	0.0029374	321.01	492.55	5.2568	0.74737	1.1190	578.09	-0.013035	4.2306e-05	0.059640	supercritical
543.36	584.00	339.84	0.0029426	321.83	493.67	5.2588	0.74760	1.1189	578.32	-0.013125	4.2325e-05	0.059668	supercritical
544.36	584.00	339.24	0.0029477	322.64	494.79	5.2609	0.74783	1.1187	578.56	-0.013216	4.2344e-05	0.059695	supercritical
545.36	584.00	338.65	0.0029529	323.46	495.91	5.2629	0.74807	1.1185	578.79	-0.013306	4.2364e-05	0.059722	supercritical
546.36	584.00	338.07	0.0029580	324.28	497.03	5.2650	0.74830	1.1184	579.03	-0.013395	4.2383e-05	0.059750	supercritical
547.36	584.00	337.48	0.0029631	325.10	498.15	5.2670	0.74853	1.1182	579.26	-0.013485	4.2403e-05	0.059778	supercritical
548.36	584.00	336.90	0.0029683	325.92	499.26	5.2691	0.74876	1.1180	579.50	-0.013575	4.2422e-05	0.059806	supercritical
549.36	584.00	336.31	0.0029734	326.73	500.38	5.2711	0.74899	1.1179	579.73	-0.013665	4.2442e-05	0.059834	supercritical
550.36	584.00	335.73	0.0029786	327.55	501.50	5.2731	0.74922	1.1177	579.97	-0.013754	4.2462e-05	0.059863	supercritical
551.36	584.00	335.16	0.0029837	328.37	502.62	5.2752	0.74946	1.1176	580.21	-0.013843	4.2482e-05	0.059891	supercritical
552.36	584.00	334.58	0.0029888	329.19	503.73	5.2772	0.74969	1.1174	580.44	-0.013933	4.2502e-05	0.059920	supercritical
553.36	584.00	334.01	0.0029939	330.01	504.85	5.2792	0.74992	1.1172	580.68	-0.014022	4.2522e-05	0.059948	supercritical
554.36	584.00	333.44	0.0029991	330.82	505.97	5.2812	0.75015	1.1171	580.92	-0.014111	4.2542e-05	0.059977	supercritical
555.36	584.00	332.87	0.0030042	331.64	507.09	5.2832	0.75039	1.1169	581.16	-0.014200	4.2562e-05	0.060006	supercritical
556.36	584.00	332.30	0.0030093	332.46	508.20	5.2853	0.75062	1.1168	581.39	-0.014289	4.2582e-05	0.060036	supercritical
557.36	584.00	331.74	0.0030144	333.28	509.32	5.2873	0.75085	1.1167	581.63	-0.014378	4.2603e-05	0.060065	supercritical
558.36	584.00	331.17	0.0030196	334.09	510.44	5.2893	0.75109	1.1165	581.87	-0.014467	4.2623e-05	0.060095	supercritical
559.36	584.00	330.61	0.0030247	334.91	511.55	5.2913	0.75132	1.1164	582.11	-0.014555	4.2644e-05	0.060124	supercritical
560.36	584.00	330.06	0.0030298	335.73	512.67	5.2933	0.75155	1.1162	582.35	-0.014644	4.2664e-05	0.060154	supercritical
561.36	584.00	329.50	0.0030349	336.55	513.79	5.2952	0.75179	1.1161	582.59	-0.014732	4.2685e-05	0.060184	supercritical
562.36	584.00	328.95	0.0030400	337.36	514.90	5.2972	0.75202	1.1160	582.83	-0.014820	4.2706e-05	0.060214	supercritical
563.36	584.00	328.39	0.0030451	338.18	516.02	5.2992	0.75226	1.1158	583.07	-0.014909	4.2727e-05	0.060244	supercritical
564.36	584.00	327.84	0.0030502	339.00	517.13	5.3012	0.75249	1.1157	583.31	-0.014997	4.2748e-05	0.060275	supercritical
565.36	584.00	327.30	0.0030553	339.82	518.25	5.3032	0.75273	1.1156	583.55	-0.015085	4.2769e-05	0.060305	supercritical
566.36	584.00	326.75	0.0030605	340.63	519.36	5.3051	0.75296	1.1155	583.79	-0.015172	4.2790e-05	0.060336	supercritical
567.36	584.00	326.21	0.0030656	341.45	520.48	5.3071	0.75319	1.1153	584.03	-0.015260	4.2811e-05	0.060367	supercritical
568.36	584.00	325.66	0.0030707	342.27	521.60	5.3091	0.75343	1.1152	584.27	-0.015348	4.2832e-05	0.060397	supercritical
569.36	584.00	325.12	0.0030758	343.09	522.71	5.3110	0.75366	1.1151	584.51	-0.015435	4.2853e-05	0.060429	supercritical
570.36	584.00	324.58	0.0030809	343.90	523.83	5.3130	0.75390	1.1150	584.75	-0.015523	4.2875e-05	0.060460	supercritical
571.36	584.00	324.05	0.0030860	344.72	524.94	5.3149	0.75413	1.1149	584.99	-0.015610	4.2896e-05	0.060491	supercritical
572.36	584.00	323.51	0.0030911	345.54	526.06	5.3169	0.75437	1.1148	585.23	-0.015697	4.2918e-05	0.060522	supercritical
573.36	584.00	322.98	0.0030961	346.36	527.17	5.3188	0.75460	1.1146	585.48	-0.015784	4.2939e-05	0.060554	supercritical
574.36	584.00	322.45	0.0031012	347.17	528.28	5.3208	0.75484	1.1145	585.72	-0.015871	4.2961e-05	0.060586	supercritical
575.36	584.00	321.92	0.0031063	347.99	529.40	5.3227	0.75507	1.1144	585.96	-0.015958	4.2983e-05	0.060618	supercritical
576.36	584.00	321.40	0.0031114	348.81	530.51	5.3247	0.75531	1.1143	586.20	-0.016044	4.3004e-05	0.060649	supercritical
577.36	584.00	320.87	0.0031165	349.62	531.63	5.3266	0.75554	1.1142	586.45	-0.016131	4.3026e-05	0.060682	supercritical
578.36	584.00	320.35	0.0031216	350.44	532.74	5.3285	0.75578	1.1141	586.69	-0.016217	4.3048e-05	0.060714	supercritical
579.36	584.00	319.83	0.0031267	351.26	533.86	5.3304	0.75602	1.1140	586.93	-0.016304	4.3070e-05	0.060746	supercritical
580.36	584.00	319.31	0.0031318	352.08	534.97	5.3324	0.75625	1.1139	587.18	-0.016390	4.3092e-05	0.060778	supercritical
581.36	584.00	318.79	0.0031368	352.89	536.08	5.3343	0.75649	1.1138	587.42	-0.016476	4.3114e-05	0.060811	supercritical
582.36	584.00	318.28	0.0031419	353.71	537.20	5.3362	0.75672	1.1137	587.67	-0.016562	4.3136e-05	0.060844	supercritical
583.36	584.00	317.76	0.0031470	354.53	538.31	5.3381	0.75696	1.1136	587.91	-0.016648	4.3159e-05	0.060877	supercritical
584.36	584.00	317.25	0.0031521	355.34	539.42	5.3400	0.75719	1.1135	588.16	-0.016733	4.3181e-05	0.060909	supercritical
585.36	584.00	316.74	0.0031571	356.16	540.54	5.3419	0.75743	1.1135	588.40	-0.016819	4.3203e-05	0.060942	supercritical
586.36	584.00	316.23	0.0031622	356.98	541.65	5.3438	0.75766	1.1134	588.64	-0.016904	4.3226e-05	0.060976	supercritical
587.36	584.00	315.73	0.0031673	357.80	542.76	5.3457	0.75790	1.1133	588.89	-0.016989	4.3248e-05	0.061009	supercritical
588.36	584.00	315.22	0.0031724	358.61	543.88	5.3476	0.75813	1.1132	589.13	-0.017074	4.3271e-05	0.061042	supercritical
589.36	584.00	314.72	0.0031774	359.43	544.99	5.3495	0.75837	1.1131	589.38	-0.017160	4.3293e-05	0.061076	supercritical
590.36	584.00	314.22	0.0031825	360.25	546.10	5.3514	0.75861	1.1130	589.63	-0.017244	4.3316e-05	0.061109	supercritical
591.36	584.00	313.72	0.0031876	361.06	547.22	5.3533	0.75884	1.1129	589.87	-0.017329	4.3338e-05	0.061143	supercritical
592.36	584.00	313.22	0.0031926	361.88	548.33	5.3551	0.75908	1.1129	590.12	-0.017414	4.3361e-05	0.061177	supercritical
593.36	584.00	312.73	0.0031977	362.70	549.44	5.3570	0.75931	1.1128	590.36	-0.017498	4.3384e-05	0.061211	supercritical
594.36	584.00	312.23	0.0032027	363.52	550.56	5.3589	0.75955	1.1127	590.61	-0.017583	4.3407e-05	0.061245	supercritical
595.36	584.00	311.74	0.0032078	364.33	551.67	5.3608	0.75978	1.1126	590.86	-0.017667	4.3430e-05	0.061279	supercritical
596.36	584.00	311.25	0.0032129	365.15	552.78	5.3626	0.76002	1.1126	591.10	-0.017751	4.3453e-05	0.061313	supercritical
597.36	584.00	310.76	0.0032179	365.97	553.89	5.3645	0.76025	1.1125	591.35	-0.017835	4.3476e-05	0.061348	supercritical
598.36	584.00	310.27	0.0032230	366.78	555.01	5.3664	0.76049	1.1124	591.60	-0.017919	4.3499e-05	0.061382	supercritical
599.36	584.00	309.79	0.0032280	367.60	556.12	5.3682	0.76072	1.1124	591.84	-0.018002	4.3522e-05	0.061417	supercritical
600.36	584.00	309.30	0.0032331	368.42	557.23	5.3701	0.76096	1.1123	592.09	-0.018086	4.3545e-05	0.061451	supercritical
601.36	584.00	308.82	0.0032381	369.24	558.34	5.3719	0.76119	1.1122	592.34	-0.018169	4.3568e-05	0.061486	supercritical
602.36	584.00	308.34	0.0032432	370.05	559.46	5.3738	0.76143	1.1122	592.58	-0.018252	4.3592e-05	0.061521	supercritical
603.36	584.00	307.86	0.0032482	370.87	560.57	5.3756	0.76166	1.1121	592.83	-0.018336	4.3615e-05	0.061556	supercritical
604.36	584.00	307.38	0.0032533	371.69	561.68	5.3775	0.76190	1.1120	593.08	-0.018419	4.3638e-05	0.061591	supercritical
605.36	584.00	306.91	0.0032583	372.51	562.79	5.3793	0.76213	1.1120	593.33	-0.018501	4.3662e-05	0.061626	supercritical
606.36	584.00	306.43	0.0032633	373.32	563.90	5.3811	0.76237	1.1119	593.58	-0.018584	4.3685e-05	0.061662	supercritical
607.36	584.00	305.96	0.0032684	374.14	565.02	5.3830	0.76260	1.1119	593.82	-0.018667	4.3709e-05	0.061697	supercritical
608.36	584.00	305.49	0.0032734	374.96	566.13	5.3848	0.76284	1.1118	594.07	-0.018749	4.3732e-05	0.061732	supercritical
609.36	584.00	305.02	0.0032785	375.78	567.24	5.3866	0.76307	1.1117	594.32	-0.018832	4.3756e-05	0.061768	supercritical
610.36	584.00	304.55	0.0032835	376.59	568.35	5.3884	0.76331	1.1117	594.57	-0.018914	4.3780e-05	0.061804	supercritical
611.36	584.00	304.09	0.0032885	377.41	569.46	5.3903	0.76354	1.1116	594.82	-0.018996	4.3803e-05	0.061839	supercritical
612.36	584.00	303.62	0.0032936	378.23	570.57	5.3921	0.76377	1.1116	595.07	-0.019078	4.3827e-05	0.061875	supercritical
613.36	584.00	303.16	0.0032986	379.05	571.69	5.3939	0.76401	1.1115	595.32	-0.019159	4.3851e-05	0.061911	supercritical
614.36	584.00	302.70	0.0033036	379.87	572.80	5.3957	0.76424	1.1115	595.56	-0.019241	4.3875e-05	0.061947	supercritical
615.36	584.00	302.24	0.0033087	380.68	573.91	5.3975	0.76448	1.1114	595.81	-0.019322	4.3899e-05	0.061983	supercritical
616.36	584.00	301.78	0.0033137	381.50	575.02	5.3993	0.76471	1.1114	596.06	-0.019404	4.3923e-05	0.062020	supercritical
617.36	584.00	301.32	0.0033187	382.32	576.13	5.4011	0.76494	1.1113	596.31	-0.019485	4.3947e-05	0.062056	supercritical
618.36	584.00	300.87	0.0033237	383.14	577.24	5.4029	0.76518	1.1113	596.56	-0.019566	4.3971e-05	0.062092	supercritical
619.36	584.00	300.41	0.0033288	383.95	578.35	5.4047	0.76541	1.1113	596.81	-0.019647	4.3995e-05	0.062129	supercritical
620.36	584.00	299.96	0.0033338	384.77	579.46	5.4065	0.76564	1.1112	597.06	-0.019728	4.4019e-05	0.062165	supercritical
621.36	584.00	299.51	0.0033388	385.59	580.58	5.4083	0.76588	1.1112	597.31	-0.019808	4.4043e-05	0.062202	supercritical
622.36	584.00	299.06	0.0033438	386.41	581.69	5.4101	0.76611	1.1111	597.56	-0.019889	4.4067e-05	0.062239	supercritical
623.36	584.00	298.61	0.0033488	387.23	582.80	5.4119	0.76634	1.1111	597.81	-0.019969	4.4092e-05	0.062276	supercritical
624.36	584.00	298.17	0.0033538	388.04	583.91	5.4136	0.76658	1.1111	598.06	-0.020049	4.4116e-05	0.062313	supercritical
625.36	584.00	297.72	0.0033589	388.86	585.02	5.4154	0.76681	1.1110	598.31	-0.020129	4.4140e-05	0.062350	supercritical
626.36	584.00	297.28	0.0033639	389.68	586.13	5.4172	0.76704	1.1110	598.56	-0.020209	4.4165e-05	0.062387	supercritical
627.36	584.00	296.83	0.0033689	390.50	587.24	5.4190	0.76727	1.1110	598.81	-0.020289	4.4189e-05	0.062424	supercritical
628.36	584.00	296.39	0.0033739	391.32	588.35	5.4207	0.76751	1.1109	599.06	-0.020368	4.4214e-05	0.062461	supercritical
629.36	584.00	295.95	0.0033789	392.14	589.46	5.4225	0.76774	1.1109	599.31	-0.020448	4.4238e-05	0.062499	supercritical
630.36	584.00	295.52	0.0033839	392.96	590.58	5.4243	0.76797	1.1109	599.56	-0.020527	4.4263e-05	0.062536	supercritical
631.36	584.00	295.08	0.0033889	393.77	591.69	5.4260	0.76820	1.1108	599.81	-0.020606	4.4287e-05	0.062574	supercritical
632.36	584.00	294.64	0.0033939	394.59	592.80	5.4278	0.76843	1.1108	600.06	-0.020685	4.4312e-05	0.062611	supercritical
633.36	584.00	294.21	0.0033989	395.41	593.91	5.4295	0.76867	1.1108	600.32	-0.020764	4.4336e-05	0.062649	supercritical
634.36	584.00	293.78	0.0034039	396.23	595.02	5.4313	0.76890	1.1108	600.57	-0.020843	4.4361e-05	0.062687	supercritical
635.36	584.00	293.35	0.0034089	397.05	596.13	5.4330	0.76913	1.1107	600.82	-0.020922	4.4386e-05	0.062725	supercritical
636.36	584.00	292.92	0.0034139	397.87	597.24	5.4348	0.76936	1.1107	601.07	-0.021000	4.4411e-05	0.062762	supercritical
637.36	584.00	292.49	0.0034189	398.69	598.35	5.4365	0.76959	1.1107	601.32	-0.021078	4.4435e-05	0.062800	supercritical
638.36	584.00	292.06	0.0034239	399.50	599.46	5.4383	0.76982	1.1107	601.57	-0.021157	4.4460e-05	0.062839	supercritical
639.36	584.00	291.64	0.0034289	400.32	600.57	5.4400	0.77005	1.1106	601.82	-0.021235	4.4485e-05	0.062877	supercritical
640.36	584.00	291.21	0.0034339	401.14	601.68	5.4417	0.77028	1.1106	602.07	-0.021313	4.4510e-05	0.062915	supercritical
641.36	584.00	290.79	0.0034389	401.96	602.79	5.4435	0.77051	1.1106	602.33	-0.021390	4.4535e-05	0.062953	supercritical
642.36	584.00	290.37	0.0034439	402.78	603.90	5.4452	0.77074	1.1106	602.58	-0.021468	4.4560e-05	0.062992	supercritical
643.36	584.00	289.95	0.0034489	403.60	605.01	5.4469	0.77097	1.1106	602.83	-0.021545	4.4585e-05	0.063030	supercritical
644.36	584.00	289.53	0.0034539	404.42	606.13	5.4487	0.77120	1.1106	603.08	-0.021623	4.4610e-05	0.063069	supercritical
645.36	584.00	289.11	0.0034589	405.24	607.24	5.4504	0.77143	1.1105	603.33	-0.021700	4.4635e-05	0.063107	supercritical
646.36	584.00	288.70	0.0034638	406.06	608.35	5.4521	0.77166	1.1105	603.58	-0.021777	4.4660e-05	0.063146	supercritical
647.36	584.00	288.28	0.0034688	406.88	609.46	5.4538	0.77189	1.1105	603.84	-0.021854	4.4685e-05	0.063185	supercritical
648.36	584.00	287.87	0.0034738	407.70	610.57	5.4555	0.77212	1.1105	604.09	-0.021930	4.4710e-05	0.063223	supercritical
649.36	584.00	287.46	0.0034788	408.52	611.68	5.4572	0.77235	1.1105	604.34	-0.022007	4.4736e-05	0.063262	supercritical
650.36	584.00	287.05	0.0034838	409.34	612.79	5.4590	0.77257	1.1105	604.59	-0.022083	4.4761e-05	0.063301	supercritical
651.36	584.00	286.64	0.0034887	410.16	613.90	5.4607	0.77280	1.1105	604.84	-0.022160	4.4786e-05	0.063340	supercritical
652.36	584.00	286.23	0.0034937	410.98	615.01	5.4624	0.77303	1.1105	605.10	-0.022236	4.4811e-05	0.063379	supercritical
653.36	584.00	285.82	0.0034987	411.80	616.12	5.4641	0.77326	1.1105	605.35	-0.022312	4.4837e-05	0.063419	supercritical
654.36	584.00	285.41	0.0035037	412.62	617.23	5.4658	0.77349	1.1104	605.60	-0.022388	4.4862e-05	0.063458	supercritical
655.36	584.00	285.01	0.0035086	413.44	618.34	5.4675	0.77371	1.1104	605.85	-0.022464	4.4887e-05	0.063497	supercritical
656.36	584.00	284.61	0.0035136	414.26	619.45	5.4692	0.77394	1.1104	606.11	-0.022539	4.4913e-05	0.063537	supercritical
657.36	584.00	284.20	0.0035186	415.08	620.56	5.4708	0.77417	1.1104	606.36	-0.022615	4.4938e-05	0.063576	supercritical
658.36	584.00	283.80	0.0035236	415.90	621.67	5.4725	0.77439	1.1104	606.61	-0.022690	4.4964e-05	0.063616	supercritical
659.36	584.00	283.40	0.0035285	416.72	622.78	5.4742	0.77462	1.1104	606.86	-0.022765	4.4989e-05	0.063655	supercritical
660.36	584.00	283.01	0.0035335	417.54	623.89	5.4759	0.77485	1.1104	607.12	-0.022840	4.5015e-05	0.063695	supercritical
661.36	584.00	282.61	0.0035385	418.36	625.00	5.4776	0.77507	1.1104	607.37	-0.022915	4.5040e-05	0.063734	supercritical
662.36	584.00	282.21	0.0035434	419.18	626.11	5.4793	0.77530	1.1104	607.62	-0.022989	4.5066e-05	0.063774	supercritical
663.36	584.00	281.82	0.0035484	420.00	627.22	5.4809	0.77552	1.1104	607.87	-0.023064	4.5092e-05	0.063814	supercritical
664.36	584.00	281.42	0.0035534	420.82	628.33	5.4826	0.77575	1.1104	608.13	-0.023138	4.5117e-05	0.063854	supercritical
665.36	584.00	281.03	0.0035583	421.64	629.44	5.4843	0.77598	1.1104	608.38	-0.023213	4.5143e-05	0.063894	supercritical
666.36	584.00	280.64	0.0035633	422.46	630.56	5.4859	0.77620	1.1104	608.63	-0.023287	4.5169e-05	0.063934	supercritical
667.36	584.00	280.25	0.0035682	423.28	631.67	5.4876	0.77643	1.1104	608.88	-0.023361	4.5194e-05	0.063974	supercritical
668.36	584.00	279.86	0.0035732	424.10	632.78	5.4893	0.77665	1.1104	609.14	-0.023435	4.5220e-05	0.064014	supercritical
669.36	584.00	279.47	0.0035781	424.92	633.89	5.4909	0.77687	1.1104	609.39	-0.023508	4.5246e-05	0.064054	supercritical
670.36	584.00	279.09	0.0035831	425.74	635.00	5.4926	0.77710	1.1104	609.64	-0.023582	4.5272e-05	0.064095	supercritical
671.36	584.00	278.70	0.0035881	426.56	636.11	5.4942	0.77732	1.1105	609.90	-0.023655	4.5297e-05	0.064135	supercritical
672.36	584.00	278.32	0.0035930	427.39	637.22	5.4959	0.77755	1.1105	610.15	-0.023729	4.5323e-05	0.064175	supercritical
673.36	584.00	277.94	0.0035980	428.21	638.33	5.4975	0.77777	1.1105	610.40	-0.023802	4.5349e-05	0.064216	supercritical
674.36	584.00	277.55	0.0036029	429.03	639.44	5.4992	0.77799	1.1105	610.66	-0.023875	4.5375e-05	0.064256	supercritical
675.36	584.00	277.17	0.0036079	429.85	640.55	5.5008	0.77822	1.1105	610.91	-0.023948	4.5401e-05	0.064297	supercritical
676.36	584.00	276.79	0.0036128	430.67	641.66	5.5025	0.77844	1.1105	611.16	-0.024020	4.5427e-05	0.064338	supercritical
677.36	584.00	276.41	0.0036178	431.49	642.77	5.5041	0.77866	1.1105	611.41	-0.024093	4.5453e-05	0.064378	supercritical
678.36	584.00	276.04	0.0036227	432.32	643.88	5.5058	0.77888	1.1105	611.67	-0.024165	4.5479e-05	0.064419	supercritical
679.36	584.00	275.66	0.0036276	433.14	644.99	5.5074	0.77910	1.1105	611.92	-0.024238	4.5505e-05	0.064460	supercritical
680.36	584.00	275.29	0.0036326	433.96	646.10	5.5090	0.77933	1.1105	612.17	-0.024310	4.5531e-05	0.064501	supercritical
681.36	584.00	274.91	0.0036375	434.78	647.21	5.5107	0.77955	1.1106	612.43	-0.024382	4.5557e-05	0.064542	supercritical
682.36	584.00	274.54	0.0036425	435.60	648.32	5.5123	0.77977	1.1106	612.68	-0.024454	4.5583e-05	0.064583	supercritical
683.36	584.00	274.17	0.0036474	436.42	649.43	5.5139	0.77999	1.1106	612.93	-0.024525	4.5609e-05	0.064624	supercritical
684.36	584.00	273.80	0.0036523	437.25	650.54	5.5155	0.78021	1.1106	613.19	-0.024597	4.5635e-05	0.064665	supercritical
685.36	584.00	273.43	0.0036573	438.07	651.65	5.5172	0.78043	1.1106	613.44	-0.024668	4.5662e-05	0.064706	supercritical
686.36	584.00	273.06	0.0036622	438.89	652.77	5.5188	0.78065	1.1106	613.69	-0.024740	4.5688e-05	0.064747	supercritical
687.36	584.00	272.69	0.0036672	439.71	653.88	5.5204	0.78087	1.1107	613.95	-0.024811	4.5714e-05	0.064788	supercritical
688.36	584.00	272.32	0.0036721	440.54	654.99	5.5220	0.78109	1.1107	614.20	-0.024882	4.5740e-05	0.064830	supercritical
689.36	584.00	271.96	0.0036770	441.36	656.10	5.5236	0.78131	1.1107	614.45	-0.024953	4.5766e-05	0.064871	supercritical
690.36	584.00	271.59	0.0036820	442.18	657.21	5.5252	0.78153	1.1107	614.71	-0.025023	4.5793e-05	0.064912	supercritical
691.36	584.00	271.23	0.0036869	443.00	658.32	5.5268	0.78175	1.1107	614.96	-0.025094	4.5819e-05	0.064954	supercritical
692.36	584.00	270.87	0.0036918	443.83	659.43	5.5285	0.78197	1.1107	615.21	-0.025164	4.5845e-05	0.064995	supercritical
693.36	584.00	270.51	0.0036967	444.65	660.54	5.5301	0.78218	1.1108	615.47	-0.025235	4.5872e-05	0.065037	supercritical
694.36	584.00	270.15	0.0037017	445.47	661.65	5.5317	0.78240	1.1108	615.72	-0.025305	4.5898e-05	0.065078	supercritical
695.36	584.00	269.79	0.0037066	446.30	662.76	5.5333	0.78262	1.1108	615.98	-0.025375	4.5924e-05	0.065120	supercritical
696.36	584.00	269.43	0.0037115	447.12	663.87	5.5349	0.78284	1.1108	616.23	-0.025445	4.5951e-05	0.065162	supercritical
697.36	584.00	269.07	0.0037164	447.94	664.98	5.5364	0.78306	1.1109	616.48	-0.025515	4.5977e-05	0.065204	supercritical
698.36	584.00	268.72	0.0037214	448.77	666.09	5.5380	0.78327	1.1109	616.74	-0.025584	4.6004e-05	0.065245	supercritical
699.36	584.00	268.36	0.0037263	449.59	667.21	5.5396	0.78349	1.1109	616.99	-0.025654	4.6030e-05	0.065287	supercritical
700.36	584.00	268.01	0.0037312	450.41	668.32	5.5412	0.78371	1.1109	617.24	-0.025723	4.6056e-05	0.065329	supercritical
701.36	584.00	267.66	0.0037361	451.24	669.43	5.5428	0.78392	1.1110	617.50	-0.025792	4.6083e-05	0.065371	supercritical
702.36	584.00	267.31	0.0037410	452.06	670.54	5.5444	0.78414	1.1110	617.75	-0.025861	4.6109e-05	0.065413	supercritical
703.36	584.00	266.95	0.0037460	452.89	671.65	5.5460	0.78435	1.1110	618.00	-0.025930	4.6136e-05	0.065455	supercritical
704.36	584.00	266.60	0.0037509	453.71	672.76	5.5475	0.78457	1.1110	618.26	-0.025999	4.6162e-05	0.065497	supercritical
705.36	584.00	266.26	0.0037558	454.53	673.87	5.5491	0.78478	1.1111	618.51	-0.026068	4.6189e-05	0.065539	supercritical
706.36	584.00	265.91	0.0037607	455.36	674.98	5.5507	0.78500	1.1111	618.76	-0.026136	4.6216e-05	0.065582	supercritical
707.36	584.00	265.56	0.0037656	456.18	676.09	5.5523	0.78521	1.1111	619.02	-0.026204	4.6242e-05	0.065624	supercritical
708.36	584.00	265.22	0.0037705	457.01	677.20	5.5538	0.78543	1.1111	619.27	-0.026273	4.6269e-05	0.065666	supercritical
709.36	584.00	264.87	0.0037754	457.83	678.32	5.5554	0.78564	1.1112	619.52	-0.026341	4.6295e-05	0.065708	supercritical
710.36	584.00	264.53	0.0037803	458.65	679.43	5.5570	0.78585	1.1112	619.78	-0.026409	4.6322e-05	0.065751	supercritical
711.36	584.00	264.18	0.0037853	459.48	680.54	5.5585	0.78607	1.1112	620.03	-0.026477	4.6349e-05	0.065793	supercritical
712.36	584.00	263.84	0.0037902	460.30	681.65	5.5601	0.78628	1.1113	620.28	-0.026544	4.6375e-05	0.065836	supercritical
713.36	584.00	263.50	0.0037951	461.13	682.76	5.5616	0.78649	1.1113	620.54	-0.026612	4.6402e-05	0.065878	supercritical
714.36	584.00	263.16	0.0038000	461.95	683.87	5.5632	0.78671	1.1113	620.79	-0.026679	4.6429e-05	0.065921	supercritical
715.36	584.00	262.82	0.0038049	462.78	684.98	5.5648	0.78692	1.1114	621.04	-0.026747	4.6456e-05	0.065963	supercritical
716.36	584.00	262.48	0.0038098	463.60	686.09	5.5663	0.78713	1.1114	621.30	-0.026814	4.6482e-05	0.066006	supercritical
717.36	584.00	262.15	0.0038147	464.43	687.21	5.5679	0.78734	1.1114	621.55	-0.026881	4.6509e-05	0.066049	supercritical
718.36	584.00	261.81	0.0038196	465.25	688.32	5.5694	0.78755	1.1115	621.81	-0.026948	4.6536e-05	0.066091	supercritical
719.36	584.00	261.47	0.0038245	466.08	689.43	5.5710	0.78777	1.1115	622.06	-0.027014	4.6563e-05	0.066134	supercritical
720.36	584.00	261.14	0.0038294	466.90	690.54	5.5725	0.78798	1.1115	622.31	-0.027081	4.6589e-05	0.066177	supercritical
721.36	584.00	260.81	0.0038343	467.73	691.65	5.5740	0.78819	1.1116	622.57	-0.027147	4.6616e-05	0.066220	supercritical
722.36	584.00	260.47	0.0038392	468.56	692.76	5.5756	0.78840	1.1116	622.82	-0.027214	4.6643e-05	0.066263	supercritical
723.36	584.00	260.14	0.0038441	469.38	693.88	5.5771	0.78861	1.1116	623.07	-0.027280	4.6670e-05	0.066306	supercritical
724.36	584.00	259.81	0.0038490	470.21	694.99	5.5787	0.78882	1.1117	623.33	-0.027346	4.6697e-05	0.066349	supercritical
725.36	584.00	259.48	0.0038539	471.03	696.10	5.5802	0.78903	1.1117	623.58	-0.027412	4.6724e-05	0.066392	supercritical
726.36	584.00	259.15	0.0038587	471.86	697.21	5.5817	0.78924	1.1117	623.83	-0.027478	4.6750e-05	0.066435	supercritical
727.36	584.00	258.82	0.0038636	472.69	698.32	5.5833	0.78944	1.1118	624.09	-0.027543	4.6777e-05	0.066478	supercritical
728.36	584.00	258.50	0.0038685	473.51	699.43	5.5848	0.78965	1.1118	624.34	-0.027609	4.6804e-05	0.066521	supercritical
729.36	584.00	258.17	0.0038734	474.34	700.55	5.5863	0.78986	1.1119	624.59	-0.027674	4.6831e-05	0.066564	supercritical
730.36	584.00	257.84	0.0038783	475.16	701.66	5.5878	0.79007	1.1119	624.85	-0.027740	4.6858e-05	0.066607	supercritical
731.36	584.00	257.52	0.0038832	475.99	702.77	5.5893	0.79028	1.1119	625.10	-0.027805	4.6885e-05	0.066651	supercritical
732.36	584.00	257.20	0.0038881	476.82	703.88	5.5909	0.79048	1.1120	625.35	-0.027870	4.6912e-05	0.066694	supercritical
733.36	584.00	256.87	0.0038930	477.64	704.99	5.5924	0.79069	1.1120	625.61	-0.027935	4.6939e-05	0.066737	supercritical
734.36	584.00	256.55	0.0038978	478.47	706.11	5.5939	0.79090	1.1121	625.86	-0.027999	4.6966e-05	0.066781	supercritical
735.36	584.00	256.23	0.0039027	479.30	707.22	5.5954	0.79110	1.1121	626.11	-0.028064	4.6993e-05	0.066824	supercritical
736.36	584.00	255.91	0.0039076	480.12	708.33	5.5969	0.79131	1.1121	626.37	-0.028129	4.7020e-05	0.066867	supercritical
737.36	584.00	255.59	0.0039125	480.95	709.44	5.5984	0.79152	1.1122	626.62	-0.028193	4.7047e-05	0.066911	supercritical
738.36	584.00	255.27	0.0039174	481.78	710.55	5.5999	0.79172	1.1122	626.87	-0.028257	4.7074e-05	0.066954	supercritical
739.36	584.00	254.96	0.0039223	482.61	711.67	5.6014	0.79193	1.1123	627.12	-0.028321	4.7101e-05	0.066998	supercritical
740.36	584.00	254.64	0.0039271	483.43	712.78	5.6030	0.79213	1.1123	627.38	-0.028385	4.7128e-05	0.067042	supercritical
741.36	584.00	254.32	0.0039320	484.26	713.89	5.6045	0.79234	1.1124	627.63	-0.028449	4.7155e-05	0.067085	supercritical
742.36	584.00	254.01	0.0039369	485.09	715.00	5.6060	0.79254	1.1124	627.88	-0.028513	4.7182e-05	0.067129	supercritical
743.36	584.00	253.69	0.0039418	485.92	716.12	5.6074	0.79275	1.1124	628.14	-0.028576	4.7210e-05	0.067173	supercritical
744.36	584.00	253.38	0.0039466	486.74	717.23	5.6089	0.79295	1.1125	628.39	-0.028640	4.7237e-05	0.067216	supercritical
745.36	584.00	253.07	0.0039515	487.57	718.34	5.6104	0.79315	1.1125	628.64	-0.028703	4.7264e-05	0.067260	supercritical
746.36	584.00	252.76	0.0039564	488.40	719.45	5.6119	0.79336	1.1126	628.90	-0.028766	4.7291e-05	0.067304	supercritical
747.36	584.00	252.45	0.0039613	489.23	720.57	5.6134	0.79356	1.1126	629.15	-0.028830	4.7318e-05	0.067348	supercritical
748.36	584.00	252.14	0.0039661	490.06	721.68	5.6149	0.79376	1.1127	629.40	-0.028892	4.7345e-05	0.067392	supercritical
749.36	584.00	251.83	0.0039710	490.88	722.79	5.6164	0.79396	1.1127	629.65	-0.028955	4.7372e-05	0.067435	supercritical
750.36	584.00	251.52	0.0039759	491.71	723.90	5.6179	0.79417	1.1128	629.91	-0.029018	4.7400e-05	0.067479	supercritical
751.36	584.00	251.21	0.0039807	492.54	725.02	5.6194	0.79437	1.1128	630.16	-0.029081	4.7427e-05	0.067523	supercritical
752.36	584.00	250.90	0.0039856	493.37	726.13	5.6208	0.79457	1.1128	630.41	-0.029143	4.7454e-05	0.067567	supercritical
753.36	584.00	250.60	0.0039905	494.20	727.24	5.6223	0.79477	1.1129	630.67	-0.029205	4.7481e-05	0.067611	supercritical
754.36	584.00	250.29	0.0039953	495.03	728.36	5.6238	0.79497	1.1129	630.92	-0.029268	4.7508e-05	0.067656	supercritical
755.36	584.00	249.99	0.0040002	495.86	729.47	5.6253	0.79517	1.1130	631.17	-0.029330	4.7536e-05	0.067700	supercritical
756.36	584.00	249.68	0.0040051	496.69	730.58	5.6267	0.79537	1.1130	631.42	-0.029392	4.7563e-05	0.067744	supercritical
757.36	584.00	249.38	0.0040099	497.51	731.69	5.6282	0.79557	1.1131	631.68	-0.029453	4.7590e-05	0.067788	supercritical
758.36	584.00	249.08	0.0040148	498.34	732.81	5.6297	0.79577	1.1131	631.93	-0.029515	4.7617e-05	0.067832	supercritical
759.36	584.00	248.78	0.0040196	499.17	733.92	5.6311	0.79597	1.1132	632.18	-0.029577	4.7645e-05	0.067876	supercritical
760.36	584.00	248.48	0.0040245	500.00	735.03	5.6326	0.79617	1.1132	632.43	-0.029638	4.7672e-05	0.067921	supercritical
761.36	584.00	248.18	0.0040294	500.83	736.15	5.6341	0.79637	1.1133	632.69	-0.029699	4.7699e-05	0.067965	supercritical
762.36	584.00	247.88	0.0040342	501.66	737.26	5.6355	0.79657	1.1133	632.94	-0.029761	4.7726e-05	0.068009	supercritical
763.36	584.00	247.58	0.0040391	502.49	738.37	5.6370	0.79676	1.1134	633.19	-0.029822	4.7754e-05	0.068054	supercritical
764.36	584.00	247.28	0.0040439	503.32	739.49	5.6385	0.79696	1.1134	633.44	-0.029883	4.7781e-05	0.068098	supercritical
765.36	584.00	246.99	0.0040488	504.15	740.60	5.6399	0.79716	1.1135	633.70	-0.029943	4.7808e-05	0.068143	supercritical
766.36	584.00	246.69	0.0040536	504.98	741.71	5.6414	0.79736	1.1135	633.95	-0.030004	4.7836e-05	0.068187	supercritical
767.36	584.00	246.40	0.0040585	505.81	742.83	5.6428	0.79755	1.1136	634.20	-0.030065	4.7863e-05	0.068231	supercritical
768.36	584.00	246.10	0.0040633	506.64	743.94	5.6443	0.79775	1.1136	634.45	-0.030125	4.7890e-05	0.068276	supercritical
769.36	584.00	245.81	0.0040682	507.47	745.05	5.6457	0.79795	1.1137	634.71	-0.030185	4.7918e-05	0.068321	supercritical
770.36	584.00	245.52	0.0040730	508.30	746.17	5.6472	0.79814	1.1137	634.96	-0.030246	4.7945e-05	0.068365	supercritical
771.36	584.00	245.22	0.0040779	509.13	747.28	5.6486	0.79834	1.1138	635.21	-0.030306	4.7972e-05	0.068410	supercritical
772.36	584.00	244.93	0.0040827	509.96	748.40	5.6500	0.79853	1.1138	635.46	-0.030366	4.8000e-05	0.068454	supercritical
773.36	584.00	244.64	0.0040876	510.79	749.51	5.6515	0.79873	1.1139	635.71	-0.030426	4.8027e-05	0.068499	supercritical
774.36	584.00	244.35	0.0040924	511.63	750.62	5.6529	0.79892	1.1139	635.97	-0.030485	4.8055e-05	0.068544	supercritical
775.36	584.00	244.06	0.0040973	512.46	751.74	5.6544	0.79912	1.1140	636.22	-0.030545	4.8082e-05	0.068588	supercritical
776.36	584.00	243.78	0.0041021	513.29	752.85	5.6558	0.79931	1.1140	636.47	-0.030604	4.8109e-05	0.068633	supercritical
777.36	584.00	243.49	0.0041070	514.12	753.97	5.6572	0.79950	1.1141	636.72	-0.030664	4.8137e-05	0.068678	supercritical
778.36	584.00	243.20	0.0041118	514.95	755.08	5.6587	0.79970	1.1141	636.97	-0.030723	4.8164e-05	0.068723	supercritical
779.36	584.00	242.92	0.0041167	515.78	756.19	5.6601	0.79989	1.1142	637.23	-0.030782	4.8192e-05	0.068768	supercritical
780.36	584.00	242.63	0.0041215	516.61	757.31	5.6615	0.80008	1.1143	637.48	-0.030841	4.8219e-05	0.068812	supercritical
781.36	584.00	242.35	0.0041263	517.44	758.42	5.6630	0.80028	1.1143	637.73	-0.030900	4.8247e-05	0.068857	supercritical
782.36	584.00	242.06	0.0041312	518.28	759.54	5.6644	0.80047	1.1144	637.98	-0.030959	4.8274e-05	0.068902	supercritical
783.36	584.00	241.78	0.0041360	519.11	760.65	5.6658	0.80066	1.1144	638.23	-0.031018	4.8301e-05	0.068947	supercritical
784.36	584.00	241.50	0.0041409	519.94	761.77	5.6672	0.80085	1.1145	638.48	-0.031076	4.8329e-05	0.068992	supercritical
785.36	584.00	241.21	0.0041457	520.77	762.88	5.6686	0.80104	1.1145	638.74	-0.031134	4.8356e-05	0.069037	supercritical
786.36	584.00	240.93	0.0041505	521.60	763.99	5.6701	0.80124	1.1146	638.99	-0.031193	4.8384e-05	0.069082	supercritical
787.36	584.00	240.65	0.0041554	522.44	765.11	5.6715	0.80143	1.1146	639.24	-0.031251	4.8411e-05	0.069127	supercritical
788.36	584.00	240.37	0.0041602	523.27	766.22	5.6729	0.80162	1.1147	639.49	-0.031309	4.8439e-05	0.069172	supercritical
789.36	584.00	240.09	0.0041650	524.10	767.34	5.6743	0.80181	1.1147	639.74	-0.031367	4.8466e-05	0.069217	supercritical
790.36	584.00	239.82	0.0041699	524.93	768.45	5.6757	0.80200	1.1148	639.99	-0.031425	4.8494e-05	0.069263	supercritical
791.36	584.00	239.54	0.0041747	525.77	769.57	5.6771	0.80219	1.1149	640.25	-0.031483	4.8521e-05	0.069308	supercritical
792.36	584.00	239.26	0.0041795	526.60	770.68	5.6785	0.80238	1.1149	640.50	-0.031540	4.8549e-05	0.069353	supercritical
793.36	584.00	238.98	0.0041844	527.43	771.80	5.6799	0.80256	1.1150	640.75	-0.031598	4.8576e-05	0.069398	supercritical
794.36	584.00	238.71	0.0041892	528.26	772.91	5.6813	0.80275	1.1150	641.00	-0.031655	4.8604e-05	0.069443	supercritical
795.36	584.00	238.43	0.0041940	529.10	774.03	5.6828	0.80294	1.1151	641.25	-0.031712	4.8631e-05	0.069489	supercritical
796.36	584.00	238.16	0.0041989	529.93	775.14	5.6842	0.80313	1.1151	641.50	-0.031769	4.8659e-05	0.069534	supercritical
797.36	584.00	237.89	0.0042037	530.76	776.26	5.6856	0.80332	1.1152	641.75	-0.031827	4.8687e-05	0.069579	supercritical
798.36	584.00	237.61	0.0042085	531.60	777.37	5.6869	0.80350	1.1153	642.00	-0.031883	4.8714e-05	0.069624	supercritical
799.36	584.00	237.34	0.0042133	532.43	778.49	5.6883	0.80369	1.1153	642.25	-0.031940	4.8742e-05	0.069670	supercritical
800.36	584.00	237.07	0.0042182	533.26	779.60	5.6897	0.80388	1.1154	642.51	-0.031997	4.8769e-05	0.069715	supercritical
801.36	584.00	236.80	0.0042230	534.10	780.72	5.6911	0.80406	1.1154	642.76	-0.032053	4.8797e-05	0.069761	supercritical
802.36	584.00	236.53	0.0042278	534.93	781.84	5.6925	0.80425	1.1155	643.01	-0.032110	4.8824e-05	0.069806	supercritical
803.36	584.00	236.26	0.0042326	535.77	782.95	5.6939	0.80444	1.1155	643.26	-0.032166	4.8852e-05	0.069851	supercritical
804.36	584.00	235.99	0.0042374	536.60	784.07	5.6953	0.80462	1.1156	643.51	-0.032223	4.8880e-05	0.069897	supercritical
805.36	584.00	235.72	0.0042423	537.43	785.18	5.6967	0.80481	1.1157	643.76	-0.032279	4.8907e-05	0.069942	supercritical
806.36	584.00	235.46	0.0042471	538.27	786.30	5.6981	0.80499	1.1157	644.01	-0.032335	4.8935e-05	0.069988	supercritical
807.36	584.00	235.19	0.0042519	539.10	787.41	5.6995	0.80518	1.1158	644.26	-0.032391	4.8962e-05	0.070033	supercritical
808.36	584.00	234.92	0.0042567	539.94	788.53	5.7008	0.80536	1.1158	644.51	-0.032446	4.8990e-05	0.070079	supercritical
809.36	584.00	234.66	0.0042615	540.77	789.65	5.7022	0.80555	1.1159	644.76	-0.032502	4.9017e-05	0.070124	supercritical
810.36	584.00	234.39	0.0042664	541.61	790.76	5.7036	0.80573	1.1160	645.01	-0.032558	4.9045e-05	0.070170	supercritical
811.36	584.00	234.13	0.0042712	542.44	791.88	5.7050	0.80591	1.1160	645.26	-0.032613	4.9073e-05	0.070216	supercritical
812.36	584.00	233.86	0.0042760	543.28	792.99	5.7063	0.80610	1.1161	645.51	-0.032668	4.9100e-05	0.070261	supercritical
813.36	584.00	233.60	0.0042808	544.11	794.11	5.7077	0.80628	1.1161	645.76	-0.032724	4.9128e-05	0.070307	supercritical
814.36	584.00	233.34	0.0042856	544.95	795.23	5.7091	0.80646	1.1162	646.01	-0.032779	4.9156e-05	0.070353	supercritical
815.36	584.00	233.08	0.0042904	545.78	796.34	5.7105	0.80664	1.1163	646.26	-0.032834	4.9183e-05	0.070398	supercritical
816.36	584.00	232.82	0.0042952	546.62	797.46	5.7118	0.80683	1.1163	646.51	-0.032889	4.9211e-05	0.070444	supercritical
817.36	584.00	232.56	0.0043001	547.45	798.57	5.7132	0.80701	1.1164	646.76	-0.032944	4.9238e-05	0.070490	supercritical
818.36	584.00	232.30	0.0043049	548.29	799.69	5.7146	0.80719	1.1164	647.01	-0.032998	4.9266e-05	0.070536	supercritical
819.36	584.00	232.04	0.0043097	549.12	800.81	5.7159	0.80737	1.1165	647.26	-0.033053	4.9294e-05	0.070581	supercritical
820.36	584.00	231.78	0.0043145	549.96	801.92	5.7173	0.80755	1.1166	647.51	-0.033107	4.9321e-05	0.070627	supercritical
821.36	584.00	231.52	0.0043193	550.79	803.04	5.7186	0.80773	1.1166	647.76	-0.033162	4.9349e-05	0.070673	supercritical
822.36	584.00	231.26	0.0043241	551.63	804.16	5.7200	0.80791	1.1167	648.01	-0.033216	4.9377e-05	0.070719	supercritical
823.36	584.00	231.01	0.0043289	552.47	805.27	5.7214	0.80809	1.1167	648.26	-0.033270	4.9404e-05	0.070765	supercritical
824.36	584.00	230.75	0.0043337	553.30	806.39	5.7227	0.80827	1.1168	648.51	-0.033324	4.9432e-05	0.070811	supercritical
825.36	584.00	230.49	0.0043385	554.14	807.51	5.7241	0.80845	1.1169	648.76	-0.033378	4.9460e-05	0.070857	supercritical
826.36	584.00	230.24	0.0043433	554.97	808.62	5.7254	0.80863	1.1169	649.01	-0.033432	4.9487e-05	0.070903	supercritical
827.36	584.00	229.98	0.0043481	555.81	809.74	5.7268	0.80881	1.1170	649.26	-0.033486	4.9515e-05	0.070948	supercritical
828.36	584.00	229.73	0.0043529	556.65	810.86	5.7281	0.80899	1.1171	649.51	-0.033539	4.9543e-05	0.070994	supercritical
829.36	584.00	229.48	0.0043577	557.48	811.98	5.7295	0.80916	1.1171	649.76	-0.033593	4.9570e-05	0.071040	supercritical
830.36	584.00	229.22	0.0043625	558.32	813.09	5.7308	0.80934	1.1172	650.01	-0.033646	4.9598e-05	0.071086	supercritical
831.36	584.00	228.97	0.0043673	559.16	814.21	5.7322	0.80952	1.1172	650.26	-0.033699	4.9626e-05	0.071132	supercritical
832.36	584.00	228.72	0.0043721	559.99	815.33	5.7335	0.80970	1.1173	650.51	-0.033753	4.9653e-05	0.071179	supercritical
833.36	584.00	228.47	0.0043769	560.83	816.44	5.7348	0.80987	1.1174	650.76	-0.033806	4.9681e-05	0.071225	supercritical
834.36	584.00	228.22	0.0043817	561.67	817.56	5.7362	0.81005	1.1174	651.01	-0.033859	4.9709e-05	0.071271	supercritical
835.36	584.00	227.97	0.0043865	562.51	818.68	5.7375	0.81023	1.1175	651.26	-0.033912	4.9736e-05	0.071317	supercritical
836.36	584.00	227.72	0.0043913	563.34	819.80	5.7389	0.81040	1.1176	651.51	-0.033964	4.9764e-05	0.071363	supercritical
837.36	584.00	227.47	0.0043961	564.18	820.91	5.7402	0.81058	1.1176	651.76	-0.034017	4.9792e-05	0.071409	supercritical
838.36	584.00	227.23	0.0044009	565.02	822.03	5.7415	0.81075	1.1177	652.01	-0.034070	4.9820e-05	0.071455	supercritical
839.36	584.00	226.98	0.0044057	565.86	823.15	5.7429	0.81093	1.1177	652.25	-0.034122	4.9847e-05	0.071501	supercritical
840.36	584.00	226.73	0.0044105	566.69	824.27	5.7442	0.81110	1.1178	652.50	-0.034174	4.9875e-05	0.071548	supercritical
841.36	584.00	226.49	0.0044153	567.53	825.39	5.7455	0.81128	1.1179	652.75	-0.034227	4.9903e-05	0.071594	supercritical
842.36	584.00	226.24	0.0044201	568.37	826.50	5.7469	0.81145	1.1179	653.00	-0.034279	4.9930e-05	0.071640	supercritical
843.36	584.00	225.99	0.0044249	569.21	827.62	5.7482	0.81162	1.1180	653.25	-0.034331	4.9958e-05	0.071686	supercritical
844.36	584.00	225.75	0.0044297	570.05	828.74	5.7495	0.81180	1.1181	653.50	-0.034383	4.9986e-05	0.071732	supercritical
845.36	584.00	225.51	0.0044345	570.88	829.86	5.7508	0.81197	1.1181	653.75	-0.034435	5.0014e-05	0.071779	supercritical
846.36	584.00	225.26	0.0044393	571.72	830.98	5.7521	0.81214	1.1182	654.00	-0.034487	5.0041e-05	0.071825	supercritical
847.36	584.00	225.02	0.0044440	572.56	832.09	5.7535	0.81232	1.1183	654.24	-0.034538	5.0069e-05	0.071871	supercritical
848.36	584.00	224.78	0.0044488	573.40	833.21	5.7548	0.81249	1.1183	654.49	-0.034590	5.0097e-05	0.071918	supercritical
849.36	584.00	224.54	0.0044536	574.24	834.33	5.7561	0.81266	1.1184	654.74	-0.034641	5.0124e-05	0.071964	supercritical
850.36	584.00	224.30	0.0044584	575.08	835.45	5.7574	0.81283	1.1184	654.99	-0.034693	5.0152e-05	0.072010	supercritical
851.36	584.00	224.05	0.0044632	575.92	836.57	5.7587	0.81301	1.1185	655.24	-0.034744	5.0180e-05	0.072057	supercritical
852.36	584.00	223.81	0.0044680	576.76	837.69	5.7600	0.81318	1.1186	655.49	-0.034795	5.0208e-05	0.072103	supercritical
853.36	584.00	223.58	0.0044728	577.59	838.80	5.7614	0.81335	1.1186	655.73	-0.034846	5.0235e-05	0.072150	supercritical
854.36	584.00	223.34	0.0044775	578.43	839.92	5.7627	0.81352	1.1187	655.98	-0.034897	5.0263e-05	0.072196	supercritical
855.36	584.00	223.10	0.0044823	579.27	841.04	5.7640	0.81369	1.1188	656.23	-0.034948	5.0291e-05	0.072242	supercritical
856.36	584.00	222.86	0.0044871	580.11	842.16	5.7653	0.81386	1.1188	656.48	-0.034998	5.0319e-05	0.072289	supercritical
857.36	584.00	222.62	0.0044919	580.95	843.28	5.7666	0.81403	1.1189	656.73	-0.035049	5.0346e-05	0.072335	supercritical
858.36	584.00	222.39	0.0044967	581.79	844.40	5.7679	0.81420	1.1190	656.97	-0.035100	5.0374e-05	0.072382	supercritical
859.36	584.00	222.15	0.0045015	582.63	845.52	5.7692	0.81437	1.1190	657.22	-0.035150	5.0402e-05	0.072428	supercritical
860.36	584.00	221.91	0.0045062	583.47	846.64	5.7705	0.81454	1.1191	657.47	-0.035200	5.0429e-05	0.072475	supercritical
861.36	584.00	221.68	0.0045110	584.31	847.76	5.7718	0.81471	1.1192	657.72	-0.035251	5.0457e-05	0.072521	supercritical
862.36	584.00	221.44	0.0045158	585.15	848.87	5.7731	0.81487	1.1192	657.96	-0.035301	5.0485e-05	0.072568	supercritical
863.36	584.00	221.21	0.0045206	585.99	849.99	5.7744	0.81504	1.1193	658.21	-0.035351	5.0513e-05	0.072615	supercritical
864.36	584.00	220.98	0.0045254	586.83	851.11	5.7757	0.81521	1.1193	658.46	-0.035401	5.0540e-05	0.072661	supercritical
865.36	584.00	220.74	0.0045301	587.67	852.23	5.7770	0.81538	1.1194	658.71	-0.035451	5.0568e-05	0.072708	supercritical
866.36	584.00	220.51	0.0045349	588.51	853.35	5.7783	0.81554	1.1195	658.95	-0.035501	5.0596e-05	0.072754	supercritical
867.36	584.00	220.28	0.0045397	589.35	854.47	5.7796	0.81571	1.1195	659.20	-0.035550	5.0624e-05	0.072801	supercritical
868.36	584.00	220.05	0.0045445	590.19	855.59	5.7809	0.81588	1.1196	659.45	-0.035600	5.0651e-05	0.072848	supercritical
869.36	584.00	219.82	0.0045492	591.04	856.71	5.7821	0.81604	1.1197	659.70	-0.035649	5.0679e-05	0.072894	supercritical
870.36	584.00	219.59	0.0045540	591.88	857.83	5.7834	0.81621	1.1197	659.94	-0.035699	5.0707e-05	0.072941	supercritical
871.36	584.00	219.36	0.0045588	592.72	858.95	5.7847	0.81638	1.1198	660.19	-0.035748	5.0735e-05	0.072988	supercritical
872.36	584.00	219.13	0.0045635	593.56	860.07	5.7860	0.81654	1.1199	660.44	-0.035797	5.0762e-05	0.073034	supercritical
873.36	584.00	218.90	0.0045683	594.40	861.19	5.7873	0.81671	1.1199	660.68	-0.035846	5.0790e-05	0.073081	supercritical
874.36	584.00	218.67	0.0045731	595.24	862.31	5.7886	0.81687	1.1200	660.93	-0.035895	5.0818e-05	0.073128	supercritical
875.36	584.00	218.44	0.0045779	596.08	863.43	5.7899	0.81704	1.1201	661.18	-0.035944	5.0846e-05	0.073175	supercritical
876.36	584.00	218.22	0.0045826	596.92	864.55	5.7911	0.81720	1.1201	661.42	-0.035993	5.0873e-05	0.073221	supercritical
877.36	584.00	217.99	0.0045874	597.77	865.67	5.7924	0.81737	1.1202	661.67	-0.036042	5.0901e-05	0.073268	supercritical
878.36	584.00	217.76	0.0045922	598.61	866.79	5.7937	0.81753	1.1203	661.92	-0.036090	5.0929e-05	0.073315	supercritical
879.36	584.00	217.54	0.0045969	599.45	867.91	5.7950	0.81769	1.1203	662.16	-0.036139	5.0957e-05	0.073362	supercritical
880.36	584.00	217.31	0.0046017	600.29	869.03	5.7962	0.81786	1.1204	662.41	-0.036187	5.0984e-05	0.073408	supercritical
881.36	584.00	217.09	0.0046065	601.13	870.15	5.7975	0.81802	1.1205	662.66	-0.036236	5.1012e-05	0.073455	supercritical
882.36	584.00	216.86	0.0046112	601.98	871.27	5.7988	0.81818	1.1205	662.90	-0.036284	5.1040e-05	0.073502	supercritical
883.36	584.00	216.64	0.0046160	602.82	872.39	5.8000	0.81834	1.1206	663.15	-0.036332	5.1068e-05	0.073549	supercritical
884.36	584.00	216.41	0.0046208	603.66	873.51	5.8013	0.81851	1.1207	663.40	-0.036380	5.1095e-05	0.073596	supercritical
885.36	584.00	216.19	0.0046255	604.50	874.63	5.8026	0.81867	1.1207	663.64	-0.036428	5.1123e-05	0.073643	supercritical
886.36	584.00	215.97	0.0046303	605.35	875.75	5.8038	0.81883	1.1208	663.89	-0.036476	5.1151e-05	0.073690	supercritical
887.36	584.00	215.75	0.0046351	606.19	876.88	5.8051	0.81899	1.1209	664.13	-0.036524	5.1179e-05	0.073737	supercritical
888.36	584.00	215.53	0.0046398	607.03	878.00	5.8064	0.81915	1.1209	664.38	-0.036571	5.1206e-05	0.073783	supercritical
889.36	584.00	215.30	0.0046446	607.87	879.12	5.8076	0.81931	1.1210	664.63	-0.036619	5.1234e-05	0.073830	supercritical
890.36	584.00	215.08	0.0046493	608.72	880.24	5.8089	0.81947	1.1211	664.87	-0.036667	5.1262e-05	0.073877	supercritical
891.36	584.00	214.86	0.0046541	609.56	881.36	5.8101	0.81963	1.1211	665.12	-0.036714	5.1290e-05	0.073924	supercritical
892.36	584.00	214.65	0.0046589	610.40	882.48	5.8114	0.81979	1.1212	665.36	-0.036761	5.1317e-05	0.073971	supercritical
893.36	584.00	214.43	0.0046636	611.25	883.60	5.8127	0.81995	1.1213	665.61	-0.036809	5.1345e-05	0.074018	supercritical
894.36	584.00	214.21	0.0046684	612.09	884.72	5.8139	0.82011	1.1213	665.86	-0.036856	5.1373e-05	0.074065	supercritical
895.36	584.00	213.99	0.0046731	612.93	885.84	5.8152	0.82027	1.1214	666.10	-0.036903	5.1401e-05	0.074112	supercritical
896.36	584.00	213.77	0.0046779	613.78	886.97	5.8164	0.82043	1.1215	666.35	-0.036950	5.1428e-05	0.074159	supercritical
897.36	584.00	213.55	0.0046826	614.62	888.09	5.8177	0.82059	1.1215	666.59	-0.036997	5.1456e-05	0.074206	supercritical
898.36	584.00	213.34	0.0046874	615.47	889.21	5.8189	0.82075	1.1216	666.84	-0.037043	5.1484e-05	0.074253	supercritical
899.36	584.00	213.12	0.0046922	616.31	890.33	5.8202	0.82091	1.1217	667.08	-0.037090	5.1512e-05	0.074300	supercritical
900.36	584.00	212.91	0.0046969	617.15	891.45	5.8214	0.82106	1.1217	667.33	-0.037137	5.1539e-05	0.074347	supercritical
901.36	584.00	212.69	0.0047017	618.00	892.57	5.8227	0.82122	1.1218	667.57	-0.037183	5.1567e-05	0.074394	supercritical
902.36	584.00	212.48	0.0047064	618.84	893.70	5.8239	0.82138	1.1219	667.82	-0.037230	5.1595e-05	0.074441	supercritical
903.36	584.00	212.26	0.0047112	619.69	894.82	5.8251	0.82154	1.1219	668.06	-0.037276	5.1623e-05	0.074489	supercritical
904.36	584.00	212.05	0.0047159	620.53	895.94	5.8264	0.82169	1.1220	668.31	-0.037322	5.1650e-05	0.074536	supercritical
905.36	584.00	211.83	0.0047207	621.37	897.06	5.8276	0.82185	1.1221	668.55	-0.037368	5.1678e-05	0.074583	supercritical
906.36	584.00	211.62	0.0047254	622.22	898.18	5.8289	0.82201	1.1221	668.80	-0.037415	5.1706e-05	0.074630	supercritical
907.36	584.00	211.41	0.0047302	623.06	899.31	5.8301	0.82216	1.1222	669.04	-0.037461	5.1734e-05	0.074677	supercritical
908.36	584.00	211.20	0.0047349	623.91	900.43	5.8313	0.82232	1.1223	669.29	-0.037506	5.1761e-05	0.074724	supercritical
909.36	584.00	210.99	0.0047397	624.75	901.55	5.8326	0.82247	1.1223	669.53	-0.037552	5.1789e-05	0.074771	supercritical
910.36	584.00	210.77	0.0047444	625.60	902.67	5.8338	0.82263	1.1224	669.78	-0.037598	5.1817e-05	0.074818	supercritical
911.36	584.00	210.56	0.0047492	626.44	903.80	5.8350	0.82278	1.1225	670.02	-0.037644	5.1845e-05	0.074866	supercritical
912.36	584.00	210.35	0.0047539	627.29	904.92	5.8363	0.82294	1.1225	670.27	-0.037689	5.1872e-05	0.074913	supercritical
913.36	584.00	210.14	0.0047587	628.13	906.04	5.8375	0.82309	1.1226	670.51	-0.037735	5.1900e-05	0.074960	supercritical
914.36	584.00	209.93	0.0047634	628.98	907.16	5.8387	0.82325	1.1227	670.75	-0.037780	5.1928e-05	0.075007	supercritical
915.36	584.00	209.72	0.0047681	629.83	908.29	5.8400	0.82340	1.1227	671.00	-0.037825	5.1956e-05	0.075054	supercritical
916.36	584.00	209.52	0.0047729	630.67	909.41	5.8412	0.82355	1.1228	671.24	-0.037871	5.1983e-05	0.075102	supercritical
917.36	584.00	209.31	0.0047776	631.52	910.53	5.8424	0.82371	1.1229	671.49	-0.037916	5.2011e-05	0.075149	supercritical
918.36	584.00	209.10	0.0047824	632.36	911.65	5.8436	0.82386	1.1229	671.73	-0.037961	5.2039e-05	0.075196	supercritical
919.36	584.00	208.89	0.0047871	633.21	912.78	5.8449	0.82401	1.1230	671.98	-0.038006	5.2067e-05	0.075243	supercritical
920.36	584.00	208.69	0.0047919	634.06	913.90	5.8461	0.82416	1.1231	672.22	-0.038051	5.2094e-05	0.075291	supercritical
921.36	584.00	208.48	0.0047966	634.90	915.02	5.8473	0.82432	1.1231	672.46	-0.038095	5.2122e-05	0.075338	supercritical
922.36	584.00	208.27	0.0048014	635.75	916.15	5.8485	0.82447	1.1232	672.71	-0.038140	5.2150e-05	0.075385	supercritical
923.36	584.00	208.07	0.0048061	636.59	917.27	5.8497	0.82462	1.1233	672.95	-0.038185	5.2177e-05	0.075433	supercritical
924.36	584.00	207.86	0.0048108	637.44	918.39	5.8509	0.82477	1.1233	673.19	-0.038229	5.2205e-05	0.075480	supercritical
925.36	584.00	207.66	0.0048156	638.29	919.52	5.8522	0.82492	1.1234	673.44	-0.038274	5.2233e-05	0.075527	supercritical
926.36	584.00	207.46	0.0048203	639.13	920.64	5.8534	0.82507	1.1235	673.68	-0.038318	5.2261e-05	0.075575	supercritical
927.36	584.00	207.25	0.0048250	639.98	921.76	5.8546	0.82522	1.1235	673.92	-0.038362	5.2288e-05	0.075622	supercritical
928.36	584.00	207.05	0.0048298	640.83	922.89	5.8558	0.82538	1.1236	674.17	-0.038407	5.2316e-05	0.075669	supercritical
929.36	584.00	206.85	0.0048345	641.67	924.01	5.8570	0.82553	1.1237	674.41	-0.038451	5.2344e-05	0.075717	supercritical
930.36	584.00	206.64	0.0048393	642.52	925.13	5.8582	0.82568	1.1237	674.65	-0.038495	5.2371e-05	0.075764	supercritical
931.36	584.00	206.44	0.0048440	643.37	926.26	5.8594	0.82583	1.1238	674.90	-0.038539	5.2399e-05	0.075811	supercritical
932.36	584.00	206.24	0.0048487	644.22	927.38	5.8606	0.82597	1.1239	675.14	-0.038583	5.2427e-05	0.075859	supercritical
933.36	584.00	206.04	0.0048535	645.06	928.51	5.8618	0.82612	1.1239	675.38	-0.038626	5.2455e-05	0.075906	supercritical
934.36	584.00	205.84	0.0048582	645.91	929.63	5.8630	0.82627	1.1240	675.63	-0.038670	5.2482e-05	0.075953	supercritical
935.36	584.00	205.64	0.0048629	646.76	930.75	5.8642	0.82642	1.1241	675.87	-0.038714	5.2510e-05	0.076001	supercritical
936.36	584.00	205.44	0.0048677	647.61	931.88	5.8654	0.82657	1.1241	676.11	-0.038757	5.2538e-05	0.076048	supercritical
937.36	584.00	205.24	0.0048724	648.45	933.00	5.8666	0.82672	1.1242	676.36	-0.038801	5.2565e-05	0.076096	supercritical
938.36	584.00	205.04	0.0048771	649.30	934.13	5.8678	0.82687	1.1243	676.60	-0.038844	5.2593e-05	0.076143	supercritical
939.36	584.00	204.84	0.0048819	650.15	935.25	5.8690	0.82701	1.1244	676.84	-0.038888	5.2621e-05	0.076191	supercritical
940.36	584.00	204.64	0.0048866	651.00	936.38	5.8702	0.82716	1.1244	677.08	-0.038931	5.2649e-05	0.076238	supercritical
941.36	584.00	204.44	0.0048913	651.85	937.50	5.8714	0.82731	1.1245	677.33	-0.038974	5.2676e-05	0.076285	supercritical
942.36	584.00	204.25	0.0048961	652.69	938.62	5.8726	0.82745	1.1246	677.57	-0.039017	5.2704e-05	0.076333	supercritical
943.36	584.00	204.05	0.0049008	653.54	939.75	5.8738	0.82760	1.1246	677.81	-0.039060	5.2732e-05	0.076380	supercritical
944.36	584.00	203.85	0.0049055	654.39	940.87	5.8750	0.82775	1.1247	678.05	-0.039103	5.2759e-05	0.076428	supercritical
945.36	584.00	203.66	0.0049102	655.24	942.00	5.8762	0.82789	1.1248	678.30	-0.039146	5.2787e-05	0.076475	supercritical
946.36	584.00	203.46	0.0049150	656.09	943.12	5.8774	0.82804	1.1248	678.54	-0.039188	5.2815e-05	0.076523	supercritical
947.36	584.00	203.26	0.0049197	656.94	944.25	5.8786	0.82819	1.1249	678.78	-0.039231	5.2842e-05	0.076570	supercritical
948.36	584.00	203.07	0.0049244	657.79	945.37	5.8798	0.82833	1.1250	679.02	-0.039274	5.2870e-05	0.076618	supercritical
949.36	584.00	202.87	0.0049292	658.64	946.50	5.8809	0.82848	1.1250	679.26	-0.039316	5.2898e-05	0.076665	supercritical
950.36	584.00	202.68	0.0049339	659.48	947.62	5.8821	0.82862	1.1251	679.51	-0.039359	5.2925e-05	0.076713	supercritical
951.36	584.00	202.49	0.0049386	660.33	948.75	5.8833	0.82877	1.1252	679.75	-0.039401	5.2953e-05	0.076760	supercritical
952.36	584.00	202.29	0.0049433	661.18	949.87	5.8845	0.82891	1.1252	679.99	-0.039443	5.2981e-05	0.076808	supercritical
953.36	584.00	202.10	0.0049481	662.03	951.00	5.8857	0.82905	1.1253	680.23	-0.039486	5.3008e-05	0.076856	supercritical
954.36	584.00	201.91	0.0049528	662.88	952.12	5.8869	0.82920	1.1254	680.47	-0.039528	5.3036e-05	0.076903	supercritical
955.36	584.00	201.71	0.0049575	663.73	953.25	5.8880	0.82934	1.1254	680.71	-0.039570	5.3064e-05	0.076951	supercritical
956.36	584.00	201.52	0.0049622	664.58	954.37	5.8892	0.82949	1.1255	680.96	-0.039612	5.3091e-05	0.076998	supercritical
957.36	584.00	201.33	0.0049669	665.43	955.50	5.8904	0.82963	1.1256	681.20	-0.039654	5.3119e-05	0.077046	supercritical
958.36	584.00	201.14	0.0049717	666.28	956.63	5.8916	0.82977	1.1256	681.44	-0.039695	5.3147e-05	0.077093	supercritical
959.36	584.00	200.95	0.0049764	667.13	957.75	5.8927	0.82992	1.1257	681.68	-0.039737	5.3174e-05	0.077141	supercritical
960.36	584.00	200.76	0.0049811	667.98	958.88	5.8939	0.83006	1.1258	681.92	-0.039779	5.3202e-05	0.077189	supercritical
961.36	584.00	200.57	0.0049858	668.83	960.00	5.8951	0.83020	1.1258	682.16	-0.039820	5.3230e-05	0.077236	supercritical
962.36	584.00	200.38	0.0049906	669.68	961.13	5.8963	0.83034	1.1259	682.40	-0.039862	5.3257e-05	0.077284	supercritical
963.36	584.00	200.19	0.0049953	670.53	962.25	5.8974	0.83048	1.1260	682.64	-0.039903	5.3285e-05	0.077332	supercritical
964.36	584.00	200.00	0.0050000	671.38	963.38	5.8986	0.83063	1.1260	682.89	-0.039945	5.3313e-05	0.077379	supercritical
965.36	584.00	199.81	0.0050047	672.23	964.51	5.8998	0.83077	1.1261	683.13	-0.039986	5.3340e-05	0.077427	supercritical
966.36	584.00	199.62	0.0050094	673.08	965.63	5.9009	0.83091	1.1262	683.37	-0.040027	5.3368e-05	0.077474	supercritical
967.36	584.00	199.44	0.0050141	673.93	966.76	5.9021	0.83105	1.1262	683.61	-0.040068	5.3396e-05	0.077522	supercritical
968.36	584.00	199.25	0.0050189	674.78	967.89	5.9033	0.83119	1.1263	683.85	-0.040109	5.3423e-05	0.077570	supercritical
969.36	584.00	199.06	0.0050236	675.64	969.01	5.9044	0.83133	1.1264	684.09	-0.040150	5.3451e-05	0.077617	supercritical
970.36	584.00	198.87	0.0050283	676.49	970.14	5.9056	0.83147	1.1264	684.33	-0.040191	5.3479e-05	0.077665	supercritical
971.36	584.00	198.69	0.0050330	677.34	971.26	5.9067	0.83161	1.1265	684.57	-0.040232	5.3506e-05	0.077713	supercritical
972.36	584.00	198.50	0.0050377	678.19	972.39	5.9079	0.83175	1.1266	684.81	-0.040273	5.3534e-05	0.077760	supercritical
973.36	584.00	198.32	0.0050424	679.04	973.52	5.9091	0.83189	1.1266	685.05	-0.040313	5.3561e-05	0.077808	supercritical
974.36	584.00	198.13	0.0050471	679.89	974.64	5.9102	0.83203	1.1267	685.29	-0.040354	5.3589e-05	0.077856	supercritical
975.36	584.00	197.95	0.0050519	680.74	975.77	5.9114	0.83217	1.1268	685.53	-0.040395	5.3617e-05	0.077904	supercritical
976.36	584.00	197.76	0.0050566	681.59	976.90	5.9125	0.83231	1.1268	685.77	-0.040435	5.3644e-05	0.077951	supercritical
977.36	584.00	197.58	0.0050613	682.45	978.02	5.9137	0.83244	1.1269	686.01	-0.040475	5.3672e-05	0.077999	supercritical
978.36	584.00	197.39	0.0050660	683.30	979.15	5.9148	0.83258	1.1270	686.25	-0.040516	5.3699e-05	0.078047	supercritical
979.36	584.00	197.21	0.0050707	684.15	980.28	5.9160	0.83272	1.1270	686.49	-0.040556	5.3727e-05	0.078094	supercritical
980.36	584.00	197.03	0.0050754	685.00	981.41	5.9171	0.83286	1.1271	686.73	-0.040596	5.3755e-05	0.078142	supercritical
981.36	584.00	196.85	0.0050801	685.85	982.53	5.9183	0.83300	1.1272	686.97	-0.040636	5.3782e-05	0.078190	supercritical
982.36	584.00	196.66	0.0050848	686.71	983.66	5.9194	0.83313	1.1272	687.21	-0.040676	5.3810e-05	0.078238	supercritical
983.36	584.00	196.48	0.0050895	687.56	984.79	5.9206	0.83327	1.1273	687.45	-0.040716	5.3838e-05	0.078285	supercritical
984.36	584.00	196.30	0.0050943	688.41	985.91	5.9217	0.83341	1.1274	687.69	-0.040756	5.3865e-05	0.078333	supercritical
985.36	584.00	196.12	0.0050990	689.26	987.04	5.9229	0.83354	1.1275	687.93	-0.040796	5.3893e-05	0.078381	supercritical
986.36	584.00	195.94	0.0051037	690.12	988.17	5.9240	0.83368	1.1275	688.17	-0.040836	5.3920e-05	0.078429	supercritical
987.36	584.00	195.76	0.0051084	690.97	989.30	5.9251	0.83382	1.1276	688.41	-0.040875	5.3948e-05	0.078476	supercritical
988.36	584.00	195.58	0.0051131	691.82	990.43	5.9263	0.83395	1.1277	688.65	-0.040915	5.3975e-05	0.078524	supercritical
989.36	584.00	195.40	0.0051178	692.67	991.55	5.9274	0.83409	1.1277	688.89	-0.040954	5.4003e-05	0.078572	supercritical
990.36	584.00	195.22	0.0051225	693.53	992.68	5.9286	0.83423	1.1278	689.12	-0.040994	5.4031e-05	0.078620	supercritical
991.36	584.00	195.04	0.0051272	694.38	993.81	5.9297	0.83436	1.1279	689.36	-0.041033	5.4058e-05	0.078668	supercritical
992.36	584.00	194.86	0.0051319	695.23	994.94	5.9308	0.83450	1.1279	689.60	-0.041072	5.4086e-05	0.078715	supercritical
993.36	584.00	194.68	0.0051366	696.09	996.06	5.9320	0.83463	1.1280	689.84	-0.041112	5.4113e-05	0.078763	supercritical
994.36	584.00	194.50	0.0051413	696.94	997.19	5.9331	0.83477	1.1281	690.08	-0.041151	5.4141e-05	0.078811	supercritical
995.36	584.00	194.32	0.0051460	697.79	998.32	5.9342	0.83490	1.1281	690.32	-0.041190	5.4168e-05	0.078859	supercritical
996.36	584.00	194.15	0.0051507	698.65	999.45	5.9354	0.83503	1.1282	690.56	-0.041229	5.4196e-05	0.078907	supercritical
997.36	584.00	193.97	0.0051554	699.50	1000.6	5.9365	0.83517	1.1283	690.80	-0.041268	5.4224e-05	0.078955	supercritical
998.36	584.00	193.79	0.0051601	700.35	1001.7	5.9376	0.83530	1.1283	691.04	-0.041307	5.4251e-05	0.079002	supercritical
999.36	584.00	193.62	0.0051648	701.21	1002.8	5.9388	0.83544	1.1284	691.27	-0.041346	5.4279e-05	0.079050	supercritical
1000.4	584.00	193.44	0.0051695	702.06	1004.0	5.9399	0.83557	1.1285	691.51	-0.041384	5.4306e-05	0.079098	supercritical
1001.4	584.00	193.27	0.0051742	702.92	1005.1	5.9410	0.83570	1.1285	691.75	-0.041423	5.4334e-05	0.079146	supercritical
1002.4	584.00	193.09	0.0051789	703.77	1006.2	5.9422	0.83584	1.1286	691.99	-0.041462	5.4361e-05	0.079194	supercritical
1003.4	584.00	192.92	0.0051836	704.62	1007.3	5.9433	0.83597	1.1287	692.23	-0.041500	5.4389e-05	0.079242	supercritical
1004.4	584.00	192.74	0.0051883	705.48	1008.5	5.9444	0.83610	1.1287	692.47	-0.041538	5.4416e-05	0.079290	supercritical
1005.4	584.00	192.57	0.0051930	706.33	1009.6	5.9455	0.83623	1.1288	692.70	-0.041577	5.4444e-05	0.079337	supercritical
1006.4	584.00	192.39	0.0051977	707.19	1010.7	5.9467	0.83636	1.1289	692.94	-0.041615	5.4471e-05	0.079385	supercritical
1007.4	584.00	192.22	0.0052024	708.04	1011.9	5.9478	0.83650	1.1289	693.18	-0.041653	5.4499e-05	0.079433	supercritical
1008.4	584.00	192.04	0.0052071	708.90	1013.0	5.9489	0.83663	1.1290	693.42	-0.041692	5.4527e-05	0.079481	supercritical
1009.4	584.00	191.87	0.0052118	709.75	1014.1	5.9500	0.83676	1.1291	693.65	-0.041730	5.4554e-05	0.079529	supercritical
1010.4	584.00	191.70	0.0052165	710.61	1015.2	5.9511	0.83689	1.1291	693.89	-0.041768	5.4582e-05	0.079577	supercritical
1011.4	584.00	191.53	0.0052212	711.46	1016.4	5.9522	0.83702	1.1292	694.13	-0.041806	5.4609e-05	0.079625	supercritical
1012.4	584.00	191.35	0.0052259	712.32	1017.5	5.9534	0.83715	1.1293	694.37	-0.041844	5.4637e-05	0.079673	supercritical
1013.4	584.00	191.18	0.0052306	713.17	1018.6	5.9545	0.83728	1.1293	694.61	-0.041882	5.4664e-05	0.079721	supercritical
1014.4	584.00	191.01	0.0052353	714.03	1019.8	5.9556	0.83741	1.1294	694.84	-0.041919	5.4692e-05	0.079768	supercritical
1015.4	584.00	190.84	0.0052400	714.88	1020.9	5.9567	0.83754	1.1295	695.08	-0.041957	5.4719e-05	0.079816	supercritical
1016.4	584.00	190.67	0.0052447	715.74	1022.0	5.9578	0.83767	1.1295	695.32	-0.041995	5.4747e-05	0.079864	supercritical
1017.4	584.00	190.50	0.0052494	716.59	1023.2	5.9589	0.83780	1.1296	695.55	-0.042032	5.4774e-05	0.079912	supercritical
1018.4	584.00	190.33	0.0052541	717.45	1024.3	5.9600	0.83793	1.1297	695.79	-0.042070	5.4802e-05	0.079960	supercritical
1019.4	584.00	190.16	0.0052588	718.30	1025.4	5.9611	0.83806	1.1297	696.03	-0.042107	5.4829e-05	0.080008	supercritical
1020.4	584.00	189.99	0.0052635	719.16	1026.5	5.9623	0.83819	1.1298	696.27	-0.042145	5.4857e-05	0.080056	supercritical
1021.4	584.00	189.82	0.0052681	720.01	1027.7	5.9634	0.83832	1.1299	696.50	-0.042182	5.4884e-05	0.080104	supercritical
1022.4	584.00	189.65	0.0052728	720.87	1028.8	5.9645	0.83845	1.1299	696.74	-0.042219	5.4912e-05	0.080152	supercritical
1023.4	584.00	189.48	0.0052775	721.73	1029.9	5.9656	0.83858	1.1300	696.98	-0.042256	5.4939e-05	0.080200	supercritical
1024.4	584.00	189.31	0.0052822	722.58	1031.1	5.9667	0.83871	1.1301	697.21	-0.042293	5.4966e-05	0.080248	supercritical
1025.4	584.00	189.15	0.0052869	723.44	1032.2	5.9678	0.83884	1.1301	697.45	-0.042330	5.4994e-05	0.080296	supercritical
1026.4	584.00	188.98	0.0052916	724.29	1033.3	5.9689	0.83896	1.1302	697.69	-0.042367	5.5021e-05	0.080344	supercritical
1027.4	584.00	188.81	0.0052963	725.15	1034.5	5.9700	0.83909	1.1303	697.92	-0.042404	5.5049e-05	0.080392	supercritical
1028.4	584.00	188.64	0.0053010	726.01	1035.6	5.9711	0.83922	1.1303	698.16	-0.042441	5.5076e-05	0.080440	supercritical
1029.4	584.00	188.48	0.0053057	726.86	1036.7	5.9722	0.83935	1.1304	698.40	-0.042478	5.5104e-05	0.080488	supercritical
1030.4	584.00	188.31	0.0053104	727.72	1037.8	5.9733	0.83947	1.1305	698.63	-0.042515	5.5131e-05	0.080536	supercritical
1031.4	584.00	188.15	0.0053150	728.58	1039.0	5.9744	0.83960	1.1305	698.87	-0.042551	5.5159e-05	0.080584	supercritical
1032.4	584.00	187.98	0.0053197	729.43	1040.1	5.9755	0.83973	1.1306	699.10	-0.042588	5.5186e-05	0.080632	supercritical
1033.4	584.00	187.81	0.0053244	730.29	1041.2	5.9766	0.83985	1.1307	699.34	-0.042624	5.5214e-05	0.080680	supercritical
1034.4	584.00	187.65	0.0053291	731.15	1042.4	5.9777	0.83998	1.1307	699.58	-0.042661	5.5241e-05	0.080728	supercritical
1035.4	584.00	187.48	0.0053338	732.01	1043.5	5.9787	0.84011	1.1308	699.81	-0.042697	5.5268e-05	0.080776	supercritical
1036.4	584.00	187.32	0.0053385	732.86	1044.6	5.9798	0.84023	1.1308	700.05	-0.042734	5.5296e-05	0.080824	supercritical
1037.4	584.00	187.16	0.0053432	733.72	1045.8	5.9809	0.84036	1.1309	700.28	-0.042770	5.5323e-05	0.080872	supercritical
1038.4	584.00	186.99	0.0053478	734.58	1046.9	5.9820	0.84048	1.1310	700.52	-0.042806	5.5351e-05	0.080920	supercritical
1039.4	584.00	186.83	0.0053525	735.43	1048.0	5.9831	0.84061	1.1310	700.76	-0.042842	5.5378e-05	0.080968	supercritical
1040.4	584.00	186.66	0.0053572	736.29	1049.2	5.9842	0.84073	1.1311	700.99	-0.042878	5.5406e-05	0.081016	supercritical
1041.4	584.00	186.50	0.0053619	737.15	1050.3	5.9853	0.84086	1.1312	701.23	-0.042914	5.5433e-05	0.081064	supercritical
1042.4	584.00	186.34	0.0053666	738.01	1051.4	5.9864	0.84098	1.1312	701.46	-0.042950	5.5460e-05	0.081112	supercritical
1043.4	584.00	186.18	0.0053713	738.87	1052.5	5.9875	0.84111	1.1313	701.70	-0.042986	5.5488e-05	0.081160	supercritical
1044.4	584.00	186.01	0.0053759	739.72	1053.7	5.9885	0.84123	1.1314	701.93	-0.043022	5.5515e-05	0.081208	supercritical
1045.4	584.00	185.85	0.0053806	740.58	1054.8	5.9896	0.84136	1.1314	702.17	-0.043058	5.5543e-05	0.081256	supercritical
1046.4	584.00	185.69	0.0053853	741.44	1055.9	5.9907	0.84148	1.1315	702.40	-0.043094	5.5570e-05	0.081304	supercritical
1047.4	584.00	185.53	0.0053900	742.30	1057.1	5.9918	0.84160	1.1316	702.64	-0.043129	5.5597e-05	0.081352	supercritical
1048.4	584.00	185.37	0.0053947	743.16	1058.2	5.9929	0.84173	1.1316	702.87	-0.043165	5.5625e-05	0.081400	supercritical
1049.4	584.00	185.21	0.0053993	744.01	1059.3	5.9939	0.84185	1.1317	703.11	-0.043200	5.5652e-05	0.081448	supercritical
1050.4	584.00	185.05	0.0054040	744.87	1060.5	5.9950	0.84197	1.1318	703.34	-0.043236	5.5680e-05	0.081496	supercritical
1051.4	584.00	184.89	0.0054087	745.73	1061.6	5.9961	0.84210	1.1318	703.58	-0.043271	5.5707e-05	0.081544	supercritical
1052.4	584.00	184.73	0.0054134	746.59	1062.7	5.9972	0.84222	1.1319	703.81	-0.043306	5.5734e-05	0.081592	supercritical
1053.4	584.00	184.57	0.0054180	747.45	1063.9	5.9982	0.84234	1.1320	704.05	-0.043342	5.5762e-05	0.081640	supercritical
1054.4	584.00	184.41	0.0054227	748.31	1065.0	5.9993	0.84246	1.1320	704.28	-0.043377	5.5789e-05	0.081688	supercritical
1055.4	584.00	184.25	0.0054274	749.17	1066.1	6.0004	0.84259	1.1321	704.52	-0.043412	5.5816e-05	0.081736	supercritical
1056.4	584.00	184.09	0.0054321	750.03	1067.3	6.0015	0.84271	1.1322	704.75	-0.043447	5.5844e-05	0.081784	supercritical
1057.4	584.00	183.93	0.0054368	750.88	1068.4	6.0025	0.84283	1.1322	704.98	-0.043482	5.5871e-05	0.081832	supercritical
1058.4	584.00	183.78	0.0054414	751.74	1069.5	6.0036	0.84295	1.1323	705.22	-0.043517	5.5898e-05	0.081881	supercritical
1059.4	584.00	183.62	0.0054461	752.60	1070.7	6.0047	0.84307	1.1324	705.45	-0.043552	5.5926e-05	0.081929	supercritical
1060.4	584.00	183.46	0.0054508	753.46	1071.8	6.0057	0.84320	1.1324	705.69	-0.043587	5.5953e-05	0.081977	supercritical
1061.4	584.00	183.30	0.0054555	754.32	1072.9	6.0068	0.84332	1.1325	705.92	-0.043622	5.5980e-05	0.082025	supercritical
1062.4	584.00	183.15	0.0054601	755.18	1074.1	6.0079	0.84344	1.1326	706.16	-0.043656	5.6008e-05	0.082073	supercritical
1063.4	584.00	182.99	0.0054648	756.04	1075.2	6.0089	0.84356	1.1326	706.39	-0.043691	5.6035e-05	0.082121	supercritical
1064.4	584.00	182.83	0.0054695	756.90	1076.3	6.0100	0.84368	1.1327	706.62	-0.043726	5.6062e-05	0.082169	supercritical
1065.4	584.00	182.68	0.0054742	757.76	1077.5	6.0111	0.84380	1.1328	706.86	-0.043760	5.6090e-05	0.082217	supercritical
1066.4	584.00	182.52	0.0054788	758.62	1078.6	6.0121	0.84392	1.1328	707.09	-0.043795	5.6117e-05	0.082265	supercritical
1067.4	584.00	182.37	0.0054835	759.48	1079.7	6.0132	0.84404	1.1329	707.32	-0.043829	5.6144e-05	0.082313	supercritical
1068.4	584.00	182.21	0.0054882	760.34	1080.9	6.0143	0.84416	1.1329	707.56	-0.043863	5.6172e-05	0.082361	supercritical
1069.4	584.00	182.06	0.0054928	761.20	1082.0	6.0153	0.84428	1.1330	707.79	-0.043898	5.6199e-05	0.082410	supercritical
1070.4	584.00	181.90	0.0054975	762.06	1083.1	6.0164	0.84440	1.1331	708.03	-0.043932	5.6226e-05	0.082458	supercritical
1071.4	584.00	181.75	0.0055022	762.92	1084.2	6.0174	0.84452	1.1331	708.26	-0.043966	5.6254e-05	0.082506	supercritical
1072.4	584.00	181.59	0.0055069	763.78	1085.4	6.0185	0.84464	1.1332	708.49	-0.044000	5.6281e-05	0.082554	supercritical
1073.4	584.00	181.44	0.0055115	764.64	1086.5	6.0196	0.84476	1.1333	708.73	-0.044034	5.6308e-05	0.082602	supercritical
1074.4	584.00	181.28	0.0055162	765.50	1087.6	6.0206	0.84488	1.1333	708.96	-0.044068	5.6336e-05	0.082650	supercritical
1075.4	584.00	181.13	0.0055209	766.36	1088.8	6.0217	0.84499	1.1334	709.19	-0.044102	5.6363e-05	0.082698	supercritical
1076.4	584.00	180.98	0.0055255	767.22	1089.9	6.0227	0.84511	1.1335	709.42	-0.044136	5.6390e-05	0.082746	supercritical
1077.4	584.00	180.83	0.0055302	768.09	1091.0	6.0238	0.84523	1.1335	709.66	-0.044170	5.6417e-05	0.082794	supercritical
1078.4	584.00	180.67	0.0055349	768.95	1092.2	6.0248	0.84535	1.1336	709.89	-0.044204	5.6445e-05	0.082843	supercritical
1079.4	584.00	180.52	0.0055395	769.81	1093.3	6.0259	0.84547	1.1337	710.12	-0.044237	5.6472e-05	0.082891	supercritical
1080.4	584.00	180.37	0.0055442	770.67	1094.5	6.0269	0.84558	1.1337	710.36	-0.044271	5.6499e-05	0.082939	supercritical
1081.4	584.00	180.22	0.0055489	771.53	1095.6	6.0280	0.84570	1.1338	710.59	-0.044305	5.6526e-05	0.082987	supercritical
1082.4	584.00	180.07	0.0055535	772.39	1096.7	6.0290	0.84582	1.1339	710.82	-0.044338	5.6554e-05	0.083035	supercritical
1083.4	584.00	179.91	0.0055582	773.25	1097.9	6.0301	0.84594	1.1339	711.05	-0.044372	5.6581e-05	0.083083	supercritical
1084.4	584.00	179.76	0.0055629	774.11	1099.0	6.0311	0.84605	1.1340	711.29	-0.044405	5.6608e-05	0.083131	supercritical
1085.4	584.00	179.61	0.0055675	774.98	1100.1	6.0322	0.84617	1.1341	711.52	-0.044439	5.6635e-05	0.083179	supercritical
1086.4	584.00	179.46	0.0055722	775.84	1101.3	6.0332	0.84629	1.1341	711.75	-0.044472	5.6663e-05	0.083228	supercritical
1087.4	584.00	179.31	0.0055769	776.70	1102.4	6.0342	0.84640	1.1342	711.98	-0.044505	5.6690e-05	0.083276	supercritical
1088.4	584.00	179.16	0.0055815	777.56	1103.5	6.0353	0.84652	1.1342	712.21	-0.044538	5.6717e-05	0.083324	supercritical
1089.4	584.00	179.01	0.0055862	778.42	1104.7	6.0363	0.84664	1.1343	712.45	-0.044571	5.6744e-05	0.083372	supercritical
1090.4	584.00	178.86	0.0055909	779.28	1105.8	6.0374	0.84675	1.1344	712.68	-0.044605	5.6772e-05	0.083420	supercritical
1091.4	584.00	178.71	0.0055955	780.15	1106.9	6.0384	0.84687	1.1344	712.91	-0.044638	5.6799e-05	0.083468	supercritical
1092.4	584.00	178.57	0.0056002	781.01	1108.1	6.0394	0.84698	1.1345	713.14	-0.044671	5.6826e-05	0.083517	supercritical
1093.4	584.00	178.42	0.0056048	781.87	1109.2	6.0405	0.84710	1.1346	713.37	-0.044703	5.6853e-05	0.083565	supercritical
1094.4	584.00	178.27	0.0056095	782.73	1110.3	6.0415	0.84721	1.1346	713.61	-0.044736	5.6880e-05	0.083613	supercritical
1095.4	584.00	178.12	0.0056142	783.60	1111.5	6.0426	0.84733	1.1347	713.84	-0.044769	5.6908e-05	0.083661	supercritical
1096.4	584.00	177.97	0.0056188	784.46	1112.6	6.0436	0.84744	1.1348	714.07	-0.044802	5.6935e-05	0.083709	supercritical
1097.4	584.00	177.83	0.0056235	785.32	1113.7	6.0446	0.84756	1.1348	714.30	-0.044835	5.6962e-05	0.083757	supercritical
1098.4	584.00	177.68	0.0056282	786.18	1114.9	6.0457	0.84767	1.1349	714.53	-0.044867	5.6989e-05	0.083805	supercritical
1099.4	584.00	177.53	0.0056328	787.05	1116.0	6.0467	0.84779	1.1350	714.76	-0.044900	5.7016e-05	0.083854	supercritical
1100.4	584.00	177.38	0.0056375	787.91	1117.1	6.0477	0.84790	1.1350	715.00	-0.044932	5.7044e-05	0.083902	supercritical
1101.4	584.00	177.24	0.0056421	788.77	1118.3	6.0488	0.84802	1.1351	715.23	-0.044965	5.7071e-05	0.083950	supercritical
1102.4	584.00	177.09	0.0056468	789.63	1119.4	6.0498	0.84813	1.1351	715.46	-0.044997	5.7098e-05	0.083998	supercritical
1103.4	584.00	176.95	0.0056515	790.50	1120.5	6.0508	0.84824	1.1352	715.69	-0.045030	5.7125e-05	0.084046	supercritical
1104.4	584.00	176.80	0.0056561	791.36	1121.7	6.0518	0.84836	1.1353	715.92	-0.045062	5.7152e-05	0.084094	supercritical
1105.4	584.00	176.65	0.0056608	792.22	1122.8	6.0529	0.84847	1.1353	716.15	-0.045094	5.7180e-05	0.084143	supercritical
1106.4	584.00	176.51	0.0056654	793.09	1123.9	6.0539	0.84859	1.1354	716.38	-0.045126	5.7207e-05	0.084191	supercritical
1107.4	584.00	176.36	0.0056701	793.95	1125.1	6.0549	0.84870	1.1355	716.61	-0.045158	5.7234e-05	0.084239	supercritical
1108.4	584.00	176.22	0.0056747	794.81	1126.2	6.0560	0.84881	1.1355	716.84	-0.045191	5.7261e-05	0.084287	supercritical
1109.4	584.00	176.07	0.0056794	795.68	1127.4	6.0570	0.84892	1.1356	717.07	-0.045223	5.7288e-05	0.084335	supercritical
1110.4	584.00	175.93	0.0056841	796.54	1128.5	6.0580	0.84904	1.1357	717.30	-0.045255	5.7315e-05	0.084384	supercritical
1111.4	584.00	175.79	0.0056887	797.41	1129.6	6.0590	0.84915	1.1357	717.54	-0.045286	5.7342e-05	0.084432	supercritical
1112.4	584.00	175.64	0.0056934	798.27	1130.8	6.0600	0.84926	1.1358	717.77	-0.045318	5.7370e-05	0.084480	supercritical
1113.4	584.00	175.50	0.0056980	799.13	1131.9	6.0611	0.84937	1.1358	718.00	-0.045350	5.7397e-05	0.084528	supercritical
1114.4	584.00	175.36	0.0057027	800.00	1133.0	6.0621	0.84949	1.1359	718.23	-0.045382	5.7424e-05	0.084576	supercritical
1115.4	584.00	175.21	0.0057073	800.86	1134.2	6.0631	0.84960	1.1360	718.46	-0.045414	5.7451e-05	0.084624	supercritical
1116.4	584.00	175.07	0.0057120	801.73	1135.3	6.0641	0.84971	1.1360	718.69	-0.045445	5.7478e-05	0.084673	supercritical
1117.4	584.00	174.93	0.0057166	802.59	1136.4	6.0651	0.84982	1.1361	718.92	-0.045477	5.7505e-05	0.084721	supercritical
1118.4	584.00	174.79	0.0057213	803.45	1137.6	6.0662	0.84993	1.1362	719.15	-0.045508	5.7532e-05	0.084769	supercritical
1119.4	584.00	174.64	0.0057259	804.32	1138.7	6.0672	0.85004	1.1362	719.38	-0.045540	5.7559e-05	0.084817	supercritical
1120.4	584.00	174.50	0.0057306	805.18	1139.9	6.0682	0.85016	1.1363	719.61	-0.045571	5.7587e-05	0.084865	supercritical
1121.4	584.00	174.36	0.0057353	806.05	1141.0	6.0692	0.85027	1.1364	719.84	-0.045603	5.7614e-05	0.084914	supercritical
1122.4	584.00	174.22	0.0057399	806.91	1142.1	6.0702	0.85038	1.1364	720.07	-0.045634	5.7641e-05	0.084962	supercritical
1123.4	584.00	174.08	0.0057446	807.78	1143.3	6.0712	0.85049	1.1365	720.30	-0.045665	5.7668e-05	0.085010	supercritical
1124.4	584.00	173.94	0.0057492	808.64	1144.4	6.0722	0.85060	1.1365	720.53	-0.045697	5.7695e-05	0.085058	supercritical
1125.4	584.00	173.80	0.0057539	809.51	1145.5	6.0732	0.85071	1.1366	720.76	-0.045728	5.7722e-05	0.085106	supercritical
1126.4	584.00	173.66	0.0057585	810.37	1146.7	6.0743	0.85082	1.1367	720.98	-0.045759	5.7749e-05	0.085155	supercritical
1127.4	584.00	173.52	0.0057632	811.24	1147.8	6.0753	0.85093	1.1367	721.21	-0.045790	5.7776e-05	0.085203	supercritical
1128.4	584.00	173.38	0.0057678	812.10	1148.9	6.0763	0.85104	1.1368	721.44	-0.045821	5.7803e-05	0.085251	supercritical
1129.4	584.00	173.24	0.0057725	812.97	1150.1	6.0773	0.85115	1.1369	721.67	-0.045852	5.7830e-05	0.085299	supercritical
1130.4	584.00	173.10	0.0057771	813.83	1151.2	6.0783	0.85126	1.1369	721.90	-0.045883	5.7857e-05	0.085347	supercritical
1131.4	584.00	172.96	0.0057818	814.70	1152.4	6.0793	0.85137	1.1370	722.13	-0.045914	5.7885e-05	0.085396	supercritical
1132.4	584.00	172.82	0.0057864	815.56	1153.5	6.0803	0.85148	1.1371	722.36	-0.045945	5.7912e-05	0.085444	supercritical
1133.4	584.00	172.68	0.0057911	816.43	1154.6	6.0813	0.85159	1.1371	722.59	-0.045975	5.7939e-05	0.085492	supercritical
1134.4	584.00	172.54	0.0057957	817.30	1155.8	6.0823	0.85169	1.1372	722.82	-0.046006	5.7966e-05	0.085540	supercritical
1135.4	584.00	172.40	0.0058004	818.16	1156.9	6.0833	0.85180	1.1372	723.05	-0.046037	5.7993e-05	0.085589	supercritical
1136.4	584.00	172.27	0.0058050	819.03	1158.0	6.0843	0.85191	1.1373	723.28	-0.046067	5.8020e-05	0.085637	supercritical
1137.4	584.00	172.13	0.0058096	819.89	1159.2	6.0853	0.85202	1.1374	723.50	-0.046098	5.8047e-05	0.085685	supercritical
1138.4	584.00	171.99	0.0058143	820.76	1160.3	6.0863	0.85213	1.1374	723.73	-0.046128	5.8074e-05	0.085733	supercritical
1139.4	584.00	171.85	0.0058189	821.63	1161.5	6.0873	0.85224	1.1375	723.96	-0.046159	5.8101e-05	0.085781	supercritical
1140.4	584.00	171.72	0.0058236	822.49	1162.6	6.0883	0.85235	1.1376	724.19	-0.046189	5.8128e-05	0.085830	supercritical
1141.4	584.00	171.58	0.0058282	823.36	1163.7	6.0893	0.85245	1.1376	724.42	-0.046220	5.8155e-05	0.085878	supercritical
1142.4	584.00	171.44	0.0058329	824.22	1164.9	6.0903	0.85256	1.1377	724.65	-0.046250	5.8182e-05	0.085926	supercritical
1143.4	584.00	171.31	0.0058375	825.09	1166.0	6.0913	0.85267	1.1377	724.87	-0.046280	5.8209e-05	0.085974	supercritical
1144.4	584.00	171.17	0.0058422	825.96	1167.1	6.0923	0.85278	1.1378	725.10	-0.046310	5.8236e-05	0.086022	supercritical
1145.4	584.00	171.03	0.0058468	826.82	1168.3	6.0933	0.85288	1.1379	725.33	-0.046341	5.8263e-05	0.086071	supercritical
1146.4	584.00	170.90	0.0058515	827.69	1169.4	6.0943	0.85299	1.1379	725.56	-0.046371	5.8290e-05	0.086119	supercritical
1147.4	584.00	170.76	0.0058561	828.56	1170.6	6.0953	0.85310	1.1380	725.79	-0.046401	5.8317e-05	0.086167	supercritical
1148.4	584.00	170.63	0.0058607	829.42	1171.7	6.0963	0.85321	1.1381	726.02	-0.046431	5.8344e-05	0.086215	supercritical
1149.4	584.00	170.49	0.0058654	830.29	1172.8	6.0972	0.85331	1.1381	726.24	-0.046461	5.8371e-05	0.086264	supercritical
1150.4	584.00	170.36	0.0058700	831.16	1174.0	6.0982	0.85342	1.1382	726.47	-0.046491	5.8398e-05	0.086312	supercritical
1151.4	584.00	170.22	0.0058747	832.03	1175.1	6.0992	0.85353	1.1383	726.70	-0.046520	5.8425e-05	0.086360	supercritical
1152.4	584.00	170.09	0.0058793	832.89	1176.2	6.1002	0.85363	1.1383	726.93	-0.046550	5.8452e-05	0.086408	supercritical
1153.4	584.00	169.95	0.0058840	833.76	1177.4	6.1012	0.85374	1.1384	727.15	-0.046580	5.8479e-05	0.086456	supercritical
1154.4	584.00	169.82	0.0058886	834.63	1178.5	6.1022	0.85384	1.1384	727.38	-0.046610	5.8506e-05	0.086505	supercritical
1155.4	584.00	169.69	0.0058932	835.49	1179.7	6.1032	0.85395	1.1385	727.61	-0.046639	5.8533e-05	0.086553	supercritical
1156.4	584.00	169.55	0.0058979	836.36	1180.8	6.1042	0.85406	1.1386	727.84	-0.046669	5.8560e-05	0.086601	supercritical
1157.4	584.00	169.42	0.0059025	837.23	1181.9	6.1051	0.85416	1.1386	728.06	-0.046699	5.8587e-05	0.086649	supercritical
1158.4	584.00	169.29	0.0059072	838.10	1183.1	6.1061	0.85427	1.1387	728.29	-0.046728	5.8614e-05	0.086698	supercritical
1159.4	584.00	169.15	0.0059118	838.96	1184.2	6.1071	0.85437	1.1388	728.52	-0.046758	5.8641e-05	0.086746	supercritical
1160.4	584.00	169.02	0.0059164	839.83	1185.4	6.1081	0.85448	1.1388	728.74	-0.046787	5.8667e-05	0.086794	supercritical
1161.4	584.00	168.89	0.0059211	840.70	1186.5	6.1091	0.85458	1.1389	728.97	-0.046816	5.8694e-05	0.086842	supercritical
1162.4	584.00	168.76	0.0059257	841.57	1187.6	6.1101	0.85469	1.1389	729.20	-0.046846	5.8721e-05	0.086890	supercritical
1163.4	584.00	168.62	0.0059304	842.44	1188.8	6.1110	0.85479	1.1390	729.43	-0.046875	5.8748e-05	0.086939	supercritical
1164.4	584.00	168.49	0.0059350	843.30	1189.9	6.1120	0.85490	1.1391	729.65	-0.046904	5.8775e-05	0.086987	supercritical
1165.4	584.00	168.36	0.0059396	844.17	1191.0	6.1130	0.85500	1.1391	729.88	-0.046933	5.8802e-05	0.087035	supercritical
1166.4	584.00	168.23	0.0059443	845.04	1192.2	6.1140	0.85511	1.1392	730.11	-0.046962	5.8829e-05	0.087083	supercritical
1167.4	584.00	168.10	0.0059489	845.91	1193.3	6.1149	0.85521	1.1393	730.33	-0.046991	5.8856e-05	0.087132	supercritical
1168.4	584.00	167.97	0.0059536	846.78	1194.5	6.1159	0.85532	1.1393	730.56	-0.047021	5.8883e-05	0.087180	supercritical
1169.4	584.00	167.84	0.0059582	847.65	1195.6	6.1169	0.85542	1.1394	730.79	-0.047050	5.8910e-05	0.087228	supercritical
1170.4	584.00	167.71	0.0059628	848.52	1196.7	6.1179	0.85552	1.1394	731.01	-0.047078	5.8937e-05	0.087276	supercritical
1171.4	584.00	167.58	0.0059675	849.38	1197.9	6.1188	0.85563	1.1395	731.24	-0.047107	5.8964e-05	0.087325	supercritical
1172.4	584.00	167.45	0.0059721	850.25	1199.0	6.1198	0.85573	1.1396	731.46	-0.047136	5.8990e-05	0.087373	supercritical
1173.4	584.00	167.32	0.0059767	851.12	1200.2	6.1208	0.85583	1.1396	731.69	-0.047165	5.9017e-05	0.087421	supercritical
1174.4	584.00	167.19	0.0059814	851.99	1201.3	6.1218	0.85594	1.1397	731.92	-0.047194	5.9044e-05	0.087469	supercritical
1175.4	584.00	167.06	0.0059860	852.86	1202.4	6.1227	0.85604	1.1397	732.14	-0.047222	5.9071e-05	0.087517	supercritical
1176.4	584.00	166.93	0.0059906	853.73	1203.6	6.1237	0.85614	1.1398	732.37	-0.047251	5.9098e-05	0.087566	supercritical
1177.4	584.00	166.80	0.0059953	854.60	1204.7	6.1247	0.85625	1.1399	732.59	-0.047280	5.9125e-05	0.087614	supercritical
1178.4	584.00	166.67	0.0059999	855.47	1205.9	6.1256	0.85635	1.1399	732.82	-0.047308	5.9152e-05	0.087662	supercritical
1179.4	584.00	166.54	0.0060045	856.34	1207.0	6.1266	0.85645	1.1400	733.05	-0.047337	5.9179e-05	0.087710	supercritical
1180.4	584.00	166.41	0.0060092	857.21	1208.1	6.1276	0.85656	1.1401	733.27	-0.047365	5.9205e-05	0.087759	supercritical
1181.4	584.00	166.28	0.0060138	858.08	1209.3	6.1285	0.85666	1.1401	733.50	-0.047394	5.9232e-05	0.087807	supercritical
1182.4	584.00	166.16	0.0060184	858.95	1210.4	6.1295	0.85676	1.1402	733.72	-0.047422	5.9259e-05	0.087855	supercritical
1183.4	584.00	166.03	0.0060231	859.81	1211.6	6.1305	0.85686	1.1402	733.95	-0.047450	5.9286e-05	0.087903	supercritical
1184.4	584.00	165.90	0.0060277	860.68	1212.7	6.1314	0.85696	1.1403	734.17	-0.047479	5.9313e-05	0.087952	supercritical
1185.4	584.00	165.77	0.0060323	861.55	1213.8	6.1324	0.85707	1.1404	734.40	-0.047507	5.9340e-05	0.088000	supercritical
1186.4	584.00	165.65	0.0060370	862.42	1215.0	6.1333	0.85717	1.1404	734.62	-0.047535	5.9366e-05	0.088048	supercritical
1187.4	584.00	165.52	0.0060416	863.29	1216.1	6.1343	0.85727	1.1405	734.85	-0.047563	5.9393e-05	0.088096	supercritical
1188.4	584.00	165.39	0.0060462	864.16	1217.3	6.1353	0.85737	1.1406	735.07	-0.047591	5.9420e-05	0.088144	supercritical
1189.4	584.00	165.27	0.0060509	865.03	1218.4	6.1362	0.85747	1.1406	735.30	-0.047619	5.9447e-05	0.088193	supercritical
1190.4	584.00	165.14	0.0060555	865.90	1219.5	6.1372	0.85757	1.1407	735.52	-0.047647	5.9474e-05	0.088241	supercritical
1191.4	584.00	165.01	0.0060601	866.77	1220.7	6.1381	0.85768	1.1407	735.75	-0.047675	5.9501e-05	0.088289	supercritical
1192.4	584.00	164.89	0.0060648	867.65	1221.8	6.1391	0.85778	1.1408	735.97	-0.047703	5.9527e-05	0.088337	supercritical
1193.4	584.00	164.76	0.0060694	868.52	1223.0	6.1401	0.85788	1.1409	736.20	-0.047731	5.9554e-05	0.088386	supercritical
1194.4	584.00	164.64	0.0060740	869.39	1224.1	6.1410	0.85798	1.1409	736.42	-0.047759	5.9581e-05	0.088434	supercritical
1195.4	584.00	164.51	0.0060786	870.26	1225.2	6.1420	0.85808	1.1410	736.65	-0.047787	5.9608e-05	0.088482	supercritical
1196.4	584.00	164.39	0.0060833	871.13	1226.4	6.1429	0.85818	1.1410	736.87	-0.047814	5.9635e-05	0.088530	supercritical
1197.4	584.00	164.26	0.0060879	872.00	1227.5	6.1439	0.85828	1.1411	737.10	-0.047842	5.9661e-05	0.088579	supercritical
1198.4	584.00	164.14	0.0060925	872.87	1228.7	6.1448	0.85838	1.1412	737.32	-0.047870	5.9688e-05	0.088627	supercritical
1199.4	584.00	164.01	0.0060972	873.74	1229.8	6.1458	0.85848	1.1412	737.55	-0.047897	5.9715e-05	0.088675	supercritical
1200.4	584.00	163.89	0.0061018	874.61	1231.0	6.1467	0.85858	1.1413	737.77	-0.047925	5.9742e-05	0.088723	supercritical
1201.4	584.00	163.76	0.0061064	875.48	1232.1	6.1477	0.85868	1.1414	738.00	-0.047952	5.9768e-05	0.088772	supercritical
1202.4	584.00	163.64	0.0061110	876.35	1233.2	6.1486	0.85878	1.1414	738.22	-0.047980	5.9795e-05	0.088820	supercritical
1203.4	584.00	163.51	0.0061157	877.22	1234.4	6.1496	0.85888	1.1415	738.44	-0.048007	5.9822e-05	0.088868	supercritical
1204.4	584.00	163.39	0.0061203	878.10	1235.5	6.1505	0.85898	1.1415	738.67	-0.048034	5.9849e-05	0.088916	supercritical
1205.4	584.00	163.27	0.0061249	878.97	1236.7	6.1515	0.85908	1.1416	738.89	-0.048062	5.9875e-05	0.088964	supercritical
1206.4	584.00	163.14	0.0061295	879.84	1237.8	6.1524	0.85918	1.1417	739.12	-0.048089	5.9902e-05	0.089013	supercritical
1207.4	584.00	163.02	0.0061342	880.71	1238.9	6.1534	0.85928	1.1417	739.34	-0.048116	5.9929e-05	0.089061	supercritical
1208.4	584.00	162.90	0.0061388	881.58	1240.1	6.1543	0.85938	1.1418	739.56	-0.048143	5.9956e-05	0.089109	supercritical
1209.4	584.00	162.78	0.0061434	882.45	1241.2	6.1553	0.85948	1.1418	739.79	-0.048171	5.9982e-05	0.089157	supercritical
1210.4	584.00	162.65	0.0061480	883.33	1242.4	6.1562	0.85958	1.1419	740.01	-0.048198	6.0009e-05	0.089206	supercritical
1211.4	584.00	162.53	0.0061527	884.20	1243.5	6.1571	0.85967	1.1420	740.23	-0.048225	6.0036e-05	0.089254	supercritical
1212.4	584.00	162.41	0.0061573	885.07	1244.7	6.1581	0.85977	1.1420	740.46	-0.048252	6.0063e-05	0.089302	supercritical
1213.4	584.00	162.29	0.0061619	885.94	1245.8	6.1590	0.85987	1.1421	740.68	-0.048279	6.0089e-05	0.089350	supercritical
1214.4	584.00	162.17	0.0061665	886.81	1246.9	6.1600	0.85997	1.1421	740.90	-0.048306	6.0116e-05	0.089398	supercritical
1215.4	584.00	162.04	0.0061712	887.69	1248.1	6.1609	0.86007	1.1422	741.13	-0.048333	6.0143e-05	0.089447	supercritical
1216.4	584.00	161.92	0.0061758	888.56	1249.2	6.1618	0.86017	1.1423	741.35	-0.048359	6.0169e-05	0.089495	supercritical
1217.4	584.00	161.80	0.0061804	889.43	1250.4	6.1628	0.86027	1.1423	741.57	-0.048386	6.0196e-05	0.089543	supercritical
1218.4	584.00	161.68	0.0061850	890.30	1251.5	6.1637	0.86036	1.1424	741.80	-0.048413	6.0223e-05	0.089591	supercritical
1219.4	584.00	161.56	0.0061897	891.17	1252.7	6.1647	0.86046	1.1425	742.02	-0.048440	6.0250e-05	0.089640	supercritical
1220.4	584.00	161.44	0.0061943	892.05	1253.8	6.1656	0.86056	1.1425	742.24	-0.048466	6.0276e-05	0.089688	supercritical
1221.4	584.00	161.32	0.0061989	892.92	1254.9	6.1665	0.86066	1.1426	742.47	-0.048493	6.0303e-05	0.089736	supercritical
1222.4	584.00	161.20	0.0062035	893.79	1256.1	6.1675	0.86075	1.1426	742.69	-0.048520	6.0330e-05	0.089784	supercritical
1223.4	584.00	161.08	0.0062081	894.67	1257.2	6.1684	0.86085	1.1427	742.91	-0.048546	6.0356e-05	0.089833	supercritical
1224.4	584.00	160.96	0.0062128	895.54	1258.4	6.1693	0.86095	1.1428	743.13	-0.048573	6.0383e-05	0.089881	supercritical
1225.4	584.00	160.84	0.0062174	896.41	1259.5	6.1703	0.86105	1.1428	743.36	-0.048599	6.0410e-05	0.089929	supercritical
1226.4	584.00	160.72	0.0062220	897.28	1260.6	6.1712	0.86114	1.1429	743.58	-0.048625	6.0436e-05	0.089977	supercritical
1227.4	584.00	160.60	0.0062266	898.16	1261.8	6.1721	0.86124	1.1429	743.80	-0.048652	6.0463e-05	0.090025	supercritical
1228.4	584.00	160.48	0.0062313	899.03	1262.9	6.1731	0.86134	1.1430	744.02	-0.048678	6.0490e-05	0.090074	supercritical
1229.4	584.00	160.36	0.0062359	899.90	1264.1	6.1740	0.86143	1.1431	744.25	-0.048704	6.0516e-05	0.090122	supercritical
1230.4	584.00	160.24	0.0062405	900.78	1265.2	6.1749	0.86153	1.1431	744.47	-0.048731	6.0543e-05	0.090170	supercritical
1231.4	584.00	160.13	0.0062451	901.65	1266.4	6.1759	0.86163	1.1432	744.69	-0.048757	6.0569e-05	0.090218	supercritical
1232.4	584.00	160.01	0.0062497	902.52	1267.5	6.1768	0.86172	1.1432	744.91	-0.048783	6.0596e-05	0.090266	supercritical
1233.4	584.00	159.89	0.0062543	903.40	1268.7	6.1777	0.86182	1.1433	745.13	-0.048809	6.0623e-05	0.090315	supercritical
1234.4	584.00	159.77	0.0062590	904.27	1269.8	6.1786	0.86192	1.1434	745.36	-0.048835	6.0649e-05	0.090363	supercritical
1235.4	584.00	159.65	0.0062636	905.14	1270.9	6.1796	0.86201	1.1434	745.58	-0.048861	6.0676e-05	0.090411	supercritical
1236.4	584.00	159.54	0.0062682	906.02	1272.1	6.1805	0.86211	1.1435	745.80	-0.048887	6.0703e-05	0.090459	supercritical
1237.4	584.00	159.42	0.0062728	906.89	1273.2	6.1814	0.86221	1.1435	746.02	-0.048913	6.0729e-05	0.090508	supercritical
1238.4	584.00	159.30	0.0062774	907.77	1274.4	6.1823	0.86230	1.1436	746.24	-0.048939	6.0756e-05	0.090556	supercritical
1239.4	584.00	159.18	0.0062821	908.64	1275.5	6.1833	0.86240	1.1437	746.47	-0.048965	6.0782e-05	0.090604	supercritical
1240.4	584.00	159.07	0.0062867	909.51	1276.7	6.1842	0.86249	1.1437	746.69	-0.048991	6.0809e-05	0.090652	supercritical
1241.4	584.00	158.95	0.0062913	910.39	1277.8	6.1851	0.86259	1.1438	746.91	-0.049017	6.0836e-05	0.090700	supercritical
1242.4	584.00	158.83	0.0062959	911.26	1278.9	6.1860	0.86268	1.1439	747.13	-0.049042	6.0862e-05	0.090749	supercritical
1243.4	584.00	158.72	0.0063005	912.14	1280.1	6.1869	0.86278	1.1439	747.35	-0.049068	6.0889e-05	0.090797	supercritical
1244.4	584.00	158.60	0.0063051	913.01	1281.2	6.1879	0.86287	1.1440	747.57	-0.049094	6.0915e-05	0.090845	supercritical
1245.4	584.00	158.48	0.0063097	913.89	1282.4	6.1888	0.86297	1.1440	747.79	-0.049119	6.0942e-05	0.090893	supercritical
1246.4	584.00	158.37	0.0063144	914.76	1283.5	6.1897	0.86306	1.1441	748.01	-0.049145	6.0969e-05	0.090941	supercritical
1247.4	584.00	158.25	0.0063190	915.64	1284.7	6.1906	0.86316	1.1442	748.24	-0.049170	6.0995e-05	0.090990	supercritical
1248.4	584.00	158.14	0.0063236	916.51	1285.8	6.1915	0.86325	1.1442	748.46	-0.049196	6.1022e-05	0.091038	supercritical
1249.4	584.00	158.02	0.0063282	917.38	1287.0	6.1925	0.86335	1.1443	748.68	-0.049221	6.1048e-05	0.091086	supercritical
1250.4	584.00	157.91	0.0063328	918.26	1288.1	6.1934	0.86344	1.1443	748.90	-0.049247	6.1075e-05	0.091134	supercritical
1251.4	584.00	157.79	0.0063374	919.13	1289.2	6.1943	0.86354	1.1444	749.12	-0.049272	6.1101e-05	0.091183	supercritical
1252.4	584.00	157.68	0.0063421	920.01	1290.4	6.1952	0.86363	1.1445	749.34	-0.049298	6.1128e-05	0.091231	supercritical
1253.4	584.00	157.56	0.0063467	920.88	1291.5	6.1961	0.86373	1.1445	749.56	-0.049323	6.1154e-05	0.091279	supercritical
1254.4	584.00	157.45	0.0063513	921.76	1292.7	6.1970	0.86382	1.1446	749.78	-0.049348	6.1181e-05	0.091327	supercritical
1255.4	584.00	157.33	0.0063559	922.63	1293.8	6.1979	0.86391	1.1446	750.00	-0.049373	6.1208e-05	0.091375	supercritical
1256.4	584.00	157.22	0.0063605	923.51	1295.0	6.1988	0.86401	1.1447	750.22	-0.049398	6.1234e-05	0.091424	supercritical
1257.4	584.00	157.11	0.0063651	924.39	1296.1	6.1998	0.86410	1.1448	750.44	-0.049424	6.1261e-05	0.091472	supercritical
1258.4	584.00	156.99	0.0063697	925.26	1297.3	6.2007	0.86420	1.1448	750.66	-0.049449	6.1287e-05	0.091520	supercritical
1259.4	584.00	156.88	0.0063743	926.14	1298.4	6.2016	0.86429	1.1449	750.88	-0.049474	6.1314e-05	0.091568	supercritical
1260.4	584.00	156.77	0.0063790	927.01	1299.5	6.2025	0.86438	1.1449	751.10	-0.049499	6.1340e-05	0.091616	supercritical
1261.4	584.00	156.65	0.0063836	927.89	1300.7	6.2034	0.86448	1.1450	751.32	-0.049524	6.1367e-05	0.091665	supercritical
1262.4	584.00	156.54	0.0063882	928.76	1301.8	6.2043	0.86457	1.1451	751.54	-0.049549	6.1393e-05	0.091713	supercritical
1263.4	584.00	156.43	0.0063928	929.64	1303.0	6.2052	0.86466	1.1451	751.76	-0.049574	6.1420e-05	0.091761	supercritical
1264.4	584.00	156.31	0.0063974	930.52	1304.1	6.2061	0.86476	1.1452	751.98	-0.049598	6.1446e-05	0.091809	supercritical
1265.4	584.00	156.20	0.0064020	931.39	1305.3	6.2070	0.86485	1.1452	752.20	-0.049623	6.1473e-05	0.091857	supercritical
1266.4	584.00	156.09	0.0064066	932.27	1306.4	6.2079	0.86494	1.1453	752.42	-0.049648	6.1499e-05	0.091905	supercritical
1267.4	584.00	155.98	0.0064112	933.14	1307.6	6.2088	0.86504	1.1454	752.64	-0.049673	6.1526e-05	0.091954	supercritical
1268.4	584.00	155.86	0.0064158	934.02	1308.7	6.2097	0.86513	1.1454	752.86	-0.049697	6.1552e-05	0.092002	supercritical
1269.4	584.00	155.75	0.0064204	934.90	1309.8	6.2106	0.86522	1.1455	753.08	-0.049722	6.1579e-05	0.092050	supercritical
1270.4	584.00	155.64	0.0064251	935.77	1311.0	6.2115	0.86531	1.1455	753.30	-0.049747	6.1605e-05	0.092098	supercritical
1271.4	584.00	155.53	0.0064297	936.65	1312.1	6.2124	0.86541	1.1456	753.52	-0.049771	6.1632e-05	0.092146	supercritical
1272.4	584.00	155.42	0.0064343	937.52	1313.3	6.2133	0.86550	1.1457	753.74	-0.049796	6.1658e-05	0.092195	supercritical
1273.4	584.00	155.31	0.0064389	938.40	1314.4	6.2142	0.86559	1.1457	753.96	-0.049820	6.1685e-05	0.092243	supercritical
1274.4	584.00	155.20	0.0064435	939.28	1315.6	6.2151	0.86568	1.1458	754.18	-0.049845	6.1711e-05	0.092291	supercritical
1275.4	584.00	155.08	0.0064481	940.15	1316.7	6.2160	0.86578	1.1458	754.40	-0.049869	6.1737e-05	0.092339	supercritical
1276.4	584.00	154.97	0.0064527	941.03	1317.9	6.2169	0.86587	1.1459	754.62	-0.049894	6.1764e-05	0.092387	supercritical
1277.4	584.00	154.86	0.0064573	941.91	1319.0	6.2178	0.86596	1.1460	754.84	-0.049918	6.1790e-05	0.092436	supercritical
1278.4	584.00	154.75	0.0064619	942.79	1320.2	6.2187	0.86605	1.1460	755.06	-0.049942	6.1817e-05	0.092484	supercritical
1279.4	584.00	154.64	0.0064665	943.66	1321.3	6.2196	0.86614	1.1461	755.28	-0.049967	6.1843e-05	0.092532	supercritical
1280.4	584.00	154.53	0.0064711	944.54	1322.5	6.2205	0.86624	1.1461	755.49	-0.049991	6.1870e-05	0.092580	supercritical
1281.4	584.00	154.42	0.0064757	945.42	1323.6	6.2214	0.86633	1.1462	755.71	-0.050015	6.1896e-05	0.092628	supercritical
1282.4	584.00	154.31	0.0064803	946.29	1324.7	6.2223	0.86642	1.1463	755.93	-0.050039	6.1922e-05	0.092676	supercritical
1283.4	584.00	154.20	0.0064850	947.17	1325.9	6.2232	0.86651	1.1463	756.15	-0.050063	6.1949e-05	0.092725	supercritical
1284.4	584.00	154.09	0.0064896	948.05	1327.0	6.2241	0.86660	1.1464	756.37	-0.050087	6.1975e-05	0.092773	supercritical
1285.4	584.00	153.98	0.0064942	948.93	1328.2	6.2250	0.86669	1.1464	756.59	-0.050111	6.2002e-05	0.092821	supercritical
1286.4	584.00	153.88	0.0064988	949.80	1329.3	6.2259	0.86679	1.1465	756.81	-0.050135	6.2028e-05	0.092869	supercritical
1287.4	584.00	153.77	0.0065034	950.68	1330.5	6.2268	0.86688	1.1466	757.02	-0.050159	6.2055e-05	0.092917	supercritical
1288.4	584.00	153.66	0.0065080	951.56	1331.6	6.2277	0.86697	1.1466	757.24	-0.050183	6.2081e-05	0.092965	supercritical
1289.4	584.00	153.55	0.0065126	952.44	1332.8	6.2285	0.86706	1.1467	757.46	-0.050207	6.2107e-05	0.093014	supercritical
1290.4	584.00	153.44	0.0065172	953.31	1333.9	6.2294	0.86715	1.1467	757.68	-0.050231	6.2134e-05	0.093062	supercritical
1291.4	584.00	153.33	0.0065218	954.19	1335.1	6.2303	0.86724	1.1468	757.90	-0.050255	6.2160e-05	0.093110	supercritical
1292.4	584.00	153.22	0.0065264	955.07	1336.2	6.2312	0.86733	1.1469	758.12	-0.050279	6.2187e-05	0.093158	supercritical
1293.4	584.00	153.12	0.0065310	955.95	1337.4	6.2321	0.86742	1.1469	758.33	-0.050302	6.2213e-05	0.093206	supercritical
1294.4	584.00	153.01	0.0065356	956.83	1338.5	6.2330	0.86751	1.1470	758.55	-0.050326	6.2239e-05	0.093254	supercritical
1295.4	584.00	152.90	0.0065402	957.70	1339.7	6.2339	0.86760	1.1470	758.77	-0.050350	6.2266e-05	0.093303	supercritical
1296.4	584.00	152.79	0.0065448	958.58	1340.8	6.2348	0.86769	1.1471	758.99	-0.050373	6.2292e-05	0.093351	supercritical
1297.4	584.00	152.69	0.0065494	959.46	1341.9	6.2356	0.86778	1.1472	759.20	-0.050397	6.2318e-05	0.093399	supercritical
1298.4	584.00	152.58	0.0065540	960.34	1343.1	6.2365	0.86787	1.1472	759.42	-0.050421	6.2345e-05	0.093447	supercritical
1299.4	584.00	152.47	0.0065586	961.22	1344.2	6.2374	0.86796	1.1473	759.64	-0.050444	6.2371e-05	0.093495	supercritical
1300.4	584.00	152.36	0.0065632	962.10	1345.4	6.2383	0.86805	1.1473	759.86	-0.050468	6.2397e-05	0.093543	supercritical
1301.4	584.00	152.26	0.0065678	962.97	1346.5	6.2392	0.86814	1.1474	760.08	-0.050491	6.2424e-05	0.093592	supercritical
1302.4	584.00	152.15	0.0065724	963.85	1347.7	6.2401	0.86823	1.1474	760.29	-0.050514	6.2450e-05	0.093640	supercritical
1303.4	584.00	152.04	0.0065770	964.73	1348.8	6.2409	0.86832	1.1475	760.51	-0.050538	6.2476e-05	0.093688	supercritical
1304.4	584.00	151.94	0.0065816	965.61	1350.0	6.2418	0.86841	1.1476	760.73	-0.050561	6.2503e-05	0.093736	supercritical
1305.4	584.00	151.83	0.0065862	966.49	1351.1	6.2427	0.86850	1.1476	760.94	-0.050584	6.2529e-05	0.093784	supercritical
1306.4	584.00	151.73	0.0065908	967.37	1352.3	6.2436	0.86859	1.1477	761.16	-0.050608	6.2555e-05	0.093832	supercritical
1307.4	584.00	151.62	0.0065954	968.25	1353.4	6.2445	0.86868	1.1477	761.38	-0.050631	6.2582e-05	0.093880	supercritical
1308.4	584.00	151.51	0.0066000	969.13	1354.6	6.2453	0.86877	1.1478	761.60	-0.050654	6.2608e-05	0.093929	supercritical
1309.4	584.00	151.41	0.0066046	970.01	1355.7	6.2462	0.86886	1.1479	761.81	-0.050677	6.2634e-05	0.093977	supercritical
1310.4	584.00	151.30	0.0066092	970.89	1356.9	6.2471	0.86895	1.1479	762.03	-0.050700	6.2661e-05	0.094025	supercritical
1311.4	584.00	151.20	0.0066138	971.76	1358.0	6.2480	0.86904	1.1480	762.25	-0.050723	6.2687e-05	0.094073	supercritical
1312.4	584.00	151.09	0.0066184	972.64	1359.2	6.2488	0.86913	1.1480	762.46	-0.050746	6.2713e-05	0.094121	supercritical
1313.4	584.00	150.99	0.0066230	973.52	1360.3	6.2497	0.86922	1.1481	762.68	-0.050769	6.2740e-05	0.094169	supercritical
1314.4	584.00	150.88	0.0066276	974.40	1361.5	6.2506	0.86930	1.1482	762.90	-0.050792	6.2766e-05	0.094217	supercritical
1315.4	584.00	150.78	0.0066322	975.28	1362.6	6.2515	0.86939	1.1482	763.11	-0.050815	6.2792e-05	0.094266	supercritical
1316.4	584.00	150.67	0.0066368	976.16	1363.8	6.2523	0.86948	1.1483	763.33	-0.050838	6.2818e-05	0.094314	supercritical
1317.4	584.00	150.57	0.0066414	977.04	1364.9	6.2532	0.86957	1.1483	763.55	-0.050861	6.2845e-05	0.094362	supercritical
1318.4	584.00	150.47	0.0066460	977.92	1366.0	6.2541	0.86966	1.1484	763.76	-0.050884	6.2871e-05	0.094410	supercritical
1319.4	584.00	150.36	0.0066506	978.80	1367.2	6.2549	0.86975	1.1485	763.98	-0.050907	6.2897e-05	0.094458	supercritical
1320.4	584.00	150.26	0.0066552	979.68	1368.3	6.2558	0.86984	1.1485	764.19	-0.050929	6.2924e-05	0.094506	supercritical
1321.4	584.00	150.15	0.0066598	980.56	1369.5	6.2567	0.86992	1.1486	764.41	-0.050952	6.2950e-05	0.094554	supercritical
1322.4	584.00	150.05	0.0066644	981.44	1370.6	6.2576	0.87001	1.1486	764.63	-0.050975	6.2976e-05	0.094603	supercritical
1323.4	584.00	149.95	0.0066690	982.32	1371.8	6.2584	0.87010	1.1487	764.84	-0.050998	6.3002e-05	0.094651	supercritical
1324.4	584.00	149.84	0.0066736	983.20	1372.9	6.2593	0.87019	1.1488	765.06	-0.051020	6.3029e-05	0.094699	supercritical
1325.4	584.00	149.74	0.0066782	984.08	1374.1	6.2602	0.87028	1.1488	765.27	-0.051043	6.3055e-05	0.094747	supercritical
1326.4	584.00	149.64	0.0066828	984.96	1375.2	6.2610	0.87036	1.1489	765.49	-0.051065	6.3081e-05	0.094795	supercritical
1327.4	584.00	149.54	0.0066874	985.84	1376.4	6.2619	0.87045	1.1489	765.71	-0.051088	6.3107e-05	0.094843	supercritical
1328.4	584.00	149.43	0.0066920	986.72	1377.5	6.2628	0.87054	1.1490	765.92	-0.051110	6.3134e-05	0.094891	supercritical
1329.4	584.00	149.33	0.0066966	987.61	1378.7	6.2636	0.87063	1.1491	766.14	-0.051133	6.3160e-05	0.094939	supercritical
1330.4	584.00	149.23	0.0067012	988.49	1379.8	6.2645	0.87072	1.1491	766.35	-0.051155	6.3186e-05	0.094988	supercritical
1331.4	584.00	149.13	0.0067058	989.37	1381.0	6.2653	0.87080	1.1492	766.57	-0.051177	6.3212e-05	0.095036	supercritical
1332.4	584.00	149.02	0.0067104	990.25	1382.1	6.2662	0.87089	1.1492	766.78	-0.051200	6.3238e-05	0.095084	supercritical
1333.4	584.00	148.92	0.0067150	991.13	1383.3	6.2671	0.87098	1.1493	767.00	-0.051222	6.3265e-05	0.095132	supercritical
1334.4	584.00	148.82	0.0067196	992.01	1384.4	6.2679	0.87107	1.1493	767.21	-0.051244	6.3291e-05	0.095180	supercritical
1335.4	584.00	148.72	0.0067241	992.89	1385.6	6.2688	0.87115	1.1494	767.43	-0.051267	6.3317e-05	0.095228	supercritical
1336.4	584.00	148.62	0.0067287	993.77	1386.7	6.2697	0.87124	1.1495	767.65	-0.051289	6.3343e-05	0.095276	supercritical
1337.4	584.00	148.51	0.0067333	994.65	1387.9	6.2705	0.87133	1.1495	767.86	-0.051311	6.3369e-05	0.095324	supercritical
1338.4	584.00	148.41	0.0067379	995.53	1389.0	6.2714	0.87141	1.1496	768.08	-0.051333	6.3396e-05	0.095372	supercritical
1339.4	584.00	148.31	0.0067425	996.42	1390.2	6.2722	0.87150	1.1496	768.29	-0.051355	6.3422e-05	0.095421	supercritical
1340.4	584.00	148.21	0.0067471	997.30	1391.3	6.2731	0.87159	1.1497	768.51	-0.051377	6.3448e-05	0.095469	supercritical
1341.4	584.00	148.11	0.0067517	998.18	1392.5	6.2739	0.87167	1.1498	768.72	-0.051399	6.3474e-05	0.095517	supercritical
1342.4	584.00	148.01	0.0067563	999.06	1393.6	6.2748	0.87176	1.1498	768.94	-0.051421	6.3500e-05	0.095565	supercritical
1343.4	584.00	147.91	0.0067609	999.94	1394.8	6.2757	0.87185	1.1499	769.15	-0.051443	6.3527e-05	0.095613	supercritical
1344.4	584.00	147.81	0.0067655	1000.8	1395.9	6.2765	0.87193	1.1499	769.36	-0.051465	6.3553e-05	0.095661	supercritical
1345.4	584.00	147.71	0.0067701	1001.7	1397.1	6.2774	0.87202	1.1500	769.58	-0.051487	6.3579e-05	0.095709	supercritical
1346.4	584.00	147.61	0.0067747	1002.6	1398.2	6.2782	0.87211	1.1501	769.79	-0.051509	6.3605e-05	0.095757	supercritical
1347.4	584.00	147.51	0.0067793	1003.5	1399.4	6.2791	0.87219	1.1501	770.01	-0.051531	6.3631e-05	0.095805	supercritical
1348.4	584.00	147.41	0.0067839	1004.4	1400.5	6.2799	0.87228	1.1502	770.22	-0.051552	6.3657e-05	0.095853	supercritical
1349.4	584.00	147.31	0.0067884	1005.2	1401.7	6.2808	0.87237	1.1502	770.44	-0.051574	6.3683e-05	0.095901	supercritical
1350.4	584.00	147.21	0.0067930	1006.1	1402.8	6.2816	0.87245	1.1503	770.65	-0.051596	6.3710e-05	0.095950	supercritical
1351.4	584.00	147.11	0.0067976	1007.0	1404.0	6.2825	0.87254	1.1503	770.87	-0.051618	6.3736e-05	0.095998	supercritical
1352.4	584.00	147.01	0.0068022	1007.9	1405.1	6.2833	0.87262	1.1504	771.08	-0.051639	6.3762e-05	0.096046	supercritical
1353.4	584.00	146.91	0.0068068	1008.8	1406.3	6.2842	0.87271	1.1505	771.29	-0.051661	6.3788e-05	0.096094	supercritical
1354.4	584.00	146.81	0.0068114	1009.6	1407.4	6.2850	0.87280	1.1505	771.51	-0.051682	6.3814e-05	0.096142	supercritical
1355.4	584.00	146.71	0.0068160	1010.5	1408.6	6.2859	0.87288	1.1506	771.72	-0.051704	6.3840e-05	0.096190	supercritical
1356.4	584.00	146.62	0.0068206	1011.4	1409.7	6.2867	0.87297	1.1506	771.94	-0.051726	6.3866e-05	0.096238	supercritical
1357.4	584.00	146.52	0.0068252	1012.3	1410.9	6.2876	0.87305	1.1507	772.15	-0.051747	6.3893e-05	0.096286	supercritical
1358.4	584.00	146.42	0.0068298	1013.2	1412.0	6.2884	0.87314	1.1508	772.36	-0.051768	6.3919e-05	0.096334	supercritical
1359.4	584.00	146.32	0.0068343	1014.1	1413.2	6.2893	0.87322	1.1508	772.58	-0.051790	6.3945e-05	0.096382	supercritical
1360.4	584.00	146.22	0.0068389	1014.9	1414.3	6.2901	0.87331	1.1509	772.79	-0.051811	6.3971e-05	0.096430	supercritical
1361.4	584.00	146.12	0.0068435	1015.8	1415.5	6.2910	0.87340	1.1509	773.00	-0.051833	6.3997e-05	0.096478	supercritical
1362.4	584.00	146.03	0.0068481	1016.7	1416.6	6.2918	0.87348	1.1510	773.22	-0.051854	6.4023e-05	0.096526	supercritical
1363.4	584.00	145.93	0.0068527	1017.6	1417.8	6.2927	0.87357	1.1511	773.43	-0.051875	6.4049e-05	0.096575	supercritical
1364.4	584.00	145.83	0.0068573	1018.5	1418.9	6.2935	0.87365	1.1511	773.64	-0.051897	6.4075e-05	0.096623	supercritical
1365.4	584.00	145.73	0.0068619	1019.4	1420.1	6.2944	0.87374	1.1512	773.86	-0.051918	6.4101e-05	0.096671	supercritical
1366.4	584.00	145.64	0.0068665	1020.2	1421.2	6.2952	0.87382	1.1512	774.07	-0.051939	6.4127e-05	0.096719	supercritical
1367.4	584.00	145.54	0.0068711	1021.1	1422.4	6.2960	0.87391	1.1513	774.28	-0.051960	6.4153e-05	0.096767	supercritical
1368.4	584.00	145.44	0.0068756	1022.0	1423.5	6.2969	0.87399	1.1513	774.50	-0.051981	6.4180e-05	0.096815	supercritical
1369.4	584.00	145.34	0.0068802	1022.9	1424.7	6.2977	0.87408	1.1514	774.71	-0.052002	6.4206e-05	0.096863	supercritical
1370.4	584.00	145.25	0.0068848	1023.8	1425.8	6.2986	0.87416	1.1515	774.92	-0.052023	6.4232e-05	0.096911	supercritical
1371.4	584.00	145.15	0.0068894	1024.7	1427.0	6.2994	0.87425	1.1515	775.14	-0.052044	6.4258e-05	0.096959	supercritical
1372.4	584.00	145.05	0.0068940	1025.5	1428.1	6.3002	0.87433	1.1516	775.35	-0.052065	6.4284e-05	0.097007	supercritical
1373.4	584.00	144.96	0.0068986	1026.4	1429.3	6.3011	0.87442	1.1516	775.56	-0.052086	6.4310e-05	0.097055	supercritical
1374.4	584.00	144.86	0.0069032	1027.3	1430.5	6.3019	0.87450	1.1517	775.77	-0.052107	6.4336e-05	0.097103	supercritical
1375.4	584.00	144.76	0.0069077	1028.2	1431.6	6.3028	0.87458	1.1518	775.99	-0.052128	6.4362e-05	0.097151	supercritical
1376.4	584.00	144.67	0.0069123	1029.1	1432.8	6.3036	0.87467	1.1518	776.20	-0.052149	6.4388e-05	0.097199	supercritical
1377.4	584.00	144.57	0.0069169	1030.0	1433.9	6.3044	0.87475	1.1519	776.41	-0.052170	6.4414e-05	0.097247	supercritical
1378.4	584.00	144.48	0.0069215	1030.8	1435.1	6.3053	0.87484	1.1519	776.62	-0.052191	6.4440e-05	0.097295	supercritical
1379.4	584.00	144.38	0.0069261	1031.7	1436.2	6.3061	0.87492	1.1520	776.84	-0.052211	6.4466e-05	0.097343	supercritical
1380.4	584.00	144.29	0.0069307	1032.6	1437.4	6.3069	0.87501	1.1521	777.05	-0.052232	6.4492e-05	0.097391	supercritical
1381.4	584.00	144.19	0.0069353	1033.5	1438.5	6.3078	0.87509	1.1521	777.26	-0.052253	6.4518e-05	0.097440	supercritical
1382.4	584.00	144.10	0.0069398	1034.4	1439.7	6.3086	0.87517	1.1522	777.47	-0.052273	6.4544e-05	0.097488	supercritical
1383.4	584.00	144.00	0.0069444	1035.3	1440.8	6.3094	0.87526	1.1522	777.69	-0.052294	6.4570e-05	0.097536	supercritical
1384.4	584.00	143.91	0.0069490	1036.2	1442.0	6.3103	0.87534	1.1523	777.90	-0.052315	6.4596e-05	0.097584	supercritical
1385.4	584.00	143.81	0.0069536	1037.0	1443.1	6.3111	0.87543	1.1523	778.11	-0.052335	6.4622e-05	0.097632	supercritical
1386.4	584.00	143.72	0.0069582	1037.9	1444.3	6.3119	0.87551	1.1524	778.32	-0.052356	6.4648e-05	0.097680	supercritical
1387.4	584.00	143.62	0.0069628	1038.8	1445.4	6.3128	0.87559	1.1525	778.53	-0.052376	6.4674e-05	0.097728	supercritical
1388.4	584.00	143.53	0.0069674	1039.7	1446.6	6.3136	0.87568	1.1525	778.75	-0.052397	6.4700e-05	0.097776	supercritical
1389.4	584.00	143.43	0.0069719	1040.6	1447.7	6.3144	0.87576	1.1526	778.96	-0.052417	6.4726e-05	0.097824	supercritical
1390.4	584.00	143.34	0.0069765	1041.5	1448.9	6.3153	0.87585	1.1526	779.17	-0.052438	6.4752e-05	0.097872	supercritical
1391.4	584.00	143.24	0.0069811	1042.3	1450.0	6.3161	0.87593	1.1527	779.38	-0.052458	6.4778e-05	0.097920	supercritical
1392.4	584.00	143.15	0.0069857	1043.2	1451.2	6.3169	0.87601	1.1528	779.59	-0.052478	6.4804e-05	0.097968	supercritical
1393.4	584.00	143.06	0.0069903	1044.1	1452.3	6.3177	0.87610	1.1528	779.80	-0.052499	6.4830e-05	0.098016	supercritical
1394.4	584.00	142.96	0.0069948	1045.0	1453.5	6.3186	0.87618	1.1529	780.02	-0.052519	6.4856e-05	0.098064	supercritical
1395.4	584.00	142.87	0.0069994	1045.9	1454.7	6.3194	0.87626	1.1529	780.23	-0.052539	6.4882e-05	0.098112	supercritical
1396.4	584.00	142.78	0.0070040	1046.8	1455.8	6.3202	0.87635	1.1530	780.44	-0.052560	6.4908e-05	0.098160	supercritical
1397.4	584.00	142.68	0.0070086	1047.7	1457.0	6.3210	0.87643	1.1531	780.65	-0.052580	6.4934e-05	0.098208	supercritical
1398.4	584.00	142.59	0.0070132	1048.5	1458.1	6.3219	0.87651	1.1531	780.86	-0.052600	6.4960e-05	0.098256	supercritical
1399.4	584.00	142.50	0.0070178	1049.4	1459.3	6.3227	0.87660	1.1532	781.07	-0.052620	6.4986e-05	0.098304	supercritical
1400.4	584.00	142.40	0.0070223	1050.3	1460.4	6.3235	0.87668	1.1532	781.28	-0.052640	6.5012e-05	0.098352	supercritical
1401.4	584.00	142.31	0.0070269	1051.2	1461.6	6.3243	0.87676	1.1533	781.49	-0.052660	6.5038e-05	0.098400	supercritical
1402.4	584.00	142.22	0.0070315	1052.1	1462.7	6.3252	0.87684	1.1533	781.71	-0.052680	6.5064e-05	0.098448	supercritical
1403.4	584.00	142.12	0.0070361	1053.0	1463.9	6.3260	0.87693	1.1534	781.92	-0.052700	6.5090e-05	0.098496	supercritical
1404.4	584.00	142.03	0.0070407	1053.9	1465.0	6.3268	0.87701	1.1535	782.13	-0.052720	6.5115e-05	0.098544	supercritical
1405.4	584.00	141.94	0.0070452	1054.7	1466.2	6.3276	0.87709	1.1535	782.34	-0.052740	6.5141e-05	0.098592	supercritical
1406.4	584.00	141.85	0.0070498	1055.6	1467.3	6.3284	0.87718	1.1536	782.55	-0.052760	6.5167e-05	0.098640	supercritical
1407.4	584.00	141.76	0.0070544	1056.5	1468.5	6.3293	0.87726	1.1536	782.76	-0.052780	6.5193e-05	0.098688	supercritical
1408.4	584.00	141.66	0.0070590	1057.4	1469.6	6.3301	0.87734	1.1537	782.97	-0.052800	6.5219e-05	0.098736	supercritical
1409.4	584.00	141.57	0.0070636	1058.3	1470.8	6.3309	0.87742	1.1538	783.18	-0.052820	6.5245e-05	0.098784	supercritical
1410.4	584.00	141.48	0.0070681	1059.2	1472.0	6.3317	0.87751	1.1538	783.39	-0.052840	6.5271e-05	0.098832	supercritical
1411.4	584.00	141.39	0.0070727	1060.1	1473.1	6.3325	0.87759	1.1539	783.60	-0.052859	6.5297e-05	0.098880	supercritical
1412.4	584.00	141.30	0.0070773	1060.9	1474.3	6.3334	0.87767	1.1539	783.81	-0.052879	6.5323e-05	0.098928	supercritical
1413.4	584.00	141.21	0.0070819	1061.8	1475.4	6.3342	0.87775	1.1540	784.02	-0.052899	6.5349e-05	0.098976	supercritical
1414.4	584.00	141.11	0.0070865	1062.7	1476.6	6.3350	0.87783	1.1540	784.23	-0.052918	6.5375e-05	0.099024	supercritical
1415.4	584.00	141.02	0.0070910	1063.6	1477.7	6.3358	0.87792	1.1541	784.44	-0.052938	6.5400e-05	0.099072	supercritical
1416.4	584.00	140.93	0.0070956	1064.5	1478.9	6.3366	0.87800	1.1542	784.65	-0.052958	6.5426e-05	0.099120	supercritical
1417.4	584.00	140.84	0.0071002	1065.4	1480.0	6.3374	0.87808	1.1542	784.86	-0.052977	6.5452e-05	0.099168	supercritical
1418.4	584.00	140.75	0.0071048	1066.3	1481.2	6.3382	0.87816	1.1543	785.07	-0.052997	6.5478e-05	0.099216	supercritical
1419.4	584.00	140.66	0.0071093	1067.2	1482.3	6.3391	0.87825	1.1543	785.28	-0.053016	6.5504e-05	0.099264	supercritical
1420.4	584.00	140.57	0.0071139	1068.0	1483.5	6.3399	0.87833	1.1544	785.49	-0.053036	6.5530e-05	0.099312	supercritical
1421.4	584.00	140.48	0.0071185	1068.9	1484.6	6.3407	0.87841	1.1545	785.70	-0.053055	6.5556e-05	0.099360	supercritical
1422.4	584.00	140.39	0.0071231	1069.8	1485.8	6.3415	0.87849	1.1545	785.91	-0.053075	6.5582e-05	0.099408	supercritical
1423.4	584.00	140.30	0.0071277	1070.7	1487.0	6.3423	0.87857	1.1546	786.12	-0.053094	6.5607e-05	0.099456	supercritical
1424.4	584.00	140.21	0.0071322	1071.6	1488.1	6.3431	0.87865	1.1546	786.33	-0.053114	6.5633e-05	0.099504	supercritical
1425.4	584.00	140.12	0.0071368	1072.5	1489.3	6.3439	0.87874	1.1547	786.54	-0.053133	6.5659e-05	0.099552	supercritical
1426.4	584.00	140.03	0.0071414	1073.4	1490.4	6.3447	0.87882	1.1547	786.75	-0.053152	6.5685e-05	0.099599	supercritical
1427.4	584.00	139.94	0.0071460	1074.3	1491.6	6.3456	0.87890	1.1548	786.96	-0.053172	6.5711e-05	0.099647	supercritical
1428.4	584.00	139.85	0.0071505	1075.1	1492.7	6.3464	0.87898	1.1549	787.17	-0.053191	6.5737e-05	0.099695	supercritical
1429.4	584.00	139.76	0.0071551	1076.0	1493.9	6.3472	0.87906	1.1549	787.38	-0.053210	6.5762e-05	0.099743	supercritical
1430.4	584.00	139.67	0.0071597	1076.9	1495.0	6.3480	0.87914	1.1550	787.59	-0.053229	6.5788e-05	0.099791	supercritical
1431.4	584.00	139.58	0.0071643	1077.8	1496.2	6.3488	0.87922	1.1550	787.80	-0.053248	6.5814e-05	0.099839	supercritical
1432.4	584.00	139.49	0.0071688	1078.7	1497.3	6.3496	0.87931	1.1551	788.01	-0.053268	6.5840e-05	0.099887	supercritical
1433.4	584.00	139.40	0.0071734	1079.6	1498.5	6.3504	0.87939	1.1552	788.22	-0.053287	6.5866e-05	0.099935	supercritical
1434.4	584.00	139.31	0.0071780	1080.5	1499.7	6.3512	0.87947	1.1552	788.42	-0.053306	6.5892e-05	0.099983	supercritical
1435.4	584.00	139.23	0.0071826	1081.4	1500.8	6.3520	0.87955	1.1553	788.63	-0.053325	6.5917e-05	0.10003	supercritical
1436.4	584.00	139.14	0.0071871	1082.2	1502.0	6.3528	0.87963	1.1553	788.84	-0.053344	6.5943e-05	0.10008	supercritical
1437.4	584.00	139.05	0.0071917	1083.1	1503.1	6.3536	0.87971	1.1554	789.05	-0.053363	6.5969e-05	0.10013	supercritical
1438.4	584.00	138.96	0.0071963	1084.0	1504.3	6.3544	0.87979	1.1554	789.26	-0.053382	6.5995e-05	0.10017	supercritical
1439.4	584.00	138.87	0.0072009	1084.9	1505.4	6.3552	0.87987	1.1555	789.47	-0.053401	6.6021e-05	0.10022	supercritical
1440.4	584.00	138.78	0.0072054	1085.8	1506.6	6.3560	0.87995	1.1556	789.68	-0.053420	6.6046e-05	0.10027	supercritical
1441.4	584.00	138.70	0.0072100	1086.7	1507.7	6.3568	0.88004	1.1556	789.89	-0.053439	6.6072e-05	0.10032	supercritical
1442.4	584.00	138.61	0.0072146	1087.6	1508.9	6.3576	0.88012	1.1557	790.09	-0.053457	6.6098e-05	0.10037	supercritical
1443.4	584.00	138.52	0.0072192	1088.5	1510.1	6.3584	0.88020	1.1557	790.30	-0.053476	6.6124e-05	0.10041	supercritical
1444.4	584.00	138.43	0.0072237	1089.3	1511.2	6.3592	0.88028	1.1558	790.51	-0.053495	6.6150e-05	0.10046	supercritical
1445.4	584.00	138.35	0.0072283	1090.2	1512.4	6.3600	0.88036	1.1559	790.72	-0.053514	6.6175e-05	0.10051	supercritical
1446.4	584.00	138.26	0.0072329	1091.1	1513.5	6.3608	0.88044	1.1559	790.93	-0.053533	6.6201e-05	0.10056	supercritical
1447.4	584.00	138.17	0.0072375	1092.0	1514.7	6.3616	0.88052	1.1560	791.14	-0.053551	6.6227e-05	0.10061	supercritical
1448.4	584.00	138.08	0.0072420	1092.9	1515.8	6.3624	0.88060	1.1560	791.34	-0.053570	6.6253e-05	0.10065	supercritical
1449.4	584.00	138.00	0.0072466	1093.8	1517.0	6.3632	0.88068	1.1561	791.55	-0.053589	6.6278e-05	0.10070	supercritical
1450.4	584.00	137.91	0.0072512	1094.7	1518.2	6.3640	0.88076	1.1562	791.76	-0.053607	6.6304e-05	0.10075	supercritical
1451.4	584.00	137.82	0.0072557	1095.6	1519.3	6.3648	0.88084	1.1562	791.97	-0.053626	6.6330e-05	0.10080	supercritical
1452.4	584.00	137.74	0.0072603	1096.5	1520.5	6.3656	0.88092	1.1563	792.18	-0.053644	6.6356e-05	0.10085	supercritical
1453.4	584.00	137.65	0.0072649	1097.4	1521.6	6.3664	0.88100	1.1563	792.38	-0.053663	6.6381e-05	0.10089	supercritical
1454.4	584.00	137.56	0.0072695	1098.2	1522.8	6.3672	0.88108	1.1564	792.59	-0.053681	6.6407e-05	0.10094	supercritical
1455.4	584.00	137.48	0.0072740	1099.1	1523.9	6.3680	0.88116	1.1564	792.80	-0.053700	6.6433e-05	0.10099	supercritical
1456.4	584.00	137.39	0.0072786	1100.0	1525.1	6.3688	0.88124	1.1565	793.01	-0.053718	6.6459e-05	0.10104	supercritical
1457.4	584.00	137.30	0.0072832	1100.9	1526.2	6.3696	0.88132	1.1566	793.21	-0.053737	6.6484e-05	0.10109	supercritical
1458.4	584.00	137.22	0.0072877	1101.8	1527.4	6.3704	0.88140	1.1566	793.42	-0.053755	6.6510e-05	0.10113	supercritical
1459.4	584.00	137.13	0.0072923	1102.7	1528.6	6.3712	0.88148	1.1567	793.63	-0.053774	6.6536e-05	0.10118	supercritical
1460.4	584.00	137.04	0.0072969	1103.6	1529.7	6.3720	0.88156	1.1567	793.84	-0.053792	6.6561e-05	0.10123	supercritical
1461.4	584.00	136.96	0.0073015	1104.5	1530.9	6.3728	0.88164	1.1568	794.04	-0.053810	6.6587e-05	0.10128	supercritical
1462.4	584.00	136.87	0.0073060	1105.4	1532.0	6.3736	0.88172	1.1569	794.25	-0.053829	6.6613e-05	0.10132	supercritical
1463.4	584.00	136.79	0.0073106	1106.2	1533.2	6.3743	0.88180	1.1569	794.46	-0.053847	6.6639e-05	0.10137	supercritical
1464.4	584.00	136.70	0.0073152	1107.1	1534.3	6.3751	0.88188	1.1570	794.67	-0.053865	6.6664e-05	0.10142	supercritical
1465.4	584.00	136.62	0.0073197	1108.0	1535.5	6.3759	0.88196	1.1570	794.87	-0.053883	6.6690e-05	0.10147	supercritical
1466.4	584.00	136.53	0.0073243	1108.9	1536.7	6.3767	0.88204	1.1571	795.08	-0.053901	6.6716e-05	0.10152	supercritical
1467.4	584.00	136.45	0.0073289	1109.8	1537.8	6.3775	0.88212	1.1571	795.29	-0.053920	6.6741e-05	0.10156	supercritical
1468.4	584.00	136.36	0.0073334	1110.7	1539.0	6.3783	0.88220	1.1572	795.49	-0.053938	6.6767e-05	0.10161	supercritical
1469.4	584.00	136.28	0.0073380	1111.6	1540.1	6.3791	0.88228	1.1573	795.70	-0.053956	6.6793e-05	0.10166	supercritical
1470.4	584.00	136.19	0.0073426	1112.5	1541.3	6.3799	0.88236	1.1573	795.91	-0.053974	6.6818e-05	0.10171	supercritical
1471.4	584.00	136.11	0.0073471	1113.4	1542.4	6.3807	0.88244	1.1574	796.11	-0.053992	6.6844e-05	0.10176	supercritical
1472.4	584.00	136.02	0.0073517	1114.3	1543.6	6.3814	0.88252	1.1574	796.32	-0.054010	6.6870e-05	0.10180	supercritical
1473.4	584.00	135.94	0.0073563	1115.2	1544.8	6.3822	0.88260	1.1575	796.53	-0.054028	6.6895e-05	0.10185	supercritical
1474.4	584.00	135.85	0.0073609	1116.0	1545.9	6.3830	0.88268	1.1576	796.73	-0.054046	6.6921e-05	0.10190	supercritical
1475.4	584.00	135.77	0.0073654	1116.9	1547.1	6.3838	0.88276	1.1576	796.94	-0.054064	6.6947e-05	0.10195	supercritical
1476.4	584.00	135.69	0.0073700	1117.8	1548.2	6.3846	0.88284	1.1577	797.15	-0.054082	6.6972e-05	0.10200	supercritical
1477.4	584.00	135.60	0.0073746	1118.7	1549.4	6.3854	0.88292	1.1577	797.35	-0.054100	6.6998e-05	0.10204	supercritical
1478.4	584.00	135.52	0.0073791	1119.6	1550.5	6.3861	0.88300	1.1578	797.56	-0.054117	6.7024e-05	0.10209	supercritical
1479.4	584.00	135.43	0.0073837	1120.5	1551.7	6.3869	0.88308	1.1578	797.77	-0.054135	6.7049e-05	0.10214	supercritical
1480.4	584.00	135.35	0.0073883	1121.4	1552.9	6.3877	0.88315	1.1579	797.97	-0.054153	6.7075e-05	0.10219	supercritical
1481.4	584.00	135.27	0.0073928	1122.3	1554.0	6.3885	0.88323	1.1580	798.18	-0.054171	6.7101e-05	0.10223	supercritical
1482.4	584.00	135.18	0.0073974	1123.2	1555.2	6.3893	0.88331	1.1580	798.38	-0.054189	6.7126e-05	0.10228	supercritical
1483.4	584.00	135.10	0.0074020	1124.1	1556.3	6.3901	0.88339	1.1581	798.59	-0.054206	6.7152e-05	0.10233	supercritical
1484.4	584.00	135.02	0.0074065	1125.0	1557.5	6.3908	0.88347	1.1581	798.80	-0.054224	6.7177e-05	0.10238	supercritical
1485.4	584.00	134.93	0.0074111	1125.8	1558.7	6.3916	0.88355	1.1582	799.00	-0.054242	6.7203e-05	0.10243	supercritical
1486.4	584.00	134.85	0.0074157	1126.7	1559.8	6.3924	0.88363	1.1583	799.21	-0.054259	6.7229e-05	0.10247	supercritical
1487.4	584.00	134.77	0.0074202	1127.6	1561.0	6.3932	0.88371	1.1583	799.41	-0.054277	6.7254e-05	0.10252	supercritical
1488.4	584.00	134.68	0.0074248	1128.5	1562.1	6.3940	0.88379	1.1584	799.62	-0.054295	6.7280e-05	0.10257	supercritical
1489.4	584.00	134.60	0.0074294	1129.4	1563.3	6.3947	0.88386	1.1584	799.83	-0.054312	6.7306e-05	0.10262	supercritical
1490.4	584.00	134.52	0.0074339	1130.3	1564.4	6.3955	0.88394	1.1585	800.03	-0.054330	6.7331e-05	0.10267	supercritical
1491.4	584.00	134.44	0.0074385	1131.2	1565.6	6.3963	0.88402	1.1585	800.24	-0.054347	6.7357e-05	0.10271	supercritical
1492.4	584.00	134.35	0.0074431	1132.1	1566.8	6.3971	0.88410	1.1586	800.44	-0.054365	6.7382e-05	0.10276	supercritical
1493.4	584.00	134.27	0.0074476	1133.0	1567.9	6.3978	0.88418	1.1587	800.65	-0.054382	6.7408e-05	0.10281	supercritical
1494.4	584.00	134.19	0.0074522	1133.9	1569.1	6.3986	0.88426	1.1587	800.85	-0.054399	6.7434e-05	0.10286	supercritical
1495.4	584.00	134.11	0.0074568	1134.8	1570.2	6.3994	0.88434	1.1588	801.06	-0.054417	6.7459e-05	0.10290	supercritical
1496.4	584.00	134.02	0.0074613	1135.7	1571.4	6.4002	0.88442	1.1588	801.26	-0.054434	6.7485e-05	0.10295	supercritical
1497.4	584.00	133.94	0.0074659	1136.5	1572.6	6.4009	0.88449	1.1589	801.47	-0.054452	6.7510e-05	0.10300	supercritical
1498.4	584.00	133.86	0.0074704	1137.4	1573.7	6.4017	0.88457	1.1590	801.67	-0.054469	6.7536e-05	0.10305	supercritical
1499.4	584.00	133.78	0.0074750	1138.3	1574.9	6.4025	0.88465	1.1590	801.88	-0.054486	6.7561e-05	0.10310	supercritical
1500.4	584.00	133.70	0.0074796	1139.2	1576.0	6.4033	0.88473	1.1591	802.08	-0.054503	6.7587e-05	0.10314	supercritical
1501.4	584.00	133.62	0.0074841	1140.1	1577.2	6.4040	0.88481	1.1591	802.29	-0.054521	6.7613e-05	0.10319	supercritical
1502.4	584.00	133.53	0.0074887	1141.0	1578.4	6.4048	0.88489	1.1592	802.49	-0.054538	6.7638e-05	0.10324	supercritical
1503.4	584.00	133.45	0.0074933	1141.9	1579.5	6.4056	0.88496	1.1592	802.70	-0.054555	6.7664e-05	0.10329	supercritical
1504.4	584.00	133.37	0.0074978	1142.8	1580.7	6.4063	0.88504	1.1593	802.90	-0.054572	6.7689e-05	0.10333	supercritical
1505.4	584.00	133.29	0.0075024	1143.7	1581.8	6.4071	0.88512	1.1594	803.11	-0.054589	6.7715e-05	0.10338	supercritical
1506.4	584.00	133.21	0.0075070	1144.6	1583.0	6.4079	0.88520	1.1594	803.31	-0.054607	6.7740e-05	0.10343	supercritical
1507.4	584.00	133.13	0.0075115	1145.5	1584.1	6.4087	0.88528	1.1595	803.52	-0.054624	6.7766e-05	0.10348	supercritical
1508.4	584.00	133.05	0.0075161	1146.4	1585.3	6.4094	0.88535	1.1595	803.72	-0.054641	6.7791e-05	0.10353	supercritical
1509.4	584.00	132.97	0.0075206	1147.3	1586.5	6.4102	0.88543	1.1596	803.93	-0.054658	6.7817e-05	0.10357	supercritical
1510.4	584.00	132.89	0.0075252	1148.2	1587.6	6.4110	0.88551	1.1597	804.13	-0.054675	6.7843e-05	0.10362	supercritical
1511.4	584.00	132.81	0.0075298	1149.0	1588.8	6.4117	0.88559	1.1597	804.33	-0.054692	6.7868e-05	0.10367	supercritical
1512.4	584.00	132.73	0.0075343	1149.9	1589.9	6.4125	0.88567	1.1598	804.54	-0.054709	6.7894e-05	0.10372	supercritical
1513.4	584.00	132.65	0.0075389	1150.8	1591.1	6.4133	0.88574	1.1598	804.74	-0.054726	6.7919e-05	0.10376	supercritical
1514.4	584.00	132.57	0.0075435	1151.7	1592.3	6.4140	0.88582	1.1599	804.95	-0.054742	6.7945e-05	0.10381	supercritical
1515.4	584.00	132.49	0.0075480	1152.6	1593.4	6.4148	0.88590	1.1600	805.15	-0.054759	6.7970e-05	0.10386	supercritical
1516.4	584.00	132.41	0.0075526	1153.5	1594.6	6.4156	0.88598	1.1600	805.36	-0.054776	6.7996e-05	0.10391	supercritical
1517.4	584.00	132.33	0.0075571	1154.4	1595.7	6.4163	0.88606	1.1601	805.56	-0.054793	6.8021e-05	0.10396	supercritical
1518.4	584.00	132.25	0.0075617	1155.3	1596.9	6.4171	0.88613	1.1601	805.76	-0.054810	6.8047e-05	0.10400	supercritical
1519.4	584.00	132.17	0.0075663	1156.2	1598.1	6.4179	0.88621	1.1602	805.97	-0.054827	6.8072e-05	0.10405	supercritical
1520.4	584.00	132.09	0.0075708	1157.1	1599.2	6.4186	0.88629	1.1602	806.17	-0.054843	6.8098e-05	0.10410	supercritical
1521.4	584.00	132.01	0.0075754	1158.0	1600.4	6.4194	0.88637	1.1603	806.38	-0.054860	6.8123e-05	0.10415	supercritical
1522.4	584.00	131.93	0.0075799	1158.9	1601.5	6.4201	0.88644	1.1604	806.58	-0.054877	6.8149e-05	0.10419	supercritical
1523.4	584.00	131.85	0.0075845	1159.8	1602.7	6.4209	0.88652	1.1604	806.78	-0.054894	6.8174e-05	0.10424	supercritical
1524.4	584.00	131.77	0.0075891	1160.7	1603.9	6.4217	0.88660	1.1605	806.99	-0.054910	6.8200e-05	0.10429	supercritical
1525.4	584.00	131.69	0.0075936	1161.6	1605.0	6.4224	0.88668	1.1605	807.19	-0.054927	6.8225e-05	0.10434	supercritical
1526.4	584.00	131.61	0.0075982	1162.5	1606.2	6.4232	0.88675	1.1606	807.39	-0.054943	6.8251e-05	0.10439	supercritical
1527.4	584.00	131.53	0.0076028	1163.3	1607.3	6.4239	0.88683	1.1607	807.60	-0.054960	6.8276e-05	0.10443	supercritical
1528.4	584.00	131.45	0.0076073	1164.2	1608.5	6.4247	0.88691	1.1607	807.80	-0.054977	6.8301e-05	0.10448	supercritical
1529.4	584.00	131.37	0.0076119	1165.1	1609.7	6.4255	0.88699	1.1608	808.00	-0.054993	6.8327e-05	0.10453	supercritical
1530.4	584.00	131.30	0.0076164	1166.0	1610.8	6.4262	0.88706	1.1608	808.21	-0.055010	6.8352e-05	0.10458	supercritical
1531.4	584.00	131.22	0.0076210	1166.9	1612.0	6.4270	0.88714	1.1609	808.41	-0.055026	6.8378e-05	0.10462	supercritical
1532.4	584.00	131.14	0.0076255	1167.8	1613.2	6.4277	0.88722	1.1609	808.61	-0.055043	6.8403e-05	0.10467	supercritical
1533.4	584.00	131.06	0.0076301	1168.7	1614.3	6.4285	0.88729	1.1610	808.82	-0.055059	6.8429e-05	0.10472	supercritical
1534.4	584.00	130.98	0.0076347	1169.6	1615.5	6.4293	0.88737	1.1611	809.02	-0.055075	6.8454e-05	0.10477	supercritical
1535.4	584.00	130.90	0.0076392	1170.5	1616.6	6.4300	0.88745	1.1611	809.22	-0.055092	6.8480e-05	0.10482	supercritical
1536.4	584.00	130.83	0.0076438	1171.4	1617.8	6.4308	0.88753	1.1612	809.43	-0.055108	6.8505e-05	0.10486	supercritical
1537.4	584.00	130.75	0.0076483	1172.3	1619.0	6.4315	0.88760	1.1612	809.63	-0.055124	6.8531e-05	0.10491	supercritical
1538.4	584.00	130.67	0.0076529	1173.2	1620.1	6.4323	0.88768	1.1613	809.83	-0.055141	6.8556e-05	0.10496	supercritical
1539.4	584.00	130.59	0.0076575	1174.1	1621.3	6.4330	0.88776	1.1614	810.03	-0.055157	6.8581e-05	0.10501	supercritical
1540.4	584.00	130.51	0.0076620	1175.0	1622.4	6.4338	0.88783	1.1614	810.24	-0.055173	6.8607e-05	0.10505	supercritical
1541.4	584.00	130.44	0.0076666	1175.9	1623.6	6.4345	0.88791	1.1615	810.44	-0.055189	6.8632e-05	0.10510	supercritical
1542.4	584.00	130.36	0.0076711	1176.8	1624.8	6.4353	0.88799	1.1615	810.64	-0.055206	6.8658e-05	0.10515	supercritical
1543.4	584.00	130.28	0.0076757	1177.7	1625.9	6.4360	0.88806	1.1616	810.84	-0.055222	6.8683e-05	0.10520	supercritical
1544.4	584.00	130.20	0.0076803	1178.6	1627.1	6.4368	0.88814	1.1616	811.05	-0.055238	6.8709e-05	0.10525	supercritical
1545.4	584.00	130.13	0.0076848	1179.5	1628.2	6.4375	0.88822	1.1617	811.25	-0.055254	6.8734e-05	0.10529	supercritical
1546.4	584.00	130.05	0.0076894	1180.4	1629.4	6.4383	0.88830	1.1618	811.45	-0.055270	6.8759e-05	0.10534	supercritical
1547.4	584.00	129.97	0.0076939	1181.2	1630.6	6.4391	0.88837	1.1618	811.65	-0.055286	6.8785e-05	0.10539	supercritical
1548.4	584.00	129.90	0.0076985	1182.1	1631.7	6.4398	0.88845	1.1619	811.86	-0.055302	6.8810e-05	0.10544	supercritical
1549.4	584.00	129.82	0.0077030	1183.0	1632.9	6.4406	0.88853	1.1619	812.06	-0.055318	6.8836e-05	0.10548	supercritical
1550.4	584.00	129.74	0.0077076	1183.9	1634.1	6.4413	0.88860	1.1620	812.26	-0.055334	6.8861e-05	0.10553	supercritical
1551.4	584.00	129.67	0.0077122	1184.8	1635.2	6.4421	0.88868	1.1621	812.46	-0.055350	6.8886e-05	0.10558	supercritical
1552.4	584.00	129.59	0.0077167	1185.7	1636.4	6.4428	0.88876	1.1621	812.66	-0.055366	6.8912e-05	0.10563	supercritical
1553.4	584.00	129.51	0.0077213	1186.6	1637.5	6.4435	0.88883	1.1622	812.87	-0.055382	6.8937e-05	0.10568	supercritical
1554.4	584.00	129.44	0.0077258	1187.5	1638.7	6.4443	0.88891	1.1622	813.07	-0.055398	6.8962e-05	0.10572	supercritical
1555.4	584.00	129.36	0.0077304	1188.4	1639.9	6.4450	0.88899	1.1623	813.27	-0.055414	6.8988e-05	0.10577	supercritical
1556.4	584.00	129.28	0.0077349	1189.3	1641.0	6.4458	0.88906	1.1624	813.47	-0.055430	6.9013e-05	0.10582	supercritical
1557.4	584.00	129.21	0.0077395	1190.2	1642.2	6.4465	0.88914	1.1624	813.67	-0.055446	6.9039e-05	0.10587	supercritical
1558.4	584.00	129.13	0.0077440	1191.1	1643.4	6.4473	0.88921	1.1625	813.87	-0.055462	6.9064e-05	0.10591	supercritical
1559.4	584.00	129.06	0.0077486	1192.0	1644.5	6.4480	0.88929	1.1625	814.08	-0.055478	6.9089e-05	0.10596	supercritical
1560.4	584.00	128.98	0.0077532	1192.9	1645.7	6.4488	0.88937	1.1626	814.28	-0.055493	6.9115e-05	0.10601	supercritical
1561.4	584.00	128.90	0.0077577	1193.8	1646.8	6.4495	0.88944	1.1626	814.48	-0.055509	6.9140e-05	0.10606	supercritical
1562.4	584.00	128.83	0.0077623	1194.7	1648.0	6.4503	0.88952	1.1627	814.68	-0.055525	6.9165e-05	0.10610	supercritical
1563.4	584.00	128.75	0.0077668	1195.6	1649.2	6.4510	0.88960	1.1628	814.88	-0.055541	6.9191e-05	0.10615	supercritical
1564.4	584.00	128.68	0.0077714	1196.5	1650.3	6.4518	0.88967	1.1628	815.08	-0.055556	6.9216e-05	0.10620	supercritical
1565.4	584.00	128.60	0.0077759	1197.4	1651.5	6.4525	0.88975	1.1629	815.28	-0.055572	6.9241e-05	0.10625	supercritical
1566.4	584.00	128.53	0.0077805	1198.3	1652.7	6.4532	0.88982	1.1629	815.49	-0.055587	6.9267e-05	0.10630	supercritical
1567.4	584.00	128.45	0.0077850	1199.2	1653.8	6.4540	0.88990	1.1630	815.69	-0.055603	6.9292e-05	0.10634	supercritical
1568.4	584.00	128.38	0.0077896	1200.1	1655.0	6.4547	0.88998	1.1631	815.89	-0.055619	6.9317e-05	0.10639	supercritical
1569.4	584.00	128.30	0.0077941	1201.0	1656.1	6.4555	0.89005	1.1631	816.09	-0.055634	6.9343e-05	0.10644	supercritical
1570.4	584.00	128.23	0.0077987	1201.9	1657.3	6.4562	0.89013	1.1632	816.29	-0.055650	6.9368e-05	0.10649	supercritical
1571.4	584.00	128.15	0.0078033	1202.8	1658.5	6.4569	0.89021	1.1632	816.49	-0.055665	6.9393e-05	0.10653	supercritical
1572.4	584.00	128.08	0.0078078	1203.7	1659.6	6.4577	0.89028	1.1633	816.69	-0.055681	6.9419e-05	0.10658	supercritical
1573.4	584.00	128.00	0.0078124	1204.6	1660.8	6.4584	0.89036	1.1634	816.89	-0.055696	6.9444e-05	0.10663	supercritical
1574.4	584.00	127.93	0.0078169	1205.5	1662.0	6.4592	0.89043	1.1634	817.09	-0.055712	6.9469e-05	0.10668	supercritical
1575.4	584.00	127.85	0.0078215	1206.4	1663.1	6.4599	0.89051	1.1635	817.29	-0.055727	6.9495e-05	0.10672	supercritical
1576.4	584.00	127.78	0.0078260	1207.3	1664.3	6.4606	0.89059	1.1635	817.49	-0.055743	6.9520e-05	0.10677	supercritical
1577.4	584.00	127.70	0.0078306	1208.1	1665.5	6.4614	0.89066	1.1636	817.70	-0.055758	6.9545e-05	0.10682	supercritical
1578.4	584.00	127.63	0.0078351	1209.0	1666.6	6.4621	0.89074	1.1636	817.90	-0.055773	6.9571e-05	0.10687	supercritical
1579.4	584.00	127.56	0.0078397	1209.9	1667.8	6.4629	0.89081	1.1637	818.10	-0.055789	6.9596e-05	0.10691	supercritical
1580.4	584.00	127.48	0.0078442	1210.8	1668.9	6.4636	0.89089	1.1638	818.30	-0.055804	6.9621e-05	0.10696	supercritical
1581.4	584.00	127.41	0.0078488	1211.7	1670.1	6.4643	0.89096	1.1638	818.50	-0.055819	6.9646e-05	0.10701	supercritical
1582.4	584.00	127.33	0.0078533	1212.6	1671.3	6.4651	0.89104	1.1639	818.70	-0.055834	6.9672e-05	0.10706	supercritical
1583.4	584.00	127.26	0.0078579	1213.5	1672.4	6.4658	0.89112	1.1639	818.90	-0.055850	6.9697e-05	0.10711	supercritical
1584.4	584.00	127.19	0.0078624	1214.4	1673.6	6.4665	0.89119	1.1640	819.10	-0.055865	6.9722e-05	0.10715	supercritical
1585.4	584.00	127.11	0.0078670	1215.3	1674.8	6.4673	0.89127	1.1641	819.30	-0.055880	6.9748e-05	0.10720	supercritical
1586.4	584.00	127.04	0.0078715	1216.2	1675.9	6.4680	0.89134	1.1641	819.50	-0.055895	6.9773e-05	0.10725	supercritical
1587.4	584.00	126.97	0.0078761	1217.1	1677.1	6.4687	0.89142	1.1642	819.70	-0.055910	6.9798e-05	0.10730	supercritical
1588.4	584.00	126.89	0.0078807	1218.0	1678.3	6.4695	0.89149	1.1642	819.90	-0.055926	6.9823e-05	0.10734	supercritical
1589.4	584.00	126.82	0.0078852	1218.9	1679.4	6.4702	0.89157	1.1643	820.10	-0.055941	6.9849e-05	0.10739	supercritical
1590.4	584.00	126.75	0.0078898	1219.8	1680.6	6.4709	0.89165	1.1644	820.30	-0.055956	6.9874e-05	0.10744	supercritical
1591.4	584.00	126.67	0.0078943	1220.7	1681.7	6.4717	0.89172	1.1644	820.50	-0.055971	6.9899e-05	0.10749	supercritical
1592.4	584.00	126.60	0.0078989	1221.6	1682.9	6.4724	0.89180	1.1645	820.70	-0.055986	6.9924e-05	0.10753	supercritical
1593.4	584.00	126.53	0.0079034	1222.5	1684.1	6.4731	0.89187	1.1645	820.90	-0.056001	6.9950e-05	0.10758	supercritical
1594.4	584.00	126.45	0.0079080	1223.4	1685.2	6.4739	0.89195	1.1646	821.10	-0.056016	6.9975e-05	0.10763	supercritical
1595.4	584.00	126.38	0.0079125	1224.3	1686.4	6.4746	0.89202	1.1646	821.30	-0.056031	7.0000e-05	0.10768	supercritical
1596.4	584.00	126.31	0.0079171	1225.2	1687.6	6.4753	0.89210	1.1647	821.50	-0.056046	7.0025e-05	0.10772	supercritical
1597.4	584.00	126.24	0.0079216	1226.1	1688.7	6.4760	0.89217	1.1648	821.69	-0.056061	7.0051e-05	0.10777	supercritical
1598.4	584.00	126.16	0.0079262	1227.0	1689.9	6.4768	0.89225	1.1648	821.89	-0.056076	7.0076e-05	0.10782	supercritical
1599.4	584.00	126.09	0.0079307	1227.9	1691.1	6.4775	0.89232	1.1649	822.09	-0.056091	7.0101e-05	0.10787	supercritical
1600.4	584.00	126.02	0.0079353	1228.8	1692.2	6.4782	0.89240	1.1649	822.29	-0.056105	7.0126e-05	0.10792	supercritical
1601.4	584.00	125.95	0.0079398	1229.7	1693.4	6.4790	0.89248	1.1650	822.49	-0.056120	7.0152e-05	0.10796	supercritical
1602.4	584.00	125.88	0.0079444	1230.6	1694.6	6.4797	0.89255	1.1651	822.69	-0.056135	7.0177e-05	0.10801	supercritical
1603.4	584.00	125.80	0.0079489	1231.5	1695.7	6.4804	0.89263	1.1651	822.89	-0.056150	7.0202e-05	0.10806	supercritical
1604.4	584.00	125.73	0.0079535	1232.4	1696.9	6.4811	0.89270	1.1652	823.09	-0.056165	7.0227e-05	0.10811	supercritical
1605.4	584.00	125.66	0.0079580	1233.3	1698.1	6.4819	0.89278	1.1652	823.29	-0.056179	7.0252e-05	0.10815	supercritical
1606.4	584.00	125.59	0.0079626	1234.2	1699.2	6.4826	0.89285	1.1653	823.49	-0.056194	7.0278e-05	0.10820	supercritical
1607.4	584.00	125.52	0.0079671	1235.1	1700.4	6.4833	0.89293	1.1654	823.69	-0.056209	7.0303e-05	0.10825	supercritical
1608.4	584.00	125.44	0.0079717	1236.0	1701.6	6.4840	0.89300	1.1654	823.89	-0.056223	7.0328e-05	0.10830	supercritical
1609.4	584.00	125.37	0.0079762	1236.9	1702.7	6.4848	0.89308	1.1655	824.08	-0.056238	7.0353e-05	0.10834	supercritical
1610.4	584.00	125.30	0.0079808	1237.8	1703.9	6.4855	0.89315	1.1655	824.28	-0.056253	7.0378e-05	0.10839	supercritical
1611.4	584.00	125.23	0.0079853	1238.7	1705.0	6.4862	0.89323	1.1656	824.48	-0.056267	7.0404e-05	0.10844	supercritical
1612.4	584.00	125.16	0.0079899	1239.6	1706.2	6.4869	0.89330	1.1656	824.68	-0.056282	7.0429e-05	0.10849	supercritical
1613.4	584.00	125.09	0.0079944	1240.5	1707.4	6.4877	0.89338	1.1657	824.88	-0.056297	7.0454e-05	0.10853	supercritical
1614.4	584.00	125.02	0.0079989	1241.4	1708.5	6.4884	0.89345	1.1658	825.08	-0.056311	7.0479e-05	0.10858	supercritical
1615.4	584.00	124.95	0.0080035	1242.3	1709.7	6.4891	0.89353	1.1658	825.28	-0.056326	7.0504e-05	0.10863	supercritical
1616.4	584.00	124.87	0.0080080	1243.2	1710.9	6.4898	0.89360	1.1659	825.47	-0.056340	7.0529e-05	0.10868	supercritical
1617.4	584.00	124.80	0.0080126	1244.1	1712.0	6.4905	0.89368	1.1659	825.67	-0.056355	7.0555e-05	0.10872	supercritical
1618.4	584.00	124.73	0.0080171	1245.0	1713.2	6.4913	0.89375	1.1660	825.87	-0.056369	7.0580e-05	0.10877	supercritical
1619.4	584.00	124.66	0.0080217	1245.9	1714.4	6.4920	0.89383	1.1661	826.07	-0.056384	7.0605e-05	0.10882	supercritical
1620.4	584.00	124.59	0.0080262	1246.8	1715.5	6.4927	0.89390	1.1661	826.27	-0.056398	7.0630e-05	0.10887	supercritical
1621.4	584.00	124.52	0.0080308	1247.7	1716.7	6.4934	0.89398	1.1662	826.47	-0.056412	7.0655e-05	0.10891	supercritical
1622.4	584.00	124.45	0.0080353	1248.6	1717.9	6.4941	0.89405	1.1662	826.66	-0.056427	7.0680e-05	0.10896	supercritical
1623.4	584.00	124.38	0.0080399	1249.5	1719.0	6.4949	0.89413	1.1663	826.86	-0.056441	7.0706e-05	0.10901	supercritical
1624.4	584.00	124.31	0.0080444	1250.4	1720.2	6.4956	0.89420	1.1664	827.06	-0.056455	7.0731e-05	0.10906	supercritical
1625.4	584.00	124.24	0.0080490	1251.3	1721.4	6.4963	0.89428	1.1664	827.26	-0.056470	7.0756e-05	0.10911	supercritical
1626.4	584.00	124.17	0.0080535	1252.2	1722.5	6.4970	0.89435	1.1665	827.46	-0.056484	7.0781e-05	0.10915	supercritical
1627.4	584.00	124.10	0.0080581	1253.1	1723.7	6.4977	0.89442	1.1665	827.65	-0.056498	7.0806e-05	0.10920	supercritical
1628.4	584.00	124.03	0.0080626	1254.0	1724.9	6.4985	0.89450	1.1666	827.85	-0.056513	7.0831e-05	0.10925	supercritical
1629.4	584.00	123.96	0.0080672	1254.9	1726.0	6.4992	0.89457	1.1667	828.05	-0.056527	7.0856e-05	0.10930	supercritical
1630.4	584.00	123.89	0.0080717	1255.8	1727.2	6.4999	0.89465	1.1667	828.25	-0.056541	7.0882e-05	0.10934	supercritical
1631.4	584.00	123.82	0.0080763	1256.7	1728.4	6.5006	0.89472	1.1668	828.44	-0.056555	7.0907e-05	0.10939	supercritical
1632.4	584.00	123.75	0.0080808	1257.6	1729.5	6.5013	0.89480	1.1668	828.64	-0.056569	7.0932e-05	0.10944	supercritical
1633.4	584.00	123.68	0.0080853	1258.5	1730.7	6.5020	0.89487	1.1669	828.84	-0.056583	7.0957e-05	0.10949	supercritical
1634.4	584.00	123.61	0.0080899	1259.4	1731.9	6.5027	0.89495	1.1669	829.04	-0.056598	7.0982e-05	0.10953	supercritical
1635.4	584.00	123.54	0.0080944	1260.3	1733.0	6.5035	0.89502	1.1670	829.23	-0.056612	7.1007e-05	0.10958	supercritical
1636.4	584.00	123.47	0.0080990	1261.2	1734.2	6.5042	0.89510	1.1671	829.43	-0.056626	7.1032e-05	0.10963	supercritical
1637.4	584.00	123.40	0.0081035	1262.1	1735.4	6.5049	0.89517	1.1671	829.63	-0.056640	7.1057e-05	0.10968	supercritical
1638.4	584.00	123.33	0.0081081	1263.0	1736.5	6.5056	0.89524	1.1672	829.83	-0.056654	7.1082e-05	0.10972	supercritical
1639.4	584.00	123.26	0.0081126	1263.9	1737.7	6.5063	0.89532	1.1672	830.02	-0.056668	7.1108e-05	0.10977	supercritical
1640.4	584.00	123.20	0.0081172	1264.8	1738.9	6.5070	0.89539	1.1673	830.22	-0.056682	7.1133e-05	0.10982	supercritical
1641.4	584.00	123.13	0.0081217	1265.7	1740.0	6.5077	0.89547	1.1674	830.42	-0.056696	7.1158e-05	0.10987	supercritical
1642.4	584.00	123.06	0.0081263	1266.6	1741.2	6.5084	0.89554	1.1674	830.61	-0.056710	7.1183e-05	0.10991	supercritical
1643.4	584.00	122.99	0.0081308	1267.5	1742.4	6.5092	0.89562	1.1675	830.81	-0.056724	7.1208e-05	0.10996	supercritical
1644.4	584.00	122.92	0.0081353	1268.4	1743.5	6.5099	0.89569	1.1675	831.01	-0.056738	7.1233e-05	0.11001	supercritical
1645.4	584.00	122.85	0.0081399	1269.3	1744.7	6.5106	0.89577	1.1676	831.20	-0.056752	7.1258e-05	0.11006	supercritical
1646.4	584.00	122.78	0.0081444	1270.2	1745.9	6.5113	0.89584	1.1677	831.40	-0.056765	7.1283e-05	0.11010	supercritical
1647.4	584.00	122.71	0.0081490	1271.1	1747.0	6.5120	0.89591	1.1677	831.60	-0.056779	7.1308e-05	0.11015	supercritical
1648.4	584.00	122.65	0.0081535	1272.1	1748.2	6.5127	0.89599	1.1678	831.79	-0.056793	7.1333e-05	0.11020	supercritical
1649.4	584.00	122.58	0.0081581	1273.0	1749.4	6.5134	0.89606	1.1678	831.99	-0.056807	7.1358e-05	0.11025	supercritical
1650.4	584.00	122.51	0.0081626	1273.9	1750.6	6.5141	0.89614	1.1679	832.19	-0.056821	7.1383e-05	0.11029	supercritical
1651.4	584.00	122.44	0.0081671	1274.8	1751.7	6.5148	0.89621	1.1680	832.38	-0.056835	7.1409e-05	0.11034	supercritical
1652.4	584.00	122.37	0.0081717	1275.7	1752.9	6.5155	0.89628	1.1680	832.58	-0.056848	7.1434e-05	0.11039	supercritical
1653.4	584.00	122.31	0.0081762	1276.6	1754.1	6.5162	0.89636	1.1681	832.78	-0.056862	7.1459e-05	0.11044	supercritical
1654.4	584.00	122.24	0.0081808	1277.5	1755.2	6.5169	0.89643	1.1681	832.97	-0.056876	7.1484e-05	0.11048	supercritical
1655.4	584.00	122.17	0.0081853	1278.4	1756.4	6.5176	0.89651	1.1682	833.17	-0.056889	7.1509e-05	0.11053	supercritical
1656.4	584.00	122.10	0.0081899	1279.3	1757.6	6.5184	0.89658	1.1683	833.37	-0.056903	7.1534e-05	0.11058	supercritical
1657.4	584.00	122.03	0.0081944	1280.2	1758.7	6.5191	0.89666	1.1683	833.56	-0.056917	7.1559e-05	0.11063	supercritical
1658.4	584.00	121.97	0.0081990	1281.1	1759.9	6.5198	0.89673	1.1684	833.76	-0.056930	7.1584e-05	0.11067	supercritical
1659.4	584.00	121.90	0.0082035	1282.0	1761.1	6.5205	0.89680	1.1684	833.95	-0.056944	7.1609e-05	0.11072	supercritical
1660.4	584.00	121.83	0.0082080	1282.9	1762.2	6.5212	0.89688	1.1685	834.15	-0.056958	7.1634e-05	0.11077	supercritical
1661.4	584.00	121.76	0.0082126	1283.8	1763.4	6.5219	0.89695	1.1685	834.35	-0.056971	7.1659e-05	0.11082	supercritical
1662.4	584.00	121.70	0.0082171	1284.7	1764.6	6.5226	0.89703	1.1686	834.54	-0.056985	7.1684e-05	0.11086	supercritical
1663.4	584.00	121.63	0.0082217	1285.6	1765.7	6.5233	0.89710	1.1687	834.74	-0.056998	7.1709e-05	0.11091	supercritical
1664.4	584.00	121.56	0.0082262	1286.5	1766.9	6.5240	0.89717	1.1687	834.93	-0.057012	7.1734e-05	0.11096	supercritical
1665.4	584.00	121.50	0.0082307	1287.4	1768.1	6.5247	0.89725	1.1688	835.13	-0.057025	7.1759e-05	0.11101	supercritical
1666.4	584.00	121.43	0.0082353	1288.3	1769.2	6.5254	0.89732	1.1688	835.33	-0.057039	7.1784e-05	0.11105	supercritical
1667.4	584.00	121.36	0.0082398	1289.2	1770.4	6.5261	0.89740	1.1689	835.52	-0.057052	7.1809e-05	0.11110	supercritical
1668.4	584.00	121.29	0.0082444	1290.1	1771.6	6.5268	0.89747	1.1690	835.72	-0.057065	7.1834e-05	0.11115	supercritical
1669.4	584.00	121.23	0.0082489	1291.0	1772.8	6.5275	0.89754	1.1690	835.91	-0.057079	7.1859e-05	0.11120	supercritical
1670.4	584.00	121.16	0.0082535	1291.9	1773.9	6.5282	0.89762	1.1691	836.11	-0.057092	7.1884e-05	0.11124	supercritical
1671.4	584.00	121.09	0.0082580	1292.8	1775.1	6.5289	0.89769	1.1691	836.30	-0.057106	7.1909e-05	0.11129	supercritical
1672.4	584.00	121.03	0.0082625	1293.7	1776.3	6.5296	0.89776	1.1692	836.50	-0.057119	7.1934e-05	0.11134	supercritical
1673.4	584.00	120.96	0.0082671	1294.6	1777.4	6.5303	0.89784	1.1693	836.69	-0.057132	7.1959e-05	0.11139	supercritical
1674.4	584.00	120.90	0.0082716	1295.5	1778.6	6.5310	0.89791	1.1693	836.89	-0.057146	7.1984e-05	0.11143	supercritical
1675.4	584.00	120.83	0.0082762	1296.4	1779.8	6.5317	0.89799	1.1694	837.08	-0.057159	7.2009e-05	0.11148	supercritical
1676.4	584.00	120.76	0.0082807	1297.3	1780.9	6.5324	0.89806	1.1694	837.28	-0.057172	7.2034e-05	0.11153	supercritical
1677.4	584.00	120.70	0.0082852	1298.2	1782.1	6.5331	0.89813	1.1695	837.47	-0.057185	7.2059e-05	0.11158	supercritical
1678.4	584.00	120.63	0.0082898	1299.2	1783.3	6.5338	0.89821	1.1696	837.67	-0.057199	7.2084e-05	0.11162	supercritical
1679.4	584.00	120.56	0.0082943	1300.1	1784.4	6.5345	0.89828	1.1696	837.86	-0.057212	7.2109e-05	0.11167	supercritical
1680.4	584.00	120.50	0.0082989	1301.0	1785.6	6.5352	0.89835	1.1697	838.06	-0.057225	7.2134e-05	0.11172	supercritical
1681.4	584.00	120.43	0.0083034	1301.9	1786.8	6.5359	0.89843	1.1697	838.25	-0.057238	7.2159e-05	0.11177	supercritical
1682.4	584.00	120.37	0.0083079	1302.8	1788.0	6.5366	0.89850	1.1698	838.45	-0.057251	7.2184e-05	0.11181	supercritical
1683.4	584.00	120.30	0.0083125	1303.7	1789.1	6.5373	0.89857	1.1699	838.64	-0.057264	7.2209e-05	0.11186	supercritical
1684.4	584.00	120.24	0.0083170	1304.6	1790.3	6.5380	0.89865	1.1699	838.84	-0.057278	7.2234e-05	0.11191	supercritical
1685.4	584.00	120.17	0.0083216	1305.5	1791.5	6.5386	0.89872	1.1700	839.03	-0.057291	7.2259e-05	0.11196	supercritical
1686.4	584.00	120.10	0.0083261	1306.4	1792.6	6.5393	0.89880	1.1700	839.23	-0.057304	7.2284e-05	0.11200	supercritical
1687.4	584.00	120.04	0.0083306	1307.3	1793.8	6.5400	0.89887	1.1701	839.42	-0.057317	7.2309e-05	0.11205	supercritical
1688.4	584.00	119.97	0.0083352	1308.2	1795.0	6.5407	0.89894	1.1702	839.62	-0.057330	7.2334e-05	0.11210	supercritical
1689.4	584.00	119.91	0.0083397	1309.1	1796.1	6.5414	0.89902	1.1702	839.81	-0.057343	7.2359e-05	0.11215	supercritical
1690.4	584.00	119.84	0.0083443	1310.0	1797.3	6.5421	0.89909	1.1703	840.01	-0.057356	7.2384e-05	0.11219	supercritical
1691.4	584.00	119.78	0.0083488	1310.9	1798.5	6.5428	0.89916	1.1703	840.20	-0.057369	7.2408e-05	0.11224	supercritical
1692.4	584.00	119.71	0.0083533	1311.8	1799.7	6.5435	0.89924	1.1704	840.40	-0.057382	7.2433e-05	0.11229	supercritical
1693.4	584.00	119.65	0.0083579	1312.7	1800.8	6.5442	0.89931	1.1705	840.59	-0.057395	7.2458e-05	0.11234	supercritical
1694.4	584.00	119.58	0.0083624	1313.6	1802.0	6.5449	0.89938	1.1705	840.78	-0.057408	7.2483e-05	0.11238	supercritical
1695.4	584.00	119.52	0.0083670	1314.5	1803.2	6.5456	0.89946	1.1706	840.98	-0.057421	7.2508e-05	0.11243	supercritical
1696.4	584.00	119.45	0.0083715	1315.4	1804.3	6.5463	0.89953	1.1706	841.17	-0.057433	7.2533e-05	0.11248	supercritical
1697.4	584.00	119.39	0.0083760	1316.3	1805.5	6.5470	0.89960	1.1707	841.37	-0.057446	7.2558e-05	0.11252	supercritical
1698.4	584.00	119.32	0.0083806	1317.3	1806.7	6.5476	0.89968	1.1707	841.56	-0.057459	7.2583e-05	0.11257	supercritical
1699.4	584.00	119.26	0.0083851	1318.2	1807.9	6.5483	0.89975	1.1708	841.75	-0.057472	7.2608e-05	0.11262	supercritical
1700.4	584.00	119.19	0.0083897	1319.1	1809.0	6.5490	0.89982	1.1709	841.95	-0.057485	7.2633e-05	0.11267	supercritical
1701.4	584.00	119.13	0.0083942	1320.0	1810.2	6.5497	0.89990	1.1709	842.14	-0.057498	7.2658e-05	0.11271	supercritical
1702.4	584.00	119.07	0.0083987	1320.9	1811.4	6.5504	0.89997	1.1710	842.34	-0.057510	7.2683e-05	0.11276	supercritical
1703.4	584.00	119.00	0.0084033	1321.8	1812.5	6.5511	0.90004	1.1710	842.53	-0.057523	7.2708e-05	0.11281	supercritical
1704.4	584.00	118.94	0.0084078	1322.7	1813.7	6.5518	0.90012	1.1711	842.72	-0.057536	7.2732e-05	0.11286	supercritical
1705.4	584.00	118.87	0.0084123	1323.6	1814.9	6.5525	0.90019	1.1712	842.92	-0.057548	7.2757e-05	0.11290	supercritical
1706.4	584.00	118.81	0.0084169	1324.5	1816.0	6.5531	0.90026	1.1712	843.11	-0.057561	7.2782e-05	0.11295	supercritical
1707.4	584.00	118.74	0.0084214	1325.4	1817.2	6.5538	0.90034	1.1713	843.30	-0.057574	7.2807e-05	0.11300	supercritical
1708.4	584.00	118.68	0.0084260	1326.3	1818.4	6.5545	0.90041	1.1713	843.50	-0.057586	7.2832e-05	0.11305	supercritical
1709.4	584.00	118.62	0.0084305	1327.2	1819.6	6.5552	0.90048	1.1714	843.69	-0.057599	7.2857e-05	0.11309	supercritical
1710.4	584.00	118.55	0.0084350	1328.1	1820.7	6.5559	0.90056	1.1715	843.88	-0.057612	7.2882e-05	0.11314	supercritical
1711.4	584.00	118.49	0.0084396	1329.0	1821.9	6.5566	0.90063	1.1715	844.08	-0.057624	7.2907e-05	0.11319	supercritical
1712.4	584.00	118.43	0.0084441	1329.9	1823.1	6.5573	0.90070	1.1716	844.27	-0.057637	7.2932e-05	0.11324	supercritical
1713.4	584.00	118.36	0.0084486	1330.8	1824.2	6.5579	0.90078	1.1716	844.46	-0.057649	7.2956e-05	0.11328	supercritical
1714.4	584.00	118.30	0.0084532	1331.8	1825.4	6.5586	0.90085	1.1717	844.66	-0.057662	7.2981e-05	0.11333	supercritical
1715.4	584.00	118.24	0.0084577	1332.7	1826.6	6.5593	0.90092	1.1718	844.85	-0.057674	7.3006e-05	0.11338	supercritical
1716.4	584.00	118.17	0.0084623	1333.6	1827.8	6.5600	0.90099	1.1718	845.04	-0.057687	7.3031e-05	0.11343	supercritical
1717.4	584.00	118.11	0.0084668	1334.5	1828.9	6.5607	0.90107	1.1719	845.24	-0.057699	7.3056e-05	0.11347	supercritical
1718.4	584.00	118.05	0.0084713	1335.4	1830.1	6.5614	0.90114	1.1719	845.43	-0.057712	7.3081e-05	0.11352	supercritical
1719.4	584.00	117.98	0.0084759	1336.3	1831.3	6.5620	0.90121	1.1720	845.62	-0.057724	7.3106e-05	0.11357	supercritical
1720.4	584.00	117.92	0.0084804	1337.2	1832.5	6.5627	0.90129	1.1721	845.82	-0.057737	7.3131e-05	0.11361	supercritical
1721.4	584.00	117.86	0.0084849	1338.1	1833.6	6.5634	0.90136	1.1721	846.01	-0.057749	7.3155e-05	0.11366	supercritical
1722.4	584.00	117.79	0.0084895	1339.0	1834.8	6.5641	0.90143	1.1722	846.20	-0.057762	7.3180e-05	0.11371	supercritical
1723.4	584.00	117.73	0.0084940	1339.9	1836.0	6.5648	0.90151	1.1722	846.39	-0.057774	7.3205e-05	0.11376	supercritical
1724.4	584.00	117.67	0.0084985	1340.8	1837.1	6.5654	0.90158	1.1723	846.59	-0.057786	7.3230e-05	0.11380	supercritical
1725.4	584.00	117.60	0.0085031	1341.7	1838.3	6.5661	0.90165	1.1724	846.78	-0.057799	7.3255e-05	0.11385	supercritical
1726.4	584.00	117.54	0.0085076	1342.6	1839.5	6.5668	0.90172	1.1724	846.97	-0.057811	7.3280e-05	0.11390	supercritical
1727.4	584.00	117.48	0.0085121	1343.5	1840.7	6.5675	0.90180	1.1725	847.16	-0.057823	7.3304e-05	0.11395	supercritical
1728.4	584.00	117.42	0.0085167	1344.5	1841.8	6.5682	0.90187	1.1725	847.36	-0.057836	7.3329e-05	0.11399	supercritical
1729.4	584.00	117.35	0.0085212	1345.4	1843.0	6.5688	0.90194	1.1726	847.55	-0.057848	7.3354e-05	0.11404	supercritical
1730.4	584.00	117.29	0.0085258	1346.3	1844.2	6.5695	0.90202	1.1727	847.74	-0.057860	7.3379e-05	0.11409	supercritical
1731.4	584.00	117.23	0.0085303	1347.2	1845.3	6.5702	0.90209	1.1727	847.93	-0.057872	7.3404e-05	0.11414	supercritical
1732.4	584.00	117.17	0.0085348	1348.1	1846.5	6.5709	0.90216	1.1728	848.13	-0.057885	7.3429e-05	0.11418	supercritical
1733.4	584.00	117.10	0.0085394	1349.0	1847.7	6.5715	0.90223	1.1728	848.32	-0.057897	7.3453e-05	0.11423	supercritical
1734.4	584.00	117.04	0.0085439	1349.9	1848.9	6.5722	0.90231	1.1729	848.51	-0.057909	7.3478e-05	0.11428	supercritical
1735.4	584.00	116.98	0.0085484	1350.8	1850.0	6.5729	0.90238	1.1730	848.70	-0.057921	7.3503e-05	0.11433	supercritical
1736.4	584.00	116.92	0.0085530	1351.7	1851.2	6.5736	0.90245	1.1730	848.90	-0.057933	7.3528e-05	0.11437	supercritical
1737.4	584.00	116.86	0.0085575	1352.6	1852.4	6.5742	0.90253	1.1731	849.09	-0.057945	7.3553e-05	0.11442	supercritical
1738.4	584.00	116.79	0.0085620	1353.5	1853.6	6.5749	0.90260	1.1731	849.28	-0.057957	7.3577e-05	0.11447	supercritical
1739.4	584.00	116.73	0.0085666	1354.4	1854.7	6.5756	0.90267	1.1732	849.47	-0.057969	7.3602e-05	0.11451	supercritical
1740.4	584.00	116.67	0.0085711	1355.4	1855.9	6.5763	0.90274	1.1733	849.66	-0.057982	7.3627e-05	0.11456	supercritical
1741.4	584.00	116.61	0.0085756	1356.3	1857.1	6.5769	0.90282	1.1733	849.85	-0.057994	7.3652e-05	0.11461	supercritical
1742.4	584.00	116.55	0.0085802	1357.2	1858.3	6.5776	0.90289	1.1734	850.05	-0.058006	7.3677e-05	0.11466	supercritical
1743.4	584.00	116.49	0.0085847	1358.1	1859.4	6.5783	0.90296	1.1734	850.24	-0.058018	7.3701e-05	0.11470	supercritical
1744.4	584.00	116.42	0.0085892	1359.0	1860.6	6.5790	0.90303	1.1735	850.43	-0.058030	7.3726e-05	0.11475	supercritical
1745.4	584.00	116.36	0.0085938	1359.9	1861.8	6.5796	0.90311	1.1736	850.62	-0.058042	7.3751e-05	0.11480	supercritical
1746.4	584.00	116.30	0.0085983	1360.8	1862.9	6.5803	0.90318	1.1736	850.81	-0.058054	7.3776e-05	0.11485	supercritical
1747.4	584.00	116.24	0.0086028	1361.7	1864.1	6.5810	0.90325	1.1737	851.00	-0.058065	7.3801e-05	0.11489	supercritical
1748.4	584.00	116.18	0.0086074	1362.6	1865.3	6.5817	0.90332	1.1737	851.20	-0.058077	7.3825e-05	0.11494	supercritical
1749.4	584.00	116.12	0.0086119	1363.5	1866.5	6.5823	0.90340	1.1738	851.39	-0.058089	7.3850e-05	0.11499	supercritical
1750.4	584.00	116.06	0.0086164	1364.4	1867.6	6.5830	0.90347	1.1739	851.58	-0.058101	7.3875e-05	0.11504	supercritical
1751.4	584.00	116.00	0.0086210	1365.3	1868.8	6.5837	0.90354	1.1739	851.77	-0.058113	7.3900e-05	0.11508	supercritical
1752.4	584.00	115.94	0.0086255	1366.3	1870.0	6.5843	0.90361	1.1740	851.96	-0.058125	7.3924e-05	0.11513	supercritical
1753.4	584.00	115.87	0.0086300	1367.2	1871.2	6.5850	0.90369	1.1740	852.15	-0.058137	7.3949e-05	0.11518	supercritical
1754.4	584.00	115.81	0.0086346	1368.1	1872.3	6.5857	0.90376	1.1741	852.34	-0.058149	7.3974e-05	0.11522	supercritical
1755.4	584.00	115.75	0.0086391	1369.0	1873.5	6.5863	0.90383	1.1742	852.54	-0.058160	7.3999e-05	0.11527	supercritical
1756.4	584.00	115.69	0.0086436	1369.9	1874.7	6.5870	0.90390	1.1742	852.73	-0.058172	7.4023e-05	0.11532	supercritical
1757.4	584.00	115.63	0.0086482	1370.8	1875.9	6.5877	0.90398	1.1743	852.92	-0.058184	7.4048e-05	0.11537	supercritical
1758.4	584.00	115.57	0.0086527	1371.7	1877.0	6.5883	0.90405	1.1743	853.11	-0.058196	7.4073e-05	0.11541	supercritical
1759.4	584.00	115.51	0.0086572	1372.6	1878.2	6.5890	0.90412	1.1744	853.30	-0.058207	7.4098e-05	0.11546	supercritical
1760.4	584.00	115.45	0.0086618	1373.5	1879.4	6.5897	0.90419	1.1745	853.49	-0.058219	7.4122e-05	0.11551	supercritical
1761.4	584.00	115.39	0.0086663	1374.4	1880.6	6.5904	0.90427	1.1745	853.68	-0.058231	7.4147e-05	0.11556	supercritical
1762.4	584.00	115.33	0.0086708	1375.4	1881.7	6.5910	0.90434	1.1746	853.87	-0.058242	7.4172e-05	0.11560	supercritical
1763.4	584.00	115.27	0.0086754	1376.3	1882.9	6.5917	0.90441	1.1746	854.06	-0.058254	7.4197e-05	0.11565	supercritical
1764.4	584.00	115.21	0.0086799	1377.2	1884.1	6.5923	0.90448	1.1747	854.25	-0.058266	7.4221e-05	0.11570	supercritical
1765.4	584.00	115.15	0.0086844	1378.1	1885.3	6.5930	0.90456	1.1748	854.44	-0.058277	7.4246e-05	0.11574	supercritical
1766.4	584.00	115.09	0.0086889	1379.0	1886.4	6.5937	0.90463	1.1748	854.63	-0.058289	7.4271e-05	0.11579	supercritical
1767.4	584.00	115.03	0.0086935	1379.9	1887.6	6.5943	0.90470	1.1749	854.82	-0.058301	7.4296e-05	0.11584	supercritical
1768.4	584.00	114.97	0.0086980	1380.8	1888.8	6.5950	0.90477	1.1749	855.02	-0.058312	7.4320e-05	0.11589	supercritical
1769.4	584.00	114.91	0.0087025	1381.7	1890.0	6.5957	0.90485	1.1750	855.21	-0.058324	7.4345e-05	0.11593	supercritical
1770.4	584.00	114.85	0.0087071	1382.6	1891.1	6.5963	0.90492	1.1751	855.40	-0.058335	7.4370e-05	0.11598	supercritical
1771.4	584.00	114.79	0.0087116	1383.5	1892.3	6.5970	0.90499	1.1751	855.59	-0.058347	7.4394e-05	0.11603	supercritical
1772.4	584.00	114.73	0.0087161	1384.5	1893.5	6.5977	0.90506	1.1752	855.78	-0.058358	7.4419e-05	0.11608	supercritical
1773.4	584.00	114.67	0.0087207	1385.4	1894.7	6.5983	0.90514	1.1752	855.97	-0.058370	7.4444e-05	0.11612	supercritical
1774.4	584.00	114.61	0.0087252	1386.3	1895.8	6.5990	0.90521	1.1753	856.16	-0.058381	7.4469e-05	0.11617	supercritical
1775.4	584.00	114.55	0.0087297	1387.2	1897.0	6.5997	0.90528	1.1754	856.35	-0.058393	7.4493e-05	0.11622	supercritical
1776.4	584.00	114.49	0.0087343	1388.1	1898.2	6.6003	0.90535	1.1754	856.54	-0.058404	7.4518e-05	0.11626	supercritical
1777.4	584.00	114.43	0.0087388	1389.0	1899.4	6.6010	0.90542	1.1755	856.73	-0.058416	7.4543e-05	0.11631	supercritical
1778.4	584.00	114.37	0.0087433	1389.9	1900.5	6.6016	0.90550	1.1755	856.92	-0.058427	7.4567e-05	0.11636	supercritical
1779.4	584.00	114.31	0.0087478	1390.8	1901.7	6.6023	0.90557	1.1756	857.11	-0.058438	7.4592e-05	0.11641	supercritical
1780.4	584.00	114.25	0.0087524	1391.7	1902.9	6.6030	0.90564	1.1757	857.30	-0.058450	7.4617e-05	0.11645	supercritical
1781.4	584.00	114.20	0.0087569	1392.7	1904.1	6.6036	0.90571	1.1757	857.49	-0.058461	7.4641e-05	0.11650	supercritical
1782.4	584.00	114.14	0.0087614	1393.6	1905.2	6.6043	0.90579	1.1758	857.68	-0.058472	7.4666e-05	0.11655	supercritical
1783.4	584.00	114.08	0.0087660	1394.5	1906.4	6.6049	0.90586	1.1758	857.87	-0.058484	7.4691e-05	0.11660	supercritical
1784.4	584.00	114.02	0.0087705	1395.4	1907.6	6.6056	0.90593	1.1759	858.06	-0.058495	7.4715e-05	0.11664	supercritical
1785.4	584.00	113.96	0.0087750	1396.3	1908.8	6.6063	0.90600	1.1760	858.25	-0.058506	7.4740e-05	0.11669	supercritical
1786.4	584.00	113.90	0.0087796	1397.2	1909.9	6.6069	0.90607	1.1760	858.44	-0.058518	7.4765e-05	0.11674	supercritical
1787.4	584.00	113.84	0.0087841	1398.1	1911.1	6.6076	0.90615	1.1761	858.63	-0.058529	7.4789e-05	0.11678	supercritical
1788.4	584.00	113.78	0.0087886	1399.0	1912.3	6.6082	0.90622	1.1761	858.81	-0.058540	7.4814e-05	0.11683	supercritical
1789.4	584.00	113.72	0.0087931	1399.9	1913.5	6.6089	0.90629	1.1762	859.00	-0.058551	7.4839e-05	0.11688	supercritical
1790.4	584.00	113.67	0.0087977	1400.9	1914.6	6.6095	0.90636	1.1763	859.19	-0.058563	7.4863e-05	0.11693	supercritical
1791.4	584.00	113.61	0.0088022	1401.8	1915.8	6.6102	0.90643	1.1763	859.38	-0.058574	7.4888e-05	0.11697	supercritical
1792.4	584.00	113.55	0.0088067	1402.7	1917.0	6.6109	0.90651	1.1764	859.57	-0.058585	7.4913e-05	0.11702	supercritical
1793.4	584.00	113.49	0.0088113	1403.6	1918.2	6.6115	0.90658	1.1765	859.76	-0.058596	7.4937e-05	0.11707	supercritical
1794.4	584.00	113.43	0.0088158	1404.5	1919.3	6.6122	0.90665	1.1765	859.95	-0.058607	7.4962e-05	0.11712	supercritical
1795.4	584.00	113.37	0.0088203	1405.4	1920.5	6.6128	0.90672	1.1766	860.14	-0.058618	7.4987e-05	0.11716	supercritical
1796.4	584.00	113.32	0.0088248	1406.3	1921.7	6.6135	0.90679	1.1766	860.33	-0.058629	7.5011e-05	0.11721	supercritical
1797.4	584.00	113.26	0.0088294	1407.2	1922.9	6.6141	0.90687	1.1767	860.52	-0.058640	7.5036e-05	0.11726	supercritical
1798.4	584.00	113.20	0.0088339	1408.2	1924.1	6.6148	0.90694	1.1768	860.71	-0.058652	7.5061e-05	0.11730	supercritical
1799.4	584.00	113.14	0.0088384	1409.1	1925.2	6.6154	0.90701	1.1768	860.90	-0.058663	7.5085e-05	0.11735	supercritical
1800.4	584.00	113.08	0.0088430	1410.0	1926.4	6.6161	0.90708	1.1769	861.08	-0.058674	7.5110e-05	0.11740	supercritical
1801.4	584.00	113.03	0.0088475	1410.9	1927.6	6.6168	0.90715	1.1769	861.27	-0.058685	7.5135e-05	0.11745	supercritical
1802.4	584.00	112.97	0.0088520	1411.8	1928.8	6.6174	0.90723	1.1770	861.46	-0.058696	7.5159e-05	0.11749	supercritical
1803.4	584.00	112.91	0.0088565	1412.7	1929.9	6.6181	0.90730	1.1771	861.65	-0.058707	7.5184e-05	0.11754	supercritical
1804.4	584.00	112.85	0.0088611	1413.6	1931.1	6.6187	0.90737	1.1771	861.84	-0.058718	7.5208e-05	0.11759	supercritical
1805.4	584.00	112.80	0.0088656	1414.5	1932.3	6.6194	0.90744	1.1772	862.03	-0.058729	7.5233e-05	0.11763	supercritical
1806.4	584.00	112.74	0.0088701	1415.5	1933.5	6.6200	0.90751	1.1772	862.22	-0.058740	7.5258e-05	0.11768	supercritical
1807.4	584.00	112.68	0.0088747	1416.4	1934.6	6.6207	0.90759	1.1773	862.41	-0.058750	7.5282e-05	0.11773	supercritical
1808.4	584.00	112.62	0.0088792	1417.3	1935.8	6.6213	0.90766	1.1774	862.59	-0.058761	7.5307e-05	0.11778	supercritical
1809.4	584.00	112.57	0.0088837	1418.2	1937.0	6.6220	0.90773	1.1774	862.78	-0.058772	7.5332e-05	0.11782	supercritical
1810.4	584.00	112.51	0.0088882	1419.1	1938.2	6.6226	0.90780	1.1775	862.97	-0.058783	7.5356e-05	0.11787	supercritical
1811.4	584.00	112.45	0.0088928	1420.0	1939.4	6.6233	0.90787	1.1775	863.16	-0.058794	7.5381e-05	0.11792	supercritical
1812.4	584.00	112.39	0.0088973	1420.9	1940.5	6.6239	0.90794	1.1776	863.35	-0.058805	7.5405e-05	0.11796	supercritical
1813.4	584.00	112.34	0.0089018	1421.8	1941.7	6.6246	0.90802	1.1777	863.54	-0.058816	7.5430e-05	0.11801	supercritical
1814.4	584.00	112.28	0.0089063	1422.8	1942.9	6.6252	0.90809	1.1777	863.72	-0.058826	7.5455e-05	0.11806	supercritical
1815.4	584.00	112.22	0.0089109	1423.7	1944.1	6.6259	0.90816	1.1778	863.91	-0.058837	7.5479e-05	0.11811	supercritical
1816.4	584.00	112.17	0.0089154	1424.6	1945.2	6.6265	0.90823	1.1778	864.10	-0.058848	7.5504e-05	0.11815	supercritical
1817.4	584.00	112.11	0.0089199	1425.5	1946.4	6.6272	0.90830	1.1779	864.29	-0.058859	7.5528e-05	0.11820	supercritical
1818.4	584.00	112.05	0.0089245	1426.4	1947.6	6.6278	0.90837	1.1780	864.48	-0.058870	7.5553e-05	0.11825	supercritical
1819.4	584.00	111.99	0.0089290	1427.3	1948.8	6.6285	0.90845	1.1780	864.66	-0.058880	7.5577e-05	0.11830	supercritical
1820.4	584.00	111.94	0.0089335	1428.2	1950.0	6.6291	0.90852	1.1781	864.85	-0.058891	7.5602e-05	0.11834	supercritical
1821.4	584.00	111.88	0.0089380	1429.2	1951.1	6.6298	0.90859	1.1781	865.04	-0.058902	7.5627e-05	0.11839	supercritical
1822.4	584.00	111.82	0.0089426	1430.1	1952.3	6.6304	0.90866	1.1782	865.23	-0.058912	7.5651e-05	0.11844	supercritical
1823.4	584.00	111.77	0.0089471	1431.0	1953.5	6.6310	0.90873	1.1783	865.42	-0.058923	7.5676e-05	0.11848	supercritical
1824.4	584.00	111.71	0.0089516	1431.9	1954.7	6.6317	0.90881	1.1783	865.60	-0.058934	7.5700e-05	0.11853	supercritical
1825.4	584.00	111.66	0.0089561	1432.8	1955.8	6.6323	0.90888	1.1784	865.79	-0.058944	7.5725e-05	0.11858	supercritical
1826.4	584.00	111.60	0.0089607	1433.7	1957.0	6.6330	0.90895	1.1784	865.98	-0.058955	7.5750e-05	0.11863	supercritical
1827.4	584.00	111.54	0.0089652	1434.6	1958.2	6.6336	0.90902	1.1785	866.17	-0.058966	7.5774e-05	0.11867	supercritical
1828.4	584.00	111.49	0.0089697	1435.6	1959.4	6.6343	0.90909	1.1786	866.35	-0.058976	7.5799e-05	0.11872	supercritical
1829.4	584.00	111.43	0.0089742	1436.5	1960.6	6.6349	0.90916	1.1786	866.54	-0.058987	7.5823e-05	0.11877	supercritical
1830.4	584.00	111.37	0.0089788	1437.4	1961.7	6.6356	0.90923	1.1787	866.73	-0.058997	7.5848e-05	0.11881	supercritical
1831.4	584.00	111.32	0.0089833	1438.3	1962.9	6.6362	0.90931	1.1788	866.92	-0.059008	7.5872e-05	0.11886	supercritical
1832.4	584.00	111.26	0.0089878	1439.2	1964.1	6.6369	0.90938	1.1788	867.10	-0.059018	7.5897e-05	0.11891	supercritical
1833.4	584.00	111.21	0.0089923	1440.1	1965.3	6.6375	0.90945	1.1789	867.29	-0.059029	7.5921e-05	0.11896	supercritical
1834.4	584.00	111.15	0.0089969	1441.0	1966.5	6.6381	0.90952	1.1789	867.48	-0.059039	7.5946e-05	0.11900	supercritical
1835.4	584.00	111.09	0.0090014	1442.0	1967.6	6.6388	0.90959	1.1790	867.67	-0.059050	7.5970e-05	0.11905	supercritical
1836.4	584.00	111.04	0.0090059	1442.9	1968.8	6.6394	0.90966	1.1791	867.85	-0.059060	7.5995e-05	0.11910	supercritical
1837.4	584.00	110.98	0.0090104	1443.8	1970.0	6.6401	0.90974	1.1791	868.04	-0.059071	7.6020e-05	0.11914	supercritical
1838.4	584.00	110.93	0.0090150	1444.7	1971.2	6.6407	0.90981	1.1792	868.23	-0.059081	7.6044e-05	0.11919	supercritical
1839.4	584.00	110.87	0.0090195	1445.6	1972.4	6.6413	0.90988	1.1792	868.41	-0.059092	7.6069e-05	0.11924	supercritical
1840.4	584.00	110.82	0.0090240	1446.5	1973.5	6.6420	0.90995	1.1793	868.60	-0.059102	7.6093e-05	0.11929	supercritical
1841.4	584.00	110.76	0.0090285	1447.4	1974.7	6.6426	0.91002	1.1794	868.79	-0.059112	7.6118e-05	0.11933	supercritical
1842.4	584.00	110.70	0.0090331	1448.4	1975.9	6.6433	0.91009	1.1794	868.98	-0.059123	7.6142e-05	0.11938	supercritical
1843.4	584.00	110.65	0.0090376	1449.3	1977.1	6.6439	0.91016	1.1795	869.16	-0.059133	7.6167e-05	0.11943	supercritical
1844.4	584.00	110.59	0.0090421	1450.2	1978.2	6.6445	0.91024	1.1795	869.35	-0.059144	7.6191e-05	0.11947	supercritical
1845.4	584.00	110.54	0.0090466	1451.1	1979.4	6.6452	0.91031	1.1796	869.54	-0.059154	7.6216e-05	0.11952	supercritical
1846.4	584.00	110.48	0.0090512	1452.0	1980.6	6.6458	0.91038	1.1797	869.72	-0.059164	7.6240e-05	0.11957	supercritical
1847.4	584.00	110.43	0.0090557	1452.9	1981.8	6.6465	0.91045	1.1797	869.91	-0.059174	7.6265e-05	0.11962	supercritical
1848.4	584.00	110.37	0.0090602	1453.9	1983.0	6.6471	0.91052	1.1798	870.10	-0.059185	7.6289e-05	0.11966	supercritical
1849.4	584.00	110.32	0.0090647	1454.8	1984.1	6.6477	0.91059	1.1798	870.28	-0.059195	7.6314e-05	0.11971	supercritical
1850.4	584.00	110.26	0.0090693	1455.7	1985.3	6.6484	0.91066	1.1799	870.47	-0.059205	7.6338e-05	0.11976	supercritical
1851.4	584.00	110.21	0.0090738	1456.6	1986.5	6.6490	0.91074	1.1800	870.66	-0.059216	7.6363e-05	0.11980	supercritical
1852.4	584.00	110.15	0.0090783	1457.5	1987.7	6.6497	0.91081	1.1800	870.84	-0.059226	7.6387e-05	0.11985	supercritical
1853.4	584.00	110.10	0.0090828	1458.4	1988.9	6.6503	0.91088	1.1801	871.03	-0.059236	7.6412e-05	0.11990	supercritical
1854.4	584.00	110.04	0.0090874	1459.3	1990.0	6.6509	0.91095	1.1801	871.22	-0.059246	7.6436e-05	0.11995	supercritical
1855.4	584.00	109.99	0.0090919	1460.3	1991.2	6.6516	0.91102	1.1802	871.40	-0.059256	7.6461e-05	0.11999	supercritical
1856.4	584.00	109.93	0.0090964	1461.2	1992.4	6.6522	0.91109	1.1803	871.59	-0.059266	7.6485e-05	0.12004	supercritical
1857.4	584.00	109.88	0.0091009	1462.1	1993.6	6.6528	0.91116	1.1803	871.77	-0.059277	7.6510e-05	0.12009	supercritical
1858.4	584.00	109.82	0.0091055	1463.0	1994.8	6.6535	0.91124	1.1804	871.96	-0.059287	7.6534e-05	0.12013	supercritical
1859.4	584.00	109.77	0.0091100	1463.9	1995.9	6.6541	0.91131	1.1805	872.15	-0.059297	7.6559e-05	0.12018	supercritical
1860.4	584.00	109.72	0.0091145	1464.8	1997.1	6.6547	0.91138	1.1805	872.33	-0.059307	7.6583e-05	0.12023	supercritical
1861.4	584.00	109.66	0.0091190	1465.8	1998.3	6.6554	0.91145	1.1806	872.52	-0.059317	7.6608e-05	0.12028	supercritical
1862.4	584.00	109.61	0.0091235	1466.7	1999.5	6.6560	0.91152	1.1806	872.70	-0.059327	7.6632e-05	0.12032	supercritical
1863.4	584.00	109.55	0.0091281	1467.6	2000.7	6.6566	0.91159	1.1807	872.89	-0.059337	7.6657e-05	0.12037	supercritical
1864.4	584.00	109.50	0.0091326	1468.5	2001.9	6.6573	0.91166	1.1808	873.08	-0.059347	7.6681e-05	0.12042	supercritical
1865.4	584.00	109.44	0.0091371	1469.4	2003.0	6.6579	0.91173	1.1808	873.26	-0.059357	7.6706e-05	0.12046	supercritical
1866.4	584.00	109.39	0.0091416	1470.3	2004.2	6.6585	0.91181	1.1809	873.45	-0.059367	7.6730e-05	0.12051	supercritical
1867.4	584.00	109.34	0.0091462	1471.3	2005.4	6.6592	0.91188	1.1809	873.63	-0.059377	7.6755e-05	0.12056	supercritical
1868.4	584.00	109.28	0.0091507	1472.2	2006.6	6.6598	0.91195	1.1810	873.82	-0.059387	7.6779e-05	0.12060	supercritical
1869.4	584.00	109.23	0.0091552	1473.1	2007.8	6.6604	0.91202	1.1811	874.00	-0.059397	7.6804e-05	0.12065	supercritical
1870.4	584.00	109.17	0.0091597	1474.0	2008.9	6.6611	0.91209	1.1811	874.19	-0.059407	7.6828e-05	0.12070	supercritical
1871.4	584.00	109.12	0.0091642	1474.9	2010.1	6.6617	0.91216	1.1812	874.38	-0.059417	7.6852e-05	0.12075	supercritical
1872.4	584.00	109.07	0.0091688	1475.8	2011.3	6.6623	0.91223	1.1812	874.56	-0.059427	7.6877e-05	0.12079	supercritical
1873.4	584.00	109.01	0.0091733	1476.8	2012.5	6.6630	0.91230	1.1813	874.75	-0.059437	7.6901e-05	0.12084	supercritical
1874.4	584.00	108.96	0.0091778	1477.7	2013.7	6.6636	0.91238	1.1814	874.93	-0.059447	7.6926e-05	0.12089	supercritical
1875.4	584.00	108.90	0.0091823	1478.6	2014.8	6.6642	0.91245	1.1814	875.12	-0.059457	7.6950e-05	0.12093	supercritical
1876.4	584.00	108.85	0.0091869	1479.5	2016.0	6.6649	0.91252	1.1815	875.30	-0.059467	7.6975e-05	0.12098	supercritical
1877.4	584.00	108.80	0.0091914	1480.4	2017.2	6.6655	0.91259	1.1816	875.49	-0.059476	7.6999e-05	0.12103	supercritical
1878.4	584.00	108.74	0.0091959	1481.3	2018.4	6.6661	0.91266	1.1816	875.67	-0.059486	7.7024e-05	0.12108	supercritical
1879.4	584.00	108.69	0.0092004	1482.3	2019.6	6.6667	0.91273	1.1817	875.86	-0.059496	7.7048e-05	0.12112	supercritical
1880.4	584.00	108.64	0.0092049	1483.2	2020.8	6.6674	0.91280	1.1817	876.04	-0.059506	7.7072e-05	0.12117	supercritical
1881.4	584.00	108.58	0.0092095	1484.1	2021.9	6.6680	0.91287	1.1818	876.23	-0.059516	7.7097e-05	0.12122	supercritical
1882.4	584.00	108.53	0.0092140	1485.0	2023.1	6.6686	0.91294	1.1819	876.41	-0.059526	7.7121e-05	0.12126	supercritical
1883.4	584.00	108.48	0.0092185	1485.9	2024.3	6.6693	0.91302	1.1819	876.60	-0.059535	7.7146e-05	0.12131	supercritical
1884.4	584.00	108.42	0.0092230	1486.9	2025.5	6.6699	0.91309	1.1820	876.78	-0.059545	7.7170e-05	0.12136	supercritical
1885.4	584.00	108.37	0.0092275	1487.8	2026.7	6.6705	0.91316	1.1820	876.97	-0.059555	7.7195e-05	0.12141	supercritical
1886.4	584.00	108.32	0.0092321	1488.7	2027.8	6.6711	0.91323	1.1821	877.15	-0.059564	7.7219e-05	0.12145	supercritical
1887.4	584.00	108.27	0.0092366	1489.6	2029.0	6.6718	0.91330	1.1822	877.34	-0.059574	7.7243e-05	0.12150	supercritical
1888.4	584.00	108.21	0.0092411	1490.5	2030.2	6.6724	0.91337	1.1822	877.52	-0.059584	7.7268e-05	0.12155	supercritical
1889.4	584.00	108.16	0.0092456	1491.4	2031.4	6.6730	0.91344	1.1823	877.71	-0.059594	7.7292e-05	0.12159	supercritical
1890.4	584.00	108.11	0.0092501	1492.4	2032.6	6.6736	0.91351	1.1823	877.89	-0.059603	7.7317e-05	0.12164	supercritical
1891.4	584.00	108.05	0.0092547	1493.3	2033.8	6.6743	0.91358	1.1824	878.08	-0.059613	7.7341e-05	0.12169	supercritical
1892.4	584.00	108.00	0.0092592	1494.2	2034.9	6.6749	0.91365	1.1825	878.26	-0.059623	7.7365e-05	0.12173	supercritical
1893.4	584.00	107.95	0.0092637	1495.1	2036.1	6.6755	0.91373	1.1825	878.45	-0.059632	7.7390e-05	0.12178	supercritical
1894.4	584.00	107.90	0.0092682	1496.0	2037.3	6.6761	0.91380	1.1826	878.63	-0.059642	7.7414e-05	0.12183	supercritical
1895.4	584.00	107.84	0.0092728	1497.0	2038.5	6.6768	0.91387	1.1826	878.82	-0.059651	7.7439e-05	0.12188	supercritical
1896.4	584.00	107.79	0.0092773	1497.9	2039.7	6.6774	0.91394	1.1827	879.00	-0.059661	7.7463e-05	0.12192	supercritical
1897.4	584.00	107.74	0.0092818	1498.8	2040.9	6.6780	0.91401	1.1828	879.18	-0.059670	7.7487e-05	0.12197	supercritical
1898.4	584.00	107.69	0.0092863	1499.7	2042.0	6.6786	0.91408	1.1828	879.37	-0.059680	7.7512e-05	0.12202	supercritical
1899.4	584.00	107.63	0.0092908	1500.6	2043.2	6.6793	0.91415	1.1829	879.55	-0.059690	7.7536e-05	0.12206	supercritical
1900.4	584.00	107.58	0.0092953	1501.6	2044.4	6.6799	0.91422	1.1830	879.74	-0.059699	7.7561e-05	0.12211	supercritical
1901.4	584.00	107.53	0.0092999	1502.5	2045.6	6.6805	0.91429	1.1830	879.92	-0.059709	7.7585e-05	0.12216	supercritical
1902.4	584.00	107.48	0.0093044	1503.4	2046.8	6.6811	0.91436	1.1831	880.11	-0.059718	7.7609e-05	0.12220	supercritical
1903.4	584.00	107.42	0.0093089	1504.3	2047.9	6.6817	0.91443	1.1831	880.29	-0.059728	7.7634e-05	0.12225	supercritical
1904.4	584.00	107.37	0.0093134	1505.2	2049.1	6.6824	0.91450	1.1832	880.47	-0.059737	7.7658e-05	0.12230	supercritical
1905.4	584.00	107.32	0.0093179	1506.1	2050.3	6.6830	0.91458	1.1833	880.66	-0.059747	7.7682e-05	0.12235	supercritical
1906.4	584.00	107.27	0.0093225	1507.1	2051.5	6.6836	0.91465	1.1833	880.84	-0.059756	7.7707e-05	0.12239	supercritical
1907.4	584.00	107.22	0.0093270	1508.0	2052.7	6.6842	0.91472	1.1834	881.03	-0.059765	7.7731e-05	0.12244	supercritical
1908.4	584.00	107.16	0.0093315	1508.9	2053.9	6.6848	0.91479	1.1834	881.21	-0.059775	7.7756e-05	0.12249	supercritical
1909.4	584.00	107.11	0.0093360	1509.8	2055.0	6.6855	0.91486	1.1835	881.39	-0.059784	7.7780e-05	0.12253	supercritical
1910.4	584.00	107.06	0.0093405	1510.7	2056.2	6.6861	0.91493	1.1836	881.58	-0.059794	7.7804e-05	0.12258	supercritical
1911.4	584.00	107.01	0.0093451	1511.7	2057.4	6.6867	0.91500	1.1836	881.76	-0.059803	7.7829e-05	0.12263	supercritical
1912.4	584.00	106.96	0.0093496	1512.6	2058.6	6.6873	0.91507	1.1837	881.94	-0.059812	7.7853e-05	0.12267	supercritical
1913.4	584.00	106.90	0.0093541	1513.5	2059.8	6.6879	0.91514	1.1837	882.13	-0.059822	7.7877e-05	0.12272	supercritical
1914.4	584.00	106.85	0.0093586	1514.4	2061.0	6.6886	0.91521	1.1838	882.31	-0.059831	7.7902e-05	0.12277	supercritical
1915.4	584.00	106.80	0.0093631	1515.3	2062.2	6.6892	0.91528	1.1839	882.50	-0.059840	7.7926e-05	0.12282	supercritical
1916.4	584.00	106.75	0.0093677	1516.3	2063.3	6.6898	0.91535	1.1839	882.68	-0.059850	7.7950e-05	0.12286	supercritical
1917.4	584.00	106.70	0.0093722	1517.2	2064.5	6.6904	0.91543	1.1840	882.86	-0.059859	7.7975e-05	0.12291	supercritical
1918.4	584.00	106.65	0.0093767	1518.1	2065.7	6.6910	0.91550	1.1841	883.05	-0.059868	7.7999e-05	0.12296	supercritical
1919.4	584.00	106.60	0.0093812	1519.0	2066.9	6.6917	0.91557	1.1841	883.23	-0.059877	7.8023e-05	0.12300	supercritical
1920.4	584.00	106.54	0.0093857	1519.9	2068.1	6.6923	0.91564	1.1842	883.41	-0.059887	7.8048e-05	0.12305	supercritical
1921.4	584.00	106.49	0.0093902	1520.9	2069.3	6.6929	0.91571	1.1842	883.60	-0.059896	7.8072e-05	0.12310	supercritical
1922.4	584.00	106.44	0.0093948	1521.8	2070.4	6.6935	0.91578	1.1843	883.78	-0.059905	7.8096e-05	0.12314	supercritical
1923.4	584.00	106.39	0.0093993	1522.7	2071.6	6.6941	0.91585	1.1844	883.96	-0.059914	7.8121e-05	0.12319	supercritical
1924.4	584.00	106.34	0.0094038	1523.6	2072.8	6.6947	0.91592	1.1844	884.15	-0.059924	7.8145e-05	0.12324	supercritical
1925.4	584.00	106.29	0.0094083	1524.5	2074.0	6.6954	0.91599	1.1845	884.33	-0.059933	7.8169e-05	0.12329	supercritical
1926.4	584.00	106.24	0.0094128	1525.5	2075.2	6.6960	0.91606	1.1845	884.51	-0.059942	7.8194e-05	0.12333	supercritical
1927.4	584.00	106.19	0.0094174	1526.4	2076.4	6.6966	0.91613	1.1846	884.69	-0.059951	7.8218e-05	0.12338	supercritical
1928.4	584.00	106.14	0.0094219	1527.3	2077.5	6.6972	0.91620	1.1847	884.88	-0.059960	7.8242e-05	0.12343	supercritical
1929.4	584.00	106.09	0.0094264	1528.2	2078.7	6.6978	0.91627	1.1847	885.06	-0.059969	7.8267e-05	0.12347	supercritical
1930.4	584.00	106.03	0.0094309	1529.2	2079.9	6.6984	0.91634	1.1848	885.24	-0.059978	7.8291e-05	0.12352	supercritical
1931.4	584.00	105.98	0.0094354	1530.1	2081.1	6.6990	0.91641	1.1849	885.43	-0.059988	7.8315e-05	0.12357	supercritical
1932.4	584.00	105.93	0.0094399	1531.0	2082.3	6.6996	0.91648	1.1849	885.61	-0.059997	7.8340e-05	0.12361	supercritical
1933.4	584.00	105.88	0.0094445	1531.9	2083.5	6.7003	0.91656	1.1850	885.79	-0.060006	7.8364e-05	0.12366	supercritical
1934.4	584.00	105.83	0.0094490	1532.8	2084.7	6.7009	0.91663	1.1850	885.97	-0.060015	7.8388e-05	0.12371	supercritical
1935.4	584.00	105.78	0.0094535	1533.8	2085.8	6.7015	0.91670	1.1851	886.16	-0.060024	7.8413e-05	0.12376	supercritical
1936.4	584.00	105.73	0.0094580	1534.7	2087.0	6.7021	0.91677	1.1852	886.34	-0.060033	7.8437e-05	0.12380	supercritical
1937.4	584.00	105.68	0.0094625	1535.6	2088.2	6.7027	0.91684	1.1852	886.52	-0.060042	7.8461e-05	0.12385	supercritical
1938.4	584.00	105.63	0.0094670	1536.5	2089.4	6.7033	0.91691	1.1853	886.71	-0.060051	7.8486e-05	0.12390	supercritical
1939.4	584.00	105.58	0.0094716	1537.4	2090.6	6.7039	0.91698	1.1853	886.89	-0.060060	7.8510e-05	0.12394	supercritical
1940.4	584.00	105.53	0.0094761	1538.4	2091.8	6.7045	0.91705	1.1854	887.07	-0.060069	7.8534e-05	0.12399	supercritical
1941.4	584.00	105.48	0.0094806	1539.3	2093.0	6.7052	0.91712	1.1855	887.25	-0.060078	7.8558e-05	0.12404	supercritical
1942.4	584.00	105.43	0.0094851	1540.2	2094.1	6.7058	0.91719	1.1855	887.43	-0.060087	7.8583e-05	0.12408	supercritical
1943.4	584.00	105.38	0.0094896	1541.1	2095.3	6.7064	0.91726	1.1856	887.62	-0.060096	7.8607e-05	0.12413	supercritical
1944.4	584.00	105.33	0.0094941	1542.1	2096.5	6.7070	0.91733	1.1856	887.80	-0.060105	7.8631e-05	0.12418	supercritical
1945.4	584.00	105.28	0.0094987	1543.0	2097.7	6.7076	0.91740	1.1857	887.98	-0.060114	7.8656e-05	0.12423	supercritical
1946.4	584.00	105.23	0.0095032	1543.9	2098.9	6.7082	0.91747	1.1858	888.16	-0.060122	7.8680e-05	0.12427	supercritical
1947.4	584.00	105.18	0.0095077	1544.8	2100.1	6.7088	0.91754	1.1858	888.35	-0.060131	7.8704e-05	0.12432	supercritical
1948.4	584.00	105.13	0.0095122	1545.7	2101.3	6.7094	0.91761	1.1859	888.53	-0.060140	7.8728e-05	0.12437	supercritical
1949.4	584.00	105.08	0.0095167	1546.7	2102.4	6.7100	0.91768	1.1860	888.71	-0.060149	7.8753e-05	0.12441	supercritical
1950.4	584.00	105.03	0.0095212	1547.6	2103.6	6.7106	0.91775	1.1860	888.89	-0.060158	7.8777e-05	0.12446	supercritical
1951.4	584.00	104.98	0.0095258	1548.5	2104.8	6.7112	0.91782	1.1861	889.07	-0.060167	7.8801e-05	0.12451	supercritical
1952.4	584.00	104.93	0.0095303	1549.4	2106.0	6.7119	0.91789	1.1861	889.26	-0.060176	7.8825e-05	0.12455	supercritical
1953.4	584.00	104.88	0.0095348	1550.4	2107.2	6.7125	0.91797	1.1862	889.44	-0.060184	7.8850e-05	0.12460	supercritical
1954.4	584.00	104.83	0.0095393	1551.3	2108.4	6.7131	0.91804	1.1863	889.62	-0.060193	7.8874e-05	0.12465	supercritical
1955.4	584.00	104.78	0.0095438	1552.2	2109.6	6.7137	0.91811	1.1863	889.80	-0.060202	7.8898e-05	0.12469	supercritical
1956.4	584.00	104.73	0.0095483	1553.1	2110.7	6.7143	0.91818	1.1864	889.98	-0.060211	7.8923e-05	0.12474	supercritical
1957.4	584.00	104.68	0.0095529	1554.0	2111.9	6.7149	0.91825	1.1864	890.17	-0.060219	7.8947e-05	0.12479	supercritical
1958.4	584.00	104.63	0.0095574	1555.0	2113.1	6.7155	0.91832	1.1865	890.35	-0.060228	7.8971e-05	0.12484	supercritical
1959.4	584.00	104.58	0.0095619	1555.9	2114.3	6.7161	0.91839	1.1866	890.53	-0.060237	7.8995e-05	0.12488	supercritical
1960.4	584.00	104.53	0.0095664	1556.8	2115.5	6.7167	0.91846	1.1866	890.71	-0.060246	7.9020e-05	0.12493	supercritical
1961.4	584.00	104.48	0.0095709	1557.7	2116.7	6.7173	0.91853	1.1867	890.89	-0.060254	7.9044e-05	0.12498	supercritical
1962.4	584.00	104.43	0.0095754	1558.7	2117.9	6.7179	0.91860	1.1868	891.07	-0.060263	7.9068e-05	0.12502	supercritical
1963.4	584.00	104.38	0.0095799	1559.6	2119.0	6.7185	0.91867	1.1868	891.25	-0.060272	7.9092e-05	0.12507	supercritical
1964.4	584.00	104.34	0.0095845	1560.5	2120.2	6.7191	0.91874	1.1869	891.44	-0.060280	7.9116e-05	0.12512	supercritical
1965.4	584.00	104.29	0.0095890	1561.4	2121.4	6.7197	0.91881	1.1869	891.62	-0.060289	7.9141e-05	0.12516	supercritical
1966.4	584.00	104.24	0.0095935	1562.3	2122.6	6.7203	0.91888	1.1870	891.80	-0.060298	7.9165e-05	0.12521	supercritical
1967.4	584.00	104.19	0.0095980	1563.3	2123.8	6.7209	0.91895	1.1871	891.98	-0.060306	7.9189e-05	0.12526	supercritical
1968.4	584.00	104.14	0.0096025	1564.2	2125.0	6.7215	0.91902	1.1871	892.16	-0.060315	7.9213e-05	0.12530	supercritical
1969.4	584.00	104.09	0.0096070	1565.1	2126.2	6.7221	0.91909	1.1872	892.34	-0.060324	7.9238e-05	0.12535	supercritical
1970.4	584.00	104.04	0.0096115	1566.0	2127.4	6.7227	0.91916	1.1872	892.52	-0.060332	7.9262e-05	0.12540	supercritical
1971.4	584.00	103.99	0.0096161	1567.0	2128.5	6.7233	0.91923	1.1873	892.70	-0.060341	7.9286e-05	0.12545	supercritical
1972.4	584.00	103.94	0.0096206	1567.9	2129.7	6.7240	0.91930	1.1874	892.89	-0.060349	7.9310e-05	0.12549	supercritical
1973.4	584.00	103.90	0.0096251	1568.8	2130.9	6.7246	0.91937	1.1874	893.07	-0.060358	7.9335e-05	0.12554	supercritical
1974.4	584.00	103.85	0.0096296	1569.7	2132.1	6.7252	0.91944	1.1875	893.25	-0.060366	7.9359e-05	0.12559	supercritical
1975.4	584.00	103.80	0.0096341	1570.7	2133.3	6.7258	0.91951	1.1876	893.43	-0.060375	7.9383e-05	0.12563	supercritical
1976.4	584.00	103.75	0.0096386	1571.6	2134.5	6.7264	0.91958	1.1876	893.61	-0.060383	7.9407e-05	0.12568	supercritical
1977.4	584.00	103.70	0.0096431	1572.5	2135.7	6.7270	0.91965	1.1877	893.79	-0.060392	7.9431e-05	0.12573	supercritical
1978.4	584.00	103.65	0.0096477	1573.4	2136.9	6.7276	0.91972	1.1877	893.97	-0.060400	7.9456e-05	0.12577	supercritical
1979.4	584.00	103.60	0.0096522	1574.4	2138.0	6.7282	0.91979	1.1878	894.15	-0.060409	7.9480e-05	0.12582	supercritical
1980.4	584.00	103.56	0.0096567	1575.3	2139.2	6.7288	0.91986	1.1879	894.33	-0.060417	7.9504e-05	0.12587	supercritical
1981.4	584.00	103.51	0.0096612	1576.2	2140.4	6.7294	0.91993	1.1879	894.51	-0.060426	7.9528e-05	0.12591	supercritical
1982.4	584.00	103.46	0.0096657	1577.1	2141.6	6.7300	0.92000	1.1880	894.69	-0.060434	7.9552e-05	0.12596	supercritical
1983.4	584.00	103.41	0.0096702	1578.1	2142.8	6.7306	0.92007	1.1880	894.87	-0.060443	7.9577e-05	0.12601	supercritical
1984.4	584.00	103.36	0.0096747	1579.0	2144.0	6.7312	0.92014	1.1881	895.06	-0.060451	7.9601e-05	0.12605	supercritical
1985.4	584.00	103.31	0.0096793	1579.9	2145.2	6.7318	0.92021	1.1882	895.24	-0.060460	7.9625e-05	0.12610	supercritical
1986.4	584.00	103.27	0.0096838	1580.8	2146.4	6.7324	0.92028	1.1882	895.42	-0.060468	7.9649e-05	0.12615	supercritical
1987.4	584.00	103.22	0.0096883	1581.8	2147.5	6.7330	0.92035	1.1883	895.60	-0.060476	7.9673e-05	0.12620	supercritical
1988.4	584.00	103.17	0.0096928	1582.7	2148.7	6.7335	0.92042	1.1884	895.78	-0.060485	7.9698e-05	0.12624	supercritical
1989.4	584.00	103.12	0.0096973	1583.6	2149.9	6.7341	0.92049	1.1884	895.96	-0.060493	7.9722e-05	0.12629	supercritical
1990.4	584.00	103.07	0.0097018	1584.5	2151.1	6.7347	0.92056	1.1885	896.14	-0.060501	7.9746e-05	0.12634	supercritical
1991.4	584.00	103.03	0.0097063	1585.5	2152.3	6.7353	0.92063	1.1885	896.32	-0.060510	7.9770e-05	0.12638	supercritical
1992.4	584.00	102.98	0.0097108	1586.4	2153.5	6.7359	0.92070	1.1886	896.50	-0.060518	7.9794e-05	0.12643	supercritical
1993.4	584.00	102.93	0.0097154	1587.3	2154.7	6.7365	0.92077	1.1887	896.68	-0.060526	7.9819e-05	0.12648	supercritical
1994.4	584.00	102.88	0.0097199	1588.2	2155.9	6.7371	0.92084	1.1887	896.86	-0.060535	7.9843e-05	0.12652	supercritical
1995.4	584.00	102.83	0.0097244	1589.2	2157.1	6.7377	0.92091	1.1888	897.04	-0.060543	7.9867e-05	0.12657	supercritical
1996.4	584.00	102.79	0.0097289	1590.1	2158.2	6.7383	0.92098	1.1888	897.22	-0.060551	7.9891e-05	0.12662	supercritical
1997.4	584.00	102.74	0.0097334	1591.0	2159.4	6.7389	0.92105	1.1889	897.40	-0.060560	7.9915e-05	0.12666	supercritical
1998.4	584.00	102.69	0.0097379	1591.9	2160.6	6.7395	0.92112	1.1890	897.58	-0.060568	7.9939e-05	0.12671	supercritical
1999.4	584.00	102.64	0.0097424	1592.9	2161.8	6.7401	0.92119	1.1890	897.76	-0.060576	7.9964e-05	0.12676	supercritical