Temperature (K)	Pressure (bar)	Density (kg/m3)	Volume (m3/kg)	Internal Energy (kJ/kg)	Enthalpy (kJ/kg)	Entropy (J/g*K)	Cv (J/g*K)	Cp (J/g*K)	Sound Spd. (m/s)	Joule-Thomson (K/bar)	Viscosity (Pa*s)	Therm. Cond. (W/m*K)	Phase
54.361	454.00	1350.9	0.00074025	-198.38	-164.77	1.9945	1.1114	1.5382	1250.4	-0.041229	0.0010650	0.21694	liquid
60.361	454.00	1328.9	0.00075251	-189.47	-155.30	2.1596	1.1035	1.6057	1240.5	-0.038929	0.00078773	0.21078	liquid
61.361	454.00	1325.1	0.00075463	-187.96	-153.70	2.1860	1.1020	1.6113	1236.2	-0.038737	0.00075165	0.20974	liquid
62.361	454.00	1321.4	0.00075677	-186.44	-152.08	2.2121	1.1003	1.6156	1231.4	-0.038580	0.00071793	0.20869	liquid
63.361	454.00	1317.7	0.00075891	-184.92	-150.46	2.2378	1.0983	1.6188	1226.4	-0.038454	0.00068641	0.20764	liquid
64.361	454.00	1313.9	0.00076107	-183.40	-148.84	2.2632	1.0960	1.6211	1221.2	-0.038353	0.00065693	0.20658	liquid
65.361	454.00	1310.2	0.00076324	-181.87	-147.22	2.2882	1.0935	1.6226	1215.7	-0.038274	0.00062933	0.20553	liquid
66.361	454.00	1306.5	0.00076542	-180.35	-145.60	2.3128	1.0907	1.6234	1210.2	-0.038213	0.00060349	0.20448	liquid
67.361	454.00	1302.7	0.00076762	-178.83	-143.98	2.3371	1.0877	1.6236	1204.5	-0.038167	0.00057926	0.20342	liquid
68.361	454.00	1299.0	0.00076982	-177.30	-142.35	2.3610	1.0845	1.6233	1198.7	-0.038134	0.00055652	0.20236	liquid
69.361	454.00	1295.3	0.00077203	-175.78	-140.73	2.3846	1.0812	1.6226	1193.0	-0.038110	0.00053518	0.20131	liquid
70.361	454.00	1291.6	0.00077425	-174.26	-139.11	2.4078	1.0777	1.6216	1187.1	-0.038094	0.00051512	0.20025	liquid
71.361	454.00	1287.9	0.00077648	-172.74	-137.49	2.4307	1.0740	1.6203	1181.3	-0.038084	0.00049625	0.19919	liquid
72.361	454.00	1284.2	0.00077871	-171.22	-135.87	2.4532	1.0703	1.6187	1175.4	-0.038079	0.00047849	0.19814	liquid
73.361	454.00	1280.5	0.00078096	-169.70	-134.25	2.4754	1.0665	1.6170	1169.6	-0.038078	0.00046175	0.19708	liquid
74.361	454.00	1276.8	0.00078322	-168.19	-132.63	2.4973	1.0626	1.6151	1163.8	-0.038078	0.00044597	0.19603	liquid
75.361	454.00	1273.1	0.00078549	-166.68	-131.02	2.5189	1.0586	1.6132	1157.9	-0.038081	0.00043108	0.19497	liquid
76.361	454.00	1269.4	0.00078776	-165.17	-129.41	2.5401	1.0546	1.6111	1152.1	-0.038083	0.00041700	0.19391	liquid
77.361	454.00	1265.7	0.00079005	-163.66	-127.80	2.5611	1.0506	1.6090	1146.3	-0.038085	0.00040370	0.19286	liquid
78.361	454.00	1262.1	0.00079234	-162.16	-126.19	2.5817	1.0466	1.6068	1140.5	-0.038087	0.00039111	0.19180	liquid
79.361	454.00	1258.4	0.00079465	-160.66	-124.58	2.6021	1.0426	1.6046	1134.8	-0.038087	0.00037918	0.19075	liquid
80.361	454.00	1254.8	0.00079697	-159.16	-122.98	2.6222	1.0385	1.6025	1129.1	-0.038086	0.00036787	0.18969	liquid
81.361	454.00	1251.1	0.00079930	-157.67	-121.38	2.6420	1.0345	1.6003	1123.4	-0.038082	0.00035714	0.18864	liquid
82.361	454.00	1247.4	0.00080164	-156.17	-119.78	2.6615	1.0305	1.5982	1117.7	-0.038075	0.00034696	0.18758	liquid
83.361	454.00	1243.8	0.00080399	-154.68	-118.18	2.6808	1.0266	1.5961	1112.0	-0.038066	0.00033727	0.18653	liquid
84.361	454.00	1240.2	0.00080635	-153.19	-116.59	2.6998	1.0226	1.5940	1106.4	-0.038054	0.00032806	0.18548	liquid
85.361	454.00	1236.5	0.00080872	-151.71	-114.99	2.7186	1.0187	1.5920	1100.8	-0.038039	0.00031929	0.18442	liquid
86.361	454.00	1232.9	0.00081111	-150.23	-113.40	2.7371	1.0148	1.5900	1095.2	-0.038020	0.00031094	0.18337	liquid
87.361	454.00	1229.2	0.00081351	-148.75	-111.81	2.7554	1.0110	1.5881	1089.7	-0.037997	0.00030297	0.18232	liquid
88.361	454.00	1225.6	0.00081592	-147.27	-110.23	2.7735	1.0072	1.5862	1084.2	-0.037971	0.00029537	0.18126	liquid
89.361	454.00	1222.0	0.00081834	-145.79	-108.64	2.7913	1.0034	1.5844	1078.7	-0.037941	0.00028810	0.18021	liquid
90.361	454.00	1218.4	0.00082078	-144.32	-107.06	2.8089	0.99974	1.5826	1073.2	-0.037908	0.00028116	0.17916	liquid
91.361	454.00	1214.7	0.00082323	-142.85	-105.48	2.8263	0.99607	1.5809	1067.8	-0.037870	0.00027452	0.17811	liquid
92.361	454.00	1211.1	0.00082569	-141.38	-103.90	2.8435	0.99244	1.5793	1062.3	-0.037829	0.00026816	0.17706	liquid
93.361	454.00	1207.5	0.00082817	-139.92	-102.32	2.8605	0.98887	1.5777	1056.9	-0.037783	0.00026207	0.17601	liquid
94.361	454.00	1203.9	0.00083067	-138.45	-100.74	2.8773	0.98534	1.5762	1051.6	-0.037733	0.00025622	0.17496	liquid
95.361	454.00	1200.2	0.00083317	-136.99	-99.165	2.8940	0.98185	1.5747	1046.2	-0.037680	0.00025062	0.17392	liquid
96.361	454.00	1196.6	0.00083570	-135.53	-97.591	2.9104	0.97841	1.5733	1040.9	-0.037622	0.00024523	0.17287	liquid
97.361	454.00	1193.0	0.00083823	-134.07	-96.018	2.9266	0.97502	1.5720	1035.6	-0.037560	0.00024006	0.17182	liquid
98.361	454.00	1189.4	0.00084079	-132.62	-94.447	2.9427	0.97167	1.5707	1030.3	-0.037494	0.00023508	0.17078	liquid
99.361	454.00	1185.7	0.00084335	-131.16	-92.877	2.9585	0.96836	1.5695	1025.0	-0.037424	0.00023029	0.16973	liquid
100.36	454.00	1182.1	0.00084594	-129.71	-91.308	2.9743	0.96510	1.5683	1019.8	-0.037350	0.00022568	0.16869	liquid
101.36	454.00	1178.5	0.00084854	-128.26	-89.740	2.9898	0.96189	1.5672	1014.6	-0.037271	0.00022124	0.16765	liquid
102.36	454.00	1174.9	0.00085116	-126.82	-88.173	3.0052	0.95872	1.5661	1009.4	-0.037189	0.00021695	0.16661	liquid
103.36	454.00	1171.2	0.00085379	-125.37	-86.608	3.0204	0.95559	1.5651	1004.2	-0.037103	0.00021282	0.16557	liquid
104.36	454.00	1167.6	0.00085644	-123.93	-85.043	3.0355	0.95250	1.5641	999.02	-0.037012	0.00020882	0.16453	liquid
105.36	454.00	1164.0	0.00085911	-122.48	-83.480	3.0504	0.94946	1.5632	993.89	-0.036917	0.00020496	0.16350	liquid
106.36	454.00	1160.4	0.00086180	-121.04	-81.917	3.0651	0.94646	1.5623	988.77	-0.036819	0.00020123	0.16246	liquid
107.36	454.00	1156.7	0.00086450	-119.60	-80.355	3.0798	0.94349	1.5614	983.68	-0.036716	0.00019762	0.16143	liquid
108.36	454.00	1153.1	0.00086722	-118.17	-78.794	3.0942	0.94057	1.5606	978.61	-0.036609	0.00019413	0.16040	liquid
109.36	454.00	1149.5	0.00086996	-116.73	-77.234	3.1086	0.93768	1.5599	973.56	-0.036498	0.00019074	0.15937	liquid
110.36	454.00	1145.8	0.00087272	-115.30	-75.674	3.1228	0.93483	1.5591	968.52	-0.036383	0.00018746	0.15834	liquid
111.36	454.00	1142.2	0.00087550	-113.86	-74.115	3.1368	0.93202	1.5585	963.51	-0.036264	0.00018428	0.15731	liquid
112.36	454.00	1138.6	0.00087829	-112.43	-72.557	3.1507	0.92925	1.5578	958.52	-0.036140	0.00018119	0.15629	liquid
113.36	454.00	1134.9	0.00088111	-111.00	-71.000	3.1645	0.92651	1.5572	953.55	-0.036013	0.00017820	0.15527	liquid
114.36	454.00	1131.3	0.00088394	-109.57	-69.443	3.1782	0.92381	1.5566	948.60	-0.035882	0.00017529	0.15425	liquid
115.36	454.00	1127.7	0.00088680	-108.15	-67.886	3.1918	0.92114	1.5561	943.67	-0.035746	0.00017246	0.15323	liquid
116.36	454.00	1124.0	0.00088967	-106.72	-66.331	3.2052	0.91851	1.5556	938.76	-0.035607	0.00016971	0.15221	liquid
117.36	454.00	1120.4	0.00089257	-105.30	-64.775	3.2185	0.91590	1.5551	933.87	-0.035463	0.00016703	0.15120	liquid
118.36	454.00	1116.7	0.00089549	-103.88	-63.221	3.2317	0.91334	1.5546	929.01	-0.035316	0.00016443	0.15019	liquid
119.36	454.00	1113.1	0.00089842	-102.45	-61.666	3.2448	0.91080	1.5542	924.16	-0.035164	0.00016189	0.14918	liquid
120.36	454.00	1109.4	0.00090138	-101.03	-60.112	3.2577	0.90829	1.5538	919.33	-0.035008	0.00015943	0.14818	liquid
121.36	454.00	1105.7	0.00090436	-99.617	-58.559	3.2706	0.90582	1.5534	914.53	-0.034848	0.00015702	0.14718	liquid
122.36	454.00	1102.1	0.00090737	-98.200	-57.005	3.2833	0.90337	1.5530	909.74	-0.034684	0.00015467	0.14618	liquid
123.36	454.00	1098.4	0.00091039	-96.784	-55.452	3.2960	0.90096	1.5527	904.98	-0.034516	0.00015239	0.14518	liquid
124.36	454.00	1094.8	0.00091344	-95.370	-53.900	3.3085	0.89857	1.5524	900.24	-0.034343	0.00015015	0.14419	liquid
125.36	454.00	1091.1	0.00091651	-93.957	-52.348	3.3209	0.89622	1.5521	895.52	-0.034167	0.00014798	0.14320	liquid
126.36	454.00	1087.4	0.00091960	-92.545	-50.796	3.3333	0.89389	1.5518	890.82	-0.033986	0.00014585	0.14222	liquid
127.36	454.00	1083.8	0.00092271	-91.135	-49.244	3.3455	0.89159	1.5516	886.14	-0.033801	0.00014377	0.14123	liquid
128.36	454.00	1080.1	0.00092585	-89.726	-47.692	3.3576	0.88932	1.5514	881.49	-0.033612	0.00014174	0.14025	liquid
129.36	454.00	1076.4	0.00092902	-88.319	-46.141	3.3697	0.88707	1.5512	876.85	-0.033419	0.00013976	0.13928	liquid
130.36	454.00	1072.7	0.00093220	-86.912	-44.590	3.3816	0.88485	1.5510	872.24	-0.033221	0.00013782	0.13831	liquid
131.36	454.00	1069.0	0.00093541	-85.507	-43.039	3.3935	0.88266	1.5508	867.65	-0.033019	0.00013592	0.13734	liquid
132.36	454.00	1065.4	0.00093865	-84.103	-41.489	3.4052	0.88049	1.5506	863.08	-0.032813	0.00013406	0.13637	liquid
133.36	454.00	1061.7	0.00094191	-82.701	-39.938	3.4169	0.87834	1.5505	858.54	-0.032603	0.00013225	0.13541	liquid
134.36	454.00	1058.0	0.00094519	-81.299	-38.388	3.4285	0.87623	1.5503	854.02	-0.032388	0.00013047	0.13446	liquid
135.36	454.00	1054.3	0.00094850	-79.899	-36.837	3.4400	0.87413	1.5502	849.52	-0.032170	0.00012873	0.13350	liquid
136.36	454.00	1050.6	0.00095184	-78.501	-35.287	3.4514	0.87206	1.5501	845.04	-0.031946	0.00012702	0.13255	liquid
137.36	454.00	1046.9	0.00095520	-77.103	-33.737	3.4627	0.87002	1.5500	840.59	-0.031719	0.00012535	0.13161	liquid
138.36	454.00	1043.2	0.00095859	-75.707	-32.187	3.4740	0.86799	1.5499	836.16	-0.031487	0.00012372	0.13067	liquid
139.36	454.00	1039.5	0.00096200	-74.312	-30.637	3.4851	0.86599	1.5498	831.75	-0.031251	0.00012211	0.12974	liquid
140.36	454.00	1035.8	0.00096544	-72.919	-29.087	3.4962	0.86402	1.5498	827.37	-0.031010	0.00012054	0.12881	liquid
141.36	454.00	1032.1	0.00096891	-71.526	-27.538	3.5072	0.86206	1.5497	823.01	-0.030765	0.00011900	0.12788	liquid
142.36	454.00	1028.4	0.00097241	-70.135	-25.988	3.5181	0.86013	1.5497	818.68	-0.030516	0.00011749	0.12696	liquid
143.36	454.00	1024.7	0.00097593	-68.746	-24.438	3.5290	0.85822	1.5496	814.37	-0.030262	0.00011601	0.12604	liquid
144.36	454.00	1021.0	0.00097948	-67.357	-22.889	3.5398	0.85633	1.5496	810.09	-0.030004	0.00011456	0.12513	liquid
145.36	454.00	1017.2	0.00098306	-65.970	-21.339	3.5505	0.85447	1.5496	805.83	-0.029741	0.00011313	0.12423	liquid
146.36	454.00	1013.5	0.00098666	-64.584	-19.790	3.5611	0.85262	1.5495	801.59	-0.029474	0.00011173	0.12333	liquid
147.36	454.00	1009.8	0.00099030	-63.200	-18.240	3.5716	0.85080	1.5495	797.38	-0.029203	0.00011036	0.12244	liquid
148.36	454.00	1006.1	0.00099396	-61.817	-16.691	3.5821	0.84899	1.5495	793.20	-0.028927	0.00010901	0.12155	liquid
149.36	454.00	1002.3	0.00099766	-60.435	-15.141	3.5925	0.84721	1.5495	789.04	-0.028646	0.00010769	0.12067	liquid
150.36	454.00	998.62	0.0010014	-59.054	-13.592	3.6029	0.84544	1.5495	784.91	-0.028361	0.00010639	0.11979	liquid
151.36	454.00	994.90	0.0010051	-57.675	-12.042	3.6131	0.84370	1.5494	780.81	-0.028072	0.00010511	0.11892	liquid
152.36	454.00	991.17	0.0010089	-56.297	-10.493	3.6233	0.84197	1.5494	776.73	-0.027778	0.00010386	0.11806	liquid
153.36	454.00	987.43	0.0010127	-54.921	-8.9433	3.6335	0.84027	1.5494	772.67	-0.027480	0.00010263	0.11720	liquid
154.36	454.00	983.70	0.0010166	-53.546	-7.3939	3.6435	0.83858	1.5494	768.65	-0.027177	0.00010143	0.11634	liquid
155.36	454.00	979.97	0.0010204	-52.173	-5.8445	3.6535	0.83692	1.5494	764.65	-0.026870	0.00010024	0.11549	supercritical
156.36	454.00	976.23	0.0010243	-50.800	-4.2951	3.6635	0.83527	1.5494	760.68	-0.026558	9.9075e-05	0.11465	supercritical
157.36	454.00	972.50	0.0010283	-49.430	-2.7457	3.6734	0.83364	1.5494	756.74	-0.026242	9.7931e-05	0.11382	supercritical
158.36	454.00	968.76	0.0010322	-48.060	-1.1964	3.6832	0.83203	1.5493	752.82	-0.025921	9.6807e-05	0.11299	supercritical
159.36	454.00	965.02	0.0010362	-46.693	0.35295	3.6929	0.83043	1.5493	748.94	-0.025596	9.5703e-05	0.11216	supercritical
160.36	454.00	961.29	0.0010403	-45.326	1.9023	3.7026	0.82886	1.5493	745.08	-0.025267	9.4618e-05	0.11134	supercritical
161.36	454.00	957.55	0.0010443	-43.961	3.4515	3.7122	0.82730	1.5493	741.25	-0.024933	9.3552e-05	0.11053	supercritical
162.36	454.00	953.81	0.0010484	-42.598	5.0008	3.7218	0.82576	1.5492	737.44	-0.024595	9.2505e-05	0.10973	supercritical
163.36	454.00	950.07	0.0010526	-41.236	6.5500	3.7313	0.82424	1.5492	733.67	-0.024252	9.1476e-05	0.10893	supercritical
164.36	454.00	946.33	0.0010567	-39.876	8.0991	3.7408	0.82273	1.5491	729.93	-0.023906	9.0465e-05	0.10814	supercritical
165.36	454.00	942.59	0.0010609	-38.517	9.6482	3.7502	0.82124	1.5490	726.22	-0.023554	8.9471e-05	0.10735	supercritical
166.36	454.00	938.85	0.0010651	-37.160	11.197	3.7595	0.81977	1.5490	722.53	-0.023199	8.8495e-05	0.10657	supercritical
167.36	454.00	935.11	0.0010694	-35.804	12.746	3.7688	0.81831	1.5489	718.88	-0.022839	8.7535e-05	0.10580	supercritical
168.36	454.00	931.37	0.0010737	-34.450	14.295	3.7780	0.81687	1.5488	715.25	-0.022475	8.6592e-05	0.10503	supercritical
169.36	454.00	927.63	0.0010780	-33.098	15.844	3.7872	0.81545	1.5487	711.66	-0.022107	8.5666e-05	0.10428	supercritical
170.36	454.00	923.89	0.0010824	-31.747	17.392	3.7963	0.81404	1.5486	708.09	-0.021735	8.4755e-05	0.10352	supercritical
171.36	454.00	920.16	0.0010868	-30.399	18.941	3.8054	0.81265	1.5484	704.56	-0.021359	8.3860e-05	0.10278	supercritical
172.36	454.00	916.42	0.0010912	-29.051	20.489	3.8144	0.81128	1.5483	701.06	-0.020979	8.2981e-05	0.10204	supercritical
173.36	454.00	912.69	0.0010957	-27.706	22.037	3.8233	0.80992	1.5481	697.59	-0.020594	8.2116e-05	0.10131	supercritical
174.36	454.00	908.96	0.0011002	-26.362	23.585	3.8323	0.80857	1.5480	694.15	-0.020206	8.1267e-05	0.10058	supercritical
175.36	454.00	905.23	0.0011047	-25.020	25.133	3.8411	0.80724	1.5478	690.74	-0.019814	8.0433e-05	0.099867	supercritical
176.36	454.00	901.50	0.0011093	-23.680	26.681	3.8499	0.80592	1.5476	687.36	-0.019418	7.9613e-05	0.099157	supercritical
177.36	454.00	897.77	0.0011139	-22.341	28.228	3.8587	0.80462	1.5473	684.02	-0.019018	7.8807e-05	0.098454	supercritical
178.36	454.00	894.05	0.0011185	-21.004	29.776	3.8674	0.80334	1.5471	680.70	-0.018615	7.8015e-05	0.097758	supercritical
179.36	454.00	890.33	0.0011232	-19.670	31.323	3.8760	0.80207	1.5468	677.42	-0.018208	7.7237e-05	0.097069	supercritical
180.36	454.00	886.61	0.0011279	-18.337	32.869	3.8846	0.80081	1.5465	674.17	-0.017798	7.6472e-05	0.096388	supercritical
181.36	454.00	882.90	0.0011326	-17.006	34.416	3.8932	0.79957	1.5462	670.96	-0.017384	7.5721e-05	0.095713	supercritical
182.36	454.00	879.19	0.0011374	-15.677	35.962	3.9017	0.79834	1.5459	667.77	-0.016967	7.4983e-05	0.095046	supercritical
183.36	454.00	875.48	0.0011422	-14.350	37.507	3.9101	0.79712	1.5455	664.62	-0.016546	7.4257e-05	0.094386	supercritical
184.36	454.00	871.78	0.0011471	-13.025	39.053	3.9185	0.79592	1.5452	661.50	-0.016122	7.3545e-05	0.093734	supercritical
185.36	454.00	868.08	0.0011520	-11.702	40.598	3.9269	0.79474	1.5448	658.42	-0.015696	7.2845e-05	0.093089	supercritical
186.36	454.00	864.38	0.0011569	-10.381	42.142	3.9352	0.79356	1.5443	655.36	-0.015266	7.2157e-05	0.092451	supercritical
187.36	454.00	860.69	0.0011619	-9.0620	43.686	3.9434	0.79240	1.5439	652.34	-0.014833	7.1481e-05	0.091820	supercritical
188.36	454.00	857.00	0.0011669	-7.7452	45.230	3.9517	0.79125	1.5434	649.36	-0.014397	7.0818e-05	0.091196	supercritical
189.36	454.00	853.32	0.0011719	-6.4305	46.773	3.9598	0.79012	1.5429	646.41	-0.013959	7.0166e-05	0.090580	supercritical
190.36	454.00	849.65	0.0011770	-5.1180	48.316	3.9680	0.78899	1.5424	643.49	-0.013518	6.9525e-05	0.089972	supercritical
191.36	454.00	845.98	0.0011821	-3.8077	49.858	3.9760	0.78788	1.5418	640.60	-0.013075	6.8896e-05	0.089370	supercritical
192.36	454.00	842.31	0.0011872	-2.4996	51.400	3.9841	0.78678	1.5412	637.75	-0.012629	6.8278e-05	0.088776	supercritical
193.36	454.00	838.66	0.0011924	-1.1938	52.940	3.9921	0.78570	1.5406	634.93	-0.012181	6.7671e-05	0.088189	supercritical
194.36	454.00	835.00	0.0011976	0.10978	54.481	4.0000	0.78463	1.5400	632.14	-0.011731	6.7075e-05	0.087609	supercritical
195.36	454.00	831.36	0.0012028	1.4111	56.020	4.0079	0.78356	1.5393	629.39	-0.011279	6.6490e-05	0.087037	supercritical
196.36	454.00	827.72	0.0012081	2.7100	57.559	4.0158	0.78251	1.5386	626.67	-0.010825	6.5915e-05	0.086472	supercritical
197.36	454.00	824.09	0.0012135	4.0066	59.097	4.0236	0.78148	1.5378	623.99	-0.010369	6.5350e-05	0.085914	supercritical
198.36	454.00	820.47	0.0012188	5.3007	60.635	4.0313	0.78045	1.5371	621.34	-0.0099121	6.4796e-05	0.085363	supercritical
199.36	454.00	816.85	0.0012242	6.5925	62.172	4.0391	0.77944	1.5362	618.72	-0.0094533	6.4252e-05	0.084819	supercritical
200.36	454.00	813.25	0.0012296	7.8818	63.707	4.0468	0.77843	1.5354	616.14	-0.0089932	6.3717e-05	0.084283	supercritical
201.36	454.00	809.65	0.0012351	9.1686	65.242	4.0544	0.77744	1.5345	613.59	-0.0085319	6.3192e-05	0.083754	supercritical
202.36	454.00	806.06	0.0012406	10.453	66.776	4.0620	0.77646	1.5336	611.08	-0.0080696	6.2677e-05	0.083231	supercritical
203.36	454.00	802.48	0.0012461	11.735	68.310	4.0696	0.77549	1.5327	608.60	-0.0076064	6.2171e-05	0.082716	supercritical
204.36	454.00	798.90	0.0012517	13.014	69.842	4.0771	0.77453	1.5317	606.15	-0.0071423	6.1675e-05	0.082208	supercritical
205.36	454.00	795.34	0.0012573	14.291	71.373	4.0845	0.77358	1.5307	603.73	-0.0066777	6.1187e-05	0.081707	supercritical
206.36	454.00	791.79	0.0012630	15.565	72.903	4.0920	0.77264	1.5296	601.35	-0.0062127	6.0708e-05	0.081212	supercritical
207.36	454.00	788.24	0.0012686	16.836	74.432	4.0994	0.77172	1.5285	599.01	-0.0057473	6.0239e-05	0.080725	supercritical
208.36	454.00	784.71	0.0012744	18.105	75.960	4.1067	0.77080	1.5274	596.69	-0.0052817	5.9777e-05	0.080244	supercritical
209.36	454.00	781.19	0.0012801	19.370	77.487	4.1140	0.76989	1.5262	594.41	-0.0048162	5.9325e-05	0.079771	supercritical
210.36	454.00	777.68	0.0012859	20.634	79.013	4.1213	0.76900	1.5250	592.17	-0.0043508	5.8880e-05	0.079304	supercritical
211.36	454.00	774.18	0.0012917	21.894	80.537	4.1285	0.76811	1.5238	589.96	-0.0038857	5.8444e-05	0.078843	supercritical
212.36	454.00	770.69	0.0012975	23.152	82.060	4.1357	0.76723	1.5225	587.78	-0.0034211	5.8016e-05	0.078389	supercritical
213.36	454.00	767.21	0.0013034	24.407	83.582	4.1429	0.76636	1.5212	585.63	-0.0029571	5.7596e-05	0.077942	supercritical
214.36	454.00	763.74	0.0013093	25.659	85.103	4.1500	0.76551	1.5199	583.51	-0.0024939	5.7184e-05	0.077502	supercritical
215.36	454.00	760.29	0.0013153	26.908	86.622	4.1571	0.76466	1.5185	581.43	-0.0020316	5.6780e-05	0.077067	supercritical
216.36	454.00	756.85	0.0013213	28.154	88.140	4.1641	0.76382	1.5171	579.38	-0.0015703	5.6383e-05	0.076640	supercritical
217.36	454.00	753.42	0.0013273	29.398	89.656	4.1711	0.76299	1.5156	577.37	-0.0011104	5.5993e-05	0.076218	supercritical
218.36	454.00	750.00	0.0013333	30.638	91.171	4.1780	0.76217	1.5141	575.38	-0.00065178	5.5611e-05	0.075803	supercritical
219.36	454.00	746.60	0.0013394	31.875	92.684	4.1849	0.76136	1.5126	573.43	-0.00019475	5.5236e-05	0.075394	supercritical
220.36	454.00	743.21	0.0013455	33.110	94.196	4.1918	0.76056	1.5110	571.51	0.00026059	5.4868e-05	0.074991	supercritical
221.36	454.00	739.84	0.0013516	34.341	95.706	4.1987	0.75977	1.5094	569.62	0.00071408	5.4506e-05	0.074594	supercritical
222.36	454.00	736.48	0.0013578	35.570	97.215	4.2055	0.75899	1.5078	567.77	0.0011656	5.4152e-05	0.074204	supercritical
223.36	454.00	733.13	0.0013640	36.795	98.722	4.2122	0.75821	1.5061	565.94	0.0016149	5.3804e-05	0.073819	supercritical
224.36	454.00	729.79	0.0013703	38.018	100.23	4.2189	0.75745	1.5044	564.15	0.0020620	5.3463e-05	0.073440	supercritical
225.36	454.00	726.47	0.0013765	39.237	101.73	4.2256	0.75669	1.5026	562.39	0.0025066	5.3129e-05	0.073067	supercritical
226.36	454.00	723.17	0.0013828	40.453	103.23	4.2323	0.75595	1.5009	560.65	0.0029486	5.2800e-05	0.072700	supercritical
227.36	454.00	719.88	0.0013891	41.666	104.73	4.2389	0.75521	1.4990	558.95	0.0033879	5.2478e-05	0.072338	supercritical
228.36	454.00	716.61	0.0013955	42.876	106.23	4.2455	0.75448	1.4972	557.28	0.0038244	5.2162e-05	0.071982	supercritical
229.36	454.00	713.35	0.0014018	44.083	107.73	4.2520	0.75375	1.4953	555.64	0.0042579	5.1852e-05	0.071632	supercritical
230.36	454.00	710.10	0.0014082	45.287	109.22	4.2585	0.75304	1.4934	554.03	0.0046882	5.1548e-05	0.071287	supercritical
231.36	454.00	706.88	0.0014147	46.487	110.71	4.2650	0.75233	1.4915	552.45	0.0051153	5.1250e-05	0.070947	supercritical
232.36	454.00	703.66	0.0014211	47.684	112.20	4.2714	0.75164	1.4895	550.89	0.0055391	5.0957e-05	0.070613	supercritical
233.36	454.00	700.47	0.0014276	48.878	113.69	4.2778	0.75095	1.4875	549.37	0.0059593	5.0670e-05	0.070283	supercritical
234.36	454.00	697.29	0.0014341	50.069	115.18	4.2841	0.75027	1.4854	547.88	0.0063760	5.0388e-05	0.069960	supercritical
235.36	454.00	694.12	0.0014407	51.257	116.66	4.2905	0.74959	1.4834	546.41	0.0067889	5.0112e-05	0.069641	supercritical
236.36	454.00	690.98	0.0014472	52.441	118.15	4.2968	0.74893	1.4813	544.97	0.0071979	4.9841e-05	0.069327	supercritical
237.36	454.00	687.85	0.0014538	53.623	119.63	4.3030	0.74827	1.4792	543.56	0.0076030	4.9575e-05	0.069018	supercritical
238.36	454.00	684.73	0.0014604	54.801	121.10	4.3092	0.74762	1.4770	542.18	0.0080040	4.9315e-05	0.068714	supercritical
239.36	454.00	681.64	0.0014671	55.975	122.58	4.3154	0.74698	1.4748	540.82	0.0084009	4.9059e-05	0.068415	supercritical
240.36	454.00	678.56	0.0014737	57.147	124.05	4.3215	0.74635	1.4726	539.49	0.0087935	4.8808e-05	0.068121	supercritical
241.36	454.00	675.49	0.0014804	58.315	125.53	4.3276	0.74572	1.4704	538.19	0.0091818	4.8562e-05	0.067831	supercritical
242.36	454.00	672.45	0.0014871	59.480	126.99	4.3337	0.74510	1.4682	536.92	0.0095656	4.8320e-05	0.067546	supercritical
243.36	454.00	669.42	0.0014938	60.641	128.46	4.3398	0.74449	1.4659	535.67	0.0099449	4.8084e-05	0.067265	supercritical
244.36	454.00	666.41	0.0015006	61.800	129.93	4.3458	0.74389	1.4636	534.45	0.010320	4.7851e-05	0.066989	supercritical
245.36	454.00	663.42	0.0015073	62.955	131.39	4.3517	0.74329	1.4613	533.25	0.010690	4.7624e-05	0.066717	supercritical
246.36	454.00	660.44	0.0015141	64.107	132.85	4.3577	0.74271	1.4590	532.08	0.011055	4.7400e-05	0.066450	supercritical
247.36	454.00	657.48	0.0015209	65.255	134.31	4.3636	0.74212	1.4566	530.93	0.011415	4.7181e-05	0.066187	supercritical
248.36	454.00	654.55	0.0015278	66.401	135.76	4.3695	0.74155	1.4542	529.81	0.011771	4.6966e-05	0.065928	supercritical
249.36	454.00	651.62	0.0015346	67.543	137.21	4.3753	0.74099	1.4518	528.71	0.012121	4.6755e-05	0.065673	supercritical
250.36	454.00	648.72	0.0015415	68.682	138.67	4.3811	0.74043	1.4494	527.63	0.012467	4.6548e-05	0.065422	supercritical
251.36	454.00	645.83	0.0015484	69.817	140.11	4.3869	0.73987	1.4470	526.58	0.012807	4.6346e-05	0.065175	supercritical
252.36	454.00	642.97	0.0015553	70.949	141.56	4.3926	0.73933	1.4446	525.55	0.013142	4.6147e-05	0.064933	supercritical
253.36	454.00	640.12	0.0015622	72.078	143.00	4.3983	0.73879	1.4421	524.55	0.013472	4.5952e-05	0.064694	supercritical
254.36	454.00	637.28	0.0015692	73.204	144.44	4.4040	0.73826	1.4397	523.57	0.013797	4.5760e-05	0.064458	supercritical
255.36	454.00	634.47	0.0015761	74.327	145.88	4.4096	0.73774	1.4372	522.61	0.014116	4.5573e-05	0.064227	supercritical
256.36	454.00	631.68	0.0015831	75.446	147.32	4.4153	0.73722	1.4347	521.67	0.014431	4.5388e-05	0.063999	supercritical
257.36	454.00	628.90	0.0015901	76.562	148.75	4.4208	0.73671	1.4322	520.75	0.014739	4.5208e-05	0.063775	supercritical
258.36	454.00	626.14	0.0015971	77.675	150.18	4.4264	0.73621	1.4297	519.86	0.015043	4.5031e-05	0.063555	supercritical
259.36	454.00	623.40	0.0016041	78.784	151.61	4.4319	0.73571	1.4272	518.99	0.015341	4.4857e-05	0.063338	supercritical
260.36	454.00	620.68	0.0016111	79.891	153.04	4.4374	0.73523	1.4247	518.14	0.015634	4.4687e-05	0.063124	supercritical
261.36	454.00	617.97	0.0016182	80.994	154.46	4.4429	0.73474	1.4221	517.30	0.015921	4.4520e-05	0.062914	supercritical
262.36	454.00	615.29	0.0016253	82.094	155.88	4.4483	0.73427	1.4196	516.49	0.016202	4.4356e-05	0.062707	supercritical
263.36	454.00	612.62	0.0016323	83.191	157.30	4.4537	0.73380	1.4170	515.70	0.016479	4.4195e-05	0.062503	supercritical
264.36	454.00	609.97	0.0016394	84.285	158.72	4.4590	0.73334	1.4145	514.93	0.016749	4.4038e-05	0.062303	supercritical
265.36	454.00	607.34	0.0016465	85.376	160.13	4.4644	0.73288	1.4119	514.17	0.017014	4.3883e-05	0.062106	supercritical
266.36	454.00	604.72	0.0016537	86.463	161.54	4.4697	0.73243	1.4094	513.44	0.017274	4.3732e-05	0.061912	supercritical
267.36	454.00	602.13	0.0016608	87.548	162.95	4.4750	0.73199	1.4068	512.73	0.017528	4.3583e-05	0.061721	supercritical
268.36	454.00	599.55	0.0016679	88.629	164.35	4.4802	0.73156	1.4042	512.03	0.017777	4.3437e-05	0.061532	supercritical
269.36	454.00	596.99	0.0016751	89.708	165.76	4.4854	0.73113	1.4017	511.35	0.018020	4.3294e-05	0.061347	supercritical
270.36	454.00	594.45	0.0016822	90.783	167.16	4.4906	0.73070	1.3991	510.69	0.018258	4.3154e-05	0.061165	supercritical
271.36	454.00	591.92	0.0016894	91.855	168.55	4.4958	0.73029	1.3966	510.04	0.018490	4.3017e-05	0.060986	supercritical
272.36	454.00	589.42	0.0016966	92.924	169.95	4.5009	0.72988	1.3940	509.42	0.018717	4.2882e-05	0.060809	supercritical
273.36	454.00	586.93	0.0017038	93.990	171.34	4.5060	0.72947	1.3914	508.81	0.018938	4.2750e-05	0.060636	supercritical
274.36	454.00	584.46	0.0017110	95.054	172.73	4.5111	0.72908	1.3889	508.22	0.019154	4.2620e-05	0.060465	supercritical
275.36	454.00	582.01	0.0017182	96.114	174.12	4.5161	0.72869	1.3863	507.64	0.019364	4.2493e-05	0.060296	supercritical
276.36	454.00	579.57	0.0017254	97.171	175.50	4.5212	0.72830	1.3838	507.08	0.019569	4.2369e-05	0.060131	supercritical
277.36	454.00	577.16	0.0017326	98.226	176.89	4.5261	0.72792	1.3812	506.54	0.019768	4.2247e-05	0.059968	supercritical
278.36	454.00	574.76	0.0017399	99.277	178.27	4.5311	0.72755	1.3787	506.01	0.019963	4.2127e-05	0.059807	supercritical
279.36	454.00	572.37	0.0017471	100.33	179.64	4.5361	0.72718	1.3761	505.49	0.020152	4.2009e-05	0.059649	supercritical
280.36	454.00	570.01	0.0017544	101.37	181.02	4.5410	0.72682	1.3736	504.99	0.020335	4.1894e-05	0.059493	supercritical
281.36	454.00	567.66	0.0017616	102.41	182.39	4.5459	0.72647	1.3711	504.51	0.020514	4.1781e-05	0.059340	supercritical
282.36	454.00	565.33	0.0017689	103.45	183.76	4.5507	0.72612	1.3686	504.04	0.020687	4.1671e-05	0.059189	supercritical
283.36	454.00	563.01	0.0017762	104.49	185.13	4.5555	0.72578	1.3660	503.59	0.020855	4.1562e-05	0.059040	supercritical
284.36	454.00	560.72	0.0017834	105.53	186.49	4.5604	0.72544	1.3635	503.15	0.021017	4.1456e-05	0.058894	supercritical
285.36	454.00	558.44	0.0017907	106.56	187.86	4.5651	0.72511	1.3610	502.72	0.021175	4.1352e-05	0.058750	supercritical
286.36	454.00	556.17	0.0017980	107.59	189.22	4.5699	0.72479	1.3586	502.30	0.021327	4.1250e-05	0.058608	supercritical
287.36	454.00	553.93	0.0018053	108.61	190.57	4.5746	0.72447	1.3561	501.90	0.021475	4.1150e-05	0.058468	supercritical
288.36	454.00	551.70	0.0018126	109.64	191.93	4.5793	0.72416	1.3536	501.52	0.021618	4.1051e-05	0.058330	supercritical
289.36	454.00	549.48	0.0018199	110.66	193.28	4.5840	0.72385	1.3511	501.14	0.021755	4.0955e-05	0.058194	supercritical
290.36	454.00	547.28	0.0018272	111.68	194.63	4.5887	0.72355	1.3487	500.78	0.021888	4.0861e-05	0.058061	supercritical
291.36	454.00	545.10	0.0018345	112.69	195.98	4.5933	0.72325	1.3463	500.43	0.022015	4.0769e-05	0.057929	supercritical
292.36	454.00	542.94	0.0018418	113.70	197.32	4.5979	0.72296	1.3438	500.09	0.022138	4.0678e-05	0.057799	supercritical
293.36	454.00	540.79	0.0018492	114.71	198.67	4.6025	0.72268	1.3414	499.77	0.022257	4.0589e-05	0.057671	supercritical
294.36	454.00	538.66	0.0018565	115.72	200.01	4.6071	0.72240	1.3390	499.45	0.022370	4.0502e-05	0.057544	supercritical
295.36	454.00	536.54	0.0018638	116.73	201.34	4.6116	0.72212	1.3366	499.15	0.022479	4.0417e-05	0.057420	supercritical
296.36	454.00	534.44	0.0018711	117.73	202.68	4.6161	0.72185	1.3343	498.86	0.022583	4.0334e-05	0.057297	supercritical
297.36	454.00	532.35	0.0018785	118.73	204.01	4.6206	0.72159	1.3319	498.58	0.022683	4.0252e-05	0.057175	supercritical
298.36	454.00	530.28	0.0018858	119.73	205.34	4.6251	0.72133	1.3295	498.31	0.022778	4.0172e-05	0.057055	supercritical
299.36	454.00	528.23	0.0018931	120.72	206.67	4.6295	0.72108	1.3272	498.05	0.022868	4.0094e-05	0.056937	supercritical
300.36	454.00	526.19	0.0019005	121.72	208.00	4.6339	0.72083	1.3249	497.80	0.022954	4.0017e-05	0.056820	supercritical
301.36	454.00	524.16	0.0019078	122.71	209.32	4.6383	0.72059	1.3226	497.57	0.023036	3.9942e-05	0.056703	supercritical
302.36	454.00	522.15	0.0019152	123.69	210.64	4.6427	0.72035	1.3203	497.34	0.023114	3.9868e-05	0.056588	supercritical
303.36	454.00	520.16	0.0019225	124.68	211.96	4.6471	0.72012	1.3180	497.12	0.023187	3.9796e-05	0.056474	supercritical
304.36	454.00	518.18	0.0019298	125.66	213.28	4.6514	0.71990	1.3157	496.91	0.023256	3.9725e-05	0.056359	supercritical
305.36	454.00	516.21	0.0019372	126.64	214.59	4.6557	0.71967	1.3135	496.71	0.023321	3.9656e-05	0.056245	supercritical
306.36	454.00	514.26	0.0019445	127.62	215.91	4.6600	0.71946	1.3112	496.52	0.023381	3.9589e-05	0.056130	supercritical
307.36	454.00	512.33	0.0019519	128.60	217.22	4.6643	0.71925	1.3090	496.34	0.023438	3.9522e-05	0.056012	supercritical
308.36	454.00	510.40	0.0019592	129.57	218.52	4.6685	0.71904	1.3068	496.17	0.023491	3.9458e-05	0.055886	supercritical
309.36	454.00	508.50	0.0019666	130.55	219.83	4.6727	0.71884	1.3046	496.01	0.023539	3.9394e-05	0.055726	supercritical
310.36	454.00	506.60	0.0019739	131.52	221.13	4.6770	0.71864	1.3024	495.86	0.023584	3.9332e-05	0.055639	supercritical
311.36	454.00	504.72	0.0019813	132.48	222.43	4.6811	0.71845	1.3002	495.71	0.023625	3.9271e-05	0.055555	supercritical
312.36	454.00	502.86	0.0019886	133.45	223.73	4.6853	0.71826	1.2981	495.58	0.023662	3.9212e-05	0.055472	supercritical
313.36	454.00	501.01	0.0019960	134.41	225.03	4.6894	0.71808	1.2960	495.45	0.023696	3.9154e-05	0.055390	supercritical
314.36	454.00	499.17	0.0020033	135.37	226.32	4.6936	0.71790	1.2938	495.33	0.023725	3.9097e-05	0.055310	supercritical
315.36	454.00	497.34	0.0020107	136.33	227.62	4.6977	0.71773	1.2917	495.21	0.023751	3.9041e-05	0.055232	supercritical
316.36	454.00	495.53	0.0020180	137.29	228.91	4.7018	0.71756	1.2896	495.11	0.023774	3.8987e-05	0.055155	supercritical
317.36	454.00	493.74	0.0020254	138.24	230.20	4.7058	0.71740	1.2876	495.01	0.023793	3.8934e-05	0.055080	supercritical
318.36	454.00	491.95	0.0020327	139.20	231.48	4.7099	0.71724	1.2855	494.92	0.023808	3.8882e-05	0.055006	supercritical
319.36	454.00	490.18	0.0020401	140.15	232.77	4.7139	0.71709	1.2835	494.84	0.023821	3.8831e-05	0.054934	supercritical
320.36	454.00	488.42	0.0020474	141.10	234.05	4.7179	0.71694	1.2815	494.76	0.023829	3.8781e-05	0.054863	supercritical
321.36	454.00	486.68	0.0020548	142.04	235.33	4.7219	0.71679	1.2795	494.70	0.023835	3.8733e-05	0.054793	supercritical
322.36	454.00	484.94	0.0020621	142.99	236.61	4.7259	0.71665	1.2775	494.63	0.023837	3.8685e-05	0.054725	supercritical
323.36	454.00	483.22	0.0020694	143.93	237.89	4.7298	0.71651	1.2755	494.58	0.023836	3.8639e-05	0.054658	supercritical
324.36	454.00	481.51	0.0020768	144.87	239.16	4.7338	0.71638	1.2735	494.53	0.023832	3.8594e-05	0.054593	supercritical
325.36	454.00	479.82	0.0020841	145.81	240.43	4.7377	0.71625	1.2716	494.49	0.023824	3.8549e-05	0.054529	supercritical
326.36	454.00	478.14	0.0020915	146.75	241.70	4.7416	0.71613	1.2697	494.46	0.023814	3.8506e-05	0.054466	supercritical
327.36	454.00	476.47	0.0020988	147.69	242.97	4.7455	0.71601	1.2678	494.43	0.023800	3.8464e-05	0.054405	supercritical
328.36	454.00	474.81	0.0021061	148.62	244.24	4.7493	0.71590	1.2659	494.40	0.023784	3.8423e-05	0.054345	supercritical
329.36	454.00	473.16	0.0021134	149.55	245.50	4.7532	0.71578	1.2640	494.39	0.023765	3.8383e-05	0.054286	supercritical
330.36	454.00	471.53	0.0021208	150.48	246.77	4.7570	0.71568	1.2621	494.38	0.023743	3.8344e-05	0.054228	supercritical
331.36	454.00	469.90	0.0021281	151.41	248.03	4.7608	0.71558	1.2603	494.37	0.023718	3.8306e-05	0.054172	supercritical
332.36	454.00	468.29	0.0021354	152.34	249.29	4.7646	0.71548	1.2584	494.37	0.023690	3.8269e-05	0.054117	supercritical
333.36	454.00	466.69	0.0021427	153.26	250.54	4.7684	0.71538	1.2566	494.38	0.023659	3.8232e-05	0.054063	supercritical
334.36	454.00	465.10	0.0021501	154.19	251.80	4.7722	0.71529	1.2548	494.39	0.023626	3.8197e-05	0.054010	supercritical
335.36	454.00	463.53	0.0021574	155.11	253.05	4.7759	0.71520	1.2530	494.41	0.023590	3.8163e-05	0.053958	supercritical
336.36	454.00	461.96	0.0021647	156.03	254.31	4.7796	0.71512	1.2513	494.43	0.023552	3.8129e-05	0.053908	supercritical
337.36	454.00	460.40	0.0021720	156.95	255.56	4.7833	0.71504	1.2495	494.46	0.023511	3.8096e-05	0.053859	supercritical
338.36	454.00	458.86	0.0021793	157.87	256.81	4.7870	0.71497	1.2478	494.49	0.023468	3.8065e-05	0.053811	supercritical
339.36	454.00	457.33	0.0021866	158.78	258.05	4.7907	0.71490	1.2461	494.53	0.023422	3.8034e-05	0.053764	supercritical
340.36	454.00	455.81	0.0021939	159.69	259.30	4.7944	0.71483	1.2444	494.57	0.023373	3.8003e-05	0.053718	supercritical
341.36	454.00	454.29	0.0022012	160.61	260.54	4.7980	0.71477	1.2427	494.62	0.023323	3.7974e-05	0.053673	supercritical
342.36	454.00	452.79	0.0022085	161.52	261.78	4.8017	0.71471	1.2410	494.67	0.023270	3.7946e-05	0.053629	supercritical
343.36	454.00	451.30	0.0022158	162.43	263.02	4.8053	0.71465	1.2394	494.73	0.023214	3.7918e-05	0.053586	supercritical
344.36	454.00	449.82	0.0022231	163.33	264.26	4.8089	0.71460	1.2377	494.79	0.023157	3.7891e-05	0.053544	supercritical
345.36	454.00	448.35	0.0022304	164.24	265.50	4.8125	0.71455	1.2361	494.85	0.023097	3.7865e-05	0.053504	supercritical
346.36	454.00	446.89	0.0022377	165.14	266.73	4.8160	0.71450	1.2345	494.92	0.023035	3.7840e-05	0.053464	supercritical
347.36	454.00	445.45	0.0022449	166.05	267.97	4.8196	0.71446	1.2329	495.00	0.022971	3.7815e-05	0.053425	supercritical
348.36	454.00	444.01	0.0022522	166.95	269.20	4.8231	0.71442	1.2313	495.08	0.022905	3.7791e-05	0.053388	supercritical
349.36	454.00	442.58	0.0022595	167.85	270.43	4.8267	0.71439	1.2297	495.16	0.022837	3.7768e-05	0.053351	supercritical
350.36	454.00	441.16	0.0022668	168.75	271.66	4.8302	0.71436	1.2282	495.24	0.022767	3.7746e-05	0.053315	supercritical
351.36	454.00	439.75	0.0022740	169.65	272.89	4.8337	0.71433	1.2266	495.33	0.022695	3.7724e-05	0.053280	supercritical
352.36	454.00	438.35	0.0022813	170.54	274.11	4.8372	0.71430	1.2251	495.43	0.022621	3.7703e-05	0.053246	supercritical
353.36	454.00	436.96	0.0022886	171.44	275.34	4.8406	0.71428	1.2236	495.53	0.022545	3.7683e-05	0.053213	supercritical
354.36	454.00	435.58	0.0022958	172.33	276.56	4.8441	0.71426	1.2221	495.63	0.022467	3.7663e-05	0.053181	supercritical
355.36	454.00	434.21	0.0023031	173.22	277.78	4.8475	0.71425	1.2206	495.73	0.022388	3.7644e-05	0.053150	supercritical
356.36	454.00	432.84	0.0023103	174.11	279.00	4.8510	0.71424	1.2192	495.84	0.022306	3.7626e-05	0.053120	supercritical
357.36	454.00	431.49	0.0023176	175.00	280.22	4.8544	0.71423	1.2177	495.96	0.022223	3.7609e-05	0.053091	supercritical
358.36	454.00	430.15	0.0023248	175.89	281.44	4.8578	0.71423	1.2163	496.07	0.022138	3.7592e-05	0.053062	supercritical
359.36	454.00	428.81	0.0023320	176.78	282.65	4.8612	0.71422	1.2149	496.19	0.022052	3.7575e-05	0.053035	supercritical
360.36	454.00	427.49	0.0023393	177.66	283.87	4.8645	0.71423	1.2135	496.31	0.021964	3.7559e-05	0.053008	supercritical
361.36	454.00	426.17	0.0023465	178.55	285.08	4.8679	0.71423	1.2121	496.44	0.021874	3.7544e-05	0.052982	supercritical
362.36	454.00	424.86	0.0023537	179.43	286.29	4.8712	0.71424	1.2107	496.57	0.021783	3.7530e-05	0.052957	supercritical
363.36	454.00	423.56	0.0023609	180.31	287.50	4.8746	0.71425	1.2093	496.70	0.021690	3.7516e-05	0.052932	supercritical
364.36	454.00	422.27	0.0023682	181.19	288.71	4.8779	0.71426	1.2080	496.84	0.021595	3.7503e-05	0.052909	supercritical
365.36	454.00	420.99	0.0023754	182.07	289.92	4.8812	0.71428	1.2066	496.98	0.021500	3.7490e-05	0.052886	supercritical
366.36	454.00	419.71	0.0023826	182.95	291.12	4.8845	0.71430	1.2053	497.12	0.021402	3.7478e-05	0.052864	supercritical
367.36	454.00	418.45	0.0023898	183.83	292.33	4.8878	0.71432	1.2040	497.26	0.021304	3.7466e-05	0.052843	supercritical
368.36	454.00	417.19	0.0023970	184.71	293.53	4.8911	0.71435	1.2027	497.41	0.021203	3.7455e-05	0.052823	supercritical
369.36	454.00	415.94	0.0024042	185.58	294.73	4.8943	0.71438	1.2014	497.56	0.021102	3.7444e-05	0.052803	supercritical
370.36	454.00	414.70	0.0024114	186.46	295.93	4.8976	0.71441	1.2001	497.71	0.020999	3.7434e-05	0.052784	supercritical
371.36	454.00	413.47	0.0024186	187.33	297.13	4.9008	0.71444	1.1989	497.87	0.020895	3.7425e-05	0.052766	supercritical
372.36	454.00	412.24	0.0024257	188.20	298.33	4.9040	0.71448	1.1976	498.02	0.020790	3.7416e-05	0.052749	supercritical
373.36	454.00	411.03	0.0024329	189.07	299.53	4.9072	0.71452	1.1964	498.19	0.020683	3.7407e-05	0.052732	supercritical
374.36	454.00	409.82	0.0024401	189.94	300.72	4.9104	0.71456	1.1952	498.35	0.020575	3.7399e-05	0.052716	supercritical
375.36	454.00	408.62	0.0024473	190.81	301.92	4.9136	0.71461	1.1940	498.51	0.020466	3.7392e-05	0.052701	supercritical
376.36	454.00	407.42	0.0024544	191.68	303.11	4.9168	0.71466	1.1928	498.68	0.020356	3.7385e-05	0.052686	supercritical
377.36	454.00	406.24	0.0024616	192.55	304.30	4.9200	0.71471	1.1916	498.85	0.020245	3.7379e-05	0.052672	supercritical
378.36	454.00	405.06	0.0024688	193.41	305.49	4.9231	0.71476	1.1904	499.03	0.020133	3.7373e-05	0.052659	supercritical
379.36	454.00	403.89	0.0024759	194.28	306.68	4.9262	0.71482	1.1892	499.20	0.020019	3.7367e-05	0.052646	supercritical
380.36	454.00	402.73	0.0024831	195.14	307.87	4.9294	0.71487	1.1881	499.38	0.019905	3.7362e-05	0.052634	supercritical
381.36	454.00	401.57	0.0024902	196.00	309.06	4.9325	0.71494	1.1870	499.56	0.019789	3.7357e-05	0.052623	supercritical
382.36	454.00	400.42	0.0024974	196.87	310.25	4.9356	0.71500	1.1858	499.74	0.019672	3.7353e-05	0.052613	supercritical
383.36	454.00	399.28	0.0025045	197.73	311.43	4.9387	0.71506	1.1847	499.93	0.019555	3.7350e-05	0.052603	supercritical
384.36	454.00	398.14	0.0025116	198.59	312.62	4.9418	0.71513	1.1836	500.11	0.019436	3.7346e-05	0.052593	supercritical
385.36	454.00	397.02	0.0025188	199.45	313.80	4.9449	0.71520	1.1825	500.30	0.019317	3.7344e-05	0.052585	supercritical
386.36	454.00	395.90	0.0025259	200.31	314.98	4.9479	0.71528	1.1814	500.49	0.019196	3.7341e-05	0.052577	supercritical
387.36	454.00	394.78	0.0025330	201.16	316.16	4.9510	0.71535	1.1804	500.68	0.019075	3.7339e-05	0.052569	supercritical
388.36	454.00	393.68	0.0025401	202.02	317.34	4.9540	0.71543	1.1793	500.88	0.018953	3.7338e-05	0.052562	supercritical
389.36	454.00	392.58	0.0025473	202.88	318.52	4.9570	0.71551	1.1783	501.07	0.018830	3.7336e-05	0.052556	supercritical
390.36	454.00	391.49	0.0025544	203.73	319.70	4.9601	0.71560	1.1772	501.27	0.018706	3.7336e-05	0.052550	supercritical
391.36	454.00	390.40	0.0025615	204.58	320.88	4.9631	0.71568	1.1762	501.47	0.018581	3.7335e-05	0.052545	supercritical
392.36	454.00	389.32	0.0025686	205.44	322.05	4.9661	0.71577	1.1752	501.67	0.018456	3.7335e-05	0.052541	supercritical
393.36	454.00	388.25	0.0025757	206.29	323.23	4.9691	0.71586	1.1742	501.88	0.018330	3.7336e-05	0.052537	supercritical
394.36	454.00	387.18	0.0025828	207.14	324.40	4.9720	0.71595	1.1732	502.08	0.018203	3.7337e-05	0.052533	supercritical
395.36	454.00	386.12	0.0025899	207.99	325.57	4.9750	0.71605	1.1722	502.29	0.018075	3.7338e-05	0.052530	supercritical
396.36	454.00	385.07	0.0025969	208.84	326.74	4.9780	0.71614	1.1713	502.50	0.017947	3.7339e-05	0.052528	supercritical
397.36	454.00	384.02	0.0026040	209.69	327.92	4.9809	0.71624	1.1703	502.71	0.017818	3.7341e-05	0.052526	supercritical
398.36	454.00	382.98	0.0026111	210.54	329.08	4.9839	0.71634	1.1694	502.92	0.017688	3.7344e-05	0.052525	supercritical
399.36	454.00	381.95	0.0026182	211.39	330.25	4.9868	0.71645	1.1684	503.13	0.017557	3.7346e-05	0.052524	supercritical
400.36	454.00	380.92	0.0026252	212.24	331.42	4.9897	0.71655	1.1675	503.35	0.017426	3.7349e-05	0.052524	supercritical
401.36	454.00	379.90	0.0026323	213.08	332.59	4.9926	0.71666	1.1666	503.57	0.017295	3.7353e-05	0.052524	supercritical
402.36	454.00	378.88	0.0026394	213.93	333.75	4.9955	0.71677	1.1657	503.78	0.017162	3.7356e-05	0.052525	supercritical
403.36	454.00	377.87	0.0026464	214.77	334.92	4.9984	0.71688	1.1648	504.00	0.017030	3.7360e-05	0.052527	supercritical
404.36	454.00	376.87	0.0026535	215.62	336.08	5.0013	0.71699	1.1639	504.22	0.016896	3.7365e-05	0.052528	supercritical
405.36	454.00	375.87	0.0026605	216.46	337.25	5.0042	0.71711	1.1630	504.45	0.016762	3.7369e-05	0.052531	supercritical
406.36	454.00	374.88	0.0026676	217.30	338.41	5.0070	0.71723	1.1621	504.67	0.016628	3.7374e-05	0.052533	supercritical
407.36	454.00	373.89	0.0026746	218.15	339.57	5.0099	0.71734	1.1613	504.90	0.016493	3.7380e-05	0.052537	supercritical
408.36	454.00	372.91	0.0026816	218.99	340.73	5.0127	0.71747	1.1604	505.12	0.016357	3.7385e-05	0.052541	supercritical
409.36	454.00	371.93	0.0026887	219.83	341.89	5.0156	0.71759	1.1596	505.35	0.016221	3.7391e-05	0.052545	supercritical
410.36	454.00	370.96	0.0026957	220.67	343.05	5.0184	0.71771	1.1587	505.58	0.016085	3.7398e-05	0.052549	supercritical
411.36	454.00	370.00	0.0027027	221.51	344.21	5.0212	0.71784	1.1579	505.81	0.015948	3.7404e-05	0.052555	supercritical
412.36	454.00	369.04	0.0027097	222.35	345.37	5.0240	0.71797	1.1571	506.04	0.015811	3.7411e-05	0.052560	supercritical
413.36	454.00	368.09	0.0027167	223.19	346.52	5.0268	0.71810	1.1563	506.27	0.015673	3.7418e-05	0.052566	supercritical
414.36	454.00	367.14	0.0027237	224.02	347.68	5.0296	0.71823	1.1555	506.51	0.015535	3.7426e-05	0.052573	supercritical
415.36	454.00	366.20	0.0027307	224.86	348.84	5.0324	0.71837	1.1547	506.74	0.015396	3.7433e-05	0.052580	supercritical
416.36	454.00	365.26	0.0027377	225.70	349.99	5.0352	0.71850	1.1539	506.98	0.015257	3.7441e-05	0.052587	supercritical
417.36	454.00	364.33	0.0027447	226.53	351.14	5.0380	0.71864	1.1531	507.22	0.015118	3.7450e-05	0.052595	supercritical
418.36	454.00	363.41	0.0027517	227.37	352.30	5.0407	0.71878	1.1524	507.46	0.014978	3.7458e-05	0.052603	supercritical
419.36	454.00	362.49	0.0027587	228.20	353.45	5.0435	0.71892	1.1516	507.70	0.014838	3.7467e-05	0.052612	supercritical
420.36	454.00	361.57	0.0027657	229.04	354.60	5.0462	0.71906	1.1509	507.94	0.014698	3.7476e-05	0.052621	supercritical
421.36	454.00	360.66	0.0027727	229.87	355.75	5.0489	0.71921	1.1501	508.18	0.014557	3.7486e-05	0.052630	supercritical
422.36	454.00	359.76	0.0027797	230.70	356.90	5.0517	0.71935	1.1494	508.42	0.014416	3.7495e-05	0.052640	supercritical
423.36	454.00	358.86	0.0027866	231.54	358.05	5.0544	0.71950	1.1487	508.67	0.014275	3.7505e-05	0.052651	supercritical
424.36	454.00	357.96	0.0027936	232.37	359.20	5.0571	0.71965	1.1480	508.91	0.014134	3.7515e-05	0.052661	supercritical
425.36	454.00	357.07	0.0028006	233.20	360.34	5.0598	0.71980	1.1473	509.16	0.013992	3.7526e-05	0.052672	supercritical
426.36	454.00	356.19	0.0028075	234.03	361.49	5.0625	0.71996	1.1466	509.40	0.013850	3.7537e-05	0.052684	supercritical
427.36	454.00	355.31	0.0028145	234.86	362.64	5.0652	0.72011	1.1459	509.65	0.013707	3.7547e-05	0.052696	supercritical
428.36	454.00	354.43	0.0028214	235.69	363.78	5.0679	0.72027	1.1452	509.90	0.013565	3.7559e-05	0.052708	supercritical
429.36	454.00	353.56	0.0028284	236.52	364.93	5.0705	0.72042	1.1445	510.15	0.013422	3.7570e-05	0.052721	supercritical
430.36	454.00	352.69	0.0028353	237.35	366.07	5.0732	0.72058	1.1439	510.40	0.013279	3.7582e-05	0.052733	supercritical
431.36	454.00	351.83	0.0028423	238.18	367.22	5.0758	0.72074	1.1432	510.65	0.013136	3.7594e-05	0.052747	supercritical
432.36	454.00	350.98	0.0028492	239.01	368.36	5.0785	0.72090	1.1426	510.91	0.012992	3.7606e-05	0.052761	supercritical
433.36	454.00	350.12	0.0028561	239.83	369.50	5.0811	0.72107	1.1419	511.16	0.012849	3.7618e-05	0.052775	supercritical
434.36	454.00	349.28	0.0028631	240.66	370.64	5.0838	0.72123	1.1413	511.41	0.012705	3.7630e-05	0.052789	supercritical
435.36	454.00	348.44	0.0028700	241.49	371.78	5.0864	0.72140	1.1406	511.67	0.012561	3.7643e-05	0.052804	supercritical
436.36	454.00	347.60	0.0028769	242.31	372.92	5.0890	0.72156	1.1400	511.92	0.012417	3.7656e-05	0.052819	supercritical
437.36	454.00	346.76	0.0028838	243.14	374.06	5.0916	0.72173	1.1394	512.18	0.012273	3.7669e-05	0.052834	supercritical
438.36	454.00	345.93	0.0028907	243.96	375.20	5.0942	0.72190	1.1388	512.44	0.012129	3.7683e-05	0.052850	supercritical
439.36	454.00	345.11	0.0028976	244.79	376.34	5.0968	0.72207	1.1382	512.69	0.011984	3.7696e-05	0.052866	supercritical
440.36	454.00	344.29	0.0029045	245.61	377.48	5.0994	0.72225	1.1376	512.95	0.011840	3.7710e-05	0.052883	supercritical
441.36	454.00	343.47	0.0029114	246.44	378.62	5.1020	0.72242	1.1370	513.21	0.011695	3.7724e-05	0.052900	supercritical
442.36	454.00	342.66	0.0029183	247.26	379.75	5.1045	0.72260	1.1364	513.47	0.011550	3.7739e-05	0.052917	supercritical
443.36	454.00	341.85	0.0029252	248.08	380.89	5.1071	0.72277	1.1359	513.73	0.011405	3.7753e-05	0.052934	supercritical
444.36	454.00	341.05	0.0029321	248.91	382.02	5.1097	0.72295	1.1353	513.99	0.011261	3.7768e-05	0.052952	supercritical
445.36	454.00	340.25	0.0029390	249.73	383.16	5.1122	0.72313	1.1347	514.26	0.011116	3.7782e-05	0.052970	supercritical
446.36	454.00	339.46	0.0029459	250.55	384.29	5.1148	0.72331	1.1342	514.52	0.010970	3.7798e-05	0.052988	supercritical
447.36	454.00	338.67	0.0029527	251.37	385.43	5.1173	0.72349	1.1336	514.78	0.010825	3.7813e-05	0.053007	supercritical
448.36	454.00	337.88	0.0029596	252.19	386.56	5.1198	0.72368	1.1331	515.05	0.010680	3.7828e-05	0.053026	supercritical
449.36	454.00	337.10	0.0029665	253.02	387.69	5.1224	0.72386	1.1325	515.31	0.010535	3.7844e-05	0.053045	supercritical
450.36	454.00	336.32	0.0029734	253.84	388.83	5.1249	0.72404	1.1320	515.57	0.010390	3.7859e-05	0.053065	supercritical
451.36	454.00	335.55	0.0029802	254.66	389.96	5.1274	0.72423	1.1315	515.84	0.010244	3.7875e-05	0.053085	supercritical
452.36	454.00	334.78	0.0029871	255.48	391.09	5.1299	0.72442	1.1310	516.11	0.010099	3.7892e-05	0.053105	supercritical
453.36	454.00	334.01	0.0029939	256.30	392.22	5.1324	0.72461	1.1305	516.37	0.0099537	3.7908e-05	0.053125	supercritical
454.36	454.00	333.25	0.0030008	257.12	393.35	5.1349	0.72480	1.1300	516.64	0.0098084	3.7924e-05	0.053146	supercritical
455.36	454.00	332.49	0.0030076	257.93	394.48	5.1374	0.72499	1.1295	516.91	0.0096630	3.7941e-05	0.053167	supercritical
456.36	454.00	331.73	0.0030145	258.75	395.61	5.1398	0.72518	1.1290	517.18	0.0095177	3.7958e-05	0.053189	supercritical
457.36	454.00	330.98	0.0030213	259.57	396.74	5.1423	0.72537	1.1285	517.45	0.0093724	3.7975e-05	0.053210	supercritical
458.36	454.00	330.24	0.0030281	260.39	397.87	5.1448	0.72557	1.1280	517.72	0.0092271	3.7992e-05	0.053232	supercritical
459.36	454.00	329.49	0.0030350	261.21	398.99	5.1472	0.72576	1.1275	517.99	0.0090819	3.8009e-05	0.053254	supercritical
460.36	454.00	328.75	0.0030418	262.02	400.12	5.1497	0.72596	1.1271	518.26	0.0089366	3.8027e-05	0.053277	supercritical
461.36	454.00	328.02	0.0030486	262.84	401.25	5.1521	0.72615	1.1266	518.53	0.0087914	3.8044e-05	0.053299	supercritical
462.36	454.00	327.28	0.0030554	263.66	402.37	5.1546	0.72635	1.1261	518.80	0.0086463	3.8062e-05	0.053322	supercritical
463.36	454.00	326.56	0.0030623	264.47	403.50	5.1570	0.72655	1.1257	519.07	0.0085012	3.8080e-05	0.053345	supercritical
464.36	454.00	325.83	0.0030691	265.29	404.63	5.1594	0.72675	1.1252	519.34	0.0083561	3.8098e-05	0.053369	supercritical
465.36	454.00	325.11	0.0030759	266.11	405.75	5.1618	0.72695	1.1248	519.62	0.0082111	3.8116e-05	0.053393	supercritical
466.36	454.00	324.39	0.0030827	266.92	406.88	5.1642	0.72716	1.1244	519.89	0.0080662	3.8135e-05	0.053416	supercritical
467.36	454.00	323.68	0.0030895	267.74	408.00	5.1667	0.72736	1.1239	520.16	0.0079214	3.8153e-05	0.053441	supercritical
468.36	454.00	322.97	0.0030963	268.55	409.12	5.1691	0.72756	1.1235	520.44	0.0077766	3.8172e-05	0.053465	supercritical
469.36	454.00	322.26	0.0031031	269.37	410.25	5.1715	0.72777	1.1231	520.71	0.0076319	3.8191e-05	0.053490	supercritical
470.36	454.00	321.56	0.0031099	270.18	411.37	5.1738	0.72797	1.1227	520.99	0.0074873	3.8210e-05	0.053515	supercritical
471.36	454.00	320.86	0.0031167	271.00	412.49	5.1762	0.72818	1.1222	521.26	0.0073428	3.8229e-05	0.053540	supercritical
472.36	454.00	320.16	0.0031235	271.81	413.61	5.1786	0.72839	1.1218	521.54	0.0071984	3.8248e-05	0.053565	supercritical
473.36	454.00	319.46	0.0031302	272.62	414.74	5.1810	0.72859	1.1214	521.81	0.0070541	3.8267e-05	0.053591	supercritical
474.36	454.00	318.77	0.0031370	273.44	415.86	5.1833	0.72880	1.1210	522.09	0.0069099	3.8287e-05	0.053617	supercritical
475.36	454.00	318.09	0.0031438	274.25	416.98	5.1857	0.72901	1.1207	522.37	0.0067658	3.8307e-05	0.053643	supercritical
476.36	454.00	317.40	0.0031506	275.06	418.10	5.1881	0.72922	1.1203	522.65	0.0066218	3.8326e-05	0.053669	supercritical
477.36	454.00	316.72	0.0031573	275.88	419.22	5.1904	0.72943	1.1199	522.92	0.0064779	3.8346e-05	0.053696	supercritical
478.36	454.00	316.05	0.0031641	276.69	420.34	5.1928	0.72965	1.1195	523.20	0.0063342	3.8366e-05	0.053723	supercritical
479.36	454.00	315.37	0.0031709	277.50	421.46	5.1951	0.72986	1.1191	523.48	0.0061906	3.8387e-05	0.053750	supercritical
480.36	454.00	314.70	0.0031776	278.31	422.58	5.1974	0.73007	1.1188	523.76	0.0060471	3.8407e-05	0.053777	supercritical
481.36	454.00	314.03	0.0031844	279.12	423.70	5.1997	0.73029	1.1184	524.04	0.0059037	3.8427e-05	0.053804	supercritical
482.36	454.00	313.37	0.0031911	279.94	424.81	5.2021	0.73050	1.1181	524.32	0.0057605	3.8448e-05	0.053832	supercritical
483.36	454.00	312.71	0.0031979	280.75	425.93	5.2044	0.73072	1.1177	524.59	0.0056175	3.8468e-05	0.053860	supercritical
484.36	454.00	312.05	0.0032046	281.56	427.05	5.2067	0.73094	1.1174	524.87	0.0054746	3.8489e-05	0.053888	supercritical
485.36	454.00	311.40	0.0032114	282.37	428.17	5.2090	0.73115	1.1170	525.15	0.0053318	3.8510e-05	0.053916	supercritical
486.36	454.00	310.74	0.0032181	283.18	429.28	5.2113	0.73137	1.1167	525.44	0.0051892	3.8531e-05	0.053945	supercritical
487.36	454.00	310.09	0.0032248	283.99	430.40	5.2136	0.73159	1.1163	525.72	0.0050467	3.8552e-05	0.053973	supercritical
488.36	454.00	309.45	0.0032316	284.80	431.52	5.2159	0.73181	1.1160	526.00	0.0049045	3.8573e-05	0.054002	supercritical
489.36	454.00	308.81	0.0032383	285.61	432.63	5.2182	0.73203	1.1157	526.28	0.0047623	3.8595e-05	0.054031	supercritical
490.36	454.00	308.17	0.0032450	286.42	433.75	5.2204	0.73225	1.1154	526.56	0.0046204	3.8616e-05	0.054061	supercritical
491.36	454.00	307.53	0.0032517	287.23	434.86	5.2227	0.73247	1.1150	526.84	0.0044786	3.8638e-05	0.054090	supercritical
492.36	454.00	306.89	0.0032584	288.04	435.98	5.2250	0.73269	1.1147	527.12	0.0043370	3.8660e-05	0.054120	supercritical
493.36	454.00	306.26	0.0032652	288.85	437.09	5.2272	0.73292	1.1144	527.41	0.0041956	3.8681e-05	0.054150	supercritical
494.36	454.00	305.64	0.0032719	289.66	438.21	5.2295	0.73314	1.1141	527.69	0.0040543	3.8703e-05	0.054180	supercritical
495.36	454.00	305.01	0.0032786	290.47	439.32	5.2317	0.73336	1.1138	527.97	0.0039132	3.8725e-05	0.054210	supercritical
496.36	454.00	304.39	0.0032853	291.28	440.43	5.2340	0.73359	1.1135	528.25	0.0037723	3.8747e-05	0.054240	supercritical
497.36	454.00	303.77	0.0032920	292.09	441.55	5.2362	0.73381	1.1132	528.54	0.0036317	3.8770e-05	0.054271	supercritical
498.36	454.00	303.15	0.0032987	292.90	442.66	5.2385	0.73404	1.1129	528.82	0.0034912	3.8792e-05	0.054302	supercritical
499.36	454.00	302.54	0.0033054	293.71	443.77	5.2407	0.73427	1.1126	529.10	0.0033508	3.8814e-05	0.054333	supercritical
500.36	454.00	301.93	0.0033121	294.52	444.88	5.2429	0.73449	1.1123	529.39	0.0032107	3.8837e-05	0.054364	supercritical
501.36	454.00	301.32	0.0033188	295.33	446.00	5.2451	0.73472	1.1121	529.67	0.0030708	3.8859e-05	0.054395	supercritical
502.36	454.00	300.71	0.0033254	296.13	447.11	5.2474	0.73495	1.1118	529.96	0.0029311	3.8882e-05	0.054427	supercritical
503.36	454.00	300.11	0.0033321	296.94	448.22	5.2496	0.73518	1.1115	530.24	0.0027916	3.8905e-05	0.054458	supercritical
504.36	454.00	299.51	0.0033388	297.75	449.33	5.2518	0.73540	1.1113	530.52	0.0026523	3.8928e-05	0.054490	supercritical
505.36	454.00	298.91	0.0033455	298.56	450.44	5.2540	0.73563	1.1110	530.81	0.0025132	3.8951e-05	0.054522	supercritical
506.36	454.00	298.32	0.0033522	299.37	451.55	5.2562	0.73586	1.1107	531.09	0.0023744	3.8974e-05	0.054554	supercritical
507.36	454.00	297.72	0.0033588	300.17	452.66	5.2584	0.73609	1.1105	531.38	0.0022357	3.8997e-05	0.054587	supercritical
508.36	454.00	297.13	0.0033655	300.98	453.78	5.2605	0.73632	1.1102	531.66	0.0020973	3.9020e-05	0.054619	supercritical
509.36	454.00	296.55	0.0033722	301.79	454.89	5.2627	0.73656	1.1100	531.95	0.0019590	3.9044e-05	0.054652	supercritical
510.36	454.00	295.96	0.0033788	302.60	455.99	5.2649	0.73679	1.1097	532.24	0.0018210	3.9067e-05	0.054685	supercritical
511.36	454.00	295.38	0.0033855	303.40	457.10	5.2671	0.73702	1.1095	532.52	0.0016833	3.9090e-05	0.054718	supercritical
512.36	454.00	294.80	0.0033921	304.21	458.21	5.2692	0.73725	1.1092	532.81	0.0015457	3.9114e-05	0.054751	supercritical
513.36	454.00	294.22	0.0033988	305.02	459.32	5.2714	0.73749	1.1090	533.09	0.0014084	3.9138e-05	0.054784	supercritical
514.36	454.00	293.65	0.0034054	305.82	460.43	5.2736	0.73772	1.1088	533.38	0.0012713	3.9161e-05	0.054818	supercritical
515.36	454.00	293.08	0.0034121	306.63	461.54	5.2757	0.73795	1.1085	533.67	0.0011344	3.9185e-05	0.054851	supercritical
516.36	454.00	292.51	0.0034187	307.44	462.65	5.2779	0.73819	1.1083	533.95	0.00099775	3.9209e-05	0.054885	supercritical
517.36	454.00	291.94	0.0034254	308.25	463.76	5.2800	0.73842	1.1081	534.24	0.00086134	3.9233e-05	0.054919	supercritical
518.36	454.00	291.37	0.0034320	309.05	464.87	5.2822	0.73866	1.1079	534.53	0.00072517	3.9257e-05	0.054953	supercritical
519.36	454.00	290.81	0.0034386	309.86	465.97	5.2843	0.73889	1.1077	534.81	0.00058923	3.9281e-05	0.054987	supercritical
520.36	454.00	290.25	0.0034453	310.67	467.08	5.2864	0.73913	1.1074	535.10	0.00045353	3.9306e-05	0.055022	supercritical
521.36	454.00	289.70	0.0034519	311.47	468.19	5.2885	0.73936	1.1072	535.39	0.00031807	3.9330e-05	0.055056	supercritical
522.36	454.00	289.14	0.0034585	312.28	469.30	5.2907	0.73960	1.1070	535.67	0.00018286	3.9354e-05	0.055091	supercritical
523.36	454.00	288.59	0.0034652	313.08	470.40	5.2928	0.73984	1.1068	535.96	4.7883e-05	3.9379e-05	0.055126	supercritical
524.36	454.00	288.04	0.0034718	313.89	471.51	5.2949	0.74007	1.1066	536.25	-8.6846e-05	3.9403e-05	0.055160	supercritical
525.36	454.00	287.49	0.0034784	314.70	472.62	5.2970	0.74031	1.1064	536.54	-0.00022133	3.9428e-05	0.055195	supercritical
526.36	454.00	286.94	0.0034850	315.50	473.72	5.2991	0.74055	1.1062	536.82	-0.00035557	3.9453e-05	0.055231	supercritical
527.36	454.00	286.40	0.0034916	316.31	474.83	5.3012	0.74079	1.1060	537.11	-0.00048956	3.9477e-05	0.055266	supercritical
528.36	454.00	285.86	0.0034982	317.11	475.93	5.3033	0.74102	1.1059	537.40	-0.00062330	3.9502e-05	0.055302	supercritical
529.36	454.00	285.32	0.0035048	317.92	477.04	5.3054	0.74126	1.1057	537.69	-0.00075679	3.9527e-05	0.055337	supercritical
530.36	454.00	284.78	0.0035114	318.73	478.14	5.3075	0.74150	1.1055	537.97	-0.00089002	3.9552e-05	0.055373	supercritical
531.36	454.00	284.25	0.0035180	319.53	479.25	5.3096	0.74174	1.1053	538.26	-0.0010230	3.9577e-05	0.055409	supercritical
532.36	454.00	283.72	0.0035246	320.34	480.36	5.3116	0.74198	1.1051	538.55	-0.0011557	3.9602e-05	0.055445	supercritical
533.36	454.00	283.19	0.0035312	321.14	481.46	5.3137	0.74222	1.1049	538.84	-0.0012882	3.9627e-05	0.055481	supercritical
534.36	454.00	282.66	0.0035378	321.95	482.57	5.3158	0.74246	1.1048	539.13	-0.0014204	3.9652e-05	0.055517	supercritical
535.36	454.00	282.13	0.0035444	322.75	483.67	5.3178	0.74270	1.1046	539.42	-0.0015524	3.9678e-05	0.055554	supercritical
536.36	454.00	281.61	0.0035510	323.56	484.77	5.3199	0.74294	1.1044	539.70	-0.0016841	3.9703e-05	0.055590	supercritical
537.36	454.00	281.09	0.0035576	324.36	485.88	5.3220	0.74318	1.1043	539.99	-0.0018155	3.9728e-05	0.055627	supercritical
538.36	454.00	280.57	0.0035642	325.17	486.98	5.3240	0.74342	1.1041	540.28	-0.0019467	3.9754e-05	0.055663	supercritical
539.36	454.00	280.05	0.0035707	325.98	488.09	5.3261	0.74366	1.1040	540.57	-0.0020776	3.9779e-05	0.055700	supercritical
540.36	454.00	279.54	0.0035773	326.78	489.19	5.3281	0.74391	1.1038	540.86	-0.0022083	3.9805e-05	0.055737	supercritical
541.36	454.00	279.03	0.0035839	327.59	490.29	5.3302	0.74415	1.1036	541.15	-0.0023387	3.9831e-05	0.055774	supercritical
542.36	454.00	278.51	0.0035905	328.39	491.40	5.3322	0.74439	1.1035	541.44	-0.0024688	3.9856e-05	0.055812	supercritical
543.36	454.00	278.01	0.0035970	329.20	492.50	5.3342	0.74463	1.1033	541.73	-0.0025987	3.9882e-05	0.055849	supercritical
544.36	454.00	277.50	0.0036036	330.00	493.61	5.3363	0.74487	1.1032	542.01	-0.0027283	3.9908e-05	0.055886	supercritical
545.36	454.00	277.00	0.0036102	330.81	494.71	5.3383	0.74511	1.1031	542.30	-0.0028576	3.9934e-05	0.055924	supercritical
546.36	454.00	276.49	0.0036167	331.61	495.81	5.3403	0.74536	1.1029	542.59	-0.0029867	3.9960e-05	0.055962	supercritical
547.36	454.00	275.99	0.0036233	332.42	496.91	5.3423	0.74560	1.1028	542.88	-0.0031155	3.9986e-05	0.056000	supercritical
548.36	454.00	275.49	0.0036298	333.22	498.02	5.3443	0.74584	1.1026	543.17	-0.0032441	4.0012e-05	0.056038	supercritical
549.36	454.00	275.00	0.0036364	334.03	499.12	5.3463	0.74609	1.1025	543.46	-0.0033723	4.0038e-05	0.056076	supercritical
550.36	454.00	274.50	0.0036429	334.83	500.22	5.3483	0.74633	1.1024	543.75	-0.0035003	4.0064e-05	0.056114	supercritical
551.36	454.00	274.01	0.0036495	335.64	501.32	5.3503	0.74657	1.1022	544.04	-0.0036281	4.0090e-05	0.056152	supercritical
552.36	454.00	273.52	0.0036560	336.44	502.43	5.3523	0.74682	1.1021	544.33	-0.0037555	4.0117e-05	0.056190	supercritical
553.36	454.00	273.03	0.0036626	337.25	503.53	5.3543	0.74706	1.1020	544.62	-0.0038827	4.0143e-05	0.056229	supercritical
554.36	454.00	272.54	0.0036691	338.05	504.63	5.3563	0.74730	1.1019	544.91	-0.0040096	4.0169e-05	0.056267	supercritical
555.36	454.00	272.06	0.0036757	338.86	505.73	5.3583	0.74755	1.1017	545.20	-0.0041363	4.0196e-05	0.056306	supercritical
556.36	454.00	271.58	0.0036822	339.66	506.83	5.3603	0.74779	1.1016	545.48	-0.0042627	4.0222e-05	0.056345	supercritical
557.36	454.00	271.10	0.0036887	340.47	507.94	5.3623	0.74803	1.1015	545.77	-0.0043888	4.0249e-05	0.056384	supercritical
558.36	454.00	270.62	0.0036953	341.27	509.04	5.3642	0.74828	1.1014	546.06	-0.0045146	4.0275e-05	0.056423	supercritical
559.36	454.00	270.14	0.0037018	342.08	510.14	5.3662	0.74852	1.1013	546.35	-0.0046401	4.0302e-05	0.056462	supercritical
560.36	454.00	269.66	0.0037083	342.88	511.24	5.3682	0.74877	1.1012	546.64	-0.0047654	4.0328e-05	0.056501	supercritical
561.36	454.00	269.19	0.0037148	343.69	512.34	5.3701	0.74901	1.1011	546.93	-0.0048904	4.0355e-05	0.056540	supercritical
562.36	454.00	268.72	0.0037214	344.49	513.44	5.3721	0.74926	1.1010	547.22	-0.0050152	4.0382e-05	0.056580	supercritical
563.36	454.00	268.25	0.0037279	345.30	514.54	5.3741	0.74950	1.1009	547.51	-0.0051396	4.0409e-05	0.056619	supercritical
564.36	454.00	267.78	0.0037344	346.10	515.64	5.3760	0.74974	1.1008	547.80	-0.0052638	4.0435e-05	0.056659	supercritical
565.36	454.00	267.32	0.0037409	346.91	516.74	5.3780	0.74999	1.1007	548.09	-0.0053877	4.0462e-05	0.056698	supercritical
566.36	454.00	266.85	0.0037474	347.71	517.84	5.3799	0.75023	1.1006	548.38	-0.0055114	4.0489e-05	0.056738	supercritical
567.36	454.00	266.39	0.0037539	348.52	518.95	5.3818	0.75048	1.1005	548.67	-0.0056348	4.0516e-05	0.056778	supercritical
568.36	454.00	265.93	0.0037604	349.32	520.05	5.3838	0.75072	1.1004	548.96	-0.0057578	4.0543e-05	0.056818	supercritical
569.36	454.00	265.47	0.0037669	350.13	521.15	5.3857	0.75097	1.1003	549.25	-0.0058807	4.0570e-05	0.056858	supercritical
570.36	454.00	265.01	0.0037734	350.93	522.25	5.3876	0.75121	1.1002	549.54	-0.0060032	4.0597e-05	0.056898	supercritical
571.36	454.00	264.56	0.0037799	351.74	523.35	5.3896	0.75146	1.1001	549.83	-0.0061255	4.0625e-05	0.056938	supercritical
572.36	454.00	264.10	0.0037864	352.54	524.45	5.3915	0.75170	1.1000	550.12	-0.0062474	4.0652e-05	0.056979	supercritical
573.36	454.00	263.65	0.0037929	353.35	525.55	5.3934	0.75195	1.0999	550.40	-0.0063692	4.0679e-05	0.057019	supercritical
574.36	454.00	263.20	0.0037994	354.15	526.65	5.3953	0.75219	1.0999	550.69	-0.0064906	4.0706e-05	0.057060	supercritical
575.36	454.00	262.75	0.0038059	354.96	527.75	5.3972	0.75244	1.0998	550.98	-0.0066117	4.0733e-05	0.057100	supercritical
576.36	454.00	262.30	0.0038124	355.76	528.85	5.3992	0.75268	1.0997	551.27	-0.0067326	4.0761e-05	0.057141	supercritical
577.36	454.00	261.86	0.0038189	356.57	529.95	5.4011	0.75293	1.0996	551.56	-0.0068532	4.0788e-05	0.057182	supercritical
578.36	454.00	261.41	0.0038254	357.37	531.04	5.4030	0.75317	1.0995	551.85	-0.0069736	4.0816e-05	0.057222	supercritical
579.36	454.00	260.97	0.0038318	358.18	532.14	5.4049	0.75342	1.0995	552.14	-0.0070936	4.0843e-05	0.057263	supercritical
580.36	454.00	260.53	0.0038383	358.98	533.24	5.4068	0.75366	1.0994	552.43	-0.0072134	4.0871e-05	0.057304	supercritical
581.36	454.00	260.09	0.0038448	359.79	534.34	5.4087	0.75391	1.0993	552.72	-0.0073329	4.0898e-05	0.057345	supercritical
582.36	454.00	259.65	0.0038513	360.60	535.44	5.4105	0.75415	1.0993	553.01	-0.0074521	4.0926e-05	0.057387	supercritical
583.36	454.00	259.22	0.0038577	361.40	536.54	5.4124	0.75440	1.0992	553.30	-0.0075711	4.0953e-05	0.057428	supercritical
584.36	454.00	258.79	0.0038642	362.21	537.64	5.4143	0.75464	1.0991	553.59	-0.0076897	4.0981e-05	0.057469	supercritical
585.36	454.00	258.35	0.0038707	363.01	538.74	5.4162	0.75489	1.0991	553.88	-0.0078081	4.1008e-05	0.057511	supercritical
586.36	454.00	257.92	0.0038771	363.82	539.84	5.4181	0.75513	1.0990	554.17	-0.0079263	4.1036e-05	0.057552	supercritical
587.36	454.00	257.49	0.0038836	364.62	540.94	5.4199	0.75538	1.0989	554.45	-0.0080441	4.1064e-05	0.057594	supercritical
588.36	454.00	257.07	0.0038901	365.43	542.04	5.4218	0.75562	1.0989	554.74	-0.0081617	4.1092e-05	0.057635	supercritical
589.36	454.00	256.64	0.0038965	366.23	543.14	5.4237	0.75587	1.0988	555.03	-0.0082790	4.1119e-05	0.057677	supercritical
590.36	454.00	256.21	0.0039030	367.04	544.23	5.4255	0.75611	1.0988	555.32	-0.0083960	4.1147e-05	0.057719	supercritical
591.36	454.00	255.79	0.0039094	367.85	545.33	5.4274	0.75636	1.0987	555.61	-0.0085128	4.1175e-05	0.057761	supercritical
592.36	454.00	255.37	0.0039159	368.65	546.43	5.4293	0.75660	1.0987	555.90	-0.0086292	4.1203e-05	0.057803	supercritical
593.36	454.00	254.95	0.0039223	369.46	547.53	5.4311	0.75685	1.0986	556.19	-0.0087454	4.1231e-05	0.057845	supercritical
594.36	454.00	254.53	0.0039288	370.26	548.63	5.4330	0.75709	1.0986	556.48	-0.0088613	4.1259e-05	0.057887	supercritical
595.36	454.00	254.12	0.0039352	371.07	549.73	5.4348	0.75733	1.0985	556.77	-0.0089770	4.1287e-05	0.057929	supercritical
596.36	454.00	253.70	0.0039417	371.87	550.83	5.4366	0.75758	1.0985	557.05	-0.0090924	4.1315e-05	0.057971	supercritical
597.36	454.00	253.29	0.0039481	372.68	551.92	5.4385	0.75782	1.0984	557.34	-0.0092075	4.1343e-05	0.058013	supercritical
598.36	454.00	252.87	0.0039545	373.49	553.02	5.4403	0.75807	1.0984	557.63	-0.0093223	4.1371e-05	0.058056	supercritical
599.36	454.00	252.46	0.0039610	374.29	554.12	5.4422	0.75831	1.0984	557.92	-0.0094368	4.1399e-05	0.058098	supercritical
600.36	454.00	252.05	0.0039674	375.10	555.22	5.4440	0.75855	1.0983	558.21	-0.0095511	4.1427e-05	0.058141	supercritical
601.36	454.00	251.65	0.0039738	375.91	556.32	5.4458	0.75880	1.0983	558.50	-0.0096651	4.1455e-05	0.058183	supercritical
602.36	454.00	251.24	0.0039803	376.71	557.42	5.4476	0.75904	1.0982	558.79	-0.0097789	4.1484e-05	0.058226	supercritical
603.36	454.00	250.83	0.0039867	377.52	558.51	5.4495	0.75929	1.0982	559.08	-0.0098923	4.1512e-05	0.058269	supercritical
604.36	454.00	250.43	0.0039931	378.32	559.61	5.4513	0.75953	1.0982	559.36	-0.010006	4.1540e-05	0.058312	supercritical
605.36	454.00	250.03	0.0039996	379.13	560.71	5.4531	0.75977	1.0981	559.65	-0.010118	4.1568e-05	0.058354	supercritical
606.36	454.00	249.63	0.0040060	379.94	561.81	5.4549	0.76002	1.0981	559.94	-0.010231	4.1597e-05	0.058397	supercritical
607.36	454.00	249.23	0.0040124	380.74	562.91	5.4567	0.76026	1.0981	560.23	-0.010343	4.1625e-05	0.058440	supercritical
608.36	454.00	248.83	0.0040188	381.55	564.01	5.4585	0.76050	1.0980	560.52	-0.010456	4.1653e-05	0.058483	supercritical
609.36	454.00	248.43	0.0040252	382.36	565.10	5.4603	0.76074	1.0980	560.81	-0.010567	4.1682e-05	0.058526	supercritical
610.36	454.00	248.04	0.0040317	383.16	566.20	5.4621	0.76099	1.0980	561.09	-0.010679	4.1710e-05	0.058570	supercritical
611.36	454.00	247.64	0.0040381	383.97	567.30	5.4639	0.76123	1.0980	561.38	-0.010790	4.1738e-05	0.058613	supercritical
612.36	454.00	247.25	0.0040445	384.78	568.40	5.4657	0.76147	1.0979	561.67	-0.010901	4.1767e-05	0.058656	supercritical
613.36	454.00	246.86	0.0040509	385.59	569.50	5.4675	0.76171	1.0979	561.96	-0.011012	4.1795e-05	0.058700	supercritical
614.36	454.00	246.47	0.0040573	386.39	570.59	5.4693	0.76196	1.0979	562.25	-0.011123	4.1824e-05	0.058743	supercritical
615.36	454.00	246.08	0.0040637	387.20	571.69	5.4711	0.76220	1.0979	562.53	-0.011233	4.1852e-05	0.058787	supercritical
616.36	454.00	245.69	0.0040701	388.01	572.79	5.4729	0.76244	1.0979	562.82	-0.011343	4.1881e-05	0.058830	supercritical
617.36	454.00	245.31	0.0040765	388.81	573.89	5.4747	0.76268	1.0978	563.11	-0.011452	4.1909e-05	0.058874	supercritical
618.36	454.00	244.92	0.0040829	389.62	574.98	5.4764	0.76292	1.0978	563.40	-0.011562	4.1938e-05	0.058917	supercritical
619.36	454.00	244.54	0.0040893	390.43	576.08	5.4782	0.76317	1.0978	563.68	-0.011671	4.1967e-05	0.058961	supercritical
620.36	454.00	244.16	0.0040957	391.24	577.18	5.4800	0.76341	1.0978	563.97	-0.011780	4.1995e-05	0.059005	supercritical
621.36	454.00	243.78	0.0041021	392.04	578.28	5.4817	0.76365	1.0978	564.26	-0.011888	4.2024e-05	0.059049	supercritical
622.36	454.00	243.40	0.0041085	392.85	579.38	5.4835	0.76389	1.0978	564.55	-0.011997	4.2053e-05	0.059093	supercritical
623.36	454.00	243.02	0.0041149	393.66	580.47	5.4853	0.76413	1.0978	564.83	-0.012105	4.2081e-05	0.059137	supercritical
624.36	454.00	242.65	0.0041212	394.47	581.57	5.4870	0.76437	1.0977	565.12	-0.012213	4.2110e-05	0.059181	supercritical
625.36	454.00	242.27	0.0041276	395.27	582.67	5.4888	0.76461	1.0977	565.41	-0.012320	4.2139e-05	0.059225	supercritical
626.36	454.00	241.90	0.0041340	396.08	583.77	5.4905	0.76485	1.0977	565.70	-0.012428	4.2167e-05	0.059269	supercritical
627.36	454.00	241.52	0.0041404	396.89	584.86	5.4923	0.76509	1.0977	565.98	-0.012535	4.2196e-05	0.059313	supercritical
628.36	454.00	241.15	0.0041468	397.70	585.96	5.4940	0.76533	1.0977	566.27	-0.012641	4.2225e-05	0.059357	supercritical
629.36	454.00	240.78	0.0041532	398.51	587.06	5.4958	0.76557	1.0977	566.56	-0.012748	4.2254e-05	0.059401	supercritical
630.36	454.00	240.41	0.0041595	399.31	588.16	5.4975	0.76581	1.0977	566.84	-0.012854	4.2283e-05	0.059446	supercritical
631.36	454.00	240.04	0.0041659	400.12	589.26	5.4993	0.76605	1.0977	567.13	-0.012960	4.2312e-05	0.059490	supercritical
632.36	454.00	239.68	0.0041723	400.93	590.35	5.5010	0.76629	1.0977	567.42	-0.013066	4.2340e-05	0.059535	supercritical
633.36	454.00	239.31	0.0041786	401.74	591.45	5.5027	0.76653	1.0977	567.70	-0.013171	4.2369e-05	0.059579	supercritical
634.36	454.00	238.95	0.0041850	402.55	592.55	5.5045	0.76677	1.0977	567.99	-0.013277	4.2398e-05	0.059624	supercritical
635.36	454.00	238.59	0.0041914	403.36	593.65	5.5062	0.76701	1.0977	568.28	-0.013382	4.2427e-05	0.059668	supercritical
636.36	454.00	238.22	0.0041977	404.17	594.74	5.5079	0.76725	1.0977	568.56	-0.013486	4.2456e-05	0.059713	supercritical
637.36	454.00	237.86	0.0042041	404.97	595.84	5.5097	0.76748	1.0977	568.85	-0.013591	4.2485e-05	0.059758	supercritical
638.36	454.00	237.50	0.0042105	405.78	596.94	5.5114	0.76772	1.0977	569.14	-0.013695	4.2514e-05	0.059802	supercritical
639.36	454.00	237.15	0.0042168	406.59	598.04	5.5131	0.76796	1.0977	569.42	-0.013799	4.2543e-05	0.059847	supercritical
640.36	454.00	236.79	0.0042232	407.40	599.13	5.5148	0.76820	1.0977	569.71	-0.013902	4.2572e-05	0.059892	supercritical
641.36	454.00	236.43	0.0042295	408.21	600.23	5.5165	0.76844	1.0977	569.99	-0.014006	4.2601e-05	0.059937	supercritical
642.36	454.00	236.08	0.0042359	409.02	601.33	5.5182	0.76867	1.0977	570.28	-0.014109	4.2630e-05	0.059982	supercritical
643.36	454.00	235.72	0.0042422	409.83	602.43	5.5199	0.76891	1.0977	570.57	-0.014212	4.2659e-05	0.060027	supercritical
644.36	454.00	235.37	0.0042486	410.64	603.53	5.5216	0.76915	1.0978	570.85	-0.014314	4.2688e-05	0.060072	supercritical
645.36	454.00	235.02	0.0042549	411.45	604.62	5.5233	0.76938	1.0978	571.14	-0.014417	4.2717e-05	0.060117	supercritical
646.36	454.00	234.67	0.0042613	412.26	605.72	5.5250	0.76962	1.0978	571.42	-0.014519	4.2746e-05	0.060162	supercritical
647.36	454.00	234.32	0.0042676	413.07	606.82	5.5267	0.76986	1.0978	571.71	-0.014621	4.2775e-05	0.060207	supercritical
648.36	454.00	233.97	0.0042740	413.88	607.92	5.5284	0.77009	1.0978	571.99	-0.014722	4.2805e-05	0.060252	supercritical
649.36	454.00	233.63	0.0042803	414.69	609.01	5.5301	0.77033	1.0978	572.28	-0.014824	4.2834e-05	0.060298	supercritical
650.36	454.00	233.28	0.0042867	415.50	610.11	5.5318	0.77056	1.0978	572.57	-0.014925	4.2863e-05	0.060343	supercritical
651.36	454.00	232.94	0.0042930	416.31	611.21	5.5335	0.77080	1.0979	572.85	-0.015026	4.2892e-05	0.060388	supercritical
652.36	454.00	232.59	0.0042993	417.12	612.31	5.5352	0.77103	1.0979	573.14	-0.015126	4.2921e-05	0.060434	supercritical
653.36	454.00	232.25	0.0043057	417.93	613.41	5.5369	0.77127	1.0979	573.42	-0.015227	4.2950e-05	0.060479	supercritical
654.36	454.00	231.91	0.0043120	418.74	614.50	5.5385	0.77150	1.0979	573.71	-0.015327	4.2980e-05	0.060525	supercritical
655.36	454.00	231.57	0.0043183	419.55	615.60	5.5402	0.77174	1.0979	573.99	-0.015427	4.3009e-05	0.060570	supercritical
656.36	454.00	231.23	0.0043247	420.36	616.70	5.5419	0.77197	1.0979	574.28	-0.015526	4.3038e-05	0.060616	supercritical
657.36	454.00	230.89	0.0043310	421.17	617.80	5.5436	0.77221	1.0980	574.56	-0.015626	4.3067e-05	0.060661	supercritical
658.36	454.00	230.56	0.0043373	421.98	618.90	5.5452	0.77244	1.0980	574.85	-0.015725	4.3097e-05	0.060707	supercritical
659.36	454.00	230.22	0.0043436	422.79	619.99	5.5469	0.77267	1.0980	575.13	-0.015824	4.3126e-05	0.060753	supercritical
660.36	454.00	229.89	0.0043500	423.60	621.09	5.5486	0.77291	1.0980	575.41	-0.015923	4.3155e-05	0.060798	supercritical
661.36	454.00	229.55	0.0043563	424.41	622.19	5.5502	0.77314	1.0981	575.70	-0.016021	4.3185e-05	0.060844	supercritical
662.36	454.00	229.22	0.0043626	425.23	623.29	5.5519	0.77337	1.0981	575.98	-0.016119	4.3214e-05	0.060890	supercritical
663.36	454.00	228.89	0.0043689	426.04	624.39	5.5535	0.77360	1.0981	576.27	-0.016217	4.3243e-05	0.060936	supercritical
664.36	454.00	228.56	0.0043752	426.85	625.48	5.5552	0.77384	1.0981	576.55	-0.016315	4.3272e-05	0.060982	supercritical
665.36	454.00	228.23	0.0043816	427.66	626.58	5.5569	0.77407	1.0982	576.84	-0.016412	4.3302e-05	0.061028	supercritical
666.36	454.00	227.90	0.0043879	428.47	627.68	5.5585	0.77430	1.0982	577.12	-0.016509	4.3331e-05	0.061074	supercritical
667.36	454.00	227.57	0.0043942	429.28	628.78	5.5601	0.77453	1.0982	577.40	-0.016606	4.3361e-05	0.061120	supercritical
668.36	454.00	227.25	0.0044005	430.09	629.88	5.5618	0.77476	1.0982	577.69	-0.016703	4.3390e-05	0.061166	supercritical
669.36	454.00	226.92	0.0044068	430.91	630.97	5.5634	0.77499	1.0983	577.97	-0.016799	4.3419e-05	0.061212	supercritical
670.36	454.00	226.60	0.0044131	431.72	632.07	5.5651	0.77522	1.0983	578.26	-0.016896	4.3449e-05	0.061258	supercritical
671.36	454.00	226.27	0.0044194	432.53	633.17	5.5667	0.77545	1.0983	578.54	-0.016992	4.3478e-05	0.061304	supercritical
672.36	454.00	225.95	0.0044257	433.34	634.27	5.5683	0.77568	1.0984	578.82	-0.017087	4.3508e-05	0.061350	supercritical
673.36	454.00	225.63	0.0044320	434.15	635.37	5.5700	0.77591	1.0984	579.11	-0.017183	4.3537e-05	0.061396	supercritical
674.36	454.00	225.31	0.0044383	434.97	636.47	5.5716	0.77614	1.0984	579.39	-0.017278	4.3566e-05	0.061443	supercritical
675.36	454.00	224.99	0.0044446	435.78	637.57	5.5732	0.77637	1.0985	579.67	-0.017373	4.3596e-05	0.061489	supercritical
676.36	454.00	224.67	0.0044509	436.59	638.66	5.5749	0.77660	1.0985	579.96	-0.017468	4.3625e-05	0.061535	supercritical
677.36	454.00	224.36	0.0044572	437.40	639.76	5.5765	0.77683	1.0985	580.24	-0.017562	4.3655e-05	0.061582	supercritical
678.36	454.00	224.04	0.0044635	438.22	640.86	5.5781	0.77706	1.0986	580.52	-0.017657	4.3684e-05	0.061628	supercritical
679.36	454.00	223.72	0.0044698	439.03	641.96	5.5797	0.77729	1.0986	580.80	-0.017751	4.3714e-05	0.061675	supercritical
680.36	454.00	223.41	0.0044761	439.84	643.06	5.5813	0.77751	1.0987	581.09	-0.017845	4.3743e-05	0.061721	supercritical
681.36	454.00	223.10	0.0044824	440.66	644.16	5.5830	0.77774	1.0987	581.37	-0.017938	4.3773e-05	0.061768	supercritical
682.36	454.00	222.78	0.0044887	441.47	645.26	5.5846	0.77797	1.0987	581.65	-0.018032	4.3802e-05	0.061814	supercritical
683.36	454.00	222.47	0.0044950	442.28	646.35	5.5862	0.77820	1.0988	581.94	-0.018125	4.3832e-05	0.061861	supercritical
684.36	454.00	222.16	0.0045013	443.10	647.45	5.5878	0.77842	1.0988	582.22	-0.018218	4.3861e-05	0.061907	supercritical
685.36	454.00	221.85	0.0045075	443.91	648.55	5.5894	0.77865	1.0988	582.50	-0.018310	4.3891e-05	0.061954	supercritical
686.36	454.00	221.54	0.0045138	444.72	649.65	5.5910	0.77888	1.0989	582.78	-0.018403	4.3920e-05	0.062001	supercritical
687.36	454.00	221.23	0.0045201	445.54	650.75	5.5926	0.77910	1.0989	583.06	-0.018495	4.3950e-05	0.062047	supercritical
688.36	454.00	220.93	0.0045264	446.35	651.85	5.5942	0.77933	1.0990	583.35	-0.018587	4.3980e-05	0.062094	supercritical
689.36	454.00	220.62	0.0045327	447.16	652.95	5.5958	0.77955	1.0990	583.63	-0.018679	4.4009e-05	0.062141	supercritical
690.36	454.00	220.32	0.0045389	447.98	654.05	5.5974	0.77978	1.0991	583.91	-0.018770	4.4039e-05	0.062188	supercritical
691.36	454.00	220.01	0.0045452	448.79	655.15	5.5990	0.78000	1.0991	584.19	-0.018862	4.4068e-05	0.062235	supercritical
692.36	454.00	219.71	0.0045515	449.61	656.24	5.6006	0.78023	1.0991	584.47	-0.018953	4.4098e-05	0.062281	supercritical
693.36	454.00	219.41	0.0045578	450.42	657.34	5.6021	0.78045	1.0992	584.75	-0.019044	4.4127e-05	0.062328	supercritical
694.36	454.00	219.10	0.0045640	451.24	658.44	5.6037	0.78068	1.0992	585.04	-0.019134	4.4157e-05	0.062375	supercritical
695.36	454.00	218.80	0.0045703	452.05	659.54	5.6053	0.78090	1.0993	585.32	-0.019225	4.4187e-05	0.062422	supercritical
696.36	454.00	218.50	0.0045766	452.87	660.64	5.6069	0.78112	1.0993	585.60	-0.019315	4.4216e-05	0.062469	supercritical
697.36	454.00	218.21	0.0045828	453.68	661.74	5.6085	0.78135	1.0994	585.88	-0.019405	4.4246e-05	0.062516	supercritical
698.36	454.00	217.91	0.0045891	454.50	662.84	5.6100	0.78157	1.0994	586.16	-0.019495	4.4276e-05	0.062563	supercritical
699.36	454.00	217.61	0.0045954	455.31	663.94	5.6116	0.78179	1.0995	586.44	-0.019584	4.4305e-05	0.062610	supercritical
700.36	454.00	217.31	0.0046016	456.13	665.04	5.6132	0.78201	1.0995	586.72	-0.019673	4.4335e-05	0.062657	supercritical
701.36	454.00	217.02	0.0046079	456.94	666.14	5.6148	0.78224	1.0996	587.00	-0.019763	4.4364e-05	0.062705	supercritical
702.36	454.00	216.73	0.0046141	457.76	667.24	5.6163	0.78246	1.0996	587.28	-0.019851	4.4394e-05	0.062752	supercritical
703.36	454.00	216.43	0.0046204	458.57	668.34	5.6179	0.78268	1.0997	587.56	-0.019940	4.4424e-05	0.062799	supercritical
704.36	454.00	216.14	0.0046267	459.39	669.44	5.6194	0.78290	1.0997	587.85	-0.020028	4.4453e-05	0.062846	supercritical
705.36	454.00	215.85	0.0046329	460.20	670.54	5.6210	0.78312	1.0998	588.13	-0.020117	4.4483e-05	0.062893	supercritical
706.36	454.00	215.56	0.0046392	461.02	671.64	5.6226	0.78334	1.0998	588.41	-0.020205	4.4513e-05	0.062941	supercritical
707.36	454.00	215.27	0.0046454	461.84	672.74	5.6241	0.78356	1.0999	588.69	-0.020292	4.4542e-05	0.062988	supercritical
708.36	454.00	214.98	0.0046517	462.65	673.84	5.6257	0.78378	1.0999	588.97	-0.020380	4.4572e-05	0.063035	supercritical
709.36	454.00	214.69	0.0046579	463.47	674.94	5.6272	0.78400	1.1000	589.25	-0.020467	4.4602e-05	0.063083	supercritical
710.36	454.00	214.40	0.0046642	464.28	676.04	5.6288	0.78422	1.1000	589.53	-0.020554	4.4631e-05	0.063130	supercritical
711.36	454.00	214.11	0.0046704	465.10	677.14	5.6303	0.78444	1.1001	589.81	-0.020641	4.4661e-05	0.063177	supercritical
712.36	454.00	213.83	0.0046767	465.92	678.24	5.6319	0.78466	1.1001	590.09	-0.020728	4.4691e-05	0.063225	supercritical
713.36	454.00	213.54	0.0046829	466.73	679.34	5.6334	0.78488	1.1002	590.37	-0.020815	4.4721e-05	0.063272	supercritical
714.36	454.00	213.26	0.0046891	467.55	680.44	5.6350	0.78509	1.1002	590.64	-0.020901	4.4750e-05	0.063320	supercritical
715.36	454.00	212.98	0.0046954	468.37	681.54	5.6365	0.78531	1.1003	590.92	-0.020987	4.4780e-05	0.063367	supercritical
716.36	454.00	212.69	0.0047016	469.18	682.64	5.6380	0.78553	1.1003	591.20	-0.021073	4.4810e-05	0.063415	supercritical
717.36	454.00	212.41	0.0047079	470.00	683.74	5.6396	0.78575	1.1004	591.48	-0.021158	4.4839e-05	0.063462	supercritical
718.36	454.00	212.13	0.0047141	470.82	684.84	5.6411	0.78596	1.1004	591.76	-0.021244	4.4869e-05	0.063510	supercritical
719.36	454.00	211.85	0.0047203	471.64	685.94	5.6426	0.78618	1.1005	592.04	-0.021329	4.4899e-05	0.063558	supercritical
720.36	454.00	211.57	0.0047266	472.45	687.04	5.6442	0.78640	1.1006	592.32	-0.021414	4.4929e-05	0.063605	supercritical
721.36	454.00	211.29	0.0047328	473.27	688.14	5.6457	0.78661	1.1006	592.60	-0.021499	4.4958e-05	0.063653	supercritical
722.36	454.00	211.01	0.0047390	474.09	689.24	5.6472	0.78683	1.1007	592.88	-0.021583	4.4988e-05	0.063701	supercritical
723.36	454.00	210.74	0.0047453	474.91	690.34	5.6487	0.78704	1.1007	593.16	-0.021668	4.5018e-05	0.063748	supercritical
724.36	454.00	210.46	0.0047515	475.72	691.44	5.6502	0.78726	1.1008	593.43	-0.021752	4.5048e-05	0.063796	supercritical
725.36	454.00	210.18	0.0047577	476.54	692.54	5.6518	0.78747	1.1009	593.71	-0.021836	4.5077e-05	0.063844	supercritical
726.36	454.00	209.91	0.0047640	477.36	693.64	5.6533	0.78769	1.1009	593.99	-0.021920	4.5107e-05	0.063891	supercritical
727.36	454.00	209.64	0.0047702	478.18	694.74	5.6548	0.78790	1.1010	594.27	-0.022003	4.5137e-05	0.063939	supercritical
728.36	454.00	209.36	0.0047764	479.00	695.85	5.6563	0.78811	1.1010	594.55	-0.022086	4.5167e-05	0.063987	supercritical
729.36	454.00	209.09	0.0047826	479.82	696.95	5.6578	0.78833	1.1011	594.82	-0.022170	4.5196e-05	0.064035	supercritical
730.36	454.00	208.82	0.0047889	480.63	698.05	5.6593	0.78854	1.1011	595.10	-0.022252	4.5226e-05	0.064083	supercritical
731.36	454.00	208.55	0.0047951	481.45	699.15	5.6608	0.78875	1.1012	595.38	-0.022335	4.5256e-05	0.064131	supercritical
732.36	454.00	208.28	0.0048013	482.27	700.25	5.6623	0.78896	1.1013	595.66	-0.022418	4.5286e-05	0.064179	supercritical
733.36	454.00	208.01	0.0048075	483.09	701.35	5.6638	0.78918	1.1013	595.94	-0.022500	4.5315e-05	0.064227	supercritical
734.36	454.00	207.74	0.0048137	483.91	702.45	5.6653	0.78939	1.1014	596.21	-0.022582	4.5345e-05	0.064274	supercritical
735.36	454.00	207.47	0.0048199	484.73	703.55	5.6668	0.78960	1.1015	596.49	-0.022664	4.5375e-05	0.064322	supercritical
736.36	454.00	207.20	0.0048262	485.55	704.66	5.6683	0.78981	1.1015	596.77	-0.022746	4.5405e-05	0.064370	supercritical
737.36	454.00	206.94	0.0048324	486.37	705.76	5.6698	0.79002	1.1016	597.04	-0.022827	4.5434e-05	0.064418	supercritical
738.36	454.00	206.67	0.0048386	487.19	706.86	5.6713	0.79023	1.1016	597.32	-0.022909	4.5464e-05	0.064466	supercritical
739.36	454.00	206.41	0.0048448	488.01	707.96	5.6728	0.79044	1.1017	597.60	-0.022990	4.5494e-05	0.064515	supercritical
740.36	454.00	206.14	0.0048510	488.83	709.06	5.6743	0.79065	1.1018	597.88	-0.023071	4.5524e-05	0.064563	supercritical
741.36	454.00	205.88	0.0048572	489.65	710.16	5.6758	0.79086	1.1018	598.15	-0.023151	4.5553e-05	0.064611	supercritical
742.36	454.00	205.62	0.0048634	490.47	711.27	5.6773	0.79107	1.1019	598.43	-0.023232	4.5583e-05	0.064659	supercritical
743.36	454.00	205.35	0.0048696	491.29	712.37	5.6788	0.79128	1.1020	598.71	-0.023312	4.5613e-05	0.064707	supercritical
744.36	454.00	205.09	0.0048758	492.11	713.47	5.6802	0.79149	1.1020	598.98	-0.023392	4.5643e-05	0.064755	supercritical
745.36	454.00	204.83	0.0048820	492.93	714.57	5.6817	0.79170	1.1021	599.26	-0.023472	4.5673e-05	0.064803	supercritical
746.36	454.00	204.57	0.0048882	493.75	715.67	5.6832	0.79191	1.1022	599.53	-0.023552	4.5702e-05	0.064851	supercritical
747.36	454.00	204.31	0.0048944	494.57	716.78	5.6847	0.79211	1.1022	599.81	-0.023632	4.5732e-05	0.064900	supercritical
748.36	454.00	204.06	0.0049006	495.39	717.88	5.6862	0.79232	1.1023	600.09	-0.023711	4.5762e-05	0.064948	supercritical
749.36	454.00	203.80	0.0049068	496.21	718.98	5.6876	0.79253	1.1024	600.36	-0.023790	4.5792e-05	0.064996	supercritical
750.36	454.00	203.54	0.0049130	497.03	720.08	5.6891	0.79273	1.1024	600.64	-0.023869	4.5822e-05	0.065044	supercritical
751.36	454.00	203.28	0.0049192	497.85	721.19	5.6906	0.79294	1.1025	600.91	-0.023948	4.5851e-05	0.065093	supercritical
752.36	454.00	203.03	0.0049254	498.67	722.29	5.6920	0.79315	1.1026	601.19	-0.024027	4.5881e-05	0.065141	supercritical
753.36	454.00	202.77	0.0049316	499.50	723.39	5.6935	0.79335	1.1026	601.47	-0.024105	4.5911e-05	0.065189	supercritical
754.36	454.00	202.52	0.0049378	500.32	724.49	5.6950	0.79356	1.1027	601.74	-0.024183	4.5941e-05	0.065238	supercritical
755.36	454.00	202.27	0.0049440	501.14	725.60	5.6964	0.79376	1.1028	602.02	-0.024261	4.5970e-05	0.065286	supercritical
756.36	454.00	202.01	0.0049502	501.96	726.70	5.6979	0.79397	1.1028	602.29	-0.024339	4.6000e-05	0.065334	supercritical
757.36	454.00	201.76	0.0049564	502.78	727.80	5.6993	0.79417	1.1029	602.57	-0.024417	4.6030e-05	0.065383	supercritical
758.36	454.00	201.51	0.0049626	503.60	728.91	5.7008	0.79438	1.1030	602.84	-0.024494	4.6060e-05	0.065431	supercritical
759.36	454.00	201.26	0.0049688	504.43	730.01	5.7022	0.79458	1.1030	603.12	-0.024572	4.6090e-05	0.065480	supercritical
760.36	454.00	201.01	0.0049749	505.25	731.11	5.7037	0.79478	1.1031	603.39	-0.024649	4.6119e-05	0.065528	supercritical
761.36	454.00	200.76	0.0049811	506.07	732.21	5.7051	0.79499	1.1032	603.67	-0.024726	4.6149e-05	0.065576	supercritical
762.36	454.00	200.51	0.0049873	506.89	733.32	5.7066	0.79519	1.1032	603.94	-0.024802	4.6179e-05	0.065625	supercritical
763.36	454.00	200.26	0.0049935	507.72	734.42	5.7080	0.79539	1.1033	604.21	-0.024879	4.6209e-05	0.065673	supercritical
764.36	454.00	200.01	0.0049997	508.54	735.52	5.7095	0.79560	1.1034	604.49	-0.024955	4.6239e-05	0.065722	supercritical
765.36	454.00	199.77	0.0050059	509.36	736.63	5.7109	0.79580	1.1034	604.76	-0.025031	4.6268e-05	0.065770	supercritical
766.36	454.00	199.52	0.0050120	510.18	737.73	5.7124	0.79600	1.1035	605.04	-0.025107	4.6298e-05	0.065819	supercritical
767.36	454.00	199.27	0.0050182	511.01	738.83	5.7138	0.79620	1.1036	605.31	-0.025183	4.6328e-05	0.065868	supercritical
768.36	454.00	199.03	0.0050244	511.83	739.94	5.7152	0.79640	1.1037	605.58	-0.025259	4.6358e-05	0.065916	supercritical
769.36	454.00	198.78	0.0050306	512.65	741.04	5.7167	0.79660	1.1037	605.86	-0.025334	4.6388e-05	0.065965	supercritical
770.36	454.00	198.54	0.0050367	513.48	742.15	5.7181	0.79680	1.1038	606.13	-0.025410	4.6417e-05	0.066013	supercritical
771.36	454.00	198.30	0.0050429	514.30	743.25	5.7195	0.79700	1.1039	606.41	-0.025485	4.6447e-05	0.066062	supercritical
772.36	454.00	198.06	0.0050491	515.13	744.35	5.7210	0.79720	1.1039	606.68	-0.025559	4.6477e-05	0.066111	supercritical
773.36	454.00	197.81	0.0050553	515.95	745.46	5.7224	0.79740	1.1040	606.95	-0.025634	4.6507e-05	0.066159	supercritical
774.36	454.00	197.57	0.0050614	516.77	746.56	5.7238	0.79760	1.1041	607.23	-0.025709	4.6536e-05	0.066208	supercritical
775.36	454.00	197.33	0.0050676	517.60	747.67	5.7253	0.79780	1.1042	607.50	-0.025783	4.6566e-05	0.066257	supercritical
776.36	454.00	197.09	0.0050738	518.42	748.77	5.7267	0.79800	1.1042	607.77	-0.025857	4.6596e-05	0.066305	supercritical
777.36	454.00	196.85	0.0050799	519.25	749.87	5.7281	0.79820	1.1043	608.05	-0.025931	4.6626e-05	0.066354	supercritical
778.36	454.00	196.61	0.0050861	520.07	750.98	5.7295	0.79839	1.1044	608.32	-0.026005	4.6656e-05	0.066403	supercritical
779.36	454.00	196.38	0.0050923	520.89	752.08	5.7309	0.79859	1.1044	608.59	-0.026079	4.6685e-05	0.066451	supercritical
780.36	454.00	196.14	0.0050984	521.72	753.19	5.7324	0.79879	1.1045	608.86	-0.026152	4.6715e-05	0.066500	supercritical
781.36	454.00	195.90	0.0051046	522.54	754.29	5.7338	0.79898	1.1046	609.14	-0.026226	4.6745e-05	0.066549	supercritical
782.36	454.00	195.67	0.0051107	523.37	755.40	5.7352	0.79918	1.1047	609.41	-0.026299	4.6775e-05	0.066598	supercritical
783.36	454.00	195.43	0.0051169	524.19	756.50	5.7366	0.79938	1.1047	609.68	-0.026372	4.6804e-05	0.066646	supercritical
784.36	454.00	195.20	0.0051231	525.02	757.61	5.7380	0.79957	1.1048	609.95	-0.026445	4.6834e-05	0.066695	supercritical
785.36	454.00	194.96	0.0051292	525.84	758.71	5.7394	0.79977	1.1049	610.23	-0.026517	4.6864e-05	0.066744	supercritical
786.36	454.00	194.73	0.0051354	526.67	759.82	5.7408	0.79996	1.1050	610.50	-0.026590	4.6894e-05	0.066793	supercritical
787.36	454.00	194.49	0.0051415	527.49	760.92	5.7422	0.80016	1.1050	610.77	-0.026662	4.6924e-05	0.066842	supercritical
788.36	454.00	194.26	0.0051477	528.32	762.03	5.7436	0.80035	1.1051	611.04	-0.026734	4.6953e-05	0.066891	supercritical
789.36	454.00	194.03	0.0051539	529.15	763.13	5.7450	0.80055	1.1052	611.31	-0.026806	4.6983e-05	0.066939	supercritical
790.36	454.00	193.80	0.0051600	529.97	764.24	5.7464	0.80074	1.1053	611.58	-0.026878	4.7013e-05	0.066988	supercritical
791.36	454.00	193.57	0.0051662	530.80	765.34	5.7478	0.80093	1.1053	611.86	-0.026949	4.7043e-05	0.067037	supercritical
792.36	454.00	193.34	0.0051723	531.62	766.45	5.7492	0.80113	1.1054	612.13	-0.027021	4.7072e-05	0.067086	supercritical
793.36	454.00	193.11	0.0051785	532.45	767.55	5.7506	0.80132	1.1055	612.40	-0.027092	4.7102e-05	0.067135	supercritical
794.36	454.00	192.88	0.0051846	533.28	768.66	5.7520	0.80151	1.1056	612.67	-0.027163	4.7132e-05	0.067184	supercritical
795.36	454.00	192.65	0.0051908	534.10	769.76	5.7534	0.80171	1.1056	612.94	-0.027234	4.7162e-05	0.067233	supercritical
796.36	454.00	192.42	0.0051969	534.93	770.87	5.7548	0.80190	1.1057	613.21	-0.027305	4.7191e-05	0.067282	supercritical
797.36	454.00	192.20	0.0052030	535.76	771.97	5.7562	0.80209	1.1058	613.48	-0.027375	4.7221e-05	0.067331	supercritical
798.36	454.00	191.97	0.0052092	536.58	773.08	5.7576	0.80228	1.1059	613.75	-0.027446	4.7251e-05	0.067380	supercritical
799.36	454.00	191.74	0.0052153	537.41	774.19	5.7589	0.80247	1.1059	614.02	-0.027516	4.7281e-05	0.067429	supercritical
800.36	454.00	191.52	0.0052215	538.24	775.29	5.7603	0.80266	1.1060	614.30	-0.027586	4.7310e-05	0.067478	supercritical
801.36	454.00	191.29	0.0052276	539.06	776.40	5.7617	0.80285	1.1061	614.57	-0.027656	4.7340e-05	0.067527	supercritical
802.36	454.00	191.07	0.0052338	539.89	777.50	5.7631	0.80304	1.1062	614.84	-0.027726	4.7370e-05	0.067576	supercritical
803.36	454.00	190.84	0.0052399	540.72	778.61	5.7645	0.80323	1.1062	615.11	-0.027795	4.7399e-05	0.067625	supercritical
804.36	454.00	190.62	0.0052460	541.55	779.72	5.7658	0.80342	1.1063	615.38	-0.027865	4.7429e-05	0.067674	supercritical
805.36	454.00	190.40	0.0052522	542.37	780.82	5.7672	0.80361	1.1064	615.65	-0.027934	4.7459e-05	0.067723	supercritical
806.36	454.00	190.17	0.0052583	543.20	781.93	5.7686	0.80380	1.1065	615.92	-0.028003	4.7489e-05	0.067772	supercritical
807.36	454.00	189.95	0.0052645	544.03	783.04	5.7700	0.80399	1.1065	616.19	-0.028072	4.7518e-05	0.067821	supercritical
808.36	454.00	189.73	0.0052706	544.86	784.14	5.7713	0.80418	1.1066	616.46	-0.028141	4.7548e-05	0.067870	supercritical
809.36	454.00	189.51	0.0052767	545.69	785.25	5.7727	0.80436	1.1067	616.73	-0.028210	4.7578e-05	0.067919	supercritical
810.36	454.00	189.29	0.0052829	546.51	786.36	5.7741	0.80455	1.1068	617.00	-0.028278	4.7607e-05	0.067968	supercritical
811.36	454.00	189.07	0.0052890	547.34	787.46	5.7754	0.80474	1.1069	617.26	-0.028346	4.7637e-05	0.068018	supercritical
812.36	454.00	188.85	0.0052951	548.17	788.57	5.7768	0.80493	1.1069	617.53	-0.028414	4.7667e-05	0.068067	supercritical
813.36	454.00	188.63	0.0053013	549.00	789.68	5.7782	0.80511	1.1070	617.80	-0.028482	4.7697e-05	0.068116	supercritical
814.36	454.00	188.42	0.0053074	549.83	790.78	5.7795	0.80530	1.1071	618.07	-0.028550	4.7726e-05	0.068165	supercritical
815.36	454.00	188.20	0.0053135	550.66	791.89	5.7809	0.80549	1.1072	618.34	-0.028618	4.7756e-05	0.068214	supercritical
816.36	454.00	187.98	0.0053196	551.49	793.00	5.7822	0.80567	1.1072	618.61	-0.028685	4.7786e-05	0.068263	supercritical
817.36	454.00	187.77	0.0053258	552.32	794.11	5.7836	0.80586	1.1073	618.88	-0.028753	4.7815e-05	0.068313	supercritical
818.36	454.00	187.55	0.0053319	553.15	795.21	5.7849	0.80604	1.1074	619.15	-0.028820	4.7845e-05	0.068362	supercritical
819.36	454.00	187.34	0.0053380	553.97	796.32	5.7863	0.80623	1.1075	619.42	-0.028887	4.7875e-05	0.068411	supercritical
820.36	454.00	187.12	0.0053441	554.80	797.43	5.7876	0.80641	1.1076	619.68	-0.028954	4.7904e-05	0.068460	supercritical
821.36	454.00	186.91	0.0053503	555.63	798.54	5.7890	0.80659	1.1076	619.95	-0.029021	4.7934e-05	0.068509	supercritical
822.36	454.00	186.69	0.0053564	556.46	799.64	5.7903	0.80678	1.1077	620.22	-0.029087	4.7964e-05	0.068559	supercritical
823.36	454.00	186.48	0.0053625	557.29	800.75	5.7917	0.80696	1.1078	620.49	-0.029154	4.7993e-05	0.068608	supercritical
824.36	454.00	186.27	0.0053686	558.12	801.86	5.7930	0.80714	1.1079	620.76	-0.029220	4.8023e-05	0.068657	supercritical
825.36	454.00	186.06	0.0053747	558.95	802.97	5.7944	0.80733	1.1079	621.03	-0.029286	4.8053e-05	0.068706	supercritical
826.36	454.00	185.84	0.0053809	559.78	804.07	5.7957	0.80751	1.1080	621.29	-0.029352	4.8082e-05	0.068756	supercritical
827.36	454.00	185.63	0.0053870	560.61	805.18	5.7971	0.80769	1.1081	621.56	-0.029418	4.8112e-05	0.068805	supercritical
828.36	454.00	185.42	0.0053931	561.44	806.29	5.7984	0.80787	1.1082	621.83	-0.029484	4.8142e-05	0.068854	supercritical
829.36	454.00	185.21	0.0053992	562.28	807.40	5.7997	0.80806	1.1083	622.10	-0.029549	4.8171e-05	0.068903	supercritical
830.36	454.00	185.00	0.0054053	563.11	808.51	5.8011	0.80824	1.1083	622.36	-0.029615	4.8201e-05	0.068953	supercritical
831.36	454.00	184.79	0.0054114	563.94	809.62	5.8024	0.80842	1.1084	622.63	-0.029680	4.8231e-05	0.069002	supercritical
832.36	454.00	184.59	0.0054176	564.77	810.72	5.8037	0.80860	1.1085	622.90	-0.029745	4.8260e-05	0.069051	supercritical
833.36	454.00	184.38	0.0054237	565.60	811.83	5.8051	0.80878	1.1086	623.16	-0.029810	4.8290e-05	0.069101	supercritical
834.36	454.00	184.17	0.0054298	566.43	812.94	5.8064	0.80896	1.1087	623.43	-0.029874	4.8320e-05	0.069150	supercritical
835.36	454.00	183.96	0.0054359	567.26	814.05	5.8077	0.80914	1.1087	623.70	-0.029939	4.8349e-05	0.069199	supercritical
836.36	454.00	183.76	0.0054420	568.09	815.16	5.8090	0.80932	1.1088	623.97	-0.030004	4.8379e-05	0.069249	supercritical
837.36	454.00	183.55	0.0054481	568.92	816.27	5.8104	0.80950	1.1089	624.23	-0.030068	4.8408e-05	0.069298	supercritical
838.36	454.00	183.34	0.0054542	569.76	817.38	5.8117	0.80968	1.1090	624.50	-0.030132	4.8438e-05	0.069348	supercritical
839.36	454.00	183.14	0.0054603	570.59	818.49	5.8130	0.80985	1.1091	624.77	-0.030196	4.8468e-05	0.069397	supercritical
840.36	454.00	182.93	0.0054664	571.42	819.60	5.8143	0.81003	1.1091	625.03	-0.030260	4.8497e-05	0.069446	supercritical
841.36	454.00	182.73	0.0054725	572.25	820.70	5.8157	0.81021	1.1092	625.30	-0.030324	4.8527e-05	0.069496	supercritical
842.36	454.00	182.53	0.0054786	573.08	821.81	5.8170	0.81039	1.1093	625.56	-0.030387	4.8557e-05	0.069545	supercritical
843.36	454.00	182.32	0.0054847	573.92	822.92	5.8183	0.81057	1.1094	625.83	-0.030451	4.8586e-05	0.069594	supercritical
844.36	454.00	182.12	0.0054908	574.75	824.03	5.8196	0.81074	1.1095	626.10	-0.030514	4.8616e-05	0.069644	supercritical
845.36	454.00	181.92	0.0054969	575.58	825.14	5.8209	0.81092	1.1095	626.36	-0.030577	4.8645e-05	0.069693	supercritical
846.36	454.00	181.72	0.0055030	576.41	826.25	5.8222	0.81110	1.1096	626.63	-0.030640	4.8675e-05	0.069743	supercritical
847.36	454.00	181.52	0.0055091	577.25	827.36	5.8235	0.81127	1.1097	626.89	-0.030703	4.8704e-05	0.069792	supercritical
848.36	454.00	181.32	0.0055152	578.08	828.47	5.8248	0.81145	1.1098	627.16	-0.030766	4.8734e-05	0.069842	supercritical
849.36	454.00	181.12	0.0055213	578.91	829.58	5.8262	0.81162	1.1099	627.42	-0.030829	4.8764e-05	0.069891	supercritical
850.36	454.00	180.92	0.0055274	579.74	830.69	5.8275	0.81180	1.1099	627.69	-0.030891	4.8793e-05	0.069941	supercritical
851.36	454.00	180.72	0.0055335	580.58	831.80	5.8288	0.81197	1.1100	627.95	-0.030953	4.8823e-05	0.069990	supercritical
852.36	454.00	180.52	0.0055396	581.41	832.91	5.8301	0.81215	1.1101	628.22	-0.031015	4.8852e-05	0.070039	supercritical
853.36	454.00	180.32	0.0055457	582.24	834.02	5.8314	0.81232	1.1102	628.48	-0.031078	4.8882e-05	0.070089	supercritical
854.36	454.00	180.12	0.0055518	583.08	835.13	5.8327	0.81250	1.1103	628.75	-0.031139	4.8911e-05	0.070138	supercritical
855.36	454.00	179.92	0.0055579	583.91	836.24	5.8340	0.81267	1.1103	629.01	-0.031201	4.8941e-05	0.070188	supercritical
856.36	454.00	179.73	0.0055640	584.75	837.35	5.8353	0.81284	1.1104	629.28	-0.031263	4.8970e-05	0.070237	supercritical
857.36	454.00	179.53	0.0055701	585.58	838.46	5.8366	0.81302	1.1105	629.54	-0.031324	4.9000e-05	0.070287	supercritical
858.36	454.00	179.33	0.0055762	586.41	839.57	5.8379	0.81319	1.1106	629.81	-0.031386	4.9030e-05	0.070336	supercritical
859.36	454.00	179.14	0.0055823	587.25	840.68	5.8392	0.81336	1.1107	630.07	-0.031447	4.9059e-05	0.070386	supercritical
860.36	454.00	178.94	0.0055884	588.08	841.79	5.8404	0.81353	1.1107	630.34	-0.031508	4.9089e-05	0.070435	supercritical
861.36	454.00	178.75	0.0055945	588.92	842.90	5.8417	0.81370	1.1108	630.60	-0.031569	4.9118e-05	0.070485	supercritical
862.36	454.00	178.55	0.0056005	589.75	844.02	5.8430	0.81388	1.1109	630.87	-0.031630	4.9148e-05	0.070534	supercritical
863.36	454.00	178.36	0.0056066	590.59	845.13	5.8443	0.81405	1.1110	631.13	-0.031690	4.9177e-05	0.070584	supercritical
864.36	454.00	178.17	0.0056127	591.42	846.24	5.8456	0.81422	1.1111	631.39	-0.031751	4.9207e-05	0.070634	supercritical
865.36	454.00	177.97	0.0056188	592.25	847.35	5.8469	0.81439	1.1111	631.66	-0.031811	4.9236e-05	0.070683	supercritical
866.36	454.00	177.78	0.0056249	593.09	848.46	5.8482	0.81456	1.1112	631.92	-0.031871	4.9266e-05	0.070733	supercritical
867.36	454.00	177.59	0.0056310	593.92	849.57	5.8494	0.81473	1.1113	632.18	-0.031931	4.9295e-05	0.070782	supercritical
868.36	454.00	177.40	0.0056370	594.76	850.68	5.8507	0.81490	1.1114	632.45	-0.031991	4.9325e-05	0.070832	supercritical
869.36	454.00	177.21	0.0056431	595.60	851.79	5.8520	0.81507	1.1115	632.71	-0.032051	4.9354e-05	0.070881	supercritical
870.36	454.00	177.02	0.0056492	596.43	852.91	5.8533	0.81524	1.1115	632.97	-0.032111	4.9384e-05	0.070931	supercritical
871.36	454.00	176.83	0.0056553	597.27	854.02	5.8546	0.81541	1.1116	633.24	-0.032171	4.9413e-05	0.070981	supercritical
872.36	454.00	176.64	0.0056614	598.10	855.13	5.8558	0.81558	1.1117	633.50	-0.032230	4.9443e-05	0.071030	supercritical
873.36	454.00	176.45	0.0056675	598.94	856.24	5.8571	0.81574	1.1118	633.76	-0.032289	4.9472e-05	0.071080	supercritical
874.36	454.00	176.26	0.0056735	599.77	857.35	5.8584	0.81591	1.1119	634.03	-0.032349	4.9501e-05	0.071129	supercritical
875.36	454.00	176.07	0.0056796	600.61	858.46	5.8597	0.81608	1.1119	634.29	-0.032408	4.9531e-05	0.071179	supercritical
876.36	454.00	175.88	0.0056857	601.45	859.58	5.8609	0.81625	1.1120	634.55	-0.032467	4.9560e-05	0.071229	supercritical
877.36	454.00	175.69	0.0056918	602.28	860.69	5.8622	0.81641	1.1121	634.81	-0.032525	4.9590e-05	0.071278	supercritical
878.36	454.00	175.51	0.0056978	603.12	861.80	5.8635	0.81658	1.1122	635.08	-0.032584	4.9619e-05	0.071328	supercritical
879.36	454.00	175.32	0.0057039	603.95	862.91	5.8647	0.81675	1.1123	635.34	-0.032642	4.9649e-05	0.071377	supercritical
880.36	454.00	175.13	0.0057100	604.79	864.02	5.8660	0.81691	1.1124	635.60	-0.032701	4.9678e-05	0.071427	supercritical
881.36	454.00	174.95	0.0057161	605.63	865.14	5.8672	0.81708	1.1124	635.86	-0.032759	4.9708e-05	0.071477	supercritical
882.36	454.00	174.76	0.0057221	606.47	866.25	5.8685	0.81725	1.1125	636.13	-0.032817	4.9737e-05	0.071526	supercritical
883.36	454.00	174.58	0.0057282	607.30	867.36	5.8698	0.81741	1.1126	636.39	-0.032875	4.9766e-05	0.071576	supercritical
884.36	454.00	174.39	0.0057343	608.14	868.47	5.8710	0.81758	1.1127	636.65	-0.032933	4.9796e-05	0.071626	supercritical
885.36	454.00	174.21	0.0057403	608.98	869.59	5.8723	0.81774	1.1128	636.91	-0.032991	4.9825e-05	0.071675	supercritical
886.36	454.00	174.02	0.0057464	609.81	870.70	5.8735	0.81790	1.1128	637.17	-0.033049	4.9855e-05	0.071725	supercritical
887.36	454.00	173.84	0.0057525	610.65	871.81	5.8748	0.81807	1.1129	637.43	-0.033106	4.9884e-05	0.071775	supercritical
888.36	454.00	173.66	0.0057585	611.49	872.93	5.8761	0.81823	1.1130	637.70	-0.033163	4.9913e-05	0.071824	supercritical
889.36	454.00	173.47	0.0057646	612.33	874.04	5.8773	0.81840	1.1131	637.96	-0.033221	4.9943e-05	0.071874	supercritical
890.36	454.00	173.29	0.0057707	613.16	875.15	5.8786	0.81856	1.1132	638.22	-0.033278	4.9972e-05	0.071924	supercritical
891.36	454.00	173.11	0.0057767	614.00	876.27	5.8798	0.81872	1.1132	638.48	-0.033335	5.0002e-05	0.071973	supercritical
892.36	454.00	172.93	0.0057828	614.84	877.38	5.8811	0.81889	1.1133	638.74	-0.033392	5.0031e-05	0.072023	supercritical
893.36	454.00	172.75	0.0057889	615.68	878.49	5.8823	0.81905	1.1134	639.00	-0.033449	5.0060e-05	0.072073	supercritical
894.36	454.00	172.56	0.0057949	616.52	879.61	5.8835	0.81921	1.1135	639.26	-0.033505	5.0090e-05	0.072122	supercritical
895.36	454.00	172.38	0.0058010	617.35	880.72	5.8848	0.81937	1.1136	639.52	-0.033562	5.0119e-05	0.072172	supercritical
896.36	454.00	172.20	0.0058070	618.19	881.83	5.8860	0.81953	1.1136	639.78	-0.033618	5.0148e-05	0.072222	supercritical
897.36	454.00	172.03	0.0058131	619.03	882.95	5.8873	0.81970	1.1137	640.04	-0.033674	5.0178e-05	0.072271	supercritical
898.36	454.00	171.85	0.0058192	619.87	884.06	5.8885	0.81986	1.1138	640.30	-0.033730	5.0207e-05	0.072321	supercritical
899.36	454.00	171.67	0.0058252	620.71	885.17	5.8898	0.82002	1.1139	640.56	-0.033786	5.0236e-05	0.072371	supercritical
900.36	454.00	171.49	0.0058313	621.55	886.29	5.8910	0.82018	1.1140	640.82	-0.033842	5.0266e-05	0.072421	supercritical
901.36	454.00	171.31	0.0058373	622.39	887.40	5.8922	0.82034	1.1141	641.08	-0.033898	5.0295e-05	0.072470	supercritical
902.36	454.00	171.13	0.0058434	623.23	888.52	5.8935	0.82050	1.1141	641.34	-0.033954	5.0324e-05	0.072520	supercritical
903.36	454.00	170.96	0.0058495	624.06	889.63	5.8947	0.82066	1.1142	641.60	-0.034009	5.0354e-05	0.072570	supercritical
904.36	454.00	170.78	0.0058555	624.90	890.74	5.8959	0.82082	1.1143	641.86	-0.034065	5.0383e-05	0.072620	supercritical
905.36	454.00	170.60	0.0058616	625.74	891.86	5.8972	0.82098	1.1144	642.12	-0.034120	5.0412e-05	0.072669	supercritical
906.36	454.00	170.43	0.0058676	626.58	892.97	5.8984	0.82114	1.1145	642.38	-0.034175	5.0442e-05	0.072719	supercritical
907.36	454.00	170.25	0.0058737	627.42	894.09	5.8996	0.82129	1.1145	642.64	-0.034230	5.0471e-05	0.072769	supercritical
908.36	454.00	170.08	0.0058797	628.26	895.20	5.9008	0.82145	1.1146	642.90	-0.034285	5.0500e-05	0.072818	supercritical
909.36	454.00	169.90	0.0058858	629.10	896.32	5.9021	0.82161	1.1147	643.16	-0.034340	5.0529e-05	0.072868	supercritical
910.36	454.00	169.73	0.0058918	629.94	897.43	5.9033	0.82177	1.1148	643.42	-0.034395	5.0559e-05	0.072918	supercritical
911.36	454.00	169.55	0.0058979	630.78	898.55	5.9045	0.82193	1.1149	643.68	-0.034449	5.0588e-05	0.072968	supercritical
912.36	454.00	169.38	0.0059039	631.62	899.66	5.9057	0.82208	1.1149	643.94	-0.034504	5.0617e-05	0.073017	supercritical
913.36	454.00	169.21	0.0059100	632.46	900.78	5.9070	0.82224	1.1150	644.20	-0.034558	5.0646e-05	0.073067	supercritical
914.36	454.00	169.03	0.0059160	633.30	901.89	5.9082	0.82240	1.1151	644.46	-0.034612	5.0676e-05	0.073117	supercritical
915.36	454.00	168.86	0.0059221	634.14	903.01	5.9094	0.82255	1.1152	644.72	-0.034666	5.0705e-05	0.073167	supercritical
916.36	454.00	168.69	0.0059281	634.99	904.12	5.9106	0.82271	1.1153	644.97	-0.034720	5.0734e-05	0.073217	supercritical
917.36	454.00	168.52	0.0059342	635.83	905.24	5.9118	0.82287	1.1153	645.23	-0.034774	5.0763e-05	0.073266	supercritical
918.36	454.00	168.34	0.0059402	636.67	906.35	5.9131	0.82302	1.1154	645.49	-0.034828	5.0793e-05	0.073316	supercritical
919.36	454.00	168.17	0.0059463	637.51	907.47	5.9143	0.82318	1.1155	645.75	-0.034882	5.0822e-05	0.073366	supercritical
920.36	454.00	168.00	0.0059523	638.35	908.58	5.9155	0.82333	1.1156	646.01	-0.034935	5.0851e-05	0.073416	supercritical
921.36	454.00	167.83	0.0059583	639.19	909.70	5.9167	0.82349	1.1157	646.26	-0.034989	5.0880e-05	0.073465	supercritical
922.36	454.00	167.66	0.0059644	640.03	910.81	5.9179	0.82364	1.1158	646.52	-0.035042	5.0909e-05	0.073515	supercritical
923.36	454.00	167.49	0.0059704	640.87	911.93	5.9191	0.82380	1.1158	646.78	-0.035095	5.0939e-05	0.073565	supercritical
924.36	454.00	167.32	0.0059765	641.71	913.05	5.9203	0.82395	1.1159	647.04	-0.035148	5.0968e-05	0.073615	supercritical
925.36	454.00	167.15	0.0059825	642.56	914.16	5.9215	0.82410	1.1160	647.30	-0.035201	5.0997e-05	0.073665	supercritical
926.36	454.00	166.99	0.0059886	643.40	915.28	5.9227	0.82426	1.1161	647.55	-0.035254	5.1026e-05	0.073714	supercritical
927.36	454.00	166.82	0.0059946	644.24	916.39	5.9239	0.82441	1.1162	647.81	-0.035307	5.1055e-05	0.073764	supercritical
928.36	454.00	166.65	0.0060006	645.08	917.51	5.9251	0.82456	1.1162	648.07	-0.035359	5.1085e-05	0.073814	supercritical
929.36	454.00	166.48	0.0060067	645.92	918.63	5.9263	0.82472	1.1163	648.33	-0.035412	5.1114e-05	0.073864	supercritical
930.36	454.00	166.31	0.0060127	646.77	919.74	5.9275	0.82487	1.1164	648.58	-0.035464	5.1143e-05	0.073914	supercritical
931.36	454.00	166.15	0.0060187	647.61	920.86	5.9287	0.82502	1.1165	648.84	-0.035517	5.1172e-05	0.073963	supercritical
932.36	454.00	165.98	0.0060248	648.45	921.98	5.9299	0.82517	1.1166	649.10	-0.035569	5.1201e-05	0.074013	supercritical
933.36	454.00	165.82	0.0060308	649.29	923.09	5.9311	0.82532	1.1166	649.35	-0.035621	5.1230e-05	0.074063	supercritical
934.36	454.00	165.65	0.0060368	650.14	924.21	5.9323	0.82548	1.1167	649.61	-0.035673	5.1260e-05	0.074113	supercritical
935.36	454.00	165.48	0.0060429	650.98	925.33	5.9335	0.82563	1.1168	649.87	-0.035725	5.1289e-05	0.074163	supercritical
936.36	454.00	165.32	0.0060489	651.82	926.44	5.9347	0.82578	1.1169	650.12	-0.035776	5.1318e-05	0.074212	supercritical
937.36	454.00	165.15	0.0060550	652.67	927.56	5.9359	0.82593	1.1170	650.38	-0.035828	5.1347e-05	0.074262	supercritical
938.36	454.00	164.99	0.0060610	653.51	928.68	5.9371	0.82608	1.1170	650.64	-0.035880	5.1376e-05	0.074312	supercritical
939.36	454.00	164.83	0.0060670	654.35	929.79	5.9383	0.82623	1.1171	650.89	-0.035931	5.1405e-05	0.074362	supercritical
940.36	454.00	164.66	0.0060730	655.20	930.91	5.9395	0.82638	1.1172	651.15	-0.035982	5.1434e-05	0.074412	supercritical
941.36	454.00	164.50	0.0060791	656.04	932.03	5.9407	0.82653	1.1173	651.41	-0.036033	5.1463e-05	0.074462	supercritical
942.36	454.00	164.34	0.0060851	656.88	933.15	5.9419	0.82668	1.1174	651.66	-0.036085	5.1492e-05	0.074511	supercritical
943.36	454.00	164.17	0.0060911	657.73	934.26	5.9430	0.82683	1.1174	651.92	-0.036136	5.1522e-05	0.074561	supercritical
944.36	454.00	164.01	0.0060972	658.57	935.38	5.9442	0.82697	1.1175	652.17	-0.036186	5.1551e-05	0.074611	supercritical
945.36	454.00	163.85	0.0061032	659.41	936.50	5.9454	0.82712	1.1176	652.43	-0.036237	5.1580e-05	0.074661	supercritical
946.36	454.00	163.69	0.0061092	660.26	937.62	5.9466	0.82727	1.1177	652.68	-0.036288	5.1609e-05	0.074711	supercritical
947.36	454.00	163.53	0.0061152	661.10	938.73	5.9478	0.82742	1.1178	652.94	-0.036338	5.1638e-05	0.074761	supercritical
948.36	454.00	163.36	0.0061213	661.95	939.85	5.9490	0.82757	1.1178	653.20	-0.036389	5.1667e-05	0.074810	supercritical
949.36	454.00	163.20	0.0061273	662.79	940.97	5.9501	0.82772	1.1179	653.45	-0.036439	5.1696e-05	0.074860	supercritical
950.36	454.00	163.04	0.0061333	663.63	942.09	5.9513	0.82786	1.1180	653.71	-0.036489	5.1725e-05	0.074910	supercritical
951.36	454.00	162.88	0.0061393	664.48	943.21	5.9525	0.82801	1.1181	653.96	-0.036540	5.1754e-05	0.074960	supercritical
952.36	454.00	162.72	0.0061454	665.32	944.32	5.9537	0.82816	1.1182	654.22	-0.036590	5.1783e-05	0.075010	supercritical
953.36	454.00	162.56	0.0061514	666.17	945.44	5.9548	0.82830	1.1182	654.47	-0.036640	5.1812e-05	0.075060	supercritical
954.36	454.00	162.41	0.0061574	667.01	946.56	5.9560	0.82845	1.1183	654.73	-0.036689	5.1841e-05	0.075109	supercritical
955.36	454.00	162.25	0.0061634	667.86	947.68	5.9572	0.82859	1.1184	654.98	-0.036739	5.1870e-05	0.075159	supercritical
956.36	454.00	162.09	0.0061695	668.70	948.80	5.9583	0.82874	1.1185	655.23	-0.036789	5.1899e-05	0.075209	supercritical
957.36	454.00	161.93	0.0061755	669.55	949.92	5.9595	0.82889	1.1186	655.49	-0.036838	5.1928e-05	0.075259	supercritical
958.36	454.00	161.77	0.0061815	670.39	951.03	5.9607	0.82903	1.1186	655.74	-0.036888	5.1957e-05	0.075309	supercritical
959.36	454.00	161.62	0.0061875	671.24	952.15	5.9618	0.82918	1.1187	656.00	-0.036937	5.1986e-05	0.075359	supercritical
960.36	454.00	161.46	0.0061935	672.09	953.27	5.9630	0.82932	1.1188	656.25	-0.036986	5.2015e-05	0.075409	supercritical
961.36	454.00	161.30	0.0061996	672.93	954.39	5.9642	0.82947	1.1189	656.51	-0.037035	5.2044e-05	0.075458	supercritical
962.36	454.00	161.15	0.0062056	673.78	955.51	5.9653	0.82961	1.1190	656.76	-0.037084	5.2073e-05	0.075508	supercritical
963.36	454.00	160.99	0.0062116	674.62	956.63	5.9665	0.82975	1.1190	657.01	-0.037133	5.2102e-05	0.075558	supercritical
964.36	454.00	160.83	0.0062176	675.47	957.75	5.9677	0.82990	1.1191	657.27	-0.037182	5.2131e-05	0.075608	supercritical
965.36	454.00	160.68	0.0062236	676.31	958.87	5.9688	0.83004	1.1192	657.52	-0.037231	5.2160e-05	0.075658	supercritical
966.36	454.00	160.52	0.0062296	677.16	959.99	5.9700	0.83018	1.1193	657.78	-0.037279	5.2189e-05	0.075708	supercritical
967.36	454.00	160.37	0.0062356	678.01	961.10	5.9711	0.83033	1.1194	658.03	-0.037328	5.2218e-05	0.075758	supercritical
968.36	454.00	160.21	0.0062417	678.85	962.22	5.9723	0.83047	1.1194	658.28	-0.037376	5.2247e-05	0.075807	supercritical
969.36	454.00	160.06	0.0062477	679.70	963.34	5.9735	0.83061	1.1195	658.54	-0.037424	5.2276e-05	0.075857	supercritical
970.36	454.00	159.91	0.0062537	680.55	964.46	5.9746	0.83076	1.1196	658.79	-0.037473	5.2305e-05	0.075907	supercritical
971.36	454.00	159.75	0.0062597	681.39	965.58	5.9758	0.83090	1.1197	659.04	-0.037521	5.2334e-05	0.075957	supercritical
972.36	454.00	159.60	0.0062657	682.24	966.70	5.9769	0.83104	1.1198	659.30	-0.037569	5.2363e-05	0.076007	supercritical
973.36	454.00	159.45	0.0062717	683.09	967.82	5.9781	0.83118	1.1198	659.55	-0.037617	5.2391e-05	0.076057	supercritical
974.36	454.00	159.29	0.0062777	683.93	968.94	5.9792	0.83132	1.1199	659.80	-0.037664	5.2420e-05	0.076107	supercritical
975.36	454.00	159.14	0.0062837	684.78	970.06	5.9804	0.83146	1.1200	660.05	-0.037712	5.2449e-05	0.076156	supercritical
976.36	454.00	158.99	0.0062898	685.63	971.18	5.9815	0.83160	1.1201	660.31	-0.037760	5.2478e-05	0.076206	supercritical
977.36	454.00	158.84	0.0062958	686.48	972.30	5.9827	0.83175	1.1201	660.56	-0.037807	5.2507e-05	0.076256	supercritical
978.36	454.00	158.69	0.0063018	687.32	973.42	5.9838	0.83189	1.1202	660.81	-0.037855	5.2536e-05	0.076306	supercritical
979.36	454.00	158.53	0.0063078	688.17	974.54	5.9849	0.83203	1.1203	661.06	-0.037902	5.2565e-05	0.076356	supercritical
980.36	454.00	158.38	0.0063138	689.02	975.66	5.9861	0.83217	1.1204	661.32	-0.037949	5.2594e-05	0.076406	supercritical
981.36	454.00	158.23	0.0063198	689.87	976.78	5.9872	0.83231	1.1205	661.57	-0.037996	5.2623e-05	0.076456	supercritical
982.36	454.00	158.08	0.0063258	690.71	977.90	5.9884	0.83245	1.1205	661.82	-0.038043	5.2651e-05	0.076506	supercritical
983.36	454.00	157.93	0.0063318	691.56	979.02	5.9895	0.83258	1.1206	662.07	-0.038090	5.2680e-05	0.076555	supercritical
984.36	454.00	157.78	0.0063378	692.41	980.15	5.9907	0.83272	1.1207	662.32	-0.038137	5.2709e-05	0.076605	supercritical
985.36	454.00	157.63	0.0063438	693.26	981.27	5.9918	0.83286	1.1208	662.58	-0.038184	5.2738e-05	0.076655	supercritical
986.36	454.00	157.49	0.0063498	694.11	982.39	5.9929	0.83300	1.1209	662.83	-0.038231	5.2767e-05	0.076705	supercritical
987.36	454.00	157.34	0.0063558	694.95	983.51	5.9941	0.83314	1.1209	663.08	-0.038277	5.2796e-05	0.076755	supercritical
988.36	454.00	157.19	0.0063618	695.80	984.63	5.9952	0.83328	1.1210	663.33	-0.038324	5.2824e-05	0.076805	supercritical
989.36	454.00	157.04	0.0063678	696.65	985.75	5.9963	0.83342	1.1211	663.58	-0.038370	5.2853e-05	0.076855	supercritical
990.36	454.00	156.89	0.0063738	697.50	986.87	5.9975	0.83355	1.1212	663.83	-0.038416	5.2882e-05	0.076905	supercritical
991.36	454.00	156.74	0.0063798	698.35	987.99	5.9986	0.83369	1.1212	664.08	-0.038462	5.2911e-05	0.076954	supercritical
992.36	454.00	156.60	0.0063858	699.20	989.11	5.9997	0.83383	1.1213	664.34	-0.038508	5.2940e-05	0.077004	supercritical
993.36	454.00	156.45	0.0063918	700.05	990.23	6.0009	0.83396	1.1214	664.59	-0.038554	5.2968e-05	0.077054	supercritical
994.36	454.00	156.30	0.0063978	700.90	991.36	6.0020	0.83410	1.1215	664.84	-0.038600	5.2997e-05	0.077104	supercritical
995.36	454.00	156.16	0.0064038	701.74	992.48	6.0031	0.83424	1.1216	665.09	-0.038646	5.3026e-05	0.077154	supercritical
996.36	454.00	156.01	0.0064098	702.59	993.60	6.0042	0.83437	1.1216	665.34	-0.038692	5.3055e-05	0.077204	supercritical
997.36	454.00	155.86	0.0064158	703.44	994.72	6.0054	0.83451	1.1217	665.59	-0.038737	5.3083e-05	0.077254	supercritical
998.36	454.00	155.72	0.0064218	704.29	995.84	6.0065	0.83465	1.1218	665.84	-0.038783	5.3112e-05	0.077303	supercritical
999.36	454.00	155.57	0.0064278	705.14	996.96	6.0076	0.83478	1.1219	666.09	-0.038828	5.3141e-05	0.077353	supercritical
1000.4	454.00	155.43	0.0064338	705.99	998.09	6.0087	0.83492	1.1220	666.34	-0.038874	5.3170e-05	0.077403	supercritical
1001.4	454.00	155.28	0.0064398	706.84	999.21	6.0099	0.83505	1.1220	666.59	-0.038919	5.3198e-05	0.077453	supercritical
1002.4	454.00	155.14	0.0064458	707.69	1000.3	6.0110	0.83519	1.1221	666.84	-0.038964	5.3227e-05	0.077503	supercritical
1003.4	454.00	155.00	0.0064518	708.54	1001.5	6.0121	0.83532	1.1222	667.09	-0.039009	5.3256e-05	0.077553	supercritical
1004.4	454.00	154.85	0.0064578	709.39	1002.6	6.0132	0.83546	1.1223	667.34	-0.039054	5.3285e-05	0.077603	supercritical
1005.4	454.00	154.71	0.0064638	710.24	1003.7	6.0143	0.83559	1.1223	667.59	-0.039099	5.3313e-05	0.077653	supercritical
1006.4	454.00	154.57	0.0064698	711.09	1004.8	6.0154	0.83572	1.1224	667.84	-0.039144	5.3342e-05	0.077702	supercritical
1007.4	454.00	154.42	0.0064758	711.94	1005.9	6.0166	0.83586	1.1225	668.09	-0.039189	5.3371e-05	0.077752	supercritical
1008.4	454.00	154.28	0.0064817	712.79	1007.1	6.0177	0.83599	1.1226	668.34	-0.039233	5.3399e-05	0.077802	supercritical
1009.4	454.00	154.14	0.0064877	713.64	1008.2	6.0188	0.83613	1.1227	668.59	-0.039278	5.3428e-05	0.077852	supercritical
1010.4	454.00	153.99	0.0064937	714.49	1009.3	6.0199	0.83626	1.1227	668.84	-0.039322	5.3457e-05	0.077902	supercritical
1011.4	454.00	153.85	0.0064997	715.35	1010.4	6.0210	0.83639	1.1228	669.09	-0.039367	5.3486e-05	0.077952	supercritical
1012.4	454.00	153.71	0.0065057	716.20	1011.6	6.0221	0.83652	1.1229	669.34	-0.039411	5.3514e-05	0.078002	supercritical
1013.4	454.00	153.57	0.0065117	717.05	1012.7	6.0232	0.83666	1.1230	669.59	-0.039455	5.3543e-05	0.078052	supercritical
1014.4	454.00	153.43	0.0065177	717.90	1013.8	6.0243	0.83679	1.1230	669.84	-0.039499	5.3572e-05	0.078101	supercritical
1015.4	454.00	153.29	0.0065237	718.75	1014.9	6.0254	0.83692	1.1231	670.09	-0.039543	5.3600e-05	0.078151	supercritical
1016.4	454.00	153.15	0.0065297	719.60	1016.0	6.0265	0.83705	1.1232	670.33	-0.039587	5.3629e-05	0.078201	supercritical
1017.4	454.00	153.01	0.0065356	720.45	1017.2	6.0276	0.83719	1.1233	670.58	-0.039631	5.3657e-05	0.078251	supercritical
1018.4	454.00	152.87	0.0065416	721.30	1018.3	6.0288	0.83732	1.1233	670.83	-0.039675	5.3686e-05	0.078301	supercritical
1019.4	454.00	152.73	0.0065476	722.16	1019.4	6.0299	0.83745	1.1234	671.08	-0.039718	5.3715e-05	0.078351	supercritical
1020.4	454.00	152.59	0.0065536	723.01	1020.5	6.0310	0.83758	1.1235	671.33	-0.039762	5.3743e-05	0.078401	supercritical
1021.4	454.00	152.45	0.0065596	723.86	1021.7	6.0321	0.83771	1.1236	671.58	-0.039805	5.3772e-05	0.078450	supercritical
1022.4	454.00	152.31	0.0065656	724.71	1022.8	6.0332	0.83784	1.1237	671.83	-0.039849	5.3801e-05	0.078500	supercritical
1023.4	454.00	152.17	0.0065716	725.56	1023.9	6.0343	0.83797	1.1237	672.07	-0.039892	5.3829e-05	0.078550	supercritical
1024.4	454.00	152.03	0.0065775	726.42	1025.0	6.0354	0.83810	1.1238	672.32	-0.039935	5.3858e-05	0.078600	supercritical
1025.4	454.00	151.89	0.0065835	727.27	1026.2	6.0365	0.83823	1.1239	672.57	-0.039978	5.3886e-05	0.078650	supercritical
1026.4	454.00	151.76	0.0065895	728.12	1027.3	6.0375	0.83836	1.1240	672.82	-0.040021	5.3915e-05	0.078700	supercritical
1027.4	454.00	151.62	0.0065955	728.97	1028.4	6.0386	0.83849	1.1240	673.07	-0.040064	5.3944e-05	0.078750	supercritical
1028.4	454.00	151.48	0.0066015	729.83	1029.5	6.0397	0.83862	1.1241	673.31	-0.040107	5.3972e-05	0.078800	supercritical
1029.4	454.00	151.34	0.0066074	730.68	1030.7	6.0408	0.83875	1.1242	673.56	-0.040150	5.4001e-05	0.078849	supercritical
1030.4	454.00	151.21	0.0066134	731.53	1031.8	6.0419	0.83888	1.1243	673.81	-0.040193	5.4029e-05	0.078899	supercritical
1031.4	454.00	151.07	0.0066194	732.38	1032.9	6.0430	0.83901	1.1243	674.06	-0.040235	5.4058e-05	0.078949	supercritical
1032.4	454.00	150.93	0.0066254	733.24	1034.0	6.0441	0.83913	1.1244	674.30	-0.040278	5.4086e-05	0.078999	supercritical
1033.4	454.00	150.80	0.0066314	734.09	1035.2	6.0452	0.83926	1.1245	674.55	-0.040320	5.4115e-05	0.079049	supercritical
1034.4	454.00	150.66	0.0066373	734.94	1036.3	6.0463	0.83939	1.1246	674.80	-0.040363	5.4143e-05	0.079099	supercritical
1035.4	454.00	150.53	0.0066433	735.80	1037.4	6.0474	0.83952	1.1247	675.05	-0.040405	5.4172e-05	0.079149	supercritical
1036.4	454.00	150.39	0.0066493	736.65	1038.5	6.0484	0.83965	1.1247	675.29	-0.040447	5.4201e-05	0.079198	supercritical
1037.4	454.00	150.26	0.0066553	737.50	1039.7	6.0495	0.83977	1.1248	675.54	-0.040489	5.4229e-05	0.079248	supercritical
1038.4	454.00	150.12	0.0066613	738.36	1040.8	6.0506	0.83990	1.1249	675.79	-0.040531	5.4258e-05	0.079298	supercritical
1039.4	454.00	149.99	0.0066672	739.21	1041.9	6.0517	0.84003	1.1250	676.03	-0.040573	5.4286e-05	0.079348	supercritical
1040.4	454.00	149.85	0.0066732	740.06	1043.0	6.0528	0.84016	1.1250	676.28	-0.040615	5.4315e-05	0.079398	supercritical
1041.4	454.00	149.72	0.0066792	740.92	1044.2	6.0539	0.84028	1.1251	676.53	-0.040657	5.4343e-05	0.079448	supercritical
1042.4	454.00	149.59	0.0066852	741.77	1045.3	6.0549	0.84041	1.1252	676.77	-0.040699	5.4372e-05	0.079497	supercritical
1043.4	454.00	149.45	0.0066911	742.62	1046.4	6.0560	0.84054	1.1253	677.02	-0.040740	5.4400e-05	0.079547	supercritical
1044.4	454.00	149.32	0.0066971	743.48	1047.5	6.0571	0.84066	1.1253	677.26	-0.040782	5.4428e-05	0.079597	supercritical
1045.4	454.00	149.19	0.0067031	744.33	1048.7	6.0582	0.84079	1.1254	677.51	-0.040823	5.4457e-05	0.079647	supercritical
1046.4	454.00	149.05	0.0067090	745.19	1049.8	6.0593	0.84091	1.1255	677.76	-0.040865	5.4485e-05	0.079697	supercritical
1047.4	454.00	148.92	0.0067150	746.04	1050.9	6.0603	0.84104	1.1256	678.00	-0.040906	5.4514e-05	0.079747	supercritical
1048.4	454.00	148.79	0.0067210	746.90	1052.0	6.0614	0.84116	1.1256	678.25	-0.040947	5.4542e-05	0.079797	supercritical
1049.4	454.00	148.66	0.0067270	747.75	1053.2	6.0625	0.84129	1.1257	678.49	-0.040989	5.4571e-05	0.079846	supercritical
1050.4	454.00	148.52	0.0067329	748.61	1054.3	6.0635	0.84141	1.1258	678.74	-0.041030	5.4599e-05	0.079896	supercritical
1051.4	454.00	148.39	0.0067389	749.46	1055.4	6.0646	0.84154	1.1259	678.99	-0.041071	5.4628e-05	0.079946	supercritical
1052.4	454.00	148.26	0.0067449	750.32	1056.5	6.0657	0.84166	1.1259	679.23	-0.041112	5.4656e-05	0.079996	supercritical
1053.4	454.00	148.13	0.0067508	751.17	1057.7	6.0668	0.84179	1.1260	679.48	-0.041152	5.4684e-05	0.080046	supercritical
1054.4	454.00	148.00	0.0067568	752.03	1058.8	6.0678	0.84191	1.1261	679.72	-0.041193	5.4713e-05	0.080096	supercritical
1055.4	454.00	147.87	0.0067628	752.88	1059.9	6.0689	0.84204	1.1262	679.97	-0.041234	5.4741e-05	0.080145	supercritical
1056.4	454.00	147.74	0.0067687	753.74	1061.0	6.0700	0.84216	1.1262	680.21	-0.041274	5.4770e-05	0.080195	supercritical
1057.4	454.00	147.61	0.0067747	754.59	1062.2	6.0710	0.84228	1.1263	680.46	-0.041315	5.4798e-05	0.080245	supercritical
1058.4	454.00	147.48	0.0067807	755.45	1063.3	6.0721	0.84241	1.1264	680.70	-0.041355	5.4826e-05	0.080295	supercritical
1059.4	454.00	147.35	0.0067866	756.30	1064.4	6.0732	0.84253	1.1265	680.95	-0.041396	5.4855e-05	0.080345	supercritical
1060.4	454.00	147.22	0.0067926	757.16	1065.5	6.0742	0.84265	1.1265	681.19	-0.041436	5.4883e-05	0.080395	supercritical
1061.4	454.00	147.09	0.0067986	758.01	1066.7	6.0753	0.84277	1.1266	681.44	-0.041476	5.4912e-05	0.080444	supercritical
1062.4	454.00	146.96	0.0068045	758.87	1067.8	6.0763	0.84290	1.1267	681.68	-0.041516	5.4940e-05	0.080494	supercritical
1063.4	454.00	146.83	0.0068105	759.73	1068.9	6.0774	0.84302	1.1268	681.93	-0.041556	5.4968e-05	0.080544	supercritical
1064.4	454.00	146.70	0.0068165	760.58	1070.0	6.0785	0.84314	1.1268	682.17	-0.041596	5.4997e-05	0.080594	supercritical
1065.4	454.00	146.58	0.0068224	761.44	1071.2	6.0795	0.84326	1.1269	682.42	-0.041636	5.5025e-05	0.080644	supercritical
1066.4	454.00	146.45	0.0068284	762.29	1072.3	6.0806	0.84339	1.1270	682.66	-0.041676	5.5053e-05	0.080693	supercritical
1067.4	454.00	146.32	0.0068344	763.15	1073.4	6.0816	0.84351	1.1271	682.90	-0.041716	5.5082e-05	0.080743	supercritical
1068.4	454.00	146.19	0.0068403	764.01	1074.6	6.0827	0.84363	1.1271	683.15	-0.041756	5.5110e-05	0.080793	supercritical
1069.4	454.00	146.06	0.0068463	764.86	1075.7	6.0837	0.84375	1.1272	683.39	-0.041795	5.5138e-05	0.080843	supercritical
1070.4	454.00	145.94	0.0068522	765.72	1076.8	6.0848	0.84387	1.1273	683.64	-0.041835	5.5167e-05	0.080893	supercritical
1071.4	454.00	145.81	0.0068582	766.58	1077.9	6.0858	0.84399	1.1274	683.88	-0.041874	5.5195e-05	0.080942	supercritical
1072.4	454.00	145.68	0.0068642	767.43	1079.1	6.0869	0.84411	1.1274	684.12	-0.041914	5.5223e-05	0.080992	supercritical
1073.4	454.00	145.56	0.0068701	768.29	1080.2	6.0880	0.84423	1.1275	684.37	-0.041953	5.5252e-05	0.081042	supercritical
1074.4	454.00	145.43	0.0068761	769.15	1081.3	6.0890	0.84435	1.1276	684.61	-0.041992	5.5280e-05	0.081092	supercritical
1075.4	454.00	145.31	0.0068820	770.00	1082.4	6.0900	0.84447	1.1277	684.85	-0.042031	5.5308e-05	0.081142	supercritical
1076.4	454.00	145.18	0.0068880	770.86	1083.6	6.0911	0.84459	1.1277	685.10	-0.042070	5.5336e-05	0.081192	supercritical
1077.4	454.00	145.05	0.0068940	771.72	1084.7	6.0921	0.84471	1.1278	685.34	-0.042109	5.5365e-05	0.081241	supercritical
1078.4	454.00	144.93	0.0068999	772.58	1085.8	6.0932	0.84483	1.1279	685.58	-0.042148	5.5393e-05	0.081291	supercritical
1079.4	454.00	144.80	0.0069059	773.43	1087.0	6.0942	0.84495	1.1280	685.83	-0.042187	5.5421e-05	0.081341	supercritical
1080.4	454.00	144.68	0.0069118	774.29	1088.1	6.0953	0.84507	1.1280	686.07	-0.042226	5.5449e-05	0.081391	supercritical
1081.4	454.00	144.55	0.0069178	775.15	1089.2	6.0963	0.84519	1.1281	686.31	-0.042265	5.5478e-05	0.081440	supercritical
1082.4	454.00	144.43	0.0069238	776.01	1090.3	6.0974	0.84531	1.1282	686.56	-0.042303	5.5506e-05	0.081490	supercritical
1083.4	454.00	144.31	0.0069297	776.86	1091.5	6.0984	0.84543	1.1283	686.80	-0.042342	5.5534e-05	0.081540	supercritical
1084.4	454.00	144.18	0.0069357	777.72	1092.6	6.0995	0.84555	1.1283	687.04	-0.042380	5.5562e-05	0.081590	supercritical
1085.4	454.00	144.06	0.0069416	778.58	1093.7	6.1005	0.84567	1.1284	687.28	-0.042419	5.5591e-05	0.081640	supercritical
1086.4	454.00	143.94	0.0069476	779.44	1094.9	6.1015	0.84578	1.1285	687.53	-0.042457	5.5619e-05	0.081689	supercritical
1087.4	454.00	143.81	0.0069535	780.30	1096.0	6.1026	0.84590	1.1285	687.77	-0.042495	5.5647e-05	0.081739	supercritical
1088.4	454.00	143.69	0.0069595	781.15	1097.1	6.1036	0.84602	1.1286	688.01	-0.042533	5.5675e-05	0.081789	supercritical
1089.4	454.00	143.57	0.0069654	782.01	1098.2	6.1046	0.84614	1.1287	688.25	-0.042572	5.5703e-05	0.081839	supercritical
1090.4	454.00	143.44	0.0069714	782.87	1099.4	6.1057	0.84626	1.1288	688.49	-0.042610	5.5732e-05	0.081889	supercritical
1091.4	454.00	143.32	0.0069773	783.73	1100.5	6.1067	0.84637	1.1288	688.74	-0.042648	5.5760e-05	0.081938	supercritical
1092.4	454.00	143.20	0.0069833	784.59	1101.6	6.1077	0.84649	1.1289	688.98	-0.042685	5.5788e-05	0.081988	supercritical
1093.4	454.00	143.08	0.0069892	785.45	1102.8	6.1088	0.84661	1.1290	689.22	-0.042723	5.5816e-05	0.082038	supercritical
1094.4	454.00	142.96	0.0069952	786.31	1103.9	6.1098	0.84672	1.1291	689.46	-0.042761	5.5844e-05	0.082088	supercritical
1095.4	454.00	142.83	0.0070011	787.16	1105.0	6.1108	0.84684	1.1291	689.70	-0.042799	5.5873e-05	0.082137	supercritical
1096.4	454.00	142.71	0.0070071	788.02	1106.1	6.1119	0.84696	1.1292	689.95	-0.042836	5.5901e-05	0.082187	supercritical
1097.4	454.00	142.59	0.0070130	788.88	1107.3	6.1129	0.84707	1.1293	690.19	-0.042874	5.5929e-05	0.082237	supercritical
1098.4	454.00	142.47	0.0070190	789.74	1108.4	6.1139	0.84719	1.1294	690.43	-0.042911	5.5957e-05	0.082287	supercritical
1099.4	454.00	142.35	0.0070249	790.60	1109.5	6.1150	0.84731	1.1294	690.67	-0.042949	5.5985e-05	0.082336	supercritical
1100.4	454.00	142.23	0.0070309	791.46	1110.7	6.1160	0.84742	1.1295	690.91	-0.042986	5.6013e-05	0.082386	supercritical
1101.4	454.00	142.11	0.0070368	792.32	1111.8	6.1170	0.84754	1.1296	691.15	-0.043023	5.6041e-05	0.082436	supercritical
1102.4	454.00	141.99	0.0070428	793.18	1112.9	6.1180	0.84765	1.1296	691.39	-0.043061	5.6069e-05	0.082486	supercritical
1103.4	454.00	141.87	0.0070487	794.04	1114.1	6.1191	0.84777	1.1297	691.63	-0.043098	5.6098e-05	0.082535	supercritical
1104.4	454.00	141.75	0.0070547	794.90	1115.2	6.1201	0.84788	1.1298	691.87	-0.043135	5.6126e-05	0.082585	supercritical
1105.4	454.00	141.63	0.0070606	795.76	1116.3	6.1211	0.84800	1.1299	692.12	-0.043172	5.6154e-05	0.082635	supercritical
1106.4	454.00	141.51	0.0070666	796.62	1117.4	6.1221	0.84811	1.1299	692.36	-0.043209	5.6182e-05	0.082685	supercritical
1107.4	454.00	141.39	0.0070725	797.48	1118.6	6.1232	0.84823	1.1300	692.60	-0.043246	5.6210e-05	0.082734	supercritical
1108.4	454.00	141.27	0.0070785	798.34	1119.7	6.1242	0.84834	1.1301	692.84	-0.043282	5.6238e-05	0.082784	supercritical
1109.4	454.00	141.16	0.0070844	799.20	1120.8	6.1252	0.84846	1.1302	693.08	-0.043319	5.6266e-05	0.082834	supercritical
1110.4	454.00	141.04	0.0070904	800.06	1122.0	6.1262	0.84857	1.1302	693.32	-0.043356	5.6294e-05	0.082884	supercritical
1111.4	454.00	140.92	0.0070963	800.92	1123.1	6.1272	0.84868	1.1303	693.56	-0.043392	5.6322e-05	0.082933	supercritical
1112.4	454.00	140.80	0.0071022	801.78	1124.2	6.1282	0.84880	1.1304	693.80	-0.043429	5.6350e-05	0.082983	supercritical
1113.4	454.00	140.68	0.0071082	802.64	1125.4	6.1293	0.84891	1.1304	694.04	-0.043465	5.6378e-05	0.083033	supercritical
1114.4	454.00	140.57	0.0071141	803.50	1126.5	6.1303	0.84902	1.1305	694.28	-0.043502	5.6406e-05	0.083083	supercritical
1115.4	454.00	140.45	0.0071201	804.36	1127.6	6.1313	0.84914	1.1306	694.52	-0.043538	5.6434e-05	0.083132	supercritical
1116.4	454.00	140.33	0.0071260	805.22	1128.7	6.1323	0.84925	1.1307	694.76	-0.043574	5.6463e-05	0.083182	supercritical
1117.4	454.00	140.21	0.0071320	806.08	1129.9	6.1333	0.84936	1.1307	695.00	-0.043610	5.6491e-05	0.083232	supercritical
1118.4	454.00	140.10	0.0071379	806.95	1131.0	6.1343	0.84948	1.1308	695.24	-0.043646	5.6519e-05	0.083282	supercritical
1119.4	454.00	139.98	0.0071438	807.81	1132.1	6.1353	0.84959	1.1309	695.48	-0.043682	5.6547e-05	0.083331	supercritical
1120.4	454.00	139.86	0.0071498	808.67	1133.3	6.1363	0.84970	1.1309	695.72	-0.043718	5.6575e-05	0.083381	supercritical
1121.4	454.00	139.75	0.0071557	809.53	1134.4	6.1374	0.84981	1.1310	695.96	-0.043754	5.6603e-05	0.083431	supercritical
1122.4	454.00	139.63	0.0071617	810.39	1135.5	6.1384	0.84993	1.1311	696.20	-0.043790	5.6631e-05	0.083480	supercritical
1123.4	454.00	139.52	0.0071676	811.25	1136.7	6.1394	0.85004	1.1312	696.44	-0.043826	5.6659e-05	0.083530	supercritical
1124.4	454.00	139.40	0.0071735	812.11	1137.8	6.1404	0.85015	1.1312	696.67	-0.043862	5.6687e-05	0.083580	supercritical
1125.4	454.00	139.29	0.0071795	812.98	1138.9	6.1414	0.85026	1.1313	696.91	-0.043897	5.6715e-05	0.083630	supercritical
1126.4	454.00	139.17	0.0071854	813.84	1140.1	6.1424	0.85037	1.1314	697.15	-0.043933	5.6743e-05	0.083679	supercritical
1127.4	454.00	139.06	0.0071913	814.70	1141.2	6.1434	0.85048	1.1315	697.39	-0.043968	5.6770e-05	0.083729	supercritical
1128.4	454.00	138.94	0.0071973	815.56	1142.3	6.1444	0.85060	1.1315	697.63	-0.044004	5.6798e-05	0.083779	supercritical
1129.4	454.00	138.83	0.0072032	816.42	1143.4	6.1454	0.85071	1.1316	697.87	-0.044039	5.6826e-05	0.083828	supercritical
1130.4	454.00	138.71	0.0072092	817.29	1144.6	6.1464	0.85082	1.1317	698.11	-0.044074	5.6854e-05	0.083878	supercritical
1131.4	454.00	138.60	0.0072151	818.15	1145.7	6.1474	0.85093	1.1317	698.35	-0.044110	5.6882e-05	0.083928	supercritical
1132.4	454.00	138.48	0.0072210	819.01	1146.8	6.1484	0.85104	1.1318	698.58	-0.044145	5.6910e-05	0.083977	supercritical
1133.4	454.00	138.37	0.0072270	819.87	1148.0	6.1494	0.85115	1.1319	698.82	-0.044180	5.6938e-05	0.084027	supercritical
1134.4	454.00	138.26	0.0072329	820.73	1149.1	6.1504	0.85126	1.1320	699.06	-0.044215	5.6966e-05	0.084077	supercritical
1135.4	454.00	138.14	0.0072388	821.60	1150.2	6.1514	0.85137	1.1320	699.30	-0.044250	5.6994e-05	0.084126	supercritical
1136.4	454.00	138.03	0.0072448	822.46	1151.4	6.1524	0.85148	1.1321	699.54	-0.044285	5.7022e-05	0.084176	supercritical
1137.4	454.00	137.92	0.0072507	823.32	1152.5	6.1534	0.85159	1.1322	699.78	-0.044320	5.7050e-05	0.084226	supercritical
1138.4	454.00	137.80	0.0072566	824.19	1153.6	6.1544	0.85170	1.1322	700.01	-0.044355	5.7078e-05	0.084275	supercritical
1139.4	454.00	137.69	0.0072626	825.05	1154.8	6.1554	0.85181	1.1323	700.25	-0.044389	5.7106e-05	0.084325	supercritical
1140.4	454.00	137.58	0.0072685	825.91	1155.9	6.1564	0.85192	1.1324	700.49	-0.044424	5.7133e-05	0.084375	supercritical
1141.4	454.00	137.47	0.0072744	826.77	1157.0	6.1574	0.85203	1.1324	700.73	-0.044459	5.7161e-05	0.084424	supercritical
1142.4	454.00	137.36	0.0072804	827.64	1158.2	6.1584	0.85214	1.1325	700.96	-0.044493	5.7189e-05	0.084474	supercritical
1143.4	454.00	137.24	0.0072863	828.50	1159.3	6.1593	0.85225	1.1326	701.20	-0.044528	5.7217e-05	0.084524	supercritical
1144.4	454.00	137.13	0.0072922	829.36	1160.4	6.1603	0.85235	1.1327	701.44	-0.044562	5.7245e-05	0.084573	supercritical
1145.4	454.00	137.02	0.0072982	830.23	1161.6	6.1613	0.85246	1.1327	701.68	-0.044596	5.7273e-05	0.084623	supercritical
1146.4	454.00	136.91	0.0073041	831.09	1162.7	6.1623	0.85257	1.1328	701.91	-0.044631	5.7301e-05	0.084673	supercritical
1147.4	454.00	136.80	0.0073100	831.95	1163.8	6.1633	0.85268	1.1329	702.15	-0.044665	5.7329e-05	0.084722	supercritical
1148.4	454.00	136.69	0.0073160	832.82	1165.0	6.1643	0.85279	1.1329	702.39	-0.044699	5.7356e-05	0.084772	supercritical
1149.4	454.00	136.58	0.0073219	833.68	1166.1	6.1653	0.85290	1.1330	702.62	-0.044733	5.7384e-05	0.084822	supercritical
1150.4	454.00	136.47	0.0073278	834.55	1167.2	6.1663	0.85300	1.1331	702.86	-0.044767	5.7412e-05	0.084871	supercritical
1151.4	454.00	136.36	0.0073337	835.41	1168.4	6.1672	0.85311	1.1332	703.10	-0.044801	5.7440e-05	0.084921	supercritical
1152.4	454.00	136.25	0.0073397	836.27	1169.5	6.1682	0.85322	1.1332	703.34	-0.044835	5.7468e-05	0.084971	supercritical
1153.4	454.00	136.14	0.0073456	837.14	1170.6	6.1692	0.85333	1.1333	703.57	-0.044869	5.7495e-05	0.085020	supercritical
1154.4	454.00	136.03	0.0073515	838.00	1171.8	6.1702	0.85343	1.1334	703.81	-0.044903	5.7523e-05	0.085070	supercritical
1155.4	454.00	135.92	0.0073575	838.87	1172.9	6.1712	0.85354	1.1334	704.05	-0.044936	5.7551e-05	0.085120	supercritical
1156.4	454.00	135.81	0.0073634	839.73	1174.0	6.1722	0.85365	1.1335	704.28	-0.044970	5.7579e-05	0.085169	supercritical
1157.4	454.00	135.70	0.0073693	840.60	1175.2	6.1731	0.85376	1.1336	704.52	-0.045004	5.7607e-05	0.085219	supercritical
1158.4	454.00	135.59	0.0073752	841.46	1176.3	6.1741	0.85386	1.1337	704.75	-0.045037	5.7634e-05	0.085268	supercritical
1159.4	454.00	135.48	0.0073812	842.32	1177.4	6.1751	0.85397	1.1337	704.99	-0.045071	5.7662e-05	0.085318	supercritical
1160.4	454.00	135.37	0.0073871	843.19	1178.6	6.1761	0.85408	1.1338	705.23	-0.045104	5.7690e-05	0.085368	supercritical
1161.4	454.00	135.26	0.0073930	844.05	1179.7	6.1770	0.85418	1.1339	705.46	-0.045138	5.7718e-05	0.085417	supercritical
1162.4	454.00	135.15	0.0073989	844.92	1180.8	6.1780	0.85429	1.1339	705.70	-0.045171	5.7746e-05	0.085467	supercritical
1163.4	454.00	135.05	0.0074049	845.78	1182.0	6.1790	0.85439	1.1340	705.93	-0.045204	5.7773e-05	0.085517	supercritical
1164.4	454.00	134.94	0.0074108	846.65	1183.1	6.1800	0.85450	1.1341	706.17	-0.045237	5.7801e-05	0.085566	supercritical
1165.4	454.00	134.83	0.0074167	847.51	1184.2	6.1809	0.85461	1.1341	706.41	-0.045270	5.7829e-05	0.085616	supercritical
1166.4	454.00	134.72	0.0074226	848.38	1185.4	6.1819	0.85471	1.1342	706.64	-0.045304	5.7856e-05	0.085665	supercritical
1167.4	454.00	134.62	0.0074286	849.24	1186.5	6.1829	0.85482	1.1343	706.88	-0.045337	5.7884e-05	0.085715	supercritical
1168.4	454.00	134.51	0.0074345	850.11	1187.6	6.1839	0.85492	1.1344	707.11	-0.045369	5.7912e-05	0.085765	supercritical
1169.4	454.00	134.40	0.0074404	850.98	1188.8	6.1848	0.85503	1.1344	707.35	-0.045402	5.7940e-05	0.085814	supercritical
1170.4	454.00	134.29	0.0074463	851.84	1189.9	6.1858	0.85513	1.1345	707.58	-0.045435	5.7967e-05	0.085864	supercritical
1171.4	454.00	134.19	0.0074522	852.71	1191.0	6.1868	0.85524	1.1346	707.82	-0.045468	5.7995e-05	0.085913	supercritical
1172.4	454.00	134.08	0.0074582	853.57	1192.2	6.1877	0.85534	1.1346	708.05	-0.045501	5.8023e-05	0.085963	supercritical
1173.4	454.00	133.97	0.0074641	854.44	1193.3	6.1887	0.85545	1.1347	708.29	-0.045533	5.8050e-05	0.086013	supercritical
1174.4	454.00	133.87	0.0074700	855.30	1194.4	6.1897	0.85555	1.1348	708.52	-0.045566	5.8078e-05	0.086062	supercritical
1175.4	454.00	133.76	0.0074759	856.17	1195.6	6.1906	0.85566	1.1348	708.76	-0.045598	5.8106e-05	0.086112	supercritical
1176.4	454.00	133.66	0.0074819	857.04	1196.7	6.1916	0.85576	1.1349	708.99	-0.045631	5.8134e-05	0.086161	supercritical
1177.4	454.00	133.55	0.0074878	857.90	1197.8	6.1926	0.85587	1.1350	709.23	-0.045663	5.8161e-05	0.086211	supercritical
1178.4	454.00	133.45	0.0074937	858.77	1199.0	6.1935	0.85597	1.1350	709.46	-0.045696	5.8189e-05	0.086260	supercritical
1179.4	454.00	133.34	0.0074996	859.64	1200.1	6.1945	0.85607	1.1351	709.70	-0.045728	5.8216e-05	0.086310	supercritical
1180.4	454.00	133.24	0.0075055	860.50	1201.3	6.1955	0.85618	1.1352	709.93	-0.045760	5.8244e-05	0.086360	supercritical
1181.4	454.00	133.13	0.0075114	861.37	1202.4	6.1964	0.85628	1.1353	710.16	-0.045792	5.8272e-05	0.086409	supercritical
1182.4	454.00	133.03	0.0075174	862.23	1203.5	6.1974	0.85638	1.1353	710.40	-0.045825	5.8299e-05	0.086459	supercritical
1183.4	454.00	132.92	0.0075233	863.10	1204.7	6.1983	0.85649	1.1354	710.63	-0.045857	5.8327e-05	0.086508	supercritical
1184.4	454.00	132.82	0.0075292	863.97	1205.8	6.1993	0.85659	1.1355	710.87	-0.045889	5.8355e-05	0.086558	supercritical
1185.4	454.00	132.71	0.0075351	864.84	1206.9	6.2003	0.85669	1.1355	711.10	-0.045921	5.8382e-05	0.086607	supercritical
1186.4	454.00	132.61	0.0075410	865.70	1208.1	6.2012	0.85680	1.1356	711.34	-0.045953	5.8410e-05	0.086657	supercritical
1187.4	454.00	132.50	0.0075469	866.57	1209.2	6.2022	0.85690	1.1357	711.57	-0.045984	5.8438e-05	0.086707	supercritical
1188.4	454.00	132.40	0.0075529	867.44	1210.3	6.2031	0.85700	1.1357	711.80	-0.046016	5.8465e-05	0.086756	supercritical
1189.4	454.00	132.30	0.0075588	868.30	1211.5	6.2041	0.85710	1.1358	712.04	-0.046048	5.8493e-05	0.086806	supercritical
1190.4	454.00	132.19	0.0075647	869.17	1212.6	6.2050	0.85721	1.1359	712.27	-0.046080	5.8520e-05	0.086855	supercritical
1191.4	454.00	132.09	0.0075706	870.04	1213.7	6.2060	0.85731	1.1359	712.50	-0.046111	5.8548e-05	0.086905	supercritical
1192.4	454.00	131.99	0.0075765	870.91	1214.9	6.2069	0.85741	1.1360	712.74	-0.046143	5.8576e-05	0.086954	supercritical
1193.4	454.00	131.88	0.0075824	871.77	1216.0	6.2079	0.85751	1.1361	712.97	-0.046174	5.8603e-05	0.087004	supercritical
1194.4	454.00	131.78	0.0075884	872.64	1217.2	6.2088	0.85762	1.1362	713.20	-0.046206	5.8631e-05	0.087053	supercritical
1195.4	454.00	131.68	0.0075943	873.51	1218.3	6.2098	0.85772	1.1362	713.44	-0.046237	5.8658e-05	0.087103	supercritical
1196.4	454.00	131.58	0.0076002	874.38	1219.4	6.2107	0.85782	1.1363	713.67	-0.046268	5.8686e-05	0.087152	supercritical
1197.4	454.00	131.47	0.0076061	875.24	1220.6	6.2117	0.85792	1.1364	713.90	-0.046300	5.8713e-05	0.087202	supercritical
1198.4	454.00	131.37	0.0076120	876.11	1221.7	6.2126	0.85802	1.1364	714.14	-0.046331	5.8741e-05	0.087251	supercritical
1199.4	454.00	131.27	0.0076179	876.98	1222.8	6.2136	0.85812	1.1365	714.37	-0.046362	5.8768e-05	0.087301	supercritical
1200.4	454.00	131.17	0.0076238	877.85	1224.0	6.2145	0.85823	1.1366	714.60	-0.046393	5.8796e-05	0.087350	supercritical
1201.4	454.00	131.07	0.0076297	878.72	1225.1	6.2155	0.85833	1.1366	714.83	-0.046424	5.8823e-05	0.087400	supercritical
1202.4	454.00	130.96	0.0076357	879.58	1226.2	6.2164	0.85843	1.1367	715.07	-0.046455	5.8851e-05	0.087449	supercritical
1203.4	454.00	130.86	0.0076416	880.45	1227.4	6.2174	0.85853	1.1368	715.30	-0.046486	5.8879e-05	0.087499	supercritical
1204.4	454.00	130.76	0.0076475	881.32	1228.5	6.2183	0.85863	1.1368	715.53	-0.046517	5.8906e-05	0.087548	supercritical
1205.4	454.00	130.66	0.0076534	882.19	1229.7	6.2193	0.85873	1.1369	715.76	-0.046548	5.8934e-05	0.087598	supercritical
1206.4	454.00	130.56	0.0076593	883.06	1230.8	6.2202	0.85883	1.1370	716.00	-0.046579	5.8961e-05	0.087647	supercritical
1207.4	454.00	130.46	0.0076652	883.93	1231.9	6.2212	0.85893	1.1370	716.23	-0.046609	5.8989e-05	0.087697	supercritical
1208.4	454.00	130.36	0.0076711	884.80	1233.1	6.2221	0.85903	1.1371	716.46	-0.046640	5.9016e-05	0.087746	supercritical
1209.4	454.00	130.26	0.0076770	885.66	1234.2	6.2230	0.85913	1.1372	716.69	-0.046671	5.9044e-05	0.087796	supercritical
1210.4	454.00	130.16	0.0076829	886.53	1235.3	6.2240	0.85923	1.1372	716.92	-0.046701	5.9071e-05	0.087845	supercritical
1211.4	454.00	130.06	0.0076888	887.40	1236.5	6.2249	0.85933	1.1373	717.16	-0.046732	5.9098e-05	0.087895	supercritical
1212.4	454.00	129.96	0.0076948	888.27	1237.6	6.2259	0.85943	1.1374	717.39	-0.046762	5.9126e-05	0.087944	supercritical
1213.4	454.00	129.86	0.0077007	889.14	1238.8	6.2268	0.85953	1.1374	717.62	-0.046793	5.9153e-05	0.087994	supercritical
1214.4	454.00	129.76	0.0077066	890.01	1239.9	6.2277	0.85963	1.1375	717.85	-0.046823	5.9181e-05	0.088043	supercritical
1215.4	454.00	129.66	0.0077125	890.88	1241.0	6.2287	0.85973	1.1376	718.08	-0.046853	5.9208e-05	0.088093	supercritical
1216.4	454.00	129.56	0.0077184	891.75	1242.2	6.2296	0.85983	1.1377	718.31	-0.046884	5.9236e-05	0.088142	supercritical
1217.4	454.00	129.46	0.0077243	892.62	1243.3	6.2305	0.85993	1.1377	718.55	-0.046914	5.9263e-05	0.088192	supercritical
1218.4	454.00	129.36	0.0077302	893.49	1244.4	6.2315	0.86003	1.1378	718.78	-0.046944	5.9291e-05	0.088241	supercritical
1219.4	454.00	129.26	0.0077361	894.36	1245.6	6.2324	0.86013	1.1379	719.01	-0.046974	5.9318e-05	0.088291	supercritical
1220.4	454.00	129.17	0.0077420	895.23	1246.7	6.2333	0.86022	1.1379	719.24	-0.047004	5.9345e-05	0.088340	supercritical
1221.4	454.00	129.07	0.0077479	896.10	1247.9	6.2343	0.86032	1.1380	719.47	-0.047034	5.9373e-05	0.088390	supercritical
1222.4	454.00	128.97	0.0077538	896.97	1249.0	6.2352	0.86042	1.1381	719.70	-0.047064	5.9400e-05	0.088439	supercritical
1223.4	454.00	128.87	0.0077597	897.84	1250.1	6.2361	0.86052	1.1381	719.93	-0.047094	5.9428e-05	0.088489	supercritical
1224.4	454.00	128.77	0.0077656	898.71	1251.3	6.2371	0.86062	1.1382	720.16	-0.047124	5.9455e-05	0.088538	supercritical
1225.4	454.00	128.67	0.0077715	899.58	1252.4	6.2380	0.86072	1.1383	720.39	-0.047154	5.9482e-05	0.088587	supercritical
1226.4	454.00	128.58	0.0077774	900.45	1253.5	6.2389	0.86082	1.1383	720.63	-0.047183	5.9510e-05	0.088637	supercritical
1227.4	454.00	128.48	0.0077833	901.32	1254.7	6.2398	0.86091	1.1384	720.86	-0.047213	5.9537e-05	0.088686	supercritical
1228.4	454.00	128.38	0.0077892	902.19	1255.8	6.2408	0.86101	1.1385	721.09	-0.047243	5.9565e-05	0.088736	supercritical
1229.4	454.00	128.28	0.0077951	903.06	1257.0	6.2417	0.86111	1.1385	721.32	-0.047272	5.9592e-05	0.088785	supercritical
1230.4	454.00	128.19	0.0078011	903.93	1258.1	6.2426	0.86121	1.1386	721.55	-0.047302	5.9619e-05	0.088835	supercritical
1231.4	454.00	128.09	0.0078070	904.80	1259.2	6.2435	0.86130	1.1387	721.78	-0.047331	5.9647e-05	0.088884	supercritical
1232.4	454.00	127.99	0.0078129	905.67	1260.4	6.2445	0.86140	1.1387	722.01	-0.047360	5.9674e-05	0.088933	supercritical
1233.4	454.00	127.90	0.0078188	906.54	1261.5	6.2454	0.86150	1.1388	722.24	-0.047390	5.9701e-05	0.088983	supercritical
1234.4	454.00	127.80	0.0078247	907.41	1262.7	6.2463	0.86160	1.1389	722.47	-0.047419	5.9729e-05	0.089032	supercritical
1235.4	454.00	127.70	0.0078306	908.28	1263.8	6.2472	0.86169	1.1389	722.70	-0.047448	5.9756e-05	0.089082	supercritical
1236.4	454.00	127.61	0.0078365	909.16	1264.9	6.2482	0.86179	1.1390	722.93	-0.047478	5.9783e-05	0.089131	supercritical
1237.4	454.00	127.51	0.0078424	910.03	1266.1	6.2491	0.86189	1.1391	723.16	-0.047507	5.9811e-05	0.089180	supercritical
1238.4	454.00	127.42	0.0078483	910.90	1267.2	6.2500	0.86198	1.1391	723.39	-0.047536	5.9838e-05	0.089230	supercritical
1239.4	454.00	127.32	0.0078542	911.77	1268.3	6.2509	0.86208	1.1392	723.62	-0.047565	5.9865e-05	0.089279	supercritical
1240.4	454.00	127.23	0.0078601	912.64	1269.5	6.2518	0.86218	1.1393	723.85	-0.047594	5.9893e-05	0.089329	supercritical
1241.4	454.00	127.13	0.0078660	913.51	1270.6	6.2528	0.86227	1.1393	724.08	-0.047623	5.9920e-05	0.089378	supercritical
1242.4	454.00	127.03	0.0078719	914.38	1271.8	6.2537	0.86237	1.1394	724.31	-0.047652	5.9947e-05	0.089427	supercritical
1243.4	454.00	126.94	0.0078778	915.25	1272.9	6.2546	0.86247	1.1395	724.53	-0.047681	5.9975e-05	0.089477	supercritical
1244.4	454.00	126.84	0.0078837	916.13	1274.0	6.2555	0.86256	1.1395	724.76	-0.047709	6.0002e-05	0.089526	supercritical
1245.4	454.00	126.75	0.0078896	917.00	1275.2	6.2564	0.86266	1.1396	724.99	-0.047738	6.0029e-05	0.089576	supercritical
1246.4	454.00	126.66	0.0078955	917.87	1276.3	6.2573	0.86276	1.1397	725.22	-0.047767	6.0056e-05	0.089625	supercritical
1247.4	454.00	126.56	0.0079014	918.74	1277.5	6.2583	0.86285	1.1397	725.45	-0.047796	6.0084e-05	0.089674	supercritical
1248.4	454.00	126.47	0.0079073	919.61	1278.6	6.2592	0.86295	1.1398	725.68	-0.047824	6.0111e-05	0.089724	supercritical
1249.4	454.00	126.37	0.0079132	920.49	1279.7	6.2601	0.86304	1.1399	725.91	-0.047853	6.0138e-05	0.089773	supercritical
1250.4	454.00	126.28	0.0079190	921.36	1280.9	6.2610	0.86314	1.1399	726.14	-0.047881	6.0165e-05	0.089823	supercritical
1251.4	454.00	126.18	0.0079249	922.23	1282.0	6.2619	0.86323	1.1400	726.37	-0.047910	6.0193e-05	0.089872	supercritical
1252.4	454.00	126.09	0.0079308	923.10	1283.2	6.2628	0.86333	1.1401	726.60	-0.047938	6.0220e-05	0.089921	supercritical
1253.4	454.00	126.00	0.0079367	923.98	1284.3	6.2637	0.86342	1.1401	726.82	-0.047966	6.0247e-05	0.089971	supercritical
1254.4	454.00	125.90	0.0079426	924.85	1285.4	6.2646	0.86352	1.1402	727.05	-0.047995	6.0274e-05	0.090020	supercritical
1255.4	454.00	125.81	0.0079485	925.72	1286.6	6.2655	0.86361	1.1403	727.28	-0.048023	6.0302e-05	0.090069	supercritical
1256.4	454.00	125.72	0.0079544	926.59	1287.7	6.2665	0.86371	1.1403	727.51	-0.048051	6.0329e-05	0.090119	supercritical
1257.4	454.00	125.62	0.0079603	927.47	1288.9	6.2674	0.86380	1.1404	727.74	-0.048079	6.0356e-05	0.090168	supercritical
1258.4	454.00	125.53	0.0079662	928.34	1290.0	6.2683	0.86390	1.1405	727.97	-0.048108	6.0383e-05	0.090217	supercritical
1259.4	454.00	125.44	0.0079721	929.21	1291.1	6.2692	0.86399	1.1405	728.19	-0.048136	6.0411e-05	0.090267	supercritical
1260.4	454.00	125.34	0.0079780	930.08	1292.3	6.2701	0.86409	1.1406	728.42	-0.048164	6.0438e-05	0.090316	supercritical
1261.4	454.00	125.25	0.0079839	930.96	1293.4	6.2710	0.86418	1.1407	728.65	-0.048192	6.0465e-05	0.090365	supercritical
1262.4	454.00	125.16	0.0079898	931.83	1294.6	6.2719	0.86428	1.1407	728.88	-0.048220	6.0492e-05	0.090415	supercritical
1263.4	454.00	125.07	0.0079957	932.70	1295.7	6.2728	0.86437	1.1408	729.10	-0.048247	6.0519e-05	0.090464	supercritical
1264.4	454.00	124.98	0.0080016	933.58	1296.8	6.2737	0.86447	1.1409	729.33	-0.048275	6.0546e-05	0.090513	supercritical
1265.4	454.00	124.88	0.0080075	934.45	1298.0	6.2746	0.86456	1.1409	729.56	-0.048303	6.0574e-05	0.090563	supercritical
1266.4	454.00	124.79	0.0080134	935.32	1299.1	6.2755	0.86465	1.1410	729.79	-0.048331	6.0601e-05	0.090612	supercritical
1267.4	454.00	124.70	0.0080193	936.20	1300.3	6.2764	0.86475	1.1411	730.02	-0.048358	6.0628e-05	0.090661	supercritical
1268.4	454.00	124.61	0.0080251	937.07	1301.4	6.2773	0.86484	1.1411	730.24	-0.048386	6.0655e-05	0.090711	supercritical
1269.4	454.00	124.52	0.0080310	937.94	1302.6	6.2782	0.86493	1.1412	730.47	-0.048414	6.0682e-05	0.090760	supercritical
1270.4	454.00	124.43	0.0080369	938.82	1303.7	6.2791	0.86503	1.1413	730.70	-0.048441	6.0709e-05	0.090809	supercritical
1271.4	454.00	124.33	0.0080428	939.69	1304.8	6.2800	0.86512	1.1413	730.92	-0.048469	6.0737e-05	0.090859	supercritical
1272.4	454.00	124.24	0.0080487	940.57	1306.0	6.2809	0.86521	1.1414	731.15	-0.048496	6.0764e-05	0.090908	supercritical
1273.4	454.00	124.15	0.0080546	941.44	1307.1	6.2818	0.86531	1.1415	731.38	-0.048524	6.0791e-05	0.090957	supercritical
1274.4	454.00	124.06	0.0080605	942.31	1308.3	6.2827	0.86540	1.1415	731.61	-0.048551	6.0818e-05	0.091006	supercritical
1275.4	454.00	123.97	0.0080664	943.19	1309.4	6.2836	0.86549	1.1416	731.83	-0.048578	6.0845e-05	0.091056	supercritical
1276.4	454.00	123.88	0.0080723	944.06	1310.5	6.2845	0.86559	1.1417	732.06	-0.048605	6.0872e-05	0.091105	supercritical
1277.4	454.00	123.79	0.0080782	944.94	1311.7	6.2854	0.86568	1.1417	732.29	-0.048633	6.0899e-05	0.091154	supercritical
1278.4	454.00	123.70	0.0080841	945.81	1312.8	6.2863	0.86577	1.1418	732.51	-0.048660	6.0926e-05	0.091204	supercritical
1279.4	454.00	123.61	0.0080899	946.69	1314.0	6.2872	0.86587	1.1419	732.74	-0.048687	6.0953e-05	0.091253	supercritical
1280.4	454.00	123.52	0.0080958	947.56	1315.1	6.2880	0.86596	1.1419	732.97	-0.048714	6.0981e-05	0.091302	supercritical
1281.4	454.00	123.43	0.0081017	948.44	1316.3	6.2889	0.86605	1.1420	733.19	-0.048741	6.1008e-05	0.091351	supercritical
1282.4	454.00	123.34	0.0081076	949.31	1317.4	6.2898	0.86614	1.1421	733.42	-0.048768	6.1035e-05	0.091401	supercritical
1283.4	454.00	123.25	0.0081135	950.18	1318.5	6.2907	0.86624	1.1421	733.64	-0.048795	6.1062e-05	0.091450	supercritical
1284.4	454.00	123.16	0.0081194	951.06	1319.7	6.2916	0.86633	1.1422	733.87	-0.048822	6.1089e-05	0.091499	supercritical
1285.4	454.00	123.07	0.0081253	951.93	1320.8	6.2925	0.86642	1.1423	734.10	-0.048849	6.1116e-05	0.091549	supercritical
1286.4	454.00	122.98	0.0081312	952.81	1322.0	6.2934	0.86651	1.1423	734.32	-0.048875	6.1143e-05	0.091598	supercritical
1287.4	454.00	122.89	0.0081370	953.68	1323.1	6.2943	0.86660	1.1424	734.55	-0.048902	6.1170e-05	0.091647	supercritical
1288.4	454.00	122.81	0.0081429	954.56	1324.2	6.2952	0.86670	1.1425	734.77	-0.048929	6.1197e-05	0.091696	supercritical
1289.4	454.00	122.72	0.0081488	955.44	1325.4	6.2960	0.86679	1.1425	735.00	-0.048956	6.1224e-05	0.091746	supercritical
1290.4	454.00	122.63	0.0081547	956.31	1326.5	6.2969	0.86688	1.1426	735.23	-0.048982	6.1251e-05	0.091795	supercritical
1291.4	454.00	122.54	0.0081606	957.19	1327.7	6.2978	0.86697	1.1426	735.45	-0.049009	6.1278e-05	0.091844	supercritical
1292.4	454.00	122.45	0.0081665	958.06	1328.8	6.2987	0.86706	1.1427	735.68	-0.049035	6.1305e-05	0.091893	supercritical
1293.4	454.00	122.36	0.0081724	958.94	1330.0	6.2996	0.86715	1.1428	735.90	-0.049062	6.1332e-05	0.091942	supercritical
1294.4	454.00	122.28	0.0081782	959.81	1331.1	6.3005	0.86725	1.1428	736.13	-0.049088	6.1359e-05	0.091992	supercritical
1295.4	454.00	122.19	0.0081841	960.69	1332.2	6.3014	0.86734	1.1429	736.35	-0.049115	6.1386e-05	0.092041	supercritical
1296.4	454.00	122.10	0.0081900	961.56	1333.4	6.3022	0.86743	1.1430	736.58	-0.049141	6.1413e-05	0.092090	supercritical
1297.4	454.00	122.01	0.0081959	962.44	1334.5	6.3031	0.86752	1.1430	736.80	-0.049167	6.1440e-05	0.092139	supercritical
1298.4	454.00	121.92	0.0082018	963.32	1335.7	6.3040	0.86761	1.1431	737.03	-0.049194	6.1467e-05	0.092189	supercritical
1299.4	454.00	121.84	0.0082077	964.19	1336.8	6.3049	0.86770	1.1432	737.25	-0.049220	6.1494e-05	0.092238	supercritical
1300.4	454.00	121.75	0.0082135	965.07	1338.0	6.3058	0.86779	1.1432	737.48	-0.049246	6.1521e-05	0.092287	supercritical
1301.4	454.00	121.66	0.0082194	965.94	1339.1	6.3066	0.86788	1.1433	737.70	-0.049272	6.1548e-05	0.092336	supercritical
1302.4	454.00	121.58	0.0082253	966.82	1340.2	6.3075	0.86797	1.1434	737.93	-0.049298	6.1575e-05	0.092385	supercritical
1303.4	454.00	121.49	0.0082312	967.70	1341.4	6.3084	0.86806	1.1434	738.15	-0.049324	6.1602e-05	0.092435	supercritical
1304.4	454.00	121.40	0.0082371	968.57	1342.5	6.3093	0.86815	1.1435	738.38	-0.049350	6.1629e-05	0.092484	supercritical
1305.4	454.00	121.32	0.0082430	969.45	1343.7	6.3101	0.86824	1.1436	738.60	-0.049376	6.1656e-05	0.092533	supercritical
1306.4	454.00	121.23	0.0082488	970.33	1344.8	6.3110	0.86833	1.1436	738.83	-0.049402	6.1683e-05	0.092582	supercritical
1307.4	454.00	121.14	0.0082547	971.20	1346.0	6.3119	0.86843	1.1437	739.05	-0.049428	6.1710e-05	0.092631	supercritical
1308.4	454.00	121.06	0.0082606	972.08	1347.1	6.3128	0.86852	1.1438	739.28	-0.049454	6.1737e-05	0.092681	supercritical
1309.4	454.00	120.97	0.0082665	972.96	1348.3	6.3136	0.86861	1.1438	739.50	-0.049479	6.1764e-05	0.092730	supercritical
1310.4	454.00	120.88	0.0082724	973.83	1349.4	6.3145	0.86870	1.1439	739.72	-0.049505	6.1791e-05	0.092779	supercritical
1311.4	454.00	120.80	0.0082783	974.71	1350.5	6.3154	0.86879	1.1440	739.95	-0.049531	6.1818e-05	0.092828	supercritical
1312.4	454.00	120.71	0.0082841	975.59	1351.7	6.3163	0.86887	1.1440	740.17	-0.049556	6.1845e-05	0.092877	supercritical
1313.4	454.00	120.63	0.0082900	976.46	1352.8	6.3171	0.86896	1.1441	740.40	-0.049582	6.1872e-05	0.092927	supercritical
1314.4	454.00	120.54	0.0082959	977.34	1354.0	6.3180	0.86905	1.1441	740.62	-0.049608	6.1898e-05	0.092976	supercritical
1315.4	454.00	120.46	0.0083018	978.22	1355.1	6.3189	0.86914	1.1442	740.84	-0.049633	6.1925e-05	0.093025	supercritical
1316.4	454.00	120.37	0.0083077	979.10	1356.3	6.3197	0.86923	1.1443	741.07	-0.049659	6.1952e-05	0.093074	supercritical
1317.4	454.00	120.29	0.0083135	979.97	1357.4	6.3206	0.86932	1.1443	741.29	-0.049684	6.1979e-05	0.093123	supercritical
1318.4	454.00	120.20	0.0083194	980.85	1358.6	6.3215	0.86941	1.1444	741.51	-0.049709	6.2006e-05	0.093172	supercritical
1319.4	454.00	120.12	0.0083253	981.73	1359.7	6.3223	0.86950	1.1445	741.74	-0.049735	6.2033e-05	0.093222	supercritical
1320.4	454.00	120.03	0.0083312	982.61	1360.8	6.3232	0.86959	1.1445	741.96	-0.049760	6.2060e-05	0.093271	supercritical
1321.4	454.00	119.95	0.0083370	983.48	1362.0	6.3241	0.86968	1.1446	742.18	-0.049785	6.2087e-05	0.093320	supercritical
1322.4	454.00	119.86	0.0083429	984.36	1363.1	6.3249	0.86977	1.1447	742.41	-0.049811	6.2114e-05	0.093369	supercritical
1323.4	454.00	119.78	0.0083488	985.24	1364.3	6.3258	0.86986	1.1447	742.63	-0.049836	6.2140e-05	0.093418	supercritical
1324.4	454.00	119.69	0.0083547	986.12	1365.4	6.3267	0.86995	1.1448	742.85	-0.049861	6.2167e-05	0.093467	supercritical
1325.4	454.00	119.61	0.0083606	986.99	1366.6	6.3275	0.87004	1.1449	743.08	-0.049886	6.2194e-05	0.093516	supercritical
1326.4	454.00	119.53	0.0083664	987.87	1367.7	6.3284	0.87012	1.1449	743.30	-0.049911	6.2221e-05	0.093566	supercritical
1327.4	454.00	119.44	0.0083723	988.75	1368.9	6.3293	0.87021	1.1450	743.52	-0.049936	6.2248e-05	0.093615	supercritical
1328.4	454.00	119.36	0.0083782	989.63	1370.0	6.3301	0.87030	1.1451	743.75	-0.049961	6.2275e-05	0.093664	supercritical
1329.4	454.00	119.27	0.0083841	990.51	1371.1	6.3310	0.87039	1.1451	743.97	-0.049986	6.2301e-05	0.093713	supercritical
1330.4	454.00	119.19	0.0083899	991.39	1372.3	6.3319	0.87048	1.1452	744.19	-0.050011	6.2328e-05	0.093762	supercritical
1331.4	454.00	119.11	0.0083958	992.26	1373.4	6.3327	0.87057	1.1452	744.41	-0.050036	6.2355e-05	0.093811	supercritical
1332.4	454.00	119.02	0.0084017	993.14	1374.6	6.3336	0.87065	1.1453	744.64	-0.050060	6.2382e-05	0.093860	supercritical
1333.4	454.00	118.94	0.0084076	994.02	1375.7	6.3344	0.87074	1.1454	744.86	-0.050085	6.2409e-05	0.093909	supercritical
1334.4	454.00	118.86	0.0084134	994.90	1376.9	6.3353	0.87083	1.1454	745.08	-0.050110	6.2436e-05	0.093958	supercritical
1335.4	454.00	118.77	0.0084193	995.78	1378.0	6.3361	0.87092	1.1455	745.30	-0.050134	6.2462e-05	0.094008	supercritical
1336.4	454.00	118.69	0.0084252	996.66	1379.2	6.3370	0.87101	1.1456	745.53	-0.050159	6.2489e-05	0.094057	supercritical
1337.4	454.00	118.61	0.0084311	997.54	1380.3	6.3379	0.87109	1.1456	745.75	-0.050184	6.2516e-05	0.094106	supercritical
1338.4	454.00	118.53	0.0084369	998.42	1381.5	6.3387	0.87118	1.1457	745.97	-0.050208	6.2543e-05	0.094155	supercritical
1339.4	454.00	118.44	0.0084428	999.29	1382.6	6.3396	0.87127	1.1458	746.19	-0.050233	6.2570e-05	0.094204	supercritical
1340.4	454.00	118.36	0.0084487	1000.2	1383.7	6.3404	0.87136	1.1458	746.41	-0.050257	6.2596e-05	0.094253	supercritical
1341.4	454.00	118.28	0.0084546	1001.1	1384.9	6.3413	0.87144	1.1459	746.64	-0.050282	6.2623e-05	0.094302	supercritical
1342.4	454.00	118.20	0.0084604	1001.9	1386.0	6.3421	0.87153	1.1460	746.86	-0.050306	6.2650e-05	0.094351	supercritical
1343.4	454.00	118.12	0.0084663	1002.8	1387.2	6.3430	0.87162	1.1460	747.08	-0.050330	6.2677e-05	0.094400	supercritical
1344.4	454.00	118.03	0.0084722	1003.7	1388.3	6.3438	0.87171	1.1461	747.30	-0.050355	6.2703e-05	0.094449	supercritical
1345.4	454.00	117.95	0.0084781	1004.6	1389.5	6.3447	0.87179	1.1462	747.52	-0.050379	6.2730e-05	0.094498	supercritical
1346.4	454.00	117.87	0.0084839	1005.5	1390.6	6.3455	0.87188	1.1462	747.74	-0.050403	6.2757e-05	0.094547	supercritical
1347.4	454.00	117.79	0.0084898	1006.3	1391.8	6.3464	0.87197	1.1463	747.97	-0.050427	6.2784e-05	0.094597	supercritical
1348.4	454.00	117.71	0.0084957	1007.2	1392.9	6.3473	0.87206	1.1463	748.19	-0.050451	6.2810e-05	0.094646	supercritical
1349.4	454.00	117.63	0.0085015	1008.1	1394.1	6.3481	0.87214	1.1464	748.41	-0.050476	6.2837e-05	0.094695	supercritical
1350.4	454.00	117.54	0.0085074	1009.0	1395.2	6.3489	0.87223	1.1465	748.63	-0.050500	6.2864e-05	0.094744	supercritical
1351.4	454.00	117.46	0.0085133	1009.8	1396.4	6.3498	0.87232	1.1465	748.85	-0.050524	6.2891e-05	0.094793	supercritical
1352.4	454.00	117.38	0.0085192	1010.7	1397.5	6.3506	0.87240	1.1466	749.07	-0.050548	6.2917e-05	0.094842	supercritical
1353.4	454.00	117.30	0.0085250	1011.6	1398.6	6.3515	0.87249	1.1467	749.29	-0.050572	6.2944e-05	0.094891	supercritical
1354.4	454.00	117.22	0.0085309	1012.5	1399.8	6.3523	0.87258	1.1467	749.51	-0.050595	6.2971e-05	0.094940	supercritical
1355.4	454.00	117.14	0.0085368	1013.4	1400.9	6.3532	0.87266	1.1468	749.74	-0.050619	6.2997e-05	0.094989	supercritical
1356.4	454.00	117.06	0.0085426	1014.3	1402.1	6.3540	0.87275	1.1469	749.96	-0.050643	6.3024e-05	0.095038	supercritical
1357.4	454.00	116.98	0.0085485	1015.1	1403.2	6.3549	0.87284	1.1469	750.18	-0.050667	6.3051e-05	0.095087	supercritical
1358.4	454.00	116.90	0.0085544	1016.0	1404.4	6.3557	0.87292	1.1470	750.40	-0.050691	6.3077e-05	0.095136	supercritical
1359.4	454.00	116.82	0.0085602	1016.9	1405.5	6.3566	0.87301	1.1470	750.62	-0.050714	6.3104e-05	0.095185	supercritical
1360.4	454.00	116.74	0.0085661	1017.8	1406.7	6.3574	0.87309	1.1471	750.84	-0.050738	6.3131e-05	0.095234	supercritical
1361.4	454.00	116.66	0.0085720	1018.7	1407.8	6.3583	0.87318	1.1472	751.06	-0.050762	6.3157e-05	0.095283	supercritical
1362.4	454.00	116.58	0.0085779	1019.5	1409.0	6.3591	0.87327	1.1472	751.28	-0.050785	6.3184e-05	0.095332	supercritical
1363.4	454.00	116.50	0.0085837	1020.4	1410.1	6.3599	0.87335	1.1473	751.50	-0.050809	6.3211e-05	0.095381	supercritical
1364.4	454.00	116.42	0.0085896	1021.3	1411.3	6.3608	0.87344	1.1474	751.72	-0.050832	6.3237e-05	0.095430	supercritical
1365.4	454.00	116.34	0.0085955	1022.2	1412.4	6.3616	0.87352	1.1474	751.94	-0.050856	6.3264e-05	0.095479	supercritical
1366.4	454.00	116.26	0.0086013	1023.1	1413.6	6.3625	0.87361	1.1475	752.16	-0.050879	6.3291e-05	0.095528	supercritical
1367.4	454.00	116.18	0.0086072	1023.9	1414.7	6.3633	0.87370	1.1476	752.38	-0.050903	6.3317e-05	0.095577	supercritical
1368.4	454.00	116.10	0.0086131	1024.8	1415.9	6.3641	0.87378	1.1476	752.60	-0.050926	6.3344e-05	0.095626	supercritical
1369.4	454.00	116.02	0.0086189	1025.7	1417.0	6.3650	0.87387	1.1477	752.82	-0.050949	6.3371e-05	0.095675	supercritical
1370.4	454.00	115.94	0.0086248	1026.6	1418.1	6.3658	0.87395	1.1478	753.04	-0.050972	6.3397e-05	0.095724	supercritical
1371.4	454.00	115.87	0.0086307	1027.5	1419.3	6.3667	0.87404	1.1478	753.26	-0.050996	6.3424e-05	0.095773	supercritical
1372.4	454.00	115.79	0.0086365	1028.3	1420.4	6.3675	0.87412	1.1479	753.48	-0.051019	6.3451e-05	0.095822	supercritical
1373.4	454.00	115.71	0.0086424	1029.2	1421.6	6.3683	0.87421	1.1479	753.70	-0.051042	6.3477e-05	0.095871	supercritical
1374.4	454.00	115.63	0.0086483	1030.1	1422.7	6.3692	0.87429	1.1480	753.92	-0.051065	6.3504e-05	0.095920	supercritical
1375.4	454.00	115.55	0.0086541	1031.0	1423.9	6.3700	0.87438	1.1481	754.14	-0.051088	6.3530e-05	0.095969	supercritical
1376.4	454.00	115.47	0.0086600	1031.9	1425.0	6.3708	0.87446	1.1481	754.36	-0.051111	6.3557e-05	0.096018	supercritical
1377.4	454.00	115.40	0.0086659	1032.8	1426.2	6.3717	0.87455	1.1482	754.58	-0.051134	6.3584e-05	0.096067	supercritical
1378.4	454.00	115.32	0.0086717	1033.6	1427.3	6.3725	0.87463	1.1483	754.80	-0.051157	6.3610e-05	0.096116	supercritical
1379.4	454.00	115.24	0.0086776	1034.5	1428.5	6.3733	0.87472	1.1483	755.01	-0.051180	6.3637e-05	0.096165	supercritical
1380.4	454.00	115.16	0.0086835	1035.4	1429.6	6.3742	0.87480	1.1484	755.23	-0.051203	6.3663e-05	0.096214	supercritical
1381.4	454.00	115.08	0.0086893	1036.3	1430.8	6.3750	0.87489	1.1485	755.45	-0.051226	6.3690e-05	0.096263	supercritical
1382.4	454.00	115.01	0.0086952	1037.2	1431.9	6.3758	0.87497	1.1485	755.67	-0.051249	6.3716e-05	0.096312	supercritical
1383.4	454.00	114.93	0.0087010	1038.0	1433.1	6.3767	0.87506	1.1486	755.89	-0.051272	6.3743e-05	0.096361	supercritical
1384.4	454.00	114.85	0.0087069	1038.9	1434.2	6.3775	0.87514	1.1486	756.11	-0.051294	6.3770e-05	0.096410	supercritical
1385.4	454.00	114.77	0.0087128	1039.8	1435.4	6.3783	0.87523	1.1487	756.33	-0.051317	6.3796e-05	0.096459	supercritical
1386.4	454.00	114.70	0.0087186	1040.7	1436.5	6.3791	0.87531	1.1488	756.55	-0.051340	6.3823e-05	0.096508	supercritical
1387.4	454.00	114.62	0.0087245	1041.6	1437.7	6.3800	0.87540	1.1488	756.77	-0.051362	6.3849e-05	0.096557	supercritical
1388.4	454.00	114.54	0.0087304	1042.5	1438.8	6.3808	0.87548	1.1489	756.98	-0.051385	6.3876e-05	0.096605	supercritical
1389.4	454.00	114.47	0.0087362	1043.3	1440.0	6.3816	0.87557	1.1490	757.20	-0.051407	6.3902e-05	0.096654	supercritical
1390.4	454.00	114.39	0.0087421	1044.2	1441.1	6.3825	0.87565	1.1490	757.42	-0.051430	6.3929e-05	0.096703	supercritical
1391.4	454.00	114.31	0.0087480	1045.1	1442.3	6.3833	0.87573	1.1491	757.64	-0.051452	6.3955e-05	0.096752	supercritical
1392.4	454.00	114.24	0.0087538	1046.0	1443.4	6.3841	0.87582	1.1491	757.86	-0.051475	6.3982e-05	0.096801	supercritical
1393.4	454.00	114.16	0.0087597	1046.9	1444.6	6.3849	0.87590	1.1492	758.08	-0.051497	6.4008e-05	0.096850	supercritical
1394.4	454.00	114.08	0.0087655	1047.8	1445.7	6.3858	0.87599	1.1493	758.29	-0.051520	6.4035e-05	0.096899	supercritical
1395.4	454.00	114.01	0.0087714	1048.6	1446.9	6.3866	0.87607	1.1493	758.51	-0.051542	6.4061e-05	0.096948	supercritical
1396.4	454.00	113.93	0.0087773	1049.5	1448.0	6.3874	0.87615	1.1494	758.73	-0.051564	6.4088e-05	0.096997	supercritical
1397.4	454.00	113.85	0.0087831	1050.4	1449.2	6.3882	0.87624	1.1495	758.95	-0.051587	6.4114e-05	0.097046	supercritical
1398.4	454.00	113.78	0.0087890	1051.3	1450.3	6.3890	0.87632	1.1495	759.17	-0.051609	6.4141e-05	0.097095	supercritical
1399.4	454.00	113.70	0.0087948	1052.2	1451.5	6.3899	0.87641	1.1496	759.38	-0.051631	6.4167e-05	0.097144	supercritical
1400.4	454.00	113.63	0.0088007	1053.1	1452.6	6.3907	0.87649	1.1497	759.60	-0.051653	6.4194e-05	0.097192	supercritical
1401.4	454.00	113.55	0.0088066	1053.9	1453.8	6.3915	0.87657	1.1497	759.82	-0.051675	6.4220e-05	0.097241	supercritical
1402.4	454.00	113.48	0.0088124	1054.8	1454.9	6.3923	0.87666	1.1498	760.04	-0.051697	6.4247e-05	0.097290	supercritical
1403.4	454.00	113.40	0.0088183	1055.7	1456.1	6.3932	0.87674	1.1498	760.25	-0.051719	6.4273e-05	0.097339	supercritical
1404.4	454.00	113.33	0.0088241	1056.6	1457.2	6.3940	0.87682	1.1499	760.47	-0.051741	6.4300e-05	0.097388	supercritical
1405.4	454.00	113.25	0.0088300	1057.5	1458.4	6.3948	0.87691	1.1500	760.69	-0.051763	6.4326e-05	0.097437	supercritical
1406.4	454.00	113.18	0.0088359	1058.4	1459.5	6.3956	0.87699	1.1500	760.91	-0.051785	6.4353e-05	0.097486	supercritical
1407.4	454.00	113.10	0.0088417	1059.2	1460.7	6.3964	0.87707	1.1501	761.12	-0.051807	6.4379e-05	0.097535	supercritical
1408.4	454.00	113.03	0.0088476	1060.1	1461.8	6.3972	0.87716	1.1502	761.34	-0.051829	6.4406e-05	0.097583	supercritical
1409.4	454.00	112.95	0.0088534	1061.0	1463.0	6.3981	0.87724	1.1502	761.56	-0.051851	6.4432e-05	0.097632	supercritical
1410.4	454.00	112.88	0.0088593	1061.9	1464.1	6.3989	0.87732	1.1503	761.77	-0.051873	6.4458e-05	0.097681	supercritical
1411.4	454.00	112.80	0.0088652	1062.8	1465.3	6.3997	0.87741	1.1504	761.99	-0.051894	6.4485e-05	0.097730	supercritical
1412.4	454.00	112.73	0.0088710	1063.7	1466.4	6.4005	0.87749	1.1504	762.21	-0.051916	6.4511e-05	0.097779	supercritical
1413.4	454.00	112.65	0.0088769	1064.6	1467.6	6.4013	0.87757	1.1505	762.42	-0.051938	6.4538e-05	0.097828	supercritical
1414.4	454.00	112.58	0.0088827	1065.4	1468.7	6.4021	0.87765	1.1505	762.64	-0.051959	6.4564e-05	0.097877	supercritical
1415.4	454.00	112.50	0.0088886	1066.3	1469.9	6.4029	0.87774	1.1506	762.86	-0.051981	6.4591e-05	0.097925	supercritical
1416.4	454.00	112.43	0.0088944	1067.2	1471.0	6.4038	0.87782	1.1507	763.07	-0.052003	6.4617e-05	0.097974	supercritical
1417.4	454.00	112.36	0.0089003	1068.1	1472.2	6.4046	0.87790	1.1507	763.29	-0.052024	6.4643e-05	0.098023	supercritical
1418.4	454.00	112.28	0.0089062	1069.0	1473.3	6.4054	0.87798	1.1508	763.51	-0.052046	6.4670e-05	0.098072	supercritical
1419.4	454.00	112.21	0.0089120	1069.9	1474.5	6.4062	0.87807	1.1509	763.72	-0.052067	6.4696e-05	0.098121	supercritical
1420.4	454.00	112.13	0.0089179	1070.7	1475.6	6.4070	0.87815	1.1509	763.94	-0.052089	6.4723e-05	0.098170	supercritical
1421.4	454.00	112.06	0.0089237	1071.6	1476.8	6.4078	0.87823	1.1510	764.16	-0.052110	6.4749e-05	0.098218	supercritical
1422.4	454.00	111.99	0.0089296	1072.5	1477.9	6.4086	0.87831	1.1510	764.37	-0.052131	6.4775e-05	0.098267	supercritical
1423.4	454.00	111.91	0.0089354	1073.4	1479.1	6.4094	0.87840	1.1511	764.59	-0.052153	6.4802e-05	0.098316	supercritical
1424.4	454.00	111.84	0.0089413	1074.3	1480.2	6.4102	0.87848	1.1512	764.80	-0.052174	6.4828e-05	0.098365	supercritical
1425.4	454.00	111.77	0.0089472	1075.2	1481.4	6.4110	0.87856	1.1512	765.02	-0.052195	6.4854e-05	0.098414	supercritical
1426.4	454.00	111.69	0.0089530	1076.1	1482.5	6.4119	0.87864	1.1513	765.24	-0.052217	6.4881e-05	0.098463	supercritical
1427.4	454.00	111.62	0.0089589	1076.9	1483.7	6.4127	0.87873	1.1514	765.45	-0.052238	6.4907e-05	0.098511	supercritical
1428.4	454.00	111.55	0.0089647	1077.8	1484.8	6.4135	0.87881	1.1514	765.67	-0.052259	6.4933e-05	0.098560	supercritical
1429.4	454.00	111.48	0.0089706	1078.7	1486.0	6.4143	0.87889	1.1515	765.88	-0.052280	6.4960e-05	0.098609	supercritical
1430.4	454.00	111.40	0.0089764	1079.6	1487.1	6.4151	0.87897	1.1516	766.10	-0.052301	6.4986e-05	0.098658	supercritical
1431.4	454.00	111.33	0.0089823	1080.5	1488.3	6.4159	0.87905	1.1516	766.31	-0.052322	6.5012e-05	0.098707	supercritical
1432.4	454.00	111.26	0.0089881	1081.4	1489.4	6.4167	0.87914	1.1517	766.53	-0.052343	6.5039e-05	0.098755	supercritical
1433.4	454.00	111.19	0.0089940	1082.3	1490.6	6.4175	0.87922	1.1517	766.75	-0.052364	6.5065e-05	0.098804	supercritical
1434.4	454.00	111.11	0.0089998	1083.1	1491.7	6.4183	0.87930	1.1518	766.96	-0.052385	6.5091e-05	0.098853	supercritical
1435.4	454.00	111.04	0.0090057	1084.0	1492.9	6.4191	0.87938	1.1519	767.18	-0.052406	6.5118e-05	0.098902	supercritical
1436.4	454.00	110.97	0.0090116	1084.9	1494.0	6.4199	0.87946	1.1519	767.39	-0.052427	6.5144e-05	0.098951	supercritical
1437.4	454.00	110.90	0.0090174	1085.8	1495.2	6.4207	0.87954	1.1520	767.61	-0.052448	6.5170e-05	0.098999	supercritical
1438.4	454.00	110.82	0.0090233	1086.7	1496.3	6.4215	0.87963	1.1521	767.82	-0.052469	6.5197e-05	0.099048	supercritical
1439.4	454.00	110.75	0.0090291	1087.6	1497.5	6.4223	0.87971	1.1521	768.04	-0.052489	6.5223e-05	0.099097	supercritical
1440.4	454.00	110.68	0.0090350	1088.5	1498.6	6.4231	0.87979	1.1522	768.25	-0.052510	6.5249e-05	0.099146	supercritical
1441.4	454.00	110.61	0.0090408	1089.3	1499.8	6.4239	0.87987	1.1522	768.47	-0.052531	6.5276e-05	0.099194	supercritical
1442.4	454.00	110.54	0.0090467	1090.2	1501.0	6.4247	0.87995	1.1523	768.68	-0.052552	6.5302e-05	0.099243	supercritical
1443.4	454.00	110.47	0.0090525	1091.1	1502.1	6.4255	0.88003	1.1524	768.90	-0.052572	6.5328e-05	0.099292	supercritical
1444.4	454.00	110.40	0.0090584	1092.0	1503.3	6.4263	0.88011	1.1524	769.11	-0.052593	6.5354e-05	0.099341	supercritical
1445.4	454.00	110.32	0.0090642	1092.9	1504.4	6.4271	0.88020	1.1525	769.32	-0.052613	6.5381e-05	0.099389	supercritical
1446.4	454.00	110.25	0.0090701	1093.8	1505.6	6.4279	0.88028	1.1526	769.54	-0.052634	6.5407e-05	0.099438	supercritical
1447.4	454.00	110.18	0.0090759	1094.7	1506.7	6.4287	0.88036	1.1526	769.75	-0.052654	6.5433e-05	0.099487	supercritical
1448.4	454.00	110.11	0.0090818	1095.6	1507.9	6.4295	0.88044	1.1527	769.97	-0.052675	6.5460e-05	0.099536	supercritical
1449.4	454.00	110.04	0.0090876	1096.4	1509.0	6.4303	0.88052	1.1527	770.18	-0.052695	6.5486e-05	0.099584	supercritical
1450.4	454.00	109.97	0.0090935	1097.3	1510.2	6.4311	0.88060	1.1528	770.40	-0.052716	6.5512e-05	0.099633	supercritical
1451.4	454.00	109.90	0.0090993	1098.2	1511.3	6.4319	0.88068	1.1529	770.61	-0.052736	6.5538e-05	0.099682	supercritical
1452.4	454.00	109.83	0.0091052	1099.1	1512.5	6.4327	0.88076	1.1529	770.82	-0.052757	6.5565e-05	0.099731	supercritical
1453.4	454.00	109.76	0.0091110	1100.0	1513.6	6.4335	0.88084	1.1530	771.04	-0.052777	6.5591e-05	0.099779	supercritical
1454.4	454.00	109.69	0.0091169	1100.9	1514.8	6.4343	0.88093	1.1531	771.25	-0.052797	6.5617e-05	0.099828	supercritical
1455.4	454.00	109.62	0.0091227	1101.8	1515.9	6.4350	0.88101	1.1531	771.47	-0.052817	6.5643e-05	0.099877	supercritical
1456.4	454.00	109.55	0.0091286	1102.7	1517.1	6.4358	0.88109	1.1532	771.68	-0.052838	6.5669e-05	0.099925	supercritical
1457.4	454.00	109.48	0.0091344	1103.5	1518.2	6.4366	0.88117	1.1532	771.89	-0.052858	6.5696e-05	0.099974	supercritical
1458.4	454.00	109.41	0.0091403	1104.4	1519.4	6.4374	0.88125	1.1533	772.11	-0.052878	6.5722e-05	0.10002	supercritical
1459.4	454.00	109.34	0.0091461	1105.3	1520.5	6.4382	0.88133	1.1534	772.32	-0.052898	6.5748e-05	0.10007	supercritical
1460.4	454.00	109.27	0.0091520	1106.2	1521.7	6.4390	0.88141	1.1534	772.54	-0.052918	6.5774e-05	0.10012	supercritical
1461.4	454.00	109.20	0.0091578	1107.1	1522.9	6.4398	0.88149	1.1535	772.75	-0.052938	6.5801e-05	0.10017	supercritical
1462.4	454.00	109.13	0.0091637	1108.0	1524.0	6.4406	0.88157	1.1536	772.96	-0.052958	6.5827e-05	0.10022	supercritical
1463.4	454.00	109.06	0.0091695	1108.9	1525.2	6.4414	0.88165	1.1536	773.18	-0.052978	6.5853e-05	0.10027	supercritical
1464.4	454.00	108.99	0.0091754	1109.8	1526.3	6.4422	0.88173	1.1537	773.39	-0.052998	6.5879e-05	0.10032	supercritical
1465.4	454.00	108.92	0.0091812	1110.6	1527.5	6.4429	0.88181	1.1537	773.60	-0.053018	6.5905e-05	0.10036	supercritical
1466.4	454.00	108.85	0.0091871	1111.5	1528.6	6.4437	0.88189	1.1538	773.82	-0.053038	6.5931e-05	0.10041	supercritical
1467.4	454.00	108.78	0.0091929	1112.4	1529.8	6.4445	0.88197	1.1539	774.03	-0.053058	6.5958e-05	0.10046	supercritical
1468.4	454.00	108.71	0.0091988	1113.3	1530.9	6.4453	0.88205	1.1539	774.24	-0.053078	6.5984e-05	0.10051	supercritical
1469.4	454.00	108.64	0.0092046	1114.2	1532.1	6.4461	0.88213	1.1540	774.45	-0.053098	6.6010e-05	0.10056	supercritical
1470.4	454.00	108.57	0.0092105	1115.1	1533.2	6.4469	0.88221	1.1541	774.67	-0.053117	6.6036e-05	0.10061	supercritical
1471.4	454.00	108.50	0.0092163	1116.0	1534.4	6.4477	0.88229	1.1541	774.88	-0.053137	6.6062e-05	0.10066	supercritical
1472.4	454.00	108.43	0.0092222	1116.9	1535.5	6.4484	0.88237	1.1542	775.09	-0.053157	6.6088e-05	0.10070	supercritical
1473.4	454.00	108.37	0.0092280	1117.8	1536.7	6.4492	0.88245	1.1542	775.31	-0.053176	6.6115e-05	0.10075	supercritical
1474.4	454.00	108.30	0.0092339	1118.6	1537.9	6.4500	0.88253	1.1543	775.52	-0.053196	6.6141e-05	0.10080	supercritical
1475.4	454.00	108.23	0.0092397	1119.5	1539.0	6.4508	0.88261	1.1544	775.73	-0.053216	6.6167e-05	0.10085	supercritical
1476.4	454.00	108.16	0.0092455	1120.4	1540.2	6.4516	0.88269	1.1544	775.94	-0.053235	6.6193e-05	0.10090	supercritical
1477.4	454.00	108.09	0.0092514	1121.3	1541.3	6.4524	0.88277	1.1545	776.16	-0.053255	6.6219e-05	0.10095	supercritical
1478.4	454.00	108.02	0.0092572	1122.2	1542.5	6.4531	0.88285	1.1546	776.37	-0.053274	6.6245e-05	0.10100	supercritical
1479.4	454.00	107.96	0.0092631	1123.1	1543.6	6.4539	0.88293	1.1546	776.58	-0.053294	6.6271e-05	0.10105	supercritical
1480.4	454.00	107.89	0.0092689	1124.0	1544.8	6.4547	0.88301	1.1547	776.79	-0.053313	6.6297e-05	0.10109	supercritical
1481.4	454.00	107.82	0.0092748	1124.9	1545.9	6.4555	0.88309	1.1547	777.00	-0.053333	6.6324e-05	0.10114	supercritical
1482.4	454.00	107.75	0.0092806	1125.8	1547.1	6.4563	0.88317	1.1548	777.22	-0.053352	6.6350e-05	0.10119	supercritical
1483.4	454.00	107.68	0.0092865	1126.6	1548.2	6.4570	0.88325	1.1549	777.43	-0.053371	6.6376e-05	0.10124	supercritical
1484.4	454.00	107.62	0.0092923	1127.5	1549.4	6.4578	0.88333	1.1549	777.64	-0.053391	6.6402e-05	0.10129	supercritical
1485.4	454.00	107.55	0.0092982	1128.4	1550.6	6.4586	0.88341	1.1550	777.85	-0.053410	6.6428e-05	0.10134	supercritical
1486.4	454.00	107.48	0.0093040	1129.3	1551.7	6.4594	0.88349	1.1551	778.06	-0.053429	6.6454e-05	0.10139	supercritical
1487.4	454.00	107.41	0.0093098	1130.2	1552.9	6.4601	0.88357	1.1551	778.28	-0.053449	6.6480e-05	0.10143	supercritical
1488.4	454.00	107.35	0.0093157	1131.1	1554.0	6.4609	0.88365	1.1552	778.49	-0.053468	6.6506e-05	0.10148	supercritical
1489.4	454.00	107.28	0.0093215	1132.0	1555.2	6.4617	0.88373	1.1552	778.70	-0.053487	6.6532e-05	0.10153	supercritical
1490.4	454.00	107.21	0.0093274	1132.9	1556.3	6.4625	0.88380	1.1553	778.91	-0.053506	6.6558e-05	0.10158	supercritical
1491.4	454.00	107.14	0.0093332	1133.8	1557.5	6.4633	0.88388	1.1554	779.12	-0.053525	6.6585e-05	0.10163	supercritical
1492.4	454.00	107.08	0.0093391	1134.7	1558.6	6.4640	0.88396	1.1554	779.33	-0.053544	6.6611e-05	0.10168	supercritical
1493.4	454.00	107.01	0.0093449	1135.5	1559.8	6.4648	0.88404	1.1555	779.55	-0.053563	6.6637e-05	0.10173	supercritical
1494.4	454.00	106.94	0.0093507	1136.4	1561.0	6.4656	0.88412	1.1556	779.76	-0.053582	6.6663e-05	0.10177	supercritical
1495.4	454.00	106.88	0.0093566	1137.3	1562.1	6.4663	0.88420	1.1556	779.97	-0.053601	6.6689e-05	0.10182	supercritical
1496.4	454.00	106.81	0.0093624	1138.2	1563.3	6.4671	0.88428	1.1557	780.18	-0.053620	6.6715e-05	0.10187	supercritical
1497.4	454.00	106.74	0.0093683	1139.1	1564.4	6.4679	0.88436	1.1557	780.39	-0.053639	6.6741e-05	0.10192	supercritical
1498.4	454.00	106.68	0.0093741	1140.0	1565.6	6.4687	0.88444	1.1558	780.60	-0.053658	6.6767e-05	0.10197	supercritical
1499.4	454.00	106.61	0.0093800	1140.9	1566.7	6.4694	0.88452	1.1559	780.81	-0.053677	6.6793e-05	0.10202	supercritical
1500.4	454.00	106.54	0.0093858	1141.8	1567.9	6.4702	0.88460	1.1559	781.02	-0.053696	6.6819e-05	0.10207	supercritical
1501.4	454.00	106.48	0.0093916	1142.7	1569.0	6.4710	0.88467	1.1560	781.23	-0.053715	6.6845e-05	0.10211	supercritical
1502.4	454.00	106.41	0.0093975	1143.6	1570.2	6.4717	0.88475	1.1561	781.45	-0.053733	6.6871e-05	0.10216	supercritical
1503.4	454.00	106.35	0.0094033	1144.4	1571.4	6.4725	0.88483	1.1561	781.66	-0.053752	6.6897e-05	0.10221	supercritical
1504.4	454.00	106.28	0.0094092	1145.3	1572.5	6.4733	0.88491	1.1562	781.87	-0.053771	6.6923e-05	0.10226	supercritical
1505.4	454.00	106.21	0.0094150	1146.2	1573.7	6.4740	0.88499	1.1562	782.08	-0.053790	6.6949e-05	0.10231	supercritical
1506.4	454.00	106.15	0.0094208	1147.1	1574.8	6.4748	0.88507	1.1563	782.29	-0.053808	6.6975e-05	0.10236	supercritical
1507.4	454.00	106.08	0.0094267	1148.0	1576.0	6.4756	0.88515	1.1564	782.50	-0.053827	6.7001e-05	0.10241	supercritical
1508.4	454.00	106.02	0.0094325	1148.9	1577.1	6.4764	0.88522	1.1564	782.71	-0.053846	6.7027e-05	0.10245	supercritical
1509.4	454.00	105.95	0.0094384	1149.8	1578.3	6.4771	0.88530	1.1565	782.92	-0.053864	6.7053e-05	0.10250	supercritical
1510.4	454.00	105.88	0.0094442	1150.7	1579.5	6.4779	0.88538	1.1566	783.13	-0.053883	6.7079e-05	0.10255	supercritical
1511.4	454.00	105.82	0.0094501	1151.6	1580.6	6.4786	0.88546	1.1566	783.34	-0.053901	6.7105e-05	0.10260	supercritical
1512.4	454.00	105.75	0.0094559	1152.5	1581.8	6.4794	0.88554	1.1567	783.55	-0.053920	6.7131e-05	0.10265	supercritical
1513.4	454.00	105.69	0.0094617	1153.4	1582.9	6.4802	0.88562	1.1567	783.76	-0.053938	6.7157e-05	0.10270	supercritical
1514.4	454.00	105.62	0.0094676	1154.3	1584.1	6.4809	0.88569	1.1568	783.97	-0.053956	6.7183e-05	0.10275	supercritical
1515.4	454.00	105.56	0.0094734	1155.1	1585.2	6.4817	0.88577	1.1569	784.18	-0.053975	6.7209e-05	0.10279	supercritical
1516.4	454.00	105.49	0.0094793	1156.0	1586.4	6.4825	0.88585	1.1569	784.39	-0.053993	6.7235e-05	0.10284	supercritical
1517.4	454.00	105.43	0.0094851	1156.9	1587.5	6.4832	0.88593	1.1570	784.60	-0.054012	6.7261e-05	0.10289	supercritical
1518.4	454.00	105.36	0.0094909	1157.8	1588.7	6.4840	0.88601	1.1571	784.81	-0.054030	6.7287e-05	0.10294	supercritical
1519.4	454.00	105.30	0.0094968	1158.7	1589.9	6.4848	0.88609	1.1571	785.02	-0.054048	6.7313e-05	0.10299	supercritical
1520.4	454.00	105.23	0.0095026	1159.6	1591.0	6.4855	0.88616	1.1572	785.23	-0.054066	6.7339e-05	0.10304	supercritical
1521.4	454.00	105.17	0.0095084	1160.5	1592.2	6.4863	0.88624	1.1572	785.44	-0.054085	6.7365e-05	0.10309	supercritical
1522.4	454.00	105.11	0.0095143	1161.4	1593.3	6.4870	0.88632	1.1573	785.65	-0.054103	6.7391e-05	0.10313	supercritical
1523.4	454.00	105.04	0.0095201	1162.3	1594.5	6.4878	0.88640	1.1574	785.86	-0.054121	6.7417e-05	0.10318	supercritical
1524.4	454.00	104.98	0.0095260	1163.2	1595.7	6.4886	0.88648	1.1574	786.07	-0.054139	6.7442e-05	0.10323	supercritical
1525.4	454.00	104.91	0.0095318	1164.1	1596.8	6.4893	0.88655	1.1575	786.28	-0.054157	6.7468e-05	0.10328	supercritical
1526.4	454.00	104.85	0.0095376	1165.0	1598.0	6.4901	0.88663	1.1576	786.49	-0.054175	6.7494e-05	0.10333	supercritical
1527.4	454.00	104.78	0.0095435	1165.8	1599.1	6.4908	0.88671	1.1576	786.69	-0.054193	6.7520e-05	0.10338	supercritical
1528.4	454.00	104.72	0.0095493	1166.7	1600.3	6.4916	0.88679	1.1577	786.90	-0.054211	6.7546e-05	0.10342	supercritical
1529.4	454.00	104.66	0.0095551	1167.6	1601.4	6.4924	0.88687	1.1577	787.11	-0.054229	6.7572e-05	0.10347	supercritical
1530.4	454.00	104.59	0.0095610	1168.5	1602.6	6.4931	0.88694	1.1578	787.32	-0.054247	6.7598e-05	0.10352	supercritical
1531.4	454.00	104.53	0.0095668	1169.4	1603.8	6.4939	0.88702	1.1579	787.53	-0.054265	6.7624e-05	0.10357	supercritical
1532.4	454.00	104.46	0.0095727	1170.3	1604.9	6.4946	0.88710	1.1579	787.74	-0.054283	6.7650e-05	0.10362	supercritical
1533.4	454.00	104.40	0.0095785	1171.2	1606.1	6.4954	0.88718	1.1580	787.95	-0.054301	6.7676e-05	0.10367	supercritical
1534.4	454.00	104.34	0.0095843	1172.1	1607.2	6.4961	0.88725	1.1581	788.16	-0.054319	6.7702e-05	0.10372	supercritical
1535.4	454.00	104.27	0.0095902	1173.0	1608.4	6.4969	0.88733	1.1581	788.37	-0.054337	6.7727e-05	0.10376	supercritical
1536.4	454.00	104.21	0.0095960	1173.9	1609.5	6.4976	0.88741	1.1582	788.57	-0.054354	6.7753e-05	0.10381	supercritical
1537.4	454.00	104.15	0.0096018	1174.8	1610.7	6.4984	0.88749	1.1582	788.78	-0.054372	6.7779e-05	0.10386	supercritical
1538.4	454.00	104.08	0.0096077	1175.7	1611.9	6.4991	0.88756	1.1583	788.99	-0.054390	6.7805e-05	0.10391	supercritical
1539.4	454.00	104.02	0.0096135	1176.6	1613.0	6.4999	0.88764	1.1584	789.20	-0.054408	6.7831e-05	0.10396	supercritical
1540.4	454.00	103.96	0.0096193	1177.5	1614.2	6.5007	0.88772	1.1584	789.41	-0.054425	6.7857e-05	0.10401	supercritical
1541.4	454.00	103.89	0.0096252	1178.4	1615.3	6.5014	0.88780	1.1585	789.62	-0.054443	6.7883e-05	0.10405	supercritical
1542.4	454.00	103.83	0.0096310	1179.2	1616.5	6.5022	0.88787	1.1586	789.83	-0.054461	6.7908e-05	0.10410	supercritical
1543.4	454.00	103.77	0.0096369	1180.1	1617.7	6.5029	0.88795	1.1586	790.03	-0.054478	6.7934e-05	0.10415	supercritical
1544.4	454.00	103.71	0.0096427	1181.0	1618.8	6.5037	0.88803	1.1587	790.24	-0.054496	6.7960e-05	0.10420	supercritical
1545.4	454.00	103.64	0.0096485	1181.9	1620.0	6.5044	0.88811	1.1587	790.45	-0.054513	6.7986e-05	0.10425	supercritical
1546.4	454.00	103.58	0.0096544	1182.8	1621.1	6.5052	0.88818	1.1588	790.66	-0.054531	6.8012e-05	0.10430	supercritical
1547.4	454.00	103.52	0.0096602	1183.7	1622.3	6.5059	0.88826	1.1589	790.87	-0.054548	6.8038e-05	0.10435	supercritical
1548.4	454.00	103.46	0.0096660	1184.6	1623.4	6.5067	0.88834	1.1589	791.07	-0.054566	6.8064e-05	0.10439	supercritical
1549.4	454.00	103.39	0.0096719	1185.5	1624.6	6.5074	0.88841	1.1590	791.28	-0.054583	6.8089e-05	0.10444	supercritical
1550.4	454.00	103.33	0.0096777	1186.4	1625.8	6.5081	0.88849	1.1591	791.49	-0.054601	6.8115e-05	0.10449	supercritical
1551.4	454.00	103.27	0.0096835	1187.3	1626.9	6.5089	0.88857	1.1591	791.70	-0.054618	6.8141e-05	0.10454	supercritical
1552.4	454.00	103.21	0.0096894	1188.2	1628.1	6.5096	0.88865	1.1592	791.90	-0.054635	6.8167e-05	0.10459	supercritical
1553.4	454.00	103.14	0.0096952	1189.1	1629.2	6.5104	0.88872	1.1592	792.11	-0.054653	6.8193e-05	0.10464	supercritical
1554.4	454.00	103.08	0.0097010	1190.0	1630.4	6.5111	0.88880	1.1593	792.32	-0.054670	6.8218e-05	0.10468	supercritical
1555.4	454.00	103.02	0.0097069	1190.9	1631.6	6.5119	0.88888	1.1594	792.53	-0.054687	6.8244e-05	0.10473	supercritical
1556.4	454.00	102.96	0.0097127	1191.8	1632.7	6.5126	0.88895	1.1594	792.73	-0.054704	6.8270e-05	0.10478	supercritical
1557.4	454.00	102.90	0.0097185	1192.7	1633.9	6.5134	0.88903	1.1595	792.94	-0.054722	6.8296e-05	0.10483	supercritical
1558.4	454.00	102.83	0.0097244	1193.6	1635.0	6.5141	0.88911	1.1596	793.15	-0.054739	6.8322e-05	0.10488	supercritical
1559.4	454.00	102.77	0.0097302	1194.4	1636.2	6.5149	0.88918	1.1596	793.36	-0.054756	6.8347e-05	0.10493	supercritical
1560.4	454.00	102.71	0.0097360	1195.3	1637.4	6.5156	0.88926	1.1597	793.56	-0.054773	6.8373e-05	0.10497	supercritical
1561.4	454.00	102.65	0.0097419	1196.2	1638.5	6.5163	0.88934	1.1597	793.77	-0.054790	6.8399e-05	0.10502	supercritical
1562.4	454.00	102.59	0.0097477	1197.1	1639.7	6.5171	0.88941	1.1598	793.98	-0.054807	6.8425e-05	0.10507	supercritical
1563.4	454.00	102.53	0.0097535	1198.0	1640.8	6.5178	0.88949	1.1599	794.18	-0.054824	6.8451e-05	0.10512	supercritical
1564.4	454.00	102.47	0.0097594	1198.9	1642.0	6.5186	0.88957	1.1599	794.39	-0.054841	6.8476e-05	0.10517	supercritical
1565.4	454.00	102.40	0.0097652	1199.8	1643.2	6.5193	0.88964	1.1600	794.60	-0.054858	6.8502e-05	0.10522	supercritical
1566.4	454.00	102.34	0.0097710	1200.7	1644.3	6.5201	0.88972	1.1600	794.80	-0.054875	6.8528e-05	0.10527	supercritical
1567.4	454.00	102.28	0.0097769	1201.6	1645.5	6.5208	0.88980	1.1601	795.01	-0.054892	6.8554e-05	0.10531	supercritical
1568.4	454.00	102.22	0.0097827	1202.5	1646.6	6.5215	0.88987	1.1602	795.22	-0.054909	6.8579e-05	0.10536	supercritical
1569.4	454.00	102.16	0.0097885	1203.4	1647.8	6.5223	0.88995	1.1602	795.42	-0.054926	6.8605e-05	0.10541	supercritical
1570.4	454.00	102.10	0.0097943	1204.3	1649.0	6.5230	0.89003	1.1603	795.63	-0.054943	6.8631e-05	0.10546	supercritical
1571.4	454.00	102.04	0.0098002	1205.2	1650.1	6.5238	0.89010	1.1604	795.84	-0.054960	6.8657e-05	0.10551	supercritical
1572.4	454.00	101.98	0.0098060	1206.1	1651.3	6.5245	0.89018	1.1604	796.04	-0.054976	6.8682e-05	0.10556	supercritical
1573.4	454.00	101.92	0.0098118	1207.0	1652.4	6.5252	0.89026	1.1605	796.25	-0.054993	6.8708e-05	0.10560	supercritical
1574.4	454.00	101.86	0.0098177	1207.9	1653.6	6.5260	0.89033	1.1605	796.46	-0.055010	6.8734e-05	0.10565	supercritical
1575.4	454.00	101.80	0.0098235	1208.8	1654.8	6.5267	0.89041	1.1606	796.66	-0.055027	6.8760e-05	0.10570	supercritical
1576.4	454.00	101.74	0.0098293	1209.7	1655.9	6.5274	0.89049	1.1607	796.87	-0.055043	6.8785e-05	0.10575	supercritical
1577.4	454.00	101.68	0.0098352	1210.6	1657.1	6.5282	0.89056	1.1607	797.07	-0.055060	6.8811e-05	0.10580	supercritical
1578.4	454.00	101.62	0.0098410	1211.5	1658.2	6.5289	0.89064	1.1608	797.28	-0.055077	6.8837e-05	0.10585	supercritical
1579.4	454.00	101.56	0.0098468	1212.4	1659.4	6.5296	0.89071	1.1609	797.49	-0.055093	6.8862e-05	0.10589	supercritical
1580.4	454.00	101.50	0.0098527	1213.3	1660.6	6.5304	0.89079	1.1609	797.69	-0.055110	6.8888e-05	0.10594	supercritical
1581.4	454.00	101.44	0.0098585	1214.1	1661.7	6.5311	0.89087	1.1610	797.90	-0.055126	6.8914e-05	0.10599	supercritical
1582.4	454.00	101.38	0.0098643	1215.0	1662.9	6.5318	0.89094	1.1610	798.10	-0.055143	6.8940e-05	0.10604	supercritical
1583.4	454.00	101.32	0.0098701	1215.9	1664.0	6.5326	0.89102	1.1611	798.31	-0.055159	6.8965e-05	0.10609	supercritical
1584.4	454.00	101.26	0.0098760	1216.8	1665.2	6.5333	0.89110	1.1612	798.52	-0.055176	6.8991e-05	0.10614	supercritical
1585.4	454.00	101.20	0.0098818	1217.7	1666.4	6.5340	0.89117	1.1612	798.72	-0.055192	6.9017e-05	0.10618	supercritical
1586.4	454.00	101.14	0.0098876	1218.6	1667.5	6.5348	0.89125	1.1613	798.93	-0.055209	6.9042e-05	0.10623	supercritical
1587.4	454.00	101.08	0.0098935	1219.5	1668.7	6.5355	0.89132	1.1614	799.13	-0.055225	6.9068e-05	0.10628	supercritical
1588.4	454.00	101.02	0.0098993	1220.4	1669.9	6.5362	0.89140	1.1614	799.34	-0.055242	6.9094e-05	0.10633	supercritical
1589.4	454.00	100.96	0.0099051	1221.3	1671.0	6.5370	0.89148	1.1615	799.54	-0.055258	6.9119e-05	0.10638	supercritical
1590.4	454.00	100.90	0.0099109	1222.2	1672.2	6.5377	0.89155	1.1615	799.75	-0.055274	6.9145e-05	0.10643	supercritical
1591.4	454.00	100.84	0.0099168	1223.1	1673.3	6.5384	0.89163	1.1616	799.95	-0.055291	6.9171e-05	0.10647	supercritical
1592.4	454.00	100.78	0.0099226	1224.0	1674.5	6.5392	0.89170	1.1617	800.16	-0.055307	6.9196e-05	0.10652	supercritical
1593.4	454.00	100.72	0.0099284	1224.9	1675.7	6.5399	0.89178	1.1617	800.36	-0.055323	6.9222e-05	0.10657	supercritical
1594.4	454.00	100.66	0.0099343	1225.8	1676.8	6.5406	0.89185	1.1618	800.57	-0.055339	6.9248e-05	0.10662	supercritical
1595.4	454.00	100.60	0.0099401	1226.7	1678.0	6.5414	0.89193	1.1619	800.77	-0.055355	6.9273e-05	0.10667	supercritical
1596.4	454.00	100.54	0.0099459	1227.6	1679.1	6.5421	0.89201	1.1619	800.98	-0.055372	6.9299e-05	0.10671	supercritical
1597.4	454.00	100.48	0.0099517	1228.5	1680.3	6.5428	0.89208	1.1620	801.18	-0.055388	6.9325e-05	0.10676	supercritical
1598.4	454.00	100.43	0.0099576	1229.4	1681.5	6.5435	0.89216	1.1620	801.39	-0.055404	6.9350e-05	0.10681	supercritical
1599.4	454.00	100.37	0.0099634	1230.3	1682.6	6.5443	0.89223	1.1621	801.59	-0.055420	6.9376e-05	0.10686	supercritical
1600.4	454.00	100.31	0.0099692	1231.2	1683.8	6.5450	0.89231	1.1622	801.80	-0.055436	6.9401e-05	0.10691	supercritical
1601.4	454.00	100.25	0.0099750	1232.1	1685.0	6.5457	0.89239	1.1622	802.00	-0.055452	6.9427e-05	0.10696	supercritical
1602.4	454.00	100.19	0.0099809	1233.0	1686.1	6.5464	0.89246	1.1623	802.21	-0.055468	6.9453e-05	0.10700	supercritical
1603.4	454.00	100.13	0.0099867	1233.9	1687.3	6.5472	0.89254	1.1624	802.41	-0.055484	6.9478e-05	0.10705	supercritical
1604.4	454.00	100.07	0.0099925	1234.8	1688.4	6.5479	0.89261	1.1624	802.62	-0.055500	6.9504e-05	0.10710	supercritical
1605.4	454.00	100.02	0.0099983	1235.7	1689.6	6.5486	0.89269	1.1625	802.82	-0.055516	6.9530e-05	0.10715	supercritical
1606.4	454.00	99.958	0.010004	1236.6	1690.8	6.5493	0.89276	1.1625	803.02	-0.055532	6.9555e-05	0.10720	supercritical
1607.4	454.00	99.900	0.010010	1237.5	1691.9	6.5501	0.89284	1.1626	803.23	-0.055548	6.9581e-05	0.10725	supercritical
1608.4	454.00	99.842	0.010016	1238.4	1693.1	6.5508	0.89291	1.1627	803.43	-0.055564	6.9606e-05	0.10729	supercritical
1609.4	454.00	99.784	0.010022	1239.3	1694.3	6.5515	0.89299	1.1627	803.64	-0.055580	6.9632e-05	0.10734	supercritical
1610.4	454.00	99.726	0.010027	1240.2	1695.4	6.5522	0.89306	1.1628	803.84	-0.055595	6.9657e-05	0.10739	supercritical
1611.4	454.00	99.668	0.010033	1241.1	1696.6	6.5530	0.89314	1.1628	804.05	-0.055611	6.9683e-05	0.10744	supercritical
1612.4	454.00	99.610	0.010039	1242.0	1697.7	6.5537	0.89322	1.1629	804.25	-0.055627	6.9709e-05	0.10749	supercritical
1613.4	454.00	99.552	0.010045	1242.9	1698.9	6.5544	0.89329	1.1630	804.45	-0.055643	6.9734e-05	0.10754	supercritical
1614.4	454.00	99.495	0.010051	1243.8	1700.1	6.5551	0.89337	1.1630	804.66	-0.055659	6.9760e-05	0.10758	supercritical
1615.4	454.00	99.437	0.010057	1244.7	1701.2	6.5558	0.89344	1.1631	804.86	-0.055674	6.9785e-05	0.10763	supercritical
1616.4	454.00	99.380	0.010062	1245.6	1702.4	6.5566	0.89352	1.1632	805.06	-0.055690	6.9811e-05	0.10768	supercritical
1617.4	454.00	99.322	0.010068	1246.5	1703.6	6.5573	0.89359	1.1632	805.27	-0.055706	6.9837e-05	0.10773	supercritical
1618.4	454.00	99.265	0.010074	1247.4	1704.7	6.5580	0.89367	1.1633	805.47	-0.055721	6.9862e-05	0.10778	supercritical
1619.4	454.00	99.207	0.010080	1248.3	1705.9	6.5587	0.89374	1.1633	805.68	-0.055737	6.9888e-05	0.10782	supercritical
1620.4	454.00	99.150	0.010086	1249.2	1707.1	6.5594	0.89382	1.1634	805.88	-0.055752	6.9913e-05	0.10787	supercritical
1621.4	454.00	99.093	0.010092	1250.1	1708.2	6.5601	0.89389	1.1635	806.08	-0.055768	6.9939e-05	0.10792	supercritical
1622.4	454.00	99.036	0.010097	1251.0	1709.4	6.5609	0.89397	1.1635	806.29	-0.055783	6.9964e-05	0.10797	supercritical
1623.4	454.00	98.979	0.010103	1251.9	1710.5	6.5616	0.89404	1.1636	806.49	-0.055799	6.9990e-05	0.10802	supercritical
1624.4	454.00	98.922	0.010109	1252.8	1711.7	6.5623	0.89412	1.1637	806.69	-0.055814	7.0015e-05	0.10807	supercritical
1625.4	454.00	98.865	0.010115	1253.7	1712.9	6.5630	0.89419	1.1637	806.90	-0.055830	7.0041e-05	0.10811	supercritical
1626.4	454.00	98.808	0.010121	1254.6	1714.0	6.5637	0.89427	1.1638	807.10	-0.055845	7.0066e-05	0.10816	supercritical
1627.4	454.00	98.751	0.010126	1255.5	1715.2	6.5644	0.89434	1.1638	807.30	-0.055861	7.0092e-05	0.10821	supercritical
1628.4	454.00	98.694	0.010132	1256.4	1716.4	6.5652	0.89442	1.1639	807.50	-0.055876	7.0118e-05	0.10826	supercritical
1629.4	454.00	98.637	0.010138	1257.3	1717.5	6.5659	0.89449	1.1640	807.71	-0.055891	7.0143e-05	0.10831	supercritical
1630.4	454.00	98.581	0.010144	1258.2	1718.7	6.5666	0.89457	1.1640	807.91	-0.055907	7.0169e-05	0.10835	supercritical
1631.4	454.00	98.524	0.010150	1259.1	1719.9	6.5673	0.89464	1.1641	808.11	-0.055922	7.0194e-05	0.10840	supercritical
1632.4	454.00	98.468	0.010156	1260.0	1721.0	6.5680	0.89472	1.1642	808.32	-0.055937	7.0220e-05	0.10845	supercritical
1633.4	454.00	98.411	0.010161	1260.9	1722.2	6.5687	0.89479	1.1642	808.52	-0.055953	7.0245e-05	0.10850	supercritical
1634.4	454.00	98.355	0.010167	1261.8	1723.3	6.5694	0.89487	1.1643	808.72	-0.055968	7.0271e-05	0.10855	supercritical
1635.4	454.00	98.299	0.010173	1262.7	1724.5	6.5702	0.89494	1.1643	808.92	-0.055983	7.0296e-05	0.10860	supercritical
1636.4	454.00	98.243	0.010179	1263.6	1725.7	6.5709	0.89502	1.1644	809.13	-0.055998	7.0322e-05	0.10864	supercritical
1637.4	454.00	98.186	0.010185	1264.5	1726.8	6.5716	0.89509	1.1645	809.33	-0.056013	7.0347e-05	0.10869	supercritical
1638.4	454.00	98.130	0.010191	1265.4	1728.0	6.5723	0.89517	1.1645	809.53	-0.056029	7.0373e-05	0.10874	supercritical
1639.4	454.00	98.074	0.010196	1266.3	1729.2	6.5730	0.89524	1.1646	809.73	-0.056044	7.0398e-05	0.10879	supercritical
1640.4	454.00	98.018	0.010202	1267.2	1730.3	6.5737	0.89532	1.1647	809.94	-0.056059	7.0424e-05	0.10884	supercritical
1641.4	454.00	97.962	0.010208	1268.1	1731.5	6.5744	0.89539	1.1647	810.14	-0.056074	7.0449e-05	0.10888	supercritical
1642.4	454.00	97.907	0.010214	1269.0	1732.7	6.5751	0.89547	1.1648	810.34	-0.056089	7.0474e-05	0.10893	supercritical
1643.4	454.00	97.851	0.010220	1269.9	1733.8	6.5758	0.89554	1.1648	810.54	-0.056104	7.0500e-05	0.10898	supercritical
1644.4	454.00	97.795	0.010225	1270.8	1735.0	6.5765	0.89562	1.1649	810.75	-0.056119	7.0525e-05	0.10903	supercritical
1645.4	454.00	97.739	0.010231	1271.7	1736.2	6.5773	0.89569	1.1650	810.95	-0.056134	7.0551e-05	0.10908	supercritical
1646.4	454.00	97.684	0.010237	1272.6	1737.3	6.5780	0.89577	1.1650	811.15	-0.056149	7.0576e-05	0.10913	supercritical
1647.4	454.00	97.628	0.010243	1273.5	1738.5	6.5787	0.89584	1.1651	811.35	-0.056164	7.0602e-05	0.10917	supercritical
1648.4	454.00	97.573	0.010249	1274.4	1739.7	6.5794	0.89591	1.1652	811.55	-0.056179	7.0627e-05	0.10922	supercritical
1649.4	454.00	97.518	0.010255	1275.3	1740.8	6.5801	0.89599	1.1652	811.75	-0.056194	7.0653e-05	0.10927	supercritical
1650.4	454.00	97.462	0.010260	1276.2	1742.0	6.5808	0.89606	1.1653	811.96	-0.056208	7.0678e-05	0.10932	supercritical
1651.4	454.00	97.407	0.010266	1277.1	1743.1	6.5815	0.89614	1.1653	812.16	-0.056223	7.0704e-05	0.10937	supercritical
1652.4	454.00	97.352	0.010272	1278.0	1744.3	6.5822	0.89621	1.1654	812.36	-0.056238	7.0729e-05	0.10941	supercritical
1653.4	454.00	97.297	0.010278	1278.9	1745.5	6.5829	0.89629	1.1655	812.56	-0.056253	7.0754e-05	0.10946	supercritical
1654.4	454.00	97.242	0.010284	1279.8	1746.6	6.5836	0.89636	1.1655	812.76	-0.056268	7.0780e-05	0.10951	supercritical
1655.4	454.00	97.187	0.010289	1280.7	1747.8	6.5843	0.89644	1.1656	812.96	-0.056282	7.0805e-05	0.10956	supercritical
1656.4	454.00	97.132	0.010295	1281.6	1749.0	6.5850	0.89651	1.1657	813.17	-0.056297	7.0831e-05	0.10961	supercritical
1657.4	454.00	97.077	0.010301	1282.5	1750.1	6.5857	0.89659	1.1657	813.37	-0.056312	7.0856e-05	0.10965	supercritical
1658.4	454.00	97.022	0.010307	1283.4	1751.3	6.5864	0.89666	1.1658	813.57	-0.056326	7.0882e-05	0.10970	supercritical
1659.4	454.00	96.967	0.010313	1284.3	1752.5	6.5871	0.89673	1.1658	813.77	-0.056341	7.0907e-05	0.10975	supercritical
1660.4	454.00	96.913	0.010319	1285.2	1753.6	6.5878	0.89681	1.1659	813.97	-0.056356	7.0932e-05	0.10980	supercritical
1661.4	454.00	96.858	0.010324	1286.1	1754.8	6.5885	0.89688	1.1660	814.17	-0.056370	7.0958e-05	0.10985	supercritical
1662.4	454.00	96.803	0.010330	1287.0	1756.0	6.5892	0.89696	1.1660	814.37	-0.056385	7.0983e-05	0.10990	supercritical
1663.4	454.00	96.749	0.010336	1287.9	1757.1	6.5899	0.89703	1.1661	814.57	-0.056400	7.1009e-05	0.10994	supercritical
1664.4	454.00	96.694	0.010342	1288.8	1758.3	6.5906	0.89711	1.1662	814.77	-0.056414	7.1034e-05	0.10999	supercritical
1665.4	454.00	96.640	0.010348	1289.7	1759.5	6.5913	0.89718	1.1662	814.98	-0.056429	7.1059e-05	0.11004	supercritical
1666.4	454.00	96.586	0.010353	1290.6	1760.6	6.5920	0.89725	1.1663	815.18	-0.056443	7.1085e-05	0.11009	supercritical
1667.4	454.00	96.532	0.010359	1291.5	1761.8	6.5927	0.89733	1.1663	815.38	-0.056458	7.1110e-05	0.11014	supercritical
1668.4	454.00	96.477	0.010365	1292.4	1763.0	6.5934	0.89740	1.1664	815.58	-0.056472	7.1136e-05	0.11018	supercritical
1669.4	454.00	96.423	0.010371	1293.3	1764.1	6.5941	0.89748	1.1665	815.78	-0.056486	7.1161e-05	0.11023	supercritical
1670.4	454.00	96.369	0.010377	1294.2	1765.3	6.5948	0.89755	1.1665	815.98	-0.056501	7.1186e-05	0.11028	supercritical
1671.4	454.00	96.315	0.010383	1295.1	1766.5	6.5955	0.89762	1.1666	816.18	-0.056515	7.1212e-05	0.11033	supercritical
1672.4	454.00	96.261	0.010388	1296.0	1767.6	6.5962	0.89770	1.1667	816.38	-0.056530	7.1237e-05	0.11038	supercritical
1673.4	454.00	96.207	0.010394	1296.9	1768.8	6.5969	0.89777	1.1667	816.58	-0.056544	7.1262e-05	0.11042	supercritical
1674.4	454.00	96.154	0.010400	1297.8	1770.0	6.5976	0.89785	1.1668	816.78	-0.056558	7.1288e-05	0.11047	supercritical
1675.4	454.00	96.100	0.010406	1298.7	1771.1	6.5983	0.89792	1.1668	816.98	-0.056573	7.1313e-05	0.11052	supercritical
1676.4	454.00	96.046	0.010412	1299.6	1772.3	6.5990	0.89800	1.1669	817.18	-0.056587	7.1338e-05	0.11057	supercritical
1677.4	454.00	95.992	0.010417	1300.5	1773.5	6.5997	0.89807	1.1670	817.38	-0.056601	7.1364e-05	0.11062	supercritical
1678.4	454.00	95.939	0.010423	1301.4	1774.6	6.6004	0.89814	1.1670	817.58	-0.056615	7.1389e-05	0.11066	supercritical
1679.4	454.00	95.885	0.010429	1302.3	1775.8	6.6011	0.89822	1.1671	817.78	-0.056629	7.1414e-05	0.11071	supercritical
1680.4	454.00	95.832	0.010435	1303.2	1777.0	6.6018	0.89829	1.1671	817.98	-0.056644	7.1440e-05	0.11076	supercritical
1681.4	454.00	95.779	0.010441	1304.1	1778.1	6.6025	0.89837	1.1672	818.18	-0.056658	7.1465e-05	0.11081	supercritical
1682.4	454.00	95.725	0.010447	1305.0	1779.3	6.6032	0.89844	1.1673	818.38	-0.056672	7.1490e-05	0.11086	supercritical
1683.4	454.00	95.672	0.010452	1305.9	1780.5	6.6039	0.89851	1.1673	818.58	-0.056686	7.1516e-05	0.11090	supercritical
1684.4	454.00	95.619	0.010458	1306.8	1781.6	6.6046	0.89859	1.1674	818.78	-0.056700	7.1541e-05	0.11095	supercritical
1685.4	454.00	95.566	0.010464	1307.7	1782.8	6.6053	0.89866	1.1675	818.98	-0.056714	7.1566e-05	0.11100	supercritical
1686.4	454.00	95.513	0.010470	1308.6	1784.0	6.6060	0.89873	1.1675	819.18	-0.056728	7.1592e-05	0.11105	supercritical
1687.4	454.00	95.459	0.010476	1309.5	1785.1	6.6067	0.89881	1.1676	819.38	-0.056742	7.1617e-05	0.11110	supercritical
1688.4	454.00	95.407	0.010481	1310.4	1786.3	6.6073	0.89888	1.1676	819.58	-0.056756	7.1642e-05	0.11114	supercritical
1689.4	454.00	95.354	0.010487	1311.4	1787.5	6.6080	0.89896	1.1677	819.78	-0.056770	7.1668e-05	0.11119	supercritical
1690.4	454.00	95.301	0.010493	1312.3	1788.6	6.6087	0.89903	1.1678	819.98	-0.056784	7.1693e-05	0.11124	supercritical
1691.4	454.00	95.248	0.010499	1313.2	1789.8	6.6094	0.89910	1.1678	820.18	-0.056798	7.1718e-05	0.11129	supercritical
1692.4	454.00	95.195	0.010505	1314.1	1791.0	6.6101	0.89918	1.1679	820.38	-0.056812	7.1744e-05	0.11134	supercritical
1693.4	454.00	95.143	0.010511	1315.0	1792.1	6.6108	0.89925	1.1680	820.58	-0.056826	7.1769e-05	0.11138	supercritical
1694.4	454.00	95.090	0.010516	1315.9	1793.3	6.6115	0.89932	1.1680	820.78	-0.056840	7.1794e-05	0.11143	supercritical
1695.4	454.00	95.037	0.010522	1316.8	1794.5	6.6122	0.89940	1.1681	820.97	-0.056854	7.1819e-05	0.11148	supercritical
1696.4	454.00	94.985	0.010528	1317.7	1795.6	6.6129	0.89947	1.1681	821.17	-0.056868	7.1845e-05	0.11153	supercritical
1697.4	454.00	94.933	0.010534	1318.6	1796.8	6.6136	0.89955	1.1682	821.37	-0.056881	7.1870e-05	0.11158	supercritical
1698.4	454.00	94.880	0.010540	1319.5	1798.0	6.6142	0.89962	1.1683	821.57	-0.056895	7.1895e-05	0.11162	supercritical
1699.4	454.00	94.828	0.010545	1320.4	1799.2	6.6149	0.89969	1.1683	821.77	-0.056909	7.1921e-05	0.11167	supercritical
1700.4	454.00	94.776	0.010551	1321.3	1800.3	6.6156	0.89977	1.1684	821.97	-0.056923	7.1946e-05	0.11172	supercritical
1701.4	454.00	94.723	0.010557	1322.2	1801.5	6.6163	0.89984	1.1685	822.17	-0.056936	7.1971e-05	0.11177	supercritical
1702.4	454.00	94.671	0.010563	1323.1	1802.7	6.6170	0.89991	1.1685	822.37	-0.056950	7.1996e-05	0.11182	supercritical
1703.4	454.00	94.619	0.010569	1324.0	1803.8	6.6177	0.89999	1.1686	822.57	-0.056964	7.2022e-05	0.11186	supercritical
1704.4	454.00	94.567	0.010574	1324.9	1805.0	6.6184	0.90006	1.1686	822.76	-0.056977	7.2047e-05	0.11191	supercritical
1705.4	454.00	94.515	0.010580	1325.8	1806.2	6.6190	0.90013	1.1687	822.96	-0.056991	7.2072e-05	0.11196	supercritical
1706.4	454.00	94.463	0.010586	1326.7	1807.3	6.6197	0.90021	1.1688	823.16	-0.057005	7.2097e-05	0.11201	supercritical
1707.4	454.00	94.411	0.010592	1327.6	1808.5	6.6204	0.90028	1.1688	823.36	-0.057018	7.2123e-05	0.11206	supercritical
1708.4	454.00	94.360	0.010598	1328.5	1809.7	6.6211	0.90036	1.1689	823.56	-0.057032	7.2148e-05	0.11210	supercritical
1709.4	454.00	94.308	0.010604	1329.4	1810.8	6.6218	0.90043	1.1690	823.76	-0.057045	7.2173e-05	0.11215	supercritical
1710.4	454.00	94.256	0.010609	1330.3	1812.0	6.6225	0.90050	1.1690	823.96	-0.057059	7.2198e-05	0.11220	supercritical
1711.4	454.00	94.205	0.010615	1331.2	1813.2	6.6232	0.90058	1.1691	824.15	-0.057072	7.2224e-05	0.11225	supercritical
1712.4	454.00	94.153	0.010621	1332.2	1814.3	6.6238	0.90065	1.1691	824.35	-0.057086	7.2249e-05	0.11230	supercritical
1713.4	454.00	94.102	0.010627	1333.1	1815.5	6.6245	0.90072	1.1692	824.55	-0.057099	7.2274e-05	0.11234	supercritical
1714.4	454.00	94.050	0.010633	1334.0	1816.7	6.6252	0.90080	1.1693	824.75	-0.057113	7.2299e-05	0.11239	supercritical
1715.4	454.00	93.999	0.010638	1334.9	1817.9	6.6259	0.90087	1.1693	824.95	-0.057126	7.2325e-05	0.11244	supercritical
1716.4	454.00	93.947	0.010644	1335.8	1819.0	6.6266	0.90094	1.1694	825.14	-0.057140	7.2350e-05	0.11249	supercritical
1717.4	454.00	93.896	0.010650	1336.7	1820.2	6.6272	0.90102	1.1695	825.34	-0.057153	7.2375e-05	0.11254	supercritical
1718.4	454.00	93.845	0.010656	1337.6	1821.4	6.6279	0.90109	1.1695	825.54	-0.057166	7.2400e-05	0.11258	supercritical
1719.4	454.00	93.794	0.010662	1338.5	1822.5	6.6286	0.90116	1.1696	825.74	-0.057180	7.2425e-05	0.11263	supercritical
1720.4	454.00	93.743	0.010668	1339.4	1823.7	6.6293	0.90124	1.1696	825.94	-0.057193	7.2451e-05	0.11268	supercritical
1721.4	454.00	93.692	0.010673	1340.3	1824.9	6.6300	0.90131	1.1697	826.13	-0.057206	7.2476e-05	0.11273	supercritical
1722.4	454.00	93.641	0.010679	1341.2	1826.0	6.6306	0.90138	1.1698	826.33	-0.057220	7.2501e-05	0.11278	supercritical
1723.4	454.00	93.590	0.010685	1342.1	1827.2	6.6313	0.90146	1.1698	826.53	-0.057233	7.2526e-05	0.11282	supercritical
1724.4	454.00	93.539	0.010691	1343.0	1828.4	6.6320	0.90153	1.1699	826.73	-0.057246	7.2551e-05	0.11287	supercritical
1725.4	454.00	93.488	0.010697	1343.9	1829.6	6.6327	0.90160	1.1700	826.92	-0.057259	7.2577e-05	0.11292	supercritical
1726.4	454.00	93.437	0.010702	1344.8	1830.7	6.6334	0.90168	1.1700	827.12	-0.057273	7.2602e-05	0.11297	supercritical
1727.4	454.00	93.387	0.010708	1345.7	1831.9	6.6340	0.90175	1.1701	827.32	-0.057286	7.2627e-05	0.11302	supercritical
1728.4	454.00	93.336	0.010714	1346.6	1833.1	6.6347	0.90182	1.1701	827.52	-0.057299	7.2652e-05	0.11306	supercritical
1729.4	454.00	93.285	0.010720	1347.6	1834.2	6.6354	0.90189	1.1702	827.71	-0.057312	7.2677e-05	0.11311	supercritical
1730.4	454.00	93.235	0.010726	1348.5	1835.4	6.6361	0.90197	1.1703	827.91	-0.057325	7.2702e-05	0.11316	supercritical
1731.4	454.00	93.184	0.010731	1349.4	1836.6	6.6367	0.90204	1.1703	828.11	-0.057338	7.2728e-05	0.11321	supercritical
1732.4	454.00	93.134	0.010737	1350.3	1837.7	6.6374	0.90211	1.1704	828.30	-0.057351	7.2753e-05	0.11325	supercritical
1733.4	454.00	93.083	0.010743	1351.2	1838.9	6.6381	0.90219	1.1705	828.50	-0.057364	7.2778e-05	0.11330	supercritical
1734.4	454.00	93.033	0.010749	1352.1	1840.1	6.6388	0.90226	1.1705	828.70	-0.057377	7.2803e-05	0.11335	supercritical
1735.4	454.00	92.983	0.010755	1353.0	1841.3	6.6394	0.90233	1.1706	828.90	-0.057390	7.2828e-05	0.11340	supercritical
1736.4	454.00	92.933	0.010760	1353.9	1842.4	6.6401	0.90241	1.1707	829.09	-0.057403	7.2853e-05	0.11345	supercritical
1737.4	454.00	92.883	0.010766	1354.8	1843.6	6.6408	0.90248	1.1707	829.29	-0.057416	7.2879e-05	0.11349	supercritical
1738.4	454.00	92.832	0.010772	1355.7	1844.8	6.6415	0.90255	1.1708	829.49	-0.057429	7.2904e-05	0.11354	supercritical
1739.4	454.00	92.782	0.010778	1356.6	1845.9	6.6421	0.90263	1.1708	829.68	-0.057442	7.2929e-05	0.11359	supercritical
1740.4	454.00	92.732	0.010784	1357.5	1847.1	6.6428	0.90270	1.1709	829.88	-0.057455	7.2954e-05	0.11364	supercritical
1741.4	454.00	92.682	0.010790	1358.4	1848.3	6.6435	0.90277	1.1710	830.08	-0.057468	7.2979e-05	0.11369	supercritical
1742.4	454.00	92.633	0.010795	1359.3	1849.5	6.6442	0.90284	1.1710	830.27	-0.057481	7.3004e-05	0.11373	supercritical
1743.4	454.00	92.583	0.010801	1360.2	1850.6	6.6448	0.90292	1.1711	830.47	-0.057494	7.3029e-05	0.11378	supercritical
1744.4	454.00	92.533	0.010807	1361.2	1851.8	6.6455	0.90299	1.1712	830.67	-0.057507	7.3055e-05	0.11383	supercritical
1745.4	454.00	92.483	0.010813	1362.1	1853.0	6.6462	0.90306	1.1712	830.86	-0.057520	7.3080e-05	0.11388	supercritical
1746.4	454.00	92.434	0.010819	1363.0	1854.1	6.6468	0.90314	1.1713	831.06	-0.057532	7.3105e-05	0.11393	supercritical
1747.4	454.00	92.384	0.010824	1363.9	1855.3	6.6475	0.90321	1.1713	831.25	-0.057545	7.3130e-05	0.11397	supercritical
1748.4	454.00	92.334	0.010830	1364.8	1856.5	6.6482	0.90328	1.1714	831.45	-0.057558	7.3155e-05	0.11402	supercritical
1749.4	454.00	92.285	0.010836	1365.7	1857.6	6.6489	0.90335	1.1715	831.65	-0.057571	7.3180e-05	0.11407	supercritical
1750.4	454.00	92.236	0.010842	1366.6	1858.8	6.6495	0.90343	1.1715	831.84	-0.057583	7.3205e-05	0.11412	supercritical
1751.4	454.00	92.186	0.010848	1367.5	1860.0	6.6502	0.90350	1.1716	832.04	-0.057596	7.3230e-05	0.11416	supercritical
1752.4	454.00	92.137	0.010853	1368.4	1861.2	6.6509	0.90357	1.1717	832.24	-0.057609	7.3255e-05	0.11421	supercritical
1753.4	454.00	92.088	0.010859	1369.3	1862.3	6.6515	0.90365	1.1717	832.43	-0.057621	7.3281e-05	0.11426	supercritical
1754.4	454.00	92.038	0.010865	1370.2	1863.5	6.6522	0.90372	1.1718	832.63	-0.057634	7.3306e-05	0.11431	supercritical
1755.4	454.00	91.989	0.010871	1371.1	1864.7	6.6529	0.90379	1.1718	832.82	-0.057647	7.3331e-05	0.11436	supercritical
1756.4	454.00	91.940	0.010877	1372.1	1865.9	6.6535	0.90386	1.1719	833.02	-0.057659	7.3356e-05	0.11440	supercritical
1757.4	454.00	91.891	0.010882	1373.0	1867.0	6.6542	0.90394	1.1720	833.22	-0.057672	7.3381e-05	0.11445	supercritical
1758.4	454.00	91.842	0.010888	1373.9	1868.2	6.6549	0.90401	1.1720	833.41	-0.057684	7.3406e-05	0.11450	supercritical
1759.4	454.00	91.793	0.010894	1374.8	1869.4	6.6555	0.90408	1.1721	833.61	-0.057697	7.3431e-05	0.11455	supercritical
1760.4	454.00	91.744	0.010900	1375.7	1870.5	6.6562	0.90415	1.1722	833.80	-0.057709	7.3456e-05	0.11460	supercritical
1761.4	454.00	91.695	0.010906	1376.6	1871.7	6.6569	0.90423	1.1722	834.00	-0.057722	7.3481e-05	0.11464	supercritical
1762.4	454.00	91.646	0.010912	1377.5	1872.9	6.6575	0.90430	1.1723	834.19	-0.057734	7.3506e-05	0.11469	supercritical
1763.4	454.00	91.598	0.010917	1378.4	1874.1	6.6582	0.90437	1.1723	834.39	-0.057747	7.3531e-05	0.11474	supercritical
1764.4	454.00	91.549	0.010923	1379.3	1875.2	6.6589	0.90445	1.1724	834.58	-0.057759	7.3556e-05	0.11479	supercritical
1765.4	454.00	91.500	0.010929	1380.2	1876.4	6.6595	0.90452	1.1725	834.78	-0.057772	7.3581e-05	0.11483	supercritical
1766.4	454.00	91.452	0.010935	1381.1	1877.6	6.6602	0.90459	1.1725	834.97	-0.057784	7.3606e-05	0.11488	supercritical
1767.4	454.00	91.403	0.010941	1382.0	1878.7	6.6609	0.90466	1.1726	835.17	-0.057797	7.3632e-05	0.11493	supercritical
1768.4	454.00	91.355	0.010946	1383.0	1879.9	6.6615	0.90474	1.1727	835.36	-0.057809	7.3657e-05	0.11498	supercritical
1769.4	454.00	91.306	0.010952	1383.9	1881.1	6.6622	0.90481	1.1727	835.56	-0.057821	7.3682e-05	0.11503	supercritical
1770.4	454.00	91.258	0.010958	1384.8	1882.3	6.6628	0.90488	1.1728	835.76	-0.057834	7.3707e-05	0.11507	supercritical
1771.4	454.00	91.210	0.010964	1385.7	1883.4	6.6635	0.90495	1.1728	835.95	-0.057846	7.3732e-05	0.11512	supercritical
1772.4	454.00	91.161	0.010970	1386.6	1884.6	6.6642	0.90503	1.1729	836.15	-0.057858	7.3757e-05	0.11517	supercritical
1773.4	454.00	91.113	0.010975	1387.5	1885.8	6.6648	0.90510	1.1730	836.34	-0.057871	7.3782e-05	0.11522	supercritical
1774.4	454.00	91.065	0.010981	1388.4	1887.0	6.6655	0.90517	1.1730	836.53	-0.057883	7.3807e-05	0.11526	supercritical
1775.4	454.00	91.017	0.010987	1389.3	1888.1	6.6661	0.90524	1.1731	836.73	-0.057895	7.3832e-05	0.11531	supercritical
1776.4	454.00	90.969	0.010993	1390.2	1889.3	6.6668	0.90532	1.1732	836.92	-0.057907	7.3857e-05	0.11536	supercritical
1777.4	454.00	90.921	0.010999	1391.1	1890.5	6.6675	0.90539	1.1732	837.12	-0.057919	7.3882e-05	0.11541	supercritical
1778.4	454.00	90.873	0.011004	1392.0	1891.6	6.6681	0.90546	1.1733	837.31	-0.057932	7.3907e-05	0.11546	supercritical
1779.4	454.00	90.825	0.011010	1393.0	1892.8	6.6688	0.90553	1.1733	837.51	-0.057944	7.3932e-05	0.11550	supercritical
1780.4	454.00	90.777	0.011016	1393.9	1894.0	6.6694	0.90561	1.1734	837.70	-0.057956	7.3957e-05	0.11555	supercritical
1781.4	454.00	90.729	0.011022	1394.8	1895.2	6.6701	0.90568	1.1735	837.90	-0.057968	7.3982e-05	0.11560	supercritical
1782.4	454.00	90.681	0.011028	1395.7	1896.3	6.6708	0.90575	1.1735	838.09	-0.057980	7.4007e-05	0.11565	supercritical
1783.4	454.00	90.634	0.011033	1396.6	1897.5	6.6714	0.90582	1.1736	838.29	-0.057992	7.4032e-05	0.11569	supercritical
1784.4	454.00	90.586	0.011039	1397.5	1898.7	6.6721	0.90590	1.1737	838.48	-0.058004	7.4057e-05	0.11574	supercritical
1785.4	454.00	90.538	0.011045	1398.4	1899.9	6.6727	0.90597	1.1737	838.67	-0.058016	7.4082e-05	0.11579	supercritical
1786.4	454.00	90.491	0.011051	1399.3	1901.0	6.6734	0.90604	1.1738	838.87	-0.058028	7.4107e-05	0.11584	supercritical
1787.4	454.00	90.443	0.011057	1400.2	1902.2	6.6741	0.90611	1.1738	839.06	-0.058040	7.4132e-05	0.11589	supercritical
1788.4	454.00	90.396	0.011062	1401.1	1903.4	6.6747	0.90619	1.1739	839.26	-0.058052	7.4157e-05	0.11593	supercritical
1789.4	454.00	90.348	0.011068	1402.1	1904.6	6.6754	0.90626	1.1740	839.45	-0.058064	7.4182e-05	0.11598	supercritical
1790.4	454.00	90.301	0.011074	1403.0	1905.7	6.6760	0.90633	1.1740	839.65	-0.058076	7.4207e-05	0.11603	supercritical
1791.4	454.00	90.254	0.011080	1403.9	1906.9	6.6767	0.90640	1.1741	839.84	-0.058088	7.4232e-05	0.11608	supercritical
1792.4	454.00	90.206	0.011086	1404.8	1908.1	6.6773	0.90647	1.1742	840.03	-0.058100	7.4257e-05	0.11612	supercritical
1793.4	454.00	90.159	0.011091	1405.7	1909.3	6.6780	0.90655	1.1742	840.23	-0.058112	7.4282e-05	0.11617	supercritical
1794.4	454.00	90.112	0.011097	1406.6	1910.4	6.6786	0.90662	1.1743	840.42	-0.058124	7.4307e-05	0.11622	supercritical
1795.4	454.00	90.065	0.011103	1407.5	1911.6	6.6793	0.90669	1.1744	840.61	-0.058136	7.4332e-05	0.11627	supercritical
1796.4	454.00	90.018	0.011109	1408.4	1912.8	6.6799	0.90676	1.1744	840.81	-0.058148	7.4357e-05	0.11631	supercritical
1797.4	454.00	89.971	0.011115	1409.3	1914.0	6.6806	0.90684	1.1745	841.00	-0.058159	7.4382e-05	0.11636	supercritical
1798.4	454.00	89.924	0.011121	1410.3	1915.1	6.6813	0.90691	1.1745	841.20	-0.058171	7.4407e-05	0.11641	supercritical
1799.4	454.00	89.877	0.011126	1411.2	1916.3	6.6819	0.90698	1.1746	841.39	-0.058183	7.4432e-05	0.11646	supercritical
1800.4	454.00	89.830	0.011132	1412.1	1917.5	6.6826	0.90705	1.1747	841.58	-0.058195	7.4457e-05	0.11651	supercritical
1801.4	454.00	89.783	0.011138	1413.0	1918.7	6.6832	0.90712	1.1747	841.78	-0.058207	7.4482e-05	0.11655	supercritical
1802.4	454.00	89.737	0.011144	1413.9	1919.8	6.6839	0.90720	1.1748	841.97	-0.058218	7.4506e-05	0.11660	supercritical
1803.4	454.00	89.690	0.011150	1414.8	1921.0	6.6845	0.90727	1.1749	842.16	-0.058230	7.4531e-05	0.11665	supercritical
1804.4	454.00	89.643	0.011155	1415.7	1922.2	6.6852	0.90734	1.1749	842.36	-0.058242	7.4556e-05	0.11670	supercritical
1805.4	454.00	89.597	0.011161	1416.6	1923.3	6.6858	0.90741	1.1750	842.55	-0.058253	7.4581e-05	0.11674	supercritical
1806.4	454.00	89.550	0.011167	1417.5	1924.5	6.6865	0.90748	1.1750	842.74	-0.058265	7.4606e-05	0.11679	supercritical
1807.4	454.00	89.504	0.011173	1418.5	1925.7	6.6871	0.90756	1.1751	842.94	-0.058277	7.4631e-05	0.11684	supercritical
1808.4	454.00	89.457	0.011179	1419.4	1926.9	6.6878	0.90763	1.1752	843.13	-0.058288	7.4656e-05	0.11689	supercritical
1809.4	454.00	89.411	0.011184	1420.3	1928.1	6.6884	0.90770	1.1752	843.32	-0.058300	7.4681e-05	0.11694	supercritical
1810.4	454.00	89.364	0.011190	1421.2	1929.2	6.6891	0.90777	1.1753	843.51	-0.058312	7.4706e-05	0.11698	supercritical
1811.4	454.00	89.318	0.011196	1422.1	1930.4	6.6897	0.90785	1.1754	843.71	-0.058323	7.4731e-05	0.11703	supercritical
1812.4	454.00	89.272	0.011202	1423.0	1931.6	6.6904	0.90792	1.1754	843.90	-0.058335	7.4756e-05	0.11708	supercritical
1813.4	454.00	89.226	0.011208	1423.9	1932.8	6.6910	0.90799	1.1755	844.09	-0.058346	7.4781e-05	0.11713	supercritical
1814.4	454.00	89.179	0.011213	1424.8	1933.9	6.6917	0.90806	1.1755	844.29	-0.058358	7.4806e-05	0.11717	supercritical
1815.4	454.00	89.133	0.011219	1425.8	1935.1	6.6923	0.90813	1.1756	844.48	-0.058369	7.4831e-05	0.11722	supercritical
1816.4	454.00	89.087	0.011225	1426.7	1936.3	6.6930	0.90821	1.1757	844.67	-0.058381	7.4855e-05	0.11727	supercritical
1817.4	454.00	89.041	0.011231	1427.6	1937.5	6.6936	0.90828	1.1757	844.86	-0.058392	7.4880e-05	0.11732	supercritical
1818.4	454.00	88.995	0.011237	1428.5	1938.6	6.6943	0.90835	1.1758	845.06	-0.058404	7.4905e-05	0.11736	supercritical
1819.4	454.00	88.949	0.011242	1429.4	1939.8	6.6949	0.90842	1.1759	845.25	-0.058415	7.4930e-05	0.11741	supercritical
1820.4	454.00	88.903	0.011248	1430.3	1941.0	6.6955	0.90849	1.1759	845.44	-0.058427	7.4955e-05	0.11746	supercritical
1821.4	454.00	88.858	0.011254	1431.2	1942.2	6.6962	0.90857	1.1760	845.63	-0.058438	7.4980e-05	0.11751	supercritical
1822.4	454.00	88.812	0.011260	1432.1	1943.3	6.6968	0.90864	1.1760	845.83	-0.058449	7.5005e-05	0.11756	supercritical
1823.4	454.00	88.766	0.011266	1433.1	1944.5	6.6975	0.90871	1.1761	846.02	-0.058461	7.5030e-05	0.11760	supercritical
1824.4	454.00	88.720	0.011271	1434.0	1945.7	6.6981	0.90878	1.1762	846.21	-0.058472	7.5055e-05	0.11765	supercritical
1825.4	454.00	88.675	0.011277	1434.9	1946.9	6.6988	0.90885	1.1762	846.40	-0.058483	7.5079e-05	0.11770	supercritical
1826.4	454.00	88.629	0.011283	1435.8	1948.0	6.6994	0.90892	1.1763	846.60	-0.058495	7.5104e-05	0.11775	supercritical
1827.4	454.00	88.584	0.011289	1436.7	1949.2	6.7001	0.90900	1.1764	846.79	-0.058506	7.5129e-05	0.11779	supercritical
1828.4	454.00	88.538	0.011295	1437.6	1950.4	6.7007	0.90907	1.1764	846.98	-0.058517	7.5154e-05	0.11784	supercritical
1829.4	454.00	88.493	0.011300	1438.5	1951.6	6.7013	0.90914	1.1765	847.17	-0.058528	7.5179e-05	0.11789	supercritical
1830.4	454.00	88.447	0.011306	1439.4	1952.7	6.7020	0.90921	1.1766	847.36	-0.058540	7.5204e-05	0.11794	supercritical
1831.4	454.00	88.402	0.011312	1440.4	1953.9	6.7026	0.90928	1.1766	847.56	-0.058551	7.5229e-05	0.11798	supercritical
1832.4	454.00	88.357	0.011318	1441.3	1955.1	6.7033	0.90936	1.1767	847.75	-0.058562	7.5254e-05	0.11803	supercritical
1833.4	454.00	88.311	0.011324	1442.2	1956.3	6.7039	0.90943	1.1767	847.94	-0.058573	7.5278e-05	0.11808	supercritical
1834.4	454.00	88.266	0.011329	1443.1	1957.5	6.7046	0.90950	1.1768	848.13	-0.058585	7.5303e-05	0.11813	supercritical
1835.4	454.00	88.221	0.011335	1444.0	1958.6	6.7052	0.90957	1.1769	848.32	-0.058596	7.5328e-05	0.11817	supercritical
1836.4	454.00	88.176	0.011341	1444.9	1959.8	6.7058	0.90964	1.1769	848.51	-0.058607	7.5353e-05	0.11822	supercritical
1837.4	454.00	88.131	0.011347	1445.8	1961.0	6.7065	0.90971	1.1770	848.71	-0.058618	7.5378e-05	0.11827	supercritical
1838.4	454.00	88.086	0.011353	1446.8	1962.2	6.7071	0.90979	1.1771	848.90	-0.058629	7.5403e-05	0.11832	supercritical
1839.4	454.00	88.041	0.011358	1447.7	1963.3	6.7078	0.90986	1.1771	849.09	-0.058640	7.5427e-05	0.11837	supercritical
1840.4	454.00	87.996	0.011364	1448.6	1964.5	6.7084	0.90993	1.1772	849.28	-0.058651	7.5452e-05	0.11841	supercritical
1841.4	454.00	87.951	0.011370	1449.5	1965.7	6.7090	0.91000	1.1772	849.47	-0.058662	7.5477e-05	0.11846	supercritical
1842.4	454.00	87.906	0.011376	1450.4	1966.9	6.7097	0.91007	1.1773	849.66	-0.058673	7.5502e-05	0.11851	supercritical
1843.4	454.00	87.861	0.011382	1451.3	1968.0	6.7103	0.91014	1.1774	849.85	-0.058684	7.5527e-05	0.11856	supercritical
1844.4	454.00	87.817	0.011387	1452.2	1969.2	6.7110	0.91022	1.1774	850.05	-0.058695	7.5552e-05	0.11860	supercritical
1845.4	454.00	87.772	0.011393	1453.1	1970.4	6.7116	0.91029	1.1775	850.24	-0.058706	7.5576e-05	0.11865	supercritical
1846.4	454.00	87.727	0.011399	1454.1	1971.6	6.7122	0.91036	1.1776	850.43	-0.058717	7.5601e-05	0.11870	supercritical
1847.4	454.00	87.683	0.011405	1455.0	1972.8	6.7129	0.91043	1.1776	850.62	-0.058728	7.5626e-05	0.11875	supercritical
1848.4	454.00	87.638	0.011411	1455.9	1973.9	6.7135	0.91050	1.1777	850.81	-0.058739	7.5651e-05	0.11879	supercritical
1849.4	454.00	87.593	0.011416	1456.8	1975.1	6.7141	0.91057	1.1777	851.00	-0.058750	7.5676e-05	0.11884	supercritical
1850.4	454.00	87.549	0.011422	1457.7	1976.3	6.7148	0.91065	1.1778	851.19	-0.058761	7.5701e-05	0.11889	supercritical
1851.4	454.00	87.505	0.011428	1458.6	1977.5	6.7154	0.91072	1.1779	851.38	-0.058772	7.5725e-05	0.11894	supercritical
1852.4	454.00	87.460	0.011434	1459.6	1978.6	6.7161	0.91079	1.1779	851.57	-0.058783	7.5750e-05	0.11898	supercritical
1853.4	454.00	87.416	0.011440	1460.5	1979.8	6.7167	0.91086	1.1780	851.76	-0.058794	7.5775e-05	0.11903	supercritical
1854.4	454.00	87.372	0.011445	1461.4	1981.0	6.7173	0.91093	1.1781	851.96	-0.058804	7.5800e-05	0.11908	supercritical
1855.4	454.00	87.327	0.011451	1462.3	1982.2	6.7180	0.91100	1.1781	852.15	-0.058815	7.5825e-05	0.11913	supercritical
1856.4	454.00	87.283	0.011457	1463.2	1983.4	6.7186	0.91108	1.1782	852.34	-0.058826	7.5849e-05	0.11917	supercritical
1857.4	454.00	87.239	0.011463	1464.1	1984.5	6.7192	0.91115	1.1783	852.53	-0.058837	7.5874e-05	0.11922	supercritical
1858.4	454.00	87.195	0.011469	1465.0	1985.7	6.7199	0.91122	1.1783	852.72	-0.058848	7.5899e-05	0.11927	supercritical
1859.4	454.00	87.151	0.011474	1466.0	1986.9	6.7205	0.91129	1.1784	852.91	-0.058858	7.5924e-05	0.11932	supercritical
1860.4	454.00	87.107	0.011480	1466.9	1988.1	6.7211	0.91136	1.1784	853.10	-0.058869	7.5948e-05	0.11936	supercritical
1861.4	454.00	87.063	0.011486	1467.8	1989.2	6.7218	0.91143	1.1785	853.29	-0.058880	7.5973e-05	0.11941	supercritical
1862.4	454.00	87.019	0.011492	1468.7	1990.4	6.7224	0.91150	1.1786	853.48	-0.058890	7.5998e-05	0.11946	supercritical
1863.4	454.00	86.975	0.011498	1469.6	1991.6	6.7230	0.91158	1.1786	853.67	-0.058901	7.6023e-05	0.11951	supercritical
1864.4	454.00	86.931	0.011503	1470.5	1992.8	6.7237	0.91165	1.1787	853.86	-0.058912	7.6048e-05	0.11955	supercritical
1865.4	454.00	86.887	0.011509	1471.4	1994.0	6.7243	0.91172	1.1788	854.05	-0.058922	7.6072e-05	0.11960	supercritical
1866.4	454.00	86.844	0.011515	1472.4	1995.1	6.7249	0.91179	1.1788	854.24	-0.058933	7.6097e-05	0.11965	supercritical
1867.4	454.00	86.800	0.011521	1473.3	1996.3	6.7256	0.91186	1.1789	854.43	-0.058944	7.6122e-05	0.11970	supercritical
1868.4	454.00	86.756	0.011527	1474.2	1997.5	6.7262	0.91193	1.1789	854.62	-0.058954	7.6147e-05	0.11975	supercritical
1869.4	454.00	86.713	0.011532	1475.1	1998.7	6.7268	0.91200	1.1790	854.81	-0.058965	7.6171e-05	0.11979	supercritical
1870.4	454.00	86.669	0.011538	1476.0	1999.9	6.7275	0.91208	1.1791	855.00	-0.058975	7.6196e-05	0.11984	supercritical
1871.4	454.00	86.626	0.011544	1476.9	2001.0	6.7281	0.91215	1.1791	855.19	-0.058986	7.6221e-05	0.11989	supercritical
1872.4	454.00	86.582	0.011550	1477.9	2002.2	6.7287	0.91222	1.1792	855.38	-0.058997	7.6246e-05	0.11994	supercritical
1873.4	454.00	86.539	0.011556	1478.8	2003.4	6.7293	0.91229	1.1793	855.57	-0.059007	7.6270e-05	0.11998	supercritical
1874.4	454.00	86.495	0.011561	1479.7	2004.6	6.7300	0.91236	1.1793	855.76	-0.059018	7.6295e-05	0.12003	supercritical
1875.4	454.00	86.452	0.011567	1480.6	2005.8	6.7306	0.91243	1.1794	855.95	-0.059028	7.6320e-05	0.12008	supercritical
1876.4	454.00	86.409	0.011573	1481.5	2006.9	6.7312	0.91250	1.1795	856.14	-0.059039	7.6345e-05	0.12013	supercritical
1877.4	454.00	86.365	0.011579	1482.4	2008.1	6.7319	0.91258	1.1795	856.33	-0.059049	7.6369e-05	0.12017	supercritical
1878.4	454.00	86.322	0.011585	1483.4	2009.3	6.7325	0.91265	1.1796	856.52	-0.059059	7.6394e-05	0.12022	supercritical
1879.4	454.00	86.279	0.011590	1484.3	2010.5	6.7331	0.91272	1.1796	856.71	-0.059070	7.6419e-05	0.12027	supercritical
1880.4	454.00	86.236	0.011596	1485.2	2011.7	6.7337	0.91279	1.1797	856.90	-0.059080	7.6443e-05	0.12032	supercritical
1881.4	454.00	86.193	0.011602	1486.1	2012.8	6.7344	0.91286	1.1798	857.09	-0.059091	7.6468e-05	0.12036	supercritical
1882.4	454.00	86.150	0.011608	1487.0	2014.0	6.7350	0.91293	1.1798	857.28	-0.059101	7.6493e-05	0.12041	supercritical
1883.4	454.00	86.107	0.011613	1487.9	2015.2	6.7356	0.91300	1.1799	857.47	-0.059111	7.6518e-05	0.12046	supercritical
1884.4	454.00	86.064	0.011619	1488.9	2016.4	6.7362	0.91307	1.1800	857.66	-0.059122	7.6542e-05	0.12051	supercritical
1885.4	454.00	86.021	0.011625	1489.8	2017.5	6.7369	0.91315	1.1800	857.84	-0.059132	7.6567e-05	0.12055	supercritical
1886.4	454.00	85.978	0.011631	1490.7	2018.7	6.7375	0.91322	1.1801	858.03	-0.059142	7.6592e-05	0.12060	supercritical
1887.4	454.00	85.935	0.011637	1491.6	2019.9	6.7381	0.91329	1.1801	858.22	-0.059153	7.6616e-05	0.12065	supercritical
1888.4	454.00	85.892	0.011642	1492.5	2021.1	6.7388	0.91336	1.1802	858.41	-0.059163	7.6641e-05	0.12070	supercritical
1889.4	454.00	85.850	0.011648	1493.4	2022.3	6.7394	0.91343	1.1803	858.60	-0.059173	7.6666e-05	0.12074	supercritical
1890.4	454.00	85.807	0.011654	1494.4	2023.5	6.7400	0.91350	1.1803	858.79	-0.059184	7.6691e-05	0.12079	supercritical
1891.4	454.00	85.764	0.011660	1495.3	2024.6	6.7406	0.91357	1.1804	858.98	-0.059194	7.6715e-05	0.12084	supercritical
1892.4	454.00	85.722	0.011666	1496.2	2025.8	6.7412	0.91364	1.1805	859.17	-0.059204	7.6740e-05	0.12089	supercritical
1893.4	454.00	85.679	0.011671	1497.1	2027.0	6.7419	0.91372	1.1805	859.36	-0.059214	7.6765e-05	0.12093	supercritical
1894.4	454.00	85.637	0.011677	1498.0	2028.2	6.7425	0.91379	1.1806	859.55	-0.059224	7.6789e-05	0.12098	supercritical
1895.4	454.00	85.594	0.011683	1498.9	2029.4	6.7431	0.91386	1.1807	859.73	-0.059235	7.6814e-05	0.12103	supercritical
1896.4	454.00	85.552	0.011689	1499.9	2030.5	6.7437	0.91393	1.1807	859.92	-0.059245	7.6839e-05	0.12108	supercritical
1897.4	454.00	85.509	0.011695	1500.8	2031.7	6.7444	0.91400	1.1808	860.11	-0.059255	7.6863e-05	0.12112	supercritical
1898.4	454.00	85.467	0.011700	1501.7	2032.9	6.7450	0.91407	1.1808	860.30	-0.059265	7.6888e-05	0.12117	supercritical
1899.4	454.00	85.425	0.011706	1502.6	2034.1	6.7456	0.91414	1.1809	860.49	-0.059275	7.6913e-05	0.12122	supercritical
1900.4	454.00	85.382	0.011712	1503.5	2035.3	6.7462	0.91421	1.1810	860.68	-0.059285	7.6937e-05	0.12127	supercritical
1901.4	454.00	85.340	0.011718	1504.4	2036.4	6.7469	0.91428	1.1810	860.87	-0.059295	7.6962e-05	0.12131	supercritical
1902.4	454.00	85.298	0.011724	1505.4	2037.6	6.7475	0.91435	1.1811	861.05	-0.059305	7.6987e-05	0.12136	supercritical
1903.4	454.00	85.256	0.011729	1506.3	2038.8	6.7481	0.91443	1.1812	861.24	-0.059315	7.7011e-05	0.12141	supercritical
1904.4	454.00	85.214	0.011735	1507.2	2040.0	6.7487	0.91450	1.1812	861.43	-0.059325	7.7036e-05	0.12146	supercritical
1905.4	454.00	85.172	0.011741	1508.1	2041.2	6.7493	0.91457	1.1813	861.62	-0.059335	7.7061e-05	0.12150	supercritical
1906.4	454.00	85.130	0.011747	1509.0	2042.3	6.7500	0.91464	1.1813	861.81	-0.059345	7.7085e-05	0.12155	supercritical
1907.4	454.00	85.088	0.011753	1510.0	2043.5	6.7506	0.91471	1.1814	862.00	-0.059355	7.7110e-05	0.12160	supercritical
1908.4	454.00	85.046	0.011758	1510.9	2044.7	6.7512	0.91478	1.1815	862.18	-0.059365	7.7135e-05	0.12165	supercritical
1909.4	454.00	85.004	0.011764	1511.8	2045.9	6.7518	0.91485	1.1815	862.37	-0.059375	7.7159e-05	0.12169	supercritical
1910.4	454.00	84.962	0.011770	1512.7	2047.1	6.7524	0.91492	1.1816	862.56	-0.059385	7.7184e-05	0.12174	supercritical
1911.4	454.00	84.920	0.011776	1513.6	2048.3	6.7530	0.91499	1.1817	862.75	-0.059395	7.7209e-05	0.12179	supercritical
1912.4	454.00	84.879	0.011782	1514.6	2049.4	6.7537	0.91507	1.1817	862.94	-0.059405	7.7233e-05	0.12184	supercritical
1913.4	454.00	84.837	0.011787	1515.5	2050.6	6.7543	0.91514	1.1818	863.12	-0.059415	7.7258e-05	0.12188	supercritical
1914.4	454.00	84.795	0.011793	1516.4	2051.8	6.7549	0.91521	1.1819	863.31	-0.059425	7.7283e-05	0.12193	supercritical
1915.4	454.00	84.754	0.011799	1517.3	2053.0	6.7555	0.91528	1.1819	863.50	-0.059435	7.7307e-05	0.12198	supercritical
1916.4	454.00	84.712	0.011805	1518.2	2054.2	6.7561	0.91535	1.1820	863.69	-0.059445	7.7332e-05	0.12202	supercritical
1917.4	454.00	84.670	0.011811	1519.1	2055.3	6.7568	0.91542	1.1820	863.87	-0.059454	7.7356e-05	0.12207	supercritical
1918.4	454.00	84.629	0.011816	1520.1	2056.5	6.7574	0.91549	1.1821	864.06	-0.059464	7.7381e-05	0.12212	supercritical
1919.4	454.00	84.587	0.011822	1521.0	2057.7	6.7580	0.91556	1.1822	864.25	-0.059474	7.7406e-05	0.12217	supercritical
1920.4	454.00	84.546	0.011828	1521.9	2058.9	6.7586	0.91563	1.1822	864.44	-0.059484	7.7430e-05	0.12221	supercritical
1921.4	454.00	84.505	0.011834	1522.8	2060.1	6.7592	0.91570	1.1823	864.62	-0.059494	7.7455e-05	0.12226	supercritical
1922.4	454.00	84.463	0.011839	1523.7	2061.3	6.7598	0.91577	1.1824	864.81	-0.059503	7.7479e-05	0.12231	supercritical
1923.4	454.00	84.422	0.011845	1524.7	2062.4	6.7604	0.91584	1.1824	865.00	-0.059513	7.7504e-05	0.12236	supercritical
1924.4	454.00	84.381	0.011851	1525.6	2063.6	6.7611	0.91592	1.1825	865.19	-0.059523	7.7529e-05	0.12240	supercritical
1925.4	454.00	84.339	0.011857	1526.5	2064.8	6.7617	0.91599	1.1825	865.37	-0.059533	7.7553e-05	0.12245	supercritical
1926.4	454.00	84.298	0.011863	1527.4	2066.0	6.7623	0.91606	1.1826	865.56	-0.059542	7.7578e-05	0.12250	supercritical
1927.4	454.00	84.257	0.011868	1528.3	2067.2	6.7629	0.91613	1.1827	865.75	-0.059552	7.7603e-05	0.12255	supercritical
1928.4	454.00	84.216	0.011874	1529.3	2068.3	6.7635	0.91620	1.1827	865.94	-0.059562	7.7627e-05	0.12259	supercritical
1929.4	454.00	84.175	0.011880	1530.2	2069.5	6.7641	0.91627	1.1828	866.12	-0.059571	7.7652e-05	0.12264	supercritical
1930.4	454.00	84.134	0.011886	1531.1	2070.7	6.7647	0.91634	1.1829	866.31	-0.059581	7.7676e-05	0.12269	supercritical
1931.4	454.00	84.093	0.011892	1532.0	2071.9	6.7654	0.91641	1.1829	866.50	-0.059591	7.7701e-05	0.12274	supercritical
1932.4	454.00	84.052	0.011897	1532.9	2073.1	6.7660	0.91648	1.1830	866.68	-0.059600	7.7725e-05	0.12278	supercritical
1933.4	454.00	84.011	0.011903	1533.9	2074.3	6.7666	0.91655	1.1831	866.87	-0.059610	7.7750e-05	0.12283	supercritical
1934.4	454.00	83.970	0.011909	1534.8	2075.4	6.7672	0.91662	1.1831	867.06	-0.059619	7.7775e-05	0.12288	supercritical
1935.4	454.00	83.929	0.011915	1535.7	2076.6	6.7678	0.91669	1.1832	867.24	-0.059629	7.7799e-05	0.12293	supercritical
1936.4	454.00	83.889	0.011921	1536.6	2077.8	6.7684	0.91677	1.1832	867.43	-0.059639	7.7824e-05	0.12297	supercritical
1937.4	454.00	83.848	0.011926	1537.5	2079.0	6.7690	0.91684	1.1833	867.62	-0.059648	7.7848e-05	0.12302	supercritical
1938.4	454.00	83.807	0.011932	1538.5	2080.2	6.7696	0.91691	1.1834	867.81	-0.059658	7.7873e-05	0.12307	supercritical
1939.4	454.00	83.767	0.011938	1539.4	2081.4	6.7702	0.91698	1.1834	867.99	-0.059667	7.7898e-05	0.12312	supercritical
1940.4	454.00	83.726	0.011944	1540.3	2082.5	6.7709	0.91705	1.1835	868.18	-0.059677	7.7922e-05	0.12316	supercritical
1941.4	454.00	83.685	0.011950	1541.2	2083.7	6.7715	0.91712	1.1836	868.36	-0.059686	7.7947e-05	0.12321	supercritical
1942.4	454.00	83.645	0.011955	1542.1	2084.9	6.7721	0.91719	1.1836	868.55	-0.059696	7.7971e-05	0.12326	supercritical
1943.4	454.00	83.604	0.011961	1543.1	2086.1	6.7727	0.91726	1.1837	868.74	-0.059705	7.7996e-05	0.12330	supercritical
1944.4	454.00	83.564	0.011967	1544.0	2087.3	6.7733	0.91733	1.1838	868.92	-0.059714	7.8020e-05	0.12335	supercritical
1945.4	454.00	83.523	0.011973	1544.9	2088.5	6.7739	0.91740	1.1838	869.11	-0.059724	7.8045e-05	0.12340	supercritical
1946.4	454.00	83.483	0.011978	1545.8	2089.6	6.7745	0.91747	1.1839	869.30	-0.059733	7.8069e-05	0.12345	supercritical
1947.4	454.00	83.443	0.011984	1546.7	2090.8	6.7751	0.91754	1.1839	869.48	-0.059743	7.8094e-05	0.12349	supercritical
1948.4	454.00	83.402	0.011990	1547.7	2092.0	6.7757	0.91761	1.1840	869.67	-0.059752	7.8119e-05	0.12354	supercritical
1949.4	454.00	83.362	0.011996	1548.6	2093.2	6.7763	0.91768	1.1841	869.86	-0.059761	7.8143e-05	0.12359	supercritical
1950.4	454.00	83.322	0.012002	1549.5	2094.4	6.7769	0.91775	1.1841	870.04	-0.059771	7.8168e-05	0.12364	supercritical
1951.4	454.00	83.282	0.012007	1550.4	2095.6	6.7775	0.91782	1.1842	870.23	-0.059780	7.8192e-05	0.12368	supercritical
1952.4	454.00	83.242	0.012013	1551.4	2096.8	6.7782	0.91790	1.1843	870.41	-0.059789	7.8217e-05	0.12373	supercritical
1953.4	454.00	83.202	0.012019	1552.3	2097.9	6.7788	0.91797	1.1843	870.60	-0.059799	7.8241e-05	0.12378	supercritical
1954.4	454.00	83.161	0.012025	1553.2	2099.1	6.7794	0.91804	1.1844	870.79	-0.059808	7.8266e-05	0.12383	supercritical
1955.4	454.00	83.121	0.012031	1554.1	2100.3	6.7800	0.91811	1.1844	870.97	-0.059817	7.8290e-05	0.12387	supercritical
1956.4	454.00	83.081	0.012036	1555.0	2101.5	6.7806	0.91818	1.1845	871.16	-0.059827	7.8315e-05	0.12392	supercritical
1957.4	454.00	83.041	0.012042	1556.0	2102.7	6.7812	0.91825	1.1846	871.34	-0.059836	7.8339e-05	0.12397	supercritical
1958.4	454.00	83.002	0.012048	1556.9	2103.9	6.7818	0.91832	1.1846	871.53	-0.059845	7.8364e-05	0.12402	supercritical
1959.4	454.00	82.962	0.012054	1557.8	2105.0	6.7824	0.91839	1.1847	871.72	-0.059854	7.8388e-05	0.12406	supercritical
1960.4	454.00	82.922	0.012060	1558.7	2106.2	6.7830	0.91846	1.1848	871.90	-0.059864	7.8413e-05	0.12411	supercritical
1961.4	454.00	82.882	0.012065	1559.6	2107.4	6.7836	0.91853	1.1848	872.09	-0.059873	7.8437e-05	0.12416	supercritical
1962.4	454.00	82.842	0.012071	1560.6	2108.6	6.7842	0.91860	1.1849	872.27	-0.059882	7.8462e-05	0.12420	supercritical
1963.4	454.00	82.803	0.012077	1561.5	2109.8	6.7848	0.91867	1.1850	872.46	-0.059891	7.8486e-05	0.12425	supercritical
1964.4	454.00	82.763	0.012083	1562.4	2111.0	6.7854	0.91874	1.1850	872.64	-0.059900	7.8511e-05	0.12430	supercritical
1965.4	454.00	82.723	0.012088	1563.3	2112.2	6.7860	0.91881	1.1851	872.83	-0.059909	7.8535e-05	0.12435	supercritical
1966.4	454.00	82.684	0.012094	1564.3	2113.3	6.7866	0.91888	1.1851	873.01	-0.059919	7.8560e-05	0.12439	supercritical
1967.4	454.00	82.644	0.012100	1565.2	2114.5	6.7872	0.91895	1.1852	873.20	-0.059928	7.8584e-05	0.12444	supercritical
1968.4	454.00	82.605	0.012106	1566.1	2115.7	6.7878	0.91902	1.1853	873.38	-0.059937	7.8609e-05	0.12449	supercritical
1969.4	454.00	82.565	0.012112	1567.0	2116.9	6.7884	0.91909	1.1853	873.57	-0.059946	7.8633e-05	0.12454	supercritical
1970.4	454.00	82.526	0.012117	1567.9	2118.1	6.7890	0.91916	1.1854	873.76	-0.059955	7.8658e-05	0.12458	supercritical
1971.4	454.00	82.486	0.012123	1568.9	2119.3	6.7896	0.91923	1.1855	873.94	-0.059964	7.8682e-05	0.12463	supercritical
1972.4	454.00	82.447	0.012129	1569.8	2120.5	6.7902	0.91930	1.1855	874.13	-0.059973	7.8707e-05	0.12468	supercritical
1973.4	454.00	82.408	0.012135	1570.7	2121.6	6.7908	0.91937	1.1856	874.31	-0.059982	7.8731e-05	0.12473	supercritical
1974.4	454.00	82.368	0.012141	1571.6	2122.8	6.7914	0.91945	1.1857	874.50	-0.059991	7.8756e-05	0.12477	supercritical
1975.4	454.00	82.329	0.012146	1572.6	2124.0	6.7920	0.91952	1.1857	874.68	-0.060000	7.8780e-05	0.12482	supercritical
1976.4	454.00	82.290	0.012152	1573.5	2125.2	6.7926	0.91959	1.1858	874.87	-0.060009	7.8805e-05	0.12487	supercritical
1977.4	454.00	82.251	0.012158	1574.4	2126.4	6.7932	0.91966	1.1858	875.05	-0.060018	7.8829e-05	0.12491	supercritical
1978.4	454.00	82.211	0.012164	1575.3	2127.6	6.7938	0.91973	1.1859	875.24	-0.060027	7.8854e-05	0.12496	supercritical
1979.4	454.00	82.172	0.012170	1576.3	2128.8	6.7944	0.91980	1.1860	875.42	-0.060036	7.8878e-05	0.12501	supercritical
1980.4	454.00	82.133	0.012175	1577.2	2129.9	6.7950	0.91987	1.1860	875.60	-0.060045	7.8903e-05	0.12506	supercritical
1981.4	454.00	82.094	0.012181	1578.1	2131.1	6.7956	0.91994	1.1861	875.79	-0.060054	7.8927e-05	0.12510	supercritical
1982.4	454.00	82.055	0.012187	1579.0	2132.3	6.7962	0.92001	1.1862	875.97	-0.060063	7.8952e-05	0.12515	supercritical
1983.4	454.00	82.016	0.012193	1579.9	2133.5	6.7968	0.92008	1.1862	876.16	-0.060072	7.8976e-05	0.12520	supercritical
1984.4	454.00	81.977	0.012198	1580.9	2134.7	6.7974	0.92015	1.1863	876.34	-0.060080	7.9001e-05	0.12525	supercritical
1985.4	454.00	81.939	0.012204	1581.8	2135.9	6.7980	0.92022	1.1863	876.53	-0.060089	7.9025e-05	0.12529	supercritical
1986.4	454.00	81.900	0.012210	1582.7	2137.1	6.7986	0.92029	1.1864	876.71	-0.060098	7.9050e-05	0.12534	supercritical
1987.4	454.00	81.861	0.012216	1583.6	2138.2	6.7992	0.92036	1.1865	876.90	-0.060107	7.9074e-05	0.12539	supercritical
1988.4	454.00	81.822	0.012222	1584.6	2139.4	6.7998	0.92043	1.1865	877.08	-0.060116	7.9098e-05	0.12543	supercritical
1989.4	454.00	81.783	0.012227	1585.5	2140.6	6.8004	0.92050	1.1866	877.27	-0.060125	7.9123e-05	0.12548	supercritical
1990.4	454.00	81.745	0.012233	1586.4	2141.8	6.8010	0.92057	1.1867	877.45	-0.060133	7.9147e-05	0.12553	supercritical
1991.4	454.00	81.706	0.012239	1587.3	2143.0	6.8016	0.92064	1.1867	877.63	-0.060142	7.9172e-05	0.12558	supercritical
1992.4	454.00	81.667	0.012245	1588.3	2144.2	6.8022	0.92071	1.1868	877.82	-0.060151	7.9196e-05	0.12562	supercritical
1993.4	454.00	81.629	0.012251	1589.2	2145.4	6.8028	0.92078	1.1869	878.00	-0.060160	7.9221e-05	0.12567	supercritical
1994.4	454.00	81.590	0.012256	1590.1	2146.5	6.8034	0.92085	1.1869	878.19	-0.060169	7.9245e-05	0.12572	supercritical
1995.4	454.00	81.552	0.012262	1591.0	2147.7	6.8040	0.92092	1.1870	878.37	-0.060177	7.9270e-05	0.12577	supercritical
1996.4	454.00	81.513	0.012268	1592.0	2148.9	6.8046	0.92099	1.1870	878.55	-0.060186	7.9294e-05	0.12581	supercritical
1997.4	454.00	81.475	0.012274	1592.9	2150.1	6.8052	0.92106	1.1871	878.74	-0.060195	7.9318e-05	0.12586	supercritical
1998.4	454.00	81.436	0.012280	1593.8	2151.3	6.8058	0.92113	1.1872	878.92	-0.060203	7.9343e-05	0.12591	supercritical
1999.4	454.00	81.398	0.012285	1594.7	2152.5	6.8064	0.92120	1.1872	879.11	-0.060212	7.9367e-05	0.12595	supercritical