Temperature (K)	Pressure (bar)	Density (kg/m3)	Volume (m3/kg)	Internal Energy (kJ/kg)	Enthalpy (kJ/kg)	Entropy (J/g*K)	Cv (J/g*K)	Cp (J/g*K)	Sound Spd. (m/s)	Joule-Thomson (K/bar)	Viscosity (Pa*s)	Therm. Cond. (W/m*K)	Phase
54.361	537.00	1358.1	0.00073632	-199.05	-159.51	1.9785	1.0998	1.5199	1271.5	-0.041674	0.0011218	0.21953	liquid
60.361	537.00	1336.6	0.00074818	-190.29	-150.11	2.1424	1.1060	1.5980	1260.0	-0.039124	0.00083042	0.21369	liquid
61.361	537.00	1332.9	0.00075022	-188.80	-148.51	2.1687	1.1058	1.6043	1255.6	-0.038919	0.00079248	0.21270	liquid
62.361	537.00	1329.3	0.00075228	-187.30	-146.91	2.1946	1.1050	1.6092	1250.9	-0.038753	0.00075703	0.21170	liquid
63.361	537.00	1325.6	0.00075435	-185.80	-145.30	2.2203	1.1039	1.6129	1245.9	-0.038622	0.00072389	0.21070	liquid
64.361	537.00	1322.0	0.00075643	-184.30	-143.68	2.2455	1.1023	1.6155	1240.7	-0.038519	0.00069289	0.20970	liquid
65.361	537.00	1318.4	0.00075852	-182.80	-142.06	2.2705	1.1003	1.6173	1235.4	-0.038440	0.00066386	0.20869	liquid
66.361	537.00	1314.7	0.00076062	-181.29	-140.45	2.2950	1.0981	1.6183	1230.0	-0.038381	0.00063666	0.20769	liquid
67.361	537.00	1311.1	0.00076272	-179.79	-138.83	2.3192	1.0955	1.6187	1224.5	-0.038339	0.00061117	0.20668	liquid
68.361	537.00	1307.5	0.00076484	-178.28	-137.21	2.3431	1.0926	1.6184	1218.9	-0.038311	0.00058724	0.20567	liquid
69.361	537.00	1303.9	0.00076696	-176.78	-135.59	2.3666	1.0895	1.6178	1213.3	-0.038295	0.00056477	0.20466	liquid
70.361	537.00	1300.2	0.00076909	-175.27	-133.97	2.3897	1.0863	1.6167	1207.7	-0.038287	0.00054365	0.20365	liquid
71.361	537.00	1296.6	0.00077122	-173.77	-132.36	2.4125	1.0828	1.6153	1202.0	-0.038287	0.00052379	0.20265	liquid
72.361	537.00	1293.0	0.00077337	-172.27	-130.74	2.4350	1.0792	1.6137	1196.4	-0.038292	0.00050508	0.20164	liquid
73.361	537.00	1289.5	0.00077552	-170.78	-129.13	2.4572	1.0756	1.6119	1190.8	-0.038302	0.00048745	0.20063	liquid
74.361	537.00	1285.9	0.00077768	-169.28	-127.52	2.4790	1.0718	1.6098	1185.1	-0.038315	0.00047083	0.19962	liquid
75.361	537.00	1282.3	0.00077985	-167.79	-125.91	2.5005	1.0679	1.6077	1179.5	-0.038330	0.00045514	0.19861	liquid
76.361	537.00	1278.7	0.00078202	-166.30	-124.30	2.5216	1.0640	1.6055	1173.9	-0.038347	0.00044031	0.19760	liquid
77.361	537.00	1275.2	0.00078421	-164.81	-122.70	2.5425	1.0601	1.6031	1168.4	-0.038363	0.00042630	0.19659	liquid
78.361	537.00	1271.6	0.00078640	-163.33	-121.10	2.5631	1.0561	1.6008	1162.8	-0.038380	0.00041303	0.19558	liquid
79.361	537.00	1268.1	0.00078860	-161.85	-119.50	2.5834	1.0521	1.5984	1157.3	-0.038396	0.00040046	0.19457	liquid
80.361	537.00	1264.5	0.00079080	-160.37	-117.90	2.6034	1.0481	1.5960	1151.8	-0.038411	0.00038855	0.19356	liquid
81.361	537.00	1261.0	0.00079302	-158.89	-116.31	2.6231	1.0441	1.5936	1146.4	-0.038424	0.00037725	0.19255	liquid
82.361	537.00	1257.5	0.00079525	-157.42	-114.71	2.6425	1.0401	1.5912	1140.9	-0.038435	0.00036651	0.19155	liquid
83.361	537.00	1253.9	0.00079748	-155.95	-113.12	2.6617	1.0362	1.5889	1135.5	-0.038444	0.00035631	0.19054	liquid
84.361	537.00	1250.4	0.00079972	-154.48	-111.54	2.6807	1.0322	1.5865	1130.2	-0.038450	0.00034661	0.18953	liquid
85.361	537.00	1246.9	0.00080198	-153.02	-109.95	2.6993	1.0283	1.5842	1124.8	-0.038454	0.00033737	0.18852	liquid
86.361	537.00	1243.4	0.00080424	-151.56	-108.37	2.7178	1.0245	1.5820	1119.5	-0.038454	0.00032858	0.18752	liquid
87.361	537.00	1239.9	0.00080652	-150.10	-106.79	2.7360	1.0206	1.5798	1114.2	-0.038452	0.00032019	0.18651	liquid
88.361	537.00	1236.4	0.00080880	-148.64	-105.21	2.7540	1.0168	1.5777	1108.9	-0.038447	0.00031218	0.18550	liquid
89.361	537.00	1232.9	0.00081109	-147.19	-103.63	2.7717	1.0131	1.5756	1103.7	-0.038438	0.00030453	0.18450	liquid
90.361	537.00	1229.4	0.00081340	-145.74	-102.06	2.7892	1.0093	1.5735	1098.5	-0.038426	0.00029723	0.18349	liquid
91.361	537.00	1225.9	0.00081571	-144.29	-100.49	2.8065	1.0057	1.5715	1093.3	-0.038411	0.00029024	0.18249	liquid
92.361	537.00	1222.4	0.00081804	-142.84	-98.915	2.8236	1.0020	1.5696	1088.1	-0.038392	0.00028355	0.18148	liquid
93.361	537.00	1218.9	0.00082038	-141.40	-97.346	2.8405	0.99845	1.5677	1083.0	-0.038370	0.00027714	0.18048	liquid
94.361	537.00	1215.5	0.00082273	-139.96	-95.779	2.8572	0.99492	1.5659	1077.9	-0.038345	0.00027100	0.17948	liquid
95.361	537.00	1212.0	0.00082509	-138.52	-94.214	2.8737	0.99142	1.5642	1072.8	-0.038316	0.00026511	0.17848	liquid
96.361	537.00	1208.5	0.00082746	-137.09	-92.651	2.8900	0.98798	1.5625	1067.7	-0.038283	0.00025945	0.17747	liquid
97.361	537.00	1205.0	0.00082985	-135.65	-91.089	2.9061	0.98458	1.5608	1062.7	-0.038247	0.00025402	0.17647	liquid
98.361	537.00	1201.6	0.00083225	-134.22	-89.529	2.9221	0.98122	1.5592	1057.7	-0.038208	0.00024879	0.17548	liquid
99.361	537.00	1198.1	0.00083466	-132.79	-87.971	2.9378	0.97791	1.5577	1052.7	-0.038165	0.00024377	0.17448	liquid
100.36	537.00	1194.6	0.00083708	-131.37	-86.414	2.9534	0.97465	1.5562	1047.7	-0.038118	0.00023893	0.17348	liquid
101.36	537.00	1191.2	0.00083952	-129.94	-84.858	2.9689	0.97143	1.5547	1042.8	-0.038068	0.00023427	0.17248	liquid
102.36	537.00	1187.7	0.00084197	-128.52	-83.304	2.9841	0.96825	1.5533	1037.8	-0.038015	0.00022977	0.17149	liquid
103.36	537.00	1184.2	0.00084443	-127.10	-81.752	2.9992	0.96512	1.5520	1032.9	-0.037958	0.00022544	0.17050	liquid
104.36	537.00	1180.8	0.00084691	-125.68	-80.200	3.0141	0.96203	1.5507	1028.1	-0.037898	0.00022126	0.16950	liquid
105.36	537.00	1177.3	0.00084940	-124.26	-78.650	3.0289	0.95898	1.5494	1023.2	-0.037834	0.00021721	0.16851	liquid
106.36	537.00	1173.8	0.00085190	-122.85	-77.101	3.0436	0.95597	1.5482	1018.4	-0.037767	0.00021331	0.16752	liquid
107.36	537.00	1170.4	0.00085442	-121.44	-75.554	3.0580	0.95301	1.5470	1013.5	-0.037697	0.00020953	0.16654	liquid
108.36	537.00	1166.9	0.00085696	-120.03	-74.007	3.0724	0.95008	1.5459	1008.8	-0.037623	0.00020588	0.16555	liquid
109.36	537.00	1163.5	0.00085951	-118.62	-72.462	3.0866	0.94719	1.5448	1004.0	-0.037546	0.00020234	0.16457	liquid
110.36	537.00	1160.0	0.00086207	-117.21	-70.918	3.1006	0.94434	1.5437	999.24	-0.037466	0.00019892	0.16358	liquid
111.36	537.00	1156.5	0.00086465	-115.81	-69.375	3.1145	0.94152	1.5427	994.51	-0.037382	0.00019560	0.16260	liquid
112.36	537.00	1153.1	0.00086724	-114.40	-67.832	3.1283	0.93874	1.5417	989.80	-0.037296	0.00019238	0.16163	liquid
113.36	537.00	1149.6	0.00086985	-113.00	-66.291	3.1420	0.93600	1.5407	985.12	-0.037206	0.00018925	0.16065	liquid
114.36	537.00	1146.2	0.00087247	-111.60	-64.751	3.1555	0.93330	1.5398	980.46	-0.037112	0.00018622	0.15967	liquid
115.36	537.00	1142.7	0.00087511	-110.21	-63.212	3.1689	0.93062	1.5389	975.82	-0.037016	0.00018327	0.15870	liquid
116.36	537.00	1139.3	0.00087777	-108.81	-61.673	3.1822	0.92799	1.5380	971.20	-0.036916	0.00018041	0.15773	liquid
117.36	537.00	1135.8	0.00088044	-107.42	-60.136	3.1954	0.92538	1.5372	966.60	-0.036814	0.00017762	0.15676	liquid
118.36	537.00	1132.3	0.00088313	-106.02	-58.599	3.2084	0.92281	1.5363	962.03	-0.036708	0.00017492	0.15580	liquid
119.36	537.00	1128.9	0.00088584	-104.63	-57.063	3.2213	0.92027	1.5355	957.47	-0.036598	0.00017228	0.15484	liquid
120.36	537.00	1125.4	0.00088856	-103.24	-55.528	3.2341	0.91776	1.5347	952.94	-0.036486	0.00016972	0.15388	liquid
121.36	537.00	1122.0	0.00089130	-101.86	-53.993	3.2468	0.91528	1.5340	948.43	-0.036371	0.00016722	0.15292	liquid
122.36	537.00	1118.5	0.00089405	-100.47	-52.460	3.2594	0.91283	1.5332	943.94	-0.036252	0.00016478	0.15197	liquid
123.36	537.00	1115.0	0.00089682	-99.086	-50.927	3.2719	0.91041	1.5325	939.47	-0.036130	0.00016241	0.15101	liquid
124.36	537.00	1111.6	0.00089961	-97.704	-49.395	3.2843	0.90802	1.5318	935.03	-0.036006	0.00016009	0.15006	liquid
125.36	537.00	1108.1	0.00090242	-96.323	-47.863	3.2965	0.90566	1.5312	930.60	-0.035878	0.00015783	0.14912	liquid
126.36	537.00	1104.7	0.00090525	-94.944	-46.332	3.3087	0.90333	1.5305	926.20	-0.035747	0.00015563	0.14818	liquid
127.36	537.00	1101.2	0.00090809	-93.567	-44.802	3.3207	0.90102	1.5299	921.82	-0.035613	0.00015348	0.14724	liquid
128.36	537.00	1097.8	0.00091095	-92.191	-43.273	3.3327	0.89874	1.5292	917.46	-0.035476	0.00015138	0.14630	liquid
129.36	537.00	1094.3	0.00091383	-90.816	-41.744	3.3446	0.89649	1.5286	913.13	-0.035336	0.00014932	0.14537	liquid
130.36	537.00	1090.8	0.00091673	-89.444	-40.215	3.3563	0.89426	1.5280	908.82	-0.035192	0.00014732	0.14444	liquid
131.36	537.00	1087.4	0.00091965	-88.073	-38.688	3.3680	0.89206	1.5274	904.53	-0.035046	0.00014535	0.14351	liquid
132.36	537.00	1083.9	0.00092258	-86.703	-37.161	3.3796	0.88988	1.5268	900.26	-0.034897	0.00014343	0.14259	liquid
133.36	537.00	1080.5	0.00092554	-85.335	-35.634	3.3911	0.88773	1.5263	896.01	-0.034744	0.00014156	0.14167	liquid
134.36	537.00	1077.0	0.00092851	-83.969	-34.108	3.4025	0.88560	1.5257	891.79	-0.034589	0.00013972	0.14076	liquid
135.36	537.00	1073.5	0.00093150	-82.604	-32.583	3.4138	0.88350	1.5252	887.59	-0.034430	0.00013792	0.13984	liquid
136.36	537.00	1070.1	0.00093451	-81.241	-31.058	3.4250	0.88142	1.5246	883.41	-0.034268	0.00013616	0.13894	liquid
137.36	537.00	1066.6	0.00093754	-79.879	-29.533	3.4362	0.87937	1.5241	879.26	-0.034104	0.00013444	0.13803	liquid
138.36	537.00	1063.2	0.00094060	-78.519	-28.009	3.4472	0.87733	1.5236	875.13	-0.033936	0.00013275	0.13713	liquid
139.36	537.00	1059.7	0.00094367	-77.161	-26.486	3.4582	0.87532	1.5231	871.02	-0.033765	0.00013110	0.13624	liquid
140.36	537.00	1056.2	0.00094676	-75.804	-24.963	3.4691	0.87333	1.5226	866.94	-0.033592	0.00012948	0.13535	liquid
141.36	537.00	1052.8	0.00094987	-74.449	-23.441	3.4799	0.87137	1.5221	862.88	-0.033415	0.00012789	0.13446	liquid
142.36	537.00	1049.3	0.00095300	-73.095	-21.919	3.4906	0.86942	1.5216	858.84	-0.033235	0.00012633	0.13358	liquid
143.36	537.00	1045.9	0.00095615	-71.743	-20.398	3.5013	0.86750	1.5211	854.83	-0.033052	0.00012480	0.13270	liquid
144.36	537.00	1042.4	0.00095933	-70.393	-18.877	3.5118	0.86560	1.5206	850.84	-0.032866	0.00012331	0.13183	liquid
145.36	537.00	1038.9	0.00096252	-69.044	-17.356	3.5223	0.86372	1.5202	846.87	-0.032677	0.00012184	0.13096	liquid
146.36	537.00	1035.5	0.00096574	-67.696	-15.836	3.5327	0.86186	1.5197	842.93	-0.032485	0.00012039	0.13009	liquid
147.36	537.00	1032.0	0.00096897	-66.351	-14.317	3.5431	0.86002	1.5192	839.01	-0.032291	0.00011898	0.12923	liquid
148.36	537.00	1028.6	0.00097223	-65.007	-12.798	3.5534	0.85819	1.5187	835.12	-0.032093	0.00011759	0.12838	liquid
149.36	537.00	1025.1	0.00097551	-63.664	-11.280	3.5636	0.85639	1.5183	831.26	-0.031892	0.00011623	0.12753	liquid
150.36	537.00	1021.7	0.00097881	-62.323	-9.7615	3.5737	0.85461	1.5178	827.41	-0.031688	0.00011489	0.12668	liquid
151.36	537.00	1018.2	0.00098213	-60.984	-8.2439	3.5838	0.85285	1.5174	823.60	-0.031481	0.00011358	0.12584	liquid
152.36	537.00	1014.7	0.00098547	-59.647	-6.7268	3.5937	0.85111	1.5169	819.80	-0.031271	0.00011229	0.12501	liquid
153.36	537.00	1011.3	0.00098884	-58.311	-5.2101	3.6037	0.84938	1.5164	816.04	-0.031059	0.00011102	0.12418	liquid
154.36	537.00	1007.8	0.00099223	-56.976	-3.6939	3.6135	0.84768	1.5160	812.29	-0.030843	0.00010978	0.12335	liquid
155.36	537.00	1004.4	0.00099564	-55.644	-2.1782	3.6233	0.84599	1.5155	808.58	-0.030624	0.00010855	0.12253	supercritical
156.36	537.00	1000.9	0.00099907	-54.313	-0.66292	3.6330	0.84432	1.5150	804.89	-0.030403	0.00010735	0.12172	supercritical
157.36	537.00	997.48	0.0010025	-52.984	0.85188	3.6427	0.84267	1.5146	801.22	-0.030179	0.00010617	0.12091	supercritical
158.36	537.00	994.03	0.0010060	-51.656	2.3662	3.6523	0.84103	1.5141	797.58	-0.029951	0.00010501	0.12011	supercritical
159.36	537.00	990.59	0.0010095	-50.330	3.8801	3.6618	0.83942	1.5136	793.97	-0.029721	0.00010388	0.11932	supercritical
160.36	537.00	987.14	0.0010130	-49.006	5.3934	3.6713	0.83782	1.5131	790.38	-0.029488	0.00010276	0.11852	supercritical
161.36	537.00	983.70	0.0010166	-47.684	6.9063	3.6807	0.83624	1.5127	786.82	-0.029252	0.00010166	0.11774	supercritical
162.36	537.00	980.26	0.0010201	-46.363	8.4187	3.6900	0.83467	1.5122	783.28	-0.029014	0.00010057	0.11696	supercritical
163.36	537.00	976.82	0.0010237	-45.044	9.9307	3.6993	0.83312	1.5117	779.77	-0.028772	9.9512e-05	0.11619	supercritical
164.36	537.00	973.38	0.0010273	-43.727	11.442	3.7085	0.83159	1.5112	776.29	-0.028528	9.8467e-05	0.11542	supercritical
165.36	537.00	969.94	0.0010310	-42.411	12.953	3.7177	0.83008	1.5107	772.83	-0.028281	9.7440e-05	0.11466	supercritical
166.36	537.00	966.51	0.0010347	-41.097	14.463	3.7268	0.82858	1.5102	769.41	-0.028031	9.6431e-05	0.11390	supercritical
167.36	537.00	963.08	0.0010383	-39.785	15.973	3.7359	0.82710	1.5097	766.00	-0.027779	9.5438e-05	0.11315	supercritical
168.36	537.00	959.65	0.0010420	-38.475	17.483	3.7448	0.82563	1.5091	762.63	-0.027524	9.4463e-05	0.11240	supercritical
169.36	537.00	956.22	0.0010458	-37.167	18.992	3.7538	0.82418	1.5086	759.28	-0.027266	9.3503e-05	0.11167	supercritical
170.36	537.00	952.80	0.0010495	-35.860	20.500	3.7627	0.82274	1.5081	755.96	-0.027006	9.2560e-05	0.11093	supercritical
171.36	537.00	949.38	0.0010533	-34.556	22.008	3.7715	0.82132	1.5075	752.67	-0.026743	9.1632e-05	0.11021	supercritical
172.36	537.00	945.96	0.0010571	-33.253	23.515	3.7803	0.81991	1.5070	749.40	-0.026478	9.0720e-05	0.10949	supercritical
173.36	537.00	942.54	0.0010610	-31.952	25.022	3.7890	0.81852	1.5064	746.16	-0.026210	8.9824e-05	0.10877	supercritical
174.36	537.00	939.13	0.0010648	-30.653	26.528	3.7976	0.81715	1.5058	742.95	-0.025940	8.8942e-05	0.10806	supercritical
175.36	537.00	935.72	0.0010687	-29.355	28.033	3.8062	0.81579	1.5053	739.77	-0.025667	8.8075e-05	0.10736	supercritical
176.36	537.00	932.32	0.0010726	-28.060	29.538	3.8148	0.81444	1.5047	736.61	-0.025392	8.7222e-05	0.10666	supercritical
177.36	537.00	928.92	0.0010765	-26.767	31.043	3.8233	0.81311	1.5041	733.48	-0.025114	8.6384e-05	0.10597	supercritical
178.36	537.00	925.52	0.0010805	-25.475	32.546	3.8318	0.81179	1.5034	730.38	-0.024835	8.5559e-05	0.10529	supercritical
179.36	537.00	922.13	0.0010845	-24.185	34.050	3.8402	0.81049	1.5028	727.31	-0.024553	8.4748e-05	0.10461	supercritical
180.36	537.00	918.74	0.0010885	-22.898	35.552	3.8485	0.80920	1.5022	724.27	-0.024268	8.3951e-05	0.10394	supercritical
181.36	537.00	915.35	0.0010925	-21.612	37.054	3.8568	0.80792	1.5015	721.25	-0.023982	8.3167e-05	0.10328	supercritical
182.36	537.00	911.97	0.0010965	-20.328	38.555	3.8651	0.80666	1.5009	718.26	-0.023693	8.2396e-05	0.10262	supercritical
183.36	537.00	908.59	0.0011006	-19.047	40.056	3.8733	0.80541	1.5002	715.30	-0.023403	8.1638e-05	0.10197	supercritical
184.36	537.00	905.22	0.0011047	-17.767	41.556	3.8814	0.80418	1.4995	712.37	-0.023110	8.0892e-05	0.10132	supercritical
185.36	537.00	901.85	0.0011088	-16.489	43.055	3.8896	0.80295	1.4988	709.47	-0.022815	8.0159e-05	0.10068	supercritical
186.36	537.00	898.49	0.0011130	-15.214	44.553	3.8976	0.80174	1.4981	706.59	-0.022519	7.9438e-05	0.10005	supercritical
187.36	537.00	895.13	0.0011172	-13.940	46.051	3.9056	0.80055	1.4973	703.75	-0.022221	7.8729e-05	0.099420	supercritical
188.36	537.00	891.78	0.0011214	-12.669	47.548	3.9136	0.79937	1.4966	700.93	-0.021920	7.8032e-05	0.098800	supercritical
189.36	537.00	888.43	0.0011256	-11.399	49.044	3.9215	0.79819	1.4958	698.14	-0.021619	7.7346e-05	0.098186	supercritical
190.36	537.00	885.09	0.0011298	-10.132	50.539	3.9294	0.79704	1.4951	695.38	-0.021315	7.6672e-05	0.097578	supercritical
191.36	537.00	881.76	0.0011341	-8.8670	52.034	3.9372	0.79589	1.4943	692.64	-0.021010	7.6009e-05	0.096977	supercritical
192.36	537.00	878.43	0.0011384	-7.6039	53.528	3.9450	0.79476	1.4934	689.94	-0.020703	7.5358e-05	0.096382	supercritical
193.36	537.00	875.10	0.0011427	-6.3431	55.021	3.9528	0.79364	1.4926	687.26	-0.020395	7.4717e-05	0.095794	supercritical
194.36	537.00	871.79	0.0011471	-5.0843	56.513	3.9605	0.79253	1.4918	684.61	-0.020086	7.4087e-05	0.095212	supercritical
195.36	537.00	868.48	0.0011514	-3.8278	58.005	3.9681	0.79143	1.4909	681.99	-0.019775	7.3468e-05	0.094637	supercritical
196.36	537.00	865.17	0.0011558	-2.5734	59.495	3.9757	0.79035	1.4900	679.40	-0.019463	7.2859e-05	0.094068	supercritical
197.36	537.00	861.88	0.0011603	-1.3213	60.985	3.9833	0.78928	1.4891	676.84	-0.019149	7.2260e-05	0.093505	supercritical
198.36	537.00	858.59	0.0011647	-0.071375	62.473	3.9908	0.78821	1.4882	674.31	-0.018835	7.1671e-05	0.092948	supercritical
199.36	537.00	855.30	0.0011692	1.1763	63.961	3.9983	0.78716	1.4873	671.80	-0.018519	7.1093e-05	0.092398	supercritical
200.36	537.00	852.03	0.0011737	2.4217	65.448	4.0057	0.78613	1.4863	669.32	-0.018203	7.0524e-05	0.091855	supercritical
201.36	537.00	848.76	0.0011782	3.6649	66.934	4.0131	0.78510	1.4854	666.88	-0.017885	6.9964e-05	0.091317	supercritical
202.36	537.00	845.50	0.0011827	4.9057	68.419	4.0205	0.78408	1.4844	664.45	-0.017567	6.9415e-05	0.090786	supercritical
203.36	537.00	842.24	0.0011873	6.1443	69.902	4.0278	0.78308	1.4834	662.06	-0.017248	6.8874e-05	0.090261	supercritical
204.36	537.00	839.00	0.0011919	7.3806	71.385	4.0351	0.78208	1.4823	659.70	-0.016929	6.8343e-05	0.089743	supercritical
205.36	537.00	835.76	0.0011965	8.6145	72.867	4.0423	0.78110	1.4813	657.36	-0.016608	6.7821e-05	0.089231	supercritical
206.36	537.00	832.53	0.0012012	9.8461	74.348	4.0495	0.78013	1.4802	655.05	-0.016288	6.7307e-05	0.088725	supercritical
207.36	537.00	829.31	0.0012058	11.075	75.828	4.0566	0.77917	1.4791	652.77	-0.015966	6.6803e-05	0.088225	supercritical
208.36	537.00	826.10	0.0012105	12.302	77.306	4.0638	0.77822	1.4780	650.52	-0.015645	6.6307e-05	0.087731	supercritical
209.36	537.00	822.90	0.0012152	13.527	78.784	4.0708	0.77728	1.4769	648.30	-0.015323	6.5819e-05	0.087243	supercritical
210.36	537.00	819.70	0.0012200	14.749	80.260	4.0779	0.77635	1.4758	646.10	-0.015001	6.5340e-05	0.086762	supercritical
211.36	537.00	816.52	0.0012247	15.968	81.735	4.0849	0.77543	1.4746	643.93	-0.014679	6.4869e-05	0.086286	supercritical
212.36	537.00	813.34	0.0012295	17.186	83.209	4.0918	0.77452	1.4734	641.79	-0.014357	6.4406e-05	0.085817	supercritical
213.36	537.00	810.18	0.0012343	18.400	84.682	4.0987	0.77362	1.4722	639.68	-0.014035	6.3951e-05	0.085353	supercritical
214.36	537.00	807.02	0.0012391	19.613	86.154	4.1056	0.77273	1.4710	637.59	-0.013714	6.3504e-05	0.084896	supercritical
215.36	537.00	803.87	0.0012440	20.823	87.624	4.1125	0.77185	1.4697	635.53	-0.013392	6.3065e-05	0.084444	supercritical
216.36	537.00	800.74	0.0012488	22.030	89.093	4.1193	0.77098	1.4685	633.50	-0.013071	6.2633e-05	0.083998	supercritical
217.36	537.00	797.61	0.0012537	23.235	90.561	4.1260	0.77012	1.4672	631.49	-0.012750	6.2209e-05	0.083558	supercritical
218.36	537.00	794.49	0.0012587	24.437	92.028	4.1328	0.76927	1.4659	629.52	-0.012430	6.1792e-05	0.083124	supercritical
219.36	537.00	791.39	0.0012636	25.637	93.493	4.1395	0.76842	1.4646	627.57	-0.012110	6.1382e-05	0.082696	supercritical
220.36	537.00	788.29	0.0012686	26.834	94.957	4.1461	0.76759	1.4632	625.64	-0.011791	6.0980e-05	0.082273	supercritical
221.36	537.00	785.20	0.0012736	28.029	96.419	4.1527	0.76677	1.4618	623.74	-0.011473	6.0584e-05	0.081856	supercritical
222.36	537.00	782.13	0.0012786	29.222	97.880	4.1593	0.76596	1.4605	621.87	-0.011155	6.0196e-05	0.081445	supercritical
223.36	537.00	779.07	0.0012836	30.411	99.340	4.1659	0.76515	1.4590	620.03	-0.010839	5.9814e-05	0.081039	supercritical
224.36	537.00	776.01	0.0012886	31.599	100.80	4.1724	0.76436	1.4576	618.21	-0.010523	5.9438e-05	0.080638	supercritical
225.36	537.00	772.97	0.0012937	32.783	102.26	4.1789	0.76357	1.4562	616.41	-0.010209	5.9070e-05	0.080244	supercritical
226.36	537.00	769.94	0.0012988	33.965	103.71	4.1853	0.76280	1.4547	614.65	-0.0098954	5.8707e-05	0.079854	supercritical
227.36	537.00	766.92	0.0013039	35.145	105.16	4.1917	0.76203	1.4532	612.91	-0.0095834	5.8351e-05	0.079470	supercritical
228.36	537.00	763.92	0.0013090	36.322	106.62	4.1981	0.76127	1.4517	611.19	-0.0092727	5.8001e-05	0.079091	supercritical
229.36	537.00	760.92	0.0013142	37.496	108.07	4.2044	0.76052	1.4502	609.50	-0.0089633	5.7658e-05	0.078718	supercritical
230.36	537.00	757.94	0.0013194	38.667	109.52	4.2108	0.75978	1.4487	607.83	-0.0086555	5.7320e-05	0.078349	supercritical
231.36	537.00	754.97	0.0013246	39.836	110.97	4.2170	0.75905	1.4471	606.19	-0.0083492	5.6988e-05	0.077986	supercritical
232.36	537.00	752.01	0.0013298	41.003	112.41	4.2233	0.75832	1.4455	604.58	-0.0080446	5.6662e-05	0.077628	supercritical
233.36	537.00	749.06	0.0013350	42.167	113.86	4.2295	0.75761	1.4439	602.99	-0.0077416	5.6342e-05	0.077275	supercritical
234.36	537.00	746.12	0.0013403	43.328	115.30	4.2356	0.75690	1.4423	601.42	-0.0074405	5.6028e-05	0.076927	supercritical
235.36	537.00	743.20	0.0013455	44.486	116.74	4.2418	0.75620	1.4407	599.88	-0.0071412	5.5719e-05	0.076584	supercritical
236.36	537.00	740.29	0.0013508	45.642	118.18	4.2479	0.75551	1.4390	598.36	-0.0068438	5.5415e-05	0.076245	supercritical
237.36	537.00	737.39	0.0013561	46.795	119.62	4.2539	0.75483	1.4374	596.86	-0.0065484	5.5117e-05	0.075912	supercritical
238.36	537.00	734.51	0.0013615	47.946	121.06	4.2600	0.75416	1.4357	595.39	-0.0062551	5.4824e-05	0.075583	supercritical
239.36	537.00	731.64	0.0013668	49.094	122.49	4.2660	0.75349	1.4340	593.95	-0.0059639	5.4536e-05	0.075259	supercritical
240.36	537.00	728.78	0.0013722	50.239	123.92	4.2720	0.75283	1.4323	592.52	-0.0056749	5.4253e-05	0.074940	supercritical
241.36	537.00	725.93	0.0013775	51.381	125.36	4.2779	0.75218	1.4306	591.12	-0.0053881	5.3975e-05	0.074625	supercritical
242.36	537.00	723.10	0.0013829	52.521	126.78	4.2838	0.75154	1.4288	589.75	-0.0051037	5.3702e-05	0.074315	supercritical
243.36	537.00	720.28	0.0013883	53.659	128.21	4.2897	0.75090	1.4271	588.39	-0.0048217	5.3434e-05	0.074009	supercritical
244.36	537.00	717.47	0.0013938	54.793	129.64	4.2956	0.75028	1.4253	587.06	-0.0045421	5.3171e-05	0.073708	supercritical
245.36	537.00	714.68	0.0013992	55.925	131.06	4.3014	0.74966	1.4235	585.75	-0.0042650	5.2912e-05	0.073411	supercritical
246.36	537.00	711.90	0.0014047	57.054	132.49	4.3072	0.74905	1.4217	584.46	-0.0039904	5.2658e-05	0.073118	supercritical
247.36	537.00	709.14	0.0014102	58.181	133.91	4.3129	0.74845	1.4199	583.19	-0.0037185	5.2408e-05	0.072830	supercritical
248.36	537.00	706.38	0.0014157	59.305	135.33	4.3186	0.74785	1.4181	581.95	-0.0034492	5.2163e-05	0.072546	supercritical
249.36	537.00	703.64	0.0014212	60.426	136.74	4.3243	0.74726	1.4163	580.72	-0.0031826	5.1922e-05	0.072266	supercritical
250.36	537.00	700.92	0.0014267	61.545	138.16	4.3300	0.74668	1.4144	579.52	-0.0029188	5.1685e-05	0.071990	supercritical
251.36	537.00	698.21	0.0014322	62.661	139.57	4.3356	0.74611	1.4126	578.34	-0.0026578	5.1453e-05	0.071718	supercritical
252.36	537.00	695.51	0.0014378	63.774	140.98	4.3412	0.74554	1.4107	577.18	-0.0023997	5.1224e-05	0.071450	supercritical
253.36	537.00	692.82	0.0014434	64.885	142.39	4.3468	0.74498	1.4088	576.04	-0.0021444	5.1000e-05	0.071186	supercritical
254.36	537.00	690.15	0.0014490	65.993	143.80	4.3524	0.74443	1.4070	574.92	-0.0018921	5.0779e-05	0.070926	supercritical
255.36	537.00	687.50	0.0014546	67.098	145.21	4.3579	0.74389	1.4051	573.82	-0.0016427	5.0563e-05	0.070669	supercritical
256.36	537.00	684.86	0.0014602	68.201	146.61	4.3634	0.74335	1.4032	572.74	-0.0013963	5.0350e-05	0.070417	supercritical
257.36	537.00	682.23	0.0014658	69.301	148.01	4.3688	0.74282	1.4012	571.68	-0.0011530	5.0141e-05	0.070168	supercritical
258.36	537.00	679.61	0.0014714	70.398	149.41	4.3743	0.74230	1.3993	570.64	-0.00091282	4.9936e-05	0.069922	supercritical
259.36	537.00	677.01	0.0014771	71.493	150.81	4.3797	0.74178	1.3974	569.62	-0.00067570	4.9734e-05	0.069681	supercritical
260.36	537.00	674.42	0.0014827	72.585	152.21	4.3850	0.74127	1.3955	568.62	-0.00044173	4.9536e-05	0.069443	supercritical
261.36	537.00	671.85	0.0014884	73.675	153.60	4.3904	0.74077	1.3935	567.64	-0.00021094	4.9342e-05	0.069208	supercritical
262.36	537.00	669.29	0.0014941	74.762	155.00	4.3957	0.74027	1.3916	566.67	1.6665e-05	4.9150e-05	0.068977	supercritical
263.36	537.00	666.75	0.0014998	75.846	156.39	4.4010	0.73979	1.3896	565.73	0.00024104	4.8963e-05	0.068749	supercritical
264.36	537.00	664.22	0.0015055	76.928	157.78	4.4062	0.73930	1.3877	564.80	0.00046217	4.8778e-05	0.068524	supercritical
265.36	537.00	661.70	0.0015113	78.008	159.16	4.4115	0.73883	1.3857	563.89	0.00068004	4.8597e-05	0.068303	supercritical
266.36	537.00	659.20	0.0015170	79.084	160.55	4.4167	0.73836	1.3837	562.99	0.00089461	4.8419e-05	0.068085	supercritical
267.36	537.00	656.71	0.0015227	80.158	161.93	4.4219	0.73790	1.3818	562.12	0.0011059	4.8244e-05	0.067871	supercritical
268.36	537.00	654.24	0.0015285	81.230	163.31	4.4270	0.73744	1.3798	561.26	0.0013138	4.8072e-05	0.067659	supercritical
269.36	537.00	651.78	0.0015343	82.299	164.69	4.4322	0.73700	1.3778	560.42	0.0015184	4.7904e-05	0.067450	supercritical
270.36	537.00	649.33	0.0015400	83.365	166.07	4.4373	0.73655	1.3758	559.59	0.0017197	4.7738e-05	0.067245	supercritical
271.36	537.00	646.90	0.0015458	84.429	167.44	4.4423	0.73612	1.3738	558.79	0.0019176	4.7575e-05	0.067042	supercritical
272.36	537.00	644.48	0.0015516	85.491	168.81	4.4474	0.73569	1.3719	558.00	0.0021121	4.7415e-05	0.066843	supercritical
273.36	537.00	642.08	0.0015574	86.550	170.18	4.4524	0.73527	1.3699	557.22	0.0023033	4.7258e-05	0.066646	supercritical
274.36	537.00	639.69	0.0015633	87.606	171.55	4.4574	0.73485	1.3679	556.46	0.0024910	4.7103e-05	0.066452	supercritical
275.36	537.00	637.32	0.0015691	88.660	172.92	4.4624	0.73444	1.3659	555.72	0.0026754	4.6952e-05	0.066261	supercritical
276.36	537.00	634.95	0.0015749	89.712	174.28	4.4673	0.73404	1.3639	554.99	0.0028564	4.6803e-05	0.066073	supercritical
277.36	537.00	632.61	0.0015808	90.761	175.65	4.4722	0.73364	1.3619	554.28	0.0030339	4.6657e-05	0.065887	supercritical
278.36	537.00	630.27	0.0015866	91.808	177.01	4.4771	0.73325	1.3599	553.58	0.0032081	4.6513e-05	0.065704	supercritical
279.36	537.00	627.95	0.0015925	92.852	178.37	4.4820	0.73286	1.3579	552.90	0.0033789	4.6372e-05	0.065524	supercritical
280.36	537.00	625.65	0.0015983	93.894	179.72	4.4869	0.73248	1.3560	552.23	0.0035463	4.6233e-05	0.065346	supercritical
281.36	537.00	623.36	0.0016042	94.933	181.08	4.4917	0.73211	1.3540	551.57	0.0037102	4.6097e-05	0.065170	supercritical
282.36	537.00	621.08	0.0016101	95.970	182.43	4.4965	0.73174	1.3520	550.93	0.0038708	4.5963e-05	0.064998	supercritical
283.36	537.00	618.81	0.0016160	97.005	183.78	4.5013	0.73138	1.3500	550.31	0.0040280	4.5832e-05	0.064827	supercritical
284.36	537.00	616.56	0.0016219	98.037	185.13	4.5060	0.73102	1.3480	549.70	0.0041819	4.5702e-05	0.064659	supercritical
285.36	537.00	614.33	0.0016278	99.067	186.48	4.5107	0.73068	1.3461	549.10	0.0043323	4.5576e-05	0.064494	supercritical
286.36	537.00	612.10	0.0016337	100.09	187.82	4.5155	0.73033	1.3441	548.52	0.0044794	4.5451e-05	0.064330	supercritical
287.36	537.00	609.89	0.0016396	101.12	189.17	4.5201	0.72999	1.3421	547.94	0.0046231	4.5329e-05	0.064169	supercritical
288.36	537.00	607.70	0.0016456	102.14	190.51	4.5248	0.72966	1.3402	547.39	0.0047635	4.5209e-05	0.064010	supercritical
289.36	537.00	605.52	0.0016515	103.16	191.85	4.5294	0.72933	1.3382	546.84	0.0049006	4.5091e-05	0.063854	supercritical
290.36	537.00	603.35	0.0016574	104.18	193.19	4.5340	0.72901	1.3362	546.31	0.0050343	4.4975e-05	0.063699	supercritical
291.36	537.00	601.19	0.0016634	105.20	194.52	4.5386	0.72870	1.3343	545.79	0.0051648	4.4861e-05	0.063546	supercritical
292.36	537.00	599.05	0.0016693	106.21	195.85	4.5432	0.72839	1.3323	545.28	0.0052919	4.4749e-05	0.063396	supercritical
293.36	537.00	596.92	0.0016753	107.22	197.19	4.5477	0.72809	1.3304	544.79	0.0054158	4.4639e-05	0.063247	supercritical
294.36	537.00	594.81	0.0016812	108.23	198.51	4.5523	0.72779	1.3285	544.30	0.0055364	4.4531e-05	0.063100	supercritical
295.36	537.00	592.70	0.0016872	109.24	199.84	4.5568	0.72749	1.3265	543.83	0.0056538	4.4425e-05	0.062956	supercritical
296.36	537.00	590.61	0.0016932	110.25	201.17	4.5613	0.72721	1.3246	543.37	0.0057680	4.4321e-05	0.062812	supercritical
297.36	537.00	588.54	0.0016991	111.25	202.49	4.5657	0.72692	1.3227	542.92	0.0058789	4.4219e-05	0.062671	supercritical
298.36	537.00	586.47	0.0017051	112.25	203.81	4.5702	0.72665	1.3208	542.49	0.0059867	4.4119e-05	0.062531	supercritical
299.36	537.00	584.42	0.0017111	113.25	205.13	4.5746	0.72637	1.3189	542.06	0.0060913	4.4020e-05	0.062393	supercritical
300.36	537.00	582.39	0.0017171	114.24	206.45	4.5790	0.72611	1.3170	541.65	0.0061928	4.3923e-05	0.062256	supercritical
301.36	537.00	580.36	0.0017231	115.24	207.77	4.5833	0.72585	1.3151	541.24	0.0062912	4.3828e-05	0.062120	supercritical
302.36	537.00	578.35	0.0017291	116.23	209.08	4.5877	0.72559	1.3132	540.85	0.0063864	4.3735e-05	0.061985	supercritical
303.36	537.00	576.35	0.0017351	117.22	210.39	4.5920	0.72534	1.3114	540.47	0.0064786	4.3643e-05	0.061851	supercritical
304.36	537.00	574.36	0.0017411	118.21	211.70	4.5963	0.72510	1.3095	540.09	0.0065678	4.3553e-05	0.061718	supercritical
305.36	537.00	572.39	0.0017471	119.20	213.01	4.6006	0.72485	1.3076	539.73	0.0066539	4.3465e-05	0.061585	supercritical
306.36	537.00	570.43	0.0017531	120.18	214.32	4.6049	0.72462	1.3058	539.38	0.0067370	4.3378e-05	0.061451	supercritical
307.36	537.00	568.48	0.0017591	121.16	215.62	4.6092	0.72439	1.3040	539.03	0.0068171	4.3293e-05	0.061314	supercritical
308.36	537.00	566.54	0.0017651	122.14	216.93	4.6134	0.72416	1.3021	538.70	0.0068943	4.3209e-05	0.061171	supercritical
309.36	537.00	564.62	0.0017711	123.12	218.23	4.6176	0.72394	1.3003	538.38	0.0069686	4.3127e-05	0.060995	supercritical
310.36	537.00	562.70	0.0017771	124.10	219.53	4.6218	0.72373	1.2985	538.06	0.0070399	4.3047e-05	0.060889	supercritical
311.36	537.00	560.80	0.0017832	125.07	220.83	4.6260	0.72352	1.2967	537.76	0.0071084	4.2968e-05	0.060784	supercritical
312.36	537.00	558.92	0.0017892	126.04	222.12	4.6301	0.72331	1.2949	537.46	0.0071741	4.2890e-05	0.060681	supercritical
313.36	537.00	557.04	0.0017952	127.01	223.42	4.6343	0.72311	1.2931	537.17	0.0072369	4.2814e-05	0.060580	supercritical
314.36	537.00	555.18	0.0018012	127.98	224.71	4.6384	0.72291	1.2913	536.90	0.0072969	4.2739e-05	0.060480	supercritical
315.36	537.00	553.32	0.0018073	128.95	226.00	4.6425	0.72272	1.2896	536.63	0.0073541	4.2666e-05	0.060382	supercritical
316.36	537.00	551.48	0.0018133	129.91	227.29	4.6466	0.72253	1.2878	536.36	0.0074087	4.2594e-05	0.060286	supercritical
317.36	537.00	549.65	0.0018193	130.88	228.57	4.6506	0.72235	1.2861	536.11	0.0074605	4.2523e-05	0.060191	supercritical
318.36	537.00	547.84	0.0018254	131.84	229.86	4.6547	0.72217	1.2844	535.87	0.0075096	4.2454e-05	0.060098	supercritical
319.36	537.00	546.03	0.0018314	132.80	231.14	4.6587	0.72200	1.2826	535.63	0.0075561	4.2386e-05	0.060007	supercritical
320.36	537.00	544.24	0.0018374	133.75	232.42	4.6627	0.72183	1.2809	535.40	0.0075999	4.2319e-05	0.059917	supercritical
321.36	537.00	542.45	0.0018435	134.71	233.70	4.6667	0.72167	1.2792	535.18	0.0076412	4.2253e-05	0.059828	supercritical
322.36	537.00	540.68	0.0018495	135.66	234.98	4.6707	0.72151	1.2775	534.97	0.0076798	4.2189e-05	0.059741	supercritical
323.36	537.00	538.92	0.0018556	136.62	236.26	4.6746	0.72135	1.2758	534.76	0.0077160	4.2126e-05	0.059656	supercritical
324.36	537.00	537.17	0.0018616	137.57	237.53	4.6785	0.72120	1.2742	534.57	0.0077496	4.2064e-05	0.059572	supercritical
325.36	537.00	535.43	0.0018677	138.51	238.81	4.6825	0.72105	1.2725	534.38	0.0077808	4.2003e-05	0.059489	supercritical
326.36	537.00	533.70	0.0018737	139.46	240.08	4.6864	0.72091	1.2709	534.19	0.0078094	4.1944e-05	0.059408	supercritical
327.36	537.00	531.99	0.0018797	140.41	241.35	4.6903	0.72077	1.2692	534.02	0.0078357	4.1886e-05	0.059328	supercritical
328.36	537.00	530.28	0.0018858	141.35	242.62	4.6941	0.72064	1.2676	533.85	0.0078596	4.1828e-05	0.059249	supercritical
329.36	537.00	528.59	0.0018918	142.29	243.88	4.6980	0.72051	1.2660	533.69	0.0078811	4.1772e-05	0.059172	supercritical
330.36	537.00	526.90	0.0018979	143.23	245.15	4.7018	0.72038	1.2644	533.53	0.0079002	4.1717e-05	0.059097	supercritical
331.36	537.00	525.23	0.0019039	144.17	246.41	4.7056	0.72026	1.2628	533.38	0.0079171	4.1663e-05	0.059022	supercritical
332.36	537.00	523.57	0.0019100	145.11	247.67	4.7094	0.72014	1.2612	533.24	0.0079317	4.1610e-05	0.058949	supercritical
333.36	537.00	521.91	0.0019160	146.04	248.94	4.7132	0.72003	1.2596	533.11	0.0079440	4.1559e-05	0.058877	supercritical
334.36	537.00	520.27	0.0019221	146.98	250.19	4.7170	0.71992	1.2580	532.98	0.0079541	4.1508e-05	0.058806	supercritical
335.36	537.00	518.64	0.0019281	147.91	251.45	4.7207	0.71981	1.2565	532.86	0.0079620	4.1458e-05	0.058737	supercritical
336.36	537.00	517.02	0.0019342	148.84	252.71	4.7245	0.71971	1.2549	532.74	0.0079677	4.1409e-05	0.058669	supercritical
337.36	537.00	515.41	0.0019402	149.77	253.96	4.7282	0.71962	1.2534	532.63	0.0079713	4.1362e-05	0.058602	supercritical
338.36	537.00	513.81	0.0019463	150.70	255.21	4.7319	0.71952	1.2519	532.52	0.0079728	4.1315e-05	0.058536	supercritical
339.36	537.00	512.21	0.0019523	151.63	256.47	4.7356	0.71943	1.2504	532.43	0.0079722	4.1269e-05	0.058472	supercritical
340.36	537.00	510.63	0.0019584	152.55	257.71	4.7393	0.71935	1.2489	532.33	0.0079696	4.1224e-05	0.058409	supercritical
341.36	537.00	509.06	0.0019644	153.47	258.96	4.7429	0.71926	1.2474	532.25	0.0079649	4.1180e-05	0.058346	supercritical
342.36	537.00	507.50	0.0019704	154.40	260.21	4.7466	0.71919	1.2459	532.16	0.0079582	4.1137e-05	0.058285	supercritical
343.36	537.00	505.95	0.0019765	155.32	261.45	4.7502	0.71911	1.2445	532.09	0.0079496	4.1095e-05	0.058226	supercritical
344.36	537.00	504.40	0.0019825	156.24	262.70	4.7538	0.71904	1.2430	532.02	0.0079390	4.1054e-05	0.058167	supercritical
345.36	537.00	502.87	0.0019886	157.15	263.94	4.7574	0.71897	1.2416	531.95	0.0079265	4.1013e-05	0.058109	supercritical
346.36	537.00	501.35	0.0019946	158.07	265.18	4.7610	0.71891	1.2401	531.89	0.0079121	4.0974e-05	0.058053	supercritical
347.36	537.00	499.83	0.0020007	158.99	266.42	4.7646	0.71885	1.2387	531.84	0.0078958	4.0935e-05	0.057997	supercritical
348.36	537.00	498.33	0.0020067	159.90	267.66	4.7682	0.71879	1.2373	531.79	0.0078777	4.0897e-05	0.057943	supercritical
349.36	537.00	496.83	0.0020127	160.81	268.90	4.7717	0.71874	1.2359	531.74	0.0078578	4.0860e-05	0.057889	supercritical
350.36	537.00	495.35	0.0020188	161.72	270.13	4.7752	0.71869	1.2345	531.70	0.0078361	4.0824e-05	0.057837	supercritical
351.36	537.00	493.87	0.0020248	162.63	271.36	4.7788	0.71865	1.2332	531.67	0.0078127	4.0789e-05	0.057786	supercritical
352.36	537.00	492.40	0.0020309	163.54	272.60	4.7823	0.71860	1.2318	531.64	0.0077875	4.0754e-05	0.057735	supercritical
353.36	537.00	490.94	0.0020369	164.45	273.83	4.7857	0.71856	1.2304	531.61	0.0077606	4.0720e-05	0.057686	supercritical
354.36	537.00	489.49	0.0020429	165.35	275.06	4.7892	0.71853	1.2291	531.59	0.0077321	4.0687e-05	0.057638	supercritical
355.36	537.00	488.05	0.0020490	166.26	276.29	4.7927	0.71850	1.2278	531.58	0.0077019	4.0655e-05	0.057590	supercritical
356.36	537.00	486.62	0.0020550	167.16	277.51	4.7961	0.71847	1.2265	531.56	0.0076700	4.0624e-05	0.057544	supercritical
357.36	537.00	485.20	0.0020610	168.06	278.74	4.7996	0.71844	1.2251	531.56	0.0076366	4.0593e-05	0.057498	supercritical
358.36	537.00	483.78	0.0020670	168.96	279.96	4.8030	0.71842	1.2239	531.55	0.0076016	4.0563e-05	0.057454	supercritical
359.36	537.00	482.38	0.0020731	169.86	281.19	4.8064	0.71840	1.2226	531.56	0.0075650	4.0533e-05	0.057410	supercritical
360.36	537.00	480.98	0.0020791	170.76	282.41	4.8098	0.71838	1.2213	531.56	0.0075269	4.0505e-05	0.057368	supercritical
361.36	537.00	479.59	0.0020851	171.66	283.63	4.8132	0.71837	1.2200	531.57	0.0074873	4.0477e-05	0.057326	supercritical
362.36	537.00	478.21	0.0020911	172.55	284.85	4.8165	0.71836	1.2188	531.58	0.0074462	4.0450e-05	0.057285	supercritical
363.36	537.00	476.83	0.0020972	173.45	286.07	4.8199	0.71836	1.2175	531.60	0.0074036	4.0423e-05	0.057245	supercritical
364.36	537.00	475.47	0.0021032	174.34	287.28	4.8232	0.71835	1.2163	531.62	0.0073596	4.0397e-05	0.057206	supercritical
365.36	537.00	474.11	0.0021092	175.24	288.50	4.8266	0.71835	1.2151	531.65	0.0073142	4.0372e-05	0.057168	supercritical
366.36	537.00	472.76	0.0021152	176.13	289.71	4.8299	0.71836	1.2139	531.68	0.0072674	4.0347e-05	0.057131	supercritical
367.36	537.00	471.42	0.0021212	177.02	290.93	4.8332	0.71836	1.2127	531.71	0.0072193	4.0323e-05	0.057094	supercritical
368.36	537.00	470.09	0.0021272	177.91	292.14	4.8365	0.71837	1.2115	531.75	0.0071698	4.0300e-05	0.057058	supercritical
369.36	537.00	468.77	0.0021333	178.79	293.35	4.8398	0.71838	1.2103	531.79	0.0071189	4.0278e-05	0.057023	supercritical
370.36	537.00	467.45	0.0021393	179.68	294.56	4.8430	0.71840	1.2091	531.83	0.0070668	4.0255e-05	0.056989	supercritical
371.36	537.00	466.14	0.0021453	180.57	295.77	4.8463	0.71841	1.2080	531.88	0.0070134	4.0234e-05	0.056956	supercritical
372.36	537.00	464.84	0.0021513	181.45	296.98	4.8496	0.71843	1.2068	531.93	0.0069587	4.0213e-05	0.056924	supercritical
373.36	537.00	463.55	0.0021573	182.34	298.18	4.8528	0.71846	1.2057	531.98	0.0069029	4.0193e-05	0.056892	supercritical
374.36	537.00	462.26	0.0021633	183.22	299.39	4.8560	0.71848	1.2045	532.04	0.0068457	4.0173e-05	0.056861	supercritical
375.36	537.00	460.98	0.0021693	184.10	300.59	4.8592	0.71851	1.2034	532.10	0.0067874	4.0154e-05	0.056831	supercritical
376.36	537.00	459.71	0.0021753	184.98	301.79	4.8624	0.71854	1.2023	532.16	0.0067280	4.0136e-05	0.056802	supercritical
377.36	537.00	458.45	0.0021813	185.86	303.00	4.8656	0.71858	1.2012	532.23	0.0066673	4.0118e-05	0.056773	supercritical
378.36	537.00	457.19	0.0021873	186.74	304.20	4.8688	0.71862	1.2001	532.30	0.0066056	4.0100e-05	0.056745	supercritical
379.36	537.00	455.95	0.0021932	187.62	305.40	4.8720	0.71865	1.1990	532.37	0.0065427	4.0083e-05	0.056718	supercritical
380.36	537.00	454.71	0.0021992	188.50	306.59	4.8751	0.71870	1.1980	532.45	0.0064787	4.0067e-05	0.056692	supercritical
381.36	537.00	453.47	0.0022052	189.37	307.79	4.8783	0.71874	1.1969	532.53	0.0064137	4.0051e-05	0.056666	supercritical
382.36	537.00	452.24	0.0022112	190.25	308.99	4.8814	0.71879	1.1959	532.61	0.0063476	4.0036e-05	0.056641	supercritical
383.36	537.00	451.02	0.0022172	191.12	310.18	4.8845	0.71884	1.1948	532.70	0.0062804	4.0021e-05	0.056617	supercritical
384.36	537.00	449.81	0.0022232	192.00	311.38	4.8876	0.71889	1.1938	532.78	0.0062123	4.0007e-05	0.056593	supercritical
385.36	537.00	448.61	0.0022291	192.87	312.57	4.8907	0.71895	1.1928	532.87	0.0061431	3.9993e-05	0.056571	supercritical
386.36	537.00	447.41	0.0022351	193.74	313.76	4.8938	0.71901	1.1918	532.97	0.0060730	3.9980e-05	0.056548	supercritical
387.36	537.00	446.21	0.0022411	194.61	314.96	4.8969	0.71907	1.1908	533.06	0.0060019	3.9967e-05	0.056527	supercritical
388.36	537.00	445.03	0.0022470	195.48	316.15	4.9000	0.71913	1.1898	533.16	0.0059299	3.9955e-05	0.056506	supercritical
389.36	537.00	443.85	0.0022530	196.35	317.33	4.9030	0.71919	1.1888	533.26	0.0058569	3.9943e-05	0.056486	supercritical
390.36	537.00	442.68	0.0022590	197.22	318.52	4.9061	0.71926	1.1878	533.37	0.0057830	3.9932e-05	0.056466	supercritical
391.36	537.00	441.51	0.0022649	198.08	319.71	4.9091	0.71933	1.1868	533.47	0.0057082	3.9921e-05	0.056447	supercritical
392.36	537.00	440.36	0.0022709	198.95	320.90	4.9121	0.71940	1.1859	533.58	0.0056326	3.9911e-05	0.056429	supercritical
393.36	537.00	439.20	0.0022769	199.82	322.08	4.9152	0.71948	1.1849	533.70	0.0055561	3.9901e-05	0.056412	supercritical
394.36	537.00	438.06	0.0022828	200.68	323.27	4.9182	0.71956	1.1840	533.81	0.0054788	3.9891e-05	0.056395	supercritical
395.36	537.00	436.92	0.0022888	201.54	324.45	4.9212	0.71964	1.1831	533.93	0.0054006	3.9882e-05	0.056378	supercritical
396.36	537.00	435.79	0.0022947	202.41	325.63	4.9241	0.71972	1.1821	534.04	0.0053216	3.9874e-05	0.056362	supercritical
397.36	537.00	434.66	0.0023007	203.27	326.81	4.9271	0.71980	1.1812	534.17	0.0052418	3.9866e-05	0.056347	supercritical
398.36	537.00	433.54	0.0023066	204.13	328.00	4.9301	0.71989	1.1803	534.29	0.0051613	3.9858e-05	0.056333	supercritical
399.36	537.00	432.43	0.0023125	204.99	329.18	4.9330	0.71997	1.1794	534.41	0.0050800	3.9851e-05	0.056319	supercritical
400.36	537.00	431.32	0.0023185	205.85	330.35	4.9360	0.72007	1.1786	534.54	0.0049979	3.9844e-05	0.056305	supercritical
401.36	537.00	430.22	0.0023244	206.71	331.53	4.9389	0.72016	1.1777	534.67	0.0049151	3.9837e-05	0.056292	supercritical
402.36	537.00	429.12	0.0023303	207.57	332.71	4.9419	0.72025	1.1768	534.80	0.0048316	3.9831e-05	0.056280	supercritical
403.36	537.00	428.03	0.0023363	208.43	333.89	4.9448	0.72035	1.1759	534.94	0.0047474	3.9826e-05	0.056269	supercritical
404.36	537.00	426.95	0.0023422	209.28	335.06	4.9477	0.72045	1.1751	535.07	0.0046625	3.9820e-05	0.056257	supercritical
405.36	537.00	425.87	0.0023481	210.14	336.24	4.9506	0.72055	1.1742	535.21	0.0045769	3.9815e-05	0.056247	supercritical
406.36	537.00	424.80	0.0023541	211.00	337.41	4.9535	0.72065	1.1734	535.35	0.0044906	3.9811e-05	0.056237	supercritical
407.36	537.00	423.73	0.0023600	211.85	338.58	4.9564	0.72076	1.1726	535.49	0.0044037	3.9807e-05	0.056227	supercritical
408.36	537.00	422.67	0.0023659	212.71	339.75	4.9592	0.72086	1.1718	535.64	0.0043162	3.9803e-05	0.056218	supercritical
409.36	537.00	421.62	0.0023718	213.56	340.93	4.9621	0.72097	1.1710	535.79	0.0042281	3.9800e-05	0.056210	supercritical
410.36	537.00	420.57	0.0023777	214.41	342.10	4.9650	0.72108	1.1702	535.93	0.0041393	3.9797e-05	0.056202	supercritical
411.36	537.00	419.53	0.0023836	215.27	343.27	4.9678	0.72120	1.1694	536.08	0.0040500	3.9794e-05	0.056195	supercritical
412.36	537.00	418.49	0.0023896	216.12	344.44	4.9707	0.72131	1.1686	536.23	0.0039601	3.9792e-05	0.056188	supercritical
413.36	537.00	417.46	0.0023955	216.97	345.60	4.9735	0.72143	1.1678	536.39	0.0038696	3.9790e-05	0.056182	supercritical
414.36	537.00	416.43	0.0024014	217.82	346.77	4.9763	0.72155	1.1670	536.54	0.0037786	3.9788e-05	0.056176	supercritical
415.36	537.00	415.41	0.0024073	218.67	347.94	4.9791	0.72167	1.1663	536.70	0.0036870	3.9787e-05	0.056170	supercritical
416.36	537.00	414.39	0.0024132	219.52	349.10	4.9819	0.72179	1.1655	536.86	0.0035949	3.9786e-05	0.056166	supercritical
417.36	537.00	413.38	0.0024191	220.37	350.27	4.9847	0.72191	1.1648	537.02	0.0035022	3.9786e-05	0.056161	supercritical
418.36	537.00	412.38	0.0024249	221.21	351.43	4.9875	0.72204	1.1640	537.18	0.0034091	3.9785e-05	0.056157	supercritical
419.36	537.00	411.38	0.0024308	222.06	352.60	4.9903	0.72217	1.1633	537.34	0.0033155	3.9785e-05	0.056154	supercritical
420.36	537.00	410.39	0.0024367	222.91	353.76	4.9930	0.72230	1.1625	537.51	0.0032214	3.9786e-05	0.056151	supercritical
421.36	537.00	409.40	0.0024426	223.75	354.92	4.9958	0.72243	1.1618	537.68	0.0031268	3.9787e-05	0.056149	supercritical
422.36	537.00	408.42	0.0024485	224.60	356.08	4.9986	0.72256	1.1611	537.85	0.0030317	3.9788e-05	0.056147	supercritical
423.36	537.00	407.44	0.0024544	225.44	357.24	5.0013	0.72269	1.1604	538.02	0.0029363	3.9789e-05	0.056145	supercritical
424.36	537.00	406.46	0.0024602	226.29	358.40	5.0040	0.72283	1.1597	538.19	0.0028403	3.9791e-05	0.056144	supercritical
425.36	537.00	405.50	0.0024661	227.13	359.56	5.0068	0.72297	1.1590	538.36	0.0027440	3.9793e-05	0.056143	supercritical
426.36	537.00	404.53	0.0024720	227.98	360.72	5.0095	0.72311	1.1583	538.53	0.0026472	3.9795e-05	0.056143	supercritical
427.36	537.00	403.57	0.0024779	228.82	361.88	5.0122	0.72325	1.1577	538.71	0.0025500	3.9798e-05	0.056143	supercritical
428.36	537.00	402.62	0.0024837	229.66	363.04	5.0149	0.72339	1.1570	538.89	0.0024524	3.9800e-05	0.056144	supercritical
429.36	537.00	401.67	0.0024896	230.50	364.19	5.0176	0.72354	1.1563	539.07	0.0023545	3.9804e-05	0.056145	supercritical
430.36	537.00	400.73	0.0024954	231.34	365.35	5.0203	0.72368	1.1557	539.25	0.0022561	3.9807e-05	0.056147	supercritical
431.36	537.00	399.79	0.0025013	232.19	366.51	5.0230	0.72383	1.1550	539.43	0.0021574	3.9811e-05	0.056149	supercritical
432.36	537.00	398.86	0.0025072	233.03	367.66	5.0257	0.72398	1.1544	539.61	0.0020584	3.9815e-05	0.056151	supercritical
433.36	537.00	397.93	0.0025130	233.87	368.81	5.0283	0.72413	1.1538	539.79	0.0019590	3.9819e-05	0.056154	supercritical
434.36	537.00	397.00	0.0025189	234.71	369.97	5.0310	0.72428	1.1531	539.98	0.0018592	3.9824e-05	0.056157	supercritical
435.36	537.00	396.09	0.0025247	235.54	371.12	5.0336	0.72443	1.1525	540.17	0.0017592	3.9829e-05	0.056161	supercritical
436.36	537.00	395.17	0.0025306	236.38	372.27	5.0363	0.72459	1.1519	540.35	0.0016588	3.9834e-05	0.056165	supercritical
437.36	537.00	394.26	0.0025364	237.22	373.42	5.0389	0.72474	1.1513	540.54	0.0015581	3.9839e-05	0.056169	supercritical
438.36	537.00	393.35	0.0025422	238.06	374.58	5.0415	0.72490	1.1507	540.73	0.0014571	3.9845e-05	0.056174	supercritical
439.36	537.00	392.45	0.0025481	238.89	375.73	5.0442	0.72506	1.1501	540.93	0.0013558	3.9851e-05	0.056179	supercritical
440.36	537.00	391.56	0.0025539	239.73	376.88	5.0468	0.72522	1.1495	541.12	0.0012542	3.9857e-05	0.056185	supercritical
441.36	537.00	390.67	0.0025597	240.57	378.02	5.0494	0.72538	1.1489	541.31	0.0011523	3.9863e-05	0.056191	supercritical
442.36	537.00	389.78	0.0025656	241.40	379.17	5.0520	0.72555	1.1483	541.51	0.0010502	3.9870e-05	0.056197	supercritical
443.36	537.00	388.89	0.0025714	242.24	380.32	5.0546	0.72571	1.1477	541.70	0.00094783	3.9877e-05	0.056204	supercritical
444.36	537.00	388.02	0.0025772	243.07	381.47	5.0572	0.72588	1.1472	541.90	0.00084520	3.9884e-05	0.056211	supercritical
445.36	537.00	387.14	0.0025830	243.91	382.62	5.0597	0.72604	1.1466	542.10	0.00074232	3.9891e-05	0.056218	supercritical
446.36	537.00	386.27	0.0025888	244.74	383.76	5.0623	0.72621	1.1461	542.30	0.00063922	3.9899e-05	0.056226	supercritical
447.36	537.00	385.41	0.0025947	245.57	384.91	5.0649	0.72638	1.1455	542.50	0.00053588	3.9907e-05	0.056234	supercritical
448.36	537.00	384.54	0.0026005	246.41	386.05	5.0674	0.72655	1.1450	542.70	0.00043232	3.9915e-05	0.056243	supercritical
449.36	537.00	383.69	0.0026063	247.24	387.20	5.0700	0.72673	1.1444	542.90	0.00032855	3.9923e-05	0.056252	supercritical
450.36	537.00	382.83	0.0026121	248.07	388.34	5.0725	0.72690	1.1439	543.11	0.00022458	3.9932e-05	0.056261	supercritical
451.36	537.00	381.99	0.0026179	248.90	389.49	5.0751	0.72707	1.1434	543.31	0.00012041	3.9940e-05	0.056271	supercritical
452.36	537.00	381.14	0.0026237	249.74	390.63	5.0776	0.72725	1.1429	543.52	1.6047e-05	3.9949e-05	0.056281	supercritical
453.36	537.00	380.30	0.0026295	250.57	391.77	5.0801	0.72743	1.1424	543.73	-8.8499e-05	3.9959e-05	0.056291	supercritical
454.36	537.00	379.46	0.0026353	251.40	392.91	5.0826	0.72760	1.1418	543.93	-0.00019322	3.9968e-05	0.056301	supercritical
455.36	537.00	378.63	0.0026411	252.23	394.06	5.0851	0.72778	1.1413	544.14	-0.00029811	3.9978e-05	0.056312	supercritical
456.36	537.00	377.80	0.0026469	253.06	395.20	5.0876	0.72796	1.1408	544.35	-0.00040317	3.9987e-05	0.056324	supercritical
457.36	537.00	376.98	0.0026527	253.89	396.34	5.0901	0.72815	1.1404	544.56	-0.00050838	3.9998e-05	0.056335	supercritical
458.36	537.00	376.16	0.0026585	254.72	397.48	5.0926	0.72833	1.1399	544.77	-0.00061374	4.0008e-05	0.056347	supercritical
459.36	537.00	375.34	0.0026642	255.55	398.62	5.0951	0.72851	1.1394	544.99	-0.00071925	4.0018e-05	0.056359	supercritical
460.36	537.00	374.53	0.0026700	256.38	399.76	5.0976	0.72870	1.1389	545.20	-0.00082489	4.0029e-05	0.056372	supercritical
461.36	537.00	373.72	0.0026758	257.20	400.89	5.1001	0.72888	1.1384	545.41	-0.00093067	4.0040e-05	0.056385	supercritical
462.36	537.00	372.92	0.0026816	258.03	402.03	5.1025	0.72907	1.1380	545.63	-0.0010366	4.0051e-05	0.056398	supercritical
463.36	537.00	372.11	0.0026873	258.86	403.17	5.1050	0.72926	1.1375	545.84	-0.0011426	4.0062e-05	0.056412	supercritical
464.36	537.00	371.32	0.0026931	259.69	404.31	5.1074	0.72945	1.1371	546.06	-0.0012487	4.0074e-05	0.056425	supercritical
465.36	537.00	370.52	0.0026989	260.51	405.44	5.1099	0.72964	1.1366	546.28	-0.0013550	4.0085e-05	0.056440	supercritical
466.36	537.00	369.73	0.0027046	261.34	406.58	5.1123	0.72983	1.1362	546.49	-0.0014613	4.0097e-05	0.056454	supercritical
467.36	537.00	368.95	0.0027104	262.17	407.72	5.1147	0.73002	1.1357	546.71	-0.0015677	4.0109e-05	0.056469	supercritical
468.36	537.00	368.17	0.0027162	262.99	408.85	5.1172	0.73021	1.1353	546.93	-0.0016743	4.0121e-05	0.056484	supercritical
469.36	537.00	367.39	0.0027219	263.82	409.99	5.1196	0.73041	1.1349	547.15	-0.0017809	4.0134e-05	0.056499	supercritical
470.36	537.00	366.61	0.0027277	264.65	411.12	5.1220	0.73060	1.1344	547.37	-0.0018876	4.0146e-05	0.056514	supercritical
471.36	537.00	365.84	0.0027334	265.47	412.26	5.1244	0.73080	1.1340	547.60	-0.0019943	4.0159e-05	0.056530	supercritical
472.36	537.00	365.07	0.0027392	266.30	413.39	5.1268	0.73100	1.1336	547.82	-0.0021012	4.0172e-05	0.056547	supercritical
473.36	537.00	364.31	0.0027449	267.12	414.52	5.1292	0.73119	1.1332	548.04	-0.0022081	4.0185e-05	0.056563	supercritical
474.36	537.00	363.55	0.0027507	267.94	415.66	5.1316	0.73139	1.1328	548.27	-0.0023150	4.0198e-05	0.056580	supercritical
475.36	537.00	362.79	0.0027564	268.77	416.79	5.1340	0.73159	1.1324	548.49	-0.0024221	4.0212e-05	0.056597	supercritical
476.36	537.00	362.04	0.0027622	269.59	417.92	5.1364	0.73179	1.1320	548.72	-0.0025291	4.0225e-05	0.056614	supercritical
477.36	537.00	361.29	0.0027679	270.42	419.05	5.1387	0.73199	1.1316	548.94	-0.0026362	4.0239e-05	0.056631	supercritical
478.36	537.00	360.54	0.0027736	271.24	420.18	5.1411	0.73220	1.1312	549.17	-0.0027434	4.0253e-05	0.056649	supercritical
479.36	537.00	359.79	0.0027794	272.06	421.32	5.1435	0.73240	1.1308	549.40	-0.0028506	4.0267e-05	0.056667	supercritical
480.36	537.00	359.05	0.0027851	272.89	422.45	5.1458	0.73260	1.1304	549.62	-0.0029578	4.0281e-05	0.056686	supercritical
481.36	537.00	358.32	0.0027908	273.71	423.58	5.1482	0.73281	1.1301	549.85	-0.0030651	4.0296e-05	0.056704	supercritical
482.36	537.00	357.58	0.0027965	274.53	424.71	5.1505	0.73301	1.1297	550.08	-0.0031723	4.0310e-05	0.056723	supercritical
483.36	537.00	356.85	0.0028023	275.35	425.84	5.1529	0.73322	1.1293	550.31	-0.0032796	4.0325e-05	0.056742	supercritical
484.36	537.00	356.13	0.0028080	276.18	426.96	5.1552	0.73342	1.1290	550.54	-0.0033869	4.0340e-05	0.056761	supercritical
485.36	537.00	355.40	0.0028137	277.00	428.09	5.1575	0.73363	1.1286	550.77	-0.0034942	4.0355e-05	0.056781	supercritical
486.36	537.00	354.68	0.0028194	277.82	429.22	5.1599	0.73384	1.1282	551.01	-0.0036015	4.0370e-05	0.056801	supercritical
487.36	537.00	353.97	0.0028251	278.64	430.35	5.1622	0.73405	1.1279	551.24	-0.0037089	4.0386e-05	0.056821	supercritical
488.36	537.00	353.25	0.0028308	279.46	431.48	5.1645	0.73426	1.1276	551.47	-0.0038162	4.0401e-05	0.056841	supercritical
489.36	537.00	352.54	0.0028365	280.28	432.61	5.1668	0.73447	1.1272	551.70	-0.0039235	4.0417e-05	0.056862	supercritical
490.36	537.00	351.83	0.0028423	281.10	433.73	5.1691	0.73468	1.1269	551.94	-0.0040308	4.0432e-05	0.056883	supercritical
491.36	537.00	351.13	0.0028480	281.92	434.86	5.1714	0.73489	1.1265	552.17	-0.0041381	4.0448e-05	0.056904	supercritical
492.36	537.00	350.43	0.0028537	282.74	435.99	5.1737	0.73510	1.1262	552.41	-0.0042453	4.0464e-05	0.056925	supercritical
493.36	537.00	349.73	0.0028594	283.56	437.11	5.1760	0.73532	1.1259	552.64	-0.0043526	4.0481e-05	0.056946	supercritical
494.36	537.00	349.03	0.0028650	284.38	438.24	5.1782	0.73553	1.1256	552.88	-0.0044598	4.0497e-05	0.056968	supercritical
495.36	537.00	348.34	0.0028707	285.20	439.36	5.1805	0.73575	1.1252	553.12	-0.0045670	4.0513e-05	0.056990	supercritical
496.36	537.00	347.65	0.0028764	286.02	440.49	5.1828	0.73596	1.1249	553.35	-0.0046742	4.0530e-05	0.057012	supercritical
497.36	537.00	346.97	0.0028821	286.84	441.61	5.1850	0.73618	1.1246	553.59	-0.0047813	4.0547e-05	0.057035	supercritical
498.36	537.00	346.28	0.0028878	287.66	442.74	5.1873	0.73639	1.1243	553.83	-0.0048884	4.0564e-05	0.057057	supercritical
499.36	537.00	345.60	0.0028935	288.48	443.86	5.1896	0.73661	1.1240	554.07	-0.0049954	4.0581e-05	0.057080	supercritical
500.36	537.00	344.93	0.0028992	289.30	444.98	5.1918	0.73683	1.1237	554.31	-0.0051025	4.0598e-05	0.057103	supercritical
501.36	537.00	344.25	0.0029048	290.12	446.11	5.1940	0.73705	1.1234	554.55	-0.0052094	4.0615e-05	0.057127	supercritical
502.36	537.00	343.58	0.0029105	290.94	447.23	5.1963	0.73726	1.1231	554.79	-0.0053163	4.0632e-05	0.057150	supercritical
503.36	537.00	342.91	0.0029162	291.75	448.35	5.1985	0.73748	1.1228	555.03	-0.0054232	4.0650e-05	0.057174	supercritical
504.36	537.00	342.25	0.0029219	292.57	449.48	5.2007	0.73770	1.1226	555.27	-0.0055300	4.0668e-05	0.057198	supercritical
505.36	537.00	341.58	0.0029275	293.39	450.60	5.2030	0.73792	1.1223	555.51	-0.0056367	4.0685e-05	0.057222	supercritical
506.36	537.00	340.92	0.0029332	294.21	451.72	5.2052	0.73814	1.1220	555.75	-0.0057434	4.0703e-05	0.057246	supercritical
507.36	537.00	340.27	0.0029389	295.03	452.84	5.2074	0.73837	1.1217	555.99	-0.0058500	4.0721e-05	0.057271	supercritical
508.36	537.00	339.61	0.0029445	295.84	453.97	5.2096	0.73859	1.1214	556.24	-0.0059565	4.0739e-05	0.057296	supercritical
509.36	537.00	338.96	0.0029502	296.66	455.09	5.2118	0.73881	1.1212	556.48	-0.0060630	4.0757e-05	0.057321	supercritical
510.36	537.00	338.31	0.0029558	297.48	456.21	5.2140	0.73903	1.1209	556.72	-0.0061694	4.0776e-05	0.057346	supercritical
511.36	537.00	337.67	0.0029615	298.30	457.33	5.2162	0.73926	1.1207	556.97	-0.0062757	4.0794e-05	0.057371	supercritical
512.36	537.00	337.02	0.0029672	299.11	458.45	5.2184	0.73948	1.1204	557.21	-0.0063820	4.0813e-05	0.057397	supercritical
513.36	537.00	336.38	0.0029728	299.93	459.57	5.2206	0.73970	1.1201	557.46	-0.0064881	4.0832e-05	0.057422	supercritical
514.36	537.00	335.74	0.0029785	300.75	460.69	5.2228	0.73993	1.1199	557.70	-0.0065942	4.0850e-05	0.057448	supercritical
515.36	537.00	335.11	0.0029841	301.56	461.81	5.2249	0.74015	1.1196	557.95	-0.0067002	4.0869e-05	0.057474	supercritical
516.36	537.00	334.48	0.0029897	302.38	462.93	5.2271	0.74038	1.1194	558.19	-0.0068061	4.0888e-05	0.057501	supercritical
517.36	537.00	333.85	0.0029954	303.20	464.05	5.2293	0.74061	1.1192	558.44	-0.0069119	4.0907e-05	0.057527	supercritical
518.36	537.00	333.22	0.0030010	304.01	465.17	5.2314	0.74083	1.1189	558.69	-0.0070177	4.0927e-05	0.057554	supercritical
519.36	537.00	332.60	0.0030067	304.83	466.29	5.2336	0.74106	1.1187	558.93	-0.0071233	4.0946e-05	0.057581	supercritical
520.36	537.00	331.97	0.0030123	305.64	467.40	5.2357	0.74129	1.1185	559.18	-0.0072288	4.0965e-05	0.057608	supercritical
521.36	537.00	331.35	0.0030179	306.46	468.52	5.2379	0.74152	1.1182	559.43	-0.0073343	4.0985e-05	0.057635	supercritical
522.36	537.00	330.74	0.0030236	307.28	469.64	5.2400	0.74174	1.1180	559.68	-0.0074396	4.1005e-05	0.057662	supercritical
523.36	537.00	330.12	0.0030292	308.09	470.76	5.2422	0.74197	1.1178	559.92	-0.0075448	4.1024e-05	0.057690	supercritical
524.36	537.00	329.51	0.0030348	308.91	471.88	5.2443	0.74220	1.1176	560.17	-0.0076499	4.1044e-05	0.057718	supercritical
525.36	537.00	328.90	0.0030404	309.72	472.99	5.2464	0.74243	1.1173	560.42	-0.0077549	4.1064e-05	0.057746	supercritical
526.36	537.00	328.29	0.0030461	310.54	474.11	5.2486	0.74266	1.1171	560.67	-0.0078598	4.1084e-05	0.057774	supercritical
527.36	537.00	327.69	0.0030517	311.35	475.23	5.2507	0.74289	1.1169	560.92	-0.0079646	4.1104e-05	0.057802	supercritical
528.36	537.00	327.09	0.0030573	312.17	476.34	5.2528	0.74312	1.1167	561.17	-0.0080693	4.1124e-05	0.057831	supercritical
529.36	537.00	326.49	0.0030629	312.98	477.46	5.2549	0.74335	1.1165	561.42	-0.0081739	4.1145e-05	0.057859	supercritical
530.36	537.00	325.89	0.0030685	313.80	478.58	5.2570	0.74358	1.1163	561.67	-0.0082783	4.1165e-05	0.057888	supercritical
531.36	537.00	325.30	0.0030741	314.61	479.69	5.2591	0.74381	1.1161	561.92	-0.0083827	4.1186e-05	0.057917	supercritical
532.36	537.00	324.70	0.0030797	315.43	480.81	5.2612	0.74404	1.1159	562.17	-0.0084869	4.1206e-05	0.057946	supercritical
533.36	537.00	324.11	0.0030853	316.24	481.93	5.2633	0.74428	1.1157	562.42	-0.0085909	4.1227e-05	0.057975	supercritical
534.36	537.00	323.53	0.0030909	317.06	483.04	5.2654	0.74451	1.1155	562.68	-0.0086949	4.1248e-05	0.058005	supercritical
535.36	537.00	322.94	0.0030965	317.87	484.16	5.2675	0.74474	1.1153	562.93	-0.0087987	4.1269e-05	0.058034	supercritical
536.36	537.00	322.36	0.0031021	318.69	485.27	5.2696	0.74497	1.1151	563.18	-0.0089025	4.1289e-05	0.058064	supercritical
537.36	537.00	321.78	0.0031077	319.50	486.39	5.2716	0.74521	1.1150	563.43	-0.0090060	4.1311e-05	0.058094	supercritical
538.36	537.00	321.20	0.0031133	320.32	487.50	5.2737	0.74544	1.1148	563.68	-0.0091095	4.1332e-05	0.058124	supercritical
539.36	537.00	320.62	0.0031189	321.13	488.62	5.2758	0.74567	1.1146	563.94	-0.0092128	4.1353e-05	0.058154	supercritical
540.36	537.00	320.05	0.0031245	321.94	489.73	5.2778	0.74591	1.1144	564.19	-0.0093160	4.1374e-05	0.058185	supercritical
541.36	537.00	319.48	0.0031301	322.76	490.85	5.2799	0.74614	1.1142	564.44	-0.0094190	4.1395e-05	0.058215	supercritical
542.36	537.00	318.91	0.0031357	323.57	491.96	5.2820	0.74637	1.1141	564.70	-0.0095219	4.1417e-05	0.058246	supercritical
543.36	537.00	318.34	0.0031413	324.39	493.07	5.2840	0.74661	1.1139	564.95	-0.0096247	4.1438e-05	0.058277	supercritical
544.36	537.00	317.78	0.0031469	325.20	494.19	5.2861	0.74684	1.1137	565.21	-0.0097274	4.1460e-05	0.058308	supercritical
545.36	537.00	317.21	0.0031524	326.01	495.30	5.2881	0.74708	1.1136	565.46	-0.0098299	4.1482e-05	0.058339	supercritical
546.36	537.00	316.65	0.0031580	326.83	496.41	5.2901	0.74731	1.1134	565.71	-0.0099322	4.1504e-05	0.058370	supercritical
547.36	537.00	316.10	0.0031636	327.64	497.53	5.2922	0.74755	1.1133	565.97	-0.010034	4.1525e-05	0.058401	supercritical
548.36	537.00	315.54	0.0031692	328.46	498.64	5.2942	0.74778	1.1131	566.22	-0.010137	4.1547e-05	0.058433	supercritical
549.36	537.00	314.99	0.0031748	329.27	499.75	5.2962	0.74802	1.1129	566.48	-0.010238	4.1569e-05	0.058465	supercritical
550.36	537.00	314.43	0.0031803	330.08	500.87	5.2983	0.74826	1.1128	566.74	-0.010340	4.1591e-05	0.058497	supercritical
551.36	537.00	313.88	0.0031859	330.90	501.98	5.3003	0.74849	1.1126	566.99	-0.010442	4.1614e-05	0.058528	supercritical
552.36	537.00	313.34	0.0031915	331.71	503.09	5.3023	0.74873	1.1125	567.25	-0.010543	4.1636e-05	0.058561	supercritical
553.36	537.00	312.79	0.0031970	332.52	504.20	5.3043	0.74896	1.1124	567.50	-0.010645	4.1658e-05	0.058593	supercritical
554.36	537.00	312.25	0.0032026	333.34	505.32	5.3063	0.74920	1.1122	567.76	-0.010746	4.1680e-05	0.058625	supercritical
555.36	537.00	311.71	0.0032081	334.15	506.43	5.3083	0.74944	1.1121	568.02	-0.010847	4.1703e-05	0.058658	supercritical
556.36	537.00	311.17	0.0032137	334.97	507.54	5.3103	0.74967	1.1119	568.27	-0.010948	4.1725e-05	0.058690	supercritical
557.36	537.00	310.63	0.0032193	335.78	508.65	5.3123	0.74991	1.1118	568.53	-0.011048	4.1748e-05	0.058723	supercritical
558.36	537.00	310.10	0.0032248	336.59	509.76	5.3143	0.75015	1.1117	568.79	-0.011149	4.1771e-05	0.058756	supercritical
559.36	537.00	309.56	0.0032304	337.41	510.88	5.3163	0.75039	1.1115	569.04	-0.011249	4.1793e-05	0.058789	supercritical
560.36	537.00	309.03	0.0032359	338.22	511.99	5.3183	0.75062	1.1114	569.30	-0.011350	4.1816e-05	0.058822	supercritical
561.36	537.00	308.50	0.0032415	339.03	513.10	5.3203	0.75086	1.1113	569.56	-0.011450	4.1839e-05	0.058856	supercritical
562.36	537.00	307.98	0.0032470	339.85	514.21	5.3222	0.75110	1.1111	569.82	-0.011550	4.1862e-05	0.058889	supercritical
563.36	537.00	307.45	0.0032526	340.66	515.32	5.3242	0.75134	1.1110	570.07	-0.011650	4.1885e-05	0.058922	supercritical
564.36	537.00	306.93	0.0032581	341.47	516.43	5.3262	0.75157	1.1109	570.33	-0.011749	4.1908e-05	0.058956	supercritical
565.36	537.00	306.41	0.0032636	342.29	517.54	5.3282	0.75181	1.1108	570.59	-0.011849	4.1931e-05	0.058990	supercritical
566.36	537.00	305.89	0.0032692	343.10	518.65	5.3301	0.75205	1.1107	570.85	-0.011948	4.1954e-05	0.059024	supercritical
567.36	537.00	305.37	0.0032747	343.91	519.76	5.3321	0.75229	1.1105	571.11	-0.012047	4.1977e-05	0.059058	supercritical
568.36	537.00	304.85	0.0032803	344.73	520.87	5.3340	0.75253	1.1104	571.37	-0.012146	4.2001e-05	0.059092	supercritical
569.36	537.00	304.34	0.0032858	345.54	521.99	5.3360	0.75276	1.1103	571.63	-0.012245	4.2024e-05	0.059126	supercritical
570.36	537.00	303.83	0.0032913	346.35	523.10	5.3379	0.75300	1.1102	571.89	-0.012344	4.2047e-05	0.059161	supercritical
571.36	537.00	303.32	0.0032968	347.16	524.21	5.3399	0.75324	1.1101	572.14	-0.012442	4.2071e-05	0.059195	supercritical
572.36	537.00	302.81	0.0033024	347.98	525.32	5.3418	0.75348	1.1100	572.40	-0.012540	4.2094e-05	0.059230	supercritical
573.36	537.00	302.31	0.0033079	348.79	526.43	5.3438	0.75372	1.1099	572.66	-0.012639	4.2118e-05	0.059265	supercritical
574.36	537.00	301.80	0.0033134	349.60	527.54	5.3457	0.75396	1.1098	572.92	-0.012737	4.2142e-05	0.059299	supercritical
575.36	537.00	301.30	0.0033189	350.42	528.65	5.3476	0.75419	1.1097	573.18	-0.012834	4.2165e-05	0.059334	supercritical
576.36	537.00	300.80	0.0033245	351.23	529.75	5.3496	0.75443	1.1096	573.44	-0.012932	4.2189e-05	0.059369	supercritical
577.36	537.00	300.30	0.0033300	352.04	530.86	5.3515	0.75467	1.1095	573.70	-0.013029	4.2213e-05	0.059405	supercritical
578.36	537.00	299.81	0.0033355	352.86	531.97	5.3534	0.75491	1.1094	573.96	-0.013127	4.2237e-05	0.059440	supercritical
579.36	537.00	299.31	0.0033410	353.67	533.08	5.3553	0.75515	1.1093	574.22	-0.013224	4.2261e-05	0.059475	supercritical
580.36	537.00	298.82	0.0033465	354.48	534.19	5.3572	0.75539	1.1092	574.48	-0.013321	4.2285e-05	0.059511	supercritical
581.36	537.00	298.33	0.0033520	355.30	535.30	5.3591	0.75563	1.1091	574.74	-0.013418	4.2309e-05	0.059546	supercritical
582.36	537.00	297.84	0.0033575	356.11	536.41	5.3610	0.75586	1.1090	575.00	-0.013514	4.2333e-05	0.059582	supercritical
583.36	537.00	297.35	0.0033631	356.92	537.52	5.3629	0.75610	1.1089	575.27	-0.013611	4.2357e-05	0.059618	supercritical
584.36	537.00	296.86	0.0033686	357.74	538.63	5.3648	0.75634	1.1089	575.53	-0.013707	4.2381e-05	0.059654	supercritical
585.36	537.00	296.38	0.0033741	358.55	539.74	5.3667	0.75658	1.1088	575.79	-0.013803	4.2406e-05	0.059690	supercritical
586.36	537.00	295.90	0.0033796	359.36	540.85	5.3686	0.75682	1.1087	576.05	-0.013899	4.2430e-05	0.059726	supercritical
587.36	537.00	295.42	0.0033851	360.18	541.95	5.3705	0.75706	1.1086	576.31	-0.013995	4.2454e-05	0.059762	supercritical
588.36	537.00	294.94	0.0033906	360.99	543.06	5.3724	0.75730	1.1085	576.57	-0.014090	4.2479e-05	0.059799	supercritical
589.36	537.00	294.46	0.0033961	361.80	544.17	5.3743	0.75754	1.1085	576.83	-0.014186	4.2503e-05	0.059835	supercritical
590.36	537.00	293.98	0.0034016	362.62	545.28	5.3762	0.75777	1.1084	577.09	-0.014281	4.2528e-05	0.059872	supercritical
591.36	537.00	293.51	0.0034070	363.43	546.39	5.3780	0.75801	1.1083	577.36	-0.014376	4.2552e-05	0.059908	supercritical
592.36	537.00	293.04	0.0034125	364.24	547.50	5.3799	0.75825	1.1082	577.62	-0.014471	4.2577e-05	0.059945	supercritical
593.36	537.00	292.57	0.0034180	365.06	548.61	5.3818	0.75849	1.1082	577.88	-0.014566	4.2601e-05	0.059982	supercritical
594.36	537.00	292.10	0.0034235	365.87	549.71	5.3836	0.75873	1.1081	578.14	-0.014660	4.2626e-05	0.060019	supercritical
595.36	537.00	291.63	0.0034290	366.68	550.82	5.3855	0.75897	1.1080	578.40	-0.014755	4.2651e-05	0.060056	supercritical
596.36	537.00	291.16	0.0034345	367.50	551.93	5.3874	0.75920	1.1080	578.67	-0.014849	4.2676e-05	0.060093	supercritical
597.36	537.00	290.70	0.0034400	368.31	553.04	5.3892	0.75944	1.1079	578.93	-0.014943	4.2701e-05	0.060130	supercritical
598.36	537.00	290.24	0.0034454	369.12	554.15	5.3911	0.75968	1.1078	579.19	-0.015037	4.2725e-05	0.060168	supercritical
599.36	537.00	289.78	0.0034509	369.94	555.25	5.3929	0.75992	1.1078	579.45	-0.015130	4.2750e-05	0.060205	supercritical
600.36	537.00	289.32	0.0034564	370.75	556.36	5.3948	0.76016	1.1077	579.71	-0.015224	4.2775e-05	0.060243	supercritical
601.36	537.00	288.86	0.0034619	371.57	557.47	5.3966	0.76040	1.1077	579.98	-0.015317	4.2800e-05	0.060280	supercritical
602.36	537.00	288.40	0.0034674	372.38	558.58	5.3985	0.76063	1.1076	580.24	-0.015410	4.2825e-05	0.060318	supercritical
603.36	537.00	287.95	0.0034728	373.19	559.68	5.4003	0.76087	1.1076	580.50	-0.015503	4.2850e-05	0.060356	supercritical
604.36	537.00	287.50	0.0034783	374.01	560.79	5.4021	0.76111	1.1075	580.76	-0.015596	4.2876e-05	0.060394	supercritical
605.36	537.00	287.05	0.0034838	374.82	561.90	5.4040	0.76135	1.1074	581.03	-0.015689	4.2901e-05	0.060431	supercritical
606.36	537.00	286.60	0.0034892	375.63	563.01	5.4058	0.76158	1.1074	581.29	-0.015781	4.2926e-05	0.060470	supercritical
607.36	537.00	286.15	0.0034947	376.45	564.11	5.4076	0.76182	1.1073	581.55	-0.015873	4.2951e-05	0.060508	supercritical
608.36	537.00	285.70	0.0035002	377.26	565.22	5.4094	0.76206	1.1073	581.82	-0.015965	4.2977e-05	0.060546	supercritical
609.36	537.00	285.26	0.0035056	378.08	566.33	5.4113	0.76230	1.1072	582.08	-0.016057	4.3002e-05	0.060584	supercritical
610.36	537.00	284.81	0.0035111	378.89	567.44	5.4131	0.76253	1.1072	582.34	-0.016149	4.3027e-05	0.060623	supercritical
611.36	537.00	284.37	0.0035165	379.70	568.54	5.4149	0.76277	1.1072	582.61	-0.016240	4.3053e-05	0.060661	supercritical
612.36	537.00	283.93	0.0035220	380.52	569.65	5.4167	0.76301	1.1071	582.87	-0.016332	4.3078e-05	0.060700	supercritical
613.36	537.00	283.49	0.0035275	381.33	570.76	5.4185	0.76324	1.1071	583.13	-0.016423	4.3104e-05	0.060738	supercritical
614.36	537.00	283.05	0.0035329	382.15	571.86	5.4203	0.76348	1.1070	583.40	-0.016514	4.3129e-05	0.060777	supercritical
615.36	537.00	282.62	0.0035384	382.96	572.97	5.4221	0.76372	1.1070	583.66	-0.016605	4.3155e-05	0.060816	supercritical
616.36	537.00	282.18	0.0035438	383.78	574.08	5.4239	0.76395	1.1070	583.92	-0.016695	4.3180e-05	0.060855	supercritical
617.36	537.00	281.75	0.0035493	384.59	575.18	5.4257	0.76419	1.1069	584.19	-0.016786	4.3206e-05	0.060894	supercritical
618.36	537.00	281.32	0.0035547	385.40	576.29	5.4275	0.76443	1.1069	584.45	-0.016876	4.3232e-05	0.060933	supercritical
619.36	537.00	280.89	0.0035602	386.22	577.40	5.4293	0.76466	1.1068	584.71	-0.016966	4.3257e-05	0.060972	supercritical
620.36	537.00	280.46	0.0035656	387.03	578.51	5.4311	0.76490	1.1068	584.98	-0.017056	4.3283e-05	0.061011	supercritical
621.36	537.00	280.03	0.0035710	387.85	579.61	5.4328	0.76514	1.1068	585.24	-0.017146	4.3309e-05	0.061050	supercritical
622.36	537.00	279.60	0.0035765	388.66	580.72	5.4346	0.76537	1.1067	585.50	-0.017235	4.3335e-05	0.061090	supercritical
623.36	537.00	279.18	0.0035819	389.48	581.83	5.4364	0.76561	1.1067	585.77	-0.017325	4.3361e-05	0.061129	supercritical
624.36	537.00	278.76	0.0035874	390.29	582.93	5.4382	0.76584	1.1067	586.03	-0.017414	4.3387e-05	0.061168	supercritical
625.36	537.00	278.34	0.0035928	391.11	584.04	5.4399	0.76608	1.1067	586.30	-0.017503	4.3413e-05	0.061208	supercritical
626.36	537.00	277.91	0.0035982	391.92	585.15	5.4417	0.76631	1.1066	586.56	-0.017592	4.3439e-05	0.061248	supercritical
627.36	537.00	277.50	0.0036037	392.74	586.25	5.4435	0.76655	1.1066	586.82	-0.017680	4.3465e-05	0.061287	supercritical
628.36	537.00	277.08	0.0036091	393.55	587.36	5.4452	0.76678	1.1066	587.09	-0.017769	4.3491e-05	0.061327	supercritical
629.36	537.00	276.66	0.0036145	394.37	588.47	5.4470	0.76702	1.1066	587.35	-0.017857	4.3517e-05	0.061367	supercritical
630.36	537.00	276.25	0.0036199	395.18	589.57	5.4488	0.76725	1.1065	587.62	-0.017945	4.3543e-05	0.061407	supercritical
631.36	537.00	275.83	0.0036254	396.00	590.68	5.4505	0.76749	1.1065	587.88	-0.018033	4.3569e-05	0.061447	supercritical
632.36	537.00	275.42	0.0036308	396.81	591.78	5.4523	0.76772	1.1065	588.14	-0.018121	4.3595e-05	0.061487	supercritical
633.36	537.00	275.01	0.0036362	397.63	592.89	5.4540	0.76796	1.1065	588.41	-0.018208	4.3621e-05	0.061527	supercritical
634.36	537.00	274.60	0.0036416	398.44	594.00	5.4558	0.76819	1.1065	588.67	-0.018296	4.3647e-05	0.061568	supercritical
635.36	537.00	274.19	0.0036471	399.26	595.10	5.4575	0.76842	1.1064	588.94	-0.018383	4.3674e-05	0.061608	supercritical
636.36	537.00	273.79	0.0036525	400.07	596.21	5.4592	0.76866	1.1064	589.20	-0.018470	4.3700e-05	0.061648	supercritical
637.36	537.00	273.38	0.0036579	400.89	597.32	5.4610	0.76889	1.1064	589.46	-0.018557	4.3726e-05	0.061689	supercritical
638.36	537.00	272.98	0.0036633	401.70	598.42	5.4627	0.76912	1.1064	589.73	-0.018643	4.3753e-05	0.061729	supercritical
639.36	537.00	272.57	0.0036687	402.52	599.53	5.4644	0.76936	1.1064	589.99	-0.018730	4.3779e-05	0.061770	supercritical
640.36	537.00	272.17	0.0036741	403.33	600.64	5.4662	0.76959	1.1064	590.26	-0.018816	4.3805e-05	0.061810	supercritical
641.36	537.00	271.77	0.0036796	404.15	601.74	5.4679	0.76982	1.1064	590.52	-0.018902	4.3832e-05	0.061851	supercritical
642.36	537.00	271.37	0.0036850	404.97	602.85	5.4696	0.77005	1.1064	590.79	-0.018988	4.3858e-05	0.061892	supercritical
643.36	537.00	270.97	0.0036904	405.78	603.96	5.4713	0.77029	1.1063	591.05	-0.019074	4.3885e-05	0.061933	supercritical
644.36	537.00	270.58	0.0036958	406.60	605.06	5.4731	0.77052	1.1063	591.31	-0.019159	4.3911e-05	0.061974	supercritical
645.36	537.00	270.18	0.0037012	407.41	606.17	5.4748	0.77075	1.1063	591.58	-0.019245	4.3938e-05	0.062014	supercritical
646.36	537.00	269.79	0.0037066	408.23	607.27	5.4765	0.77098	1.1063	591.84	-0.019330	4.3964e-05	0.062056	supercritical
647.36	537.00	269.40	0.0037120	409.05	608.38	5.4782	0.77121	1.1063	592.11	-0.019415	4.3991e-05	0.062097	supercritical
648.36	537.00	269.01	0.0037174	409.86	609.49	5.4799	0.77144	1.1063	592.37	-0.019500	4.4017e-05	0.062138	supercritical
649.36	537.00	268.61	0.0037228	410.68	610.59	5.4816	0.77168	1.1063	592.64	-0.019585	4.4044e-05	0.062179	supercritical
650.36	537.00	268.23	0.0037282	411.50	611.70	5.4833	0.77191	1.1063	592.90	-0.019669	4.4071e-05	0.062220	supercritical
651.36	537.00	267.84	0.0037336	412.31	612.81	5.4850	0.77214	1.1063	593.16	-0.019754	4.4097e-05	0.062262	supercritical
652.36	537.00	267.45	0.0037390	413.13	613.91	5.4867	0.77237	1.1063	593.43	-0.019838	4.4124e-05	0.062303	supercritical
653.36	537.00	267.07	0.0037444	413.94	615.02	5.4884	0.77260	1.1063	593.69	-0.019922	4.4151e-05	0.062344	supercritical
654.36	537.00	266.68	0.0037498	414.76	616.12	5.4901	0.77283	1.1063	593.96	-0.020005	4.4178e-05	0.062386	supercritical
655.36	537.00	266.30	0.0037552	415.58	617.23	5.4918	0.77306	1.1063	594.22	-0.020089	4.4204e-05	0.062428	supercritical
656.36	537.00	265.92	0.0037606	416.40	618.34	5.4935	0.77329	1.1063	594.49	-0.020173	4.4231e-05	0.062469	supercritical
657.36	537.00	265.54	0.0037660	417.21	619.44	5.4952	0.77352	1.1063	594.75	-0.020256	4.4258e-05	0.062511	supercritical
658.36	537.00	265.16	0.0037713	418.03	620.55	5.4968	0.77374	1.1063	595.02	-0.020339	4.4285e-05	0.062553	supercritical
659.36	537.00	264.78	0.0037767	418.85	621.66	5.4985	0.77397	1.1063	595.28	-0.020422	4.4312e-05	0.062594	supercritical
660.36	537.00	264.40	0.0037821	419.66	622.76	5.5002	0.77420	1.1063	595.54	-0.020505	4.4339e-05	0.062636	supercritical
661.36	537.00	264.03	0.0037875	420.48	623.87	5.5019	0.77443	1.1063	595.81	-0.020587	4.4366e-05	0.062678	supercritical
662.36	537.00	263.65	0.0037929	421.30	624.98	5.5035	0.77466	1.1063	596.07	-0.020670	4.4393e-05	0.062720	supercritical
663.36	537.00	263.28	0.0037983	422.12	626.08	5.5052	0.77489	1.1063	596.34	-0.020752	4.4419e-05	0.062762	supercritical
664.36	537.00	262.91	0.0038036	422.93	627.19	5.5069	0.77511	1.1064	596.60	-0.020834	4.4446e-05	0.062804	supercritical
665.36	537.00	262.54	0.0038090	423.75	628.29	5.5085	0.77534	1.1064	596.87	-0.020916	4.4473e-05	0.062846	supercritical
666.36	537.00	262.17	0.0038144	424.57	629.40	5.5102	0.77557	1.1064	597.13	-0.020997	4.4501e-05	0.062889	supercritical
667.36	537.00	261.80	0.0038198	425.39	630.51	5.5119	0.77580	1.1064	597.39	-0.021079	4.4528e-05	0.062931	supercritical
668.36	537.00	261.43	0.0038251	426.20	631.61	5.5135	0.77602	1.1064	597.66	-0.021160	4.4555e-05	0.062973	supercritical
669.36	537.00	261.06	0.0038305	427.02	632.72	5.5152	0.77625	1.1064	597.92	-0.021241	4.4582e-05	0.063015	supercritical
670.36	537.00	260.70	0.0038359	427.84	633.83	5.5168	0.77648	1.1064	598.19	-0.021322	4.4609e-05	0.063058	supercritical
671.36	537.00	260.33	0.0038412	428.66	634.93	5.5185	0.77670	1.1064	598.45	-0.021403	4.4636e-05	0.063100	supercritical
672.36	537.00	259.97	0.0038466	429.48	636.04	5.5201	0.77693	1.1064	598.72	-0.021484	4.4663e-05	0.063143	supercritical
673.36	537.00	259.61	0.0038520	430.29	637.15	5.5218	0.77715	1.1065	598.98	-0.021564	4.4690e-05	0.063185	supercritical
674.36	537.00	259.25	0.0038573	431.11	638.25	5.5234	0.77738	1.1065	599.24	-0.021645	4.4718e-05	0.063228	supercritical
675.36	537.00	258.89	0.0038627	431.93	639.36	5.5250	0.77760	1.1065	599.51	-0.021725	4.4745e-05	0.063271	supercritical
676.36	537.00	258.53	0.0038681	432.75	640.47	5.5267	0.77783	1.1065	599.77	-0.021805	4.4772e-05	0.063313	supercritical
677.36	537.00	258.17	0.0038734	433.57	641.57	5.5283	0.77805	1.1065	600.04	-0.021885	4.4799e-05	0.063356	supercritical
678.36	537.00	257.81	0.0038788	434.39	642.68	5.5300	0.77828	1.1066	600.30	-0.021964	4.4826e-05	0.063399	supercritical
679.36	537.00	257.46	0.0038842	435.21	643.78	5.5316	0.77850	1.1066	600.57	-0.022044	4.4854e-05	0.063442	supercritical
680.36	537.00	257.10	0.0038895	436.02	644.89	5.5332	0.77873	1.1066	600.83	-0.022123	4.4881e-05	0.063485	supercritical
681.36	537.00	256.75	0.0038949	436.84	646.00	5.5348	0.77895	1.1066	601.09	-0.022202	4.4908e-05	0.063528	supercritical
682.36	537.00	256.40	0.0039002	437.66	647.10	5.5365	0.77917	1.1066	601.36	-0.022281	4.4936e-05	0.063571	supercritical
683.36	537.00	256.04	0.0039056	438.48	648.21	5.5381	0.77940	1.1067	601.62	-0.022360	4.4963e-05	0.063614	supercritical
684.36	537.00	255.69	0.0039109	439.30	649.32	5.5397	0.77962	1.1067	601.89	-0.022438	4.4990e-05	0.063657	supercritical
685.36	537.00	255.34	0.0039163	440.12	650.42	5.5413	0.77984	1.1067	602.15	-0.022517	4.5018e-05	0.063700	supercritical
686.36	537.00	255.00	0.0039216	440.94	651.53	5.5429	0.78006	1.1067	602.41	-0.022595	4.5045e-05	0.063743	supercritical
687.36	537.00	254.65	0.0039270	441.76	652.64	5.5445	0.78028	1.1067	602.68	-0.022673	4.5073e-05	0.063786	supercritical
688.36	537.00	254.30	0.0039323	442.58	653.74	5.5461	0.78051	1.1068	602.94	-0.022751	4.5100e-05	0.063830	supercritical
689.36	537.00	253.96	0.0039377	443.40	654.85	5.5478	0.78073	1.1068	603.21	-0.022829	4.5128e-05	0.063873	supercritical
690.36	537.00	253.61	0.0039430	444.22	655.96	5.5494	0.78095	1.1068	603.47	-0.022906	4.5155e-05	0.063916	supercritical
691.36	537.00	253.27	0.0039484	445.04	657.07	5.5510	0.78117	1.1069	603.73	-0.022984	4.5183e-05	0.063960	supercritical
692.36	537.00	252.93	0.0039537	445.86	658.17	5.5526	0.78139	1.1069	604.00	-0.023061	4.5210e-05	0.064003	supercritical
693.36	537.00	252.59	0.0039590	446.68	659.28	5.5542	0.78161	1.1069	604.26	-0.023138	4.5238e-05	0.064047	supercritical
694.36	537.00	252.25	0.0039644	447.50	660.39	5.5558	0.78183	1.1069	604.53	-0.023215	4.5265e-05	0.064090	supercritical
695.36	537.00	251.91	0.0039697	448.32	661.49	5.5573	0.78205	1.1070	604.79	-0.023292	4.5293e-05	0.064134	supercritical
696.36	537.00	251.57	0.0039751	449.14	662.60	5.5589	0.78227	1.1070	605.05	-0.023368	4.5320e-05	0.064178	supercritical
697.36	537.00	251.23	0.0039804	449.96	663.71	5.5605	0.78249	1.1070	605.32	-0.023445	4.5348e-05	0.064221	supercritical
698.36	537.00	250.89	0.0039857	450.78	664.81	5.5621	0.78271	1.1071	605.58	-0.023521	4.5375e-05	0.064265	supercritical
699.36	537.00	250.56	0.0039911	451.60	665.92	5.5637	0.78293	1.1071	605.84	-0.023597	4.5403e-05	0.064309	supercritical
700.36	537.00	250.23	0.0039964	452.42	667.03	5.5653	0.78315	1.1071	606.11	-0.023673	4.5431e-05	0.064353	supercritical
701.36	537.00	249.89	0.0040017	453.24	668.14	5.5669	0.78336	1.1072	606.37	-0.023749	4.5458e-05	0.064397	supercritical
702.36	537.00	249.56	0.0040071	454.06	669.24	5.5684	0.78358	1.1072	606.64	-0.023824	4.5486e-05	0.064440	supercritical
703.36	537.00	249.23	0.0040124	454.88	670.35	5.5700	0.78380	1.1072	606.90	-0.023900	4.5514e-05	0.064484	supercritical
704.36	537.00	248.90	0.0040177	455.71	671.46	5.5716	0.78402	1.1073	607.16	-0.023975	4.5541e-05	0.064528	supercritical
705.36	537.00	248.57	0.0040230	456.53	672.56	5.5732	0.78423	1.1073	607.43	-0.024050	4.5569e-05	0.064572	supercritical
706.36	537.00	248.24	0.0040284	457.35	673.67	5.5747	0.78445	1.1073	607.69	-0.024125	4.5597e-05	0.064616	supercritical
707.36	537.00	247.91	0.0040337	458.17	674.78	5.5763	0.78467	1.1074	607.95	-0.024200	4.5624e-05	0.064660	supercritical
708.36	537.00	247.58	0.0040390	458.99	675.89	5.5779	0.78488	1.1074	608.22	-0.024274	4.5652e-05	0.064705	supercritical
709.36	537.00	247.26	0.0040443	459.81	676.99	5.5794	0.78510	1.1074	608.48	-0.024349	4.5680e-05	0.064749	supercritical
710.36	537.00	246.93	0.0040497	460.63	678.10	5.5810	0.78531	1.1075	608.74	-0.024423	4.5708e-05	0.064793	supercritical
711.36	537.00	246.61	0.0040550	461.46	679.21	5.5825	0.78553	1.1075	609.01	-0.024497	4.5735e-05	0.064837	supercritical
712.36	537.00	246.29	0.0040603	462.28	680.32	5.5841	0.78574	1.1075	609.27	-0.024571	4.5763e-05	0.064881	supercritical
713.36	537.00	245.97	0.0040656	463.10	681.42	5.5856	0.78596	1.1076	609.53	-0.024645	4.5791e-05	0.064926	supercritical
714.36	537.00	245.64	0.0040709	463.92	682.53	5.5872	0.78617	1.1076	609.79	-0.024719	4.5819e-05	0.064970	supercritical
715.36	537.00	245.32	0.0040762	464.74	683.64	5.5887	0.78639	1.1077	610.06	-0.024792	4.5847e-05	0.065015	supercritical
716.36	537.00	245.00	0.0040816	465.57	684.75	5.5903	0.78660	1.1077	610.32	-0.024866	4.5874e-05	0.065059	supercritical
717.36	537.00	244.69	0.0040869	466.39	685.85	5.5918	0.78681	1.1077	610.58	-0.024939	4.5902e-05	0.065103	supercritical
718.36	537.00	244.37	0.0040922	467.21	686.96	5.5934	0.78703	1.1078	610.85	-0.025012	4.5930e-05	0.065148	supercritical
719.36	537.00	244.05	0.0040975	468.03	688.07	5.5949	0.78724	1.1078	611.11	-0.025085	4.5958e-05	0.065193	supercritical
720.36	537.00	243.74	0.0041028	468.86	689.18	5.5965	0.78745	1.1079	611.37	-0.025157	4.5986e-05	0.065237	supercritical
721.36	537.00	243.42	0.0041081	469.68	690.29	5.5980	0.78767	1.1079	611.64	-0.025230	4.6014e-05	0.065282	supercritical
722.36	537.00	243.11	0.0041134	470.50	691.39	5.5995	0.78788	1.1079	611.90	-0.025302	4.6042e-05	0.065326	supercritical
723.36	537.00	242.79	0.0041187	471.33	692.50	5.6011	0.78809	1.1080	612.16	-0.025374	4.6069e-05	0.065371	supercritical
724.36	537.00	242.48	0.0041240	472.15	693.61	5.6026	0.78830	1.1080	612.42	-0.025446	4.6097e-05	0.065416	supercritical
725.36	537.00	242.17	0.0041293	472.97	694.72	5.6041	0.78851	1.1081	612.69	-0.025518	4.6125e-05	0.065461	supercritical
726.36	537.00	241.86	0.0041346	473.80	695.83	5.6057	0.78872	1.1081	612.95	-0.025590	4.6153e-05	0.065505	supercritical
727.36	537.00	241.55	0.0041399	474.62	696.93	5.6072	0.78893	1.1082	613.21	-0.025662	4.6181e-05	0.065550	supercritical
728.36	537.00	241.24	0.0041452	475.44	698.04	5.6087	0.78914	1.1082	613.47	-0.025733	4.6209e-05	0.065595	supercritical
729.36	537.00	240.93	0.0041505	476.27	699.15	5.6102	0.78935	1.1082	613.74	-0.025804	4.6237e-05	0.065640	supercritical
730.36	537.00	240.63	0.0041558	477.09	700.26	5.6117	0.78956	1.1083	614.00	-0.025876	4.6265e-05	0.065685	supercritical
731.36	537.00	240.32	0.0041611	477.91	701.37	5.6133	0.78977	1.1083	614.26	-0.025947	4.6293e-05	0.065730	supercritical
732.36	537.00	240.01	0.0041664	478.74	702.47	5.6148	0.78998	1.1084	614.52	-0.026017	4.6321e-05	0.065775	supercritical
733.36	537.00	239.71	0.0041717	479.56	703.58	5.6163	0.79019	1.1084	614.79	-0.026088	4.6349e-05	0.065820	supercritical
734.36	537.00	239.41	0.0041770	480.39	704.69	5.6178	0.79040	1.1085	615.05	-0.026159	4.6377e-05	0.065865	supercritical
735.36	537.00	239.10	0.0041823	481.21	705.80	5.6193	0.79061	1.1085	615.31	-0.026229	4.6405e-05	0.065910	supercritical
736.36	537.00	238.80	0.0041876	482.03	706.91	5.6208	0.79082	1.1086	615.57	-0.026299	4.6433e-05	0.065955	supercritical
737.36	537.00	238.50	0.0041929	482.86	708.02	5.6223	0.79102	1.1086	615.83	-0.026369	4.6461e-05	0.066000	supercritical
738.36	537.00	238.20	0.0041982	483.68	709.13	5.6238	0.79123	1.1087	616.10	-0.026439	4.6489e-05	0.066045	supercritical
739.36	537.00	237.90	0.0042035	484.51	710.23	5.6253	0.79144	1.1087	616.36	-0.026509	4.6517e-05	0.066091	supercritical
740.36	537.00	237.60	0.0042088	485.33	711.34	5.6268	0.79164	1.1088	616.62	-0.026578	4.6545e-05	0.066136	supercritical
741.36	537.00	237.30	0.0042140	486.16	712.45	5.6283	0.79185	1.1088	616.88	-0.026648	4.6573e-05	0.066181	supercritical
742.36	537.00	237.00	0.0042193	486.98	713.56	5.6298	0.79206	1.1089	617.14	-0.026717	4.6601e-05	0.066226	supercritical
743.36	537.00	236.71	0.0042246	487.81	714.67	5.6313	0.79226	1.1089	617.41	-0.026786	4.6630e-05	0.066272	supercritical
744.36	537.00	236.41	0.0042299	488.63	715.78	5.6328	0.79247	1.1090	617.67	-0.026855	4.6658e-05	0.066317	supercritical
745.36	537.00	236.12	0.0042352	489.46	716.89	5.6343	0.79267	1.1090	617.93	-0.026924	4.6686e-05	0.066362	supercritical
746.36	537.00	235.82	0.0042405	490.28	718.00	5.6358	0.79288	1.1091	618.19	-0.026993	4.6714e-05	0.066408	supercritical
747.36	537.00	235.53	0.0042457	491.11	719.11	5.6372	0.79308	1.1091	618.45	-0.027061	4.6742e-05	0.066453	supercritical
748.36	537.00	235.24	0.0042510	491.94	720.22	5.6387	0.79329	1.1092	618.71	-0.027130	4.6770e-05	0.066499	supercritical
749.36	537.00	234.95	0.0042563	492.76	721.32	5.6402	0.79349	1.1092	618.97	-0.027198	4.6798e-05	0.066544	supercritical
750.36	537.00	234.66	0.0042616	493.59	722.43	5.6417	0.79369	1.1093	619.24	-0.027266	4.6826e-05	0.066590	supercritical
751.36	537.00	234.37	0.0042668	494.41	723.54	5.6432	0.79390	1.1093	619.50	-0.027334	4.6854e-05	0.066635	supercritical
752.36	537.00	234.08	0.0042721	495.24	724.65	5.6446	0.79410	1.1094	619.76	-0.027402	4.6883e-05	0.066681	supercritical
753.36	537.00	233.79	0.0042774	496.07	725.76	5.6461	0.79430	1.1094	620.02	-0.027470	4.6911e-05	0.066727	supercritical
754.36	537.00	233.50	0.0042827	496.89	726.87	5.6476	0.79451	1.1095	620.28	-0.027537	4.6939e-05	0.066772	supercritical
755.36	537.00	233.21	0.0042879	497.72	727.98	5.6491	0.79471	1.1095	620.54	-0.027605	4.6967e-05	0.066818	supercritical
756.36	537.00	232.93	0.0042932	498.55	729.09	5.6505	0.79491	1.1096	620.80	-0.027672	4.6995e-05	0.066864	supercritical
757.36	537.00	232.64	0.0042985	499.37	730.20	5.6520	0.79511	1.1096	621.06	-0.027739	4.7023e-05	0.066909	supercritical
758.36	537.00	232.36	0.0043037	500.20	731.31	5.6535	0.79531	1.1097	621.32	-0.027806	4.7052e-05	0.066955	supercritical
759.36	537.00	232.07	0.0043090	501.03	732.42	5.6549	0.79551	1.1098	621.59	-0.027873	4.7080e-05	0.067001	supercritical
760.36	537.00	231.79	0.0043143	501.85	733.53	5.6564	0.79571	1.1098	621.85	-0.027939	4.7108e-05	0.067047	supercritical
761.36	537.00	231.51	0.0043195	502.68	734.64	5.6578	0.79591	1.1099	622.11	-0.028006	4.7136e-05	0.067092	supercritical
762.36	537.00	231.22	0.0043248	503.51	735.75	5.6593	0.79611	1.1099	622.37	-0.028072	4.7164e-05	0.067138	supercritical
763.36	537.00	230.94	0.0043301	504.33	736.86	5.6608	0.79631	1.1100	622.63	-0.028138	4.7193e-05	0.067184	supercritical
764.36	537.00	230.66	0.0043353	505.16	737.97	5.6622	0.79651	1.1100	622.89	-0.028204	4.7221e-05	0.067230	supercritical
765.36	537.00	230.38	0.0043406	505.99	739.08	5.6637	0.79671	1.1101	623.15	-0.028270	4.7249e-05	0.067276	supercritical
766.36	537.00	230.10	0.0043459	506.82	740.19	5.6651	0.79691	1.1101	623.41	-0.028336	4.7277e-05	0.067322	supercritical
767.36	537.00	229.83	0.0043511	507.64	741.30	5.6666	0.79711	1.1102	623.67	-0.028402	4.7306e-05	0.067368	supercritical
768.36	537.00	229.55	0.0043564	508.47	742.41	5.6680	0.79731	1.1103	623.93	-0.028467	4.7334e-05	0.067414	supercritical
769.36	537.00	229.27	0.0043616	509.30	743.52	5.6694	0.79750	1.1103	624.19	-0.028533	4.7362e-05	0.067460	supercritical
770.36	537.00	229.00	0.0043669	510.13	744.63	5.6709	0.79770	1.1104	624.45	-0.028598	4.7390e-05	0.067506	supercritical
771.36	537.00	228.72	0.0043722	510.96	745.74	5.6723	0.79790	1.1104	624.71	-0.028663	4.7419e-05	0.067552	supercritical
772.36	537.00	228.45	0.0043774	511.78	746.85	5.6738	0.79810	1.1105	624.97	-0.028728	4.7447e-05	0.067598	supercritical
773.36	537.00	228.17	0.0043827	512.61	747.96	5.6752	0.79829	1.1106	625.23	-0.028793	4.7475e-05	0.067644	supercritical
774.36	537.00	227.90	0.0043879	513.44	749.07	5.6766	0.79849	1.1106	625.49	-0.028857	4.7503e-05	0.067691	supercritical
775.36	537.00	227.63	0.0043932	514.27	750.18	5.6781	0.79868	1.1107	625.75	-0.028922	4.7532e-05	0.067737	supercritical
776.36	537.00	227.35	0.0043984	515.10	751.29	5.6795	0.79888	1.1107	626.01	-0.028986	4.7560e-05	0.067783	supercritical
777.36	537.00	227.08	0.0044037	515.93	752.40	5.6809	0.79907	1.1108	626.27	-0.029051	4.7588e-05	0.067829	supercritical
778.36	537.00	226.81	0.0044089	516.76	753.52	5.6824	0.79927	1.1108	626.53	-0.029115	4.7616e-05	0.067875	supercritical
779.36	537.00	226.54	0.0044142	517.59	754.63	5.6838	0.79946	1.1109	626.79	-0.029179	4.7645e-05	0.067922	supercritical
780.36	537.00	226.27	0.0044194	518.41	755.74	5.6852	0.79966	1.1110	627.05	-0.029243	4.7673e-05	0.067968	supercritical
781.36	537.00	226.01	0.0044247	519.24	756.85	5.6866	0.79985	1.1110	627.31	-0.029306	4.7701e-05	0.068014	supercritical
782.36	537.00	225.74	0.0044299	520.07	757.96	5.6881	0.80005	1.1111	627.57	-0.029370	4.7730e-05	0.068061	supercritical
783.36	537.00	225.47	0.0044351	520.90	759.07	5.6895	0.80024	1.1111	627.83	-0.029433	4.7758e-05	0.068107	supercritical
784.36	537.00	225.21	0.0044404	521.73	760.18	5.6909	0.80043	1.1112	628.09	-0.029496	4.7786e-05	0.068153	supercritical
785.36	537.00	224.94	0.0044456	522.56	761.29	5.6923	0.80063	1.1113	628.35	-0.029560	4.7815e-05	0.068200	supercritical
786.36	537.00	224.67	0.0044509	523.39	762.40	5.6937	0.80082	1.1113	628.61	-0.029623	4.7843e-05	0.068246	supercritical
787.36	537.00	224.41	0.0044561	524.22	763.52	5.6951	0.80101	1.1114	628.86	-0.029686	4.7871e-05	0.068293	supercritical
788.36	537.00	224.15	0.0044614	525.05	764.63	5.6965	0.80120	1.1115	629.12	-0.029748	4.7900e-05	0.068339	supercritical
789.36	537.00	223.88	0.0044666	525.88	765.74	5.6980	0.80139	1.1115	629.38	-0.029811	4.7928e-05	0.068386	supercritical
790.36	537.00	223.62	0.0044718	526.71	766.85	5.6994	0.80158	1.1116	629.64	-0.029873	4.7956e-05	0.068432	supercritical
791.36	537.00	223.36	0.0044771	527.54	767.96	5.7008	0.80178	1.1116	629.90	-0.029936	4.7985e-05	0.068479	supercritical
792.36	537.00	223.10	0.0044823	528.37	769.07	5.7022	0.80197	1.1117	630.16	-0.029998	4.8013e-05	0.068525	supercritical
793.36	537.00	222.84	0.0044875	529.20	770.18	5.7036	0.80216	1.1118	630.42	-0.030060	4.8041e-05	0.068572	supercritical
794.36	537.00	222.58	0.0044928	530.03	771.30	5.7050	0.80235	1.1118	630.68	-0.030122	4.8070e-05	0.068618	supercritical
795.36	537.00	222.32	0.0044980	530.86	772.41	5.7064	0.80254	1.1119	630.93	-0.030184	4.8098e-05	0.068665	supercritical
796.36	537.00	222.06	0.0045032	531.70	773.52	5.7078	0.80273	1.1120	631.19	-0.030246	4.8126e-05	0.068712	supercritical
797.36	537.00	221.80	0.0045085	532.53	774.63	5.7092	0.80291	1.1120	631.45	-0.030307	4.8155e-05	0.068758	supercritical
798.36	537.00	221.55	0.0045137	533.36	775.74	5.7106	0.80310	1.1121	631.71	-0.030369	4.8183e-05	0.068805	supercritical
799.36	537.00	221.29	0.0045189	534.19	776.86	5.7119	0.80329	1.1121	631.97	-0.030430	4.8211e-05	0.068852	supercritical
800.36	537.00	221.04	0.0045242	535.02	777.97	5.7133	0.80348	1.1122	632.23	-0.030491	4.8240e-05	0.068898	supercritical
801.36	537.00	220.78	0.0045294	535.85	779.08	5.7147	0.80367	1.1123	632.48	-0.030552	4.8268e-05	0.068945	supercritical
802.36	537.00	220.53	0.0045346	536.68	780.19	5.7161	0.80385	1.1123	632.74	-0.030613	4.8296e-05	0.068992	supercritical
803.36	537.00	220.27	0.0045399	537.52	781.31	5.7175	0.80404	1.1124	633.00	-0.030674	4.8325e-05	0.069038	supercritical
804.36	537.00	220.02	0.0045451	538.35	782.42	5.7189	0.80423	1.1125	633.26	-0.030734	4.8353e-05	0.069085	supercritical
805.36	537.00	219.77	0.0045503	539.18	783.53	5.7203	0.80442	1.1125	633.52	-0.030795	4.8382e-05	0.069132	supercritical
806.36	537.00	219.51	0.0045555	540.01	784.64	5.7216	0.80460	1.1126	633.77	-0.030855	4.8410e-05	0.069179	supercritical
807.36	537.00	219.26	0.0045608	540.84	785.76	5.7230	0.80479	1.1127	634.03	-0.030916	4.8438e-05	0.069226	supercritical
808.36	537.00	219.01	0.0045660	541.68	786.87	5.7244	0.80497	1.1127	634.29	-0.030976	4.8467e-05	0.069273	supercritical
809.36	537.00	218.76	0.0045712	542.51	787.98	5.7258	0.80516	1.1128	634.55	-0.031036	4.8495e-05	0.069319	supercritical
810.36	537.00	218.51	0.0045764	543.34	789.09	5.7272	0.80534	1.1128	634.81	-0.031096	4.8523e-05	0.069366	supercritical
811.36	537.00	218.26	0.0045816	544.17	790.21	5.7285	0.80553	1.1129	635.06	-0.031155	4.8552e-05	0.069413	supercritical
812.36	537.00	218.01	0.0045869	545.01	791.32	5.7299	0.80571	1.1130	635.32	-0.031215	4.8580e-05	0.069460	supercritical
813.36	537.00	217.77	0.0045921	545.84	792.43	5.7313	0.80590	1.1130	635.58	-0.031275	4.8609e-05	0.069507	supercritical
814.36	537.00	217.52	0.0045973	546.67	793.55	5.7326	0.80608	1.1131	635.83	-0.031334	4.8637e-05	0.069554	supercritical
815.36	537.00	217.27	0.0046025	547.50	794.66	5.7340	0.80626	1.1132	636.09	-0.031393	4.8665e-05	0.069601	supercritical
816.36	537.00	217.03	0.0046077	548.34	795.77	5.7354	0.80645	1.1132	636.35	-0.031452	4.8694e-05	0.069648	supercritical
817.36	537.00	216.78	0.0046129	549.17	796.89	5.7367	0.80663	1.1133	636.61	-0.031511	4.8722e-05	0.069695	supercritical
818.36	537.00	216.54	0.0046182	550.00	798.00	5.7381	0.80681	1.1134	636.86	-0.031570	4.8751e-05	0.069742	supercritical
819.36	537.00	216.29	0.0046234	550.84	799.11	5.7394	0.80700	1.1134	637.12	-0.031629	4.8779e-05	0.069789	supercritical
820.36	537.00	216.05	0.0046286	551.67	800.23	5.7408	0.80718	1.1135	637.38	-0.031688	4.8807e-05	0.069836	supercritical
821.36	537.00	215.81	0.0046338	552.50	801.34	5.7422	0.80736	1.1136	637.63	-0.031746	4.8836e-05	0.069883	supercritical
822.36	537.00	215.56	0.0046390	553.34	802.45	5.7435	0.80754	1.1136	637.89	-0.031805	4.8864e-05	0.069930	supercritical
823.36	537.00	215.32	0.0046442	554.17	803.57	5.7449	0.80772	1.1137	638.15	-0.031863	4.8892e-05	0.069978	supercritical
824.36	537.00	215.08	0.0046494	555.01	804.68	5.7462	0.80790	1.1138	638.40	-0.031921	4.8921e-05	0.070025	supercritical
825.36	537.00	214.84	0.0046546	555.84	805.79	5.7476	0.80808	1.1138	638.66	-0.031979	4.8949e-05	0.070072	supercritical
826.36	537.00	214.60	0.0046598	556.67	806.91	5.7489	0.80826	1.1139	638.92	-0.032037	4.8978e-05	0.070119	supercritical
827.36	537.00	214.36	0.0046650	557.51	808.02	5.7503	0.80844	1.1140	639.17	-0.032095	4.9006e-05	0.070166	supercritical
828.36	537.00	214.12	0.0046702	558.34	809.14	5.7516	0.80862	1.1140	639.43	-0.032152	4.9034e-05	0.070213	supercritical
829.36	537.00	213.88	0.0046755	559.18	810.25	5.7530	0.80880	1.1141	639.69	-0.032210	4.9063e-05	0.070261	supercritical
830.36	537.00	213.65	0.0046807	560.01	811.36	5.7543	0.80898	1.1142	639.94	-0.032267	4.9091e-05	0.070308	supercritical
831.36	537.00	213.41	0.0046859	560.85	812.48	5.7556	0.80916	1.1142	640.20	-0.032325	4.9120e-05	0.070355	supercritical
832.36	537.00	213.17	0.0046911	561.68	813.59	5.7570	0.80934	1.1143	640.45	-0.032382	4.9148e-05	0.070402	supercritical
833.36	537.00	212.94	0.0046963	562.52	814.71	5.7583	0.80952	1.1144	640.71	-0.032439	4.9177e-05	0.070449	supercritical
834.36	537.00	212.70	0.0047015	563.35	815.82	5.7597	0.80969	1.1144	640.96	-0.032496	4.9205e-05	0.070497	supercritical
835.36	537.00	212.46	0.0047067	564.19	816.94	5.7610	0.80987	1.1145	641.22	-0.032553	4.9233e-05	0.070544	supercritical
836.36	537.00	212.23	0.0047119	565.02	818.05	5.7623	0.81005	1.1146	641.48	-0.032609	4.9262e-05	0.070591	supercritical
837.36	537.00	212.00	0.0047171	565.86	819.16	5.7637	0.81022	1.1147	641.73	-0.032666	4.9290e-05	0.070639	supercritical
838.36	537.00	211.76	0.0047223	566.69	820.28	5.7650	0.81040	1.1147	641.99	-0.032722	4.9319e-05	0.070686	supercritical
839.36	537.00	211.53	0.0047275	567.53	821.39	5.7663	0.81058	1.1148	642.24	-0.032779	4.9347e-05	0.070733	supercritical
840.36	537.00	211.30	0.0047327	568.37	822.51	5.7676	0.81075	1.1149	642.50	-0.032835	4.9375e-05	0.070781	supercritical
841.36	537.00	211.07	0.0047379	569.20	823.62	5.7690	0.81093	1.1149	642.75	-0.032891	4.9404e-05	0.070828	supercritical
842.36	537.00	210.83	0.0047430	570.04	824.74	5.7703	0.81110	1.1150	643.01	-0.032947	4.9432e-05	0.070876	supercritical
843.36	537.00	210.60	0.0047482	570.87	825.85	5.7716	0.81128	1.1151	643.26	-0.033003	4.9461e-05	0.070923	supercritical
844.36	537.00	210.37	0.0047534	571.71	826.97	5.7729	0.81145	1.1151	643.52	-0.033059	4.9489e-05	0.070970	supercritical
845.36	537.00	210.14	0.0047586	572.55	828.08	5.7743	0.81163	1.1152	643.77	-0.033114	4.9517e-05	0.071018	supercritical
846.36	537.00	209.92	0.0047638	573.38	829.20	5.7756	0.81180	1.1153	644.03	-0.033170	4.9546e-05	0.071065	supercritical
847.36	537.00	209.69	0.0047690	574.22	830.31	5.7769	0.81198	1.1153	644.28	-0.033225	4.9574e-05	0.071113	supercritical
848.36	537.00	209.46	0.0047742	575.06	831.43	5.7782	0.81215	1.1154	644.54	-0.033281	4.9603e-05	0.071160	supercritical
849.36	537.00	209.23	0.0047794	575.89	832.55	5.7795	0.81232	1.1155	644.79	-0.033336	4.9631e-05	0.071208	supercritical
850.36	537.00	209.00	0.0047846	576.73	833.66	5.7808	0.81250	1.1155	645.05	-0.033391	4.9659e-05	0.071255	supercritical
851.36	537.00	208.78	0.0047898	577.57	834.78	5.7821	0.81267	1.1156	645.30	-0.033446	4.9688e-05	0.071303	supercritical
852.36	537.00	208.55	0.0047950	578.40	835.89	5.7835	0.81284	1.1157	645.56	-0.033501	4.9716e-05	0.071350	supercritical
853.36	537.00	208.33	0.0048001	579.24	837.01	5.7848	0.81301	1.1158	645.81	-0.033555	4.9745e-05	0.071398	supercritical
854.36	537.00	208.10	0.0048053	580.08	838.12	5.7861	0.81318	1.1158	646.07	-0.033610	4.9773e-05	0.071445	supercritical
855.36	537.00	207.88	0.0048105	580.92	839.24	5.7874	0.81336	1.1159	646.32	-0.033665	4.9801e-05	0.071493	supercritical
856.36	537.00	207.65	0.0048157	581.75	840.36	5.7887	0.81353	1.1160	646.57	-0.033719	4.9830e-05	0.071541	supercritical
857.36	537.00	207.43	0.0048209	582.59	841.47	5.7900	0.81370	1.1160	646.83	-0.033773	4.9858e-05	0.071588	supercritical
858.36	537.00	207.21	0.0048261	583.43	842.59	5.7913	0.81387	1.1161	647.08	-0.033827	4.9887e-05	0.071636	supercritical
859.36	537.00	206.99	0.0048312	584.27	843.70	5.7926	0.81404	1.1162	647.34	-0.033881	4.9915e-05	0.071683	supercritical
860.36	537.00	206.76	0.0048364	585.10	844.82	5.7939	0.81421	1.1162	647.59	-0.033935	4.9943e-05	0.071731	supercritical
861.36	537.00	206.54	0.0048416	585.94	845.94	5.7952	0.81438	1.1163	647.84	-0.033989	4.9972e-05	0.071779	supercritical
862.36	537.00	206.32	0.0048468	586.78	847.05	5.7965	0.81455	1.1164	648.10	-0.034043	5.0000e-05	0.071826	supercritical
863.36	537.00	206.10	0.0048520	587.62	848.17	5.7978	0.81472	1.1165	648.35	-0.034097	5.0029e-05	0.071874	supercritical
864.36	537.00	205.88	0.0048571	588.46	849.29	5.7991	0.81489	1.1165	648.60	-0.034150	5.0057e-05	0.071922	supercritical
865.36	537.00	205.66	0.0048623	589.30	850.40	5.8004	0.81506	1.1166	648.86	-0.034204	5.0085e-05	0.071969	supercritical
866.36	537.00	205.44	0.0048675	590.13	851.52	5.8016	0.81522	1.1167	649.11	-0.034257	5.0114e-05	0.072017	supercritical
867.36	537.00	205.23	0.0048727	590.97	852.64	5.8029	0.81539	1.1167	649.37	-0.034310	5.0142e-05	0.072065	supercritical
868.36	537.00	205.01	0.0048779	591.81	853.75	5.8042	0.81556	1.1168	649.62	-0.034363	5.0171e-05	0.072112	supercritical
869.36	537.00	204.79	0.0048830	592.65	854.87	5.8055	0.81573	1.1169	649.87	-0.034416	5.0199e-05	0.072160	supercritical
870.36	537.00	204.57	0.0048882	593.49	855.99	5.8068	0.81589	1.1169	650.12	-0.034469	5.0227e-05	0.072208	supercritical
871.36	537.00	204.36	0.0048934	594.33	857.10	5.8081	0.81606	1.1170	650.38	-0.034522	5.0256e-05	0.072256	supercritical
872.36	537.00	204.14	0.0048985	595.17	858.22	5.8093	0.81623	1.1171	650.63	-0.034574	5.0284e-05	0.072303	supercritical
873.36	537.00	203.93	0.0049037	596.01	859.34	5.8106	0.81639	1.1172	650.88	-0.034627	5.0312e-05	0.072351	supercritical
874.36	537.00	203.71	0.0049089	596.85	860.45	5.8119	0.81656	1.1172	651.14	-0.034679	5.0341e-05	0.072399	supercritical
875.36	537.00	203.50	0.0049141	597.69	861.57	5.8132	0.81673	1.1173	651.39	-0.034732	5.0369e-05	0.072447	supercritical
876.36	537.00	203.28	0.0049192	598.53	862.69	5.8145	0.81689	1.1174	651.64	-0.034784	5.0398e-05	0.072495	supercritical
877.36	537.00	203.07	0.0049244	599.37	863.81	5.8157	0.81706	1.1174	651.89	-0.034836	5.0426e-05	0.072542	supercritical
878.36	537.00	202.86	0.0049296	600.21	864.92	5.8170	0.81722	1.1175	652.15	-0.034888	5.0454e-05	0.072590	supercritical
879.36	537.00	202.64	0.0049347	601.05	866.04	5.8183	0.81739	1.1176	652.40	-0.034940	5.0483e-05	0.072638	supercritical
880.36	537.00	202.43	0.0049399	601.89	867.16	5.8195	0.81755	1.1177	652.65	-0.034992	5.0511e-05	0.072686	supercritical
881.36	537.00	202.22	0.0049451	602.73	868.28	5.8208	0.81771	1.1177	652.90	-0.035043	5.0539e-05	0.072734	supercritical
882.36	537.00	202.01	0.0049502	603.57	869.39	5.8221	0.81788	1.1178	653.16	-0.035095	5.0568e-05	0.072782	supercritical
883.36	537.00	201.80	0.0049554	604.41	870.51	5.8234	0.81804	1.1179	653.41	-0.035146	5.0596e-05	0.072830	supercritical
884.36	537.00	201.59	0.0049606	605.25	871.63	5.8246	0.81820	1.1179	653.66	-0.035198	5.0625e-05	0.072877	supercritical
885.36	537.00	201.38	0.0049657	606.09	872.75	5.8259	0.81837	1.1180	653.91	-0.035249	5.0653e-05	0.072925	supercritical
886.36	537.00	201.17	0.0049709	606.93	873.87	5.8271	0.81853	1.1181	654.16	-0.035300	5.0681e-05	0.072973	supercritical
887.36	537.00	200.96	0.0049761	607.77	874.98	5.8284	0.81869	1.1181	654.42	-0.035351	5.0710e-05	0.073021	supercritical
888.36	537.00	200.75	0.0049812	608.61	876.10	5.8297	0.81885	1.1182	654.67	-0.035402	5.0738e-05	0.073069	supercritical
889.36	537.00	200.55	0.0049864	609.45	877.22	5.8309	0.81902	1.1183	654.92	-0.035453	5.0766e-05	0.073117	supercritical
890.36	537.00	200.34	0.0049915	610.29	878.34	5.8322	0.81918	1.1184	655.17	-0.035504	5.0795e-05	0.073165	supercritical
891.36	537.00	200.13	0.0049967	611.13	879.46	5.8334	0.81934	1.1184	655.42	-0.035554	5.0823e-05	0.073213	supercritical
892.36	537.00	199.93	0.0050019	611.98	880.58	5.8347	0.81950	1.1185	655.67	-0.035605	5.0851e-05	0.073261	supercritical
893.36	537.00	199.72	0.0050070	612.82	881.69	5.8359	0.81966	1.1186	655.92	-0.035655	5.0880e-05	0.073309	supercritical
894.36	537.00	199.51	0.0050122	613.66	882.81	5.8372	0.81982	1.1186	656.18	-0.035706	5.0908e-05	0.073357	supercritical
895.36	537.00	199.31	0.0050173	614.50	883.93	5.8384	0.81998	1.1187	656.43	-0.035756	5.0936e-05	0.073405	supercritical
896.36	537.00	199.10	0.0050225	615.34	885.05	5.8397	0.82014	1.1188	656.68	-0.035806	5.0965e-05	0.073453	supercritical
897.36	537.00	198.90	0.0050276	616.18	886.17	5.8409	0.82030	1.1189	656.93	-0.035856	5.0993e-05	0.073501	supercritical
898.36	537.00	198.70	0.0050328	617.03	887.29	5.8422	0.82046	1.1189	657.18	-0.035906	5.1021e-05	0.073549	supercritical
899.36	537.00	198.49	0.0050380	617.87	888.41	5.8434	0.82062	1.1190	657.43	-0.035956	5.1050e-05	0.073597	supercritical
900.36	537.00	198.29	0.0050431	618.71	889.53	5.8447	0.82078	1.1191	657.68	-0.036006	5.1078e-05	0.073645	supercritical
901.36	537.00	198.09	0.0050483	619.55	890.65	5.8459	0.82094	1.1191	657.93	-0.036055	5.1106e-05	0.073693	supercritical
902.36	537.00	197.89	0.0050534	620.40	891.76	5.8472	0.82109	1.1192	658.18	-0.036105	5.1135e-05	0.073741	supercritical
903.36	537.00	197.68	0.0050586	621.24	892.88	5.8484	0.82125	1.1193	658.43	-0.036154	5.1163e-05	0.073789	supercritical
904.36	537.00	197.48	0.0050637	622.08	894.00	5.8496	0.82141	1.1194	658.68	-0.036204	5.1191e-05	0.073837	supercritical
905.36	537.00	197.28	0.0050689	622.92	895.12	5.8509	0.82157	1.1194	658.93	-0.036253	5.1220e-05	0.073885	supercritical
906.36	537.00	197.08	0.0050740	623.77	896.24	5.8521	0.82172	1.1195	659.18	-0.036302	5.1248e-05	0.073933	supercritical
907.36	537.00	196.88	0.0050792	624.61	897.36	5.8533	0.82188	1.1196	659.44	-0.036351	5.1276e-05	0.073981	supercritical
908.36	537.00	196.68	0.0050843	625.45	898.48	5.8546	0.82204	1.1196	659.69	-0.036400	5.1305e-05	0.074030	supercritical
909.36	537.00	196.48	0.0050895	626.30	899.60	5.8558	0.82219	1.1197	659.94	-0.036449	5.1333e-05	0.074078	supercritical
910.36	537.00	196.29	0.0050946	627.14	900.72	5.8570	0.82235	1.1198	660.19	-0.036498	5.1361e-05	0.074126	supercritical
911.36	537.00	196.09	0.0050998	627.98	901.84	5.8583	0.82251	1.1199	660.44	-0.036547	5.1390e-05	0.074174	supercritical
912.36	537.00	195.89	0.0051049	628.83	902.96	5.8595	0.82266	1.1199	660.69	-0.036595	5.1418e-05	0.074222	supercritical
913.36	537.00	195.69	0.0051101	629.67	904.08	5.8607	0.82282	1.1200	660.93	-0.036644	5.1446e-05	0.074270	supercritical
914.36	537.00	195.50	0.0051152	630.51	905.20	5.8619	0.82297	1.1201	661.18	-0.036692	5.1474e-05	0.074318	supercritical
915.36	537.00	195.30	0.0051203	631.36	906.32	5.8632	0.82313	1.1202	661.43	-0.036740	5.1503e-05	0.074366	supercritical
916.36	537.00	195.10	0.0051255	632.20	907.44	5.8644	0.82328	1.1202	661.68	-0.036788	5.1531e-05	0.074415	supercritical
917.36	537.00	194.91	0.0051306	633.05	908.56	5.8656	0.82343	1.1203	661.93	-0.036836	5.1559e-05	0.074463	supercritical
918.36	537.00	194.71	0.0051358	633.89	909.68	5.8668	0.82359	1.1204	662.18	-0.036884	5.1588e-05	0.074511	supercritical
919.36	537.00	194.52	0.0051409	634.73	910.80	5.8681	0.82374	1.1204	662.43	-0.036932	5.1616e-05	0.074559	supercritical
920.36	537.00	194.32	0.0051461	635.58	911.92	5.8693	0.82390	1.1205	662.68	-0.036980	5.1644e-05	0.074607	supercritical
921.36	537.00	194.13	0.0051512	636.42	913.04	5.8705	0.82405	1.1206	662.93	-0.037028	5.1672e-05	0.074656	supercritical
922.36	537.00	193.94	0.0051563	637.27	914.16	5.8717	0.82420	1.1207	663.18	-0.037076	5.1701e-05	0.074704	supercritical
923.36	537.00	193.74	0.0051615	638.11	915.28	5.8729	0.82435	1.1207	663.43	-0.037123	5.1729e-05	0.074752	supercritical
924.36	537.00	193.55	0.0051666	638.96	916.40	5.8741	0.82451	1.1208	663.68	-0.037170	5.1757e-05	0.074800	supercritical
925.36	537.00	193.36	0.0051718	639.80	917.53	5.8753	0.82466	1.1209	663.93	-0.037218	5.1785e-05	0.074848	supercritical
926.36	537.00	193.17	0.0051769	640.65	918.65	5.8766	0.82481	1.1209	664.17	-0.037265	5.1814e-05	0.074897	supercritical
927.36	537.00	192.97	0.0051820	641.49	919.77	5.8778	0.82496	1.1210	664.42	-0.037312	5.1842e-05	0.074945	supercritical
928.36	537.00	192.78	0.0051872	642.34	920.89	5.8790	0.82511	1.1211	664.67	-0.037359	5.1870e-05	0.074993	supercritical
929.36	537.00	192.59	0.0051923	643.18	922.01	5.8802	0.82526	1.1212	664.92	-0.037406	5.1898e-05	0.075041	supercritical
930.36	537.00	192.40	0.0051974	644.03	923.13	5.8814	0.82541	1.1212	665.17	-0.037453	5.1927e-05	0.075090	supercritical
931.36	537.00	192.21	0.0052026	644.87	924.25	5.8826	0.82557	1.1213	665.42	-0.037500	5.1955e-05	0.075138	supercritical
932.36	537.00	192.02	0.0052077	645.72	925.37	5.8838	0.82572	1.1214	665.67	-0.037547	5.1983e-05	0.075186	supercritical
933.36	537.00	191.83	0.0052128	646.57	926.49	5.8850	0.82587	1.1214	665.91	-0.037593	5.2011e-05	0.075235	supercritical
934.36	537.00	191.65	0.0052180	647.41	927.62	5.8862	0.82602	1.1215	666.16	-0.037640	5.2040e-05	0.075283	supercritical
935.36	537.00	191.46	0.0052231	648.26	928.74	5.8874	0.82616	1.1216	666.41	-0.037686	5.2068e-05	0.075331	supercritical
936.36	537.00	191.27	0.0052282	649.10	929.86	5.8886	0.82631	1.1217	666.66	-0.037732	5.2096e-05	0.075379	supercritical
937.36	537.00	191.08	0.0052334	649.95	930.98	5.8898	0.82646	1.1217	666.91	-0.037779	5.2124e-05	0.075428	supercritical
938.36	537.00	190.89	0.0052385	650.80	932.10	5.8910	0.82661	1.1218	667.15	-0.037825	5.2153e-05	0.075476	supercritical
939.36	537.00	190.71	0.0052436	651.64	933.22	5.8922	0.82676	1.1219	667.40	-0.037871	5.2181e-05	0.075524	supercritical
940.36	537.00	190.52	0.0052488	652.49	934.35	5.8934	0.82691	1.1219	667.65	-0.037917	5.2209e-05	0.075573	supercritical
941.36	537.00	190.34	0.0052539	653.33	935.47	5.8946	0.82706	1.1220	667.90	-0.037963	5.2237e-05	0.075621	supercritical
942.36	537.00	190.15	0.0052590	654.18	936.59	5.8958	0.82720	1.1221	668.14	-0.038008	5.2265e-05	0.075669	supercritical
943.36	537.00	189.96	0.0052641	655.03	937.71	5.8970	0.82735	1.1222	668.39	-0.038054	5.2294e-05	0.075718	supercritical
944.36	537.00	189.78	0.0052693	655.87	938.83	5.8981	0.82750	1.1222	668.64	-0.038100	5.2322e-05	0.075766	supercritical
945.36	537.00	189.59	0.0052744	656.72	939.96	5.8993	0.82765	1.1223	668.89	-0.038145	5.2350e-05	0.075814	supercritical
946.36	537.00	189.41	0.0052795	657.57	941.08	5.9005	0.82779	1.1224	669.13	-0.038191	5.2378e-05	0.075863	supercritical
947.36	537.00	189.23	0.0052847	658.42	942.20	5.9017	0.82794	1.1224	669.38	-0.038236	5.2406e-05	0.075911	supercritical
948.36	537.00	189.04	0.0052898	659.26	943.32	5.9029	0.82809	1.1225	669.63	-0.038281	5.2435e-05	0.075960	supercritical
949.36	537.00	188.86	0.0052949	660.11	944.45	5.9041	0.82823	1.1226	669.87	-0.038326	5.2463e-05	0.076008	supercritical
950.36	537.00	188.68	0.0053000	660.96	945.57	5.9052	0.82838	1.1227	670.12	-0.038372	5.2491e-05	0.076056	supercritical
951.36	537.00	188.50	0.0053051	661.81	946.69	5.9064	0.82852	1.1227	670.37	-0.038417	5.2519e-05	0.076105	supercritical
952.36	537.00	188.31	0.0053103	662.65	947.82	5.9076	0.82867	1.1228	670.61	-0.038461	5.2547e-05	0.076153	supercritical
953.36	537.00	188.13	0.0053154	663.50	948.94	5.9088	0.82881	1.1229	670.86	-0.038506	5.2576e-05	0.076201	supercritical
954.36	537.00	187.95	0.0053205	664.35	950.06	5.9100	0.82896	1.1229	671.11	-0.038551	5.2604e-05	0.076250	supercritical
955.36	537.00	187.77	0.0053256	665.20	951.18	5.9111	0.82910	1.1230	671.35	-0.038596	5.2632e-05	0.076298	supercritical
956.36	537.00	187.59	0.0053308	666.05	952.31	5.9123	0.82925	1.1231	671.60	-0.038640	5.2660e-05	0.076347	supercritical
957.36	537.00	187.41	0.0053359	666.89	953.43	5.9135	0.82939	1.1232	671.85	-0.038685	5.2688e-05	0.076395	supercritical
958.36	537.00	187.23	0.0053410	667.74	954.55	5.9147	0.82953	1.1232	672.09	-0.038729	5.2716e-05	0.076444	supercritical
959.36	537.00	187.05	0.0053461	668.59	955.68	5.9158	0.82968	1.1233	672.34	-0.038773	5.2744e-05	0.076492	supercritical
960.36	537.00	186.87	0.0053512	669.44	956.80	5.9170	0.82982	1.1234	672.58	-0.038818	5.2773e-05	0.076540	supercritical
961.36	537.00	186.69	0.0053564	670.29	957.92	5.9182	0.82996	1.1234	672.83	-0.038862	5.2801e-05	0.076589	supercritical
962.36	537.00	186.52	0.0053615	671.14	959.05	5.9193	0.83011	1.1235	673.08	-0.038906	5.2829e-05	0.076637	supercritical
963.36	537.00	186.34	0.0053666	671.98	960.17	5.9205	0.83025	1.1236	673.32	-0.038950	5.2857e-05	0.076686	supercritical
964.36	537.00	186.16	0.0053717	672.83	961.29	5.9217	0.83039	1.1237	673.57	-0.038994	5.2885e-05	0.076734	supercritical
965.36	537.00	185.98	0.0053768	673.68	962.42	5.9228	0.83053	1.1237	673.81	-0.039037	5.2913e-05	0.076783	supercritical
966.36	537.00	185.81	0.0053819	674.53	963.54	5.9240	0.83068	1.1238	674.06	-0.039081	5.2941e-05	0.076831	supercritical
967.36	537.00	185.63	0.0053870	675.38	964.67	5.9252	0.83082	1.1239	674.30	-0.039125	5.2970e-05	0.076880	supercritical
968.36	537.00	185.45	0.0053922	676.23	965.79	5.9263	0.83096	1.1239	674.55	-0.039168	5.2998e-05	0.076928	supercritical
969.36	537.00	185.28	0.0053973	677.08	966.91	5.9275	0.83110	1.1240	674.79	-0.039212	5.3026e-05	0.076977	supercritical
970.36	537.00	185.10	0.0054024	677.93	968.04	5.9286	0.83124	1.1241	675.04	-0.039255	5.3054e-05	0.077025	supercritical
971.36	537.00	184.93	0.0054075	678.78	969.16	5.9298	0.83138	1.1242	675.28	-0.039298	5.3082e-05	0.077074	supercritical
972.36	537.00	184.75	0.0054126	679.63	970.29	5.9310	0.83152	1.1242	675.53	-0.039342	5.3110e-05	0.077122	supercritical
973.36	537.00	184.58	0.0054177	680.48	971.41	5.9321	0.83166	1.1243	675.77	-0.039385	5.3138e-05	0.077170	supercritical
974.36	537.00	184.41	0.0054228	681.33	972.53	5.9333	0.83180	1.1244	676.02	-0.039428	5.3166e-05	0.077219	supercritical
975.36	537.00	184.23	0.0054279	682.18	973.66	5.9344	0.83194	1.1244	676.26	-0.039471	5.3194e-05	0.077267	supercritical
976.36	537.00	184.06	0.0054331	683.03	974.78	5.9356	0.83208	1.1245	676.51	-0.039514	5.3222e-05	0.077316	supercritical
977.36	537.00	183.89	0.0054382	683.88	975.91	5.9367	0.83222	1.1246	676.75	-0.039556	5.3251e-05	0.077365	supercritical
978.36	537.00	183.71	0.0054433	684.73	977.03	5.9379	0.83236	1.1247	677.00	-0.039599	5.3279e-05	0.077413	supercritical
979.36	537.00	183.54	0.0054484	685.58	978.16	5.9390	0.83250	1.1247	677.24	-0.039642	5.3307e-05	0.077462	supercritical
980.36	537.00	183.37	0.0054535	686.43	979.28	5.9402	0.83264	1.1248	677.49	-0.039684	5.3335e-05	0.077510	supercritical
981.36	537.00	183.20	0.0054586	687.28	980.41	5.9413	0.83278	1.1249	677.73	-0.039727	5.3363e-05	0.077559	supercritical
982.36	537.00	183.03	0.0054637	688.13	981.53	5.9425	0.83291	1.1249	677.98	-0.039769	5.3391e-05	0.077607	supercritical
983.36	537.00	182.86	0.0054688	688.98	982.66	5.9436	0.83305	1.1250	678.22	-0.039812	5.3419e-05	0.077656	supercritical
984.36	537.00	182.68	0.0054739	689.83	983.78	5.9448	0.83319	1.1251	678.46	-0.039854	5.3447e-05	0.077704	supercritical
985.36	537.00	182.51	0.0054790	690.68	984.91	5.9459	0.83333	1.1252	678.71	-0.039896	5.3475e-05	0.077753	supercritical
986.36	537.00	182.34	0.0054841	691.53	986.03	5.9470	0.83346	1.1252	678.95	-0.039938	5.3503e-05	0.077801	supercritical
987.36	537.00	182.18	0.0054892	692.39	987.16	5.9482	0.83360	1.1253	679.20	-0.039980	5.3531e-05	0.077850	supercritical
988.36	537.00	182.01	0.0054943	693.24	988.28	5.9493	0.83374	1.1254	679.44	-0.040022	5.3559e-05	0.077898	supercritical
989.36	537.00	181.84	0.0054994	694.09	989.41	5.9505	0.83387	1.1254	679.68	-0.040064	5.3587e-05	0.077947	supercritical
990.36	537.00	181.67	0.0055045	694.94	990.53	5.9516	0.83401	1.1255	679.93	-0.040106	5.3615e-05	0.077996	supercritical
991.36	537.00	181.50	0.0055096	695.79	991.66	5.9527	0.83415	1.1256	680.17	-0.040147	5.3643e-05	0.078044	supercritical
992.36	537.00	181.33	0.0055147	696.64	992.78	5.9539	0.83428	1.1256	680.41	-0.040189	5.3671e-05	0.078093	supercritical
993.36	537.00	181.16	0.0055198	697.49	993.91	5.9550	0.83442	1.1257	680.66	-0.040230	5.3699e-05	0.078141	supercritical
994.36	537.00	181.00	0.0055249	698.35	995.04	5.9561	0.83455	1.1258	680.90	-0.040272	5.3727e-05	0.078190	supercritical
995.36	537.00	180.83	0.0055300	699.20	996.16	5.9573	0.83469	1.1259	681.14	-0.040313	5.3755e-05	0.078238	supercritical
996.36	537.00	180.66	0.0055351	700.05	997.29	5.9584	0.83482	1.1259	681.39	-0.040354	5.3783e-05	0.078287	supercritical
997.36	537.00	180.50	0.0055402	700.90	998.41	5.9595	0.83496	1.1260	681.63	-0.040396	5.3811e-05	0.078336	supercritical
998.36	537.00	180.33	0.0055453	701.75	999.54	5.9606	0.83509	1.1261	681.87	-0.040437	5.3839e-05	0.078384	supercritical
999.36	537.00	180.17	0.0055504	702.61	1000.7	5.9618	0.83523	1.1261	682.12	-0.040478	5.3867e-05	0.078433	supercritical
1000.4	537.00	180.00	0.0055555	703.46	1001.8	5.9629	0.83536	1.1262	682.36	-0.040519	5.3895e-05	0.078481	supercritical
1001.4	537.00	179.84	0.0055606	704.31	1002.9	5.9640	0.83549	1.1263	682.60	-0.040560	5.3923e-05	0.078530	supercritical
1002.4	537.00	179.67	0.0055657	705.16	1004.0	5.9652	0.83563	1.1264	682.84	-0.040601	5.3951e-05	0.078579	supercritical
1003.4	537.00	179.51	0.0055708	706.02	1005.2	5.9663	0.83576	1.1264	683.09	-0.040641	5.3979e-05	0.078627	supercritical
1004.4	537.00	179.34	0.0055759	706.87	1006.3	5.9674	0.83589	1.1265	683.33	-0.040682	5.4007e-05	0.078676	supercritical
1005.4	537.00	179.18	0.0055810	707.72	1007.4	5.9685	0.83603	1.1266	683.57	-0.040723	5.4035e-05	0.078724	supercritical
1006.4	537.00	179.02	0.0055861	708.58	1008.6	5.9696	0.83616	1.1266	683.81	-0.040763	5.4063e-05	0.078773	supercritical
1007.4	537.00	178.85	0.0055912	709.43	1009.7	5.9708	0.83629	1.1267	684.06	-0.040804	5.4091e-05	0.078822	supercritical
1008.4	537.00	178.69	0.0055963	710.28	1010.8	5.9719	0.83643	1.1268	684.30	-0.040844	5.4119e-05	0.078870	supercritical
1009.4	537.00	178.53	0.0056014	711.14	1011.9	5.9730	0.83656	1.1268	684.54	-0.040884	5.4147e-05	0.078919	supercritical
1010.4	537.00	178.36	0.0056065	711.99	1013.1	5.9741	0.83669	1.1269	684.78	-0.040925	5.4175e-05	0.078967	supercritical
1011.4	537.00	178.20	0.0056116	712.84	1014.2	5.9752	0.83682	1.1270	685.03	-0.040965	5.4203e-05	0.079016	supercritical
1012.4	537.00	178.04	0.0056167	713.70	1015.3	5.9763	0.83695	1.1271	685.27	-0.041005	5.4231e-05	0.079065	supercritical
1013.4	537.00	177.88	0.0056218	714.55	1016.4	5.9775	0.83708	1.1271	685.51	-0.041045	5.4259e-05	0.079113	supercritical
1014.4	537.00	177.72	0.0056269	715.40	1017.6	5.9786	0.83722	1.1272	685.75	-0.041085	5.4287e-05	0.079162	supercritical
1015.4	537.00	177.56	0.0056319	716.26	1018.7	5.9797	0.83735	1.1273	685.99	-0.041125	5.4315e-05	0.079211	supercritical
1016.4	537.00	177.40	0.0056370	717.11	1019.8	5.9808	0.83748	1.1273	686.23	-0.041164	5.4343e-05	0.079259	supercritical
1017.4	537.00	177.24	0.0056421	717.97	1020.9	5.9819	0.83761	1.1274	686.48	-0.041204	5.4370e-05	0.079308	supercritical
1018.4	537.00	177.08	0.0056472	718.82	1022.1	5.9830	0.83774	1.1275	686.72	-0.041244	5.4398e-05	0.079357	supercritical
1019.4	537.00	176.92	0.0056523	719.67	1023.2	5.9841	0.83787	1.1275	686.96	-0.041283	5.4426e-05	0.079405	supercritical
1020.4	537.00	176.76	0.0056574	720.53	1024.3	5.9852	0.83800	1.1276	687.20	-0.041323	5.4454e-05	0.079454	supercritical
1021.4	537.00	176.60	0.0056625	721.38	1025.5	5.9863	0.83813	1.1277	687.44	-0.041362	5.4482e-05	0.079502	supercritical
1022.4	537.00	176.44	0.0056676	722.24	1026.6	5.9874	0.83826	1.1278	687.68	-0.041401	5.4510e-05	0.079551	supercritical
1023.4	537.00	176.28	0.0056726	723.09	1027.7	5.9885	0.83839	1.1278	687.92	-0.041441	5.4538e-05	0.079600	supercritical
1024.4	537.00	176.13	0.0056777	723.95	1028.8	5.9896	0.83851	1.1279	688.16	-0.041480	5.4566e-05	0.079648	supercritical
1025.4	537.00	175.97	0.0056828	724.80	1030.0	5.9907	0.83864	1.1280	688.40	-0.041519	5.4594e-05	0.079697	supercritical
1026.4	537.00	175.81	0.0056879	725.66	1031.1	5.9918	0.83877	1.1280	688.64	-0.041558	5.4622e-05	0.079746	supercritical
1027.4	537.00	175.65	0.0056930	726.51	1032.2	5.9929	0.83890	1.1281	688.89	-0.041597	5.4649e-05	0.079794	supercritical
1028.4	537.00	175.50	0.0056981	727.37	1033.4	5.9940	0.83903	1.1282	689.13	-0.041636	5.4677e-05	0.079843	supercritical
1029.4	537.00	175.34	0.0057032	728.22	1034.5	5.9951	0.83916	1.1282	689.37	-0.041675	5.4705e-05	0.079892	supercritical
1030.4	537.00	175.19	0.0057082	729.08	1035.6	5.9962	0.83928	1.1283	689.61	-0.041714	5.4733e-05	0.079940	supercritical
1031.4	537.00	175.03	0.0057133	729.93	1036.7	5.9973	0.83941	1.1284	689.85	-0.041752	5.4761e-05	0.079989	supercritical
1032.4	537.00	174.87	0.0057184	730.79	1037.9	5.9984	0.83954	1.1285	690.09	-0.041791	5.4789e-05	0.080038	supercritical
1033.4	537.00	174.72	0.0057235	731.64	1039.0	5.9995	0.83967	1.1285	690.33	-0.041829	5.4817e-05	0.080086	supercritical
1034.4	537.00	174.56	0.0057286	732.50	1040.1	6.0006	0.83979	1.1286	690.57	-0.041868	5.4844e-05	0.080135	supercritical
1035.4	537.00	174.41	0.0057337	733.36	1041.3	6.0017	0.83992	1.1287	690.81	-0.041906	5.4872e-05	0.080184	supercritical
1036.4	537.00	174.25	0.0057387	734.21	1042.4	6.0028	0.84005	1.1287	691.05	-0.041945	5.4900e-05	0.080233	supercritical
1037.4	537.00	174.10	0.0057438	735.07	1043.5	6.0039	0.84017	1.1288	691.29	-0.041983	5.4928e-05	0.080281	supercritical
1038.4	537.00	173.95	0.0057489	735.92	1044.6	6.0049	0.84030	1.1289	691.53	-0.042021	5.4956e-05	0.080330	supercritical
1039.4	537.00	173.79	0.0057540	736.78	1045.8	6.0060	0.84042	1.1289	691.77	-0.042059	5.4984e-05	0.080379	supercritical
1040.4	537.00	173.64	0.0057591	737.64	1046.9	6.0071	0.84055	1.1290	692.01	-0.042097	5.5011e-05	0.080427	supercritical
1041.4	537.00	173.49	0.0057641	738.49	1048.0	6.0082	0.84068	1.1291	692.25	-0.042135	5.5039e-05	0.080476	supercritical
1042.4	537.00	173.33	0.0057692	739.35	1049.2	6.0093	0.84080	1.1292	692.49	-0.042173	5.5067e-05	0.080525	supercritical
1043.4	537.00	173.18	0.0057743	740.20	1050.3	6.0104	0.84093	1.1292	692.73	-0.042211	5.5095e-05	0.080573	supercritical
1044.4	537.00	173.03	0.0057794	741.06	1051.4	6.0114	0.84105	1.1293	692.97	-0.042249	5.5123e-05	0.080622	supercritical
1045.4	537.00	172.88	0.0057844	741.92	1052.5	6.0125	0.84118	1.1294	693.20	-0.042287	5.5150e-05	0.080671	supercritical
1046.4	537.00	172.73	0.0057895	742.77	1053.7	6.0136	0.84130	1.1294	693.44	-0.042324	5.5178e-05	0.080719	supercritical
1047.4	537.00	172.57	0.0057946	743.63	1054.8	6.0147	0.84142	1.1295	693.68	-0.042362	5.5206e-05	0.080768	supercritical
1048.4	537.00	172.42	0.0057997	744.49	1055.9	6.0158	0.84155	1.1296	693.92	-0.042399	5.5234e-05	0.080817	supercritical
1049.4	537.00	172.27	0.0058047	745.35	1057.1	6.0168	0.84167	1.1296	694.16	-0.042437	5.5261e-05	0.080866	supercritical
1050.4	537.00	172.12	0.0058098	746.20	1058.2	6.0179	0.84180	1.1297	694.40	-0.042474	5.5289e-05	0.080914	supercritical
1051.4	537.00	171.97	0.0058149	747.06	1059.3	6.0190	0.84192	1.1298	694.64	-0.042511	5.5317e-05	0.080963	supercritical
1052.4	537.00	171.82	0.0058200	747.92	1060.4	6.0201	0.84204	1.1298	694.88	-0.042549	5.5345e-05	0.081012	supercritical
1053.4	537.00	171.67	0.0058250	748.77	1061.6	6.0211	0.84217	1.1299	695.12	-0.042586	5.5373e-05	0.081060	supercritical
1054.4	537.00	171.52	0.0058301	749.63	1062.7	6.0222	0.84229	1.1300	695.35	-0.042623	5.5400e-05	0.081109	supercritical
1055.4	537.00	171.37	0.0058352	750.49	1063.8	6.0233	0.84241	1.1300	695.59	-0.042660	5.5428e-05	0.081158	supercritical
1056.4	537.00	171.23	0.0058403	751.35	1065.0	6.0244	0.84254	1.1301	695.83	-0.042697	5.5456e-05	0.081207	supercritical
1057.4	537.00	171.08	0.0058453	752.21	1066.1	6.0254	0.84266	1.1302	696.07	-0.042734	5.5484e-05	0.081255	supercritical
1058.4	537.00	170.93	0.0058504	753.06	1067.2	6.0265	0.84278	1.1303	696.31	-0.042771	5.5511e-05	0.081304	supercritical
1059.4	537.00	170.78	0.0058555	753.92	1068.4	6.0276	0.84290	1.1303	696.55	-0.042807	5.5539e-05	0.081353	supercritical
1060.4	537.00	170.63	0.0058605	754.78	1069.5	6.0286	0.84302	1.1304	696.78	-0.042844	5.5567e-05	0.081401	supercritical
1061.4	537.00	170.49	0.0058656	755.64	1070.6	6.0297	0.84315	1.1305	697.02	-0.042881	5.5594e-05	0.081450	supercritical
1062.4	537.00	170.34	0.0058707	756.50	1071.8	6.0308	0.84327	1.1305	697.26	-0.042917	5.5622e-05	0.081499	supercritical
1063.4	537.00	170.19	0.0058757	757.35	1072.9	6.0318	0.84339	1.1306	697.50	-0.042954	5.5650e-05	0.081548	supercritical
1064.4	537.00	170.04	0.0058808	758.21	1074.0	6.0329	0.84351	1.1307	697.74	-0.042990	5.5678e-05	0.081596	supercritical
1065.4	537.00	169.90	0.0058859	759.07	1075.1	6.0339	0.84363	1.1307	697.97	-0.043027	5.5705e-05	0.081645	supercritical
1066.4	537.00	169.75	0.0058910	759.93	1076.3	6.0350	0.84375	1.1308	698.21	-0.043063	5.5733e-05	0.081694	supercritical
1067.4	537.00	169.61	0.0058960	760.79	1077.4	6.0361	0.84387	1.1309	698.45	-0.043099	5.5761e-05	0.081743	supercritical
1068.4	537.00	169.46	0.0059011	761.65	1078.5	6.0371	0.84399	1.1309	698.69	-0.043135	5.5788e-05	0.081791	supercritical
1069.4	537.00	169.31	0.0059062	762.51	1079.7	6.0382	0.84411	1.1310	698.92	-0.043171	5.5816e-05	0.081840	supercritical
1070.4	537.00	169.17	0.0059112	763.37	1080.8	6.0392	0.84423	1.1311	699.16	-0.043207	5.5844e-05	0.081889	supercritical
1071.4	537.00	169.02	0.0059163	764.22	1081.9	6.0403	0.84435	1.1311	699.40	-0.043243	5.5871e-05	0.081938	supercritical
1072.4	537.00	168.88	0.0059214	765.08	1083.1	6.0413	0.84447	1.1312	699.63	-0.043279	5.5899e-05	0.081986	supercritical
1073.4	537.00	168.74	0.0059264	765.94	1084.2	6.0424	0.84459	1.1313	699.87	-0.043315	5.5927e-05	0.082035	supercritical
1074.4	537.00	168.59	0.0059315	766.80	1085.3	6.0435	0.84471	1.1313	700.11	-0.043351	5.5954e-05	0.082084	supercritical
1075.4	537.00	168.45	0.0059365	767.66	1086.5	6.0445	0.84483	1.1314	700.35	-0.043387	5.5982e-05	0.082132	supercritical
1076.4	537.00	168.30	0.0059416	768.52	1087.6	6.0456	0.84495	1.1315	700.58	-0.043422	5.6010e-05	0.082181	supercritical
1077.4	537.00	168.16	0.0059467	769.38	1088.7	6.0466	0.84507	1.1316	700.82	-0.043458	5.6037e-05	0.082230	supercritical
1078.4	537.00	168.02	0.0059517	770.24	1089.8	6.0477	0.84519	1.1316	701.06	-0.043493	5.6065e-05	0.082279	supercritical
1079.4	537.00	167.88	0.0059568	771.10	1091.0	6.0487	0.84530	1.1317	701.29	-0.043529	5.6093e-05	0.082327	supercritical
1080.4	537.00	167.73	0.0059619	771.96	1092.1	6.0498	0.84542	1.1318	701.53	-0.043564	5.6120e-05	0.082376	supercritical
1081.4	537.00	167.59	0.0059669	772.82	1093.2	6.0508	0.84554	1.1318	701.77	-0.043600	5.6148e-05	0.082425	supercritical
1082.4	537.00	167.45	0.0059720	773.68	1094.4	6.0519	0.84566	1.1319	702.00	-0.043635	5.6175e-05	0.082474	supercritical
1083.4	537.00	167.31	0.0059770	774.54	1095.5	6.0529	0.84578	1.1320	702.24	-0.043670	5.6203e-05	0.082522	supercritical
1084.4	537.00	167.17	0.0059821	775.40	1096.6	6.0539	0.84589	1.1320	702.47	-0.043705	5.6231e-05	0.082571	supercritical
1085.4	537.00	167.02	0.0059872	776.26	1097.8	6.0550	0.84601	1.1321	702.71	-0.043740	5.6258e-05	0.082620	supercritical
1086.4	537.00	166.88	0.0059922	777.12	1098.9	6.0560	0.84613	1.1322	702.95	-0.043775	5.6286e-05	0.082669	supercritical
1087.4	537.00	166.74	0.0059973	777.98	1100.0	6.0571	0.84625	1.1322	703.18	-0.043810	5.6313e-05	0.082717	supercritical
1088.4	537.00	166.60	0.0060023	778.84	1101.2	6.0581	0.84636	1.1323	703.42	-0.043845	5.6341e-05	0.082766	supercritical
1089.4	537.00	166.46	0.0060074	779.70	1102.3	6.0592	0.84648	1.1324	703.65	-0.043880	5.6369e-05	0.082815	supercritical
1090.4	537.00	166.32	0.0060125	780.56	1103.4	6.0602	0.84660	1.1324	703.89	-0.043915	5.6396e-05	0.082864	supercritical
1091.4	537.00	166.18	0.0060175	781.42	1104.6	6.0612	0.84671	1.1325	704.13	-0.043950	5.6424e-05	0.082912	supercritical
1092.4	537.00	166.04	0.0060226	782.29	1105.7	6.0623	0.84683	1.1326	704.36	-0.043984	5.6451e-05	0.082961	supercritical
1093.4	537.00	165.90	0.0060276	783.15	1106.8	6.0633	0.84694	1.1326	704.60	-0.044019	5.6479e-05	0.083010	supercritical
1094.4	537.00	165.76	0.0060327	784.01	1108.0	6.0643	0.84706	1.1327	704.83	-0.044053	5.6506e-05	0.083059	supercritical
1095.4	537.00	165.62	0.0060377	784.87	1109.1	6.0654	0.84718	1.1328	705.07	-0.044088	5.6534e-05	0.083107	supercritical
1096.4	537.00	165.49	0.0060428	785.73	1110.2	6.0664	0.84729	1.1328	705.30	-0.044122	5.6562e-05	0.083156	supercritical
1097.4	537.00	165.35	0.0060479	786.59	1111.4	6.0674	0.84741	1.1329	705.54	-0.044157	5.6589e-05	0.083205	supercritical
1098.4	537.00	165.21	0.0060529	787.45	1112.5	6.0685	0.84752	1.1330	705.77	-0.044191	5.6617e-05	0.083254	supercritical
1099.4	537.00	165.07	0.0060580	788.31	1113.6	6.0695	0.84764	1.1330	706.01	-0.044225	5.6644e-05	0.083302	supercritical
1100.4	537.00	164.93	0.0060630	789.18	1114.8	6.0705	0.84775	1.1331	706.24	-0.044259	5.6672e-05	0.083351	supercritical
1101.4	537.00	164.80	0.0060681	790.04	1115.9	6.0716	0.84787	1.1332	706.48	-0.044294	5.6699e-05	0.083400	supercritical
1102.4	537.00	164.66	0.0060731	790.90	1117.0	6.0726	0.84798	1.1332	706.71	-0.044328	5.6727e-05	0.083449	supercritical
1103.4	537.00	164.52	0.0060782	791.76	1118.2	6.0736	0.84810	1.1333	706.95	-0.044362	5.6754e-05	0.083497	supercritical
1104.4	537.00	164.39	0.0060832	792.62	1119.3	6.0746	0.84821	1.1334	707.18	-0.044396	5.6782e-05	0.083546	supercritical
1105.4	537.00	164.25	0.0060883	793.49	1120.4	6.0757	0.84832	1.1334	707.42	-0.044429	5.6809e-05	0.083595	supercritical
1106.4	537.00	164.11	0.0060933	794.35	1121.6	6.0767	0.84844	1.1335	707.65	-0.044463	5.6837e-05	0.083644	supercritical
1107.4	537.00	163.98	0.0060984	795.21	1122.7	6.0777	0.84855	1.1336	707.89	-0.044497	5.6864e-05	0.083692	supercritical
1108.4	537.00	163.84	0.0061034	796.07	1123.8	6.0787	0.84866	1.1336	708.12	-0.044531	5.6892e-05	0.083741	supercritical
1109.4	537.00	163.71	0.0061085	796.93	1125.0	6.0798	0.84878	1.1337	708.35	-0.044564	5.6919e-05	0.083790	supercritical
1110.4	537.00	163.57	0.0061135	797.80	1126.1	6.0808	0.84889	1.1338	708.59	-0.044598	5.6947e-05	0.083839	supercritical
1111.4	537.00	163.44	0.0061186	798.66	1127.2	6.0818	0.84900	1.1338	708.82	-0.044631	5.6974e-05	0.083887	supercritical
1112.4	537.00	163.30	0.0061236	799.52	1128.4	6.0828	0.84912	1.1339	709.06	-0.044665	5.7002e-05	0.083936	supercritical
1113.4	537.00	163.17	0.0061287	800.39	1129.5	6.0838	0.84923	1.1340	709.29	-0.044698	5.7029e-05	0.083985	supercritical
1114.4	537.00	163.03	0.0061337	801.25	1130.6	6.0849	0.84934	1.1340	709.52	-0.044732	5.7057e-05	0.084034	supercritical
1115.4	537.00	162.90	0.0061388	802.11	1131.8	6.0859	0.84945	1.1341	709.76	-0.044765	5.7084e-05	0.084082	supercritical
1116.4	537.00	162.76	0.0061438	802.97	1132.9	6.0869	0.84957	1.1342	709.99	-0.044798	5.7112e-05	0.084131	supercritical
1117.4	537.00	162.63	0.0061489	803.84	1134.0	6.0879	0.84968	1.1342	710.23	-0.044831	5.7139e-05	0.084180	supercritical
1118.4	537.00	162.50	0.0061539	804.70	1135.2	6.0889	0.84979	1.1343	710.46	-0.044864	5.7167e-05	0.084229	supercritical
1119.4	537.00	162.36	0.0061590	805.56	1136.3	6.0899	0.84990	1.1344	710.69	-0.044897	5.7194e-05	0.084277	supercritical
1120.4	537.00	162.23	0.0061640	806.43	1137.4	6.0910	0.85001	1.1344	710.93	-0.044930	5.7221e-05	0.084326	supercritical
1121.4	537.00	162.10	0.0061691	807.29	1138.6	6.0920	0.85013	1.1345	711.16	-0.044963	5.7249e-05	0.084375	supercritical
1122.4	537.00	161.97	0.0061741	808.15	1139.7	6.0930	0.85024	1.1346	711.39	-0.044996	5.7276e-05	0.084424	supercritical
1123.4	537.00	161.83	0.0061792	809.02	1140.8	6.0940	0.85035	1.1346	711.63	-0.045029	5.7304e-05	0.084473	supercritical
1124.4	537.00	161.70	0.0061842	809.88	1142.0	6.0950	0.85046	1.1347	711.86	-0.045062	5.7331e-05	0.084521	supercritical
1125.4	537.00	161.57	0.0061893	810.75	1143.1	6.0960	0.85057	1.1348	712.09	-0.045095	5.7359e-05	0.084570	supercritical
1126.4	537.00	161.44	0.0061943	811.61	1144.2	6.0970	0.85068	1.1348	712.33	-0.045127	5.7386e-05	0.084619	supercritical
1127.4	537.00	161.31	0.0061994	812.47	1145.4	6.0980	0.85079	1.1349	712.56	-0.045160	5.7413e-05	0.084668	supercritical
1128.4	537.00	161.18	0.0062044	813.34	1146.5	6.0990	0.85090	1.1350	712.79	-0.045192	5.7441e-05	0.084716	supercritical
1129.4	537.00	161.05	0.0062094	814.20	1147.6	6.1000	0.85101	1.1350	713.02	-0.045225	5.7468e-05	0.084765	supercritical
1130.4	537.00	160.91	0.0062145	815.07	1148.8	6.1010	0.85112	1.1351	713.26	-0.045257	5.7496e-05	0.084814	supercritical
1131.4	537.00	160.78	0.0062195	815.93	1149.9	6.1020	0.85123	1.1352	713.49	-0.045290	5.7523e-05	0.084863	supercritical
1132.4	537.00	160.65	0.0062246	816.79	1151.1	6.1030	0.85134	1.1352	713.72	-0.045322	5.7550e-05	0.084911	supercritical
1133.4	537.00	160.52	0.0062296	817.66	1152.2	6.1040	0.85145	1.1353	713.95	-0.045354	5.7578e-05	0.084960	supercritical
1134.4	537.00	160.39	0.0062347	818.52	1153.3	6.1050	0.85156	1.1354	714.19	-0.045386	5.7605e-05	0.085009	supercritical
1135.4	537.00	160.26	0.0062397	819.39	1154.5	6.1060	0.85167	1.1354	714.42	-0.045418	5.7632e-05	0.085058	supercritical
1136.4	537.00	160.13	0.0062447	820.25	1155.6	6.1070	0.85178	1.1355	714.65	-0.045451	5.7660e-05	0.085106	supercritical
1137.4	537.00	160.01	0.0062498	821.12	1156.7	6.1080	0.85189	1.1356	714.88	-0.045483	5.7687e-05	0.085155	supercritical
1138.4	537.00	159.88	0.0062548	821.98	1157.9	6.1090	0.85200	1.1356	715.12	-0.045515	5.7714e-05	0.085204	supercritical
1139.4	537.00	159.75	0.0062599	822.85	1159.0	6.1100	0.85210	1.1357	715.35	-0.045546	5.7742e-05	0.085253	supercritical
1140.4	537.00	159.62	0.0062649	823.71	1160.1	6.1110	0.85221	1.1358	715.58	-0.045578	5.7769e-05	0.085301	supercritical
1141.4	537.00	159.49	0.0062699	824.58	1161.3	6.1120	0.85232	1.1358	715.81	-0.045610	5.7796e-05	0.085350	supercritical
1142.4	537.00	159.36	0.0062750	825.44	1162.4	6.1130	0.85243	1.1359	716.04	-0.045642	5.7824e-05	0.085399	supercritical
1143.4	537.00	159.24	0.0062800	826.31	1163.5	6.1140	0.85254	1.1360	716.27	-0.045674	5.7851e-05	0.085448	supercritical
1144.4	537.00	159.11	0.0062851	827.17	1164.7	6.1150	0.85265	1.1360	716.51	-0.045705	5.7878e-05	0.085496	supercritical
1145.4	537.00	158.98	0.0062901	828.04	1165.8	6.1160	0.85275	1.1361	716.74	-0.045737	5.7906e-05	0.085545	supercritical
1146.4	537.00	158.85	0.0062951	828.90	1167.0	6.1170	0.85286	1.1362	716.97	-0.045768	5.7933e-05	0.085594	supercritical
1147.4	537.00	158.73	0.0063002	829.77	1168.1	6.1180	0.85297	1.1362	717.20	-0.045800	5.7960e-05	0.085643	supercritical
1148.4	537.00	158.60	0.0063052	830.64	1169.2	6.1190	0.85308	1.1363	717.43	-0.045831	5.7988e-05	0.085691	supercritical
1149.4	537.00	158.47	0.0063102	831.50	1170.4	6.1200	0.85318	1.1364	717.66	-0.045863	5.8015e-05	0.085740	supercritical
1150.4	537.00	158.35	0.0063153	832.37	1171.5	6.1210	0.85329	1.1364	717.89	-0.045894	5.8042e-05	0.085789	supercritical
1151.4	537.00	158.22	0.0063203	833.23	1172.6	6.1219	0.85340	1.1365	718.12	-0.045925	5.8070e-05	0.085838	supercritical
1152.4	537.00	158.09	0.0063254	834.10	1173.8	6.1229	0.85350	1.1365	718.36	-0.045957	5.8097e-05	0.085886	supercritical
1153.4	537.00	157.97	0.0063304	834.97	1174.9	6.1239	0.85361	1.1366	718.59	-0.045988	5.8124e-05	0.085935	supercritical
1154.4	537.00	157.84	0.0063354	835.83	1176.0	6.1249	0.85372	1.1367	718.82	-0.046019	5.8151e-05	0.085984	supercritical
1155.4	537.00	157.72	0.0063405	836.70	1177.2	6.1259	0.85382	1.1367	719.05	-0.046050	5.8179e-05	0.086033	supercritical
1156.4	537.00	157.59	0.0063455	837.57	1178.3	6.1269	0.85393	1.1368	719.28	-0.046081	5.8206e-05	0.086081	supercritical
1157.4	537.00	157.47	0.0063505	838.43	1179.5	6.1279	0.85404	1.1369	719.51	-0.046112	5.8233e-05	0.086130	supercritical
1158.4	537.00	157.34	0.0063556	839.30	1180.6	6.1288	0.85414	1.1369	719.74	-0.046143	5.8260e-05	0.086179	supercritical
1159.4	537.00	157.22	0.0063606	840.17	1181.7	6.1298	0.85425	1.1370	719.97	-0.046174	5.8288e-05	0.086228	supercritical
1160.4	537.00	157.09	0.0063656	841.03	1182.9	6.1308	0.85435	1.1371	720.20	-0.046204	5.8315e-05	0.086276	supercritical
1161.4	537.00	156.97	0.0063707	841.90	1184.0	6.1318	0.85446	1.1371	720.43	-0.046235	5.8342e-05	0.086325	supercritical
1162.4	537.00	156.85	0.0063757	842.77	1185.1	6.1328	0.85456	1.1372	720.66	-0.046266	5.8369e-05	0.086374	supercritical
1163.4	537.00	156.72	0.0063807	843.63	1186.3	6.1337	0.85467	1.1373	720.89	-0.046296	5.8397e-05	0.086422	supercritical
1164.4	537.00	156.60	0.0063858	844.50	1187.4	6.1347	0.85478	1.1373	721.12	-0.046327	5.8424e-05	0.086471	supercritical
1165.4	537.00	156.48	0.0063908	845.37	1188.6	6.1357	0.85488	1.1374	721.35	-0.046358	5.8451e-05	0.086520	supercritical
1166.4	537.00	156.35	0.0063958	846.23	1189.7	6.1367	0.85499	1.1375	721.58	-0.046388	5.8478e-05	0.086569	supercritical
1167.4	537.00	156.23	0.0064009	847.10	1190.8	6.1376	0.85509	1.1375	721.81	-0.046418	5.8506e-05	0.086617	supercritical
1168.4	537.00	156.11	0.0064059	847.97	1192.0	6.1386	0.85519	1.1376	722.04	-0.046449	5.8533e-05	0.086666	supercritical
1169.4	537.00	155.98	0.0064109	848.84	1193.1	6.1396	0.85530	1.1377	722.27	-0.046479	5.8560e-05	0.086715	supercritical
1170.4	537.00	155.86	0.0064159	849.70	1194.2	6.1406	0.85540	1.1377	722.50	-0.046509	5.8587e-05	0.086764	supercritical
1171.4	537.00	155.74	0.0064210	850.57	1195.4	6.1415	0.85551	1.1378	722.73	-0.046540	5.8614e-05	0.086812	supercritical
1172.4	537.00	155.62	0.0064260	851.44	1196.5	6.1425	0.85561	1.1378	722.96	-0.046570	5.8642e-05	0.086861	supercritical
1173.4	537.00	155.50	0.0064310	852.31	1197.7	6.1435	0.85572	1.1379	723.19	-0.046600	5.8669e-05	0.086910	supercritical
1174.4	537.00	155.37	0.0064361	853.17	1198.8	6.1444	0.85582	1.1380	723.42	-0.046630	5.8696e-05	0.086959	supercritical
1175.4	537.00	155.25	0.0064411	854.04	1199.9	6.1454	0.85592	1.1380	723.65	-0.046660	5.8723e-05	0.087007	supercritical
1176.4	537.00	155.13	0.0064461	854.91	1201.1	6.1464	0.85603	1.1381	723.88	-0.046690	5.8750e-05	0.087056	supercritical
1177.4	537.00	155.01	0.0064511	855.78	1202.2	6.1473	0.85613	1.1382	724.11	-0.046720	5.8777e-05	0.087105	supercritical
1178.4	537.00	154.89	0.0064562	856.65	1203.3	6.1483	0.85623	1.1382	724.34	-0.046750	5.8805e-05	0.087153	supercritical
1179.4	537.00	154.77	0.0064612	857.52	1204.5	6.1493	0.85634	1.1383	724.56	-0.046780	5.8832e-05	0.087202	supercritical
1180.4	537.00	154.65	0.0064662	858.38	1205.6	6.1502	0.85644	1.1384	724.79	-0.046809	5.8859e-05	0.087251	supercritical
1181.4	537.00	154.53	0.0064713	859.25	1206.8	6.1512	0.85654	1.1384	725.02	-0.046839	5.8886e-05	0.087300	supercritical
1182.4	537.00	154.41	0.0064763	860.12	1207.9	6.1522	0.85664	1.1385	725.25	-0.046869	5.8913e-05	0.087348	supercritical
1183.4	537.00	154.29	0.0064813	860.99	1209.0	6.1531	0.85675	1.1386	725.48	-0.046898	5.8940e-05	0.087397	supercritical
1184.4	537.00	154.17	0.0064863	861.86	1210.2	6.1541	0.85685	1.1386	725.71	-0.046928	5.8967e-05	0.087446	supercritical
1185.4	537.00	154.05	0.0064914	862.73	1211.3	6.1551	0.85695	1.1387	725.94	-0.046957	5.8994e-05	0.087495	supercritical
1186.4	537.00	153.93	0.0064964	863.60	1212.5	6.1560	0.85705	1.1387	726.17	-0.046987	5.9022e-05	0.087543	supercritical
1187.4	537.00	153.81	0.0065014	864.47	1213.6	6.1570	0.85716	1.1388	726.39	-0.047016	5.9049e-05	0.087592	supercritical
1188.4	537.00	153.69	0.0065064	865.33	1214.7	6.1579	0.85726	1.1389	726.62	-0.047046	5.9076e-05	0.087641	supercritical
1189.4	537.00	153.58	0.0065115	866.20	1215.9	6.1589	0.85736	1.1389	726.85	-0.047075	5.9103e-05	0.087689	supercritical
1190.4	537.00	153.46	0.0065165	867.07	1217.0	6.1598	0.85746	1.1390	727.08	-0.047104	5.9130e-05	0.087738	supercritical
1191.4	537.00	153.34	0.0065215	867.94	1218.1	6.1608	0.85756	1.1391	727.31	-0.047133	5.9157e-05	0.087787	supercritical
1192.4	537.00	153.22	0.0065265	868.81	1219.3	6.1618	0.85767	1.1391	727.53	-0.047162	5.9184e-05	0.087836	supercritical
1193.4	537.00	153.10	0.0065316	869.68	1220.4	6.1627	0.85777	1.1392	727.76	-0.047192	5.9211e-05	0.087884	supercritical
1194.4	537.00	152.99	0.0065366	870.55	1221.6	6.1637	0.85787	1.1393	727.99	-0.047221	5.9238e-05	0.087933	supercritical
1195.4	537.00	152.87	0.0065416	871.42	1222.7	6.1646	0.85797	1.1393	728.22	-0.047250	5.9265e-05	0.087982	supercritical
1196.4	537.00	152.75	0.0065466	872.29	1223.8	6.1656	0.85807	1.1394	728.45	-0.047279	5.9293e-05	0.088030	supercritical
1197.4	537.00	152.63	0.0065516	873.16	1225.0	6.1665	0.85817	1.1395	728.67	-0.047308	5.9320e-05	0.088079	supercritical
1198.4	537.00	152.52	0.0065567	874.03	1226.1	6.1675	0.85827	1.1395	728.90	-0.047336	5.9347e-05	0.088128	supercritical
1199.4	537.00	152.40	0.0065617	874.90	1227.3	6.1684	0.85837	1.1396	729.13	-0.047365	5.9374e-05	0.088177	supercritical
1200.4	537.00	152.28	0.0065667	875.77	1228.4	6.1694	0.85847	1.1396	729.36	-0.047394	5.9401e-05	0.088225	supercritical
1201.4	537.00	152.17	0.0065717	876.64	1229.5	6.1703	0.85857	1.1397	729.58	-0.047423	5.9428e-05	0.088274	supercritical
1202.4	537.00	152.05	0.0065767	877.51	1230.7	6.1713	0.85867	1.1398	729.81	-0.047451	5.9455e-05	0.088323	supercritical
1203.4	537.00	151.93	0.0065818	878.38	1231.8	6.1722	0.85877	1.1398	730.04	-0.047480	5.9482e-05	0.088371	supercritical
1204.4	537.00	151.82	0.0065868	879.25	1233.0	6.1732	0.85887	1.1399	730.26	-0.047509	5.9509e-05	0.088420	supercritical
1205.4	537.00	151.70	0.0065918	880.12	1234.1	6.1741	0.85897	1.1400	730.49	-0.047537	5.9536e-05	0.088469	supercritical
1206.4	537.00	151.59	0.0065968	880.99	1235.2	6.1751	0.85907	1.1400	730.72	-0.047566	5.9563e-05	0.088517	supercritical
1207.4	537.00	151.47	0.0066018	881.86	1236.4	6.1760	0.85917	1.1401	730.95	-0.047594	5.9590e-05	0.088566	supercritical
1208.4	537.00	151.36	0.0066069	882.73	1237.5	6.1769	0.85927	1.1402	731.17	-0.047623	5.9617e-05	0.088615	supercritical
1209.4	537.00	151.24	0.0066119	883.60	1238.7	6.1779	0.85937	1.1402	731.40	-0.047651	5.9644e-05	0.088663	supercritical
1210.4	537.00	151.13	0.0066169	884.47	1239.8	6.1788	0.85947	1.1403	731.63	-0.047679	5.9671e-05	0.088712	supercritical
1211.4	537.00	151.01	0.0066219	885.34	1240.9	6.1798	0.85957	1.1403	731.85	-0.047707	5.9698e-05	0.088761	supercritical
1212.4	537.00	150.90	0.0066269	886.21	1242.1	6.1807	0.85967	1.1404	732.08	-0.047736	5.9725e-05	0.088810	supercritical
1213.4	537.00	150.79	0.0066319	887.09	1243.2	6.1817	0.85977	1.1405	732.31	-0.047764	5.9752e-05	0.088858	supercritical
1214.4	537.00	150.67	0.0066370	887.96	1244.4	6.1826	0.85987	1.1405	732.53	-0.047792	5.9779e-05	0.088907	supercritical
1215.4	537.00	150.56	0.0066420	888.83	1245.5	6.1835	0.85997	1.1406	732.76	-0.047820	5.9806e-05	0.088956	supercritical
1216.4	537.00	150.44	0.0066470	889.70	1246.6	6.1845	0.86006	1.1407	732.98	-0.047848	5.9833e-05	0.089004	supercritical
1217.4	537.00	150.33	0.0066520	890.57	1247.8	6.1854	0.86016	1.1407	733.21	-0.047876	5.9860e-05	0.089053	supercritical
1218.4	537.00	150.22	0.0066570	891.44	1248.9	6.1863	0.86026	1.1408	733.44	-0.047904	5.9887e-05	0.089102	supercritical
1219.4	537.00	150.10	0.0066620	892.31	1250.1	6.1873	0.86036	1.1409	733.66	-0.047932	5.9914e-05	0.089150	supercritical
1220.4	537.00	149.99	0.0066671	893.19	1251.2	6.1882	0.86046	1.1409	733.89	-0.047960	5.9941e-05	0.089199	supercritical
1221.4	537.00	149.88	0.0066721	894.06	1252.3	6.1892	0.86056	1.1410	734.11	-0.047987	5.9968e-05	0.089248	supercritical
1222.4	537.00	149.77	0.0066771	894.93	1253.5	6.1901	0.86065	1.1410	734.34	-0.048015	5.9995e-05	0.089296	supercritical
1223.4	537.00	149.65	0.0066821	895.80	1254.6	6.1910	0.86075	1.1411	734.57	-0.048043	6.0022e-05	0.089345	supercritical
1224.4	537.00	149.54	0.0066871	896.67	1255.8	6.1920	0.86085	1.1412	734.79	-0.048070	6.0049e-05	0.089394	supercritical
1225.4	537.00	149.43	0.0066921	897.54	1256.9	6.1929	0.86095	1.1412	735.02	-0.048098	6.0075e-05	0.089442	supercritical
1226.4	537.00	149.32	0.0066971	898.42	1258.1	6.1938	0.86104	1.1413	735.24	-0.048126	6.0102e-05	0.089491	supercritical
1227.4	537.00	149.21	0.0067022	899.29	1259.2	6.1947	0.86114	1.1414	735.47	-0.048153	6.0129e-05	0.089540	supercritical
1228.4	537.00	149.09	0.0067072	900.16	1260.3	6.1957	0.86124	1.1414	735.69	-0.048181	6.0156e-05	0.089588	supercritical
1229.4	537.00	148.98	0.0067122	901.03	1261.5	6.1966	0.86134	1.1415	735.92	-0.048208	6.0183e-05	0.089637	supercritical
1230.4	537.00	148.87	0.0067172	901.91	1262.6	6.1975	0.86143	1.1415	736.14	-0.048235	6.0210e-05	0.089686	supercritical
1231.4	537.00	148.76	0.0067222	902.78	1263.8	6.1985	0.86153	1.1416	736.37	-0.048263	6.0237e-05	0.089734	supercritical
1232.4	537.00	148.65	0.0067272	903.65	1264.9	6.1994	0.86163	1.1417	736.59	-0.048290	6.0264e-05	0.089783	supercritical
1233.4	537.00	148.54	0.0067322	904.52	1266.0	6.2003	0.86172	1.1417	736.82	-0.048317	6.0291e-05	0.089832	supercritical
1234.4	537.00	148.43	0.0067372	905.40	1267.2	6.2012	0.86182	1.1418	737.04	-0.048344	6.0318e-05	0.089880	supercritical
1235.4	537.00	148.32	0.0067422	906.27	1268.3	6.2022	0.86192	1.1419	737.27	-0.048371	6.0345e-05	0.089929	supercritical
1236.4	537.00	148.21	0.0067473	907.14	1269.5	6.2031	0.86201	1.1419	737.49	-0.048399	6.0371e-05	0.089978	supercritical
1237.4	537.00	148.10	0.0067523	908.01	1270.6	6.2040	0.86211	1.1420	737.72	-0.048426	6.0398e-05	0.090026	supercritical
1238.4	537.00	147.99	0.0067573	908.89	1271.8	6.2049	0.86221	1.1420	737.94	-0.048453	6.0425e-05	0.090075	supercritical
1239.4	537.00	147.88	0.0067623	909.76	1272.9	6.2059	0.86230	1.1421	738.17	-0.048480	6.0452e-05	0.090124	supercritical
1240.4	537.00	147.77	0.0067673	910.63	1274.0	6.2068	0.86240	1.1422	738.39	-0.048507	6.0479e-05	0.090172	supercritical
1241.4	537.00	147.66	0.0067723	911.51	1275.2	6.2077	0.86249	1.1422	738.62	-0.048533	6.0506e-05	0.090221	supercritical
1242.4	537.00	147.55	0.0067773	912.38	1276.3	6.2086	0.86259	1.1423	738.84	-0.048560	6.0533e-05	0.090270	supercritical
1243.4	537.00	147.44	0.0067823	913.25	1277.5	6.2095	0.86269	1.1424	739.07	-0.048587	6.0559e-05	0.090318	supercritical
1244.4	537.00	147.33	0.0067873	914.13	1278.6	6.2105	0.86278	1.1424	739.29	-0.048614	6.0586e-05	0.090367	supercritical
1245.4	537.00	147.22	0.0067923	915.00	1279.7	6.2114	0.86288	1.1425	739.51	-0.048640	6.0613e-05	0.090416	supercritical
1246.4	537.00	147.12	0.0067973	915.87	1280.9	6.2123	0.86297	1.1426	739.74	-0.048667	6.0640e-05	0.090464	supercritical
1247.4	537.00	147.01	0.0068024	916.75	1282.0	6.2132	0.86307	1.1426	739.96	-0.048694	6.0667e-05	0.090513	supercritical
1248.4	537.00	146.90	0.0068074	917.62	1283.2	6.2141	0.86316	1.1427	740.19	-0.048720	6.0694e-05	0.090561	supercritical
1249.4	537.00	146.79	0.0068124	918.50	1284.3	6.2150	0.86326	1.1427	740.41	-0.048747	6.0720e-05	0.090610	supercritical
1250.4	537.00	146.68	0.0068174	919.37	1285.5	6.2159	0.86335	1.1428	740.63	-0.048773	6.0747e-05	0.090659	supercritical
1251.4	537.00	146.58	0.0068224	920.24	1286.6	6.2169	0.86345	1.1429	740.86	-0.048800	6.0774e-05	0.090707	supercritical
1252.4	537.00	146.47	0.0068274	921.12	1287.7	6.2178	0.86354	1.1429	741.08	-0.048826	6.0801e-05	0.090756	supercritical
1253.4	537.00	146.36	0.0068324	921.99	1288.9	6.2187	0.86364	1.1430	741.30	-0.048852	6.0828e-05	0.090805	supercritical
1254.4	537.00	146.25	0.0068374	922.87	1290.0	6.2196	0.86373	1.1431	741.53	-0.048879	6.0854e-05	0.090853	supercritical
1255.4	537.00	146.15	0.0068424	923.74	1291.2	6.2205	0.86383	1.1431	741.75	-0.048905	6.0881e-05	0.090902	supercritical
1256.4	537.00	146.04	0.0068474	924.61	1292.3	6.2214	0.86392	1.1432	741.97	-0.048931	6.0908e-05	0.090950	supercritical
1257.4	537.00	145.93	0.0068524	925.49	1293.5	6.2223	0.86401	1.1432	742.20	-0.048957	6.0935e-05	0.090999	supercritical
1258.4	537.00	145.83	0.0068574	926.36	1294.6	6.2232	0.86411	1.1433	742.42	-0.048984	6.0962e-05	0.091048	supercritical
1259.4	537.00	145.72	0.0068624	927.24	1295.7	6.2241	0.86420	1.1434	742.64	-0.049010	6.0988e-05	0.091096	supercritical
1260.4	537.00	145.61	0.0068674	928.11	1296.9	6.2251	0.86430	1.1434	742.87	-0.049036	6.1015e-05	0.091145	supercritical
1261.4	537.00	145.51	0.0068724	928.99	1298.0	6.2260	0.86439	1.1435	743.09	-0.049062	6.1042e-05	0.091194	supercritical
1262.4	537.00	145.40	0.0068774	929.86	1299.2	6.2269	0.86448	1.1435	743.31	-0.049088	6.1069e-05	0.091242	supercritical
1263.4	537.00	145.30	0.0068824	930.74	1300.3	6.2278	0.86458	1.1436	743.54	-0.049114	6.1095e-05	0.091291	supercritical
1264.4	537.00	145.19	0.0068874	931.61	1301.5	6.2287	0.86467	1.1437	743.76	-0.049139	6.1122e-05	0.091339	supercritical
1265.4	537.00	145.09	0.0068924	932.49	1302.6	6.2296	0.86476	1.1437	743.98	-0.049165	6.1149e-05	0.091388	supercritical
1266.4	537.00	144.98	0.0068974	933.36	1303.8	6.2305	0.86486	1.1438	744.20	-0.049191	6.1176e-05	0.091437	supercritical
1267.4	537.00	144.88	0.0069024	934.24	1304.9	6.2314	0.86495	1.1439	744.43	-0.049217	6.1202e-05	0.091485	supercritical
1268.4	537.00	144.77	0.0069075	935.11	1306.0	6.2323	0.86504	1.1439	744.65	-0.049243	6.1229e-05	0.091534	supercritical
1269.4	537.00	144.67	0.0069125	935.99	1307.2	6.2332	0.86514	1.1440	744.87	-0.049268	6.1256e-05	0.091582	supercritical
1270.4	537.00	144.56	0.0069175	936.86	1308.3	6.2341	0.86523	1.1440	745.09	-0.049294	6.1282e-05	0.091631	supercritical
1271.4	537.00	144.46	0.0069225	937.74	1309.5	6.2350	0.86532	1.1441	745.32	-0.049319	6.1309e-05	0.091680	supercritical
1272.4	537.00	144.35	0.0069275	938.61	1310.6	6.2359	0.86542	1.1442	745.54	-0.049345	6.1336e-05	0.091728	supercritical
1273.4	537.00	144.25	0.0069325	939.49	1311.8	6.2368	0.86551	1.1442	745.76	-0.049371	6.1363e-05	0.091777	supercritical
1274.4	537.00	144.15	0.0069375	940.37	1312.9	6.2377	0.86560	1.1443	745.98	-0.049396	6.1389e-05	0.091825	supercritical
1275.4	537.00	144.04	0.0069425	941.24	1314.1	6.2386	0.86569	1.1444	746.20	-0.049421	6.1416e-05	0.091874	supercritical
1276.4	537.00	143.94	0.0069475	942.12	1315.2	6.2395	0.86579	1.1444	746.43	-0.049447	6.1443e-05	0.091923	supercritical
1277.4	537.00	143.83	0.0069525	942.99	1316.3	6.2404	0.86588	1.1445	746.65	-0.049472	6.1469e-05	0.091971	supercritical
1278.4	537.00	143.73	0.0069575	943.87	1317.5	6.2413	0.86597	1.1445	746.87	-0.049497	6.1496e-05	0.092020	supercritical
1279.4	537.00	143.63	0.0069625	944.75	1318.6	6.2422	0.86606	1.1446	747.09	-0.049523	6.1523e-05	0.092068	supercritical
1280.4	537.00	143.52	0.0069675	945.62	1319.8	6.2431	0.86615	1.1447	747.31	-0.049548	6.1549e-05	0.092117	supercritical
1281.4	537.00	143.42	0.0069725	946.50	1320.9	6.2440	0.86625	1.1447	747.54	-0.049573	6.1576e-05	0.092165	supercritical
1282.4	537.00	143.32	0.0069775	947.37	1322.1	6.2449	0.86634	1.1448	747.76	-0.049598	6.1603e-05	0.092214	supercritical
1283.4	537.00	143.22	0.0069824	948.25	1323.2	6.2457	0.86643	1.1449	747.98	-0.049623	6.1629e-05	0.092263	supercritical
1284.4	537.00	143.11	0.0069874	949.13	1324.4	6.2466	0.86652	1.1449	748.20	-0.049648	6.1656e-05	0.092311	supercritical
1285.4	537.00	143.01	0.0069924	950.00	1325.5	6.2475	0.86661	1.1450	748.42	-0.049673	6.1683e-05	0.092360	supercritical
1286.4	537.00	142.91	0.0069974	950.88	1326.6	6.2484	0.86670	1.1450	748.64	-0.049698	6.1709e-05	0.092408	supercritical
1287.4	537.00	142.81	0.0070024	951.76	1327.8	6.2493	0.86680	1.1451	748.86	-0.049723	6.1736e-05	0.092457	supercritical
1288.4	537.00	142.71	0.0070074	952.63	1328.9	6.2502	0.86689	1.1452	749.08	-0.049748	6.1763e-05	0.092506	supercritical
1289.4	537.00	142.60	0.0070124	953.51	1330.1	6.2511	0.86698	1.1452	749.31	-0.049773	6.1789e-05	0.092554	supercritical
1290.4	537.00	142.50	0.0070174	954.39	1331.2	6.2520	0.86707	1.1453	749.53	-0.049798	6.1816e-05	0.092603	supercritical
1291.4	537.00	142.40	0.0070224	955.26	1332.4	6.2529	0.86716	1.1453	749.75	-0.049823	6.1843e-05	0.092651	supercritical
1292.4	537.00	142.30	0.0070274	956.14	1333.5	6.2537	0.86725	1.1454	749.97	-0.049847	6.1869e-05	0.092700	supercritical
1293.4	537.00	142.20	0.0070324	957.02	1334.7	6.2546	0.86734	1.1455	750.19	-0.049872	6.1896e-05	0.092748	supercritical
1294.4	537.00	142.10	0.0070374	957.90	1335.8	6.2555	0.86743	1.1455	750.41	-0.049897	6.1922e-05	0.092797	supercritical
1295.4	537.00	142.00	0.0070424	958.77	1337.0	6.2564	0.86752	1.1456	750.63	-0.049921	6.1949e-05	0.092845	supercritical
1296.4	537.00	141.90	0.0070474	959.65	1338.1	6.2573	0.86761	1.1457	750.85	-0.049946	6.1976e-05	0.092894	supercritical
1297.4	537.00	141.80	0.0070524	960.53	1339.2	6.2582	0.86771	1.1457	751.07	-0.049970	6.2002e-05	0.092943	supercritical
1298.4	537.00	141.70	0.0070574	961.41	1340.4	6.2591	0.86780	1.1458	751.29	-0.049995	6.2029e-05	0.092991	supercritical
1299.4	537.00	141.60	0.0070624	962.28	1341.5	6.2599	0.86789	1.1458	751.51	-0.050019	6.2055e-05	0.093040	supercritical
1300.4	537.00	141.50	0.0070674	963.16	1342.7	6.2608	0.86798	1.1459	751.73	-0.050044	6.2082e-05	0.093088	supercritical
1301.4	537.00	141.40	0.0070724	964.04	1343.8	6.2617	0.86807	1.1460	751.95	-0.050068	6.2109e-05	0.093137	supercritical
1302.4	537.00	141.30	0.0070774	964.92	1345.0	6.2626	0.86816	1.1460	752.17	-0.050092	6.2135e-05	0.093185	supercritical
1303.4	537.00	141.20	0.0070824	965.79	1346.1	6.2635	0.86825	1.1461	752.39	-0.050117	6.2162e-05	0.093234	supercritical
1304.4	537.00	141.10	0.0070874	966.67	1347.3	6.2643	0.86834	1.1461	752.61	-0.050141	6.2188e-05	0.093282	supercritical
1305.4	537.00	141.00	0.0070923	967.55	1348.4	6.2652	0.86843	1.1462	752.83	-0.050165	6.2215e-05	0.093331	supercritical
1306.4	537.00	140.90	0.0070973	968.43	1349.6	6.2661	0.86852	1.1463	753.05	-0.050189	6.2241e-05	0.093379	supercritical
1307.4	537.00	140.80	0.0071023	969.31	1350.7	6.2670	0.86861	1.1463	753.27	-0.050213	6.2268e-05	0.093428	supercritical
1308.4	537.00	140.70	0.0071073	970.19	1351.8	6.2678	0.86870	1.1464	753.49	-0.050238	6.2294e-05	0.093476	supercritical
1309.4	537.00	140.60	0.0071123	971.06	1353.0	6.2687	0.86879	1.1465	753.71	-0.050262	6.2321e-05	0.093525	supercritical
1310.4	537.00	140.50	0.0071173	971.94	1354.1	6.2696	0.86887	1.1465	753.93	-0.050286	6.2347e-05	0.093574	supercritical
1311.4	537.00	140.40	0.0071223	972.82	1355.3	6.2705	0.86896	1.1466	754.15	-0.050310	6.2374e-05	0.093622	supercritical
1312.4	537.00	140.31	0.0071273	973.70	1356.4	6.2713	0.86905	1.1466	754.37	-0.050334	6.2401e-05	0.093671	supercritical
1313.4	537.00	140.21	0.0071323	974.58	1357.6	6.2722	0.86914	1.1467	754.59	-0.050357	6.2427e-05	0.093719	supercritical
1314.4	537.00	140.11	0.0071373	975.46	1358.7	6.2731	0.86923	1.1468	754.81	-0.050381	6.2454e-05	0.093768	supercritical
1315.4	537.00	140.01	0.0071423	976.34	1359.9	6.2740	0.86932	1.1468	755.03	-0.050405	6.2480e-05	0.093816	supercritical
1316.4	537.00	139.91	0.0071473	977.21	1361.0	6.2748	0.86941	1.1469	755.25	-0.050429	6.2507e-05	0.093865	supercritical
1317.4	537.00	139.82	0.0071522	978.09	1362.2	6.2757	0.86950	1.1469	755.47	-0.050453	6.2533e-05	0.093913	supercritical
1318.4	537.00	139.72	0.0071572	978.97	1363.3	6.2766	0.86959	1.1470	755.68	-0.050476	6.2560e-05	0.093962	supercritical
1319.4	537.00	139.62	0.0071622	979.85	1364.5	6.2774	0.86968	1.1471	755.90	-0.050500	6.2586e-05	0.094010	supercritical
1320.4	537.00	139.52	0.0071672	980.73	1365.6	6.2783	0.86976	1.1471	756.12	-0.050524	6.2613e-05	0.094059	supercritical
1321.4	537.00	139.43	0.0071722	981.61	1366.8	6.2792	0.86985	1.1472	756.34	-0.050547	6.2639e-05	0.094107	supercritical
1322.4	537.00	139.33	0.0071772	982.49	1367.9	6.2801	0.86994	1.1472	756.56	-0.050571	6.2666e-05	0.094156	supercritical
1323.4	537.00	139.23	0.0071822	983.37	1369.1	6.2809	0.87003	1.1473	756.78	-0.050594	6.2692e-05	0.094204	supercritical
1324.4	537.00	139.14	0.0071872	984.25	1370.2	6.2818	0.87012	1.1474	757.00	-0.050618	6.2719e-05	0.094253	supercritical
1325.4	537.00	139.04	0.0071922	985.13	1371.3	6.2827	0.87021	1.1474	757.22	-0.050641	6.2745e-05	0.094301	supercritical
1326.4	537.00	138.94	0.0071971	986.01	1372.5	6.2835	0.87029	1.1475	757.43	-0.050665	6.2771e-05	0.094350	supercritical
1327.4	537.00	138.85	0.0072021	986.89	1373.6	6.2844	0.87038	1.1476	757.65	-0.050688	6.2798e-05	0.094398	supercritical
1328.4	537.00	138.75	0.0072071	987.77	1374.8	6.2852	0.87047	1.1476	757.87	-0.050711	6.2824e-05	0.094447	supercritical
1329.4	537.00	138.66	0.0072121	988.65	1375.9	6.2861	0.87056	1.1477	758.09	-0.050735	6.2851e-05	0.094495	supercritical
1330.4	537.00	138.56	0.0072171	989.53	1377.1	6.2870	0.87065	1.1477	758.31	-0.050758	6.2877e-05	0.094544	supercritical
1331.4	537.00	138.46	0.0072221	990.41	1378.2	6.2878	0.87073	1.1478	758.53	-0.050781	6.2904e-05	0.094592	supercritical
1332.4	537.00	138.37	0.0072271	991.29	1379.4	6.2887	0.87082	1.1479	758.74	-0.050804	6.2930e-05	0.094641	supercritical
1333.4	537.00	138.27	0.0072321	992.17	1380.5	6.2896	0.87091	1.1479	758.96	-0.050827	6.2957e-05	0.094689	supercritical
1334.4	537.00	138.18	0.0072370	993.05	1381.7	6.2904	0.87100	1.1480	759.18	-0.050851	6.2983e-05	0.094738	supercritical
1335.4	537.00	138.08	0.0072420	993.93	1382.8	6.2913	0.87108	1.1480	759.40	-0.050874	6.3009e-05	0.094786	supercritical
1336.4	537.00	137.99	0.0072470	994.81	1384.0	6.2921	0.87117	1.1481	759.62	-0.050897	6.3036e-05	0.094834	supercritical
1337.4	537.00	137.89	0.0072520	995.69	1385.1	6.2930	0.87126	1.1482	759.83	-0.050920	6.3062e-05	0.094883	supercritical
1338.4	537.00	137.80	0.0072570	996.57	1386.3	6.2939	0.87135	1.1482	760.05	-0.050943	6.3089e-05	0.094931	supercritical
1339.4	537.00	137.70	0.0072620	997.45	1387.4	6.2947	0.87143	1.1483	760.27	-0.050966	6.3115e-05	0.094980	supercritical
1340.4	537.00	137.61	0.0072670	998.33	1388.6	6.2956	0.87152	1.1483	760.49	-0.050988	6.3141e-05	0.095028	supercritical
1341.4	537.00	137.51	0.0072719	999.21	1389.7	6.2964	0.87161	1.1484	760.70	-0.051011	6.3168e-05	0.095077	supercritical
1342.4	537.00	137.42	0.0072769	1000.1	1390.9	6.2973	0.87170	1.1485	760.92	-0.051034	6.3194e-05	0.095125	supercritical
1343.4	537.00	137.33	0.0072819	1001.0	1392.0	6.2981	0.87178	1.1485	761.14	-0.051057	6.3221e-05	0.095174	supercritical
1344.4	537.00	137.23	0.0072869	1001.9	1393.2	6.2990	0.87187	1.1486	761.35	-0.051080	6.3247e-05	0.095222	supercritical
1345.4	537.00	137.14	0.0072919	1002.7	1394.3	6.2998	0.87196	1.1486	761.57	-0.051102	6.3273e-05	0.095271	supercritical
1346.4	537.00	137.05	0.0072969	1003.6	1395.5	6.3007	0.87204	1.1487	761.79	-0.051125	6.3300e-05	0.095319	supercritical
1347.4	537.00	136.95	0.0073018	1004.5	1396.6	6.3016	0.87213	1.1488	762.01	-0.051148	6.3326e-05	0.095368	supercritical
1348.4	537.00	136.86	0.0073068	1005.4	1397.8	6.3024	0.87222	1.1488	762.22	-0.051170	6.3352e-05	0.095416	supercritical
1349.4	537.00	136.77	0.0073118	1006.3	1398.9	6.3033	0.87230	1.1489	762.44	-0.051193	6.3379e-05	0.095464	supercritical
1350.4	537.00	136.67	0.0073168	1007.1	1400.1	6.3041	0.87239	1.1490	762.66	-0.051215	6.3405e-05	0.095513	supercritical
1351.4	537.00	136.58	0.0073218	1008.0	1401.2	6.3050	0.87247	1.1490	762.87	-0.051238	6.3432e-05	0.095561	supercritical
1352.4	537.00	136.49	0.0073268	1008.9	1402.3	6.3058	0.87256	1.1491	763.09	-0.051260	6.3458e-05	0.095610	supercritical
1353.4	537.00	136.39	0.0073317	1009.8	1403.5	6.3067	0.87265	1.1491	763.31	-0.051283	6.3484e-05	0.095658	supercritical
1354.4	537.00	136.30	0.0073367	1010.7	1404.6	6.3075	0.87273	1.1492	763.52	-0.051305	6.3511e-05	0.095707	supercritical
1355.4	537.00	136.21	0.0073417	1011.5	1405.8	6.3084	0.87282	1.1493	763.74	-0.051327	6.3537e-05	0.095755	supercritical
1356.4	537.00	136.12	0.0073467	1012.4	1406.9	6.3092	0.87291	1.1493	763.96	-0.051350	6.3563e-05	0.095803	supercritical
1357.4	537.00	136.02	0.0073517	1013.3	1408.1	6.3101	0.87299	1.1494	764.17	-0.051372	6.3590e-05	0.095852	supercritical
1358.4	537.00	135.93	0.0073566	1014.2	1409.2	6.3109	0.87308	1.1494	764.39	-0.051394	6.3616e-05	0.095900	supercritical
1359.4	537.00	135.84	0.0073616	1015.1	1410.4	6.3117	0.87316	1.1495	764.61	-0.051417	6.3642e-05	0.095949	supercritical
1360.4	537.00	135.75	0.0073666	1016.0	1411.5	6.3126	0.87325	1.1496	764.82	-0.051439	6.3669e-05	0.095997	supercritical
1361.4	537.00	135.66	0.0073716	1016.8	1412.7	6.3134	0.87333	1.1496	765.04	-0.051461	6.3695e-05	0.096046	supercritical
1362.4	537.00	135.56	0.0073766	1017.7	1413.8	6.3143	0.87342	1.1497	765.25	-0.051483	6.3721e-05	0.096094	supercritical
1363.4	537.00	135.47	0.0073815	1018.6	1415.0	6.3151	0.87351	1.1497	765.47	-0.051505	6.3747e-05	0.096142	supercritical
1364.4	537.00	135.38	0.0073865	1019.5	1416.1	6.3160	0.87359	1.1498	765.69	-0.051527	6.3774e-05	0.096191	supercritical
1365.4	537.00	135.29	0.0073915	1020.4	1417.3	6.3168	0.87368	1.1499	765.90	-0.051549	6.3800e-05	0.096239	supercritical
1366.4	537.00	135.20	0.0073965	1021.3	1418.4	6.3177	0.87376	1.1499	766.12	-0.051571	6.3826e-05	0.096288	supercritical
1367.4	537.00	135.11	0.0074015	1022.1	1419.6	6.3185	0.87385	1.1500	766.33	-0.051593	6.3853e-05	0.096336	supercritical
1368.4	537.00	135.02	0.0074064	1023.0	1420.7	6.3193	0.87393	1.1500	766.55	-0.051615	6.3879e-05	0.096384	supercritical
1369.4	537.00	134.93	0.0074114	1023.9	1421.9	6.3202	0.87402	1.1501	766.76	-0.051637	6.3905e-05	0.096433	supercritical
1370.4	537.00	134.84	0.0074164	1024.8	1423.0	6.3210	0.87410	1.1502	766.98	-0.051659	6.3931e-05	0.096481	supercritical
1371.4	537.00	134.75	0.0074214	1025.7	1424.2	6.3219	0.87419	1.1502	767.19	-0.051680	6.3958e-05	0.096530	supercritical
1372.4	537.00	134.66	0.0074264	1026.5	1425.3	6.3227	0.87427	1.1503	767.41	-0.051702	6.3984e-05	0.096578	supercritical
1373.4	537.00	134.57	0.0074313	1027.4	1426.5	6.3235	0.87436	1.1503	767.63	-0.051724	6.4010e-05	0.096626	supercritical
1374.4	537.00	134.48	0.0074363	1028.3	1427.6	6.3244	0.87444	1.1504	767.84	-0.051745	6.4036e-05	0.096675	supercritical
1375.4	537.00	134.39	0.0074413	1029.2	1428.8	6.3252	0.87453	1.1505	768.06	-0.051767	6.4063e-05	0.096723	supercritical
1376.4	537.00	134.30	0.0074463	1030.1	1429.9	6.3260	0.87461	1.1505	768.27	-0.051789	6.4089e-05	0.096772	supercritical
1377.4	537.00	134.21	0.0074512	1031.0	1431.1	6.3269	0.87470	1.1506	768.49	-0.051810	6.4115e-05	0.096820	supercritical
1378.4	537.00	134.12	0.0074562	1031.8	1432.2	6.3277	0.87478	1.1506	768.70	-0.051832	6.4141e-05	0.096868	supercritical
1379.4	537.00	134.03	0.0074612	1032.7	1433.4	6.3285	0.87487	1.1507	768.92	-0.051853	6.4168e-05	0.096917	supercritical
1380.4	537.00	133.94	0.0074662	1033.6	1434.5	6.3294	0.87495	1.1508	769.13	-0.051875	6.4194e-05	0.096965	supercritical
1381.4	537.00	133.85	0.0074712	1034.5	1435.7	6.3302	0.87503	1.1508	769.35	-0.051896	6.4220e-05	0.097014	supercritical
1382.4	537.00	133.76	0.0074761	1035.4	1436.8	6.3310	0.87512	1.1509	769.56	-0.051918	6.4246e-05	0.097062	supercritical
1383.4	537.00	133.67	0.0074811	1036.3	1438.0	6.3319	0.87520	1.1509	769.77	-0.051939	6.4273e-05	0.097110	supercritical
1384.4	537.00	133.58	0.0074861	1037.1	1439.2	6.3327	0.87529	1.1510	769.99	-0.051960	6.4299e-05	0.097159	supercritical
1385.4	537.00	133.49	0.0074911	1038.0	1440.3	6.3335	0.87537	1.1511	770.20	-0.051982	6.4325e-05	0.097207	supercritical
1386.4	537.00	133.40	0.0074960	1038.9	1441.5	6.3344	0.87545	1.1511	770.42	-0.052003	6.4351e-05	0.097255	supercritical
1387.4	537.00	133.32	0.0075010	1039.8	1442.6	6.3352	0.87554	1.1512	770.63	-0.052024	6.4377e-05	0.097304	supercritical
1388.4	537.00	133.23	0.0075060	1040.7	1443.8	6.3360	0.87562	1.1512	770.85	-0.052046	6.4404e-05	0.097352	supercritical
1389.4	537.00	133.14	0.0075110	1041.6	1444.9	6.3369	0.87571	1.1513	771.06	-0.052067	6.4430e-05	0.097400	supercritical
1390.4	537.00	133.05	0.0075159	1042.5	1446.1	6.3377	0.87579	1.1514	771.28	-0.052088	6.4456e-05	0.097449	supercritical
1391.4	537.00	132.96	0.0075209	1043.3	1447.2	6.3385	0.87587	1.1514	771.49	-0.052109	6.4482e-05	0.097497	supercritical
1392.4	537.00	132.87	0.0075259	1044.2	1448.4	6.3393	0.87596	1.1515	771.70	-0.052130	6.4508e-05	0.097545	supercritical
1393.4	537.00	132.79	0.0075309	1045.1	1449.5	6.3402	0.87604	1.1516	771.92	-0.052151	6.4534e-05	0.097594	supercritical
1394.4	537.00	132.70	0.0075358	1046.0	1450.7	6.3410	0.87613	1.1516	772.13	-0.052172	6.4561e-05	0.097642	supercritical
1395.4	537.00	132.61	0.0075408	1046.9	1451.8	6.3418	0.87621	1.1517	772.34	-0.052193	6.4587e-05	0.097691	supercritical
1396.4	537.00	132.52	0.0075458	1047.8	1453.0	6.3426	0.87629	1.1517	772.56	-0.052214	6.4613e-05	0.097739	supercritical
1397.4	537.00	132.44	0.0075507	1048.6	1454.1	6.3435	0.87638	1.1518	772.77	-0.052235	6.4639e-05	0.097787	supercritical
1398.4	537.00	132.35	0.0075557	1049.5	1455.3	6.3443	0.87646	1.1519	772.99	-0.052256	6.4665e-05	0.097836	supercritical
1399.4	537.00	132.26	0.0075607	1050.4	1456.4	6.3451	0.87654	1.1519	773.20	-0.052277	6.4691e-05	0.097884	supercritical
1400.4	537.00	132.18	0.0075657	1051.3	1457.6	6.3459	0.87663	1.1520	773.41	-0.052297	6.4717e-05	0.097932	supercritical
1401.4	537.00	132.09	0.0075706	1052.2	1458.7	6.3468	0.87671	1.1520	773.63	-0.052318	6.4744e-05	0.097981	supercritical
1402.4	537.00	132.00	0.0075756	1053.1	1459.9	6.3476	0.87679	1.1521	773.84	-0.052339	6.4770e-05	0.098029	supercritical
1403.4	537.00	131.92	0.0075806	1054.0	1461.0	6.3484	0.87687	1.1522	774.05	-0.052360	6.4796e-05	0.098077	supercritical
1404.4	537.00	131.83	0.0075856	1054.8	1462.2	6.3492	0.87696	1.1522	774.27	-0.052380	6.4822e-05	0.098126	supercritical
1405.4	537.00	131.74	0.0075905	1055.7	1463.3	6.3500	0.87704	1.1523	774.48	-0.052401	6.4848e-05	0.098174	supercritical
1406.4	537.00	131.66	0.0075955	1056.6	1464.5	6.3509	0.87712	1.1523	774.69	-0.052422	6.4874e-05	0.098222	supercritical
1407.4	537.00	131.57	0.0076005	1057.5	1465.6	6.3517	0.87721	1.1524	774.91	-0.052442	6.4900e-05	0.098270	supercritical
1408.4	537.00	131.48	0.0076054	1058.4	1466.8	6.3525	0.87729	1.1525	775.12	-0.052463	6.4926e-05	0.098319	supercritical
1409.4	537.00	131.40	0.0076104	1059.3	1467.9	6.3533	0.87737	1.1525	775.33	-0.052483	6.4953e-05	0.098367	supercritical
1410.4	537.00	131.31	0.0076154	1060.2	1469.1	6.3541	0.87745	1.1526	775.54	-0.052504	6.4979e-05	0.098415	supercritical
1411.4	537.00	131.23	0.0076203	1061.0	1470.2	6.3550	0.87754	1.1526	775.76	-0.052524	6.5005e-05	0.098464	supercritical
1412.4	537.00	131.14	0.0076253	1061.9	1471.4	6.3558	0.87762	1.1527	775.97	-0.052545	6.5031e-05	0.098512	supercritical
1413.4	537.00	131.06	0.0076303	1062.8	1472.6	6.3566	0.87770	1.1528	776.18	-0.052565	6.5057e-05	0.098560	supercritical
1414.4	537.00	130.97	0.0076353	1063.7	1473.7	6.3574	0.87778	1.1528	776.40	-0.052585	6.5083e-05	0.098609	supercritical
1415.4	537.00	130.89	0.0076402	1064.6	1474.9	6.3582	0.87787	1.1529	776.61	-0.052606	6.5109e-05	0.098657	supercritical
1416.4	537.00	130.80	0.0076452	1065.5	1476.0	6.3590	0.87795	1.1529	776.82	-0.052626	6.5135e-05	0.098705	supercritical
1417.4	537.00	130.72	0.0076502	1066.4	1477.2	6.3598	0.87803	1.1530	777.03	-0.052646	6.5161e-05	0.098754	supercritical
1418.4	537.00	130.63	0.0076551	1067.2	1478.3	6.3607	0.87811	1.1531	777.25	-0.052667	6.5187e-05	0.098802	supercritical
1419.4	537.00	130.55	0.0076601	1068.1	1479.5	6.3615	0.87820	1.1531	777.46	-0.052687	6.5213e-05	0.098850	supercritical
1420.4	537.00	130.46	0.0076651	1069.0	1480.6	6.3623	0.87828	1.1532	777.67	-0.052707	6.5239e-05	0.098898	supercritical
1421.4	537.00	130.38	0.0076700	1069.9	1481.8	6.3631	0.87836	1.1532	777.88	-0.052727	6.5265e-05	0.098947	supercritical
1422.4	537.00	130.29	0.0076750	1070.8	1482.9	6.3639	0.87844	1.1533	778.09	-0.052747	6.5292e-05	0.098995	supercritical
1423.4	537.00	130.21	0.0076800	1071.7	1484.1	6.3647	0.87852	1.1534	778.31	-0.052767	6.5318e-05	0.099043	supercritical
1424.4	537.00	130.12	0.0076849	1072.6	1485.2	6.3655	0.87861	1.1534	778.52	-0.052787	6.5344e-05	0.099091	supercritical
1425.4	537.00	130.04	0.0076899	1073.4	1486.4	6.3663	0.87869	1.1535	778.73	-0.052807	6.5370e-05	0.099140	supercritical
1426.4	537.00	129.96	0.0076949	1074.3	1487.5	6.3671	0.87877	1.1535	778.94	-0.052827	6.5396e-05	0.099188	supercritical
1427.4	537.00	129.87	0.0076999	1075.2	1488.7	6.3680	0.87885	1.1536	779.15	-0.052847	6.5422e-05	0.099236	supercritical
1428.4	537.00	129.79	0.0077048	1076.1	1489.9	6.3688	0.87893	1.1537	779.36	-0.052867	6.5448e-05	0.099285	supercritical
1429.4	537.00	129.71	0.0077098	1077.0	1491.0	6.3696	0.87902	1.1537	779.58	-0.052887	6.5474e-05	0.099333	supercritical
1430.4	537.00	129.62	0.0077148	1077.9	1492.2	6.3704	0.87910	1.1538	779.79	-0.052907	6.5500e-05	0.099381	supercritical
1431.4	537.00	129.54	0.0077197	1078.8	1493.3	6.3712	0.87918	1.1538	780.00	-0.052927	6.5526e-05	0.099429	supercritical
1432.4	537.00	129.46	0.0077247	1079.7	1494.5	6.3720	0.87926	1.1539	780.21	-0.052947	6.5552e-05	0.099478	supercritical
1433.4	537.00	129.37	0.0077297	1080.5	1495.6	6.3728	0.87934	1.1540	780.42	-0.052966	6.5578e-05	0.099526	supercritical
1434.4	537.00	129.29	0.0077346	1081.4	1496.8	6.3736	0.87942	1.1540	780.63	-0.052986	6.5604e-05	0.099574	supercritical
1435.4	537.00	129.21	0.0077396	1082.3	1497.9	6.3744	0.87950	1.1541	780.85	-0.053006	6.5630e-05	0.099622	supercritical
1436.4	537.00	129.12	0.0077445	1083.2	1499.1	6.3752	0.87959	1.1541	781.06	-0.053025	6.5656e-05	0.099671	supercritical
1437.4	537.00	129.04	0.0077495	1084.1	1500.2	6.3760	0.87967	1.1542	781.27	-0.053045	6.5682e-05	0.099719	supercritical
1438.4	537.00	128.96	0.0077545	1085.0	1501.4	6.3768	0.87975	1.1543	781.48	-0.053065	6.5708e-05	0.099767	supercritical
1439.4	537.00	128.88	0.0077594	1085.9	1502.5	6.3776	0.87983	1.1543	781.69	-0.053084	6.5734e-05	0.099815	supercritical
1440.4	537.00	128.79	0.0077644	1086.8	1503.7	6.3784	0.87991	1.1544	781.90	-0.053104	6.5760e-05	0.099864	supercritical
1441.4	537.00	128.71	0.0077694	1087.6	1504.9	6.3792	0.87999	1.1544	782.11	-0.053123	6.5786e-05	0.099912	supercritical
1442.4	537.00	128.63	0.0077743	1088.5	1506.0	6.3800	0.88007	1.1545	782.32	-0.053143	6.5812e-05	0.099960	supercritical
1443.4	537.00	128.55	0.0077793	1089.4	1507.2	6.3808	0.88015	1.1546	782.53	-0.053162	6.5838e-05	0.10001	supercritical
1444.4	537.00	128.46	0.0077843	1090.3	1508.3	6.3816	0.88023	1.1546	782.74	-0.053182	6.5864e-05	0.10006	supercritical
1445.4	537.00	128.38	0.0077892	1091.2	1509.5	6.3824	0.88031	1.1547	782.95	-0.053201	6.5890e-05	0.10010	supercritical
1446.4	537.00	128.30	0.0077942	1092.1	1510.6	6.3832	0.88040	1.1547	783.16	-0.053221	6.5915e-05	0.10015	supercritical
1447.4	537.00	128.22	0.0077992	1093.0	1511.8	6.3840	0.88048	1.1548	783.37	-0.053240	6.5941e-05	0.10020	supercritical
1448.4	537.00	128.14	0.0078041	1093.9	1512.9	6.3848	0.88056	1.1549	783.59	-0.053259	6.5967e-05	0.10025	supercritical
1449.4	537.00	128.06	0.0078091	1094.7	1514.1	6.3856	0.88064	1.1549	783.80	-0.053278	6.5993e-05	0.10030	supercritical
1450.4	537.00	127.97	0.0078141	1095.6	1515.2	6.3864	0.88072	1.1550	784.01	-0.053298	6.6019e-05	0.10035	supercritical
1451.4	537.00	127.89	0.0078190	1096.5	1516.4	6.3872	0.88080	1.1550	784.22	-0.053317	6.6045e-05	0.10039	supercritical
1452.4	537.00	127.81	0.0078240	1097.4	1517.6	6.3880	0.88088	1.1551	784.43	-0.053336	6.6071e-05	0.10044	supercritical
1453.4	537.00	127.73	0.0078289	1098.3	1518.7	6.3888	0.88096	1.1552	784.64	-0.053355	6.6097e-05	0.10049	supercritical
1454.4	537.00	127.65	0.0078339	1099.2	1519.9	6.3896	0.88104	1.1552	784.85	-0.053374	6.6123e-05	0.10054	supercritical
1455.4	537.00	127.57	0.0078389	1100.1	1521.0	6.3904	0.88112	1.1553	785.06	-0.053394	6.6149e-05	0.10059	supercritical
1456.4	537.00	127.49	0.0078438	1101.0	1522.2	6.3912	0.88120	1.1553	785.27	-0.053413	6.6175e-05	0.10064	supercritical
1457.4	537.00	127.41	0.0078488	1101.9	1523.3	6.3920	0.88128	1.1554	785.48	-0.053432	6.6201e-05	0.10068	supercritical
1458.4	537.00	127.33	0.0078538	1102.7	1524.5	6.3928	0.88136	1.1555	785.69	-0.053451	6.6227e-05	0.10073	supercritical
1459.4	537.00	127.25	0.0078587	1103.6	1525.6	6.3936	0.88144	1.1555	785.90	-0.053470	6.6252e-05	0.10078	supercritical
1460.4	537.00	127.17	0.0078637	1104.5	1526.8	6.3943	0.88152	1.1556	786.11	-0.053489	6.6278e-05	0.10083	supercritical
1461.4	537.00	127.09	0.0078686	1105.4	1528.0	6.3951	0.88160	1.1556	786.32	-0.053508	6.6304e-05	0.10088	supercritical
1462.4	537.00	127.01	0.0078736	1106.3	1529.1	6.3959	0.88168	1.1557	786.52	-0.053526	6.6330e-05	0.10092	supercritical
1463.4	537.00	126.93	0.0078786	1107.2	1530.3	6.3967	0.88176	1.1558	786.73	-0.053545	6.6356e-05	0.10097	supercritical
1464.4	537.00	126.85	0.0078835	1108.1	1531.4	6.3975	0.88184	1.1558	786.94	-0.053564	6.6382e-05	0.10102	supercritical
1465.4	537.00	126.77	0.0078885	1109.0	1532.6	6.3983	0.88192	1.1559	787.15	-0.053583	6.6408e-05	0.10107	supercritical
1466.4	537.00	126.69	0.0078934	1109.9	1533.7	6.3991	0.88200	1.1559	787.36	-0.053602	6.6434e-05	0.10112	supercritical
1467.4	537.00	126.61	0.0078984	1110.7	1534.9	6.3999	0.88208	1.1560	787.57	-0.053620	6.6459e-05	0.10117	supercritical
1468.4	537.00	126.53	0.0079034	1111.6	1536.0	6.4007	0.88216	1.1561	787.78	-0.053639	6.6485e-05	0.10121	supercritical
1469.4	537.00	126.45	0.0079083	1112.5	1537.2	6.4014	0.88224	1.1561	787.99	-0.053658	6.6511e-05	0.10126	supercritical
1470.4	537.00	126.37	0.0079133	1113.4	1538.4	6.4022	0.88232	1.1562	788.20	-0.053677	6.6537e-05	0.10131	supercritical
1471.4	537.00	126.29	0.0079182	1114.3	1539.5	6.4030	0.88240	1.1562	788.41	-0.053695	6.6563e-05	0.10136	supercritical
1472.4	537.00	126.21	0.0079232	1115.2	1540.7	6.4038	0.88248	1.1563	788.62	-0.053714	6.6589e-05	0.10141	supercritical
1473.4	537.00	126.13	0.0079282	1116.1	1541.8	6.4046	0.88256	1.1564	788.83	-0.053732	6.6615e-05	0.10145	supercritical
1474.4	537.00	126.05	0.0079331	1117.0	1543.0	6.4054	0.88264	1.1564	789.03	-0.053751	6.6640e-05	0.10150	supercritical
1475.4	537.00	125.98	0.0079381	1117.9	1544.1	6.4062	0.88272	1.1565	789.24	-0.053769	6.6666e-05	0.10155	supercritical
1476.4	537.00	125.90	0.0079430	1118.8	1545.3	6.4069	0.88280	1.1565	789.45	-0.053788	6.6692e-05	0.10160	supercritical
1477.4	537.00	125.82	0.0079480	1119.6	1546.5	6.4077	0.88288	1.1566	789.66	-0.053806	6.6718e-05	0.10165	supercritical
1478.4	537.00	125.74	0.0079530	1120.5	1547.6	6.4085	0.88296	1.1567	789.87	-0.053825	6.6744e-05	0.10169	supercritical
1479.4	537.00	125.66	0.0079579	1121.4	1548.8	6.4093	0.88304	1.1567	790.08	-0.053843	6.6770e-05	0.10174	supercritical
1480.4	537.00	125.58	0.0079629	1122.3	1549.9	6.4101	0.88312	1.1568	790.29	-0.053862	6.6795e-05	0.10179	supercritical
1481.4	537.00	125.50	0.0079678	1123.2	1551.1	6.4109	0.88320	1.1568	790.49	-0.053880	6.6821e-05	0.10184	supercritical
1482.4	537.00	125.43	0.0079728	1124.1	1552.2	6.4116	0.88328	1.1569	790.70	-0.053898	6.6847e-05	0.10189	supercritical
1483.4	537.00	125.35	0.0079777	1125.0	1553.4	6.4124	0.88335	1.1570	790.91	-0.053916	6.6873e-05	0.10194	supercritical
1484.4	537.00	125.27	0.0079827	1125.9	1554.6	6.4132	0.88343	1.1570	791.12	-0.053935	6.6899e-05	0.10198	supercritical
1485.4	537.00	125.19	0.0079877	1126.8	1555.7	6.4140	0.88351	1.1571	791.33	-0.053953	6.6924e-05	0.10203	supercritical
1486.4	537.00	125.12	0.0079926	1127.7	1556.9	6.4147	0.88359	1.1571	791.53	-0.053971	6.6950e-05	0.10208	supercritical
1487.4	537.00	125.04	0.0079976	1128.6	1558.0	6.4155	0.88367	1.1572	791.74	-0.053989	6.6976e-05	0.10213	supercritical
1488.4	537.00	124.96	0.0080025	1129.4	1559.2	6.4163	0.88375	1.1572	791.95	-0.054007	6.7002e-05	0.10218	supercritical
1489.4	537.00	124.88	0.0080075	1130.3	1560.3	6.4171	0.88383	1.1573	792.16	-0.054026	6.7028e-05	0.10222	supercritical
1490.4	537.00	124.81	0.0080124	1131.2	1561.5	6.4179	0.88391	1.1574	792.37	-0.054044	6.7053e-05	0.10227	supercritical
1491.4	537.00	124.73	0.0080174	1132.1	1562.7	6.4186	0.88399	1.1574	792.57	-0.054062	6.7079e-05	0.10232	supercritical
1492.4	537.00	124.65	0.0080224	1133.0	1563.8	6.4194	0.88407	1.1575	792.78	-0.054080	6.7105e-05	0.10237	supercritical
1493.4	537.00	124.57	0.0080273	1133.9	1565.0	6.4202	0.88414	1.1575	792.99	-0.054098	6.7131e-05	0.10242	supercritical
1494.4	537.00	124.50	0.0080323	1134.8	1566.1	6.4210	0.88422	1.1576	793.20	-0.054116	6.7156e-05	0.10247	supercritical
1495.4	537.00	124.42	0.0080372	1135.7	1567.3	6.4217	0.88430	1.1577	793.40	-0.054134	6.7182e-05	0.10251	supercritical
1496.4	537.00	124.34	0.0080422	1136.6	1568.4	6.4225	0.88438	1.1577	793.61	-0.054152	6.7208e-05	0.10256	supercritical
1497.4	537.00	124.27	0.0080471	1137.5	1569.6	6.4233	0.88446	1.1578	793.82	-0.054170	6.7234e-05	0.10261	supercritical
1498.4	537.00	124.19	0.0080521	1138.4	1570.8	6.4241	0.88454	1.1578	794.03	-0.054187	6.7259e-05	0.10266	supercritical
1499.4	537.00	124.11	0.0080570	1139.3	1571.9	6.4248	0.88462	1.1579	794.23	-0.054205	6.7285e-05	0.10271	supercritical
1500.4	537.00	124.04	0.0080620	1140.1	1573.1	6.4256	0.88469	1.1580	794.44	-0.054223	6.7311e-05	0.10275	supercritical
1501.4	537.00	123.96	0.0080670	1141.0	1574.2	6.4264	0.88477	1.1580	794.65	-0.054241	6.7337e-05	0.10280	supercritical
1502.4	537.00	123.89	0.0080719	1141.9	1575.4	6.4271	0.88485	1.1581	794.85	-0.054259	6.7362e-05	0.10285	supercritical
1503.4	537.00	123.81	0.0080769	1142.8	1576.5	6.4279	0.88493	1.1581	795.06	-0.054276	6.7388e-05	0.10290	supercritical
1504.4	537.00	123.73	0.0080818	1143.7	1577.7	6.4287	0.88501	1.1582	795.27	-0.054294	6.7414e-05	0.10295	supercritical
1505.4	537.00	123.66	0.0080868	1144.6	1578.9	6.4295	0.88509	1.1583	795.48	-0.054312	6.7439e-05	0.10299	supercritical
1506.4	537.00	123.58	0.0080917	1145.5	1580.0	6.4302	0.88516	1.1583	795.68	-0.054329	6.7465e-05	0.10304	supercritical
1507.4	537.00	123.51	0.0080967	1146.4	1581.2	6.4310	0.88524	1.1584	795.89	-0.054347	6.7491e-05	0.10309	supercritical
1508.4	537.00	123.43	0.0081016	1147.3	1582.3	6.4318	0.88532	1.1584	796.10	-0.054365	6.7517e-05	0.10314	supercritical
1509.4	537.00	123.36	0.0081066	1148.2	1583.5	6.4325	0.88540	1.1585	796.30	-0.054382	6.7542e-05	0.10319	supercritical
1510.4	537.00	123.28	0.0081115	1149.1	1584.7	6.4333	0.88548	1.1586	796.51	-0.054400	6.7568e-05	0.10323	supercritical
1511.4	537.00	123.21	0.0081165	1150.0	1585.8	6.4341	0.88556	1.1586	796.72	-0.054417	6.7594e-05	0.10328	supercritical
1512.4	537.00	123.13	0.0081214	1150.8	1587.0	6.4348	0.88563	1.1587	796.92	-0.054435	6.7619e-05	0.10333	supercritical
1513.4	537.00	123.06	0.0081264	1151.7	1588.1	6.4356	0.88571	1.1587	797.13	-0.054452	6.7645e-05	0.10338	supercritical
1514.4	537.00	122.98	0.0081314	1152.6	1589.3	6.4364	0.88579	1.1588	797.33	-0.054470	6.7671e-05	0.10343	supercritical
1515.4	537.00	122.91	0.0081363	1153.5	1590.4	6.4371	0.88587	1.1589	797.54	-0.054487	6.7696e-05	0.10347	supercritical
1516.4	537.00	122.83	0.0081413	1154.4	1591.6	6.4379	0.88595	1.1589	797.75	-0.054504	6.7722e-05	0.10352	supercritical
1517.4	537.00	122.76	0.0081462	1155.3	1592.8	6.4387	0.88602	1.1590	797.95	-0.054522	6.7748e-05	0.10357	supercritical
1518.4	537.00	122.68	0.0081512	1156.2	1593.9	6.4394	0.88610	1.1590	798.16	-0.054539	6.7773e-05	0.10362	supercritical
1519.4	537.00	122.61	0.0081561	1157.1	1595.1	6.4402	0.88618	1.1591	798.37	-0.054556	6.7799e-05	0.10367	supercritical
1520.4	537.00	122.53	0.0081611	1158.0	1596.2	6.4409	0.88626	1.1592	798.57	-0.054574	6.7825e-05	0.10372	supercritical
1521.4	537.00	122.46	0.0081660	1158.9	1597.4	6.4417	0.88634	1.1592	798.78	-0.054591	6.7850e-05	0.10376	supercritical
1522.4	537.00	122.38	0.0081710	1159.8	1598.6	6.4425	0.88641	1.1593	798.98	-0.054608	6.7876e-05	0.10381	supercritical
1523.4	537.00	122.31	0.0081759	1160.7	1599.7	6.4432	0.88649	1.1593	799.19	-0.054625	6.7902e-05	0.10386	supercritical
1524.4	537.00	122.24	0.0081809	1161.6	1600.9	6.4440	0.88657	1.1594	799.39	-0.054643	6.7927e-05	0.10391	supercritical
1525.4	537.00	122.16	0.0081858	1162.5	1602.0	6.4447	0.88665	1.1595	799.60	-0.054660	6.7953e-05	0.10396	supercritical
1526.4	537.00	122.09	0.0081908	1163.4	1603.2	6.4455	0.88672	1.1595	799.81	-0.054677	6.7979e-05	0.10400	supercritical
1527.4	537.00	122.01	0.0081957	1164.2	1604.4	6.4463	0.88680	1.1596	800.01	-0.054694	6.8004e-05	0.10405	supercritical
1528.4	537.00	121.94	0.0082007	1165.1	1605.5	6.4470	0.88688	1.1596	800.22	-0.054711	6.8030e-05	0.10410	supercritical
1529.4	537.00	121.87	0.0082056	1166.0	1606.7	6.4478	0.88696	1.1597	800.42	-0.054728	6.8056e-05	0.10415	supercritical
1530.4	537.00	121.79	0.0082106	1166.9	1607.8	6.4485	0.88703	1.1598	800.63	-0.054745	6.8081e-05	0.10420	supercritical
1531.4	537.00	121.72	0.0082155	1167.8	1609.0	6.4493	0.88711	1.1598	800.83	-0.054762	6.8107e-05	0.10424	supercritical
1532.4	537.00	121.65	0.0082205	1168.7	1610.2	6.4501	0.88719	1.1599	801.04	-0.054779	6.8132e-05	0.10429	supercritical
1533.4	537.00	121.57	0.0082254	1169.6	1611.3	6.4508	0.88727	1.1599	801.24	-0.054796	6.8158e-05	0.10434	supercritical
1534.4	537.00	121.50	0.0082304	1170.5	1612.5	6.4516	0.88734	1.1600	801.45	-0.054813	6.8184e-05	0.10439	supercritical
1535.4	537.00	121.43	0.0082353	1171.4	1613.6	6.4523	0.88742	1.1601	801.65	-0.054830	6.8209e-05	0.10444	supercritical
1536.4	537.00	121.36	0.0082403	1172.3	1614.8	6.4531	0.88750	1.1601	801.86	-0.054846	6.8235e-05	0.10448	supercritical
1537.4	537.00	121.28	0.0082452	1173.2	1616.0	6.4538	0.88757	1.1602	802.06	-0.054863	6.8260e-05	0.10453	supercritical
1538.4	537.00	121.21	0.0082502	1174.1	1617.1	6.4546	0.88765	1.1602	802.27	-0.054880	6.8286e-05	0.10458	supercritical
1539.4	537.00	121.14	0.0082551	1175.0	1618.3	6.4553	0.88773	1.1603	802.47	-0.054897	6.8312e-05	0.10463	supercritical
1540.4	537.00	121.06	0.0082601	1175.9	1619.4	6.4561	0.88781	1.1604	802.68	-0.054914	6.8337e-05	0.10468	supercritical
1541.4	537.00	120.99	0.0082650	1176.8	1620.6	6.4569	0.88788	1.1604	802.88	-0.054930	6.8363e-05	0.10472	supercritical
1542.4	537.00	120.92	0.0082700	1177.7	1621.8	6.4576	0.88796	1.1605	803.09	-0.054947	6.8388e-05	0.10477	supercritical
1543.4	537.00	120.85	0.0082749	1178.6	1622.9	6.4584	0.88804	1.1605	803.29	-0.054964	6.8414e-05	0.10482	supercritical
1544.4	537.00	120.77	0.0082799	1179.5	1624.1	6.4591	0.88811	1.1606	803.50	-0.054980	6.8440e-05	0.10487	supercritical
1545.4	537.00	120.70	0.0082848	1180.3	1625.2	6.4599	0.88819	1.1607	803.70	-0.054997	6.8465e-05	0.10492	supercritical
1546.4	537.00	120.63	0.0082898	1181.2	1626.4	6.4606	0.88827	1.1607	803.91	-0.055014	6.8491e-05	0.10496	supercritical
1547.4	537.00	120.56	0.0082947	1182.1	1627.6	6.4614	0.88835	1.1608	804.11	-0.055030	6.8516e-05	0.10501	supercritical
1548.4	537.00	120.49	0.0082997	1183.0	1628.7	6.4621	0.88842	1.1608	804.31	-0.055047	6.8542e-05	0.10506	supercritical
1549.4	537.00	120.42	0.0083046	1183.9	1629.9	6.4629	0.88850	1.1609	804.52	-0.055063	6.8567e-05	0.10511	supercritical
1550.4	537.00	120.34	0.0083096	1184.8	1631.0	6.4636	0.88858	1.1610	804.72	-0.055080	6.8593e-05	0.10516	supercritical
1551.4	537.00	120.27	0.0083145	1185.7	1632.2	6.4644	0.88865	1.1610	804.93	-0.055096	6.8618e-05	0.10520	supercritical
1552.4	537.00	120.20	0.0083194	1186.6	1633.4	6.4651	0.88873	1.1611	805.13	-0.055113	6.8644e-05	0.10525	supercritical
1553.4	537.00	120.13	0.0083244	1187.5	1634.5	6.4659	0.88881	1.1611	805.33	-0.055129	6.8670e-05	0.10530	supercritical
1554.4	537.00	120.06	0.0083293	1188.4	1635.7	6.4666	0.88888	1.1612	805.54	-0.055145	6.8695e-05	0.10535	supercritical
1555.4	537.00	119.99	0.0083343	1189.3	1636.9	6.4673	0.88896	1.1613	805.74	-0.055162	6.8721e-05	0.10540	supercritical
1556.4	537.00	119.92	0.0083392	1190.2	1638.0	6.4681	0.88904	1.1613	805.95	-0.055178	6.8746e-05	0.10544	supercritical
1557.4	537.00	119.84	0.0083442	1191.1	1639.2	6.4688	0.88911	1.1614	806.15	-0.055195	6.8772e-05	0.10549	supercritical
1558.4	537.00	119.77	0.0083491	1192.0	1640.3	6.4696	0.88919	1.1614	806.35	-0.055211	6.8797e-05	0.10554	supercritical
1559.4	537.00	119.70	0.0083541	1192.9	1641.5	6.4703	0.88927	1.1615	806.56	-0.055227	6.8823e-05	0.10559	supercritical
1560.4	537.00	119.63	0.0083590	1193.8	1642.7	6.4711	0.88934	1.1616	806.76	-0.055243	6.8848e-05	0.10564	supercritical
1561.4	537.00	119.56	0.0083640	1194.7	1643.8	6.4718	0.88942	1.1616	806.96	-0.055260	6.8874e-05	0.10568	supercritical
1562.4	537.00	119.49	0.0083689	1195.6	1645.0	6.4726	0.88950	1.1617	807.17	-0.055276	6.8899e-05	0.10573	supercritical
1563.4	537.00	119.42	0.0083739	1196.5	1646.1	6.4733	0.88957	1.1617	807.37	-0.055292	6.8925e-05	0.10578	supercritical
1564.4	537.00	119.35	0.0083788	1197.4	1647.3	6.4741	0.88965	1.1618	807.57	-0.055308	6.8950e-05	0.10583	supercritical
1565.4	537.00	119.28	0.0083837	1198.3	1648.5	6.4748	0.88972	1.1619	807.78	-0.055324	6.8976e-05	0.10587	supercritical
1566.4	537.00	119.21	0.0083887	1199.2	1649.6	6.4755	0.88980	1.1619	807.98	-0.055340	6.9001e-05	0.10592	supercritical
1567.4	537.00	119.14	0.0083936	1200.1	1650.8	6.4763	0.88988	1.1620	808.18	-0.055356	6.9027e-05	0.10597	supercritical
1568.4	537.00	119.07	0.0083986	1200.9	1652.0	6.4770	0.88995	1.1620	808.39	-0.055372	6.9052e-05	0.10602	supercritical
1569.4	537.00	119.00	0.0084035	1201.8	1653.1	6.4778	0.89003	1.1621	808.59	-0.055388	6.9078e-05	0.10607	supercritical
1570.4	537.00	118.93	0.0084085	1202.7	1654.3	6.4785	0.89011	1.1622	808.79	-0.055404	6.9103e-05	0.10611	supercritical
1571.4	537.00	118.86	0.0084134	1203.6	1655.4	6.4792	0.89018	1.1622	809.00	-0.055420	6.9129e-05	0.10616	supercritical
1572.4	537.00	118.79	0.0084184	1204.5	1656.6	6.4800	0.89026	1.1623	809.20	-0.055436	6.9154e-05	0.10621	supercritical
1573.4	537.00	118.72	0.0084233	1205.4	1657.8	6.4807	0.89033	1.1623	809.40	-0.055452	6.9180e-05	0.10626	supercritical
1574.4	537.00	118.65	0.0084282	1206.3	1658.9	6.4815	0.89041	1.1624	809.60	-0.055468	6.9205e-05	0.10631	supercritical
1575.4	537.00	118.58	0.0084332	1207.2	1660.1	6.4822	0.89049	1.1625	809.81	-0.055484	6.9230e-05	0.10635	supercritical
1576.4	537.00	118.51	0.0084381	1208.1	1661.2	6.4829	0.89056	1.1625	810.01	-0.055500	6.9256e-05	0.10640	supercritical
1577.4	537.00	118.44	0.0084431	1209.0	1662.4	6.4837	0.89064	1.1626	810.21	-0.055516	6.9281e-05	0.10645	supercritical
1578.4	537.00	118.37	0.0084480	1209.9	1663.6	6.4844	0.89071	1.1626	810.42	-0.055532	6.9307e-05	0.10650	supercritical
1579.4	537.00	118.30	0.0084530	1210.8	1664.7	6.4851	0.89079	1.1627	810.62	-0.055547	6.9332e-05	0.10655	supercritical
1580.4	537.00	118.23	0.0084579	1211.7	1665.9	6.4859	0.89087	1.1628	810.82	-0.055563	6.9358e-05	0.10659	supercritical
1581.4	537.00	118.16	0.0084629	1212.6	1667.1	6.4866	0.89094	1.1628	811.02	-0.055579	6.9383e-05	0.10664	supercritical
1582.4	537.00	118.09	0.0084678	1213.5	1668.2	6.4873	0.89102	1.1629	811.22	-0.055595	6.9409e-05	0.10669	supercritical
1583.4	537.00	118.03	0.0084727	1214.4	1669.4	6.4881	0.89109	1.1629	811.43	-0.055610	6.9434e-05	0.10674	supercritical
1584.4	537.00	117.96	0.0084777	1215.3	1670.6	6.4888	0.89117	1.1630	811.63	-0.055626	6.9459e-05	0.10679	supercritical
1585.4	537.00	117.89	0.0084826	1216.2	1671.7	6.4896	0.89125	1.1631	811.83	-0.055642	6.9485e-05	0.10683	supercritical
1586.4	537.00	117.82	0.0084876	1217.1	1672.9	6.4903	0.89132	1.1631	812.03	-0.055657	6.9510e-05	0.10688	supercritical
1587.4	537.00	117.75	0.0084925	1218.0	1674.0	6.4910	0.89140	1.1632	812.24	-0.055673	6.9536e-05	0.10693	supercritical
1588.4	537.00	117.68	0.0084974	1218.9	1675.2	6.4918	0.89147	1.1632	812.44	-0.055688	6.9561e-05	0.10698	supercritical
1589.4	537.00	117.61	0.0085024	1219.8	1676.4	6.4925	0.89155	1.1633	812.64	-0.055704	6.9587e-05	0.10702	supercritical
1590.4	537.00	117.55	0.0085073	1220.7	1677.5	6.4932	0.89162	1.1634	812.84	-0.055719	6.9612e-05	0.10707	supercritical
1591.4	537.00	117.48	0.0085123	1221.6	1678.7	6.4939	0.89170	1.1634	813.04	-0.055735	6.9637e-05	0.10712	supercritical
1592.4	537.00	117.41	0.0085172	1222.5	1679.9	6.4947	0.89178	1.1635	813.24	-0.055750	6.9663e-05	0.10717	supercritical
1593.4	537.00	117.34	0.0085222	1223.4	1681.0	6.4954	0.89185	1.1635	813.45	-0.055766	6.9688e-05	0.10722	supercritical
1594.4	537.00	117.27	0.0085271	1224.3	1682.2	6.4961	0.89193	1.1636	813.65	-0.055781	6.9714e-05	0.10726	supercritical
1595.4	537.00	117.21	0.0085320	1225.2	1683.3	6.4969	0.89200	1.1637	813.85	-0.055797	6.9739e-05	0.10731	supercritical
1596.4	537.00	117.14	0.0085370	1226.1	1684.5	6.4976	0.89208	1.1637	814.05	-0.055812	6.9764e-05	0.10736	supercritical
1597.4	537.00	117.07	0.0085419	1227.0	1685.7	6.4983	0.89215	1.1638	814.25	-0.055827	6.9790e-05	0.10741	supercritical
1598.4	537.00	117.00	0.0085469	1227.9	1686.8	6.4991	0.89223	1.1638	814.45	-0.055843	6.9815e-05	0.10746	supercritical
1599.4	537.00	116.93	0.0085518	1228.8	1688.0	6.4998	0.89230	1.1639	814.65	-0.055858	6.9840e-05	0.10750	supercritical
1600.4	537.00	116.87	0.0085567	1229.7	1689.2	6.5005	0.89238	1.1640	814.86	-0.055873	6.9866e-05	0.10755	supercritical
1601.4	537.00	116.80	0.0085617	1230.6	1690.3	6.5012	0.89246	1.1640	815.06	-0.055888	6.9891e-05	0.10760	supercritical
1602.4	537.00	116.73	0.0085666	1231.5	1691.5	6.5020	0.89253	1.1641	815.26	-0.055904	6.9917e-05	0.10765	supercritical
1603.4	537.00	116.66	0.0085716	1232.4	1692.7	6.5027	0.89261	1.1641	815.46	-0.055919	6.9942e-05	0.10769	supercritical
1604.4	537.00	116.60	0.0085765	1233.3	1693.8	6.5034	0.89268	1.1642	815.66	-0.055934	6.9967e-05	0.10774	supercritical
1605.4	537.00	116.53	0.0085814	1234.2	1695.0	6.5041	0.89276	1.1643	815.86	-0.055949	6.9993e-05	0.10779	supercritical
1606.4	537.00	116.46	0.0085864	1235.1	1696.2	6.5049	0.89283	1.1643	816.06	-0.055964	7.0018e-05	0.10784	supercritical
1607.4	537.00	116.40	0.0085913	1236.0	1697.3	6.5056	0.89291	1.1644	816.26	-0.055980	7.0043e-05	0.10789	supercritical
1608.4	537.00	116.33	0.0085963	1236.9	1698.5	6.5063	0.89298	1.1644	816.46	-0.055995	7.0069e-05	0.10793	supercritical
1609.4	537.00	116.26	0.0086012	1237.8	1699.6	6.5070	0.89306	1.1645	816.66	-0.056010	7.0094e-05	0.10798	supercritical
1610.4	537.00	116.20	0.0086061	1238.7	1700.8	6.5078	0.89313	1.1646	816.87	-0.056025	7.0119e-05	0.10803	supercritical
1611.4	537.00	116.13	0.0086111	1239.6	1702.0	6.5085	0.89321	1.1646	817.07	-0.056040	7.0145e-05	0.10808	supercritical
1612.4	537.00	116.06	0.0086160	1240.5	1703.1	6.5092	0.89328	1.1647	817.27	-0.056055	7.0170e-05	0.10813	supercritical
1613.4	537.00	116.00	0.0086210	1241.4	1704.3	6.5099	0.89336	1.1647	817.47	-0.056070	7.0195e-05	0.10817	supercritical
1614.4	537.00	115.93	0.0086259	1242.3	1705.5	6.5107	0.89343	1.1648	817.67	-0.056085	7.0221e-05	0.10822	supercritical
1615.4	537.00	115.86	0.0086308	1243.2	1706.6	6.5114	0.89351	1.1649	817.87	-0.056100	7.0246e-05	0.10827	supercritical
1616.4	537.00	115.80	0.0086358	1244.1	1707.8	6.5121	0.89358	1.1649	818.07	-0.056115	7.0271e-05	0.10832	supercritical
1617.4	537.00	115.73	0.0086407	1245.0	1709.0	6.5128	0.89366	1.1650	818.27	-0.056129	7.0297e-05	0.10836	supercritical
1618.4	537.00	115.67	0.0086456	1245.9	1710.1	6.5135	0.89373	1.1650	818.47	-0.056144	7.0322e-05	0.10841	supercritical
1619.4	537.00	115.60	0.0086506	1246.8	1711.3	6.5143	0.89381	1.1651	818.67	-0.056159	7.0347e-05	0.10846	supercritical
1620.4	537.00	115.53	0.0086555	1247.7	1712.5	6.5150	0.89388	1.1652	818.87	-0.056174	7.0373e-05	0.10851	supercritical
1621.4	537.00	115.47	0.0086605	1248.6	1713.6	6.5157	0.89396	1.1652	819.07	-0.056189	7.0398e-05	0.10856	supercritical
1622.4	537.00	115.40	0.0086654	1249.5	1714.8	6.5164	0.89403	1.1653	819.27	-0.056204	7.0423e-05	0.10860	supercritical
1623.4	537.00	115.34	0.0086703	1250.4	1716.0	6.5171	0.89411	1.1653	819.47	-0.056218	7.0448e-05	0.10865	supercritical
1624.4	537.00	115.27	0.0086753	1251.3	1717.1	6.5178	0.89418	1.1654	819.67	-0.056233	7.0474e-05	0.10870	supercritical
1625.4	537.00	115.20	0.0086802	1252.2	1718.3	6.5186	0.89426	1.1655	819.87	-0.056248	7.0499e-05	0.10875	supercritical
1626.4	537.00	115.14	0.0086851	1253.1	1719.5	6.5193	0.89433	1.1655	820.07	-0.056263	7.0524e-05	0.10879	supercritical
1627.4	537.00	115.07	0.0086901	1254.0	1720.6	6.5200	0.89441	1.1656	820.27	-0.056277	7.0550e-05	0.10884	supercritical
1628.4	537.00	115.01	0.0086950	1254.9	1721.8	6.5207	0.89448	1.1656	820.47	-0.056292	7.0575e-05	0.10889	supercritical
1629.4	537.00	114.94	0.0087000	1255.8	1722.9	6.5214	0.89456	1.1657	820.67	-0.056306	7.0600e-05	0.10894	supercritical
1630.4	537.00	114.88	0.0087049	1256.7	1724.1	6.5221	0.89463	1.1658	820.87	-0.056321	7.0625e-05	0.10899	supercritical
1631.4	537.00	114.81	0.0087098	1257.6	1725.3	6.5229	0.89471	1.1658	821.07	-0.056336	7.0651e-05	0.10903	supercritical
1632.4	537.00	114.75	0.0087148	1258.5	1726.4	6.5236	0.89478	1.1659	821.27	-0.056350	7.0676e-05	0.10908	supercritical
1633.4	537.00	114.68	0.0087197	1259.4	1727.6	6.5243	0.89486	1.1659	821.47	-0.056365	7.0701e-05	0.10913	supercritical
1634.4	537.00	114.62	0.0087246	1260.3	1728.8	6.5250	0.89493	1.1660	821.66	-0.056379	7.0726e-05	0.10918	supercritical
1635.4	537.00	114.55	0.0087296	1261.2	1729.9	6.5257	0.89501	1.1661	821.86	-0.056394	7.0752e-05	0.10922	supercritical
1636.4	537.00	114.49	0.0087345	1262.1	1731.1	6.5264	0.89508	1.1661	822.06	-0.056408	7.0777e-05	0.10927	supercritical
1637.4	537.00	114.42	0.0087394	1263.0	1732.3	6.5271	0.89515	1.1662	822.26	-0.056423	7.0802e-05	0.10932	supercritical
1638.4	537.00	114.36	0.0087444	1263.9	1733.4	6.5279	0.89523	1.1662	822.46	-0.056437	7.0827e-05	0.10937	supercritical
1639.4	537.00	114.29	0.0087493	1264.8	1734.6	6.5286	0.89530	1.1663	822.66	-0.056451	7.0853e-05	0.10942	supercritical
1640.4	537.00	114.23	0.0087543	1265.7	1735.8	6.5293	0.89538	1.1664	822.86	-0.056466	7.0878e-05	0.10946	supercritical
1641.4	537.00	114.17	0.0087592	1266.6	1736.9	6.5300	0.89545	1.1664	823.06	-0.056480	7.0903e-05	0.10951	supercritical
1642.4	537.00	114.10	0.0087641	1267.5	1738.1	6.5307	0.89553	1.1665	823.26	-0.056495	7.0928e-05	0.10956	supercritical
1643.4	537.00	114.04	0.0087691	1268.4	1739.3	6.5314	0.89560	1.1665	823.46	-0.056509	7.0954e-05	0.10961	supercritical
1644.4	537.00	113.97	0.0087740	1269.3	1740.4	6.5321	0.89568	1.1666	823.66	-0.056523	7.0979e-05	0.10965	supercritical
1645.4	537.00	113.91	0.0087789	1270.2	1741.6	6.5328	0.89575	1.1667	823.85	-0.056537	7.1004e-05	0.10970	supercritical
1646.4	537.00	113.85	0.0087839	1271.1	1742.8	6.5335	0.89583	1.1667	824.05	-0.056552	7.1029e-05	0.10975	supercritical
1647.4	537.00	113.78	0.0087888	1272.0	1743.9	6.5342	0.89590	1.1668	824.25	-0.056566	7.1054e-05	0.10980	supercritical
1648.4	537.00	113.72	0.0087937	1272.9	1745.1	6.5349	0.89597	1.1668	824.45	-0.056580	7.1080e-05	0.10985	supercritical
1649.4	537.00	113.65	0.0087987	1273.8	1746.3	6.5357	0.89605	1.1669	824.65	-0.056594	7.1105e-05	0.10989	supercritical
1650.4	537.00	113.59	0.0088036	1274.7	1747.4	6.5364	0.89612	1.1670	824.85	-0.056608	7.1130e-05	0.10994	supercritical
1651.4	537.00	113.53	0.0088085	1275.6	1748.6	6.5371	0.89620	1.1670	825.05	-0.056623	7.1155e-05	0.10999	supercritical
1652.4	537.00	113.46	0.0088135	1276.5	1749.8	6.5378	0.89627	1.1671	825.24	-0.056637	7.1180e-05	0.11004	supercritical
1653.4	537.00	113.40	0.0088184	1277.4	1750.9	6.5385	0.89635	1.1672	825.44	-0.056651	7.1206e-05	0.11008	supercritical
1654.4	537.00	113.34	0.0088233	1278.3	1752.1	6.5392	0.89642	1.1672	825.64	-0.056665	7.1231e-05	0.11013	supercritical
1655.4	537.00	113.27	0.0088283	1279.2	1753.3	6.5399	0.89649	1.1673	825.84	-0.056679	7.1256e-05	0.11018	supercritical
1656.4	537.00	113.21	0.0088332	1280.1	1754.4	6.5406	0.89657	1.1673	826.04	-0.056693	7.1281e-05	0.11023	supercritical
1657.4	537.00	113.15	0.0088381	1281.0	1755.6	6.5413	0.89664	1.1674	826.23	-0.056707	7.1306e-05	0.11028	supercritical
1658.4	537.00	113.08	0.0088431	1281.9	1756.8	6.5420	0.89672	1.1675	826.43	-0.056721	7.1332e-05	0.11032	supercritical
1659.4	537.00	113.02	0.0088480	1282.8	1757.9	6.5427	0.89679	1.1675	826.63	-0.056735	7.1357e-05	0.11037	supercritical
1660.4	537.00	112.96	0.0088529	1283.7	1759.1	6.5434	0.89686	1.1676	826.83	-0.056749	7.1382e-05	0.11042	supercritical
1661.4	537.00	112.89	0.0088579	1284.6	1760.3	6.5441	0.89694	1.1676	827.03	-0.056763	7.1407e-05	0.11047	supercritical
1662.4	537.00	112.83	0.0088628	1285.5	1761.4	6.5448	0.89701	1.1677	827.22	-0.056777	7.1432e-05	0.11051	supercritical
1663.4	537.00	112.77	0.0088677	1286.4	1762.6	6.5455	0.89709	1.1678	827.42	-0.056791	7.1457e-05	0.11056	supercritical
1664.4	537.00	112.71	0.0088727	1287.3	1763.8	6.5462	0.89716	1.1678	827.62	-0.056805	7.1483e-05	0.11061	supercritical
1665.4	537.00	112.64	0.0088776	1288.2	1765.0	6.5469	0.89724	1.1679	827.82	-0.056818	7.1508e-05	0.11066	supercritical
1666.4	537.00	112.58	0.0088825	1289.1	1766.1	6.5476	0.89731	1.1679	828.01	-0.056832	7.1533e-05	0.11070	supercritical
1667.4	537.00	112.52	0.0088875	1290.0	1767.3	6.5483	0.89738	1.1680	828.21	-0.056846	7.1558e-05	0.11075	supercritical
1668.4	537.00	112.46	0.0088924	1290.9	1768.5	6.5490	0.89746	1.1681	828.41	-0.056860	7.1583e-05	0.11080	supercritical
1669.4	537.00	112.39	0.0088973	1291.8	1769.6	6.5497	0.89753	1.1681	828.61	-0.056874	7.1608e-05	0.11085	supercritical
1670.4	537.00	112.33	0.0089023	1292.7	1770.8	6.5504	0.89760	1.1682	828.80	-0.056887	7.1633e-05	0.11090	supercritical
1671.4	537.00	112.27	0.0089072	1293.6	1772.0	6.5511	0.89768	1.1682	829.00	-0.056901	7.1659e-05	0.11094	supercritical
1672.4	537.00	112.21	0.0089121	1294.5	1773.1	6.5518	0.89775	1.1683	829.20	-0.056915	7.1684e-05	0.11099	supercritical
1673.4	537.00	112.14	0.0089171	1295.5	1774.3	6.5525	0.89783	1.1684	829.40	-0.056928	7.1709e-05	0.11104	supercritical
1674.4	537.00	112.08	0.0089220	1296.4	1775.5	6.5532	0.89790	1.1684	829.59	-0.056942	7.1734e-05	0.11109	supercritical
1675.4	537.00	112.02	0.0089269	1297.3	1776.6	6.5539	0.89797	1.1685	829.79	-0.056956	7.1759e-05	0.11113	supercritical
1676.4	537.00	111.96	0.0089318	1298.2	1777.8	6.5546	0.89805	1.1685	829.99	-0.056969	7.1784e-05	0.11118	supercritical
1677.4	537.00	111.90	0.0089368	1299.1	1779.0	6.5553	0.89812	1.1686	830.18	-0.056983	7.1809e-05	0.11123	supercritical
1678.4	537.00	111.84	0.0089417	1300.0	1780.1	6.5560	0.89820	1.1687	830.38	-0.056996	7.1834e-05	0.11128	supercritical
1679.4	537.00	111.77	0.0089466	1300.9	1781.3	6.5567	0.89827	1.1687	830.58	-0.057010	7.1860e-05	0.11132	supercritical
1680.4	537.00	111.71	0.0089516	1301.8	1782.5	6.5574	0.89834	1.1688	830.77	-0.057024	7.1885e-05	0.11137	supercritical
1681.4	537.00	111.65	0.0089565	1302.7	1783.6	6.5581	0.89842	1.1688	830.97	-0.057037	7.1910e-05	0.11142	supercritical
1682.4	537.00	111.59	0.0089614	1303.6	1784.8	6.5588	0.89849	1.1689	831.17	-0.057051	7.1935e-05	0.11147	supercritical
1683.4	537.00	111.53	0.0089664	1304.5	1786.0	6.5595	0.89856	1.1690	831.36	-0.057064	7.1960e-05	0.11152	supercritical
1684.4	537.00	111.47	0.0089713	1305.4	1787.2	6.5602	0.89864	1.1690	831.56	-0.057077	7.1985e-05	0.11156	supercritical
1685.4	537.00	111.41	0.0089762	1306.3	1788.3	6.5609	0.89871	1.1691	831.76	-0.057091	7.2010e-05	0.11161	supercritical
1686.4	537.00	111.34	0.0089812	1307.2	1789.5	6.5616	0.89879	1.1691	831.95	-0.057104	7.2035e-05	0.11166	supercritical
1687.4	537.00	111.28	0.0089861	1308.1	1790.7	6.5623	0.89886	1.1692	832.15	-0.057118	7.2060e-05	0.11171	supercritical
1688.4	537.00	111.22	0.0089910	1309.0	1791.8	6.5630	0.89893	1.1693	832.35	-0.057131	7.2085e-05	0.11175	supercritical
1689.4	537.00	111.16	0.0089959	1309.9	1793.0	6.5636	0.89901	1.1693	832.54	-0.057144	7.2110e-05	0.11180	supercritical
1690.4	537.00	111.10	0.0090009	1310.8	1794.2	6.5643	0.89908	1.1694	832.74	-0.057158	7.2136e-05	0.11185	supercritical
1691.4	537.00	111.04	0.0090058	1311.7	1795.3	6.5650	0.89915	1.1694	832.94	-0.057171	7.2161e-05	0.11190	supercritical
1692.4	537.00	110.98	0.0090107	1312.6	1796.5	6.5657	0.89923	1.1695	833.13	-0.057184	7.2186e-05	0.11194	supercritical
1693.4	537.00	110.92	0.0090157	1313.5	1797.7	6.5664	0.89930	1.1696	833.33	-0.057198	7.2211e-05	0.11199	supercritical
1694.4	537.00	110.86	0.0090206	1314.4	1798.8	6.5671	0.89937	1.1696	833.52	-0.057211	7.2236e-05	0.11204	supercritical
1695.4	537.00	110.80	0.0090255	1315.3	1800.0	6.5678	0.89945	1.1697	833.72	-0.057224	7.2261e-05	0.11209	supercritical
1696.4	537.00	110.74	0.0090304	1316.3	1801.2	6.5685	0.89952	1.1698	833.92	-0.057237	7.2286e-05	0.11213	supercritical
1697.4	537.00	110.68	0.0090354	1317.2	1802.4	6.5692	0.89959	1.1698	834.11	-0.057251	7.2311e-05	0.11218	supercritical
1698.4	537.00	110.62	0.0090403	1318.1	1803.5	6.5699	0.89967	1.1699	834.31	-0.057264	7.2336e-05	0.11223	supercritical
1699.4	537.00	110.56	0.0090452	1319.0	1804.7	6.5706	0.89974	1.1699	834.50	-0.057277	7.2361e-05	0.11228	supercritical
1700.4	537.00	110.50	0.0090502	1319.9	1805.9	6.5712	0.89981	1.1700	834.70	-0.057290	7.2386e-05	0.11233	supercritical
1701.4	537.00	110.44	0.0090551	1320.8	1807.0	6.5719	0.89989	1.1701	834.89	-0.057303	7.2411e-05	0.11237	supercritical
1702.4	537.00	110.38	0.0090600	1321.7	1808.2	6.5726	0.89996	1.1701	835.09	-0.057316	7.2436e-05	0.11242	supercritical
1703.4	537.00	110.32	0.0090649	1322.6	1809.4	6.5733	0.90003	1.1702	835.29	-0.057329	7.2461e-05	0.11247	supercritical
1704.4	537.00	110.26	0.0090699	1323.5	1810.5	6.5740	0.90011	1.1702	835.48	-0.057342	7.2486e-05	0.11252	supercritical
1705.4	537.00	110.20	0.0090748	1324.4	1811.7	6.5747	0.90018	1.1703	835.68	-0.057355	7.2511e-05	0.11256	supercritical
1706.4	537.00	110.14	0.0090797	1325.3	1812.9	6.5754	0.90025	1.1704	835.87	-0.057368	7.2536e-05	0.11261	supercritical
1707.4	537.00	110.08	0.0090847	1326.2	1814.1	6.5760	0.90033	1.1704	836.07	-0.057381	7.2561e-05	0.11266	supercritical
1708.4	537.00	110.02	0.0090896	1327.1	1815.2	6.5767	0.90040	1.1705	836.26	-0.057394	7.2586e-05	0.11271	supercritical
1709.4	537.00	109.96	0.0090945	1328.0	1816.4	6.5774	0.90047	1.1705	836.46	-0.057407	7.2611e-05	0.11275	supercritical
1710.4	537.00	109.90	0.0090994	1328.9	1817.6	6.5781	0.90055	1.1706	836.65	-0.057420	7.2636e-05	0.11280	supercritical
1711.4	537.00	109.84	0.0091044	1329.8	1818.7	6.5788	0.90062	1.1707	836.85	-0.057433	7.2661e-05	0.11285	supercritical
1712.4	537.00	109.78	0.0091093	1330.7	1819.9	6.5795	0.90069	1.1707	837.04	-0.057446	7.2686e-05	0.11290	supercritical
1713.4	537.00	109.72	0.0091142	1331.6	1821.1	6.5802	0.90077	1.1708	837.24	-0.057459	7.2711e-05	0.11294	supercritical
1714.4	537.00	109.66	0.0091191	1332.6	1822.3	6.5808	0.90084	1.1708	837.43	-0.057472	7.2736e-05	0.11299	supercritical
1715.4	537.00	109.60	0.0091241	1333.5	1823.4	6.5815	0.90091	1.1709	837.63	-0.057485	7.2761e-05	0.11304	supercritical
1716.4	537.00	109.54	0.0091290	1334.4	1824.6	6.5822	0.90099	1.1710	837.82	-0.057497	7.2786e-05	0.11309	supercritical
1717.4	537.00	109.48	0.0091339	1335.3	1825.8	6.5829	0.90106	1.1710	838.02	-0.057510	7.2811e-05	0.11313	supercritical
1718.4	537.00	109.42	0.0091388	1336.2	1826.9	6.5836	0.90113	1.1711	838.21	-0.057523	7.2836e-05	0.11318	supercritical
1719.4	537.00	109.36	0.0091438	1337.1	1828.1	6.5842	0.90121	1.1711	838.41	-0.057536	7.2861e-05	0.11323	supercritical
1720.4	537.00	109.31	0.0091487	1338.0	1829.3	6.5849	0.90128	1.1712	838.60	-0.057549	7.2886e-05	0.11328	supercritical
1721.4	537.00	109.25	0.0091536	1338.9	1830.4	6.5856	0.90135	1.1713	838.80	-0.057561	7.2911e-05	0.11332	supercritical
1722.4	537.00	109.19	0.0091586	1339.8	1831.6	6.5863	0.90143	1.1713	838.99	-0.057574	7.2936e-05	0.11337	supercritical
1723.4	537.00	109.13	0.0091635	1340.7	1832.8	6.5870	0.90150	1.1714	839.19	-0.057587	7.2961e-05	0.11342	supercritical
1724.4	537.00	109.07	0.0091684	1341.6	1834.0	6.5876	0.90157	1.1715	839.38	-0.057599	7.2986e-05	0.11347	supercritical
1725.4	537.00	109.01	0.0091733	1342.5	1835.1	6.5883	0.90164	1.1715	839.58	-0.057612	7.3011e-05	0.11352	supercritical
1726.4	537.00	108.95	0.0091783	1343.4	1836.3	6.5890	0.90172	1.1716	839.77	-0.057625	7.3036e-05	0.11356	supercritical
1727.4	537.00	108.89	0.0091832	1344.3	1837.5	6.5897	0.90179	1.1716	839.96	-0.057637	7.3061e-05	0.11361	supercritical
1728.4	537.00	108.84	0.0091881	1345.2	1838.6	6.5904	0.90186	1.1717	840.16	-0.057650	7.3086e-05	0.11366	supercritical
1729.4	537.00	108.78	0.0091930	1346.2	1839.8	6.5910	0.90194	1.1718	840.35	-0.057662	7.3111e-05	0.11371	supercritical
1730.4	537.00	108.72	0.0091980	1347.1	1841.0	6.5917	0.90201	1.1718	840.55	-0.057675	7.3136e-05	0.11375	supercritical
1731.4	537.00	108.66	0.0092029	1348.0	1842.2	6.5924	0.90208	1.1719	840.74	-0.057687	7.3161e-05	0.11380	supercritical
1732.4	537.00	108.60	0.0092078	1348.9	1843.3	6.5931	0.90216	1.1719	840.93	-0.057700	7.3186e-05	0.11385	supercritical
1733.4	537.00	108.55	0.0092127	1349.8	1844.5	6.5937	0.90223	1.1720	841.13	-0.057712	7.3211e-05	0.11390	supercritical
1734.4	537.00	108.49	0.0092177	1350.7	1845.7	6.5944	0.90230	1.1721	841.32	-0.057725	7.3236e-05	0.11394	supercritical
1735.4	537.00	108.43	0.0092226	1351.6	1846.9	6.5951	0.90237	1.1721	841.52	-0.057737	7.3261e-05	0.11399	supercritical
1736.4	537.00	108.37	0.0092275	1352.5	1848.0	6.5958	0.90245	1.1722	841.71	-0.057750	7.3286e-05	0.11404	supercritical
1737.4	537.00	108.31	0.0092324	1353.4	1849.2	6.5964	0.90252	1.1722	841.90	-0.057762	7.3311e-05	0.11409	supercritical
1738.4	537.00	108.26	0.0092374	1354.3	1850.4	6.5971	0.90259	1.1723	842.10	-0.057775	7.3335e-05	0.11413	supercritical
1739.4	537.00	108.20	0.0092423	1355.2	1851.5	6.5978	0.90267	1.1724	842.29	-0.057787	7.3360e-05	0.11418	supercritical
1740.4	537.00	108.14	0.0092472	1356.1	1852.7	6.5985	0.90274	1.1724	842.49	-0.057799	7.3385e-05	0.11423	supercritical
1741.4	537.00	108.08	0.0092521	1357.0	1853.9	6.5991	0.90281	1.1725	842.68	-0.057812	7.3410e-05	0.11428	supercritical
1742.4	537.00	108.03	0.0092571	1358.0	1855.1	6.5998	0.90288	1.1725	842.87	-0.057824	7.3435e-05	0.11432	supercritical
1743.4	537.00	107.97	0.0092620	1358.9	1856.2	6.6005	0.90296	1.1726	843.07	-0.057836	7.3460e-05	0.11437	supercritical
1744.4	537.00	107.91	0.0092669	1359.8	1857.4	6.6012	0.90303	1.1727	843.26	-0.057849	7.3485e-05	0.11442	supercritical
1745.4	537.00	107.85	0.0092718	1360.7	1858.6	6.6018	0.90310	1.1727	843.45	-0.057861	7.3510e-05	0.11447	supercritical
1746.4	537.00	107.80	0.0092767	1361.6	1859.7	6.6025	0.90317	1.1728	843.65	-0.057873	7.3535e-05	0.11451	supercritical
1747.4	537.00	107.74	0.0092817	1362.5	1860.9	6.6032	0.90325	1.1729	843.84	-0.057885	7.3560e-05	0.11456	supercritical
1748.4	537.00	107.68	0.0092866	1363.4	1862.1	6.6038	0.90332	1.1729	844.03	-0.057898	7.3585e-05	0.11461	supercritical
1749.4	537.00	107.63	0.0092915	1364.3	1863.3	6.6045	0.90339	1.1730	844.23	-0.057910	7.3609e-05	0.11466	supercritical
1750.4	537.00	107.57	0.0092964	1365.2	1864.4	6.6052	0.90347	1.1730	844.42	-0.057922	7.3634e-05	0.11470	supercritical
1751.4	537.00	107.51	0.0093014	1366.1	1865.6	6.6059	0.90354	1.1731	844.61	-0.057934	7.3659e-05	0.11475	supercritical
1752.4	537.00	107.45	0.0093063	1367.0	1866.8	6.6065	0.90361	1.1732	844.80	-0.057946	7.3684e-05	0.11480	supercritical
1753.4	537.00	107.40	0.0093112	1367.9	1868.0	6.6072	0.90368	1.1732	845.00	-0.057958	7.3709e-05	0.11485	supercritical
1754.4	537.00	107.34	0.0093161	1368.9	1869.1	6.6079	0.90376	1.1733	845.19	-0.057970	7.3734e-05	0.11489	supercritical
1755.4	537.00	107.28	0.0093211	1369.8	1870.3	6.6085	0.90383	1.1733	845.38	-0.057983	7.3759e-05	0.11494	supercritical
1756.4	537.00	107.23	0.0093260	1370.7	1871.5	6.6092	0.90390	1.1734	845.58	-0.057995	7.3784e-05	0.11499	supercritical
1757.4	537.00	107.17	0.0093309	1371.6	1872.7	6.6099	0.90397	1.1735	845.77	-0.058007	7.3809e-05	0.11504	supercritical
1758.4	537.00	107.11	0.0093358	1372.5	1873.8	6.6105	0.90405	1.1735	845.96	-0.058019	7.3833e-05	0.11508	supercritical
1759.4	537.00	107.06	0.0093407	1373.4	1875.0	6.6112	0.90412	1.1736	846.15	-0.058031	7.3858e-05	0.11513	supercritical
1760.4	537.00	107.00	0.0093457	1374.3	1876.2	6.6119	0.90419	1.1736	846.35	-0.058043	7.3883e-05	0.11518	supercritical
1761.4	537.00	106.95	0.0093506	1375.2	1877.3	6.6125	0.90426	1.1737	846.54	-0.058055	7.3908e-05	0.11523	supercritical
1762.4	537.00	106.89	0.0093555	1376.1	1878.5	6.6132	0.90434	1.1738	846.73	-0.058067	7.3933e-05	0.11527	supercritical
1763.4	537.00	106.83	0.0093604	1377.0	1879.7	6.6139	0.90441	1.1738	846.92	-0.058079	7.3958e-05	0.11532	supercritical
1764.4	537.00	106.78	0.0093654	1377.9	1880.9	6.6145	0.90448	1.1739	847.12	-0.058091	7.3983e-05	0.11537	supercritical
1765.4	537.00	106.72	0.0093703	1378.9	1882.0	6.6152	0.90455	1.1739	847.31	-0.058102	7.4007e-05	0.11542	supercritical
1766.4	537.00	106.66	0.0093752	1379.8	1883.2	6.6159	0.90463	1.1740	847.50	-0.058114	7.4032e-05	0.11546	supercritical
1767.4	537.00	106.61	0.0093801	1380.7	1884.4	6.6165	0.90470	1.1741	847.69	-0.058126	7.4057e-05	0.11551	supercritical
1768.4	537.00	106.55	0.0093850	1381.6	1885.6	6.6172	0.90477	1.1741	847.89	-0.058138	7.4082e-05	0.11556	supercritical
1769.4	537.00	106.50	0.0093900	1382.5	1886.7	6.6179	0.90484	1.1742	848.08	-0.058150	7.4107e-05	0.11561	supercritical
1770.4	537.00	106.44	0.0093949	1383.4	1887.9	6.6185	0.90492	1.1743	848.27	-0.058162	7.4132e-05	0.11565	supercritical
1771.4	537.00	106.39	0.0093998	1384.3	1889.1	6.6192	0.90499	1.1743	848.46	-0.058174	7.4156e-05	0.11570	supercritical
1772.4	537.00	106.33	0.0094047	1385.2	1890.3	6.6199	0.90506	1.1744	848.65	-0.058185	7.4181e-05	0.11575	supercritical
1773.4	537.00	106.27	0.0094096	1386.1	1891.4	6.6205	0.90513	1.1744	848.85	-0.058197	7.4206e-05	0.11580	supercritical
1774.4	537.00	106.22	0.0094146	1387.0	1892.6	6.6212	0.90521	1.1745	849.04	-0.058209	7.4231e-05	0.11584	supercritical
1775.4	537.00	106.16	0.0094195	1388.0	1893.8	6.6218	0.90528	1.1746	849.23	-0.058221	7.4256e-05	0.11589	supercritical
1776.4	537.00	106.11	0.0094244	1388.9	1895.0	6.6225	0.90535	1.1746	849.42	-0.058232	7.4281e-05	0.11594	supercritical
1777.4	537.00	106.05	0.0094293	1389.8	1896.1	6.6232	0.90542	1.1747	849.61	-0.058244	7.4305e-05	0.11599	supercritical
1778.4	537.00	106.00	0.0094342	1390.7	1897.3	6.6238	0.90549	1.1747	849.80	-0.058256	7.4330e-05	0.11603	supercritical
1779.4	537.00	105.94	0.0094392	1391.6	1898.5	6.6245	0.90557	1.1748	850.00	-0.058267	7.4355e-05	0.11608	supercritical
1780.4	537.00	105.89	0.0094441	1392.5	1899.7	6.6251	0.90564	1.1749	850.19	-0.058279	7.4380e-05	0.11613	supercritical
1781.4	537.00	105.83	0.0094490	1393.4	1900.8	6.6258	0.90571	1.1749	850.38	-0.058291	7.4405e-05	0.11618	supercritical
1782.4	537.00	105.78	0.0094539	1394.3	1902.0	6.6265	0.90578	1.1750	850.57	-0.058302	7.4429e-05	0.11622	supercritical
1783.4	537.00	105.72	0.0094588	1395.2	1903.2	6.6271	0.90586	1.1750	850.76	-0.058314	7.4454e-05	0.11627	supercritical
1784.4	537.00	105.67	0.0094638	1396.2	1904.4	6.6278	0.90593	1.1751	850.95	-0.058325	7.4479e-05	0.11632	supercritical
1785.4	537.00	105.61	0.0094687	1397.1	1905.5	6.6284	0.90600	1.1752	851.15	-0.058337	7.4504e-05	0.11637	supercritical
1786.4	537.00	105.56	0.0094736	1398.0	1906.7	6.6291	0.90607	1.1752	851.34	-0.058348	7.4529e-05	0.11641	supercritical
1787.4	537.00	105.50	0.0094785	1398.9	1907.9	6.6298	0.90614	1.1753	851.53	-0.058360	7.4553e-05	0.11646	supercritical
1788.4	537.00	105.45	0.0094834	1399.8	1909.1	6.6304	0.90622	1.1754	851.72	-0.058371	7.4578e-05	0.11651	supercritical
1789.4	537.00	105.39	0.0094884	1400.7	1910.2	6.6311	0.90629	1.1754	851.91	-0.058383	7.4603e-05	0.11655	supercritical
1790.4	537.00	105.34	0.0094933	1401.6	1911.4	6.6317	0.90636	1.1755	852.10	-0.058394	7.4628e-05	0.11660	supercritical
1791.4	537.00	105.28	0.0094982	1402.5	1912.6	6.6324	0.90643	1.1755	852.29	-0.058406	7.4652e-05	0.11665	supercritical
1792.4	537.00	105.23	0.0095031	1403.4	1913.8	6.6330	0.90651	1.1756	852.48	-0.058417	7.4677e-05	0.11670	supercritical
1793.4	537.00	105.17	0.0095080	1404.4	1914.9	6.6337	0.90658	1.1757	852.67	-0.058429	7.4702e-05	0.11674	supercritical
1794.4	537.00	105.12	0.0095130	1405.3	1916.1	6.6343	0.90665	1.1757	852.86	-0.058440	7.4727e-05	0.11679	supercritical
1795.4	537.00	105.07	0.0095179	1406.2	1917.3	6.6350	0.90672	1.1758	853.06	-0.058451	7.4752e-05	0.11684	supercritical
1796.4	537.00	105.01	0.0095228	1407.1	1918.5	6.6357	0.90679	1.1758	853.25	-0.058463	7.4776e-05	0.11689	supercritical
1797.4	537.00	104.96	0.0095277	1408.0	1919.6	6.6363	0.90687	1.1759	853.44	-0.058474	7.4801e-05	0.11693	supercritical
1798.4	537.00	104.90	0.0095326	1408.9	1920.8	6.6370	0.90694	1.1760	853.63	-0.058485	7.4826e-05	0.11698	supercritical
1799.4	537.00	104.85	0.0095375	1409.8	1922.0	6.6376	0.90701	1.1760	853.82	-0.058497	7.4851e-05	0.11703	supercritical
1800.4	537.00	104.79	0.0095425	1410.7	1923.2	6.6383	0.90708	1.1761	854.01	-0.058508	7.4875e-05	0.11708	supercritical
1801.4	537.00	104.74	0.0095474	1411.7	1924.3	6.6389	0.90715	1.1762	854.20	-0.058519	7.4900e-05	0.11712	supercritical
1802.4	537.00	104.69	0.0095523	1412.6	1925.5	6.6396	0.90723	1.1762	854.39	-0.058531	7.4925e-05	0.11717	supercritical
1803.4	537.00	104.63	0.0095572	1413.5	1926.7	6.6402	0.90730	1.1763	854.58	-0.058542	7.4950e-05	0.11722	supercritical
1804.4	537.00	104.58	0.0095621	1414.4	1927.9	6.6409	0.90737	1.1763	854.77	-0.058553	7.4974e-05	0.11727	supercritical
1805.4	537.00	104.53	0.0095671	1415.3	1929.0	6.6415	0.90744	1.1764	854.96	-0.058564	7.4999e-05	0.11731	supercritical
1806.4	537.00	104.47	0.0095720	1416.2	1930.2	6.6422	0.90751	1.1765	855.15	-0.058575	7.5024e-05	0.11736	supercritical
1807.4	537.00	104.42	0.0095769	1417.1	1931.4	6.6428	0.90759	1.1765	855.34	-0.058587	7.5048e-05	0.11741	supercritical
1808.4	537.00	104.36	0.0095818	1418.0	1932.6	6.6435	0.90766	1.1766	855.53	-0.058598	7.5073e-05	0.11746	supercritical
1809.4	537.00	104.31	0.0095867	1418.9	1933.8	6.6441	0.90773	1.1766	855.72	-0.058609	7.5098e-05	0.11750	supercritical
1810.4	537.00	104.26	0.0095916	1419.9	1934.9	6.6448	0.90780	1.1767	855.91	-0.058620	7.5123e-05	0.11755	supercritical
1811.4	537.00	104.20	0.0095966	1420.8	1936.1	6.6454	0.90787	1.1768	856.10	-0.058631	7.5147e-05	0.11760	supercritical
1812.4	537.00	104.15	0.0096015	1421.7	1937.3	6.6461	0.90795	1.1768	856.29	-0.058642	7.5172e-05	0.11764	supercritical
1813.4	537.00	104.10	0.0096064	1422.6	1938.5	6.6467	0.90802	1.1769	856.48	-0.058653	7.5197e-05	0.11769	supercritical
1814.4	537.00	104.04	0.0096113	1423.5	1939.6	6.6474	0.90809	1.1769	856.67	-0.058664	7.5222e-05	0.11774	supercritical
1815.4	537.00	103.99	0.0096162	1424.4	1940.8	6.6480	0.90816	1.1770	856.86	-0.058675	7.5246e-05	0.11779	supercritical
1816.4	537.00	103.94	0.0096211	1425.3	1942.0	6.6487	0.90823	1.1771	857.05	-0.058687	7.5271e-05	0.11783	supercritical
1817.4	537.00	103.88	0.0096261	1426.3	1943.2	6.6493	0.90830	1.1771	857.24	-0.058698	7.5296e-05	0.11788	supercritical
1818.4	537.00	103.83	0.0096310	1427.2	1944.3	6.6500	0.90838	1.1772	857.43	-0.058709	7.5320e-05	0.11793	supercritical
1819.4	537.00	103.78	0.0096359	1428.1	1945.5	6.6506	0.90845	1.1773	857.62	-0.058720	7.5345e-05	0.11798	supercritical
1820.4	537.00	103.73	0.0096408	1429.0	1946.7	6.6513	0.90852	1.1773	857.81	-0.058730	7.5370e-05	0.11802	supercritical
1821.4	537.00	103.67	0.0096457	1429.9	1947.9	6.6519	0.90859	1.1774	858.00	-0.058741	7.5394e-05	0.11807	supercritical
1822.4	537.00	103.62	0.0096506	1430.8	1949.1	6.6526	0.90866	1.1774	858.19	-0.058752	7.5419e-05	0.11812	supercritical
1823.4	537.00	103.57	0.0096556	1431.7	1950.2	6.6532	0.90874	1.1775	858.38	-0.058763	7.5444e-05	0.11817	supercritical
1824.4	537.00	103.51	0.0096605	1432.6	1951.4	6.6539	0.90881	1.1776	858.57	-0.058774	7.5468e-05	0.11821	supercritical
1825.4	537.00	103.46	0.0096654	1433.6	1952.6	6.6545	0.90888	1.1776	858.76	-0.058785	7.5493e-05	0.11826	supercritical
1826.4	537.00	103.41	0.0096703	1434.5	1953.8	6.6551	0.90895	1.1777	858.95	-0.058796	7.5518e-05	0.11831	supercritical
1827.4	537.00	103.36	0.0096752	1435.4	1954.9	6.6558	0.90902	1.1777	859.14	-0.058807	7.5543e-05	0.11836	supercritical
1828.4	537.00	103.30	0.0096801	1436.3	1956.1	6.6564	0.90909	1.1778	859.33	-0.058818	7.5567e-05	0.11840	supercritical
1829.4	537.00	103.25	0.0096850	1437.2	1957.3	6.6571	0.90917	1.1779	859.51	-0.058828	7.5592e-05	0.11845	supercritical
1830.4	537.00	103.20	0.0096900	1438.1	1958.5	6.6577	0.90924	1.1779	859.70	-0.058839	7.5617e-05	0.11850	supercritical
1831.4	537.00	103.15	0.0096949	1439.0	1959.7	6.6584	0.90931	1.1780	859.89	-0.058850	7.5641e-05	0.11854	supercritical
1832.4	537.00	103.09	0.0096998	1440.0	1960.8	6.6590	0.90938	1.1781	860.08	-0.058861	7.5666e-05	0.11859	supercritical
1833.4	537.00	103.04	0.0097047	1440.9	1962.0	6.6597	0.90945	1.1781	860.27	-0.058871	7.5691e-05	0.11864	supercritical
1834.4	537.00	102.99	0.0097096	1441.8	1963.2	6.6603	0.90952	1.1782	860.46	-0.058882	7.5715e-05	0.11869	supercritical
1835.4	537.00	102.94	0.0097145	1442.7	1964.4	6.6609	0.90960	1.1782	860.65	-0.058893	7.5740e-05	0.11873	supercritical
1836.4	537.00	102.89	0.0097195	1443.6	1965.5	6.6616	0.90967	1.1783	860.84	-0.058904	7.5764e-05	0.11878	supercritical
1837.4	537.00	102.83	0.0097244	1444.5	1966.7	6.6622	0.90974	1.1784	861.03	-0.058914	7.5789e-05	0.11883	supercritical
1838.4	537.00	102.78	0.0097293	1445.4	1967.9	6.6629	0.90981	1.1784	861.21	-0.058925	7.5814e-05	0.11888	supercritical
1839.4	537.00	102.73	0.0097342	1446.4	1969.1	6.6635	0.90988	1.1785	861.40	-0.058936	7.5838e-05	0.11892	supercritical
1840.4	537.00	102.68	0.0097391	1447.3	1970.3	6.6641	0.90995	1.1785	861.59	-0.058946	7.5863e-05	0.11897	supercritical
1841.4	537.00	102.63	0.0097440	1448.2	1971.4	6.6648	0.91002	1.1786	861.78	-0.058957	7.5888e-05	0.11902	supercritical
1842.4	537.00	102.58	0.0097489	1449.1	1972.6	6.6654	0.91010	1.1787	861.97	-0.058968	7.5912e-05	0.11907	supercritical
1843.4	537.00	102.52	0.0097539	1450.0	1973.8	6.6661	0.91017	1.1787	862.16	-0.058978	7.5937e-05	0.11911	supercritical
1844.4	537.00	102.47	0.0097588	1450.9	1975.0	6.6667	0.91024	1.1788	862.35	-0.058989	7.5962e-05	0.11916	supercritical
1845.4	537.00	102.42	0.0097637	1451.8	1976.2	6.6673	0.91031	1.1789	862.53	-0.058999	7.5986e-05	0.11921	supercritical
1846.4	537.00	102.37	0.0097686	1452.8	1977.3	6.6680	0.91038	1.1789	862.72	-0.059010	7.6011e-05	0.11925	supercritical
1847.4	537.00	102.32	0.0097735	1453.7	1978.5	6.6686	0.91045	1.1790	862.91	-0.059020	7.6035e-05	0.11930	supercritical
1848.4	537.00	102.27	0.0097784	1454.6	1979.7	6.6693	0.91053	1.1790	863.10	-0.059031	7.6060e-05	0.11935	supercritical
1849.4	537.00	102.21	0.0097833	1455.5	1980.9	6.6699	0.91060	1.1791	863.29	-0.059041	7.6085e-05	0.11940	supercritical
1850.4	537.00	102.16	0.0097883	1456.4	1982.0	6.6705	0.91067	1.1792	863.48	-0.059052	7.6109e-05	0.11944	supercritical
1851.4	537.00	102.11	0.0097932	1457.3	1983.2	6.6712	0.91074	1.1792	863.66	-0.059062	7.6134e-05	0.11949	supercritical
1852.4	537.00	102.06	0.0097981	1458.3	1984.4	6.6718	0.91081	1.1793	863.85	-0.059073	7.6159e-05	0.11954	supercritical
1853.4	537.00	102.01	0.0098030	1459.2	1985.6	6.6724	0.91088	1.1793	864.04	-0.059083	7.6183e-05	0.11959	supercritical
1854.4	537.00	101.96	0.0098079	1460.1	1986.8	6.6731	0.91095	1.1794	864.23	-0.059094	7.6208e-05	0.11963	supercritical
1855.4	537.00	101.91	0.0098128	1461.0	1987.9	6.6737	0.91103	1.1795	864.42	-0.059104	7.6232e-05	0.11968	supercritical
1856.4	537.00	101.86	0.0098177	1461.9	1989.1	6.6743	0.91110	1.1795	864.60	-0.059114	7.6257e-05	0.11973	supercritical
1857.4	537.00	101.81	0.0098226	1462.8	1990.3	6.6750	0.91117	1.1796	864.79	-0.059125	7.6282e-05	0.11977	supercritical
1858.4	537.00	101.75	0.0098276	1463.7	1991.5	6.6756	0.91124	1.1797	864.98	-0.059135	7.6306e-05	0.11982	supercritical
1859.4	537.00	101.70	0.0098325	1464.7	1992.7	6.6763	0.91131	1.1797	865.17	-0.059145	7.6331e-05	0.11987	supercritical
1860.4	537.00	101.65	0.0098374	1465.6	1993.8	6.6769	0.91138	1.1798	865.35	-0.059156	7.6355e-05	0.11992	supercritical
1861.4	537.00	101.60	0.0098423	1466.5	1995.0	6.6775	0.91145	1.1798	865.54	-0.059166	7.6380e-05	0.11996	supercritical
1862.4	537.00	101.55	0.0098472	1467.4	1996.2	6.6782	0.91153	1.1799	865.73	-0.059176	7.6405e-05	0.12001	supercritical
1863.4	537.00	101.50	0.0098521	1468.3	1997.4	6.6788	0.91160	1.1800	865.92	-0.059187	7.6429e-05	0.12006	supercritical
1864.4	537.00	101.45	0.0098570	1469.2	1998.6	6.6794	0.91167	1.1800	866.10	-0.059197	7.6454e-05	0.12011	supercritical
1865.4	537.00	101.40	0.0098619	1470.2	1999.7	6.6801	0.91174	1.1801	866.29	-0.059207	7.6478e-05	0.12015	supercritical
1866.4	537.00	101.35	0.0098669	1471.1	2000.9	6.6807	0.91181	1.1801	866.48	-0.059217	7.6503e-05	0.12020	supercritical
1867.4	537.00	101.30	0.0098718	1472.0	2002.1	6.6813	0.91188	1.1802	866.67	-0.059228	7.6527e-05	0.12025	supercritical
1868.4	537.00	101.25	0.0098767	1472.9	2003.3	6.6820	0.91195	1.1803	866.85	-0.059238	7.6552e-05	0.12029	supercritical
1869.4	537.00	101.20	0.0098816	1473.8	2004.5	6.6826	0.91202	1.1803	867.04	-0.059248	7.6577e-05	0.12034	supercritical
1870.4	537.00	101.15	0.0098865	1474.7	2005.6	6.6832	0.91210	1.1804	867.23	-0.059258	7.6601e-05	0.12039	supercritical
1871.4	537.00	101.10	0.0098914	1475.7	2006.8	6.6838	0.91217	1.1805	867.42	-0.059268	7.6626e-05	0.12044	supercritical
1872.4	537.00	101.05	0.0098963	1476.6	2008.0	6.6845	0.91224	1.1805	867.60	-0.059278	7.6650e-05	0.12048	supercritical
1873.4	537.00	101.00	0.0099012	1477.5	2009.2	6.6851	0.91231	1.1806	867.79	-0.059289	7.6675e-05	0.12053	supercritical
1874.4	537.00	100.95	0.0099062	1478.4	2010.4	6.6857	0.91238	1.1806	867.98	-0.059299	7.6699e-05	0.12058	supercritical
1875.4	537.00	100.90	0.0099111	1479.3	2011.5	6.6864	0.91245	1.1807	868.16	-0.059309	7.6724e-05	0.12063	supercritical
1876.4	537.00	100.85	0.0099160	1480.2	2012.7	6.6870	0.91252	1.1808	868.35	-0.059319	7.6748e-05	0.12067	supercritical
1877.4	537.00	100.80	0.0099209	1481.2	2013.9	6.6876	0.91259	1.1808	868.54	-0.059329	7.6773e-05	0.12072	supercritical
1878.4	537.00	100.75	0.0099258	1482.1	2015.1	6.6883	0.91267	1.1809	868.72	-0.059339	7.6798e-05	0.12077	supercritical
1879.4	537.00	100.70	0.0099307	1483.0	2016.3	6.6889	0.91274	1.1809	868.91	-0.059349	7.6822e-05	0.12081	supercritical
1880.4	537.00	100.65	0.0099356	1483.9	2017.5	6.6895	0.91281	1.1810	869.10	-0.059359	7.6847e-05	0.12086	supercritical
1881.4	537.00	100.60	0.0099405	1484.8	2018.6	6.6901	0.91288	1.1811	869.28	-0.059369	7.6871e-05	0.12091	supercritical
1882.4	537.00	100.55	0.0099454	1485.7	2019.8	6.6908	0.91295	1.1811	869.47	-0.059379	7.6896e-05	0.12096	supercritical
1883.4	537.00	100.50	0.0099504	1486.7	2021.0	6.6914	0.91302	1.1812	869.66	-0.059389	7.6920e-05	0.12100	supercritical
1884.4	537.00	100.45	0.0099553	1487.6	2022.2	6.6920	0.91309	1.1813	869.84	-0.059399	7.6945e-05	0.12105	supercritical
1885.4	537.00	100.40	0.0099602	1488.5	2023.4	6.6926	0.91316	1.1813	870.03	-0.059409	7.6969e-05	0.12110	supercritical
1886.4	537.00	100.35	0.0099651	1489.4	2024.5	6.6933	0.91323	1.1814	870.22	-0.059419	7.6994e-05	0.12114	supercritical
1887.4	537.00	100.30	0.0099700	1490.3	2025.7	6.6939	0.91331	1.1814	870.40	-0.059429	7.7018e-05	0.12119	supercritical
1888.4	537.00	100.25	0.0099749	1491.2	2026.9	6.6945	0.91338	1.1815	870.59	-0.059439	7.7043e-05	0.12124	supercritical
1889.4	537.00	100.20	0.0099798	1492.2	2028.1	6.6952	0.91345	1.1816	870.78	-0.059449	7.7067e-05	0.12129	supercritical
1890.4	537.00	100.15	0.0099847	1493.1	2029.3	6.6958	0.91352	1.1816	870.96	-0.059458	7.7092e-05	0.12133	supercritical
1891.4	537.00	100.10	0.0099896	1494.0	2030.4	6.6964	0.91359	1.1817	871.15	-0.059468	7.7116e-05	0.12138	supercritical
1892.4	537.00	100.05	0.0099946	1494.9	2031.6	6.6970	0.91366	1.1818	871.33	-0.059478	7.7141e-05	0.12143	supercritical
1893.4	537.00	100.01	0.0099995	1495.8	2032.8	6.6977	0.91373	1.1818	871.52	-0.059488	7.7165e-05	0.12148	supercritical
1894.4	537.00	99.956	0.010004	1496.8	2034.0	6.6983	0.91380	1.1819	871.71	-0.059498	7.7190e-05	0.12152	supercritical
1895.4	537.00	99.907	0.010009	1497.7	2035.2	6.6989	0.91387	1.1819	871.89	-0.059508	7.7214e-05	0.12157	supercritical
1896.4	537.00	99.858	0.010014	1498.6	2036.4	6.6995	0.91394	1.1820	872.08	-0.059517	7.7239e-05	0.12162	supercritical
1897.4	537.00	99.809	0.010019	1499.5	2037.5	6.7001	0.91402	1.1821	872.26	-0.059527	7.7263e-05	0.12166	supercritical
1898.4	537.00	99.760	0.010024	1500.4	2038.7	6.7008	0.91409	1.1821	872.45	-0.059537	7.7288e-05	0.12171	supercritical
1899.4	537.00	99.712	0.010029	1501.3	2039.9	6.7014	0.91416	1.1822	872.64	-0.059547	7.7312e-05	0.12176	supercritical
1900.4	537.00	99.663	0.010034	1502.3	2041.1	6.7020	0.91423	1.1822	872.82	-0.059556	7.7337e-05	0.12181	supercritical
1901.4	537.00	99.614	0.010039	1503.2	2042.3	6.7026	0.91430	1.1823	873.01	-0.059566	7.7361e-05	0.12185	supercritical
1902.4	537.00	99.565	0.010044	1504.1	2043.4	6.7033	0.91437	1.1824	873.19	-0.059576	7.7386e-05	0.12190	supercritical
1903.4	537.00	99.517	0.010049	1505.0	2044.6	6.7039	0.91444	1.1824	873.38	-0.059585	7.7410e-05	0.12195	supercritical
1904.4	537.00	99.468	0.010053	1505.9	2045.8	6.7045	0.91451	1.1825	873.56	-0.059595	7.7435e-05	0.12199	supercritical
1905.4	537.00	99.420	0.010058	1506.9	2047.0	6.7051	0.91458	1.1826	873.75	-0.059605	7.7459e-05	0.12204	supercritical
1906.4	537.00	99.371	0.010063	1507.8	2048.2	6.7057	0.91465	1.1826	873.94	-0.059614	7.7484e-05	0.12209	supercritical
1907.4	537.00	99.323	0.010068	1508.7	2049.4	6.7064	0.91472	1.1827	874.12	-0.059624	7.7508e-05	0.12214	supercritical
1908.4	537.00	99.274	0.010073	1509.6	2050.5	6.7070	0.91480	1.1827	874.31	-0.059634	7.7533e-05	0.12218	supercritical
1909.4	537.00	99.226	0.010078	1510.5	2051.7	6.7076	0.91487	1.1828	874.49	-0.059643	7.7557e-05	0.12223	supercritical
1910.4	537.00	99.178	0.010083	1511.5	2052.9	6.7082	0.91494	1.1829	874.68	-0.059653	7.7582e-05	0.12228	supercritical
1911.4	537.00	99.129	0.010088	1512.4	2054.1	6.7088	0.91501	1.1829	874.86	-0.059662	7.7606e-05	0.12232	supercritical
1912.4	537.00	99.081	0.010093	1513.3	2055.3	6.7095	0.91508	1.1830	875.05	-0.059672	7.7631e-05	0.12237	supercritical
1913.4	537.00	99.033	0.010098	1514.2	2056.5	6.7101	0.91515	1.1831	875.23	-0.059681	7.7655e-05	0.12242	supercritical
1914.4	537.00	98.985	0.010103	1515.1	2057.6	6.7107	0.91522	1.1831	875.42	-0.059691	7.7679e-05	0.12247	supercritical
1915.4	537.00	98.937	0.010107	1516.1	2058.8	6.7113	0.91529	1.1832	875.60	-0.059700	7.7704e-05	0.12251	supercritical
1916.4	537.00	98.889	0.010112	1517.0	2060.0	6.7119	0.91536	1.1832	875.79	-0.059710	7.7728e-05	0.12256	supercritical
1917.4	537.00	98.841	0.010117	1517.9	2061.2	6.7125	0.91543	1.1833	875.97	-0.059719	7.7753e-05	0.12261	supercritical
1918.4	537.00	98.793	0.010122	1518.8	2062.4	6.7132	0.91550	1.1834	876.16	-0.059729	7.7777e-05	0.12265	supercritical
1919.4	537.00	98.745	0.010127	1519.7	2063.6	6.7138	0.91557	1.1834	876.34	-0.059738	7.7802e-05	0.12270	supercritical
1920.4	537.00	98.697	0.010132	1520.7	2064.7	6.7144	0.91565	1.1835	876.53	-0.059748	7.7826e-05	0.12275	supercritical
1921.4	537.00	98.649	0.010137	1521.6	2065.9	6.7150	0.91572	1.1835	876.71	-0.059757	7.7851e-05	0.12280	supercritical
1922.4	537.00	98.602	0.010142	1522.5	2067.1	6.7156	0.91579	1.1836	876.90	-0.059767	7.7875e-05	0.12284	supercritical
1923.4	537.00	98.554	0.010147	1523.4	2068.3	6.7162	0.91586	1.1837	877.08	-0.059776	7.7899e-05	0.12289	supercritical
1924.4	537.00	98.506	0.010152	1524.3	2069.5	6.7169	0.91593	1.1837	877.27	-0.059785	7.7924e-05	0.12294	supercritical
1925.4	537.00	98.459	0.010157	1525.3	2070.7	6.7175	0.91600	1.1838	877.45	-0.059795	7.7948e-05	0.12298	supercritical
1926.4	537.00	98.411	0.010161	1526.2	2071.8	6.7181	0.91607	1.1839	877.64	-0.059804	7.7973e-05	0.12303	supercritical
1927.4	537.00	98.364	0.010166	1527.1	2073.0	6.7187	0.91614	1.1839	877.82	-0.059813	7.7997e-05	0.12308	supercritical
1928.4	537.00	98.316	0.010171	1528.0	2074.2	6.7193	0.91621	1.1840	878.01	-0.059823	7.8022e-05	0.12313	supercritical
1929.4	537.00	98.269	0.010176	1528.9	2075.4	6.7199	0.91628	1.1840	878.19	-0.059832	7.8046e-05	0.12317	supercritical
1930.4	537.00	98.221	0.010181	1529.9	2076.6	6.7205	0.91635	1.1841	878.37	-0.059841	7.8070e-05	0.12322	supercritical
1931.4	537.00	98.174	0.010186	1530.8	2077.8	6.7212	0.91642	1.1842	878.56	-0.059851	7.8095e-05	0.12327	supercritical
1932.4	537.00	98.127	0.010191	1531.7	2078.9	6.7218	0.91649	1.1842	878.74	-0.059860	7.8119e-05	0.12331	supercritical
1933.4	537.00	98.080	0.010196	1532.6	2080.1	6.7224	0.91656	1.1843	878.93	-0.059869	7.8144e-05	0.12336	supercritical
1934.4	537.00	98.032	0.010201	1533.5	2081.3	6.7230	0.91663	1.1844	879.11	-0.059878	7.8168e-05	0.12341	supercritical
1935.4	537.00	97.985	0.010206	1534.5	2082.5	6.7236	0.91671	1.1844	879.30	-0.059888	7.8192e-05	0.12346	supercritical
1936.4	537.00	97.938	0.010211	1535.4	2083.7	6.7242	0.91678	1.1845	879.48	-0.059897	7.8217e-05	0.12350	supercritical
1937.4	537.00	97.891	0.010215	1536.3	2084.9	6.7248	0.91685	1.1845	879.66	-0.059906	7.8241e-05	0.12355	supercritical
1938.4	537.00	97.844	0.010220	1537.2	2086.1	6.7254	0.91692	1.1846	879.85	-0.059915	7.8266e-05	0.12360	supercritical
1939.4	537.00	97.797	0.010225	1538.1	2087.2	6.7261	0.91699	1.1847	880.03	-0.059925	7.8290e-05	0.12364	supercritical
1940.4	537.00	97.750	0.010230	1539.1	2088.4	6.7267	0.91706	1.1847	880.22	-0.059934	7.8314e-05	0.12369	supercritical
1941.4	537.00	97.703	0.010235	1540.0	2089.6	6.7273	0.91713	1.1848	880.40	-0.059943	7.8339e-05	0.12374	supercritical
1942.4	537.00	97.657	0.010240	1540.9	2090.8	6.7279	0.91720	1.1848	880.58	-0.059952	7.8363e-05	0.12379	supercritical
1943.4	537.00	97.610	0.010245	1541.8	2092.0	6.7285	0.91727	1.1849	880.77	-0.059961	7.8388e-05	0.12383	supercritical
1944.4	537.00	97.563	0.010250	1542.8	2093.2	6.7291	0.91734	1.1850	880.95	-0.059970	7.8412e-05	0.12388	supercritical
1945.4	537.00	97.516	0.010255	1543.7	2094.3	6.7297	0.91741	1.1850	881.14	-0.059979	7.8436e-05	0.12393	supercritical
1946.4	537.00	97.470	0.010260	1544.6	2095.5	6.7303	0.91748	1.1851	881.32	-0.059988	7.8461e-05	0.12397	supercritical
1947.4	537.00	97.423	0.010264	1545.5	2096.7	6.7309	0.91755	1.1852	881.50	-0.059997	7.8485e-05	0.12402	supercritical
1948.4	537.00	97.377	0.010269	1546.4	2097.9	6.7315	0.91762	1.1852	881.69	-0.060006	7.8509e-05	0.12407	supercritical
1949.4	537.00	97.330	0.010274	1547.4	2099.1	6.7321	0.91769	1.1853	881.87	-0.060016	7.8534e-05	0.12412	supercritical
1950.4	537.00	97.284	0.010279	1548.3	2100.3	6.7328	0.91776	1.1853	882.05	-0.060025	7.8558e-05	0.12416	supercritical
1951.4	537.00	97.237	0.010284	1549.2	2101.5	6.7334	0.91783	1.1854	882.24	-0.060034	7.8583e-05	0.12421	supercritical
1952.4	537.00	97.191	0.010289	1550.1	2102.6	6.7340	0.91790	1.1855	882.42	-0.060043	7.8607e-05	0.12426	supercritical
1953.4	537.00	97.145	0.010294	1551.0	2103.8	6.7346	0.91797	1.1855	882.60	-0.060052	7.8631e-05	0.12430	supercritical
1954.4	537.00	97.098	0.010299	1552.0	2105.0	6.7352	0.91805	1.1856	882.79	-0.060061	7.8656e-05	0.12435	supercritical
1955.4	537.00	97.052	0.010304	1552.9	2106.2	6.7358	0.91812	1.1857	882.97	-0.060069	7.8680e-05	0.12440	supercritical
1956.4	537.00	97.006	0.010309	1553.8	2107.4	6.7364	0.91819	1.1857	883.15	-0.060078	7.8704e-05	0.12445	supercritical
1957.4	537.00	96.960	0.010314	1554.7	2108.6	6.7370	0.91826	1.1858	883.34	-0.060087	7.8729e-05	0.12449	supercritical
1958.4	537.00	96.914	0.010318	1555.7	2109.8	6.7376	0.91833	1.1858	883.52	-0.060096	7.8753e-05	0.12454	supercritical
1959.4	537.00	96.868	0.010323	1556.6	2110.9	6.7382	0.91840	1.1859	883.70	-0.060105	7.8777e-05	0.12459	supercritical
1960.4	537.00	96.822	0.010328	1557.5	2112.1	6.7388	0.91847	1.1860	883.89	-0.060114	7.8802e-05	0.12463	supercritical
1961.4	537.00	96.776	0.010333	1558.4	2113.3	6.7394	0.91854	1.1860	884.07	-0.060123	7.8826e-05	0.12468	supercritical
1962.4	537.00	96.730	0.010338	1559.3	2114.5	6.7400	0.91861	1.1861	884.25	-0.060132	7.8850e-05	0.12473	supercritical
1963.4	537.00	96.684	0.010343	1560.3	2115.7	6.7406	0.91868	1.1862	884.43	-0.060141	7.8875e-05	0.12477	supercritical
1964.4	537.00	96.638	0.010348	1561.2	2116.9	6.7412	0.91875	1.1862	884.62	-0.060150	7.8899e-05	0.12482	supercritical
1965.4	537.00	96.592	0.010353	1562.1	2118.1	6.7418	0.91882	1.1863	884.80	-0.060158	7.8923e-05	0.12487	supercritical
1966.4	537.00	96.547	0.010358	1563.0	2119.2	6.7424	0.91889	1.1863	884.98	-0.060167	7.8948e-05	0.12492	supercritical
1967.4	537.00	96.501	0.010363	1564.0	2120.4	6.7430	0.91896	1.1864	885.17	-0.060176	7.8972e-05	0.12496	supercritical
1968.4	537.00	96.455	0.010367	1564.9	2121.6	6.7437	0.91903	1.1865	885.35	-0.060185	7.8996e-05	0.12501	supercritical
1969.4	537.00	96.410	0.010372	1565.8	2122.8	6.7443	0.91910	1.1865	885.53	-0.060194	7.9021e-05	0.12506	supercritical
1970.4	537.00	96.364	0.010377	1566.7	2124.0	6.7449	0.91917	1.1866	885.71	-0.060202	7.9045e-05	0.12510	supercritical
1971.4	537.00	96.319	0.010382	1567.7	2125.2	6.7455	0.91924	1.1866	885.90	-0.060211	7.9069e-05	0.12515	supercritical
1972.4	537.00	96.273	0.010387	1568.6	2126.4	6.7461	0.91931	1.1867	886.08	-0.060220	7.9094e-05	0.12520	supercritical
1973.4	537.00	96.228	0.010392	1569.5	2127.6	6.7467	0.91938	1.1868	886.26	-0.060228	7.9118e-05	0.12525	supercritical
1974.4	537.00	96.182	0.010397	1570.4	2128.7	6.7473	0.91945	1.1868	886.44	-0.060237	7.9142e-05	0.12529	supercritical
1975.4	537.00	96.137	0.010402	1571.3	2129.9	6.7479	0.91952	1.1869	886.63	-0.060246	7.9167e-05	0.12534	supercritical
1976.4	537.00	96.092	0.010407	1572.3	2131.1	6.7485	0.91959	1.1870	886.81	-0.060255	7.9191e-05	0.12539	supercritical
1977.4	537.00	96.046	0.010412	1573.2	2132.3	6.7491	0.91966	1.1870	886.99	-0.060263	7.9215e-05	0.12543	supercritical
1978.4	537.00	96.001	0.010417	1574.1	2133.5	6.7497	0.91973	1.1871	887.17	-0.060272	7.9240e-05	0.12548	supercritical
1979.4	537.00	95.956	0.010421	1575.0	2134.7	6.7503	0.91980	1.1871	887.36	-0.060281	7.9264e-05	0.12553	supercritical
1980.4	537.00	95.911	0.010426	1576.0	2135.9	6.7509	0.91987	1.1872	887.54	-0.060289	7.9288e-05	0.12557	supercritical
1981.4	537.00	95.866	0.010431	1576.9	2137.1	6.7515	0.91994	1.1873	887.72	-0.060298	7.9313e-05	0.12562	supercritical
1982.4	537.00	95.821	0.010436	1577.8	2138.2	6.7521	0.92001	1.1873	887.90	-0.060306	7.9337e-05	0.12567	supercritical
1983.4	537.00	95.776	0.010441	1578.7	2139.4	6.7527	0.92008	1.1874	888.08	-0.060315	7.9361e-05	0.12572	supercritical
1984.4	537.00	95.731	0.010446	1579.7	2140.6	6.7533	0.92015	1.1875	888.27	-0.060324	7.9385e-05	0.12576	supercritical
1985.4	537.00	95.686	0.010451	1580.6	2141.8	6.7539	0.92022	1.1875	888.45	-0.060332	7.9410e-05	0.12581	supercritical
1986.4	537.00	95.641	0.010456	1581.5	2143.0	6.7545	0.92029	1.1876	888.63	-0.060341	7.9434e-05	0.12586	supercritical
1987.4	537.00	95.596	0.010461	1582.4	2144.2	6.7551	0.92036	1.1876	888.81	-0.060349	7.9458e-05	0.12590	supercritical
1988.4	537.00	95.551	0.010466	1583.4	2145.4	6.7557	0.92043	1.1877	888.99	-0.060358	7.9483e-05	0.12595	supercritical
1989.4	537.00	95.507	0.010470	1584.3	2146.6	6.7562	0.92050	1.1878	889.18	-0.060366	7.9507e-05	0.12600	supercritical
1990.4	537.00	95.462	0.010475	1585.2	2147.7	6.7568	0.92057	1.1878	889.36	-0.060375	7.9531e-05	0.12605	supercritical
1991.4	537.00	95.417	0.010480	1586.1	2148.9	6.7574	0.92064	1.1879	889.54	-0.060383	7.9555e-05	0.12609	supercritical
1992.4	537.00	95.373	0.010485	1587.1	2150.1	6.7580	0.92071	1.1880	889.72	-0.060392	7.9580e-05	0.12614	supercritical
1993.4	537.00	95.328	0.010490	1588.0	2151.3	6.7586	0.92078	1.1880	889.90	-0.060400	7.9604e-05	0.12619	supercritical
1994.4	537.00	95.284	0.010495	1588.9	2152.5	6.7592	0.92085	1.1881	890.08	-0.060409	7.9628e-05	0.12623	supercritical
1995.4	537.00	95.239	0.010500	1589.8	2153.7	6.7598	0.92092	1.1881	890.27	-0.060417	7.9652e-05	0.12628	supercritical
1996.4	537.00	95.195	0.010505	1590.8	2154.9	6.7604	0.92099	1.1882	890.45	-0.060426	7.9677e-05	0.12633	supercritical
1997.4	537.00	95.150	0.010510	1591.7	2156.1	6.7610	0.92106	1.1883	890.63	-0.060434	7.9701e-05	0.12637	supercritical
1998.4	537.00	95.106	0.010515	1592.6	2157.2	6.7616	0.92113	1.1883	890.81	-0.060442	7.9725e-05	0.12642	supercritical
1999.4	537.00	95.062	0.010519	1593.5	2158.4	6.7622	0.92120	1.1884	890.99	-0.060451	7.9750e-05	0.12647	supercritical