Temperature (K)	Pressure (bar)	Density (kg/m3)	Volume (m3/kg)	Internal Energy (kJ/kg)	Enthalpy (kJ/kg)	Entropy (J/g*K)	Cv (J/g*K)	Cp (J/g*K)	Sound Spd. (m/s)	Joule-Thomson (K/bar)	Viscosity (Pa*s)	Therm. Cond. (W/m*K)	Phase
54.361	123.00	1319.3	0.00075801	-195.12	-185.79	2.0636	1.1678	1.6290	1160.7	-0.039034	0.00084940	0.20613	liquid
56.361	123.00	1311.3	0.00076261	-191.91	-182.53	2.1226	1.1320	1.6362	1166.3	-0.038508	0.00076423	0.20357	liquid
57.361	123.00	1307.2	0.00076498	-190.30	-180.89	2.1514	1.1189	1.6401	1166.4	-0.038271	0.00072580	0.20228	liquid
58.361	123.00	1303.1	0.00076739	-188.69	-179.25	2.1798	1.1079	1.6437	1165.1	-0.038056	0.00068993	0.20098	liquid
59.361	123.00	1299.0	0.00076984	-187.07	-177.60	2.2078	1.0986	1.6469	1162.6	-0.037863	0.00065647	0.19969	liquid
60.361	123.00	1294.8	0.00077232	-185.46	-175.96	2.2353	1.0904	1.6496	1159.2	-0.037691	0.00062524	0.19839	liquid
61.361	123.00	1290.6	0.00077483	-183.84	-174.30	2.2624	1.0832	1.6519	1155.0	-0.037538	0.00059609	0.19709	liquid
62.361	123.00	1286.4	0.00077736	-182.21	-172.65	2.2891	1.0766	1.6536	1150.2	-0.037401	0.00056887	0.19579	liquid
63.361	123.00	1282.2	0.00077993	-180.59	-171.00	2.3155	1.0705	1.6549	1144.8	-0.037278	0.00054345	0.19448	liquid
64.361	123.00	1277.9	0.00078251	-178.97	-169.34	2.3414	1.0649	1.6559	1139.1	-0.037167	0.00051969	0.19318	liquid
65.361	123.00	1273.7	0.00078512	-177.34	-167.69	2.3669	1.0595	1.6564	1133.1	-0.037066	0.00049746	0.19188	liquid
66.361	123.00	1269.4	0.00078775	-175.72	-166.03	2.3921	1.0543	1.6567	1126.7	-0.036973	0.00047666	0.19058	liquid
67.361	123.00	1265.2	0.00079040	-174.09	-164.37	2.4169	1.0493	1.6567	1120.2	-0.036885	0.00045717	0.18928	liquid
68.361	123.00	1260.9	0.00079307	-172.47	-162.72	2.4413	1.0445	1.6565	1113.5	-0.036801	0.00043889	0.18797	liquid
69.361	123.00	1256.7	0.00079576	-170.85	-161.06	2.4653	1.0397	1.6561	1106.7	-0.036720	0.00042175	0.18667	liquid
70.361	123.00	1252.4	0.00079848	-169.23	-159.40	2.4890	1.0350	1.6556	1099.8	-0.036639	0.00040564	0.18537	liquid
71.361	123.00	1248.1	0.00080122	-167.60	-157.75	2.5124	1.0304	1.6550	1092.8	-0.036559	0.00039050	0.18407	liquid
72.361	123.00	1243.8	0.00080398	-165.98	-156.09	2.5354	1.0258	1.6543	1085.7	-0.036477	0.00037625	0.18277	liquid
73.361	123.00	1239.5	0.00080676	-164.36	-154.44	2.5581	1.0213	1.6536	1078.7	-0.036393	0.00036282	0.18147	liquid
74.361	123.00	1235.2	0.00080957	-162.74	-152.79	2.5805	1.0169	1.6529	1071.5	-0.036306	0.00035017	0.18017	liquid
75.361	123.00	1230.9	0.00081240	-161.13	-151.13	2.6026	1.0124	1.6521	1064.4	-0.036216	0.00033822	0.17887	liquid
76.361	123.00	1226.6	0.00081525	-159.51	-149.48	2.6243	1.0081	1.6514	1057.2	-0.036120	0.00032694	0.17757	liquid
77.361	123.00	1222.3	0.00081813	-157.89	-147.83	2.6458	1.0037	1.6507	1050.1	-0.036020	0.00031627	0.17627	liquid
78.361	123.00	1218.0	0.00082103	-156.28	-146.18	2.6670	0.99945	1.6501	1042.9	-0.035914	0.00030617	0.17497	liquid
79.361	123.00	1213.7	0.00082396	-154.67	-144.53	2.6879	0.99520	1.6495	1035.7	-0.035802	0.00029659	0.17367	liquid
80.361	123.00	1209.3	0.00082691	-153.05	-142.88	2.7086	0.99099	1.6490	1028.5	-0.035683	0.00028752	0.17237	liquid
81.361	123.00	1205.0	0.00082989	-151.44	-141.23	2.7290	0.98683	1.6486	1021.4	-0.035557	0.00027890	0.17107	liquid
82.361	123.00	1200.6	0.00083290	-149.83	-139.58	2.7491	0.98271	1.6483	1014.2	-0.035423	0.00027071	0.16977	liquid
83.361	123.00	1196.3	0.00083594	-148.22	-137.94	2.7690	0.97864	1.6481	1007.0	-0.035282	0.00026292	0.16847	liquid
84.361	123.00	1191.9	0.00083901	-146.61	-136.29	2.7887	0.97461	1.6479	999.89	-0.035133	0.00025550	0.16717	liquid
85.361	123.00	1187.5	0.00084210	-145.00	-134.64	2.8081	0.97063	1.6479	992.75	-0.034975	0.00024844	0.16586	liquid
86.361	123.00	1183.1	0.00084523	-143.39	-132.99	2.8273	0.96670	1.6480	985.60	-0.034808	0.00024169	0.16456	liquid
87.361	123.00	1178.7	0.00084839	-141.78	-131.34	2.8463	0.96281	1.6482	978.47	-0.034633	0.00023525	0.16325	liquid
88.361	123.00	1174.3	0.00085159	-140.17	-129.70	2.8650	0.95898	1.6485	971.34	-0.034448	0.00022910	0.16195	liquid
89.361	123.00	1169.8	0.00085482	-138.56	-128.05	2.8836	0.95518	1.6489	964.21	-0.034254	0.00022321	0.16064	liquid
90.361	123.00	1165.4	0.00085808	-136.95	-126.40	2.9019	0.95144	1.6494	957.09	-0.034049	0.00021757	0.15934	liquid
91.361	123.00	1160.9	0.00086138	-135.34	-124.75	2.9201	0.94775	1.6501	949.97	-0.033835	0.00021217	0.15803	liquid
92.361	123.00	1156.5	0.00086471	-133.73	-123.10	2.9380	0.94410	1.6509	942.86	-0.033610	0.00020699	0.15672	liquid
93.361	123.00	1152.0	0.00086809	-132.12	-121.45	2.9558	0.94050	1.6518	935.75	-0.033375	0.00020201	0.15541	liquid
94.361	123.00	1147.4	0.00087150	-130.51	-119.79	2.9734	0.93695	1.6528	928.64	-0.033129	0.00019723	0.15410	liquid
95.361	123.00	1142.9	0.00087495	-128.90	-118.14	2.9909	0.93344	1.6540	921.53	-0.032871	0.00019262	0.15279	liquid
96.361	123.00	1138.4	0.00087845	-127.29	-116.49	3.0081	0.92998	1.6552	914.42	-0.032602	0.00018820	0.15148	liquid
97.361	123.00	1133.8	0.00088199	-125.68	-114.83	3.0252	0.92657	1.6566	907.31	-0.032321	0.00018393	0.15017	liquid
98.361	123.00	1129.2	0.00088557	-124.07	-113.17	3.0422	0.92321	1.6582	900.19	-0.032028	0.00017981	0.14886	liquid
99.361	123.00	1124.6	0.00088920	-122.45	-111.51	3.0589	0.91989	1.6598	893.08	-0.031722	0.00017584	0.14755	liquid
100.36	123.00	1120.0	0.00089287	-120.84	-109.85	3.0756	0.91661	1.6617	885.96	-0.031404	0.00017201	0.14624	liquid
101.36	123.00	1115.3	0.00089659	-119.22	-108.19	3.0920	0.91338	1.6636	878.84	-0.031072	0.00016830	0.14492	liquid
102.36	123.00	1110.7	0.00090036	-117.60	-106.53	3.1084	0.91020	1.6657	871.71	-0.030727	0.00016472	0.14361	liquid
103.36	123.00	1106.0	0.00090418	-115.98	-104.86	3.1246	0.90705	1.6679	864.57	-0.030368	0.00016124	0.14230	liquid
104.36	123.00	1101.3	0.00090806	-114.36	-103.19	3.1407	0.90396	1.6702	857.43	-0.029994	0.00015788	0.14098	liquid
105.36	123.00	1096.5	0.00091198	-112.74	-101.52	3.1566	0.90090	1.6727	850.29	-0.029606	0.00015462	0.13967	liquid
106.36	123.00	1091.7	0.00091597	-111.11	-99.845	3.1724	0.89789	1.6754	843.13	-0.029202	0.00015146	0.13835	liquid
107.36	123.00	1086.9	0.00092001	-109.48	-98.168	3.1881	0.89492	1.6781	835.97	-0.028782	0.00014839	0.13704	liquid
108.36	123.00	1082.1	0.00092411	-107.86	-96.489	3.2037	0.89199	1.6811	828.80	-0.028345	0.00014540	0.13573	liquid
109.36	123.00	1077.3	0.00092827	-106.22	-94.806	3.2191	0.88911	1.6842	821.62	-0.027892	0.00014250	0.13441	liquid
110.36	123.00	1072.4	0.00093250	-104.59	-93.120	3.2345	0.88627	1.6874	814.42	-0.027421	0.00013968	0.13310	liquid
111.36	123.00	1067.5	0.00093679	-102.95	-91.431	3.2497	0.88346	1.6908	807.22	-0.026932	0.00013694	0.13179	liquid
112.36	123.00	1062.5	0.00094114	-101.31	-89.739	3.2648	0.88070	1.6944	800.00	-0.026425	0.00013426	0.13048	liquid
113.36	123.00	1057.6	0.00094557	-99.673	-88.042	3.2799	0.87798	1.6982	792.77	-0.025897	0.00013166	0.12917	liquid
114.36	123.00	1052.6	0.00095007	-98.028	-86.342	3.2948	0.87530	1.7021	785.53	-0.025350	0.00012912	0.12787	liquid
115.36	123.00	1047.5	0.00095464	-96.380	-84.638	3.3096	0.87267	1.7062	778.28	-0.024781	0.00012664	0.12656	liquid
116.36	123.00	1042.4	0.00095929	-94.729	-82.930	3.3244	0.87007	1.7105	771.01	-0.024190	0.00012422	0.12526	liquid
117.36	123.00	1037.3	0.00096402	-93.075	-81.217	3.3390	0.86751	1.7149	763.72	-0.023577	0.00012186	0.12395	liquid
118.36	123.00	1032.2	0.00096883	-91.417	-79.500	3.3536	0.86499	1.7196	756.42	-0.022940	0.00011955	0.12265	liquid
119.36	123.00	1027.0	0.00097372	-89.755	-77.778	3.3681	0.86251	1.7245	749.10	-0.022279	0.00011729	0.12135	liquid
120.36	123.00	1021.8	0.00097871	-88.089	-76.051	3.3825	0.86008	1.7295	741.77	-0.021591	0.00011509	0.12005	liquid
121.36	123.00	1016.5	0.00098378	-86.419	-74.319	3.3968	0.85768	1.7348	734.41	-0.020877	0.00011293	0.11876	liquid
122.36	123.00	1011.2	0.00098895	-84.745	-72.581	3.4111	0.85533	1.7404	727.04	-0.020136	0.00011082	0.11746	liquid
123.36	123.00	1005.8	0.00099422	-83.067	-70.838	3.4253	0.85301	1.7461	719.65	-0.019365	0.00010875	0.11617	liquid
124.36	123.00	1000.4	0.00099959	-81.384	-69.089	3.4394	0.85074	1.7521	712.24	-0.018563	0.00010672	0.11487	liquid
125.36	123.00	994.96	0.0010051	-79.696	-67.334	3.4535	0.84851	1.7584	704.81	-0.017730	0.00010474	0.11358	liquid
126.36	123.00	989.46	0.0010107	-78.003	-65.572	3.4675	0.84632	1.7649	697.36	-0.016864	0.00010279	0.11230	liquid
127.36	123.00	983.91	0.0010164	-76.305	-63.804	3.4814	0.84417	1.7717	689.88	-0.015962	0.00010088	0.11101	liquid
128.36	123.00	978.31	0.0010222	-74.601	-62.029	3.4953	0.84207	1.7788	682.39	-0.015025	9.9006e-05	0.10973	liquid
129.36	123.00	972.65	0.0010281	-72.892	-60.246	3.5091	0.84001	1.7862	674.87	-0.014049	9.7168e-05	0.10845	liquid
130.36	123.00	966.94	0.0010342	-71.177	-58.456	3.5229	0.83799	1.7939	667.33	-0.013033	9.5363e-05	0.10717	liquid
131.36	123.00	961.17	0.0010404	-69.455	-56.658	3.5366	0.83601	1.8019	659.76	-0.011975	9.3592e-05	0.10590	liquid
132.36	123.00	955.34	0.0010467	-67.727	-54.852	3.5503	0.83409	1.8102	652.17	-0.010872	9.1852e-05	0.10463	liquid
133.36	123.00	949.45	0.0010532	-65.993	-53.038	3.5640	0.83220	1.8190	644.56	-0.0097239	9.0142e-05	0.10336	liquid
134.36	123.00	943.49	0.0010599	-64.251	-51.214	3.5776	0.83037	1.8281	636.92	-0.0085264	8.8462e-05	0.10210	liquid
135.36	123.00	937.47	0.0010667	-62.502	-49.381	3.5912	0.82858	1.8376	629.25	-0.0072777	8.6810e-05	0.10084	liquid
136.36	123.00	931.38	0.0010737	-60.745	-47.539	3.6048	0.82684	1.8475	621.56	-0.0059748	8.5187e-05	0.099583	liquid
137.36	123.00	925.21	0.0010808	-58.981	-45.686	3.6183	0.82515	1.8578	613.84	-0.0046149	8.3590e-05	0.098331	liquid
138.36	123.00	918.97	0.0010882	-57.208	-43.823	3.6318	0.82351	1.8687	606.09	-0.0031949	8.2019e-05	0.097084	liquid
139.36	123.00	912.66	0.0010957	-55.426	-41.949	3.6453	0.82192	1.8800	598.32	-0.0017115	8.0474e-05	0.095841	liquid
140.36	123.00	906.26	0.0011034	-53.635	-40.063	3.6588	0.82038	1.8918	590.51	-0.00016103	7.8953e-05	0.094602	liquid
141.36	123.00	899.78	0.0011114	-51.835	-38.165	3.6723	0.81890	1.9041	582.68	0.0014602	7.7456e-05	0.093369	liquid
142.36	123.00	893.21	0.0011196	-50.025	-36.254	3.6857	0.81747	1.9171	574.83	0.0031562	7.5982e-05	0.092140	liquid
143.36	123.00	886.55	0.0011280	-48.205	-34.331	3.6992	0.81610	1.9306	566.94	0.0049315	7.4531e-05	0.090917	liquid
144.36	123.00	879.80	0.0011366	-46.374	-32.393	3.7127	0.81479	1.9448	559.03	0.0067906	7.3102e-05	0.089699	liquid
145.36	123.00	872.94	0.0011455	-44.531	-30.441	3.7262	0.81354	1.9596	551.09	0.0087384	7.1694e-05	0.088487	liquid
146.36	123.00	865.99	0.0011548	-42.677	-28.474	3.7396	0.81235	1.9751	543.12	0.010780	7.0307e-05	0.087280	liquid
147.36	123.00	858.93	0.0011642	-40.811	-26.490	3.7532	0.81122	1.9914	535.13	0.012922	6.8940e-05	0.086080	liquid
148.36	123.00	851.75	0.0011740	-38.931	-24.490	3.7667	0.81016	2.0085	527.11	0.015169	6.7593e-05	0.084885	liquid
149.36	123.00	844.46	0.0011842	-37.039	-22.473	3.7802	0.80917	2.0265	519.07	0.017529	6.6266e-05	0.083697	liquid
150.36	123.00	837.05	0.0011947	-35.132	-20.437	3.7938	0.80824	2.0453	511.01	0.020008	6.4957e-05	0.082516	liquid
151.36	123.00	829.51	0.0012055	-33.210	-18.382	3.8074	0.80739	2.0650	502.93	0.022613	6.3666e-05	0.081341	liquid
152.36	123.00	821.84	0.0012168	-31.273	-16.307	3.8211	0.80661	2.0857	494.84	0.025353	6.2394e-05	0.080173	liquid
153.36	123.00	814.03	0.0012284	-29.320	-14.210	3.8348	0.80590	2.1075	486.73	0.028235	6.1138e-05	0.079011	liquid
154.36	123.00	806.08	0.0012406	-27.351	-12.092	3.8486	0.80527	2.1303	478.61	0.031268	5.9900e-05	0.077857	liquid
155.36	123.00	797.98	0.0012532	-25.363	-9.9494	3.8624	0.80471	2.1543	470.48	0.034462	5.8678e-05	0.076711	supercritical
156.36	123.00	789.72	0.0012663	-23.358	-7.7827	3.8763	0.80423	2.1795	462.36	0.037826	5.7473e-05	0.075572	supercritical
157.36	123.00	781.30	0.0012799	-21.333	-5.5901	3.8903	0.80383	2.2059	454.24	0.041370	5.6283e-05	0.074440	supercritical
158.36	123.00	772.71	0.0012941	-19.288	-3.3704	3.9044	0.80350	2.2336	446.14	0.045105	5.5109e-05	0.073316	supercritical
159.36	123.00	763.94	0.0013090	-17.223	-1.1224	3.9185	0.80325	2.2626	438.05	0.049042	5.3950e-05	0.072200	supercritical
160.36	123.00	754.99	0.0013245	-15.136	1.1553	3.9328	0.80308	2.2930	430.00	0.053191	5.2807e-05	0.071092	supercritical
161.36	123.00	745.85	0.0013407	-13.027	3.4641	3.9471	0.80297	2.3248	421.99	0.057565	5.1677e-05	0.069992	supercritical
162.36	123.00	736.52	0.0013577	-10.895	5.8054	3.9616	0.80293	2.3580	414.03	0.062174	5.0563e-05	0.068899	supercritical
163.36	123.00	726.98	0.0013755	-8.7387	8.1805	3.9762	0.80294	2.3925	406.13	0.067028	4.9462e-05	0.067815	supercritical
164.36	123.00	717.24	0.0013942	-6.5583	10.591	3.9909	0.80302	2.4282	398.32	0.072138	4.8376e-05	0.066739	supercritical
165.36	123.00	707.29	0.0014138	-4.3529	13.037	4.0057	0.80314	2.4652	390.59	0.077511	4.7304e-05	0.065671	supercritical
166.36	123.00	697.12	0.0014345	-2.1225	15.521	4.0207	0.80329	2.5031	382.98	0.083154	4.6247e-05	0.064612	supercritical
167.36	123.00	686.75	0.0014561	0.13330	18.044	4.0358	0.80347	2.5417	375.50	0.089071	4.5204e-05	0.063560	supercritical
168.36	123.00	676.16	0.0014789	2.4141	20.605	4.0511	0.80367	2.5808	368.18	0.095263	4.4176e-05	0.062516	supercritical
169.36	123.00	665.36	0.0015029	4.7194	23.206	4.0665	0.80387	2.6200	361.02	0.10173	4.3164e-05	0.061481	supercritical
170.36	123.00	654.37	0.0015282	7.0482	25.845	4.0820	0.80406	2.6587	354.06	0.10846	4.2168e-05	0.060453	supercritical
171.36	123.00	643.19	0.0015547	9.3992	28.523	4.0977	0.80423	2.6964	347.31	0.11544	4.1189e-05	0.059434	supercritical
172.36	123.00	631.84	0.0015827	11.770	31.237	4.1135	0.80436	2.7325	340.81	0.12265	4.0228e-05	0.058424	supercritical
173.36	123.00	620.34	0.0016120	14.159	33.987	4.1294	0.80444	2.7663	334.57	0.13009	3.9286e-05	0.057422	supercritical
174.36	123.00	608.72	0.0016428	16.562	36.769	4.1454	0.80446	2.7971	328.62	0.13771	3.8365e-05	0.056430	supercritical
175.36	123.00	597.00	0.0016750	18.977	39.580	4.1614	0.80439	2.8243	322.97	0.14548	3.7466e-05	0.055447	supercritical
176.36	123.00	585.22	0.0017088	21.398	42.416	4.1776	0.80422	2.8472	317.64	0.15338	3.6591e-05	0.054475	supercritical
177.36	123.00	573.41	0.0017439	23.822	45.272	4.1937	0.80394	2.8652	312.64	0.16136	3.5741e-05	0.053515	supercritical
178.36	123.00	561.62	0.0017805	26.244	48.144	4.2099	0.80353	2.8778	307.98	0.16938	3.4917e-05	0.052567	supercritical
179.36	123.00	549.89	0.0018185	28.658	51.026	4.2260	0.80298	2.8846	303.67	0.17739	3.4122e-05	0.051634	supercritical
180.36	123.00	538.25	0.0018579	31.060	53.912	4.2420	0.80227	2.8853	299.70	0.18535	3.3357e-05	0.050716	supercritical
181.36	123.00	526.76	0.0018984	33.444	56.795	4.2580	0.80140	2.8796	296.09	0.19319	3.2622e-05	0.049816	supercritical
182.36	123.00	515.43	0.0019401	35.806	59.669	4.2738	0.80036	2.8677	292.81	0.20088	3.1919e-05	0.048935	supercritical
183.36	123.00	504.33	0.0019828	38.139	62.528	4.2894	0.79915	2.8495	289.86	0.20836	3.1249e-05	0.048075	supercritical
184.36	123.00	493.47	0.0020265	40.440	65.366	4.3048	0.79777	2.8254	287.24	0.21558	3.0613e-05	0.047237	supercritical
185.36	123.00	482.89	0.0020708	42.706	68.177	4.3201	0.79622	2.7960	284.93	0.22251	3.0010e-05	0.046424	supercritical
186.36	123.00	472.62	0.0021159	44.931	70.956	4.3350	0.79452	2.7619	282.90	0.22910	2.9440e-05	0.045638	supercritical
187.36	123.00	462.66	0.0021614	47.114	73.699	4.3497	0.79268	2.7236	281.16	0.23534	2.8903e-05	0.044878	supercritical
188.36	123.00	453.04	0.0022073	49.252	76.403	4.3641	0.79071	2.6822	279.66	0.24121	2.8399e-05	0.044148	supercritical
189.36	123.00	443.75	0.0022535	51.345	79.063	4.3782	0.78863	2.6382	278.40	0.24668	2.7926e-05	0.043447	supercritical
190.36	123.00	434.81	0.0022998	53.390	81.678	4.3919	0.78646	2.5924	277.36	0.25177	2.7484e-05	0.042776	supercritical
191.36	123.00	426.22	0.0023462	55.389	84.247	4.4054	0.78422	2.5455	276.51	0.25648	2.7071e-05	0.042135	supercritical
192.36	123.00	417.96	0.0023926	57.340	86.769	4.4185	0.78191	2.4980	275.84	0.26080	2.6685e-05	0.041524	supercritical
193.36	123.00	410.04	0.0024388	59.246	89.243	4.4314	0.77957	2.4506	275.33	0.26475	2.6326e-05	0.040943	supercritical
194.36	123.00	402.43	0.0024849	61.106	91.670	4.4439	0.77719	2.4035	274.97	0.26835	2.5992e-05	0.040392	supercritical
195.36	123.00	395.14	0.0025307	62.922	94.050	4.4561	0.77481	2.3571	274.73	0.27161	2.5681e-05	0.039868	supercritical
196.36	123.00	388.15	0.0025763	64.696	96.385	4.4680	0.77241	2.3118	274.61	0.27455	2.5392e-05	0.039372	supercritical
197.36	123.00	381.45	0.0026216	66.429	98.674	4.4797	0.77002	2.2676	274.59	0.27718	2.5123e-05	0.038903	supercritical
198.36	123.00	375.01	0.0026666	68.122	100.92	4.4910	0.76765	2.2247	274.67	0.27953	2.4874e-05	0.038459	supercritical
199.36	123.00	368.84	0.0027112	69.777	103.12	4.5021	0.76530	2.1833	274.82	0.28160	2.4642e-05	0.038039	supercritical
200.36	123.00	362.92	0.0027554	71.396	105.29	4.5129	0.76299	2.1433	275.05	0.28341	2.4427e-05	0.037642	supercritical
201.36	123.00	357.23	0.0027993	72.980	107.41	4.5235	0.76070	2.1048	275.34	0.28499	2.4228e-05	0.037267	supercritical
202.36	123.00	351.76	0.0028428	74.531	109.50	4.5338	0.75845	2.0678	275.69	0.28635	2.4043e-05	0.036914	supercritical
203.36	123.00	346.51	0.0028859	76.050	111.55	4.5439	0.75625	2.0322	276.09	0.28750	2.3872e-05	0.036579	supercritical
204.36	123.00	341.45	0.0029287	77.540	113.56	4.5538	0.75409	1.9982	276.54	0.28845	2.3712e-05	0.036264	supercritical
205.36	123.00	336.59	0.0029710	79.001	115.54	4.5635	0.75198	1.9655	277.03	0.28922	2.3565e-05	0.035966	supercritical
206.36	123.00	331.90	0.0030130	80.435	117.49	4.5730	0.74992	1.9343	277.55	0.28983	2.3429e-05	0.035685	supercritical
207.36	123.00	327.38	0.0030545	81.842	119.41	4.5822	0.74790	1.9043	278.11	0.29028	2.3302e-05	0.035420	supercritical
208.36	123.00	323.02	0.0030957	83.225	121.30	4.5913	0.74594	1.8757	278.69	0.29058	2.3185e-05	0.035169	supercritical
209.36	123.00	318.82	0.0031366	84.585	123.16	4.6002	0.74403	1.8482	279.30	0.29075	2.3077e-05	0.034933	supercritical
210.36	123.00	314.76	0.0031770	85.922	125.00	4.6090	0.74217	1.8220	279.93	0.29079	2.2977e-05	0.034710	supercritical
211.36	123.00	310.83	0.0032172	87.238	126.81	4.6176	0.74036	1.7968	280.58	0.29072	2.2884e-05	0.034500	supercritical
212.36	123.00	307.04	0.0032569	88.534	128.59	4.6260	0.73859	1.7727	281.25	0.29054	2.2799e-05	0.034301	supercritical
213.36	123.00	303.37	0.0032963	89.810	130.35	4.6343	0.73688	1.7496	281.93	0.29025	2.2721e-05	0.034114	supercritical
214.36	123.00	299.81	0.0033354	91.068	132.09	4.6424	0.73522	1.7275	282.63	0.28988	2.2648e-05	0.033937	supercritical
215.36	123.00	296.37	0.0033742	92.308	133.81	4.6504	0.73360	1.7063	283.34	0.28942	2.2582e-05	0.033771	supercritical
216.36	123.00	293.03	0.0034126	93.531	135.51	4.6582	0.73203	1.6860	284.06	0.28888	2.2521e-05	0.033614	supercritical
217.36	123.00	289.79	0.0034507	94.738	137.18	4.6660	0.73051	1.6665	284.79	0.28827	2.2466e-05	0.033466	supercritical
218.36	123.00	286.65	0.0034886	95.930	138.84	4.6736	0.72903	1.6478	285.53	0.28759	2.2415e-05	0.033327	supercritical
219.36	123.00	283.60	0.0035261	97.107	140.48	4.6811	0.72760	1.6299	286.28	0.28685	2.2369e-05	0.033195	supercritical
220.36	123.00	280.63	0.0035634	98.270	142.10	4.6884	0.72621	1.6126	287.03	0.28605	2.2327e-05	0.033071	supercritical
221.36	123.00	277.75	0.0036003	99.420	143.70	4.6957	0.72486	1.5960	287.79	0.28519	2.2289e-05	0.032955	supercritical
222.36	123.00	274.95	0.0036370	100.56	145.29	4.7029	0.72354	1.5801	288.55	0.28429	2.2255e-05	0.032846	supercritical
223.36	123.00	272.22	0.0036734	101.68	146.86	4.7099	0.72227	1.5648	289.32	0.28334	2.2224e-05	0.032743	supercritical
224.36	123.00	269.57	0.0037096	102.79	148.42	4.7169	0.72104	1.5500	290.08	0.28235	2.2197e-05	0.032646	supercritical
225.36	123.00	266.99	0.0037455	103.89	149.96	4.7237	0.71984	1.5358	290.86	0.28132	2.2174e-05	0.032555	supercritical
226.36	123.00	264.47	0.0037812	104.98	151.49	4.7305	0.71868	1.5221	291.63	0.28025	2.2153e-05	0.032470	supercritical
227.36	123.00	262.01	0.0038166	106.06	153.01	4.7372	0.71756	1.5090	292.41	0.27916	2.2135e-05	0.032390	supercritical
228.36	123.00	259.62	0.0038518	107.13	154.51	4.7438	0.71646	1.4963	293.19	0.27803	2.2120e-05	0.032316	supercritical
229.36	123.00	257.28	0.0038868	108.19	156.00	4.7503	0.71540	1.4840	293.96	0.27687	2.2107e-05	0.032246	supercritical
230.36	123.00	255.00	0.0039215	109.24	157.48	4.7567	0.71437	1.4722	294.74	0.27569	2.2097e-05	0.032181	supercritical
231.36	123.00	252.78	0.0039561	110.29	158.95	4.7631	0.71338	1.4608	295.52	0.27449	2.2089e-05	0.032120	supercritical
232.36	123.00	250.60	0.0039904	111.32	160.40	4.7693	0.71241	1.4498	296.30	0.27327	2.2084e-05	0.032064	supercritical
233.36	123.00	248.48	0.0040245	112.34	161.85	4.7755	0.71147	1.4391	297.08	0.27203	2.2080e-05	0.032011	supercritical
234.36	123.00	246.40	0.0040584	113.36	163.28	4.7817	0.71056	1.4288	297.86	0.27077	2.2079e-05	0.031963	supercritical
235.36	123.00	244.37	0.0040922	114.37	164.70	4.7877	0.70967	1.4189	298.64	0.26949	2.2079e-05	0.031918	supercritical
236.36	123.00	242.38	0.0041257	115.37	166.12	4.7937	0.70881	1.4092	299.41	0.26821	2.2081e-05	0.031877	supercritical
237.36	123.00	240.44	0.0041591	116.37	167.52	4.7997	0.70798	1.3999	300.19	0.26691	2.2085e-05	0.031839	supercritical
238.36	123.00	238.54	0.0041922	117.35	168.92	4.8055	0.70717	1.3909	300.96	0.26559	2.2091e-05	0.031804	supercritical
239.36	123.00	236.67	0.0042252	118.33	170.30	4.8113	0.70639	1.3822	301.74	0.26427	2.2098e-05	0.031773	supercritical
240.36	123.00	234.85	0.0042581	119.31	171.68	4.8171	0.70563	1.3737	302.51	0.26294	2.2106e-05	0.031744	supercritical
241.36	123.00	233.06	0.0042907	120.28	173.05	4.8228	0.70489	1.3655	303.28	0.26161	2.2116e-05	0.031718	supercritical
242.36	123.00	231.31	0.0043232	121.24	174.41	4.8284	0.70417	1.3576	304.05	0.26026	2.2128e-05	0.031695	supercritical
243.36	123.00	229.59	0.0043556	122.19	175.77	4.8340	0.70347	1.3498	304.81	0.25891	2.2140e-05	0.031675	supercritical
244.36	123.00	227.91	0.0043877	123.14	177.11	4.8395	0.70280	1.3424	305.58	0.25756	2.2154e-05	0.031657	supercritical
245.36	123.00	226.26	0.0044198	124.09	178.45	4.8450	0.70214	1.3351	306.34	0.25620	2.2169e-05	0.031642	supercritical
246.36	123.00	224.64	0.0044517	125.03	179.78	4.8504	0.70150	1.3280	307.10	0.25484	2.2185e-05	0.031628	supercritical
247.36	123.00	223.05	0.0044834	125.96	181.11	4.8557	0.70088	1.3212	307.86	0.25347	2.2203e-05	0.031618	supercritical
248.36	123.00	221.48	0.0045150	126.89	182.43	4.8611	0.70028	1.3145	308.61	0.25211	2.2221e-05	0.031609	supercritical
249.36	123.00	219.95	0.0045464	127.82	183.74	4.8663	0.69970	1.3081	309.37	0.25074	2.2240e-05	0.031602	supercritical
250.36	123.00	218.45	0.0045778	128.74	185.04	4.8715	0.69914	1.3018	310.12	0.24938	2.2260e-05	0.031597	supercritical
251.36	123.00	216.97	0.0046089	129.65	186.34	4.8767	0.69859	1.2957	310.87	0.24801	2.2281e-05	0.031595	supercritical
252.36	123.00	215.52	0.0046400	130.56	187.63	4.8819	0.69805	1.2897	311.62	0.24664	2.2303e-05	0.031594	supercritical
253.36	123.00	214.09	0.0046709	131.47	188.92	4.8869	0.69754	1.2840	312.36	0.24528	2.2326e-05	0.031594	supercritical
254.36	123.00	212.69	0.0047017	132.37	190.20	4.8920	0.69703	1.2783	313.10	0.24391	2.2350e-05	0.031597	supercritical
255.36	123.00	211.31	0.0047324	133.27	191.48	4.8970	0.69655	1.2729	313.84	0.24255	2.2374e-05	0.031601	supercritical
256.36	123.00	209.95	0.0047630	134.16	192.75	4.9020	0.69607	1.2675	314.58	0.24119	2.2399e-05	0.031607	supercritical
257.36	123.00	208.62	0.0047934	135.05	194.01	4.9069	0.69562	1.2623	315.31	0.23983	2.2425e-05	0.031614	supercritical
258.36	123.00	207.31	0.0048238	135.94	195.27	4.9118	0.69517	1.2573	316.05	0.23848	2.2451e-05	0.031623	supercritical
259.36	123.00	206.02	0.0048540	136.82	196.53	4.9166	0.69474	1.2523	316.78	0.23713	2.2478e-05	0.031633	supercritical
260.36	123.00	204.75	0.0048841	137.70	197.78	4.9214	0.69432	1.2475	317.50	0.23578	2.2506e-05	0.031644	supercritical
261.36	123.00	203.50	0.0049141	138.58	199.02	4.9262	0.69391	1.2428	318.23	0.23443	2.2534e-05	0.031657	supercritical
262.36	123.00	202.27	0.0049440	139.45	200.26	4.9309	0.69352	1.2383	318.95	0.23309	2.2563e-05	0.031671	supercritical
263.36	123.00	201.05	0.0049738	140.32	201.50	4.9356	0.69314	1.2338	319.67	0.23176	2.2593e-05	0.031687	supercritical
264.36	123.00	199.86	0.0050035	141.19	202.73	4.9403	0.69277	1.2295	320.39	0.23043	2.2623e-05	0.031704	supercritical
265.36	123.00	198.69	0.0050331	142.05	203.96	4.9449	0.69241	1.2252	321.10	0.22910	2.2653e-05	0.031721	supercritical
266.36	123.00	197.53	0.0050626	142.91	205.18	4.9495	0.69206	1.2211	321.81	0.22778	2.2684e-05	0.031740	supercritical
267.36	123.00	196.39	0.0050920	143.77	206.40	4.9541	0.69172	1.2170	322.52	0.22646	2.2716e-05	0.031760	supercritical
268.36	123.00	195.26	0.0051213	144.62	207.61	4.9587	0.69140	1.2131	323.23	0.22515	2.2748e-05	0.031781	supercritical
269.36	123.00	194.16	0.0051505	145.47	208.83	4.9632	0.69108	1.2092	323.94	0.22384	2.2780e-05	0.031803	supercritical
270.36	123.00	193.06	0.0051796	146.32	210.03	4.9676	0.69078	1.2055	324.64	0.22254	2.2813e-05	0.031826	supercritical
271.36	123.00	191.99	0.0052086	147.17	211.24	4.9721	0.69048	1.2018	325.34	0.22125	2.2846e-05	0.031850	supercritical
272.36	123.00	190.93	0.0052376	148.01	212.44	4.9765	0.69019	1.1982	326.04	0.21996	2.2879e-05	0.031875	supercritical
273.36	123.00	189.88	0.0052665	148.86	213.63	4.9809	0.68991	1.1947	326.73	0.21867	2.2913e-05	0.031901	supercritical
274.36	123.00	188.85	0.0052952	149.69	214.83	4.9852	0.68965	1.1912	327.42	0.21739	2.2948e-05	0.031927	supercritical
275.36	123.00	187.83	0.0053239	150.53	216.02	4.9896	0.68939	1.1879	328.11	0.21612	2.2982e-05	0.031955	supercritical
276.36	123.00	186.83	0.0053526	151.37	217.20	4.9939	0.68914	1.1846	328.80	0.21486	2.3018e-05	0.031983	supercritical
277.36	123.00	185.84	0.0053811	152.20	218.38	4.9981	0.68890	1.1814	329.48	0.21360	2.3053e-05	0.032012	supercritical
278.36	123.00	184.86	0.0054096	153.03	219.56	5.0024	0.68866	1.1782	330.17	0.21234	2.3089e-05	0.032042	supercritical
279.36	123.00	183.89	0.0054379	153.85	220.74	5.0066	0.68844	1.1752	330.85	0.21109	2.3125e-05	0.032073	supercritical
280.36	123.00	182.94	0.0054662	154.68	221.91	5.0108	0.68822	1.1722	331.52	0.20985	2.3161e-05	0.032104	supercritical
281.36	123.00	182.00	0.0054945	155.50	223.09	5.0150	0.68801	1.1692	332.20	0.20862	2.3197e-05	0.032136	supercritical
282.36	123.00	181.07	0.0055226	156.32	224.25	5.0191	0.68781	1.1663	332.87	0.20739	2.3234e-05	0.032169	supercritical
283.36	123.00	180.16	0.0055507	157.14	225.42	5.0232	0.68761	1.1635	333.54	0.20616	2.3271e-05	0.032202	supercritical
284.36	123.00	179.25	0.0055788	157.96	226.58	5.0273	0.68743	1.1608	334.21	0.20495	2.3309e-05	0.032236	supercritical
285.36	123.00	178.36	0.0056067	158.78	227.74	5.0314	0.68725	1.1581	334.88	0.20374	2.3346e-05	0.032270	supercritical
286.36	123.00	177.48	0.0056346	159.59	228.90	5.0354	0.68707	1.1554	335.54	0.20253	2.3384e-05	0.032305	supercritical
287.36	123.00	176.60	0.0056624	160.40	230.05	5.0395	0.68691	1.1528	336.20	0.20134	2.3422e-05	0.032341	supercritical
288.36	123.00	175.74	0.0056901	161.21	231.20	5.0435	0.68675	1.1503	336.86	0.20015	2.3460e-05	0.032377	supercritical
289.36	123.00	174.89	0.0057178	162.02	232.35	5.0474	0.68660	1.1478	337.52	0.19896	2.3499e-05	0.032414	supercritical
290.36	123.00	174.05	0.0057455	162.83	233.50	5.0514	0.68645	1.1453	338.17	0.19778	2.3538e-05	0.032451	supercritical
291.36	123.00	173.22	0.0057730	163.63	234.64	5.0553	0.68631	1.1430	338.83	0.19661	2.3576e-05	0.032489	supercritical
292.36	123.00	172.40	0.0058005	164.44	235.78	5.0592	0.68618	1.1406	339.48	0.19545	2.3616e-05	0.032527	supercritical
293.36	123.00	171.59	0.0058279	165.24	236.92	5.0631	0.68606	1.1383	340.12	0.19429	2.3655e-05	0.032566	supercritical
294.36	123.00	170.78	0.0058553	166.04	238.06	5.0670	0.68593	1.1361	340.77	0.19314	2.3694e-05	0.032605	supercritical
295.36	123.00	169.99	0.0058826	166.84	239.20	5.0708	0.68582	1.1339	341.41	0.19199	2.3734e-05	0.032645	supercritical
296.36	123.00	169.21	0.0059099	167.64	240.33	5.0747	0.68571	1.1317	342.05	0.19085	2.3774e-05	0.032685	supercritical
297.36	123.00	168.43	0.0059371	168.43	241.46	5.0785	0.68561	1.1296	342.69	0.18972	2.3814e-05	0.032725	supercritical
298.36	123.00	167.67	0.0059642	169.23	242.59	5.0823	0.68551	1.1275	343.33	0.18859	2.3854e-05	0.032766	supercritical
299.36	123.00	166.91	0.0059913	170.02	243.71	5.0860	0.68542	1.1255	343.97	0.18747	2.3894e-05	0.032807	supercritical
300.36	123.00	166.16	0.0060184	170.81	244.84	5.0898	0.68533	1.1235	344.60	0.18636	2.3934e-05	0.032848	supercritical
301.36	123.00	165.42	0.0060453	171.60	245.96	5.0935	0.68525	1.1215	345.23	0.18525	2.3975e-05	0.032889	supercritical
302.36	123.00	164.68	0.0060723	172.39	247.08	5.0972	0.68518	1.1196	345.86	0.18415	2.4016e-05	0.032931	supercritical
303.36	123.00	163.96	0.0060991	173.18	248.20	5.1009	0.68511	1.1177	346.48	0.18305	2.4057e-05	0.032973	supercritical
304.36	123.00	163.24	0.0061260	173.97	249.32	5.1046	0.68504	1.1159	347.11	0.18197	2.4097e-05	0.033015	supercritical
305.36	123.00	162.53	0.0061527	174.75	250.43	5.1083	0.68498	1.1141	347.73	0.18088	2.4139e-05	0.033057	supercritical
306.36	123.00	161.83	0.0061795	175.54	251.54	5.1119	0.68493	1.1123	348.35	0.17981	2.4180e-05	0.033098	supercritical
307.36	123.00	161.13	0.0062061	176.32	252.66	5.1155	0.68488	1.1105	348.97	0.17874	2.4221e-05	0.033139	supercritical
308.36	123.00	160.44	0.0062328	177.10	253.77	5.1191	0.68483	1.1088	349.59	0.17767	2.4262e-05	0.033178	supercritical
309.36	123.00	159.76	0.0062593	177.88	254.87	5.1227	0.68479	1.1071	350.20	0.17662	2.4304e-05	0.033209	supercritical
310.36	123.00	159.09	0.0062859	178.66	255.98	5.1263	0.68476	1.1055	350.81	0.17557	2.4345e-05	0.033258	supercritical
311.36	123.00	158.42	0.0063124	179.44	257.08	5.1298	0.68473	1.1039	351.43	0.17452	2.4387e-05	0.033307	supercritical
312.36	123.00	157.76	0.0063388	180.22	258.19	5.1334	0.68470	1.1023	352.03	0.17348	2.4429e-05	0.033357	supercritical
313.36	123.00	157.10	0.0063652	181.00	259.29	5.1369	0.68468	1.1007	352.64	0.17245	2.4471e-05	0.033407	supercritical
314.36	123.00	156.46	0.0063915	181.77	260.39	5.1404	0.68466	1.0992	353.25	0.17142	2.4513e-05	0.033457	supercritical
315.36	123.00	155.82	0.0064178	182.55	261.49	5.1439	0.68464	1.0977	353.85	0.17040	2.4555e-05	0.033507	supercritical
316.36	123.00	155.18	0.0064441	183.32	262.58	5.1474	0.68464	1.0962	354.45	0.16938	2.4597e-05	0.033558	supercritical
317.36	123.00	154.55	0.0064703	184.10	263.68	5.1508	0.68463	1.0947	355.05	0.16837	2.4639e-05	0.033608	supercritical
318.36	123.00	153.93	0.0064965	184.87	264.77	5.1543	0.68463	1.0933	355.65	0.16737	2.4682e-05	0.033660	supercritical
319.36	123.00	153.31	0.0065226	185.64	265.87	5.1577	0.68463	1.0919	356.24	0.16637	2.4724e-05	0.033711	supercritical
320.36	123.00	152.70	0.0065487	186.41	266.96	5.1611	0.68464	1.0905	356.84	0.16538	2.4766e-05	0.033762	supercritical
321.36	123.00	152.10	0.0065748	187.18	268.05	5.1645	0.68465	1.0892	357.43	0.16440	2.4809e-05	0.033814	supercritical
322.36	123.00	151.50	0.0066008	187.95	269.14	5.1679	0.68466	1.0879	358.02	0.16342	2.4851e-05	0.033866	supercritical
323.36	123.00	150.90	0.0066268	188.71	270.22	5.1712	0.68468	1.0866	358.61	0.16244	2.4894e-05	0.033918	supercritical
324.36	123.00	150.32	0.0066527	189.48	271.31	5.1746	0.68471	1.0853	359.19	0.16147	2.4937e-05	0.033970	supercritical
325.36	123.00	149.73	0.0066786	190.25	272.39	5.1779	0.68473	1.0840	359.78	0.16051	2.4979e-05	0.034023	supercritical
326.36	123.00	149.16	0.0067044	191.01	273.48	5.1813	0.68476	1.0828	360.36	0.15955	2.5022e-05	0.034076	supercritical
327.36	123.00	148.58	0.0067303	191.78	274.56	5.1846	0.68480	1.0816	360.94	0.15860	2.5065e-05	0.034128	supercritical
328.36	123.00	148.02	0.0067560	192.54	275.64	5.1879	0.68483	1.0804	361.52	0.15765	2.5108e-05	0.034182	supercritical
329.36	123.00	147.45	0.0067818	193.30	276.72	5.1911	0.68487	1.0792	362.10	0.15671	2.5151e-05	0.034235	supercritical
330.36	123.00	146.90	0.0068075	194.07	277.80	5.1944	0.68492	1.0781	362.68	0.15577	2.5194e-05	0.034288	supercritical
331.36	123.00	146.35	0.0068332	194.83	278.88	5.1977	0.68497	1.0769	363.25	0.15484	2.5237e-05	0.034342	supercritical
332.36	123.00	145.80	0.0068588	195.59	279.95	5.2009	0.68502	1.0758	363.83	0.15392	2.5280e-05	0.034396	supercritical
333.36	123.00	145.26	0.0068844	196.35	281.03	5.2041	0.68507	1.0747	364.40	0.15300	2.5323e-05	0.034449	supercritical
334.36	123.00	144.72	0.0069100	197.11	282.10	5.2074	0.68513	1.0737	364.97	0.15208	2.5366e-05	0.034504	supercritical
335.36	123.00	144.19	0.0069355	197.87	283.18	5.2106	0.68519	1.0726	365.53	0.15118	2.5410e-05	0.034558	supercritical
336.36	123.00	143.66	0.0069610	198.63	284.25	5.2138	0.68525	1.0716	366.10	0.15027	2.5453e-05	0.034612	supercritical
337.36	123.00	143.13	0.0069865	199.39	285.32	5.2169	0.68532	1.0706	366.67	0.14937	2.5496e-05	0.034667	supercritical
338.36	123.00	142.61	0.0070119	200.14	286.39	5.2201	0.68539	1.0696	367.23	0.14848	2.5539e-05	0.034721	supercritical
339.36	123.00	142.10	0.0070373	200.90	287.46	5.2233	0.68547	1.0686	367.79	0.14759	2.5583e-05	0.034776	supercritical
340.36	123.00	141.59	0.0070627	201.66	288.53	5.2264	0.68554	1.0676	368.35	0.14671	2.5626e-05	0.034831	supercritical
341.36	123.00	141.08	0.0070880	202.41	289.59	5.2295	0.68562	1.0667	368.91	0.14583	2.5670e-05	0.034886	supercritical
342.36	123.00	140.58	0.0071133	203.17	290.66	5.2327	0.68571	1.0658	369.47	0.14496	2.5713e-05	0.034942	supercritical
343.36	123.00	140.08	0.0071386	203.92	291.72	5.2358	0.68579	1.0649	370.02	0.14409	2.5756e-05	0.034997	supercritical
344.36	123.00	139.59	0.0071638	204.67	292.79	5.2389	0.68588	1.0640	370.58	0.14323	2.5800e-05	0.035052	supercritical
345.36	123.00	139.10	0.0071890	205.43	293.85	5.2419	0.68597	1.0631	371.13	0.14237	2.5843e-05	0.035108	supercritical
346.36	123.00	138.62	0.0072142	206.18	294.92	5.2450	0.68607	1.0622	371.68	0.14152	2.5887e-05	0.035164	supercritical
347.36	123.00	138.13	0.0072394	206.93	295.98	5.2481	0.68616	1.0614	372.23	0.14067	2.5930e-05	0.035220	supercritical
348.36	123.00	137.66	0.0072645	207.68	297.04	5.2511	0.68626	1.0605	372.78	0.13982	2.5974e-05	0.035276	supercritical
349.36	123.00	137.18	0.0072896	208.44	298.10	5.2542	0.68637	1.0597	373.32	0.13899	2.6018e-05	0.035332	supercritical
350.36	123.00	136.71	0.0073147	209.19	299.16	5.2572	0.68647	1.0589	373.87	0.13815	2.6061e-05	0.035388	supercritical
351.36	123.00	136.25	0.0073397	209.94	300.22	5.2602	0.68658	1.0581	374.41	0.13732	2.6105e-05	0.035444	supercritical
352.36	123.00	135.78	0.0073647	210.69	301.27	5.2632	0.68669	1.0573	374.95	0.13650	2.6148e-05	0.035501	supercritical
353.36	123.00	135.32	0.0073897	211.44	302.33	5.2662	0.68680	1.0566	375.49	0.13568	2.6192e-05	0.035557	supercritical
354.36	123.00	134.87	0.0074146	212.19	303.39	5.2692	0.68692	1.0558	376.03	0.13486	2.6236e-05	0.035614	supercritical
355.36	123.00	134.42	0.0074396	212.94	304.44	5.2722	0.68704	1.0551	376.57	0.13405	2.6279e-05	0.035671	supercritical
356.36	123.00	133.97	0.0074645	213.68	305.50	5.2751	0.68716	1.0544	377.11	0.13325	2.6323e-05	0.035728	supercritical
357.36	123.00	133.52	0.0074894	214.43	306.55	5.2781	0.68728	1.0536	377.64	0.13245	2.6366e-05	0.035785	supercritical
358.36	123.00	133.08	0.0075142	215.18	307.60	5.2810	0.68741	1.0529	378.18	0.13165	2.6410e-05	0.035842	supercritical
359.36	123.00	132.64	0.0075390	215.93	308.66	5.2840	0.68754	1.0523	378.71	0.13086	2.6454e-05	0.035899	supercritical
360.36	123.00	132.21	0.0075638	216.67	309.71	5.2869	0.68767	1.0516	379.24	0.13007	2.6498e-05	0.035956	supercritical
361.36	123.00	131.78	0.0075886	217.42	310.76	5.2898	0.68780	1.0509	379.77	0.12929	2.6541e-05	0.036013	supercritical
362.36	123.00	131.35	0.0076133	218.17	311.81	5.2927	0.68794	1.0503	380.30	0.12851	2.6585e-05	0.036071	supercritical
363.36	123.00	130.92	0.0076381	218.91	312.86	5.2956	0.68808	1.0496	380.82	0.12773	2.6629e-05	0.036128	supercritical
364.36	123.00	130.50	0.0076628	219.66	313.91	5.2985	0.68822	1.0490	381.35	0.12696	2.6672e-05	0.036186	supercritical
365.36	123.00	130.08	0.0076874	220.40	314.96	5.3014	0.68836	1.0484	381.87	0.12620	2.6716e-05	0.036243	supercritical
366.36	123.00	129.67	0.0077121	221.15	316.01	5.3042	0.68851	1.0478	382.40	0.12543	2.6760e-05	0.036301	supercritical
367.36	123.00	129.25	0.0077367	221.89	317.05	5.3071	0.68865	1.0472	382.92	0.12468	2.6803e-05	0.036359	supercritical
368.36	123.00	128.84	0.0077613	222.64	318.10	5.3099	0.68880	1.0466	383.44	0.12392	2.6847e-05	0.036417	supercritical
369.36	123.00	128.44	0.0077859	223.38	319.15	5.3128	0.68895	1.0460	383.96	0.12317	2.6891e-05	0.036475	supercritical
370.36	123.00	128.03	0.0078105	224.12	320.19	5.3156	0.68911	1.0455	384.47	0.12243	2.6934e-05	0.036533	supercritical
371.36	123.00	127.63	0.0078350	224.87	321.24	5.3184	0.68926	1.0449	384.99	0.12169	2.6978e-05	0.036591	supercritical
372.36	123.00	127.23	0.0078595	225.61	322.28	5.3212	0.68942	1.0444	385.51	0.12095	2.7022e-05	0.036649	supercritical
373.36	123.00	126.84	0.0078840	226.35	323.33	5.3240	0.68958	1.0439	386.02	0.12022	2.7066e-05	0.036707	supercritical
374.36	123.00	126.45	0.0079085	227.10	324.37	5.3268	0.68974	1.0433	386.53	0.11949	2.7109e-05	0.036766	supercritical
375.36	123.00	126.06	0.0079329	227.84	325.41	5.3296	0.68991	1.0428	387.04	0.11877	2.7153e-05	0.036824	supercritical
376.36	123.00	125.67	0.0079573	228.58	326.46	5.3324	0.69007	1.0423	387.55	0.11805	2.7197e-05	0.036883	supercritical
377.36	123.00	125.29	0.0079817	229.32	327.50	5.3351	0.69024	1.0418	388.06	0.11733	2.7240e-05	0.036941	supercritical
378.36	123.00	124.90	0.0080061	230.07	328.54	5.3379	0.69041	1.0413	388.57	0.11662	2.7284e-05	0.037000	supercritical
379.36	123.00	124.53	0.0080305	230.81	329.58	5.3406	0.69058	1.0409	389.08	0.11591	2.7328e-05	0.037058	supercritical
380.36	123.00	124.15	0.0080548	231.55	330.62	5.3434	0.69076	1.0404	389.58	0.11520	2.7371e-05	0.037117	supercritical
381.36	123.00	123.78	0.0080791	232.29	331.66	5.3461	0.69093	1.0399	390.09	0.11450	2.7415e-05	0.037176	supercritical
382.36	123.00	123.40	0.0081034	233.03	332.70	5.3488	0.69111	1.0395	390.59	0.11380	2.7458e-05	0.037235	supercritical
383.36	123.00	123.04	0.0081277	233.77	333.74	5.3515	0.69129	1.0391	391.09	0.11311	2.7502e-05	0.037293	supercritical
384.36	123.00	122.67	0.0081519	234.51	334.78	5.3542	0.69147	1.0386	391.59	0.11242	2.7546e-05	0.037352	supercritical
385.36	123.00	122.31	0.0081762	235.25	335.82	5.3569	0.69165	1.0382	392.09	0.11174	2.7589e-05	0.037411	supercritical
386.36	123.00	121.95	0.0082004	235.99	336.86	5.3596	0.69184	1.0378	392.59	0.11105	2.7633e-05	0.037470	supercritical
387.36	123.00	121.59	0.0082246	236.73	337.89	5.3623	0.69202	1.0374	393.09	0.11037	2.7676e-05	0.037529	supercritical
388.36	123.00	121.23	0.0082488	237.47	338.93	5.3650	0.69221	1.0370	393.59	0.10970	2.7720e-05	0.037589	supercritical
389.36	123.00	120.88	0.0082729	238.21	339.97	5.3677	0.69240	1.0366	394.08	0.10903	2.7764e-05	0.037648	supercritical
390.36	123.00	120.52	0.0082971	238.95	341.00	5.3703	0.69259	1.0362	394.57	0.10836	2.7807e-05	0.037707	supercritical
391.36	123.00	120.17	0.0083212	239.69	342.04	5.3730	0.69279	1.0358	395.07	0.10770	2.7851e-05	0.037766	supercritical
392.36	123.00	119.83	0.0083453	240.43	343.08	5.3756	0.69298	1.0355	395.56	0.10704	2.7894e-05	0.037826	supercritical
393.36	123.00	119.48	0.0083694	241.17	344.11	5.3782	0.69318	1.0351	396.05	0.10638	2.7938e-05	0.037885	supercritical
394.36	123.00	119.14	0.0083935	241.91	345.15	5.3809	0.69338	1.0348	396.54	0.10573	2.7981e-05	0.037944	supercritical
395.36	123.00	118.80	0.0084175	242.65	346.18	5.3835	0.69358	1.0344	397.03	0.10508	2.8025e-05	0.038004	supercritical
396.36	123.00	118.46	0.0084415	243.38	347.21	5.3861	0.69378	1.0341	397.52	0.10443	2.8068e-05	0.038063	supercritical
397.36	123.00	118.13	0.0084655	244.12	348.25	5.3887	0.69398	1.0337	398.00	0.10379	2.8111e-05	0.038123	supercritical
398.36	123.00	117.79	0.0084895	244.86	349.28	5.3913	0.69418	1.0334	398.49	0.10315	2.8155e-05	0.038182	supercritical
399.36	123.00	117.46	0.0085135	245.60	350.32	5.3939	0.69439	1.0331	398.97	0.10251	2.8198e-05	0.038242	supercritical
400.36	123.00	117.13	0.0085375	246.34	351.35	5.3965	0.69460	1.0328	399.45	0.10188	2.8242e-05	0.038302	supercritical
401.36	123.00	116.80	0.0085614	247.08	352.38	5.3991	0.69481	1.0325	399.94	0.10125	2.8285e-05	0.038361	supercritical
402.36	123.00	116.48	0.0085854	247.81	353.41	5.4016	0.69502	1.0322	400.42	0.10063	2.8328e-05	0.038421	supercritical
403.36	123.00	116.15	0.0086093	248.55	354.45	5.4042	0.69523	1.0319	400.90	0.10000	2.8372e-05	0.038481	supercritical
404.36	123.00	115.83	0.0086332	249.29	355.48	5.4067	0.69544	1.0316	401.38	0.099385	2.8415e-05	0.038541	supercritical
405.36	123.00	115.51	0.0086570	250.03	356.51	5.4093	0.69566	1.0313	401.85	0.098769	2.8458e-05	0.038600	supercritical
406.36	123.00	115.20	0.0086809	250.76	357.54	5.4118	0.69587	1.0311	402.33	0.098156	2.8502e-05	0.038660	supercritical
407.36	123.00	114.88	0.0087047	251.50	358.57	5.4144	0.69609	1.0308	402.81	0.097547	2.8545e-05	0.038720	supercritical
408.36	123.00	114.57	0.0087286	252.24	359.60	5.4169	0.69631	1.0305	403.28	0.096941	2.8588e-05	0.038780	supercritical
409.36	123.00	114.25	0.0087524	252.98	360.63	5.4194	0.69653	1.0303	403.76	0.096338	2.8631e-05	0.038840	supercritical
410.36	123.00	113.94	0.0087762	253.71	361.66	5.4219	0.69675	1.0300	404.23	0.095738	2.8675e-05	0.038900	supercritical
411.36	123.00	113.64	0.0088000	254.45	362.69	5.4244	0.69697	1.0298	404.70	0.095141	2.8718e-05	0.038960	supercritical
412.36	123.00	113.33	0.0088237	255.19	363.72	5.4269	0.69719	1.0296	405.17	0.094548	2.8761e-05	0.039020	supercritical
413.36	123.00	113.03	0.0088475	255.93	364.75	5.4294	0.69742	1.0293	405.64	0.093957	2.8804e-05	0.039080	supercritical
414.36	123.00	112.72	0.0088712	256.66	365.78	5.4319	0.69765	1.0291	406.11	0.093370	2.8847e-05	0.039140	supercritical
415.36	123.00	112.42	0.0088949	257.40	366.81	5.4344	0.69787	1.0289	406.58	0.092786	2.8890e-05	0.039200	supercritical
416.36	123.00	112.12	0.0089186	258.14	367.84	5.4369	0.69810	1.0287	407.05	0.092205	2.8933e-05	0.039261	supercritical
417.36	123.00	111.83	0.0089423	258.88	368.87	5.4393	0.69833	1.0285	407.52	0.091626	2.8977e-05	0.039321	supercritical
418.36	123.00	111.53	0.0089660	259.61	369.89	5.4418	0.69856	1.0283	407.98	0.091051	2.9020e-05	0.039381	supercritical
419.36	123.00	111.24	0.0089897	260.35	370.92	5.4442	0.69880	1.0281	408.45	0.090479	2.9063e-05	0.039441	supercritical
420.36	123.00	110.95	0.0090133	261.09	371.95	5.4467	0.69903	1.0279	408.91	0.089910	2.9106e-05	0.039501	supercritical
421.36	123.00	110.66	0.0090370	261.82	372.98	5.4491	0.69926	1.0277	409.37	0.089344	2.9149e-05	0.039562	supercritical
422.36	123.00	110.37	0.0090606	262.56	374.01	5.4516	0.69950	1.0275	409.83	0.088780	2.9192e-05	0.039622	supercritical
423.36	123.00	110.08	0.0090842	263.30	375.03	5.4540	0.69974	1.0273	410.29	0.088220	2.9235e-05	0.039682	supercritical
424.36	123.00	109.80	0.0091078	264.04	376.06	5.4564	0.69997	1.0271	410.75	0.087662	2.9277e-05	0.039743	supercritical
425.36	123.00	109.51	0.0091313	264.77	377.09	5.4588	0.70021	1.0270	411.21	0.087108	2.9320e-05	0.039803	supercritical
426.36	123.00	109.23	0.0091549	265.51	378.11	5.4613	0.70045	1.0268	411.67	0.086556	2.9363e-05	0.039863	supercritical
427.36	123.00	108.95	0.0091785	266.25	379.14	5.4637	0.70069	1.0266	412.13	0.086007	2.9406e-05	0.039924	supercritical
428.36	123.00	108.67	0.0092020	266.98	380.17	5.4661	0.70094	1.0265	412.59	0.085461	2.9449e-05	0.039984	supercritical
429.36	123.00	108.39	0.0092255	267.72	381.19	5.4685	0.70118	1.0263	413.04	0.084917	2.9492e-05	0.040045	supercritical
430.36	123.00	108.12	0.0092490	268.46	382.22	5.4708	0.70142	1.0262	413.50	0.084377	2.9535e-05	0.040105	supercritical
431.36	123.00	107.85	0.0092725	269.19	383.25	5.4732	0.70167	1.0261	413.95	0.083839	2.9577e-05	0.040165	supercritical
432.36	123.00	107.57	0.0092960	269.93	384.27	5.4756	0.70191	1.0259	414.40	0.083304	2.9620e-05	0.040226	supercritical
433.36	123.00	107.30	0.0093195	270.67	385.30	5.4780	0.70216	1.0258	414.86	0.082772	2.9663e-05	0.040286	supercritical
434.36	123.00	107.03	0.0093429	271.41	386.32	5.4803	0.70241	1.0257	415.31	0.082242	2.9706e-05	0.040347	supercritical
435.36	123.00	106.76	0.0093664	272.14	387.35	5.4827	0.70266	1.0255	415.76	0.081715	2.9748e-05	0.040408	supercritical
436.36	123.00	106.50	0.0093898	272.88	388.38	5.4850	0.70291	1.0254	416.21	0.081191	2.9791e-05	0.040468	supercritical
437.36	123.00	106.23	0.0094132	273.62	389.40	5.4874	0.70316	1.0253	416.66	0.080669	2.9833e-05	0.040529	supercritical
438.36	123.00	105.97	0.0094366	274.36	390.43	5.4897	0.70341	1.0252	417.10	0.080150	2.9876e-05	0.040589	supercritical
439.36	123.00	105.71	0.0094600	275.09	391.45	5.4921	0.70366	1.0251	417.55	0.079634	2.9919e-05	0.040650	supercritical
440.36	123.00	105.45	0.0094834	275.83	392.48	5.4944	0.70392	1.0250	418.00	0.079120	2.9961e-05	0.040710	supercritical
441.36	123.00	105.19	0.0095068	276.57	393.50	5.4967	0.70417	1.0249	418.44	0.078609	3.0004e-05	0.040771	supercritical
442.36	123.00	104.93	0.0095302	277.31	394.53	5.4990	0.70442	1.0248	418.89	0.078100	3.0046e-05	0.040832	supercritical
443.36	123.00	104.67	0.0095535	278.04	395.55	5.5014	0.70468	1.0247	419.33	0.077595	3.0089e-05	0.040892	supercritical
444.36	123.00	104.42	0.0095768	278.78	396.58	5.5037	0.70494	1.0246	419.77	0.077091	3.0131e-05	0.040953	supercritical
445.36	123.00	104.16	0.0096002	279.52	397.60	5.5060	0.70519	1.0245	420.22	0.076590	3.0174e-05	0.041014	supercritical
446.36	123.00	103.91	0.0096235	280.26	398.62	5.5083	0.70545	1.0245	420.66	0.076092	3.0216e-05	0.041074	supercritical
447.36	123.00	103.66	0.0096468	280.99	399.65	5.5106	0.70571	1.0244	421.10	0.075596	3.0258e-05	0.041135	supercritical
448.36	123.00	103.41	0.0096701	281.73	400.67	5.5128	0.70597	1.0243	421.54	0.075102	3.0301e-05	0.041196	supercritical
449.36	123.00	103.16	0.0096933	282.47	401.70	5.5151	0.70623	1.0242	421.98	0.074611	3.0343e-05	0.041256	supercritical
450.36	123.00	102.92	0.0097166	283.21	402.72	5.5174	0.70649	1.0242	422.42	0.074123	3.0385e-05	0.041317	supercritical
451.36	123.00	102.67	0.0097399	283.95	403.75	5.5197	0.70675	1.0241	422.85	0.073637	3.0428e-05	0.041378	supercritical
452.36	123.00	102.43	0.0097631	284.68	404.77	5.5219	0.70702	1.0241	423.29	0.073153	3.0470e-05	0.041438	supercritical
453.36	123.00	102.18	0.0097863	285.42	405.79	5.5242	0.70728	1.0240	423.73	0.072672	3.0512e-05	0.041499	supercritical
454.36	123.00	101.94	0.0098096	286.16	406.82	5.5265	0.70754	1.0240	424.16	0.072193	3.0554e-05	0.041560	supercritical
455.36	123.00	101.70	0.0098328	286.90	407.84	5.5287	0.70781	1.0239	424.60	0.071717	3.0597e-05	0.041621	supercritical
456.36	123.00	101.46	0.0098560	287.64	408.87	5.5310	0.70807	1.0239	425.03	0.071242	3.0639e-05	0.041681	supercritical
457.36	123.00	101.22	0.0098792	288.38	409.89	5.5332	0.70834	1.0238	425.47	0.070771	3.0681e-05	0.041742	supercritical
458.36	123.00	100.99	0.0099023	289.11	410.91	5.5354	0.70861	1.0238	425.90	0.070301	3.0723e-05	0.041803	supercritical
459.36	123.00	100.75	0.0099255	289.85	411.94	5.5377	0.70887	1.0237	426.33	0.069834	3.0765e-05	0.041864	supercritical
460.36	123.00	100.52	0.0099487	290.59	412.96	5.5399	0.70914	1.0237	426.76	0.069369	3.0807e-05	0.041924	supercritical
461.36	123.00	100.28	0.0099718	291.33	413.98	5.5421	0.70941	1.0237	427.19	0.068906	3.0849e-05	0.041985	supercritical
462.36	123.00	100.05	0.0099950	292.07	415.01	5.5443	0.70968	1.0237	427.62	0.068446	3.0891e-05	0.042046	supercritical
463.36	123.00	99.820	0.010018	292.81	416.03	5.5465	0.70995	1.0236	428.05	0.067988	3.0933e-05	0.042107	supercritical
464.36	123.00	99.590	0.010041	293.55	417.06	5.5487	0.71022	1.0236	428.48	0.067532	3.0975e-05	0.042167	supercritical
465.36	123.00	99.361	0.010064	294.29	418.08	5.5510	0.71049	1.0236	428.91	0.067079	3.1017e-05	0.042228	supercritical
466.36	123.00	99.134	0.010087	295.03	419.10	5.5531	0.71076	1.0236	429.33	0.066627	3.1059e-05	0.042289	supercritical
467.36	123.00	98.907	0.010110	295.77	420.13	5.5553	0.71103	1.0236	429.76	0.066178	3.1101e-05	0.042350	supercritical
468.36	123.00	98.682	0.010134	296.51	421.15	5.5575	0.71131	1.0236	430.18	0.065731	3.1143e-05	0.042411	supercritical
469.36	123.00	98.458	0.010157	297.25	422.17	5.5597	0.71158	1.0236	430.61	0.065286	3.1185e-05	0.042471	supercritical
470.36	123.00	98.235	0.010180	297.99	423.20	5.5619	0.71185	1.0235	431.03	0.064844	3.1226e-05	0.042532	supercritical
471.36	123.00	98.013	0.010203	298.73	424.22	5.5641	0.71213	1.0235	431.46	0.064403	3.1268e-05	0.042593	supercritical
472.36	123.00	97.792	0.010226	299.47	425.24	5.5662	0.71240	1.0235	431.88	0.063965	3.1310e-05	0.042654	supercritical
473.36	123.00	97.572	0.010249	300.21	426.27	5.5684	0.71267	1.0236	432.30	0.063529	3.1352e-05	0.042715	supercritical
474.36	123.00	97.354	0.010272	300.95	427.29	5.5706	0.71295	1.0236	432.72	0.063095	3.1393e-05	0.042775	supercritical
475.36	123.00	97.136	0.010295	301.69	428.32	5.5727	0.71323	1.0236	433.14	0.062663	3.1435e-05	0.042836	supercritical
476.36	123.00	96.919	0.010318	302.43	429.34	5.5749	0.71350	1.0236	433.56	0.062233	3.1477e-05	0.042897	supercritical
477.36	123.00	96.704	0.010341	303.17	430.36	5.5770	0.71378	1.0236	433.98	0.061805	3.1518e-05	0.042958	supercritical
478.36	123.00	96.490	0.010364	303.91	431.39	5.5792	0.71406	1.0236	434.40	0.061379	3.1560e-05	0.043019	supercritical
479.36	123.00	96.276	0.010387	304.65	432.41	5.5813	0.71433	1.0236	434.82	0.060955	3.1601e-05	0.043079	supercritical
480.36	123.00	96.064	0.010410	305.39	433.43	5.5834	0.71461	1.0237	435.24	0.060533	3.1643e-05	0.043140	supercritical
481.36	123.00	95.852	0.010433	306.13	434.46	5.5856	0.71489	1.0237	435.65	0.060114	3.1685e-05	0.043201	supercritical
482.36	123.00	95.642	0.010456	306.88	435.48	5.5877	0.71517	1.0237	436.07	0.059696	3.1726e-05	0.043262	supercritical
483.36	123.00	95.433	0.010479	307.62	436.50	5.5898	0.71545	1.0237	436.48	0.059280	3.1767e-05	0.043323	supercritical
484.36	123.00	95.224	0.010502	308.36	437.53	5.5919	0.71573	1.0238	436.90	0.058866	3.1809e-05	0.043383	supercritical
485.36	123.00	95.017	0.010524	309.10	438.55	5.5940	0.71601	1.0238	437.31	0.058455	3.1850e-05	0.043444	supercritical
486.36	123.00	94.810	0.010547	309.84	439.58	5.5961	0.71629	1.0238	437.73	0.058045	3.1892e-05	0.043505	supercritical
487.36	123.00	94.605	0.010570	310.59	440.60	5.5982	0.71657	1.0239	438.14	0.057637	3.1933e-05	0.043566	supercritical
488.36	123.00	94.401	0.010593	311.33	441.62	5.6003	0.71685	1.0239	438.55	0.057231	3.1974e-05	0.043627	supercritical
489.36	123.00	94.197	0.010616	312.07	442.65	5.6024	0.71713	1.0240	438.96	0.056827	3.2016e-05	0.043687	supercritical
490.36	123.00	93.994	0.010639	312.81	443.67	5.6045	0.71741	1.0240	439.37	0.056425	3.2057e-05	0.043748	supercritical
491.36	123.00	93.793	0.010662	313.56	444.70	5.6066	0.71769	1.0240	439.79	0.056025	3.2098e-05	0.043809	supercritical
492.36	123.00	93.592	0.010685	314.30	445.72	5.6087	0.71797	1.0241	440.20	0.055627	3.2139e-05	0.043870	supercritical
493.36	123.00	93.392	0.010708	315.04	446.74	5.6108	0.71826	1.0241	440.60	0.055230	3.2181e-05	0.043931	supercritical
494.36	123.00	93.194	0.010730	315.78	447.77	5.6128	0.71854	1.0242	441.01	0.054836	3.2222e-05	0.043991	supercritical
495.36	123.00	92.996	0.010753	316.53	448.79	5.6149	0.71882	1.0243	441.42	0.054443	3.2263e-05	0.044052	supercritical
496.36	123.00	92.799	0.010776	317.27	449.82	5.6170	0.71911	1.0243	441.83	0.054052	3.2304e-05	0.044113	supercritical
497.36	123.00	92.602	0.010799	318.01	450.84	5.6190	0.71939	1.0244	442.24	0.053663	3.2345e-05	0.044174	supercritical
498.36	123.00	92.407	0.010822	318.76	451.86	5.6211	0.71967	1.0244	442.64	0.053276	3.2386e-05	0.044234	supercritical
499.36	123.00	92.213	0.010844	319.50	452.89	5.6231	0.71996	1.0245	443.05	0.052890	3.2427e-05	0.044295	supercritical
500.36	123.00	92.019	0.010867	320.25	453.91	5.6252	0.72024	1.0246	443.45	0.052507	3.2468e-05	0.044356	supercritical
501.36	123.00	91.827	0.010890	320.99	454.94	5.6272	0.72053	1.0246	443.86	0.052125	3.2509e-05	0.044417	supercritical
502.36	123.00	91.635	0.010913	321.74	455.96	5.6293	0.72081	1.0247	444.26	0.051745	3.2550e-05	0.044477	supercritical
503.36	123.00	91.444	0.010936	322.48	456.99	5.6313	0.72110	1.0248	444.66	0.051367	3.2591e-05	0.044538	supercritical
504.36	123.00	91.254	0.010958	323.22	458.01	5.6334	0.72138	1.0248	445.07	0.050990	3.2632e-05	0.044599	supercritical
505.36	123.00	91.065	0.010981	323.97	459.04	5.6354	0.72167	1.0249	445.47	0.050616	3.2673e-05	0.044660	supercritical
506.36	123.00	90.877	0.011004	324.71	460.06	5.6374	0.72195	1.0250	445.87	0.050243	3.2714e-05	0.044720	supercritical
507.36	123.00	90.689	0.011027	325.46	461.09	5.6394	0.72224	1.0251	446.27	0.049871	3.2755e-05	0.044781	supercritical
508.36	123.00	90.503	0.011049	326.21	462.11	5.6415	0.72252	1.0251	446.67	0.049502	3.2795e-05	0.044842	supercritical
509.36	123.00	90.317	0.011072	326.95	463.14	5.6435	0.72281	1.0252	447.07	0.049134	3.2836e-05	0.044902	supercritical
510.36	123.00	90.132	0.011095	327.70	464.16	5.6455	0.72309	1.0253	447.47	0.048768	3.2877e-05	0.044963	supercritical
511.36	123.00	89.948	0.011118	328.44	465.19	5.6475	0.72338	1.0254	447.87	0.048403	3.2918e-05	0.045024	supercritical
512.36	123.00	89.765	0.011140	329.19	466.21	5.6495	0.72367	1.0255	448.27	0.048041	3.2958e-05	0.045085	supercritical
513.36	123.00	89.582	0.011163	329.93	467.24	5.6515	0.72395	1.0255	448.67	0.047679	3.2999e-05	0.045145	supercritical
514.36	123.00	89.400	0.011186	330.68	468.26	5.6535	0.72424	1.0256	449.07	0.047320	3.3040e-05	0.045206	supercritical
515.36	123.00	89.219	0.011208	331.43	469.29	5.6555	0.72453	1.0257	449.46	0.046962	3.3080e-05	0.045267	supercritical
516.36	123.00	89.039	0.011231	332.17	470.32	5.6575	0.72481	1.0258	449.86	0.046606	3.3121e-05	0.045327	supercritical
517.36	123.00	88.860	0.011254	332.92	471.34	5.6594	0.72510	1.0259	450.25	0.046251	3.3161e-05	0.045388	supercritical
518.36	123.00	88.681	0.011276	333.67	472.37	5.6614	0.72539	1.0260	450.65	0.045899	3.3202e-05	0.045449	supercritical
519.36	123.00	88.503	0.011299	334.42	473.39	5.6634	0.72568	1.0261	451.04	0.045547	3.3242e-05	0.045509	supercritical
520.36	123.00	88.326	0.011322	335.16	474.42	5.6654	0.72596	1.0262	451.44	0.045198	3.3283e-05	0.045570	supercritical
521.36	123.00	88.150	0.011344	335.91	475.45	5.6674	0.72625	1.0263	451.83	0.044849	3.3323e-05	0.045630	supercritical
522.36	123.00	87.974	0.011367	336.66	476.47	5.6693	0.72654	1.0264	452.22	0.044503	3.3364e-05	0.045691	supercritical
523.36	123.00	87.800	0.011390	337.41	477.50	5.6713	0.72683	1.0265	452.62	0.044158	3.3404e-05	0.045752	supercritical
524.36	123.00	87.626	0.011412	338.16	478.53	5.6732	0.72711	1.0266	453.01	0.043815	3.3445e-05	0.045812	supercritical
525.36	123.00	87.452	0.011435	338.90	479.55	5.6752	0.72740	1.0267	453.40	0.043473	3.3485e-05	0.045873	supercritical
526.36	123.00	87.280	0.011457	339.65	480.58	5.6771	0.72769	1.0268	453.79	0.043132	3.3525e-05	0.045933	supercritical
527.36	123.00	87.108	0.011480	340.40	481.61	5.6791	0.72798	1.0269	454.18	0.042794	3.3566e-05	0.045994	supercritical
528.36	123.00	86.937	0.011503	341.15	482.63	5.6810	0.72827	1.0270	454.57	0.042456	3.3606e-05	0.046055	supercritical
529.36	123.00	86.766	0.011525	341.90	483.66	5.6830	0.72855	1.0271	454.96	0.042121	3.3646e-05	0.046115	supercritical
530.36	123.00	86.596	0.011548	342.65	484.69	5.6849	0.72884	1.0272	455.35	0.041786	3.3686e-05	0.046176	supercritical
531.36	123.00	86.427	0.011570	343.40	485.71	5.6869	0.72913	1.0273	455.74	0.041454	3.3726e-05	0.046236	supercritical
532.36	123.00	86.259	0.011593	344.15	486.74	5.6888	0.72942	1.0275	456.13	0.041123	3.3767e-05	0.046297	supercritical
533.36	123.00	86.092	0.011616	344.90	487.77	5.6907	0.72971	1.0276	456.51	0.040793	3.3807e-05	0.046357	supercritical
534.36	123.00	85.925	0.011638	345.65	488.80	5.6926	0.72999	1.0277	456.90	0.040465	3.3847e-05	0.046418	supercritical
535.36	123.00	85.759	0.011661	346.40	489.82	5.6946	0.73028	1.0278	457.29	0.040138	3.3887e-05	0.046478	supercritical
536.36	123.00	85.593	0.011683	347.15	490.85	5.6965	0.73057	1.0279	457.67	0.039812	3.3927e-05	0.046539	supercritical
537.36	123.00	85.428	0.011706	347.90	491.88	5.6984	0.73086	1.0280	458.06	0.039489	3.3967e-05	0.046599	supercritical
538.36	123.00	85.264	0.011728	348.65	492.91	5.7003	0.73115	1.0282	458.44	0.039166	3.4007e-05	0.046660	supercritical
539.36	123.00	85.101	0.011751	349.40	493.94	5.7022	0.73143	1.0283	458.83	0.038845	3.4047e-05	0.046720	supercritical
540.36	123.00	84.938	0.011773	350.15	494.97	5.7041	0.73172	1.0284	459.21	0.038525	3.4087e-05	0.046781	supercritical
541.36	123.00	84.776	0.011796	350.90	495.99	5.7060	0.73201	1.0285	459.60	0.038207	3.4127e-05	0.046841	supercritical
542.36	123.00	84.614	0.011818	351.66	497.02	5.7079	0.73230	1.0286	459.98	0.037891	3.4167e-05	0.046901	supercritical
543.36	123.00	84.453	0.011841	352.41	498.05	5.7098	0.73259	1.0288	460.36	0.037575	3.4207e-05	0.046962	supercritical
544.36	123.00	84.293	0.011863	353.16	499.08	5.7117	0.73287	1.0289	460.75	0.037261	3.4247e-05	0.047022	supercritical
545.36	123.00	84.134	0.011886	353.91	500.11	5.7136	0.73316	1.0290	461.13	0.036949	3.4286e-05	0.047083	supercritical
546.36	123.00	83.975	0.011908	354.67	501.14	5.7155	0.73345	1.0291	461.51	0.036637	3.4326e-05	0.047143	supercritical
547.36	123.00	83.816	0.011931	355.42	502.17	5.7174	0.73374	1.0293	461.89	0.036328	3.4366e-05	0.047203	supercritical
548.36	123.00	83.659	0.011953	356.17	503.20	5.7192	0.73402	1.0294	462.27	0.036019	3.4406e-05	0.047264	supercritical
549.36	123.00	83.502	0.011976	356.92	504.23	5.7211	0.73431	1.0295	462.65	0.035712	3.4445e-05	0.047324	supercritical
550.36	123.00	83.346	0.011998	357.68	505.26	5.7230	0.73460	1.0297	463.03	0.035406	3.4485e-05	0.047385	supercritical
551.36	123.00	83.190	0.012021	358.43	506.29	5.7249	0.73489	1.0298	463.41	0.035102	3.4525e-05	0.047445	supercritical
552.36	123.00	83.035	0.012043	359.18	507.32	5.7267	0.73517	1.0299	463.79	0.034799	3.4564e-05	0.047505	supercritical
553.36	123.00	82.880	0.012066	359.94	508.35	5.7286	0.73546	1.0301	464.16	0.034497	3.4604e-05	0.047566	supercritical
554.36	123.00	82.726	0.012088	360.69	509.38	5.7305	0.73575	1.0302	464.54	0.034196	3.4644e-05	0.047626	supercritical
555.36	123.00	82.573	0.012110	361.45	510.41	5.7323	0.73604	1.0303	464.92	0.033897	3.4683e-05	0.047686	supercritical
556.36	123.00	82.420	0.012133	362.20	511.44	5.7342	0.73632	1.0305	465.30	0.033599	3.4723e-05	0.047746	supercritical
557.36	123.00	82.268	0.012155	362.96	512.47	5.7360	0.73661	1.0306	465.67	0.033303	3.4762e-05	0.047807	supercritical
558.36	123.00	82.117	0.012178	363.71	513.50	5.7379	0.73690	1.0308	466.05	0.033008	3.4802e-05	0.047867	supercritical
559.36	123.00	81.966	0.012200	364.47	514.53	5.7397	0.73718	1.0309	466.42	0.032714	3.4841e-05	0.047927	supercritical
560.36	123.00	81.816	0.012223	365.22	515.56	5.7415	0.73747	1.0310	466.80	0.032421	3.4881e-05	0.047987	supercritical
561.36	123.00	81.666	0.012245	365.98	516.59	5.7434	0.73776	1.0312	467.17	0.032129	3.4920e-05	0.048048	supercritical
562.36	123.00	81.517	0.012267	366.73	517.62	5.7452	0.73804	1.0313	467.55	0.031839	3.4959e-05	0.048108	supercritical
563.36	123.00	81.368	0.012290	367.49	518.65	5.7471	0.73833	1.0315	467.92	0.031550	3.4999e-05	0.048168	supercritical
564.36	123.00	81.220	0.012312	368.24	519.68	5.7489	0.73861	1.0316	468.29	0.031263	3.5038e-05	0.048228	supercritical
565.36	123.00	81.073	0.012335	369.00	520.72	5.7507	0.73890	1.0317	468.67	0.030976	3.5077e-05	0.048288	supercritical
566.36	123.00	80.926	0.012357	369.76	521.75	5.7525	0.73919	1.0319	469.04	0.030691	3.5117e-05	0.048349	supercritical
567.36	123.00	80.780	0.012379	370.51	522.78	5.7544	0.73947	1.0320	469.41	0.030407	3.5156e-05	0.048409	supercritical
568.36	123.00	80.634	0.012402	371.27	523.81	5.7562	0.73976	1.0322	469.78	0.030124	3.5195e-05	0.048469	supercritical
569.36	123.00	80.489	0.012424	372.03	524.84	5.7580	0.74004	1.0323	470.16	0.029842	3.5234e-05	0.048529	supercritical
570.36	123.00	80.344	0.012446	372.79	525.88	5.7598	0.74033	1.0325	470.53	0.029562	3.5274e-05	0.048589	supercritical
571.36	123.00	80.200	0.012469	373.54	526.91	5.7616	0.74061	1.0326	470.90	0.029283	3.5313e-05	0.048649	supercritical
572.36	123.00	80.057	0.012491	374.30	527.94	5.7634	0.74090	1.0328	471.27	0.029005	3.5352e-05	0.048709	supercritical
573.36	123.00	79.914	0.012513	375.06	528.97	5.7652	0.74118	1.0329	471.64	0.028728	3.5391e-05	0.048769	supercritical
574.36	123.00	79.771	0.012536	375.82	530.01	5.7670	0.74147	1.0331	472.01	0.028452	3.5430e-05	0.048830	supercritical
575.36	123.00	79.630	0.012558	376.58	531.04	5.7688	0.74175	1.0332	472.37	0.028178	3.5469e-05	0.048890	supercritical
576.36	123.00	79.488	0.012580	377.33	532.07	5.7706	0.74203	1.0334	472.74	0.027905	3.5508e-05	0.048950	supercritical
577.36	123.00	79.347	0.012603	378.09	533.11	5.7724	0.74232	1.0335	473.11	0.027632	3.5547e-05	0.049010	supercritical
578.36	123.00	79.207	0.012625	378.85	534.14	5.7742	0.74260	1.0337	473.48	0.027361	3.5586e-05	0.049070	supercritical
579.36	123.00	79.067	0.012647	379.61	535.17	5.7760	0.74289	1.0338	473.84	0.027092	3.5625e-05	0.049130	supercritical
580.36	123.00	78.928	0.012670	380.37	536.21	5.7778	0.74317	1.0340	474.21	0.026823	3.5664e-05	0.049190	supercritical
581.36	123.00	78.789	0.012692	381.13	537.24	5.7795	0.74345	1.0341	474.58	0.026555	3.5703e-05	0.049250	supercritical
582.36	123.00	78.651	0.012714	381.89	538.28	5.7813	0.74373	1.0343	474.94	0.026289	3.5742e-05	0.049310	supercritical
583.36	123.00	78.514	0.012737	382.65	539.31	5.7831	0.74402	1.0345	475.31	0.026023	3.5781e-05	0.049370	supercritical
584.36	123.00	78.376	0.012759	383.41	540.35	5.7849	0.74430	1.0346	475.67	0.025759	3.5820e-05	0.049430	supercritical
585.36	123.00	78.240	0.012781	384.17	541.38	5.7866	0.74458	1.0348	476.04	0.025496	3.5858e-05	0.049490	supercritical
586.36	123.00	78.103	0.012804	384.93	542.42	5.7884	0.74486	1.0349	476.40	0.025234	3.5897e-05	0.049549	supercritical
587.36	123.00	77.968	0.012826	385.69	543.45	5.7902	0.74515	1.0351	476.77	0.024973	3.5936e-05	0.049609	supercritical
588.36	123.00	77.833	0.012848	386.45	544.49	5.7919	0.74543	1.0352	477.13	0.024713	3.5975e-05	0.049669	supercritical
589.36	123.00	77.698	0.012870	387.22	545.52	5.7937	0.74571	1.0354	477.49	0.024454	3.6013e-05	0.049729	supercritical
590.36	123.00	77.564	0.012893	387.98	546.56	5.7954	0.74599	1.0356	477.86	0.024197	3.6052e-05	0.049789	supercritical
591.36	123.00	77.430	0.012915	388.74	547.59	5.7972	0.74627	1.0357	478.22	0.023940	3.6091e-05	0.049849	supercritical
592.36	123.00	77.297	0.012937	389.50	548.63	5.7989	0.74655	1.0359	478.58	0.023685	3.6129e-05	0.049909	supercritical
593.36	123.00	77.164	0.012959	390.26	549.66	5.8007	0.74683	1.0360	478.94	0.023430	3.6168e-05	0.049969	supercritical
594.36	123.00	77.032	0.012982	391.03	550.70	5.8024	0.74711	1.0362	479.31	0.023177	3.6207e-05	0.050028	supercritical
595.36	123.00	76.900	0.013004	391.79	551.74	5.8042	0.74739	1.0364	479.67	0.022924	3.6245e-05	0.050088	supercritical
596.36	123.00	76.769	0.013026	392.55	552.77	5.8059	0.74767	1.0365	480.03	0.022673	3.6284e-05	0.050148	supercritical
597.36	123.00	76.638	0.013048	393.31	553.81	5.8076	0.74795	1.0367	480.39	0.022423	3.6322e-05	0.050208	supercritical
598.36	123.00	76.508	0.013071	394.08	554.85	5.8094	0.74823	1.0369	480.75	0.022173	3.6361e-05	0.050268	supercritical
599.36	123.00	76.378	0.013093	394.84	555.88	5.8111	0.74851	1.0370	481.11	0.021925	3.6399e-05	0.050327	supercritical
600.36	123.00	76.248	0.013115	395.61	556.92	5.8128	0.74879	1.0372	481.47	0.021678	3.6438e-05	0.050387	supercritical
601.36	123.00	76.119	0.013137	396.37	557.96	5.8146	0.74907	1.0373	481.82	0.021431	3.6476e-05	0.050447	supercritical
602.36	123.00	75.991	0.013159	397.13	558.99	5.8163	0.74934	1.0375	482.18	0.021186	3.6515e-05	0.050506	supercritical
603.36	123.00	75.863	0.013182	397.90	560.03	5.8180	0.74962	1.0377	482.54	0.020942	3.6553e-05	0.050566	supercritical
604.36	123.00	75.735	0.013204	398.66	561.07	5.8197	0.74990	1.0378	482.90	0.020699	3.6591e-05	0.050626	supercritical
605.36	123.00	75.608	0.013226	399.43	562.11	5.8214	0.75018	1.0380	483.26	0.020457	3.6630e-05	0.050686	supercritical
606.36	123.00	75.482	0.013248	400.19	563.15	5.8232	0.75045	1.0382	483.61	0.020215	3.6668e-05	0.050745	supercritical
607.36	123.00	75.355	0.013270	400.96	564.18	5.8249	0.75073	1.0383	483.97	0.019975	3.6706e-05	0.050805	supercritical
608.36	123.00	75.230	0.013293	401.72	565.22	5.8266	0.75101	1.0385	484.33	0.019736	3.6744e-05	0.050864	supercritical
609.36	123.00	75.104	0.013315	402.49	566.26	5.8283	0.75128	1.0387	484.68	0.019498	3.6783e-05	0.050924	supercritical
610.36	123.00	74.979	0.013337	403.25	567.30	5.8300	0.75156	1.0388	485.04	0.019260	3.6821e-05	0.050984	supercritical
611.36	123.00	74.855	0.013359	404.02	568.34	5.8317	0.75184	1.0390	485.39	0.019024	3.6859e-05	0.051043	supercritical
612.36	123.00	74.731	0.013381	404.79	569.38	5.8334	0.75211	1.0392	485.75	0.018788	3.6897e-05	0.051103	supercritical
613.36	123.00	74.607	0.013404	405.55	570.42	5.8351	0.75239	1.0393	486.10	0.018554	3.6935e-05	0.051162	supercritical
614.36	123.00	74.484	0.013426	406.32	571.46	5.8368	0.75266	1.0395	486.46	0.018320	3.6973e-05	0.051222	supercritical
615.36	123.00	74.361	0.013448	407.09	572.50	5.8385	0.75294	1.0397	486.81	0.018088	3.7012e-05	0.051282	supercritical
616.36	123.00	74.239	0.013470	407.86	573.54	5.8402	0.75321	1.0399	487.16	0.017856	3.7050e-05	0.051341	supercritical
617.36	123.00	74.117	0.013492	408.62	574.58	5.8418	0.75348	1.0400	487.52	0.017625	3.7088e-05	0.051401	supercritical
618.36	123.00	73.996	0.013514	409.39	575.62	5.8435	0.75376	1.0402	487.87	0.017396	3.7126e-05	0.051460	supercritical
619.36	123.00	73.875	0.013536	410.16	576.66	5.8452	0.75403	1.0404	488.22	0.017167	3.7164e-05	0.051520	supercritical
620.36	123.00	73.754	0.013559	410.93	577.70	5.8469	0.75430	1.0405	488.57	0.016939	3.7202e-05	0.051579	supercritical
621.36	123.00	73.634	0.013581	411.69	578.74	5.8486	0.75458	1.0407	488.93	0.016712	3.7240e-05	0.051638	supercritical
622.36	123.00	73.514	0.013603	412.46	579.78	5.8502	0.75485	1.0409	489.28	0.016486	3.7277e-05	0.051698	supercritical
623.36	123.00	73.394	0.013625	413.23	580.82	5.8519	0.75512	1.0411	489.63	0.016260	3.7315e-05	0.051757	supercritical
624.36	123.00	73.275	0.013647	414.00	581.86	5.8536	0.75539	1.0412	489.98	0.016036	3.7353e-05	0.051817	supercritical
625.36	123.00	73.157	0.013669	414.77	582.90	5.8552	0.75567	1.0414	490.33	0.015813	3.7391e-05	0.051876	supercritical
626.36	123.00	73.039	0.013691	415.54	583.94	5.8569	0.75594	1.0416	490.68	0.015590	3.7429e-05	0.051936	supercritical
627.36	123.00	72.921	0.013713	416.31	584.99	5.8586	0.75621	1.0417	491.03	0.015368	3.7467e-05	0.051995	supercritical
628.36	123.00	72.803	0.013736	417.08	586.03	5.8602	0.75648	1.0419	491.38	0.015147	3.7505e-05	0.052054	supercritical
629.36	123.00	72.686	0.013758	417.85	587.07	5.8619	0.75675	1.0421	491.73	0.014928	3.7542e-05	0.052114	supercritical
630.36	123.00	72.570	0.013780	418.62	588.11	5.8635	0.75702	1.0423	492.08	0.014708	3.7580e-05	0.052173	supercritical
631.36	123.00	72.454	0.013802	419.39	589.15	5.8652	0.75729	1.0424	492.43	0.014490	3.7618e-05	0.052232	supercritical
632.36	123.00	72.338	0.013824	420.16	590.20	5.8668	0.75756	1.0426	492.77	0.014273	3.7655e-05	0.052292	supercritical
633.36	123.00	72.222	0.013846	420.93	591.24	5.8685	0.75783	1.0428	493.12	0.014056	3.7693e-05	0.052351	supercritical
634.36	123.00	72.107	0.013868	421.70	592.28	5.8701	0.75809	1.0430	493.47	0.013841	3.7731e-05	0.052410	supercritical
635.36	123.00	71.993	0.013890	422.47	593.32	5.8718	0.75836	1.0431	493.82	0.013626	3.7768e-05	0.052469	supercritical
636.36	123.00	71.878	0.013912	423.25	594.37	5.8734	0.75863	1.0433	494.16	0.013412	3.7806e-05	0.052529	supercritical
637.36	123.00	71.765	0.013934	424.02	595.41	5.8751	0.75890	1.0435	494.51	0.013199	3.7844e-05	0.052588	supercritical
638.36	123.00	71.651	0.013957	424.79	596.45	5.8767	0.75917	1.0437	494.86	0.012987	3.7881e-05	0.052647	supercritical
639.36	123.00	71.538	0.013979	425.56	597.50	5.8783	0.75943	1.0438	495.20	0.012775	3.7919e-05	0.052706	supercritical
640.36	123.00	71.425	0.014001	426.33	598.54	5.8800	0.75970	1.0440	495.55	0.012565	3.7956e-05	0.052765	supercritical
641.36	123.00	71.313	0.014023	427.11	599.59	5.8816	0.75997	1.0442	495.89	0.012355	3.7994e-05	0.052825	supercritical
642.36	123.00	71.201	0.014045	427.88	600.63	5.8832	0.76023	1.0444	496.24	0.012146	3.8031e-05	0.052884	supercritical
643.36	123.00	71.089	0.014067	428.65	601.68	5.8848	0.76050	1.0445	496.58	0.011938	3.8069e-05	0.052943	supercritical
644.36	123.00	70.978	0.014089	429.43	602.72	5.8865	0.76076	1.0447	496.93	0.011730	3.8106e-05	0.053002	supercritical
645.36	123.00	70.867	0.014111	430.20	603.76	5.8881	0.76103	1.0449	497.27	0.011524	3.8143e-05	0.053061	supercritical
646.36	123.00	70.756	0.014133	430.97	604.81	5.8897	0.76129	1.0451	497.61	0.011318	3.8181e-05	0.053120	supercritical
647.36	123.00	70.646	0.014155	431.75	605.85	5.8913	0.76156	1.0452	497.96	0.011113	3.8218e-05	0.053179	supercritical
648.36	123.00	70.536	0.014177	432.52	606.90	5.8929	0.76182	1.0454	498.30	0.010909	3.8255e-05	0.053238	supercritical
649.36	123.00	70.427	0.014199	433.30	607.95	5.8945	0.76208	1.0456	498.64	0.010705	3.8293e-05	0.053297	supercritical
650.36	123.00	70.318	0.014221	434.07	608.99	5.8961	0.76235	1.0458	498.99	0.010503	3.8330e-05	0.053356	supercritical
651.36	123.00	70.209	0.014243	434.85	610.04	5.8978	0.76261	1.0459	499.33	0.010301	3.8367e-05	0.053415	supercritical
652.36	123.00	70.100	0.014265	435.62	611.08	5.8994	0.76287	1.0461	499.67	0.010100	3.8405e-05	0.053475	supercritical
653.36	123.00	69.992	0.014287	436.40	612.13	5.9010	0.76314	1.0463	500.01	0.0098995	3.8442e-05	0.053534	supercritical
654.36	123.00	69.885	0.014309	437.17	613.18	5.9026	0.76340	1.0465	500.35	0.0097000	3.8479e-05	0.053592	supercritical
655.36	123.00	69.777	0.014331	437.95	614.22	5.9042	0.76366	1.0466	500.69	0.0095012	3.8516e-05	0.053651	supercritical
656.36	123.00	69.670	0.014353	438.72	615.27	5.9058	0.76392	1.0468	501.04	0.0093032	3.8553e-05	0.053710	supercritical
657.36	123.00	69.563	0.014375	439.50	616.32	5.9073	0.76418	1.0470	501.38	0.0091060	3.8590e-05	0.053769	supercritical
658.36	123.00	69.457	0.014397	440.28	617.36	5.9089	0.76444	1.0472	501.72	0.0089095	3.8628e-05	0.053828	supercritical
659.36	123.00	69.351	0.014419	441.05	618.41	5.9105	0.76470	1.0474	502.06	0.0087137	3.8665e-05	0.053887	supercritical
660.36	123.00	69.245	0.014441	441.83	619.46	5.9121	0.76496	1.0475	502.40	0.0085187	3.8702e-05	0.053946	supercritical
661.36	123.00	69.140	0.014463	442.61	620.51	5.9137	0.76522	1.0477	502.73	0.0083244	3.8739e-05	0.054005	supercritical
662.36	123.00	69.035	0.014485	443.38	621.55	5.9153	0.76548	1.0479	503.07	0.0081309	3.8776e-05	0.054064	supercritical
663.36	123.00	68.930	0.014507	444.16	622.60	5.9169	0.76574	1.0481	503.41	0.0079381	3.8813e-05	0.054123	supercritical
664.36	123.00	68.826	0.014529	444.94	623.65	5.9184	0.76600	1.0482	503.75	0.0077460	3.8850e-05	0.054182	supercritical
665.36	123.00	68.722	0.014551	445.72	624.70	5.9200	0.76625	1.0484	504.09	0.0075547	3.8887e-05	0.054240	supercritical
666.36	123.00	68.618	0.014573	446.49	625.75	5.9216	0.76651	1.0486	504.43	0.0073641	3.8924e-05	0.054299	supercritical
667.36	123.00	68.515	0.014595	447.27	626.79	5.9232	0.76677	1.0488	504.76	0.0071742	3.8960e-05	0.054358	supercritical
668.36	123.00	68.412	0.014617	448.05	627.84	5.9247	0.76702	1.0490	505.10	0.0069850	3.8997e-05	0.054417	supercritical
669.36	123.00	68.309	0.014639	448.83	628.89	5.9263	0.76728	1.0491	505.44	0.0067965	3.9034e-05	0.054476	supercritical
670.36	123.00	68.207	0.014661	449.61	629.94	5.9279	0.76754	1.0493	505.78	0.0066087	3.9071e-05	0.054534	supercritical
671.36	123.00	68.105	0.014683	450.39	630.99	5.9294	0.76779	1.0495	506.11	0.0064216	3.9108e-05	0.054593	supercritical
672.36	123.00	68.003	0.014705	451.17	632.04	5.9310	0.76805	1.0497	506.45	0.0062353	3.9145e-05	0.054652	supercritical
673.36	123.00	67.902	0.014727	451.95	633.09	5.9326	0.76830	1.0498	506.78	0.0060496	3.9182e-05	0.054710	supercritical
674.36	123.00	67.800	0.014749	452.73	634.14	5.9341	0.76856	1.0500	507.12	0.0058646	3.9218e-05	0.054769	supercritical
675.36	123.00	67.700	0.014771	453.51	635.19	5.9357	0.76881	1.0502	507.45	0.0056803	3.9255e-05	0.054828	supercritical
676.36	123.00	67.599	0.014793	454.29	636.24	5.9372	0.76907	1.0504	507.79	0.0054967	3.9292e-05	0.054886	supercritical
677.36	123.00	67.499	0.014815	455.07	637.29	5.9388	0.76932	1.0506	508.12	0.0053138	3.9328e-05	0.054945	supercritical
678.36	123.00	67.399	0.014837	455.85	638.34	5.9403	0.76957	1.0507	508.46	0.0051315	3.9365e-05	0.055004	supercritical
679.36	123.00	67.300	0.014859	456.63	639.39	5.9419	0.76982	1.0509	508.79	0.0049499	3.9402e-05	0.055062	supercritical
680.36	123.00	67.200	0.014881	457.41	640.44	5.9434	0.77008	1.0511	509.13	0.0047690	3.9438e-05	0.055121	supercritical
681.36	123.00	67.101	0.014903	458.19	641.50	5.9450	0.77033	1.0513	509.46	0.0045888	3.9475e-05	0.055180	supercritical
682.36	123.00	67.003	0.014925	458.97	642.55	5.9465	0.77058	1.0514	509.79	0.0044092	3.9512e-05	0.055238	supercritical
683.36	123.00	66.904	0.014947	459.75	643.60	5.9480	0.77083	1.0516	510.13	0.0042303	3.9548e-05	0.055297	supercritical
684.36	123.00	66.806	0.014969	460.54	644.65	5.9496	0.77108	1.0518	510.46	0.0040521	3.9585e-05	0.055355	supercritical
685.36	123.00	66.709	0.014991	461.32	645.70	5.9511	0.77133	1.0520	510.79	0.0038745	3.9621e-05	0.055414	supercritical
686.36	123.00	66.611	0.015013	462.10	646.75	5.9527	0.77158	1.0522	511.12	0.0036975	3.9658e-05	0.055472	supercritical
687.36	123.00	66.514	0.015034	462.88	647.81	5.9542	0.77183	1.0523	511.46	0.0035213	3.9694e-05	0.055531	supercritical
688.36	123.00	66.417	0.015056	463.67	648.86	5.9557	0.77208	1.0525	511.79	0.0033456	3.9731e-05	0.055589	supercritical
689.36	123.00	66.321	0.015078	464.45	649.91	5.9572	0.77233	1.0527	512.12	0.0031706	3.9767e-05	0.055648	supercritical
690.36	123.00	66.224	0.015100	465.23	650.96	5.9588	0.77258	1.0529	512.45	0.0029962	3.9804e-05	0.055706	supercritical
691.36	123.00	66.128	0.015122	466.01	652.02	5.9603	0.77283	1.0530	512.78	0.0028225	3.9840e-05	0.055765	supercritical
692.36	123.00	66.033	0.015144	466.80	653.07	5.9618	0.77307	1.0532	513.11	0.0026494	3.9876e-05	0.055823	supercritical
693.36	123.00	65.937	0.015166	467.58	654.12	5.9633	0.77332	1.0534	513.44	0.0024770	3.9913e-05	0.055882	supercritical
694.36	123.00	65.842	0.015188	468.37	655.18	5.9649	0.77357	1.0536	513.77	0.0023051	3.9949e-05	0.055940	supercritical
695.36	123.00	65.747	0.015210	469.15	656.23	5.9664	0.77381	1.0538	514.10	0.0021339	3.9985e-05	0.055998	supercritical
696.36	123.00	65.653	0.015232	469.93	657.28	5.9679	0.77406	1.0539	514.43	0.0019633	4.0022e-05	0.056057	supercritical
697.36	123.00	65.558	0.015254	470.72	658.34	5.9694	0.77431	1.0541	514.76	0.0017933	4.0058e-05	0.056115	supercritical
698.36	123.00	65.464	0.015275	471.50	659.39	5.9709	0.77455	1.0543	515.09	0.0016240	4.0094e-05	0.056173	supercritical
699.36	123.00	65.371	0.015297	472.29	660.45	5.9724	0.77480	1.0545	515.42	0.0014552	4.0130e-05	0.056232	supercritical
700.36	123.00	65.277	0.015319	473.07	661.50	5.9739	0.77504	1.0546	515.75	0.0012871	4.0167e-05	0.056290	supercritical
701.36	123.00	65.184	0.015341	473.86	662.56	5.9754	0.77529	1.0548	516.08	0.0011196	4.0203e-05	0.056348	supercritical
702.36	123.00	65.091	0.015363	474.65	663.61	5.9769	0.77553	1.0550	516.41	0.00095262	4.0239e-05	0.056407	supercritical
703.36	123.00	64.999	0.015385	475.43	664.67	5.9784	0.77577	1.0552	516.73	0.00078629	4.0275e-05	0.056465	supercritical
704.36	123.00	64.906	0.015407	476.22	665.72	5.9799	0.77602	1.0554	517.06	0.00062055	4.0311e-05	0.056523	supercritical
705.36	123.00	64.814	0.015429	477.00	666.78	5.9814	0.77626	1.0555	517.39	0.00045541	4.0347e-05	0.056581	supercritical
706.36	123.00	64.723	0.015451	477.79	667.83	5.9829	0.77650	1.0557	517.72	0.00029086	4.0384e-05	0.056640	supercritical
707.36	123.00	64.631	0.015472	478.58	668.89	5.9844	0.77674	1.0559	518.04	0.00012689	4.0420e-05	0.056698	supercritical
708.36	123.00	64.540	0.015494	479.36	669.94	5.9859	0.77698	1.0561	518.37	-3.6484e-05	4.0456e-05	0.056756	supercritical
709.36	123.00	64.449	0.015516	480.15	671.00	5.9874	0.77723	1.0562	518.70	-0.00019928	4.0492e-05	0.056814	supercritical
710.36	123.00	64.358	0.015538	480.94	672.06	5.9889	0.77747	1.0564	519.02	-0.00036149	4.0528e-05	0.056872	supercritical
711.36	123.00	64.268	0.015560	481.73	673.11	5.9904	0.77771	1.0566	519.35	-0.00052313	4.0564e-05	0.056931	supercritical
712.36	123.00	64.177	0.015582	482.51	674.17	5.9919	0.77795	1.0568	519.67	-0.00068420	4.0600e-05	0.056989	supercritical
713.36	123.00	64.088	0.015604	483.30	675.23	5.9933	0.77819	1.0569	520.00	-0.00084469	4.0636e-05	0.057047	supercritical
714.36	123.00	63.998	0.015626	484.09	676.28	5.9948	0.77842	1.0571	520.32	-0.0010046	4.0672e-05	0.057105	supercritical
715.36	123.00	63.908	0.015647	484.88	677.34	5.9963	0.77866	1.0573	520.65	-0.0011640	4.0707e-05	0.057163	supercritical
716.36	123.00	63.819	0.015669	485.67	678.40	5.9978	0.77890	1.0575	520.97	-0.0013228	4.0743e-05	0.057221	supercritical
717.36	123.00	63.730	0.015691	486.46	679.46	5.9993	0.77914	1.0576	521.30	-0.0014810	4.0779e-05	0.057279	supercritical
718.36	123.00	63.642	0.015713	487.24	680.51	6.0007	0.77938	1.0578	521.62	-0.0016387	4.0815e-05	0.057337	supercritical
719.36	123.00	63.553	0.015735	488.03	681.57	6.0022	0.77961	1.0580	521.95	-0.0017958	4.0851e-05	0.057395	supercritical
720.36	123.00	63.465	0.015757	488.82	682.63	6.0037	0.77985	1.0582	522.27	-0.0019524	4.0887e-05	0.057453	supercritical
721.36	123.00	63.377	0.015778	489.61	683.69	6.0051	0.78009	1.0584	522.59	-0.0021084	4.0923e-05	0.057511	supercritical
722.36	123.00	63.290	0.015800	490.40	684.75	6.0066	0.78032	1.0585	522.92	-0.0022639	4.0958e-05	0.057569	supercritical
723.36	123.00	63.203	0.015822	491.19	685.80	6.0081	0.78056	1.0587	523.24	-0.0024188	4.0994e-05	0.057627	supercritical
724.36	123.00	63.115	0.015844	491.98	686.86	6.0095	0.78079	1.0589	523.56	-0.0025732	4.1030e-05	0.057685	supercritical
725.36	123.00	63.029	0.015866	492.77	687.92	6.0110	0.78103	1.0591	523.89	-0.0027270	4.1066e-05	0.057743	supercritical
726.36	123.00	62.942	0.015888	493.56	688.98	6.0125	0.78126	1.0592	524.21	-0.0028803	4.1101e-05	0.057801	supercritical
727.36	123.00	62.856	0.015909	494.35	690.04	6.0139	0.78150	1.0594	524.53	-0.0030331	4.1137e-05	0.057859	supercritical
728.36	123.00	62.769	0.015931	495.15	691.10	6.0154	0.78173	1.0596	524.85	-0.0031854	4.1173e-05	0.057917	supercritical
729.36	123.00	62.684	0.015953	495.94	692.16	6.0168	0.78196	1.0598	525.17	-0.0033371	4.1208e-05	0.057975	supercritical
730.36	123.00	62.598	0.015975	496.73	693.22	6.0183	0.78220	1.0599	525.49	-0.0034883	4.1244e-05	0.058033	supercritical
731.36	123.00	62.513	0.015997	497.52	694.28	6.0197	0.78243	1.0601	525.82	-0.0036389	4.1279e-05	0.058091	supercritical
732.36	123.00	62.427	0.016019	498.31	695.34	6.0212	0.78266	1.0603	526.14	-0.0037891	4.1315e-05	0.058149	supercritical
733.36	123.00	62.343	0.016040	499.10	696.40	6.0226	0.78289	1.0605	526.46	-0.0039387	4.1351e-05	0.058206	supercritical
734.36	123.00	62.258	0.016062	499.90	697.46	6.0241	0.78312	1.0606	526.78	-0.0040878	4.1386e-05	0.058264	supercritical
735.36	123.00	62.173	0.016084	500.69	698.52	6.0255	0.78336	1.0608	527.10	-0.0042364	4.1422e-05	0.058322	supercritical
736.36	123.00	62.089	0.016106	501.48	699.58	6.0269	0.78359	1.0610	527.42	-0.0043845	4.1457e-05	0.058380	supercritical
737.36	123.00	62.005	0.016128	502.27	700.64	6.0284	0.78382	1.0611	527.74	-0.0045321	4.1493e-05	0.058438	supercritical
738.36	123.00	61.922	0.016149	503.07	701.71	6.0298	0.78405	1.0613	528.06	-0.0046791	4.1528e-05	0.058495	supercritical
739.36	123.00	61.838	0.016171	503.86	702.77	6.0313	0.78427	1.0615	528.38	-0.0048257	4.1564e-05	0.058553	supercritical
740.36	123.00	61.755	0.016193	504.65	703.83	6.0327	0.78450	1.0617	528.69	-0.0049718	4.1599e-05	0.058611	supercritical
741.36	123.00	61.672	0.016215	505.45	704.89	6.0341	0.78473	1.0618	529.01	-0.0051173	4.1634e-05	0.058669	supercritical
742.36	123.00	61.589	0.016237	506.24	705.95	6.0356	0.78496	1.0620	529.33	-0.0052624	4.1670e-05	0.058726	supercritical
743.36	123.00	61.506	0.016258	507.03	707.01	6.0370	0.78519	1.0622	529.65	-0.0054069	4.1705e-05	0.058784	supercritical
744.36	123.00	61.424	0.016280	507.83	708.08	6.0384	0.78542	1.0624	529.97	-0.0055510	4.1740e-05	0.058842	supercritical
745.36	123.00	61.342	0.016302	508.62	709.14	6.0398	0.78564	1.0625	530.29	-0.0056946	4.1776e-05	0.058899	supercritical
746.36	123.00	61.260	0.016324	509.42	710.20	6.0413	0.78587	1.0627	530.60	-0.0058377	4.1811e-05	0.058957	supercritical
747.36	123.00	61.178	0.016346	510.21	711.26	6.0427	0.78609	1.0629	530.92	-0.0059803	4.1846e-05	0.059015	supercritical
748.36	123.00	61.097	0.016367	511.01	712.33	6.0441	0.78632	1.0630	531.24	-0.0061224	4.1882e-05	0.059072	supercritical
749.36	123.00	61.016	0.016389	511.80	713.39	6.0455	0.78655	1.0632	531.56	-0.0062641	4.1917e-05	0.059130	supercritical
750.36	123.00	60.935	0.016411	512.60	714.45	6.0470	0.78677	1.0634	531.87	-0.0064052	4.1952e-05	0.059187	supercritical
751.36	123.00	60.854	0.016433	513.39	715.52	6.0484	0.78700	1.0636	532.19	-0.0065459	4.1987e-05	0.059245	supercritical
752.36	123.00	60.774	0.016455	514.19	716.58	6.0498	0.78722	1.0637	532.51	-0.0066861	4.2023e-05	0.059303	supercritical
753.36	123.00	60.693	0.016476	514.99	717.64	6.0512	0.78744	1.0639	532.82	-0.0068259	4.2058e-05	0.059360	supercritical
754.36	123.00	60.613	0.016498	515.78	718.71	6.0526	0.78767	1.0641	533.14	-0.0069651	4.2093e-05	0.059418	supercritical
755.36	123.00	60.533	0.016520	516.58	719.77	6.0540	0.78789	1.0642	533.45	-0.0071039	4.2128e-05	0.059475	supercritical
756.36	123.00	60.454	0.016542	517.37	720.84	6.0554	0.78811	1.0644	533.77	-0.0072423	4.2163e-05	0.059533	supercritical
757.36	123.00	60.374	0.016563	518.17	721.90	6.0568	0.78833	1.0646	534.08	-0.0073801	4.2198e-05	0.059590	supercritical
758.36	123.00	60.295	0.016585	518.97	722.97	6.0582	0.78856	1.0648	534.40	-0.0075176	4.2233e-05	0.059648	supercritical
759.36	123.00	60.216	0.016607	519.77	724.03	6.0596	0.78878	1.0649	534.71	-0.0076545	4.2268e-05	0.059705	supercritical
760.36	123.00	60.137	0.016629	520.56	725.10	6.0610	0.78900	1.0651	535.03	-0.0077910	4.2304e-05	0.059763	supercritical
761.36	123.00	60.058	0.016650	521.36	726.16	6.0624	0.78922	1.0653	535.34	-0.0079270	4.2339e-05	0.059820	supercritical
762.36	123.00	59.980	0.016672	522.16	727.23	6.0638	0.78944	1.0654	535.66	-0.0080626	4.2374e-05	0.059877	supercritical
763.36	123.00	59.902	0.016694	522.96	728.29	6.0652	0.78966	1.0656	535.97	-0.0081977	4.2409e-05	0.059935	supercritical
764.36	123.00	59.824	0.016716	523.75	729.36	6.0666	0.78988	1.0658	536.28	-0.0083324	4.2444e-05	0.059992	supercritical
765.36	123.00	59.746	0.016737	524.55	730.42	6.0680	0.79010	1.0660	536.60	-0.0084667	4.2479e-05	0.060050	supercritical
766.36	123.00	59.669	0.016759	525.35	731.49	6.0694	0.79032	1.0661	536.91	-0.0086004	4.2513e-05	0.060107	supercritical
767.36	123.00	59.591	0.016781	526.15	732.56	6.0708	0.79054	1.0663	537.22	-0.0087338	4.2548e-05	0.060164	supercritical
768.36	123.00	59.514	0.016803	526.95	733.62	6.0722	0.79075	1.0665	537.54	-0.0088667	4.2583e-05	0.060222	supercritical
769.36	123.00	59.437	0.016824	527.75	734.69	6.0736	0.79097	1.0666	537.85	-0.0089992	4.2618e-05	0.060279	supercritical
770.36	123.00	59.361	0.016846	528.55	735.76	6.0750	0.79119	1.0668	538.16	-0.0091312	4.2653e-05	0.060336	supercritical
771.36	123.00	59.284	0.016868	529.35	736.82	6.0764	0.79141	1.0670	538.47	-0.0092628	4.2688e-05	0.060394	supercritical
772.36	123.00	59.208	0.016890	530.15	737.89	6.0777	0.79162	1.0671	538.79	-0.0093939	4.2723e-05	0.060451	supercritical
773.36	123.00	59.132	0.016911	530.95	738.96	6.0791	0.79184	1.0673	539.10	-0.0095247	4.2758e-05	0.060508	supercritical
774.36	123.00	59.056	0.016933	531.75	740.02	6.0805	0.79205	1.0675	539.41	-0.0096550	4.2792e-05	0.060565	supercritical
775.36	123.00	58.980	0.016955	532.55	741.09	6.0819	0.79227	1.0676	539.72	-0.0097848	4.2827e-05	0.060623	supercritical
776.36	123.00	58.905	0.016977	533.35	742.16	6.0833	0.79248	1.0678	540.03	-0.0099143	4.2862e-05	0.060680	supercritical
777.36	123.00	58.829	0.016998	534.15	743.23	6.0846	0.79270	1.0680	540.34	-0.010043	4.2897e-05	0.060737	supercritical
778.36	123.00	58.754	0.017020	534.95	744.30	6.0860	0.79291	1.0681	540.65	-0.010172	4.2931e-05	0.060794	supercritical
779.36	123.00	58.679	0.017042	535.75	745.36	6.0874	0.79313	1.0683	540.96	-0.010300	4.2966e-05	0.060852	supercritical
780.36	123.00	58.605	0.017064	536.55	746.43	6.0887	0.79334	1.0685	541.27	-0.010428	4.3001e-05	0.060909	supercritical
781.36	123.00	58.530	0.017085	537.35	747.50	6.0901	0.79355	1.0686	541.58	-0.010555	4.3035e-05	0.060966	supercritical
782.36	123.00	58.456	0.017107	538.15	748.57	6.0915	0.79376	1.0688	541.89	-0.010682	4.3070e-05	0.061023	supercritical
783.36	123.00	58.382	0.017129	538.96	749.64	6.0928	0.79398	1.0690	542.20	-0.010809	4.3105e-05	0.061080	supercritical
784.36	123.00	58.308	0.017150	539.76	750.71	6.0942	0.79419	1.0691	542.51	-0.010935	4.3139e-05	0.061137	supercritical
785.36	123.00	58.234	0.017172	540.56	751.78	6.0956	0.79440	1.0693	542.82	-0.011060	4.3174e-05	0.061194	supercritical
786.36	123.00	58.160	0.017194	541.36	752.85	6.0969	0.79461	1.0695	543.13	-0.011186	4.3209e-05	0.061251	supercritical
787.36	123.00	58.087	0.017216	542.16	753.92	6.0983	0.79482	1.0696	543.44	-0.011311	4.3243e-05	0.061309	supercritical
788.36	123.00	58.014	0.017237	542.97	754.98	6.0996	0.79503	1.0698	543.75	-0.011435	4.3278e-05	0.061366	supercritical
789.36	123.00	57.941	0.017259	543.77	756.05	6.1010	0.79524	1.0700	544.06	-0.011559	4.3312e-05	0.061423	supercritical
790.36	123.00	57.868	0.017281	544.57	757.12	6.1024	0.79545	1.0701	544.37	-0.011683	4.3347e-05	0.061480	supercritical
791.36	123.00	57.796	0.017302	545.38	758.20	6.1037	0.79566	1.0703	544.68	-0.011806	4.3381e-05	0.061537	supercritical
792.36	123.00	57.723	0.017324	546.18	759.27	6.1051	0.79587	1.0705	544.98	-0.011929	4.3416e-05	0.061594	supercritical
793.36	123.00	57.651	0.017346	546.98	760.34	6.1064	0.79608	1.0706	545.29	-0.012052	4.3450e-05	0.061651	supercritical
794.36	123.00	57.579	0.017367	547.79	761.41	6.1078	0.79629	1.0708	545.60	-0.012174	4.3485e-05	0.061708	supercritical
795.36	123.00	57.507	0.017389	548.59	762.48	6.1091	0.79649	1.0710	545.91	-0.012295	4.3519e-05	0.061765	supercritical
796.36	123.00	57.435	0.017411	549.39	763.55	6.1105	0.79670	1.0711	546.21	-0.012417	4.3553e-05	0.061822	supercritical
797.36	123.00	57.364	0.017433	550.20	764.62	6.1118	0.79691	1.0713	546.52	-0.012538	4.3588e-05	0.061879	supercritical
798.36	123.00	57.293	0.017454	551.00	765.69	6.1131	0.79711	1.0714	546.83	-0.012658	4.3622e-05	0.061935	supercritical
799.36	123.00	57.222	0.017476	551.81	766.76	6.1145	0.79732	1.0716	547.13	-0.012778	4.3657e-05	0.061992	supercritical
800.36	123.00	57.151	0.017498	552.61	767.83	6.1158	0.79753	1.0718	547.44	-0.012898	4.3691e-05	0.062049	supercritical
801.36	123.00	57.080	0.017519	553.42	768.91	6.1172	0.79773	1.0719	547.75	-0.013018	4.3725e-05	0.062106	supercritical
802.36	123.00	57.009	0.017541	554.22	769.98	6.1185	0.79794	1.0721	548.05	-0.013137	4.3760e-05	0.062163	supercritical
803.36	123.00	56.939	0.017563	555.03	771.05	6.1198	0.79814	1.0723	548.36	-0.013255	4.3794e-05	0.062220	supercritical
804.36	123.00	56.869	0.017584	555.83	772.12	6.1212	0.79835	1.0724	548.66	-0.013374	4.3828e-05	0.062277	supercritical
805.36	123.00	56.799	0.017606	556.64	773.20	6.1225	0.79855	1.0726	548.97	-0.013491	4.3862e-05	0.062334	supercritical
806.36	123.00	56.729	0.017628	557.45	774.27	6.1238	0.79875	1.0727	549.27	-0.013609	4.3897e-05	0.062390	supercritical
807.36	123.00	56.659	0.017649	558.25	775.34	6.1252	0.79896	1.0729	549.58	-0.013726	4.3931e-05	0.062447	supercritical
808.36	123.00	56.590	0.017671	559.06	776.41	6.1265	0.79916	1.0731	549.88	-0.013843	4.3965e-05	0.062504	supercritical
809.36	123.00	56.520	0.017693	559.87	777.49	6.1278	0.79936	1.0732	550.19	-0.013959	4.3999e-05	0.062561	supercritical
810.36	123.00	56.451	0.017714	560.67	778.56	6.1291	0.79956	1.0734	550.49	-0.014075	4.4033e-05	0.062617	supercritical
811.36	123.00	56.382	0.017736	561.48	779.63	6.1305	0.79976	1.0736	550.80	-0.014191	4.4068e-05	0.062674	supercritical
812.36	123.00	56.313	0.017758	562.29	780.71	6.1318	0.79997	1.0737	551.10	-0.014306	4.4102e-05	0.062731	supercritical
813.36	123.00	56.245	0.017779	563.09	781.78	6.1331	0.80017	1.0739	551.41	-0.014421	4.4136e-05	0.062788	supercritical
814.36	123.00	56.176	0.017801	563.90	782.86	6.1344	0.80037	1.0740	551.71	-0.014536	4.4170e-05	0.062844	supercritical
815.36	123.00	56.108	0.017823	564.71	783.93	6.1357	0.80057	1.0742	552.01	-0.014650	4.4204e-05	0.062901	supercritical
816.36	123.00	56.040	0.017844	565.52	785.00	6.1371	0.80077	1.0744	552.32	-0.014764	4.4238e-05	0.062958	supercritical
817.36	123.00	55.972	0.017866	566.32	786.08	6.1384	0.80097	1.0745	552.62	-0.014878	4.4272e-05	0.063014	supercritical
818.36	123.00	55.904	0.017888	567.13	787.15	6.1397	0.80117	1.0747	552.92	-0.014991	4.4306e-05	0.063071	supercritical
819.36	123.00	55.836	0.017909	567.94	788.23	6.1410	0.80136	1.0748	553.22	-0.015104	4.4340e-05	0.063128	supercritical
820.36	123.00	55.769	0.017931	568.75	789.30	6.1423	0.80156	1.0750	553.53	-0.015216	4.4374e-05	0.063184	supercritical
821.36	123.00	55.702	0.017953	569.56	790.38	6.1436	0.80176	1.0752	553.83	-0.015328	4.4408e-05	0.063241	supercritical
822.36	123.00	55.635	0.017974	570.37	791.45	6.1449	0.80196	1.0753	554.13	-0.015440	4.4442e-05	0.063298	supercritical
823.36	123.00	55.568	0.017996	571.18	792.53	6.1462	0.80216	1.0755	554.43	-0.015552	4.4476e-05	0.063354	supercritical
824.36	123.00	55.501	0.018018	571.99	793.60	6.1475	0.80235	1.0756	554.74	-0.015663	4.4510e-05	0.063411	supercritical
825.36	123.00	55.434	0.018039	572.79	794.68	6.1488	0.80255	1.0758	555.04	-0.015773	4.4544e-05	0.063467	supercritical
826.36	123.00	55.368	0.018061	573.60	795.75	6.1502	0.80275	1.0759	555.34	-0.015884	4.4578e-05	0.063524	supercritical
827.36	123.00	55.302	0.018083	574.41	796.83	6.1515	0.80294	1.0761	555.64	-0.015994	4.4612e-05	0.063580	supercritical
828.36	123.00	55.235	0.018104	575.22	797.91	6.1528	0.80314	1.0763	555.94	-0.016104	4.4646e-05	0.063637	supercritical
829.36	123.00	55.169	0.018126	576.03	798.98	6.1541	0.80333	1.0764	556.24	-0.016213	4.4679e-05	0.063693	supercritical
830.36	123.00	55.104	0.018148	576.84	800.06	6.1553	0.80353	1.0766	556.54	-0.016322	4.4713e-05	0.063750	supercritical
831.36	123.00	55.038	0.018169	577.65	801.14	6.1566	0.80372	1.0767	556.84	-0.016431	4.4747e-05	0.063806	supercritical
832.36	123.00	54.973	0.018191	578.47	802.21	6.1579	0.80391	1.0769	557.14	-0.016539	4.4781e-05	0.063863	supercritical
833.36	123.00	54.907	0.018213	579.28	803.29	6.1592	0.80411	1.0770	557.44	-0.016647	4.4815e-05	0.063919	supercritical
834.36	123.00	54.842	0.018234	580.09	804.37	6.1605	0.80430	1.0772	557.74	-0.016755	4.4849e-05	0.063976	supercritical
835.36	123.00	54.777	0.018256	580.90	805.44	6.1618	0.80449	1.0774	558.04	-0.016862	4.4882e-05	0.064032	supercritical
836.36	123.00	54.712	0.018277	581.71	806.52	6.1631	0.80469	1.0775	558.34	-0.016969	4.4916e-05	0.064089	supercritical
837.36	123.00	54.648	0.018299	582.52	807.60	6.1644	0.80488	1.0777	558.64	-0.017076	4.4950e-05	0.064145	supercritical
838.36	123.00	54.583	0.018321	583.33	808.68	6.1657	0.80507	1.0778	558.94	-0.017183	4.4983e-05	0.064201	supercritical
839.36	123.00	54.519	0.018342	584.14	809.76	6.1670	0.80526	1.0780	559.24	-0.017289	4.5017e-05	0.064258	supercritical
840.36	123.00	54.454	0.018364	584.96	810.83	6.1682	0.80545	1.0781	559.54	-0.017394	4.5051e-05	0.064314	supercritical
841.36	123.00	54.390	0.018386	585.77	811.91	6.1695	0.80564	1.0783	559.84	-0.017500	4.5084e-05	0.064370	supercritical
842.36	123.00	54.326	0.018407	586.58	812.99	6.1708	0.80583	1.0784	560.14	-0.017605	4.5118e-05	0.064427	supercritical
843.36	123.00	54.263	0.018429	587.39	814.07	6.1721	0.80602	1.0786	560.44	-0.017710	4.5152e-05	0.064483	supercritical
844.36	123.00	54.199	0.018450	588.21	815.15	6.1734	0.80621	1.0787	560.73	-0.017814	4.5185e-05	0.064539	supercritical
845.36	123.00	54.136	0.018472	589.02	816.23	6.1746	0.80640	1.0789	561.03	-0.017919	4.5219e-05	0.064596	supercritical
846.36	123.00	54.072	0.018494	589.83	817.31	6.1759	0.80659	1.0791	561.33	-0.018023	4.5253e-05	0.064652	supercritical
847.36	123.00	54.009	0.018515	590.65	818.38	6.1772	0.80678	1.0792	561.63	-0.018126	4.5286e-05	0.064708	supercritical
848.36	123.00	53.946	0.018537	591.46	819.46	6.1785	0.80697	1.0794	561.93	-0.018229	4.5320e-05	0.064764	supercritical
849.36	123.00	53.883	0.018559	592.27	820.54	6.1797	0.80716	1.0795	562.22	-0.018332	4.5353e-05	0.064821	supercritical
850.36	123.00	53.821	0.018580	593.09	821.62	6.1810	0.80735	1.0797	562.52	-0.018435	4.5387e-05	0.064877	supercritical
851.36	123.00	53.758	0.018602	593.90	822.70	6.1823	0.80753	1.0798	562.82	-0.018537	4.5420e-05	0.064933	supercritical
852.36	123.00	53.696	0.018623	594.71	823.78	6.1835	0.80772	1.0800	563.11	-0.018639	4.5454e-05	0.064989	supercritical
853.36	123.00	53.634	0.018645	595.53	824.86	6.1848	0.80791	1.0801	563.41	-0.018741	4.5487e-05	0.065046	supercritical
854.36	123.00	53.571	0.018667	596.34	825.94	6.1861	0.80809	1.0803	563.71	-0.018842	4.5521e-05	0.065102	supercritical
855.36	123.00	53.510	0.018688	597.16	827.02	6.1873	0.80828	1.0804	564.00	-0.018944	4.5554e-05	0.065158	supercritical
856.36	123.00	53.448	0.018710	597.97	828.10	6.1886	0.80846	1.0806	564.30	-0.019044	4.5588e-05	0.065214	supercritical
857.36	123.00	53.386	0.018731	598.79	829.18	6.1899	0.80865	1.0807	564.59	-0.019145	4.5621e-05	0.065270	supercritical
858.36	123.00	53.325	0.018753	599.60	830.26	6.1911	0.80883	1.0809	564.89	-0.019245	4.5654e-05	0.065326	supercritical
859.36	123.00	53.263	0.018775	600.42	831.35	6.1924	0.80902	1.0810	565.19	-0.019345	4.5688e-05	0.065382	supercritical
860.36	123.00	53.202	0.018796	601.23	832.43	6.1936	0.80920	1.0812	565.48	-0.019445	4.5721e-05	0.065438	supercritical
861.36	123.00	53.141	0.018818	602.05	833.51	6.1949	0.80939	1.0813	565.78	-0.019544	4.5754e-05	0.065495	supercritical
862.36	123.00	53.080	0.018839	602.86	834.59	6.1962	0.80957	1.0815	566.07	-0.019643	4.5788e-05	0.065551	supercritical
863.36	123.00	53.019	0.018861	603.68	835.67	6.1974	0.80975	1.0816	566.37	-0.019742	4.5821e-05	0.065607	supercritical
864.36	123.00	52.959	0.018883	604.50	836.75	6.1987	0.80994	1.0818	566.66	-0.019840	4.5854e-05	0.065663	supercritical
865.36	123.00	52.898	0.018904	605.31	837.83	6.1999	0.81012	1.0819	566.96	-0.019938	4.5888e-05	0.065719	supercritical
866.36	123.00	52.838	0.018926	606.13	838.92	6.2012	0.81030	1.0821	567.25	-0.020036	4.5921e-05	0.065775	supercritical
867.36	123.00	52.777	0.018947	606.94	840.00	6.2024	0.81048	1.0822	567.55	-0.020134	4.5954e-05	0.065831	supercritical
868.36	123.00	52.717	0.018969	607.76	841.08	6.2037	0.81066	1.0824	567.84	-0.020231	4.5987e-05	0.065887	supercritical
869.36	123.00	52.657	0.018991	608.58	842.16	6.2049	0.81085	1.0825	568.13	-0.020328	4.6021e-05	0.065943	supercritical
870.36	123.00	52.598	0.019012	609.40	843.25	6.2061	0.81103	1.0827	568.43	-0.020425	4.6054e-05	0.065999	supercritical
871.36	123.00	52.538	0.019034	610.21	844.33	6.2074	0.81121	1.0828	568.72	-0.020521	4.6087e-05	0.066055	supercritical
872.36	123.00	52.478	0.019055	611.03	845.41	6.2086	0.81139	1.0830	569.01	-0.020617	4.6120e-05	0.066111	supercritical
873.36	123.00	52.419	0.019077	611.85	846.49	6.2099	0.81157	1.0831	569.31	-0.020713	4.6153e-05	0.066167	supercritical
874.36	123.00	52.360	0.019099	612.67	847.58	6.2111	0.81175	1.0833	569.60	-0.020809	4.6187e-05	0.066223	supercritical
875.36	123.00	52.301	0.019120	613.48	848.66	6.2123	0.81193	1.0834	569.89	-0.020904	4.6220e-05	0.066278	supercritical
876.36	123.00	52.242	0.019142	614.30	849.74	6.2136	0.81210	1.0836	570.19	-0.020999	4.6253e-05	0.066334	supercritical
877.36	123.00	52.183	0.019163	615.12	850.83	6.2148	0.81228	1.0837	570.48	-0.021094	4.6286e-05	0.066390	supercritical
878.36	123.00	52.124	0.019185	615.94	851.91	6.2161	0.81246	1.0839	570.77	-0.021189	4.6319e-05	0.066446	supercritical
879.36	123.00	52.066	0.019207	616.76	853.00	6.2173	0.81264	1.0840	571.06	-0.021283	4.6352e-05	0.066502	supercritical
880.36	123.00	52.007	0.019228	617.57	854.08	6.2185	0.81282	1.0842	571.36	-0.021377	4.6385e-05	0.066558	supercritical
881.36	123.00	51.949	0.019250	618.39	855.16	6.2198	0.81299	1.0843	571.65	-0.021470	4.6418e-05	0.066614	supercritical
882.36	123.00	51.891	0.019271	619.21	856.25	6.2210	0.81317	1.0845	571.94	-0.021564	4.6451e-05	0.066669	supercritical
883.36	123.00	51.833	0.019293	620.03	857.33	6.2222	0.81335	1.0846	572.23	-0.021657	4.6484e-05	0.066725	supercritical
884.36	123.00	51.775	0.019314	620.85	858.42	6.2234	0.81352	1.0847	572.52	-0.021750	4.6517e-05	0.066781	supercritical
885.36	123.00	51.717	0.019336	621.67	859.50	6.2247	0.81370	1.0849	572.81	-0.021843	4.6550e-05	0.066837	supercritical
886.36	123.00	51.659	0.019358	622.49	860.59	6.2259	0.81387	1.0850	573.10	-0.021935	4.6583e-05	0.066893	supercritical
887.36	123.00	51.602	0.019379	623.31	861.67	6.2271	0.81405	1.0852	573.40	-0.022027	4.6616e-05	0.066948	supercritical
888.36	123.00	51.545	0.019401	624.13	862.76	6.2283	0.81422	1.0853	573.69	-0.022119	4.6649e-05	0.067004	supercritical
889.36	123.00	51.487	0.019422	624.95	863.84	6.2296	0.81440	1.0855	573.98	-0.022210	4.6682e-05	0.067060	supercritical
890.36	123.00	51.430	0.019444	625.77	864.93	6.2308	0.81457	1.0856	574.27	-0.022302	4.6715e-05	0.067116	supercritical
891.36	123.00	51.373	0.019465	626.59	866.01	6.2320	0.81475	1.0858	574.56	-0.022393	4.6748e-05	0.067171	supercritical
892.36	123.00	51.316	0.019487	627.41	867.10	6.2332	0.81492	1.0859	574.85	-0.022483	4.6781e-05	0.067227	supercritical
893.36	123.00	51.260	0.019509	628.23	868.19	6.2344	0.81509	1.0860	575.14	-0.022574	4.6814e-05	0.067283	supercritical
894.36	123.00	51.203	0.019530	629.05	869.27	6.2356	0.81527	1.0862	575.43	-0.022664	4.6847e-05	0.067338	supercritical
895.36	123.00	51.147	0.019552	629.87	870.36	6.2369	0.81544	1.0863	575.72	-0.022754	4.6879e-05	0.067394	supercritical
896.36	123.00	51.090	0.019573	630.70	871.45	6.2381	0.81561	1.0865	576.01	-0.022844	4.6912e-05	0.067450	supercritical
897.36	123.00	51.034	0.019595	631.52	872.53	6.2393	0.81578	1.0866	576.30	-0.022933	4.6945e-05	0.067505	supercritical
898.36	123.00	50.978	0.019616	632.34	873.62	6.2405	0.81596	1.0868	576.59	-0.023023	4.6978e-05	0.067561	supercritical
899.36	123.00	50.922	0.019638	633.16	874.71	6.2417	0.81613	1.0869	576.87	-0.023112	4.7011e-05	0.067616	supercritical
900.36	123.00	50.866	0.019659	633.98	875.79	6.2429	0.81630	1.0870	577.16	-0.023200	4.7043e-05	0.067672	supercritical
901.36	123.00	50.810	0.019681	634.80	876.88	6.2441	0.81647	1.0872	577.45	-0.023289	4.7076e-05	0.067728	supercritical
902.36	123.00	50.755	0.019703	635.63	877.97	6.2453	0.81664	1.0873	577.74	-0.023377	4.7109e-05	0.067783	supercritical
903.36	123.00	50.699	0.019724	636.45	879.05	6.2465	0.81681	1.0875	578.03	-0.023465	4.7142e-05	0.067839	supercritical
904.36	123.00	50.644	0.019746	637.27	880.14	6.2477	0.81698	1.0876	578.32	-0.023553	4.7174e-05	0.067894	supercritical
905.36	123.00	50.589	0.019767	638.09	881.23	6.2489	0.81715	1.0878	578.60	-0.023640	4.7207e-05	0.067950	supercritical
906.36	123.00	50.534	0.019789	638.92	882.32	6.2501	0.81732	1.0879	578.89	-0.023727	4.7240e-05	0.068005	supercritical
907.36	123.00	50.479	0.019810	639.74	883.41	6.2513	0.81749	1.0880	579.18	-0.023814	4.7272e-05	0.068061	supercritical
908.36	123.00	50.424	0.019832	640.56	884.49	6.2525	0.81766	1.0882	579.47	-0.023901	4.7305e-05	0.068116	supercritical
909.36	123.00	50.369	0.019853	641.39	885.58	6.2537	0.81782	1.0883	579.76	-0.023988	4.7338e-05	0.068172	supercritical
910.36	123.00	50.315	0.019875	642.21	886.67	6.2549	0.81799	1.0885	580.04	-0.024074	4.7370e-05	0.068227	supercritical
911.36	123.00	50.260	0.019896	643.03	887.76	6.2561	0.81816	1.0886	580.33	-0.024160	4.7403e-05	0.068283	supercritical
912.36	123.00	50.206	0.019918	643.86	888.85	6.2573	0.81833	1.0887	580.62	-0.024246	4.7435e-05	0.068338	supercritical
913.36	123.00	50.152	0.019940	644.68	889.94	6.2585	0.81849	1.0889	580.90	-0.024331	4.7468e-05	0.068394	supercritical
914.36	123.00	50.097	0.019961	645.50	891.03	6.2597	0.81866	1.0890	581.19	-0.024416	4.7501e-05	0.068449	supercritical
915.36	123.00	50.043	0.019983	646.33	892.11	6.2609	0.81883	1.0892	581.48	-0.024502	4.7533e-05	0.068505	supercritical
916.36	123.00	49.990	0.020004	647.15	893.20	6.2621	0.81899	1.0893	581.76	-0.024586	4.7566e-05	0.068560	supercritical
917.36	123.00	49.936	0.020026	647.98	894.29	6.2633	0.81916	1.0894	582.05	-0.024671	4.7598e-05	0.068615	supercritical
918.36	123.00	49.882	0.020047	648.80	895.38	6.2644	0.81932	1.0896	582.34	-0.024755	4.7631e-05	0.068671	supercritical
919.36	123.00	49.829	0.020069	649.63	896.47	6.2656	0.81949	1.0897	582.62	-0.024839	4.7663e-05	0.068726	supercritical
920.36	123.00	49.775	0.020090	650.45	897.56	6.2668	0.81965	1.0899	582.91	-0.024923	4.7696e-05	0.068781	supercritical
921.36	123.00	49.722	0.020112	651.28	898.65	6.2680	0.81982	1.0900	583.19	-0.025007	4.7728e-05	0.068837	supercritical
922.36	123.00	49.669	0.020133	652.10	899.74	6.2692	0.81998	1.0901	583.48	-0.025090	4.7761e-05	0.068892	supercritical
923.36	123.00	49.616	0.020155	652.93	900.83	6.2704	0.82015	1.0903	583.76	-0.025174	4.7793e-05	0.068947	supercritical
924.36	123.00	49.563	0.020176	653.75	901.92	6.2715	0.82031	1.0904	584.05	-0.025257	4.7826e-05	0.069003	supercritical
925.36	123.00	49.510	0.020198	654.58	903.01	6.2727	0.82047	1.0905	584.33	-0.025339	4.7858e-05	0.069058	supercritical
926.36	123.00	49.457	0.020219	655.40	904.10	6.2739	0.82064	1.0907	584.62	-0.025422	4.7890e-05	0.069113	supercritical
927.36	123.00	49.405	0.020241	656.23	905.19	6.2751	0.82080	1.0908	584.90	-0.025504	4.7923e-05	0.069169	supercritical
928.36	123.00	49.352	0.020263	657.06	906.28	6.2763	0.82096	1.0909	585.19	-0.025586	4.7955e-05	0.069224	supercritical
929.36	123.00	49.300	0.020284	657.88	907.38	6.2774	0.82112	1.0911	585.47	-0.025668	4.7988e-05	0.069279	supercritical
930.36	123.00	49.248	0.020306	658.71	908.47	6.2786	0.82129	1.0912	585.76	-0.025750	4.8020e-05	0.069334	supercritical
931.36	123.00	49.195	0.020327	659.53	909.56	6.2798	0.82145	1.0914	586.04	-0.025831	4.8052e-05	0.069390	supercritical
932.36	123.00	49.143	0.020349	660.36	910.65	6.2809	0.82161	1.0915	586.33	-0.025912	4.8085e-05	0.069445	supercritical
933.36	123.00	49.091	0.020370	661.19	911.74	6.2821	0.82177	1.0916	586.61	-0.025993	4.8117e-05	0.069500	supercritical
934.36	123.00	49.040	0.020392	662.02	912.83	6.2833	0.82193	1.0918	586.89	-0.026074	4.8149e-05	0.069555	supercritical
935.36	123.00	48.988	0.020413	662.84	913.92	6.2845	0.82209	1.0919	587.18	-0.026154	4.8181e-05	0.069610	supercritical
936.36	123.00	48.936	0.020435	663.67	915.02	6.2856	0.82225	1.0920	587.46	-0.026235	4.8214e-05	0.069665	supercritical
937.36	123.00	48.885	0.020456	664.50	916.11	6.2868	0.82241	1.0922	587.74	-0.026315	4.8246e-05	0.069721	supercritical
938.36	123.00	48.834	0.020478	665.32	917.20	6.2880	0.82257	1.0923	588.03	-0.026395	4.8278e-05	0.069776	supercritical
939.36	123.00	48.782	0.020499	666.15	918.29	6.2891	0.82273	1.0924	588.31	-0.026474	4.8310e-05	0.069831	supercritical
940.36	123.00	48.731	0.020521	666.98	919.39	6.2903	0.82289	1.0926	588.59	-0.026554	4.8343e-05	0.069886	supercritical
941.36	123.00	48.680	0.020542	667.81	920.48	6.2914	0.82305	1.0927	588.87	-0.026633	4.8375e-05	0.069941	supercritical
942.36	123.00	48.629	0.020564	668.64	921.57	6.2926	0.82321	1.0928	589.16	-0.026712	4.8407e-05	0.069996	supercritical
943.36	123.00	48.578	0.020585	669.47	922.66	6.2938	0.82336	1.0930	589.44	-0.026791	4.8439e-05	0.070051	supercritical
944.36	123.00	48.528	0.020607	670.29	923.76	6.2949	0.82352	1.0931	589.72	-0.026869	4.8471e-05	0.070106	supercritical
945.36	123.00	48.477	0.020628	671.12	924.85	6.2961	0.82368	1.0932	590.00	-0.026947	4.8503e-05	0.070161	supercritical
946.36	123.00	48.427	0.020650	671.95	925.94	6.2972	0.82384	1.0934	590.29	-0.027026	4.8536e-05	0.070216	supercritical
947.36	123.00	48.376	0.020671	672.78	927.04	6.2984	0.82399	1.0935	590.57	-0.027104	4.8568e-05	0.070272	supercritical
948.36	123.00	48.326	0.020693	673.61	928.13	6.2995	0.82415	1.0936	590.85	-0.027181	4.8600e-05	0.070327	supercritical
949.36	123.00	48.276	0.020714	674.44	929.22	6.3007	0.82431	1.0938	591.13	-0.027259	4.8632e-05	0.070382	supercritical
950.36	123.00	48.226	0.020736	675.27	930.32	6.3018	0.82446	1.0939	591.41	-0.027336	4.8664e-05	0.070437	supercritical
951.36	123.00	48.176	0.020757	676.10	931.41	6.3030	0.82462	1.0940	591.69	-0.027413	4.8696e-05	0.070492	supercritical
952.36	123.00	48.126	0.020779	676.93	932.51	6.3041	0.82477	1.0942	591.97	-0.027490	4.8728e-05	0.070547	supercritical
953.36	123.00	48.076	0.020800	677.76	933.60	6.3053	0.82493	1.0943	592.25	-0.027567	4.8760e-05	0.070601	supercritical
954.36	123.00	48.026	0.020822	678.59	934.70	6.3064	0.82508	1.0944	592.54	-0.027643	4.8792e-05	0.070656	supercritical
955.36	123.00	47.977	0.020843	679.42	935.79	6.3076	0.82524	1.0946	592.82	-0.027720	4.8824e-05	0.070711	supercritical
956.36	123.00	47.927	0.020865	680.25	936.88	6.3087	0.82539	1.0947	593.10	-0.027796	4.8856e-05	0.070766	supercritical
957.36	123.00	47.878	0.020886	681.08	937.98	6.3099	0.82555	1.0948	593.38	-0.027871	4.8888e-05	0.070821	supercritical
958.36	123.00	47.829	0.020908	681.91	939.07	6.3110	0.82570	1.0950	593.66	-0.027947	4.8920e-05	0.070876	supercritical
959.36	123.00	47.780	0.020929	682.74	940.17	6.3122	0.82586	1.0951	593.94	-0.028023	4.8952e-05	0.070931	supercritical
960.36	123.00	47.731	0.020951	683.57	941.26	6.3133	0.82601	1.0952	594.22	-0.028098	4.8984e-05	0.070986	supercritical
961.36	123.00	47.682	0.020972	684.40	942.36	6.3144	0.82616	1.0953	594.50	-0.028173	4.9016e-05	0.071041	supercritical
962.36	123.00	47.633	0.020994	685.23	943.45	6.3156	0.82631	1.0955	594.78	-0.028248	4.9048e-05	0.071096	supercritical
963.36	123.00	47.584	0.021015	686.06	944.55	6.3167	0.82647	1.0956	595.06	-0.028322	4.9080e-05	0.071151	supercritical
964.36	123.00	47.536	0.021037	686.89	945.65	6.3179	0.82662	1.0957	595.34	-0.028397	4.9112e-05	0.071205	supercritical
965.36	123.00	47.487	0.021058	687.72	946.74	6.3190	0.82677	1.0959	595.61	-0.028471	4.9144e-05	0.071260	supercritical
966.36	123.00	47.439	0.021080	688.56	947.84	6.3201	0.82692	1.0960	595.89	-0.028545	4.9175e-05	0.071315	supercritical
967.36	123.00	47.390	0.021101	689.39	948.93	6.3213	0.82707	1.0961	596.17	-0.028619	4.9207e-05	0.071370	supercritical
968.36	123.00	47.342	0.021123	690.22	950.03	6.3224	0.82723	1.0963	596.45	-0.028693	4.9239e-05	0.071425	supercritical
969.36	123.00	47.294	0.021144	691.05	951.13	6.3235	0.82738	1.0964	596.73	-0.028766	4.9271e-05	0.071479	supercritical
970.36	123.00	47.246	0.021166	691.88	952.22	6.3247	0.82753	1.0965	597.01	-0.028840	4.9303e-05	0.071534	supercritical
971.36	123.00	47.198	0.021187	692.72	953.32	6.3258	0.82768	1.0966	597.29	-0.028913	4.9335e-05	0.071589	supercritical
972.36	123.00	47.150	0.021209	693.55	954.42	6.3269	0.82783	1.0968	597.57	-0.028986	4.9366e-05	0.071644	supercritical
973.36	123.00	47.103	0.021230	694.38	955.51	6.3280	0.82798	1.0969	597.84	-0.029058	4.9398e-05	0.071698	supercritical
974.36	123.00	47.055	0.021252	695.21	956.61	6.3292	0.82813	1.0970	598.12	-0.029131	4.9430e-05	0.071753	supercritical
975.36	123.00	47.008	0.021273	696.05	957.71	6.3303	0.82828	1.0971	598.40	-0.029203	4.9462e-05	0.071808	supercritical
976.36	123.00	46.960	0.021295	696.88	958.80	6.3314	0.82843	1.0973	598.68	-0.029276	4.9493e-05	0.071863	supercritical
977.36	123.00	46.913	0.021316	697.71	959.90	6.3325	0.82857	1.0974	598.95	-0.029348	4.9525e-05	0.071917	supercritical
978.36	123.00	46.866	0.021338	698.55	961.00	6.3337	0.82872	1.0975	599.23	-0.029419	4.9557e-05	0.071972	supercritical
979.36	123.00	46.818	0.021359	699.38	962.10	6.3348	0.82887	1.0977	599.51	-0.029491	4.9589e-05	0.072027	supercritical
980.36	123.00	46.771	0.021381	700.21	963.19	6.3359	0.82902	1.0978	599.79	-0.029562	4.9620e-05	0.072081	supercritical
981.36	123.00	46.724	0.021402	701.05	964.29	6.3370	0.82917	1.0979	600.06	-0.029634	4.9652e-05	0.072136	supercritical
982.36	123.00	46.678	0.021424	701.88	965.39	6.3381	0.82931	1.0980	600.34	-0.029705	4.9684e-05	0.072191	supercritical
983.36	123.00	46.631	0.021445	702.71	966.49	6.3393	0.82946	1.0982	600.62	-0.029775	4.9715e-05	0.072245	supercritical
984.36	123.00	46.584	0.021466	703.55	967.59	6.3404	0.82961	1.0983	600.89	-0.029846	4.9747e-05	0.072300	supercritical
985.36	123.00	46.538	0.021488	704.38	968.68	6.3415	0.82976	1.0984	601.17	-0.029917	4.9779e-05	0.072354	supercritical
986.36	123.00	46.491	0.021509	705.22	969.78	6.3426	0.82990	1.0985	601.45	-0.029987	4.9810e-05	0.072409	supercritical
987.36	123.00	46.445	0.021531	706.05	970.88	6.3437	0.83005	1.0987	601.72	-0.030057	4.9842e-05	0.072464	supercritical
988.36	123.00	46.399	0.021552	706.89	971.98	6.3448	0.83019	1.0988	602.00	-0.030127	4.9873e-05	0.072518	supercritical
989.36	123.00	46.352	0.021574	707.72	973.08	6.3459	0.83034	1.0989	602.27	-0.030197	4.9905e-05	0.072573	supercritical
990.36	123.00	46.306	0.021595	708.56	974.18	6.3470	0.83049	1.0990	602.55	-0.030266	4.9937e-05	0.072627	supercritical
991.36	123.00	46.260	0.021617	709.39	975.28	6.3482	0.83063	1.0992	602.83	-0.030336	4.9968e-05	0.072682	supercritical
992.36	123.00	46.214	0.021638	710.23	976.38	6.3493	0.83078	1.0993	603.10	-0.030405	5.0000e-05	0.072736	supercritical
993.36	123.00	46.169	0.021660	711.06	977.48	6.3504	0.83092	1.0994	603.38	-0.030474	5.0031e-05	0.072791	supercritical
994.36	123.00	46.123	0.021681	711.90	978.58	6.3515	0.83106	1.0995	603.65	-0.030543	5.0063e-05	0.072845	supercritical
995.36	123.00	46.077	0.021703	712.73	979.68	6.3526	0.83121	1.0997	603.93	-0.030612	5.0094e-05	0.072900	supercritical
996.36	123.00	46.032	0.021724	713.57	980.77	6.3537	0.83135	1.0998	604.20	-0.030680	5.0126e-05	0.072954	supercritical
997.36	123.00	45.986	0.021746	714.40	981.87	6.3548	0.83150	1.0999	604.48	-0.030749	5.0157e-05	0.073009	supercritical
998.36	123.00	45.941	0.021767	715.24	982.97	6.3559	0.83164	1.1000	604.75	-0.030817	5.0189e-05	0.073063	supercritical
999.36	123.00	45.896	0.021789	716.08	984.07	6.3570	0.83178	1.1002	605.03	-0.030885	5.0220e-05	0.073118	supercritical
1000.4	123.00	45.851	0.021810	716.91	985.17	6.3581	0.83193	1.1003	605.30	-0.030953	5.0252e-05	0.073172	supercritical
1001.4	123.00	45.805	0.021831	717.75	986.28	6.3592	0.83207	1.1004	605.57	-0.031020	5.0283e-05	0.073227	supercritical
1002.4	123.00	45.761	0.021853	718.59	987.38	6.3603	0.83221	1.1005	605.85	-0.031088	5.0314e-05	0.073281	supercritical
1003.4	123.00	45.716	0.021874	719.42	988.48	6.3614	0.83235	1.1006	606.12	-0.031155	5.0346e-05	0.073335	supercritical
1004.4	123.00	45.671	0.021896	720.26	989.58	6.3625	0.83250	1.1008	606.40	-0.031222	5.0377e-05	0.073390	supercritical
1005.4	123.00	45.626	0.021917	721.10	990.68	6.3636	0.83264	1.1009	606.67	-0.031289	5.0409e-05	0.073444	supercritical
1006.4	123.00	45.581	0.021939	721.93	991.78	6.3647	0.83278	1.1010	606.94	-0.031356	5.0440e-05	0.073499	supercritical
1007.4	123.00	45.537	0.021960	722.77	992.88	6.3658	0.83292	1.1011	607.22	-0.031423	5.0471e-05	0.073553	supercritical
1008.4	123.00	45.492	0.021982	723.61	993.98	6.3669	0.83306	1.1012	607.49	-0.031489	5.0503e-05	0.073607	supercritical
1009.4	123.00	45.448	0.022003	724.44	995.08	6.3680	0.83320	1.1014	607.76	-0.031555	5.0534e-05	0.073662	supercritical
1010.4	123.00	45.404	0.022025	725.28	996.18	6.3690	0.83334	1.1015	608.04	-0.031622	5.0565e-05	0.073716	supercritical
1011.4	123.00	45.360	0.022046	726.12	997.29	6.3701	0.83348	1.1016	608.31	-0.031688	5.0597e-05	0.073770	supercritical
1012.4	123.00	45.316	0.022067	726.96	998.39	6.3712	0.83362	1.1017	608.58	-0.031753	5.0628e-05	0.073825	supercritical
1013.4	123.00	45.272	0.022089	727.80	999.49	6.3723	0.83376	1.1019	608.85	-0.031819	5.0659e-05	0.073879	supercritical
1014.4	123.00	45.228	0.022110	728.63	1000.6	6.3734	0.83390	1.1020	609.13	-0.031884	5.0690e-05	0.073933	supercritical
1015.4	123.00	45.184	0.022132	729.47	1001.7	6.3745	0.83404	1.1021	609.40	-0.031950	5.0722e-05	0.073987	supercritical
1016.4	123.00	45.140	0.022153	730.31	1002.8	6.3756	0.83418	1.1022	609.67	-0.032015	5.0753e-05	0.074042	supercritical
1017.4	123.00	45.096	0.022175	731.15	1003.9	6.3767	0.83432	1.1023	609.94	-0.032080	5.0784e-05	0.074096	supercritical
1018.4	123.00	45.053	0.022196	731.99	1005.0	6.3777	0.83446	1.1025	610.22	-0.032145	5.0815e-05	0.074150	supercritical
1019.4	123.00	45.009	0.022218	732.83	1006.1	6.3788	0.83460	1.1026	610.49	-0.032209	5.0847e-05	0.074204	supercritical
1020.4	123.00	44.966	0.022239	733.66	1007.2	6.3799	0.83473	1.1027	610.76	-0.032274	5.0878e-05	0.074259	supercritical
1021.4	123.00	44.923	0.022261	734.50	1008.3	6.3810	0.83487	1.1028	611.03	-0.032338	5.0909e-05	0.074313	supercritical
1022.4	123.00	44.879	0.022282	735.34	1009.4	6.3821	0.83501	1.1029	611.30	-0.032402	5.0940e-05	0.074367	supercritical
1023.4	123.00	44.836	0.022303	736.18	1010.5	6.3831	0.83515	1.1030	611.57	-0.032466	5.0971e-05	0.074421	supercritical
1024.4	123.00	44.793	0.022325	737.02	1011.6	6.3842	0.83528	1.1032	611.85	-0.032530	5.1003e-05	0.074475	supercritical
1025.4	123.00	44.750	0.022346	737.86	1012.7	6.3853	0.83542	1.1033	612.12	-0.032594	5.1034e-05	0.074530	supercritical
1026.4	123.00	44.707	0.022368	738.70	1013.8	6.3864	0.83556	1.1034	612.39	-0.032657	5.1065e-05	0.074584	supercritical
1027.4	123.00	44.664	0.022389	739.54	1014.9	6.3874	0.83569	1.1035	612.66	-0.032721	5.1096e-05	0.074638	supercritical
1028.4	123.00	44.622	0.022411	740.38	1016.0	6.3885	0.83583	1.1036	612.93	-0.032784	5.1127e-05	0.074692	supercritical
1029.4	123.00	44.579	0.022432	741.22	1017.1	6.3896	0.83597	1.1038	613.20	-0.032847	5.1158e-05	0.074746	supercritical
1030.4	123.00	44.537	0.022453	742.06	1018.2	6.3907	0.83610	1.1039	613.47	-0.032910	5.1189e-05	0.074800	supercritical
1031.4	123.00	44.494	0.022475	742.90	1019.3	6.3917	0.83624	1.1040	613.74	-0.032973	5.1220e-05	0.074854	supercritical
1032.4	123.00	44.452	0.022496	743.74	1020.4	6.3928	0.83637	1.1041	614.01	-0.033035	5.1251e-05	0.074908	supercritical
1033.4	123.00	44.409	0.022518	744.58	1021.5	6.3939	0.83651	1.1042	614.28	-0.033098	5.1282e-05	0.074963	supercritical
1034.4	123.00	44.367	0.022539	745.42	1022.7	6.3949	0.83664	1.1043	614.55	-0.033160	5.1314e-05	0.075017	supercritical
1035.4	123.00	44.325	0.022561	746.26	1023.8	6.3960	0.83678	1.1045	614.82	-0.033222	5.1345e-05	0.075071	supercritical
1036.4	123.00	44.283	0.022582	747.10	1024.9	6.3971	0.83691	1.1046	615.09	-0.033284	5.1376e-05	0.075125	supercritical
1037.4	123.00	44.241	0.022604	747.94	1026.0	6.3981	0.83705	1.1047	615.36	-0.033346	5.1407e-05	0.075179	supercritical
1038.4	123.00	44.199	0.022625	748.79	1027.1	6.3992	0.83718	1.1048	615.63	-0.033408	5.1438e-05	0.075233	supercritical
1039.4	123.00	44.157	0.022646	749.63	1028.2	6.4003	0.83731	1.1049	615.90	-0.033469	5.1469e-05	0.075287	supercritical
1040.4	123.00	44.115	0.022668	750.47	1029.3	6.4013	0.83745	1.1050	616.17	-0.033531	5.1500e-05	0.075341	supercritical
1041.4	123.00	44.074	0.022689	751.31	1030.4	6.4024	0.83758	1.1052	616.44	-0.033592	5.1530e-05	0.075395	supercritical
1042.4	123.00	44.032	0.022711	752.15	1031.5	6.4035	0.83771	1.1053	616.71	-0.033653	5.1561e-05	0.075449	supercritical
1043.4	123.00	43.991	0.022732	752.99	1032.6	6.4045	0.83785	1.1054	616.98	-0.033714	5.1592e-05	0.075503	supercritical
1044.4	123.00	43.949	0.022754	753.83	1033.7	6.4056	0.83798	1.1055	617.25	-0.033775	5.1623e-05	0.075557	supercritical
1045.4	123.00	43.908	0.022775	754.68	1034.8	6.4066	0.83811	1.1056	617.51	-0.033835	5.1654e-05	0.075611	supercritical
1046.4	123.00	43.867	0.022796	755.52	1035.9	6.4077	0.83824	1.1057	617.78	-0.033896	5.1685e-05	0.075665	supercritical
1047.4	123.00	43.825	0.022818	756.36	1037.0	6.4087	0.83838	1.1058	618.05	-0.033956	5.1716e-05	0.075719	supercritical
1048.4	123.00	43.784	0.022839	757.20	1038.1	6.4098	0.83851	1.1060	618.32	-0.034016	5.1747e-05	0.075773	supercritical
1049.4	123.00	43.743	0.022861	758.05	1039.2	6.4109	0.83864	1.1061	618.59	-0.034076	5.1778e-05	0.075827	supercritical
1050.4	123.00	43.702	0.022882	758.89	1040.3	6.4119	0.83877	1.1062	618.85	-0.034136	5.1809e-05	0.075880	supercritical
1051.4	123.00	43.661	0.022904	759.73	1041.4	6.4130	0.83890	1.1063	619.12	-0.034196	5.1839e-05	0.075934	supercritical
1052.4	123.00	43.621	0.022925	760.57	1042.6	6.4140	0.83903	1.1064	619.39	-0.034256	5.1870e-05	0.075988	supercritical
1053.4	123.00	43.580	0.022946	761.42	1043.7	6.4151	0.83916	1.1065	619.66	-0.034315	5.1901e-05	0.076042	supercritical
1054.4	123.00	43.539	0.022968	762.26	1044.8	6.4161	0.83929	1.1066	619.93	-0.034374	5.1932e-05	0.076096	supercritical
1055.4	123.00	43.499	0.022989	763.10	1045.9	6.4172	0.83942	1.1068	620.19	-0.034434	5.1963e-05	0.076150	supercritical
1056.4	123.00	43.458	0.023011	763.95	1047.0	6.4182	0.83955	1.1069	620.46	-0.034493	5.1994e-05	0.076204	supercritical
1057.4	123.00	43.418	0.023032	764.79	1048.1	6.4193	0.83968	1.1070	620.73	-0.034552	5.2024e-05	0.076258	supercritical
1058.4	123.00	43.377	0.023054	765.63	1049.2	6.4203	0.83981	1.1071	620.99	-0.034610	5.2055e-05	0.076311	supercritical
1059.4	123.00	43.337	0.023075	766.48	1050.3	6.4213	0.83994	1.1072	621.26	-0.034669	5.2086e-05	0.076365	supercritical
1060.4	123.00	43.297	0.023096	767.32	1051.4	6.4224	0.84007	1.1073	621.53	-0.034727	5.2117e-05	0.076419	supercritical
1061.4	123.00	43.257	0.023118	768.16	1052.5	6.4234	0.84020	1.1074	621.79	-0.034786	5.2147e-05	0.076473	supercritical
1062.4	123.00	43.217	0.023139	769.01	1053.6	6.4245	0.84033	1.1076	622.06	-0.034844	5.2178e-05	0.076527	supercritical
1063.4	123.00	43.177	0.023161	769.85	1054.7	6.4255	0.84046	1.1077	622.33	-0.034902	5.2209e-05	0.076580	supercritical
1064.4	123.00	43.137	0.023182	770.70	1055.8	6.4266	0.84059	1.1078	622.59	-0.034960	5.2239e-05	0.076634	supercritical
1065.4	123.00	43.097	0.023203	771.54	1056.9	6.4276	0.84072	1.1079	622.86	-0.035018	5.2270e-05	0.076688	supercritical
1066.4	123.00	43.057	0.023225	772.39	1058.1	6.4286	0.84084	1.1080	623.13	-0.035075	5.2301e-05	0.076742	supercritical
1067.4	123.00	43.018	0.023246	773.23	1059.2	6.4297	0.84097	1.1081	623.39	-0.035133	5.2332e-05	0.076795	supercritical
1068.4	123.00	42.978	0.023268	774.08	1060.3	6.4307	0.84110	1.1082	623.66	-0.035190	5.2362e-05	0.076849	supercritical
1069.4	123.00	42.939	0.023289	774.92	1061.4	6.4318	0.84123	1.1083	623.92	-0.035247	5.2393e-05	0.076903	supercritical
1070.4	123.00	42.899	0.023311	775.77	1062.5	6.4328	0.84135	1.1084	624.19	-0.035304	5.2423e-05	0.076957	supercritical
1071.4	123.00	42.860	0.023332	776.61	1063.6	6.4338	0.84148	1.1086	624.45	-0.035361	5.2454e-05	0.077010	supercritical
1072.4	123.00	42.820	0.023353	777.46	1064.7	6.4349	0.84161	1.1087	624.72	-0.035418	5.2485e-05	0.077064	supercritical
1073.4	123.00	42.781	0.023375	778.30	1065.8	6.4359	0.84173	1.1088	624.99	-0.035475	5.2515e-05	0.077118	supercritical
1074.4	123.00	42.742	0.023396	779.15	1066.9	6.4369	0.84186	1.1089	625.25	-0.035531	5.2546e-05	0.077171	supercritical
1075.4	123.00	42.703	0.023418	779.99	1068.0	6.4380	0.84199	1.1090	625.52	-0.035588	5.2577e-05	0.077225	supercritical
1076.4	123.00	42.664	0.023439	780.84	1069.1	6.4390	0.84211	1.1091	625.78	-0.035644	5.2607e-05	0.077279	supercritical
1077.4	123.00	42.625	0.023460	781.68	1070.2	6.4400	0.84224	1.1092	626.04	-0.035700	5.2638e-05	0.077332	supercritical
1078.4	123.00	42.586	0.023482	782.53	1071.4	6.4410	0.84236	1.1093	626.31	-0.035756	5.2668e-05	0.077386	supercritical
1079.4	123.00	42.547	0.023503	783.38	1072.5	6.4421	0.84249	1.1094	626.57	-0.035812	5.2699e-05	0.077440	supercritical
1080.4	123.00	42.509	0.023525	784.22	1073.6	6.4431	0.84261	1.1095	626.84	-0.035868	5.2729e-05	0.077493	supercritical
1081.4	123.00	42.470	0.023546	785.07	1074.7	6.4441	0.84274	1.1097	627.10	-0.035924	5.2760e-05	0.077547	supercritical
1082.4	123.00	42.431	0.023567	785.91	1075.8	6.4452	0.84286	1.1098	627.37	-0.035979	5.2790e-05	0.077600	supercritical
1083.4	123.00	42.393	0.023589	786.76	1076.9	6.4462	0.84299	1.1099	627.63	-0.036034	5.2821e-05	0.077654	supercritical
1084.4	123.00	42.355	0.023610	787.61	1078.0	6.4472	0.84311	1.1100	627.89	-0.036090	5.2851e-05	0.077708	supercritical
1085.4	123.00	42.316	0.023632	788.45	1079.1	6.4482	0.84324	1.1101	628.16	-0.036145	5.2882e-05	0.077761	supercritical
1086.4	123.00	42.278	0.023653	789.30	1080.2	6.4493	0.84336	1.1102	628.42	-0.036200	5.2912e-05	0.077815	supercritical
1087.4	123.00	42.240	0.023674	790.15	1081.3	6.4503	0.84348	1.1103	628.69	-0.036254	5.2943e-05	0.077868	supercritical
1088.4	123.00	42.201	0.023696	791.00	1082.5	6.4513	0.84361	1.1104	628.95	-0.036309	5.2973e-05	0.077922	supercritical
1089.4	123.00	42.163	0.023717	791.84	1083.6	6.4523	0.84373	1.1105	629.21	-0.036364	5.3004e-05	0.077975	supercritical
1090.4	123.00	42.125	0.023739	792.69	1084.7	6.4533	0.84385	1.1106	629.48	-0.036418	5.3034e-05	0.078029	supercritical
1091.4	123.00	42.087	0.023760	793.54	1085.8	6.4543	0.84398	1.1107	629.74	-0.036473	5.3064e-05	0.078082	supercritical
1092.4	123.00	42.050	0.023781	794.39	1086.9	6.4554	0.84410	1.1109	630.00	-0.036527	5.3095e-05	0.078136	supercritical
1093.4	123.00	42.012	0.023803	795.23	1088.0	6.4564	0.84422	1.1110	630.26	-0.036581	5.3125e-05	0.078189	supercritical
1094.4	123.00	41.974	0.023824	796.08	1089.1	6.4574	0.84435	1.1111	630.53	-0.036635	5.3156e-05	0.078243	supercritical
1095.4	123.00	41.936	0.023846	796.93	1090.2	6.4584	0.84447	1.1112	630.79	-0.036689	5.3186e-05	0.078296	supercritical
1096.4	123.00	41.899	0.023867	797.78	1091.3	6.4594	0.84459	1.1113	631.05	-0.036742	5.3216e-05	0.078350	supercritical
1097.4	123.00	41.861	0.023888	798.63	1092.5	6.4604	0.84471	1.1114	631.31	-0.036796	5.3247e-05	0.078403	supercritical
1098.4	123.00	41.824	0.023910	799.47	1093.6	6.4615	0.84483	1.1115	631.58	-0.036849	5.3277e-05	0.078457	supercritical
1099.4	123.00	41.786	0.023931	800.32	1094.7	6.4625	0.84495	1.1116	631.84	-0.036903	5.3307e-05	0.078510	supercritical
1100.4	123.00	41.749	0.023953	801.17	1095.8	6.4635	0.84508	1.1117	632.10	-0.036956	5.3338e-05	0.078563	supercritical
1101.4	123.00	41.712	0.023974	802.02	1096.9	6.4645	0.84520	1.1118	632.36	-0.037009	5.3368e-05	0.078617	supercritical
1102.4	123.00	41.675	0.023995	802.87	1098.0	6.4655	0.84532	1.1119	632.63	-0.037062	5.3398e-05	0.078670	supercritical
1103.4	123.00	41.638	0.024017	803.72	1099.1	6.4665	0.84544	1.1120	632.89	-0.037115	5.3429e-05	0.078724	supercritical
1104.4	123.00	41.600	0.024038	804.57	1100.2	6.4675	0.84556	1.1121	633.15	-0.037167	5.3459e-05	0.078777	supercritical
1105.4	123.00	41.563	0.024060	805.41	1101.3	6.4685	0.84568	1.1122	633.41	-0.037220	5.3489e-05	0.078830	supercritical
1106.4	123.00	41.527	0.024081	806.26	1102.5	6.4695	0.84580	1.1123	633.67	-0.037272	5.3519e-05	0.078884	supercritical
1107.4	123.00	41.490	0.024102	807.11	1103.6	6.4705	0.84592	1.1125	633.93	-0.037325	5.3550e-05	0.078937	supercritical
1108.4	123.00	41.453	0.024124	807.96	1104.7	6.4715	0.84604	1.1126	634.19	-0.037377	5.3580e-05	0.078990	supercritical
1109.4	123.00	41.416	0.024145	808.81	1105.8	6.4725	0.84616	1.1127	634.45	-0.037429	5.3610e-05	0.079044	supercritical
1110.4	123.00	41.380	0.024167	809.66	1106.9	6.4735	0.84628	1.1128	634.72	-0.037481	5.3640e-05	0.079097	supercritical
1111.4	123.00	41.343	0.024188	810.51	1108.0	6.4745	0.84640	1.1129	634.98	-0.037533	5.3671e-05	0.079150	supercritical
1112.4	123.00	41.306	0.024209	811.36	1109.1	6.4755	0.84652	1.1130	635.24	-0.037585	5.3701e-05	0.079204	supercritical
1113.4	123.00	41.270	0.024231	812.21	1110.2	6.4765	0.84664	1.1131	635.50	-0.037636	5.3731e-05	0.079257	supercritical
1114.4	123.00	41.234	0.024252	813.06	1111.4	6.4775	0.84676	1.1132	635.76	-0.037688	5.3761e-05	0.079310	supercritical
1115.4	123.00	41.197	0.024273	813.91	1112.5	6.4785	0.84687	1.1133	636.02	-0.037739	5.3791e-05	0.079364	supercritical
1116.4	123.00	41.161	0.024295	814.76	1113.6	6.4795	0.84699	1.1134	636.28	-0.037790	5.3821e-05	0.079417	supercritical
1117.4	123.00	41.125	0.024316	815.61	1114.7	6.4805	0.84711	1.1135	636.54	-0.037841	5.3852e-05	0.079470	supercritical
1118.4	123.00	41.089	0.024338	816.46	1115.8	6.4815	0.84723	1.1136	636.80	-0.037893	5.3882e-05	0.079523	supercritical
1119.4	123.00	41.053	0.024359	817.31	1116.9	6.4825	0.84735	1.1137	637.06	-0.037943	5.3912e-05	0.079577	supercritical
1120.4	123.00	41.017	0.024380	818.16	1118.0	6.4835	0.84746	1.1138	637.32	-0.037994	5.3942e-05	0.079630	supercritical
1121.4	123.00	40.981	0.024402	819.01	1119.2	6.4845	0.84758	1.1139	637.58	-0.038045	5.3972e-05	0.079683	supercritical
1122.4	123.00	40.945	0.024423	819.87	1120.3	6.4855	0.84770	1.1140	637.84	-0.038095	5.4002e-05	0.079736	supercritical
1123.4	123.00	40.909	0.024445	820.72	1121.4	6.4865	0.84782	1.1141	638.10	-0.038146	5.4032e-05	0.079789	supercritical
1124.4	123.00	40.873	0.024466	821.57	1122.5	6.4875	0.84793	1.1142	638.36	-0.038196	5.4062e-05	0.079843	supercritical
1125.4	123.00	40.837	0.024487	822.42	1123.6	6.4885	0.84805	1.1143	638.62	-0.038247	5.4092e-05	0.079896	supercritical
1126.4	123.00	40.802	0.024509	823.27	1124.7	6.4895	0.84817	1.1144	638.87	-0.038297	5.4122e-05	0.079949	supercritical
1127.4	123.00	40.766	0.024530	824.12	1125.8	6.4905	0.84828	1.1145	639.13	-0.038347	5.4152e-05	0.080002	supercritical
1128.4	123.00	40.731	0.024551	824.97	1127.0	6.4914	0.84840	1.1146	639.39	-0.038396	5.4182e-05	0.080055	supercritical
1129.4	123.00	40.695	0.024573	825.83	1128.1	6.4924	0.84852	1.1147	639.65	-0.038446	5.4213e-05	0.080108	supercritical
1130.4	123.00	40.660	0.024594	826.68	1129.2	6.4934	0.84863	1.1148	639.91	-0.038496	5.4243e-05	0.080162	supercritical
1131.4	123.00	40.625	0.024616	827.53	1130.3	6.4944	0.84875	1.1150	640.17	-0.038545	5.4273e-05	0.080215	supercritical
1132.4	123.00	40.589	0.024637	828.38	1131.4	6.4954	0.84886	1.1151	640.43	-0.038595	5.4303e-05	0.080268	supercritical
1133.4	123.00	40.554	0.024658	829.23	1132.5	6.4964	0.84898	1.1152	640.68	-0.038644	5.4333e-05	0.080321	supercritical
1134.4	123.00	40.519	0.024680	830.09	1133.6	6.4974	0.84909	1.1153	640.94	-0.038693	5.4363e-05	0.080374	supercritical
1135.4	123.00	40.484	0.024701	830.94	1134.8	6.4983	0.84921	1.1154	641.20	-0.038743	5.4392e-05	0.080427	supercritical
1136.4	123.00	40.449	0.024722	831.79	1135.9	6.4993	0.84932	1.1155	641.46	-0.038791	5.4422e-05	0.080480	supercritical
1137.4	123.00	40.414	0.024744	832.64	1137.0	6.5003	0.84944	1.1156	641.72	-0.038840	5.4452e-05	0.080533	supercritical
1138.4	123.00	40.379	0.024765	833.50	1138.1	6.5013	0.84955	1.1157	641.97	-0.038889	5.4482e-05	0.080586	supercritical
1139.4	123.00	40.344	0.024787	834.35	1139.2	6.5023	0.84967	1.1158	642.23	-0.038938	5.4512e-05	0.080639	supercritical
1140.4	123.00	40.310	0.024808	835.20	1140.3	6.5032	0.84978	1.1159	642.49	-0.038986	5.4542e-05	0.080692	supercritical
1141.4	123.00	40.275	0.024829	836.05	1141.5	6.5042	0.84990	1.1160	642.75	-0.039035	5.4572e-05	0.080746	supercritical
1142.4	123.00	40.240	0.024851	836.91	1142.6	6.5052	0.85001	1.1161	643.00	-0.039083	5.4602e-05	0.080799	supercritical
1143.4	123.00	40.206	0.024872	837.76	1143.7	6.5062	0.85013	1.1162	643.26	-0.039131	5.4632e-05	0.080852	supercritical
1144.4	123.00	40.171	0.024893	838.61	1144.8	6.5072	0.85024	1.1163	643.52	-0.039179	5.4662e-05	0.080905	supercritical
1145.4	123.00	40.137	0.024915	839.47	1145.9	6.5081	0.85035	1.1164	643.78	-0.039227	5.4692e-05	0.080958	supercritical
1146.4	123.00	40.102	0.024936	840.32	1147.0	6.5091	0.85047	1.1165	644.03	-0.039275	5.4721e-05	0.081011	supercritical
1147.4	123.00	40.068	0.024958	841.18	1148.2	6.5101	0.85058	1.1166	644.29	-0.039323	5.4751e-05	0.081064	supercritical
1148.4	123.00	40.034	0.024979	842.03	1149.3	6.5110	0.85069	1.1167	644.55	-0.039371	5.4781e-05	0.081117	supercritical
1149.4	123.00	40.000	0.025000	842.88	1150.4	6.5120	0.85080	1.1168	644.80	-0.039418	5.4811e-05	0.081169	supercritical
1150.4	123.00	39.965	0.025022	843.74	1151.5	6.5130	0.85092	1.1169	645.06	-0.039466	5.4841e-05	0.081222	supercritical
1151.4	123.00	39.931	0.025043	844.59	1152.6	6.5140	0.85103	1.1170	645.32	-0.039513	5.4871e-05	0.081275	supercritical
1152.4	123.00	39.897	0.025064	845.45	1153.7	6.5149	0.85114	1.1171	645.57	-0.039560	5.4900e-05	0.081328	supercritical
1153.4	123.00	39.863	0.025086	846.30	1154.9	6.5159	0.85125	1.1172	645.83	-0.039608	5.4930e-05	0.081381	supercritical
1154.4	123.00	39.829	0.025107	847.15	1156.0	6.5169	0.85137	1.1173	646.08	-0.039655	5.4960e-05	0.081434	supercritical
1155.4	123.00	39.795	0.025129	848.01	1157.1	6.5178	0.85148	1.1174	646.34	-0.039702	5.4990e-05	0.081487	supercritical
1156.4	123.00	39.762	0.025150	848.86	1158.2	6.5188	0.85159	1.1175	646.60	-0.039748	5.5020e-05	0.081540	supercritical
1157.4	123.00	39.728	0.025171	849.72	1159.3	6.5198	0.85170	1.1176	646.85	-0.039795	5.5049e-05	0.081593	supercritical
1158.4	123.00	39.694	0.025193	850.57	1160.4	6.5207	0.85181	1.1177	647.11	-0.039842	5.5079e-05	0.081646	supercritical
1159.4	123.00	39.661	0.025214	851.43	1161.6	6.5217	0.85193	1.1178	647.36	-0.039888	5.5109e-05	0.081699	supercritical
1160.4	123.00	39.627	0.025235	852.28	1162.7	6.5227	0.85204	1.1179	647.62	-0.039935	5.5139e-05	0.081752	supercritical
1161.4	123.00	39.593	0.025257	853.14	1163.8	6.5236	0.85215	1.1180	647.87	-0.039981	5.5168e-05	0.081804	supercritical
1162.4	123.00	39.560	0.025278	853.99	1164.9	6.5246	0.85226	1.1181	648.13	-0.040027	5.5198e-05	0.081857	supercritical
1163.4	123.00	39.527	0.025299	854.85	1166.0	6.5256	0.85237	1.1182	648.38	-0.040073	5.5228e-05	0.081910	supercritical
1164.4	123.00	39.493	0.025321	855.70	1167.1	6.5265	0.85248	1.1183	648.64	-0.040120	5.5257e-05	0.081963	supercritical
1165.4	123.00	39.460	0.025342	856.56	1168.3	6.5275	0.85259	1.1184	648.89	-0.040165	5.5287e-05	0.082016	supercritical
1166.4	123.00	39.427	0.025363	857.42	1169.4	6.5284	0.85270	1.1185	649.15	-0.040211	5.5317e-05	0.082069	supercritical
1167.4	123.00	39.394	0.025385	858.27	1170.5	6.5294	0.85281	1.1186	649.40	-0.040257	5.5346e-05	0.082121	supercritical
1168.4	123.00	39.360	0.025406	859.13	1171.6	6.5303	0.85292	1.1187	649.66	-0.040303	5.5376e-05	0.082174	supercritical
1169.4	123.00	39.327	0.025428	859.98	1172.7	6.5313	0.85303	1.1188	649.91	-0.040348	5.5406e-05	0.082227	supercritical
1170.4	123.00	39.294	0.025449	860.84	1173.9	6.5323	0.85314	1.1189	650.17	-0.040394	5.5435e-05	0.082280	supercritical
1171.4	123.00	39.261	0.025470	861.70	1175.0	6.5332	0.85325	1.1189	650.42	-0.040439	5.5465e-05	0.082332	supercritical
1172.4	123.00	39.229	0.025492	862.55	1176.1	6.5342	0.85336	1.1190	650.67	-0.040484	5.5495e-05	0.082385	supercritical
1173.4	123.00	39.196	0.025513	863.41	1177.2	6.5351	0.85347	1.1191	650.93	-0.040529	5.5524e-05	0.082438	supercritical
1174.4	123.00	39.163	0.025534	864.26	1178.3	6.5361	0.85358	1.1192	651.18	-0.040574	5.5554e-05	0.082491	supercritical
1175.4	123.00	39.130	0.025556	865.12	1179.5	6.5370	0.85369	1.1193	651.44	-0.040619	5.5583e-05	0.082543	supercritical
1176.4	123.00	39.098	0.025577	865.98	1180.6	6.5380	0.85379	1.1194	651.69	-0.040664	5.5613e-05	0.082596	supercritical
1177.4	123.00	39.065	0.025598	866.83	1181.7	6.5389	0.85390	1.1195	651.94	-0.040709	5.5642e-05	0.082649	supercritical
1178.4	123.00	39.032	0.025620	867.69	1182.8	6.5399	0.85401	1.1196	652.20	-0.040753	5.5672e-05	0.082702	supercritical
1179.4	123.00	39.000	0.025641	868.55	1183.9	6.5408	0.85412	1.1197	652.45	-0.040798	5.5702e-05	0.082754	supercritical
1180.4	123.00	38.967	0.025662	869.41	1185.1	6.5418	0.85423	1.1198	652.70	-0.040842	5.5731e-05	0.082807	supercritical
1181.4	123.00	38.935	0.025684	870.26	1186.2	6.5427	0.85434	1.1199	652.96	-0.040887	5.5761e-05	0.082860	supercritical
1182.4	123.00	38.903	0.025705	871.12	1187.3	6.5437	0.85444	1.1200	653.21	-0.040931	5.5790e-05	0.082912	supercritical
1183.4	123.00	38.870	0.025727	871.98	1188.4	6.5446	0.85455	1.1201	653.46	-0.040975	5.5820e-05	0.082965	supercritical
1184.4	123.00	38.838	0.025748	872.84	1189.5	6.5456	0.85466	1.1202	653.71	-0.041019	5.5849e-05	0.083018	supercritical
1185.4	123.00	38.806	0.025769	873.69	1190.7	6.5465	0.85477	1.1203	653.97	-0.041063	5.5879e-05	0.083070	supercritical
1186.4	123.00	38.774	0.025791	874.55	1191.8	6.5475	0.85487	1.1204	654.22	-0.041107	5.5908e-05	0.083123	supercritical
1187.4	123.00	38.742	0.025812	875.41	1192.9	6.5484	0.85498	1.1205	654.47	-0.041151	5.5938e-05	0.083176	supercritical
1188.4	123.00	38.710	0.025833	876.27	1194.0	6.5494	0.85509	1.1206	654.72	-0.041194	5.5967e-05	0.083228	supercritical
1189.4	123.00	38.678	0.025855	877.12	1195.1	6.5503	0.85520	1.1207	654.98	-0.041238	5.5997e-05	0.083281	supercritical
1190.4	123.00	38.646	0.025876	877.98	1196.3	6.5512	0.85530	1.1208	655.23	-0.041281	5.6026e-05	0.083333	supercritical
1191.4	123.00	38.614	0.025897	878.84	1197.4	6.5522	0.85541	1.1209	655.48	-0.041325	5.6055e-05	0.083386	supercritical
1192.4	123.00	38.582	0.025919	879.70	1198.5	6.5531	0.85552	1.1210	655.73	-0.041368	5.6085e-05	0.083439	supercritical
1193.4	123.00	38.550	0.025940	880.56	1199.6	6.5541	0.85562	1.1211	655.99	-0.041411	5.6114e-05	0.083491	supercritical
1194.4	123.00	38.519	0.025961	881.42	1200.7	6.5550	0.85573	1.1212	656.24	-0.041454	5.6144e-05	0.083544	supercritical
1195.4	123.00	38.487	0.025983	882.27	1201.9	6.5559	0.85583	1.1213	656.49	-0.041497	5.6173e-05	0.083596	supercritical
1196.4	123.00	38.455	0.026004	883.13	1203.0	6.5569	0.85594	1.1214	656.74	-0.041540	5.6203e-05	0.083649	supercritical
1197.4	123.00	38.424	0.026025	883.99	1204.1	6.5578	0.85605	1.1214	656.99	-0.041583	5.6232e-05	0.083702	supercritical
1198.4	123.00	38.392	0.026047	884.85	1205.2	6.5587	0.85615	1.1215	657.24	-0.041626	5.6261e-05	0.083754	supercritical
1199.4	123.00	38.361	0.026068	885.71	1206.3	6.5597	0.85626	1.1216	657.49	-0.041668	5.6291e-05	0.083807	supercritical
1200.4	123.00	38.330	0.026089	886.57	1207.5	6.5606	0.85636	1.1217	657.75	-0.041711	5.6320e-05	0.083859	supercritical
1201.4	123.00	38.298	0.026111	887.43	1208.6	6.5615	0.85647	1.1218	658.00	-0.041753	5.6349e-05	0.083912	supercritical
1202.4	123.00	38.267	0.026132	888.29	1209.7	6.5625	0.85657	1.1219	658.25	-0.041796	5.6379e-05	0.083964	supercritical
1203.4	123.00	38.236	0.026154	889.15	1210.8	6.5634	0.85668	1.1220	658.50	-0.041838	5.6408e-05	0.084017	supercritical
1204.4	123.00	38.205	0.026175	890.01	1212.0	6.5643	0.85678	1.1221	658.75	-0.041880	5.6437e-05	0.084069	supercritical
1205.4	123.00	38.173	0.026196	890.87	1213.1	6.5653	0.85689	1.1222	659.00	-0.041922	5.6467e-05	0.084122	supercritical
1206.4	123.00	38.142	0.026218	891.73	1214.2	6.5662	0.85699	1.1223	659.25	-0.041964	5.6496e-05	0.084174	supercritical
1207.4	123.00	38.111	0.026239	892.59	1215.3	6.5671	0.85710	1.1224	659.50	-0.042006	5.6525e-05	0.084227	supercritical
1208.4	123.00	38.080	0.026260	893.45	1216.4	6.5681	0.85720	1.1225	659.75	-0.042048	5.6555e-05	0.084279	supercritical
1209.4	123.00	38.049	0.026282	894.31	1217.6	6.5690	0.85730	1.1226	660.00	-0.042090	5.6584e-05	0.084331	supercritical
1210.4	123.00	38.019	0.026303	895.17	1218.7	6.5699	0.85741	1.1227	660.25	-0.042131	5.6613e-05	0.084384	supercritical
1211.4	123.00	37.988	0.026324	896.03	1219.8	6.5709	0.85751	1.1228	660.50	-0.042173	5.6642e-05	0.084436	supercritical
1212.4	123.00	37.957	0.026346	896.89	1220.9	6.5718	0.85762	1.1229	660.75	-0.042215	5.6672e-05	0.084489	supercritical
1213.4	123.00	37.926	0.026367	897.75	1222.1	6.5727	0.85772	1.1230	661.00	-0.042256	5.6701e-05	0.084541	supercritical
1214.4	123.00	37.896	0.026388	898.61	1223.2	6.5736	0.85782	1.1230	661.25	-0.042297	5.6730e-05	0.084594	supercritical
1215.4	123.00	37.865	0.026410	899.47	1224.3	6.5746	0.85793	1.1231	661.50	-0.042338	5.6759e-05	0.084646	supercritical
1216.4	123.00	37.834	0.026431	900.33	1225.4	6.5755	0.85803	1.1232	661.75	-0.042380	5.6789e-05	0.084698	supercritical
1217.4	123.00	37.804	0.026452	901.19	1226.6	6.5764	0.85813	1.1233	662.00	-0.042421	5.6818e-05	0.084751	supercritical
1218.4	123.00	37.773	0.026474	902.05	1227.7	6.5773	0.85824	1.1234	662.25	-0.042462	5.6847e-05	0.084803	supercritical
1219.4	123.00	37.743	0.026495	902.91	1228.8	6.5782	0.85834	1.1235	662.50	-0.042502	5.6876e-05	0.084855	supercritical
1220.4	123.00	37.713	0.026516	903.77	1229.9	6.5792	0.85844	1.1236	662.75	-0.042543	5.6905e-05	0.084908	supercritical
1221.4	123.00	37.682	0.026538	904.63	1231.0	6.5801	0.85855	1.1237	663.00	-0.042584	5.6935e-05	0.084960	supercritical
1222.4	123.00	37.652	0.026559	905.50	1232.2	6.5810	0.85865	1.1238	663.25	-0.042624	5.6964e-05	0.085013	supercritical
1223.4	123.00	37.622	0.026580	906.36	1233.3	6.5819	0.85875	1.1239	663.50	-0.042665	5.6993e-05	0.085065	supercritical
1224.4	123.00	37.592	0.026602	907.22	1234.4	6.5828	0.85885	1.1240	663.74	-0.042705	5.7022e-05	0.085117	supercritical
1225.4	123.00	37.562	0.026623	908.08	1235.5	6.5838	0.85895	1.1241	663.99	-0.042746	5.7051e-05	0.085169	supercritical
1226.4	123.00	37.531	0.026644	908.94	1236.7	6.5847	0.85906	1.1242	664.24	-0.042786	5.7080e-05	0.085222	supercritical
1227.4	123.00	37.501	0.026666	909.80	1237.8	6.5856	0.85916	1.1242	664.49	-0.042826	5.7109e-05	0.085274	supercritical
1228.4	123.00	37.471	0.026687	910.67	1238.9	6.5865	0.85926	1.1243	664.74	-0.042866	5.7139e-05	0.085326	supercritical
1229.4	123.00	37.442	0.026708	911.53	1240.0	6.5874	0.85936	1.1244	664.99	-0.042906	5.7168e-05	0.085379	supercritical
1230.4	123.00	37.412	0.026730	912.39	1241.2	6.5883	0.85946	1.1245	665.23	-0.042946	5.7197e-05	0.085431	supercritical
1231.4	123.00	37.382	0.026751	913.25	1242.3	6.5893	0.85956	1.1246	665.48	-0.042986	5.7226e-05	0.085483	supercritical
1232.4	123.00	37.352	0.026772	914.11	1243.4	6.5902	0.85967	1.1247	665.73	-0.043026	5.7255e-05	0.085535	supercritical
1233.4	123.00	37.322	0.026794	914.98	1244.5	6.5911	0.85977	1.1248	665.98	-0.043065	5.7284e-05	0.085588	supercritical
1234.4	123.00	37.293	0.026815	915.84	1245.7	6.5920	0.85987	1.1249	666.23	-0.043105	5.7313e-05	0.085640	supercritical
1235.4	123.00	37.263	0.026836	916.70	1246.8	6.5929	0.85997	1.1250	666.47	-0.043145	5.7342e-05	0.085692	supercritical
1236.4	123.00	37.233	0.026858	917.56	1247.9	6.5938	0.86007	1.1251	666.72	-0.043184	5.7371e-05	0.085744	supercritical
1237.4	123.00	37.204	0.026879	918.43	1249.0	6.5947	0.86017	1.1252	666.97	-0.043223	5.7400e-05	0.085797	supercritical
1238.4	123.00	37.174	0.026900	919.29	1250.2	6.5956	0.86027	1.1252	667.22	-0.043263	5.7429e-05	0.085849	supercritical
1239.4	123.00	37.145	0.026922	920.15	1251.3	6.5965	0.86037	1.1253	667.46	-0.043302	5.7458e-05	0.085901	supercritical
1240.4	123.00	37.115	0.026943	921.02	1252.4	6.5974	0.86047	1.1254	667.71	-0.043341	5.7487e-05	0.085953	supercritical
1241.4	123.00	37.086	0.026964	921.88	1253.5	6.5984	0.86057	1.1255	667.96	-0.043380	5.7516e-05	0.086005	supercritical
1242.4	123.00	37.057	0.026986	922.74	1254.7	6.5993	0.86067	1.1256	668.20	-0.043419	5.7545e-05	0.086058	supercritical
1243.4	123.00	37.028	0.027007	923.61	1255.8	6.6002	0.86077	1.1257	668.45	-0.043458	5.7574e-05	0.086110	supercritical
1244.4	123.00	36.998	0.027028	924.47	1256.9	6.6011	0.86087	1.1258	668.70	-0.043496	5.7603e-05	0.086162	supercritical
1245.4	123.00	36.969	0.027050	925.33	1258.0	6.6020	0.86097	1.1259	668.95	-0.043535	5.7632e-05	0.086214	supercritical
1246.4	123.00	36.940	0.027071	926.20	1259.2	6.6029	0.86107	1.1260	669.19	-0.043574	5.7661e-05	0.086266	supercritical
1247.4	123.00	36.911	0.027092	927.06	1260.3	6.6038	0.86117	1.1261	669.44	-0.043612	5.7690e-05	0.086318	supercritical
1248.4	123.00	36.882	0.027114	927.92	1261.4	6.6047	0.86127	1.1262	669.68	-0.043651	5.7719e-05	0.086371	supercritical
1249.4	123.00	36.853	0.027135	928.79	1262.5	6.6056	0.86137	1.1262	669.93	-0.043689	5.7748e-05	0.086423	supercritical
1250.4	123.00	36.824	0.027156	929.65	1263.7	6.6065	0.86147	1.1263	670.18	-0.043727	5.7777e-05	0.086475	supercritical
1251.4	123.00	36.795	0.027178	930.52	1264.8	6.6074	0.86157	1.1264	670.42	-0.043765	5.7806e-05	0.086527	supercritical
1252.4	123.00	36.766	0.027199	931.38	1265.9	6.6083	0.86167	1.1265	670.67	-0.043804	5.7835e-05	0.086579	supercritical
1253.4	123.00	36.737	0.027220	932.24	1267.1	6.6092	0.86177	1.1266	670.92	-0.043842	5.7864e-05	0.086631	supercritical
1254.4	123.00	36.709	0.027242	933.11	1268.2	6.6101	0.86187	1.1267	671.16	-0.043880	5.7893e-05	0.086683	supercritical
1255.4	123.00	36.680	0.027263	933.97	1269.3	6.6110	0.86196	1.1268	671.41	-0.043918	5.7922e-05	0.086735	supercritical
1256.4	123.00	36.651	0.027284	934.84	1270.4	6.6119	0.86206	1.1269	671.65	-0.043955	5.7950e-05	0.086787	supercritical
1257.4	123.00	36.623	0.027305	935.70	1271.6	6.6128	0.86216	1.1270	671.90	-0.043993	5.7979e-05	0.086839	supercritical
1258.4	123.00	36.594	0.027327	936.57	1272.7	6.6137	0.86226	1.1270	672.14	-0.044031	5.8008e-05	0.086891	supercritical
1259.4	123.00	36.566	0.027348	937.43	1273.8	6.6146	0.86236	1.1271	672.39	-0.044068	5.8037e-05	0.086943	supercritical
1260.4	123.00	36.537	0.027369	938.30	1274.9	6.6155	0.86246	1.1272	672.63	-0.044106	5.8066e-05	0.086996	supercritical
1261.4	123.00	36.509	0.027391	939.16	1276.1	6.6164	0.86255	1.1273	672.88	-0.044143	5.8095e-05	0.087048	supercritical
1262.4	123.00	36.480	0.027412	940.03	1277.2	6.6173	0.86265	1.1274	673.12	-0.044181	5.8124e-05	0.087100	supercritical
1263.4	123.00	36.452	0.027433	940.89	1278.3	6.6181	0.86275	1.1275	673.37	-0.044218	5.8152e-05	0.087152	supercritical
1264.4	123.00	36.424	0.027455	941.76	1279.4	6.6190	0.86285	1.1276	673.61	-0.044255	5.8181e-05	0.087204	supercritical
1265.4	123.00	36.395	0.027476	942.62	1280.6	6.6199	0.86294	1.1277	673.86	-0.044292	5.8210e-05	0.087256	supercritical
1266.4	123.00	36.367	0.027497	943.49	1281.7	6.6208	0.86304	1.1278	674.10	-0.044329	5.8239e-05	0.087308	supercritical
1267.4	123.00	36.339	0.027519	944.35	1282.8	6.6217	0.86314	1.1278	674.35	-0.044366	5.8268e-05	0.087360	supercritical
1268.4	123.00	36.311	0.027540	945.22	1284.0	6.6226	0.86324	1.1279	674.59	-0.044403	5.8296e-05	0.087412	supercritical
1269.4	123.00	36.283	0.027561	946.08	1285.1	6.6235	0.86333	1.1280	674.84	-0.044440	5.8325e-05	0.087464	supercritical
1270.4	123.00	36.255	0.027583	946.95	1286.2	6.6244	0.86343	1.1281	675.08	-0.044477	5.8354e-05	0.087515	supercritical
1271.4	123.00	36.227	0.027604	947.82	1287.3	6.6253	0.86353	1.1282	675.33	-0.044513	5.8383e-05	0.087567	supercritical
1272.4	123.00	36.199	0.027625	948.68	1288.5	6.6261	0.86362	1.1283	675.57	-0.044550	5.8411e-05	0.087619	supercritical
1273.4	123.00	36.171	0.027647	949.55	1289.6	6.6270	0.86372	1.1284	675.81	-0.044586	5.8440e-05	0.087671	supercritical
1274.4	123.00	36.143	0.027668	950.41	1290.7	6.6279	0.86382	1.1285	676.06	-0.044623	5.8469e-05	0.087723	supercritical
1275.4	123.00	36.115	0.027689	951.28	1291.9	6.6288	0.86391	1.1285	676.30	-0.044659	5.8498e-05	0.087775	supercritical
1276.4	123.00	36.087	0.027711	952.15	1293.0	6.6297	0.86401	1.1286	676.54	-0.044695	5.8526e-05	0.087827	supercritical
1277.4	123.00	36.060	0.027732	953.01	1294.1	6.6306	0.86411	1.1287	676.79	-0.044732	5.8555e-05	0.087879	supercritical
1278.4	123.00	36.032	0.027753	953.88	1295.2	6.6315	0.86420	1.1288	677.03	-0.044768	5.8584e-05	0.087931	supercritical
1279.4	123.00	36.004	0.027774	954.75	1296.4	6.6323	0.86430	1.1289	677.28	-0.044804	5.8613e-05	0.087983	supercritical
1280.4	123.00	35.977	0.027796	955.61	1297.5	6.6332	0.86440	1.1290	677.52	-0.044840	5.8641e-05	0.088035	supercritical
1281.4	123.00	35.949	0.027817	956.48	1298.6	6.6341	0.86449	1.1291	677.76	-0.044876	5.8670e-05	0.088087	supercritical
1282.4	123.00	35.922	0.027838	957.35	1299.8	6.6350	0.86459	1.1292	678.01	-0.044912	5.8699e-05	0.088138	supercritical
1283.4	123.00	35.894	0.027860	958.22	1300.9	6.6359	0.86468	1.1292	678.25	-0.044947	5.8727e-05	0.088190	supercritical
1284.4	123.00	35.867	0.027881	959.08	1302.0	6.6367	0.86478	1.1293	678.49	-0.044983	5.8756e-05	0.088242	supercritical
1285.4	123.00	35.839	0.027902	959.95	1303.1	6.6376	0.86487	1.1294	678.73	-0.045019	5.8785e-05	0.088294	supercritical
1286.4	123.00	35.812	0.027924	960.82	1304.3	6.6385	0.86497	1.1295	678.98	-0.045054	5.8813e-05	0.088346	supercritical
1287.4	123.00	35.785	0.027945	961.68	1305.4	6.6394	0.86506	1.1296	679.22	-0.045090	5.8842e-05	0.088398	supercritical
1288.4	123.00	35.757	0.027966	962.55	1306.5	6.6403	0.86516	1.1297	679.46	-0.045125	5.8870e-05	0.088449	supercritical
1289.4	123.00	35.730	0.027988	963.42	1307.7	6.6411	0.86525	1.1298	679.70	-0.045160	5.8899e-05	0.088501	supercritical
1290.4	123.00	35.703	0.028009	964.29	1308.8	6.6420	0.86535	1.1299	679.95	-0.045196	5.8928e-05	0.088553	supercritical
1291.4	123.00	35.676	0.028030	965.15	1309.9	6.6429	0.86544	1.1299	680.19	-0.045231	5.8956e-05	0.088605	supercritical
1292.4	123.00	35.649	0.028052	966.02	1311.1	6.6438	0.86554	1.1300	680.43	-0.045266	5.8985e-05	0.088657	supercritical
1293.4	123.00	35.622	0.028073	966.89	1312.2	6.6446	0.86563	1.1301	680.67	-0.045301	5.9013e-05	0.088708	supercritical
1294.4	123.00	35.595	0.028094	967.76	1313.3	6.6455	0.86573	1.1302	680.92	-0.045336	5.9042e-05	0.088760	supercritical
1295.4	123.00	35.568	0.028115	968.63	1314.4	6.6464	0.86582	1.1303	681.16	-0.045371	5.9071e-05	0.088812	supercritical
1296.4	123.00	35.541	0.028137	969.49	1315.6	6.6473	0.86592	1.1304	681.40	-0.045406	5.9099e-05	0.088864	supercritical
1297.4	123.00	35.514	0.028158	970.36	1316.7	6.6481	0.86601	1.1305	681.64	-0.045441	5.9128e-05	0.088916	supercritical
1298.4	123.00	35.487	0.028179	971.23	1317.8	6.6490	0.86611	1.1305	681.88	-0.045475	5.9156e-05	0.088967	supercritical
1299.4	123.00	35.460	0.028201	972.10	1319.0	6.6499	0.86620	1.1306	682.12	-0.045510	5.9185e-05	0.089019	supercritical
1300.4	123.00	35.433	0.028222	972.97	1320.1	6.6507	0.86629	1.1307	682.37	-0.045545	5.9213e-05	0.089071	supercritical
1301.4	123.00	35.407	0.028243	973.84	1321.2	6.6516	0.86639	1.1308	682.61	-0.045579	5.9242e-05	0.089123	supercritical
1302.4	123.00	35.380	0.028265	974.71	1322.4	6.6525	0.86648	1.1309	682.85	-0.045613	5.9270e-05	0.089174	supercritical
1303.4	123.00	35.353	0.028286	975.58	1323.5	6.6533	0.86658	1.1310	683.09	-0.045648	5.9299e-05	0.089226	supercritical
1304.4	123.00	35.327	0.028307	976.44	1324.6	6.6542	0.86667	1.1311	683.33	-0.045682	5.9327e-05	0.089278	supercritical
1305.4	123.00	35.300	0.028329	977.31	1325.8	6.6551	0.86676	1.1311	683.57	-0.045716	5.9356e-05	0.089329	supercritical
1306.4	123.00	35.274	0.028350	978.18	1326.9	6.6559	0.86686	1.1312	683.81	-0.045750	5.9384e-05	0.089381	supercritical
1307.4	123.00	35.247	0.028371	979.05	1328.0	6.6568	0.86695	1.1313	684.05	-0.045785	5.9413e-05	0.089433	supercritical
1308.4	123.00	35.221	0.028392	979.92	1329.1	6.6577	0.86704	1.1314	684.29	-0.045819	5.9441e-05	0.089484	supercritical
1309.4	123.00	35.194	0.028414	980.79	1330.3	6.6585	0.86714	1.1315	684.54	-0.045853	5.9470e-05	0.089536	supercritical
1310.4	123.00	35.168	0.028435	981.66	1331.4	6.6594	0.86723	1.1316	684.78	-0.045886	5.9498e-05	0.089588	supercritical
1311.4	123.00	35.142	0.028456	982.53	1332.5	6.6603	0.86732	1.1316	685.02	-0.045920	5.9527e-05	0.089639	supercritical
1312.4	123.00	35.115	0.028478	983.40	1333.7	6.6611	0.86742	1.1317	685.26	-0.045954	5.9555e-05	0.089691	supercritical
1313.4	123.00	35.089	0.028499	984.27	1334.8	6.6620	0.86751	1.1318	685.50	-0.045988	5.9584e-05	0.089743	supercritical
1314.4	123.00	35.063	0.028520	985.14	1335.9	6.6629	0.86760	1.1319	685.74	-0.046021	5.9612e-05	0.089794	supercritical
1315.4	123.00	35.037	0.028542	986.01	1337.1	6.6637	0.86769	1.1320	685.98	-0.046055	5.9641e-05	0.089846	supercritical
1316.4	123.00	35.010	0.028563	986.88	1338.2	6.6646	0.86779	1.1321	686.22	-0.046088	5.9669e-05	0.089898	supercritical
1317.4	123.00	34.984	0.028584	987.75	1339.3	6.6654	0.86788	1.1322	686.46	-0.046122	5.9697e-05	0.089949	supercritical
1318.4	123.00	34.958	0.028605	988.62	1340.5	6.6663	0.86797	1.1322	686.70	-0.046155	5.9726e-05	0.090001	supercritical
1319.4	123.00	34.932	0.028627	989.49	1341.6	6.6671	0.86806	1.1323	686.94	-0.046188	5.9754e-05	0.090052	supercritical
1320.4	123.00	34.906	0.028648	990.36	1342.7	6.6680	0.86816	1.1324	687.18	-0.046221	5.9783e-05	0.090104	supercritical
1321.4	123.00	34.880	0.028669	991.23	1343.9	6.6689	0.86825	1.1325	687.42	-0.046255	5.9811e-05	0.090156	supercritical
1322.4	123.00	34.855	0.028691	992.10	1345.0	6.6697	0.86834	1.1326	687.66	-0.046288	5.9839e-05	0.090207	supercritical
1323.4	123.00	34.829	0.028712	992.97	1346.1	6.6706	0.86843	1.1327	687.90	-0.046321	5.9868e-05	0.090259	supercritical
1324.4	123.00	34.803	0.028733	993.84	1347.3	6.6714	0.86852	1.1327	688.13	-0.046354	5.9896e-05	0.090310	supercritical
1325.4	123.00	34.777	0.028755	994.71	1348.4	6.6723	0.86861	1.1328	688.37	-0.046386	5.9924e-05	0.090362	supercritical
1326.4	123.00	34.751	0.028776	995.58	1349.5	6.6731	0.86871	1.1329	688.61	-0.046419	5.9953e-05	0.090413	supercritical
1327.4	123.00	34.726	0.028797	996.45	1350.7	6.6740	0.86880	1.1330	688.85	-0.046452	5.9981e-05	0.090465	supercritical
1328.4	123.00	34.700	0.028818	997.33	1351.8	6.6748	0.86889	1.1331	689.09	-0.046485	6.0009e-05	0.090516	supercritical
1329.4	123.00	34.674	0.028840	998.20	1352.9	6.6757	0.86898	1.1332	689.33	-0.046517	6.0038e-05	0.090568	supercritical
1330.4	123.00	34.649	0.028861	999.07	1354.1	6.6766	0.86907	1.1332	689.57	-0.046550	6.0066e-05	0.090619	supercritical
1331.4	123.00	34.623	0.028882	999.94	1355.2	6.6774	0.86916	1.1333	689.81	-0.046582	6.0094e-05	0.090671	supercritical
1332.4	123.00	34.598	0.028904	1000.8	1356.3	6.6783	0.86925	1.1334	690.05	-0.046615	6.0123e-05	0.090722	supercritical
1333.4	123.00	34.572	0.028925	1001.7	1357.5	6.6791	0.86935	1.1335	690.28	-0.046647	6.0151e-05	0.090774	supercritical
1334.4	123.00	34.547	0.028946	1002.6	1358.6	6.6800	0.86944	1.1336	690.52	-0.046679	6.0179e-05	0.090825	supercritical
1335.4	123.00	34.521	0.028968	1003.4	1359.7	6.6808	0.86953	1.1337	690.76	-0.046712	6.0207e-05	0.090877	supercritical
1336.4	123.00	34.496	0.028989	1004.3	1360.9	6.6817	0.86962	1.1337	691.00	-0.046744	6.0236e-05	0.090928	supercritical
1337.4	123.00	34.471	0.029010	1005.2	1362.0	6.6825	0.86971	1.1338	691.24	-0.046776	6.0264e-05	0.090980	supercritical
1338.4	123.00	34.445	0.029031	1006.0	1363.1	6.6834	0.86980	1.1339	691.48	-0.046808	6.0292e-05	0.091031	supercritical
1339.4	123.00	34.420	0.029053	1006.9	1364.3	6.6842	0.86989	1.1340	691.71	-0.046840	6.0320e-05	0.091083	supercritical
1340.4	123.00	34.395	0.029074	1007.8	1365.4	6.6850	0.86998	1.1341	691.95	-0.046872	6.0349e-05	0.091134	supercritical
1341.4	123.00	34.370	0.029095	1008.7	1366.5	6.6859	0.87007	1.1342	692.19	-0.046904	6.0377e-05	0.091186	supercritical
1342.4	123.00	34.345	0.029117	1009.5	1367.7	6.6867	0.87016	1.1342	692.43	-0.046936	6.0405e-05	0.091237	supercritical
1343.4	123.00	34.320	0.029138	1010.4	1368.8	6.6876	0.87025	1.1343	692.66	-0.046967	6.0433e-05	0.091289	supercritical
1344.4	123.00	34.294	0.029159	1011.3	1369.9	6.6884	0.87034	1.1344	692.90	-0.046999	6.0462e-05	0.091340	supercritical
1345.4	123.00	34.269	0.029180	1012.1	1371.1	6.6893	0.87043	1.1345	693.14	-0.047031	6.0490e-05	0.091391	supercritical
1346.4	123.00	34.244	0.029202	1013.0	1372.2	6.6901	0.87052	1.1346	693.38	-0.047062	6.0518e-05	0.091443	supercritical
1347.4	123.00	34.220	0.029223	1013.9	1373.3	6.6910	0.87061	1.1347	693.61	-0.047094	6.0546e-05	0.091494	supercritical
1348.4	123.00	34.195	0.029244	1014.8	1374.5	6.6918	0.87070	1.1347	693.85	-0.047125	6.0574e-05	0.091546	supercritical
1349.4	123.00	34.170	0.029266	1015.6	1375.6	6.6926	0.87079	1.1348	694.09	-0.047156	6.0603e-05	0.091597	supercritical
1350.4	123.00	34.145	0.029287	1016.5	1376.7	6.6935	0.87088	1.1349	694.33	-0.047188	6.0631e-05	0.091648	supercritical
1351.4	123.00	34.120	0.029308	1017.4	1377.9	6.6943	0.87097	1.1350	694.56	-0.047219	6.0659e-05	0.091700	supercritical
1352.4	123.00	34.095	0.029330	1018.3	1379.0	6.6952	0.87106	1.1351	694.80	-0.047250	6.0687e-05	0.091751	supercritical
1353.4	123.00	34.071	0.029351	1019.1	1380.1	6.6960	0.87115	1.1352	695.04	-0.047281	6.0715e-05	0.091802	supercritical
1354.4	123.00	34.046	0.029372	1020.0	1381.3	6.6968	0.87124	1.1352	695.27	-0.047312	6.0743e-05	0.091854	supercritical
1355.4	123.00	34.021	0.029393	1020.9	1382.4	6.6977	0.87133	1.1353	695.51	-0.047343	6.0771e-05	0.091905	supercritical
1356.4	123.00	33.997	0.029415	1021.8	1383.6	6.6985	0.87142	1.1354	695.75	-0.047374	6.0800e-05	0.091956	supercritical
1357.4	123.00	33.972	0.029436	1022.6	1384.7	6.6993	0.87151	1.1355	695.98	-0.047405	6.0828e-05	0.092008	supercritical
1358.4	123.00	33.947	0.029457	1023.5	1385.8	6.7002	0.87160	1.1356	696.22	-0.047436	6.0856e-05	0.092059	supercritical
1359.4	123.00	33.923	0.029479	1024.4	1387.0	6.7010	0.87169	1.1356	696.45	-0.047466	6.0884e-05	0.092110	supercritical
1360.4	123.00	33.898	0.029500	1025.2	1388.1	6.7019	0.87177	1.1357	696.69	-0.047497	6.0912e-05	0.092162	supercritical
1361.4	123.00	33.874	0.029521	1026.1	1389.2	6.7027	0.87186	1.1358	696.93	-0.047528	6.0940e-05	0.092213	supercritical
1362.4	123.00	33.850	0.029542	1027.0	1390.4	6.7035	0.87195	1.1359	697.16	-0.047558	6.0968e-05	0.092264	supercritical
1363.4	123.00	33.825	0.029564	1027.9	1391.5	6.7044	0.87204	1.1360	697.40	-0.047589	6.0996e-05	0.092316	supercritical
1364.4	123.00	33.801	0.029585	1028.7	1392.6	6.7052	0.87213	1.1361	697.63	-0.047619	6.1024e-05	0.092367	supercritical
1365.4	123.00	33.777	0.029606	1029.6	1393.8	6.7060	0.87222	1.1361	697.87	-0.047650	6.1052e-05	0.092418	supercritical
1366.4	123.00	33.752	0.029628	1030.5	1394.9	6.7069	0.87231	1.1362	698.11	-0.047680	6.1080e-05	0.092469	supercritical
1367.4	123.00	33.728	0.029649	1031.4	1396.0	6.7077	0.87240	1.1363	698.34	-0.047710	6.1108e-05	0.092521	supercritical
1368.4	123.00	33.704	0.029670	1032.2	1397.2	6.7085	0.87248	1.1364	698.58	-0.047741	6.1137e-05	0.092572	supercritical
1369.4	123.00	33.680	0.029691	1033.1	1398.3	6.7093	0.87257	1.1365	698.81	-0.047771	6.1165e-05	0.092623	supercritical
1370.4	123.00	33.656	0.029713	1034.0	1399.5	6.7102	0.87266	1.1365	699.05	-0.047801	6.1193e-05	0.092674	supercritical
1371.4	123.00	33.632	0.029734	1034.9	1400.6	6.7110	0.87275	1.1366	699.28	-0.047831	6.1221e-05	0.092726	supercritical
1372.4	123.00	33.607	0.029755	1035.7	1401.7	6.7118	0.87284	1.1367	699.52	-0.047861	6.1249e-05	0.092777	supercritical
1373.4	123.00	33.583	0.029777	1036.6	1402.9	6.7127	0.87292	1.1368	699.75	-0.047891	6.1277e-05	0.092828	supercritical
1374.4	123.00	33.559	0.029798	1037.5	1404.0	6.7135	0.87301	1.1369	699.99	-0.047921	6.1305e-05	0.092879	supercritical
1375.4	123.00	33.535	0.029819	1038.4	1405.1	6.7143	0.87310	1.1369	700.22	-0.047950	6.1333e-05	0.092931	supercritical
1376.4	123.00	33.512	0.029840	1039.2	1406.3	6.7151	0.87319	1.1370	700.46	-0.047980	6.1361e-05	0.092982	supercritical
1377.4	123.00	33.488	0.029862	1040.1	1407.4	6.7160	0.87328	1.1371	700.69	-0.048010	6.1389e-05	0.093033	supercritical
1378.4	123.00	33.464	0.029883	1041.0	1408.5	6.7168	0.87336	1.1372	700.93	-0.048039	6.1417e-05	0.093084	supercritical
1379.4	123.00	33.440	0.029904	1041.9	1409.7	6.7176	0.87345	1.1373	701.16	-0.048069	6.1445e-05	0.093135	supercritical
1380.4	123.00	33.416	0.029926	1042.7	1410.8	6.7184	0.87354	1.1374	701.40	-0.048099	6.1472e-05	0.093187	supercritical
1381.4	123.00	33.392	0.029947	1043.6	1412.0	6.7193	0.87363	1.1374	701.63	-0.048128	6.1500e-05	0.093238	supercritical
1382.4	123.00	33.369	0.029968	1044.5	1413.1	6.7201	0.87371	1.1375	701.86	-0.048157	6.1528e-05	0.093289	supercritical
1383.4	123.00	33.345	0.029989	1045.4	1414.2	6.7209	0.87380	1.1376	702.10	-0.048187	6.1556e-05	0.093340	supercritical
1384.4	123.00	33.321	0.030011	1046.2	1415.4	6.7217	0.87389	1.1377	702.33	-0.048216	6.1584e-05	0.093391	supercritical
1385.4	123.00	33.298	0.030032	1047.1	1416.5	6.7226	0.87397	1.1378	702.57	-0.048245	6.1612e-05	0.093442	supercritical
1386.4	123.00	33.274	0.030053	1048.0	1417.7	6.7234	0.87406	1.1378	702.80	-0.048274	6.1640e-05	0.093493	supercritical
1387.4	123.00	33.251	0.030075	1048.9	1418.8	6.7242	0.87415	1.1379	703.03	-0.048304	6.1668e-05	0.093545	supercritical
1388.4	123.00	33.227	0.030096	1049.7	1419.9	6.7250	0.87424	1.1380	703.27	-0.048333	6.1696e-05	0.093596	supercritical
1389.4	123.00	33.204	0.030117	1050.6	1421.1	6.7258	0.87432	1.1381	703.50	-0.048362	6.1724e-05	0.093647	supercritical
1390.4	123.00	33.180	0.030138	1051.5	1422.2	6.7267	0.87441	1.1382	703.74	-0.048391	6.1752e-05	0.093698	supercritical
1391.4	123.00	33.157	0.030160	1052.4	1423.3	6.7275	0.87450	1.1382	703.97	-0.048419	6.1780e-05	0.093749	supercritical
1392.4	123.00	33.133	0.030181	1053.3	1424.5	6.7283	0.87458	1.1383	704.20	-0.048448	6.1807e-05	0.093800	supercritical
1393.4	123.00	33.110	0.030202	1054.1	1425.6	6.7291	0.87467	1.1384	704.44	-0.048477	6.1835e-05	0.093851	supercritical
1394.4	123.00	33.087	0.030224	1055.0	1426.8	6.7299	0.87476	1.1385	704.67	-0.048506	6.1863e-05	0.093902	supercritical
1395.4	123.00	33.064	0.030245	1055.9	1427.9	6.7307	0.87484	1.1386	704.90	-0.048535	6.1891e-05	0.093953	supercritical
1396.4	123.00	33.040	0.030266	1056.8	1429.0	6.7316	0.87493	1.1386	705.14	-0.048563	6.1919e-05	0.094004	supercritical
1397.4	123.00	33.017	0.030287	1057.6	1430.2	6.7324	0.87501	1.1387	705.37	-0.048592	6.1947e-05	0.094055	supercritical
1398.4	123.00	32.994	0.030309	1058.5	1431.3	6.7332	0.87510	1.1388	705.60	-0.048620	6.1975e-05	0.094107	supercritical
1399.4	123.00	32.971	0.030330	1059.4	1432.4	6.7340	0.87519	1.1389	705.83	-0.048649	6.2002e-05	0.094158	supercritical
1400.4	123.00	32.948	0.030351	1060.3	1433.6	6.7348	0.87527	1.1390	706.07	-0.048677	6.2030e-05	0.094209	supercritical
1401.4	123.00	32.925	0.030372	1061.1	1434.7	6.7356	0.87536	1.1390	706.30	-0.048705	6.2058e-05	0.094260	supercritical
1402.4	123.00	32.902	0.030394	1062.0	1435.9	6.7364	0.87545	1.1391	706.53	-0.048734	6.2086e-05	0.094311	supercritical
1403.4	123.00	32.878	0.030415	1062.9	1437.0	6.7373	0.87553	1.1392	706.76	-0.048762	6.2114e-05	0.094362	supercritical
1404.4	123.00	32.856	0.030436	1063.8	1438.1	6.7381	0.87562	1.1393	707.00	-0.048790	6.2141e-05	0.094413	supercritical
1405.4	123.00	32.833	0.030458	1064.7	1439.3	6.7389	0.87570	1.1394	707.23	-0.048818	6.2169e-05	0.094464	supercritical
1406.4	123.00	32.810	0.030479	1065.5	1440.4	6.7397	0.87579	1.1394	707.46	-0.048846	6.2197e-05	0.094515	supercritical
1407.4	123.00	32.787	0.030500	1066.4	1441.6	6.7405	0.87587	1.1395	707.69	-0.048874	6.2225e-05	0.094566	supercritical
1408.4	123.00	32.764	0.030521	1067.3	1442.7	6.7413	0.87596	1.1396	707.93	-0.048902	6.2253e-05	0.094617	supercritical
1409.4	123.00	32.741	0.030543	1068.2	1443.8	6.7421	0.87605	1.1397	708.16	-0.048930	6.2280e-05	0.094668	supercritical
1410.4	123.00	32.718	0.030564	1069.0	1445.0	6.7429	0.87613	1.1397	708.39	-0.048958	6.2308e-05	0.094719	supercritical
1411.4	123.00	32.696	0.030585	1069.9	1446.1	6.7437	0.87622	1.1398	708.62	-0.048986	6.2336e-05	0.094770	supercritical
1412.4	123.00	32.673	0.030607	1070.8	1447.3	6.7445	0.87630	1.1399	708.85	-0.049014	6.2364e-05	0.094821	supercritical
1413.4	123.00	32.650	0.030628	1071.7	1448.4	6.7453	0.87639	1.1400	709.08	-0.049041	6.2391e-05	0.094872	supercritical
1414.4	123.00	32.627	0.030649	1072.6	1449.5	6.7461	0.87647	1.1401	709.32	-0.049069	6.2419e-05	0.094923	supercritical
1415.4	123.00	32.605	0.030670	1073.4	1450.7	6.7470	0.87656	1.1401	709.55	-0.049097	6.2447e-05	0.094974	supercritical
1416.4	123.00	32.582	0.030692	1074.3	1451.8	6.7478	0.87664	1.1402	709.78	-0.049124	6.2475e-05	0.095024	supercritical
1417.4	123.00	32.560	0.030713	1075.2	1453.0	6.7486	0.87673	1.1403	710.01	-0.049152	6.2502e-05	0.095075	supercritical
1418.4	123.00	32.537	0.030734	1076.1	1454.1	6.7494	0.87681	1.1404	710.24	-0.049179	6.2530e-05	0.095126	supercritical
1419.4	123.00	32.515	0.030755	1077.0	1455.2	6.7502	0.87690	1.1405	710.47	-0.049207	6.2558e-05	0.095177	supercritical
1420.4	123.00	32.492	0.030777	1077.8	1456.4	6.7510	0.87698	1.1405	710.70	-0.049234	6.2585e-05	0.095228	supercritical
1421.4	123.00	32.470	0.030798	1078.7	1457.5	6.7518	0.87707	1.1406	710.94	-0.049261	6.2613e-05	0.095279	supercritical
1422.4	123.00	32.447	0.030819	1079.6	1458.7	6.7526	0.87715	1.1407	711.17	-0.049288	6.2641e-05	0.095330	supercritical
1423.4	123.00	32.425	0.030841	1080.5	1459.8	6.7534	0.87724	1.1408	711.40	-0.049316	6.2668e-05	0.095381	supercritical
1424.4	123.00	32.403	0.030862	1081.3	1460.9	6.7542	0.87732	1.1409	711.63	-0.049343	6.2696e-05	0.095432	supercritical
1425.4	123.00	32.380	0.030883	1082.2	1462.1	6.7550	0.87741	1.1409	711.86	-0.049370	6.2724e-05	0.095483	supercritical
1426.4	123.00	32.358	0.030904	1083.1	1463.2	6.7558	0.87749	1.1410	712.09	-0.049397	6.2751e-05	0.095533	supercritical
1427.4	123.00	32.336	0.030926	1084.0	1464.4	6.7566	0.87758	1.1411	712.32	-0.049424	6.2779e-05	0.095584	supercritical
1428.4	123.00	32.313	0.030947	1084.9	1465.5	6.7574	0.87766	1.1412	712.55	-0.049451	6.2807e-05	0.095635	supercritical
1429.4	123.00	32.291	0.030968	1085.7	1466.7	6.7582	0.87774	1.1412	712.78	-0.049478	6.2834e-05	0.095686	supercritical
1430.4	123.00	32.269	0.030989	1086.6	1467.8	6.7590	0.87783	1.1413	713.01	-0.049504	6.2862e-05	0.095737	supercritical
1431.4	123.00	32.247	0.031011	1087.5	1468.9	6.7598	0.87791	1.1414	713.24	-0.049531	6.2890e-05	0.095788	supercritical
1432.4	123.00	32.225	0.031032	1088.4	1470.1	6.7606	0.87800	1.1415	713.47	-0.049558	6.2917e-05	0.095839	supercritical
1433.4	123.00	32.203	0.031053	1089.3	1471.2	6.7614	0.87808	1.1416	713.70	-0.049585	6.2945e-05	0.095889	supercritical
1434.4	123.00	32.181	0.031074	1090.1	1472.4	6.7622	0.87817	1.1416	713.93	-0.049611	6.2972e-05	0.095940	supercritical
1435.4	123.00	32.159	0.031096	1091.0	1473.5	6.7630	0.87825	1.1417	714.16	-0.049638	6.3000e-05	0.095991	supercritical
1436.4	123.00	32.137	0.031117	1091.9	1474.6	6.7638	0.87833	1.1418	714.39	-0.049664	6.3028e-05	0.096042	supercritical
1437.4	123.00	32.115	0.031138	1092.8	1475.8	6.7646	0.87842	1.1419	714.62	-0.049691	6.3055e-05	0.096093	supercritical
1438.4	123.00	32.093	0.031160	1093.7	1476.9	6.7653	0.87850	1.1419	714.85	-0.049717	6.3083e-05	0.096144	supercritical
1439.4	123.00	32.071	0.031181	1094.5	1478.1	6.7661	0.87859	1.1420	715.08	-0.049744	6.3110e-05	0.096194	supercritical
1440.4	123.00	32.049	0.031202	1095.4	1479.2	6.7669	0.87867	1.1421	715.31	-0.049770	6.3138e-05	0.096245	supercritical
1441.4	123.00	32.027	0.031223	1096.3	1480.4	6.7677	0.87875	1.1422	715.54	-0.049796	6.3165e-05	0.096296	supercritical
1442.4	123.00	32.005	0.031245	1097.2	1481.5	6.7685	0.87884	1.1423	715.77	-0.049822	6.3193e-05	0.096347	supercritical
1443.4	123.00	31.984	0.031266	1098.1	1482.6	6.7693	0.87892	1.1423	716.00	-0.049849	6.3221e-05	0.096397	supercritical
1444.4	123.00	31.962	0.031287	1098.9	1483.8	6.7701	0.87900	1.1424	716.23	-0.049875	6.3248e-05	0.096448	supercritical
1445.4	123.00	31.940	0.031308	1099.8	1484.9	6.7709	0.87909	1.1425	716.45	-0.049901	6.3276e-05	0.096499	supercritical
1446.4	123.00	31.919	0.031330	1100.7	1486.1	6.7717	0.87917	1.1426	716.68	-0.049927	6.3303e-05	0.096550	supercritical
1447.4	123.00	31.897	0.031351	1101.6	1487.2	6.7725	0.87925	1.1426	716.91	-0.049953	6.3331e-05	0.096600	supercritical
1448.4	123.00	31.875	0.031372	1102.5	1488.3	6.7733	0.87934	1.1427	717.14	-0.049979	6.3358e-05	0.096651	supercritical
1449.4	123.00	31.854	0.031394	1103.4	1489.5	6.7741	0.87942	1.1428	717.37	-0.050005	6.3386e-05	0.096702	supercritical
1450.4	123.00	31.832	0.031415	1104.2	1490.6	6.7748	0.87950	1.1429	717.60	-0.050031	6.3413e-05	0.096753	supercritical
1451.4	123.00	31.811	0.031436	1105.1	1491.8	6.7756	0.87959	1.1430	717.83	-0.050056	6.3441e-05	0.096803	supercritical
1452.4	123.00	31.789	0.031457	1106.0	1492.9	6.7764	0.87967	1.1430	718.06	-0.050082	6.3468e-05	0.096854	supercritical
1453.4	123.00	31.768	0.031479	1106.9	1494.1	6.7772	0.87975	1.1431	718.28	-0.050108	6.3496e-05	0.096905	supercritical
1454.4	123.00	31.746	0.031500	1107.8	1495.2	6.7780	0.87984	1.1432	718.51	-0.050133	6.3523e-05	0.096956	supercritical
1455.4	123.00	31.725	0.031521	1108.6	1496.3	6.7788	0.87992	1.1433	718.74	-0.050159	6.3551e-05	0.097006	supercritical
1456.4	123.00	31.703	0.031542	1109.5	1497.5	6.7796	0.88000	1.1433	718.97	-0.050185	6.3578e-05	0.097057	supercritical
1457.4	123.00	31.682	0.031564	1110.4	1498.6	6.7803	0.88008	1.1434	719.20	-0.050210	6.3606e-05	0.097108	supercritical
1458.4	123.00	31.661	0.031585	1111.3	1499.8	6.7811	0.88017	1.1435	719.43	-0.050235	6.3633e-05	0.097158	supercritical
1459.4	123.00	31.639	0.031606	1112.2	1500.9	6.7819	0.88025	1.1436	719.65	-0.050261	6.3660e-05	0.097209	supercritical
1460.4	123.00	31.618	0.031627	1113.0	1502.1	6.7827	0.88033	1.1436	719.88	-0.050286	6.3688e-05	0.097260	supercritical
1461.4	123.00	31.597	0.031649	1113.9	1503.2	6.7835	0.88042	1.1437	720.11	-0.050312	6.3715e-05	0.097310	supercritical
1462.4	123.00	31.576	0.031670	1114.8	1504.4	6.7843	0.88050	1.1438	720.34	-0.050337	6.3743e-05	0.097361	supercritical
1463.4	123.00	31.554	0.031691	1115.7	1505.5	6.7850	0.88058	1.1439	720.56	-0.050362	6.3770e-05	0.097412	supercritical
1464.4	123.00	31.533	0.031712	1116.6	1506.6	6.7858	0.88066	1.1440	720.79	-0.050387	6.3798e-05	0.097462	supercritical
1465.4	123.00	31.512	0.031734	1117.5	1507.8	6.7866	0.88075	1.1440	721.02	-0.050412	6.3825e-05	0.097513	supercritical
1466.4	123.00	31.491	0.031755	1118.3	1508.9	6.7874	0.88083	1.1441	721.25	-0.050437	6.3852e-05	0.097563	supercritical
1467.4	123.00	31.470	0.031776	1119.2	1510.1	6.7882	0.88091	1.1442	721.47	-0.050462	6.3880e-05	0.097614	supercritical
1468.4	123.00	31.449	0.031798	1120.1	1511.2	6.7889	0.88099	1.1443	721.70	-0.050487	6.3907e-05	0.097665	supercritical
1469.4	123.00	31.428	0.031819	1121.0	1512.4	6.7897	0.88107	1.1443	721.93	-0.050512	6.3935e-05	0.097715	supercritical
1470.4	123.00	31.407	0.031840	1121.9	1513.5	6.7905	0.88116	1.1444	722.16	-0.050537	6.3962e-05	0.097766	supercritical
1471.4	123.00	31.386	0.031861	1122.8	1514.7	6.7913	0.88124	1.1445	722.38	-0.050562	6.3989e-05	0.097817	supercritical
1472.4	123.00	31.365	0.031883	1123.6	1515.8	6.7921	0.88132	1.1446	722.61	-0.050587	6.4017e-05	0.097867	supercritical
1473.4	123.00	31.344	0.031904	1124.5	1516.9	6.7928	0.88140	1.1446	722.84	-0.050612	6.4044e-05	0.097918	supercritical
1474.4	123.00	31.323	0.031925	1125.4	1518.1	6.7936	0.88149	1.1447	723.06	-0.050636	6.4071e-05	0.097968	supercritical
1475.4	123.00	31.302	0.031946	1126.3	1519.2	6.7944	0.88157	1.1448	723.29	-0.050661	6.4099e-05	0.098019	supercritical
1476.4	123.00	31.282	0.031968	1127.2	1520.4	6.7952	0.88165	1.1449	723.52	-0.050686	6.4126e-05	0.098069	supercritical
1477.4	123.00	31.261	0.031989	1128.1	1521.5	6.7959	0.88173	1.1450	723.74	-0.050710	6.4154e-05	0.098120	supercritical
1478.4	123.00	31.240	0.032010	1128.9	1522.7	6.7967	0.88181	1.1450	723.97	-0.050735	6.4181e-05	0.098171	supercritical
1479.4	123.00	31.219	0.032031	1129.8	1523.8	6.7975	0.88189	1.1451	724.20	-0.050759	6.4208e-05	0.098221	supercritical
1480.4	123.00	31.199	0.032053	1130.7	1525.0	6.7983	0.88198	1.1452	724.42	-0.050784	6.4236e-05	0.098272	supercritical
1481.4	123.00	31.178	0.032074	1131.6	1526.1	6.7990	0.88206	1.1453	724.65	-0.050808	6.4263e-05	0.098322	supercritical
1482.4	123.00	31.157	0.032095	1132.5	1527.2	6.7998	0.88214	1.1453	724.87	-0.050832	6.4290e-05	0.098373	supercritical
1483.4	123.00	31.137	0.032116	1133.4	1528.4	6.8006	0.88222	1.1454	725.10	-0.050857	6.4317e-05	0.098423	supercritical
1484.4	123.00	31.116	0.032138	1134.2	1529.5	6.8014	0.88230	1.1455	725.33	-0.050881	6.4345e-05	0.098474	supercritical
1485.4	123.00	31.096	0.032159	1135.1	1530.7	6.8021	0.88238	1.1456	725.55	-0.050905	6.4372e-05	0.098524	supercritical
1486.4	123.00	31.075	0.032180	1136.0	1531.8	6.8029	0.88247	1.1456	725.78	-0.050929	6.4399e-05	0.098575	supercritical
1487.4	123.00	31.054	0.032201	1136.9	1533.0	6.8037	0.88255	1.1457	726.00	-0.050953	6.4427e-05	0.098625	supercritical
1488.4	123.00	31.034	0.032223	1137.8	1534.1	6.8044	0.88263	1.1458	726.23	-0.050977	6.4454e-05	0.098676	supercritical
1489.4	123.00	31.014	0.032244	1138.7	1535.3	6.8052	0.88271	1.1459	726.46	-0.051001	6.4481e-05	0.098726	supercritical
1490.4	123.00	30.993	0.032265	1139.5	1536.4	6.8060	0.88279	1.1459	726.68	-0.051025	6.4508e-05	0.098777	supercritical
1491.4	123.00	30.973	0.032286	1140.4	1537.6	6.8067	0.88287	1.1460	726.91	-0.051049	6.4536e-05	0.098827	supercritical
1492.4	123.00	30.952	0.032308	1141.3	1538.7	6.8075	0.88295	1.1461	727.13	-0.051073	6.4563e-05	0.098878	supercritical
1493.4	123.00	30.932	0.032329	1142.2	1539.8	6.8083	0.88303	1.1462	727.36	-0.051097	6.4590e-05	0.098928	supercritical
1494.4	123.00	30.912	0.032350	1143.1	1541.0	6.8090	0.88312	1.1462	727.58	-0.051121	6.4617e-05	0.098979	supercritical
1495.4	123.00	30.891	0.032372	1144.0	1542.1	6.8098	0.88320	1.1463	727.81	-0.051145	6.4645e-05	0.099029	supercritical
1496.4	123.00	30.871	0.032393	1144.9	1543.3	6.8106	0.88328	1.1464	728.03	-0.051168	6.4672e-05	0.099080	supercritical
1497.4	123.00	30.851	0.032414	1145.7	1544.4	6.8113	0.88336	1.1465	728.26	-0.051192	6.4699e-05	0.099130	supercritical
1498.4	123.00	30.831	0.032435	1146.6	1545.6	6.8121	0.88344	1.1465	728.48	-0.051216	6.4726e-05	0.099181	supercritical
1499.4	123.00	30.810	0.032457	1147.5	1546.7	6.8129	0.88352	1.1466	728.71	-0.051239	6.4754e-05	0.099231	supercritical
1500.4	123.00	30.790	0.032478	1148.4	1547.9	6.8136	0.88360	1.1467	728.93	-0.051263	6.4781e-05	0.099281	supercritical
1501.4	123.00	30.770	0.032499	1149.3	1549.0	6.8144	0.88368	1.1468	729.16	-0.051286	6.4808e-05	0.099332	supercritical
1502.4	123.00	30.750	0.032520	1150.2	1550.2	6.8152	0.88376	1.1469	729.38	-0.051310	6.4835e-05	0.099382	supercritical
1503.4	123.00	30.730	0.032542	1151.1	1551.3	6.8159	0.88384	1.1469	729.61	-0.051333	6.4862e-05	0.099433	supercritical
1504.4	123.00	30.710	0.032563	1151.9	1552.5	6.8167	0.88392	1.1470	729.83	-0.051357	6.4890e-05	0.099483	supercritical
1505.4	123.00	30.690	0.032584	1152.8	1553.6	6.8175	0.88400	1.1471	730.06	-0.051380	6.4917e-05	0.099534	supercritical
1506.4	123.00	30.670	0.032605	1153.7	1554.8	6.8182	0.88408	1.1472	730.28	-0.051403	6.4944e-05	0.099584	supercritical
1507.4	123.00	30.650	0.032627	1154.6	1555.9	6.8190	0.88417	1.1472	730.50	-0.051426	6.4971e-05	0.099634	supercritical
1508.4	123.00	30.630	0.032648	1155.5	1557.0	6.8197	0.88425	1.1473	730.73	-0.051450	6.4998e-05	0.099685	supercritical
1509.4	123.00	30.610	0.032669	1156.4	1558.2	6.8205	0.88433	1.1474	730.95	-0.051473	6.5025e-05	0.099735	supercritical
1510.4	123.00	30.590	0.032690	1157.3	1559.3	6.8213	0.88441	1.1475	731.18	-0.051496	6.5052e-05	0.099785	supercritical
1511.4	123.00	30.570	0.032712	1158.1	1560.5	6.8220	0.88449	1.1475	731.40	-0.051519	6.5080e-05	0.099836	supercritical
1512.4	123.00	30.550	0.032733	1159.0	1561.6	6.8228	0.88457	1.1476	731.62	-0.051542	6.5107e-05	0.099886	supercritical
1513.4	123.00	30.531	0.032754	1159.9	1562.8	6.8235	0.88465	1.1477	731.85	-0.051565	6.5134e-05	0.099937	supercritical
1514.4	123.00	30.511	0.032775	1160.8	1563.9	6.8243	0.88473	1.1478	732.07	-0.051588	6.5161e-05	0.099987	supercritical
1515.4	123.00	30.491	0.032797	1161.7	1565.1	6.8251	0.88481	1.1478	732.30	-0.051611	6.5188e-05	0.10004	supercritical
1516.4	123.00	30.471	0.032818	1162.6	1566.2	6.8258	0.88489	1.1479	732.52	-0.051634	6.5215e-05	0.10009	supercritical
1517.4	123.00	30.452	0.032839	1163.5	1567.4	6.8266	0.88497	1.1480	732.74	-0.051657	6.5242e-05	0.10014	supercritical
1518.4	123.00	30.432	0.032860	1164.3	1568.5	6.8273	0.88505	1.1481	732.97	-0.051679	6.5269e-05	0.10019	supercritical
1519.4	123.00	30.412	0.032882	1165.2	1569.7	6.8281	0.88513	1.1481	733.19	-0.051702	6.5297e-05	0.10024	supercritical
1520.4	123.00	30.393	0.032903	1166.1	1570.8	6.8288	0.88521	1.1482	733.41	-0.051725	6.5324e-05	0.10029	supercritical
1521.4	123.00	30.373	0.032924	1167.0	1572.0	6.8296	0.88529	1.1483	733.64	-0.051747	6.5351e-05	0.10034	supercritical
1522.4	123.00	30.353	0.032945	1167.9	1573.1	6.8303	0.88537	1.1484	733.86	-0.051770	6.5378e-05	0.10039	supercritical
1523.4	123.00	30.334	0.032967	1168.8	1574.3	6.8311	0.88545	1.1484	734.08	-0.051793	6.5405e-05	0.10044	supercritical
1524.4	123.00	30.314	0.032988	1169.7	1575.4	6.8319	0.88553	1.1485	734.30	-0.051815	6.5432e-05	0.10049	supercritical
1525.4	123.00	30.295	0.033009	1170.6	1576.6	6.8326	0.88561	1.1486	734.53	-0.051838	6.5459e-05	0.10054	supercritical
1526.4	123.00	30.275	0.033030	1171.4	1577.7	6.8334	0.88569	1.1487	734.75	-0.051860	6.5486e-05	0.10059	supercritical
1527.4	123.00	30.256	0.033052	1172.3	1578.9	6.8341	0.88577	1.1487	734.97	-0.051883	6.5513e-05	0.10064	supercritical
1528.4	123.00	30.236	0.033073	1173.2	1580.0	6.8349	0.88585	1.1488	735.20	-0.051905	6.5540e-05	0.10069	supercritical
1529.4	123.00	30.217	0.033094	1174.1	1581.2	6.8356	0.88593	1.1489	735.42	-0.051927	6.5567e-05	0.10074	supercritical
1530.4	123.00	30.197	0.033115	1175.0	1582.3	6.8364	0.88601	1.1490	735.64	-0.051950	6.5594e-05	0.10079	supercritical
1531.4	123.00	30.178	0.033137	1175.9	1583.5	6.8371	0.88609	1.1490	735.86	-0.051972	6.5621e-05	0.10084	supercritical
1532.4	123.00	30.159	0.033158	1176.8	1584.6	6.8379	0.88617	1.1491	736.09	-0.051994	6.5648e-05	0.10089	supercritical
1533.4	123.00	30.139	0.033179	1177.7	1585.8	6.8386	0.88624	1.1492	736.31	-0.052016	6.5675e-05	0.10094	supercritical
1534.4	123.00	30.120	0.033200	1178.5	1586.9	6.8394	0.88632	1.1493	736.53	-0.052038	6.5702e-05	0.10099	supercritical
1535.4	123.00	30.101	0.033222	1179.4	1588.1	6.8401	0.88640	1.1493	736.75	-0.052060	6.5729e-05	0.10104	supercritical
1536.4	123.00	30.082	0.033243	1180.3	1589.2	6.8409	0.88648	1.1494	736.97	-0.052082	6.5756e-05	0.10109	supercritical
1537.4	123.00	30.062	0.033264	1181.2	1590.4	6.8416	0.88656	1.1495	737.20	-0.052104	6.5783e-05	0.10114	supercritical
1538.4	123.00	30.043	0.033285	1182.1	1591.5	6.8424	0.88664	1.1496	737.42	-0.052126	6.5810e-05	0.10119	supercritical
1539.4	123.00	30.024	0.033307	1183.0	1592.7	6.8431	0.88672	1.1496	737.64	-0.052148	6.5837e-05	0.10124	supercritical
1540.4	123.00	30.005	0.033328	1183.9	1593.8	6.8439	0.88680	1.1497	737.86	-0.052170	6.5864e-05	0.10129	supercritical
1541.4	123.00	29.986	0.033349	1184.8	1595.0	6.8446	0.88688	1.1498	738.08	-0.052192	6.5891e-05	0.10134	supercritical
1542.4	123.00	29.967	0.033370	1185.6	1596.1	6.8453	0.88696	1.1499	738.31	-0.052214	6.5918e-05	0.10139	supercritical
1543.4	123.00	29.948	0.033392	1186.5	1597.3	6.8461	0.88704	1.1499	738.53	-0.052236	6.5945e-05	0.10144	supercritical
1544.4	123.00	29.929	0.033413	1187.4	1598.4	6.8468	0.88712	1.1500	738.75	-0.052257	6.5972e-05	0.10149	supercritical
1545.4	123.00	29.910	0.033434	1188.3	1599.6	6.8476	0.88720	1.1501	738.97	-0.052279	6.5999e-05	0.10155	supercritical
1546.4	123.00	29.891	0.033455	1189.2	1600.7	6.8483	0.88727	1.1501	739.19	-0.052301	6.6026e-05	0.10160	supercritical
1547.4	123.00	29.872	0.033477	1190.1	1601.9	6.8491	0.88735	1.1502	739.41	-0.052322	6.6053e-05	0.10165	supercritical
1548.4	123.00	29.853	0.033498	1191.0	1603.0	6.8498	0.88743	1.1503	739.63	-0.052344	6.6080e-05	0.10170	supercritical
1549.4	123.00	29.834	0.033519	1191.9	1604.2	6.8506	0.88751	1.1504	739.85	-0.052365	6.6107e-05	0.10175	supercritical
1550.4	123.00	29.815	0.033540	1192.8	1605.3	6.8513	0.88759	1.1504	740.08	-0.052387	6.6134e-05	0.10180	supercritical
1551.4	123.00	29.796	0.033562	1193.6	1606.5	6.8520	0.88767	1.1505	740.30	-0.052408	6.6161e-05	0.10185	supercritical
1552.4	123.00	29.777	0.033583	1194.5	1607.6	6.8528	0.88775	1.1506	740.52	-0.052430	6.6188e-05	0.10190	supercritical
1553.4	123.00	29.758	0.033604	1195.4	1608.8	6.8535	0.88783	1.1507	740.74	-0.052451	6.6215e-05	0.10195	supercritical
1554.4	123.00	29.740	0.033625	1196.3	1609.9	6.8543	0.88791	1.1507	740.96	-0.052472	6.6242e-05	0.10200	supercritical
1555.4	123.00	29.721	0.033647	1197.2	1611.1	6.8550	0.88798	1.1508	741.18	-0.052494	6.6268e-05	0.10205	supercritical
1556.4	123.00	29.702	0.033668	1198.1	1612.2	6.8557	0.88806	1.1509	741.40	-0.052515	6.6295e-05	0.10210	supercritical
1557.4	123.00	29.683	0.033689	1199.0	1613.4	6.8565	0.88814	1.1510	741.62	-0.052536	6.6322e-05	0.10215	supercritical
1558.4	123.00	29.665	0.033710	1199.9	1614.5	6.8572	0.88822	1.1510	741.84	-0.052557	6.6349e-05	0.10220	supercritical
1559.4	123.00	29.646	0.033731	1200.8	1615.7	6.8580	0.88830	1.1511	742.06	-0.052579	6.6376e-05	0.10225	supercritical
1560.4	123.00	29.627	0.033753	1201.7	1616.8	6.8587	0.88838	1.1512	742.28	-0.052600	6.6403e-05	0.10230	supercritical
1561.4	123.00	29.609	0.033774	1202.5	1618.0	6.8594	0.88846	1.1513	742.50	-0.052621	6.6430e-05	0.10235	supercritical
1562.4	123.00	29.590	0.033795	1203.4	1619.1	6.8602	0.88853	1.1513	742.72	-0.052642	6.6457e-05	0.10240	supercritical
1563.4	123.00	29.571	0.033816	1204.3	1620.3	6.8609	0.88861	1.1514	742.94	-0.052663	6.6483e-05	0.10245	supercritical
1564.4	123.00	29.553	0.033838	1205.2	1621.4	6.8616	0.88869	1.1515	743.16	-0.052684	6.6510e-05	0.10250	supercritical
1565.4	123.00	29.534	0.033859	1206.1	1622.6	6.8624	0.88877	1.1516	743.38	-0.052705	6.6537e-05	0.10255	supercritical
1566.4	123.00	29.516	0.033880	1207.0	1623.7	6.8631	0.88885	1.1516	743.60	-0.052726	6.6564e-05	0.10260	supercritical
1567.4	123.00	29.497	0.033901	1207.9	1624.9	6.8638	0.88893	1.1517	743.82	-0.052746	6.6591e-05	0.10265	supercritical
1568.4	123.00	29.479	0.033923	1208.8	1626.0	6.8646	0.88900	1.1518	744.04	-0.052767	6.6618e-05	0.10270	supercritical
1569.4	123.00	29.460	0.033944	1209.7	1627.2	6.8653	0.88908	1.1519	744.26	-0.052788	6.6645e-05	0.10275	supercritical
1570.4	123.00	29.442	0.033965	1210.6	1628.3	6.8660	0.88916	1.1519	744.48	-0.052809	6.6671e-05	0.10280	supercritical
1571.4	123.00	29.424	0.033986	1211.4	1629.5	6.8668	0.88924	1.1520	744.70	-0.052829	6.6698e-05	0.10285	supercritical
1572.4	123.00	29.405	0.034008	1212.3	1630.6	6.8675	0.88932	1.1521	744.92	-0.052850	6.6725e-05	0.10290	supercritical
1573.4	123.00	29.387	0.034029	1213.2	1631.8	6.8682	0.88939	1.1521	745.14	-0.052871	6.6752e-05	0.10295	supercritical
1574.4	123.00	29.368	0.034050	1214.1	1632.9	6.8690	0.88947	1.1522	745.36	-0.052891	6.6779e-05	0.10300	supercritical
1575.4	123.00	29.350	0.034071	1215.0	1634.1	6.8697	0.88955	1.1523	745.58	-0.052912	6.6805e-05	0.10305	supercritical
1576.4	123.00	29.332	0.034093	1215.9	1635.2	6.8704	0.88963	1.1524	745.80	-0.052932	6.6832e-05	0.10310	supercritical
1577.4	123.00	29.314	0.034114	1216.8	1636.4	6.8712	0.88971	1.1524	746.02	-0.052953	6.6859e-05	0.10315	supercritical
1578.4	123.00	29.295	0.034135	1217.7	1637.5	6.8719	0.88978	1.1525	746.24	-0.052973	6.6886e-05	0.10320	supercritical
1579.4	123.00	29.277	0.034156	1218.6	1638.7	6.8726	0.88986	1.1526	746.45	-0.052994	6.6913e-05	0.10325	supercritical
1580.4	123.00	29.259	0.034178	1219.5	1639.8	6.8734	0.88994	1.1527	746.67	-0.053014	6.6939e-05	0.10330	supercritical
1581.4	123.00	29.241	0.034199	1220.4	1641.0	6.8741	0.89002	1.1527	746.89	-0.053034	6.6966e-05	0.10335	supercritical
1582.4	123.00	29.223	0.034220	1221.2	1642.2	6.8748	0.89010	1.1528	747.11	-0.053055	6.6993e-05	0.10340	supercritical
1583.4	123.00	29.205	0.034241	1222.1	1643.3	6.8755	0.89017	1.1529	747.33	-0.053075	6.7020e-05	0.10345	supercritical
1584.4	123.00	29.186	0.034263	1223.0	1644.5	6.8763	0.89025	1.1530	747.55	-0.053095	6.7046e-05	0.10350	supercritical
1585.4	123.00	29.168	0.034284	1223.9	1645.6	6.8770	0.89033	1.1530	747.77	-0.053115	6.7073e-05	0.10355	supercritical
1586.4	123.00	29.150	0.034305	1224.8	1646.8	6.8777	0.89041	1.1531	747.99	-0.053135	6.7100e-05	0.10360	supercritical
1587.4	123.00	29.132	0.034326	1225.7	1647.9	6.8785	0.89048	1.1532	748.20	-0.053155	6.7127e-05	0.10365	supercritical
1588.4	123.00	29.114	0.034347	1226.6	1649.1	6.8792	0.89056	1.1532	748.42	-0.053176	6.7153e-05	0.10370	supercritical
1589.4	123.00	29.096	0.034369	1227.5	1650.2	6.8799	0.89064	1.1533	748.64	-0.053196	6.7180e-05	0.10375	supercritical
1590.4	123.00	29.078	0.034390	1228.4	1651.4	6.8806	0.89072	1.1534	748.86	-0.053216	6.7207e-05	0.10380	supercritical
1591.4	123.00	29.060	0.034411	1229.3	1652.5	6.8814	0.89079	1.1535	749.08	-0.053236	6.7233e-05	0.10385	supercritical
1592.4	123.00	29.042	0.034432	1230.2	1653.7	6.8821	0.89087	1.1535	749.29	-0.053255	6.7260e-05	0.10390	supercritical
1593.4	123.00	29.024	0.034454	1231.1	1654.8	6.8828	0.89095	1.1536	749.51	-0.053275	6.7287e-05	0.10395	supercritical
1594.4	123.00	29.007	0.034475	1232.0	1656.0	6.8835	0.89103	1.1537	749.73	-0.053295	6.7314e-05	0.10400	supercritical
1595.4	123.00	28.989	0.034496	1232.8	1657.1	6.8843	0.89110	1.1538	749.95	-0.053315	6.7340e-05	0.10405	supercritical
1596.4	123.00	28.971	0.034517	1233.7	1658.3	6.8850	0.89118	1.1538	750.17	-0.053335	6.7367e-05	0.10410	supercritical
1597.4	123.00	28.953	0.034539	1234.6	1659.5	6.8857	0.89126	1.1539	750.38	-0.053355	6.7394e-05	0.10415	supercritical
1598.4	123.00	28.935	0.034560	1235.5	1660.6	6.8864	0.89134	1.1540	750.60	-0.053374	6.7420e-05	0.10420	supercritical
1599.4	123.00	28.918	0.034581	1236.4	1661.8	6.8871	0.89141	1.1541	750.82	-0.053394	6.7447e-05	0.10425	supercritical
1600.4	123.00	28.900	0.034602	1237.3	1662.9	6.8879	0.89149	1.1541	751.04	-0.053414	6.7474e-05	0.10430	supercritical
1601.4	123.00	28.882	0.034624	1238.2	1664.1	6.8886	0.89157	1.1542	751.25	-0.053433	6.7500e-05	0.10435	supercritical
1602.4	123.00	28.864	0.034645	1239.1	1665.2	6.8893	0.89165	1.1543	751.47	-0.053453	6.7527e-05	0.10440	supercritical
1603.4	123.00	28.847	0.034666	1240.0	1666.4	6.8900	0.89172	1.1543	751.69	-0.053472	6.7554e-05	0.10445	supercritical
1604.4	123.00	28.829	0.034687	1240.9	1667.5	6.8907	0.89180	1.1544	751.91	-0.053492	6.7580e-05	0.10450	supercritical
1605.4	123.00	28.811	0.034708	1241.8	1668.7	6.8915	0.89188	1.1545	752.12	-0.053511	6.7607e-05	0.10455	supercritical
1606.4	123.00	28.794	0.034730	1242.7	1669.8	6.8922	0.89195	1.1546	752.34	-0.053531	6.7634e-05	0.10460	supercritical
1607.4	123.00	28.776	0.034751	1243.6	1671.0	6.8929	0.89203	1.1546	752.56	-0.053550	6.7660e-05	0.10465	supercritical
1608.4	123.00	28.759	0.034772	1244.5	1672.2	6.8936	0.89211	1.1547	752.77	-0.053570	6.7687e-05	0.10470	supercritical
1609.4	123.00	28.741	0.034793	1245.3	1673.3	6.8943	0.89218	1.1548	752.99	-0.053589	6.7713e-05	0.10475	supercritical
1610.4	123.00	28.724	0.034815	1246.2	1674.5	6.8951	0.89226	1.1549	753.21	-0.053608	6.7740e-05	0.10480	supercritical
1611.4	123.00	28.706	0.034836	1247.1	1675.6	6.8958	0.89234	1.1549	753.42	-0.053627	6.7767e-05	0.10485	supercritical
1612.4	123.00	28.689	0.034857	1248.0	1676.8	6.8965	0.89242	1.1550	753.64	-0.053647	6.7793e-05	0.10490	supercritical
1613.4	123.00	28.671	0.034878	1248.9	1677.9	6.8972	0.89249	1.1551	753.86	-0.053666	6.7820e-05	0.10494	supercritical
1614.4	123.00	28.654	0.034900	1249.8	1679.1	6.8979	0.89257	1.1551	754.07	-0.053685	6.7846e-05	0.10499	supercritical
1615.4	123.00	28.636	0.034921	1250.7	1680.2	6.8986	0.89265	1.1552	754.29	-0.053704	6.7873e-05	0.10504	supercritical
1616.4	123.00	28.619	0.034942	1251.6	1681.4	6.8994	0.89272	1.1553	754.51	-0.053723	6.7900e-05	0.10509	supercritical
1617.4	123.00	28.601	0.034963	1252.5	1682.5	6.9001	0.89280	1.1554	754.72	-0.053742	6.7926e-05	0.10514	supercritical
1618.4	123.00	28.584	0.034985	1253.4	1683.7	6.9008	0.89288	1.1554	754.94	-0.053761	6.7953e-05	0.10519	supercritical
1619.4	123.00	28.567	0.035006	1254.3	1684.9	6.9015	0.89295	1.1555	755.16	-0.053780	6.7979e-05	0.10524	supercritical
1620.4	123.00	28.549	0.035027	1255.2	1686.0	6.9022	0.89303	1.1556	755.37	-0.053799	6.8006e-05	0.10529	supercritical
1621.4	123.00	28.532	0.035048	1256.1	1687.2	6.9029	0.89311	1.1557	755.59	-0.053818	6.8033e-05	0.10534	supercritical
1622.4	123.00	28.515	0.035069	1257.0	1688.3	6.9036	0.89318	1.1557	755.80	-0.053837	6.8059e-05	0.10539	supercritical
1623.4	123.00	28.498	0.035091	1257.9	1689.5	6.9043	0.89326	1.1558	756.02	-0.053856	6.8086e-05	0.10544	supercritical
1624.4	123.00	28.480	0.035112	1258.8	1690.6	6.9051	0.89334	1.1559	756.24	-0.053875	6.8112e-05	0.10549	supercritical
1625.4	123.00	28.463	0.035133	1259.7	1691.8	6.9058	0.89341	1.1559	756.45	-0.053894	6.8139e-05	0.10554	supercritical
1626.4	123.00	28.446	0.035154	1260.5	1692.9	6.9065	0.89349	1.1560	756.67	-0.053912	6.8165e-05	0.10559	supercritical
1627.4	123.00	28.429	0.035176	1261.4	1694.1	6.9072	0.89357	1.1561	756.88	-0.053931	6.8192e-05	0.10564	supercritical
1628.4	123.00	28.412	0.035197	1262.3	1695.3	6.9079	0.89364	1.1562	757.10	-0.053950	6.8218e-05	0.10569	supercritical
1629.4	123.00	28.394	0.035218	1263.2	1696.4	6.9086	0.89372	1.1562	757.31	-0.053968	6.8245e-05	0.10574	supercritical
1630.4	123.00	28.377	0.035239	1264.1	1697.6	6.9093	0.89380	1.1563	757.53	-0.053987	6.8271e-05	0.10579	supercritical
1631.4	123.00	28.360	0.035261	1265.0	1698.7	6.9100	0.89387	1.1564	757.74	-0.054006	6.8298e-05	0.10584	supercritical
1632.4	123.00	28.343	0.035282	1265.9	1699.9	6.9107	0.89395	1.1565	757.96	-0.054024	6.8324e-05	0.10589	supercritical
1633.4	123.00	28.326	0.035303	1266.8	1701.0	6.9114	0.89403	1.1565	758.18	-0.054043	6.8351e-05	0.10594	supercritical
1634.4	123.00	28.309	0.035324	1267.7	1702.2	6.9122	0.89410	1.1566	758.39	-0.054061	6.8377e-05	0.10599	supercritical
1635.4	123.00	28.292	0.035345	1268.6	1703.4	6.9129	0.89418	1.1567	758.61	-0.054080	6.8404e-05	0.10604	supercritical
1636.4	123.00	28.275	0.035367	1269.5	1704.5	6.9136	0.89425	1.1567	758.82	-0.054098	6.8430e-05	0.10609	supercritical
1637.4	123.00	28.258	0.035388	1270.4	1705.7	6.9143	0.89433	1.1568	759.04	-0.054116	6.8457e-05	0.10614	supercritical
1638.4	123.00	28.241	0.035409	1271.3	1706.8	6.9150	0.89441	1.1569	759.25	-0.054135	6.8483e-05	0.10619	supercritical
1639.4	123.00	28.224	0.035430	1272.2	1708.0	6.9157	0.89448	1.1570	759.46	-0.054153	6.8510e-05	0.10624	supercritical
1640.4	123.00	28.207	0.035452	1273.1	1709.1	6.9164	0.89456	1.1570	759.68	-0.054171	6.8536e-05	0.10629	supercritical
1641.4	123.00	28.191	0.035473	1274.0	1710.3	6.9171	0.89464	1.1571	759.89	-0.054190	6.8563e-05	0.10634	supercritical
1642.4	123.00	28.174	0.035494	1274.9	1711.5	6.9178	0.89471	1.1572	760.11	-0.054208	6.8589e-05	0.10639	supercritical
1643.4	123.00	28.157	0.035515	1275.8	1712.6	6.9185	0.89479	1.1573	760.32	-0.054226	6.8616e-05	0.10644	supercritical
1644.4	123.00	28.140	0.035537	1276.7	1713.8	6.9192	0.89486	1.1573	760.54	-0.054244	6.8642e-05	0.10649	supercritical
1645.4	123.00	28.123	0.035558	1277.6	1714.9	6.9199	0.89494	1.1574	760.75	-0.054262	6.8669e-05	0.10654	supercritical
1646.4	123.00	28.106	0.035579	1278.5	1716.1	6.9206	0.89502	1.1575	760.97	-0.054281	6.8695e-05	0.10659	supercritical
1647.4	123.00	28.090	0.035600	1279.4	1717.2	6.9213	0.89509	1.1575	761.18	-0.054299	6.8722e-05	0.10664	supercritical
1648.4	123.00	28.073	0.035621	1280.3	1718.4	6.9220	0.89517	1.1576	761.40	-0.054317	6.8748e-05	0.10669	supercritical
1649.4	123.00	28.056	0.035643	1281.2	1719.6	6.9227	0.89524	1.1577	761.61	-0.054335	6.8774e-05	0.10674	supercritical
1650.4	123.00	28.040	0.035664	1282.0	1720.7	6.9234	0.89532	1.1578	761.82	-0.054353	6.8801e-05	0.10679	supercritical
1651.4	123.00	28.023	0.035685	1282.9	1721.9	6.9241	0.89540	1.1578	762.04	-0.054371	6.8827e-05	0.10683	supercritical
1652.4	123.00	28.006	0.035706	1283.8	1723.0	6.9248	0.89547	1.1579	762.25	-0.054389	6.8854e-05	0.10688	supercritical
1653.4	123.00	27.990	0.035728	1284.7	1724.2	6.9255	0.89555	1.1580	762.47	-0.054406	6.8880e-05	0.10693	supercritical
1654.4	123.00	27.973	0.035749	1285.6	1725.3	6.9262	0.89562	1.1580	762.68	-0.054424	6.8907e-05	0.10698	supercritical
1655.4	123.00	27.956	0.035770	1286.5	1726.5	6.9269	0.89570	1.1581	762.89	-0.054442	6.8933e-05	0.10703	supercritical
1656.4	123.00	27.940	0.035791	1287.4	1727.7	6.9276	0.89577	1.1582	763.11	-0.054460	6.8959e-05	0.10708	supercritical
1657.4	123.00	27.923	0.035813	1288.3	1728.8	6.9283	0.89585	1.1583	763.32	-0.054478	6.8986e-05	0.10713	supercritical
1658.4	123.00	27.907	0.035834	1289.2	1730.0	6.9290	0.89593	1.1583	763.53	-0.054495	6.9012e-05	0.10718	supercritical
1659.4	123.00	27.890	0.035855	1290.1	1731.1	6.9297	0.89600	1.1584	763.75	-0.054513	6.9038e-05	0.10723	supercritical
1660.4	123.00	27.874	0.035876	1291.0	1732.3	6.9304	0.89608	1.1585	763.96	-0.054531	6.9065e-05	0.10728	supercritical
1661.4	123.00	27.857	0.035897	1291.9	1733.5	6.9311	0.89615	1.1586	764.17	-0.054548	6.9091e-05	0.10733	supercritical
1662.4	123.00	27.841	0.035919	1292.8	1734.6	6.9318	0.89623	1.1586	764.39	-0.054566	6.9118e-05	0.10738	supercritical
1663.4	123.00	27.824	0.035940	1293.7	1735.8	6.9325	0.89630	1.1587	764.60	-0.054584	6.9144e-05	0.10743	supercritical
1664.4	123.00	27.808	0.035961	1294.6	1736.9	6.9332	0.89638	1.1588	764.81	-0.054601	6.9170e-05	0.10748	supercritical
1665.4	123.00	27.791	0.035982	1295.5	1738.1	6.9339	0.89646	1.1588	765.03	-0.054619	6.9197e-05	0.10753	supercritical
1666.4	123.00	27.775	0.036004	1296.4	1739.2	6.9346	0.89653	1.1589	765.24	-0.054636	6.9223e-05	0.10758	supercritical
1667.4	123.00	27.759	0.036025	1297.3	1740.4	6.9353	0.89661	1.1590	765.45	-0.054654	6.9249e-05	0.10763	supercritical
1668.4	123.00	27.742	0.036046	1298.2	1741.6	6.9360	0.89668	1.1591	765.67	-0.054671	6.9276e-05	0.10768	supercritical
1669.4	123.00	27.726	0.036067	1299.1	1742.7	6.9367	0.89676	1.1591	765.88	-0.054688	6.9302e-05	0.10773	supercritical
1670.4	123.00	27.710	0.036088	1300.0	1743.9	6.9374	0.89683	1.1592	766.09	-0.054706	6.9328e-05	0.10778	supercritical
1671.4	123.00	27.693	0.036110	1300.9	1745.0	6.9381	0.89691	1.1593	766.30	-0.054723	6.9355e-05	0.10783	supercritical
1672.4	123.00	27.677	0.036131	1301.8	1746.2	6.9388	0.89698	1.1593	766.52	-0.054740	6.9381e-05	0.10788	supercritical
1673.4	123.00	27.661	0.036152	1302.7	1747.4	6.9395	0.89706	1.1594	766.73	-0.054758	6.9407e-05	0.10793	supercritical
1674.4	123.00	27.645	0.036173	1303.6	1748.5	6.9402	0.89714	1.1595	766.94	-0.054775	6.9434e-05	0.10798	supercritical
1675.4	123.00	27.628	0.036195	1304.5	1749.7	6.9408	0.89721	1.1596	767.15	-0.054792	6.9460e-05	0.10802	supercritical
1676.4	123.00	27.612	0.036216	1305.4	1750.8	6.9415	0.89729	1.1596	767.37	-0.054809	6.9486e-05	0.10807	supercritical
1677.4	123.00	27.596	0.036237	1306.3	1752.0	6.9422	0.89736	1.1597	767.58	-0.054826	6.9513e-05	0.10812	supercritical
1678.4	123.00	27.580	0.036258	1307.2	1753.2	6.9429	0.89744	1.1598	767.79	-0.054844	6.9539e-05	0.10817	supercritical
1679.4	123.00	27.564	0.036279	1308.1	1754.3	6.9436	0.89751	1.1598	768.00	-0.054861	6.9565e-05	0.10822	supercritical
1680.4	123.00	27.548	0.036301	1309.0	1755.5	6.9443	0.89759	1.1599	768.21	-0.054878	6.9591e-05	0.10827	supercritical
1681.4	123.00	27.532	0.036322	1309.9	1756.6	6.9450	0.89766	1.1600	768.43	-0.054895	6.9618e-05	0.10832	supercritical
1682.4	123.00	27.515	0.036343	1310.8	1757.8	6.9457	0.89774	1.1601	768.64	-0.054912	6.9644e-05	0.10837	supercritical
1683.4	123.00	27.499	0.036364	1311.7	1759.0	6.9464	0.89781	1.1601	768.85	-0.054929	6.9670e-05	0.10842	supercritical
1684.4	123.00	27.483	0.036386	1312.6	1760.1	6.9471	0.89789	1.1602	769.06	-0.054946	6.9697e-05	0.10847	supercritical
1685.4	123.00	27.467	0.036407	1313.5	1761.3	6.9478	0.89796	1.1603	769.27	-0.054963	6.9723e-05	0.10852	supercritical
1686.4	123.00	27.451	0.036428	1314.4	1762.4	6.9484	0.89804	1.1603	769.49	-0.054979	6.9749e-05	0.10857	supercritical
1687.4	123.00	27.435	0.036449	1315.3	1763.6	6.9491	0.89811	1.1604	769.70	-0.054996	6.9775e-05	0.10862	supercritical
1688.4	123.00	27.419	0.036471	1316.2	1764.8	6.9498	0.89819	1.1605	769.91	-0.055013	6.9802e-05	0.10867	supercritical
1689.4	123.00	27.403	0.036492	1317.1	1765.9	6.9505	0.89826	1.1606	770.12	-0.055030	6.9828e-05	0.10872	supercritical
1690.4	123.00	27.388	0.036513	1318.0	1767.1	6.9512	0.89834	1.1606	770.33	-0.055047	6.9854e-05	0.10877	supercritical
1691.4	123.00	27.372	0.036534	1318.9	1768.2	6.9519	0.89841	1.1607	770.54	-0.055063	6.9880e-05	0.10882	supercritical
1692.4	123.00	27.356	0.036555	1319.8	1769.4	6.9526	0.89849	1.1608	770.75	-0.055080	6.9907e-05	0.10887	supercritical
1693.4	123.00	27.340	0.036577	1320.7	1770.6	6.9532	0.89856	1.1608	770.97	-0.055097	6.9933e-05	0.10892	supercritical
1694.4	123.00	27.324	0.036598	1321.6	1771.7	6.9539	0.89864	1.1609	771.18	-0.055113	6.9959e-05	0.10896	supercritical
1695.4	123.00	27.308	0.036619	1322.5	1772.9	6.9546	0.89871	1.1610	771.39	-0.055130	6.9985e-05	0.10901	supercritical
1696.4	123.00	27.292	0.036640	1323.4	1774.0	6.9553	0.89879	1.1611	771.60	-0.055147	7.0011e-05	0.10906	supercritical
1697.4	123.00	27.277	0.036662	1324.3	1775.2	6.9560	0.89886	1.1611	771.81	-0.055163	7.0038e-05	0.10911	supercritical
1698.4	123.00	27.261	0.036683	1325.2	1776.4	6.9567	0.89894	1.1612	772.02	-0.055180	7.0064e-05	0.10916	supercritical
1699.4	123.00	27.245	0.036704	1326.1	1777.5	6.9574	0.89901	1.1613	772.23	-0.055196	7.0090e-05	0.10921	supercritical
1700.4	123.00	27.229	0.036725	1327.0	1778.7	6.9580	0.89909	1.1613	772.44	-0.055213	7.0116e-05	0.10926	supercritical
1701.4	123.00	27.214	0.036746	1327.9	1779.9	6.9587	0.89916	1.1614	772.65	-0.055229	7.0143e-05	0.10931	supercritical
1702.4	123.00	27.198	0.036768	1328.8	1781.0	6.9594	0.89924	1.1615	772.86	-0.055245	7.0169e-05	0.10936	supercritical
1703.4	123.00	27.182	0.036789	1329.7	1782.2	6.9601	0.89931	1.1616	773.07	-0.055262	7.0195e-05	0.10941	supercritical
1704.4	123.00	27.166	0.036810	1330.6	1783.3	6.9608	0.89939	1.1616	773.29	-0.055278	7.0221e-05	0.10946	supercritical
1705.4	123.00	27.151	0.036831	1331.5	1784.5	6.9614	0.89946	1.1617	773.50	-0.055295	7.0247e-05	0.10951	supercritical
1706.4	123.00	27.135	0.036853	1332.4	1785.7	6.9621	0.89954	1.1618	773.71	-0.055311	7.0273e-05	0.10956	supercritical
1707.4	123.00	27.120	0.036874	1333.3	1786.8	6.9628	0.89961	1.1618	773.92	-0.055327	7.0300e-05	0.10961	supercritical
1708.4	123.00	27.104	0.036895	1334.2	1788.0	6.9635	0.89969	1.1619	774.13	-0.055343	7.0326e-05	0.10966	supercritical
1709.4	123.00	27.088	0.036916	1335.1	1789.1	6.9642	0.89976	1.1620	774.34	-0.055360	7.0352e-05	0.10971	supercritical
1710.4	123.00	27.073	0.036937	1336.0	1790.3	6.9649	0.89984	1.1621	774.55	-0.055376	7.0378e-05	0.10976	supercritical
1711.4	123.00	27.057	0.036959	1336.9	1791.5	6.9655	0.89991	1.1621	774.76	-0.055392	7.0404e-05	0.10980	supercritical
1712.4	123.00	27.042	0.036980	1337.8	1792.6	6.9662	0.89999	1.1622	774.97	-0.055408	7.0430e-05	0.10985	supercritical
1713.4	123.00	27.026	0.037001	1338.7	1793.8	6.9669	0.90006	1.1623	775.18	-0.055424	7.0457e-05	0.10990	supercritical
1714.4	123.00	27.011	0.037022	1339.6	1795.0	6.9676	0.90014	1.1623	775.39	-0.055440	7.0483e-05	0.10995	supercritical
1715.4	123.00	26.995	0.037043	1340.5	1796.1	6.9682	0.90021	1.1624	775.60	-0.055456	7.0509e-05	0.11000	supercritical
1716.4	123.00	26.980	0.037065	1341.4	1797.3	6.9689	0.90028	1.1625	775.81	-0.055472	7.0535e-05	0.11005	supercritical
1717.4	123.00	26.964	0.037086	1342.3	1798.4	6.9696	0.90036	1.1626	776.02	-0.055488	7.0561e-05	0.11010	supercritical
1718.4	123.00	26.949	0.037107	1343.2	1799.6	6.9703	0.90043	1.1626	776.23	-0.055504	7.0587e-05	0.11015	supercritical
1719.4	123.00	26.934	0.037128	1344.1	1800.8	6.9710	0.90051	1.1627	776.44	-0.055520	7.0613e-05	0.11020	supercritical
1720.4	123.00	26.918	0.037150	1345.0	1801.9	6.9716	0.90058	1.1628	776.64	-0.055536	7.0639e-05	0.11025	supercritical
1721.4	123.00	26.903	0.037171	1345.9	1803.1	6.9723	0.90066	1.1628	776.85	-0.055552	7.0666e-05	0.11030	supercritical
1722.4	123.00	26.887	0.037192	1346.8	1804.3	6.9730	0.90073	1.1629	777.06	-0.055568	7.0692e-05	0.11035	supercritical
1723.4	123.00	26.872	0.037213	1347.7	1805.4	6.9737	0.90081	1.1630	777.27	-0.055584	7.0718e-05	0.11040	supercritical
1724.4	123.00	26.857	0.037234	1348.6	1806.6	6.9743	0.90088	1.1631	777.48	-0.055599	7.0744e-05	0.11045	supercritical
1725.4	123.00	26.842	0.037256	1349.5	1807.7	6.9750	0.90096	1.1631	777.69	-0.055615	7.0770e-05	0.11050	supercritical
1726.4	123.00	26.826	0.037277	1350.4	1808.9	6.9757	0.90103	1.1632	777.90	-0.055631	7.0796e-05	0.11054	supercritical
1727.4	123.00	26.811	0.037298	1351.3	1810.1	6.9763	0.90110	1.1633	778.11	-0.055647	7.0822e-05	0.11059	supercritical
1728.4	123.00	26.796	0.037319	1352.2	1811.2	6.9770	0.90118	1.1633	778.32	-0.055662	7.0848e-05	0.11064	supercritical
1729.4	123.00	26.781	0.037341	1353.1	1812.4	6.9777	0.90125	1.1634	778.53	-0.055678	7.0874e-05	0.11069	supercritical
1730.4	123.00	26.765	0.037362	1354.0	1813.6	6.9784	0.90133	1.1635	778.74	-0.055694	7.0900e-05	0.11074	supercritical
1731.4	123.00	26.750	0.037383	1354.9	1814.7	6.9790	0.90140	1.1636	778.95	-0.055709	7.0926e-05	0.11079	supercritical
1732.4	123.00	26.735	0.037404	1355.8	1815.9	6.9797	0.90148	1.1636	779.15	-0.055725	7.0952e-05	0.11084	supercritical
1733.4	123.00	26.720	0.037425	1356.7	1817.1	6.9804	0.90155	1.1637	779.36	-0.055740	7.0978e-05	0.11089	supercritical
1734.4	123.00	26.705	0.037447	1357.6	1818.2	6.9811	0.90162	1.1638	779.57	-0.055756	7.1005e-05	0.11094	supercritical
1735.4	123.00	26.690	0.037468	1358.5	1819.4	6.9817	0.90170	1.1638	779.78	-0.055771	7.1031e-05	0.11099	supercritical
1736.4	123.00	26.674	0.037489	1359.4	1820.5	6.9824	0.90177	1.1639	779.99	-0.055787	7.1057e-05	0.11104	supercritical
1737.4	123.00	26.659	0.037510	1360.3	1821.7	6.9831	0.90185	1.1640	780.20	-0.055802	7.1083e-05	0.11109	supercritical
1738.4	123.00	26.644	0.037531	1361.2	1822.9	6.9837	0.90192	1.1641	780.41	-0.055818	7.1109e-05	0.11114	supercritical
1739.4	123.00	26.629	0.037553	1362.1	1824.0	6.9844	0.90200	1.1641	780.61	-0.055833	7.1135e-05	0.11119	supercritical
1740.4	123.00	26.614	0.037574	1363.0	1825.2	6.9851	0.90207	1.1642	780.82	-0.055849	7.1161e-05	0.11123	supercritical
1741.4	123.00	26.599	0.037595	1363.9	1826.4	6.9857	0.90214	1.1643	781.03	-0.055864	7.1187e-05	0.11128	supercritical
1742.4	123.00	26.584	0.037616	1364.9	1827.5	6.9864	0.90222	1.1643	781.24	-0.055879	7.1213e-05	0.11133	supercritical
1743.4	123.00	26.569	0.037638	1365.8	1828.7	6.9871	0.90229	1.1644	781.45	-0.055895	7.1239e-05	0.11138	supercritical
1744.4	123.00	26.554	0.037659	1366.7	1829.9	6.9877	0.90237	1.1645	781.65	-0.055910	7.1265e-05	0.11143	supercritical
1745.4	123.00	26.539	0.037680	1367.6	1831.0	6.9884	0.90244	1.1646	781.86	-0.055925	7.1291e-05	0.11148	supercritical
1746.4	123.00	26.524	0.037701	1368.5	1832.2	6.9891	0.90251	1.1646	782.07	-0.055940	7.1317e-05	0.11153	supercritical
1747.4	123.00	26.509	0.037722	1369.4	1833.4	6.9897	0.90259	1.1647	782.28	-0.055955	7.1343e-05	0.11158	supercritical
1748.4	123.00	26.495	0.037744	1370.3	1834.5	6.9904	0.90266	1.1648	782.49	-0.055971	7.1369e-05	0.11163	supercritical
1749.4	123.00	26.480	0.037765	1371.2	1835.7	6.9911	0.90274	1.1648	782.69	-0.055986	7.1395e-05	0.11168	supercritical
1750.4	123.00	26.465	0.037786	1372.1	1836.8	6.9917	0.90281	1.1649	782.90	-0.056001	7.1421e-05	0.11173	supercritical
1751.4	123.00	26.450	0.037807	1373.0	1838.0	6.9924	0.90288	1.1650	783.11	-0.056016	7.1447e-05	0.11178	supercritical
1752.4	123.00	26.435	0.037829	1373.9	1839.2	6.9931	0.90296	1.1650	783.32	-0.056031	7.1473e-05	0.11182	supercritical
1753.4	123.00	26.420	0.037850	1374.8	1840.3	6.9937	0.90303	1.1651	783.52	-0.056046	7.1499e-05	0.11187	supercritical
1754.4	123.00	26.405	0.037871	1375.7	1841.5	6.9944	0.90311	1.1652	783.73	-0.056061	7.1525e-05	0.11192	supercritical
1755.4	123.00	26.391	0.037892	1376.6	1842.7	6.9951	0.90318	1.1653	783.94	-0.056076	7.1551e-05	0.11197	supercritical
1756.4	123.00	26.376	0.037913	1377.5	1843.8	6.9957	0.90325	1.1653	784.15	-0.056091	7.1577e-05	0.11202	supercritical
1757.4	123.00	26.361	0.037935	1378.4	1845.0	6.9964	0.90333	1.1654	784.35	-0.056106	7.1603e-05	0.11207	supercritical
1758.4	123.00	26.346	0.037956	1379.3	1846.2	6.9971	0.90340	1.1655	784.56	-0.056121	7.1629e-05	0.11212	supercritical
1759.4	123.00	26.332	0.037977	1380.2	1847.3	6.9977	0.90347	1.1655	784.77	-0.056136	7.1655e-05	0.11217	supercritical
1760.4	123.00	26.317	0.037998	1381.1	1848.5	6.9984	0.90355	1.1656	784.97	-0.056150	7.1680e-05	0.11222	supercritical
1761.4	123.00	26.302	0.038019	1382.0	1849.7	6.9990	0.90362	1.1657	785.18	-0.056165	7.1706e-05	0.11227	supercritical
1762.4	123.00	26.288	0.038041	1382.9	1850.8	6.9997	0.90370	1.1658	785.39	-0.056180	7.1732e-05	0.11232	supercritical
1763.4	123.00	26.273	0.038062	1383.8	1852.0	7.0004	0.90377	1.1658	785.60	-0.056195	7.1758e-05	0.11237	supercritical
1764.4	123.00	26.258	0.038083	1384.7	1853.2	7.0010	0.90384	1.1659	785.80	-0.056210	7.1784e-05	0.11241	supercritical
1765.4	123.00	26.244	0.038104	1385.6	1854.3	7.0017	0.90392	1.1660	786.01	-0.056224	7.1810e-05	0.11246	supercritical
1766.4	123.00	26.229	0.038126	1386.6	1855.5	7.0024	0.90399	1.1660	786.22	-0.056239	7.1836e-05	0.11251	supercritical
1767.4	123.00	26.215	0.038147	1387.5	1856.7	7.0030	0.90406	1.1661	786.42	-0.056254	7.1862e-05	0.11256	supercritical
1768.4	123.00	26.200	0.038168	1388.4	1857.8	7.0037	0.90414	1.1662	786.63	-0.056268	7.1888e-05	0.11261	supercritical
1769.4	123.00	26.185	0.038189	1389.3	1859.0	7.0043	0.90421	1.1663	786.83	-0.056283	7.1914e-05	0.11266	supercritical
1770.4	123.00	26.171	0.038210	1390.2	1860.2	7.0050	0.90429	1.1663	787.04	-0.056298	7.1940e-05	0.11271	supercritical
1771.4	123.00	26.156	0.038232	1391.1	1861.3	7.0056	0.90436	1.1664	787.25	-0.056312	7.1966e-05	0.11276	supercritical
1772.4	123.00	26.142	0.038253	1392.0	1862.5	7.0063	0.90443	1.1665	787.45	-0.056327	7.1992e-05	0.11281	supercritical
1773.4	123.00	26.127	0.038274	1392.9	1863.7	7.0070	0.90451	1.1665	787.66	-0.056341	7.2017e-05	0.11286	supercritical
1774.4	123.00	26.113	0.038295	1393.8	1864.8	7.0076	0.90458	1.1666	787.87	-0.056356	7.2043e-05	0.11291	supercritical
1775.4	123.00	26.098	0.038316	1394.7	1866.0	7.0083	0.90465	1.1667	788.07	-0.056370	7.2069e-05	0.11295	supercritical
1776.4	123.00	26.084	0.038338	1395.6	1867.2	7.0089	0.90473	1.1667	788.28	-0.056385	7.2095e-05	0.11300	supercritical
1777.4	123.00	26.070	0.038359	1396.5	1868.3	7.0096	0.90480	1.1668	788.48	-0.056399	7.2121e-05	0.11305	supercritical
1778.4	123.00	26.055	0.038380	1397.4	1869.5	7.0103	0.90487	1.1669	788.69	-0.056413	7.2147e-05	0.11310	supercritical
1779.4	123.00	26.041	0.038401	1398.3	1870.7	7.0109	0.90495	1.1670	788.90	-0.056428	7.2173e-05	0.11315	supercritical
1780.4	123.00	26.026	0.038422	1399.2	1871.8	7.0116	0.90502	1.1670	789.10	-0.056442	7.2199e-05	0.11320	supercritical
1781.4	123.00	26.012	0.038444	1400.1	1873.0	7.0122	0.90510	1.1671	789.31	-0.056456	7.2224e-05	0.11325	supercritical
1782.4	123.00	25.998	0.038465	1401.0	1874.2	7.0129	0.90517	1.1672	789.51	-0.056471	7.2250e-05	0.11330	supercritical
1783.4	123.00	25.983	0.038486	1402.0	1875.3	7.0135	0.90524	1.1672	789.72	-0.056485	7.2276e-05	0.11335	supercritical
1784.4	123.00	25.969	0.038507	1402.9	1876.5	7.0142	0.90532	1.1673	789.92	-0.056499	7.2302e-05	0.11340	supercritical
1785.4	123.00	25.955	0.038529	1403.8	1877.7	7.0148	0.90539	1.1674	790.13	-0.056513	7.2328e-05	0.11345	supercritical
1786.4	123.00	25.941	0.038550	1404.7	1878.8	7.0155	0.90546	1.1675	790.34	-0.056528	7.2354e-05	0.11349	supercritical
1787.4	123.00	25.926	0.038571	1405.6	1880.0	7.0161	0.90554	1.1675	790.54	-0.056542	7.2380e-05	0.11354	supercritical
1788.4	123.00	25.912	0.038592	1406.5	1881.2	7.0168	0.90561	1.1676	790.75	-0.056556	7.2405e-05	0.11359	supercritical
1789.4	123.00	25.898	0.038613	1407.4	1882.3	7.0174	0.90568	1.1677	790.95	-0.056570	7.2431e-05	0.11364	supercritical
1790.4	123.00	25.884	0.038635	1408.3	1883.5	7.0181	0.90576	1.1677	791.16	-0.056584	7.2457e-05	0.11369	supercritical
1791.4	123.00	25.869	0.038656	1409.2	1884.7	7.0188	0.90583	1.1678	791.36	-0.056598	7.2483e-05	0.11374	supercritical
1792.4	123.00	25.855	0.038677	1410.1	1885.8	7.0194	0.90590	1.1679	791.57	-0.056612	7.2509e-05	0.11379	supercritical
1793.4	123.00	25.841	0.038698	1411.0	1887.0	7.0201	0.90598	1.1679	791.77	-0.056626	7.2534e-05	0.11384	supercritical
1794.4	123.00	25.827	0.038719	1411.9	1888.2	7.0207	0.90605	1.1680	791.98	-0.056640	7.2560e-05	0.11389	supercritical
1795.4	123.00	25.813	0.038741	1412.8	1889.3	7.0214	0.90612	1.1681	792.18	-0.056654	7.2586e-05	0.11394	supercritical
1796.4	123.00	25.799	0.038762	1413.7	1890.5	7.0220	0.90620	1.1682	792.39	-0.056668	7.2612e-05	0.11398	supercritical
1797.4	123.00	25.784	0.038783	1414.6	1891.7	7.0227	0.90627	1.1682	792.59	-0.056682	7.2638e-05	0.11403	supercritical
1798.4	123.00	25.770	0.038804	1415.6	1892.8	7.0233	0.90634	1.1683	792.80	-0.056696	7.2663e-05	0.11408	supercritical
1799.4	123.00	25.756	0.038825	1416.5	1894.0	7.0240	0.90642	1.1684	793.00	-0.056710	7.2689e-05	0.11413	supercritical
1800.4	123.00	25.742	0.038847	1417.4	1895.2	7.0246	0.90649	1.1684	793.21	-0.056724	7.2715e-05	0.11418	supercritical
1801.4	123.00	25.728	0.038868	1418.3	1896.4	7.0253	0.90656	1.1685	793.41	-0.056738	7.2741e-05	0.11423	supercritical
1802.4	123.00	25.714	0.038889	1419.2	1897.5	7.0259	0.90664	1.1686	793.62	-0.056752	7.2767e-05	0.11428	supercritical
1803.4	123.00	25.700	0.038910	1420.1	1898.7	7.0266	0.90671	1.1687	793.82	-0.056765	7.2792e-05	0.11433	supercritical
1804.4	123.00	25.686	0.038932	1421.0	1899.9	7.0272	0.90678	1.1687	794.02	-0.056779	7.2818e-05	0.11438	supercritical
1805.4	123.00	25.672	0.038953	1421.9	1901.0	7.0278	0.90685	1.1688	794.23	-0.056793	7.2844e-05	0.11443	supercritical
1806.4	123.00	25.658	0.038974	1422.8	1902.2	7.0285	0.90693	1.1689	794.43	-0.056807	7.2870e-05	0.11447	supercritical
1807.4	123.00	25.644	0.038995	1423.7	1903.4	7.0291	0.90700	1.1689	794.64	-0.056820	7.2895e-05	0.11452	supercritical
1808.4	123.00	25.630	0.039016	1424.6	1904.5	7.0298	0.90707	1.1690	794.84	-0.056834	7.2921e-05	0.11457	supercritical
1809.4	123.00	25.616	0.039038	1425.5	1905.7	7.0304	0.90715	1.1691	795.04	-0.056848	7.2947e-05	0.11462	supercritical
1810.4	123.00	25.602	0.039059	1426.4	1906.9	7.0311	0.90722	1.1691	795.25	-0.056861	7.2973e-05	0.11467	supercritical
1811.4	123.00	25.589	0.039080	1427.4	1908.0	7.0317	0.90729	1.1692	795.45	-0.056875	7.2998e-05	0.11472	supercritical
1812.4	123.00	25.575	0.039101	1428.3	1909.2	7.0324	0.90737	1.1693	795.66	-0.056888	7.3024e-05	0.11477	supercritical
1813.4	123.00	25.561	0.039122	1429.2	1910.4	7.0330	0.90744	1.1694	795.86	-0.056902	7.3050e-05	0.11482	supercritical
1814.4	123.00	25.547	0.039144	1430.1	1911.5	7.0337	0.90751	1.1694	796.06	-0.056916	7.3076e-05	0.11487	supercritical
1815.4	123.00	25.533	0.039165	1431.0	1912.7	7.0343	0.90759	1.1695	796.27	-0.056929	7.3101e-05	0.11492	supercritical
1816.4	123.00	25.519	0.039186	1431.9	1913.9	7.0349	0.90766	1.1696	796.47	-0.056943	7.3127e-05	0.11496	supercritical
1817.4	123.00	25.506	0.039207	1432.8	1915.1	7.0356	0.90773	1.1696	796.68	-0.056956	7.3153e-05	0.11501	supercritical
1818.4	123.00	25.492	0.039228	1433.7	1916.2	7.0362	0.90780	1.1697	796.88	-0.056969	7.3179e-05	0.11506	supercritical
1819.4	123.00	25.478	0.039250	1434.6	1917.4	7.0369	0.90788	1.1698	797.08	-0.056983	7.3204e-05	0.11511	supercritical
1820.4	123.00	25.464	0.039271	1435.5	1918.6	7.0375	0.90795	1.1698	797.29	-0.056996	7.3230e-05	0.11516	supercritical
1821.4	123.00	25.450	0.039292	1436.4	1919.7	7.0382	0.90802	1.1699	797.49	-0.057010	7.3256e-05	0.11521	supercritical
1822.4	123.00	25.437	0.039313	1437.4	1920.9	7.0388	0.90810	1.1700	797.69	-0.057023	7.3281e-05	0.11526	supercritical
1823.4	123.00	25.423	0.039334	1438.3	1922.1	7.0394	0.90817	1.1701	797.90	-0.057036	7.3307e-05	0.11531	supercritical
1824.4	123.00	25.409	0.039356	1439.2	1923.2	7.0401	0.90824	1.1701	798.10	-0.057050	7.3333e-05	0.11536	supercritical
1825.4	123.00	25.396	0.039377	1440.1	1924.4	7.0407	0.90831	1.1702	798.30	-0.057063	7.3359e-05	0.11540	supercritical
1826.4	123.00	25.382	0.039398	1441.0	1925.6	7.0414	0.90839	1.1703	798.51	-0.057076	7.3384e-05	0.11545	supercritical
1827.4	123.00	25.368	0.039419	1441.9	1926.8	7.0420	0.90846	1.1703	798.71	-0.057089	7.3410e-05	0.11550	supercritical
1828.4	123.00	25.355	0.039440	1442.8	1927.9	7.0427	0.90853	1.1704	798.91	-0.057103	7.3436e-05	0.11555	supercritical
1829.4	123.00	25.341	0.039462	1443.7	1929.1	7.0433	0.90861	1.1705	799.11	-0.057116	7.3461e-05	0.11560	supercritical
1830.4	123.00	25.327	0.039483	1444.6	1930.3	7.0439	0.90868	1.1705	799.32	-0.057129	7.3487e-05	0.11565	supercritical
1831.4	123.00	25.314	0.039504	1445.5	1931.4	7.0446	0.90875	1.1706	799.52	-0.057142	7.3513e-05	0.11570	supercritical
1832.4	123.00	25.300	0.039525	1446.4	1932.6	7.0452	0.90882	1.1707	799.72	-0.057155	7.3538e-05	0.11575	supercritical
1833.4	123.00	25.287	0.039547	1447.4	1933.8	7.0459	0.90890	1.1708	799.93	-0.057168	7.3564e-05	0.11580	supercritical
1834.4	123.00	25.273	0.039568	1448.3	1935.0	7.0465	0.90897	1.1708	800.13	-0.057181	7.3590e-05	0.11584	supercritical
1835.4	123.00	25.260	0.039589	1449.2	1936.1	7.0471	0.90904	1.1709	800.33	-0.057194	7.3615e-05	0.11589	supercritical
1836.4	123.00	25.246	0.039610	1450.1	1937.3	7.0478	0.90912	1.1710	800.53	-0.057208	7.3641e-05	0.11594	supercritical
1837.4	123.00	25.233	0.039631	1451.0	1938.5	7.0484	0.90919	1.1710	800.74	-0.057221	7.3667e-05	0.11599	supercritical
1838.4	123.00	25.219	0.039653	1451.9	1939.6	7.0490	0.90926	1.1711	800.94	-0.057234	7.3692e-05	0.11604	supercritical
1839.4	123.00	25.206	0.039674	1452.8	1940.8	7.0497	0.90933	1.1712	801.14	-0.057247	7.3718e-05	0.11609	supercritical
1840.4	123.00	25.192	0.039695	1453.7	1942.0	7.0503	0.90941	1.1712	801.34	-0.057259	7.3743e-05	0.11614	supercritical
1841.4	123.00	25.179	0.039716	1454.6	1943.1	7.0509	0.90948	1.1713	801.55	-0.057272	7.3769e-05	0.11619	supercritical
1842.4	123.00	25.165	0.039737	1455.5	1944.3	7.0516	0.90955	1.1714	801.75	-0.057285	7.3795e-05	0.11623	supercritical
1843.4	123.00	25.152	0.039759	1456.5	1945.5	7.0522	0.90962	1.1715	801.95	-0.057298	7.3820e-05	0.11628	supercritical
1844.4	123.00	25.138	0.039780	1457.4	1946.7	7.0529	0.90970	1.1715	802.15	-0.057311	7.3846e-05	0.11633	supercritical
1845.4	123.00	25.125	0.039801	1458.3	1947.8	7.0535	0.90977	1.1716	802.35	-0.057324	7.3872e-05	0.11638	supercritical
1846.4	123.00	25.112	0.039822	1459.2	1949.0	7.0541	0.90984	1.1717	802.56	-0.057337	7.3897e-05	0.11643	supercritical
1847.4	123.00	25.098	0.039843	1460.1	1950.2	7.0548	0.90991	1.1717	802.76	-0.057349	7.3923e-05	0.11648	supercritical
1848.4	123.00	25.085	0.039865	1461.0	1951.3	7.0554	0.90999	1.1718	802.96	-0.057362	7.3948e-05	0.11653	supercritical
1849.4	123.00	25.072	0.039886	1461.9	1952.5	7.0560	0.91006	1.1719	803.16	-0.057375	7.3974e-05	0.11658	supercritical
1850.4	123.00	25.058	0.039907	1462.8	1953.7	7.0567	0.91013	1.1719	803.36	-0.057388	7.4000e-05	0.11663	supercritical
1851.4	123.00	25.045	0.039928	1463.7	1954.9	7.0573	0.91020	1.1720	803.56	-0.057400	7.4025e-05	0.11667	supercritical
1852.4	123.00	25.032	0.039949	1464.7	1956.0	7.0579	0.91028	1.1721	803.77	-0.057413	7.4051e-05	0.11672	supercritical
1853.4	123.00	25.018	0.039971	1465.6	1957.2	7.0586	0.91035	1.1722	803.97	-0.057426	7.4076e-05	0.11677	supercritical
1854.4	123.00	25.005	0.039992	1466.5	1958.4	7.0592	0.91042	1.1722	804.17	-0.057438	7.4102e-05	0.11682	supercritical
1855.4	123.00	24.992	0.040013	1467.4	1959.6	7.0598	0.91049	1.1723	804.37	-0.057451	7.4128e-05	0.11687	supercritical
1856.4	123.00	24.979	0.040034	1468.3	1960.7	7.0605	0.91057	1.1724	804.57	-0.057464	7.4153e-05	0.11692	supercritical
1857.4	123.00	24.965	0.040055	1469.2	1961.9	7.0611	0.91064	1.1724	804.77	-0.057476	7.4179e-05	0.11697	supercritical
1858.4	123.00	24.952	0.040077	1470.1	1963.1	7.0617	0.91071	1.1725	804.97	-0.057489	7.4204e-05	0.11702	supercritical
1859.4	123.00	24.939	0.040098	1471.0	1964.2	7.0624	0.91078	1.1726	805.18	-0.057501	7.4230e-05	0.11706	supercritical
1860.4	123.00	24.926	0.040119	1472.0	1965.4	7.0630	0.91086	1.1726	805.38	-0.057514	7.4256e-05	0.11711	supercritical
1861.4	123.00	24.913	0.040140	1472.9	1966.6	7.0636	0.91093	1.1727	805.58	-0.057526	7.4281e-05	0.11716	supercritical
1862.4	123.00	24.900	0.040161	1473.8	1967.8	7.0642	0.91100	1.1728	805.78	-0.057539	7.4307e-05	0.11721	supercritical
1863.4	123.00	24.886	0.040183	1474.7	1968.9	7.0649	0.91107	1.1729	805.98	-0.057551	7.4332e-05	0.11726	supercritical
1864.4	123.00	24.873	0.040204	1475.6	1970.1	7.0655	0.91115	1.1729	806.18	-0.057564	7.4358e-05	0.11731	supercritical
1865.4	123.00	24.860	0.040225	1476.5	1971.3	7.0661	0.91122	1.1730	806.38	-0.057576	7.4383e-05	0.11736	supercritical
1866.4	123.00	24.847	0.040246	1477.4	1972.5	7.0668	0.91129	1.1731	806.58	-0.057589	7.4409e-05	0.11741	supercritical
1867.4	123.00	24.834	0.040267	1478.3	1973.6	7.0674	0.91136	1.1731	806.78	-0.057601	7.4434e-05	0.11745	supercritical
1868.4	123.00	24.821	0.040289	1479.2	1974.8	7.0680	0.91144	1.1732	806.98	-0.057613	7.4460e-05	0.11750	supercritical
1869.4	123.00	24.808	0.040310	1480.2	1976.0	7.0686	0.91151	1.1733	807.18	-0.057626	7.4485e-05	0.11755	supercritical
1870.4	123.00	24.795	0.040331	1481.1	1977.1	7.0693	0.91158	1.1733	807.39	-0.057638	7.4511e-05	0.11760	supercritical
1871.4	123.00	24.782	0.040352	1482.0	1978.3	7.0699	0.91165	1.1734	807.59	-0.057650	7.4537e-05	0.11765	supercritical
1872.4	123.00	24.769	0.040373	1482.9	1979.5	7.0705	0.91172	1.1735	807.79	-0.057662	7.4562e-05	0.11770	supercritical
1873.4	123.00	24.756	0.040395	1483.8	1980.7	7.0711	0.91180	1.1736	807.99	-0.057675	7.4588e-05	0.11775	supercritical
1874.4	123.00	24.743	0.040416	1484.7	1981.8	7.0718	0.91187	1.1736	808.19	-0.057687	7.4613e-05	0.11780	supercritical
1875.4	123.00	24.730	0.040437	1485.6	1983.0	7.0724	0.91194	1.1737	808.39	-0.057699	7.4639e-05	0.11784	supercritical
1876.4	123.00	24.717	0.040458	1486.6	1984.2	7.0730	0.91201	1.1738	808.59	-0.057711	7.4664e-05	0.11789	supercritical
1877.4	123.00	24.704	0.040479	1487.5	1985.4	7.0737	0.91209	1.1738	808.79	-0.057723	7.4690e-05	0.11794	supercritical
1878.4	123.00	24.691	0.040501	1488.4	1986.5	7.0743	0.91216	1.1739	808.99	-0.057736	7.4715e-05	0.11799	supercritical
1879.4	123.00	24.678	0.040522	1489.3	1987.7	7.0749	0.91223	1.1740	809.19	-0.057748	7.4741e-05	0.11804	supercritical
1880.4	123.00	24.665	0.040543	1490.2	1988.9	7.0755	0.91230	1.1740	809.39	-0.057760	7.4766e-05	0.11809	supercritical
1881.4	123.00	24.652	0.040564	1491.1	1990.1	7.0762	0.91237	1.1741	809.59	-0.057772	7.4792e-05	0.11814	supercritical
1882.4	123.00	24.639	0.040585	1492.0	1991.2	7.0768	0.91245	1.1742	809.79	-0.057784	7.4817e-05	0.11818	supercritical
1883.4	123.00	24.627	0.040607	1492.9	1992.4	7.0774	0.91252	1.1743	809.99	-0.057796	7.4843e-05	0.11823	supercritical
1884.4	123.00	24.614	0.040628	1493.9	1993.6	7.0780	0.91259	1.1743	810.19	-0.057808	7.4868e-05	0.11828	supercritical
1885.4	123.00	24.601	0.040649	1494.8	1994.8	7.0786	0.91266	1.1744	810.39	-0.057820	7.4894e-05	0.11833	supercritical
1886.4	123.00	24.588	0.040670	1495.7	1995.9	7.0793	0.91273	1.1745	810.59	-0.057832	7.4919e-05	0.11838	supercritical
1887.4	123.00	24.575	0.040691	1496.6	1997.1	7.0799	0.91281	1.1745	810.79	-0.057844	7.4944e-05	0.11843	supercritical
1888.4	123.00	24.562	0.040713	1497.5	1998.3	7.0805	0.91288	1.1746	810.99	-0.057856	7.4970e-05	0.11848	supercritical
1889.4	123.00	24.550	0.040734	1498.4	1999.5	7.0811	0.91295	1.1747	811.19	-0.057868	7.4995e-05	0.11853	supercritical
1890.4	123.00	24.537	0.040755	1499.3	2000.6	7.0818	0.91302	1.1747	811.39	-0.057880	7.5021e-05	0.11857	supercritical
1891.4	123.00	24.524	0.040776	1500.3	2001.8	7.0824	0.91310	1.1748	811.59	-0.057892	7.5046e-05	0.11862	supercritical
1892.4	123.00	24.511	0.040797	1501.2	2003.0	7.0830	0.91317	1.1749	811.78	-0.057903	7.5072e-05	0.11867	supercritical
1893.4	123.00	24.499	0.040819	1502.1	2004.2	7.0836	0.91324	1.1750	811.98	-0.057915	7.5097e-05	0.11872	supercritical
1894.4	123.00	24.486	0.040840	1503.0	2005.3	7.0842	0.91331	1.1750	812.18	-0.057927	7.5123e-05	0.11877	supercritical
1895.4	123.00	24.473	0.040861	1503.9	2006.5	7.0849	0.91338	1.1751	812.38	-0.057939	7.5148e-05	0.11882	supercritical
1896.4	123.00	24.460	0.040882	1504.8	2007.7	7.0855	0.91346	1.1752	812.58	-0.057951	7.5174e-05	0.11887	supercritical
1897.4	123.00	24.448	0.040903	1505.7	2008.9	7.0861	0.91353	1.1752	812.78	-0.057962	7.5199e-05	0.11891	supercritical
1898.4	123.00	24.435	0.040925	1506.7	2010.0	7.0867	0.91360	1.1753	812.98	-0.057974	7.5224e-05	0.11896	supercritical
1899.4	123.00	24.422	0.040946	1507.6	2011.2	7.0873	0.91367	1.1754	813.18	-0.057986	7.5250e-05	0.11901	supercritical
1900.4	123.00	24.410	0.040967	1508.5	2012.4	7.0880	0.91374	1.1754	813.38	-0.057998	7.5275e-05	0.11906	supercritical
1901.4	123.00	24.397	0.040988	1509.4	2013.6	7.0886	0.91381	1.1755	813.58	-0.058009	7.5301e-05	0.11911	supercritical
1902.4	123.00	24.385	0.041009	1510.3	2014.7	7.0892	0.91389	1.1756	813.78	-0.058021	7.5326e-05	0.11916	supercritical
1903.4	123.00	24.372	0.041031	1511.2	2015.9	7.0898	0.91396	1.1756	813.97	-0.058033	7.5352e-05	0.11921	supercritical
1904.4	123.00	24.359	0.041052	1512.1	2017.1	7.0904	0.91403	1.1757	814.17	-0.058044	7.5377e-05	0.11925	supercritical
1905.4	123.00	24.347	0.041073	1513.1	2018.3	7.0910	0.91410	1.1758	814.37	-0.058056	7.5402e-05	0.11930	supercritical
1906.4	123.00	24.334	0.041094	1514.0	2019.4	7.0917	0.91417	1.1759	814.57	-0.058067	7.5428e-05	0.11935	supercritical
1907.4	123.00	24.322	0.041115	1514.9	2020.6	7.0923	0.91425	1.1759	814.77	-0.058079	7.5453e-05	0.11940	supercritical
1908.4	123.00	24.309	0.041137	1515.8	2021.8	7.0929	0.91432	1.1760	814.97	-0.058091	7.5479e-05	0.11945	supercritical
1909.4	123.00	24.297	0.041158	1516.7	2023.0	7.0935	0.91439	1.1761	815.17	-0.058102	7.5504e-05	0.11950	supercritical
1910.4	123.00	24.284	0.041179	1517.6	2024.1	7.0941	0.91446	1.1761	815.36	-0.058114	7.5529e-05	0.11955	supercritical
1911.4	123.00	24.272	0.041200	1518.5	2025.3	7.0947	0.91453	1.1762	815.56	-0.058125	7.5555e-05	0.11960	supercritical
1912.4	123.00	24.259	0.041221	1519.5	2026.5	7.0954	0.91461	1.1763	815.76	-0.058136	7.5580e-05	0.11964	supercritical
1913.4	123.00	24.247	0.041243	1520.4	2027.7	7.0960	0.91468	1.1763	815.96	-0.058148	7.5606e-05	0.11969	supercritical
1914.4	123.00	24.234	0.041264	1521.3	2028.8	7.0966	0.91475	1.1764	816.16	-0.058159	7.5631e-05	0.11974	supercritical
1915.4	123.00	24.222	0.041285	1522.2	2030.0	7.0972	0.91482	1.1765	816.35	-0.058171	7.5656e-05	0.11979	supercritical
1916.4	123.00	24.209	0.041306	1523.1	2031.2	7.0978	0.91489	1.1766	816.55	-0.058182	7.5682e-05	0.11984	supercritical
1917.4	123.00	24.197	0.041327	1524.0	2032.4	7.0984	0.91496	1.1766	816.75	-0.058194	7.5707e-05	0.11989	supercritical
1918.4	123.00	24.185	0.041349	1525.0	2033.5	7.0990	0.91504	1.1767	816.95	-0.058205	7.5732e-05	0.11993	supercritical
1919.4	123.00	24.172	0.041370	1525.9	2034.7	7.0997	0.91511	1.1768	817.15	-0.058216	7.5758e-05	0.11998	supercritical
1920.4	123.00	24.160	0.041391	1526.8	2035.9	7.1003	0.91518	1.1768	817.34	-0.058228	7.5783e-05	0.12003	supercritical
1921.4	123.00	24.147	0.041412	1527.7	2037.1	7.1009	0.91525	1.1769	817.54	-0.058239	7.5809e-05	0.12008	supercritical
1922.4	123.00	24.135	0.041433	1528.6	2038.3	7.1015	0.91532	1.1770	817.74	-0.058250	7.5834e-05	0.12013	supercritical
1923.4	123.00	24.123	0.041455	1529.5	2039.4	7.1021	0.91539	1.1770	817.94	-0.058261	7.5859e-05	0.12018	supercritical
1924.4	123.00	24.110	0.041476	1530.5	2040.6	7.1027	0.91547	1.1771	818.14	-0.058273	7.5885e-05	0.12023	supercritical
1925.4	123.00	24.098	0.041497	1531.4	2041.8	7.1033	0.91554	1.1772	818.33	-0.058284	7.5910e-05	0.12027	supercritical
1926.4	123.00	24.086	0.041518	1532.3	2043.0	7.1039	0.91561	1.1772	818.53	-0.058295	7.5935e-05	0.12032	supercritical
1927.4	123.00	24.074	0.041539	1533.2	2044.1	7.1046	0.91568	1.1773	818.73	-0.058306	7.5961e-05	0.12037	supercritical
1928.4	123.00	24.061	0.041561	1534.1	2045.3	7.1052	0.91575	1.1774	818.93	-0.058317	7.5986e-05	0.12042	supercritical
1929.4	123.00	24.049	0.041582	1535.0	2046.5	7.1058	0.91582	1.1775	819.12	-0.058328	7.6011e-05	0.12047	supercritical
1930.4	123.00	24.037	0.041603	1536.0	2047.7	7.1064	0.91590	1.1775	819.32	-0.058340	7.6037e-05	0.12052	supercritical
1931.4	123.00	24.025	0.041624	1536.9	2048.8	7.1070	0.91597	1.1776	819.52	-0.058351	7.6062e-05	0.12057	supercritical
1932.4	123.00	24.012	0.041645	1537.8	2050.0	7.1076	0.91604	1.1777	819.71	-0.058362	7.6087e-05	0.12061	supercritical
1933.4	123.00	24.000	0.041667	1538.7	2051.2	7.1082	0.91611	1.1777	819.91	-0.058373	7.6113e-05	0.12066	supercritical
1934.4	123.00	23.988	0.041688	1539.6	2052.4	7.1088	0.91618	1.1778	820.11	-0.058384	7.6138e-05	0.12071	supercritical
1935.4	123.00	23.976	0.041709	1540.5	2053.6	7.1094	0.91625	1.1779	820.31	-0.058395	7.6163e-05	0.12076	supercritical
1936.4	123.00	23.963	0.041730	1541.5	2054.7	7.1100	0.91632	1.1779	820.50	-0.058406	7.6188e-05	0.12081	supercritical
1937.4	123.00	23.951	0.041751	1542.4	2055.9	7.1106	0.91640	1.1780	820.70	-0.058417	7.6214e-05	0.12086	supercritical
1938.4	123.00	23.939	0.041773	1543.3	2057.1	7.1113	0.91647	1.1781	820.90	-0.058428	7.6239e-05	0.12091	supercritical
1939.4	123.00	23.927	0.041794	1544.2	2058.3	7.1119	0.91654	1.1781	821.09	-0.058439	7.6264e-05	0.12095	supercritical
1940.4	123.00	23.915	0.041815	1545.1	2059.5	7.1125	0.91661	1.1782	821.29	-0.058450	7.6290e-05	0.12100	supercritical
1941.4	123.00	23.903	0.041836	1546.0	2060.6	7.1131	0.91668	1.1783	821.49	-0.058461	7.6315e-05	0.12105	supercritical
1942.4	123.00	23.891	0.041857	1547.0	2061.8	7.1137	0.91675	1.1784	821.68	-0.058472	7.6340e-05	0.12110	supercritical
1943.4	123.00	23.879	0.041879	1547.9	2063.0	7.1143	0.91682	1.1784	821.88	-0.058483	7.6366e-05	0.12115	supercritical
1944.4	123.00	23.867	0.041900	1548.8	2064.2	7.1149	0.91690	1.1785	822.08	-0.058493	7.6391e-05	0.12120	supercritical
1945.4	123.00	23.854	0.041921	1549.7	2065.3	7.1155	0.91697	1.1786	822.27	-0.058504	7.6416e-05	0.12124	supercritical
1946.4	123.00	23.842	0.041942	1550.6	2066.5	7.1161	0.91704	1.1786	822.47	-0.058515	7.6441e-05	0.12129	supercritical
1947.4	123.00	23.830	0.041963	1551.6	2067.7	7.1167	0.91711	1.1787	822.67	-0.058526	7.6467e-05	0.12134	supercritical
1948.4	123.00	23.818	0.041984	1552.5	2068.9	7.1173	0.91718	1.1788	822.86	-0.058537	7.6492e-05	0.12139	supercritical
1949.4	123.00	23.806	0.042006	1553.4	2070.1	7.1179	0.91725	1.1788	823.06	-0.058547	7.6517e-05	0.12144	supercritical
1950.4	123.00	23.794	0.042027	1554.3	2071.2	7.1185	0.91732	1.1789	823.26	-0.058558	7.6542e-05	0.12149	supercritical
1951.4	123.00	23.782	0.042048	1555.2	2072.4	7.1191	0.91740	1.1790	823.45	-0.058569	7.6568e-05	0.12154	supercritical
1952.4	123.00	23.770	0.042069	1556.1	2073.6	7.1197	0.91747	1.1790	823.65	-0.058580	7.6593e-05	0.12158	supercritical
1953.4	123.00	23.758	0.042090	1557.1	2074.8	7.1203	0.91754	1.1791	823.84	-0.058590	7.6618e-05	0.12163	supercritical
1954.4	123.00	23.746	0.042112	1558.0	2076.0	7.1209	0.91761	1.1792	824.04	-0.058601	7.6644e-05	0.12168	supercritical
1955.4	123.00	23.734	0.042133	1558.9	2077.1	7.1215	0.91768	1.1793	824.24	-0.058612	7.6669e-05	0.12173	supercritical
1956.4	123.00	23.723	0.042154	1559.8	2078.3	7.1221	0.91775	1.1793	824.43	-0.058622	7.6694e-05	0.12178	supercritical
1957.4	123.00	23.711	0.042175	1560.7	2079.5	7.1228	0.91782	1.1794	824.63	-0.058633	7.6719e-05	0.12183	supercritical
1958.4	123.00	23.699	0.042196	1561.7	2080.7	7.1234	0.91790	1.1795	824.82	-0.058644	7.6744e-05	0.12187	supercritical
1959.4	123.00	23.687	0.042218	1562.6	2081.8	7.1240	0.91797	1.1795	825.02	-0.058654	7.6770e-05	0.12192	supercritical
1960.4	123.00	23.675	0.042239	1563.5	2083.0	7.1246	0.91804	1.1796	825.22	-0.058665	7.6795e-05	0.12197	supercritical
1961.4	123.00	23.663	0.042260	1564.4	2084.2	7.1252	0.91811	1.1797	825.41	-0.058675	7.6820e-05	0.12202	supercritical
1962.4	123.00	23.651	0.042281	1565.3	2085.4	7.1258	0.91818	1.1797	825.61	-0.058686	7.6845e-05	0.12207	supercritical
1963.4	123.00	23.639	0.042302	1566.2	2086.6	7.1264	0.91825	1.1798	825.80	-0.058696	7.6871e-05	0.12212	supercritical
1964.4	123.00	23.627	0.042324	1567.2	2087.7	7.1270	0.91832	1.1799	826.00	-0.058707	7.6896e-05	0.12216	supercritical
1965.4	123.00	23.616	0.042345	1568.1	2088.9	7.1276	0.91839	1.1799	826.19	-0.058717	7.6921e-05	0.12221	supercritical
1966.4	123.00	23.604	0.042366	1569.0	2090.1	7.1282	0.91846	1.1800	826.39	-0.058728	7.6946e-05	0.12226	supercritical
1967.4	123.00	23.592	0.042387	1569.9	2091.3	7.1288	0.91854	1.1801	826.58	-0.058738	7.6971e-05	0.12231	supercritical
1968.4	123.00	23.580	0.042408	1570.8	2092.5	7.1294	0.91861	1.1802	826.78	-0.058749	7.6997e-05	0.12236	supercritical
1969.4	123.00	23.568	0.042430	1571.8	2093.6	7.1300	0.91868	1.1802	826.97	-0.058759	7.7022e-05	0.12241	supercritical
1970.4	123.00	23.557	0.042451	1572.7	2094.8	7.1306	0.91875	1.1803	827.17	-0.058770	7.7047e-05	0.12245	supercritical
1971.4	123.00	23.545	0.042472	1573.6	2096.0	7.1312	0.91882	1.1804	827.36	-0.058780	7.7072e-05	0.12250	supercritical
1972.4	123.00	23.533	0.042493	1574.5	2097.2	7.1318	0.91889	1.1804	827.56	-0.058790	7.7098e-05	0.12255	supercritical
1973.4	123.00	23.521	0.042514	1575.4	2098.4	7.1324	0.91896	1.1805	827.76	-0.058801	7.7123e-05	0.12260	supercritical
1974.4	123.00	23.510	0.042536	1576.4	2099.5	7.1330	0.91903	1.1806	827.95	-0.058811	7.7148e-05	0.12265	supercritical
1975.4	123.00	23.498	0.042557	1577.3	2100.7	7.1336	0.91910	1.1806	828.14	-0.058821	7.7173e-05	0.12270	supercritical
1976.4	123.00	23.486	0.042578	1578.2	2101.9	7.1342	0.91918	1.1807	828.34	-0.058832	7.7198e-05	0.12275	supercritical
1977.4	123.00	23.475	0.042599	1579.1	2103.1	7.1347	0.91925	1.1808	828.53	-0.058842	7.7223e-05	0.12279	supercritical
1978.4	123.00	23.463	0.042620	1580.0	2104.3	7.1353	0.91932	1.1808	828.73	-0.058852	7.7249e-05	0.12284	supercritical
1979.4	123.00	23.451	0.042641	1581.0	2105.5	7.1359	0.91939	1.1809	828.92	-0.058863	7.7274e-05	0.12289	supercritical
1980.4	123.00	23.440	0.042663	1581.9	2106.6	7.1365	0.91946	1.1810	829.12	-0.058873	7.7299e-05	0.12294	supercritical
1981.4	123.00	23.428	0.042684	1582.8	2107.8	7.1371	0.91953	1.1811	829.31	-0.058883	7.7324e-05	0.12299	supercritical
1982.4	123.00	23.416	0.042705	1583.7	2109.0	7.1377	0.91960	1.1811	829.51	-0.058893	7.7349e-05	0.12304	supercritical
1983.4	123.00	23.405	0.042726	1584.6	2110.2	7.1383	0.91967	1.1812	829.70	-0.058903	7.7374e-05	0.12308	supercritical
1984.4	123.00	23.393	0.042747	1585.6	2111.4	7.1389	0.91974	1.1813	829.90	-0.058914	7.7400e-05	0.12313	supercritical
1985.4	123.00	23.382	0.042769	1586.5	2112.5	7.1395	0.91982	1.1813	830.09	-0.058924	7.7425e-05	0.12318	supercritical
1986.4	123.00	23.370	0.042790	1587.4	2113.7	7.1401	0.91989	1.1814	830.29	-0.058934	7.7450e-05	0.12323	supercritical
1987.4	123.00	23.358	0.042811	1588.3	2114.9	7.1407	0.91996	1.1815	830.48	-0.058944	7.7475e-05	0.12328	supercritical
1988.4	123.00	23.347	0.042832	1589.2	2116.1	7.1413	0.92003	1.1815	830.67	-0.058954	7.7500e-05	0.12333	supercritical
1989.4	123.00	23.335	0.042853	1590.2	2117.3	7.1419	0.92010	1.1816	830.87	-0.058964	7.7525e-05	0.12337	supercritical
1990.4	123.00	23.324	0.042875	1591.1	2118.4	7.1425	0.92017	1.1817	831.06	-0.058974	7.7551e-05	0.12342	supercritical
1991.4	123.00	23.312	0.042896	1592.0	2119.6	7.1431	0.92024	1.1817	831.26	-0.058984	7.7576e-05	0.12347	supercritical
1992.4	123.00	23.301	0.042917	1592.9	2120.8	7.1437	0.92031	1.1818	831.45	-0.058994	7.7601e-05	0.12352	supercritical
1993.4	123.00	23.289	0.042938	1593.9	2122.0	7.1443	0.92038	1.1819	831.65	-0.059004	7.7626e-05	0.12357	supercritical
1994.4	123.00	23.278	0.042959	1594.8	2123.2	7.1449	0.92045	1.1819	831.84	-0.059014	7.7651e-05	0.12361	supercritical
1995.4	123.00	23.266	0.042981	1595.7	2124.4	7.1455	0.92052	1.1820	832.03	-0.059024	7.7676e-05	0.12366	supercritical
1996.4	123.00	23.255	0.043002	1596.6	2125.5	7.1460	0.92059	1.1821	832.23	-0.059034	7.7701e-05	0.12371	supercritical
1997.4	123.00	23.243	0.043023	1597.5	2126.7	7.1466	0.92067	1.1822	832.42	-0.059044	7.7726e-05	0.12376	supercritical
1998.4	123.00	23.232	0.043044	1598.5	2127.9	7.1472	0.92074	1.1822	832.61	-0.059054	7.7752e-05	0.12381	supercritical
1999.4	123.00	23.221	0.043065	1599.4	2129.1	7.1478	0.92081	1.1823	832.81	-0.059064	7.7777e-05	0.12386	supercritical