Temperature (K)	Pressure (bar)	Density (kg/m3)	Volume (m3/kg)	Internal Energy (kJ/kg)	Enthalpy (kJ/kg)	Entropy (J/g*K)	Cv (J/g*K)	Cp (J/g*K)	Sound Spd. (m/s)	Joule-Thomson (K/bar)	Viscosity (Pa*s)	Therm. Cond. (W/m*K)	Phase
54.361	816.00	1380.7	0.00072428	-200.98	-141.88	1.9281	1.0648	1.4677	1340.5	-0.042954	0.0013202	0.22784	liquid
63.361	816.00	1350.3	0.00074056	-188.34	-127.91	2.1656	1.1197	1.5987	1309.6	-0.038959	0.00085466	0.22038	liquid
64.361	816.00	1346.9	0.00074243	-186.89	-126.31	2.1906	1.1202	1.6026	1304.6	-0.038842	0.00081828	0.21952	liquid
65.361	816.00	1343.6	0.00074429	-185.44	-124.71	2.2154	1.1199	1.6053	1299.6	-0.038756	0.00078421	0.21865	liquid
66.361	816.00	1340.2	0.00074616	-183.99	-123.10	2.2398	1.1191	1.6070	1294.5	-0.038697	0.00075227	0.21779	liquid
67.361	816.00	1336.8	0.00074804	-182.53	-121.49	2.2638	1.1177	1.6079	1289.3	-0.038660	0.00072230	0.21692	liquid
68.361	816.00	1333.5	0.00074992	-181.08	-119.89	2.2875	1.1159	1.6080	1284.2	-0.038642	0.00069417	0.21605	liquid
69.361	816.00	1330.1	0.00075180	-179.63	-118.28	2.3108	1.1137	1.6075	1279.0	-0.038639	0.00066773	0.21517	liquid
70.361	816.00	1326.8	0.00075368	-178.17	-116.67	2.3338	1.1111	1.6065	1273.9	-0.038649	0.00064287	0.21430	liquid
71.361	816.00	1323.5	0.00075557	-176.72	-115.07	2.3565	1.1082	1.6050	1268.8	-0.038669	0.00061947	0.21342	liquid
72.361	816.00	1320.2	0.00075747	-175.27	-113.46	2.3788	1.1051	1.6032	1263.6	-0.038697	0.00059743	0.21255	liquid
73.361	816.00	1316.9	0.00075936	-173.82	-111.86	2.4008	1.1019	1.6011	1258.5	-0.038732	0.00057666	0.21167	liquid
74.361	816.00	1313.6	0.00076126	-172.38	-110.26	2.4225	1.0984	1.5988	1253.5	-0.038773	0.00055705	0.21079	liquid
75.361	816.00	1310.3	0.00076316	-170.94	-108.66	2.4438	1.0948	1.5963	1248.4	-0.038818	0.00053854	0.20991	liquid
76.361	816.00	1307.1	0.00076507	-169.50	-107.07	2.4648	1.0911	1.5937	1243.4	-0.038866	0.00052105	0.20903	liquid
77.361	816.00	1303.8	0.00076698	-168.06	-105.47	2.4856	1.0873	1.5909	1238.5	-0.038916	0.00050450	0.20815	liquid
78.361	816.00	1300.6	0.00076889	-166.63	-103.88	2.5060	1.0835	1.5881	1233.5	-0.038967	0.00048884	0.20727	liquid
79.361	816.00	1297.3	0.00077081	-165.20	-102.30	2.5261	1.0796	1.5852	1228.6	-0.039019	0.00047401	0.20639	liquid
80.361	816.00	1294.1	0.00077273	-163.77	-100.71	2.5459	1.0757	1.5822	1223.7	-0.039072	0.00045994	0.20551	liquid
81.361	816.00	1290.9	0.00077466	-162.35	-99.134	2.5655	1.0717	1.5793	1218.9	-0.039124	0.00044659	0.20463	liquid
82.361	816.00	1287.7	0.00077658	-160.93	-97.556	2.5848	1.0678	1.5763	1214.1	-0.039175	0.00043392	0.20374	liquid
83.361	816.00	1284.5	0.00077852	-159.51	-95.981	2.6038	1.0638	1.5734	1209.3	-0.039225	0.00042187	0.20286	liquid
84.361	816.00	1281.3	0.00078046	-158.09	-94.409	2.6225	1.0599	1.5704	1204.6	-0.039274	0.00041041	0.20198	liquid
85.361	816.00	1278.1	0.00078240	-156.68	-92.840	2.6410	1.0560	1.5675	1199.8	-0.039321	0.00039951	0.20110	liquid
86.361	816.00	1274.9	0.00078435	-155.28	-91.274	2.6592	1.0521	1.5647	1195.2	-0.039367	0.00038912	0.20022	liquid
87.361	816.00	1271.8	0.00078630	-153.87	-89.711	2.6772	1.0482	1.5618	1190.5	-0.039410	0.00037922	0.19934	liquid
88.361	816.00	1268.6	0.00078826	-152.47	-88.150	2.6950	1.0444	1.5590	1185.9	-0.039452	0.00036978	0.19845	liquid
89.361	816.00	1265.5	0.00079022	-151.07	-86.593	2.7125	1.0406	1.5563	1181.3	-0.039491	0.00036076	0.19757	liquid
90.361	816.00	1262.3	0.00079219	-149.68	-85.038	2.7298	1.0369	1.5536	1176.7	-0.039528	0.00035215	0.19669	liquid
91.361	816.00	1259.2	0.00079416	-148.29	-83.486	2.7469	1.0332	1.5510	1172.2	-0.039563	0.00034391	0.19581	liquid
92.361	816.00	1256.1	0.00079614	-146.90	-81.936	2.7638	1.0295	1.5484	1167.7	-0.039595	0.00033604	0.19493	liquid
93.361	816.00	1252.9	0.00079812	-145.52	-80.389	2.7804	1.0259	1.5458	1163.2	-0.039625	0.00032849	0.19405	liquid
94.361	816.00	1249.8	0.00080011	-144.13	-78.844	2.7969	1.0223	1.5434	1158.7	-0.039652	0.00032127	0.19317	liquid
95.361	816.00	1246.7	0.00080211	-142.75	-77.302	2.8132	1.0188	1.5409	1154.3	-0.039677	0.00031434	0.19229	liquid
96.361	816.00	1243.6	0.00080411	-141.38	-75.762	2.8292	1.0153	1.5386	1149.9	-0.039700	0.00030770	0.19141	liquid
97.361	816.00	1240.5	0.00080612	-140.00	-74.225	2.8451	1.0118	1.5362	1145.5	-0.039720	0.00030132	0.19053	liquid
98.361	816.00	1237.4	0.00080814	-138.63	-72.690	2.8608	1.0084	1.5340	1141.2	-0.039737	0.00029519	0.18966	liquid
99.361	816.00	1234.3	0.00081016	-137.27	-71.157	2.8763	1.0051	1.5318	1136.8	-0.039752	0.00028930	0.18878	liquid
100.36	816.00	1231.2	0.00081219	-135.90	-69.626	2.8916	1.0018	1.5296	1132.5	-0.039765	0.00028364	0.18790	liquid
101.36	816.00	1228.2	0.00081423	-134.54	-68.098	2.9068	0.99851	1.5275	1128.3	-0.039775	0.00027819	0.18703	liquid
102.36	816.00	1225.1	0.00081627	-133.18	-66.571	2.9217	0.99529	1.5254	1124.0	-0.039783	0.00027294	0.18616	liquid
103.36	816.00	1222.0	0.00081832	-131.82	-65.047	2.9366	0.99211	1.5234	1119.8	-0.039789	0.00026788	0.18528	liquid
104.36	816.00	1219.0	0.00082037	-130.47	-63.525	2.9512	0.98898	1.5214	1115.6	-0.039792	0.00026300	0.18441	liquid
105.36	816.00	1215.9	0.00082244	-129.12	-62.004	2.9657	0.98589	1.5194	1111.4	-0.039793	0.00025830	0.18354	liquid
106.36	816.00	1212.8	0.00082451	-127.77	-60.486	2.9801	0.98285	1.5175	1107.2	-0.039792	0.00025375	0.18267	liquid
107.36	816.00	1209.8	0.00082659	-126.42	-58.969	2.9943	0.97984	1.5157	1103.1	-0.039788	0.00024936	0.18180	liquid
108.36	816.00	1206.7	0.00082867	-125.07	-57.454	3.0083	0.97687	1.5138	1099.0	-0.039783	0.00024512	0.18094	liquid
109.36	816.00	1203.7	0.00083077	-123.73	-55.941	3.0222	0.97395	1.5121	1094.9	-0.039775	0.00024102	0.18007	liquid
110.36	816.00	1200.7	0.00083287	-122.39	-54.430	3.0360	0.97106	1.5103	1090.8	-0.039766	0.00023706	0.17921	liquid
111.36	816.00	1197.6	0.00083498	-121.05	-52.921	3.0496	0.96821	1.5086	1086.8	-0.039754	0.00023322	0.17834	liquid
112.36	816.00	1194.6	0.00083709	-119.72	-51.413	3.0631	0.96539	1.5069	1082.8	-0.039740	0.00022950	0.17748	liquid
113.36	816.00	1191.6	0.00083922	-118.39	-49.907	3.0764	0.96262	1.5052	1078.8	-0.039724	0.00022589	0.17662	liquid
114.36	816.00	1188.6	0.00084135	-117.06	-48.403	3.0896	0.95988	1.5036	1074.8	-0.039707	0.00022240	0.17577	liquid
115.36	816.00	1185.6	0.00084349	-115.73	-46.900	3.1027	0.95717	1.5020	1070.9	-0.039687	0.00021900	0.17491	liquid
116.36	816.00	1182.5	0.00084564	-114.40	-45.399	3.1157	0.95450	1.5005	1066.9	-0.039666	0.00021571	0.17406	liquid
117.36	816.00	1179.5	0.00084779	-113.08	-43.899	3.1285	0.95186	1.4989	1063.0	-0.039643	0.00021252	0.17320	liquid
118.36	816.00	1176.5	0.00084996	-111.76	-42.401	3.1412	0.94925	1.4974	1059.1	-0.039617	0.00020942	0.17235	liquid
119.36	816.00	1173.5	0.00085213	-110.44	-40.904	3.1538	0.94668	1.4959	1055.3	-0.039591	0.00020640	0.17151	liquid
120.36	816.00	1170.5	0.00085431	-109.12	-39.409	3.1663	0.94413	1.4944	1051.4	-0.039562	0.00020347	0.17066	liquid
121.36	816.00	1167.5	0.00085650	-107.81	-37.915	3.1786	0.94162	1.4930	1047.6	-0.039532	0.00020061	0.16981	liquid
122.36	816.00	1164.5	0.00085870	-106.49	-36.423	3.1909	0.93914	1.4915	1043.8	-0.039500	0.00019784	0.16897	liquid
123.36	816.00	1161.6	0.00086091	-105.18	-34.932	3.2030	0.93669	1.4901	1040.0	-0.039467	0.00019513	0.16813	liquid
124.36	816.00	1158.6	0.00086312	-103.87	-33.443	3.2150	0.93426	1.4887	1036.3	-0.039431	0.00019250	0.16730	liquid
125.36	816.00	1155.6	0.00086535	-102.57	-31.955	3.2269	0.93187	1.4874	1032.5	-0.039395	0.00018993	0.16646	liquid
126.36	816.00	1152.6	0.00086758	-101.26	-30.468	3.2388	0.92950	1.4860	1028.8	-0.039356	0.00018743	0.16563	liquid
127.36	816.00	1149.7	0.00086982	-99.960	-28.983	3.2505	0.92716	1.4847	1025.1	-0.039316	0.00018499	0.16480	liquid
128.36	816.00	1146.7	0.00087208	-98.660	-27.499	3.2621	0.92484	1.4833	1021.5	-0.039275	0.00018261	0.16397	liquid
129.36	816.00	1143.7	0.00087434	-97.362	-26.016	3.2736	0.92256	1.4820	1017.8	-0.039232	0.00018029	0.16314	liquid
130.36	816.00	1140.8	0.00087660	-96.065	-24.535	3.2850	0.92029	1.4807	1014.2	-0.039188	0.00017802	0.16232	liquid
131.36	816.00	1137.8	0.00087888	-94.771	-23.055	3.2963	0.91806	1.4794	1010.6	-0.039142	0.00017581	0.16150	liquid
132.36	816.00	1134.9	0.00088117	-93.479	-21.576	3.3075	0.91584	1.4782	1007.0	-0.039095	0.00017365	0.16068	liquid
133.36	816.00	1131.9	0.00088346	-92.189	-20.098	3.3186	0.91366	1.4769	1003.4	-0.039046	0.00017153	0.15987	liquid
134.36	816.00	1129.0	0.00088577	-90.901	-18.622	3.3297	0.91149	1.4756	999.86	-0.038996	0.00016947	0.15906	liquid
135.36	816.00	1126.0	0.00088808	-89.615	-17.147	3.3406	0.90935	1.4744	996.34	-0.038944	0.00016745	0.15825	liquid
136.36	816.00	1123.1	0.00089041	-88.330	-15.673	3.3514	0.90723	1.4732	992.83	-0.038892	0.00016547	0.15744	liquid
137.36	816.00	1120.1	0.00089274	-87.048	-14.201	3.3622	0.90514	1.4719	989.35	-0.038838	0.00016354	0.15664	liquid
138.36	816.00	1117.2	0.00089508	-85.768	-12.729	3.3729	0.90307	1.4707	985.89	-0.038782	0.00016164	0.15584	liquid
139.36	816.00	1114.3	0.00089743	-84.490	-11.259	3.3835	0.90102	1.4695	982.44	-0.038725	0.00015979	0.15505	liquid
140.36	816.00	1111.4	0.00089979	-83.213	-9.7902	3.3940	0.89899	1.4683	979.02	-0.038667	0.00015798	0.15425	liquid
141.36	816.00	1108.4	0.00090217	-81.939	-8.3225	3.4044	0.89698	1.4671	975.62	-0.038608	0.00015620	0.15346	liquid
142.36	816.00	1105.5	0.00090454	-80.667	-6.8560	3.4147	0.89499	1.4659	972.25	-0.038547	0.00015446	0.15268	liquid
143.36	816.00	1102.6	0.00090693	-79.396	-5.3906	3.4250	0.89303	1.4648	968.89	-0.038486	0.00015275	0.15189	liquid
144.36	816.00	1099.7	0.00090933	-78.128	-3.9265	3.4352	0.89108	1.4636	965.55	-0.038423	0.00015108	0.15111	liquid
145.36	816.00	1096.8	0.00091174	-76.862	-2.4635	3.4453	0.88916	1.4624	962.23	-0.038358	0.00014944	0.15034	liquid
146.36	816.00	1093.9	0.00091416	-75.597	-1.0016	3.4553	0.88725	1.4613	958.94	-0.038293	0.00014783	0.14956	liquid
147.36	816.00	1091.0	0.00091659	-74.334	0.45903	3.4652	0.88536	1.4601	955.66	-0.038226	0.00014625	0.14879	liquid
148.36	816.00	1088.1	0.00091902	-73.074	1.9186	3.4751	0.88350	1.4589	952.41	-0.038159	0.00014470	0.14803	liquid
149.36	816.00	1085.2	0.00092147	-71.815	3.3769	3.4849	0.88165	1.4578	949.18	-0.038090	0.00014318	0.14726	liquid
150.36	816.00	1082.3	0.00092393	-70.558	4.8341	3.4946	0.87982	1.4567	945.96	-0.038020	0.00014169	0.14650	liquid
151.36	816.00	1079.5	0.00092639	-69.304	6.2902	3.5043	0.87801	1.4555	942.77	-0.037948	0.00014023	0.14575	liquid
152.36	816.00	1076.6	0.00092887	-68.051	7.7452	3.5138	0.87621	1.4544	939.60	-0.037876	0.00013879	0.14499	liquid
153.36	816.00	1073.7	0.00093136	-66.800	9.1990	3.5234	0.87444	1.4532	936.45	-0.037803	0.00013738	0.14425	liquid
154.36	816.00	1070.8	0.00093385	-65.551	10.652	3.5328	0.87268	1.4521	933.32	-0.037728	0.00013600	0.14350	liquid
155.36	816.00	1068.0	0.00093636	-64.304	12.103	3.5422	0.87094	1.4510	930.21	-0.037653	0.00013463	0.14276	supercritical
156.36	816.00	1065.1	0.00093887	-63.058	13.554	3.5515	0.86922	1.4499	927.13	-0.037576	0.00013330	0.14202	supercritical
157.36	816.00	1062.2	0.00094140	-61.815	15.003	3.5607	0.86751	1.4487	924.06	-0.037498	0.00013198	0.14129	supercritical
158.36	816.00	1059.4	0.00094393	-60.574	16.451	3.5699	0.86582	1.4476	921.01	-0.037420	0.00013069	0.14056	supercritical
159.36	816.00	1056.5	0.00094648	-59.335	17.898	3.5790	0.86415	1.4465	917.99	-0.037340	0.00012942	0.13984	supercritical
160.36	816.00	1053.7	0.00094903	-58.097	19.344	3.5880	0.86249	1.4454	914.98	-0.037259	0.00012817	0.13911	supercritical
161.36	816.00	1050.9	0.00095160	-56.862	20.789	3.5970	0.86085	1.4443	912.00	-0.037177	0.00012694	0.13840	supercritical
162.36	816.00	1048.0	0.00095417	-55.628	22.233	3.6059	0.85923	1.4431	909.04	-0.037095	0.00012574	0.13768	supercritical
163.36	816.00	1045.2	0.00095676	-54.396	23.675	3.6148	0.85762	1.4420	906.09	-0.037011	0.00012455	0.13697	supercritical
164.36	816.00	1042.4	0.00095935	-53.167	25.117	3.6236	0.85603	1.4409	903.17	-0.036926	0.00012338	0.13627	supercritical
165.36	816.00	1039.5	0.00096196	-51.939	26.557	3.6323	0.85445	1.4398	900.27	-0.036841	0.00012223	0.13557	supercritical
166.36	816.00	1036.7	0.00096457	-50.713	27.996	3.6410	0.85289	1.4387	897.39	-0.036754	0.00012110	0.13487	supercritical
167.36	816.00	1033.9	0.00096720	-49.489	29.434	3.6496	0.85135	1.4376	894.53	-0.036666	0.00011999	0.13418	supercritical
168.36	816.00	1031.1	0.00096983	-48.267	30.871	3.6582	0.84982	1.4365	891.69	-0.036578	0.00011890	0.13349	supercritical
169.36	816.00	1028.3	0.00097247	-47.047	32.307	3.6667	0.84830	1.4353	888.87	-0.036489	0.00011782	0.13280	supercritical
170.36	816.00	1025.5	0.00097513	-45.829	33.742	3.6751	0.84680	1.4342	886.07	-0.036399	0.00011676	0.13212	supercritical
171.36	816.00	1022.7	0.00097779	-44.612	35.176	3.6835	0.84531	1.4331	883.29	-0.036308	0.00011572	0.13145	supercritical
172.36	816.00	1019.9	0.00098047	-43.398	36.608	3.6919	0.84384	1.4320	880.53	-0.036216	0.00011469	0.13078	supercritical
173.36	816.00	1017.1	0.00098315	-42.186	38.040	3.7002	0.84238	1.4309	877.80	-0.036123	0.00011368	0.13011	supercritical
174.36	816.00	1014.4	0.00098585	-40.975	39.470	3.7084	0.84094	1.4298	875.08	-0.036029	0.00011269	0.12944	supercritical
175.36	816.00	1011.6	0.00098855	-39.767	40.899	3.7166	0.83951	1.4287	872.38	-0.035935	0.00011171	0.12879	supercritical
176.36	816.00	1008.8	0.00099127	-38.560	42.327	3.7247	0.83809	1.4276	869.71	-0.035840	0.00011075	0.12813	supercritical
177.36	816.00	1006.0	0.00099399	-37.355	43.754	3.7327	0.83669	1.4265	867.05	-0.035744	0.00010980	0.12748	supercritical
178.36	816.00	1003.3	0.00099673	-36.153	45.180	3.7408	0.83530	1.4253	864.42	-0.035647	0.00010886	0.12683	supercritical
179.36	816.00	1000.5	0.00099947	-34.952	46.605	3.7487	0.83392	1.4242	861.80	-0.035549	0.00010794	0.12619	supercritical
180.36	816.00	997.78	0.0010022	-33.753	48.029	3.7566	0.83256	1.4231	859.21	-0.035451	0.00010703	0.12556	supercritical
181.36	816.00	995.03	0.0010050	-32.556	49.451	3.7645	0.83121	1.4220	856.63	-0.035352	0.00010614	0.12492	supercritical
182.36	816.00	992.30	0.0010078	-31.361	50.873	3.7723	0.82988	1.4209	854.08	-0.035252	0.00010526	0.12430	supercritical
183.36	816.00	989.56	0.0010105	-30.168	52.293	3.7801	0.82855	1.4198	851.55	-0.035152	0.00010440	0.12367	supercritical
184.36	816.00	986.83	0.0010133	-28.976	53.712	3.7878	0.82724	1.4186	849.03	-0.035051	0.00010354	0.12305	supercritical
185.36	816.00	984.11	0.0010161	-27.787	55.130	3.7955	0.82595	1.4175	846.54	-0.034949	0.00010270	0.12244	supercritical
186.36	816.00	981.39	0.0010190	-26.600	56.547	3.8031	0.82466	1.4164	844.07	-0.034847	0.00010187	0.12183	supercritical
187.36	816.00	978.68	0.0010218	-25.415	57.963	3.8107	0.82339	1.4153	841.61	-0.034744	0.00010106	0.12122	supercritical
188.36	816.00	975.97	0.0010246	-24.231	59.378	3.8182	0.82213	1.4142	839.18	-0.034640	0.00010025	0.12062	supercritical
189.36	816.00	973.27	0.0010275	-23.050	60.792	3.8257	0.82088	1.4130	836.76	-0.034536	9.9463e-05	0.12002	supercritical
190.36	816.00	970.57	0.0010303	-21.870	62.204	3.8331	0.81965	1.4119	834.37	-0.034431	9.8683e-05	0.11943	supercritical
191.36	816.00	967.88	0.0010332	-20.692	63.615	3.8405	0.81842	1.4108	832.00	-0.034325	9.7914e-05	0.11884	supercritical
192.36	816.00	965.20	0.0010361	-19.517	65.026	3.8479	0.81721	1.4096	829.64	-0.034219	9.7157e-05	0.11826	supercritical
193.36	816.00	962.52	0.0010389	-18.343	66.435	3.8552	0.81601	1.4085	827.31	-0.034113	9.6411e-05	0.11768	supercritical
194.36	816.00	959.85	0.0010418	-17.171	67.843	3.8625	0.81482	1.4074	824.99	-0.034006	9.5676e-05	0.11711	supercritical
195.36	816.00	957.18	0.0010447	-16.001	69.249	3.8697	0.81365	1.4063	822.70	-0.033898	9.4951e-05	0.11654	supercritical
196.36	816.00	954.52	0.0010476	-14.833	70.655	3.8768	0.81248	1.4051	820.42	-0.033790	9.4237e-05	0.11597	supercritical
197.36	816.00	951.87	0.0010506	-13.667	72.060	3.8840	0.81133	1.4040	818.17	-0.033681	9.3534e-05	0.11541	supercritical
198.36	816.00	949.22	0.0010535	-12.503	73.463	3.8911	0.81019	1.4028	815.93	-0.033572	9.2840e-05	0.11485	supercritical
199.36	816.00	946.57	0.0010564	-11.340	74.865	3.8981	0.80906	1.4017	813.71	-0.033463	9.2157e-05	0.11430	supercritical
200.36	816.00	943.94	0.0010594	-10.180	76.266	3.9051	0.80794	1.4006	811.52	-0.033353	9.1483e-05	0.11376	supercritical
201.36	816.00	941.31	0.0010624	-9.0216	77.666	3.9121	0.80683	1.3994	809.34	-0.033243	9.0820e-05	0.11321	supercritical
202.36	816.00	938.68	0.0010653	-7.8652	79.065	3.9190	0.80573	1.3983	807.18	-0.033132	9.0166e-05	0.11268	supercritical
203.36	816.00	936.06	0.0010683	-6.7106	80.463	3.9259	0.80465	1.3971	805.04	-0.033021	8.9521e-05	0.11214	supercritical
204.36	816.00	933.45	0.0010713	-5.5580	81.860	3.9328	0.80357	1.3960	802.92	-0.032910	8.8886e-05	0.11161	supercritical
205.36	816.00	930.85	0.0010743	-4.4074	83.255	3.9396	0.80251	1.3948	800.82	-0.032798	8.8260e-05	0.11109	supercritical
206.36	816.00	928.25	0.0010773	-3.2586	84.649	3.9464	0.80145	1.3937	798.73	-0.032686	8.7643e-05	0.11057	supercritical
207.36	816.00	925.65	0.0010803	-2.1118	86.042	3.9531	0.80041	1.3925	796.67	-0.032574	8.7035e-05	0.11005	supercritical
208.36	816.00	923.07	0.0010833	-0.96683	87.434	3.9598	0.79937	1.3914	794.62	-0.032461	8.6435e-05	0.10954	supercritical
209.36	816.00	920.49	0.0010864	0.17617	88.825	3.9665	0.79835	1.3902	792.60	-0.032348	8.5844e-05	0.10904	supercritical
210.36	816.00	917.91	0.0010894	1.3173	90.215	3.9731	0.79734	1.3890	790.59	-0.032235	8.5262e-05	0.10853	supercritical
211.36	816.00	915.35	0.0010925	2.4564	91.603	3.9797	0.79634	1.3879	788.60	-0.032122	8.4688e-05	0.10804	supercritical
212.36	816.00	912.79	0.0010955	3.5937	92.990	3.9862	0.79534	1.3867	786.63	-0.032008	8.4123e-05	0.10754	supercritical
213.36	816.00	910.23	0.0010986	4.7290	94.376	3.9927	0.79436	1.3855	784.68	-0.031895	8.3565e-05	0.10706	supercritical
214.36	816.00	907.69	0.0011017	5.8624	95.761	3.9992	0.79339	1.3844	782.74	-0.031781	8.3015e-05	0.10657	supercritical
215.36	816.00	905.15	0.0011048	6.9939	97.145	4.0056	0.79243	1.3832	780.83	-0.031667	8.2474e-05	0.10609	supercritical
216.36	816.00	902.61	0.0011079	8.1235	98.528	4.0120	0.79148	1.3820	778.93	-0.031553	8.1940e-05	0.10562	supercritical
217.36	816.00	900.09	0.0011110	9.2512	99.909	4.0184	0.79053	1.3809	777.05	-0.031438	8.1414e-05	0.10515	supercritical
218.36	816.00	897.57	0.0011141	10.377	101.29	4.0247	0.78960	1.3797	775.19	-0.031324	8.0895e-05	0.10468	supercritical
219.36	816.00	895.05	0.0011173	11.501	102.67	4.0310	0.78868	1.3785	773.35	-0.031210	8.0384e-05	0.10422	supercritical
220.36	816.00	892.55	0.0011204	12.623	104.05	4.0373	0.78776	1.3773	771.52	-0.031095	7.9880e-05	0.10376	supercritical
221.36	816.00	890.05	0.0011235	13.743	105.42	4.0435	0.78686	1.3761	769.71	-0.030981	7.9383e-05	0.10331	supercritical
222.36	816.00	887.56	0.0011267	14.861	106.80	4.0497	0.78597	1.3750	767.92	-0.030866	7.8894e-05	0.10286	supercritical
223.36	816.00	885.07	0.0011298	15.977	108.17	4.0559	0.78508	1.3738	766.15	-0.030752	7.8411e-05	0.10241	supercritical
224.36	816.00	882.60	0.0011330	17.092	109.55	4.0620	0.78420	1.3726	764.40	-0.030638	7.7935e-05	0.10197	supercritical
225.36	816.00	880.13	0.0011362	18.204	110.92	4.0682	0.78334	1.3714	762.66	-0.030523	7.7467e-05	0.10154	supercritical
226.36	816.00	877.66	0.0011394	19.315	112.29	4.0742	0.78248	1.3702	760.94	-0.030409	7.7004e-05	0.10110	supercritical
227.36	816.00	875.21	0.0011426	20.424	113.66	4.0803	0.78163	1.3690	759.24	-0.030295	7.6549e-05	0.10068	supercritical
228.36	816.00	872.76	0.0011458	21.531	115.03	4.0863	0.78079	1.3678	757.55	-0.030180	7.6100e-05	0.10025	supercritical
229.36	816.00	870.32	0.0011490	22.636	116.39	4.0922	0.77996	1.3666	755.88	-0.030066	7.5657e-05	0.099834	supercritical
230.36	816.00	867.88	0.0011522	23.739	117.76	4.0982	0.77914	1.3654	754.23	-0.029953	7.5221e-05	0.099419	supercritical
231.36	816.00	865.46	0.0011555	24.840	119.13	4.1041	0.77833	1.3642	752.60	-0.029839	7.4791e-05	0.099008	supercritical
232.36	816.00	863.04	0.0011587	25.939	120.49	4.1100	0.77752	1.3631	750.98	-0.029725	7.4368e-05	0.098602	supercritical
233.36	816.00	860.63	0.0011619	27.037	121.85	4.1158	0.77673	1.3619	749.38	-0.029612	7.3950e-05	0.098199	supercritical
234.36	816.00	858.22	0.0011652	28.132	123.21	4.1216	0.77594	1.3607	747.79	-0.029499	7.3538e-05	0.097801	supercritical
235.36	816.00	855.83	0.0011685	29.226	124.57	4.1274	0.77516	1.3594	746.23	-0.029386	7.3132e-05	0.097406	supercritical
236.36	816.00	853.44	0.0011717	30.318	125.93	4.1332	0.77439	1.3582	744.67	-0.029274	7.2732e-05	0.097016	supercritical
237.36	816.00	851.06	0.0011750	31.408	127.29	4.1389	0.77363	1.3570	743.14	-0.029161	7.2338e-05	0.096630	supercritical
238.36	816.00	848.68	0.0011783	32.496	128.65	4.1446	0.77288	1.3558	741.62	-0.029049	7.1949e-05	0.096248	supercritical
239.36	816.00	846.31	0.0011816	33.583	130.00	4.1503	0.77213	1.3546	740.12	-0.028937	7.1566e-05	0.095869	supercritical
240.36	816.00	843.96	0.0011849	34.667	131.35	4.1560	0.77140	1.3534	738.63	-0.028826	7.1189e-05	0.095495	supercritical
241.36	816.00	841.60	0.0011882	35.750	132.71	4.1616	0.77067	1.3522	737.16	-0.028715	7.0817e-05	0.095125	supercritical
242.36	816.00	839.26	0.0011915	36.831	134.06	4.1672	0.76995	1.3510	735.70	-0.028604	7.0450e-05	0.094758	supercritical
243.36	816.00	836.92	0.0011949	37.910	135.41	4.1727	0.76924	1.3498	734.26	-0.028494	7.0088e-05	0.094396	supercritical
244.36	816.00	834.60	0.0011982	38.987	136.76	4.1782	0.76853	1.3486	732.84	-0.028384	6.9732e-05	0.094037	supercritical
245.36	816.00	832.28	0.0012015	40.063	138.11	4.1838	0.76784	1.3474	731.43	-0.028275	6.9381e-05	0.093682	supercritical
246.36	816.00	829.96	0.0012049	41.136	139.45	4.1892	0.76715	1.3462	730.04	-0.028165	6.9035e-05	0.093331	supercritical
247.36	816.00	827.66	0.0012082	42.208	140.80	4.1947	0.76647	1.3449	728.66	-0.028057	6.8693e-05	0.092984	supercritical
248.36	816.00	825.36	0.0012116	43.278	142.14	4.2001	0.76580	1.3437	727.30	-0.027949	6.8357e-05	0.092641	supercritical
249.36	816.00	823.07	0.0012150	44.346	143.49	4.2055	0.76513	1.3425	725.95	-0.027841	6.8025e-05	0.092301	supercritical
250.36	816.00	820.79	0.0012183	45.412	144.83	4.2109	0.76447	1.3413	724.62	-0.027734	6.7699e-05	0.091965	supercritical
251.36	816.00	818.52	0.0012217	46.477	146.17	4.2162	0.76383	1.3401	723.30	-0.027627	6.7377e-05	0.091632	supercritical
252.36	816.00	816.25	0.0012251	47.540	147.51	4.2215	0.76318	1.3389	722.00	-0.027521	6.7059e-05	0.091304	supercritical
253.36	816.00	813.99	0.0012285	48.601	148.85	4.2268	0.76255	1.3377	720.71	-0.027415	6.6746e-05	0.090979	supercritical
254.36	816.00	811.74	0.0012319	49.660	150.18	4.2321	0.76192	1.3364	719.44	-0.027310	6.6438e-05	0.090657	supercritical
255.36	816.00	809.50	0.0012353	50.717	151.52	4.2373	0.76131	1.3352	718.18	-0.027206	6.6134e-05	0.090339	supercritical
256.36	816.00	807.27	0.0012387	51.773	152.85	4.2426	0.76069	1.3340	716.93	-0.027102	6.5834e-05	0.090025	supercritical
257.36	816.00	805.04	0.0012422	52.827	154.19	4.2477	0.76009	1.3328	715.70	-0.026999	6.5539e-05	0.089714	supercritical
258.36	816.00	802.82	0.0012456	53.879	155.52	4.2529	0.75949	1.3316	714.49	-0.026896	6.5248e-05	0.089407	supercritical
259.36	816.00	800.61	0.0012490	54.929	156.85	4.2581	0.75890	1.3304	713.28	-0.026794	6.4961e-05	0.089103	supercritical
260.36	816.00	798.41	0.0012525	55.978	158.18	4.2632	0.75832	1.3291	712.10	-0.026693	6.4678e-05	0.088802	supercritical
261.36	816.00	796.22	0.0012559	57.025	159.51	4.2683	0.75775	1.3279	710.92	-0.026592	6.4399e-05	0.088505	supercritical
262.36	816.00	794.03	0.0012594	58.070	160.84	4.2733	0.75718	1.3267	709.76	-0.026492	6.4124e-05	0.088212	supercritical
263.36	816.00	791.86	0.0012629	59.114	162.16	4.2784	0.75662	1.3255	708.61	-0.026392	6.3854e-05	0.087921	supercritical
264.36	816.00	789.69	0.0012663	60.155	163.49	4.2834	0.75606	1.3243	707.48	-0.026294	6.3587e-05	0.087634	supercritical
265.36	816.00	787.52	0.0012698	61.195	164.81	4.2884	0.75552	1.3231	706.36	-0.026196	6.3324e-05	0.087351	supercritical
266.36	816.00	785.37	0.0012733	62.234	166.13	4.2934	0.75498	1.3219	705.25	-0.026098	6.3064e-05	0.087070	supercritical
267.36	816.00	783.22	0.0012768	63.270	167.46	4.2983	0.75444	1.3206	704.16	-0.026002	6.2809e-05	0.086793	supercritical
268.36	816.00	781.09	0.0012803	64.305	168.78	4.3032	0.75392	1.3194	703.08	-0.025906	6.2557e-05	0.086519	supercritical
269.36	816.00	778.96	0.0012838	65.339	170.09	4.3082	0.75340	1.3182	702.01	-0.025811	6.2308e-05	0.086248	supercritical
270.36	816.00	776.84	0.0012873	66.370	171.41	4.3130	0.75289	1.3170	700.95	-0.025717	6.2064e-05	0.085980	supercritical
271.36	816.00	774.72	0.0012908	67.400	172.73	4.3179	0.75238	1.3158	699.91	-0.025623	6.1822e-05	0.085716	supercritical
272.36	816.00	772.62	0.0012943	68.428	174.04	4.3227	0.75188	1.3146	698.88	-0.025530	6.1585e-05	0.085454	supercritical
273.36	816.00	770.52	0.0012978	69.455	175.36	4.3275	0.75139	1.3134	697.86	-0.025439	6.1350e-05	0.085196	supercritical
274.36	816.00	768.43	0.0013014	70.480	176.67	4.3323	0.75090	1.3122	696.86	-0.025347	6.1119e-05	0.084940	supercritical
275.36	816.00	766.35	0.0013049	71.503	177.98	4.3371	0.75042	1.3110	695.87	-0.025257	6.0891e-05	0.084688	supercritical
276.36	816.00	764.28	0.0013084	72.524	179.29	4.3419	0.74995	1.3098	694.89	-0.025168	6.0667e-05	0.084438	supercritical
277.36	816.00	762.21	0.0013120	73.544	180.60	4.3466	0.74948	1.3086	693.92	-0.025079	6.0446e-05	0.084192	supercritical
278.36	816.00	760.16	0.0013155	74.563	181.91	4.3513	0.74902	1.3074	692.96	-0.024991	6.0228e-05	0.083948	supercritical
279.36	816.00	758.11	0.0013191	75.579	183.22	4.3560	0.74857	1.3062	692.02	-0.024904	6.0013e-05	0.083707	supercritical
280.36	816.00	756.07	0.0013226	76.595	184.52	4.3607	0.74812	1.3050	691.09	-0.024818	5.9801e-05	0.083470	supercritical
281.36	816.00	754.04	0.0013262	77.608	185.83	4.3653	0.74768	1.3038	690.17	-0.024733	5.9592e-05	0.083235	supercritical
282.36	816.00	752.01	0.0013298	78.620	187.13	4.3699	0.74724	1.3026	689.26	-0.024649	5.9386e-05	0.083002	supercritical
283.36	816.00	749.99	0.0013333	79.630	188.43	4.3745	0.74681	1.3014	688.36	-0.024565	5.9183e-05	0.082773	supercritical
284.36	816.00	747.99	0.0013369	80.639	189.73	4.3791	0.74639	1.3002	687.47	-0.024483	5.8983e-05	0.082546	supercritical
285.36	816.00	745.99	0.0013405	81.646	191.03	4.3837	0.74597	1.2990	686.60	-0.024401	5.8786e-05	0.082322	supercritical
286.36	816.00	743.99	0.0013441	82.652	192.33	4.3882	0.74556	1.2979	685.74	-0.024320	5.8592e-05	0.082101	supercritical
287.36	816.00	742.01	0.0013477	83.656	193.63	4.3927	0.74516	1.2967	684.88	-0.024240	5.8400e-05	0.081882	supercritical
288.36	816.00	740.03	0.0013513	84.658	194.92	4.3972	0.74476	1.2955	684.04	-0.024161	5.8211e-05	0.081666	supercritical
289.36	816.00	738.07	0.0013549	85.659	196.22	4.4017	0.74437	1.2943	683.21	-0.024083	5.8025e-05	0.081453	supercritical
290.36	816.00	736.11	0.0013585	86.658	197.51	4.4062	0.74398	1.2931	682.39	-0.024006	5.7842e-05	0.081242	supercritical
291.36	816.00	734.16	0.0013621	87.656	198.80	4.4106	0.74360	1.2920	681.58	-0.023930	5.7661e-05	0.081034	supercritical
292.36	816.00	732.21	0.0013657	88.653	200.10	4.4150	0.74322	1.2908	680.78	-0.023855	5.7483e-05	0.080828	supercritical
293.36	816.00	730.28	0.0013693	89.647	201.39	4.4195	0.74286	1.2896	680.00	-0.023780	5.7307e-05	0.080625	supercritical
294.36	816.00	728.35	0.0013730	90.641	202.68	4.4238	0.74249	1.2885	679.22	-0.023707	5.7134e-05	0.080424	supercritical
295.36	816.00	726.43	0.0013766	91.633	203.96	4.4282	0.74213	1.2873	678.45	-0.023635	5.6963e-05	0.080226	supercritical
296.36	816.00	724.52	0.0013802	92.623	205.25	4.4326	0.74178	1.2862	677.69	-0.023563	5.6795e-05	0.080030	supercritical
297.36	816.00	722.61	0.0013839	93.612	206.54	4.4369	0.74143	1.2850	676.95	-0.023493	5.6629e-05	0.079836	supercritical
298.36	816.00	720.72	0.0013875	94.599	207.82	4.4412	0.74109	1.2838	676.21	-0.023423	5.6466e-05	0.079645	supercritical
299.36	816.00	718.83	0.0013912	95.585	209.10	4.4455	0.74076	1.2827	675.48	-0.023354	5.6304e-05	0.079456	supercritical
300.36	816.00	716.95	0.0013948	96.569	210.39	4.4498	0.74043	1.2816	674.77	-0.023287	5.6146e-05	0.079270	supercritical
301.36	816.00	715.08	0.0013985	97.552	211.67	4.4540	0.74010	1.2804	674.06	-0.023220	5.5989e-05	0.079086	supercritical
302.36	816.00	713.21	0.0014021	98.534	212.95	4.4583	0.73978	1.2793	673.36	-0.023154	5.5835e-05	0.078904	supercritical
303.36	816.00	711.35	0.0014058	99.514	214.22	4.4625	0.73947	1.2781	672.67	-0.023089	5.5682e-05	0.078724	supercritical
304.36	816.00	709.51	0.0014094	100.49	215.50	4.4667	0.73916	1.2770	671.99	-0.023026	5.5532e-05	0.078547	supercritical
305.36	816.00	707.66	0.0014131	101.47	216.78	4.4709	0.73886	1.2759	671.32	-0.022963	5.5385e-05	0.078371	supercritical
306.36	816.00	705.83	0.0014168	102.45	218.05	4.4751	0.73856	1.2747	670.66	-0.022901	5.5239e-05	0.078198	supercritical
307.36	816.00	704.01	0.0014204	103.42	219.33	4.4792	0.73827	1.2736	670.01	-0.022840	5.5095e-05	0.078027	supercritical
308.36	816.00	702.19	0.0014241	104.39	220.60	4.4833	0.73798	1.2725	669.37	-0.022780	5.4954e-05	0.077859	supercritical
309.36	816.00	700.38	0.0014278	105.36	221.87	4.4875	0.73769	1.2714	668.74	-0.022721	5.4814e-05	0.077283	supercritical
310.36	816.00	698.58	0.0014315	106.34	223.14	4.4916	0.73742	1.2703	668.11	-0.022663	5.4677e-05	0.077118	supercritical
311.36	816.00	696.78	0.0014352	107.30	224.41	4.4956	0.73714	1.2692	667.50	-0.022606	5.4541e-05	0.076954	supercritical
312.36	816.00	695.00	0.0014389	108.27	225.68	4.4997	0.73688	1.2681	666.89	-0.022550	5.4407e-05	0.076793	supercritical
313.36	816.00	693.22	0.0014425	109.24	226.95	4.5038	0.73661	1.2670	666.29	-0.022495	5.4275e-05	0.076633	supercritical
314.36	816.00	691.45	0.0014462	110.20	228.22	4.5078	0.73636	1.2659	665.70	-0.022441	5.4146e-05	0.076476	supercritical
315.36	816.00	689.68	0.0014499	111.17	229.48	4.5118	0.73610	1.2648	665.12	-0.022388	5.4018e-05	0.076320	supercritical
316.36	816.00	687.93	0.0014536	112.13	230.75	4.5158	0.73586	1.2637	664.55	-0.022336	5.3891e-05	0.076167	supercritical
317.36	816.00	686.18	0.0014573	113.09	232.01	4.5198	0.73561	1.2626	663.99	-0.022285	5.3767e-05	0.076015	supercritical
318.36	816.00	684.44	0.0014611	114.05	233.27	4.5238	0.73538	1.2615	663.43	-0.022235	5.3644e-05	0.075865	supercritical
319.36	816.00	682.70	0.0014648	115.01	234.53	4.5277	0.73514	1.2605	662.88	-0.022185	5.3523e-05	0.075717	supercritical
320.36	816.00	680.98	0.0014685	115.96	235.79	4.5317	0.73491	1.2594	662.34	-0.022137	5.3404e-05	0.075571	supercritical
321.36	816.00	679.26	0.0014722	116.92	237.05	4.5356	0.73469	1.2583	661.81	-0.022090	5.3287e-05	0.075427	supercritical
322.36	816.00	677.55	0.0014759	117.87	238.31	4.5395	0.73447	1.2573	661.29	-0.022043	5.3171e-05	0.075285	supercritical
323.36	816.00	675.84	0.0014796	118.83	239.57	4.5434	0.73426	1.2562	660.77	-0.021998	5.3057e-05	0.075144	supercritical
324.36	816.00	674.15	0.0014834	119.78	240.82	4.5473	0.73405	1.2552	660.26	-0.021954	5.2944e-05	0.075005	supercritical
325.36	816.00	672.46	0.0014871	120.73	242.08	4.5511	0.73384	1.2541	659.76	-0.021910	5.2834e-05	0.074868	supercritical
326.36	816.00	670.78	0.0014908	121.68	243.33	4.5550	0.73364	1.2531	659.27	-0.021868	5.2724e-05	0.074733	supercritical
327.36	816.00	669.10	0.0014945	122.63	244.58	4.5588	0.73345	1.2520	658.78	-0.021826	5.2617e-05	0.074599	supercritical
328.36	816.00	667.44	0.0014983	123.58	245.83	4.5626	0.73325	1.2510	658.30	-0.021785	5.2510e-05	0.074467	supercritical
329.36	816.00	665.78	0.0015020	124.52	247.08	4.5664	0.73307	1.2500	657.83	-0.021746	5.2406e-05	0.074337	supercritical
330.36	816.00	664.13	0.0015057	125.47	248.33	4.5702	0.73288	1.2489	657.37	-0.021707	5.2303e-05	0.074209	supercritical
331.36	816.00	662.48	0.0015095	126.41	249.58	4.5740	0.73270	1.2479	656.91	-0.021669	5.2201e-05	0.074082	supercritical
332.36	816.00	660.84	0.0015132	127.35	250.83	4.5778	0.73253	1.2469	656.46	-0.021632	5.2101e-05	0.073956	supercritical
333.36	816.00	659.21	0.0015170	128.29	252.08	4.5815	0.73236	1.2459	656.02	-0.021596	5.2002e-05	0.073833	supercritical
334.36	816.00	657.59	0.0015207	129.23	253.32	4.5852	0.73219	1.2449	655.58	-0.021561	5.1904e-05	0.073711	supercritical
335.36	816.00	655.98	0.0015244	130.17	254.57	4.5889	0.73203	1.2439	655.15	-0.021527	5.1808e-05	0.073590	supercritical
336.36	816.00	654.37	0.0015282	131.11	255.81	4.5926	0.73188	1.2429	654.73	-0.021494	5.1714e-05	0.073471	supercritical
337.36	816.00	652.76	0.0015319	132.04	257.05	4.5963	0.73172	1.2419	654.31	-0.021461	5.1621e-05	0.073353	supercritical
338.36	816.00	651.17	0.0015357	132.98	258.29	4.6000	0.73157	1.2409	653.90	-0.021430	5.1529e-05	0.073238	supercritical
339.36	816.00	649.58	0.0015395	133.91	259.53	4.6037	0.73143	1.2399	653.50	-0.021400	5.1438e-05	0.073123	supercritical
340.36	816.00	648.00	0.0015432	134.85	260.77	4.6073	0.73129	1.2390	653.11	-0.021370	5.1349e-05	0.073010	supercritical
341.36	816.00	646.43	0.0015470	135.78	262.01	4.6109	0.73115	1.2380	652.72	-0.021341	5.1261e-05	0.072898	supercritical
342.36	816.00	644.86	0.0015507	136.71	263.25	4.6146	0.73102	1.2370	652.33	-0.021313	5.1174e-05	0.072788	supercritical
343.36	816.00	643.30	0.0015545	137.64	264.48	4.6182	0.73089	1.2361	651.96	-0.021287	5.1089e-05	0.072680	supercritical
344.36	816.00	641.75	0.0015582	138.57	265.72	4.6218	0.73076	1.2351	651.59	-0.021260	5.1005e-05	0.072572	supercritical
345.36	816.00	640.20	0.0015620	139.50	266.96	4.6253	0.73064	1.2341	651.22	-0.021235	5.0922e-05	0.072466	supercritical
346.36	816.00	638.66	0.0015658	140.42	268.19	4.6289	0.73053	1.2332	650.86	-0.021211	5.0840e-05	0.072362	supercritical
347.36	816.00	637.13	0.0015695	141.35	269.42	4.6325	0.73041	1.2323	650.51	-0.021188	5.0759e-05	0.072259	supercritical
348.36	816.00	635.60	0.0015733	142.27	270.65	4.6360	0.73030	1.2313	650.17	-0.021165	5.0680e-05	0.072157	supercritical
349.36	816.00	634.09	0.0015771	143.19	271.88	4.6395	0.73020	1.2304	649.83	-0.021143	5.0602e-05	0.072056	supercritical
350.36	816.00	632.57	0.0015808	144.12	273.11	4.6431	0.73010	1.2295	649.49	-0.021122	5.0524e-05	0.071957	supercritical
351.36	816.00	631.07	0.0015846	145.04	274.34	4.6466	0.73000	1.2285	649.16	-0.021102	5.0448e-05	0.071859	supercritical
352.36	816.00	629.57	0.0015884	145.96	275.57	4.6500	0.72990	1.2276	648.84	-0.021083	5.0373e-05	0.071763	supercritical
353.36	816.00	628.08	0.0015922	146.88	276.80	4.6535	0.72981	1.2267	648.52	-0.021065	5.0300e-05	0.071668	supercritical
354.36	816.00	626.59	0.0015959	147.80	278.02	4.6570	0.72972	1.2258	648.21	-0.021047	5.0227e-05	0.071573	supercritical
355.36	816.00	625.11	0.0015997	148.71	279.25	4.6604	0.72964	1.2249	647.90	-0.021030	5.0155e-05	0.071481	supercritical
356.36	816.00	623.64	0.0016035	149.63	280.47	4.6639	0.72956	1.2240	647.60	-0.021015	5.0085e-05	0.071389	supercritical
357.36	816.00	622.17	0.0016073	150.54	281.70	4.6673	0.72948	1.2231	647.31	-0.020999	5.0015e-05	0.071299	supercritical
358.36	816.00	620.71	0.0016110	151.46	282.92	4.6707	0.72941	1.2222	647.02	-0.020985	4.9947e-05	0.071210	supercritical
359.36	816.00	619.26	0.0016148	152.37	284.14	4.6741	0.72934	1.2214	646.73	-0.020972	4.9879e-05	0.071122	supercritical
360.36	816.00	617.81	0.0016186	153.28	285.36	4.6775	0.72928	1.2205	646.45	-0.020959	4.9812e-05	0.071035	supercritical
361.36	816.00	616.37	0.0016224	154.20	286.58	4.6809	0.72921	1.2196	646.18	-0.020947	4.9747e-05	0.070949	supercritical
362.36	816.00	614.94	0.0016262	155.11	287.80	4.6843	0.72915	1.2188	645.91	-0.020936	4.9682e-05	0.070864	supercritical
363.36	816.00	613.51	0.0016300	156.02	289.02	4.6876	0.72910	1.2179	645.65	-0.020926	4.9619e-05	0.070781	supercritical
364.36	816.00	612.09	0.0016337	156.93	290.24	4.6910	0.72904	1.2171	645.39	-0.020916	4.9556e-05	0.070699	supercritical
365.36	816.00	610.68	0.0016375	157.83	291.46	4.6943	0.72899	1.2162	645.13	-0.020907	4.9494e-05	0.070618	supercritical
366.36	816.00	609.27	0.0016413	158.74	292.67	4.6976	0.72895	1.2154	644.88	-0.020899	4.9433e-05	0.070538	supercritical
367.36	816.00	607.86	0.0016451	159.65	293.89	4.7009	0.72891	1.2145	644.64	-0.020892	4.9374e-05	0.070459	supercritical
368.36	816.00	606.47	0.0016489	160.55	295.10	4.7042	0.72887	1.2137	644.40	-0.020885	4.9315e-05	0.070381	supercritical
369.36	816.00	605.08	0.0016527	161.45	296.31	4.7075	0.72883	1.2129	644.17	-0.020879	4.9256e-05	0.070304	supercritical
370.36	816.00	603.69	0.0016565	162.36	297.53	4.7108	0.72880	1.2121	643.94	-0.020874	4.9199e-05	0.070228	supercritical
371.36	816.00	602.32	0.0016603	163.26	298.74	4.7141	0.72877	1.2112	643.71	-0.020870	4.9143e-05	0.070153	supercritical
372.36	816.00	600.94	0.0016640	164.16	299.95	4.7173	0.72874	1.2104	643.49	-0.020866	4.9087e-05	0.070080	supercritical
373.36	816.00	599.58	0.0016678	165.06	301.16	4.7206	0.72871	1.2096	643.27	-0.020863	4.9033e-05	0.070007	supercritical
374.36	816.00	598.22	0.0016716	165.96	302.37	4.7238	0.72869	1.2088	643.06	-0.020861	4.8979e-05	0.069935	supercritical
375.36	816.00	596.86	0.0016754	166.86	303.58	4.7270	0.72867	1.2080	642.85	-0.020859	4.8926e-05	0.069864	supercritical
376.36	816.00	595.52	0.0016792	167.76	304.78	4.7303	0.72866	1.2072	642.65	-0.020859	4.8873e-05	0.069795	supercritical
377.36	816.00	594.17	0.0016830	168.66	305.99	4.7335	0.72865	1.2065	642.45	-0.020858	4.8822e-05	0.069726	supercritical
378.36	816.00	592.84	0.0016868	169.55	307.20	4.7367	0.72864	1.2057	642.26	-0.020859	4.8771e-05	0.069658	supercritical
379.36	816.00	591.51	0.0016906	170.45	308.40	4.7398	0.72863	1.2049	642.07	-0.020860	4.8722e-05	0.069591	supercritical
380.36	816.00	590.18	0.0016944	171.34	309.61	4.7430	0.72863	1.2041	641.88	-0.020862	4.8672e-05	0.069525	supercritical
381.36	816.00	588.86	0.0016982	172.24	310.81	4.7462	0.72863	1.2034	641.70	-0.020864	4.8624e-05	0.069460	supercritical
382.36	816.00	587.55	0.0017020	173.13	312.01	4.7493	0.72863	1.2026	641.52	-0.020868	4.8577e-05	0.069396	supercritical
383.36	816.00	586.24	0.0017058	174.02	313.22	4.7525	0.72864	1.2019	641.35	-0.020871	4.8530e-05	0.069333	supercritical
384.36	816.00	584.94	0.0017096	174.92	314.42	4.7556	0.72864	1.2011	641.18	-0.020876	4.8484e-05	0.069271	supercritical
385.36	816.00	583.65	0.0017134	175.81	315.62	4.7587	0.72865	1.2004	641.01	-0.020881	4.8438e-05	0.069209	supercritical
386.36	816.00	582.36	0.0017172	176.70	316.82	4.7618	0.72867	1.1996	640.85	-0.020887	4.8394e-05	0.069149	supercritical
387.36	816.00	581.07	0.0017210	177.59	318.02	4.7649	0.72868	1.1989	640.69	-0.020893	4.8350e-05	0.069089	supercritical
388.36	816.00	579.79	0.0017248	178.48	319.22	4.7680	0.72870	1.1982	640.54	-0.020900	4.8306e-05	0.069030	supercritical
389.36	816.00	578.52	0.0017285	179.36	320.41	4.7711	0.72872	1.1975	640.39	-0.020908	4.8264e-05	0.068972	supercritical
390.36	816.00	577.25	0.0017323	180.25	321.61	4.7742	0.72875	1.1967	640.24	-0.020916	4.8222e-05	0.068915	supercritical
391.36	816.00	575.99	0.0017361	181.14	322.81	4.7772	0.72877	1.1960	640.10	-0.020925	4.8181e-05	0.068859	supercritical
392.36	816.00	574.73	0.0017399	182.02	324.00	4.7803	0.72880	1.1953	639.96	-0.020934	4.8140e-05	0.068803	supercritical
393.36	816.00	573.48	0.0017437	182.91	325.20	4.7833	0.72884	1.1946	639.83	-0.020944	4.8100e-05	0.068749	supercritical
394.36	816.00	572.24	0.0017475	183.79	326.39	4.7863	0.72887	1.1939	639.69	-0.020955	4.8061e-05	0.068695	supercritical
395.36	816.00	570.99	0.0017513	184.68	327.59	4.7894	0.72891	1.1932	639.57	-0.020966	4.8023e-05	0.068642	supercritical
396.36	816.00	569.76	0.0017551	185.56	328.78	4.7924	0.72895	1.1926	639.44	-0.020978	4.7985e-05	0.068590	supercritical
397.36	816.00	568.53	0.0017589	186.44	329.97	4.7954	0.72899	1.1919	639.32	-0.020990	4.7947e-05	0.068538	supercritical
398.36	816.00	567.30	0.0017627	187.32	331.16	4.7984	0.72903	1.1912	639.20	-0.021003	4.7911e-05	0.068488	supercritical
399.36	816.00	566.09	0.0017665	188.20	332.35	4.8014	0.72908	1.1905	639.09	-0.021017	4.7875e-05	0.068438	supercritical
400.36	816.00	564.87	0.0017703	189.09	333.54	4.8043	0.72913	1.1899	638.98	-0.021031	4.7839e-05	0.068388	supercritical
401.36	816.00	563.66	0.0017741	189.97	334.73	4.8073	0.72918	1.1892	638.87	-0.021045	4.7804e-05	0.068340	supercritical
402.36	816.00	562.46	0.0017779	190.84	335.92	4.8103	0.72923	1.1886	638.77	-0.021060	4.7770e-05	0.068292	supercritical
403.36	816.00	561.26	0.0017817	191.72	337.11	4.8132	0.72929	1.1879	638.66	-0.021076	4.7736e-05	0.068245	supercritical
404.36	816.00	560.07	0.0017855	192.60	338.30	4.8162	0.72935	1.1873	638.57	-0.021092	4.7703e-05	0.068199	supercritical
405.36	816.00	558.88	0.0017893	193.48	339.48	4.8191	0.72941	1.1866	638.47	-0.021108	4.7671e-05	0.068154	supercritical
406.36	816.00	557.70	0.0017931	194.35	340.67	4.8220	0.72947	1.1860	638.38	-0.021126	4.7639e-05	0.068109	supercritical
407.36	816.00	556.52	0.0017969	195.23	341.86	4.8249	0.72953	1.1853	638.29	-0.021143	4.7607e-05	0.068065	supercritical
408.36	816.00	555.34	0.0018007	196.11	343.04	4.8278	0.72960	1.1847	638.21	-0.021161	4.7576e-05	0.068022	supercritical
409.36	816.00	554.18	0.0018045	196.98	344.23	4.8307	0.72967	1.1841	638.13	-0.021180	4.7546e-05	0.067979	supercritical
410.36	816.00	553.01	0.0018083	197.85	345.41	4.8336	0.72974	1.1835	638.05	-0.021199	4.7516e-05	0.067937	supercritical
411.36	816.00	551.86	0.0018121	198.73	346.59	4.8365	0.72982	1.1829	637.97	-0.021219	4.7487e-05	0.067896	supercritical
412.36	816.00	550.70	0.0018159	199.60	347.78	4.8394	0.72989	1.1823	637.90	-0.021239	4.7458e-05	0.067855	supercritical
413.36	816.00	549.55	0.0018197	200.47	348.96	4.8422	0.72997	1.1817	637.83	-0.021260	4.7430e-05	0.067815	supercritical
414.36	816.00	548.41	0.0018235	201.34	350.14	4.8451	0.73005	1.1811	637.76	-0.021281	4.7402e-05	0.067776	supercritical
415.36	816.00	547.27	0.0018272	202.22	351.32	4.8479	0.73013	1.1805	637.70	-0.021302	4.7375e-05	0.067737	supercritical
416.36	816.00	546.14	0.0018310	203.09	352.50	4.8508	0.73022	1.1799	637.63	-0.021324	4.7348e-05	0.067699	supercritical
417.36	816.00	545.01	0.0018348	203.96	353.68	4.8536	0.73030	1.1793	637.57	-0.021347	4.7322e-05	0.067662	supercritical
418.36	816.00	543.88	0.0018386	204.83	354.86	4.8564	0.73039	1.1787	637.52	-0.021369	4.7296e-05	0.067625	supercritical
419.36	816.00	542.76	0.0018424	205.69	356.04	4.8592	0.73048	1.1782	637.47	-0.021393	4.7271e-05	0.067589	supercritical
420.36	816.00	541.65	0.0018462	206.56	357.21	4.8620	0.73057	1.1776	637.41	-0.021417	4.7246e-05	0.067553	supercritical
421.36	816.00	540.54	0.0018500	207.43	358.39	4.8648	0.73067	1.1770	637.37	-0.021441	4.7222e-05	0.067519	supercritical
422.36	816.00	539.43	0.0018538	208.30	359.57	4.8676	0.73076	1.1765	637.32	-0.021465	4.7198e-05	0.067484	supercritical
423.36	816.00	538.33	0.0018576	209.17	360.74	4.8704	0.73086	1.1759	637.28	-0.021490	4.7175e-05	0.067451	supercritical
424.36	816.00	537.24	0.0018614	210.03	361.92	4.8732	0.73096	1.1753	637.24	-0.021516	4.7152e-05	0.067418	supercritical
425.36	816.00	536.14	0.0018652	210.90	363.10	4.8759	0.73106	1.1748	637.20	-0.021542	4.7129e-05	0.067385	supercritical
426.36	816.00	535.06	0.0018690	211.76	364.27	4.8787	0.73116	1.1743	637.17	-0.021568	4.7107e-05	0.067353	supercritical
427.36	816.00	533.98	0.0018727	212.63	365.44	4.8815	0.73127	1.1737	637.13	-0.021595	4.7086e-05	0.067322	supercritical
428.36	816.00	532.90	0.0018765	213.49	366.62	4.8842	0.73138	1.1732	637.11	-0.021622	4.7065e-05	0.067291	supercritical
429.36	816.00	531.82	0.0018803	214.36	367.79	4.8869	0.73148	1.1727	637.08	-0.021649	4.7044e-05	0.067261	supercritical
430.36	816.00	530.75	0.0018841	215.22	368.96	4.8897	0.73159	1.1721	637.05	-0.021677	4.7024e-05	0.067231	supercritical
431.36	816.00	529.69	0.0018879	216.08	370.13	4.8924	0.73171	1.1716	637.03	-0.021705	4.7004e-05	0.067202	supercritical
432.36	816.00	528.63	0.0018917	216.94	371.31	4.8951	0.73182	1.1711	637.01	-0.021734	4.6984e-05	0.067174	supercritical
433.36	816.00	527.57	0.0018955	217.81	372.48	4.8978	0.73194	1.1706	636.99	-0.021763	4.6965e-05	0.067146	supercritical
434.36	816.00	526.52	0.0018993	218.67	373.65	4.9005	0.73205	1.1701	636.98	-0.021792	4.6947e-05	0.067119	supercritical
435.36	816.00	525.47	0.0019030	219.53	374.82	4.9032	0.73217	1.1696	636.96	-0.021822	4.6929e-05	0.067092	supercritical
436.36	816.00	524.43	0.0019068	220.39	375.99	4.9059	0.73229	1.1691	636.95	-0.021852	4.6911e-05	0.067065	supercritical
437.36	816.00	523.39	0.0019106	221.25	377.15	4.9085	0.73241	1.1686	636.94	-0.021882	4.6893e-05	0.067040	supercritical
438.36	816.00	522.36	0.0019144	222.11	378.32	4.9112	0.73254	1.1681	636.94	-0.021913	4.6876e-05	0.067014	supercritical
439.36	816.00	521.33	0.0019182	222.97	379.49	4.9139	0.73266	1.1676	636.93	-0.021944	4.6860e-05	0.066990	supercritical
440.36	816.00	520.30	0.0019220	223.83	380.66	4.9165	0.73279	1.1671	636.93	-0.021976	4.6844e-05	0.066965	supercritical
441.36	816.00	519.28	0.0019257	224.68	381.83	4.9192	0.73292	1.1667	636.93	-0.022007	4.6828e-05	0.066942	supercritical
442.36	816.00	518.26	0.0019295	225.54	382.99	4.9218	0.73305	1.1662	636.94	-0.022040	4.6812e-05	0.066918	supercritical
443.36	816.00	517.25	0.0019333	226.40	384.16	4.9244	0.73318	1.1657	636.94	-0.022072	4.6797e-05	0.066896	supercritical
444.36	816.00	516.24	0.0019371	227.26	385.32	4.9271	0.73331	1.1652	636.95	-0.022105	4.6783e-05	0.066874	supercritical
445.36	816.00	515.23	0.0019409	228.11	386.49	4.9297	0.73345	1.1648	636.96	-0.022138	4.6768e-05	0.066852	supercritical
446.36	816.00	514.23	0.0019446	228.97	387.65	4.9323	0.73358	1.1643	636.97	-0.022171	4.6754e-05	0.066831	supercritical
447.36	816.00	513.24	0.0019484	229.83	388.82	4.9349	0.73372	1.1639	636.98	-0.022205	4.6741e-05	0.066810	supercritical
448.36	816.00	512.24	0.0019522	230.68	389.98	4.9375	0.73386	1.1634	636.99	-0.022239	4.6727e-05	0.066789	supercritical
449.36	816.00	511.25	0.0019560	231.54	391.14	4.9401	0.73400	1.1630	637.01	-0.022273	4.6714e-05	0.066770	supercritical
450.36	816.00	510.27	0.0019597	232.39	392.31	4.9427	0.73414	1.1625	637.03	-0.022308	4.6702e-05	0.066750	supercritical
451.36	816.00	509.29	0.0019635	233.25	393.47	4.9453	0.73428	1.1621	637.05	-0.022343	4.6689e-05	0.066731	supercritical
452.36	816.00	508.31	0.0019673	234.10	394.63	4.9478	0.73443	1.1617	637.07	-0.022378	4.6678e-05	0.066713	supercritical
453.36	816.00	507.34	0.0019711	234.95	395.79	4.9504	0.73457	1.1612	637.10	-0.022413	4.6666e-05	0.066695	supercritical
454.36	816.00	506.37	0.0019748	235.81	396.95	4.9530	0.73472	1.1608	637.12	-0.022449	4.6655e-05	0.066678	supercritical
455.36	816.00	505.40	0.0019786	236.66	398.11	4.9555	0.73487	1.1604	637.15	-0.022485	4.6644e-05	0.066661	supercritical
456.36	816.00	504.44	0.0019824	237.51	399.27	4.9580	0.73502	1.1600	637.18	-0.022521	4.6633e-05	0.066644	supercritical
457.36	816.00	503.48	0.0019862	238.36	400.43	4.9606	0.73517	1.1596	637.22	-0.022558	4.6623e-05	0.066628	supercritical
458.36	816.00	502.53	0.0019899	239.21	401.59	4.9631	0.73532	1.1591	637.25	-0.022595	4.6613e-05	0.066612	supercritical
459.36	816.00	501.58	0.0019937	240.07	402.75	4.9656	0.73547	1.1587	637.29	-0.022632	4.6603e-05	0.066597	supercritical
460.36	816.00	500.63	0.0019975	240.92	403.91	4.9682	0.73563	1.1583	637.32	-0.022669	4.6594e-05	0.066582	supercritical
461.36	816.00	499.69	0.0020012	241.77	405.07	4.9707	0.73578	1.1579	637.36	-0.022706	4.6585e-05	0.066567	supercritical
462.36	816.00	498.75	0.0020050	242.62	406.23	4.9732	0.73594	1.1575	637.40	-0.022744	4.6576e-05	0.066553	supercritical
463.36	816.00	497.82	0.0020088	243.47	407.38	4.9757	0.73610	1.1571	637.45	-0.022782	4.6568e-05	0.066540	supercritical
464.36	816.00	496.88	0.0020125	244.32	408.54	4.9782	0.73626	1.1568	637.49	-0.022821	4.6560e-05	0.066527	supercritical
465.36	816.00	495.96	0.0020163	245.17	409.70	4.9807	0.73642	1.1564	637.54	-0.022859	4.6552e-05	0.066514	supercritical
466.36	816.00	495.03	0.0020201	246.02	410.85	4.9831	0.73658	1.1560	637.58	-0.022898	4.6545e-05	0.066501	supercritical
467.36	816.00	494.11	0.0020238	246.86	412.01	4.9856	0.73674	1.1556	637.63	-0.022937	4.6537e-05	0.066489	supercritical
468.36	816.00	493.20	0.0020276	247.71	413.16	4.9881	0.73691	1.1552	637.69	-0.022976	4.6530e-05	0.066478	supercritical
469.36	816.00	492.28	0.0020314	248.56	414.32	4.9906	0.73707	1.1549	637.74	-0.023016	4.6524e-05	0.066467	supercritical
470.36	816.00	491.37	0.0020351	249.41	415.47	4.9930	0.73724	1.1545	637.79	-0.023055	4.6517e-05	0.066456	supercritical
471.36	816.00	490.47	0.0020389	250.26	416.63	4.9955	0.73741	1.1541	637.85	-0.023095	4.6511e-05	0.066446	supercritical
472.36	816.00	489.56	0.0020426	251.10	417.78	4.9979	0.73758	1.1538	637.91	-0.023135	4.6505e-05	0.066436	supercritical
473.36	816.00	488.66	0.0020464	251.95	418.94	5.0004	0.73774	1.1534	637.97	-0.023176	4.6500e-05	0.066426	supercritical
474.36	816.00	487.77	0.0020502	252.80	420.09	5.0028	0.73791	1.1531	638.03	-0.023216	4.6495e-05	0.066417	supercritical
475.36	816.00	486.88	0.0020539	253.64	421.24	5.0052	0.73809	1.1527	638.09	-0.023257	4.6490e-05	0.066408	supercritical
476.36	816.00	485.99	0.0020577	254.49	422.39	5.0076	0.73826	1.1524	638.15	-0.023298	4.6485e-05	0.066399	supercritical
477.36	816.00	485.10	0.0020614	255.33	423.55	5.0101	0.73843	1.1520	638.22	-0.023339	4.6480e-05	0.066391	supercritical
478.36	816.00	484.22	0.0020652	256.18	424.70	5.0125	0.73861	1.1517	638.28	-0.023380	4.6476e-05	0.066384	supercritical
479.36	816.00	483.34	0.0020689	257.03	425.85	5.0149	0.73878	1.1513	638.35	-0.023422	4.6472e-05	0.066376	supercritical
480.36	816.00	482.47	0.0020727	257.87	427.00	5.0173	0.73896	1.1510	638.42	-0.023463	4.6469e-05	0.066369	supercritical
481.36	816.00	481.59	0.0020764	258.71	428.15	5.0197	0.73913	1.1507	638.49	-0.023505	4.6465e-05	0.066363	supercritical
482.36	816.00	480.73	0.0020802	259.56	429.30	5.0220	0.73931	1.1503	638.57	-0.023547	4.6462e-05	0.066356	supercritical
483.36	816.00	479.86	0.0020839	260.40	430.45	5.0244	0.73949	1.1500	638.64	-0.023590	4.6459e-05	0.066350	supercritical
484.36	816.00	479.00	0.0020877	261.25	431.60	5.0268	0.73967	1.1497	638.72	-0.023632	4.6456e-05	0.066345	supercritical
485.36	816.00	478.14	0.0020914	262.09	432.75	5.0292	0.73985	1.1494	638.79	-0.023674	4.6454e-05	0.066340	supercritical
486.36	816.00	477.28	0.0020952	262.93	433.90	5.0315	0.74003	1.1491	638.87	-0.023717	4.6452e-05	0.066335	supercritical
487.36	816.00	476.43	0.0020989	263.78	435.05	5.0339	0.74022	1.1487	638.95	-0.023760	4.6450e-05	0.066330	supercritical
488.36	816.00	475.58	0.0021027	264.62	436.20	5.0363	0.74040	1.1484	639.03	-0.023803	4.6448e-05	0.066326	supercritical
489.36	816.00	474.74	0.0021064	265.46	437.35	5.0386	0.74058	1.1481	639.11	-0.023846	4.6446e-05	0.066322	supercritical
490.36	816.00	473.90	0.0021102	266.31	438.50	5.0409	0.74077	1.1478	639.20	-0.023890	4.6445e-05	0.066319	supercritical
491.36	816.00	473.06	0.0021139	267.15	439.64	5.0433	0.74096	1.1475	639.28	-0.023933	4.6444e-05	0.066316	supercritical
492.36	816.00	472.22	0.0021177	267.99	440.79	5.0456	0.74114	1.1472	639.37	-0.023977	4.6443e-05	0.066313	supercritical
493.36	816.00	471.39	0.0021214	268.83	441.94	5.0479	0.74133	1.1469	639.45	-0.024021	4.6443e-05	0.066310	supercritical
494.36	816.00	470.56	0.0021251	269.67	443.08	5.0503	0.74152	1.1466	639.54	-0.024065	4.6442e-05	0.066308	supercritical
495.36	816.00	469.73	0.0021289	270.51	444.23	5.0526	0.74171	1.1463	639.63	-0.024109	4.6442e-05	0.066306	supercritical
496.36	816.00	468.91	0.0021326	271.36	445.38	5.0549	0.74190	1.1461	639.72	-0.024153	4.6442e-05	0.066305	supercritical
497.36	816.00	468.09	0.0021364	272.20	446.52	5.0572	0.74209	1.1458	639.82	-0.024198	4.6443e-05	0.066303	supercritical
498.36	816.00	467.27	0.0021401	273.04	447.67	5.0595	0.74228	1.1455	639.91	-0.024242	4.6443e-05	0.066302	supercritical
499.36	816.00	466.45	0.0021438	273.88	448.81	5.0618	0.74247	1.1452	640.00	-0.024287	4.6444e-05	0.066302	supercritical
500.36	816.00	465.64	0.0021476	274.72	449.96	5.0641	0.74266	1.1449	640.10	-0.024332	4.6445e-05	0.066301	supercritical
501.36	816.00	464.83	0.0021513	275.56	451.10	5.0664	0.74286	1.1447	640.20	-0.024377	4.6446e-05	0.066301	supercritical
502.36	816.00	464.03	0.0021550	276.40	452.25	5.0687	0.74305	1.1444	640.29	-0.024422	4.6447e-05	0.066302	supercritical
503.36	816.00	463.23	0.0021588	277.24	453.39	5.0709	0.74325	1.1441	640.39	-0.024467	4.6449e-05	0.066302	supercritical
504.36	816.00	462.43	0.0021625	278.08	454.54	5.0732	0.74344	1.1439	640.49	-0.024512	4.6450e-05	0.066303	supercritical
505.36	816.00	461.63	0.0021662	278.92	455.68	5.0755	0.74364	1.1436	640.60	-0.024558	4.6452e-05	0.066304	supercritical
506.36	816.00	460.84	0.0021700	279.75	456.82	5.0777	0.74384	1.1434	640.70	-0.024603	4.6455e-05	0.066306	supercritical
507.36	816.00	460.05	0.0021737	280.59	457.97	5.0800	0.74403	1.1431	640.80	-0.024649	4.6457e-05	0.066308	supercritical
508.36	816.00	459.26	0.0021774	281.43	459.11	5.0822	0.74423	1.1429	640.91	-0.024695	4.6459e-05	0.066310	supercritical
509.36	816.00	458.47	0.0021811	282.27	460.25	5.0845	0.74443	1.1426	641.01	-0.024740	4.6462e-05	0.066312	supercritical
510.36	816.00	457.69	0.0021849	283.11	461.40	5.0867	0.74463	1.1424	641.12	-0.024786	4.6465e-05	0.066315	supercritical
511.36	816.00	456.91	0.0021886	283.95	462.54	5.0890	0.74483	1.1421	641.23	-0.024833	4.6468e-05	0.066318	supercritical
512.36	816.00	456.14	0.0021923	284.79	463.68	5.0912	0.74503	1.1419	641.34	-0.024879	4.6471e-05	0.066321	supercritical
513.36	816.00	455.36	0.0021960	285.62	464.82	5.0934	0.74523	1.1416	641.45	-0.024925	4.6475e-05	0.066324	supercritical
514.36	816.00	454.59	0.0021998	286.46	465.96	5.0956	0.74543	1.1414	641.56	-0.024971	4.6479e-05	0.066328	supercritical
515.36	816.00	453.82	0.0022035	287.30	467.10	5.0979	0.74563	1.1412	641.67	-0.025018	4.6483e-05	0.066332	supercritical
516.36	816.00	453.06	0.0022072	288.14	468.24	5.1001	0.74584	1.1409	641.79	-0.025065	4.6487e-05	0.066337	supercritical
517.36	816.00	452.30	0.0022109	288.97	469.39	5.1023	0.74604	1.1407	641.90	-0.025111	4.6491e-05	0.066341	supercritical
518.36	816.00	451.54	0.0022147	289.81	470.53	5.1045	0.74624	1.1405	642.02	-0.025158	4.6495e-05	0.066346	supercritical
519.36	816.00	450.78	0.0022184	290.65	471.67	5.1067	0.74645	1.1402	642.13	-0.025205	4.6500e-05	0.066351	supercritical
520.36	816.00	450.03	0.0022221	291.48	472.81	5.1089	0.74665	1.1400	642.25	-0.025252	4.6505e-05	0.066357	supercritical
521.36	816.00	449.28	0.0022258	292.32	473.95	5.1111	0.74686	1.1398	642.37	-0.025299	4.6509e-05	0.066362	supercritical
522.36	816.00	448.53	0.0022295	293.16	475.09	5.1132	0.74707	1.1396	642.49	-0.025346	4.6515e-05	0.066368	supercritical
523.36	816.00	447.78	0.0022332	293.99	476.23	5.1154	0.74727	1.1394	642.61	-0.025393	4.6520e-05	0.066374	supercritical
524.36	816.00	447.04	0.0022370	294.83	477.37	5.1176	0.74748	1.1392	642.73	-0.025440	4.6525e-05	0.066381	supercritical
525.36	816.00	446.30	0.0022407	295.67	478.50	5.1198	0.74769	1.1389	642.85	-0.025488	4.6531e-05	0.066388	supercritical
526.36	816.00	445.56	0.0022444	296.50	479.64	5.1219	0.74789	1.1387	642.97	-0.025535	4.6537e-05	0.066394	supercritical
527.36	816.00	444.82	0.0022481	297.34	480.78	5.1241	0.74810	1.1385	643.10	-0.025583	4.6543e-05	0.066402	supercritical
528.36	816.00	444.09	0.0022518	298.17	481.92	5.1262	0.74831	1.1383	643.22	-0.025630	4.6549e-05	0.066409	supercritical
529.36	816.00	443.36	0.0022555	299.01	483.06	5.1284	0.74852	1.1381	643.35	-0.025678	4.6555e-05	0.066417	supercritical
530.36	816.00	442.63	0.0022592	299.84	484.20	5.1305	0.74873	1.1379	643.48	-0.025725	4.6561e-05	0.066425	supercritical
531.36	816.00	441.91	0.0022629	300.68	485.33	5.1327	0.74894	1.1377	643.60	-0.025773	4.6568e-05	0.066433	supercritical
532.36	816.00	441.18	0.0022666	301.51	486.47	5.1348	0.74915	1.1375	643.73	-0.025821	4.6575e-05	0.066441	supercritical
533.36	816.00	440.46	0.0022703	302.35	487.61	5.1370	0.74936	1.1373	643.86	-0.025869	4.6581e-05	0.066450	supercritical
534.36	816.00	439.75	0.0022740	303.18	488.75	5.1391	0.74957	1.1372	643.99	-0.025917	4.6589e-05	0.066459	supercritical
535.36	816.00	439.03	0.0022777	304.02	489.88	5.1412	0.74978	1.1370	644.12	-0.025965	4.6596e-05	0.066468	supercritical
536.36	816.00	438.32	0.0022814	304.85	491.02	5.1433	0.75000	1.1368	644.25	-0.026013	4.6603e-05	0.066478	supercritical
537.36	816.00	437.61	0.0022851	305.69	492.16	5.1455	0.75021	1.1366	644.39	-0.026061	4.6611e-05	0.066487	supercritical
538.36	816.00	436.90	0.0022888	306.52	493.29	5.1476	0.75042	1.1364	644.52	-0.026109	4.6618e-05	0.066497	supercritical
539.36	816.00	436.20	0.0022925	307.36	494.43	5.1497	0.75063	1.1362	644.65	-0.026157	4.6626e-05	0.066507	supercritical
540.36	816.00	435.49	0.0022962	308.19	495.57	5.1518	0.75085	1.1361	644.79	-0.026206	4.6634e-05	0.066517	supercritical
541.36	816.00	434.79	0.0022999	309.03	496.70	5.1539	0.75106	1.1359	644.93	-0.026254	4.6642e-05	0.066528	supercritical
542.36	816.00	434.10	0.0023036	309.86	497.84	5.1560	0.75128	1.1357	645.06	-0.026302	4.6650e-05	0.066539	supercritical
543.36	816.00	433.40	0.0023073	310.69	498.97	5.1581	0.75149	1.1355	645.20	-0.026351	4.6659e-05	0.066550	supercritical
544.36	816.00	432.71	0.0023110	311.53	500.11	5.1602	0.75170	1.1354	645.34	-0.026399	4.6667e-05	0.066561	supercritical
545.36	816.00	432.02	0.0023147	312.36	501.24	5.1622	0.75192	1.1352	645.48	-0.026448	4.6676e-05	0.066572	supercritical
546.36	816.00	431.33	0.0023184	313.20	502.38	5.1643	0.75213	1.1350	645.62	-0.026496	4.6685e-05	0.066584	supercritical
547.36	816.00	430.64	0.0023221	314.03	503.51	5.1664	0.75235	1.1349	645.76	-0.026545	4.6694e-05	0.066596	supercritical
548.36	816.00	429.96	0.0023258	314.86	504.65	5.1685	0.75257	1.1347	645.90	-0.026593	4.6703e-05	0.066608	supercritical
549.36	816.00	429.28	0.0023295	315.70	505.78	5.1705	0.75278	1.1345	646.04	-0.026642	4.6712e-05	0.066620	supercritical
550.36	816.00	428.60	0.0023332	316.53	506.92	5.1726	0.75300	1.1344	646.18	-0.026691	4.6721e-05	0.066633	supercritical
551.36	816.00	427.92	0.0023369	317.36	508.05	5.1747	0.75322	1.1342	646.33	-0.026740	4.6731e-05	0.066646	supercritical
552.36	816.00	427.25	0.0023406	318.20	509.19	5.1767	0.75343	1.1341	646.47	-0.026788	4.6740e-05	0.066658	supercritical
553.36	816.00	426.58	0.0023442	319.03	510.32	5.1788	0.75365	1.1339	646.62	-0.026837	4.6750e-05	0.066672	supercritical
554.36	816.00	425.91	0.0023479	319.86	511.45	5.1808	0.75387	1.1338	646.76	-0.026886	4.6760e-05	0.066685	supercritical
555.36	816.00	425.24	0.0023516	320.70	512.59	5.1829	0.75409	1.1336	646.91	-0.026935	4.6770e-05	0.066699	supercritical
556.36	816.00	424.57	0.0023553	321.53	513.72	5.1849	0.75430	1.1335	647.06	-0.026984	4.6780e-05	0.066712	supercritical
557.36	816.00	423.91	0.0023590	322.36	514.85	5.1869	0.75452	1.1333	647.20	-0.027033	4.6790e-05	0.066726	supercritical
558.36	816.00	423.25	0.0023627	323.19	515.99	5.1890	0.75474	1.1332	647.35	-0.027081	4.6801e-05	0.066740	supercritical
559.36	816.00	422.59	0.0023664	324.03	517.12	5.1910	0.75496	1.1330	647.50	-0.027130	4.6811e-05	0.066755	supercritical
560.36	816.00	421.94	0.0023700	324.86	518.25	5.1930	0.75518	1.1329	647.65	-0.027179	4.6822e-05	0.066769	supercritical
561.36	816.00	421.28	0.0023737	325.69	519.39	5.1950	0.75540	1.1328	647.80	-0.027228	4.6832e-05	0.066784	supercritical
562.36	816.00	420.63	0.0023774	326.52	520.52	5.1970	0.75562	1.1326	647.95	-0.027277	4.6843e-05	0.066799	supercritical
563.36	816.00	419.98	0.0023811	327.36	521.65	5.1991	0.75584	1.1325	648.10	-0.027326	4.6854e-05	0.066814	supercritical
564.36	816.00	419.33	0.0023847	328.19	522.78	5.2011	0.75606	1.1324	648.26	-0.027376	4.6865e-05	0.066830	supercritical
565.36	816.00	418.69	0.0023884	329.02	523.92	5.2031	0.75628	1.1322	648.41	-0.027425	4.6876e-05	0.066845	supercritical
566.36	816.00	418.04	0.0023921	329.85	525.05	5.2051	0.75650	1.1321	648.56	-0.027474	4.6888e-05	0.066861	supercritical
567.36	816.00	417.40	0.0023958	330.69	526.18	5.2071	0.75672	1.1320	648.72	-0.027523	4.6899e-05	0.066877	supercritical
568.36	816.00	416.76	0.0023994	331.52	527.31	5.2091	0.75694	1.1319	648.87	-0.027572	4.6911e-05	0.066893	supercritical
569.36	816.00	416.13	0.0024031	332.35	528.45	5.2111	0.75716	1.1317	649.03	-0.027621	4.6923e-05	0.066909	supercritical
570.36	816.00	415.49	0.0024068	333.18	529.58	5.2130	0.75738	1.1316	649.18	-0.027670	4.6934e-05	0.066926	supercritical
571.36	816.00	414.86	0.0024105	334.02	530.71	5.2150	0.75760	1.1315	649.34	-0.027719	4.6946e-05	0.066942	supercritical
572.36	816.00	414.23	0.0024141	334.85	531.84	5.2170	0.75782	1.1314	649.50	-0.027768	4.6958e-05	0.066959	supercritical
573.36	816.00	413.60	0.0024178	335.68	532.97	5.2190	0.75804	1.1313	649.66	-0.027818	4.6970e-05	0.066976	supercritical
574.36	816.00	412.97	0.0024215	336.51	534.10	5.2209	0.75826	1.1311	649.82	-0.027867	4.6983e-05	0.066993	supercritical
575.36	816.00	412.35	0.0024251	337.34	535.23	5.2229	0.75848	1.1310	649.97	-0.027916	4.6995e-05	0.067011	supercritical
576.36	816.00	411.73	0.0024288	338.17	536.36	5.2249	0.75870	1.1309	650.13	-0.027965	4.7007e-05	0.067028	supercritical
577.36	816.00	411.11	0.0024325	339.01	537.50	5.2268	0.75892	1.1308	650.29	-0.028014	4.7020e-05	0.067046	supercritical
578.36	816.00	410.49	0.0024361	339.84	538.63	5.2288	0.75915	1.1307	650.46	-0.028063	4.7033e-05	0.067064	supercritical
579.36	816.00	409.87	0.0024398	340.67	539.76	5.2307	0.75937	1.1306	650.62	-0.028113	4.7045e-05	0.067082	supercritical
580.36	816.00	409.26	0.0024434	341.50	540.89	5.2327	0.75959	1.1305	650.78	-0.028162	4.7058e-05	0.067100	supercritical
581.36	816.00	408.65	0.0024471	342.33	542.02	5.2346	0.75981	1.1304	650.94	-0.028211	4.7071e-05	0.067119	supercritical
582.36	816.00	408.04	0.0024508	343.17	543.15	5.2366	0.76003	1.1303	651.10	-0.028260	4.7084e-05	0.067137	supercritical
583.36	816.00	407.43	0.0024544	344.00	544.28	5.2385	0.76026	1.1302	651.27	-0.028309	4.7097e-05	0.067156	supercritical
584.36	816.00	406.82	0.0024581	344.83	545.41	5.2405	0.76048	1.1301	651.43	-0.028359	4.7111e-05	0.067175	supercritical
585.36	816.00	406.22	0.0024617	345.66	546.54	5.2424	0.76070	1.1300	651.60	-0.028408	4.7124e-05	0.067194	supercritical
586.36	816.00	405.61	0.0024654	346.49	547.67	5.2443	0.76092	1.1299	651.76	-0.028457	4.7138e-05	0.067213	supercritical
587.36	816.00	405.01	0.0024691	347.32	548.80	5.2462	0.76115	1.1298	651.93	-0.028506	4.7151e-05	0.067233	supercritical
588.36	816.00	404.41	0.0024727	348.15	549.93	5.2482	0.76137	1.1297	652.09	-0.028555	4.7165e-05	0.067252	supercritical
589.36	816.00	403.82	0.0024764	348.99	551.06	5.2501	0.76159	1.1296	652.26	-0.028604	4.7179e-05	0.067272	supercritical
590.36	816.00	403.22	0.0024800	349.82	552.19	5.2520	0.76181	1.1295	652.43	-0.028654	4.7192e-05	0.067292	supercritical
591.36	816.00	402.63	0.0024837	350.65	553.32	5.2539	0.76204	1.1294	652.60	-0.028703	4.7206e-05	0.067312	supercritical
592.36	816.00	402.04	0.0024873	351.48	554.45	5.2558	0.76226	1.1293	652.76	-0.028752	4.7220e-05	0.067332	supercritical
593.36	816.00	401.45	0.0024910	352.31	555.57	5.2577	0.76248	1.1292	652.93	-0.028801	4.7235e-05	0.067353	supercritical
594.36	816.00	400.86	0.0024946	353.14	556.70	5.2596	0.76270	1.1291	653.10	-0.028850	4.7249e-05	0.067373	supercritical
595.36	816.00	400.28	0.0024983	353.97	557.83	5.2615	0.76293	1.1290	653.27	-0.028899	4.7263e-05	0.067394	supercritical
596.36	816.00	399.69	0.0025019	354.81	558.96	5.2634	0.76315	1.1290	653.44	-0.028948	4.7278e-05	0.067415	supercritical
597.36	816.00	399.11	0.0025056	355.64	560.09	5.2653	0.76337	1.1289	653.61	-0.028997	4.7292e-05	0.067436	supercritical
598.36	816.00	398.53	0.0025092	356.47	561.22	5.2672	0.76359	1.1288	653.78	-0.029046	4.7307e-05	0.067457	supercritical
599.36	816.00	397.95	0.0025129	357.30	562.35	5.2691	0.76382	1.1287	653.96	-0.029095	4.7321e-05	0.067479	supercritical
600.36	816.00	397.38	0.0025165	358.13	563.48	5.2710	0.76404	1.1286	654.13	-0.029145	4.7336e-05	0.067500	supercritical
601.36	816.00	396.80	0.0025201	358.96	564.61	5.2728	0.76426	1.1286	654.30	-0.029194	4.7351e-05	0.067522	supercritical
602.36	816.00	396.23	0.0025238	359.79	565.73	5.2747	0.76448	1.1285	654.47	-0.029243	4.7366e-05	0.067543	supercritical
603.36	816.00	395.66	0.0025274	360.62	566.86	5.2766	0.76471	1.1284	654.65	-0.029291	4.7381e-05	0.067565	supercritical
604.36	816.00	395.09	0.0025311	361.46	567.99	5.2785	0.76493	1.1283	654.82	-0.029340	4.7396e-05	0.067587	supercritical
605.36	816.00	394.52	0.0025347	362.29	569.12	5.2803	0.76515	1.1283	655.00	-0.029389	4.7411e-05	0.067610	supercritical
606.36	816.00	393.96	0.0025383	363.12	570.25	5.2822	0.76538	1.1282	655.17	-0.029438	4.7426e-05	0.067632	supercritical
607.36	816.00	393.39	0.0025420	363.95	571.38	5.2840	0.76560	1.1281	655.35	-0.029487	4.7442e-05	0.067654	supercritical
608.36	816.00	392.83	0.0025456	364.78	572.50	5.2859	0.76582	1.1280	655.52	-0.029536	4.7457e-05	0.067677	supercritical
609.36	816.00	392.27	0.0025493	365.61	573.63	5.2878	0.76604	1.1280	655.70	-0.029585	4.7473e-05	0.067700	supercritical
610.36	816.00	391.71	0.0025529	366.44	574.76	5.2896	0.76627	1.1279	655.87	-0.029634	4.7488e-05	0.067723	supercritical
611.36	816.00	391.16	0.0025565	367.27	575.89	5.2915	0.76649	1.1278	656.05	-0.029683	4.7504e-05	0.067746	supercritical
612.36	816.00	390.60	0.0025602	368.11	577.02	5.2933	0.76671	1.1278	656.23	-0.029731	4.7520e-05	0.067769	supercritical
613.36	816.00	390.05	0.0025638	368.94	578.14	5.2951	0.76693	1.1277	656.41	-0.029780	4.7536e-05	0.067793	supercritical
614.36	816.00	389.49	0.0025674	369.77	579.27	5.2970	0.76716	1.1276	656.58	-0.029829	4.7552e-05	0.067816	supercritical
615.36	816.00	388.94	0.0025711	370.60	580.40	5.2988	0.76738	1.1276	656.76	-0.029878	4.7568e-05	0.067840	supercritical
616.36	816.00	388.40	0.0025747	371.43	581.53	5.3006	0.76760	1.1275	656.94	-0.029926	4.7584e-05	0.067863	supercritical
617.36	816.00	387.85	0.0025783	372.26	582.65	5.3025	0.76782	1.1275	657.12	-0.029975	4.7600e-05	0.067887	supercritical
618.36	816.00	387.30	0.0025819	373.09	583.78	5.3043	0.76804	1.1274	657.30	-0.030024	4.7616e-05	0.067911	supercritical
619.36	816.00	386.76	0.0025856	373.93	584.91	5.3061	0.76827	1.1274	657.48	-0.030072	4.7633e-05	0.067935	supercritical
620.36	816.00	386.22	0.0025892	374.76	586.04	5.3079	0.76849	1.1273	657.66	-0.030121	4.7649e-05	0.067960	supercritical
621.36	816.00	385.68	0.0025928	375.59	587.16	5.3097	0.76871	1.1272	657.84	-0.030169	4.7665e-05	0.067984	supercritical
622.36	816.00	385.14	0.0025965	376.42	588.29	5.3116	0.76893	1.1272	658.02	-0.030218	4.7682e-05	0.068009	supercritical
623.36	816.00	384.60	0.0026001	377.25	589.42	5.3134	0.76915	1.1271	658.21	-0.030266	4.7699e-05	0.068033	supercritical
624.36	816.00	384.07	0.0026037	378.08	590.54	5.3152	0.76938	1.1271	658.39	-0.030315	4.7715e-05	0.068058	supercritical
625.36	816.00	383.54	0.0026073	378.91	591.67	5.3170	0.76960	1.1270	658.57	-0.030363	4.7732e-05	0.068083	supercritical
626.36	816.00	383.00	0.0026109	379.75	592.80	5.3188	0.76982	1.1270	658.75	-0.030412	4.7749e-05	0.068108	supercritical
627.36	816.00	382.47	0.0026146	380.58	593.93	5.3206	0.77004	1.1269	658.94	-0.030460	4.7766e-05	0.068134	supercritical
628.36	816.00	381.94	0.0026182	381.41	595.05	5.3224	0.77026	1.1269	659.12	-0.030508	4.7783e-05	0.068159	supercritical
629.36	816.00	381.42	0.0026218	382.24	596.18	5.3242	0.77048	1.1268	659.30	-0.030557	4.7800e-05	0.068184	supercritical
630.36	816.00	380.89	0.0026254	383.07	597.31	5.3260	0.77070	1.1268	659.49	-0.030605	4.7817e-05	0.068210	supercritical
631.36	816.00	380.37	0.0026290	383.90	598.43	5.3277	0.77093	1.1267	659.67	-0.030653	4.7834e-05	0.068236	supercritical
632.36	816.00	379.84	0.0026327	384.73	599.56	5.3295	0.77115	1.1267	659.86	-0.030701	4.7851e-05	0.068261	supercritical
633.36	816.00	379.32	0.0026363	385.57	600.69	5.3313	0.77137	1.1267	660.04	-0.030749	4.7868e-05	0.068287	supercritical
634.36	816.00	378.80	0.0026399	386.40	601.81	5.3331	0.77159	1.1266	660.23	-0.030798	4.7886e-05	0.068313	supercritical
635.36	816.00	378.29	0.0026435	387.23	602.94	5.3349	0.77181	1.1266	660.41	-0.030846	4.7903e-05	0.068340	supercritical
636.36	816.00	377.77	0.0026471	388.06	604.07	5.3366	0.77203	1.1265	660.60	-0.030894	4.7921e-05	0.068366	supercritical
637.36	816.00	377.25	0.0026507	388.89	605.19	5.3384	0.77225	1.1265	660.79	-0.030942	4.7938e-05	0.068392	supercritical
638.36	816.00	376.74	0.0026543	389.72	606.32	5.3402	0.77247	1.1265	660.97	-0.030990	4.7956e-05	0.068419	supercritical
639.36	816.00	376.23	0.0026579	390.56	607.45	5.3419	0.77269	1.1264	661.16	-0.031038	4.7974e-05	0.068445	supercritical
640.36	816.00	375.72	0.0026616	391.39	608.57	5.3437	0.77291	1.1264	661.35	-0.031086	4.7991e-05	0.068472	supercritical
641.36	816.00	375.21	0.0026652	392.22	609.70	5.3454	0.77313	1.1264	661.54	-0.031133	4.8009e-05	0.068499	supercritical
642.36	816.00	374.70	0.0026688	393.05	610.82	5.3472	0.77335	1.1263	661.73	-0.031181	4.8027e-05	0.068526	supercritical
643.36	816.00	374.20	0.0026724	393.88	611.95	5.3489	0.77357	1.1263	661.91	-0.031229	4.8045e-05	0.068553	supercritical
644.36	816.00	373.69	0.0026760	394.72	613.08	5.3507	0.77379	1.1263	662.10	-0.031277	4.8063e-05	0.068580	supercritical
645.36	816.00	373.19	0.0026796	395.55	614.20	5.3524	0.77401	1.1262	662.29	-0.031325	4.8081e-05	0.068608	supercritical
646.36	816.00	372.69	0.0026832	396.38	615.33	5.3542	0.77423	1.1262	662.48	-0.031372	4.8099e-05	0.068635	supercritical
647.36	816.00	372.19	0.0026868	397.21	616.46	5.3559	0.77445	1.1262	662.67	-0.031420	4.8118e-05	0.068663	supercritical
648.36	816.00	371.69	0.0026904	398.04	617.58	5.3577	0.77466	1.1261	662.86	-0.031467	4.8136e-05	0.068691	supercritical
649.36	816.00	371.19	0.0026940	398.88	618.71	5.3594	0.77488	1.1261	663.05	-0.031515	4.8154e-05	0.068718	supercritical
650.36	816.00	370.70	0.0026976	399.71	619.83	5.3611	0.77510	1.1261	663.24	-0.031563	4.8173e-05	0.068746	supercritical
651.36	816.00	370.20	0.0027012	400.54	620.96	5.3629	0.77532	1.1260	663.43	-0.031610	4.8191e-05	0.068774	supercritical
652.36	816.00	369.71	0.0027048	401.37	622.09	5.3646	0.77554	1.1260	663.62	-0.031657	4.8209e-05	0.068802	supercritical
653.36	816.00	369.22	0.0027084	402.21	623.21	5.3663	0.77576	1.1260	663.82	-0.031705	4.8228e-05	0.068831	supercritical
654.36	816.00	368.73	0.0027120	403.04	624.34	5.3680	0.77597	1.1260	664.01	-0.031752	4.8247e-05	0.068859	supercritical
655.36	816.00	368.24	0.0027156	403.87	625.46	5.3698	0.77619	1.1259	664.20	-0.031800	4.8265e-05	0.068887	supercritical
656.36	816.00	367.75	0.0027192	404.70	626.59	5.3715	0.77641	1.1259	664.39	-0.031847	4.8284e-05	0.068916	supercritical
657.36	816.00	367.27	0.0027228	405.54	627.72	5.3732	0.77663	1.1259	664.59	-0.031894	4.8303e-05	0.068944	supercritical
658.36	816.00	366.78	0.0027264	406.37	628.84	5.3749	0.77684	1.1259	664.78	-0.031941	4.8322e-05	0.068973	supercritical
659.36	816.00	366.30	0.0027300	407.20	629.97	5.3766	0.77706	1.1259	664.97	-0.031988	4.8340e-05	0.069002	supercritical
660.36	816.00	365.82	0.0027336	408.03	631.09	5.3783	0.77728	1.1258	665.16	-0.032035	4.8359e-05	0.069031	supercritical
661.36	816.00	365.34	0.0027372	408.87	632.22	5.3800	0.77749	1.1258	665.36	-0.032082	4.8378e-05	0.069060	supercritical
662.36	816.00	364.86	0.0027408	409.70	633.35	5.3817	0.77771	1.1258	665.55	-0.032129	4.8397e-05	0.069089	supercritical
663.36	816.00	364.38	0.0027444	410.53	634.47	5.3834	0.77793	1.1258	665.75	-0.032176	4.8417e-05	0.069118	supercritical
664.36	816.00	363.91	0.0027480	411.36	635.60	5.3851	0.77814	1.1258	665.94	-0.032223	4.8436e-05	0.069148	supercritical
665.36	816.00	363.43	0.0027515	412.20	636.72	5.3868	0.77836	1.1257	666.14	-0.032270	4.8455e-05	0.069177	supercritical
666.36	816.00	362.96	0.0027551	413.03	637.85	5.3885	0.77857	1.1257	666.33	-0.032317	4.8474e-05	0.069207	supercritical
667.36	816.00	362.49	0.0027587	413.86	638.97	5.3902	0.77879	1.1257	666.53	-0.032364	4.8493e-05	0.069236	supercritical
668.36	816.00	362.02	0.0027623	414.70	640.10	5.3919	0.77901	1.1257	666.72	-0.032410	4.8513e-05	0.069266	supercritical
669.36	816.00	361.55	0.0027659	415.53	641.23	5.3936	0.77922	1.1257	666.92	-0.032457	4.8532e-05	0.069296	supercritical
670.36	816.00	361.08	0.0027695	416.36	642.35	5.3952	0.77944	1.1257	667.11	-0.032504	4.8552e-05	0.069326	supercritical
671.36	816.00	360.61	0.0027731	417.19	643.48	5.3969	0.77965	1.1257	667.31	-0.032550	4.8571e-05	0.069356	supercritical
672.36	816.00	360.15	0.0027767	418.03	644.60	5.3986	0.77987	1.1257	667.51	-0.032597	4.8591e-05	0.069386	supercritical
673.36	816.00	359.68	0.0027802	418.86	645.73	5.4003	0.78008	1.1256	667.70	-0.032643	4.8610e-05	0.069416	supercritical
674.36	816.00	359.22	0.0027838	419.69	646.85	5.4019	0.78029	1.1256	667.90	-0.032690	4.8630e-05	0.069447	supercritical
675.36	816.00	358.76	0.0027874	420.53	647.98	5.4036	0.78051	1.1256	668.10	-0.032736	4.8650e-05	0.069477	supercritical
676.36	816.00	358.30	0.0027910	421.36	649.10	5.4053	0.78072	1.1256	668.29	-0.032782	4.8669e-05	0.069508	supercritical
677.36	816.00	357.84	0.0027946	422.19	650.23	5.4069	0.78093	1.1256	668.49	-0.032829	4.8689e-05	0.069538	supercritical
678.36	816.00	357.38	0.0027981	423.03	651.36	5.4086	0.78115	1.1256	668.69	-0.032875	4.8709e-05	0.069569	supercritical
679.36	816.00	356.92	0.0028017	423.86	652.48	5.4102	0.78136	1.1256	668.89	-0.032921	4.8729e-05	0.069600	supercritical
680.36	816.00	356.47	0.0028053	424.70	653.61	5.4119	0.78157	1.1256	669.09	-0.032967	4.8749e-05	0.069631	supercritical
681.36	816.00	356.01	0.0028089	425.53	654.73	5.4136	0.78179	1.1256	669.28	-0.033013	4.8769e-05	0.069662	supercritical
682.36	816.00	355.56	0.0028125	426.36	655.86	5.4152	0.78200	1.1256	669.48	-0.033059	4.8789e-05	0.069693	supercritical
683.36	816.00	355.11	0.0028160	427.20	656.98	5.4169	0.78221	1.1256	669.68	-0.033105	4.8809e-05	0.069724	supercritical
684.36	816.00	354.66	0.0028196	428.03	658.11	5.4185	0.78242	1.1256	669.88	-0.033151	4.8829e-05	0.069755	supercritical
685.36	816.00	354.21	0.0028232	428.86	659.24	5.4201	0.78264	1.1256	670.08	-0.033197	4.8849e-05	0.069786	supercritical
686.36	816.00	353.76	0.0028268	429.70	660.36	5.4218	0.78285	1.1256	670.28	-0.033243	4.8870e-05	0.069818	supercritical
687.36	816.00	353.32	0.0028303	430.53	661.49	5.4234	0.78306	1.1256	670.48	-0.033289	4.8890e-05	0.069849	supercritical
688.36	816.00	352.87	0.0028339	431.37	662.61	5.4251	0.78327	1.1256	670.68	-0.033335	4.8910e-05	0.069881	supercritical
689.36	816.00	352.43	0.0028375	432.20	663.74	5.4267	0.78348	1.1256	670.88	-0.033380	4.8930e-05	0.069912	supercritical
690.36	816.00	351.98	0.0028410	433.03	664.86	5.4283	0.78369	1.1256	671.08	-0.033426	4.8951e-05	0.069944	supercritical
691.36	816.00	351.54	0.0028446	433.87	665.99	5.4300	0.78390	1.1256	671.28	-0.033472	4.8971e-05	0.069976	supercritical
692.36	816.00	351.10	0.0028482	434.70	667.11	5.4316	0.78411	1.1256	671.48	-0.033517	4.8992e-05	0.070008	supercritical
693.36	816.00	350.66	0.0028517	435.54	668.24	5.4332	0.78432	1.1256	671.68	-0.033563	4.9012e-05	0.070040	supercritical
694.36	816.00	350.22	0.0028553	436.37	669.37	5.4348	0.78453	1.1256	671.89	-0.033608	4.9033e-05	0.070072	supercritical
695.36	816.00	349.79	0.0028589	437.21	670.49	5.4364	0.78474	1.1256	672.09	-0.033653	4.9053e-05	0.070104	supercritical
696.36	816.00	349.35	0.0028624	438.04	671.62	5.4381	0.78495	1.1256	672.29	-0.033699	4.9074e-05	0.070136	supercritical
697.36	816.00	348.92	0.0028660	438.88	672.74	5.4397	0.78516	1.1256	672.49	-0.033744	4.9095e-05	0.070169	supercritical
698.36	816.00	348.48	0.0028696	439.71	673.87	5.4413	0.78537	1.1256	672.69	-0.033789	4.9115e-05	0.070201	supercritical
699.36	816.00	348.05	0.0028731	440.54	674.99	5.4429	0.78558	1.1256	672.89	-0.033834	4.9136e-05	0.070234	supercritical
700.36	816.00	347.62	0.0028767	441.38	676.12	5.4445	0.78579	1.1256	673.10	-0.033880	4.9157e-05	0.070266	supercritical
701.36	816.00	347.19	0.0028803	442.21	677.24	5.4461	0.78599	1.1256	673.30	-0.033925	4.9178e-05	0.070299	supercritical
702.36	816.00	346.76	0.0028838	443.05	678.37	5.4477	0.78620	1.1256	673.50	-0.033970	4.9199e-05	0.070332	supercritical
703.36	816.00	346.33	0.0028874	443.88	679.50	5.4493	0.78641	1.1256	673.70	-0.034015	4.9220e-05	0.070364	supercritical
704.36	816.00	345.91	0.0028910	444.72	680.62	5.4509	0.78662	1.1256	673.91	-0.034060	4.9241e-05	0.070397	supercritical
705.36	816.00	345.48	0.0028945	445.55	681.75	5.4525	0.78682	1.1256	674.11	-0.034104	4.9262e-05	0.070430	supercritical
706.36	816.00	345.06	0.0028981	446.39	682.87	5.4541	0.78703	1.1256	674.31	-0.034149	4.9283e-05	0.070463	supercritical
707.36	816.00	344.63	0.0029016	447.23	684.00	5.4557	0.78724	1.1256	674.52	-0.034194	4.9304e-05	0.070496	supercritical
708.36	816.00	344.21	0.0029052	448.06	685.12	5.4573	0.78745	1.1257	674.72	-0.034239	4.9325e-05	0.070530	supercritical
709.36	816.00	343.79	0.0029087	448.90	686.25	5.4589	0.78765	1.1257	674.93	-0.034283	4.9346e-05	0.070563	supercritical
710.36	816.00	343.37	0.0029123	449.73	687.38	5.4605	0.78786	1.1257	675.13	-0.034328	4.9367e-05	0.070596	supercritical
711.36	816.00	342.95	0.0029159	450.57	688.50	5.4621	0.78806	1.1257	675.33	-0.034372	4.9388e-05	0.070630	supercritical
712.36	816.00	342.54	0.0029194	451.40	689.63	5.4636	0.78827	1.1257	675.54	-0.034417	4.9410e-05	0.070663	supercritical
713.36	816.00	342.12	0.0029230	452.24	690.75	5.4652	0.78847	1.1257	675.74	-0.034461	4.9431e-05	0.070697	supercritical
714.36	816.00	341.70	0.0029265	453.07	691.88	5.4668	0.78868	1.1257	675.95	-0.034506	4.9452e-05	0.070730	supercritical
715.36	816.00	341.29	0.0029301	453.91	693.00	5.4684	0.78888	1.1257	676.15	-0.034550	4.9474e-05	0.070764	supercritical
716.36	816.00	340.88	0.0029336	454.75	694.13	5.4699	0.78909	1.1257	676.36	-0.034594	4.9495e-05	0.070798	supercritical
717.36	816.00	340.46	0.0029372	455.58	695.26	5.4715	0.78929	1.1258	676.56	-0.034639	4.9516e-05	0.070832	supercritical
718.36	816.00	340.05	0.0029407	456.42	696.38	5.4731	0.78950	1.1258	676.77	-0.034683	4.9538e-05	0.070866	supercritical
719.36	816.00	339.64	0.0029443	457.25	697.51	5.4746	0.78970	1.1258	676.97	-0.034727	4.9559e-05	0.070900	supercritical
720.36	816.00	339.23	0.0029478	458.09	698.63	5.4762	0.78990	1.1258	677.18	-0.034771	4.9581e-05	0.070934	supercritical
721.36	816.00	338.83	0.0029514	458.93	699.76	5.4778	0.79011	1.1258	677.39	-0.034815	4.9602e-05	0.070968	supercritical
722.36	816.00	338.42	0.0029549	459.76	700.88	5.4793	0.79031	1.1258	677.59	-0.034859	4.9624e-05	0.071002	supercritical
723.36	816.00	338.01	0.0029585	460.60	702.01	5.4809	0.79051	1.1259	677.80	-0.034903	4.9646e-05	0.071036	supercritical
724.36	816.00	337.61	0.0029620	461.44	703.14	5.4824	0.79071	1.1259	678.00	-0.034946	4.9667e-05	0.071071	supercritical
725.36	816.00	337.20	0.0029656	462.27	704.26	5.4840	0.79092	1.1259	678.21	-0.034990	4.9689e-05	0.071105	supercritical
726.36	816.00	336.80	0.0029691	463.11	705.39	5.4855	0.79112	1.1259	678.42	-0.035034	4.9711e-05	0.071140	supercritical
727.36	816.00	336.40	0.0029726	463.95	706.51	5.4871	0.79132	1.1259	678.62	-0.035078	4.9733e-05	0.071174	supercritical
728.36	816.00	336.00	0.0029762	464.78	707.64	5.4886	0.79152	1.1259	678.83	-0.035121	4.9754e-05	0.071209	supercritical
729.36	816.00	335.60	0.0029797	465.62	708.77	5.4902	0.79172	1.1260	679.04	-0.035165	4.9776e-05	0.071244	supercritical
730.36	816.00	335.20	0.0029833	466.46	709.89	5.4917	0.79192	1.1260	679.24	-0.035208	4.9798e-05	0.071278	supercritical
731.36	816.00	334.80	0.0029868	467.29	711.02	5.4933	0.79212	1.1260	679.45	-0.035252	4.9820e-05	0.071313	supercritical
732.36	816.00	334.41	0.0029904	468.13	712.14	5.4948	0.79232	1.1260	679.66	-0.035295	4.9842e-05	0.071348	supercritical
733.36	816.00	334.01	0.0029939	468.97	713.27	5.4963	0.79252	1.1260	679.87	-0.035338	4.9864e-05	0.071383	supercritical
734.36	816.00	333.62	0.0029974	469.80	714.40	5.4979	0.79272	1.1261	680.07	-0.035382	4.9886e-05	0.071418	supercritical
735.36	816.00	333.23	0.0030010	470.64	715.52	5.4994	0.79292	1.1261	680.28	-0.035425	4.9908e-05	0.071453	supercritical
736.36	816.00	332.83	0.0030045	471.48	716.65	5.5009	0.79312	1.1261	680.49	-0.035468	4.9930e-05	0.071488	supercritical
737.36	816.00	332.44	0.0030081	472.32	717.77	5.5025	0.79332	1.1261	680.70	-0.035511	4.9952e-05	0.071523	supercritical
738.36	816.00	332.05	0.0030116	473.15	718.90	5.5040	0.79352	1.1261	680.91	-0.035554	4.9974e-05	0.071559	supercritical
739.36	816.00	331.66	0.0030151	473.99	720.03	5.5055	0.79372	1.1262	681.11	-0.035597	4.9996e-05	0.071594	supercritical
740.36	816.00	331.27	0.0030187	474.83	721.15	5.5070	0.79392	1.1262	681.32	-0.035640	5.0018e-05	0.071630	supercritical
741.36	816.00	330.89	0.0030222	475.67	722.28	5.5086	0.79411	1.1262	681.53	-0.035683	5.0041e-05	0.071665	supercritical
742.36	816.00	330.50	0.0030257	476.51	723.40	5.5101	0.79431	1.1262	681.74	-0.035726	5.0063e-05	0.071701	supercritical
743.36	816.00	330.11	0.0030293	477.34	724.53	5.5116	0.79451	1.1263	681.95	-0.035769	5.0085e-05	0.071736	supercritical
744.36	816.00	329.73	0.0030328	478.18	725.66	5.5131	0.79471	1.1263	682.16	-0.035811	5.0107e-05	0.071772	supercritical
745.36	816.00	329.35	0.0030363	479.02	726.78	5.5146	0.79490	1.1263	682.37	-0.035854	5.0130e-05	0.071808	supercritical
746.36	816.00	328.96	0.0030399	479.86	727.91	5.5161	0.79510	1.1263	682.58	-0.035897	5.0152e-05	0.071843	supercritical
747.36	816.00	328.58	0.0030434	480.70	729.04	5.5176	0.79530	1.1264	682.79	-0.035939	5.0174e-05	0.071879	supercritical
748.36	816.00	328.20	0.0030469	481.53	730.16	5.5191	0.79549	1.1264	682.99	-0.035982	5.0197e-05	0.071915	supercritical
749.36	816.00	327.82	0.0030504	482.37	731.29	5.5207	0.79569	1.1264	683.20	-0.036024	5.0219e-05	0.071951	supercritical
750.36	816.00	327.44	0.0030540	483.21	732.42	5.5222	0.79588	1.1264	683.41	-0.036067	5.0242e-05	0.071987	supercritical
751.36	816.00	327.06	0.0030575	484.05	733.54	5.5237	0.79608	1.1265	683.62	-0.036109	5.0264e-05	0.072023	supercritical
752.36	816.00	326.69	0.0030610	484.89	734.67	5.5252	0.79627	1.1265	683.83	-0.036151	5.0286e-05	0.072059	supercritical
753.36	816.00	326.31	0.0030646	485.73	735.79	5.5266	0.79647	1.1265	684.04	-0.036193	5.0309e-05	0.072095	supercritical
754.36	816.00	325.94	0.0030681	486.57	736.92	5.5281	0.79666	1.1265	684.25	-0.036236	5.0332e-05	0.072132	supercritical
755.36	816.00	325.56	0.0030716	487.40	738.05	5.5296	0.79686	1.1266	684.46	-0.036278	5.0354e-05	0.072168	supercritical
756.36	816.00	325.19	0.0030751	488.24	739.17	5.5311	0.79705	1.1266	684.67	-0.036320	5.0377e-05	0.072204	supercritical
757.36	816.00	324.82	0.0030787	489.08	740.30	5.5326	0.79724	1.1266	684.88	-0.036362	5.0399e-05	0.072241	supercritical
758.36	816.00	324.45	0.0030822	489.92	741.43	5.5341	0.79744	1.1267	685.09	-0.036404	5.0422e-05	0.072277	supercritical
759.36	816.00	324.07	0.0030857	490.76	742.55	5.5356	0.79763	1.1267	685.30	-0.036446	5.0445e-05	0.072314	supercritical
760.36	816.00	323.71	0.0030892	491.60	743.68	5.5371	0.79782	1.1267	685.52	-0.036487	5.0467e-05	0.072350	supercritical
761.36	816.00	323.34	0.0030928	492.44	744.81	5.5386	0.79801	1.1268	685.73	-0.036529	5.0490e-05	0.072387	supercritical
762.36	816.00	322.97	0.0030963	493.28	745.93	5.5400	0.79821	1.1268	685.94	-0.036571	5.0513e-05	0.072424	supercritical
763.36	816.00	322.60	0.0030998	494.12	747.06	5.5415	0.79840	1.1268	686.15	-0.036613	5.0536e-05	0.072461	supercritical
764.36	816.00	322.24	0.0031033	494.96	748.19	5.5430	0.79859	1.1268	686.36	-0.036654	5.0558e-05	0.072497	supercritical
765.36	816.00	321.87	0.0031068	495.80	749.32	5.5445	0.79878	1.1269	686.57	-0.036696	5.0581e-05	0.072534	supercritical
766.36	816.00	321.51	0.0031104	496.64	750.44	5.5459	0.79897	1.1269	686.78	-0.036737	5.0604e-05	0.072571	supercritical
767.36	816.00	321.14	0.0031139	497.48	751.57	5.5474	0.79916	1.1269	686.99	-0.036779	5.0627e-05	0.072608	supercritical
768.36	816.00	320.78	0.0031174	498.32	752.70	5.5489	0.79935	1.1270	687.20	-0.036820	5.0650e-05	0.072645	supercritical
769.36	816.00	320.42	0.0031209	499.16	753.82	5.5503	0.79954	1.1270	687.42	-0.036861	5.0673e-05	0.072682	supercritical
770.36	816.00	320.06	0.0031244	500.00	754.95	5.5518	0.79973	1.1270	687.63	-0.036903	5.0696e-05	0.072719	supercritical
771.36	816.00	319.70	0.0031279	500.84	756.08	5.5533	0.79992	1.1271	687.84	-0.036944	5.0719e-05	0.072757	supercritical
772.36	816.00	319.34	0.0031315	501.68	757.20	5.5547	0.80011	1.1271	688.05	-0.036985	5.0742e-05	0.072794	supercritical
773.36	816.00	318.98	0.0031350	502.52	758.33	5.5562	0.80030	1.1271	688.26	-0.037026	5.0765e-05	0.072831	supercritical
774.36	816.00	318.63	0.0031385	503.36	759.46	5.5576	0.80049	1.1272	688.47	-0.037067	5.0788e-05	0.072869	supercritical
775.36	816.00	318.27	0.0031420	504.20	760.59	5.5591	0.80068	1.1272	688.69	-0.037108	5.0811e-05	0.072906	supercritical
776.36	816.00	317.91	0.0031455	505.04	761.71	5.5605	0.80087	1.1272	688.90	-0.037149	5.0834e-05	0.072943	supercritical
777.36	816.00	317.56	0.0031490	505.88	762.84	5.5620	0.80105	1.1273	689.11	-0.037190	5.0857e-05	0.072981	supercritical
778.36	816.00	317.21	0.0031525	506.72	763.97	5.5634	0.80124	1.1273	689.32	-0.037231	5.0880e-05	0.073018	supercritical
779.36	816.00	316.85	0.0031560	507.56	765.09	5.5649	0.80143	1.1273	689.54	-0.037271	5.0903e-05	0.073056	supercritical
780.36	816.00	316.50	0.0031596	508.40	766.22	5.5663	0.80162	1.1274	689.75	-0.037312	5.0926e-05	0.073094	supercritical
781.36	816.00	316.15	0.0031631	509.24	767.35	5.5678	0.80180	1.1274	689.96	-0.037353	5.0950e-05	0.073131	supercritical
782.36	816.00	315.80	0.0031666	510.08	768.48	5.5692	0.80199	1.1274	690.17	-0.037393	5.0973e-05	0.073169	supercritical
783.36	816.00	315.45	0.0031701	510.93	769.60	5.5707	0.80218	1.1275	690.39	-0.037434	5.0996e-05	0.073207	supercritical
784.36	816.00	315.10	0.0031736	511.77	770.73	5.5721	0.80236	1.1275	690.60	-0.037474	5.1019e-05	0.073245	supercritical
785.36	816.00	314.75	0.0031771	512.61	771.86	5.5735	0.80255	1.1275	690.81	-0.037515	5.1043e-05	0.073283	supercritical
786.36	816.00	314.41	0.0031806	513.45	772.99	5.5750	0.80273	1.1276	691.02	-0.037555	5.1066e-05	0.073321	supercritical
787.36	816.00	314.06	0.0031841	514.29	774.11	5.5764	0.80292	1.1276	691.24	-0.037595	5.1089e-05	0.073359	supercritical
788.36	816.00	313.71	0.0031876	515.13	775.24	5.5778	0.80310	1.1277	691.45	-0.037636	5.1112e-05	0.073397	supercritical
789.36	816.00	313.37	0.0031911	515.97	776.37	5.5793	0.80329	1.1277	691.66	-0.037676	5.1136e-05	0.073435	supercritical
790.36	816.00	313.03	0.0031946	516.82	777.50	5.5807	0.80347	1.1277	691.88	-0.037716	5.1159e-05	0.073473	supercritical
791.36	816.00	312.68	0.0031981	517.66	778.63	5.5821	0.80365	1.1278	692.09	-0.037756	5.1183e-05	0.073511	supercritical
792.36	816.00	312.34	0.0032016	518.50	779.75	5.5835	0.80384	1.1278	692.30	-0.037796	5.1206e-05	0.073549	supercritical
793.36	816.00	312.00	0.0032051	519.34	780.88	5.5850	0.80402	1.1278	692.52	-0.037836	5.1229e-05	0.073588	supercritical
794.36	816.00	311.66	0.0032086	520.18	782.01	5.5864	0.80420	1.1279	692.73	-0.037876	5.1253e-05	0.073626	supercritical
795.36	816.00	311.32	0.0032121	521.03	783.14	5.5878	0.80439	1.1279	692.94	-0.037916	5.1276e-05	0.073664	supercritical
796.36	816.00	310.98	0.0032156	521.87	784.26	5.5892	0.80457	1.1280	693.16	-0.037956	5.1300e-05	0.073703	supercritical
797.36	816.00	310.64	0.0032191	522.71	785.39	5.5906	0.80475	1.1280	693.37	-0.037995	5.1323e-05	0.073741	supercritical
798.36	816.00	310.31	0.0032226	523.55	786.52	5.5920	0.80493	1.1280	693.58	-0.038035	5.1347e-05	0.073780	supercritical
799.36	816.00	309.97	0.0032261	524.40	787.65	5.5935	0.80512	1.1281	693.80	-0.038075	5.1370e-05	0.073818	supercritical
800.36	816.00	309.63	0.0032296	525.24	788.78	5.5949	0.80530	1.1281	694.01	-0.038114	5.1394e-05	0.073857	supercritical
801.36	816.00	309.30	0.0032331	526.08	789.90	5.5963	0.80548	1.1282	694.23	-0.038154	5.1418e-05	0.073896	supercritical
802.36	816.00	308.96	0.0032366	526.92	791.03	5.5977	0.80566	1.1282	694.44	-0.038193	5.1441e-05	0.073934	supercritical
803.36	816.00	308.63	0.0032401	527.77	792.16	5.5991	0.80584	1.1282	694.65	-0.038233	5.1465e-05	0.073973	supercritical
804.36	816.00	308.30	0.0032436	528.61	793.29	5.6005	0.80602	1.1283	694.87	-0.038272	5.1488e-05	0.074012	supercritical
805.36	816.00	307.97	0.0032471	529.45	794.42	5.6019	0.80620	1.1283	695.08	-0.038312	5.1512e-05	0.074051	supercritical
806.36	816.00	307.64	0.0032506	530.30	795.55	5.6033	0.80638	1.1284	695.30	-0.038351	5.1536e-05	0.074089	supercritical
807.36	816.00	307.30	0.0032541	531.14	796.67	5.6047	0.80656	1.1284	695.51	-0.038390	5.1559e-05	0.074128	supercritical
808.36	816.00	306.98	0.0032576	531.98	797.80	5.6061	0.80674	1.1284	695.73	-0.038429	5.1583e-05	0.074167	supercritical
809.36	816.00	306.65	0.0032611	532.83	798.93	5.6075	0.80692	1.1285	695.94	-0.038468	5.1607e-05	0.074206	supercritical
810.36	816.00	306.32	0.0032646	533.67	800.06	5.6089	0.80709	1.1285	696.15	-0.038507	5.1631e-05	0.074245	supercritical
811.36	816.00	305.99	0.0032681	534.51	801.19	5.6103	0.80727	1.1286	696.37	-0.038546	5.1654e-05	0.074284	supercritical
812.36	816.00	305.66	0.0032716	535.36	802.32	5.6117	0.80745	1.1286	696.58	-0.038585	5.1678e-05	0.074323	supercritical
813.36	816.00	305.34	0.0032751	536.20	803.45	5.6131	0.80763	1.1286	696.80	-0.038624	5.1702e-05	0.074363	supercritical
814.36	816.00	305.01	0.0032785	537.04	804.57	5.6144	0.80781	1.1287	697.01	-0.038663	5.1726e-05	0.074402	supercritical
815.36	816.00	304.69	0.0032820	537.89	805.70	5.6158	0.80798	1.1287	697.23	-0.038702	5.1749e-05	0.074441	supercritical
816.36	816.00	304.37	0.0032855	538.73	806.83	5.6172	0.80816	1.1288	697.44	-0.038740	5.1773e-05	0.074480	supercritical
817.36	816.00	304.04	0.0032890	539.58	807.96	5.6186	0.80834	1.1288	697.66	-0.038779	5.1797e-05	0.074520	supercritical
818.36	816.00	303.72	0.0032925	540.42	809.09	5.6200	0.80851	1.1288	697.87	-0.038818	5.1821e-05	0.074559	supercritical
819.36	816.00	303.40	0.0032960	541.27	810.22	5.6213	0.80869	1.1289	698.09	-0.038856	5.1845e-05	0.074598	supercritical
820.36	816.00	303.08	0.0032995	542.11	811.35	5.6227	0.80886	1.1289	698.30	-0.038895	5.1869e-05	0.074638	supercritical
821.36	816.00	302.76	0.0033030	542.95	812.48	5.6241	0.80904	1.1290	698.52	-0.038933	5.1893e-05	0.074677	supercritical
822.36	816.00	302.44	0.0033064	543.80	813.60	5.6255	0.80922	1.1290	698.73	-0.038971	5.1917e-05	0.074717	supercritical
823.36	816.00	302.12	0.0033099	544.64	814.73	5.6268	0.80939	1.1291	698.95	-0.039010	5.1941e-05	0.074756	supercritical
824.36	816.00	301.80	0.0033134	545.49	815.86	5.6282	0.80956	1.1291	699.16	-0.039048	5.1965e-05	0.074796	supercritical
825.36	816.00	301.49	0.0033169	546.33	816.99	5.6296	0.80974	1.1292	699.38	-0.039086	5.1988e-05	0.074836	supercritical
826.36	816.00	301.17	0.0033204	547.18	818.12	5.6310	0.80991	1.1292	699.59	-0.039124	5.2012e-05	0.074875	supercritical
827.36	816.00	300.85	0.0033239	548.02	819.25	5.6323	0.81009	1.1292	699.81	-0.039162	5.2036e-05	0.074915	supercritical
828.36	816.00	300.54	0.0033273	548.87	820.38	5.6337	0.81026	1.1293	700.02	-0.039201	5.2060e-05	0.074955	supercritical
829.36	816.00	300.23	0.0033308	549.71	821.51	5.6350	0.81043	1.1293	700.24	-0.039239	5.2085e-05	0.074995	supercritical
830.36	816.00	299.91	0.0033343	550.56	822.64	5.6364	0.81061	1.1294	700.45	-0.039276	5.2109e-05	0.075034	supercritical
831.36	816.00	299.60	0.0033378	551.40	823.77	5.6378	0.81078	1.1294	700.67	-0.039314	5.2133e-05	0.075074	supercritical
832.36	816.00	299.29	0.0033413	552.25	824.90	5.6391	0.81095	1.1295	700.88	-0.039352	5.2157e-05	0.075114	supercritical
833.36	816.00	298.98	0.0033448	553.09	826.03	5.6405	0.81112	1.1295	701.10	-0.039390	5.2181e-05	0.075154	supercritical
834.36	816.00	298.66	0.0033482	553.94	827.16	5.6418	0.81129	1.1295	701.32	-0.039428	5.2205e-05	0.075194	supercritical
835.36	816.00	298.35	0.0033517	554.79	828.29	5.6432	0.81147	1.1296	701.53	-0.039465	5.2229e-05	0.075234	supercritical
836.36	816.00	298.05	0.0033552	555.63	829.42	5.6445	0.81164	1.1296	701.75	-0.039503	5.2253e-05	0.075274	supercritical
837.36	816.00	297.74	0.0033587	556.48	830.55	5.6459	0.81181	1.1297	701.96	-0.039541	5.2277e-05	0.075314	supercritical
838.36	816.00	297.43	0.0033621	557.32	831.67	5.6472	0.81198	1.1297	702.18	-0.039578	5.2301e-05	0.075354	supercritical
839.36	816.00	297.12	0.0033656	558.17	832.80	5.6486	0.81215	1.1298	702.39	-0.039616	5.2326e-05	0.075394	supercritical
840.36	816.00	296.82	0.0033691	559.02	833.93	5.6499	0.81232	1.1298	702.61	-0.039653	5.2350e-05	0.075435	supercritical
841.36	816.00	296.51	0.0033726	559.86	835.06	5.6513	0.81249	1.1299	702.82	-0.039690	5.2374e-05	0.075475	supercritical
842.36	816.00	296.20	0.0033761	560.71	836.19	5.6526	0.81266	1.1299	703.04	-0.039728	5.2398e-05	0.075515	supercritical
843.36	816.00	295.90	0.0033795	561.55	837.32	5.6540	0.81283	1.1300	703.26	-0.039765	5.2422e-05	0.075555	supercritical
844.36	816.00	295.60	0.0033830	562.40	838.45	5.6553	0.81300	1.1300	703.47	-0.039802	5.2447e-05	0.075596	supercritical
845.36	816.00	295.29	0.0033865	563.25	839.58	5.6566	0.81317	1.1300	703.69	-0.039839	5.2471e-05	0.075636	supercritical
846.36	816.00	294.99	0.0033899	564.09	840.71	5.6580	0.81333	1.1301	703.90	-0.039876	5.2495e-05	0.075676	supercritical
847.36	816.00	294.69	0.0033934	564.94	841.84	5.6593	0.81350	1.1301	704.12	-0.039913	5.2519e-05	0.075717	supercritical
848.36	816.00	294.39	0.0033969	565.79	842.97	5.6606	0.81367	1.1302	704.34	-0.039950	5.2544e-05	0.075757	supercritical
849.36	816.00	294.09	0.0034004	566.64	844.10	5.6620	0.81384	1.1302	704.55	-0.039987	5.2568e-05	0.075798	supercritical
850.36	816.00	293.79	0.0034038	567.48	845.23	5.6633	0.81401	1.1303	704.77	-0.040024	5.2592e-05	0.075838	supercritical
851.36	816.00	293.49	0.0034073	568.33	846.37	5.6646	0.81417	1.1303	704.98	-0.040061	5.2617e-05	0.075879	supercritical
852.36	816.00	293.19	0.0034108	569.18	847.50	5.6659	0.81434	1.1304	705.20	-0.040098	5.2641e-05	0.075920	supercritical
853.36	816.00	292.89	0.0034142	570.02	848.63	5.6673	0.81451	1.1304	705.42	-0.040134	5.2665e-05	0.075960	supercritical
854.36	816.00	292.59	0.0034177	570.87	849.76	5.6686	0.81467	1.1305	705.63	-0.040171	5.2690e-05	0.076001	supercritical
855.36	816.00	292.30	0.0034212	571.72	850.89	5.6699	0.81484	1.1305	705.85	-0.040208	5.2714e-05	0.076042	supercritical
856.36	816.00	292.00	0.0034246	572.57	852.02	5.6712	0.81500	1.1306	706.07	-0.040244	5.2738e-05	0.076082	supercritical
857.36	816.00	291.71	0.0034281	573.41	853.15	5.6726	0.81517	1.1306	706.28	-0.040281	5.2763e-05	0.076123	supercritical
858.36	816.00	291.41	0.0034316	574.26	854.28	5.6739	0.81533	1.1307	706.50	-0.040317	5.2787e-05	0.076164	supercritical
859.36	816.00	291.12	0.0034351	575.11	855.41	5.6752	0.81550	1.1307	706.71	-0.040354	5.2812e-05	0.076205	supercritical
860.36	816.00	290.82	0.0034385	575.96	856.54	5.6765	0.81566	1.1308	706.93	-0.040390	5.2836e-05	0.076246	supercritical
861.36	816.00	290.53	0.0034420	576.81	857.67	5.6778	0.81583	1.1308	707.15	-0.040426	5.2861e-05	0.076286	supercritical
862.36	816.00	290.24	0.0034454	577.65	858.80	5.6791	0.81599	1.1308	707.36	-0.040462	5.2885e-05	0.076327	supercritical
863.36	816.00	289.95	0.0034489	578.50	859.93	5.6804	0.81616	1.1309	707.58	-0.040499	5.2909e-05	0.076368	supercritical
864.36	816.00	289.66	0.0034524	579.35	861.06	5.6818	0.81632	1.1309	707.80	-0.040535	5.2934e-05	0.076409	supercritical
865.36	816.00	289.37	0.0034558	580.20	862.19	5.6831	0.81648	1.1310	708.01	-0.040571	5.2958e-05	0.076450	supercritical
866.36	816.00	289.08	0.0034593	581.05	863.33	5.6844	0.81665	1.1310	708.23	-0.040607	5.2983e-05	0.076491	supercritical
867.36	816.00	288.79	0.0034628	581.89	864.46	5.6857	0.81681	1.1311	708.45	-0.040643	5.3007e-05	0.076532	supercritical
868.36	816.00	288.50	0.0034662	582.74	865.59	5.6870	0.81697	1.1311	708.66	-0.040679	5.3032e-05	0.076574	supercritical
869.36	816.00	288.21	0.0034697	583.59	866.72	5.6883	0.81713	1.1312	708.88	-0.040715	5.3056e-05	0.076615	supercritical
870.36	816.00	287.92	0.0034731	584.44	867.85	5.6896	0.81730	1.1312	709.09	-0.040750	5.3081e-05	0.076656	supercritical
871.36	816.00	287.64	0.0034766	585.29	868.98	5.6909	0.81746	1.1313	709.31	-0.040786	5.3106e-05	0.076697	supercritical
872.36	816.00	287.35	0.0034801	586.14	870.11	5.6922	0.81762	1.1313	709.53	-0.040822	5.3130e-05	0.076738	supercritical
873.36	816.00	287.07	0.0034835	586.99	871.24	5.6935	0.81778	1.1314	709.74	-0.040858	5.3155e-05	0.076780	supercritical
874.36	816.00	286.78	0.0034870	587.84	872.38	5.6948	0.81794	1.1314	709.96	-0.040893	5.3179e-05	0.076821	supercritical
875.36	816.00	286.50	0.0034904	588.69	873.51	5.6961	0.81810	1.1315	710.18	-0.040929	5.3204e-05	0.076862	supercritical
876.36	816.00	286.21	0.0034939	589.54	874.64	5.6974	0.81826	1.1315	710.39	-0.040964	5.3228e-05	0.076904	supercritical
877.36	816.00	285.93	0.0034974	590.38	875.77	5.6986	0.81842	1.1316	710.61	-0.041000	5.3253e-05	0.076945	supercritical
878.36	816.00	285.65	0.0035008	591.23	876.90	5.6999	0.81858	1.1316	710.83	-0.041035	5.3278e-05	0.076986	supercritical
879.36	816.00	285.37	0.0035043	592.08	878.03	5.7012	0.81874	1.1317	711.04	-0.041071	5.3302e-05	0.077028	supercritical
880.36	816.00	285.08	0.0035077	592.93	879.16	5.7025	0.81890	1.1317	711.26	-0.041106	5.3327e-05	0.077069	supercritical
881.36	816.00	284.80	0.0035112	593.78	880.30	5.7038	0.81906	1.1318	711.48	-0.041141	5.3352e-05	0.077111	supercritical
882.36	816.00	284.52	0.0035146	594.63	881.43	5.7051	0.81922	1.1318	711.69	-0.041176	5.3376e-05	0.077152	supercritical
883.36	816.00	284.24	0.0035181	595.48	882.56	5.7064	0.81938	1.1319	711.91	-0.041212	5.3401e-05	0.077194	supercritical
884.36	816.00	283.97	0.0035216	596.33	883.69	5.7076	0.81953	1.1319	712.13	-0.041247	5.3425e-05	0.077235	supercritical
885.36	816.00	283.69	0.0035250	597.18	884.82	5.7089	0.81969	1.1320	712.34	-0.041282	5.3450e-05	0.077277	supercritical
886.36	816.00	283.41	0.0035285	598.03	885.96	5.7102	0.81985	1.1320	712.56	-0.041317	5.3475e-05	0.077319	supercritical
887.36	816.00	283.13	0.0035319	598.88	887.09	5.7115	0.82001	1.1321	712.78	-0.041352	5.3500e-05	0.077360	supercritical
888.36	816.00	282.86	0.0035354	599.73	888.22	5.7127	0.82016	1.1321	713.00	-0.041387	5.3524e-05	0.077402	supercritical
889.36	816.00	282.58	0.0035388	600.58	889.35	5.7140	0.82032	1.1322	713.21	-0.041422	5.3549e-05	0.077444	supercritical
890.36	816.00	282.30	0.0035423	601.44	890.48	5.7153	0.82048	1.1322	713.43	-0.041456	5.3574e-05	0.077485	supercritical
891.36	816.00	282.03	0.0035457	602.29	891.62	5.7166	0.82063	1.1323	713.65	-0.041491	5.3598e-05	0.077527	supercritical
892.36	816.00	281.76	0.0035492	603.14	892.75	5.7178	0.82079	1.1323	713.86	-0.041526	5.3623e-05	0.077569	supercritical
893.36	816.00	281.48	0.0035526	603.99	893.88	5.7191	0.82095	1.1324	714.08	-0.041560	5.3648e-05	0.077611	supercritical
894.36	816.00	281.21	0.0035561	604.84	895.01	5.7204	0.82110	1.1324	714.30	-0.041595	5.3673e-05	0.077653	supercritical
895.36	816.00	280.94	0.0035595	605.69	896.15	5.7216	0.82126	1.1325	714.51	-0.041630	5.3697e-05	0.077694	supercritical
896.36	816.00	280.66	0.0035630	606.54	897.28	5.7229	0.82141	1.1325	714.73	-0.041664	5.3722e-05	0.077736	supercritical
897.36	816.00	280.39	0.0035664	607.39	898.41	5.7242	0.82157	1.1326	714.95	-0.041699	5.3747e-05	0.077778	supercritical
898.36	816.00	280.12	0.0035699	608.24	899.54	5.7254	0.82172	1.1326	715.16	-0.041733	5.3772e-05	0.077820	supercritical
899.36	816.00	279.85	0.0035733	609.09	900.68	5.7267	0.82188	1.1327	715.38	-0.041767	5.3797e-05	0.077862	supercritical
900.36	816.00	279.58	0.0035768	609.95	901.81	5.7279	0.82203	1.1327	715.60	-0.041802	5.3821e-05	0.077904	supercritical
901.36	816.00	279.31	0.0035802	610.80	902.94	5.7292	0.82218	1.1328	715.81	-0.041836	5.3846e-05	0.077946	supercritical
902.36	816.00	279.04	0.0035837	611.65	904.07	5.7305	0.82234	1.1328	716.03	-0.041870	5.3871e-05	0.077988	supercritical
903.36	816.00	278.78	0.0035871	612.50	905.21	5.7317	0.82249	1.1329	716.25	-0.041904	5.3896e-05	0.078030	supercritical
904.36	816.00	278.51	0.0035905	613.35	906.34	5.7330	0.82264	1.1329	716.46	-0.041938	5.3921e-05	0.078072	supercritical
905.36	816.00	278.24	0.0035940	614.20	907.47	5.7342	0.82280	1.1330	716.68	-0.041972	5.3946e-05	0.078115	supercritical
906.36	816.00	277.98	0.0035974	615.06	908.61	5.7355	0.82295	1.1330	716.90	-0.042006	5.3970e-05	0.078157	supercritical
907.36	816.00	277.71	0.0036009	615.91	909.74	5.7367	0.82310	1.1331	717.12	-0.042040	5.3995e-05	0.078199	supercritical
908.36	816.00	277.44	0.0036043	616.76	910.87	5.7380	0.82325	1.1331	717.33	-0.042074	5.4020e-05	0.078241	supercritical
909.36	816.00	277.18	0.0036078	617.61	912.01	5.7392	0.82340	1.1332	717.55	-0.042108	5.4045e-05	0.078283	supercritical
910.36	816.00	276.92	0.0036112	618.46	913.14	5.7405	0.82356	1.1332	717.77	-0.042142	5.4070e-05	0.078326	supercritical
911.36	816.00	276.65	0.0036146	619.32	914.27	5.7417	0.82371	1.1333	717.98	-0.042176	5.4095e-05	0.078368	supercritical
912.36	816.00	276.39	0.0036181	620.17	915.41	5.7429	0.82386	1.1333	718.20	-0.042210	5.4120e-05	0.078410	supercritical
913.36	816.00	276.13	0.0036215	621.02	916.54	5.7442	0.82401	1.1334	718.42	-0.042243	5.4145e-05	0.078453	supercritical
914.36	816.00	275.86	0.0036250	621.87	917.67	5.7454	0.82416	1.1334	718.63	-0.042277	5.4169e-05	0.078495	supercritical
915.36	816.00	275.60	0.0036284	622.73	918.81	5.7467	0.82431	1.1335	718.85	-0.042310	5.4194e-05	0.078537	supercritical
916.36	816.00	275.34	0.0036318	623.58	919.94	5.7479	0.82446	1.1335	719.07	-0.042344	5.4219e-05	0.078580	supercritical
917.36	816.00	275.08	0.0036353	624.43	921.07	5.7491	0.82461	1.1336	719.28	-0.042377	5.4244e-05	0.078622	supercritical
918.36	816.00	274.82	0.0036387	625.29	922.21	5.7504	0.82476	1.1336	719.50	-0.042411	5.4269e-05	0.078664	supercritical
919.36	816.00	274.56	0.0036422	626.14	923.34	5.7516	0.82491	1.1337	719.72	-0.042444	5.4294e-05	0.078707	supercritical
920.36	816.00	274.30	0.0036456	626.99	924.47	5.7528	0.82506	1.1338	719.94	-0.042478	5.4319e-05	0.078749	supercritical
921.36	816.00	274.04	0.0036490	627.85	925.61	5.7541	0.82521	1.1338	720.15	-0.042511	5.4344e-05	0.078792	supercritical
922.36	816.00	273.79	0.0036525	628.70	926.74	5.7553	0.82535	1.1339	720.37	-0.042544	5.4369e-05	0.078834	supercritical
923.36	816.00	273.53	0.0036559	629.55	927.88	5.7565	0.82550	1.1339	720.59	-0.042577	5.4394e-05	0.078877	supercritical
924.36	816.00	273.27	0.0036594	630.41	929.01	5.7578	0.82565	1.1340	720.80	-0.042610	5.4419e-05	0.078920	supercritical
925.36	816.00	273.02	0.0036628	631.26	930.14	5.7590	0.82580	1.1340	721.02	-0.042643	5.4444e-05	0.078962	supercritical
926.36	816.00	272.76	0.0036662	632.11	931.28	5.7602	0.82595	1.1341	721.24	-0.042677	5.4469e-05	0.079005	supercritical
927.36	816.00	272.50	0.0036697	632.97	932.41	5.7614	0.82609	1.1341	721.45	-0.042710	5.4494e-05	0.079047	supercritical
928.36	816.00	272.25	0.0036731	633.82	933.55	5.7627	0.82624	1.1342	721.67	-0.042742	5.4519e-05	0.079090	supercritical
929.36	816.00	272.00	0.0036765	634.68	934.68	5.7639	0.82639	1.1342	721.89	-0.042775	5.4544e-05	0.079133	supercritical
930.36	816.00	271.74	0.0036800	635.53	935.81	5.7651	0.82653	1.1343	722.10	-0.042808	5.4569e-05	0.079175	supercritical
931.36	816.00	271.49	0.0036834	636.38	936.95	5.7663	0.82668	1.1343	722.32	-0.042841	5.4594e-05	0.079218	supercritical
932.36	816.00	271.24	0.0036868	637.24	938.08	5.7675	0.82683	1.1344	722.54	-0.042874	5.4619e-05	0.079261	supercritical
933.36	816.00	270.98	0.0036903	638.09	939.22	5.7687	0.82697	1.1344	722.75	-0.042907	5.4644e-05	0.079304	supercritical
934.36	816.00	270.73	0.0036937	638.95	940.35	5.7700	0.82712	1.1345	722.97	-0.042939	5.4669e-05	0.079347	supercritical
935.36	816.00	270.48	0.0036971	639.80	941.49	5.7712	0.82726	1.1345	723.19	-0.042972	5.4694e-05	0.079389	supercritical
936.36	816.00	270.23	0.0037006	640.66	942.62	5.7724	0.82741	1.1346	723.41	-0.043004	5.4719e-05	0.079432	supercritical
937.36	816.00	269.98	0.0037040	641.51	943.76	5.7736	0.82755	1.1346	723.62	-0.043037	5.4744e-05	0.079475	supercritical
938.36	816.00	269.73	0.0037074	642.36	944.89	5.7748	0.82770	1.1347	723.84	-0.043069	5.4769e-05	0.079518	supercritical
939.36	816.00	269.48	0.0037108	643.22	946.02	5.7760	0.82784	1.1347	724.06	-0.043102	5.4794e-05	0.079561	supercritical
940.36	816.00	269.23	0.0037143	644.07	947.16	5.7772	0.82799	1.1348	724.27	-0.043134	5.4819e-05	0.079604	supercritical
941.36	816.00	268.98	0.0037177	644.93	948.29	5.7784	0.82813	1.1348	724.49	-0.043167	5.4844e-05	0.079647	supercritical
942.36	816.00	268.74	0.0037211	645.78	949.43	5.7796	0.82827	1.1349	724.71	-0.043199	5.4870e-05	0.079690	supercritical
943.36	816.00	268.49	0.0037246	646.64	950.56	5.7808	0.82842	1.1350	724.92	-0.043231	5.4895e-05	0.079733	supercritical
944.36	816.00	268.24	0.0037280	647.50	951.70	5.7820	0.82856	1.1350	725.14	-0.043263	5.4920e-05	0.079776	supercritical
945.36	816.00	267.99	0.0037314	648.35	952.83	5.7832	0.82870	1.1351	725.36	-0.043295	5.4945e-05	0.079819	supercritical
946.36	816.00	267.75	0.0037348	649.21	953.97	5.7844	0.82884	1.1351	725.57	-0.043328	5.4970e-05	0.079862	supercritical
947.36	816.00	267.50	0.0037383	650.06	955.10	5.7856	0.82899	1.1352	725.79	-0.043360	5.4995e-05	0.079905	supercritical
948.36	816.00	267.26	0.0037417	650.92	956.24	5.7868	0.82913	1.1352	726.01	-0.043392	5.5020e-05	0.079948	supercritical
949.36	816.00	267.01	0.0037451	651.77	957.37	5.7880	0.82927	1.1353	726.22	-0.043424	5.5045e-05	0.079991	supercritical
950.36	816.00	266.77	0.0037485	652.63	958.51	5.7892	0.82941	1.1353	726.44	-0.043456	5.5070e-05	0.080034	supercritical
951.36	816.00	266.53	0.0037520	653.48	959.65	5.7904	0.82955	1.1354	726.66	-0.043487	5.5096e-05	0.080077	supercritical
952.36	816.00	266.28	0.0037554	654.34	960.78	5.7916	0.82970	1.1354	726.87	-0.043519	5.5121e-05	0.080120	supercritical
953.36	816.00	266.04	0.0037588	655.20	961.92	5.7928	0.82984	1.1355	727.09	-0.043551	5.5146e-05	0.080163	supercritical
954.36	816.00	265.80	0.0037622	656.05	963.05	5.7940	0.82998	1.1355	727.31	-0.043583	5.5171e-05	0.080207	supercritical
955.36	816.00	265.56	0.0037657	656.91	964.19	5.7952	0.83012	1.1356	727.52	-0.043614	5.5196e-05	0.080250	supercritical
956.36	816.00	265.32	0.0037691	657.77	965.32	5.7964	0.83026	1.1356	727.74	-0.043646	5.5221e-05	0.080293	supercritical
957.36	816.00	265.08	0.0037725	658.62	966.46	5.7976	0.83040	1.1357	727.96	-0.043678	5.5246e-05	0.080336	supercritical
958.36	816.00	264.84	0.0037759	659.48	967.59	5.7987	0.83054	1.1357	728.17	-0.043709	5.5272e-05	0.080380	supercritical
959.36	816.00	264.60	0.0037794	660.33	968.73	5.7999	0.83068	1.1358	728.39	-0.043741	5.5297e-05	0.080423	supercritical
960.36	816.00	264.36	0.0037828	661.19	969.87	5.8011	0.83082	1.1358	728.61	-0.043772	5.5322e-05	0.080466	supercritical
961.36	816.00	264.12	0.0037862	662.05	971.00	5.8023	0.83096	1.1359	728.82	-0.043804	5.5347e-05	0.080510	supercritical
962.36	816.00	263.88	0.0037896	662.90	972.14	5.8035	0.83110	1.1360	729.04	-0.043835	5.5372e-05	0.080553	supercritical
963.36	816.00	263.64	0.0037930	663.76	973.27	5.8047	0.83124	1.1360	729.26	-0.043866	5.5397e-05	0.080596	supercritical
964.36	816.00	263.40	0.0037965	664.62	974.41	5.8058	0.83137	1.1361	729.47	-0.043898	5.5423e-05	0.080640	supercritical
965.36	816.00	263.17	0.0037999	665.48	975.55	5.8070	0.83151	1.1361	729.69	-0.043929	5.5448e-05	0.080683	supercritical
966.36	816.00	262.93	0.0038033	666.33	976.68	5.8082	0.83165	1.1362	729.90	-0.043960	5.5473e-05	0.080726	supercritical
967.36	816.00	262.69	0.0038067	667.19	977.82	5.8094	0.83179	1.1362	730.12	-0.043991	5.5498e-05	0.080770	supercritical
968.36	816.00	262.46	0.0038101	668.05	978.95	5.8105	0.83193	1.1363	730.34	-0.044022	5.5523e-05	0.080813	supercritical
969.36	816.00	262.22	0.0038136	668.90	980.09	5.8117	0.83206	1.1363	730.55	-0.044053	5.5549e-05	0.080857	supercritical
970.36	816.00	261.99	0.0038170	669.76	981.23	5.8129	0.83220	1.1364	730.77	-0.044084	5.5574e-05	0.080900	supercritical
971.36	816.00	261.75	0.0038204	670.62	982.36	5.8141	0.83234	1.1364	730.99	-0.044115	5.5599e-05	0.080944	supercritical
972.36	816.00	261.52	0.0038238	671.48	983.50	5.8152	0.83247	1.1365	731.20	-0.044146	5.5624e-05	0.080987	supercritical
973.36	816.00	261.29	0.0038272	672.34	984.64	5.8164	0.83261	1.1365	731.42	-0.044177	5.5649e-05	0.081031	supercritical
974.36	816.00	261.05	0.0038306	673.19	985.77	5.8176	0.83275	1.1366	731.64	-0.044208	5.5675e-05	0.081074	supercritical
975.36	816.00	260.82	0.0038341	674.05	986.91	5.8187	0.83288	1.1366	731.85	-0.044239	5.5700e-05	0.081118	supercritical
976.36	816.00	260.59	0.0038375	674.91	988.05	5.8199	0.83302	1.1367	732.07	-0.044270	5.5725e-05	0.081162	supercritical
977.36	816.00	260.36	0.0038409	675.77	989.18	5.8211	0.83315	1.1367	732.28	-0.044300	5.5750e-05	0.081205	supercritical
978.36	816.00	260.13	0.0038443	676.63	990.32	5.8222	0.83329	1.1368	732.50	-0.044331	5.5776e-05	0.081249	supercritical
979.36	816.00	259.89	0.0038477	677.48	991.46	5.8234	0.83343	1.1369	732.72	-0.044362	5.5801e-05	0.081292	supercritical
980.36	816.00	259.66	0.0038511	678.34	992.59	5.8245	0.83356	1.1369	732.93	-0.044392	5.5826e-05	0.081336	supercritical
981.36	816.00	259.43	0.0038545	679.20	993.73	5.8257	0.83369	1.1370	733.15	-0.044423	5.5851e-05	0.081380	supercritical
982.36	816.00	259.20	0.0038580	680.06	994.87	5.8269	0.83383	1.1370	733.37	-0.044453	5.5877e-05	0.081423	supercritical
983.36	816.00	258.98	0.0038614	680.92	996.00	5.8280	0.83396	1.1371	733.58	-0.044484	5.5902e-05	0.081467	supercritical
984.36	816.00	258.75	0.0038648	681.78	997.14	5.8292	0.83410	1.1371	733.80	-0.044514	5.5927e-05	0.081511	supercritical
985.36	816.00	258.52	0.0038682	682.63	998.28	5.8303	0.83423	1.1372	734.01	-0.044544	5.5952e-05	0.081555	supercritical
986.36	816.00	258.29	0.0038716	683.49	999.42	5.8315	0.83437	1.1372	734.23	-0.044575	5.5978e-05	0.081598	supercritical
987.36	816.00	258.06	0.0038750	684.35	1000.6	5.8326	0.83450	1.1373	734.45	-0.044605	5.6003e-05	0.081642	supercritical
988.36	816.00	257.84	0.0038784	685.21	1001.7	5.8338	0.83463	1.1373	734.66	-0.044635	5.6028e-05	0.081686	supercritical
989.36	816.00	257.61	0.0038818	686.07	1002.8	5.8349	0.83477	1.1374	734.88	-0.044665	5.6053e-05	0.081730	supercritical
990.36	816.00	257.38	0.0038852	686.93	1004.0	5.8361	0.83490	1.1374	735.09	-0.044696	5.6079e-05	0.081774	supercritical
991.36	816.00	257.16	0.0038886	687.79	1005.1	5.8372	0.83503	1.1375	735.31	-0.044726	5.6104e-05	0.081817	supercritical
992.36	816.00	256.93	0.0038921	688.65	1006.2	5.8384	0.83516	1.1375	735.53	-0.044756	5.6129e-05	0.081861	supercritical
993.36	816.00	256.71	0.0038955	689.51	1007.4	5.8395	0.83530	1.1376	735.74	-0.044786	5.6155e-05	0.081905	supercritical
994.36	816.00	256.48	0.0038989	690.37	1008.5	5.8407	0.83543	1.1377	735.96	-0.044816	5.6180e-05	0.081949	supercritical
995.36	816.00	256.26	0.0039023	691.23	1009.7	5.8418	0.83556	1.1377	736.17	-0.044846	5.6205e-05	0.081993	supercritical
996.36	816.00	256.04	0.0039057	692.09	1010.8	5.8430	0.83569	1.1378	736.39	-0.044875	5.6230e-05	0.082037	supercritical
997.36	816.00	255.81	0.0039091	692.95	1011.9	5.8441	0.83582	1.1378	736.61	-0.044905	5.6256e-05	0.082081	supercritical
998.36	816.00	255.59	0.0039125	693.81	1013.1	5.8452	0.83595	1.1379	736.82	-0.044935	5.6281e-05	0.082125	supercritical
999.36	816.00	255.37	0.0039159	694.67	1014.2	5.8464	0.83608	1.1379	737.04	-0.044965	5.6306e-05	0.082169	supercritical
1000.4	816.00	255.15	0.0039193	695.53	1015.3	5.8475	0.83621	1.1380	737.25	-0.044995	5.6332e-05	0.082213	supercritical
1001.4	816.00	254.92	0.0039227	696.39	1016.5	5.8486	0.83635	1.1380	737.47	-0.045024	5.6357e-05	0.082257	supercritical
1002.4	816.00	254.70	0.0039261	697.25	1017.6	5.8498	0.83648	1.1381	737.69	-0.045054	5.6382e-05	0.082301	supercritical
1003.4	816.00	254.48	0.0039295	698.11	1018.8	5.8509	0.83661	1.1381	737.90	-0.045083	5.6408e-05	0.082345	supercritical
1004.4	816.00	254.26	0.0039329	698.97	1019.9	5.8521	0.83674	1.1382	738.12	-0.045113	5.6433e-05	0.082389	supercritical
1005.4	816.00	254.04	0.0039363	699.83	1021.0	5.8532	0.83687	1.1382	738.33	-0.045142	5.6458e-05	0.082433	supercritical
1006.4	816.00	253.82	0.0039397	700.69	1022.2	5.8543	0.83699	1.1383	738.55	-0.045172	5.6484e-05	0.082477	supercritical
1007.4	816.00	253.60	0.0039432	701.55	1023.3	5.8554	0.83712	1.1383	738.76	-0.045201	5.6509e-05	0.082521	supercritical
1008.4	816.00	253.39	0.0039466	702.41	1024.4	5.8566	0.83725	1.1384	738.98	-0.045231	5.6534e-05	0.082565	supercritical
1009.4	816.00	253.17	0.0039500	703.27	1025.6	5.8577	0.83738	1.1385	739.19	-0.045260	5.6560e-05	0.082609	supercritical
1010.4	816.00	252.95	0.0039534	704.13	1026.7	5.8588	0.83751	1.1385	739.41	-0.045289	5.6585e-05	0.082653	supercritical
1011.4	816.00	252.73	0.0039568	704.99	1027.9	5.8600	0.83764	1.1386	739.63	-0.045319	5.6610e-05	0.082697	supercritical
1012.4	816.00	252.51	0.0039602	705.85	1029.0	5.8611	0.83777	1.1386	739.84	-0.045348	5.6636e-05	0.082741	supercritical
1013.4	816.00	252.30	0.0039636	706.71	1030.1	5.8622	0.83790	1.1387	740.06	-0.045377	5.6661e-05	0.082785	supercritical
1014.4	816.00	252.08	0.0039670	707.57	1031.3	5.8633	0.83802	1.1387	740.27	-0.045406	5.6686e-05	0.082830	supercritical
1015.4	816.00	251.87	0.0039704	708.44	1032.4	5.8645	0.83815	1.1388	740.49	-0.045435	5.6712e-05	0.082874	supercritical
1016.4	816.00	251.65	0.0039738	709.30	1033.6	5.8656	0.83828	1.1388	740.70	-0.045464	5.6737e-05	0.082918	supercritical
1017.4	816.00	251.44	0.0039772	710.16	1034.7	5.8667	0.83841	1.1389	740.92	-0.045493	5.6762e-05	0.082962	supercritical
1018.4	816.00	251.22	0.0039806	711.02	1035.8	5.8678	0.83853	1.1389	741.13	-0.045522	5.6788e-05	0.083006	supercritical
1019.4	816.00	251.01	0.0039840	711.88	1037.0	5.8689	0.83866	1.1390	741.35	-0.045551	5.6813e-05	0.083051	supercritical
1020.4	816.00	250.79	0.0039874	712.74	1038.1	5.8700	0.83879	1.1390	741.56	-0.045580	5.6838e-05	0.083095	supercritical
1021.4	816.00	250.58	0.0039908	713.60	1039.3	5.8712	0.83891	1.1391	741.78	-0.045609	5.6864e-05	0.083139	supercritical
1022.4	816.00	250.37	0.0039942	714.47	1040.4	5.8723	0.83904	1.1391	741.99	-0.045638	5.6889e-05	0.083183	supercritical
1023.4	816.00	250.15	0.0039976	715.33	1041.5	5.8734	0.83916	1.1392	742.21	-0.045666	5.6914e-05	0.083228	supercritical
1024.4	816.00	249.94	0.0040010	716.19	1042.7	5.8745	0.83929	1.1393	742.43	-0.045695	5.6940e-05	0.083272	supercritical
1025.4	816.00	249.73	0.0040044	717.05	1043.8	5.8756	0.83942	1.1393	742.64	-0.045724	5.6965e-05	0.083316	supercritical
1026.4	816.00	249.52	0.0040078	717.91	1044.9	5.8767	0.83954	1.1394	742.86	-0.045752	5.6990e-05	0.083361	supercritical
1027.4	816.00	249.30	0.0040112	718.78	1046.1	5.8778	0.83967	1.1394	743.07	-0.045781	5.7016e-05	0.083405	supercritical
1028.4	816.00	249.09	0.0040146	719.64	1047.2	5.8789	0.83979	1.1395	743.29	-0.045810	5.7041e-05	0.083449	supercritical
1029.4	816.00	248.88	0.0040179	720.50	1048.4	5.8801	0.83992	1.1395	743.50	-0.045838	5.7067e-05	0.083494	supercritical
1030.4	816.00	248.67	0.0040213	721.36	1049.5	5.8812	0.84004	1.1396	743.72	-0.045867	5.7092e-05	0.083538	supercritical
1031.4	816.00	248.46	0.0040247	722.23	1050.6	5.8823	0.84017	1.1396	743.93	-0.045895	5.7117e-05	0.083583	supercritical
1032.4	816.00	248.25	0.0040281	723.09	1051.8	5.8834	0.84029	1.1397	744.15	-0.045923	5.7143e-05	0.083627	supercritical
1033.4	816.00	248.04	0.0040315	723.95	1052.9	5.8845	0.84041	1.1397	744.36	-0.045952	5.7168e-05	0.083671	supercritical
1034.4	816.00	247.84	0.0040349	724.81	1054.1	5.8856	0.84054	1.1398	744.58	-0.045980	5.7193e-05	0.083716	supercritical
1035.4	816.00	247.63	0.0040383	725.68	1055.2	5.8867	0.84066	1.1398	744.79	-0.046008	5.7219e-05	0.083760	supercritical
1036.4	816.00	247.42	0.0040417	726.54	1056.3	5.8878	0.84079	1.1399	745.00	-0.046036	5.7244e-05	0.083805	supercritical
1037.4	816.00	247.21	0.0040451	727.40	1057.5	5.8889	0.84091	1.1399	745.22	-0.046065	5.7270e-05	0.083849	supercritical
1038.4	816.00	247.01	0.0040485	728.27	1058.6	5.8900	0.84103	1.1400	745.43	-0.046093	5.7295e-05	0.083894	supercritical
1039.4	816.00	246.80	0.0040519	729.13	1059.8	5.8911	0.84116	1.1401	745.65	-0.046121	5.7320e-05	0.083938	supercritical
1040.4	816.00	246.59	0.0040553	729.99	1060.9	5.8922	0.84128	1.1401	745.86	-0.046149	5.7346e-05	0.083983	supercritical
1041.4	816.00	246.39	0.0040587	730.86	1062.0	5.8933	0.84140	1.1402	746.08	-0.046177	5.7371e-05	0.084027	supercritical
1042.4	816.00	246.18	0.0040621	731.72	1063.2	5.8944	0.84152	1.1402	746.29	-0.046205	5.7396e-05	0.084072	supercritical
1043.4	816.00	245.97	0.0040655	732.58	1064.3	5.8955	0.84165	1.1403	746.51	-0.046233	5.7422e-05	0.084116	supercritical
1044.4	816.00	245.77	0.0040688	733.45	1065.5	5.8965	0.84177	1.1403	746.72	-0.046261	5.7447e-05	0.084161	supercritical
1045.4	816.00	245.57	0.0040722	734.31	1066.6	5.8976	0.84189	1.1404	746.94	-0.046289	5.7473e-05	0.084205	supercritical
1046.4	816.00	245.36	0.0040756	735.17	1067.7	5.8987	0.84201	1.1404	747.15	-0.046317	5.7498e-05	0.084250	supercritical
1047.4	816.00	245.16	0.0040790	736.04	1068.9	5.8998	0.84213	1.1405	747.37	-0.046344	5.7523e-05	0.084294	supercritical
1048.4	816.00	244.95	0.0040824	736.90	1070.0	5.9009	0.84225	1.1405	747.58	-0.046372	5.7549e-05	0.084339	supercritical
1049.4	816.00	244.75	0.0040858	737.77	1071.2	5.9020	0.84237	1.1406	747.79	-0.046400	5.7574e-05	0.084384	supercritical
1050.4	816.00	244.55	0.0040892	738.63	1072.3	5.9031	0.84250	1.1406	748.01	-0.046428	5.7600e-05	0.084428	supercritical
1051.4	816.00	244.34	0.0040926	739.49	1073.4	5.9042	0.84262	1.1407	748.22	-0.046455	5.7625e-05	0.084473	supercritical
1052.4	816.00	244.14	0.0040960	740.36	1074.6	5.9052	0.84274	1.1407	748.44	-0.046483	5.7650e-05	0.084518	supercritical
1053.4	816.00	243.94	0.0040994	741.22	1075.7	5.9063	0.84286	1.1408	748.65	-0.046510	5.7676e-05	0.084562	supercritical
1054.4	816.00	243.74	0.0041027	742.09	1076.9	5.9074	0.84298	1.1409	748.87	-0.046538	5.7701e-05	0.084607	supercritical
1055.4	816.00	243.54	0.0041061	742.95	1078.0	5.9085	0.84310	1.1409	749.08	-0.046565	5.7727e-05	0.084652	supercritical
1056.4	816.00	243.34	0.0041095	743.82	1079.2	5.9096	0.84322	1.1410	749.30	-0.046593	5.7752e-05	0.084696	supercritical
1057.4	816.00	243.14	0.0041129	744.68	1080.3	5.9107	0.84334	1.1410	749.51	-0.046620	5.7777e-05	0.084741	supercritical
1058.4	816.00	242.94	0.0041163	745.55	1081.4	5.9117	0.84346	1.1411	749.72	-0.046648	5.7803e-05	0.084786	supercritical
1059.4	816.00	242.74	0.0041197	746.41	1082.6	5.9128	0.84358	1.1411	749.94	-0.046675	5.7828e-05	0.084830	supercritical
1060.4	816.00	242.54	0.0041231	747.27	1083.7	5.9139	0.84370	1.1412	750.15	-0.046702	5.7854e-05	0.084875	supercritical
1061.4	816.00	242.34	0.0041264	748.14	1084.9	5.9150	0.84381	1.1412	750.37	-0.046729	5.7879e-05	0.084920	supercritical
1062.4	816.00	242.14	0.0041298	749.00	1086.0	5.9160	0.84393	1.1413	750.58	-0.046757	5.7905e-05	0.084965	supercritical
1063.4	816.00	241.94	0.0041332	749.87	1087.1	5.9171	0.84405	1.1413	750.79	-0.046784	5.7930e-05	0.085009	supercritical
1064.4	816.00	241.74	0.0041366	750.74	1088.3	5.9182	0.84417	1.1414	751.01	-0.046811	5.7955e-05	0.085054	supercritical
1065.4	816.00	241.55	0.0041400	751.60	1089.4	5.9193	0.84429	1.1414	751.22	-0.046838	5.7981e-05	0.085099	supercritical
1066.4	816.00	241.35	0.0041434	752.47	1090.6	5.9203	0.84441	1.1415	751.44	-0.046865	5.8006e-05	0.085144	supercritical
1067.4	816.00	241.15	0.0041468	753.33	1091.7	5.9214	0.84452	1.1415	751.65	-0.046892	5.8032e-05	0.085188	supercritical
1068.4	816.00	240.96	0.0041501	754.20	1092.8	5.9225	0.84464	1.1416	751.86	-0.046919	5.8057e-05	0.085233	supercritical
1069.4	816.00	240.76	0.0041535	755.06	1094.0	5.9235	0.84476	1.1417	752.08	-0.046946	5.8082e-05	0.085278	supercritical
1070.4	816.00	240.56	0.0041569	755.93	1095.1	5.9246	0.84488	1.1417	752.29	-0.046973	5.8108e-05	0.085323	supercritical
1071.4	816.00	240.37	0.0041603	756.79	1096.3	5.9257	0.84499	1.1418	752.50	-0.047000	5.8133e-05	0.085368	supercritical
1072.4	816.00	240.17	0.0041637	757.66	1097.4	5.9267	0.84511	1.1418	752.72	-0.047027	5.8159e-05	0.085413	supercritical
1073.4	816.00	239.98	0.0041670	758.53	1098.6	5.9278	0.84523	1.1419	752.93	-0.047053	5.8184e-05	0.085458	supercritical
1074.4	816.00	239.78	0.0041704	759.39	1099.7	5.9289	0.84534	1.1419	753.15	-0.047080	5.8210e-05	0.085502	supercritical
1075.4	816.00	239.59	0.0041738	760.26	1100.8	5.9299	0.84546	1.1420	753.36	-0.047107	5.8235e-05	0.085547	supercritical
1076.4	816.00	239.40	0.0041772	761.12	1102.0	5.9310	0.84558	1.1420	753.57	-0.047133	5.8260e-05	0.085592	supercritical
1077.4	816.00	239.20	0.0041806	761.99	1103.1	5.9320	0.84569	1.1421	753.79	-0.047160	5.8286e-05	0.085637	supercritical
1078.4	816.00	239.01	0.0041840	762.86	1104.3	5.9331	0.84581	1.1421	754.00	-0.047187	5.8311e-05	0.085682	supercritical
1079.4	816.00	238.82	0.0041873	763.72	1105.4	5.9342	0.84593	1.1422	754.21	-0.047213	5.8337e-05	0.085727	supercritical
1080.4	816.00	238.62	0.0041907	764.59	1106.6	5.9352	0.84604	1.1422	754.43	-0.047240	5.8362e-05	0.085772	supercritical
1081.4	816.00	238.43	0.0041941	765.46	1107.7	5.9363	0.84616	1.1423	754.64	-0.047266	5.8387e-05	0.085817	supercritical
1082.4	816.00	238.24	0.0041975	766.32	1108.8	5.9373	0.84627	1.1423	754.85	-0.047293	5.8413e-05	0.085862	supercritical
1083.4	816.00	238.05	0.0042008	767.19	1110.0	5.9384	0.84639	1.1424	755.07	-0.047319	5.8438e-05	0.085907	supercritical
1084.4	816.00	237.86	0.0042042	768.06	1111.1	5.9394	0.84650	1.1424	755.28	-0.047346	5.8464e-05	0.085952	supercritical
1085.4	816.00	237.66	0.0042076	768.92	1112.3	5.9405	0.84662	1.1425	755.49	-0.047372	5.8489e-05	0.085997	supercritical
1086.4	816.00	237.47	0.0042110	769.79	1113.4	5.9415	0.84673	1.1426	755.71	-0.047398	5.8515e-05	0.086042	supercritical
1087.4	816.00	237.28	0.0042144	770.66	1114.5	5.9426	0.84685	1.1426	755.92	-0.047424	5.8540e-05	0.086087	supercritical
1088.4	816.00	237.09	0.0042177	771.52	1115.7	5.9436	0.84696	1.1427	756.13	-0.047451	5.8565e-05	0.086132	supercritical
1089.4	816.00	236.90	0.0042211	772.39	1116.8	5.9447	0.84707	1.1427	756.34	-0.047477	5.8591e-05	0.086177	supercritical
1090.4	816.00	236.71	0.0042245	773.26	1118.0	5.9457	0.84719	1.1428	756.56	-0.047503	5.8616e-05	0.086222	supercritical
1091.4	816.00	236.53	0.0042279	774.12	1119.1	5.9468	0.84730	1.1428	756.77	-0.047529	5.8642e-05	0.086267	supercritical
1092.4	816.00	236.34	0.0042312	774.99	1120.3	5.9478	0.84742	1.1429	756.98	-0.047555	5.8667e-05	0.086312	supercritical
1093.4	816.00	236.15	0.0042346	775.86	1121.4	5.9489	0.84753	1.1429	757.20	-0.047581	5.8693e-05	0.086357	supercritical
1094.4	816.00	235.96	0.0042380	776.73	1122.5	5.9499	0.84764	1.1430	757.41	-0.047607	5.8718e-05	0.086402	supercritical
1095.4	816.00	235.77	0.0042414	777.59	1123.7	5.9510	0.84776	1.1430	757.62	-0.047633	5.8743e-05	0.086447	supercritical
1096.4	816.00	235.59	0.0042447	778.46	1124.8	5.9520	0.84787	1.1431	757.84	-0.047659	5.8769e-05	0.086492	supercritical
1097.4	816.00	235.40	0.0042481	779.33	1126.0	5.9531	0.84798	1.1431	758.05	-0.047685	5.8794e-05	0.086537	supercritical
1098.4	816.00	235.21	0.0042515	780.20	1127.1	5.9541	0.84809	1.1432	758.26	-0.047711	5.8820e-05	0.086582	supercritical
1099.4	816.00	235.02	0.0042549	781.07	1128.3	5.9551	0.84821	1.1432	758.47	-0.047737	5.8845e-05	0.086627	supercritical
1100.4	816.00	234.84	0.0042582	781.93	1129.4	5.9562	0.84832	1.1433	758.69	-0.047763	5.8871e-05	0.086672	supercritical
1101.4	816.00	234.65	0.0042616	782.80	1130.5	5.9572	0.84843	1.1433	758.90	-0.047788	5.8896e-05	0.086718	supercritical
1102.4	816.00	234.47	0.0042650	783.67	1131.7	5.9583	0.84854	1.1434	759.11	-0.047814	5.8921e-05	0.086763	supercritical
1103.4	816.00	234.28	0.0042684	784.54	1132.8	5.9593	0.84866	1.1435	759.32	-0.047840	5.8947e-05	0.086808	supercritical
1104.4	816.00	234.10	0.0042717	785.41	1134.0	5.9603	0.84877	1.1435	759.54	-0.047865	5.8972e-05	0.086853	supercritical
1105.4	816.00	233.91	0.0042751	786.27	1135.1	5.9614	0.84888	1.1436	759.75	-0.047891	5.8998e-05	0.086898	supercritical
1106.4	816.00	233.73	0.0042785	787.14	1136.3	5.9624	0.84899	1.1436	759.96	-0.047917	5.9023e-05	0.086943	supercritical
1107.4	816.00	233.54	0.0042819	788.01	1137.4	5.9634	0.84910	1.1437	760.17	-0.047942	5.9049e-05	0.086988	supercritical
1108.4	816.00	233.36	0.0042852	788.88	1138.6	5.9645	0.84921	1.1437	760.39	-0.047968	5.9074e-05	0.087034	supercritical
1109.4	816.00	233.18	0.0042886	789.75	1139.7	5.9655	0.84932	1.1438	760.60	-0.047993	5.9099e-05	0.087079	supercritical
1110.4	816.00	232.99	0.0042920	790.62	1140.8	5.9665	0.84943	1.1438	760.81	-0.048019	5.9125e-05	0.087124	supercritical
1111.4	816.00	232.81	0.0042953	791.49	1142.0	5.9676	0.84954	1.1439	761.02	-0.048044	5.9150e-05	0.087169	supercritical
1112.4	816.00	232.63	0.0042987	792.36	1143.1	5.9686	0.84966	1.1439	761.23	-0.048069	5.9176e-05	0.087214	supercritical
1113.4	816.00	232.45	0.0043021	793.22	1144.3	5.9696	0.84977	1.1440	761.45	-0.048095	5.9201e-05	0.087260	supercritical
1114.4	816.00	232.26	0.0043054	794.09	1145.4	5.9706	0.84988	1.1440	761.66	-0.048120	5.9227e-05	0.087305	supercritical
1115.4	816.00	232.08	0.0043088	794.96	1146.6	5.9717	0.84999	1.1441	761.87	-0.048145	5.9252e-05	0.087350	supercritical
1116.4	816.00	231.90	0.0043122	795.83	1147.7	5.9727	0.85010	1.1441	762.08	-0.048170	5.9277e-05	0.087395	supercritical
1117.4	816.00	231.72	0.0043156	796.70	1148.8	5.9737	0.85021	1.1442	762.30	-0.048196	5.9303e-05	0.087441	supercritical
1118.4	816.00	231.54	0.0043189	797.57	1150.0	5.9747	0.85032	1.1442	762.51	-0.048221	5.9328e-05	0.087486	supercritical
1119.4	816.00	231.36	0.0043223	798.44	1151.1	5.9758	0.85042	1.1443	762.72	-0.048246	5.9354e-05	0.087531	supercritical
1120.4	816.00	231.18	0.0043257	799.31	1152.3	5.9768	0.85053	1.1444	762.93	-0.048271	5.9379e-05	0.087576	supercritical
1121.4	816.00	231.00	0.0043290	800.18	1153.4	5.9778	0.85064	1.1444	763.14	-0.048296	5.9404e-05	0.087622	supercritical
1122.4	816.00	230.82	0.0043324	801.05	1154.6	5.9788	0.85075	1.1445	763.35	-0.048321	5.9430e-05	0.087667	supercritical
1123.4	816.00	230.64	0.0043358	801.92	1155.7	5.9798	0.85086	1.1445	763.57	-0.048346	5.9455e-05	0.087712	supercritical
1124.4	816.00	230.46	0.0043391	802.79	1156.9	5.9809	0.85097	1.1446	763.78	-0.048371	5.9481e-05	0.087758	supercritical
1125.4	816.00	230.28	0.0043425	803.66	1158.0	5.9819	0.85108	1.1446	763.99	-0.048396	5.9506e-05	0.087803	supercritical
1126.4	816.00	230.10	0.0043459	804.53	1159.1	5.9829	0.85119	1.1447	764.20	-0.048421	5.9532e-05	0.087848	supercritical
1127.4	816.00	229.93	0.0043492	805.40	1160.3	5.9839	0.85129	1.1447	764.41	-0.048446	5.9557e-05	0.087894	supercritical
1128.4	816.00	229.75	0.0043526	806.27	1161.4	5.9849	0.85140	1.1448	764.62	-0.048470	5.9582e-05	0.087939	supercritical
1129.4	816.00	229.57	0.0043560	807.14	1162.6	5.9859	0.85151	1.1448	764.84	-0.048495	5.9608e-05	0.087984	supercritical
1130.4	816.00	229.39	0.0043593	808.01	1163.7	5.9870	0.85162	1.1449	765.05	-0.048520	5.9633e-05	0.088030	supercritical
1131.4	816.00	229.22	0.0043627	808.88	1164.9	5.9880	0.85173	1.1449	765.26	-0.048545	5.9659e-05	0.088075	supercritical
1132.4	816.00	229.04	0.0043661	809.75	1166.0	5.9890	0.85183	1.1450	765.47	-0.048569	5.9684e-05	0.088120	supercritical
1133.4	816.00	228.86	0.0043694	810.62	1167.2	5.9900	0.85194	1.1450	765.68	-0.048594	5.9710e-05	0.088166	supercritical
1134.4	816.00	228.69	0.0043728	811.49	1168.3	5.9910	0.85205	1.1451	765.89	-0.048619	5.9735e-05	0.088211	supercritical
1135.4	816.00	228.51	0.0043761	812.36	1169.5	5.9920	0.85216	1.1451	766.10	-0.048643	5.9760e-05	0.088257	supercritical
1136.4	816.00	228.34	0.0043795	813.23	1170.6	5.9930	0.85226	1.1452	766.32	-0.048668	5.9786e-05	0.088302	supercritical
1137.4	816.00	228.16	0.0043829	814.10	1171.7	5.9940	0.85237	1.1452	766.53	-0.048692	5.9811e-05	0.088347	supercritical
1138.4	816.00	227.99	0.0043862	814.97	1172.9	5.9950	0.85248	1.1453	766.74	-0.048717	5.9837e-05	0.088393	supercritical
1139.4	816.00	227.81	0.0043896	815.84	1174.0	5.9960	0.85258	1.1453	766.95	-0.048741	5.9862e-05	0.088438	supercritical
1140.4	816.00	227.64	0.0043930	816.71	1175.2	5.9970	0.85269	1.1454	767.16	-0.048765	5.9887e-05	0.088484	supercritical
1141.4	816.00	227.46	0.0043963	817.59	1176.3	5.9980	0.85280	1.1455	767.37	-0.048790	5.9913e-05	0.088529	supercritical
1142.4	816.00	227.29	0.0043997	818.46	1177.5	5.9991	0.85290	1.1455	767.58	-0.048814	5.9938e-05	0.088574	supercritical
1143.4	816.00	227.12	0.0044030	819.33	1178.6	6.0001	0.85301	1.1456	767.79	-0.048838	5.9964e-05	0.088620	supercritical
1144.4	816.00	226.94	0.0044064	820.20	1179.8	6.0011	0.85311	1.1456	768.00	-0.048863	5.9989e-05	0.088665	supercritical
1145.4	816.00	226.77	0.0044098	821.07	1180.9	6.0021	0.85322	1.1457	768.21	-0.048887	6.0014e-05	0.088711	supercritical
1146.4	816.00	226.60	0.0044131	821.94	1182.1	6.0031	0.85332	1.1457	768.43	-0.048911	6.0040e-05	0.088756	supercritical
1147.4	816.00	226.42	0.0044165	822.81	1183.2	6.0041	0.85343	1.1458	768.64	-0.048935	6.0065e-05	0.088802	supercritical
1148.4	816.00	226.25	0.0044199	823.69	1184.3	6.0051	0.85353	1.1458	768.85	-0.048959	6.0091e-05	0.088847	supercritical
1149.4	816.00	226.08	0.0044232	824.56	1185.5	6.0060	0.85364	1.1459	769.06	-0.048983	6.0116e-05	0.088893	supercritical
1150.4	816.00	225.91	0.0044266	825.43	1186.6	6.0070	0.85375	1.1459	769.27	-0.049007	6.0142e-05	0.088938	supercritical
1151.4	816.00	225.74	0.0044299	826.30	1187.8	6.0080	0.85385	1.1460	769.48	-0.049032	6.0167e-05	0.088984	supercritical
1152.4	816.00	225.57	0.0044333	827.17	1188.9	6.0090	0.85395	1.1460	769.69	-0.049055	6.0192e-05	0.089029	supercritical
1153.4	816.00	225.40	0.0044367	828.04	1190.1	6.0100	0.85406	1.1461	769.90	-0.049079	6.0218e-05	0.089075	supercritical
1154.4	816.00	225.22	0.0044400	828.92	1191.2	6.0110	0.85416	1.1461	770.11	-0.049103	6.0243e-05	0.089120	supercritical
1155.4	816.00	225.05	0.0044434	829.79	1192.4	6.0120	0.85427	1.1462	770.32	-0.049127	6.0269e-05	0.089166	supercritical
1156.4	816.00	224.88	0.0044467	830.66	1193.5	6.0130	0.85437	1.1462	770.53	-0.049151	6.0294e-05	0.089211	supercritical
1157.4	816.00	224.71	0.0044501	831.53	1194.7	6.0140	0.85448	1.1463	770.74	-0.049175	6.0319e-05	0.089257	supercritical
1158.4	816.00	224.55	0.0044534	832.40	1195.8	6.0150	0.85458	1.1463	770.95	-0.049199	6.0345e-05	0.089302	supercritical
1159.4	816.00	224.38	0.0044568	833.28	1197.0	6.0160	0.85468	1.1464	771.16	-0.049222	6.0370e-05	0.089348	supercritical
1160.4	816.00	224.21	0.0044602	834.15	1198.1	6.0170	0.85479	1.1465	771.37	-0.049246	6.0396e-05	0.089393	supercritical
1161.4	816.00	224.04	0.0044635	835.02	1199.2	6.0180	0.85489	1.1465	771.58	-0.049270	6.0421e-05	0.089439	supercritical
1162.4	816.00	223.87	0.0044669	835.89	1200.4	6.0189	0.85499	1.1466	771.79	-0.049294	6.0446e-05	0.089485	supercritical
1163.4	816.00	223.70	0.0044702	836.77	1201.5	6.0199	0.85510	1.1466	772.00	-0.049317	6.0472e-05	0.089530	supercritical
1164.4	816.00	223.53	0.0044736	837.64	1202.7	6.0209	0.85520	1.1467	772.21	-0.049341	6.0497e-05	0.089576	supercritical
1165.4	816.00	223.37	0.0044769	838.51	1203.8	6.0219	0.85530	1.1467	772.42	-0.049364	6.0523e-05	0.089621	supercritical
1166.4	816.00	223.20	0.0044803	839.39	1205.0	6.0229	0.85541	1.1468	772.63	-0.049388	6.0548e-05	0.089667	supercritical
1167.4	816.00	223.03	0.0044837	840.26	1206.1	6.0239	0.85551	1.1468	772.84	-0.049411	6.0573e-05	0.089712	supercritical
1168.4	816.00	222.87	0.0044870	841.13	1207.3	6.0248	0.85561	1.1469	773.05	-0.049435	6.0599e-05	0.089758	supercritical
1169.4	816.00	222.70	0.0044904	842.01	1208.4	6.0258	0.85571	1.1469	773.26	-0.049458	6.0624e-05	0.089804	supercritical
1170.4	816.00	222.53	0.0044937	842.88	1209.6	6.0268	0.85582	1.1470	773.47	-0.049482	6.0649e-05	0.089849	supercritical
1171.4	816.00	222.37	0.0044971	843.75	1210.7	6.0278	0.85592	1.1470	773.68	-0.049505	6.0675e-05	0.089895	supercritical
1172.4	816.00	222.20	0.0045004	844.63	1211.9	6.0288	0.85602	1.1471	773.89	-0.049528	6.0700e-05	0.089941	supercritical
1173.4	816.00	222.04	0.0045038	845.50	1213.0	6.0297	0.85612	1.1471	774.10	-0.049552	6.0726e-05	0.089986	supercritical
1174.4	816.00	221.87	0.0045071	846.37	1214.2	6.0307	0.85623	1.1472	774.31	-0.049575	6.0751e-05	0.090032	supercritical
1175.4	816.00	221.71	0.0045105	847.25	1215.3	6.0317	0.85633	1.1472	774.52	-0.049598	6.0776e-05	0.090077	supercritical
1176.4	816.00	221.54	0.0045138	848.12	1216.4	6.0327	0.85643	1.1473	774.73	-0.049621	6.0802e-05	0.090123	supercritical
1177.4	816.00	221.38	0.0045172	848.99	1217.6	6.0336	0.85653	1.1473	774.94	-0.049645	6.0827e-05	0.090169	supercritical
1178.4	816.00	221.21	0.0045205	849.87	1218.7	6.0346	0.85663	1.1474	775.15	-0.049668	6.0853e-05	0.090214	supercritical
1179.4	816.00	221.05	0.0045239	850.74	1219.9	6.0356	0.85673	1.1474	775.36	-0.049691	6.0878e-05	0.090260	supercritical
1180.4	816.00	220.88	0.0045273	851.61	1221.0	6.0366	0.85683	1.1475	775.57	-0.049714	6.0903e-05	0.090306	supercritical
1181.4	816.00	220.72	0.0045306	852.49	1222.2	6.0375	0.85693	1.1475	775.78	-0.049737	6.0929e-05	0.090351	supercritical
1182.4	816.00	220.56	0.0045340	853.36	1223.3	6.0385	0.85704	1.1476	775.99	-0.049760	6.0954e-05	0.090397	supercritical
1183.4	816.00	220.40	0.0045373	854.24	1224.5	6.0395	0.85714	1.1477	776.20	-0.049783	6.0979e-05	0.090443	supercritical
1184.4	816.00	220.23	0.0045407	855.11	1225.6	6.0405	0.85724	1.1477	776.41	-0.049806	6.1005e-05	0.090488	supercritical
1185.4	816.00	220.07	0.0045440	855.99	1226.8	6.0414	0.85734	1.1478	776.61	-0.049829	6.1030e-05	0.090534	supercritical
1186.4	816.00	219.91	0.0045474	856.86	1227.9	6.0424	0.85744	1.1478	776.82	-0.049852	6.1056e-05	0.090580	supercritical
1187.4	816.00	219.75	0.0045507	857.73	1229.1	6.0434	0.85754	1.1479	777.03	-0.049875	6.1081e-05	0.090626	supercritical
1188.4	816.00	219.58	0.0045541	858.61	1230.2	6.0443	0.85764	1.1479	777.24	-0.049897	6.1106e-05	0.090671	supercritical
1189.4	816.00	219.42	0.0045574	859.48	1231.4	6.0453	0.85774	1.1480	777.45	-0.049920	6.1132e-05	0.090717	supercritical
1190.4	816.00	219.26	0.0045608	860.36	1232.5	6.0463	0.85784	1.1480	777.66	-0.049943	6.1157e-05	0.090763	supercritical
1191.4	816.00	219.10	0.0045641	861.23	1233.7	6.0472	0.85794	1.1481	777.87	-0.049966	6.1182e-05	0.090808	supercritical
1192.4	816.00	218.94	0.0045675	862.11	1234.8	6.0482	0.85804	1.1481	778.08	-0.049988	6.1208e-05	0.090854	supercritical
1193.4	816.00	218.78	0.0045708	862.98	1236.0	6.0491	0.85814	1.1482	778.29	-0.050011	6.1233e-05	0.090900	supercritical
1194.4	816.00	218.62	0.0045742	863.86	1237.1	6.0501	0.85824	1.1482	778.49	-0.050034	6.1258e-05	0.090946	supercritical
1195.4	816.00	218.46	0.0045775	864.73	1238.3	6.0511	0.85834	1.1483	778.70	-0.050056	6.1284e-05	0.090991	supercritical
1196.4	816.00	218.30	0.0045809	865.61	1239.4	6.0520	0.85843	1.1483	778.91	-0.050079	6.1309e-05	0.091037	supercritical
1197.4	816.00	218.14	0.0045842	866.48	1240.6	6.0530	0.85853	1.1484	779.12	-0.050101	6.1334e-05	0.091083	supercritical
1198.4	816.00	217.98	0.0045876	867.36	1241.7	6.0539	0.85863	1.1484	779.33	-0.050124	6.1360e-05	0.091129	supercritical
1199.4	816.00	217.82	0.0045909	868.23	1242.8	6.0549	0.85873	1.1485	779.54	-0.050146	6.1385e-05	0.091174	supercritical
1200.4	816.00	217.66	0.0045942	869.11	1244.0	6.0559	0.85883	1.1485	779.75	-0.050169	6.1411e-05	0.091220	supercritical
1201.4	816.00	217.51	0.0045976	869.98	1245.1	6.0568	0.85893	1.1486	779.95	-0.050191	6.1436e-05	0.091266	supercritical
1202.4	816.00	217.35	0.0046009	870.86	1246.3	6.0578	0.85903	1.1486	780.16	-0.050214	6.1461e-05	0.091312	supercritical
1203.4	816.00	217.19	0.0046043	871.73	1247.4	6.0587	0.85913	1.1487	780.37	-0.050236	6.1487e-05	0.091358	supercritical
1204.4	816.00	217.03	0.0046076	872.61	1248.6	6.0597	0.85922	1.1487	780.58	-0.050258	6.1512e-05	0.091403	supercritical
1205.4	816.00	216.87	0.0046110	873.49	1249.7	6.0606	0.85932	1.1488	780.79	-0.050281	6.1537e-05	0.091449	supercritical
1206.4	816.00	216.72	0.0046143	874.36	1250.9	6.0616	0.85942	1.1488	781.00	-0.050303	6.1563e-05	0.091495	supercritical
1207.4	816.00	216.56	0.0046177	875.24	1252.0	6.0625	0.85952	1.1489	781.20	-0.050325	6.1588e-05	0.091541	supercritical
1208.4	816.00	216.40	0.0046210	876.11	1253.2	6.0635	0.85962	1.1490	781.41	-0.050347	6.1613e-05	0.091587	supercritical
1209.4	816.00	216.25	0.0046244	876.99	1254.3	6.0644	0.85971	1.1490	781.62	-0.050370	6.1639e-05	0.091632	supercritical
1210.4	816.00	216.09	0.0046277	877.87	1255.5	6.0654	0.85981	1.1491	781.83	-0.050392	6.1664e-05	0.091678	supercritical
1211.4	816.00	215.93	0.0046311	878.74	1256.6	6.0663	0.85991	1.1491	782.04	-0.050414	6.1689e-05	0.091724	supercritical
1212.4	816.00	215.78	0.0046344	879.62	1257.8	6.0673	0.86001	1.1492	782.24	-0.050436	6.1715e-05	0.091770	supercritical
1213.4	816.00	215.62	0.0046377	880.49	1258.9	6.0682	0.86010	1.1492	782.45	-0.050458	6.1740e-05	0.091816	supercritical
1214.4	816.00	215.47	0.0046411	881.37	1260.1	6.0692	0.86020	1.1493	782.66	-0.050480	6.1765e-05	0.091862	supercritical
1215.4	816.00	215.31	0.0046444	882.25	1261.2	6.0701	0.86030	1.1493	782.87	-0.050502	6.1791e-05	0.091907	supercritical
1216.4	816.00	215.16	0.0046478	883.12	1262.4	6.0711	0.86039	1.1494	783.08	-0.050524	6.1816e-05	0.091953	supercritical
1217.4	816.00	215.00	0.0046511	884.00	1263.5	6.0720	0.86049	1.1494	783.28	-0.050546	6.1841e-05	0.091999	supercritical
1218.4	816.00	214.85	0.0046545	884.88	1264.7	6.0730	0.86059	1.1495	783.49	-0.050568	6.1867e-05	0.092045	supercritical
1219.4	816.00	214.69	0.0046578	885.75	1265.8	6.0739	0.86068	1.1495	783.70	-0.050590	6.1892e-05	0.092091	supercritical
1220.4	816.00	214.54	0.0046611	886.63	1267.0	6.0748	0.86078	1.1496	783.91	-0.050611	6.1917e-05	0.092137	supercritical
1221.4	816.00	214.39	0.0046645	887.51	1268.1	6.0758	0.86088	1.1496	784.11	-0.050633	6.1943e-05	0.092183	supercritical
1222.4	816.00	214.23	0.0046678	888.38	1269.3	6.0767	0.86097	1.1497	784.32	-0.050655	6.1968e-05	0.092228	supercritical
1223.4	816.00	214.08	0.0046712	889.26	1270.4	6.0777	0.86107	1.1497	784.53	-0.050677	6.1993e-05	0.092274	supercritical
1224.4	816.00	213.93	0.0046745	890.14	1271.6	6.0786	0.86117	1.1498	784.74	-0.050699	6.2019e-05	0.092320	supercritical
1225.4	816.00	213.77	0.0046779	891.01	1272.7	6.0795	0.86126	1.1498	784.94	-0.050720	6.2044e-05	0.092366	supercritical
1226.4	816.00	213.62	0.0046812	891.89	1273.9	6.0805	0.86136	1.1499	785.15	-0.050742	6.2069e-05	0.092412	supercritical
1227.4	816.00	213.47	0.0046845	892.77	1275.0	6.0814	0.86145	1.1499	785.36	-0.050763	6.2094e-05	0.092458	supercritical
1228.4	816.00	213.32	0.0046879	893.65	1276.2	6.0824	0.86155	1.1500	785.57	-0.050785	6.2120e-05	0.092504	supercritical
1229.4	816.00	213.16	0.0046912	894.52	1277.3	6.0833	0.86164	1.1500	785.77	-0.050807	6.2145e-05	0.092550	supercritical
1230.4	816.00	213.01	0.0046946	895.40	1278.5	6.0842	0.86174	1.1501	785.98	-0.050828	6.2170e-05	0.092596	supercritical
1231.4	816.00	212.86	0.0046979	896.28	1279.6	6.0852	0.86183	1.1501	786.19	-0.050850	6.2196e-05	0.092642	supercritical
1232.4	816.00	212.71	0.0047012	897.16	1280.8	6.0861	0.86193	1.1502	786.39	-0.050871	6.2221e-05	0.092687	supercritical
1233.4	816.00	212.56	0.0047046	898.03	1281.9	6.0870	0.86202	1.1502	786.60	-0.050893	6.2246e-05	0.092733	supercritical
1234.4	816.00	212.41	0.0047079	898.91	1283.1	6.0880	0.86212	1.1503	786.81	-0.050914	6.2272e-05	0.092779	supercritical
1235.4	816.00	212.26	0.0047113	899.79	1284.2	6.0889	0.86221	1.1504	787.01	-0.050935	6.2297e-05	0.092825	supercritical
1236.4	816.00	212.11	0.0047146	900.67	1285.4	6.0898	0.86231	1.1504	787.22	-0.050957	6.2322e-05	0.092871	supercritical
1237.4	816.00	211.96	0.0047179	901.55	1286.5	6.0908	0.86240	1.1505	787.43	-0.050978	6.2347e-05	0.092917	supercritical
1238.4	816.00	211.81	0.0047213	902.42	1287.7	6.0917	0.86250	1.1505	787.63	-0.051000	6.2373e-05	0.092963	supercritical
1239.4	816.00	211.66	0.0047246	903.30	1288.8	6.0926	0.86259	1.1506	787.84	-0.051021	6.2398e-05	0.093009	supercritical
1240.4	816.00	211.51	0.0047280	904.18	1290.0	6.0935	0.86269	1.1506	788.05	-0.051042	6.2423e-05	0.093055	supercritical
1241.4	816.00	211.36	0.0047313	905.06	1291.1	6.0945	0.86278	1.1507	788.25	-0.051063	6.2449e-05	0.093101	supercritical
1242.4	816.00	211.21	0.0047346	905.94	1292.3	6.0954	0.86288	1.1507	788.46	-0.051084	6.2474e-05	0.093147	supercritical
1243.4	816.00	211.06	0.0047380	906.82	1293.4	6.0963	0.86297	1.1508	788.67	-0.051106	6.2499e-05	0.093193	supercritical
1244.4	816.00	210.91	0.0047413	907.69	1294.6	6.0972	0.86306	1.1508	788.87	-0.051127	6.2525e-05	0.093239	supercritical
1245.4	816.00	210.76	0.0047446	908.57	1295.7	6.0982	0.86316	1.1509	789.08	-0.051148	6.2550e-05	0.093285	supercritical
1246.4	816.00	210.62	0.0047480	909.45	1296.9	6.0991	0.86325	1.1509	789.29	-0.051169	6.2575e-05	0.093331	supercritical
1247.4	816.00	210.47	0.0047513	910.33	1298.0	6.1000	0.86335	1.1510	789.49	-0.051190	6.2600e-05	0.093377	supercritical
1248.4	816.00	210.32	0.0047547	911.21	1299.2	6.1009	0.86344	1.1510	789.70	-0.051211	6.2626e-05	0.093423	supercritical
1249.4	816.00	210.17	0.0047580	912.09	1300.3	6.1019	0.86353	1.1511	789.91	-0.051232	6.2651e-05	0.093469	supercritical
1250.4	816.00	210.03	0.0047613	912.97	1301.5	6.1028	0.86363	1.1511	790.11	-0.051253	6.2676e-05	0.093515	supercritical
1251.4	816.00	209.88	0.0047647	913.84	1302.6	6.1037	0.86372	1.1512	790.32	-0.051274	6.2701e-05	0.093561	supercritical
1252.4	816.00	209.73	0.0047680	914.72	1303.8	6.1046	0.86381	1.1512	790.52	-0.051295	6.2727e-05	0.093607	supercritical
1253.4	816.00	209.58	0.0047713	915.60	1304.9	6.1055	0.86391	1.1513	790.73	-0.051316	6.2752e-05	0.093653	supercritical
1254.4	816.00	209.44	0.0047747	916.48	1306.1	6.1065	0.86400	1.1513	790.94	-0.051336	6.2777e-05	0.093699	supercritical
1255.4	816.00	209.29	0.0047780	917.36	1307.2	6.1074	0.86409	1.1514	791.14	-0.051357	6.2803e-05	0.093745	supercritical
1256.4	816.00	209.15	0.0047813	918.24	1308.4	6.1083	0.86418	1.1514	791.35	-0.051378	6.2828e-05	0.093791	supercritical
1257.4	816.00	209.00	0.0047847	919.12	1309.5	6.1092	0.86428	1.1515	791.55	-0.051399	6.2853e-05	0.093837	supercritical
1258.4	816.00	208.86	0.0047880	920.00	1310.7	6.1101	0.86437	1.1515	791.76	-0.051420	6.2878e-05	0.093883	supercritical
1259.4	816.00	208.71	0.0047913	920.88	1311.9	6.1110	0.86446	1.1516	791.97	-0.051440	6.2904e-05	0.093929	supercritical
1260.4	816.00	208.56	0.0047947	921.76	1313.0	6.1120	0.86455	1.1516	792.17	-0.051461	6.2929e-05	0.093975	supercritical
1261.4	816.00	208.42	0.0047980	922.64	1314.2	6.1129	0.86465	1.1517	792.38	-0.051482	6.2954e-05	0.094021	supercritical
1262.4	816.00	208.27	0.0048013	923.52	1315.3	6.1138	0.86474	1.1517	792.58	-0.051502	6.2979e-05	0.094067	supercritical
1263.4	816.00	208.13	0.0048047	924.40	1316.5	6.1147	0.86483	1.1518	792.79	-0.051523	6.3005e-05	0.094113	supercritical
1264.4	816.00	207.99	0.0048080	925.28	1317.6	6.1156	0.86492	1.1519	792.99	-0.051543	6.3030e-05	0.094159	supercritical
1265.4	816.00	207.84	0.0048113	926.16	1318.8	6.1165	0.86502	1.1519	793.20	-0.051564	6.3055e-05	0.094205	supercritical
1266.4	816.00	207.70	0.0048147	927.04	1319.9	6.1174	0.86511	1.1520	793.40	-0.051584	6.3080e-05	0.094251	supercritical
1267.4	816.00	207.55	0.0048180	927.92	1321.1	6.1183	0.86520	1.1520	793.61	-0.051605	6.3106e-05	0.094297	supercritical
1268.4	816.00	207.41	0.0048213	928.80	1322.2	6.1192	0.86529	1.1521	793.82	-0.051625	6.3131e-05	0.094343	supercritical
1269.4	816.00	207.27	0.0048247	929.68	1323.4	6.1201	0.86538	1.1521	794.02	-0.051646	6.3156e-05	0.094389	supercritical
1270.4	816.00	207.12	0.0048280	930.56	1324.5	6.1211	0.86547	1.1522	794.23	-0.051666	6.3181e-05	0.094435	supercritical
1271.4	816.00	206.98	0.0048313	931.44	1325.7	6.1220	0.86556	1.1522	794.43	-0.051687	6.3206e-05	0.094481	supercritical
1272.4	816.00	206.84	0.0048347	932.32	1326.8	6.1229	0.86566	1.1523	794.64	-0.051707	6.3232e-05	0.094527	supercritical
1273.4	816.00	206.70	0.0048380	933.20	1328.0	6.1238	0.86575	1.1523	794.84	-0.051727	6.3257e-05	0.094573	supercritical
1274.4	816.00	206.55	0.0048413	934.08	1329.1	6.1247	0.86584	1.1524	795.05	-0.051748	6.3282e-05	0.094619	supercritical
1275.4	816.00	206.41	0.0048447	934.96	1330.3	6.1256	0.86593	1.1524	795.25	-0.051768	6.3307e-05	0.094665	supercritical
1276.4	816.00	206.27	0.0048480	935.84	1331.4	6.1265	0.86602	1.1525	795.46	-0.051788	6.3333e-05	0.094711	supercritical
1277.4	816.00	206.13	0.0048513	936.72	1332.6	6.1274	0.86611	1.1525	795.66	-0.051808	6.3358e-05	0.094757	supercritical
1278.4	816.00	205.99	0.0048547	937.60	1333.7	6.1283	0.86620	1.1526	795.87	-0.051828	6.3383e-05	0.094804	supercritical
1279.4	816.00	205.85	0.0048580	938.48	1334.9	6.1292	0.86629	1.1526	796.07	-0.051849	6.3408e-05	0.094850	supercritical
1280.4	816.00	205.71	0.0048613	939.36	1336.0	6.1301	0.86638	1.1527	796.28	-0.051869	6.3434e-05	0.094896	supercritical
1281.4	816.00	205.56	0.0048646	940.24	1337.2	6.1310	0.86647	1.1527	796.48	-0.051889	6.3459e-05	0.094942	supercritical
1282.4	816.00	205.42	0.0048680	941.13	1338.4	6.1319	0.86656	1.1528	796.69	-0.051909	6.3484e-05	0.094988	supercritical
1283.4	816.00	205.28	0.0048713	942.01	1339.5	6.1328	0.86666	1.1528	796.89	-0.051929	6.3509e-05	0.095034	supercritical
1284.4	816.00	205.14	0.0048746	942.89	1340.7	6.1337	0.86675	1.1529	797.09	-0.051949	6.3534e-05	0.095080	supercritical
1285.4	816.00	205.00	0.0048780	943.77	1341.8	6.1346	0.86684	1.1529	797.30	-0.051969	6.3560e-05	0.095126	supercritical
1286.4	816.00	204.86	0.0048813	944.65	1343.0	6.1355	0.86693	1.1530	797.50	-0.051989	6.3585e-05	0.095172	supercritical
1287.4	816.00	204.72	0.0048846	945.53	1344.1	6.1364	0.86702	1.1530	797.71	-0.052009	6.3610e-05	0.095218	supercritical
1288.4	816.00	204.58	0.0048879	946.41	1345.3	6.1373	0.86711	1.1531	797.91	-0.052029	6.3635e-05	0.095264	supercritical
1289.4	816.00	204.45	0.0048913	947.29	1346.4	6.1382	0.86720	1.1531	798.12	-0.052048	6.3660e-05	0.095311	supercritical
1290.4	816.00	204.31	0.0048946	948.18	1347.6	6.1391	0.86729	1.1532	798.32	-0.052068	6.3686e-05	0.095357	supercritical
1291.4	816.00	204.17	0.0048979	949.06	1348.7	6.1400	0.86737	1.1532	798.53	-0.052088	6.3711e-05	0.095403	supercritical
1292.4	816.00	204.03	0.0049013	949.94	1349.9	6.1408	0.86746	1.1533	798.73	-0.052108	6.3736e-05	0.095449	supercritical
1293.4	816.00	203.89	0.0049046	950.82	1351.0	6.1417	0.86755	1.1533	798.93	-0.052128	6.3761e-05	0.095495	supercritical
1294.4	816.00	203.75	0.0049079	951.70	1352.2	6.1426	0.86764	1.1534	799.14	-0.052147	6.3786e-05	0.095541	supercritical
1295.4	816.00	203.61	0.0049112	952.59	1353.3	6.1435	0.86773	1.1535	799.34	-0.052167	6.3812e-05	0.095587	supercritical
1296.4	816.00	203.48	0.0049146	953.47	1354.5	6.1444	0.86782	1.1535	799.55	-0.052187	6.3837e-05	0.095633	supercritical
1297.4	816.00	203.34	0.0049179	954.35	1355.6	6.1453	0.86791	1.1536	799.75	-0.052206	6.3862e-05	0.095680	supercritical
1298.4	816.00	203.20	0.0049212	955.23	1356.8	6.1462	0.86800	1.1536	799.95	-0.052226	6.3887e-05	0.095726	supercritical
1299.4	816.00	203.06	0.0049245	956.11	1358.0	6.1471	0.86809	1.1537	800.16	-0.052246	6.3912e-05	0.095772	supercritical
1300.4	816.00	202.93	0.0049279	957.00	1359.1	6.1480	0.86818	1.1537	800.36	-0.052265	6.3937e-05	0.095818	supercritical
1301.4	816.00	202.79	0.0049312	957.88	1360.3	6.1489	0.86827	1.1538	800.57	-0.052285	6.3963e-05	0.095864	supercritical
1302.4	816.00	202.65	0.0049345	958.76	1361.4	6.1497	0.86836	1.1538	800.77	-0.052304	6.3988e-05	0.095910	supercritical
1303.4	816.00	202.52	0.0049379	959.64	1362.6	6.1506	0.86844	1.1539	800.97	-0.052324	6.4013e-05	0.095956	supercritical
1304.4	816.00	202.38	0.0049412	960.53	1363.7	6.1515	0.86853	1.1539	801.18	-0.052343	6.4038e-05	0.096003	supercritical
1305.4	816.00	202.24	0.0049445	961.41	1364.9	6.1524	0.86862	1.1540	801.38	-0.052363	6.4063e-05	0.096049	supercritical
1306.4	816.00	202.11	0.0049478	962.29	1366.0	6.1533	0.86871	1.1540	801.58	-0.052382	6.4088e-05	0.096095	supercritical
1307.4	816.00	201.97	0.0049512	963.17	1367.2	6.1542	0.86880	1.1541	801.79	-0.052402	6.4114e-05	0.096141	supercritical
1308.4	816.00	201.84	0.0049545	964.06	1368.3	6.1550	0.86889	1.1541	801.99	-0.052421	6.4139e-05	0.096187	supercritical
1309.4	816.00	201.70	0.0049578	964.94	1369.5	6.1559	0.86898	1.1542	802.19	-0.052440	6.4164e-05	0.096233	supercritical
1310.4	816.00	201.57	0.0049611	965.82	1370.7	6.1568	0.86906	1.1542	802.40	-0.052460	6.4189e-05	0.096279	supercritical
1311.4	816.00	201.43	0.0049644	966.71	1371.8	6.1577	0.86915	1.1543	802.60	-0.052479	6.4214e-05	0.096326	supercritical
1312.4	816.00	201.30	0.0049678	967.59	1373.0	6.1586	0.86924	1.1543	802.80	-0.052498	6.4239e-05	0.096372	supercritical
1313.4	816.00	201.16	0.0049711	968.47	1374.1	6.1594	0.86933	1.1544	803.01	-0.052517	6.4265e-05	0.096418	supercritical
1314.4	816.00	201.03	0.0049744	969.36	1375.3	6.1603	0.86941	1.1544	803.21	-0.052537	6.4290e-05	0.096464	supercritical
1315.4	816.00	200.89	0.0049777	970.24	1376.4	6.1612	0.86950	1.1545	803.41	-0.052556	6.4315e-05	0.096510	supercritical
1316.4	816.00	200.76	0.0049811	971.12	1377.6	6.1621	0.86959	1.1545	803.62	-0.052575	6.4340e-05	0.096557	supercritical
1317.4	816.00	200.63	0.0049844	972.01	1378.7	6.1630	0.86968	1.1546	803.82	-0.052594	6.4365e-05	0.096603	supercritical
1318.4	816.00	200.49	0.0049877	972.89	1379.9	6.1638	0.86977	1.1546	804.02	-0.052613	6.4390e-05	0.096649	supercritical
1319.4	816.00	200.36	0.0049910	973.77	1381.0	6.1647	0.86985	1.1547	804.22	-0.052632	6.4415e-05	0.096695	supercritical
1320.4	816.00	200.23	0.0049944	974.66	1382.2	6.1656	0.86994	1.1547	804.43	-0.052651	6.4441e-05	0.096741	supercritical
1321.4	816.00	200.09	0.0049977	975.54	1383.4	6.1665	0.87003	1.1548	804.63	-0.052670	6.4466e-05	0.096787	supercritical
1322.4	816.00	199.96	0.0050010	976.42	1384.5	6.1673	0.87011	1.1548	804.83	-0.052689	6.4491e-05	0.096834	supercritical
1323.4	816.00	199.83	0.0050043	977.31	1385.7	6.1682	0.87020	1.1549	805.04	-0.052708	6.4516e-05	0.096880	supercritical
1324.4	816.00	199.69	0.0050076	978.19	1386.8	6.1691	0.87029	1.1549	805.24	-0.052727	6.4541e-05	0.096926	supercritical
1325.4	816.00	199.56	0.0050110	979.08	1388.0	6.1699	0.87038	1.1550	805.44	-0.052746	6.4566e-05	0.096972	supercritical
1326.4	816.00	199.43	0.0050143	979.96	1389.1	6.1708	0.87046	1.1550	805.64	-0.052765	6.4591e-05	0.097018	supercritical
1327.4	816.00	199.30	0.0050176	980.84	1390.3	6.1717	0.87055	1.1551	805.85	-0.052784	6.4616e-05	0.097065	supercritical
1328.4	816.00	199.17	0.0050209	981.73	1391.4	6.1726	0.87064	1.1552	806.05	-0.052803	6.4642e-05	0.097111	supercritical
1329.4	816.00	199.03	0.0050242	982.61	1392.6	6.1734	0.87072	1.1552	806.25	-0.052822	6.4667e-05	0.097157	supercritical
1330.4	816.00	198.90	0.0050276	983.50	1393.7	6.1743	0.87081	1.1553	806.45	-0.052840	6.4692e-05	0.097203	supercritical
1331.4	816.00	198.77	0.0050309	984.38	1394.9	6.1752	0.87090	1.1553	806.66	-0.052859	6.4717e-05	0.097249	supercritical
1332.4	816.00	198.64	0.0050342	985.26	1396.1	6.1760	0.87098	1.1554	806.86	-0.052878	6.4742e-05	0.097296	supercritical
1333.4	816.00	198.51	0.0050375	986.15	1397.2	6.1769	0.87107	1.1554	807.06	-0.052897	6.4767e-05	0.097342	supercritical
1334.4	816.00	198.38	0.0050408	987.03	1398.4	6.1778	0.87116	1.1555	807.26	-0.052915	6.4792e-05	0.097388	supercritical
1335.4	816.00	198.25	0.0050442	987.92	1399.5	6.1786	0.87124	1.1555	807.46	-0.052934	6.4817e-05	0.097434	supercritical
1336.4	816.00	198.12	0.0050475	988.80	1400.7	6.1795	0.87133	1.1556	807.67	-0.052953	6.4842e-05	0.097481	supercritical
1337.4	816.00	197.99	0.0050508	989.69	1401.8	6.1804	0.87141	1.1556	807.87	-0.052971	6.4868e-05	0.097527	supercritical
1338.4	816.00	197.86	0.0050541	990.57	1403.0	6.1812	0.87150	1.1557	808.07	-0.052990	6.4893e-05	0.097573	supercritical
1339.4	816.00	197.73	0.0050574	991.46	1404.1	6.1821	0.87159	1.1557	808.27	-0.053008	6.4918e-05	0.097619	supercritical
1340.4	816.00	197.60	0.0050608	992.34	1405.3	6.1830	0.87167	1.1558	808.47	-0.053027	6.4943e-05	0.097665	supercritical
1341.4	816.00	197.47	0.0050641	993.23	1406.5	6.1838	0.87176	1.1558	808.68	-0.053045	6.4968e-05	0.097712	supercritical
1342.4	816.00	197.34	0.0050674	994.11	1407.6	6.1847	0.87184	1.1559	808.88	-0.053064	6.4993e-05	0.097758	supercritical
1343.4	816.00	197.21	0.0050707	995.00	1408.8	6.1855	0.87193	1.1559	809.08	-0.053082	6.5018e-05	0.097804	supercritical
1344.4	816.00	197.08	0.0050740	995.88	1409.9	6.1864	0.87202	1.1560	809.28	-0.053101	6.5043e-05	0.097850	supercritical
1345.4	816.00	196.95	0.0050773	996.77	1411.1	6.1873	0.87210	1.1560	809.48	-0.053119	6.5068e-05	0.097897	supercritical
1346.4	816.00	196.82	0.0050807	997.65	1412.2	6.1881	0.87219	1.1561	809.69	-0.053138	6.5093e-05	0.097943	supercritical
1347.4	816.00	196.70	0.0050840	998.54	1413.4	6.1890	0.87227	1.1561	809.89	-0.053156	6.5118e-05	0.097989	supercritical
1348.4	816.00	196.57	0.0050873	999.42	1414.5	6.1898	0.87236	1.1562	810.09	-0.053174	6.5144e-05	0.098035	supercritical
1349.4	816.00	196.44	0.0050906	1000.3	1415.7	6.1907	0.87244	1.1562	810.29	-0.053193	6.5169e-05	0.098082	supercritical
1350.4	816.00	196.31	0.0050939	1001.2	1416.9	6.1915	0.87253	1.1563	810.49	-0.053211	6.5194e-05	0.098128	supercritical
1351.4	816.00	196.18	0.0050973	1002.1	1418.0	6.1924	0.87261	1.1563	810.69	-0.053229	6.5219e-05	0.098174	supercritical
1352.4	816.00	196.06	0.0051006	1003.0	1419.2	6.1933	0.87270	1.1564	810.89	-0.053247	6.5244e-05	0.098220	supercritical
1353.4	816.00	195.93	0.0051039	1003.9	1420.3	6.1941	0.87278	1.1564	811.10	-0.053266	6.5269e-05	0.098267	supercritical
1354.4	816.00	195.80	0.0051072	1004.7	1421.5	6.1950	0.87287	1.1565	811.30	-0.053284	6.5294e-05	0.098313	supercritical
1355.4	816.00	195.67	0.0051105	1005.6	1422.6	6.1958	0.87295	1.1565	811.50	-0.053302	6.5319e-05	0.098359	supercritical
1356.4	816.00	195.55	0.0051138	1006.5	1423.8	6.1967	0.87304	1.1566	811.70	-0.053320	6.5344e-05	0.098405	supercritical
1357.4	816.00	195.42	0.0051171	1007.4	1425.0	6.1975	0.87312	1.1566	811.90	-0.053338	6.5369e-05	0.098452	supercritical
1358.4	816.00	195.29	0.0051205	1008.3	1426.1	6.1984	0.87321	1.1567	812.10	-0.053356	6.5394e-05	0.098498	supercritical
1359.4	816.00	195.17	0.0051238	1009.2	1427.3	6.1992	0.87329	1.1568	812.30	-0.053374	6.5419e-05	0.098544	supercritical
1360.4	816.00	195.04	0.0051271	1010.1	1428.4	6.2001	0.87338	1.1568	812.50	-0.053392	6.5444e-05	0.098590	supercritical
1361.4	816.00	194.92	0.0051304	1010.9	1429.6	6.2009	0.87346	1.1569	812.70	-0.053410	6.5469e-05	0.098637	supercritical
1362.4	816.00	194.79	0.0051337	1011.8	1430.7	6.2018	0.87355	1.1569	812.90	-0.053428	6.5494e-05	0.098683	supercritical
1363.4	816.00	194.66	0.0051370	1012.7	1431.9	6.2026	0.87363	1.1570	813.11	-0.053446	6.5519e-05	0.098729	supercritical
1364.4	816.00	194.54	0.0051404	1013.6	1433.1	6.2035	0.87371	1.1570	813.31	-0.053464	6.5544e-05	0.098776	supercritical
1365.4	816.00	194.41	0.0051437	1014.5	1434.2	6.2043	0.87380	1.1571	813.51	-0.053482	6.5570e-05	0.098822	supercritical
1366.4	816.00	194.29	0.0051470	1015.4	1435.4	6.2052	0.87388	1.1571	813.71	-0.053500	6.5595e-05	0.098868	supercritical
1367.4	816.00	194.16	0.0051503	1016.3	1436.5	6.2060	0.87397	1.1572	813.91	-0.053518	6.5620e-05	0.098914	supercritical
1368.4	816.00	194.04	0.0051536	1017.1	1437.7	6.2069	0.87405	1.1572	814.11	-0.053536	6.5645e-05	0.098961	supercritical
1369.4	816.00	193.91	0.0051569	1018.0	1438.8	6.2077	0.87414	1.1573	814.31	-0.053554	6.5670e-05	0.099007	supercritical
1370.4	816.00	193.79	0.0051602	1018.9	1440.0	6.2086	0.87422	1.1573	814.51	-0.053572	6.5695e-05	0.099053	supercritical
1371.4	816.00	193.67	0.0051635	1019.8	1441.2	6.2094	0.87430	1.1574	814.71	-0.053589	6.5720e-05	0.099099	supercritical
1372.4	816.00	193.54	0.0051669	1020.7	1442.3	6.2102	0.87439	1.1574	814.91	-0.053607	6.5745e-05	0.099146	supercritical
1373.4	816.00	193.42	0.0051702	1021.6	1443.5	6.2111	0.87447	1.1575	815.11	-0.053625	6.5770e-05	0.099192	supercritical
1374.4	816.00	193.29	0.0051735	1022.5	1444.6	6.2119	0.87455	1.1575	815.31	-0.053642	6.5795e-05	0.099238	supercritical
1375.4	816.00	193.17	0.0051768	1023.4	1445.8	6.2128	0.87464	1.1576	815.51	-0.053660	6.5820e-05	0.099285	supercritical
1376.4	816.00	193.05	0.0051801	1024.2	1446.9	6.2136	0.87472	1.1576	815.71	-0.053678	6.5845e-05	0.099331	supercritical
1377.4	816.00	192.92	0.0051834	1025.1	1448.1	6.2144	0.87481	1.1577	815.91	-0.053695	6.5870e-05	0.099377	supercritical
1378.4	816.00	192.80	0.0051867	1026.0	1449.3	6.2153	0.87489	1.1577	816.11	-0.053713	6.5895e-05	0.099423	supercritical
1379.4	816.00	192.68	0.0051900	1026.9	1450.4	6.2161	0.87497	1.1578	816.31	-0.053731	6.5920e-05	0.099470	supercritical
1380.4	816.00	192.55	0.0051934	1027.8	1451.6	6.2170	0.87506	1.1578	816.51	-0.053748	6.5945e-05	0.099516	supercritical
1381.4	816.00	192.43	0.0051967	1028.7	1452.7	6.2178	0.87514	1.1579	816.71	-0.053766	6.5970e-05	0.099562	supercritical
1382.4	816.00	192.31	0.0052000	1029.6	1453.9	6.2186	0.87522	1.1579	816.91	-0.053783	6.5995e-05	0.099609	supercritical
1383.4	816.00	192.19	0.0052033	1030.5	1455.0	6.2195	0.87531	1.1580	817.11	-0.053801	6.6020e-05	0.099655	supercritical
1384.4	816.00	192.06	0.0052066	1031.3	1456.2	6.2203	0.87539	1.1580	817.31	-0.053818	6.6045e-05	0.099701	supercritical
1385.4	816.00	191.94	0.0052099	1032.2	1457.4	6.2212	0.87547	1.1581	817.51	-0.053836	6.6070e-05	0.099748	supercritical
1386.4	816.00	191.82	0.0052132	1033.1	1458.5	6.2220	0.87555	1.1581	817.71	-0.053853	6.6095e-05	0.099794	supercritical
1387.4	816.00	191.70	0.0052165	1034.0	1459.7	6.2228	0.87564	1.1582	817.91	-0.053870	6.6120e-05	0.099840	supercritical
1388.4	816.00	191.58	0.0052198	1034.9	1460.8	6.2237	0.87572	1.1583	818.11	-0.053888	6.6145e-05	0.099887	supercritical
1389.4	816.00	191.46	0.0052232	1035.8	1462.0	6.2245	0.87580	1.1583	818.31	-0.053905	6.6170e-05	0.099933	supercritical
1390.4	816.00	191.33	0.0052265	1036.7	1463.2	6.2253	0.87589	1.1584	818.51	-0.053922	6.6195e-05	0.099979	supercritical
1391.4	816.00	191.21	0.0052298	1037.6	1464.3	6.2262	0.87597	1.1584	818.71	-0.053940	6.6220e-05	0.10003	supercritical
1392.4	816.00	191.09	0.0052331	1038.5	1465.5	6.2270	0.87605	1.1585	818.91	-0.053957	6.6245e-05	0.10007	supercritical
1393.4	816.00	190.97	0.0052364	1039.3	1466.6	6.2278	0.87613	1.1585	819.11	-0.053974	6.6270e-05	0.10012	supercritical
1394.4	816.00	190.85	0.0052397	1040.2	1467.8	6.2287	0.87622	1.1586	819.31	-0.053992	6.6295e-05	0.10016	supercritical
1395.4	816.00	190.73	0.0052430	1041.1	1468.9	6.2295	0.87630	1.1586	819.50	-0.054009	6.6320e-05	0.10021	supercritical
1396.4	816.00	190.61	0.0052463	1042.0	1470.1	6.2303	0.87638	1.1587	819.70	-0.054026	6.6345e-05	0.10026	supercritical
1397.4	816.00	190.49	0.0052496	1042.9	1471.3	6.2311	0.87646	1.1587	819.90	-0.054043	6.6370e-05	0.10030	supercritical
1398.4	816.00	190.37	0.0052529	1043.8	1472.4	6.2320	0.87655	1.1588	820.10	-0.054060	6.6395e-05	0.10035	supercritical
1399.4	816.00	190.25	0.0052562	1044.7	1473.6	6.2328	0.87663	1.1588	820.30	-0.054077	6.6420e-05	0.10040	supercritical
1400.4	816.00	190.13	0.0052596	1045.6	1474.7	6.2336	0.87671	1.1589	820.50	-0.054094	6.6444e-05	0.10044	supercritical
1401.4	816.00	190.01	0.0052629	1046.4	1475.9	6.2345	0.87679	1.1589	820.70	-0.054111	6.6469e-05	0.10049	supercritical
1402.4	816.00	189.89	0.0052662	1047.3	1477.1	6.2353	0.87688	1.1590	820.90	-0.054129	6.6494e-05	0.10053	supercritical
1403.4	816.00	189.77	0.0052695	1048.2	1478.2	6.2361	0.87696	1.1590	821.10	-0.054146	6.6519e-05	0.10058	supercritical
1404.4	816.00	189.65	0.0052728	1049.1	1479.4	6.2369	0.87704	1.1591	821.30	-0.054163	6.6544e-05	0.10063	supercritical
1405.4	816.00	189.53	0.0052761	1050.0	1480.5	6.2378	0.87712	1.1591	821.49	-0.054180	6.6569e-05	0.10067	supercritical
1406.4	816.00	189.42	0.0052794	1050.9	1481.7	6.2386	0.87720	1.1592	821.69	-0.054196	6.6594e-05	0.10072	supercritical
1407.4	816.00	189.30	0.0052827	1051.8	1482.9	6.2394	0.87728	1.1592	821.89	-0.054213	6.6619e-05	0.10077	supercritical
1408.4	816.00	189.18	0.0052860	1052.7	1484.0	6.2402	0.87737	1.1593	822.09	-0.054230	6.6644e-05	0.10081	supercritical
1409.4	816.00	189.06	0.0052893	1053.6	1485.2	6.2411	0.87745	1.1593	822.29	-0.054247	6.6669e-05	0.10086	supercritical
1410.4	816.00	188.94	0.0052926	1054.5	1486.3	6.2419	0.87753	1.1594	822.49	-0.054264	6.6694e-05	0.10091	supercritical
1411.4	816.00	188.82	0.0052959	1055.3	1487.5	6.2427	0.87761	1.1594	822.69	-0.054281	6.6719e-05	0.10095	supercritical
1412.4	816.00	188.71	0.0052992	1056.2	1488.7	6.2435	0.87769	1.1595	822.88	-0.054298	6.6744e-05	0.10100	supercritical
1413.4	816.00	188.59	0.0053025	1057.1	1489.8	6.2443	0.87777	1.1595	823.08	-0.054314	6.6769e-05	0.10104	supercritical
1414.4	816.00	188.47	0.0053059	1058.0	1491.0	6.2452	0.87786	1.1596	823.28	-0.054331	6.6794e-05	0.10109	supercritical
1415.4	816.00	188.35	0.0053092	1058.9	1492.1	6.2460	0.87794	1.1597	823.48	-0.054348	6.6819e-05	0.10114	supercritical
1416.4	816.00	188.24	0.0053125	1059.8	1493.3	6.2468	0.87802	1.1597	823.68	-0.054365	6.6844e-05	0.10118	supercritical
1417.4	816.00	188.12	0.0053158	1060.7	1494.4	6.2476	0.87810	1.1598	823.88	-0.054381	6.6868e-05	0.10123	supercritical
1418.4	816.00	188.00	0.0053191	1061.6	1495.6	6.2484	0.87818	1.1598	824.07	-0.054398	6.6893e-05	0.10128	supercritical
1419.4	816.00	187.89	0.0053224	1062.5	1496.8	6.2493	0.87826	1.1599	824.27	-0.054415	6.6918e-05	0.10132	supercritical
1420.4	816.00	187.77	0.0053257	1063.4	1497.9	6.2501	0.87834	1.1599	824.47	-0.054431	6.6943e-05	0.10137	supercritical
1421.4	816.00	187.65	0.0053290	1064.2	1499.1	6.2509	0.87843	1.1600	824.67	-0.054448	6.6968e-05	0.10142	supercritical
1422.4	816.00	187.54	0.0053323	1065.1	1500.2	6.2517	0.87851	1.1600	824.87	-0.054465	6.6993e-05	0.10146	supercritical
1423.4	816.00	187.42	0.0053356	1066.0	1501.4	6.2525	0.87859	1.1601	825.06	-0.054481	6.7018e-05	0.10151	supercritical
1424.4	816.00	187.30	0.0053389	1066.9	1502.6	6.2533	0.87867	1.1601	825.26	-0.054498	6.7043e-05	0.10155	supercritical
1425.4	816.00	187.19	0.0053422	1067.8	1503.7	6.2541	0.87875	1.1602	825.46	-0.054514	6.7068e-05	0.10160	supercritical
1426.4	816.00	187.07	0.0053455	1068.7	1504.9	6.2550	0.87883	1.1602	825.66	-0.054531	6.7093e-05	0.10165	supercritical
1427.4	816.00	186.96	0.0053488	1069.6	1506.0	6.2558	0.87891	1.1603	825.85	-0.054547	6.7118e-05	0.10169	supercritical
1428.4	816.00	186.84	0.0053521	1070.5	1507.2	6.2566	0.87899	1.1603	826.05	-0.054564	6.7142e-05	0.10174	supercritical
1429.4	816.00	186.73	0.0053554	1071.4	1508.4	6.2574	0.87907	1.1604	826.25	-0.054580	6.7167e-05	0.10179	supercritical
1430.4	816.00	186.61	0.0053587	1072.3	1509.5	6.2582	0.87915	1.1604	826.45	-0.054596	6.7192e-05	0.10183	supercritical
1431.4	816.00	186.50	0.0053620	1073.1	1510.7	6.2590	0.87923	1.1605	826.65	-0.054613	6.7217e-05	0.10188	supercritical
1432.4	816.00	186.38	0.0053653	1074.0	1511.9	6.2598	0.87931	1.1605	826.84	-0.054629	6.7242e-05	0.10193	supercritical
1433.4	816.00	186.27	0.0053686	1074.9	1513.0	6.2606	0.87940	1.1606	827.04	-0.054645	6.7267e-05	0.10197	supercritical
1434.4	816.00	186.15	0.0053719	1075.8	1514.2	6.2615	0.87948	1.1606	827.24	-0.054662	6.7292e-05	0.10202	supercritical
1435.4	816.00	186.04	0.0053752	1076.7	1515.3	6.2623	0.87956	1.1607	827.43	-0.054678	6.7317e-05	0.10206	supercritical
1436.4	816.00	185.92	0.0053785	1077.6	1516.5	6.2631	0.87964	1.1607	827.63	-0.054694	6.7342e-05	0.10211	supercritical
1437.4	816.00	185.81	0.0053818	1078.5	1517.7	6.2639	0.87972	1.1608	827.83	-0.054711	6.7366e-05	0.10216	supercritical
1438.4	816.00	185.70	0.0053851	1079.4	1518.8	6.2647	0.87980	1.1609	828.03	-0.054727	6.7391e-05	0.10220	supercritical
1439.4	816.00	185.58	0.0053885	1080.3	1520.0	6.2655	0.87988	1.1609	828.22	-0.054743	6.7416e-05	0.10225	supercritical
1440.4	816.00	185.47	0.0053918	1081.2	1521.1	6.2663	0.87996	1.1610	828.42	-0.054759	6.7441e-05	0.10230	supercritical
1441.4	816.00	185.35	0.0053951	1082.1	1522.3	6.2671	0.88004	1.1610	828.62	-0.054775	6.7466e-05	0.10234	supercritical
1442.4	816.00	185.24	0.0053984	1083.0	1523.5	6.2679	0.88012	1.1611	828.81	-0.054792	6.7491e-05	0.10239	supercritical
1443.4	816.00	185.13	0.0054017	1083.8	1524.6	6.2687	0.88020	1.1611	829.01	-0.054808	6.7516e-05	0.10244	supercritical
1444.4	816.00	185.02	0.0054050	1084.7	1525.8	6.2695	0.88028	1.1612	829.21	-0.054824	6.7540e-05	0.10248	supercritical
1445.4	816.00	184.90	0.0054083	1085.6	1526.9	6.2703	0.88036	1.1612	829.40	-0.054840	6.7565e-05	0.10253	supercritical
1446.4	816.00	184.79	0.0054116	1086.5	1528.1	6.2711	0.88044	1.1613	829.60	-0.054856	6.7590e-05	0.10257	supercritical
1447.4	816.00	184.68	0.0054149	1087.4	1529.3	6.2719	0.88052	1.1613	829.80	-0.054872	6.7615e-05	0.10262	supercritical
1448.4	816.00	184.56	0.0054182	1088.3	1530.4	6.2727	0.88060	1.1614	830.00	-0.054888	6.7640e-05	0.10267	supercritical
1449.4	816.00	184.45	0.0054215	1089.2	1531.6	6.2735	0.88068	1.1614	830.19	-0.054904	6.7665e-05	0.10271	supercritical
1450.4	816.00	184.34	0.0054248	1090.1	1532.7	6.2743	0.88076	1.1615	830.39	-0.054920	6.7690e-05	0.10276	supercritical
1451.4	816.00	184.23	0.0054281	1091.0	1533.9	6.2751	0.88084	1.1615	830.58	-0.054936	6.7714e-05	0.10281	supercritical
1452.4	816.00	184.12	0.0054314	1091.9	1535.1	6.2759	0.88092	1.1616	830.78	-0.054952	6.7739e-05	0.10285	supercritical
1453.4	816.00	184.00	0.0054347	1092.8	1536.2	6.2767	0.88100	1.1616	830.98	-0.054968	6.7764e-05	0.10290	supercritical
1454.4	816.00	183.89	0.0054380	1093.7	1537.4	6.2775	0.88108	1.1617	831.17	-0.054984	6.7789e-05	0.10295	supercritical
1455.4	816.00	183.78	0.0054413	1094.5	1538.6	6.2783	0.88116	1.1617	831.37	-0.054999	6.7814e-05	0.10299	supercritical
1456.4	816.00	183.67	0.0054446	1095.4	1539.7	6.2791	0.88123	1.1618	831.57	-0.055015	6.7839e-05	0.10304	supercritical
1457.4	816.00	183.56	0.0054479	1096.3	1540.9	6.2799	0.88131	1.1618	831.76	-0.055031	6.7863e-05	0.10308	supercritical
1458.4	816.00	183.45	0.0054512	1097.2	1542.0	6.2807	0.88139	1.1619	831.96	-0.055047	6.7888e-05	0.10313	supercritical
1459.4	816.00	183.34	0.0054545	1098.1	1543.2	6.2815	0.88147	1.1619	832.16	-0.055063	6.7913e-05	0.10318	supercritical
1460.4	816.00	183.23	0.0054578	1099.0	1544.4	6.2823	0.88155	1.1620	832.35	-0.055078	6.7938e-05	0.10322	supercritical
1461.4	816.00	183.11	0.0054611	1099.9	1545.5	6.2831	0.88163	1.1621	832.55	-0.055094	6.7963e-05	0.10327	supercritical
1462.4	816.00	183.00	0.0054644	1100.8	1546.7	6.2839	0.88171	1.1621	832.74	-0.055110	6.7988e-05	0.10332	supercritical
1463.4	816.00	182.89	0.0054677	1101.7	1547.9	6.2847	0.88179	1.1622	832.94	-0.055126	6.8012e-05	0.10336	supercritical
1464.4	816.00	182.78	0.0054710	1102.6	1549.0	6.2855	0.88187	1.1622	833.14	-0.055141	6.8037e-05	0.10341	supercritical
1465.4	816.00	182.67	0.0054743	1103.5	1550.2	6.2863	0.88195	1.1623	833.33	-0.055157	6.8062e-05	0.10346	supercritical
1466.4	816.00	182.56	0.0054776	1104.4	1551.3	6.2871	0.88203	1.1623	833.53	-0.055172	6.8087e-05	0.10350	supercritical
1467.4	816.00	182.45	0.0054809	1105.3	1552.5	6.2879	0.88211	1.1624	833.72	-0.055188	6.8112e-05	0.10355	supercritical
1468.4	816.00	182.34	0.0054842	1106.2	1553.7	6.2887	0.88219	1.1624	833.92	-0.055204	6.8136e-05	0.10359	supercritical
1469.4	816.00	182.23	0.0054874	1107.1	1554.8	6.2895	0.88226	1.1625	834.11	-0.055219	6.8161e-05	0.10364	supercritical
1470.4	816.00	182.12	0.0054907	1107.9	1556.0	6.2902	0.88234	1.1625	834.31	-0.055235	6.8186e-05	0.10369	supercritical
1471.4	816.00	182.02	0.0054940	1108.8	1557.2	6.2910	0.88242	1.1626	834.51	-0.055250	6.8211e-05	0.10373	supercritical
1472.4	816.00	181.91	0.0054973	1109.7	1558.3	6.2918	0.88250	1.1626	834.70	-0.055266	6.8236e-05	0.10378	supercritical
1473.4	816.00	181.80	0.0055006	1110.6	1559.5	6.2926	0.88258	1.1627	834.90	-0.055281	6.8260e-05	0.10383	supercritical
1474.4	816.00	181.69	0.0055039	1111.5	1560.6	6.2934	0.88266	1.1627	835.09	-0.055297	6.8285e-05	0.10387	supercritical
1475.4	816.00	181.58	0.0055072	1112.4	1561.8	6.2942	0.88274	1.1628	835.29	-0.055312	6.8310e-05	0.10392	supercritical
1476.4	816.00	181.47	0.0055105	1113.3	1563.0	6.2950	0.88282	1.1628	835.48	-0.055328	6.8335e-05	0.10397	supercritical
1477.4	816.00	181.36	0.0055138	1114.2	1564.1	6.2958	0.88289	1.1629	835.68	-0.055343	6.8359e-05	0.10401	supercritical
1478.4	816.00	181.25	0.0055171	1115.1	1565.3	6.2966	0.88297	1.1629	835.87	-0.055358	6.8384e-05	0.10406	supercritical
1479.4	816.00	181.15	0.0055204	1116.0	1566.5	6.2973	0.88305	1.1630	836.07	-0.055374	6.8409e-05	0.10410	supercritical
1480.4	816.00	181.04	0.0055237	1116.9	1567.6	6.2981	0.88313	1.1631	836.26	-0.055389	6.8434e-05	0.10415	supercritical
1481.4	816.00	180.93	0.0055270	1117.8	1568.8	6.2989	0.88321	1.1631	836.46	-0.055404	6.8459e-05	0.10420	supercritical
1482.4	816.00	180.82	0.0055303	1118.7	1569.9	6.2997	0.88329	1.1632	836.65	-0.055420	6.8483e-05	0.10424	supercritical
1483.4	816.00	180.71	0.0055336	1119.6	1571.1	6.3005	0.88337	1.1632	836.85	-0.055435	6.8508e-05	0.10429	supercritical
1484.4	816.00	180.61	0.0055369	1120.5	1572.3	6.3013	0.88344	1.1633	837.04	-0.055450	6.8533e-05	0.10434	supercritical
1485.4	816.00	180.50	0.0055402	1121.4	1573.4	6.3021	0.88352	1.1633	837.24	-0.055465	6.8558e-05	0.10438	supercritical
1486.4	816.00	180.39	0.0055435	1122.2	1574.6	6.3028	0.88360	1.1634	837.43	-0.055480	6.8582e-05	0.10443	supercritical
1487.4	816.00	180.28	0.0055468	1123.1	1575.8	6.3036	0.88368	1.1634	837.63	-0.055496	6.8607e-05	0.10448	supercritical
1488.4	816.00	180.18	0.0055501	1124.0	1576.9	6.3044	0.88376	1.1635	837.82	-0.055511	6.8632e-05	0.10452	supercritical
1489.4	816.00	180.07	0.0055534	1124.9	1578.1	6.3052	0.88383	1.1635	838.02	-0.055526	6.8657e-05	0.10457	supercritical
1490.4	816.00	179.96	0.0055567	1125.8	1579.2	6.3060	0.88391	1.1636	838.21	-0.055541	6.8681e-05	0.10461	supercritical
1491.4	816.00	179.86	0.0055600	1126.7	1580.4	6.3067	0.88399	1.1636	838.41	-0.055556	6.8706e-05	0.10466	supercritical
1492.4	816.00	179.75	0.0055633	1127.6	1581.6	6.3075	0.88407	1.1637	838.60	-0.055571	6.8731e-05	0.10471	supercritical
1493.4	816.00	179.64	0.0055666	1128.5	1582.7	6.3083	0.88415	1.1637	838.80	-0.055586	6.8756e-05	0.10475	supercritical
1494.4	816.00	179.54	0.0055698	1129.4	1583.9	6.3091	0.88423	1.1638	838.99	-0.055601	6.8780e-05	0.10480	supercritical
1495.4	816.00	179.43	0.0055731	1130.3	1585.1	6.3099	0.88430	1.1638	839.18	-0.055616	6.8805e-05	0.10485	supercritical
1496.4	816.00	179.33	0.0055764	1131.2	1586.2	6.3106	0.88438	1.1639	839.38	-0.055631	6.8830e-05	0.10489	supercritical
1497.4	816.00	179.22	0.0055797	1132.1	1587.4	6.3114	0.88446	1.1639	839.57	-0.055646	6.8855e-05	0.10494	supercritical
1498.4	816.00	179.11	0.0055830	1133.0	1588.6	6.3122	0.88454	1.1640	839.77	-0.055661	6.8879e-05	0.10499	supercritical
1499.4	816.00	179.01	0.0055863	1133.9	1589.7	6.3130	0.88461	1.1641	839.96	-0.055676	6.8904e-05	0.10503	supercritical
1500.4	816.00	178.90	0.0055896	1134.8	1590.9	6.3137	0.88469	1.1641	840.16	-0.055691	6.8929e-05	0.10508	supercritical
1501.4	816.00	178.80	0.0055929	1135.7	1592.1	6.3145	0.88477	1.1642	840.35	-0.055706	6.8954e-05	0.10513	supercritical
1502.4	816.00	178.69	0.0055962	1136.6	1593.2	6.3153	0.88485	1.1642	840.54	-0.055721	6.8978e-05	0.10517	supercritical
1503.4	816.00	178.59	0.0055995	1137.5	1594.4	6.3161	0.88493	1.1643	840.74	-0.055736	6.9003e-05	0.10522	supercritical
1504.4	816.00	178.48	0.0056028	1138.4	1595.5	6.3168	0.88500	1.1643	840.93	-0.055751	6.9028e-05	0.10526	supercritical
1505.4	816.00	178.38	0.0056061	1139.3	1596.7	6.3176	0.88508	1.1644	841.13	-0.055766	6.9052e-05	0.10531	supercritical
1506.4	816.00	178.27	0.0056094	1140.1	1597.9	6.3184	0.88516	1.1644	841.32	-0.055780	6.9077e-05	0.10536	supercritical
1507.4	816.00	178.17	0.0056127	1141.0	1599.0	6.3192	0.88524	1.1645	841.51	-0.055795	6.9102e-05	0.10540	supercritical
1508.4	816.00	178.06	0.0056160	1141.9	1600.2	6.3199	0.88531	1.1645	841.71	-0.055810	6.9127e-05	0.10545	supercritical
1509.4	816.00	177.96	0.0056192	1142.8	1601.4	6.3207	0.88539	1.1646	841.90	-0.055825	6.9151e-05	0.10550	supercritical
1510.4	816.00	177.86	0.0056225	1143.7	1602.5	6.3215	0.88547	1.1646	842.09	-0.055839	6.9176e-05	0.10554	supercritical
1511.4	816.00	177.75	0.0056258	1144.6	1603.7	6.3222	0.88555	1.1647	842.29	-0.055854	6.9201e-05	0.10559	supercritical
1512.4	816.00	177.65	0.0056291	1145.5	1604.9	6.3230	0.88562	1.1647	842.48	-0.055869	6.9225e-05	0.10564	supercritical
1513.4	816.00	177.54	0.0056324	1146.4	1606.0	6.3238	0.88570	1.1648	842.68	-0.055883	6.9250e-05	0.10568	supercritical
1514.4	816.00	177.44	0.0056357	1147.3	1607.2	6.3246	0.88578	1.1648	842.87	-0.055898	6.9275e-05	0.10573	supercritical
1515.4	816.00	177.34	0.0056390	1148.2	1608.4	6.3253	0.88585	1.1649	843.06	-0.055913	6.9299e-05	0.10577	supercritical
1516.4	816.00	177.23	0.0056423	1149.1	1609.5	6.3261	0.88593	1.1649	843.26	-0.055927	6.9324e-05	0.10582	supercritical
1517.4	816.00	177.13	0.0056456	1150.0	1610.7	6.3269	0.88601	1.1650	843.45	-0.055942	6.9349e-05	0.10587	supercritical
1518.4	816.00	177.03	0.0056489	1150.9	1611.9	6.3276	0.88609	1.1651	843.64	-0.055956	6.9374e-05	0.10591	supercritical
1519.4	816.00	176.92	0.0056522	1151.8	1613.0	6.3284	0.88616	1.1651	843.84	-0.055971	6.9398e-05	0.10596	supercritical
1520.4	816.00	176.82	0.0056555	1152.7	1614.2	6.3292	0.88624	1.1652	844.03	-0.055985	6.9423e-05	0.10601	supercritical
1521.4	816.00	176.72	0.0056587	1153.6	1615.3	6.3299	0.88632	1.1652	844.22	-0.056000	6.9448e-05	0.10605	supercritical
1522.4	816.00	176.61	0.0056620	1154.5	1616.5	6.3307	0.88639	1.1653	844.42	-0.056014	6.9472e-05	0.10610	supercritical
1523.4	816.00	176.51	0.0056653	1155.4	1617.7	6.3315	0.88647	1.1653	844.61	-0.056029	6.9497e-05	0.10615	supercritical
1524.4	816.00	176.41	0.0056686	1156.3	1618.8	6.3322	0.88655	1.1654	844.80	-0.056043	6.9522e-05	0.10619	supercritical
1525.4	816.00	176.31	0.0056719	1157.2	1620.0	6.3330	0.88662	1.1654	844.99	-0.056058	6.9546e-05	0.10624	supercritical
1526.4	816.00	176.21	0.0056752	1158.1	1621.2	6.3338	0.88670	1.1655	845.19	-0.056072	6.9571e-05	0.10629	supercritical
1527.4	816.00	176.10	0.0056785	1159.0	1622.3	6.3345	0.88678	1.1655	845.38	-0.056086	6.9596e-05	0.10633	supercritical
1528.4	816.00	176.00	0.0056818	1159.9	1623.5	6.3353	0.88686	1.1656	845.57	-0.056101	6.9620e-05	0.10638	supercritical
1529.4	816.00	175.90	0.0056851	1160.8	1624.7	6.3360	0.88693	1.1656	845.77	-0.056115	6.9645e-05	0.10642	supercritical
1530.4	816.00	175.80	0.0056884	1161.7	1625.8	6.3368	0.88701	1.1657	845.96	-0.056129	6.9670e-05	0.10647	supercritical
1531.4	816.00	175.70	0.0056916	1162.6	1627.0	6.3376	0.88709	1.1657	846.15	-0.056144	6.9694e-05	0.10652	supercritical
1532.4	816.00	175.59	0.0056949	1163.5	1628.2	6.3383	0.88716	1.1658	846.34	-0.056158	6.9719e-05	0.10656	supercritical
1533.4	816.00	175.49	0.0056982	1164.4	1629.3	6.3391	0.88724	1.1659	846.54	-0.056172	6.9744e-05	0.10661	supercritical
1534.4	816.00	175.39	0.0057015	1165.3	1630.5	6.3398	0.88732	1.1659	846.73	-0.056187	6.9768e-05	0.10666	supercritical
1535.4	816.00	175.29	0.0057048	1166.2	1631.7	6.3406	0.88739	1.1660	846.92	-0.056201	6.9793e-05	0.10670	supercritical
1536.4	816.00	175.19	0.0057081	1167.1	1632.8	6.3414	0.88747	1.1660	847.11	-0.056215	6.9817e-05	0.10675	supercritical
1537.4	816.00	175.09	0.0057114	1167.9	1634.0	6.3421	0.88755	1.1661	847.31	-0.056229	6.9842e-05	0.10680	supercritical
1538.4	816.00	174.99	0.0057147	1168.8	1635.2	6.3429	0.88762	1.1661	847.50	-0.056243	6.9867e-05	0.10684	supercritical
1539.4	816.00	174.89	0.0057180	1169.7	1636.3	6.3436	0.88770	1.1662	847.69	-0.056258	6.9891e-05	0.10689	supercritical
1540.4	816.00	174.79	0.0057212	1170.6	1637.5	6.3444	0.88777	1.1662	847.88	-0.056272	6.9916e-05	0.10693	supercritical
1541.4	816.00	174.69	0.0057245	1171.5	1638.7	6.3452	0.88785	1.1663	848.08	-0.056286	6.9941e-05	0.10698	supercritical
1542.4	816.00	174.59	0.0057278	1172.4	1639.8	6.3459	0.88793	1.1663	848.27	-0.056300	6.9965e-05	0.10703	supercritical
1543.4	816.00	174.49	0.0057311	1173.3	1641.0	6.3467	0.88800	1.1664	848.46	-0.056314	6.9990e-05	0.10707	supercritical
1544.4	816.00	174.39	0.0057344	1174.2	1642.2	6.3474	0.88808	1.1664	848.65	-0.056328	7.0015e-05	0.10712	supercritical
1545.4	816.00	174.29	0.0057377	1175.1	1643.3	6.3482	0.88816	1.1665	848.84	-0.056342	7.0039e-05	0.10717	supercritical
1546.4	816.00	174.19	0.0057410	1176.0	1644.5	6.3489	0.88823	1.1665	849.04	-0.056356	7.0064e-05	0.10721	supercritical
1547.4	816.00	174.09	0.0057443	1176.9	1645.7	6.3497	0.88831	1.1666	849.23	-0.056370	7.0088e-05	0.10726	supercritical
1548.4	816.00	173.99	0.0057475	1177.8	1646.8	6.3504	0.88839	1.1667	849.42	-0.056384	7.0113e-05	0.10731	supercritical
1549.4	816.00	173.89	0.0057508	1178.7	1648.0	6.3512	0.88846	1.1667	849.61	-0.056398	7.0138e-05	0.10735	supercritical
1550.4	816.00	173.79	0.0057541	1179.6	1649.2	6.3519	0.88854	1.1668	849.80	-0.056412	7.0162e-05	0.10740	supercritical
1551.4	816.00	173.69	0.0057574	1180.5	1650.3	6.3527	0.88861	1.1668	850.00	-0.056426	7.0187e-05	0.10745	supercritical
1552.4	816.00	173.59	0.0057607	1181.4	1651.5	6.3535	0.88869	1.1669	850.19	-0.056440	7.0211e-05	0.10749	supercritical
1553.4	816.00	173.49	0.0057640	1182.3	1652.7	6.3542	0.88877	1.1669	850.38	-0.056454	7.0236e-05	0.10754	supercritical
1554.4	816.00	173.39	0.0057673	1183.2	1653.8	6.3550	0.88884	1.1670	850.57	-0.056467	7.0261e-05	0.10758	supercritical
1555.4	816.00	173.29	0.0057706	1184.1	1655.0	6.3557	0.88892	1.1670	850.76	-0.056481	7.0285e-05	0.10763	supercritical
1556.4	816.00	173.20	0.0057738	1185.0	1656.2	6.3565	0.88899	1.1671	850.95	-0.056495	7.0310e-05	0.10768	supercritical
1557.4	816.00	173.10	0.0057771	1185.9	1657.3	6.3572	0.88907	1.1671	851.14	-0.056509	7.0334e-05	0.10772	supercritical
1558.4	816.00	173.00	0.0057804	1186.8	1658.5	6.3580	0.88915	1.1672	851.34	-0.056523	7.0359e-05	0.10777	supercritical
1559.4	816.00	172.90	0.0057837	1187.7	1659.7	6.3587	0.88922	1.1672	851.53	-0.056536	7.0384e-05	0.10782	supercritical
1560.4	816.00	172.80	0.0057870	1188.6	1660.8	6.3595	0.88930	1.1673	851.72	-0.056550	7.0408e-05	0.10786	supercritical
1561.4	816.00	172.70	0.0057903	1189.5	1662.0	6.3602	0.88937	1.1673	851.91	-0.056564	7.0433e-05	0.10791	supercritical
1562.4	816.00	172.61	0.0057936	1190.4	1663.2	6.3609	0.88945	1.1674	852.10	-0.056578	7.0457e-05	0.10796	supercritical
1563.4	816.00	172.51	0.0057968	1191.3	1664.3	6.3617	0.88952	1.1675	852.29	-0.056591	7.0482e-05	0.10800	supercritical
1564.4	816.00	172.41	0.0058001	1192.2	1665.5	6.3624	0.88960	1.1675	852.48	-0.056605	7.0507e-05	0.10805	supercritical
1565.4	816.00	172.31	0.0058034	1193.1	1666.7	6.3632	0.88968	1.1676	852.67	-0.056619	7.0531e-05	0.10809	supercritical
1566.4	816.00	172.22	0.0058067	1194.0	1667.8	6.3639	0.88975	1.1676	852.87	-0.056632	7.0556e-05	0.10814	supercritical
1567.4	816.00	172.12	0.0058100	1194.9	1669.0	6.3647	0.88983	1.1677	853.06	-0.056646	7.0580e-05	0.10819	supercritical
1568.4	816.00	172.02	0.0058133	1195.8	1670.2	6.3654	0.88990	1.1677	853.25	-0.056660	7.0605e-05	0.10823	supercritical
1569.4	816.00	171.92	0.0058165	1196.7	1671.3	6.3662	0.88998	1.1678	853.44	-0.056673	7.0629e-05	0.10828	supercritical
1570.4	816.00	171.83	0.0058198	1197.6	1672.5	6.3669	0.89005	1.1678	853.63	-0.056687	7.0654e-05	0.10833	supercritical
1571.4	816.00	171.73	0.0058231	1198.5	1673.7	6.3677	0.89013	1.1679	853.82	-0.056700	7.0679e-05	0.10837	supercritical
1572.4	816.00	171.63	0.0058264	1199.4	1674.8	6.3684	0.89021	1.1679	854.01	-0.056714	7.0703e-05	0.10842	supercritical
1573.4	816.00	171.54	0.0058297	1200.3	1676.0	6.3691	0.89028	1.1680	854.20	-0.056727	7.0728e-05	0.10847	supercritical
1574.4	816.00	171.44	0.0058330	1201.2	1677.2	6.3699	0.89036	1.1680	854.39	-0.056741	7.0752e-05	0.10851	supercritical
1575.4	816.00	171.34	0.0058363	1202.1	1678.3	6.3706	0.89043	1.1681	854.58	-0.056754	7.0777e-05	0.10856	supercritical
1576.4	816.00	171.25	0.0058395	1203.0	1679.5	6.3714	0.89051	1.1682	854.77	-0.056768	7.0801e-05	0.10861	supercritical
1577.4	816.00	171.15	0.0058428	1203.9	1680.7	6.3721	0.89058	1.1682	854.96	-0.056781	7.0826e-05	0.10865	supercritical
1578.4	816.00	171.05	0.0058461	1204.8	1681.8	6.3728	0.89066	1.1683	855.15	-0.056795	7.0850e-05	0.10870	supercritical
1579.4	816.00	170.96	0.0058494	1205.7	1683.0	6.3736	0.89073	1.1683	855.35	-0.056808	7.0875e-05	0.10874	supercritical
1580.4	816.00	170.86	0.0058527	1206.6	1684.2	6.3743	0.89081	1.1684	855.54	-0.056821	7.0900e-05	0.10879	supercritical
1581.4	816.00	170.77	0.0058560	1207.5	1685.4	6.3751	0.89088	1.1684	855.73	-0.056835	7.0924e-05	0.10884	supercritical
1582.4	816.00	170.67	0.0058592	1208.4	1686.5	6.3758	0.89096	1.1685	855.92	-0.056848	7.0949e-05	0.10888	supercritical
1583.4	816.00	170.58	0.0058625	1209.3	1687.7	6.3765	0.89104	1.1685	856.11	-0.056861	7.0973e-05	0.10893	supercritical
1584.4	816.00	170.48	0.0058658	1210.2	1688.9	6.3773	0.89111	1.1686	856.30	-0.056875	7.0998e-05	0.10898	supercritical
1585.4	816.00	170.38	0.0058691	1211.1	1690.0	6.3780	0.89119	1.1686	856.49	-0.056888	7.1022e-05	0.10902	supercritical
1586.4	816.00	170.29	0.0058724	1212.0	1691.2	6.3788	0.89126	1.1687	856.68	-0.056901	7.1047e-05	0.10907	supercritical
1587.4	816.00	170.19	0.0058756	1212.9	1692.4	6.3795	0.89134	1.1687	856.87	-0.056914	7.1071e-05	0.10912	supercritical
1588.4	816.00	170.10	0.0058789	1213.8	1693.5	6.3802	0.89141	1.1688	857.06	-0.056928	7.1096e-05	0.10916	supercritical
1589.4	816.00	170.00	0.0058822	1214.7	1694.7	6.3810	0.89149	1.1688	857.25	-0.056941	7.1120e-05	0.10921	supercritical
1590.4	816.00	169.91	0.0058855	1215.6	1695.9	6.3817	0.89156	1.1689	857.44	-0.056954	7.1145e-05	0.10925	supercritical
1591.4	816.00	169.81	0.0058888	1216.5	1697.0	6.3824	0.89164	1.1690	857.63	-0.056967	7.1169e-05	0.10930	supercritical
1592.4	816.00	169.72	0.0058921	1217.4	1698.2	6.3832	0.89171	1.1690	857.82	-0.056980	7.1194e-05	0.10935	supercritical
1593.4	816.00	169.63	0.0058953	1218.3	1699.4	6.3839	0.89179	1.1691	858.01	-0.056994	7.1218e-05	0.10939	supercritical
1594.4	816.00	169.53	0.0058986	1219.2	1700.5	6.3846	0.89186	1.1691	858.20	-0.057007	7.1243e-05	0.10944	supercritical
1595.4	816.00	169.44	0.0059019	1220.1	1701.7	6.3854	0.89194	1.1692	858.39	-0.057020	7.1267e-05	0.10949	supercritical
1596.4	816.00	169.34	0.0059052	1221.0	1702.9	6.3861	0.89201	1.1692	858.58	-0.057033	7.1292e-05	0.10953	supercritical
1597.4	816.00	169.25	0.0059085	1221.9	1704.1	6.3868	0.89209	1.1693	858.77	-0.057046	7.1316e-05	0.10958	supercritical
1598.4	816.00	169.15	0.0059118	1222.8	1705.2	6.3876	0.89216	1.1693	858.96	-0.057059	7.1341e-05	0.10963	supercritical
1599.4	816.00	169.06	0.0059150	1223.7	1706.4	6.3883	0.89224	1.1694	859.14	-0.057072	7.1365e-05	0.10967	supercritical
1600.4	816.00	168.97	0.0059183	1224.6	1707.6	6.3890	0.89231	1.1694	859.33	-0.057085	7.1390e-05	0.10972	supercritical
1601.4	816.00	168.87	0.0059216	1225.5	1708.7	6.3898	0.89239	1.1695	859.52	-0.057098	7.1414e-05	0.10977	supercritical
1602.4	816.00	168.78	0.0059249	1226.4	1709.9	6.3905	0.89246	1.1696	859.71	-0.057111	7.1439e-05	0.10981	supercritical
1603.4	816.00	168.69	0.0059282	1227.3	1711.1	6.3912	0.89254	1.1696	859.90	-0.057124	7.1463e-05	0.10986	supercritical
1604.4	816.00	168.59	0.0059314	1228.2	1712.2	6.3919	0.89261	1.1697	860.09	-0.057137	7.1488e-05	0.10990	supercritical
1605.4	816.00	168.50	0.0059347	1229.1	1713.4	6.3927	0.89268	1.1697	860.28	-0.057150	7.1512e-05	0.10995	supercritical
1606.4	816.00	168.41	0.0059380	1230.0	1714.6	6.3934	0.89276	1.1698	860.47	-0.057163	7.1537e-05	0.11000	supercritical
1607.4	816.00	168.31	0.0059413	1230.9	1715.8	6.3941	0.89283	1.1698	860.66	-0.057176	7.1561e-05	0.11004	supercritical
1608.4	816.00	168.22	0.0059446	1231.8	1716.9	6.3949	0.89291	1.1699	860.85	-0.057189	7.1586e-05	0.11009	supercritical
1609.4	816.00	168.13	0.0059478	1232.7	1718.1	6.3956	0.89298	1.1699	861.04	-0.057202	7.1610e-05	0.11014	supercritical
1610.4	816.00	168.04	0.0059511	1233.7	1719.3	6.3963	0.89306	1.1700	861.23	-0.057214	7.1635e-05	0.11018	supercritical
1611.4	816.00	167.94	0.0059544	1234.6	1720.4	6.3970	0.89313	1.1700	861.42	-0.057227	7.1659e-05	0.11023	supercritical
1612.4	816.00	167.85	0.0059577	1235.5	1721.6	6.3978	0.89321	1.1701	861.60	-0.057240	7.1684e-05	0.11028	supercritical
1613.4	816.00	167.76	0.0059610	1236.4	1722.8	6.3985	0.89328	1.1701	861.79	-0.057253	7.1708e-05	0.11032	supercritical
1614.4	816.00	167.67	0.0059642	1237.3	1723.9	6.3992	0.89336	1.1702	861.98	-0.057266	7.1733e-05	0.11037	supercritical
1615.4	816.00	167.57	0.0059675	1238.2	1725.1	6.3999	0.89343	1.1703	862.17	-0.057278	7.1757e-05	0.11041	supercritical
1616.4	816.00	167.48	0.0059708	1239.1	1726.3	6.4007	0.89351	1.1703	862.36	-0.057291	7.1782e-05	0.11046	supercritical
1617.4	816.00	167.39	0.0059741	1240.0	1727.5	6.4014	0.89358	1.1704	862.55	-0.057304	7.1806e-05	0.11051	supercritical
1618.4	816.00	167.30	0.0059774	1240.9	1728.6	6.4021	0.89365	1.1704	862.74	-0.057317	7.1830e-05	0.11055	supercritical
1619.4	816.00	167.21	0.0059806	1241.8	1729.8	6.4028	0.89373	1.1705	862.93	-0.057329	7.1855e-05	0.11060	supercritical
1620.4	816.00	167.11	0.0059839	1242.7	1731.0	6.4036	0.89380	1.1705	863.11	-0.057342	7.1879e-05	0.11065	supercritical
1621.4	816.00	167.02	0.0059872	1243.6	1732.1	6.4043	0.89388	1.1706	863.30	-0.057355	7.1904e-05	0.11069	supercritical
1622.4	816.00	166.93	0.0059905	1244.5	1733.3	6.4050	0.89395	1.1706	863.49	-0.057367	7.1928e-05	0.11074	supercritical
1623.4	816.00	166.84	0.0059937	1245.4	1734.5	6.4057	0.89403	1.1707	863.68	-0.057380	7.1953e-05	0.11079	supercritical
1624.4	816.00	166.75	0.0059970	1246.3	1735.6	6.4064	0.89410	1.1707	863.87	-0.057392	7.1977e-05	0.11083	supercritical
1625.4	816.00	166.66	0.0060003	1247.2	1736.8	6.4072	0.89418	1.1708	864.06	-0.057405	7.2002e-05	0.11088	supercritical
1626.4	816.00	166.57	0.0060036	1248.1	1738.0	6.4079	0.89425	1.1709	864.24	-0.057418	7.2026e-05	0.11092	supercritical
1627.4	816.00	166.48	0.0060069	1249.0	1739.2	6.4086	0.89432	1.1709	864.43	-0.057430	7.2050e-05	0.11097	supercritical
1628.4	816.00	166.39	0.0060101	1249.9	1740.3	6.4093	0.89440	1.1710	864.62	-0.057443	7.2075e-05	0.11102	supercritical
1629.4	816.00	166.29	0.0060134	1250.8	1741.5	6.4100	0.89447	1.1710	864.81	-0.057455	7.2099e-05	0.11106	supercritical
1630.4	816.00	166.20	0.0060167	1251.7	1742.7	6.4108	0.89455	1.1711	865.00	-0.057468	7.2124e-05	0.11111	supercritical
1631.4	816.00	166.11	0.0060200	1252.6	1743.8	6.4115	0.89462	1.1711	865.18	-0.057480	7.2148e-05	0.11116	supercritical
1632.4	816.00	166.02	0.0060232	1253.5	1745.0	6.4122	0.89469	1.1712	865.37	-0.057493	7.2173e-05	0.11120	supercritical
1633.4	816.00	165.93	0.0060265	1254.4	1746.2	6.4129	0.89477	1.1712	865.56	-0.057505	7.2197e-05	0.11125	supercritical
1634.4	816.00	165.84	0.0060298	1255.3	1747.4	6.4136	0.89484	1.1713	865.75	-0.057518	7.2221e-05	0.11130	supercritical
1635.4	816.00	165.75	0.0060331	1256.2	1748.5	6.4143	0.89492	1.1713	865.94	-0.057530	7.2246e-05	0.11134	supercritical
1636.4	816.00	165.66	0.0060364	1257.1	1749.7	6.4151	0.89499	1.1714	866.12	-0.057542	7.2270e-05	0.11139	supercritical
1637.4	816.00	165.57	0.0060396	1258.0	1750.9	6.4158	0.89507	1.1715	866.31	-0.057555	7.2295e-05	0.11144	supercritical
1638.4	816.00	165.48	0.0060429	1258.9	1752.0	6.4165	0.89514	1.1715	866.50	-0.057567	7.2319e-05	0.11148	supercritical
1639.4	816.00	165.39	0.0060462	1259.8	1753.2	6.4172	0.89521	1.1716	866.69	-0.057579	7.2343e-05	0.11153	supercritical
1640.4	816.00	165.30	0.0060495	1260.7	1754.4	6.4179	0.89529	1.1716	866.87	-0.057592	7.2368e-05	0.11157	supercritical
1641.4	816.00	165.21	0.0060527	1261.7	1755.6	6.4186	0.89536	1.1717	867.06	-0.057604	7.2392e-05	0.11162	supercritical
1642.4	816.00	165.13	0.0060560	1262.6	1756.7	6.4193	0.89544	1.1717	867.25	-0.057616	7.2417e-05	0.11167	supercritical
1643.4	816.00	165.04	0.0060593	1263.5	1757.9	6.4201	0.89551	1.1718	867.44	-0.057629	7.2441e-05	0.11171	supercritical
1644.4	816.00	164.95	0.0060626	1264.4	1759.1	6.4208	0.89558	1.1718	867.63	-0.057641	7.2465e-05	0.11176	supercritical
1645.4	816.00	164.86	0.0060658	1265.3	1760.2	6.4215	0.89566	1.1719	867.81	-0.057653	7.2490e-05	0.11181	supercritical
1646.4	816.00	164.77	0.0060691	1266.2	1761.4	6.4222	0.89573	1.1719	868.00	-0.057665	7.2514e-05	0.11185	supercritical
1647.4	816.00	164.68	0.0060724	1267.1	1762.6	6.4229	0.89580	1.1720	868.19	-0.057678	7.2539e-05	0.11190	supercritical
1648.4	816.00	164.59	0.0060757	1268.0	1763.8	6.4236	0.89588	1.1721	868.37	-0.057690	7.2563e-05	0.11195	supercritical
1649.4	816.00	164.50	0.0060789	1268.9	1764.9	6.4243	0.89595	1.1721	868.56	-0.057702	7.2587e-05	0.11199	supercritical
1650.4	816.00	164.41	0.0060822	1269.8	1766.1	6.4250	0.89603	1.1722	868.75	-0.057714	7.2612e-05	0.11204	supercritical
1651.4	816.00	164.33	0.0060855	1270.7	1767.3	6.4258	0.89610	1.1722	868.94	-0.057726	7.2636e-05	0.11208	supercritical
1652.4	816.00	164.24	0.0060888	1271.6	1768.4	6.4265	0.89617	1.1723	869.12	-0.057738	7.2661e-05	0.11213	supercritical
1653.4	816.00	164.15	0.0060920	1272.5	1769.6	6.4272	0.89625	1.1723	869.31	-0.057751	7.2685e-05	0.11218	supercritical
1654.4	816.00	164.06	0.0060953	1273.4	1770.8	6.4279	0.89632	1.1724	869.50	-0.057763	7.2709e-05	0.11222	supercritical
1655.4	816.00	163.97	0.0060986	1274.3	1772.0	6.4286	0.89640	1.1724	869.68	-0.057775	7.2734e-05	0.11227	supercritical
1656.4	816.00	163.88	0.0061019	1275.2	1773.1	6.4293	0.89647	1.1725	869.87	-0.057787	7.2758e-05	0.11232	supercritical
1657.4	816.00	163.80	0.0061051	1276.1	1774.3	6.4300	0.89654	1.1725	870.06	-0.057799	7.2782e-05	0.11236	supercritical
1658.4	816.00	163.71	0.0061084	1277.0	1775.5	6.4307	0.89662	1.1726	870.24	-0.057811	7.2807e-05	0.11241	supercritical
1659.4	816.00	163.62	0.0061117	1277.9	1776.7	6.4314	0.89669	1.1727	870.43	-0.057823	7.2831e-05	0.11246	supercritical
1660.4	816.00	163.53	0.0061150	1278.8	1777.8	6.4321	0.89676	1.1727	870.62	-0.057835	7.2856e-05	0.11250	supercritical
1661.4	816.00	163.45	0.0061182	1279.8	1779.0	6.4328	0.89684	1.1728	870.80	-0.057847	7.2880e-05	0.11255	supercritical
1662.4	816.00	163.36	0.0061215	1280.7	1780.2	6.4335	0.89691	1.1728	870.99	-0.057859	7.2904e-05	0.11259	supercritical
1663.4	816.00	163.27	0.0061248	1281.6	1781.3	6.4342	0.89698	1.1729	871.18	-0.057871	7.2929e-05	0.11264	supercritical
1664.4	816.00	163.18	0.0061281	1282.5	1782.5	6.4349	0.89706	1.1729	871.36	-0.057883	7.2953e-05	0.11269	supercritical
1665.4	816.00	163.10	0.0061313	1283.4	1783.7	6.4357	0.89713	1.1730	871.55	-0.057895	7.2977e-05	0.11273	supercritical
1666.4	816.00	163.01	0.0061346	1284.3	1784.9	6.4364	0.89720	1.1730	871.74	-0.057907	7.3002e-05	0.11278	supercritical
1667.4	816.00	162.92	0.0061379	1285.2	1786.0	6.4371	0.89728	1.1731	871.92	-0.057918	7.3026e-05	0.11283	supercritical
1668.4	816.00	162.84	0.0061412	1286.1	1787.2	6.4378	0.89735	1.1732	872.11	-0.057930	7.3050e-05	0.11287	supercritical
1669.4	816.00	162.75	0.0061444	1287.0	1788.4	6.4385	0.89743	1.1732	872.30	-0.057942	7.3075e-05	0.11292	supercritical
1670.4	816.00	162.66	0.0061477	1287.9	1789.6	6.4392	0.89750	1.1733	872.48	-0.057954	7.3099e-05	0.11297	supercritical
1671.4	816.00	162.58	0.0061510	1288.8	1790.7	6.4399	0.89757	1.1733	872.67	-0.057966	7.3123e-05	0.11301	supercritical
1672.4	816.00	162.49	0.0061543	1289.7	1791.9	6.4406	0.89765	1.1734	872.86	-0.057978	7.3148e-05	0.11306	supercritical
1673.4	816.00	162.40	0.0061575	1290.6	1793.1	6.4413	0.89772	1.1734	873.04	-0.057989	7.3172e-05	0.11310	supercritical
1674.4	816.00	162.32	0.0061608	1291.5	1794.3	6.4420	0.89779	1.1735	873.23	-0.058001	7.3196e-05	0.11315	supercritical
1675.4	816.00	162.23	0.0061641	1292.4	1795.4	6.4427	0.89787	1.1735	873.41	-0.058013	7.3221e-05	0.11320	supercritical
1676.4	816.00	162.14	0.0061673	1293.3	1796.6	6.4434	0.89794	1.1736	873.60	-0.058025	7.3245e-05	0.11324	supercritical
1677.4	816.00	162.06	0.0061706	1294.2	1797.8	6.4441	0.89801	1.1736	873.79	-0.058036	7.3269e-05	0.11329	supercritical
1678.4	816.00	161.97	0.0061739	1295.2	1798.9	6.4448	0.89809	1.1737	873.97	-0.058048	7.3294e-05	0.11334	supercritical
1679.4	816.00	161.89	0.0061772	1296.1	1800.1	6.4455	0.89816	1.1738	874.16	-0.058060	7.3318e-05	0.11338	supercritical
1680.4	816.00	161.80	0.0061804	1297.0	1801.3	6.4462	0.89823	1.1738	874.34	-0.058071	7.3342e-05	0.11343	supercritical
1681.4	816.00	161.72	0.0061837	1297.9	1802.5	6.4469	0.89831	1.1739	874.53	-0.058083	7.3367e-05	0.11348	supercritical
1682.4	816.00	161.63	0.0061870	1298.8	1803.6	6.4476	0.89838	1.1739	874.71	-0.058095	7.3391e-05	0.11352	supercritical
1683.4	816.00	161.54	0.0061903	1299.7	1804.8	6.4483	0.89845	1.1740	874.90	-0.058106	7.3415e-05	0.11357	supercritical
1684.4	816.00	161.46	0.0061935	1300.6	1806.0	6.4490	0.89853	1.1740	875.09	-0.058118	7.3440e-05	0.11361	supercritical
1685.4	816.00	161.37	0.0061968	1301.5	1807.2	6.4497	0.89860	1.1741	875.27	-0.058130	7.3464e-05	0.11366	supercritical
1686.4	816.00	161.29	0.0062001	1302.4	1808.3	6.4504	0.89867	1.1741	875.46	-0.058141	7.3488e-05	0.11371	supercritical
1687.4	816.00	161.20	0.0062033	1303.3	1809.5	6.4511	0.89875	1.1742	875.64	-0.058153	7.3513e-05	0.11375	supercritical
1688.4	816.00	161.12	0.0062066	1304.2	1810.7	6.4518	0.89882	1.1743	875.83	-0.058164	7.3537e-05	0.11380	supercritical
1689.4	816.00	161.03	0.0062099	1305.1	1811.9	6.4524	0.89889	1.1743	876.01	-0.058176	7.3561e-05	0.11385	supercritical
1690.4	816.00	160.95	0.0062132	1306.0	1813.0	6.4531	0.89896	1.1744	876.20	-0.058187	7.3585e-05	0.11389	supercritical
1691.4	816.00	160.86	0.0062164	1306.9	1814.2	6.4538	0.89904	1.1744	876.38	-0.058199	7.3610e-05	0.11394	supercritical
1692.4	816.00	160.78	0.0062197	1307.9	1815.4	6.4545	0.89911	1.1745	876.57	-0.058210	7.3634e-05	0.11399	supercritical
1693.4	816.00	160.69	0.0062230	1308.8	1816.6	6.4552	0.89918	1.1745	876.76	-0.058222	7.3658e-05	0.11403	supercritical
1694.4	816.00	160.61	0.0062262	1309.7	1817.7	6.4559	0.89926	1.1746	876.94	-0.058233	7.3683e-05	0.11408	supercritical
1695.4	816.00	160.53	0.0062295	1310.6	1818.9	6.4566	0.89933	1.1746	877.13	-0.058245	7.3707e-05	0.11412	supercritical
1696.4	816.00	160.44	0.0062328	1311.5	1820.1	6.4573	0.89940	1.1747	877.31	-0.058256	7.3731e-05	0.11417	supercritical
1697.4	816.00	160.36	0.0062361	1312.4	1821.3	6.4580	0.89948	1.1748	877.50	-0.058267	7.3755e-05	0.11422	supercritical
1698.4	816.00	160.27	0.0062393	1313.3	1822.4	6.4587	0.89955	1.1748	877.68	-0.058279	7.3780e-05	0.11426	supercritical
1699.4	816.00	160.19	0.0062426	1314.2	1823.6	6.4594	0.89962	1.1749	877.87	-0.058290	7.3804e-05	0.11431	supercritical
1700.4	816.00	160.11	0.0062459	1315.1	1824.8	6.4601	0.89969	1.1749	878.05	-0.058302	7.3828e-05	0.11436	supercritical
1701.4	816.00	160.02	0.0062491	1316.0	1826.0	6.4608	0.89977	1.1750	878.24	-0.058313	7.3853e-05	0.11440	supercritical
1702.4	816.00	159.94	0.0062524	1316.9	1827.1	6.4615	0.89984	1.1750	878.42	-0.058324	7.3877e-05	0.11445	supercritical
1703.4	816.00	159.85	0.0062557	1317.8	1828.3	6.4621	0.89991	1.1751	878.61	-0.058336	7.3901e-05	0.11450	supercritical
1704.4	816.00	159.77	0.0062589	1318.8	1829.5	6.4628	0.89999	1.1751	878.79	-0.058347	7.3925e-05	0.11454	supercritical
1705.4	816.00	159.69	0.0062622	1319.7	1830.7	6.4635	0.90006	1.1752	878.97	-0.058358	7.3950e-05	0.11459	supercritical
1706.4	816.00	159.60	0.0062655	1320.6	1831.8	6.4642	0.90013	1.1753	879.16	-0.058369	7.3974e-05	0.11463	supercritical
1707.4	816.00	159.52	0.0062688	1321.5	1833.0	6.4649	0.90021	1.1753	879.34	-0.058381	7.3998e-05	0.11468	supercritical
1708.4	816.00	159.44	0.0062720	1322.4	1834.2	6.4656	0.90028	1.1754	879.53	-0.058392	7.4022e-05	0.11473	supercritical
1709.4	816.00	159.36	0.0062753	1323.3	1835.4	6.4663	0.90035	1.1754	879.71	-0.058403	7.4047e-05	0.11477	supercritical
1710.4	816.00	159.27	0.0062786	1324.2	1836.5	6.4670	0.90042	1.1755	879.90	-0.058414	7.4071e-05	0.11482	supercritical
1711.4	816.00	159.19	0.0062818	1325.1	1837.7	6.4676	0.90050	1.1755	880.08	-0.058426	7.4095e-05	0.11487	supercritical
1712.4	816.00	159.11	0.0062851	1326.0	1838.9	6.4683	0.90057	1.1756	880.27	-0.058437	7.4119e-05	0.11491	supercritical
1713.4	816.00	159.02	0.0062884	1326.9	1840.1	6.4690	0.90064	1.1756	880.45	-0.058448	7.4144e-05	0.11496	supercritical
1714.4	816.00	158.94	0.0062916	1327.8	1841.2	6.4697	0.90071	1.1757	880.64	-0.058459	7.4168e-05	0.11501	supercritical
1715.4	816.00	158.86	0.0062949	1328.7	1842.4	6.4704	0.90079	1.1758	880.82	-0.058470	7.4192e-05	0.11505	supercritical
1716.4	816.00	158.78	0.0062982	1329.7	1843.6	6.4711	0.90086	1.1758	881.00	-0.058481	7.4216e-05	0.11510	supercritical
1717.4	816.00	158.69	0.0063014	1330.6	1844.8	6.4718	0.90093	1.1759	881.19	-0.058492	7.4241e-05	0.11514	supercritical
1718.4	816.00	158.61	0.0063047	1331.5	1845.9	6.4724	0.90101	1.1759	881.37	-0.058503	7.4265e-05	0.11519	supercritical
1719.4	816.00	158.53	0.0063080	1332.4	1847.1	6.4731	0.90108	1.1760	881.56	-0.058515	7.4289e-05	0.11524	supercritical
1720.4	816.00	158.45	0.0063113	1333.3	1848.3	6.4738	0.90115	1.1760	881.74	-0.058526	7.4313e-05	0.11528	supercritical
1721.4	816.00	158.37	0.0063145	1334.2	1849.5	6.4745	0.90122	1.1761	881.92	-0.058537	7.4338e-05	0.11533	supercritical
1722.4	816.00	158.28	0.0063178	1335.1	1850.6	6.4752	0.90130	1.1761	882.11	-0.058548	7.4362e-05	0.11538	supercritical
1723.4	816.00	158.20	0.0063211	1336.0	1851.8	6.4759	0.90137	1.1762	882.29	-0.058559	7.4386e-05	0.11542	supercritical
1724.4	816.00	158.12	0.0063243	1336.9	1853.0	6.4765	0.90144	1.1763	882.48	-0.058570	7.4410e-05	0.11547	supercritical
1725.4	816.00	158.04	0.0063276	1337.8	1854.2	6.4772	0.90151	1.1763	882.66	-0.058581	7.4434e-05	0.11551	supercritical
1726.4	816.00	157.96	0.0063309	1338.7	1855.3	6.4779	0.90159	1.1764	882.84	-0.058592	7.4459e-05	0.11556	supercritical
1727.4	816.00	157.87	0.0063341	1339.7	1856.5	6.4786	0.90166	1.1764	883.03	-0.058603	7.4483e-05	0.11561	supercritical
1728.4	816.00	157.79	0.0063374	1340.6	1857.7	6.4793	0.90173	1.1765	883.21	-0.058613	7.4507e-05	0.11565	supercritical
1729.4	816.00	157.71	0.0063407	1341.5	1858.9	6.4800	0.90180	1.1765	883.39	-0.058624	7.4531e-05	0.11570	supercritical
1730.4	816.00	157.63	0.0063439	1342.4	1860.1	6.4806	0.90188	1.1766	883.58	-0.058635	7.4556e-05	0.11575	supercritical
1731.4	816.00	157.55	0.0063472	1343.3	1861.2	6.4813	0.90195	1.1766	883.76	-0.058646	7.4580e-05	0.11579	supercritical
1732.4	816.00	157.47	0.0063505	1344.2	1862.4	6.4820	0.90202	1.1767	883.95	-0.058657	7.4604e-05	0.11584	supercritical
1733.4	816.00	157.39	0.0063537	1345.1	1863.6	6.4827	0.90209	1.1768	884.13	-0.058668	7.4628e-05	0.11589	supercritical
1734.4	816.00	157.31	0.0063570	1346.0	1864.8	6.4834	0.90217	1.1768	884.31	-0.058679	7.4652e-05	0.11593	supercritical
1735.4	816.00	157.23	0.0063603	1346.9	1865.9	6.4840	0.90224	1.1769	884.50	-0.058690	7.4677e-05	0.11598	supercritical
1736.4	816.00	157.15	0.0063635	1347.8	1867.1	6.4847	0.90231	1.1769	884.68	-0.058700	7.4701e-05	0.11602	supercritical
1737.4	816.00	157.06	0.0063668	1348.8	1868.3	6.4854	0.90238	1.1770	884.86	-0.058711	7.4725e-05	0.11607	supercritical
1738.4	816.00	156.98	0.0063701	1349.7	1869.5	6.4861	0.90246	1.1770	885.05	-0.058722	7.4749e-05	0.11612	supercritical
1739.4	816.00	156.90	0.0063733	1350.6	1870.6	6.4867	0.90253	1.1771	885.23	-0.058733	7.4773e-05	0.11616	supercritical
1740.4	816.00	156.82	0.0063766	1351.5	1871.8	6.4874	0.90260	1.1771	885.41	-0.058744	7.4798e-05	0.11621	supercritical
1741.4	816.00	156.74	0.0063799	1352.4	1873.0	6.4881	0.90267	1.1772	885.60	-0.058754	7.4822e-05	0.11626	supercritical
1742.4	816.00	156.66	0.0063831	1353.3	1874.2	6.4888	0.90275	1.1773	885.78	-0.058765	7.4846e-05	0.11630	supercritical
1743.4	816.00	156.58	0.0063864	1354.2	1875.4	6.4894	0.90282	1.1773	885.96	-0.058776	7.4870e-05	0.11635	supercritical
1744.4	816.00	156.50	0.0063897	1355.1	1876.5	6.4901	0.90289	1.1774	886.14	-0.058786	7.4894e-05	0.11640	supercritical
1745.4	816.00	156.42	0.0063929	1356.0	1877.7	6.4908	0.90296	1.1774	886.33	-0.058797	7.4918e-05	0.11644	supercritical
1746.4	816.00	156.34	0.0063962	1357.0	1878.9	6.4915	0.90304	1.1775	886.51	-0.058808	7.4943e-05	0.11649	supercritical
1747.4	816.00	156.26	0.0063995	1357.9	1880.1	6.4921	0.90311	1.1775	886.69	-0.058818	7.4967e-05	0.11653	supercritical
1748.4	816.00	156.18	0.0064027	1358.8	1881.2	6.4928	0.90318	1.1776	886.88	-0.058829	7.4991e-05	0.11658	supercritical
1749.4	816.00	156.10	0.0064060	1359.7	1882.4	6.4935	0.90325	1.1777	887.06	-0.058840	7.5015e-05	0.11663	supercritical
1750.4	816.00	156.02	0.0064093	1360.6	1883.6	6.4942	0.90333	1.1777	887.24	-0.058850	7.5039e-05	0.11667	supercritical
1751.4	816.00	155.94	0.0064125	1361.5	1884.8	6.4948	0.90340	1.1778	887.42	-0.058861	7.5064e-05	0.11672	supercritical
1752.4	816.00	155.87	0.0064158	1362.4	1886.0	6.4955	0.90347	1.1778	887.61	-0.058871	7.5088e-05	0.11677	supercritical
1753.4	816.00	155.79	0.0064191	1363.3	1887.1	6.4962	0.90354	1.1779	887.79	-0.058882	7.5112e-05	0.11681	supercritical
1754.4	816.00	155.71	0.0064223	1364.2	1888.3	6.4968	0.90361	1.1779	887.97	-0.058893	7.5136e-05	0.11686	supercritical
1755.4	816.00	155.63	0.0064256	1365.2	1889.5	6.4975	0.90369	1.1780	888.16	-0.058903	7.5160e-05	0.11690	supercritical
1756.4	816.00	155.55	0.0064289	1366.1	1890.7	6.4982	0.90376	1.1780	888.34	-0.058914	7.5184e-05	0.11695	supercritical
1757.4	816.00	155.47	0.0064321	1367.0	1891.8	6.4989	0.90383	1.1781	888.52	-0.058924	7.5208e-05	0.11700	supercritical
1758.4	816.00	155.39	0.0064354	1367.9	1893.0	6.4995	0.90390	1.1782	888.70	-0.058935	7.5233e-05	0.11704	supercritical
1759.4	816.00	155.31	0.0064387	1368.8	1894.2	6.5002	0.90398	1.1782	888.88	-0.058945	7.5257e-05	0.11709	supercritical
1760.4	816.00	155.23	0.0064419	1369.7	1895.4	6.5009	0.90405	1.1783	889.07	-0.058956	7.5281e-05	0.11714	supercritical
1761.4	816.00	155.15	0.0064452	1370.6	1896.6	6.5015	0.90412	1.1783	889.25	-0.058966	7.5305e-05	0.11718	supercritical
1762.4	816.00	155.08	0.0064485	1371.5	1897.7	6.5022	0.90419	1.1784	889.43	-0.058976	7.5329e-05	0.11723	supercritical
1763.4	816.00	155.00	0.0064517	1372.5	1898.9	6.5029	0.90426	1.1784	889.61	-0.058987	7.5353e-05	0.11728	supercritical
1764.4	816.00	154.92	0.0064550	1373.4	1900.1	6.5035	0.90434	1.1785	889.80	-0.058997	7.5378e-05	0.11732	supercritical
1765.4	816.00	154.84	0.0064582	1374.3	1901.3	6.5042	0.90441	1.1786	889.98	-0.059008	7.5402e-05	0.11737	supercritical
1766.4	816.00	154.76	0.0064615	1375.2	1902.4	6.5049	0.90448	1.1786	890.16	-0.059018	7.5426e-05	0.11741	supercritical
1767.4	816.00	154.68	0.0064648	1376.1	1903.6	6.5055	0.90455	1.1787	890.34	-0.059028	7.5450e-05	0.11746	supercritical
1768.4	816.00	154.61	0.0064680	1377.0	1904.8	6.5062	0.90462	1.1787	890.52	-0.059039	7.5474e-05	0.11751	supercritical
1769.4	816.00	154.53	0.0064713	1377.9	1906.0	6.5069	0.90470	1.1788	890.71	-0.059049	7.5498e-05	0.11755	supercritical
1770.4	816.00	154.45	0.0064746	1378.8	1907.2	6.5075	0.90477	1.1788	890.89	-0.059059	7.5522e-05	0.11760	supercritical
1771.4	816.00	154.37	0.0064778	1379.8	1908.3	6.5082	0.90484	1.1789	891.07	-0.059070	7.5546e-05	0.11765	supercritical
1772.4	816.00	154.29	0.0064811	1380.7	1909.5	6.5089	0.90491	1.1789	891.25	-0.059080	7.5571e-05	0.11769	supercritical
1773.4	816.00	154.22	0.0064844	1381.6	1910.7	6.5095	0.90498	1.1790	891.43	-0.059090	7.5595e-05	0.11774	supercritical
1774.4	816.00	154.14	0.0064876	1382.5	1911.9	6.5102	0.90506	1.1791	891.62	-0.059101	7.5619e-05	0.11778	supercritical
1775.4	816.00	154.06	0.0064909	1383.4	1913.1	6.5109	0.90513	1.1791	891.80	-0.059111	7.5643e-05	0.11783	supercritical
1776.4	816.00	153.98	0.0064941	1384.3	1914.2	6.5115	0.90520	1.1792	891.98	-0.059121	7.5667e-05	0.11788	supercritical
1777.4	816.00	153.91	0.0064974	1385.2	1915.4	6.5122	0.90527	1.1792	892.16	-0.059131	7.5691e-05	0.11792	supercritical
1778.4	816.00	153.83	0.0065007	1386.1	1916.6	6.5129	0.90534	1.1793	892.34	-0.059142	7.5715e-05	0.11797	supercritical
1779.4	816.00	153.75	0.0065039	1387.1	1917.8	6.5135	0.90542	1.1793	892.52	-0.059152	7.5739e-05	0.11802	supercritical
1780.4	816.00	153.68	0.0065072	1388.0	1919.0	6.5142	0.90549	1.1794	892.70	-0.059162	7.5764e-05	0.11806	supercritical
1781.4	816.00	153.60	0.0065105	1388.9	1920.1	6.5149	0.90556	1.1795	892.89	-0.059172	7.5788e-05	0.11811	supercritical
1782.4	816.00	153.52	0.0065137	1389.8	1921.3	6.5155	0.90563	1.1795	893.07	-0.059182	7.5812e-05	0.11816	supercritical
1783.4	816.00	153.45	0.0065170	1390.7	1922.5	6.5162	0.90570	1.1796	893.25	-0.059192	7.5836e-05	0.11820	supercritical
1784.4	816.00	153.37	0.0065203	1391.6	1923.7	6.5168	0.90578	1.1796	893.43	-0.059203	7.5860e-05	0.11825	supercritical
1785.4	816.00	153.29	0.0065235	1392.5	1924.9	6.5175	0.90585	1.1797	893.61	-0.059213	7.5884e-05	0.11829	supercritical
1786.4	816.00	153.21	0.0065268	1393.4	1926.0	6.5182	0.90592	1.1797	893.79	-0.059223	7.5908e-05	0.11834	supercritical
1787.4	816.00	153.14	0.0065300	1394.4	1927.2	6.5188	0.90599	1.1798	893.97	-0.059233	7.5932e-05	0.11839	supercritical
1788.4	816.00	153.06	0.0065333	1395.3	1928.4	6.5195	0.90606	1.1799	894.16	-0.059243	7.5956e-05	0.11843	supercritical
1789.4	816.00	152.99	0.0065366	1396.2	1929.6	6.5201	0.90613	1.1799	894.34	-0.059253	7.5980e-05	0.11848	supercritical
1790.4	816.00	152.91	0.0065398	1397.1	1930.8	6.5208	0.90621	1.1800	894.52	-0.059263	7.6004e-05	0.11853	supercritical
1791.4	816.00	152.83	0.0065431	1398.0	1931.9	6.5215	0.90628	1.1800	894.70	-0.059273	7.6029e-05	0.11857	supercritical
1792.4	816.00	152.76	0.0065464	1398.9	1933.1	6.5221	0.90635	1.1801	894.88	-0.059283	7.6053e-05	0.11862	supercritical
1793.4	816.00	152.68	0.0065496	1399.8	1934.3	6.5228	0.90642	1.1801	895.06	-0.059293	7.6077e-05	0.11866	supercritical
1794.4	816.00	152.60	0.0065529	1400.8	1935.5	6.5234	0.90649	1.1802	895.24	-0.059303	7.6101e-05	0.11871	supercritical
1795.4	816.00	152.53	0.0065561	1401.7	1936.7	6.5241	0.90656	1.1802	895.42	-0.059313	7.6125e-05	0.11876	supercritical
1796.4	816.00	152.45	0.0065594	1402.6	1937.8	6.5247	0.90664	1.1803	895.60	-0.059323	7.6149e-05	0.11880	supercritical
1797.4	816.00	152.38	0.0065627	1403.5	1939.0	6.5254	0.90671	1.1804	895.78	-0.059333	7.6173e-05	0.11885	supercritical
1798.4	816.00	152.30	0.0065659	1404.4	1940.2	6.5261	0.90678	1.1804	895.96	-0.059343	7.6197e-05	0.11890	supercritical
1799.4	816.00	152.23	0.0065692	1405.3	1941.4	6.5267	0.90685	1.1805	896.14	-0.059353	7.6221e-05	0.11894	supercritical
1800.4	816.00	152.15	0.0065724	1406.2	1942.6	6.5274	0.90692	1.1805	896.33	-0.059363	7.6245e-05	0.11899	supercritical
1801.4	816.00	152.07	0.0065757	1407.2	1943.7	6.5280	0.90700	1.1806	896.51	-0.059373	7.6269e-05	0.11903	supercritical
1802.4	816.00	152.00	0.0065790	1408.1	1944.9	6.5287	0.90707	1.1806	896.69	-0.059382	7.6293e-05	0.11908	supercritical
1803.4	816.00	151.92	0.0065822	1409.0	1946.1	6.5293	0.90714	1.1807	896.87	-0.059392	7.6317e-05	0.11913	supercritical
1804.4	816.00	151.85	0.0065855	1409.9	1947.3	6.5300	0.90721	1.1808	897.05	-0.059402	7.6342e-05	0.11917	supercritical
1805.4	816.00	151.77	0.0065888	1410.8	1948.5	6.5306	0.90728	1.1808	897.23	-0.059412	7.6366e-05	0.11922	supercritical
1806.4	816.00	151.70	0.0065920	1411.7	1949.6	6.5313	0.90735	1.1809	897.41	-0.059422	7.6390e-05	0.11927	supercritical
1807.4	816.00	151.62	0.0065953	1412.6	1950.8	6.5320	0.90742	1.1809	897.59	-0.059432	7.6414e-05	0.11931	supercritical
1808.4	816.00	151.55	0.0065985	1413.6	1952.0	6.5326	0.90750	1.1810	897.77	-0.059441	7.6438e-05	0.11936	supercritical
1809.4	816.00	151.47	0.0066018	1414.5	1953.2	6.5333	0.90757	1.1810	897.95	-0.059451	7.6462e-05	0.11940	supercritical
1810.4	816.00	151.40	0.0066051	1415.4	1954.4	6.5339	0.90764	1.1811	898.13	-0.059461	7.6486e-05	0.11945	supercritical
1811.4	816.00	151.32	0.0066083	1416.3	1955.5	6.5346	0.90771	1.1812	898.31	-0.059471	7.6510e-05	0.11950	supercritical
1812.4	816.00	151.25	0.0066116	1417.2	1956.7	6.5352	0.90778	1.1812	898.49	-0.059481	7.6534e-05	0.11954	supercritical
1813.4	816.00	151.18	0.0066148	1418.1	1957.9	6.5359	0.90785	1.1813	898.67	-0.059490	7.6558e-05	0.11959	supercritical
1814.4	816.00	151.10	0.0066181	1419.0	1959.1	6.5365	0.90793	1.1813	898.85	-0.059500	7.6582e-05	0.11964	supercritical
1815.4	816.00	151.03	0.0066214	1420.0	1960.3	6.5372	0.90800	1.1814	899.03	-0.059510	7.6606e-05	0.11968	supercritical
1816.4	816.00	150.95	0.0066246	1420.9	1961.4	6.5378	0.90807	1.1814	899.21	-0.059519	7.6630e-05	0.11973	supercritical
1817.4	816.00	150.88	0.0066279	1421.8	1962.6	6.5385	0.90814	1.1815	899.39	-0.059529	7.6654e-05	0.11978	supercritical
1818.4	816.00	150.80	0.0066311	1422.7	1963.8	6.5391	0.90821	1.1816	899.57	-0.059539	7.6678e-05	0.11982	supercritical
1819.4	816.00	150.73	0.0066344	1423.6	1965.0	6.5398	0.90828	1.1816	899.75	-0.059548	7.6702e-05	0.11987	supercritical
1820.4	816.00	150.66	0.0066377	1424.5	1966.2	6.5404	0.90835	1.1817	899.93	-0.059558	7.6726e-05	0.11991	supercritical
1821.4	816.00	150.58	0.0066409	1425.5	1967.4	6.5411	0.90843	1.1817	900.11	-0.059568	7.6750e-05	0.11996	supercritical
1822.4	816.00	150.51	0.0066442	1426.4	1968.5	6.5417	0.90850	1.1818	900.29	-0.059577	7.6774e-05	0.12001	supercritical
1823.4	816.00	150.43	0.0066474	1427.3	1969.7	6.5424	0.90857	1.1818	900.47	-0.059587	7.6798e-05	0.12005	supercritical
1824.4	816.00	150.36	0.0066507	1428.2	1970.9	6.5430	0.90864	1.1819	900.65	-0.059596	7.6822e-05	0.12010	supercritical
1825.4	816.00	150.29	0.0066540	1429.1	1972.1	6.5437	0.90871	1.1820	900.83	-0.059606	7.6846e-05	0.12015	supercritical
1826.4	816.00	150.21	0.0066572	1430.0	1973.3	6.5443	0.90878	1.1820	901.01	-0.059616	7.6870e-05	0.12019	supercritical
1827.4	816.00	150.14	0.0066605	1431.0	1974.4	6.5450	0.90885	1.1821	901.19	-0.059625	7.6894e-05	0.12024	supercritical
1828.4	816.00	150.07	0.0066637	1431.9	1975.6	6.5456	0.90893	1.1821	901.37	-0.059635	7.6918e-05	0.12028	supercritical
1829.4	816.00	149.99	0.0066670	1432.8	1976.8	6.5462	0.90900	1.1822	901.55	-0.059644	7.6942e-05	0.12033	supercritical
1830.4	816.00	149.92	0.0066702	1433.7	1978.0	6.5469	0.90907	1.1822	901.73	-0.059654	7.6966e-05	0.12038	supercritical
1831.4	816.00	149.85	0.0066735	1434.6	1979.2	6.5475	0.90914	1.1823	901.90	-0.059663	7.6990e-05	0.12042	supercritical
1832.4	816.00	149.77	0.0066768	1435.5	1980.4	6.5482	0.90921	1.1824	902.08	-0.059673	7.7014e-05	0.12047	supercritical
1833.4	816.00	149.70	0.0066800	1436.5	1981.5	6.5488	0.90928	1.1824	902.26	-0.059682	7.7038e-05	0.12052	supercritical
1834.4	816.00	149.63	0.0066833	1437.4	1982.7	6.5495	0.90935	1.1825	902.44	-0.059692	7.7062e-05	0.12056	supercritical
1835.4	816.00	149.55	0.0066865	1438.3	1983.9	6.5501	0.90943	1.1825	902.62	-0.059701	7.7086e-05	0.12061	supercritical
1836.4	816.00	149.48	0.0066898	1439.2	1985.1	6.5508	0.90950	1.1826	902.80	-0.059710	7.7110e-05	0.12065	supercritical
1837.4	816.00	149.41	0.0066931	1440.1	1986.3	6.5514	0.90957	1.1826	902.98	-0.059720	7.7134e-05	0.12070	supercritical
1838.4	816.00	149.34	0.0066963	1441.0	1987.5	6.5521	0.90964	1.1827	903.16	-0.059729	7.7158e-05	0.12075	supercritical
1839.4	816.00	149.26	0.0066996	1442.0	1988.6	6.5527	0.90971	1.1828	903.34	-0.059739	7.7182e-05	0.12079	supercritical
1840.4	816.00	149.19	0.0067028	1442.9	1989.8	6.5533	0.90978	1.1828	903.52	-0.059748	7.7206e-05	0.12084	supercritical
1841.4	816.00	149.12	0.0067061	1443.8	1991.0	6.5540	0.90985	1.1829	903.70	-0.059757	7.7230e-05	0.12089	supercritical
1842.4	816.00	149.05	0.0067093	1444.7	1992.2	6.5546	0.90992	1.1829	903.87	-0.059767	7.7254e-05	0.12093	supercritical
1843.4	816.00	148.97	0.0067126	1445.6	1993.4	6.5553	0.91000	1.1830	904.05	-0.059776	7.7278e-05	0.12098	supercritical
1844.4	816.00	148.90	0.0067159	1446.5	1994.6	6.5559	0.91007	1.1830	904.23	-0.059785	7.7302e-05	0.12102	supercritical
1845.4	816.00	148.83	0.0067191	1447.5	1995.7	6.5565	0.91014	1.1831	904.41	-0.059795	7.7326e-05	0.12107	supercritical
1846.4	816.00	148.76	0.0067224	1448.4	1996.9	6.5572	0.91021	1.1832	904.59	-0.059804	7.7350e-05	0.12112	supercritical
1847.4	816.00	148.68	0.0067256	1449.3	1998.1	6.5578	0.91028	1.1832	904.77	-0.059813	7.7374e-05	0.12116	supercritical
1848.4	816.00	148.61	0.0067289	1450.2	1999.3	6.5585	0.91035	1.1833	904.95	-0.059823	7.7398e-05	0.12121	supercritical
1849.4	816.00	148.54	0.0067322	1451.1	2000.5	6.5591	0.91042	1.1833	905.13	-0.059832	7.7422e-05	0.12126	supercritical
1850.4	816.00	148.47	0.0067354	1452.0	2001.7	6.5597	0.91049	1.1834	905.30	-0.059841	7.7446e-05	0.12130	supercritical
1851.4	816.00	148.40	0.0067387	1453.0	2002.8	6.5604	0.91057	1.1834	905.48	-0.059850	7.7470e-05	0.12135	supercritical
1852.4	816.00	148.33	0.0067419	1453.9	2004.0	6.5610	0.91064	1.1835	905.66	-0.059860	7.7494e-05	0.12139	supercritical
1853.4	816.00	148.25	0.0067452	1454.8	2005.2	6.5617	0.91071	1.1836	905.84	-0.059869	7.7518e-05	0.12144	supercritical
1854.4	816.00	148.18	0.0067484	1455.7	2006.4	6.5623	0.91078	1.1836	906.02	-0.059878	7.7542e-05	0.12149	supercritical
1855.4	816.00	148.11	0.0067517	1456.6	2007.6	6.5629	0.91085	1.1837	906.20	-0.059887	7.7566e-05	0.12153	supercritical
1856.4	816.00	148.04	0.0067550	1457.5	2008.8	6.5636	0.91092	1.1837	906.37	-0.059896	7.7590e-05	0.12158	supercritical
1857.4	816.00	147.97	0.0067582	1458.5	2009.9	6.5642	0.91099	1.1838	906.55	-0.059906	7.7614e-05	0.12163	supercritical
1858.4	816.00	147.90	0.0067615	1459.4	2011.1	6.5649	0.91106	1.1838	906.73	-0.059915	7.7638e-05	0.12167	supercritical
1859.4	816.00	147.83	0.0067647	1460.3	2012.3	6.5655	0.91113	1.1839	906.91	-0.059924	7.7662e-05	0.12172	supercritical
1860.4	816.00	147.75	0.0067680	1461.2	2013.5	6.5661	0.91121	1.1840	907.09	-0.059933	7.7686e-05	0.12176	supercritical
1861.4	816.00	147.68	0.0067712	1462.1	2014.7	6.5668	0.91128	1.1840	907.27	-0.059942	7.7710e-05	0.12181	supercritical
1862.4	816.00	147.61	0.0067745	1463.1	2015.9	6.5674	0.91135	1.1841	907.44	-0.059951	7.7734e-05	0.12186	supercritical
1863.4	816.00	147.54	0.0067777	1464.0	2017.0	6.5680	0.91142	1.1841	907.62	-0.059960	7.7758e-05	0.12190	supercritical
1864.4	816.00	147.47	0.0067810	1464.9	2018.2	6.5687	0.91149	1.1842	907.80	-0.059969	7.7782e-05	0.12195	supercritical
1865.4	816.00	147.40	0.0067843	1465.8	2019.4	6.5693	0.91156	1.1843	907.98	-0.059978	7.7806e-05	0.12200	supercritical
1866.4	816.00	147.33	0.0067875	1466.7	2020.6	6.5699	0.91163	1.1843	908.16	-0.059987	7.7830e-05	0.12204	supercritical
1867.4	816.00	147.26	0.0067908	1467.6	2021.8	6.5706	0.91170	1.1844	908.33	-0.059996	7.7854e-05	0.12209	supercritical
1868.4	816.00	147.19	0.0067940	1468.6	2023.0	6.5712	0.91177	1.1844	908.51	-0.060005	7.7877e-05	0.12213	supercritical
1869.4	816.00	147.12	0.0067973	1469.5	2024.1	6.5718	0.91184	1.1845	908.69	-0.060015	7.7901e-05	0.12218	supercritical
1870.4	816.00	147.05	0.0068005	1470.4	2025.3	6.5725	0.91192	1.1845	908.87	-0.060024	7.7925e-05	0.12223	supercritical
1871.4	816.00	146.98	0.0068038	1471.3	2026.5	6.5731	0.91199	1.1846	909.04	-0.060032	7.7949e-05	0.12227	supercritical
1872.4	816.00	146.91	0.0068071	1472.2	2027.7	6.5737	0.91206	1.1847	909.22	-0.060041	7.7973e-05	0.12232	supercritical
1873.4	816.00	146.84	0.0068103	1473.2	2028.9	6.5744	0.91213	1.1847	909.40	-0.060050	7.7997e-05	0.12237	supercritical
1874.4	816.00	146.77	0.0068136	1474.1	2030.1	6.5750	0.91220	1.1848	909.58	-0.060059	7.8021e-05	0.12241	supercritical
1875.4	816.00	146.70	0.0068168	1475.0	2031.3	6.5756	0.91227	1.1848	909.76	-0.060068	7.8045e-05	0.12246	supercritical
1876.4	816.00	146.63	0.0068201	1475.9	2032.4	6.5763	0.91234	1.1849	909.93	-0.060077	7.8069e-05	0.12250	supercritical
1877.4	816.00	146.56	0.0068233	1476.8	2033.6	6.5769	0.91241	1.1849	910.11	-0.060086	7.8093e-05	0.12255	supercritical
1878.4	816.00	146.49	0.0068266	1477.8	2034.8	6.5775	0.91248	1.1850	910.29	-0.060095	7.8117e-05	0.12260	supercritical
1879.4	816.00	146.42	0.0068298	1478.7	2036.0	6.5782	0.91255	1.1851	910.47	-0.060104	7.8141e-05	0.12264	supercritical
1880.4	816.00	146.35	0.0068331	1479.6	2037.2	6.5788	0.91262	1.1851	910.64	-0.060113	7.8165e-05	0.12269	supercritical
1881.4	816.00	146.28	0.0068364	1480.5	2038.4	6.5794	0.91270	1.1852	910.82	-0.060122	7.8188e-05	0.12273	supercritical
1882.4	816.00	146.21	0.0068396	1481.4	2039.5	6.5801	0.91277	1.1852	911.00	-0.060131	7.8212e-05	0.12278	supercritical
1883.4	816.00	146.14	0.0068429	1482.4	2040.7	6.5807	0.91284	1.1853	911.17	-0.060139	7.8236e-05	0.12283	supercritical
1884.4	816.00	146.07	0.0068461	1483.3	2041.9	6.5813	0.91291	1.1853	911.35	-0.060148	7.8260e-05	0.12287	supercritical
1885.4	816.00	146.00	0.0068494	1484.2	2043.1	6.5819	0.91298	1.1854	911.53	-0.060157	7.8284e-05	0.12292	supercritical
1886.4	816.00	145.93	0.0068526	1485.1	2044.3	6.5826	0.91305	1.1855	911.71	-0.060166	7.8308e-05	0.12297	supercritical
1887.4	816.00	145.86	0.0068559	1486.0	2045.5	6.5832	0.91312	1.1855	911.88	-0.060175	7.8332e-05	0.12301	supercritical
1888.4	816.00	145.79	0.0068591	1487.0	2046.7	6.5838	0.91319	1.1856	912.06	-0.060183	7.8356e-05	0.12306	supercritical
1889.4	816.00	145.72	0.0068624	1487.9	2047.8	6.5845	0.91326	1.1856	912.24	-0.060192	7.8380e-05	0.12310	supercritical
1890.4	816.00	145.65	0.0068656	1488.8	2049.0	6.5851	0.91333	1.1857	912.41	-0.060201	7.8404e-05	0.12315	supercritical
1891.4	816.00	145.58	0.0068689	1489.7	2050.2	6.5857	0.91340	1.1858	912.59	-0.060210	7.8428e-05	0.12320	supercritical
1892.4	816.00	145.51	0.0068722	1490.6	2051.4	6.5863	0.91347	1.1858	912.77	-0.060218	7.8451e-05	0.12324	supercritical
1893.4	816.00	145.45	0.0068754	1491.6	2052.6	6.5870	0.91355	1.1859	912.94	-0.060227	7.8475e-05	0.12329	supercritical
1894.4	816.00	145.38	0.0068787	1492.5	2053.8	6.5876	0.91362	1.1859	913.12	-0.060236	7.8499e-05	0.12334	supercritical
1895.4	816.00	145.31	0.0068819	1493.4	2055.0	6.5882	0.91369	1.1860	913.30	-0.060245	7.8523e-05	0.12338	supercritical
1896.4	816.00	145.24	0.0068852	1494.3	2056.1	6.5888	0.91376	1.1860	913.47	-0.060253	7.8547e-05	0.12343	supercritical
1897.4	816.00	145.17	0.0068884	1495.2	2057.3	6.5895	0.91383	1.1861	913.65	-0.060262	7.8571e-05	0.12347	supercritical
1898.4	816.00	145.10	0.0068917	1496.2	2058.5	6.5901	0.91390	1.1862	913.83	-0.060271	7.8595e-05	0.12352	supercritical
1899.4	816.00	145.03	0.0068949	1497.1	2059.7	6.5907	0.91397	1.1862	914.00	-0.060279	7.8619e-05	0.12357	supercritical
1900.4	816.00	144.97	0.0068982	1498.0	2060.9	6.5913	0.91404	1.1863	914.18	-0.060288	7.8643e-05	0.12361	supercritical
1901.4	816.00	144.90	0.0069014	1498.9	2062.1	6.5920	0.91411	1.1863	914.36	-0.060296	7.8666e-05	0.12366	supercritical
1902.4	816.00	144.83	0.0069047	1499.8	2063.3	6.5926	0.91418	1.1864	914.53	-0.060305	7.8690e-05	0.12371	supercritical
1903.4	816.00	144.76	0.0069079	1500.8	2064.5	6.5932	0.91425	1.1864	914.71	-0.060314	7.8714e-05	0.12375	supercritical
1904.4	816.00	144.69	0.0069112	1501.7	2065.6	6.5938	0.91432	1.1865	914.89	-0.060322	7.8738e-05	0.12380	supercritical
1905.4	816.00	144.62	0.0069145	1502.6	2066.8	6.5945	0.91439	1.1866	915.06	-0.060331	7.8762e-05	0.12384	supercritical
1906.4	816.00	144.56	0.0069177	1503.5	2068.0	6.5951	0.91446	1.1866	915.24	-0.060339	7.8786e-05	0.12389	supercritical
1907.4	816.00	144.49	0.0069210	1504.4	2069.2	6.5957	0.91454	1.1867	915.42	-0.060348	7.8810e-05	0.12394	supercritical
1908.4	816.00	144.42	0.0069242	1505.4	2070.4	6.5963	0.91461	1.1867	915.59	-0.060357	7.8833e-05	0.12398	supercritical
1909.4	816.00	144.35	0.0069275	1506.3	2071.6	6.5969	0.91468	1.1868	915.77	-0.060365	7.8857e-05	0.12403	supercritical
1910.4	816.00	144.29	0.0069307	1507.2	2072.8	6.5976	0.91475	1.1869	915.94	-0.060374	7.8881e-05	0.12407	supercritical
1911.4	816.00	144.22	0.0069340	1508.1	2073.9	6.5982	0.91482	1.1869	916.12	-0.060382	7.8905e-05	0.12412	supercritical
1912.4	816.00	144.15	0.0069372	1509.1	2075.1	6.5988	0.91489	1.1870	916.30	-0.060391	7.8929e-05	0.12417	supercritical
1913.4	816.00	144.08	0.0069405	1510.0	2076.3	6.5994	0.91496	1.1870	916.47	-0.060399	7.8953e-05	0.12421	supercritical
1914.4	816.00	144.01	0.0069437	1510.9	2077.5	6.6001	0.91503	1.1871	916.65	-0.060408	7.8977e-05	0.12426	supercritical
1915.4	816.00	143.95	0.0069470	1511.8	2078.7	6.6007	0.91510	1.1871	916.82	-0.060416	7.9000e-05	0.12431	supercritical
1916.4	816.00	143.88	0.0069502	1512.7	2079.9	6.6013	0.91517	1.1872	917.00	-0.060424	7.9024e-05	0.12435	supercritical
1917.4	816.00	143.81	0.0069535	1513.7	2081.1	6.6019	0.91524	1.1873	917.18	-0.060433	7.9048e-05	0.12440	supercritical
1918.4	816.00	143.75	0.0069567	1514.6	2082.3	6.6025	0.91531	1.1873	917.35	-0.060441	7.9072e-05	0.12444	supercritical
1919.4	816.00	143.68	0.0069600	1515.5	2083.4	6.6031	0.91538	1.1874	917.53	-0.060450	7.9096e-05	0.12449	supercritical
1920.4	816.00	143.61	0.0069632	1516.4	2084.6	6.6038	0.91545	1.1874	917.70	-0.060458	7.9120e-05	0.12454	supercritical
1921.4	816.00	143.54	0.0069665	1517.4	2085.8	6.6044	0.91552	1.1875	917.88	-0.060467	7.9144e-05	0.12458	supercritical
1922.4	816.00	143.48	0.0069697	1518.3	2087.0	6.6050	0.91559	1.1875	918.06	-0.060475	7.9167e-05	0.12463	supercritical
1923.4	816.00	143.41	0.0069730	1519.2	2088.2	6.6056	0.91566	1.1876	918.23	-0.060483	7.9191e-05	0.12468	supercritical
1924.4	816.00	143.34	0.0069762	1520.1	2089.4	6.6062	0.91573	1.1877	918.41	-0.060492	7.9215e-05	0.12472	supercritical
1925.4	816.00	143.28	0.0069795	1521.0	2090.6	6.6069	0.91581	1.1877	918.58	-0.060500	7.9239e-05	0.12477	supercritical
1926.4	816.00	143.21	0.0069828	1522.0	2091.8	6.6075	0.91588	1.1878	918.76	-0.060508	7.9263e-05	0.12481	supercritical
1927.4	816.00	143.14	0.0069860	1522.9	2092.9	6.6081	0.91595	1.1878	918.93	-0.060517	7.9287e-05	0.12486	supercritical
1928.4	816.00	143.08	0.0069893	1523.8	2094.1	6.6087	0.91602	1.1879	919.11	-0.060525	7.9310e-05	0.12491	supercritical
1929.4	816.00	143.01	0.0069925	1524.7	2095.3	6.6093	0.91609	1.1880	919.28	-0.060533	7.9334e-05	0.12495	supercritical
1930.4	816.00	142.94	0.0069958	1525.7	2096.5	6.6099	0.91616	1.1880	919.46	-0.060542	7.9358e-05	0.12500	supercritical
1931.4	816.00	142.88	0.0069990	1526.6	2097.7	6.6105	0.91623	1.1881	919.64	-0.060550	7.9382e-05	0.12504	supercritical
1932.4	816.00	142.81	0.0070023	1527.5	2098.9	6.6112	0.91630	1.1881	919.81	-0.060558	7.9406e-05	0.12509	supercritical
1933.4	816.00	142.74	0.0070055	1528.4	2100.1	6.6118	0.91637	1.1882	919.99	-0.060566	7.9430e-05	0.12514	supercritical
1934.4	816.00	142.68	0.0070088	1529.3	2101.3	6.6124	0.91644	1.1882	920.16	-0.060575	7.9453e-05	0.12518	supercritical
1935.4	816.00	142.61	0.0070120	1530.3	2102.4	6.6130	0.91651	1.1883	920.34	-0.060583	7.9477e-05	0.12523	supercritical
1936.4	816.00	142.55	0.0070153	1531.2	2103.6	6.6136	0.91658	1.1884	920.51	-0.060591	7.9501e-05	0.12528	supercritical
1937.4	816.00	142.48	0.0070185	1532.1	2104.8	6.6142	0.91665	1.1884	920.69	-0.060599	7.9525e-05	0.12532	supercritical
1938.4	816.00	142.41	0.0070218	1533.0	2106.0	6.6148	0.91672	1.1885	920.86	-0.060607	7.9549e-05	0.12537	supercritical
1939.4	816.00	142.35	0.0070250	1534.0	2107.2	6.6155	0.91679	1.1885	921.04	-0.060616	7.9572e-05	0.12541	supercritical
1940.4	816.00	142.28	0.0070283	1534.9	2108.4	6.6161	0.91686	1.1886	921.21	-0.060624	7.9596e-05	0.12546	supercritical
1941.4	816.00	142.22	0.0070315	1535.8	2109.6	6.6167	0.91693	1.1887	921.39	-0.060632	7.9620e-05	0.12551	supercritical
1942.4	816.00	142.15	0.0070348	1536.7	2110.8	6.6173	0.91700	1.1887	921.56	-0.060640	7.9644e-05	0.12555	supercritical
1943.4	816.00	142.09	0.0070380	1537.7	2112.0	6.6179	0.91707	1.1888	921.74	-0.060648	7.9668e-05	0.12560	supercritical
1944.4	816.00	142.02	0.0070413	1538.6	2113.1	6.6185	0.91714	1.1888	921.91	-0.060656	7.9691e-05	0.12565	supercritical
1945.4	816.00	141.95	0.0070445	1539.5	2114.3	6.6191	0.91721	1.1889	922.09	-0.060665	7.9715e-05	0.12569	supercritical
1946.4	816.00	141.89	0.0070478	1540.4	2115.5	6.6197	0.91728	1.1889	922.26	-0.060673	7.9739e-05	0.12574	supercritical
1947.4	816.00	141.82	0.0070510	1541.3	2116.7	6.6204	0.91735	1.1890	922.44	-0.060681	7.9763e-05	0.12578	supercritical
1948.4	816.00	141.76	0.0070543	1542.3	2117.9	6.6210	0.91742	1.1891	922.61	-0.060689	7.9787e-05	0.12583	supercritical
1949.4	816.00	141.69	0.0070575	1543.2	2119.1	6.6216	0.91749	1.1891	922.78	-0.060697	7.9810e-05	0.12588	supercritical
1950.4	816.00	141.63	0.0070608	1544.1	2120.3	6.6222	0.91756	1.1892	922.96	-0.060705	7.9834e-05	0.12592	supercritical
1951.4	816.00	141.56	0.0070640	1545.0	2121.5	6.6228	0.91763	1.1892	923.13	-0.060713	7.9858e-05	0.12597	supercritical
1952.4	816.00	141.50	0.0070673	1546.0	2122.7	6.6234	0.91770	1.1893	923.31	-0.060721	7.9882e-05	0.12601	supercritical
1953.4	816.00	141.43	0.0070705	1546.9	2123.8	6.6240	0.91777	1.1894	923.48	-0.060729	7.9906e-05	0.12606	supercritical
1954.4	816.00	141.37	0.0070738	1547.8	2125.0	6.6246	0.91784	1.1894	923.66	-0.060737	7.9929e-05	0.12611	supercritical
1955.4	816.00	141.30	0.0070770	1548.7	2126.2	6.6252	0.91792	1.1895	923.83	-0.060745	7.9953e-05	0.12615	supercritical
1956.4	816.00	141.24	0.0070803	1549.7	2127.4	6.6258	0.91799	1.1895	924.01	-0.060753	7.9977e-05	0.12620	supercritical
1957.4	816.00	141.17	0.0070835	1550.6	2128.6	6.6264	0.91806	1.1896	924.18	-0.060761	8.0001e-05	0.12625	supercritical
1958.4	816.00	141.11	0.0070868	1551.5	2129.8	6.6271	0.91813	1.1896	924.35	-0.060769	8.0025e-05	0.12629	supercritical
1959.4	816.00	141.04	0.0070900	1552.4	2131.0	6.6277	0.91820	1.1897	924.53	-0.060777	8.0048e-05	0.12634	supercritical
1960.4	816.00	140.98	0.0070933	1553.4	2132.2	6.6283	0.91827	1.1898	924.70	-0.060785	8.0072e-05	0.12638	supercritical
1961.4	816.00	140.91	0.0070965	1554.3	2133.4	6.6289	0.91834	1.1898	924.88	-0.060793	8.0096e-05	0.12643	supercritical
1962.4	816.00	140.85	0.0070998	1555.2	2134.6	6.6295	0.91841	1.1899	925.05	-0.060801	8.0120e-05	0.12648	supercritical
1963.4	816.00	140.79	0.0071030	1556.1	2135.7	6.6301	0.91848	1.1899	925.23	-0.060809	8.0143e-05	0.12652	supercritical
1964.4	816.00	140.72	0.0071063	1557.1	2136.9	6.6307	0.91855	1.1900	925.40	-0.060817	8.0167e-05	0.12657	supercritical
1965.4	816.00	140.66	0.0071095	1558.0	2138.1	6.6313	0.91862	1.1901	925.57	-0.060825	8.0191e-05	0.12661	supercritical
1966.4	816.00	140.59	0.0071128	1558.9	2139.3	6.6319	0.91869	1.1901	925.75	-0.060833	8.0215e-05	0.12666	supercritical
1967.4	816.00	140.53	0.0071160	1559.8	2140.5	6.6325	0.91876	1.1902	925.92	-0.060840	8.0238e-05	0.12671	supercritical
1968.4	816.00	140.46	0.0071193	1560.8	2141.7	6.6331	0.91883	1.1902	926.10	-0.060848	8.0262e-05	0.12675	supercritical
1969.4	816.00	140.40	0.0071225	1561.7	2142.9	6.6337	0.91890	1.1903	926.27	-0.060856	8.0286e-05	0.12680	supercritical
1970.4	816.00	140.34	0.0071258	1562.6	2144.1	6.6343	0.91897	1.1904	926.44	-0.060864	8.0310e-05	0.12685	supercritical
1971.4	816.00	140.27	0.0071290	1563.5	2145.3	6.6349	0.91904	1.1904	926.62	-0.060872	8.0333e-05	0.12689	supercritical
1972.4	816.00	140.21	0.0071323	1564.5	2146.5	6.6355	0.91911	1.1905	926.79	-0.060880	8.0357e-05	0.12694	supercritical
1973.4	816.00	140.14	0.0071355	1565.4	2147.6	6.6361	0.91918	1.1905	926.96	-0.060887	8.0381e-05	0.12698	supercritical
1974.4	816.00	140.08	0.0071388	1566.3	2148.8	6.6367	0.91925	1.1906	927.14	-0.060895	8.0405e-05	0.12703	supercritical
1975.4	816.00	140.02	0.0071420	1567.2	2150.0	6.6373	0.91932	1.1906	927.31	-0.060903	8.0429e-05	0.12708	supercritical
1976.4	816.00	139.95	0.0071453	1568.2	2151.2	6.6379	0.91939	1.1907	927.49	-0.060911	8.0452e-05	0.12712	supercritical
1977.4	816.00	139.89	0.0071485	1569.1	2152.4	6.6385	0.91946	1.1908	927.66	-0.060919	8.0476e-05	0.12717	supercritical
1978.4	816.00	139.83	0.0071518	1570.0	2153.6	6.6391	0.91953	1.1908	927.83	-0.060926	8.0500e-05	0.12721	supercritical
1979.4	816.00	139.76	0.0071550	1570.9	2154.8	6.6397	0.91960	1.1909	928.01	-0.060934	8.0523e-05	0.12726	supercritical
1980.4	816.00	139.70	0.0071582	1571.9	2156.0	6.6404	0.91967	1.1909	928.18	-0.060942	8.0547e-05	0.12731	supercritical
1981.4	816.00	139.64	0.0071615	1572.8	2157.2	6.6410	0.91974	1.1910	928.35	-0.060950	8.0571e-05	0.12735	supercritical
1982.4	816.00	139.57	0.0071647	1573.7	2158.4	6.6416	0.91981	1.1911	928.53	-0.060957	8.0595e-05	0.12740	supercritical
1983.4	816.00	139.51	0.0071680	1574.6	2159.6	6.6422	0.91988	1.1911	928.70	-0.060965	8.0618e-05	0.12744	supercritical
1984.4	816.00	139.45	0.0071712	1575.6	2160.7	6.6428	0.91995	1.1912	928.87	-0.060973	8.0642e-05	0.12749	supercritical
1985.4	816.00	139.38	0.0071745	1576.5	2161.9	6.6434	0.92002	1.1912	929.05	-0.060980	8.0666e-05	0.12754	supercritical
1986.4	816.00	139.32	0.0071777	1577.4	2163.1	6.6440	0.92009	1.1913	929.22	-0.060988	8.0690e-05	0.12758	supercritical
1987.4	816.00	139.26	0.0071810	1578.3	2164.3	6.6446	0.92016	1.1913	929.39	-0.060996	8.0713e-05	0.12763	supercritical
1988.4	816.00	139.19	0.0071842	1579.3	2165.5	6.6452	0.92023	1.1914	929.57	-0.061003	8.0737e-05	0.12768	supercritical
1989.4	816.00	139.13	0.0071875	1580.2	2166.7	6.6458	0.92030	1.1915	929.74	-0.061011	8.0761e-05	0.12772	supercritical
1990.4	816.00	139.07	0.0071907	1581.1	2167.9	6.6464	0.92037	1.1915	929.91	-0.061019	8.0785e-05	0.12777	supercritical
1991.4	816.00	139.01	0.0071940	1582.1	2169.1	6.6470	0.92044	1.1916	930.09	-0.061026	8.0808e-05	0.12781	supercritical
1992.4	816.00	138.94	0.0071972	1583.0	2170.3	6.6475	0.92051	1.1916	930.26	-0.061034	8.0832e-05	0.12786	supercritical
1993.4	816.00	138.88	0.0072005	1583.9	2171.5	6.6481	0.92058	1.1917	930.43	-0.061042	8.0856e-05	0.12791	supercritical
1994.4	816.00	138.82	0.0072037	1584.8	2172.7	6.6487	0.92065	1.1918	930.60	-0.061049	8.0879e-05	0.12795	supercritical
1995.4	816.00	138.75	0.0072070	1585.8	2173.9	6.6493	0.92072	1.1918	930.78	-0.061057	8.0903e-05	0.12800	supercritical
1996.4	816.00	138.69	0.0072102	1586.7	2175.0	6.6499	0.92079	1.1919	930.95	-0.061064	8.0927e-05	0.12804	supercritical
1997.4	816.00	138.63	0.0072135	1587.6	2176.2	6.6505	0.92086	1.1919	931.12	-0.061072	8.0951e-05	0.12809	supercritical
1998.4	816.00	138.57	0.0072167	1588.5	2177.4	6.6511	0.92093	1.1920	931.30	-0.061079	8.0974e-05	0.12814	supercritical
1999.4	816.00	138.51	0.0072200	1589.5	2178.6	6.6517	0.92100	1.1921	931.47	-0.061087	8.0998e-05	0.12818	supercritical