Temperature (K)	Pressure (bar)	Density (kg/m3)	Volume (m3/kg)	Internal Energy (kJ/kg)	Enthalpy (kJ/kg)	Entropy (J/g*K)	Cv (J/g*K)	Cp (J/g*K)	Sound Spd. (m/s)	Joule-Thomson (K/bar)	Viscosity (Pa*s)	Therm. Cond. (W/m*K)	Phase
54.361	112.00	1318.1	0.00075866	-194.99	-186.49	2.0661	1.1700	1.6327	1157.5	-0.038947	0.00084253	0.20576	liquid
56.361	112.00	1310.1	0.00076329	-191.77	-183.22	2.1252	1.1329	1.6391	1163.3	-0.038437	0.00075800	0.20318	liquid
57.361	112.00	1306.0	0.00076568	-190.16	-181.58	2.1541	1.1194	1.6426	1163.5	-0.038205	0.00071986	0.20188	liquid
58.361	112.00	1301.9	0.00076811	-188.54	-179.94	2.1825	1.1080	1.6460	1162.2	-0.037994	0.00068426	0.20057	liquid
59.361	112.00	1297.7	0.00077057	-186.92	-178.29	2.2105	1.0983	1.6490	1159.7	-0.037803	0.00065104	0.19926	liquid
60.361	112.00	1293.6	0.00077306	-185.30	-176.64	2.2381	1.0899	1.6516	1156.3	-0.037633	0.00062005	0.19795	liquid
61.361	112.00	1289.3	0.00077559	-183.67	-174.99	2.2652	1.0824	1.6537	1152.1	-0.037480	0.00059112	0.19664	liquid
62.361	112.00	1285.1	0.00077814	-182.05	-173.33	2.2920	1.0757	1.6554	1147.3	-0.037343	0.00056411	0.19533	liquid
63.361	112.00	1280.9	0.00078072	-180.42	-171.68	2.3183	1.0694	1.6566	1142.0	-0.037220	0.00053888	0.19402	liquid
64.361	112.00	1276.6	0.00078332	-178.79	-170.02	2.3443	1.0636	1.6575	1136.2	-0.037108	0.00051529	0.19271	liquid
65.361	112.00	1272.4	0.00078595	-177.16	-168.36	2.3698	1.0581	1.6581	1130.1	-0.037005	0.00049324	0.19139	liquid
66.361	112.00	1268.1	0.00078859	-175.54	-166.70	2.3950	1.0529	1.6583	1123.8	-0.036909	0.00047259	0.19008	liquid
67.361	112.00	1263.8	0.00079127	-173.91	-165.04	2.4198	1.0478	1.6583	1117.2	-0.036819	0.00045325	0.18877	liquid
68.361	112.00	1259.5	0.00079396	-172.28	-163.39	2.4442	1.0429	1.6581	1110.5	-0.036732	0.00043511	0.18746	liquid
69.361	112.00	1255.2	0.00079668	-170.65	-161.73	2.4683	1.0380	1.6578	1103.6	-0.036647	0.00041810	0.18615	liquid
70.361	112.00	1250.9	0.00079941	-169.02	-160.07	2.4920	1.0333	1.6573	1096.7	-0.036564	0.00040211	0.18484	liquid
71.361	112.00	1246.6	0.00080217	-167.40	-158.41	2.5154	1.0287	1.6568	1089.6	-0.036479	0.00038708	0.18353	liquid
72.361	112.00	1242.3	0.00080496	-165.77	-156.76	2.5385	1.0241	1.6561	1082.5	-0.036393	0.00037294	0.18222	liquid
73.361	112.00	1238.0	0.00080776	-164.15	-155.10	2.5612	1.0195	1.6555	1075.4	-0.036305	0.00035962	0.18091	liquid
74.361	112.00	1233.7	0.00081059	-162.53	-153.45	2.5836	1.0150	1.6548	1068.2	-0.036214	0.00034706	0.17960	liquid
75.361	112.00	1229.3	0.00081345	-160.90	-151.79	2.6057	1.0106	1.6541	1061.0	-0.036118	0.00033521	0.17829	liquid
76.361	112.00	1225.0	0.00081633	-159.28	-150.14	2.6275	1.0062	1.6535	1053.8	-0.036017	0.00032401	0.17698	liquid
77.361	112.00	1220.7	0.00081923	-157.66	-148.48	2.6490	1.0019	1.6529	1046.5	-0.035911	0.00031342	0.17567	liquid
78.361	112.00	1216.3	0.00082216	-156.04	-146.83	2.6702	0.99756	1.6524	1039.3	-0.035800	0.00030340	0.17436	liquid
79.361	112.00	1211.9	0.00082512	-154.42	-145.18	2.6912	0.99330	1.6519	1032.1	-0.035681	0.00029390	0.17305	liquid
80.361	112.00	1207.6	0.00082810	-152.80	-143.53	2.7119	0.98908	1.6515	1024.8	-0.035556	0.00028489	0.17174	liquid
81.361	112.00	1203.2	0.00083111	-151.19	-141.88	2.7323	0.98491	1.6512	1017.6	-0.035423	0.00027634	0.17042	liquid
82.361	112.00	1198.8	0.00083415	-149.57	-140.23	2.7525	0.98079	1.6509	1010.3	-0.035283	0.00026821	0.16911	liquid
83.361	112.00	1194.4	0.00083722	-147.95	-138.58	2.7724	0.97671	1.6508	1003.1	-0.035134	0.00026048	0.16780	liquid
84.361	112.00	1190.0	0.00084033	-146.34	-136.92	2.7921	0.97268	1.6508	995.87	-0.034977	0.00025311	0.16649	liquid
85.361	112.00	1185.6	0.00084346	-144.72	-135.27	2.8115	0.96869	1.6509	988.65	-0.034811	0.00024610	0.16517	liquid
86.361	112.00	1181.2	0.00084662	-143.10	-133.62	2.8308	0.96476	1.6511	981.43	-0.034636	0.00023940	0.16386	liquid
87.361	112.00	1176.7	0.00084982	-141.49	-131.97	2.8498	0.96087	1.6514	974.21	-0.034452	0.00023301	0.16254	liquid
88.361	112.00	1172.3	0.00085305	-139.87	-130.32	2.8686	0.95702	1.6518	967.00	-0.034258	0.00022689	0.16122	liquid
89.361	112.00	1167.8	0.00085632	-138.26	-128.67	2.8872	0.95323	1.6524	959.79	-0.034054	0.00022105	0.15991	liquid
90.361	112.00	1163.3	0.00085963	-136.64	-127.02	2.9055	0.94949	1.6531	952.59	-0.033840	0.00021545	0.15859	liquid
91.361	112.00	1158.8	0.00086297	-135.03	-125.36	2.9237	0.94579	1.6539	945.38	-0.033615	0.00021008	0.15727	liquid
92.361	112.00	1154.3	0.00086635	-133.41	-123.71	2.9418	0.94214	1.6548	938.18	-0.033379	0.00020493	0.15595	liquid
93.361	112.00	1149.7	0.00086977	-131.79	-122.05	2.9596	0.93854	1.6559	930.98	-0.033132	0.00019999	0.15463	liquid
94.361	112.00	1145.2	0.00087323	-130.18	-120.40	2.9772	0.93498	1.6571	923.77	-0.032874	0.00019523	0.15331	liquid
95.361	112.00	1140.6	0.00087673	-128.56	-118.74	2.9947	0.93148	1.6584	916.57	-0.032603	0.00019066	0.15199	liquid
96.361	112.00	1136.0	0.00088027	-126.94	-117.08	3.0120	0.92802	1.6599	909.36	-0.032321	0.00018626	0.15066	liquid
97.361	112.00	1131.4	0.00088387	-125.32	-115.42	3.0292	0.92460	1.6615	902.15	-0.032026	0.00018202	0.14934	liquid
98.361	112.00	1126.8	0.00088750	-123.70	-113.76	3.0461	0.92124	1.6632	894.94	-0.031719	0.00017792	0.14802	liquid
99.361	112.00	1122.1	0.00089118	-122.07	-112.09	3.0630	0.91792	1.6651	887.72	-0.031398	0.00017398	0.14669	liquid
100.36	112.00	1117.4	0.00089492	-120.45	-110.43	3.0797	0.91464	1.6671	880.50	-0.031063	0.00017016	0.14537	liquid
101.36	112.00	1112.7	0.00089870	-118.82	-108.76	3.0962	0.91141	1.6692	873.26	-0.030715	0.00016647	0.14404	liquid
102.36	112.00	1108.0	0.00090253	-117.20	-107.09	3.1126	0.90823	1.6715	866.03	-0.030352	0.00016291	0.14271	liquid
103.36	112.00	1103.2	0.00090642	-115.57	-105.41	3.1289	0.90509	1.6740	858.78	-0.029974	0.00015945	0.14139	liquid
104.36	112.00	1098.5	0.00091036	-113.94	-103.74	3.1450	0.90199	1.6766	851.52	-0.029581	0.00015610	0.14006	liquid
105.36	112.00	1093.7	0.00091436	-112.30	-102.06	3.1610	0.89894	1.6793	844.26	-0.029171	0.00015286	0.13873	liquid
106.36	112.00	1088.8	0.00091842	-110.67	-100.38	3.1769	0.89593	1.6823	836.98	-0.028746	0.00014971	0.13740	liquid
107.36	112.00	1084.0	0.00092254	-109.03	-98.696	3.1926	0.89296	1.6853	829.69	-0.028303	0.00014665	0.13607	liquid
108.36	112.00	1079.1	0.00092672	-107.39	-97.010	3.2083	0.89004	1.6886	822.39	-0.027843	0.00014368	0.13474	liquid
109.36	112.00	1074.1	0.00093097	-105.75	-95.319	3.2238	0.88715	1.6920	815.08	-0.027364	0.00014079	0.13342	liquid
110.36	112.00	1069.2	0.00093528	-104.10	-93.626	3.2392	0.88431	1.6956	807.75	-0.026867	0.00013798	0.13209	liquid
111.36	112.00	1064.2	0.00093966	-102.45	-91.928	3.2545	0.88152	1.6993	800.41	-0.026350	0.00013524	0.13077	liquid
112.36	112.00	1059.2	0.00094412	-100.80	-90.227	3.2697	0.87876	1.7033	793.05	-0.025812	0.00013257	0.12944	liquid
113.36	112.00	1054.1	0.00094864	-99.146	-88.522	3.2848	0.87605	1.7074	785.67	-0.025253	0.00012998	0.12812	liquid
114.36	112.00	1049.0	0.00095325	-97.488	-86.812	3.2999	0.87338	1.7117	778.28	-0.024673	0.00012744	0.12680	liquid
115.36	112.00	1043.9	0.00095793	-95.827	-85.098	3.3148	0.87074	1.7162	770.87	-0.024069	0.00012497	0.12548	liquid
116.36	112.00	1038.8	0.00096269	-94.162	-83.379	3.3296	0.86816	1.7210	763.44	-0.023441	0.00012255	0.12416	liquid
117.36	112.00	1033.5	0.00096754	-92.493	-81.656	3.3444	0.86561	1.7259	755.99	-0.022789	0.00012019	0.12284	liquid
118.36	112.00	1028.3	0.00097248	-90.819	-79.928	3.3590	0.86310	1.7311	748.52	-0.022110	0.00011789	0.12152	liquid
119.36	112.00	1023.0	0.00097751	-89.142	-78.194	3.3736	0.86064	1.7365	741.02	-0.021404	0.00011563	0.12020	liquid
120.36	112.00	1017.7	0.00098263	-87.460	-76.455	3.3881	0.85822	1.7421	733.51	-0.020670	0.00011343	0.11889	liquid
121.36	112.00	1012.3	0.00098786	-85.774	-74.710	3.4026	0.85584	1.7480	725.97	-0.019907	0.00011127	0.11757	liquid
122.36	112.00	1006.9	0.00099318	-84.082	-72.958	3.4169	0.85350	1.7541	718.41	-0.019112	0.00010916	0.11626	liquid
123.36	112.00	1001.4	0.00099861	-82.386	-71.201	3.4312	0.85121	1.7605	710.82	-0.018285	0.00010709	0.11495	liquid
124.36	112.00	995.86	0.0010042	-80.684	-69.437	3.4455	0.84896	1.7672	703.20	-0.017424	0.00010506	0.11364	liquid
125.36	112.00	990.29	0.0010098	-78.976	-67.667	3.4597	0.84675	1.7742	695.56	-0.016527	0.00010307	0.11233	liquid
126.36	112.00	984.65	0.0010156	-77.263	-65.889	3.4738	0.84459	1.7815	687.89	-0.015592	0.00010112	0.11102	liquid
127.36	112.00	978.96	0.0010215	-75.544	-64.103	3.4879	0.84247	1.7892	680.20	-0.014619	9.9209e-05	0.10972	liquid
128.36	112.00	973.21	0.0010275	-73.819	-62.310	3.5019	0.84040	1.7971	672.47	-0.013604	9.7331e-05	0.10842	liquid
129.36	112.00	967.41	0.0010337	-72.086	-60.509	3.5159	0.83837	1.8055	664.71	-0.012545	9.5488e-05	0.10712	liquid
130.36	112.00	961.53	0.0010400	-70.347	-58.699	3.5298	0.83639	1.8142	656.92	-0.011441	9.3678e-05	0.10582	liquid
131.36	112.00	955.60	0.0010465	-68.601	-56.880	3.5437	0.83446	1.8233	649.10	-0.010289	9.1899e-05	0.10453	liquid
132.36	112.00	949.59	0.0010531	-66.847	-55.052	3.5576	0.83258	1.8328	641.25	-0.0090851	9.0152e-05	0.10323	liquid
133.36	112.00	943.52	0.0010599	-65.085	-53.215	3.5714	0.83075	1.8428	633.36	-0.0078279	8.8434e-05	0.10195	liquid
134.36	112.00	937.37	0.0010668	-63.315	-51.367	3.5852	0.82896	1.8532	625.43	-0.0065140	8.6745e-05	0.10066	liquid
135.36	112.00	931.14	0.0010740	-61.536	-49.508	3.5990	0.82724	1.8641	617.47	-0.0051400	8.5084e-05	0.099379	liquid
136.36	112.00	924.84	0.0010813	-59.749	-47.638	3.6127	0.82556	1.8756	609.47	-0.0037024	8.3450e-05	0.098100	liquid
137.36	112.00	918.45	0.0010888	-57.951	-45.757	3.6265	0.82394	1.8875	601.44	-0.0021974	8.1842e-05	0.096825	liquid
138.36	112.00	911.97	0.0010965	-56.144	-43.863	3.6402	0.82238	1.9001	593.36	-0.00062101	8.0259e-05	0.095554	liquid
139.36	112.00	905.41	0.0011045	-54.327	-41.956	3.6540	0.82087	1.9133	585.25	0.0010312	7.8700e-05	0.094287	liquid
140.36	112.00	898.74	0.0011127	-52.498	-40.036	3.6677	0.81943	1.9272	577.09	0.0027639	7.7165e-05	0.093024	liquid
141.36	112.00	891.98	0.0011211	-50.658	-38.102	3.6814	0.81805	1.9418	568.90	0.0045824	7.5653e-05	0.091765	liquid
142.36	112.00	885.12	0.0011298	-48.806	-36.152	3.6952	0.81673	1.9571	560.66	0.0064920	7.4164e-05	0.090511	liquid
143.36	112.00	878.15	0.0011388	-46.941	-34.187	3.7089	0.81548	1.9732	552.38	0.0084987	7.2695e-05	0.089261	liquid
144.36	112.00	871.06	0.0011480	-45.064	-32.206	3.7227	0.81430	1.9902	544.06	0.010609	7.1248e-05	0.088016	liquid
145.36	112.00	863.86	0.0011576	-43.172	-30.207	3.7365	0.81319	2.0081	535.69	0.012830	6.9821e-05	0.086775	liquid
146.36	112.00	856.53	0.0011675	-41.265	-28.189	3.7503	0.81215	2.0269	527.28	0.015169	6.8413e-05	0.085540	liquid
147.36	112.00	849.07	0.0011778	-39.343	-26.152	3.7642	0.81119	2.0469	518.83	0.017634	6.7024e-05	0.084310	liquid
148.36	112.00	841.47	0.0011884	-37.405	-24.095	3.7781	0.81031	2.0679	510.34	0.020234	6.5654e-05	0.083085	liquid
149.36	112.00	833.73	0.0011994	-35.450	-22.016	3.7921	0.80952	2.0901	501.81	0.022979	6.4301e-05	0.081865	liquid
150.36	112.00	825.84	0.0012109	-33.476	-19.914	3.8061	0.80881	2.1136	493.23	0.025878	6.2966e-05	0.080651	liquid
151.36	112.00	817.78	0.0012228	-31.484	-17.789	3.8202	0.80819	2.1385	484.62	0.028943	6.1647e-05	0.079442	liquid
152.36	112.00	809.56	0.0012352	-29.472	-15.637	3.8343	0.80766	2.1648	475.98	0.032187	6.0344e-05	0.078239	liquid
153.36	112.00	801.16	0.0012482	-27.438	-13.458	3.8486	0.80723	2.1927	467.31	0.035621	5.9057e-05	0.077042	liquid
154.36	112.00	792.57	0.0012617	-25.382	-11.251	3.8629	0.80689	2.2223	458.61	0.039259	5.7785e-05	0.075851	liquid
155.36	112.00	783.78	0.0012759	-23.303	-9.0131	3.8774	0.80666	2.2537	449.89	0.043117	5.6527e-05	0.074665	supercritical
156.36	112.00	774.79	0.0012907	-21.198	-6.7429	3.8920	0.80652	2.2870	441.15	0.047211	5.5283e-05	0.073486	supercritical
157.36	112.00	765.58	0.0013062	-19.068	-4.4384	3.9067	0.80649	2.3223	432.41	0.051557	5.4053e-05	0.072312	supercritical
158.36	112.00	756.14	0.0013225	-16.910	-2.0975	3.9215	0.80655	2.3598	423.67	0.056172	5.2835e-05	0.071145	supercritical
159.36	112.00	746.45	0.0013397	-14.722	0.28190	3.9365	0.80672	2.3995	414.95	0.061077	5.1630e-05	0.069983	supercritical
160.36	112.00	736.52	0.0013577	-12.504	2.7022	3.9516	0.80698	2.4415	406.25	0.066290	5.0437e-05	0.068827	supercritical
161.36	112.00	726.32	0.0013768	-10.255	5.1658	3.9669	0.80734	2.4860	397.60	0.071829	4.9256e-05	0.067677	supercritical
162.36	112.00	715.84	0.0013970	-7.9711	7.6749	3.9824	0.80777	2.5328	389.00	0.077716	4.8087e-05	0.066532	supercritical
163.36	112.00	705.07	0.0014183	-5.6528	10.232	3.9981	0.80828	2.5821	380.49	0.083967	4.6929e-05	0.065393	supercritical
164.36	112.00	694.01	0.0014409	-3.2984	12.840	4.0140	0.80885	2.6336	372.07	0.090600	4.5782e-05	0.064259	supercritical
165.36	112.00	682.64	0.0014649	-0.90693	15.500	4.0302	0.80947	2.6871	363.78	0.097627	4.4647e-05	0.063130	supercritical
166.36	112.00	670.96	0.0014904	1.5221	18.214	4.0465	0.81012	2.7422	355.63	0.10506	4.3523e-05	0.062006	supercritical
167.36	112.00	658.98	0.0015175	3.9888	20.985	4.0631	0.81078	2.7984	347.68	0.11290	4.2412e-05	0.060886	supercritical
168.36	112.00	646.70	0.0015463	6.4925	23.811	4.0800	0.81143	2.8549	339.94	0.12114	4.1315e-05	0.059771	supercritical
169.36	112.00	634.12	0.0015770	9.0320	26.694	4.0970	0.81205	2.9107	332.44	0.12977	4.0233e-05	0.058660	supercritical
170.36	112.00	621.28	0.0016096	11.605	29.632	4.1143	0.81262	2.9649	325.24	0.13877	3.9167e-05	0.057554	supercritical
171.36	112.00	608.20	0.0016442	14.208	32.623	4.1318	0.81311	3.0161	318.36	0.14812	3.8119e-05	0.056453	supercritical
172.36	112.00	594.91	0.0016809	16.837	35.663	4.1495	0.81349	3.0629	311.83	0.15776	3.7093e-05	0.055357	supercritical
173.36	112.00	581.47	0.0017198	19.485	38.747	4.1674	0.81373	3.1039	305.69	0.16765	3.6091e-05	0.054267	supercritical
174.36	112.00	567.92	0.0017608	22.147	41.868	4.1853	0.81381	3.1379	299.95	0.17773	3.5115e-05	0.053185	supercritical
175.36	112.00	554.34	0.0018039	24.816	45.020	4.2034	0.81370	3.1633	294.65	0.18792	3.4170e-05	0.052113	supercritical
176.36	112.00	540.79	0.0018491	27.481	48.192	4.2214	0.81337	3.1793	289.79	0.19815	3.3258e-05	0.051052	supercritical
177.36	112.00	527.34	0.0018963	30.136	51.375	4.2394	0.81280	3.1847	285.39	0.20832	3.2381e-05	0.050005	supercritical
178.36	112.00	514.06	0.0019453	32.770	54.558	4.2573	0.81197	3.1792	281.44	0.21835	3.1544e-05	0.048976	supercritical
179.36	112.00	501.03	0.0019959	35.375	57.729	4.2750	0.81087	3.1625	277.94	0.22812	3.0748e-05	0.047968	supercritical
180.36	112.00	488.30	0.0020479	37.942	60.879	4.2925	0.80951	3.1351	274.88	0.23756	2.9995e-05	0.046985	supercritical
181.36	112.00	475.94	0.0021011	40.464	63.996	4.3098	0.80787	3.0977	272.23	0.24658	2.9286e-05	0.046029	supercritical
182.36	112.00	463.99	0.0021552	42.933	67.072	4.3267	0.80600	3.0516	269.98	0.25511	2.8622e-05	0.045105	supercritical
183.36	112.00	452.48	0.0022100	45.345	70.097	4.3432	0.80390	2.9983	268.09	0.26310	2.8003e-05	0.044217	supercritical
184.36	112.00	441.44	0.0022653	47.695	73.066	4.3594	0.80160	2.9395	266.54	0.27053	2.7428e-05	0.043365	supercritical
185.36	112.00	430.88	0.0023208	49.981	75.975	4.3751	0.79913	2.8767	265.29	0.27738	2.6895e-05	0.042553	supercritical
186.36	112.00	420.81	0.0023764	52.203	78.819	4.3904	0.79653	2.8116	264.32	0.28364	2.6403e-05	0.041781	supercritical
187.36	112.00	411.21	0.0024319	54.361	81.597	4.4053	0.79382	2.7453	263.58	0.28933	2.5950e-05	0.041050	supercritical
188.36	112.00	402.08	0.0024871	56.454	84.310	4.4197	0.79103	2.6791	263.05	0.29448	2.5532e-05	0.040360	supercritical
189.36	112.00	393.39	0.0025420	58.485	86.956	4.4337	0.78819	2.6136	262.72	0.29909	2.5148e-05	0.039709	supercritical
190.36	112.00	385.14	0.0025965	60.457	89.537	4.4473	0.78532	2.5497	262.54	0.30321	2.4796e-05	0.039097	supercritical
191.36	112.00	377.29	0.0026505	62.370	92.056	4.4605	0.78244	2.4876	262.51	0.30686	2.4473e-05	0.038522	supercritical
192.36	112.00	369.83	0.0027040	64.229	94.513	4.4733	0.77956	2.4278	262.59	0.31008	2.4176e-05	0.037983	supercritical
193.36	112.00	362.73	0.0027569	66.035	96.912	4.4858	0.77670	2.3704	262.79	0.31289	2.3904e-05	0.037477	supercritical
194.36	112.00	355.98	0.0028092	67.792	99.255	4.4978	0.77388	2.3155	263.08	0.31532	2.3654e-05	0.037004	supercritical
195.36	112.00	349.54	0.0028609	69.502	101.54	4.5096	0.77109	2.2631	263.45	0.31741	2.3425e-05	0.036560	supercritical
196.36	112.00	343.41	0.0029120	71.168	103.78	4.5210	0.76835	2.2133	263.88	0.31918	2.3215e-05	0.036144	supercritical
197.36	112.00	337.55	0.0029625	72.791	105.97	4.5321	0.76567	2.1660	264.38	0.32065	2.3023e-05	0.035755	supercritical
198.36	112.00	331.96	0.0030124	74.376	108.11	4.5430	0.76305	2.1211	264.93	0.32186	2.2846e-05	0.035390	supercritical
199.36	112.00	326.61	0.0030617	75.923	110.21	4.5535	0.76048	2.0784	265.53	0.32281	2.2684e-05	0.035049	supercritical
200.36	112.00	321.50	0.0031104	77.435	112.27	4.5638	0.75799	2.0380	266.17	0.32353	2.2536e-05	0.034729	supercritical
201.36	112.00	316.60	0.0031586	78.915	114.29	4.5739	0.75555	1.9996	266.84	0.32404	2.2400e-05	0.034430	supercritical
202.36	112.00	311.90	0.0032062	80.363	116.27	4.5837	0.75319	1.9632	267.54	0.32436	2.2275e-05	0.034149	supercritical
203.36	112.00	307.39	0.0032532	81.782	118.22	4.5933	0.75089	1.9287	268.26	0.32451	2.2161e-05	0.033886	supercritical
204.36	112.00	303.06	0.0032997	83.173	120.13	4.6027	0.74866	1.8959	269.01	0.32449	2.2057e-05	0.033640	supercritical
205.36	112.00	298.89	0.0033457	84.538	122.01	4.6118	0.74649	1.8648	269.78	0.32432	2.1962e-05	0.033409	supercritical
206.36	112.00	294.88	0.0033912	85.879	123.86	4.6208	0.74440	1.8352	270.56	0.32401	2.1875e-05	0.033193	supercritical
207.36	112.00	291.02	0.0034362	87.196	125.68	4.6296	0.74236	1.8071	271.35	0.32358	2.1795e-05	0.032990	supercritical
208.36	112.00	287.29	0.0034808	88.491	127.48	4.6383	0.74039	1.7804	272.16	0.32304	2.1723e-05	0.032800	supercritical
209.36	112.00	283.70	0.0035248	89.764	129.24	4.6467	0.73848	1.7550	272.98	0.32239	2.1658e-05	0.032621	supercritical
210.36	112.00	280.23	0.0035685	91.018	130.99	4.6550	0.73663	1.7307	273.81	0.32164	2.1598e-05	0.032454	supercritical
211.36	112.00	276.88	0.0036117	92.253	132.70	4.6632	0.73484	1.7076	274.64	0.32081	2.1545e-05	0.032298	supercritical
212.36	112.00	273.63	0.0036545	93.471	134.40	4.6712	0.73311	1.6856	275.48	0.31990	2.1496e-05	0.032151	supercritical
213.36	112.00	270.50	0.0036969	94.671	136.08	4.6791	0.73143	1.6646	276.33	0.31891	2.1453e-05	0.032014	supercritical
214.36	112.00	267.46	0.0037389	95.855	137.73	4.6868	0.72981	1.6445	277.18	0.31786	2.1414e-05	0.031886	supercritical
215.36	112.00	264.51	0.0037806	97.023	139.37	4.6944	0.72824	1.6253	278.03	0.31675	2.1380e-05	0.031765	supercritical
216.36	112.00	261.65	0.0038218	98.177	140.98	4.7019	0.72672	1.6069	278.89	0.31558	2.1349e-05	0.031653	supercritical
217.36	112.00	258.88	0.0038628	99.316	142.58	4.7093	0.72525	1.5894	279.74	0.31436	2.1323e-05	0.031548	supercritical
218.36	112.00	256.19	0.0039034	100.44	144.16	4.7165	0.72382	1.5726	280.60	0.31310	2.1300e-05	0.031449	supercritical
219.36	112.00	253.57	0.0039436	101.56	145.72	4.7237	0.72244	1.5564	281.46	0.31179	2.1281e-05	0.031358	supercritical
220.36	112.00	251.03	0.0039836	102.66	147.27	4.7307	0.72111	1.5410	282.31	0.31045	2.1264e-05	0.031273	supercritical
221.36	112.00	248.56	0.0040232	103.75	148.81	4.7377	0.71982	1.5261	283.17	0.30907	2.1251e-05	0.031193	supercritical
222.36	112.00	246.15	0.0040625	104.83	150.33	4.7445	0.71857	1.5119	284.03	0.30766	2.1240e-05	0.031119	supercritical
223.36	112.00	243.81	0.0041016	105.89	151.83	4.7513	0.71736	1.4982	284.88	0.30622	2.1232e-05	0.031051	supercritical
224.36	112.00	241.53	0.0041403	106.95	153.32	4.7579	0.71618	1.4850	285.73	0.30476	2.1227e-05	0.030987	supercritical
225.36	112.00	239.30	0.0041788	108.00	154.80	4.7645	0.71505	1.4724	286.59	0.30328	2.1224e-05	0.030928	supercritical
226.36	112.00	237.13	0.0042171	109.04	156.27	4.7710	0.71395	1.4602	287.44	0.30177	2.1223e-05	0.030874	supercritical
227.36	112.00	235.02	0.0042550	110.07	157.72	4.7774	0.71288	1.4485	288.29	0.30025	2.1224e-05	0.030824	supercritical
228.36	112.00	232.95	0.0042928	111.09	159.16	4.7837	0.71185	1.4372	289.13	0.29871	2.1227e-05	0.030778	supercritical
229.36	112.00	230.93	0.0043302	112.10	160.60	4.7900	0.71085	1.4263	289.97	0.29716	2.1232e-05	0.030736	supercritical
230.36	112.00	228.97	0.0043675	113.10	162.02	4.7962	0.70988	1.4158	290.81	0.29560	2.1239e-05	0.030698	supercritical
231.36	112.00	227.04	0.0044045	114.10	163.43	4.8023	0.70895	1.4056	291.65	0.29403	2.1248e-05	0.030663	supercritical
232.36	112.00	225.16	0.0044413	115.09	164.83	4.8083	0.70804	1.3959	292.49	0.29244	2.1258e-05	0.030632	supercritical
233.36	112.00	223.32	0.0044779	116.07	166.22	4.8143	0.70716	1.3864	293.32	0.29085	2.1270e-05	0.030603	supercritical
234.36	112.00	221.52	0.0045142	117.04	167.60	4.8202	0.70630	1.3773	294.15	0.28926	2.1283e-05	0.030578	supercritical
235.36	112.00	219.76	0.0045504	118.01	168.97	4.8260	0.70547	1.3684	294.98	0.28766	2.1297e-05	0.030556	supercritical
236.36	112.00	218.04	0.0045863	118.97	170.34	4.8318	0.70467	1.3599	295.80	0.28605	2.1313e-05	0.030537	supercritical
237.36	112.00	216.35	0.0046221	119.93	171.69	4.8376	0.70389	1.3516	296.62	0.28445	2.1330e-05	0.030521	supercritical
238.36	112.00	214.70	0.0046577	120.88	173.04	4.8432	0.70314	1.3436	297.44	0.28284	2.1348e-05	0.030507	supercritical
239.36	112.00	213.08	0.0046931	121.82	174.38	4.8488	0.70241	1.3359	298.25	0.28123	2.1367e-05	0.030495	supercritical
240.36	112.00	211.49	0.0047283	122.76	175.71	4.8544	0.70170	1.3284	299.06	0.27962	2.1388e-05	0.030486	supercritical
241.36	112.00	209.94	0.0047633	123.69	177.04	4.8599	0.70101	1.3211	299.87	0.27801	2.1409e-05	0.030479	supercritical
242.36	112.00	208.41	0.0047982	124.62	178.36	4.8653	0.70034	1.3140	300.67	0.27640	2.1432e-05	0.030474	supercritical
243.36	112.00	206.92	0.0048329	125.54	179.67	4.8707	0.69970	1.3072	301.47	0.27479	2.1455e-05	0.030472	supercritical
244.36	112.00	205.45	0.0048674	126.46	180.97	4.8761	0.69907	1.3005	302.27	0.27319	2.1479e-05	0.030471	supercritical
245.36	112.00	204.01	0.0049018	127.37	182.27	4.8814	0.69846	1.2941	303.06	0.27159	2.1504e-05	0.030472	supercritical
246.36	112.00	202.59	0.0049360	128.28	183.56	4.8866	0.69787	1.2878	303.85	0.26999	2.1530e-05	0.030475	supercritical
247.36	112.00	201.20	0.0049701	129.18	184.84	4.8918	0.69730	1.2817	304.64	0.26839	2.1557e-05	0.030480	supercritical
248.36	112.00	199.84	0.0050040	130.08	186.12	4.8970	0.69674	1.2758	305.42	0.26680	2.1584e-05	0.030487	supercritical
249.36	112.00	198.50	0.0050378	130.97	187.40	4.9021	0.69620	1.2701	306.20	0.26522	2.1613e-05	0.030495	supercritical
250.36	112.00	197.18	0.0050715	131.86	188.66	4.9072	0.69568	1.2645	306.98	0.26364	2.1641e-05	0.030505	supercritical
251.36	112.00	195.89	0.0051050	132.75	189.92	4.9122	0.69518	1.2591	307.76	0.26207	2.1671e-05	0.030517	supercritical
252.36	112.00	194.62	0.0051383	133.63	191.18	4.9172	0.69468	1.2538	308.53	0.26050	2.1701e-05	0.030529	supercritical
253.36	112.00	193.36	0.0051716	134.51	192.43	4.9221	0.69421	1.2487	309.29	0.25894	2.1732e-05	0.030544	supercritical
254.36	112.00	192.13	0.0052047	135.39	193.68	4.9270	0.69375	1.2436	310.06	0.25738	2.1763e-05	0.030559	supercritical
255.36	112.00	190.92	0.0052377	136.26	194.92	4.9319	0.69330	1.2388	310.82	0.25583	2.1795e-05	0.030576	supercritical
256.36	112.00	189.73	0.0052705	137.13	196.16	4.9368	0.69286	1.2340	311.58	0.25429	2.1827e-05	0.030594	supercritical
257.36	112.00	188.56	0.0053033	137.99	197.39	4.9415	0.69244	1.2294	312.33	0.25275	2.1860e-05	0.030614	supercritical
258.36	112.00	187.41	0.0053359	138.85	198.61	4.9463	0.69203	1.2249	313.08	0.25122	2.1893e-05	0.030634	supercritical
259.36	112.00	186.28	0.0053684	139.71	199.84	4.9510	0.69164	1.2205	313.83	0.24970	2.1927e-05	0.030656	supercritical
260.36	112.00	185.16	0.0054008	140.57	201.06	4.9557	0.69126	1.2162	314.58	0.24819	2.1961e-05	0.030679	supercritical
261.36	112.00	184.06	0.0054331	141.42	202.27	4.9604	0.69088	1.2121	315.32	0.24668	2.1996e-05	0.030703	supercritical
262.36	112.00	182.97	0.0054652	142.27	203.48	4.9650	0.69053	1.2080	316.06	0.24518	2.2031e-05	0.030728	supercritical
263.36	112.00	181.91	0.0054973	143.12	204.69	4.9696	0.69018	1.2040	316.79	0.24369	2.2067e-05	0.030754	supercritical
264.36	112.00	180.86	0.0055293	143.96	205.89	4.9741	0.68984	1.2001	317.52	0.24221	2.2103e-05	0.030781	supercritical
265.36	112.00	179.82	0.0055611	144.80	207.09	4.9787	0.68951	1.1964	318.25	0.24074	2.2139e-05	0.030808	supercritical
266.36	112.00	178.80	0.0055929	145.64	208.28	4.9832	0.68920	1.1927	318.98	0.23927	2.2175e-05	0.030837	supercritical
267.36	112.00	177.79	0.0056246	146.48	209.47	4.9876	0.68889	1.1891	319.70	0.23781	2.2212e-05	0.030867	supercritical
268.36	112.00	176.80	0.0056561	147.31	210.66	4.9920	0.68859	1.1855	320.42	0.23636	2.2250e-05	0.030897	supercritical
269.36	112.00	175.82	0.0056876	148.14	211.84	4.9964	0.68831	1.1821	321.14	0.23492	2.2287e-05	0.030928	supercritical
270.36	112.00	174.86	0.0057190	148.97	213.02	5.0008	0.68803	1.1787	321.86	0.23348	2.2325e-05	0.030960	supercritical
271.36	112.00	173.91	0.0057503	149.80	214.20	5.0052	0.68776	1.1755	322.57	0.23206	2.2363e-05	0.030993	supercritical
272.36	112.00	172.97	0.0057815	150.62	215.37	5.0095	0.68751	1.1722	323.28	0.23064	2.2402e-05	0.031026	supercritical
273.36	112.00	172.04	0.0058126	151.44	216.54	5.0138	0.68726	1.1691	323.98	0.22923	2.2440e-05	0.031061	supercritical
274.36	112.00	171.13	0.0058436	152.26	217.71	5.0180	0.68702	1.1660	324.69	0.22783	2.2479e-05	0.031096	supercritical
275.36	112.00	170.23	0.0058745	153.08	218.88	5.0223	0.68678	1.1630	325.39	0.22644	2.2519e-05	0.031131	supercritical
276.36	112.00	169.34	0.0059054	153.90	220.04	5.0265	0.68656	1.1601	326.08	0.22505	2.2558e-05	0.031167	supercritical
277.36	112.00	168.46	0.0059362	154.71	221.20	5.0307	0.68634	1.1572	326.78	0.22368	2.2598e-05	0.031204	supercritical
278.36	112.00	167.59	0.0059669	155.52	222.35	5.0348	0.68614	1.1544	327.47	0.22231	2.2638e-05	0.031242	supercritical
279.36	112.00	166.74	0.0059975	156.33	223.51	5.0390	0.68593	1.1517	328.16	0.22095	2.2678e-05	0.031280	supercritical
280.36	112.00	165.89	0.0060280	157.14	224.66	5.0431	0.68574	1.1490	328.85	0.21960	2.2718e-05	0.031318	supercritical
281.36	112.00	165.06	0.0060585	157.95	225.80	5.0472	0.68556	1.1464	329.53	0.21826	2.2759e-05	0.031357	supercritical
282.36	112.00	164.23	0.0060889	158.75	226.95	5.0512	0.68538	1.1438	330.21	0.21692	2.2799e-05	0.031397	supercritical
283.36	112.00	163.42	0.0061192	159.56	228.09	5.0553	0.68521	1.1413	330.89	0.21560	2.2840e-05	0.031437	supercritical
284.36	112.00	162.62	0.0061494	160.36	229.23	5.0593	0.68504	1.1388	331.57	0.21428	2.2881e-05	0.031478	supercritical
285.36	112.00	161.82	0.0061796	161.16	230.37	5.0633	0.68489	1.1364	332.24	0.21297	2.2923e-05	0.031519	supercritical
286.36	112.00	161.04	0.0062097	161.96	231.50	5.0672	0.68474	1.1340	332.92	0.21167	2.2964e-05	0.031561	supercritical
287.36	112.00	160.26	0.0062397	162.75	232.64	5.0712	0.68459	1.1317	333.58	0.21037	2.3006e-05	0.031603	supercritical
288.36	112.00	159.50	0.0062697	163.55	233.77	5.0751	0.68446	1.1294	334.25	0.20909	2.3047e-05	0.031645	supercritical
289.36	112.00	158.74	0.0062996	164.34	234.90	5.0790	0.68432	1.1272	334.91	0.20781	2.3089e-05	0.031688	supercritical
290.36	112.00	157.99	0.0063294	165.13	236.02	5.0829	0.68420	1.1250	335.58	0.20654	2.3131e-05	0.031732	supercritical
291.36	112.00	157.25	0.0063592	165.92	237.15	5.0868	0.68408	1.1229	336.23	0.20528	2.3173e-05	0.031776	supercritical
292.36	112.00	156.52	0.0063889	166.71	238.27	5.0906	0.68397	1.1208	336.89	0.20403	2.3216e-05	0.031820	supercritical
293.36	112.00	155.80	0.0064185	167.50	239.39	5.0944	0.68386	1.1188	337.55	0.20278	2.3258e-05	0.031864	supercritical
294.36	112.00	155.08	0.0064481	168.29	240.51	5.0983	0.68376	1.1167	338.20	0.20155	2.3300e-05	0.031909	supercritical
295.36	112.00	154.38	0.0064776	169.07	241.62	5.1020	0.68367	1.1148	338.85	0.20032	2.3343e-05	0.031954	supercritical
296.36	112.00	153.68	0.0065071	169.86	242.73	5.1058	0.68358	1.1128	339.49	0.19910	2.3386e-05	0.032000	supercritical
297.36	112.00	152.99	0.0065365	170.64	243.85	5.1095	0.68349	1.1109	340.14	0.19788	2.3429e-05	0.032046	supercritical
298.36	112.00	152.30	0.0065659	171.42	244.96	5.1133	0.68341	1.1091	340.78	0.19668	2.3472e-05	0.032092	supercritical
299.36	112.00	151.63	0.0065951	172.20	246.06	5.1170	0.68334	1.1073	341.42	0.19548	2.3515e-05	0.032138	supercritical
300.36	112.00	150.96	0.0066244	172.98	247.17	5.1207	0.68327	1.1055	342.06	0.19429	2.3558e-05	0.032184	supercritical
301.36	112.00	150.30	0.0066536	173.76	248.28	5.1243	0.68321	1.1037	342.70	0.19310	2.3601e-05	0.032231	supercritical
302.36	112.00	149.64	0.0066827	174.53	249.38	5.1280	0.68315	1.1020	343.33	0.19193	2.3644e-05	0.032278	supercritical
303.36	112.00	148.99	0.0067117	175.31	250.48	5.1316	0.68310	1.1003	343.96	0.19076	2.3688e-05	0.032325	supercritical
304.36	112.00	148.35	0.0067408	176.08	251.58	5.1352	0.68305	1.0987	344.59	0.18960	2.3731e-05	0.032372	supercritical
305.36	112.00	147.72	0.0067697	176.86	252.68	5.1388	0.68300	1.0970	345.22	0.18844	2.3775e-05	0.032419	supercritical
306.36	112.00	147.09	0.0067986	177.63	253.77	5.1424	0.68297	1.0955	345.84	0.18730	2.3818e-05	0.032466	supercritical
307.36	112.00	146.47	0.0068275	178.40	254.87	5.1460	0.68293	1.0939	346.47	0.18616	2.3862e-05	0.032512	supercritical
308.36	112.00	145.85	0.0068563	179.17	255.96	5.1496	0.68290	1.0924	347.09	0.18502	2.3906e-05	0.032557	supercritical
309.36	112.00	145.24	0.0068851	179.94	257.05	5.1531	0.68288	1.0908	347.70	0.18390	2.3950e-05	0.032594	supercritical
310.36	112.00	144.64	0.0069138	180.71	258.14	5.1566	0.68286	1.0894	348.32	0.18278	2.3994e-05	0.032647	supercritical
311.36	112.00	144.04	0.0069425	181.48	259.23	5.1601	0.68284	1.0879	348.94	0.18167	2.4038e-05	0.032700	supercritical
312.36	112.00	143.45	0.0069711	182.24	260.32	5.1636	0.68283	1.0865	349.55	0.18057	2.4082e-05	0.032754	supercritical
313.36	112.00	142.86	0.0069997	183.01	261.40	5.1671	0.68282	1.0851	350.16	0.17947	2.4126e-05	0.032807	supercritical
314.36	112.00	142.28	0.0070282	183.77	262.49	5.1705	0.68282	1.0837	350.77	0.17838	2.4170e-05	0.032861	supercritical
315.36	112.00	141.71	0.0070567	184.54	263.57	5.1740	0.68282	1.0824	351.37	0.17730	2.4214e-05	0.032915	supercritical
316.36	112.00	141.14	0.0070851	185.30	264.65	5.1774	0.68282	1.0811	351.98	0.17622	2.4258e-05	0.032969	supercritical
317.36	112.00	140.58	0.0071135	186.06	265.73	5.1808	0.68283	1.0798	352.58	0.17515	2.4302e-05	0.033023	supercritical
318.36	112.00	140.02	0.0071419	186.82	266.81	5.1842	0.68284	1.0785	353.18	0.17409	2.4347e-05	0.033078	supercritical
319.36	112.00	139.47	0.0071702	187.59	267.89	5.1876	0.68286	1.0772	353.78	0.17303	2.4391e-05	0.033132	supercritical
320.36	112.00	138.92	0.0071984	188.35	268.97	5.1909	0.68288	1.0760	354.38	0.17198	2.4435e-05	0.033187	supercritical
321.36	112.00	138.38	0.0072267	189.10	270.04	5.1943	0.68290	1.0748	354.97	0.17094	2.4480e-05	0.033242	supercritical
322.36	112.00	137.84	0.0072549	189.86	271.12	5.1976	0.68293	1.0736	355.57	0.16990	2.4524e-05	0.033297	supercritical
323.36	112.00	137.31	0.0072830	190.62	272.19	5.2009	0.68296	1.0725	356.16	0.16887	2.4569e-05	0.033353	supercritical
324.36	112.00	136.78	0.0073111	191.38	273.26	5.2043	0.68300	1.0713	356.75	0.16785	2.4613e-05	0.033408	supercritical
325.36	112.00	136.26	0.0073392	192.13	274.33	5.2076	0.68304	1.0702	357.34	0.16683	2.4658e-05	0.033464	supercritical
326.36	112.00	135.74	0.0073672	192.89	275.40	5.2108	0.68308	1.0691	357.92	0.16582	2.4702e-05	0.033520	supercritical
327.36	112.00	135.22	0.0073952	193.65	276.47	5.2141	0.68312	1.0680	358.51	0.16482	2.4747e-05	0.033576	supercritical
328.36	112.00	134.71	0.0074231	194.40	277.54	5.2174	0.68317	1.0670	359.09	0.16382	2.4792e-05	0.033632	supercritical
329.36	112.00	134.21	0.0074510	195.15	278.61	5.2206	0.68323	1.0659	359.67	0.16283	2.4836e-05	0.033688	supercritical
330.36	112.00	133.71	0.0074789	195.91	279.67	5.2238	0.68328	1.0649	360.25	0.16184	2.4881e-05	0.033744	supercritical
331.36	112.00	133.21	0.0075067	196.66	280.74	5.2270	0.68334	1.0639	360.83	0.16086	2.4926e-05	0.033801	supercritical
332.36	112.00	132.72	0.0075345	197.41	281.80	5.2303	0.68340	1.0629	361.40	0.15988	2.4971e-05	0.033857	supercritical
333.36	112.00	132.23	0.0075623	198.16	282.86	5.2334	0.68347	1.0619	361.98	0.15892	2.5015e-05	0.033914	supercritical
334.36	112.00	131.75	0.0075900	198.91	283.92	5.2366	0.68354	1.0610	362.55	0.15795	2.5060e-05	0.033971	supercritical
335.36	112.00	131.27	0.0076177	199.66	284.98	5.2398	0.68361	1.0600	363.12	0.15700	2.5105e-05	0.034028	supercritical
336.36	112.00	130.80	0.0076454	200.41	286.04	5.2429	0.68369	1.0591	363.69	0.15605	2.5150e-05	0.034085	supercritical
337.36	112.00	130.33	0.0076730	201.16	287.10	5.2461	0.68376	1.0582	364.25	0.15510	2.5194e-05	0.034142	supercritical
338.36	112.00	129.86	0.0077006	201.91	288.16	5.2492	0.68385	1.0573	364.82	0.15416	2.5239e-05	0.034200	supercritical
339.36	112.00	129.40	0.0077282	202.66	289.22	5.2523	0.68393	1.0565	365.38	0.15323	2.5284e-05	0.034257	supercritical
340.36	112.00	128.94	0.0077557	203.41	290.27	5.2554	0.68402	1.0556	365.95	0.15230	2.5329e-05	0.034315	supercritical
341.36	112.00	128.48	0.0077832	204.16	291.33	5.2585	0.68411	1.0548	366.51	0.15138	2.5374e-05	0.034372	supercritical
342.36	112.00	128.03	0.0078107	204.90	292.38	5.2616	0.68420	1.0540	367.06	0.15046	2.5419e-05	0.034430	supercritical
343.36	112.00	127.58	0.0078381	205.65	293.44	5.2647	0.68430	1.0531	367.62	0.14955	2.5463e-05	0.034488	supercritical
344.36	112.00	127.14	0.0078655	206.39	294.49	5.2678	0.68439	1.0524	368.18	0.14865	2.5508e-05	0.034546	supercritical
345.36	112.00	126.70	0.0078929	207.14	295.54	5.2708	0.68450	1.0516	368.73	0.14775	2.5553e-05	0.034604	supercritical
346.36	112.00	126.26	0.0079202	207.88	296.59	5.2739	0.68460	1.0508	369.29	0.14685	2.5598e-05	0.034662	supercritical
347.36	112.00	125.83	0.0079475	208.63	297.64	5.2769	0.68471	1.0501	369.84	0.14596	2.5643e-05	0.034721	supercritical
348.36	112.00	125.40	0.0079748	209.37	298.69	5.2799	0.68482	1.0493	370.39	0.14508	2.5688e-05	0.034779	supercritical
349.36	112.00	124.97	0.0080020	210.12	299.74	5.2829	0.68493	1.0486	370.93	0.14420	2.5733e-05	0.034837	supercritical
350.36	112.00	124.54	0.0080292	210.86	300.79	5.2859	0.68504	1.0479	371.48	0.14332	2.5777e-05	0.034896	supercritical
351.36	112.00	124.12	0.0080564	211.60	301.84	5.2889	0.68516	1.0472	372.03	0.14246	2.5822e-05	0.034955	supercritical
352.36	112.00	123.71	0.0080836	212.35	302.88	5.2919	0.68528	1.0465	372.57	0.14159	2.5867e-05	0.035013	supercritical
353.36	112.00	123.29	0.0081107	213.09	303.93	5.2948	0.68540	1.0458	373.11	0.14073	2.5912e-05	0.035072	supercritical
354.36	112.00	122.88	0.0081378	213.83	304.97	5.2978	0.68553	1.0452	373.65	0.13988	2.5957e-05	0.035131	supercritical
355.36	112.00	122.48	0.0081649	214.57	306.02	5.3007	0.68566	1.0445	374.19	0.13903	2.6002e-05	0.035190	supercritical
356.36	112.00	122.07	0.0081920	215.31	307.06	5.3037	0.68579	1.0439	374.73	0.13819	2.6047e-05	0.035249	supercritical
357.36	112.00	121.67	0.0082190	216.05	308.11	5.3066	0.68592	1.0432	375.27	0.13735	2.6091e-05	0.035308	supercritical
358.36	112.00	121.27	0.0082460	216.79	309.15	5.3095	0.68605	1.0426	375.80	0.13652	2.6136e-05	0.035367	supercritical
359.36	112.00	120.88	0.0082729	217.54	310.19	5.3124	0.68619	1.0420	376.34	0.13569	2.6181e-05	0.035426	supercritical
360.36	112.00	120.48	0.0082999	218.27	311.23	5.3153	0.68633	1.0414	376.87	0.13487	2.6226e-05	0.035486	supercritical
361.36	112.00	120.09	0.0083268	219.01	312.27	5.3182	0.68647	1.0408	377.40	0.13405	2.6271e-05	0.035545	supercritical
362.36	112.00	119.71	0.0083537	219.75	313.32	5.3211	0.68662	1.0403	377.93	0.13324	2.6316e-05	0.035605	supercritical
363.36	112.00	119.32	0.0083806	220.49	314.36	5.3239	0.68676	1.0397	378.46	0.13243	2.6360e-05	0.035664	supercritical
364.36	112.00	118.94	0.0084074	221.23	315.39	5.3268	0.68691	1.0392	378.98	0.13162	2.6405e-05	0.035724	supercritical
365.36	112.00	118.56	0.0084342	221.97	316.43	5.3296	0.68706	1.0386	379.51	0.13082	2.6450e-05	0.035783	supercritical
366.36	112.00	118.19	0.0084610	222.71	317.47	5.3325	0.68721	1.0381	380.03	0.13003	2.6495e-05	0.035843	supercritical
367.36	112.00	117.82	0.0084878	223.45	318.51	5.3353	0.68737	1.0376	380.56	0.12924	2.6539e-05	0.035903	supercritical
368.36	112.00	117.45	0.0085145	224.18	319.55	5.3381	0.68753	1.0371	381.08	0.12845	2.6584e-05	0.035963	supercritical
369.36	112.00	117.08	0.0085412	224.92	320.58	5.3409	0.68768	1.0366	381.60	0.12767	2.6629e-05	0.036022	supercritical
370.36	112.00	116.71	0.0085679	225.66	321.62	5.3437	0.68785	1.0361	382.12	0.12689	2.6674e-05	0.036082	supercritical
371.36	112.00	116.35	0.0085946	226.40	322.66	5.3465	0.68801	1.0356	382.64	0.12612	2.6718e-05	0.036142	supercritical
372.36	112.00	115.99	0.0086213	227.13	323.69	5.3493	0.68817	1.0351	383.15	0.12535	2.6763e-05	0.036202	supercritical
373.36	112.00	115.64	0.0086479	227.87	324.73	5.3521	0.68834	1.0347	383.67	0.12459	2.6808e-05	0.036262	supercritical
374.36	112.00	115.28	0.0086745	228.61	325.76	5.3548	0.68851	1.0342	384.18	0.12383	2.6852e-05	0.036323	supercritical
375.36	112.00	114.93	0.0087011	229.34	326.79	5.3576	0.68868	1.0338	384.69	0.12307	2.6897e-05	0.036383	supercritical
376.36	112.00	114.58	0.0087276	230.08	327.83	5.3604	0.68885	1.0333	385.21	0.12232	2.6942e-05	0.036443	supercritical
377.36	112.00	114.23	0.0087542	230.81	328.86	5.3631	0.68903	1.0329	385.72	0.12158	2.6986e-05	0.036503	supercritical
378.36	112.00	113.89	0.0087807	231.55	329.89	5.3658	0.68921	1.0325	386.23	0.12083	2.7031e-05	0.036564	supercritical
379.36	112.00	113.54	0.0088072	232.29	330.93	5.3686	0.68939	1.0321	386.73	0.12010	2.7075e-05	0.036624	supercritical
380.36	112.00	113.20	0.0088336	233.02	331.96	5.3713	0.68957	1.0317	387.24	0.11936	2.7120e-05	0.036684	supercritical
381.36	112.00	112.87	0.0088601	233.76	332.99	5.3740	0.68975	1.0313	387.75	0.11863	2.7164e-05	0.036745	supercritical
382.36	112.00	112.53	0.0088865	234.49	334.02	5.3767	0.68993	1.0309	388.25	0.11791	2.7209e-05	0.036805	supercritical
383.36	112.00	112.20	0.0089129	235.23	335.05	5.3794	0.69012	1.0305	388.75	0.11719	2.7254e-05	0.036866	supercritical
384.36	112.00	111.87	0.0089393	235.96	336.08	5.3821	0.69031	1.0301	389.25	0.11647	2.7298e-05	0.036926	supercritical
385.36	112.00	111.54	0.0089657	236.70	337.11	5.3847	0.69050	1.0298	389.76	0.11576	2.7342e-05	0.036987	supercritical
386.36	112.00	111.21	0.0089920	237.43	338.14	5.3874	0.69069	1.0294	390.25	0.11505	2.7387e-05	0.037048	supercritical
387.36	112.00	110.88	0.0090184	238.16	339.17	5.3901	0.69088	1.0291	390.75	0.11434	2.7431e-05	0.037108	supercritical
388.36	112.00	110.56	0.0090447	238.90	340.20	5.3927	0.69107	1.0287	391.25	0.11364	2.7476e-05	0.037169	supercritical
389.36	112.00	110.24	0.0090710	239.63	341.23	5.3954	0.69127	1.0284	391.75	0.11294	2.7520e-05	0.037230	supercritical
390.36	112.00	109.92	0.0090972	240.37	342.26	5.3980	0.69147	1.0281	392.24	0.11225	2.7565e-05	0.037291	supercritical
391.36	112.00	109.61	0.0091235	241.10	343.28	5.4006	0.69167	1.0278	392.74	0.11156	2.7609e-05	0.037351	supercritical
392.36	112.00	109.29	0.0091497	241.84	344.31	5.4032	0.69187	1.0274	393.23	0.11087	2.7653e-05	0.037412	supercritical
393.36	112.00	108.98	0.0091759	242.57	345.34	5.4059	0.69207	1.0271	393.72	0.11019	2.7697e-05	0.037473	supercritical
394.36	112.00	108.67	0.0092021	243.30	346.37	5.4085	0.69228	1.0268	394.21	0.10951	2.7742e-05	0.037534	supercritical
395.36	112.00	108.36	0.0092283	244.04	347.39	5.4111	0.69248	1.0265	394.70	0.10884	2.7786e-05	0.037595	supercritical
396.36	112.00	108.06	0.0092545	244.77	348.42	5.4137	0.69269	1.0263	395.19	0.10817	2.7830e-05	0.037656	supercritical
397.36	112.00	107.75	0.0092806	245.50	349.45	5.4162	0.69290	1.0260	395.68	0.10750	2.7874e-05	0.037717	supercritical
398.36	112.00	107.45	0.0093067	246.24	350.47	5.4188	0.69311	1.0257	396.16	0.10683	2.7919e-05	0.037778	supercritical
399.36	112.00	107.15	0.0093328	246.97	351.50	5.4214	0.69332	1.0254	396.65	0.10617	2.7963e-05	0.037839	supercritical
400.36	112.00	106.85	0.0093589	247.70	352.52	5.4240	0.69353	1.0252	397.13	0.10552	2.8007e-05	0.037900	supercritical
401.36	112.00	106.55	0.0093850	248.44	353.55	5.4265	0.69375	1.0249	397.61	0.10487	2.8051e-05	0.037961	supercritical
402.36	112.00	106.26	0.0094110	249.17	354.57	5.4291	0.69396	1.0247	398.10	0.10422	2.8095e-05	0.038022	supercritical
403.36	112.00	105.96	0.0094371	249.90	355.60	5.4316	0.69418	1.0244	398.58	0.10357	2.8139e-05	0.038084	supercritical
404.36	112.00	105.67	0.0094631	250.63	356.62	5.4341	0.69440	1.0242	399.06	0.10293	2.8183e-05	0.038145	supercritical
405.36	112.00	105.38	0.0094891	251.37	357.65	5.4367	0.69462	1.0240	399.54	0.10229	2.8227e-05	0.038206	supercritical
406.36	112.00	105.10	0.0095151	252.10	358.67	5.4392	0.69484	1.0238	400.01	0.10165	2.8271e-05	0.038267	supercritical
407.36	112.00	104.81	0.0095411	252.83	359.69	5.4417	0.69506	1.0235	400.49	0.10102	2.8315e-05	0.038328	supercritical
408.36	112.00	104.53	0.0095670	253.57	360.72	5.4442	0.69529	1.0233	400.97	0.10039	2.8359e-05	0.038390	supercritical
409.36	112.00	104.24	0.0095929	254.30	361.74	5.4467	0.69551	1.0231	401.44	0.099769	2.8403e-05	0.038451	supercritical
410.36	112.00	103.96	0.0096189	255.03	362.76	5.4492	0.69574	1.0229	401.92	0.099147	2.8447e-05	0.038512	supercritical
411.36	112.00	103.68	0.0096448	255.76	363.79	5.4517	0.69597	1.0227	402.39	0.098529	2.8491e-05	0.038574	supercritical
412.36	112.00	103.41	0.0096706	256.50	364.81	5.4542	0.69620	1.0225	402.86	0.097914	2.8535e-05	0.038635	supercritical
413.36	112.00	103.13	0.0096965	257.23	365.83	5.4567	0.69643	1.0223	403.33	0.097302	2.8579e-05	0.038696	supercritical
414.36	112.00	102.86	0.0097224	257.96	366.85	5.4591	0.69666	1.0222	403.80	0.096694	2.8623e-05	0.038758	supercritical
415.36	112.00	102.58	0.0097482	258.69	367.87	5.4616	0.69689	1.0220	404.27	0.096089	2.8666e-05	0.038819	supercritical
416.36	112.00	102.31	0.0097740	259.43	368.90	5.4641	0.69712	1.0218	404.74	0.095487	2.8710e-05	0.038881	supercritical
417.36	112.00	102.04	0.0097999	260.16	369.92	5.4665	0.69736	1.0216	405.21	0.094888	2.8754e-05	0.038942	supercritical
418.36	112.00	101.77	0.0098257	260.89	370.94	5.4690	0.69759	1.0215	405.67	0.094292	2.8797e-05	0.039003	supercritical
419.36	112.00	101.51	0.0098514	261.62	371.96	5.4714	0.69783	1.0213	406.14	0.093700	2.8841e-05	0.039065	supercritical
420.36	112.00	101.24	0.0098772	262.36	372.98	5.4738	0.69807	1.0212	406.60	0.093111	2.8885e-05	0.039126	supercritical
421.36	112.00	100.98	0.0099030	263.09	374.00	5.4763	0.69831	1.0210	407.07	0.092525	2.8928e-05	0.039188	supercritical
422.36	112.00	100.72	0.0099287	263.82	375.02	5.4787	0.69855	1.0209	407.53	0.091942	2.8972e-05	0.039249	supercritical
423.36	112.00	100.46	0.0099544	264.56	376.05	5.4811	0.69879	1.0208	407.99	0.091362	2.9016e-05	0.039311	supercritical
424.36	112.00	100.20	0.0099801	265.29	377.07	5.4835	0.69903	1.0206	408.45	0.090785	2.9059e-05	0.039372	supercritical
425.36	112.00	99.942	0.010006	266.02	378.09	5.4859	0.69928	1.0205	408.91	0.090211	2.9103e-05	0.039434	supercritical
426.36	112.00	99.686	0.010031	266.75	379.11	5.4883	0.69952	1.0204	409.37	0.089640	2.9146e-05	0.039495	supercritical
427.36	112.00	99.432	0.010057	267.49	380.13	5.4907	0.69977	1.0202	409.83	0.089072	2.9190e-05	0.039557	supercritical
428.36	112.00	99.179	0.010083	268.22	381.15	5.4931	0.70001	1.0201	410.29	0.088508	2.9233e-05	0.039619	supercritical
429.36	112.00	98.927	0.010108	268.95	382.17	5.4955	0.70026	1.0200	410.74	0.087946	2.9276e-05	0.039680	supercritical
430.36	112.00	98.677	0.010134	269.69	383.19	5.4978	0.70051	1.0199	411.20	0.087387	2.9320e-05	0.039742	supercritical
431.36	112.00	98.428	0.010160	270.42	384.21	5.5002	0.70076	1.0198	411.65	0.086831	2.9363e-05	0.039803	supercritical
432.36	112.00	98.181	0.010185	271.15	385.23	5.5026	0.70101	1.0197	412.11	0.086278	2.9406e-05	0.039865	supercritical
433.36	112.00	97.935	0.010211	271.88	386.25	5.5049	0.70126	1.0196	412.56	0.085727	2.9450e-05	0.039927	supercritical
434.36	112.00	97.690	0.010236	272.62	387.27	5.5073	0.70151	1.0195	413.01	0.085180	2.9493e-05	0.039988	supercritical
435.36	112.00	97.447	0.010262	273.35	388.29	5.5096	0.70177	1.0194	413.46	0.084635	2.9536e-05	0.040050	supercritical
436.36	112.00	97.205	0.010288	274.08	389.31	5.5119	0.70202	1.0194	413.91	0.084094	2.9579e-05	0.040111	supercritical
437.36	112.00	96.964	0.010313	274.82	390.32	5.5143	0.70228	1.0193	414.36	0.083555	2.9623e-05	0.040173	supercritical
438.36	112.00	96.725	0.010339	275.55	391.34	5.5166	0.70253	1.0192	414.81	0.083018	2.9666e-05	0.040235	supercritical
439.36	112.00	96.487	0.010364	276.28	392.36	5.5189	0.70279	1.0191	415.26	0.082485	2.9709e-05	0.040296	supercritical
440.36	112.00	96.250	0.010390	277.02	393.38	5.5212	0.70305	1.0191	415.71	0.081954	2.9752e-05	0.040358	supercritical
441.36	112.00	96.014	0.010415	277.75	394.40	5.5236	0.70331	1.0190	416.15	0.081427	2.9795e-05	0.040420	supercritical
442.36	112.00	95.780	0.010441	278.49	395.42	5.5259	0.70356	1.0189	416.60	0.080901	2.9838e-05	0.040481	supercritical
443.36	112.00	95.547	0.010466	279.22	396.44	5.5282	0.70382	1.0189	417.04	0.080379	2.9881e-05	0.040543	supercritical
444.36	112.00	95.315	0.010491	279.95	397.46	5.5305	0.70409	1.0188	417.49	0.079859	2.9924e-05	0.040605	supercritical
445.36	112.00	95.085	0.010517	280.69	398.48	5.5327	0.70435	1.0188	417.93	0.079342	2.9967e-05	0.040666	supercritical
446.36	112.00	94.856	0.010542	281.42	399.50	5.5350	0.70461	1.0187	418.37	0.078827	3.0010e-05	0.040728	supercritical
447.36	112.00	94.628	0.010568	282.16	400.51	5.5373	0.70487	1.0187	418.82	0.078315	3.0053e-05	0.040790	supercritical
448.36	112.00	94.401	0.010593	282.89	401.53	5.5396	0.70514	1.0186	419.26	0.077806	3.0096e-05	0.040851	supercritical
449.36	112.00	94.175	0.010619	283.62	402.55	5.5419	0.70540	1.0186	419.70	0.077299	3.0139e-05	0.040913	supercritical
450.36	112.00	93.950	0.010644	284.36	403.57	5.5441	0.70566	1.0186	420.14	0.076795	3.0182e-05	0.040975	supercritical
451.36	112.00	93.727	0.010669	285.09	404.59	5.5464	0.70593	1.0185	420.57	0.076294	3.0224e-05	0.041036	supercritical
452.36	112.00	93.505	0.010695	285.83	405.61	5.5486	0.70620	1.0185	421.01	0.075795	3.0267e-05	0.041098	supercritical
453.36	112.00	93.284	0.010720	286.56	406.63	5.5509	0.70646	1.0185	421.45	0.075298	3.0310e-05	0.041160	supercritical
454.36	112.00	93.064	0.010745	287.30	407.64	5.5531	0.70673	1.0185	421.89	0.074804	3.0353e-05	0.041222	supercritical
455.36	112.00	92.845	0.010771	288.03	408.66	5.5554	0.70700	1.0185	422.32	0.074312	3.0395e-05	0.041283	supercritical
456.36	112.00	92.627	0.010796	288.77	409.68	5.5576	0.70727	1.0184	422.76	0.073823	3.0438e-05	0.041345	supercritical
457.36	112.00	92.411	0.010821	289.50	410.70	5.5598	0.70754	1.0184	423.19	0.073337	3.0480e-05	0.041407	supercritical
458.36	112.00	92.195	0.010847	290.24	411.72	5.5621	0.70781	1.0184	423.62	0.072853	3.0523e-05	0.041468	supercritical
459.36	112.00	91.981	0.010872	290.97	412.74	5.5643	0.70808	1.0184	424.06	0.072371	3.0566e-05	0.041530	supercritical
460.36	112.00	91.768	0.010897	291.71	413.75	5.5665	0.70835	1.0184	424.49	0.071892	3.0608e-05	0.041592	supercritical
461.36	112.00	91.556	0.010922	292.44	414.77	5.5687	0.70862	1.0184	424.92	0.071415	3.0651e-05	0.041653	supercritical
462.36	112.00	91.345	0.010948	293.18	415.79	5.5709	0.70890	1.0184	425.35	0.070940	3.0693e-05	0.041715	supercritical
463.36	112.00	91.134	0.010973	293.91	416.81	5.5731	0.70917	1.0184	425.78	0.070468	3.0736e-05	0.041777	supercritical
464.36	112.00	90.925	0.010998	294.65	417.83	5.5753	0.70944	1.0184	426.21	0.069998	3.0778e-05	0.041838	supercritical
465.36	112.00	90.717	0.011023	295.39	418.85	5.5775	0.70972	1.0184	426.64	0.069531	3.0820e-05	0.041900	supercritical
466.36	112.00	90.511	0.011048	296.12	419.87	5.5797	0.70999	1.0184	427.06	0.069065	3.0863e-05	0.041962	supercritical
467.36	112.00	90.305	0.011074	296.86	420.88	5.5819	0.71027	1.0185	427.49	0.068603	3.0905e-05	0.042023	supercritical
468.36	112.00	90.100	0.011099	297.60	421.90	5.5840	0.71054	1.0185	427.92	0.068142	3.0947e-05	0.042085	supercritical
469.36	112.00	89.896	0.011124	298.33	422.92	5.5862	0.71082	1.0185	428.34	0.067684	3.0990e-05	0.042147	supercritical
470.36	112.00	89.693	0.011149	299.07	423.94	5.5884	0.71110	1.0185	428.77	0.067228	3.1032e-05	0.042209	supercritical
471.36	112.00	89.491	0.011174	299.81	424.96	5.5905	0.71137	1.0185	429.19	0.066774	3.1074e-05	0.042270	supercritical
472.36	112.00	89.290	0.011199	300.54	425.98	5.5927	0.71165	1.0186	429.61	0.066322	3.1116e-05	0.042332	supercritical
473.36	112.00	89.090	0.011225	301.28	426.99	5.5948	0.71193	1.0186	430.04	0.065873	3.1158e-05	0.042393	supercritical
474.36	112.00	88.891	0.011250	302.02	428.01	5.5970	0.71221	1.0186	430.46	0.065426	3.1201e-05	0.042455	supercritical
475.36	112.00	88.693	0.011275	302.75	429.03	5.5991	0.71249	1.0187	430.88	0.064981	3.1243e-05	0.042517	supercritical
476.36	112.00	88.496	0.011300	303.49	430.05	5.6013	0.71277	1.0187	431.30	0.064538	3.1285e-05	0.042578	supercritical
477.36	112.00	88.300	0.011325	304.23	431.07	5.6034	0.71305	1.0188	431.72	0.064098	3.1327e-05	0.042640	supercritical
478.36	112.00	88.105	0.011350	304.97	432.09	5.6056	0.71333	1.0188	432.14	0.063659	3.1369e-05	0.042702	supercritical
479.36	112.00	87.911	0.011375	305.70	433.11	5.6077	0.71361	1.0188	432.56	0.063223	3.1411e-05	0.042763	supercritical
480.36	112.00	87.717	0.011400	306.44	434.13	5.6098	0.71389	1.0189	432.98	0.062789	3.1453e-05	0.042825	supercritical
481.36	112.00	87.525	0.011425	307.18	435.14	5.6119	0.71417	1.0189	433.39	0.062357	3.1495e-05	0.042887	supercritical
482.36	112.00	87.333	0.011450	307.92	436.16	5.6140	0.71445	1.0190	433.81	0.061927	3.1537e-05	0.042948	supercritical
483.36	112.00	87.143	0.011475	308.66	437.18	5.6161	0.71474	1.0190	434.23	0.061499	3.1578e-05	0.043010	supercritical
484.36	112.00	86.953	0.011500	309.40	438.20	5.6183	0.71502	1.0191	434.64	0.061073	3.1620e-05	0.043071	supercritical
485.36	112.00	86.764	0.011525	310.14	439.22	5.6204	0.71530	1.0191	435.06	0.060649	3.1662e-05	0.043133	supercritical
486.36	112.00	86.576	0.011550	310.87	440.24	5.6225	0.71558	1.0192	435.47	0.060228	3.1704e-05	0.043195	supercritical
487.36	112.00	86.389	0.011576	311.61	441.26	5.6245	0.71587	1.0193	435.89	0.059808	3.1746e-05	0.043256	supercritical
488.36	112.00	86.203	0.011600	312.35	442.28	5.6266	0.71615	1.0193	436.30	0.059390	3.1787e-05	0.043318	supercritical
489.36	112.00	86.018	0.011625	313.09	443.30	5.6287	0.71644	1.0194	436.71	0.058975	3.1829e-05	0.043379	supercritical
490.36	112.00	85.833	0.011650	313.83	444.32	5.6308	0.71672	1.0195	437.12	0.058561	3.1871e-05	0.043441	supercritical
491.36	112.00	85.650	0.011675	314.57	445.34	5.6329	0.71700	1.0195	437.53	0.058149	3.1912e-05	0.043502	supercritical
492.36	112.00	85.467	0.011700	315.31	446.36	5.6350	0.71729	1.0196	437.94	0.057740	3.1954e-05	0.043564	supercritical
493.36	112.00	85.285	0.011725	316.05	447.38	5.6370	0.71758	1.0197	438.35	0.057332	3.1996e-05	0.043626	supercritical
494.36	112.00	85.104	0.011750	316.79	448.40	5.6391	0.71786	1.0198	438.76	0.056926	3.2037e-05	0.043687	supercritical
495.36	112.00	84.924	0.011775	317.53	449.42	5.6411	0.71815	1.0198	439.17	0.056522	3.2079e-05	0.043749	supercritical
496.36	112.00	84.744	0.011800	318.27	450.44	5.6432	0.71843	1.0199	439.58	0.056120	3.2120e-05	0.043810	supercritical
497.36	112.00	84.566	0.011825	319.01	451.46	5.6453	0.71872	1.0200	439.99	0.055720	3.2162e-05	0.043872	supercritical
498.36	112.00	84.388	0.011850	319.76	452.48	5.6473	0.71901	1.0201	440.40	0.055322	3.2203e-05	0.043933	supercritical
499.36	112.00	84.211	0.011875	320.50	453.50	5.6493	0.71929	1.0202	440.80	0.054926	3.2244e-05	0.043995	supercritical
500.36	112.00	84.035	0.011900	321.24	454.52	5.6514	0.71958	1.0202	441.21	0.054532	3.2286e-05	0.044056	supercritical
501.36	112.00	83.859	0.011925	321.98	455.54	5.6534	0.71987	1.0203	441.61	0.054139	3.2327e-05	0.044118	supercritical
502.36	112.00	83.685	0.011950	322.72	456.56	5.6555	0.72015	1.0204	442.02	0.053749	3.2368e-05	0.044179	supercritical
503.36	112.00	83.511	0.011974	323.46	457.58	5.6575	0.72044	1.0205	442.42	0.053360	3.2410e-05	0.044240	supercritical
504.36	112.00	83.338	0.011999	324.20	458.60	5.6595	0.72073	1.0206	442.82	0.052973	3.2451e-05	0.044302	supercritical
505.36	112.00	83.166	0.012024	324.95	459.62	5.6615	0.72102	1.0207	443.23	0.052588	3.2492e-05	0.044363	supercritical
506.36	112.00	82.994	0.012049	325.69	460.64	5.6636	0.72131	1.0208	443.63	0.052204	3.2533e-05	0.044425	supercritical
507.36	112.00	82.823	0.012074	326.43	461.66	5.6656	0.72159	1.0209	444.03	0.051823	3.2575e-05	0.044486	supercritical
508.36	112.00	82.653	0.012099	327.17	462.68	5.6676	0.72188	1.0210	444.43	0.051443	3.2616e-05	0.044548	supercritical
509.36	112.00	82.484	0.012124	327.92	463.70	5.6696	0.72217	1.0211	444.83	0.051065	3.2657e-05	0.044609	supercritical
510.36	112.00	82.316	0.012148	328.66	464.72	5.6716	0.72246	1.0212	445.23	0.050689	3.2698e-05	0.044670	supercritical
511.36	112.00	82.148	0.012173	329.40	465.74	5.6736	0.72275	1.0213	445.63	0.050315	3.2739e-05	0.044732	supercritical
512.36	112.00	81.981	0.012198	330.15	466.77	5.6756	0.72304	1.0214	446.03	0.049942	3.2780e-05	0.044793	supercritical
513.36	112.00	81.814	0.012223	330.89	467.79	5.6776	0.72333	1.0215	446.43	0.049571	3.2821e-05	0.044854	supercritical
514.36	112.00	81.649	0.012248	331.64	468.81	5.6796	0.72362	1.0216	446.83	0.049202	3.2862e-05	0.044916	supercritical
515.36	112.00	81.484	0.012272	332.38	469.83	5.6815	0.72391	1.0217	447.23	0.048834	3.2903e-05	0.044977	supercritical
516.36	112.00	81.320	0.012297	333.12	470.85	5.6835	0.72420	1.0218	447.62	0.048469	3.2944e-05	0.045038	supercritical
517.36	112.00	81.156	0.012322	333.87	471.87	5.6855	0.72449	1.0219	448.02	0.048104	3.2985e-05	0.045100	supercritical
518.36	112.00	80.993	0.012347	334.61	472.90	5.6875	0.72478	1.0220	448.42	0.047742	3.3026e-05	0.045161	supercritical
519.36	112.00	80.831	0.012371	335.36	473.92	5.6894	0.72507	1.0221	448.81	0.047381	3.3067e-05	0.045222	supercritical
520.36	112.00	80.670	0.012396	336.10	474.94	5.6914	0.72536	1.0223	449.21	0.047022	3.3107e-05	0.045284	supercritical
521.36	112.00	80.509	0.012421	336.85	475.96	5.6934	0.72565	1.0224	449.60	0.046665	3.3148e-05	0.045345	supercritical
522.36	112.00	80.349	0.012446	337.59	476.98	5.6953	0.72594	1.0225	449.99	0.046309	3.3189e-05	0.045406	supercritical
523.36	112.00	80.190	0.012470	338.34	478.01	5.6973	0.72623	1.0226	450.39	0.045955	3.3230e-05	0.045467	supercritical
524.36	112.00	80.031	0.012495	339.08	479.03	5.6992	0.72652	1.0227	450.78	0.045602	3.3270e-05	0.045529	supercritical
525.36	112.00	79.873	0.012520	339.83	480.05	5.7012	0.72681	1.0229	451.17	0.045251	3.3311e-05	0.045590	supercritical
526.36	112.00	79.716	0.012545	340.58	481.08	5.7031	0.72710	1.0230	451.56	0.044902	3.3352e-05	0.045651	supercritical
527.36	112.00	79.559	0.012569	341.32	482.10	5.7051	0.72739	1.0231	451.95	0.044554	3.3392e-05	0.045712	supercritical
528.36	112.00	79.403	0.012594	342.07	483.12	5.7070	0.72768	1.0232	452.35	0.044208	3.3433e-05	0.045774	supercritical
529.36	112.00	79.248	0.012619	342.82	484.14	5.7090	0.72797	1.0234	452.74	0.043864	3.3473e-05	0.045835	supercritical
530.36	112.00	79.093	0.012643	343.56	485.17	5.7109	0.72826	1.0235	453.13	0.043521	3.3514e-05	0.045896	supercritical
531.36	112.00	78.939	0.012668	344.31	486.19	5.7128	0.72855	1.0236	453.51	0.043179	3.3555e-05	0.045957	supercritical
532.36	112.00	78.786	0.012693	345.06	487.22	5.7147	0.72884	1.0237	453.90	0.042840	3.3595e-05	0.046018	supercritical
533.36	112.00	78.633	0.012717	345.81	488.24	5.7167	0.72913	1.0239	454.29	0.042501	3.3635e-05	0.046079	supercritical
534.36	112.00	78.481	0.012742	346.55	489.26	5.7186	0.72942	1.0240	454.68	0.042164	3.3676e-05	0.046140	supercritical
535.36	112.00	78.329	0.012767	347.30	490.29	5.7205	0.72971	1.0241	455.07	0.041829	3.3716e-05	0.046202	supercritical
536.36	112.00	78.178	0.012791	348.05	491.31	5.7224	0.73000	1.0243	455.45	0.041495	3.3757e-05	0.046263	supercritical
537.36	112.00	78.028	0.012816	348.80	492.34	5.7243	0.73029	1.0244	455.84	0.041163	3.3797e-05	0.046324	supercritical
538.36	112.00	77.878	0.012841	349.55	493.36	5.7262	0.73058	1.0245	456.23	0.040832	3.3837e-05	0.046385	supercritical
539.36	112.00	77.729	0.012865	350.30	494.38	5.7281	0.73087	1.0247	456.61	0.040503	3.3878e-05	0.046446	supercritical
540.36	112.00	77.581	0.012890	351.04	495.41	5.7300	0.73116	1.0248	457.00	0.040175	3.3918e-05	0.046507	supercritical
541.36	112.00	77.433	0.012914	351.79	496.43	5.7319	0.73145	1.0249	457.38	0.039849	3.3958e-05	0.046568	supercritical
542.36	112.00	77.286	0.012939	352.54	497.46	5.7338	0.73174	1.0251	457.76	0.039524	3.3998e-05	0.046629	supercritical
543.36	112.00	77.139	0.012964	353.29	498.48	5.7357	0.73203	1.0252	458.15	0.039201	3.4038e-05	0.046690	supercritical
544.36	112.00	76.993	0.012988	354.04	499.51	5.7376	0.73232	1.0254	458.53	0.038879	3.4079e-05	0.046751	supercritical
545.36	112.00	76.847	0.013013	354.79	500.54	5.7395	0.73261	1.0255	458.91	0.038558	3.4119e-05	0.046812	supercritical
546.36	112.00	76.703	0.013037	355.54	501.56	5.7413	0.73290	1.0256	459.29	0.038239	3.4159e-05	0.046873	supercritical
547.36	112.00	76.558	0.013062	356.29	502.59	5.7432	0.73319	1.0258	459.68	0.037922	3.4199e-05	0.046934	supercritical
548.36	112.00	76.415	0.013087	357.04	503.61	5.7451	0.73348	1.0259	460.06	0.037605	3.4239e-05	0.046995	supercritical
549.36	112.00	76.271	0.013111	357.79	504.64	5.7470	0.73377	1.0261	460.44	0.037291	3.4279e-05	0.047056	supercritical
550.36	112.00	76.129	0.013136	358.55	505.66	5.7488	0.73406	1.0262	460.82	0.036977	3.4319e-05	0.047117	supercritical
551.36	112.00	75.987	0.013160	359.30	506.69	5.7507	0.73435	1.0264	461.20	0.036665	3.4359e-05	0.047178	supercritical
552.36	112.00	75.845	0.013185	360.05	507.72	5.7525	0.73464	1.0265	461.58	0.036354	3.4399e-05	0.047238	supercritical
553.36	112.00	75.704	0.013209	360.80	508.74	5.7544	0.73493	1.0267	461.96	0.036045	3.4439e-05	0.047299	supercritical
554.36	112.00	75.564	0.013234	361.55	509.77	5.7563	0.73522	1.0268	462.33	0.035737	3.4478e-05	0.047360	supercritical
555.36	112.00	75.424	0.013258	362.30	510.80	5.7581	0.73551	1.0270	462.71	0.035430	3.4518e-05	0.047421	supercritical
556.36	112.00	75.285	0.013283	363.06	511.82	5.7599	0.73580	1.0271	463.09	0.035125	3.4558e-05	0.047482	supercritical
557.36	112.00	75.146	0.013307	363.81	512.85	5.7618	0.73609	1.0273	463.47	0.034821	3.4598e-05	0.047543	supercritical
558.36	112.00	75.008	0.013332	364.56	513.88	5.7636	0.73637	1.0274	463.84	0.034519	3.4638e-05	0.047603	supercritical
559.36	112.00	74.870	0.013356	365.31	514.91	5.7655	0.73666	1.0276	464.22	0.034217	3.4677e-05	0.047664	supercritical
560.36	112.00	74.733	0.013381	366.07	515.93	5.7673	0.73695	1.0277	464.59	0.033918	3.4717e-05	0.047725	supercritical
561.36	112.00	74.597	0.013405	366.82	516.96	5.7691	0.73724	1.0279	464.97	0.033619	3.4757e-05	0.047786	supercritical
562.36	112.00	74.461	0.013430	367.58	517.99	5.7710	0.73753	1.0280	465.34	0.033322	3.4797e-05	0.047847	supercritical
563.36	112.00	74.325	0.013454	368.33	519.02	5.7728	0.73782	1.0282	465.72	0.033026	3.4836e-05	0.047907	supercritical
564.36	112.00	74.190	0.013479	369.08	520.05	5.7746	0.73810	1.0284	466.09	0.032731	3.4876e-05	0.047968	supercritical
565.36	112.00	74.056	0.013503	369.84	521.08	5.7764	0.73839	1.0285	466.47	0.032437	3.4915e-05	0.048029	supercritical
566.36	112.00	73.922	0.013528	370.59	522.10	5.7783	0.73868	1.0287	466.84	0.032145	3.4955e-05	0.048089	supercritical
567.36	112.00	73.788	0.013552	371.35	523.13	5.7801	0.73897	1.0288	467.21	0.031854	3.4994e-05	0.048150	supercritical
568.36	112.00	73.655	0.013577	372.10	524.16	5.7819	0.73925	1.0290	467.58	0.031565	3.5034e-05	0.048211	supercritical
569.36	112.00	73.523	0.013601	372.86	525.19	5.7837	0.73954	1.0292	467.96	0.031276	3.5073e-05	0.048271	supercritical
570.36	112.00	73.391	0.013626	373.61	526.22	5.7855	0.73983	1.0293	468.33	0.030989	3.5113e-05	0.048332	supercritical
571.36	112.00	73.259	0.013650	374.37	527.25	5.7873	0.74011	1.0295	468.70	0.030703	3.5152e-05	0.048393	supercritical
572.36	112.00	73.128	0.013675	375.12	528.28	5.7891	0.74040	1.0296	469.07	0.030418	3.5192e-05	0.048453	supercritical
573.36	112.00	72.998	0.013699	375.88	529.31	5.7909	0.74069	1.0298	469.44	0.030135	3.5231e-05	0.048514	supercritical
574.36	112.00	72.868	0.013723	376.64	530.34	5.7927	0.74097	1.0300	469.81	0.029853	3.5270e-05	0.048574	supercritical
575.36	112.00	72.739	0.013748	377.39	531.37	5.7945	0.74126	1.0301	470.18	0.029572	3.5310e-05	0.048635	supercritical
576.36	112.00	72.610	0.013772	378.15	532.40	5.7963	0.74155	1.0303	470.55	0.029292	3.5349e-05	0.048696	supercritical
577.36	112.00	72.481	0.013797	378.91	533.43	5.7981	0.74183	1.0305	470.92	0.029013	3.5388e-05	0.048756	supercritical
578.36	112.00	72.353	0.013821	379.66	534.46	5.7998	0.74212	1.0306	471.29	0.028736	3.5427e-05	0.048817	supercritical
579.36	112.00	72.226	0.013846	380.42	535.49	5.8016	0.74240	1.0308	471.65	0.028459	3.5467e-05	0.048877	supercritical
580.36	112.00	72.098	0.013870	381.18	536.52	5.8034	0.74269	1.0310	472.02	0.028184	3.5506e-05	0.048938	supercritical
581.36	112.00	71.972	0.013894	381.94	537.55	5.8052	0.74297	1.0311	472.39	0.027910	3.5545e-05	0.048998	supercritical
582.36	112.00	71.846	0.013919	382.69	538.58	5.8070	0.74326	1.0313	472.75	0.027638	3.5584e-05	0.049059	supercritical
583.36	112.00	71.720	0.013943	383.45	539.61	5.8087	0.74354	1.0315	473.12	0.027366	3.5623e-05	0.049119	supercritical
584.36	112.00	71.595	0.013967	384.21	540.65	5.8105	0.74383	1.0316	473.49	0.027096	3.5662e-05	0.049179	supercritical
585.36	112.00	71.470	0.013992	384.97	541.68	5.8123	0.74411	1.0318	473.85	0.026826	3.5701e-05	0.049240	supercritical
586.36	112.00	71.346	0.014016	385.73	542.71	5.8140	0.74439	1.0320	474.22	0.026558	3.5740e-05	0.049300	supercritical
587.36	112.00	71.222	0.014041	386.49	543.74	5.8158	0.74468	1.0321	474.58	0.026291	3.5779e-05	0.049361	supercritical
588.36	112.00	71.099	0.014065	387.25	544.77	5.8175	0.74496	1.0323	474.95	0.026025	3.5818e-05	0.049421	supercritical
589.36	112.00	70.976	0.014089	388.01	545.81	5.8193	0.74524	1.0325	475.31	0.025760	3.5857e-05	0.049481	supercritical
590.36	112.00	70.853	0.014114	388.77	546.84	5.8210	0.74553	1.0326	475.67	0.025497	3.5896e-05	0.049542	supercritical
591.36	112.00	70.731	0.014138	389.53	547.87	5.8228	0.74581	1.0328	476.04	0.025234	3.5935e-05	0.049602	supercritical
592.36	112.00	70.610	0.014162	390.29	548.90	5.8245	0.74609	1.0330	476.40	0.024973	3.5974e-05	0.049662	supercritical
593.36	112.00	70.488	0.014187	391.05	549.94	5.8263	0.74637	1.0332	476.76	0.024712	3.6013e-05	0.049723	supercritical
594.36	112.00	70.368	0.014211	391.81	550.97	5.8280	0.74666	1.0333	477.12	0.024453	3.6052e-05	0.049783	supercritical
595.36	112.00	70.247	0.014235	392.57	552.00	5.8297	0.74694	1.0335	477.49	0.024195	3.6091e-05	0.049843	supercritical
596.36	112.00	70.128	0.014260	393.33	553.04	5.8315	0.74722	1.0337	477.85	0.023938	3.6129e-05	0.049903	supercritical
597.36	112.00	70.008	0.014284	394.09	554.07	5.8332	0.74750	1.0339	478.21	0.023682	3.6168e-05	0.049964	supercritical
598.36	112.00	69.889	0.014308	394.85	555.11	5.8349	0.74778	1.0340	478.57	0.023427	3.6207e-05	0.050024	supercritical
599.36	112.00	69.771	0.014333	395.61	556.14	5.8367	0.74806	1.0342	478.93	0.023173	3.6246e-05	0.050084	supercritical
600.36	112.00	69.653	0.014357	396.38	557.17	5.8384	0.74834	1.0344	479.29	0.022920	3.6284e-05	0.050144	supercritical
601.36	112.00	69.535	0.014381	397.14	558.21	5.8401	0.74862	1.0346	479.65	0.022668	3.6323e-05	0.050205	supercritical
602.36	112.00	69.417	0.014406	397.90	559.24	5.8418	0.74890	1.0347	480.01	0.022417	3.6362e-05	0.050265	supercritical
603.36	112.00	69.301	0.014430	398.66	560.28	5.8436	0.74918	1.0349	480.37	0.022167	3.6400e-05	0.050325	supercritical
604.36	112.00	69.184	0.014454	399.43	561.31	5.8453	0.74946	1.0351	480.72	0.021919	3.6439e-05	0.050385	supercritical
605.36	112.00	69.068	0.014478	400.19	562.35	5.8470	0.74974	1.0353	481.08	0.021671	3.6477e-05	0.050445	supercritical
606.36	112.00	68.952	0.014503	400.95	563.38	5.8487	0.75002	1.0354	481.44	0.021424	3.6516e-05	0.050505	supercritical
607.36	112.00	68.837	0.014527	401.72	564.42	5.8504	0.75030	1.0356	481.80	0.021178	3.6554e-05	0.050565	supercritical
608.36	112.00	68.722	0.014551	402.48	565.45	5.8521	0.75057	1.0358	482.15	0.020934	3.6593e-05	0.050625	supercritical
609.36	112.00	68.608	0.014576	403.24	566.49	5.8538	0.75085	1.0360	482.51	0.020690	3.6631e-05	0.050685	supercritical
610.36	112.00	68.494	0.014600	404.01	567.53	5.8555	0.75113	1.0361	482.87	0.020447	3.6670e-05	0.050745	supercritical
611.36	112.00	68.380	0.014624	404.77	568.56	5.8572	0.75141	1.0363	483.22	0.020206	3.6708e-05	0.050805	supercritical
612.36	112.00	68.267	0.014648	405.54	569.60	5.8589	0.75168	1.0365	483.58	0.019965	3.6746e-05	0.050865	supercritical
613.36	112.00	68.154	0.014673	406.30	570.64	5.8606	0.75196	1.0367	483.93	0.019725	3.6785e-05	0.050925	supercritical
614.36	112.00	68.042	0.014697	407.07	571.67	5.8623	0.75224	1.0369	484.29	0.019487	3.6823e-05	0.050985	supercritical
615.36	112.00	67.929	0.014721	407.83	572.71	5.8640	0.75251	1.0370	484.64	0.019249	3.6861e-05	0.051045	supercritical
616.36	112.00	67.818	0.014745	408.60	573.75	5.8656	0.75279	1.0372	485.00	0.019012	3.6900e-05	0.051105	supercritical
617.36	112.00	67.706	0.014770	409.36	574.78	5.8673	0.75306	1.0374	485.35	0.018776	3.6938e-05	0.051165	supercritical
618.36	112.00	67.596	0.014794	410.13	575.82	5.8690	0.75334	1.0376	485.70	0.018541	3.6976e-05	0.051225	supercritical
619.36	112.00	67.485	0.014818	410.90	576.86	5.8707	0.75361	1.0378	486.06	0.018307	3.7014e-05	0.051285	supercritical
620.36	112.00	67.375	0.014842	411.66	577.90	5.8723	0.75389	1.0379	486.41	0.018075	3.7053e-05	0.051345	supercritical
621.36	112.00	67.265	0.014867	412.43	578.94	5.8740	0.75416	1.0381	486.76	0.017842	3.7091e-05	0.051405	supercritical
622.36	112.00	67.156	0.014891	413.20	579.97	5.8757	0.75444	1.0383	487.11	0.017611	3.7129e-05	0.051465	supercritical
623.36	112.00	67.047	0.014915	413.96	581.01	5.8774	0.75471	1.0385	487.47	0.017381	3.7167e-05	0.051525	supercritical
624.36	112.00	66.938	0.014939	414.73	582.05	5.8790	0.75498	1.0387	487.82	0.017152	3.7205e-05	0.051584	supercritical
625.36	112.00	66.830	0.014963	415.50	583.09	5.8807	0.75526	1.0388	488.17	0.016924	3.7243e-05	0.051644	supercritical
626.36	112.00	66.722	0.014988	416.27	584.13	5.8823	0.75553	1.0390	488.52	0.016696	3.7281e-05	0.051704	supercritical
627.36	112.00	66.614	0.015012	417.03	585.17	5.8840	0.75580	1.0392	488.87	0.016470	3.7319e-05	0.051764	supercritical
628.36	112.00	66.507	0.015036	417.80	586.21	5.8857	0.75607	1.0394	489.22	0.016244	3.7357e-05	0.051823	supercritical
629.36	112.00	66.400	0.015060	418.57	587.25	5.8873	0.75635	1.0396	489.57	0.016019	3.7395e-05	0.051883	supercritical
630.36	112.00	66.294	0.015084	419.34	588.29	5.8890	0.75662	1.0398	489.92	0.015796	3.7433e-05	0.051943	supercritical
631.36	112.00	66.187	0.015109	420.11	589.33	5.8906	0.75689	1.0399	490.27	0.015573	3.7471e-05	0.052003	supercritical
632.36	112.00	66.082	0.015133	420.88	590.37	5.8923	0.75716	1.0401	490.62	0.015351	3.7509e-05	0.052062	supercritical
633.36	112.00	65.976	0.015157	421.65	591.41	5.8939	0.75743	1.0403	490.97	0.015129	3.7547e-05	0.052122	supercritical
634.36	112.00	65.871	0.015181	422.42	592.45	5.8955	0.75770	1.0405	491.31	0.014909	3.7585e-05	0.052182	supercritical
635.36	112.00	65.766	0.015205	423.19	593.49	5.8972	0.75797	1.0407	491.66	0.014690	3.7623e-05	0.052241	supercritical
636.36	112.00	65.662	0.015229	423.96	594.53	5.8988	0.75824	1.0409	492.01	0.014471	3.7660e-05	0.052301	supercritical
637.36	112.00	65.558	0.015254	424.73	595.57	5.9005	0.75851	1.0410	492.36	0.014254	3.7698e-05	0.052361	supercritical
638.36	112.00	65.454	0.015278	425.50	596.61	5.9021	0.75878	1.0412	492.70	0.014037	3.7736e-05	0.052420	supercritical
639.36	112.00	65.351	0.015302	426.27	597.65	5.9037	0.75904	1.0414	493.05	0.013821	3.7774e-05	0.052480	supercritical
640.36	112.00	65.248	0.015326	427.04	598.69	5.9053	0.75931	1.0416	493.40	0.013606	3.7811e-05	0.052539	supercritical
641.36	112.00	65.145	0.015350	427.81	599.73	5.9070	0.75958	1.0418	493.74	0.013391	3.7849e-05	0.052599	supercritical
642.36	112.00	65.043	0.015374	428.58	600.78	5.9086	0.75985	1.0420	494.09	0.013178	3.7887e-05	0.052658	supercritical
643.36	112.00	64.941	0.015399	429.35	601.82	5.9102	0.76011	1.0421	494.43	0.012965	3.7924e-05	0.052718	supercritical
644.36	112.00	64.839	0.015423	430.13	602.86	5.9118	0.76038	1.0423	494.78	0.012754	3.7962e-05	0.052778	supercritical
645.36	112.00	64.738	0.015447	430.90	603.90	5.9134	0.76065	1.0425	495.12	0.012543	3.8000e-05	0.052837	supercritical
646.36	112.00	64.637	0.015471	431.67	604.95	5.9151	0.76091	1.0427	495.47	0.012333	3.8037e-05	0.052896	supercritical
647.36	112.00	64.536	0.015495	432.44	605.99	5.9167	0.76118	1.0429	495.81	0.012123	3.8075e-05	0.052956	supercritical
648.36	112.00	64.436	0.015519	433.22	607.03	5.9183	0.76144	1.0431	496.16	0.011915	3.8112e-05	0.053015	supercritical
649.36	112.00	64.336	0.015543	433.99	608.07	5.9199	0.76171	1.0433	496.50	0.011707	3.8150e-05	0.053075	supercritical
650.36	112.00	64.236	0.015568	434.76	609.12	5.9215	0.76197	1.0434	496.84	0.011500	3.8187e-05	0.053134	supercritical
651.36	112.00	64.137	0.015592	435.53	610.16	5.9231	0.76224	1.0436	497.18	0.011294	3.8225e-05	0.053194	supercritical
652.36	112.00	64.038	0.015616	436.31	611.20	5.9247	0.76250	1.0438	497.53	0.011089	3.8262e-05	0.053253	supercritical
653.36	112.00	63.939	0.015640	437.08	612.25	5.9263	0.76276	1.0440	497.87	0.010885	3.8299e-05	0.053312	supercritical
654.36	112.00	63.841	0.015664	437.86	613.29	5.9279	0.76303	1.0442	498.21	0.010681	3.8337e-05	0.053372	supercritical
655.36	112.00	63.743	0.015688	438.63	614.34	5.9295	0.76329	1.0444	498.55	0.010478	3.8374e-05	0.053431	supercritical
656.36	112.00	63.645	0.015712	439.40	615.38	5.9311	0.76355	1.0445	498.89	0.010276	3.8412e-05	0.053490	supercritical
657.36	112.00	63.547	0.015736	440.18	616.43	5.9327	0.76381	1.0447	499.24	0.010075	3.8449e-05	0.053550	supercritical
658.36	112.00	63.450	0.015760	440.95	617.47	5.9343	0.76408	1.0449	499.58	0.0098740	3.8486e-05	0.053609	supercritical
659.36	112.00	63.353	0.015784	441.73	618.52	5.9358	0.76434	1.0451	499.92	0.0096742	3.8523e-05	0.053668	supercritical
660.36	112.00	63.257	0.015809	442.51	619.56	5.9374	0.76460	1.0453	500.26	0.0094752	3.8561e-05	0.053728	supercritical
661.36	112.00	63.161	0.015833	443.28	620.61	5.9390	0.76486	1.0455	500.60	0.0092769	3.8598e-05	0.053787	supercritical
662.36	112.00	63.065	0.015857	444.06	621.65	5.9406	0.76512	1.0457	500.94	0.0090794	3.8635e-05	0.053846	supercritical
663.36	112.00	62.969	0.015881	444.83	622.70	5.9422	0.76538	1.0458	501.28	0.0088827	3.8672e-05	0.053905	supercritical
664.36	112.00	62.874	0.015905	445.61	623.74	5.9437	0.76564	1.0460	501.62	0.0086867	3.8709e-05	0.053964	supercritical
665.36	112.00	62.779	0.015929	446.39	624.79	5.9453	0.76590	1.0462	501.95	0.0084914	3.8747e-05	0.054024	supercritical
666.36	112.00	62.684	0.015953	447.16	625.84	5.9469	0.76616	1.0464	502.29	0.0082969	3.8784e-05	0.054083	supercritical
667.36	112.00	62.589	0.015977	447.94	626.88	5.9485	0.76641	1.0466	502.63	0.0081031	3.8821e-05	0.054142	supercritical
668.36	112.00	62.495	0.016001	448.72	627.93	5.9500	0.76667	1.0468	502.97	0.0079101	3.8858e-05	0.054201	supercritical
669.36	112.00	62.401	0.016025	449.49	628.98	5.9516	0.76693	1.0470	503.31	0.0077178	3.8895e-05	0.054260	supercritical
670.36	112.00	62.308	0.016049	450.27	630.02	5.9532	0.76719	1.0471	503.64	0.0075262	3.8932e-05	0.054319	supercritical
671.36	112.00	62.215	0.016073	451.05	631.07	5.9547	0.76744	1.0473	503.98	0.0073353	3.8969e-05	0.054378	supercritical
672.36	112.00	62.122	0.016097	451.83	632.12	5.9563	0.76770	1.0475	504.32	0.0071452	3.9006e-05	0.054437	supercritical
673.36	112.00	62.029	0.016121	452.61	633.17	5.9578	0.76796	1.0477	504.65	0.0069558	3.9043e-05	0.054496	supercritical
674.36	112.00	61.937	0.016146	453.38	634.21	5.9594	0.76821	1.0479	504.99	0.0067671	3.9080e-05	0.054555	supercritical
675.36	112.00	61.845	0.016170	454.16	635.26	5.9609	0.76847	1.0481	505.33	0.0065791	3.9117e-05	0.054614	supercritical
676.36	112.00	61.753	0.016194	454.94	636.31	5.9625	0.76872	1.0483	505.66	0.0063918	3.9154e-05	0.054673	supercritical
677.36	112.00	61.661	0.016218	455.72	637.36	5.9640	0.76898	1.0484	506.00	0.0062052	3.9190e-05	0.054732	supercritical
678.36	112.00	61.570	0.016242	456.50	638.41	5.9656	0.76923	1.0486	506.33	0.0060193	3.9227e-05	0.054791	supercritical
679.36	112.00	61.479	0.016266	457.28	639.46	5.9671	0.76948	1.0488	506.67	0.0058341	3.9264e-05	0.054850	supercritical
680.36	112.00	61.388	0.016290	458.06	640.50	5.9687	0.76974	1.0490	507.00	0.0056496	3.9301e-05	0.054909	supercritical
681.36	112.00	61.298	0.016314	458.84	641.55	5.9702	0.76999	1.0492	507.34	0.0054658	3.9338e-05	0.054968	supercritical
682.36	112.00	61.208	0.016338	459.62	642.60	5.9718	0.77024	1.0494	507.67	0.0052826	3.9375e-05	0.055027	supercritical
683.36	112.00	61.118	0.016362	460.40	643.65	5.9733	0.77050	1.0495	508.00	0.0051002	3.9411e-05	0.055086	supercritical
684.36	112.00	61.028	0.016386	461.18	644.70	5.9748	0.77075	1.0497	508.34	0.0049184	3.9448e-05	0.055145	supercritical
685.36	112.00	60.939	0.016410	461.96	645.75	5.9764	0.77100	1.0499	508.67	0.0047373	3.9485e-05	0.055204	supercritical
686.36	112.00	60.850	0.016434	462.74	646.80	5.9779	0.77125	1.0501	509.00	0.0045569	3.9521e-05	0.055263	supercritical
687.36	112.00	60.761	0.016458	463.52	647.85	5.9794	0.77150	1.0503	509.34	0.0043771	3.9558e-05	0.055321	supercritical
688.36	112.00	60.673	0.016482	464.30	648.90	5.9809	0.77175	1.0505	509.67	0.0041980	3.9595e-05	0.055380	supercritical
689.36	112.00	60.584	0.016506	465.09	649.95	5.9825	0.77200	1.0507	510.00	0.0040195	3.9631e-05	0.055439	supercritical
690.36	112.00	60.496	0.016530	465.87	651.00	5.9840	0.77225	1.0508	510.33	0.0038418	3.9668e-05	0.055498	supercritical
691.36	112.00	60.409	0.016554	466.65	652.05	5.9855	0.77250	1.0510	510.67	0.0036646	3.9704e-05	0.055557	supercritical
692.36	112.00	60.321	0.016578	467.43	653.11	5.9870	0.77275	1.0512	511.00	0.0034881	3.9741e-05	0.055615	supercritical
693.36	112.00	60.234	0.016602	468.22	654.16	5.9886	0.77300	1.0514	511.33	0.0033123	3.9778e-05	0.055674	supercritical
694.36	112.00	60.147	0.016626	469.00	655.21	5.9901	0.77324	1.0516	511.66	0.0031371	3.9814e-05	0.055733	supercritical
695.36	112.00	60.060	0.016650	469.78	656.26	5.9916	0.77349	1.0518	511.99	0.0029626	3.9851e-05	0.055792	supercritical
696.36	112.00	59.974	0.016674	470.56	657.31	5.9931	0.77374	1.0519	512.32	0.0027887	3.9887e-05	0.055850	supercritical
697.36	112.00	59.888	0.016698	471.35	658.36	5.9946	0.77399	1.0521	512.65	0.0026154	3.9923e-05	0.055909	supercritical
698.36	112.00	59.802	0.016722	472.13	659.42	5.9961	0.77423	1.0523	512.98	0.0024427	3.9960e-05	0.055968	supercritical
699.36	112.00	59.716	0.016746	472.91	660.47	5.9976	0.77448	1.0525	513.31	0.0022707	3.9996e-05	0.056026	supercritical
700.36	112.00	59.631	0.016770	473.70	661.52	5.9991	0.77472	1.0527	513.64	0.0020993	4.0033e-05	0.056085	supercritical
701.36	112.00	59.546	0.016794	474.48	662.57	6.0006	0.77497	1.0529	513.97	0.0019286	4.0069e-05	0.056143	supercritical
702.36	112.00	59.461	0.016818	475.27	663.63	6.0021	0.77521	1.0531	514.30	0.0017584	4.0105e-05	0.056202	supercritical
703.36	112.00	59.376	0.016842	476.05	664.68	6.0036	0.77546	1.0532	514.62	0.0015889	4.0142e-05	0.056261	supercritical
704.36	112.00	59.292	0.016866	476.84	665.73	6.0051	0.77570	1.0534	514.95	0.0014200	4.0178e-05	0.056319	supercritical
705.36	112.00	59.208	0.016890	477.62	666.79	6.0066	0.77595	1.0536	515.28	0.0012517	4.0214e-05	0.056378	supercritical
706.36	112.00	59.124	0.016914	478.41	667.84	6.0081	0.77619	1.0538	515.61	0.0010840	4.0250e-05	0.056436	supercritical
707.36	112.00	59.040	0.016938	479.19	668.89	6.0096	0.77643	1.0540	515.94	0.00091688	4.0287e-05	0.056495	supercritical
708.36	112.00	58.957	0.016962	479.98	669.95	6.0111	0.77667	1.0542	516.26	0.00075038	4.0323e-05	0.056553	supercritical
709.36	112.00	58.874	0.016985	480.76	671.00	6.0126	0.77692	1.0543	516.59	0.00058448	4.0359e-05	0.056612	supercritical
710.36	112.00	58.791	0.017009	481.55	672.06	6.0141	0.77716	1.0545	516.92	0.00041918	4.0395e-05	0.056670	supercritical
711.36	112.00	58.708	0.017033	482.34	673.11	6.0155	0.77740	1.0547	517.24	0.00025447	4.0431e-05	0.056729	supercritical
712.36	112.00	58.626	0.017057	483.12	674.17	6.0170	0.77764	1.0549	517.57	9.0354e-05	4.0468e-05	0.056787	supercritical
713.36	112.00	58.544	0.017081	483.91	675.22	6.0185	0.77788	1.0551	517.90	-7.3178e-05	4.0504e-05	0.056846	supercritical
714.36	112.00	58.462	0.017105	484.70	676.28	6.0200	0.77812	1.0552	518.22	-0.00023613	4.0540e-05	0.056904	supercritical
715.36	112.00	58.380	0.017129	485.49	677.33	6.0215	0.77836	1.0554	518.55	-0.00039849	4.0576e-05	0.056962	supercritical
716.36	112.00	58.298	0.017153	486.27	678.39	6.0229	0.77860	1.0556	518.87	-0.00056028	4.0612e-05	0.057021	supercritical
717.36	112.00	58.217	0.017177	487.06	679.44	6.0244	0.77884	1.0558	519.20	-0.00072150	4.0648e-05	0.057079	supercritical
718.36	112.00	58.136	0.017201	487.85	680.50	6.0259	0.77908	1.0560	519.52	-0.00088214	4.0684e-05	0.057137	supercritical
719.36	112.00	58.055	0.017225	488.64	681.55	6.0273	0.77931	1.0562	519.85	-0.0010422	4.0720e-05	0.057196	supercritical
720.36	112.00	57.975	0.017249	489.42	682.61	6.0288	0.77955	1.0563	520.17	-0.0012017	4.0756e-05	0.057254	supercritical
721.36	112.00	57.895	0.017273	490.21	683.67	6.0303	0.77979	1.0565	520.50	-0.0013607	4.0792e-05	0.057312	supercritical
722.36	112.00	57.815	0.017297	491.00	684.72	6.0317	0.78003	1.0567	520.82	-0.0015190	4.0828e-05	0.057371	supercritical
723.36	112.00	57.735	0.017321	491.79	685.78	6.0332	0.78026	1.0569	521.14	-0.0016769	4.0864e-05	0.057429	supercritical
724.36	112.00	57.655	0.017345	492.58	686.84	6.0347	0.78050	1.0571	521.47	-0.0018341	4.0900e-05	0.057487	supercritical
725.36	112.00	57.576	0.017368	493.37	687.90	6.0361	0.78073	1.0572	521.79	-0.0019908	4.0935e-05	0.057546	supercritical
726.36	112.00	57.497	0.017392	494.16	688.95	6.0376	0.78097	1.0574	522.11	-0.0021470	4.0971e-05	0.057604	supercritical
727.36	112.00	57.418	0.017416	494.95	690.01	6.0390	0.78121	1.0576	522.44	-0.0023026	4.1007e-05	0.057662	supercritical
728.36	112.00	57.339	0.017440	495.74	691.07	6.0405	0.78144	1.0578	522.76	-0.0024577	4.1043e-05	0.057720	supercritical
729.36	112.00	57.260	0.017464	496.53	692.13	6.0419	0.78167	1.0580	523.08	-0.0026122	4.1079e-05	0.057778	supercritical
730.36	112.00	57.182	0.017488	497.32	693.18	6.0434	0.78191	1.0581	523.40	-0.0027662	4.1115e-05	0.057836	supercritical
731.36	112.00	57.104	0.017512	498.11	694.24	6.0448	0.78214	1.0583	523.72	-0.0029196	4.1150e-05	0.057895	supercritical
732.36	112.00	57.026	0.017536	498.90	695.30	6.0463	0.78237	1.0585	524.05	-0.0030725	4.1186e-05	0.057953	supercritical
733.36	112.00	56.949	0.017560	499.69	696.36	6.0477	0.78261	1.0587	524.37	-0.0032249	4.1222e-05	0.058011	supercritical
734.36	112.00	56.871	0.017584	500.48	697.42	6.0492	0.78284	1.0589	524.69	-0.0033767	4.1257e-05	0.058069	supercritical
735.36	112.00	56.794	0.017607	501.27	698.48	6.0506	0.78307	1.0590	525.01	-0.0035280	4.1293e-05	0.058127	supercritical
736.36	112.00	56.717	0.017631	502.06	699.54	6.0520	0.78330	1.0592	525.33	-0.0036788	4.1329e-05	0.058185	supercritical
737.36	112.00	56.640	0.017655	502.86	700.60	6.0535	0.78353	1.0594	525.65	-0.0038291	4.1364e-05	0.058243	supercritical
738.36	112.00	56.564	0.017679	503.65	701.65	6.0549	0.78376	1.0596	525.97	-0.0039788	4.1400e-05	0.058301	supercritical
739.36	112.00	56.487	0.017703	504.44	702.71	6.0564	0.78399	1.0598	526.29	-0.0041281	4.1436e-05	0.058359	supercritical
740.36	112.00	56.411	0.017727	505.23	703.77	6.0578	0.78422	1.0599	526.61	-0.0042768	4.1471e-05	0.058417	supercritical
741.36	112.00	56.335	0.017751	506.03	704.83	6.0592	0.78445	1.0601	526.93	-0.0044250	4.1507e-05	0.058475	supercritical
742.36	112.00	56.260	0.017775	506.82	705.89	6.0606	0.78468	1.0603	527.25	-0.0045727	4.1542e-05	0.058533	supercritical
743.36	112.00	56.184	0.017799	507.61	706.95	6.0621	0.78491	1.0605	527.57	-0.0047199	4.1578e-05	0.058591	supercritical
744.36	112.00	56.109	0.017822	508.40	708.02	6.0635	0.78514	1.0607	527.89	-0.0048665	4.1613e-05	0.058649	supercritical
745.36	112.00	56.034	0.017846	509.20	709.08	6.0649	0.78537	1.0608	528.20	-0.0050127	4.1649e-05	0.058707	supercritical
746.36	112.00	55.959	0.017870	509.99	710.14	6.0663	0.78559	1.0610	528.52	-0.0051584	4.1684e-05	0.058765	supercritical
747.36	112.00	55.885	0.017894	510.78	711.20	6.0678	0.78582	1.0612	528.84	-0.0053036	4.1720e-05	0.058823	supercritical
748.36	112.00	55.810	0.017918	511.58	712.26	6.0692	0.78605	1.0614	529.16	-0.0054482	4.1755e-05	0.058881	supercritical
749.36	112.00	55.736	0.017942	512.37	713.32	6.0706	0.78627	1.0615	529.48	-0.0055924	4.1790e-05	0.058939	supercritical
750.36	112.00	55.662	0.017966	513.17	714.38	6.0720	0.78650	1.0617	529.79	-0.0057361	4.1826e-05	0.058997	supercritical
751.36	112.00	55.588	0.017990	513.96	715.44	6.0734	0.78672	1.0619	530.11	-0.0058793	4.1861e-05	0.059054	supercritical
752.36	112.00	55.514	0.018013	514.76	716.51	6.0748	0.78695	1.0621	530.43	-0.0060220	4.1897e-05	0.059112	supercritical
753.36	112.00	55.441	0.018037	515.55	717.57	6.0763	0.78717	1.0622	530.74	-0.0061643	4.1932e-05	0.059170	supercritical
754.36	112.00	55.368	0.018061	516.35	718.63	6.0777	0.78740	1.0624	531.06	-0.0063060	4.1967e-05	0.059228	supercritical
755.36	112.00	55.295	0.018085	517.14	719.69	6.0791	0.78762	1.0626	531.38	-0.0064473	4.2002e-05	0.059286	supercritical
756.36	112.00	55.222	0.018109	517.94	720.76	6.0805	0.78784	1.0628	531.69	-0.0065881	4.2038e-05	0.059343	supercritical
757.36	112.00	55.149	0.018133	518.73	721.82	6.0819	0.78807	1.0630	532.01	-0.0067284	4.2073e-05	0.059401	supercritical
758.36	112.00	55.077	0.018156	519.53	722.88	6.0833	0.78829	1.0631	532.32	-0.0068682	4.2108e-05	0.059459	supercritical
759.36	112.00	55.005	0.018180	520.33	723.95	6.0847	0.78851	1.0633	532.64	-0.0070076	4.2143e-05	0.059517	supercritical
760.36	112.00	54.933	0.018204	521.12	725.01	6.0861	0.78873	1.0635	532.96	-0.0071465	4.2179e-05	0.059574	supercritical
761.36	112.00	54.861	0.018228	521.92	726.07	6.0875	0.78896	1.0637	533.27	-0.0072849	4.2214e-05	0.059632	supercritical
762.36	112.00	54.789	0.018252	522.72	727.14	6.0889	0.78918	1.0638	533.59	-0.0074229	4.2249e-05	0.059690	supercritical
763.36	112.00	54.718	0.018276	523.51	728.20	6.0903	0.78940	1.0640	533.90	-0.0075604	4.2284e-05	0.059747	supercritical
764.36	112.00	54.646	0.018300	524.31	729.26	6.0917	0.78962	1.0642	534.21	-0.0076975	4.2319e-05	0.059805	supercritical
765.36	112.00	54.575	0.018323	525.11	730.33	6.0931	0.78984	1.0644	534.53	-0.0078340	4.2354e-05	0.059863	supercritical
766.36	112.00	54.504	0.018347	525.90	731.39	6.0945	0.79006	1.0645	534.84	-0.0079702	4.2389e-05	0.059920	supercritical
767.36	112.00	54.434	0.018371	526.70	732.46	6.0958	0.79028	1.0647	535.16	-0.0081058	4.2424e-05	0.059978	supercritical
768.36	112.00	54.363	0.018395	527.50	733.52	6.0972	0.79050	1.0649	535.47	-0.0082411	4.2459e-05	0.060036	supercritical
769.36	112.00	54.293	0.018419	528.30	734.59	6.0986	0.79071	1.0650	535.78	-0.0083758	4.2494e-05	0.060093	supercritical
770.36	112.00	54.223	0.018442	529.10	735.65	6.1000	0.79093	1.0652	536.10	-0.0085102	4.2529e-05	0.060151	supercritical
771.36	112.00	54.153	0.018466	529.89	736.72	6.1014	0.79115	1.0654	536.41	-0.0086440	4.2564e-05	0.060208	supercritical
772.36	112.00	54.083	0.018490	530.69	737.78	6.1028	0.79137	1.0656	536.72	-0.0087775	4.2599e-05	0.060266	supercritical
773.36	112.00	54.013	0.018514	531.49	738.85	6.1041	0.79158	1.0657	537.03	-0.0089105	4.2634e-05	0.060323	supercritical
774.36	112.00	53.944	0.018538	532.29	739.91	6.1055	0.79180	1.0659	537.35	-0.0090430	4.2669e-05	0.060381	supercritical
775.36	112.00	53.875	0.018562	533.09	740.98	6.1069	0.79202	1.0661	537.66	-0.0091751	4.2704e-05	0.060438	supercritical
776.36	112.00	53.806	0.018585	533.89	742.05	6.1083	0.79223	1.0663	537.97	-0.0093068	4.2739e-05	0.060496	supercritical
777.36	112.00	53.737	0.018609	534.69	743.11	6.1096	0.79245	1.0664	538.28	-0.0094381	4.2774e-05	0.060553	supercritical
778.36	112.00	53.668	0.018633	535.49	744.18	6.1110	0.79266	1.0666	538.59	-0.0095689	4.2809e-05	0.060611	supercritical
779.36	112.00	53.600	0.018657	536.29	745.25	6.1124	0.79288	1.0668	538.90	-0.0096993	4.2844e-05	0.060668	supercritical
780.36	112.00	53.531	0.018681	537.09	746.31	6.1137	0.79309	1.0669	539.22	-0.0098292	4.2879e-05	0.060726	supercritical
781.36	112.00	53.463	0.018704	537.89	747.38	6.1151	0.79330	1.0671	539.53	-0.0099587	4.2913e-05	0.060783	supercritical
782.36	112.00	53.395	0.018728	538.69	748.45	6.1165	0.79352	1.0673	539.84	-0.010088	4.2948e-05	0.060840	supercritical
783.36	112.00	53.328	0.018752	539.49	749.51	6.1178	0.79373	1.0675	540.15	-0.010217	4.2983e-05	0.060898	supercritical
784.36	112.00	53.260	0.018776	540.29	750.58	6.1192	0.79394	1.0676	540.46	-0.010345	4.3018e-05	0.060955	supercritical
785.36	112.00	53.193	0.018800	541.09	751.65	6.1206	0.79415	1.0678	540.77	-0.010473	4.3052e-05	0.061012	supercritical
786.36	112.00	53.125	0.018823	541.90	752.72	6.1219	0.79437	1.0680	541.08	-0.010600	4.3087e-05	0.061070	supercritical
787.36	112.00	53.058	0.018847	542.70	753.79	6.1233	0.79458	1.0681	541.39	-0.010727	4.3122e-05	0.061127	supercritical
788.36	112.00	52.991	0.018871	543.50	754.85	6.1246	0.79479	1.0683	541.70	-0.010854	4.3156e-05	0.061184	supercritical
789.36	112.00	52.925	0.018895	544.30	755.92	6.1260	0.79500	1.0685	542.01	-0.010980	4.3191e-05	0.061242	supercritical
790.36	112.00	52.858	0.018919	545.10	756.99	6.1273	0.79521	1.0686	542.31	-0.011106	4.3226e-05	0.061299	supercritical
791.36	112.00	52.792	0.018942	545.91	758.06	6.1287	0.79542	1.0688	542.62	-0.011231	4.3260e-05	0.061356	supercritical
792.36	112.00	52.726	0.018966	546.71	759.13	6.1300	0.79563	1.0690	542.93	-0.011356	4.3295e-05	0.061413	supercritical
793.36	112.00	52.660	0.018990	547.51	760.20	6.1314	0.79584	1.0692	543.24	-0.011481	4.3330e-05	0.061471	supercritical
794.36	112.00	52.594	0.019014	548.31	761.27	6.1327	0.79605	1.0693	543.55	-0.011605	4.3364e-05	0.061528	supercritical
795.36	112.00	52.528	0.019037	549.12	762.34	6.1341	0.79625	1.0695	543.86	-0.011728	4.3399e-05	0.061585	supercritical
796.36	112.00	52.462	0.019061	549.92	763.41	6.1354	0.79646	1.0697	544.16	-0.011852	4.3433e-05	0.061642	supercritical
797.36	112.00	52.397	0.019085	550.72	764.48	6.1368	0.79667	1.0698	544.47	-0.011975	4.3468e-05	0.061699	supercritical
798.36	112.00	52.332	0.019109	551.53	765.55	6.1381	0.79688	1.0700	544.78	-0.012097	4.3502e-05	0.061757	supercritical
799.36	112.00	52.267	0.019133	552.33	766.62	6.1394	0.79708	1.0702	545.09	-0.012219	4.3537e-05	0.061814	supercritical
800.36	112.00	52.202	0.019156	553.13	767.69	6.1408	0.79729	1.0703	545.39	-0.012341	4.3571e-05	0.061871	supercritical
801.36	112.00	52.137	0.019180	553.94	768.76	6.1421	0.79750	1.0705	545.70	-0.012463	4.3606e-05	0.061928	supercritical
802.36	112.00	52.073	0.019204	554.74	769.83	6.1435	0.79770	1.0707	546.01	-0.012584	4.3640e-05	0.061985	supercritical
803.36	112.00	52.008	0.019228	555.55	770.90	6.1448	0.79791	1.0708	546.31	-0.012704	4.3675e-05	0.062042	supercritical
804.36	112.00	51.944	0.019251	556.35	771.97	6.1461	0.79811	1.0710	546.62	-0.012825	4.3709e-05	0.062099	supercritical
805.36	112.00	51.880	0.019275	557.16	773.04	6.1475	0.79832	1.0712	546.93	-0.012944	4.3743e-05	0.062156	supercritical
806.36	112.00	51.816	0.019299	557.96	774.11	6.1488	0.79852	1.0713	547.23	-0.013064	4.3778e-05	0.062213	supercritical
807.36	112.00	51.753	0.019323	558.77	775.18	6.1501	0.79872	1.0715	547.54	-0.013183	4.3812e-05	0.062270	supercritical
808.36	112.00	51.689	0.019346	559.57	776.25	6.1514	0.79893	1.0717	547.84	-0.013302	4.3846e-05	0.062327	supercritical
809.36	112.00	51.626	0.019370	560.38	777.33	6.1528	0.79913	1.0718	548.15	-0.013420	4.3881e-05	0.062384	supercritical
810.36	112.00	51.562	0.019394	561.18	778.40	6.1541	0.79933	1.0720	548.45	-0.013538	4.3915e-05	0.062441	supercritical
811.36	112.00	51.499	0.019418	561.99	779.47	6.1554	0.79954	1.0722	548.76	-0.013656	4.3949e-05	0.062498	supercritical
812.36	112.00	51.436	0.019441	562.80	780.54	6.1567	0.79974	1.0723	549.06	-0.013773	4.3983e-05	0.062555	supercritical
813.36	112.00	51.374	0.019465	563.60	781.61	6.1581	0.79994	1.0725	549.37	-0.013890	4.4018e-05	0.062612	supercritical
814.36	112.00	51.311	0.019489	564.41	782.69	6.1594	0.80014	1.0726	549.67	-0.014006	4.4052e-05	0.062669	supercritical
815.36	112.00	51.249	0.019513	565.22	783.76	6.1607	0.80034	1.0728	549.98	-0.014122	4.4086e-05	0.062726	supercritical
816.36	112.00	51.186	0.019536	566.02	784.83	6.1620	0.80054	1.0730	550.28	-0.014238	4.4120e-05	0.062783	supercritical
817.36	112.00	51.124	0.019560	566.83	785.91	6.1633	0.80074	1.0731	550.58	-0.014353	4.4155e-05	0.062840	supercritical
818.36	112.00	51.062	0.019584	567.64	786.98	6.1646	0.80094	1.0733	550.89	-0.014468	4.4189e-05	0.062897	supercritical
819.36	112.00	51.000	0.019608	568.45	788.05	6.1659	0.80114	1.0735	551.19	-0.014583	4.4223e-05	0.062954	supercritical
820.36	112.00	50.939	0.019631	569.25	789.13	6.1672	0.80134	1.0736	551.49	-0.014697	4.4257e-05	0.063010	supercritical
821.36	112.00	50.877	0.019655	570.06	790.20	6.1686	0.80154	1.0738	551.80	-0.014811	4.4291e-05	0.063067	supercritical
822.36	112.00	50.816	0.019679	570.87	791.27	6.1699	0.80174	1.0740	552.10	-0.014925	4.4325e-05	0.063124	supercritical
823.36	112.00	50.755	0.019703	571.68	792.35	6.1712	0.80193	1.0741	552.40	-0.015038	4.4359e-05	0.063181	supercritical
824.36	112.00	50.694	0.019726	572.49	793.42	6.1725	0.80213	1.0743	552.70	-0.015151	4.4393e-05	0.063238	supercritical
825.36	112.00	50.633	0.019750	573.29	794.50	6.1738	0.80233	1.0744	553.01	-0.015264	4.4427e-05	0.063294	supercritical
826.36	112.00	50.572	0.019774	574.10	795.57	6.1751	0.80253	1.0746	553.31	-0.015376	4.4461e-05	0.063351	supercritical
827.36	112.00	50.511	0.019798	574.91	796.64	6.1764	0.80272	1.0748	553.61	-0.015488	4.4495e-05	0.063408	supercritical
828.36	112.00	50.451	0.019821	575.72	797.72	6.1777	0.80292	1.0749	553.91	-0.015599	4.4529e-05	0.063465	supercritical
829.36	112.00	50.391	0.019845	576.53	798.79	6.1790	0.80311	1.0751	554.21	-0.015710	4.4563e-05	0.063521	supercritical
830.36	112.00	50.330	0.019869	577.34	799.87	6.1803	0.80331	1.0752	554.51	-0.015821	4.4597e-05	0.063578	supercritical
831.36	112.00	50.270	0.019892	578.15	800.95	6.1816	0.80350	1.0754	554.82	-0.015931	4.4631e-05	0.063635	supercritical
832.36	112.00	50.210	0.019916	578.96	802.02	6.1829	0.80370	1.0756	555.12	-0.016042	4.4665e-05	0.063691	supercritical
833.36	112.00	50.151	0.019940	579.77	803.10	6.1841	0.80389	1.0757	555.42	-0.016151	4.4699e-05	0.063748	supercritical
834.36	112.00	50.091	0.019964	580.58	804.17	6.1854	0.80409	1.0759	555.72	-0.016261	4.4733e-05	0.063805	supercritical
835.36	112.00	50.032	0.019987	581.39	805.25	6.1867	0.80428	1.0760	556.02	-0.016370	4.4767e-05	0.063861	supercritical
836.36	112.00	49.972	0.020011	582.20	806.32	6.1880	0.80447	1.0762	556.32	-0.016479	4.4801e-05	0.063918	supercritical
837.36	112.00	49.913	0.020035	583.01	807.40	6.1893	0.80467	1.0764	556.62	-0.016587	4.4835e-05	0.063975	supercritical
838.36	112.00	49.854	0.020058	583.82	808.48	6.1906	0.80486	1.0765	556.92	-0.016695	4.4868e-05	0.064031	supercritical
839.36	112.00	49.795	0.020082	584.63	809.55	6.1919	0.80505	1.0767	557.22	-0.016803	4.4902e-05	0.064088	supercritical
840.36	112.00	49.737	0.020106	585.44	810.63	6.1931	0.80524	1.0768	557.52	-0.016910	4.4936e-05	0.064144	supercritical
841.36	112.00	49.678	0.020130	586.26	811.71	6.1944	0.80543	1.0770	557.82	-0.017018	4.4970e-05	0.064201	supercritical
842.36	112.00	49.620	0.020153	587.07	812.78	6.1957	0.80563	1.0772	558.12	-0.017124	4.5003e-05	0.064257	supercritical
843.36	112.00	49.561	0.020177	587.88	813.86	6.1970	0.80582	1.0773	558.42	-0.017231	4.5037e-05	0.064314	supercritical
844.36	112.00	49.503	0.020201	588.69	814.94	6.1983	0.80601	1.0775	558.71	-0.017337	4.5071e-05	0.064370	supercritical
845.36	112.00	49.445	0.020224	589.50	816.02	6.1995	0.80620	1.0776	559.01	-0.017443	4.5105e-05	0.064427	supercritical
846.36	112.00	49.387	0.020248	590.32	817.09	6.2008	0.80639	1.0778	559.31	-0.017548	4.5138e-05	0.064483	supercritical
847.36	112.00	49.330	0.020272	591.13	818.17	6.2021	0.80658	1.0779	559.61	-0.017654	4.5172e-05	0.064540	supercritical
848.36	112.00	49.272	0.020295	591.94	819.25	6.2034	0.80676	1.0781	559.91	-0.017758	4.5206e-05	0.064596	supercritical
849.36	112.00	49.215	0.020319	592.75	820.33	6.2046	0.80695	1.0783	560.21	-0.017863	4.5239e-05	0.064653	supercritical
850.36	112.00	49.157	0.020343	593.57	821.41	6.2059	0.80714	1.0784	560.50	-0.017967	4.5273e-05	0.064709	supercritical
851.36	112.00	49.100	0.020367	594.38	822.48	6.2072	0.80733	1.0786	560.80	-0.018071	4.5307e-05	0.064766	supercritical
852.36	112.00	49.043	0.020390	595.19	823.56	6.2084	0.80752	1.0787	561.10	-0.018175	4.5340e-05	0.064822	supercritical
853.36	112.00	48.986	0.020414	596.01	824.64	6.2097	0.80770	1.0789	561.40	-0.018278	4.5374e-05	0.064878	supercritical
854.36	112.00	48.929	0.020438	596.82	825.72	6.2110	0.80789	1.0790	561.69	-0.018381	4.5407e-05	0.064935	supercritical
855.36	112.00	48.873	0.020461	597.63	826.80	6.2122	0.80808	1.0792	561.99	-0.018484	4.5441e-05	0.064991	supercritical
856.36	112.00	48.816	0.020485	598.45	827.88	6.2135	0.80826	1.0793	562.29	-0.018586	4.5474e-05	0.065048	supercritical
857.36	112.00	48.760	0.020509	599.26	828.96	6.2147	0.80845	1.0795	562.58	-0.018688	4.5508e-05	0.065104	supercritical
858.36	112.00	48.704	0.020532	600.08	830.04	6.2160	0.80863	1.0797	562.88	-0.018790	4.5541e-05	0.065160	supercritical
859.36	112.00	48.647	0.020556	600.89	831.12	6.2173	0.80882	1.0798	563.18	-0.018891	4.5575e-05	0.065217	supercritical
860.36	112.00	48.591	0.020580	601.70	832.20	6.2185	0.80900	1.0800	563.47	-0.018992	4.5608e-05	0.065273	supercritical
861.36	112.00	48.536	0.020603	602.52	833.28	6.2198	0.80919	1.0801	563.77	-0.019093	4.5642e-05	0.065329	supercritical
862.36	112.00	48.480	0.020627	603.33	834.36	6.2210	0.80937	1.0803	564.06	-0.019194	4.5675e-05	0.065385	supercritical
863.36	112.00	48.424	0.020651	604.15	835.44	6.2223	0.80956	1.0804	564.36	-0.019294	4.5709e-05	0.065442	supercritical
864.36	112.00	48.369	0.020674	604.97	836.52	6.2235	0.80974	1.0806	564.65	-0.019394	4.5742e-05	0.065498	supercritical
865.36	112.00	48.313	0.020698	605.78	837.60	6.2248	0.80992	1.0807	564.95	-0.019494	4.5776e-05	0.065554	supercritical
866.36	112.00	48.258	0.020722	606.60	838.68	6.2260	0.81010	1.0809	565.24	-0.019593	4.5809e-05	0.065610	supercritical
867.36	112.00	48.203	0.020746	607.41	839.76	6.2273	0.81029	1.0810	565.54	-0.019692	4.5842e-05	0.065667	supercritical
868.36	112.00	48.148	0.020769	608.23	840.84	6.2285	0.81047	1.0812	565.83	-0.019791	4.5876e-05	0.065723	supercritical
869.36	112.00	48.093	0.020793	609.04	841.92	6.2298	0.81065	1.0813	566.13	-0.019889	4.5909e-05	0.065779	supercritical
870.36	112.00	48.039	0.020817	609.86	843.01	6.2310	0.81083	1.0815	566.42	-0.019988	4.5942e-05	0.065835	supercritical
871.36	112.00	47.984	0.020840	610.68	844.09	6.2322	0.81101	1.0816	566.72	-0.020086	4.5976e-05	0.065891	supercritical
872.36	112.00	47.930	0.020864	611.49	845.17	6.2335	0.81119	1.0818	567.01	-0.020183	4.6009e-05	0.065947	supercritical
873.36	112.00	47.875	0.020888	612.31	846.25	6.2347	0.81137	1.0819	567.31	-0.020280	4.6042e-05	0.066003	supercritical
874.36	112.00	47.821	0.020911	613.13	847.33	6.2360	0.81155	1.0821	567.60	-0.020378	4.6075e-05	0.066060	supercritical
875.36	112.00	47.767	0.020935	613.94	848.42	6.2372	0.81173	1.0822	567.89	-0.020474	4.6109e-05	0.066116	supercritical
876.36	112.00	47.713	0.020959	614.76	849.50	6.2384	0.81191	1.0824	568.19	-0.020571	4.6142e-05	0.066172	supercritical
877.36	112.00	47.660	0.020982	615.58	850.58	6.2397	0.81209	1.0825	568.48	-0.020667	4.6175e-05	0.066228	supercritical
878.36	112.00	47.606	0.021006	616.40	851.66	6.2409	0.81227	1.0827	568.77	-0.020763	4.6208e-05	0.066284	supercritical
879.36	112.00	47.552	0.021029	617.21	852.75	6.2421	0.81245	1.0828	569.07	-0.020859	4.6242e-05	0.066340	supercritical
880.36	112.00	47.499	0.021053	618.03	853.83	6.2434	0.81263	1.0830	569.36	-0.020954	4.6275e-05	0.066396	supercritical
881.36	112.00	47.446	0.021077	618.85	854.91	6.2446	0.81280	1.0831	569.65	-0.021049	4.6308e-05	0.066452	supercritical
882.36	112.00	47.392	0.021100	619.67	855.99	6.2458	0.81298	1.0833	569.94	-0.021144	4.6341e-05	0.066508	supercritical
883.36	112.00	47.339	0.021124	620.49	857.08	6.2470	0.81316	1.0834	570.23	-0.021238	4.6374e-05	0.066564	supercritical
884.36	112.00	47.286	0.021148	621.31	858.16	6.2483	0.81334	1.0836	570.53	-0.021333	4.6407e-05	0.066620	supercritical
885.36	112.00	47.234	0.021171	622.13	859.24	6.2495	0.81351	1.0837	570.82	-0.021427	4.6440e-05	0.066676	supercritical
886.36	112.00	47.181	0.021195	622.94	860.33	6.2507	0.81369	1.0839	571.11	-0.021520	4.6473e-05	0.066732	supercritical
887.36	112.00	47.128	0.021219	623.76	861.41	6.2519	0.81386	1.0840	571.40	-0.021614	4.6506e-05	0.066788	supercritical
888.36	112.00	47.076	0.021242	624.58	862.50	6.2532	0.81404	1.0842	571.69	-0.021707	4.6539e-05	0.066844	supercritical
889.36	112.00	47.023	0.021266	625.40	863.58	6.2544	0.81421	1.0843	571.98	-0.021800	4.6573e-05	0.066900	supercritical
890.36	112.00	46.971	0.021290	626.22	864.67	6.2556	0.81439	1.0845	572.28	-0.021892	4.6606e-05	0.066956	supercritical
891.36	112.00	46.919	0.021313	627.04	865.75	6.2568	0.81456	1.0846	572.57	-0.021985	4.6639e-05	0.067011	supercritical
892.36	112.00	46.867	0.021337	627.86	866.83	6.2580	0.81474	1.0848	572.86	-0.022077	4.6672e-05	0.067067	supercritical
893.36	112.00	46.815	0.021361	628.68	867.92	6.2593	0.81491	1.0849	573.15	-0.022169	4.6705e-05	0.067123	supercritical
894.36	112.00	46.763	0.021384	629.50	869.00	6.2605	0.81508	1.0851	573.44	-0.022260	4.6737e-05	0.067179	supercritical
895.36	112.00	46.712	0.021408	630.32	870.09	6.2617	0.81526	1.0852	573.73	-0.022352	4.6770e-05	0.067235	supercritical
896.36	112.00	46.660	0.021431	631.14	871.18	6.2629	0.81543	1.0854	574.02	-0.022443	4.6803e-05	0.067291	supercritical
897.36	112.00	46.609	0.021455	631.96	872.26	6.2641	0.81560	1.0855	574.31	-0.022533	4.6836e-05	0.067347	supercritical
898.36	112.00	46.558	0.021479	632.78	873.35	6.2653	0.81577	1.0857	574.60	-0.022624	4.6869e-05	0.067402	supercritical
899.36	112.00	46.506	0.021502	633.60	874.43	6.2665	0.81595	1.0858	574.89	-0.022714	4.6902e-05	0.067458	supercritical
900.36	112.00	46.455	0.021526	634.43	875.52	6.2677	0.81612	1.0859	575.18	-0.022804	4.6935e-05	0.067514	supercritical
901.36	112.00	46.404	0.021550	635.25	876.60	6.2689	0.81629	1.0861	575.47	-0.022894	4.6968e-05	0.067570	supercritical
902.36	112.00	46.354	0.021573	636.07	877.69	6.2701	0.81646	1.0862	575.76	-0.022983	4.7001e-05	0.067625	supercritical
903.36	112.00	46.303	0.021597	636.89	878.78	6.2713	0.81663	1.0864	576.05	-0.023073	4.7033e-05	0.067681	supercritical
904.36	112.00	46.252	0.021621	637.71	879.86	6.2725	0.81680	1.0865	576.33	-0.023162	4.7066e-05	0.067737	supercritical
905.36	112.00	46.202	0.021644	638.53	880.95	6.2737	0.81697	1.0867	576.62	-0.023250	4.7099e-05	0.067793	supercritical
906.36	112.00	46.151	0.021668	639.36	882.04	6.2749	0.81714	1.0868	576.91	-0.023339	4.7132e-05	0.067848	supercritical
907.36	112.00	46.101	0.021691	640.18	883.12	6.2761	0.81731	1.0870	577.20	-0.023427	4.7165e-05	0.067904	supercritical
908.36	112.00	46.051	0.021715	641.00	884.21	6.2773	0.81748	1.0871	577.49	-0.023515	4.7197e-05	0.067960	supercritical
909.36	112.00	46.001	0.021739	641.82	885.30	6.2785	0.81765	1.0872	577.78	-0.023603	4.7230e-05	0.068015	supercritical
910.36	112.00	45.951	0.021762	642.65	886.38	6.2797	0.81782	1.0874	578.06	-0.023690	4.7263e-05	0.068071	supercritical
911.36	112.00	45.901	0.021786	643.47	887.47	6.2809	0.81798	1.0875	578.35	-0.023778	4.7296e-05	0.068127	supercritical
912.36	112.00	45.851	0.021810	644.29	888.56	6.2821	0.81815	1.0877	578.64	-0.023865	4.7328e-05	0.068182	supercritical
913.36	112.00	45.802	0.021833	645.12	889.65	6.2833	0.81832	1.0878	578.93	-0.023951	4.7361e-05	0.068238	supercritical
914.36	112.00	45.752	0.021857	645.94	890.74	6.2845	0.81849	1.0880	579.21	-0.024038	4.7394e-05	0.068293	supercritical
915.36	112.00	45.703	0.021880	646.76	891.82	6.2857	0.81865	1.0881	579.50	-0.024124	4.7426e-05	0.068349	supercritical
916.36	112.00	45.654	0.021904	647.59	892.91	6.2869	0.81882	1.0882	579.79	-0.024210	4.7459e-05	0.068405	supercritical
917.36	112.00	45.605	0.021928	648.41	894.00	6.2881	0.81899	1.0884	580.07	-0.024296	4.7491e-05	0.068460	supercritical
918.36	112.00	45.555	0.021951	649.23	895.09	6.2892	0.81915	1.0885	580.36	-0.024382	4.7524e-05	0.068516	supercritical
919.36	112.00	45.507	0.021975	650.06	896.18	6.2904	0.81932	1.0887	580.65	-0.024467	4.7557e-05	0.068571	supercritical
920.36	112.00	45.458	0.021998	650.88	897.27	6.2916	0.81948	1.0888	580.93	-0.024552	4.7589e-05	0.068627	supercritical
921.36	112.00	45.409	0.022022	651.71	898.35	6.2928	0.81965	1.0889	581.22	-0.024637	4.7622e-05	0.068682	supercritical
922.36	112.00	45.360	0.022046	652.53	899.44	6.2940	0.81981	1.0891	581.51	-0.024721	4.7654e-05	0.068738	supercritical
923.36	112.00	45.312	0.022069	653.36	900.53	6.2952	0.81998	1.0892	581.79	-0.024806	4.7687e-05	0.068793	supercritical
924.36	112.00	45.263	0.022093	654.18	901.62	6.2963	0.82014	1.0894	582.08	-0.024890	4.7719e-05	0.068849	supercritical
925.36	112.00	45.215	0.022117	655.01	902.71	6.2975	0.82030	1.0895	582.36	-0.024974	4.7752e-05	0.068904	supercritical
926.36	112.00	45.167	0.022140	655.83	903.80	6.2987	0.82047	1.0896	582.65	-0.025058	4.7784e-05	0.068960	supercritical
927.36	112.00	45.119	0.022164	656.66	904.89	6.2999	0.82063	1.0898	582.93	-0.025141	4.7817e-05	0.069015	supercritical
928.36	112.00	45.071	0.022187	657.48	905.98	6.3010	0.82079	1.0899	583.22	-0.025224	4.7849e-05	0.069071	supercritical
929.36	112.00	45.023	0.022211	658.31	907.07	6.3022	0.82096	1.0901	583.50	-0.025307	4.7882e-05	0.069126	supercritical
930.36	112.00	44.975	0.022235	659.13	908.16	6.3034	0.82112	1.0902	583.79	-0.025390	4.7914e-05	0.069181	supercritical
931.36	112.00	44.927	0.022258	659.96	909.25	6.3046	0.82128	1.0903	584.07	-0.025472	4.7947e-05	0.069237	supercritical
932.36	112.00	44.880	0.022282	660.79	910.34	6.3057	0.82144	1.0905	584.36	-0.025555	4.7979e-05	0.069292	supercritical
933.36	112.00	44.832	0.022305	661.61	911.43	6.3069	0.82160	1.0906	584.64	-0.025637	4.8012e-05	0.069347	supercritical
934.36	112.00	44.785	0.022329	662.44	912.52	6.3081	0.82177	1.0908	584.93	-0.025719	4.8044e-05	0.069403	supercritical
935.36	112.00	44.738	0.022353	663.26	913.61	6.3092	0.82193	1.0909	585.21	-0.025800	4.8076e-05	0.069458	supercritical
936.36	112.00	44.690	0.022376	664.09	914.70	6.3104	0.82209	1.0910	585.50	-0.025882	4.8109e-05	0.069513	supercritical
937.36	112.00	44.643	0.022400	664.92	915.80	6.3116	0.82225	1.0912	585.78	-0.025963	4.8141e-05	0.069569	supercritical
938.36	112.00	44.596	0.022423	665.75	916.89	6.3127	0.82241	1.0913	586.06	-0.026044	4.8173e-05	0.069624	supercritical
939.36	112.00	44.550	0.022447	666.57	917.98	6.3139	0.82257	1.0914	586.35	-0.026124	4.8206e-05	0.069679	supercritical
940.36	112.00	44.503	0.022471	667.40	919.07	6.3151	0.82273	1.0916	586.63	-0.026205	4.8238e-05	0.069735	supercritical
941.36	112.00	44.456	0.022494	668.23	920.16	6.3162	0.82289	1.0917	586.91	-0.026285	4.8270e-05	0.069790	supercritical
942.36	112.00	44.410	0.022518	669.05	921.25	6.3174	0.82304	1.0918	587.20	-0.026365	4.8303e-05	0.069845	supercritical
943.36	112.00	44.363	0.022541	669.88	922.34	6.3185	0.82320	1.0920	587.48	-0.026445	4.8335e-05	0.069900	supercritical
944.36	112.00	44.317	0.022565	670.71	923.44	6.3197	0.82336	1.0921	587.76	-0.026525	4.8367e-05	0.069956	supercritical
945.36	112.00	44.270	0.022588	671.54	924.53	6.3208	0.82352	1.0923	588.04	-0.026604	4.8399e-05	0.070011	supercritical
946.36	112.00	44.224	0.022612	672.37	925.62	6.3220	0.82368	1.0924	588.33	-0.026683	4.8432e-05	0.070066	supercritical
947.36	112.00	44.178	0.022636	673.19	926.71	6.3231	0.82383	1.0925	588.61	-0.026762	4.8464e-05	0.070121	supercritical
948.36	112.00	44.132	0.022659	674.02	927.81	6.3243	0.82399	1.0927	588.89	-0.026841	4.8496e-05	0.070176	supercritical
949.36	112.00	44.086	0.022683	674.85	928.90	6.3255	0.82415	1.0928	589.17	-0.026920	4.8528e-05	0.070232	supercritical
950.36	112.00	44.040	0.022706	675.68	929.99	6.3266	0.82430	1.0929	589.46	-0.026998	4.8560e-05	0.070287	supercritical
951.36	112.00	43.995	0.022730	676.51	931.08	6.3278	0.82446	1.0931	589.74	-0.027076	4.8592e-05	0.070342	supercritical
952.36	112.00	43.949	0.022754	677.34	932.18	6.3289	0.82462	1.0932	590.02	-0.027154	4.8625e-05	0.070397	supercritical
953.36	112.00	43.904	0.022777	678.17	933.27	6.3300	0.82477	1.0933	590.30	-0.027232	4.8657e-05	0.070452	supercritical
954.36	112.00	43.858	0.022801	679.00	934.36	6.3312	0.82493	1.0935	590.58	-0.027310	4.8689e-05	0.070507	supercritical
955.36	112.00	43.813	0.022824	679.83	935.46	6.3323	0.82508	1.0936	590.86	-0.027387	4.8721e-05	0.070562	supercritical
956.36	112.00	43.768	0.022848	680.66	936.55	6.3335	0.82524	1.0937	591.14	-0.027464	4.8753e-05	0.070618	supercritical
957.36	112.00	43.723	0.022871	681.49	937.65	6.3346	0.82539	1.0939	591.43	-0.027541	4.8785e-05	0.070673	supercritical
958.36	112.00	43.678	0.022895	682.32	938.74	6.3358	0.82555	1.0940	591.71	-0.027618	4.8817e-05	0.070728	supercritical
959.36	112.00	43.633	0.022919	683.15	939.83	6.3369	0.82570	1.0941	591.99	-0.027694	4.8849e-05	0.070783	supercritical
960.36	112.00	43.588	0.022942	683.98	940.93	6.3381	0.82585	1.0943	592.27	-0.027770	4.8881e-05	0.070838	supercritical
961.36	112.00	43.543	0.022966	684.81	942.02	6.3392	0.82601	1.0944	592.55	-0.027846	4.8913e-05	0.070893	supercritical
962.36	112.00	43.499	0.022989	685.64	943.12	6.3403	0.82616	1.0945	592.83	-0.027922	4.8945e-05	0.070948	supercritical
963.36	112.00	43.454	0.023013	686.47	944.21	6.3415	0.82631	1.0947	593.11	-0.027998	4.8977e-05	0.071003	supercritical
964.36	112.00	43.410	0.023036	687.30	945.31	6.3426	0.82647	1.0948	593.39	-0.028073	4.9009e-05	0.071058	supercritical
965.36	112.00	43.365	0.023060	688.13	946.40	6.3437	0.82662	1.0949	593.67	-0.028149	4.9041e-05	0.071113	supercritical
966.36	112.00	43.321	0.023084	688.96	947.50	6.3449	0.82677	1.0951	593.95	-0.028224	4.9073e-05	0.071168	supercritical
967.36	112.00	43.277	0.023107	689.79	948.59	6.3460	0.82692	1.0952	594.23	-0.028299	4.9105e-05	0.071223	supercritical
968.36	112.00	43.233	0.023131	690.62	949.69	6.3471	0.82707	1.0953	594.51	-0.028373	4.9137e-05	0.071278	supercritical
969.36	112.00	43.189	0.023154	691.45	950.78	6.3483	0.82723	1.0954	594.79	-0.028448	4.9169e-05	0.071333	supercritical
970.36	112.00	43.145	0.023178	692.29	951.88	6.3494	0.82738	1.0956	595.06	-0.028522	4.9201e-05	0.071387	supercritical
971.36	112.00	43.101	0.023201	693.12	952.97	6.3505	0.82753	1.0957	595.34	-0.028596	4.9233e-05	0.071442	supercritical
972.36	112.00	43.057	0.023225	693.95	954.07	6.3516	0.82768	1.0958	595.62	-0.028670	4.9265e-05	0.071497	supercritical
973.36	112.00	43.013	0.023249	694.78	955.16	6.3528	0.82783	1.0960	595.90	-0.028744	4.9297e-05	0.071552	supercritical
974.36	112.00	42.970	0.023272	695.61	956.26	6.3539	0.82798	1.0961	596.18	-0.028817	4.9328e-05	0.071607	supercritical
975.36	112.00	42.926	0.023296	696.45	957.36	6.3550	0.82813	1.0962	596.46	-0.028890	4.9360e-05	0.071662	supercritical
976.36	112.00	42.883	0.023319	697.28	958.45	6.3561	0.82828	1.0964	596.74	-0.028964	4.9392e-05	0.071717	supercritical
977.36	112.00	42.840	0.023343	698.11	959.55	6.3573	0.82843	1.0965	597.01	-0.029037	4.9424e-05	0.071772	supercritical
978.36	112.00	42.797	0.023366	698.94	960.65	6.3584	0.82858	1.0966	597.29	-0.029109	4.9456e-05	0.071826	supercritical
979.36	112.00	42.754	0.023390	699.78	961.74	6.3595	0.82872	1.0967	597.57	-0.029182	4.9487e-05	0.071881	supercritical
980.36	112.00	42.711	0.023413	700.61	962.84	6.3606	0.82887	1.0969	597.85	-0.029254	4.9519e-05	0.071936	supercritical
981.36	112.00	42.668	0.023437	701.44	963.94	6.3618	0.82902	1.0970	598.13	-0.029326	4.9551e-05	0.071991	supercritical
982.36	112.00	42.625	0.023461	702.28	965.03	6.3629	0.82917	1.0971	598.40	-0.029398	4.9583e-05	0.072046	supercritical
983.36	112.00	42.582	0.023484	703.11	966.13	6.3640	0.82932	1.0973	598.68	-0.029470	4.9615e-05	0.072100	supercritical
984.36	112.00	42.539	0.023508	703.94	967.23	6.3651	0.82946	1.0974	598.96	-0.029542	4.9646e-05	0.072155	supercritical
985.36	112.00	42.497	0.023531	704.78	968.33	6.3662	0.82961	1.0975	599.23	-0.029613	4.9678e-05	0.072210	supercritical
986.36	112.00	42.454	0.023555	705.61	969.42	6.3673	0.82976	1.0976	599.51	-0.029684	4.9710e-05	0.072265	supercritical
987.36	112.00	42.412	0.023578	706.44	970.52	6.3684	0.82990	1.0978	599.79	-0.029755	4.9741e-05	0.072319	supercritical
988.36	112.00	42.370	0.023602	707.28	971.62	6.3696	0.83005	1.0979	600.06	-0.029826	4.9773e-05	0.072374	supercritical
989.36	112.00	42.327	0.023625	708.11	972.72	6.3707	0.83020	1.0980	600.34	-0.029897	4.9805e-05	0.072429	supercritical
990.36	112.00	42.285	0.023649	708.95	973.81	6.3718	0.83034	1.0982	600.62	-0.029967	4.9836e-05	0.072484	supercritical
991.36	112.00	42.243	0.023672	709.78	974.91	6.3729	0.83049	1.0983	600.89	-0.030038	4.9868e-05	0.072538	supercritical
992.36	112.00	42.201	0.023696	710.62	976.01	6.3740	0.83063	1.0984	601.17	-0.030108	4.9900e-05	0.072593	supercritical
993.36	112.00	42.159	0.023720	711.45	977.11	6.3751	0.83078	1.0985	601.44	-0.030178	4.9931e-05	0.072648	supercritical
994.36	112.00	42.117	0.023743	712.29	978.21	6.3762	0.83092	1.0987	601.72	-0.030248	4.9963e-05	0.072702	supercritical
995.36	112.00	42.076	0.023767	713.12	979.31	6.3773	0.83107	1.0988	602.00	-0.030317	4.9994e-05	0.072757	supercritical
996.36	112.00	42.034	0.023790	713.96	980.41	6.3784	0.83121	1.0989	602.27	-0.030387	5.0026e-05	0.072811	supercritical
997.36	112.00	41.993	0.023814	714.79	981.50	6.3795	0.83135	1.0990	602.55	-0.030456	5.0058e-05	0.072866	supercritical
998.36	112.00	41.951	0.023837	715.63	982.60	6.3806	0.83150	1.0992	602.82	-0.030525	5.0089e-05	0.072921	supercritical
999.36	112.00	41.910	0.023861	716.46	983.70	6.3817	0.83164	1.0993	603.10	-0.030594	5.0121e-05	0.072975	supercritical
1000.4	112.00	41.868	0.023884	717.30	984.80	6.3828	0.83179	1.0994	603.37	-0.030662	5.0152e-05	0.073030	supercritical
1001.4	112.00	41.827	0.023908	718.13	985.90	6.3839	0.83193	1.0995	603.65	-0.030731	5.0184e-05	0.073084	supercritical
1002.4	112.00	41.786	0.023931	718.97	987.00	6.3850	0.83207	1.0997	603.92	-0.030799	5.0215e-05	0.073139	supercritical
1003.4	112.00	41.745	0.023955	719.81	988.10	6.3861	0.83221	1.0998	604.20	-0.030867	5.0247e-05	0.073194	supercritical
1004.4	112.00	41.704	0.023979	720.64	989.20	6.3872	0.83236	1.0999	604.47	-0.030935	5.0278e-05	0.073248	supercritical
1005.4	112.00	41.663	0.024002	721.48	990.30	6.3883	0.83250	1.1000	604.75	-0.031003	5.0310e-05	0.073303	supercritical
1006.4	112.00	41.622	0.024026	722.31	991.40	6.3894	0.83264	1.1002	605.02	-0.031071	5.0341e-05	0.073357	supercritical
1007.4	112.00	41.582	0.024049	723.15	992.50	6.3905	0.83278	1.1003	605.29	-0.031138	5.0373e-05	0.073412	supercritical
1008.4	112.00	41.541	0.024073	723.99	993.60	6.3916	0.83292	1.1004	605.57	-0.031206	5.0404e-05	0.073466	supercritical
1009.4	112.00	41.500	0.024096	724.82	994.70	6.3927	0.83306	1.1005	605.84	-0.031273	5.0435e-05	0.073521	supercritical
1010.4	112.00	41.460	0.024120	725.66	995.80	6.3938	0.83320	1.1006	606.12	-0.031340	5.0467e-05	0.073575	supercritical
1011.4	112.00	41.419	0.024143	726.50	996.90	6.3948	0.83334	1.1008	606.39	-0.031407	5.0498e-05	0.073630	supercritical
1012.4	112.00	41.379	0.024167	727.34	998.00	6.3959	0.83349	1.1009	606.66	-0.031473	5.0530e-05	0.073684	supercritical
1013.4	112.00	41.339	0.024190	728.17	999.10	6.3970	0.83363	1.1010	606.94	-0.031540	5.0561e-05	0.073738	supercritical
1014.4	112.00	41.299	0.024214	729.01	1000.2	6.3981	0.83377	1.1011	607.21	-0.031606	5.0592e-05	0.073793	supercritical
1015.4	112.00	41.259	0.024237	729.85	1001.3	6.3992	0.83390	1.1013	607.48	-0.031672	5.0624e-05	0.073847	supercritical
1016.4	112.00	41.219	0.024261	730.69	1002.4	6.4003	0.83404	1.1014	607.75	-0.031738	5.0655e-05	0.073902	supercritical
1017.4	112.00	41.179	0.024284	731.52	1003.5	6.4014	0.83418	1.1015	608.03	-0.031804	5.0686e-05	0.073956	supercritical
1018.4	112.00	41.139	0.024308	732.36	1004.6	6.4024	0.83432	1.1016	608.30	-0.031869	5.0718e-05	0.074010	supercritical
1019.4	112.00	41.099	0.024331	733.20	1005.7	6.4035	0.83446	1.1017	608.57	-0.031935	5.0749e-05	0.074065	supercritical
1020.4	112.00	41.059	0.024355	734.04	1006.8	6.4046	0.83460	1.1019	608.84	-0.032000	5.0780e-05	0.074119	supercritical
1021.4	112.00	41.020	0.024379	734.88	1007.9	6.4057	0.83474	1.1020	609.12	-0.032065	5.0811e-05	0.074174	supercritical
1022.4	112.00	40.980	0.024402	735.72	1009.0	6.4068	0.83488	1.1021	609.39	-0.032130	5.0843e-05	0.074228	supercritical
1023.4	112.00	40.941	0.024426	736.56	1010.1	6.4078	0.83501	1.1022	609.66	-0.032195	5.0874e-05	0.074282	supercritical
1024.4	112.00	40.901	0.024449	737.39	1011.2	6.4089	0.83515	1.1023	609.93	-0.032260	5.0905e-05	0.074337	supercritical
1025.4	112.00	40.862	0.024473	738.23	1012.3	6.4100	0.83529	1.1025	610.20	-0.032324	5.0936e-05	0.074391	supercritical
1026.4	112.00	40.823	0.024496	739.07	1013.4	6.4111	0.83542	1.1026	610.48	-0.032389	5.0968e-05	0.074445	supercritical
1027.4	112.00	40.784	0.024520	739.91	1014.5	6.4121	0.83556	1.1027	610.75	-0.032453	5.0999e-05	0.074499	supercritical
1028.4	112.00	40.745	0.024543	740.75	1015.6	6.4132	0.83570	1.1028	611.02	-0.032517	5.1030e-05	0.074554	supercritical
1029.4	112.00	40.706	0.024567	741.59	1016.7	6.4143	0.83583	1.1029	611.29	-0.032581	5.1061e-05	0.074608	supercritical
1030.4	112.00	40.667	0.024590	742.43	1017.8	6.4153	0.83597	1.1031	611.56	-0.032644	5.1092e-05	0.074662	supercritical
1031.4	112.00	40.628	0.024614	743.27	1018.9	6.4164	0.83611	1.1032	611.83	-0.032708	5.1123e-05	0.074716	supercritical
1032.4	112.00	40.589	0.024637	744.11	1020.0	6.4175	0.83624	1.1033	612.10	-0.032771	5.1155e-05	0.074771	supercritical
1033.4	112.00	40.550	0.024661	744.95	1021.1	6.4186	0.83638	1.1034	612.37	-0.032834	5.1186e-05	0.074825	supercritical
1034.4	112.00	40.512	0.024684	745.79	1022.3	6.4196	0.83651	1.1035	612.64	-0.032897	5.1217e-05	0.074879	supercritical
1035.4	112.00	40.473	0.024708	746.63	1023.4	6.4207	0.83665	1.1037	612.91	-0.032960	5.1248e-05	0.074933	supercritical
1036.4	112.00	40.435	0.024731	747.47	1024.5	6.4218	0.83678	1.1038	613.18	-0.033023	5.1279e-05	0.074987	supercritical
1037.4	112.00	40.396	0.024755	748.31	1025.6	6.4228	0.83692	1.1039	613.45	-0.033086	5.1310e-05	0.075042	supercritical
1038.4	112.00	40.358	0.024778	749.15	1026.7	6.4239	0.83705	1.1040	613.73	-0.033148	5.1341e-05	0.075096	supercritical
1039.4	112.00	40.320	0.024802	749.99	1027.8	6.4249	0.83719	1.1041	613.99	-0.033210	5.1372e-05	0.075150	supercritical
1040.4	112.00	40.281	0.024825	750.83	1028.9	6.4260	0.83732	1.1043	614.26	-0.033273	5.1403e-05	0.075204	supercritical
1041.4	112.00	40.243	0.024849	751.67	1030.0	6.4271	0.83745	1.1044	614.53	-0.033334	5.1434e-05	0.075258	supercritical
1042.4	112.00	40.205	0.024872	752.52	1031.1	6.4281	0.83759	1.1045	614.80	-0.033396	5.1465e-05	0.075312	supercritical
1043.4	112.00	40.167	0.024896	753.36	1032.2	6.4292	0.83772	1.1046	615.07	-0.033458	5.1496e-05	0.075367	supercritical
1044.4	112.00	40.129	0.024919	754.20	1033.3	6.4302	0.83785	1.1047	615.34	-0.033519	5.1527e-05	0.075421	supercritical
1045.4	112.00	40.092	0.024943	755.04	1034.4	6.4313	0.83798	1.1048	615.61	-0.033581	5.1558e-05	0.075475	supercritical
1046.4	112.00	40.054	0.024966	755.88	1035.5	6.4324	0.83812	1.1050	615.88	-0.033642	5.1589e-05	0.075529	supercritical
1047.4	112.00	40.016	0.024990	756.72	1036.6	6.4334	0.83825	1.1051	616.15	-0.033703	5.1620e-05	0.075583	supercritical
1048.4	112.00	39.979	0.025013	757.56	1037.7	6.4345	0.83838	1.1052	616.42	-0.033764	5.1651e-05	0.075637	supercritical
1049.4	112.00	39.941	0.025037	758.41	1038.8	6.4355	0.83851	1.1053	616.69	-0.033825	5.1682e-05	0.075691	supercritical
1050.4	112.00	39.904	0.025060	759.25	1039.9	6.4366	0.83865	1.1054	616.96	-0.033885	5.1713e-05	0.075745	supercritical
1051.4	112.00	39.866	0.025084	760.09	1041.0	6.4376	0.83878	1.1055	617.22	-0.033946	5.1744e-05	0.075799	supercritical
1052.4	112.00	39.829	0.025107	760.93	1042.1	6.4387	0.83891	1.1056	617.49	-0.034006	5.1775e-05	0.075853	supercritical
1053.4	112.00	39.792	0.025131	761.78	1043.2	6.4397	0.83904	1.1058	617.76	-0.034066	5.1806e-05	0.075907	supercritical
1054.4	112.00	39.755	0.025154	762.62	1044.3	6.4408	0.83917	1.1059	618.03	-0.034126	5.1837e-05	0.075961	supercritical
1055.4	112.00	39.717	0.025178	763.46	1045.5	6.4418	0.83930	1.1060	618.30	-0.034186	5.1868e-05	0.076015	supercritical
1056.4	112.00	39.680	0.025201	764.30	1046.6	6.4429	0.83943	1.1061	618.56	-0.034246	5.1899e-05	0.076069	supercritical
1057.4	112.00	39.643	0.025225	765.15	1047.7	6.4439	0.83956	1.1062	618.83	-0.034306	5.1929e-05	0.076123	supercritical
1058.4	112.00	39.607	0.025248	765.99	1048.8	6.4450	0.83969	1.1063	619.10	-0.034365	5.1960e-05	0.076177	supercritical
1059.4	112.00	39.570	0.025272	766.83	1049.9	6.4460	0.83982	1.1065	619.37	-0.034424	5.1991e-05	0.076231	supercritical
1060.4	112.00	39.533	0.025295	767.68	1051.0	6.4471	0.83995	1.1066	619.63	-0.034484	5.2022e-05	0.076285	supercritical
1061.4	112.00	39.496	0.025319	768.52	1052.1	6.4481	0.84008	1.1067	619.90	-0.034543	5.2053e-05	0.076339	supercritical
1062.4	112.00	39.460	0.025342	769.36	1053.2	6.4491	0.84021	1.1068	620.17	-0.034601	5.2084e-05	0.076393	supercritical
1063.4	112.00	39.423	0.025366	770.21	1054.3	6.4502	0.84034	1.1069	620.44	-0.034660	5.2114e-05	0.076447	supercritical
1064.4	112.00	39.387	0.025389	771.05	1055.4	6.4512	0.84047	1.1070	620.70	-0.034719	5.2145e-05	0.076501	supercritical
1065.4	112.00	39.350	0.025413	771.90	1056.5	6.4523	0.84059	1.1071	620.97	-0.034777	5.2176e-05	0.076554	supercritical
1066.4	112.00	39.314	0.025436	772.74	1057.6	6.4533	0.84072	1.1073	621.24	-0.034836	5.2207e-05	0.076608	supercritical
1067.4	112.00	39.278	0.025460	773.58	1058.7	6.4543	0.84085	1.1074	621.50	-0.034894	5.2237e-05	0.076662	supercritical
1068.4	112.00	39.241	0.025483	774.43	1059.8	6.4554	0.84098	1.1075	621.77	-0.034952	5.2268e-05	0.076716	supercritical
1069.4	112.00	39.205	0.025507	775.27	1060.9	6.4564	0.84111	1.1076	622.04	-0.035010	5.2299e-05	0.076770	supercritical
1070.4	112.00	39.169	0.025530	776.12	1062.1	6.4575	0.84123	1.1077	622.30	-0.035067	5.2330e-05	0.076824	supercritical
1071.4	112.00	39.133	0.025554	776.96	1063.2	6.4585	0.84136	1.1078	622.57	-0.035125	5.2360e-05	0.076878	supercritical
1072.4	112.00	39.097	0.025577	777.81	1064.3	6.4595	0.84149	1.1079	622.83	-0.035182	5.2391e-05	0.076931	supercritical
1073.4	112.00	39.061	0.025601	778.65	1065.4	6.4606	0.84161	1.1080	623.10	-0.035240	5.2422e-05	0.076985	supercritical
1074.4	112.00	39.026	0.025624	779.50	1066.5	6.4616	0.84174	1.1082	623.36	-0.035297	5.2452e-05	0.077039	supercritical
1075.4	112.00	38.990	0.025648	780.34	1067.6	6.4626	0.84187	1.1083	623.63	-0.035354	5.2483e-05	0.077093	supercritical
1076.4	112.00	38.954	0.025671	781.19	1068.7	6.4636	0.84199	1.1084	623.90	-0.035411	5.2514e-05	0.077146	supercritical
1077.4	112.00	38.919	0.025695	782.03	1069.8	6.4647	0.84212	1.1085	624.16	-0.035468	5.2544e-05	0.077200	supercritical
1078.4	112.00	38.883	0.025718	782.88	1070.9	6.4657	0.84225	1.1086	624.43	-0.035524	5.2575e-05	0.077254	supercritical
1079.4	112.00	38.848	0.025742	783.72	1072.0	6.4667	0.84237	1.1087	624.69	-0.035581	5.2605e-05	0.077308	supercritical
1080.4	112.00	38.812	0.025765	784.57	1073.1	6.4678	0.84250	1.1088	624.96	-0.035637	5.2636e-05	0.077361	supercritical
1081.4	112.00	38.777	0.025789	785.42	1074.2	6.4688	0.84262	1.1089	625.22	-0.035694	5.2667e-05	0.077415	supercritical
1082.4	112.00	38.742	0.025812	786.26	1075.4	6.4698	0.84275	1.1090	625.49	-0.035750	5.2697e-05	0.077469	supercritical
1083.4	112.00	38.706	0.025836	787.11	1076.5	6.4708	0.84287	1.1092	625.75	-0.035806	5.2728e-05	0.077523	supercritical
1084.4	112.00	38.671	0.025859	787.95	1077.6	6.4719	0.84300	1.1093	626.01	-0.035862	5.2758e-05	0.077576	supercritical
1085.4	112.00	38.636	0.025883	788.80	1078.7	6.4729	0.84312	1.1094	626.28	-0.035917	5.2789e-05	0.077630	supercritical
1086.4	112.00	38.601	0.025906	789.65	1079.8	6.4739	0.84325	1.1095	626.54	-0.035973	5.2819e-05	0.077684	supercritical
1087.4	112.00	38.566	0.025929	790.49	1080.9	6.4749	0.84337	1.1096	626.81	-0.036028	5.2850e-05	0.077737	supercritical
1088.4	112.00	38.531	0.025953	791.34	1082.0	6.4759	0.84349	1.1097	627.07	-0.036084	5.2881e-05	0.077791	supercritical
1089.4	112.00	38.496	0.025976	792.19	1083.1	6.4770	0.84362	1.1098	627.33	-0.036139	5.2911e-05	0.077845	supercritical
1090.4	112.00	38.462	0.026000	793.03	1084.2	6.4780	0.84374	1.1099	627.60	-0.036194	5.2942e-05	0.077898	supercritical
1091.4	112.00	38.427	0.026023	793.88	1085.3	6.4790	0.84386	1.1100	627.86	-0.036249	5.2972e-05	0.077952	supercritical
1092.4	112.00	38.392	0.026047	794.73	1086.5	6.4800	0.84399	1.1101	628.13	-0.036304	5.3002e-05	0.078006	supercritical
1093.4	112.00	38.358	0.026070	795.57	1087.6	6.4810	0.84411	1.1103	628.39	-0.036358	5.3033e-05	0.078059	supercritical
1094.4	112.00	38.323	0.026094	796.42	1088.7	6.4820	0.84423	1.1104	628.65	-0.036413	5.3063e-05	0.078113	supercritical
1095.4	112.00	38.289	0.026117	797.27	1089.8	6.4831	0.84435	1.1105	628.92	-0.036467	5.3094e-05	0.078166	supercritical
1096.4	112.00	38.254	0.026141	798.12	1090.9	6.4841	0.84448	1.1106	629.18	-0.036522	5.3124e-05	0.078220	supercritical
1097.4	112.00	38.220	0.026164	798.96	1092.0	6.4851	0.84460	1.1107	629.44	-0.036576	5.3155e-05	0.078273	supercritical
1098.4	112.00	38.186	0.026188	799.81	1093.1	6.4861	0.84472	1.1108	629.70	-0.036630	5.3185e-05	0.078327	supercritical
1099.4	112.00	38.152	0.026211	800.66	1094.2	6.4871	0.84484	1.1109	629.97	-0.036684	5.3216e-05	0.078381	supercritical
1100.4	112.00	38.118	0.026235	801.51	1095.3	6.4881	0.84496	1.1110	630.23	-0.036738	5.3246e-05	0.078434	supercritical
1101.4	112.00	38.083	0.026258	802.36	1096.4	6.4891	0.84509	1.1111	630.49	-0.036791	5.3276e-05	0.078488	supercritical
1102.4	112.00	38.049	0.026282	803.21	1097.6	6.4901	0.84521	1.1112	630.75	-0.036845	5.3307e-05	0.078541	supercritical
1103.4	112.00	38.015	0.026305	804.05	1098.7	6.4911	0.84533	1.1113	631.02	-0.036898	5.3337e-05	0.078595	supercritical
1104.4	112.00	37.982	0.026329	804.90	1099.8	6.4921	0.84545	1.1114	631.28	-0.036952	5.3367e-05	0.078648	supercritical
1105.4	112.00	37.948	0.026352	805.75	1100.9	6.4932	0.84557	1.1116	631.54	-0.037005	5.3398e-05	0.078702	supercritical
1106.4	112.00	37.914	0.026375	806.60	1102.0	6.4942	0.84569	1.1117	631.80	-0.037058	5.3428e-05	0.078755	supercritical
1107.4	112.00	37.880	0.026399	807.45	1103.1	6.4952	0.84581	1.1118	632.06	-0.037111	5.3458e-05	0.078809	supercritical
1108.4	112.00	37.847	0.026422	808.30	1104.2	6.4962	0.84593	1.1119	632.33	-0.037163	5.3489e-05	0.078862	supercritical
1109.4	112.00	37.813	0.026446	809.15	1105.3	6.4972	0.84605	1.1120	632.59	-0.037216	5.3519e-05	0.078915	supercritical
1110.4	112.00	37.780	0.026469	810.00	1106.5	6.4982	0.84617	1.1121	632.85	-0.037269	5.3549e-05	0.078969	supercritical
1111.4	112.00	37.746	0.026493	810.85	1107.6	6.4992	0.84629	1.1122	633.11	-0.037321	5.3579e-05	0.079022	supercritical
1112.4	112.00	37.713	0.026516	811.69	1108.7	6.5002	0.84641	1.1123	633.37	-0.037373	5.3610e-05	0.079076	supercritical
1113.4	112.00	37.679	0.026540	812.54	1109.8	6.5012	0.84653	1.1124	633.63	-0.037426	5.3640e-05	0.079129	supercritical
1114.4	112.00	37.646	0.026563	813.39	1110.9	6.5022	0.84665	1.1125	633.89	-0.037478	5.3670e-05	0.079183	supercritical
1115.4	112.00	37.613	0.026587	814.24	1112.0	6.5032	0.84677	1.1126	634.15	-0.037530	5.3700e-05	0.079236	supercritical
1116.4	112.00	37.580	0.026610	815.09	1113.1	6.5042	0.84688	1.1127	634.42	-0.037581	5.3731e-05	0.079289	supercritical
1117.4	112.00	37.547	0.026634	815.94	1114.2	6.5052	0.84700	1.1128	634.68	-0.037633	5.3761e-05	0.079343	supercritical
1118.4	112.00	37.514	0.026657	816.79	1115.4	6.5062	0.84712	1.1129	634.94	-0.037685	5.3791e-05	0.079396	supercritical
1119.4	112.00	37.481	0.026681	817.64	1116.5	6.5072	0.84724	1.1130	635.20	-0.037736	5.3821e-05	0.079449	supercritical
1120.4	112.00	37.448	0.026704	818.49	1117.6	6.5081	0.84736	1.1131	635.46	-0.037788	5.3852e-05	0.079503	supercritical
1121.4	112.00	37.415	0.026727	819.34	1118.7	6.5091	0.84748	1.1133	635.72	-0.037839	5.3882e-05	0.079556	supercritical
1122.4	112.00	37.382	0.026751	820.20	1119.8	6.5101	0.84759	1.1134	635.98	-0.037890	5.3912e-05	0.079609	supercritical
1123.4	112.00	37.349	0.026774	821.05	1120.9	6.5111	0.84771	1.1135	636.24	-0.037941	5.3942e-05	0.079663	supercritical
1124.4	112.00	37.316	0.026798	821.90	1122.0	6.5121	0.84783	1.1136	636.50	-0.037992	5.3972e-05	0.079716	supercritical
1125.4	112.00	37.284	0.026821	822.75	1123.1	6.5131	0.84794	1.1137	636.76	-0.038043	5.4002e-05	0.079769	supercritical
1126.4	112.00	37.251	0.026845	823.60	1124.3	6.5141	0.84806	1.1138	637.02	-0.038093	5.4032e-05	0.079823	supercritical
1127.4	112.00	37.219	0.026868	824.45	1125.4	6.5151	0.84818	1.1139	637.28	-0.038144	5.4063e-05	0.079876	supercritical
1128.4	112.00	37.186	0.026892	825.30	1126.5	6.5161	0.84829	1.1140	637.54	-0.038194	5.4093e-05	0.079929	supercritical
1129.4	112.00	37.154	0.026915	826.15	1127.6	6.5171	0.84841	1.1141	637.79	-0.038245	5.4123e-05	0.079982	supercritical
1130.4	112.00	37.122	0.026939	827.00	1128.7	6.5180	0.84853	1.1142	638.05	-0.038295	5.4153e-05	0.080036	supercritical
1131.4	112.00	37.089	0.026962	827.86	1129.8	6.5190	0.84864	1.1143	638.31	-0.038345	5.4183e-05	0.080089	supercritical
1132.4	112.00	37.057	0.026985	828.71	1130.9	6.5200	0.84876	1.1144	638.57	-0.038395	5.4213e-05	0.080142	supercritical
1133.4	112.00	37.025	0.027009	829.56	1132.1	6.5210	0.84888	1.1145	638.83	-0.038445	5.4243e-05	0.080195	supercritical
1134.4	112.00	36.993	0.027032	830.41	1133.2	6.5220	0.84899	1.1146	639.09	-0.038494	5.4273e-05	0.080249	supercritical
1135.4	112.00	36.961	0.027056	831.26	1134.3	6.5230	0.84911	1.1147	639.35	-0.038544	5.4303e-05	0.080302	supercritical
1136.4	112.00	36.929	0.027079	832.11	1135.4	6.5239	0.84922	1.1148	639.61	-0.038593	5.4333e-05	0.080355	supercritical
1137.4	112.00	36.897	0.027103	832.97	1136.5	6.5249	0.84934	1.1149	639.86	-0.038643	5.4363e-05	0.080408	supercritical
1138.4	112.00	36.865	0.027126	833.82	1137.6	6.5259	0.84945	1.1150	640.12	-0.038692	5.4393e-05	0.080461	supercritical
1139.4	112.00	36.833	0.027150	834.67	1138.7	6.5269	0.84957	1.1151	640.38	-0.038741	5.4423e-05	0.080514	supercritical
1140.4	112.00	36.801	0.027173	835.52	1139.9	6.5279	0.84968	1.1152	640.64	-0.038790	5.4453e-05	0.080568	supercritical
1141.4	112.00	36.769	0.027197	836.38	1141.0	6.5288	0.84979	1.1153	640.90	-0.038839	5.4483e-05	0.080621	supercritical
1142.4	112.00	36.738	0.027220	837.23	1142.1	6.5298	0.84991	1.1154	641.15	-0.038888	5.4513e-05	0.080674	supercritical
1143.4	112.00	36.706	0.027243	838.08	1143.2	6.5308	0.85002	1.1155	641.41	-0.038937	5.4543e-05	0.080727	supercritical
1144.4	112.00	36.675	0.027267	838.94	1144.3	6.5318	0.85014	1.1156	641.67	-0.038986	5.4573e-05	0.080780	supercritical
1145.4	112.00	36.643	0.027290	839.79	1145.4	6.5327	0.85025	1.1157	641.93	-0.039034	5.4603e-05	0.080833	supercritical
1146.4	112.00	36.612	0.027314	840.64	1146.6	6.5337	0.85036	1.1158	642.19	-0.039083	5.4633e-05	0.080886	supercritical
1147.4	112.00	36.580	0.027337	841.50	1147.7	6.5347	0.85048	1.1159	642.44	-0.039131	5.4663e-05	0.080939	supercritical
1148.4	112.00	36.549	0.027361	842.35	1148.8	6.5357	0.85059	1.1160	642.70	-0.039179	5.4693e-05	0.080993	supercritical
1149.4	112.00	36.518	0.027384	843.20	1149.9	6.5366	0.85070	1.1161	642.96	-0.039227	5.4722e-05	0.081046	supercritical
1150.4	112.00	36.486	0.027408	844.06	1151.0	6.5376	0.85082	1.1162	643.21	-0.039275	5.4752e-05	0.081099	supercritical
1151.4	112.00	36.455	0.027431	844.91	1152.1	6.5386	0.85093	1.1163	643.47	-0.039323	5.4782e-05	0.081152	supercritical
1152.4	112.00	36.424	0.027454	845.76	1153.3	6.5395	0.85104	1.1164	643.73	-0.039371	5.4812e-05	0.081205	supercritical
1153.4	112.00	36.393	0.027478	846.62	1154.4	6.5405	0.85115	1.1165	643.98	-0.039418	5.4842e-05	0.081258	supercritical
1154.4	112.00	36.362	0.027501	847.47	1155.5	6.5415	0.85127	1.1166	644.24	-0.039466	5.4872e-05	0.081311	supercritical
1155.4	112.00	36.331	0.027525	848.33	1156.6	6.5424	0.85138	1.1168	644.50	-0.039513	5.4902e-05	0.081364	supercritical
1156.4	112.00	36.300	0.027548	849.18	1157.7	6.5434	0.85149	1.1169	644.75	-0.039561	5.4931e-05	0.081417	supercritical
1157.4	112.00	36.269	0.027572	850.03	1158.8	6.5444	0.85160	1.1170	645.01	-0.039608	5.4961e-05	0.081470	supercritical
1158.4	112.00	36.238	0.027595	850.89	1160.0	6.5453	0.85171	1.1171	645.27	-0.039655	5.4991e-05	0.081523	supercritical
1159.4	112.00	36.208	0.027619	851.74	1161.1	6.5463	0.85183	1.1172	645.52	-0.039702	5.5021e-05	0.081576	supercritical
1160.4	112.00	36.177	0.027642	852.60	1162.2	6.5473	0.85194	1.1173	645.78	-0.039749	5.5051e-05	0.081629	supercritical
1161.4	112.00	36.146	0.027665	853.45	1163.3	6.5482	0.85205	1.1174	646.03	-0.039796	5.5080e-05	0.081682	supercritical
1162.4	112.00	36.116	0.027689	854.31	1164.4	6.5492	0.85216	1.1175	646.29	-0.039842	5.5110e-05	0.081735	supercritical
1163.4	112.00	36.085	0.027712	855.16	1165.5	6.5502	0.85227	1.1176	646.54	-0.039889	5.5140e-05	0.081788	supercritical
1164.4	112.00	36.055	0.027736	856.02	1166.7	6.5511	0.85238	1.1177	646.80	-0.039936	5.5170e-05	0.081841	supercritical
1165.4	112.00	36.024	0.027759	856.87	1167.8	6.5521	0.85249	1.1178	647.06	-0.039982	5.5200e-05	0.081894	supercritical
1166.4	112.00	35.994	0.027783	857.73	1168.9	6.5530	0.85260	1.1179	647.31	-0.040028	5.5229e-05	0.081946	supercritical
1167.4	112.00	35.963	0.027806	858.58	1170.0	6.5540	0.85271	1.1180	647.57	-0.040074	5.5259e-05	0.081999	supercritical
1168.4	112.00	35.933	0.027829	859.44	1171.1	6.5549	0.85282	1.1180	647.82	-0.040121	5.5289e-05	0.082052	supercritical
1169.4	112.00	35.903	0.027853	860.29	1172.2	6.5559	0.85293	1.1181	648.08	-0.040167	5.5318e-05	0.082105	supercritical
1170.4	112.00	35.873	0.027876	861.15	1173.4	6.5569	0.85304	1.1182	648.33	-0.040212	5.5348e-05	0.082158	supercritical
1171.4	112.00	35.843	0.027900	862.01	1174.5	6.5578	0.85315	1.1183	648.58	-0.040258	5.5378e-05	0.082211	supercritical
1172.4	112.00	35.813	0.027923	862.86	1175.6	6.5588	0.85326	1.1184	648.84	-0.040304	5.5407e-05	0.082264	supercritical
1173.4	112.00	35.783	0.027947	863.72	1176.7	6.5597	0.85337	1.1185	649.09	-0.040349	5.5437e-05	0.082317	supercritical
1174.4	112.00	35.753	0.027970	864.57	1177.8	6.5607	0.85348	1.1186	649.35	-0.040395	5.5467e-05	0.082369	supercritical
1175.4	112.00	35.723	0.027993	865.43	1179.0	6.5616	0.85359	1.1187	649.60	-0.040440	5.5496e-05	0.082422	supercritical
1176.4	112.00	35.693	0.028017	866.29	1180.1	6.5626	0.85370	1.1188	649.86	-0.040486	5.5526e-05	0.082475	supercritical
1177.4	112.00	35.663	0.028040	867.14	1181.2	6.5635	0.85381	1.1189	650.11	-0.040531	5.5556e-05	0.082528	supercritical
1178.4	112.00	35.633	0.028064	868.00	1182.3	6.5645	0.85392	1.1190	650.36	-0.040576	5.5585e-05	0.082581	supercritical
1179.4	112.00	35.603	0.028087	868.86	1183.4	6.5654	0.85403	1.1191	650.62	-0.040621	5.5615e-05	0.082634	supercritical
1180.4	112.00	35.574	0.028111	869.71	1184.6	6.5664	0.85413	1.1192	650.87	-0.040666	5.5645e-05	0.082686	supercritical
1181.4	112.00	35.544	0.028134	870.57	1185.7	6.5673	0.85424	1.1193	651.13	-0.040711	5.5674e-05	0.082739	supercritical
1182.4	112.00	35.515	0.028157	871.43	1186.8	6.5683	0.85435	1.1194	651.38	-0.040755	5.5704e-05	0.082792	supercritical
1183.4	112.00	35.485	0.028181	872.28	1187.9	6.5692	0.85446	1.1195	651.63	-0.040800	5.5733e-05	0.082845	supercritical
1184.4	112.00	35.456	0.028204	873.14	1189.0	6.5702	0.85457	1.1196	651.89	-0.040844	5.5763e-05	0.082897	supercritical
1185.4	112.00	35.426	0.028228	874.00	1190.1	6.5711	0.85467	1.1197	652.14	-0.040889	5.5792e-05	0.082950	supercritical
1186.4	112.00	35.397	0.028251	874.86	1191.3	6.5721	0.85478	1.1198	652.39	-0.040933	5.5822e-05	0.083003	supercritical
1187.4	112.00	35.367	0.028275	875.71	1192.4	6.5730	0.85489	1.1199	652.65	-0.040977	5.5851e-05	0.083056	supercritical
1188.4	112.00	35.338	0.028298	876.57	1193.5	6.5739	0.85500	1.1200	652.90	-0.041021	5.5881e-05	0.083108	supercritical
1189.4	112.00	35.309	0.028321	877.43	1194.6	6.5749	0.85510	1.1201	653.15	-0.041065	5.5911e-05	0.083161	supercritical
1190.4	112.00	35.280	0.028345	878.29	1195.7	6.5758	0.85521	1.1202	653.40	-0.041109	5.5940e-05	0.083214	supercritical
1191.4	112.00	35.251	0.028368	879.14	1196.9	6.5768	0.85532	1.1203	653.66	-0.041153	5.5970e-05	0.083267	supercritical
1192.4	112.00	35.221	0.028392	880.00	1198.0	6.5777	0.85542	1.1204	653.91	-0.041197	5.5999e-05	0.083319	supercritical
1193.4	112.00	35.192	0.028415	880.86	1199.1	6.5786	0.85553	1.1205	654.16	-0.041240	5.6029e-05	0.083372	supercritical
1194.4	112.00	35.163	0.028439	881.72	1200.2	6.5796	0.85564	1.1206	654.41	-0.041284	5.6058e-05	0.083425	supercritical
1195.4	112.00	35.135	0.028462	882.58	1201.4	6.5805	0.85574	1.1207	654.67	-0.041327	5.6087e-05	0.083477	supercritical
1196.4	112.00	35.106	0.028485	883.44	1202.5	6.5815	0.85585	1.1208	654.92	-0.041371	5.6117e-05	0.083530	supercritical
1197.4	112.00	35.077	0.028509	884.29	1203.6	6.5824	0.85595	1.1209	655.17	-0.041414	5.6146e-05	0.083583	supercritical
1198.4	112.00	35.048	0.028532	885.15	1204.7	6.5833	0.85606	1.1210	655.42	-0.041457	5.6176e-05	0.083635	supercritical
1199.4	112.00	35.019	0.028556	886.01	1205.8	6.5843	0.85617	1.1211	655.67	-0.041500	5.6205e-05	0.083688	supercritical
1200.4	112.00	34.991	0.028579	886.87	1207.0	6.5852	0.85627	1.1212	655.93	-0.041543	5.6235e-05	0.083740	supercritical
1201.4	112.00	34.962	0.028603	887.73	1208.1	6.5861	0.85638	1.1213	656.18	-0.041586	5.6264e-05	0.083793	supercritical
1202.4	112.00	34.933	0.028626	888.59	1209.2	6.5871	0.85648	1.1214	656.43	-0.041629	5.6293e-05	0.083846	supercritical
1203.4	112.00	34.905	0.028649	889.45	1210.3	6.5880	0.85659	1.1214	656.68	-0.041672	5.6323e-05	0.083898	supercritical
1204.4	112.00	34.876	0.028673	890.31	1211.4	6.5889	0.85669	1.1215	656.93	-0.041714	5.6352e-05	0.083951	supercritical
1205.4	112.00	34.848	0.028696	891.17	1212.6	6.5899	0.85680	1.1216	657.18	-0.041757	5.6382e-05	0.084003	supercritical
1206.4	112.00	34.819	0.028720	892.02	1213.7	6.5908	0.85690	1.1217	657.43	-0.041799	5.6411e-05	0.084056	supercritical
1207.4	112.00	34.791	0.028743	892.88	1214.8	6.5917	0.85701	1.1218	657.68	-0.041841	5.6440e-05	0.084109	supercritical
1208.4	112.00	34.763	0.028766	893.74	1215.9	6.5927	0.85711	1.1219	657.94	-0.041884	5.6470e-05	0.084161	supercritical
1209.4	112.00	34.734	0.028790	894.60	1217.1	6.5936	0.85722	1.1220	658.19	-0.041926	5.6499e-05	0.084214	supercritical
1210.4	112.00	34.706	0.028813	895.46	1218.2	6.5945	0.85732	1.1221	658.44	-0.041968	5.6528e-05	0.084266	supercritical
1211.4	112.00	34.678	0.028837	896.32	1219.3	6.5954	0.85742	1.1222	658.69	-0.042010	5.6558e-05	0.084319	supercritical
1212.4	112.00	34.650	0.028860	897.18	1220.4	6.5964	0.85753	1.1223	658.94	-0.042052	5.6587e-05	0.084371	supercritical
1213.4	112.00	34.622	0.028884	898.04	1221.5	6.5973	0.85763	1.1224	659.19	-0.042094	5.6616e-05	0.084424	supercritical
1214.4	112.00	34.594	0.028907	898.90	1222.7	6.5982	0.85774	1.1225	659.44	-0.042135	5.6646e-05	0.084476	supercritical
1215.4	112.00	34.566	0.028930	899.76	1223.8	6.5991	0.85784	1.1226	659.69	-0.042177	5.6675e-05	0.084529	supercritical
1216.4	112.00	34.538	0.028954	900.62	1224.9	6.6001	0.85794	1.1227	659.94	-0.042218	5.6704e-05	0.084581	supercritical
1217.4	112.00	34.510	0.028977	901.48	1226.0	6.6010	0.85805	1.1228	660.19	-0.042260	5.6733e-05	0.084634	supercritical
1218.4	112.00	34.482	0.029001	902.35	1227.2	6.6019	0.85815	1.1229	660.44	-0.042301	5.6763e-05	0.084686	supercritical
1219.4	112.00	34.454	0.029024	903.21	1228.3	6.6028	0.85825	1.1230	660.69	-0.042342	5.6792e-05	0.084739	supercritical
1220.4	112.00	34.426	0.029047	904.07	1229.4	6.6037	0.85836	1.1231	660.94	-0.042384	5.6821e-05	0.084791	supercritical
1221.4	112.00	34.399	0.029071	904.93	1230.5	6.6047	0.85846	1.1231	661.19	-0.042425	5.6850e-05	0.084844	supercritical
1222.4	112.00	34.371	0.029094	905.79	1231.6	6.6056	0.85856	1.1232	661.44	-0.042466	5.6880e-05	0.084896	supercritical
1223.4	112.00	34.343	0.029118	906.65	1232.8	6.6065	0.85866	1.1233	661.69	-0.042507	5.6909e-05	0.084948	supercritical
1224.4	112.00	34.316	0.029141	907.51	1233.9	6.6074	0.85877	1.1234	661.94	-0.042547	5.6938e-05	0.085001	supercritical
1225.4	112.00	34.288	0.029165	908.37	1235.0	6.6083	0.85887	1.1235	662.18	-0.042588	5.6967e-05	0.085053	supercritical
1226.4	112.00	34.261	0.029188	909.23	1236.1	6.6093	0.85897	1.1236	662.43	-0.042629	5.6996e-05	0.085106	supercritical
1227.4	112.00	34.233	0.029211	910.10	1237.3	6.6102	0.85907	1.1237	662.68	-0.042669	5.7026e-05	0.085158	supercritical
1228.4	112.00	34.206	0.029235	910.96	1238.4	6.6111	0.85917	1.1238	662.93	-0.042710	5.7055e-05	0.085210	supercritical
1229.4	112.00	34.179	0.029258	911.82	1239.5	6.6120	0.85928	1.1239	663.18	-0.042750	5.7084e-05	0.085263	supercritical
1230.4	112.00	34.151	0.029282	912.68	1240.6	6.6129	0.85938	1.1240	663.43	-0.042790	5.7113e-05	0.085315	supercritical
1231.4	112.00	34.124	0.029305	913.54	1241.8	6.6138	0.85948	1.1241	663.68	-0.042831	5.7142e-05	0.085368	supercritical
1232.4	112.00	34.097	0.029328	914.40	1242.9	6.6147	0.85958	1.1242	663.93	-0.042871	5.7171e-05	0.085420	supercritical
1233.4	112.00	34.069	0.029352	915.27	1244.0	6.6156	0.85968	1.1243	664.17	-0.042911	5.7201e-05	0.085472	supercritical
1234.4	112.00	34.042	0.029375	916.13	1245.1	6.6166	0.85978	1.1244	664.42	-0.042951	5.7230e-05	0.085525	supercritical
1235.4	112.00	34.015	0.029399	916.99	1246.3	6.6175	0.85988	1.1244	664.67	-0.042991	5.7259e-05	0.085577	supercritical
1236.4	112.00	33.988	0.029422	917.85	1247.4	6.6184	0.85999	1.1245	664.92	-0.043031	5.7288e-05	0.085629	supercritical
1237.4	112.00	33.961	0.029445	918.72	1248.5	6.6193	0.86009	1.1246	665.17	-0.043070	5.7317e-05	0.085682	supercritical
1238.4	112.00	33.934	0.029469	919.58	1249.6	6.6202	0.86019	1.1247	665.41	-0.043110	5.7346e-05	0.085734	supercritical
1239.4	112.00	33.907	0.029492	920.44	1250.8	6.6211	0.86029	1.1248	665.66	-0.043149	5.7375e-05	0.085786	supercritical
1240.4	112.00	33.880	0.029516	921.30	1251.9	6.6220	0.86039	1.1249	665.91	-0.043189	5.7404e-05	0.085838	supercritical
1241.4	112.00	33.854	0.029539	922.17	1253.0	6.6229	0.86049	1.1250	666.16	-0.043228	5.7433e-05	0.085891	supercritical
1242.4	112.00	33.827	0.029562	923.03	1254.1	6.6238	0.86059	1.1251	666.41	-0.043268	5.7462e-05	0.085943	supercritical
1243.4	112.00	33.800	0.029586	923.89	1255.3	6.6247	0.86069	1.1252	666.65	-0.043307	5.7491e-05	0.085995	supercritical
1244.4	112.00	33.773	0.029609	924.75	1256.4	6.6256	0.86079	1.1253	666.90	-0.043346	5.7520e-05	0.086047	supercritical
1245.4	112.00	33.747	0.029633	925.62	1257.5	6.6265	0.86089	1.1254	667.15	-0.043385	5.7550e-05	0.086100	supercritical
1246.4	112.00	33.720	0.029656	926.48	1258.6	6.6274	0.86099	1.1254	667.39	-0.043424	5.7579e-05	0.086152	supercritical
1247.4	112.00	33.693	0.029679	927.34	1259.8	6.6283	0.86109	1.1255	667.64	-0.043463	5.7608e-05	0.086204	supercritical
1248.4	112.00	33.667	0.029703	928.21	1260.9	6.6292	0.86119	1.1256	667.89	-0.043502	5.7637e-05	0.086256	supercritical
1249.4	112.00	33.640	0.029726	929.07	1262.0	6.6301	0.86129	1.1257	668.14	-0.043540	5.7666e-05	0.086309	supercritical
1250.4	112.00	33.614	0.029750	929.94	1263.1	6.6311	0.86139	1.1258	668.38	-0.043579	5.7695e-05	0.086361	supercritical
1251.4	112.00	33.587	0.029773	930.80	1264.3	6.6320	0.86149	1.1259	668.63	-0.043618	5.7724e-05	0.086413	supercritical
1252.4	112.00	33.561	0.029796	931.66	1265.4	6.6328	0.86159	1.1260	668.87	-0.043656	5.7752e-05	0.086465	supercritical
1253.4	112.00	33.535	0.029820	932.53	1266.5	6.6337	0.86169	1.1261	669.12	-0.043694	5.7781e-05	0.086517	supercritical
1254.4	112.00	33.508	0.029843	933.39	1267.6	6.6346	0.86178	1.1262	669.37	-0.043733	5.7810e-05	0.086570	supercritical
1255.4	112.00	33.482	0.029867	934.26	1268.8	6.6355	0.86188	1.1263	669.61	-0.043771	5.7839e-05	0.086622	supercritical
1256.4	112.00	33.456	0.029890	935.12	1269.9	6.6364	0.86198	1.1264	669.86	-0.043809	5.7868e-05	0.086674	supercritical
1257.4	112.00	33.430	0.029913	935.98	1271.0	6.6373	0.86208	1.1264	670.11	-0.043847	5.7897e-05	0.086726	supercritical
1258.4	112.00	33.404	0.029937	936.85	1272.1	6.6382	0.86218	1.1265	670.35	-0.043885	5.7926e-05	0.086778	supercritical
1259.4	112.00	33.378	0.029960	937.71	1273.3	6.6391	0.86228	1.1266	670.60	-0.043923	5.7955e-05	0.086830	supercritical
1260.4	112.00	33.352	0.029984	938.58	1274.4	6.6400	0.86238	1.1267	670.84	-0.043961	5.7984e-05	0.086882	supercritical
1261.4	112.00	33.326	0.030007	939.44	1275.5	6.6409	0.86247	1.1268	671.09	-0.043999	5.8013e-05	0.086935	supercritical
1262.4	112.00	33.300	0.030030	940.31	1276.6	6.6418	0.86257	1.1269	671.33	-0.044036	5.8042e-05	0.086987	supercritical
1263.4	112.00	33.274	0.030054	941.17	1277.8	6.6427	0.86267	1.1270	671.58	-0.044074	5.8071e-05	0.087039	supercritical
1264.4	112.00	33.248	0.030077	942.04	1278.9	6.6436	0.86277	1.1271	671.83	-0.044112	5.8100e-05	0.087091	supercritical
1265.4	112.00	33.222	0.030101	942.90	1280.0	6.6445	0.86286	1.1272	672.07	-0.044149	5.8128e-05	0.087143	supercritical
1266.4	112.00	33.196	0.030124	943.77	1281.2	6.6454	0.86296	1.1273	672.32	-0.044186	5.8157e-05	0.087195	supercritical
1267.4	112.00	33.170	0.030147	944.63	1282.3	6.6463	0.86306	1.1273	672.56	-0.044224	5.8186e-05	0.087247	supercritical
1268.4	112.00	33.145	0.030171	945.50	1283.4	6.6472	0.86316	1.1274	672.81	-0.044261	5.8215e-05	0.087299	supercritical
1269.4	112.00	33.119	0.030194	946.36	1284.5	6.6480	0.86325	1.1275	673.05	-0.044298	5.8244e-05	0.087351	supercritical
1270.4	112.00	33.093	0.030218	947.23	1285.7	6.6489	0.86335	1.1276	673.30	-0.044335	5.8273e-05	0.087403	supercritical
1271.4	112.00	33.068	0.030241	948.09	1286.8	6.6498	0.86345	1.1277	673.54	-0.044372	5.8301e-05	0.087455	supercritical
1272.4	112.00	33.042	0.030264	948.96	1287.9	6.6507	0.86355	1.1278	673.78	-0.044409	5.8330e-05	0.087507	supercritical
1273.4	112.00	33.017	0.030288	949.83	1289.0	6.6516	0.86364	1.1279	674.03	-0.044446	5.8359e-05	0.087559	supercritical
1274.4	112.00	32.991	0.030311	950.69	1290.2	6.6525	0.86374	1.1280	674.27	-0.044483	5.8388e-05	0.087611	supercritical
1275.4	112.00	32.966	0.030335	951.56	1291.3	6.6534	0.86384	1.1281	674.52	-0.044519	5.8417e-05	0.087663	supercritical
1276.4	112.00	32.940	0.030358	952.42	1292.4	6.6542	0.86393	1.1281	674.76	-0.044556	5.8445e-05	0.087715	supercritical
1277.4	112.00	32.915	0.030381	953.29	1293.6	6.6551	0.86403	1.1282	675.01	-0.044593	5.8474e-05	0.087767	supercritical
1278.4	112.00	32.890	0.030405	954.16	1294.7	6.6560	0.86413	1.1283	675.25	-0.044629	5.8503e-05	0.087819	supercritical
1279.4	112.00	32.864	0.030428	955.02	1295.8	6.6569	0.86422	1.1284	675.49	-0.044665	5.8532e-05	0.087871	supercritical
1280.4	112.00	32.839	0.030451	955.89	1296.9	6.6578	0.86432	1.1285	675.74	-0.044702	5.8560e-05	0.087923	supercritical
1281.4	112.00	32.814	0.030475	956.76	1298.1	6.6587	0.86441	1.1286	675.98	-0.044738	5.8589e-05	0.087975	supercritical
1282.4	112.00	32.789	0.030498	957.62	1299.2	6.6595	0.86451	1.1287	676.23	-0.044774	5.8618e-05	0.088027	supercritical
1283.4	112.00	32.764	0.030522	958.49	1300.3	6.6604	0.86461	1.1288	676.47	-0.044810	5.8647e-05	0.088079	supercritical
1284.4	112.00	32.739	0.030545	959.36	1301.5	6.6613	0.86470	1.1288	676.71	-0.044846	5.8675e-05	0.088131	supercritical
1285.4	112.00	32.713	0.030568	960.22	1302.6	6.6622	0.86480	1.1289	676.96	-0.044882	5.8704e-05	0.088183	supercritical
1286.4	112.00	32.688	0.030592	961.09	1303.7	6.6631	0.86489	1.1290	677.20	-0.044918	5.8733e-05	0.088235	supercritical
1287.4	112.00	32.663	0.030615	961.96	1304.8	6.6639	0.86499	1.1291	677.44	-0.044954	5.8761e-05	0.088287	supercritical
1288.4	112.00	32.639	0.030639	962.82	1306.0	6.6648	0.86508	1.1292	677.69	-0.044990	5.8790e-05	0.088339	supercritical
1289.4	112.00	32.614	0.030662	963.69	1307.1	6.6657	0.86518	1.1293	677.93	-0.045025	5.8819e-05	0.088391	supercritical
1290.4	112.00	32.589	0.030685	964.56	1308.2	6.6666	0.86527	1.1294	678.17	-0.045061	5.8847e-05	0.088443	supercritical
1291.4	112.00	32.564	0.030709	965.43	1309.4	6.6674	0.86537	1.1295	678.41	-0.045096	5.8876e-05	0.088495	supercritical
1292.4	112.00	32.539	0.030732	966.29	1310.5	6.6683	0.86546	1.1295	678.66	-0.045132	5.8905e-05	0.088546	supercritical
1293.4	112.00	32.514	0.030756	967.16	1311.6	6.6692	0.86556	1.1296	678.90	-0.045167	5.8933e-05	0.088598	supercritical
1294.4	112.00	32.490	0.030779	968.03	1312.8	6.6701	0.86565	1.1297	679.14	-0.045203	5.8962e-05	0.088650	supercritical
1295.4	112.00	32.465	0.030802	968.90	1313.9	6.6709	0.86575	1.1298	679.38	-0.045238	5.8991e-05	0.088702	supercritical
1296.4	112.00	32.440	0.030826	969.77	1315.0	6.6718	0.86584	1.1299	679.63	-0.045273	5.9019e-05	0.088754	supercritical
1297.4	112.00	32.416	0.030849	970.63	1316.1	6.6727	0.86594	1.1300	679.87	-0.045308	5.9048e-05	0.088806	supercritical
1298.4	112.00	32.391	0.030872	971.50	1317.3	6.6735	0.86603	1.1301	680.11	-0.045343	5.9076e-05	0.088858	supercritical
1299.4	112.00	32.367	0.030896	972.37	1318.4	6.6744	0.86613	1.1302	680.35	-0.045378	5.9105e-05	0.088909	supercritical
1300.4	112.00	32.342	0.030919	973.24	1319.5	6.6753	0.86622	1.1302	680.59	-0.045413	5.9134e-05	0.088961	supercritical
1301.4	112.00	32.318	0.030943	974.11	1320.7	6.6761	0.86631	1.1303	680.84	-0.045448	5.9162e-05	0.089013	supercritical
1302.4	112.00	32.293	0.030966	974.98	1321.8	6.6770	0.86641	1.1304	681.08	-0.045482	5.9191e-05	0.089065	supercritical
1303.4	112.00	32.269	0.030989	975.84	1322.9	6.6779	0.86650	1.1305	681.32	-0.045517	5.9219e-05	0.089117	supercritical
1304.4	112.00	32.245	0.031013	976.71	1324.1	6.6788	0.86660	1.1306	681.56	-0.045552	5.9248e-05	0.089168	supercritical
1305.4	112.00	32.221	0.031036	977.58	1325.2	6.6796	0.86669	1.1307	681.80	-0.045586	5.9276e-05	0.089220	supercritical
1306.4	112.00	32.196	0.031060	978.45	1326.3	6.6805	0.86678	1.1308	682.04	-0.045621	5.9305e-05	0.089272	supercritical
1307.4	112.00	32.172	0.031083	979.32	1327.4	6.6813	0.86688	1.1308	682.29	-0.045655	5.9334e-05	0.089324	supercritical
1308.4	112.00	32.148	0.031106	980.19	1328.6	6.6822	0.86697	1.1309	682.53	-0.045689	5.9362e-05	0.089375	supercritical
1309.4	112.00	32.124	0.031130	981.06	1329.7	6.6831	0.86706	1.1310	682.77	-0.045723	5.9391e-05	0.089427	supercritical
1310.4	112.00	32.100	0.031153	981.93	1330.8	6.6839	0.86716	1.1311	683.01	-0.045758	5.9419e-05	0.089479	supercritical
1311.4	112.00	32.076	0.031176	982.80	1332.0	6.6848	0.86725	1.1312	683.25	-0.045792	5.9448e-05	0.089531	supercritical
1312.4	112.00	32.051	0.031200	983.67	1333.1	6.6857	0.86734	1.1313	683.49	-0.045826	5.9476e-05	0.089582	supercritical
1313.4	112.00	32.027	0.031223	984.53	1334.2	6.6865	0.86744	1.1314	683.73	-0.045860	5.9505e-05	0.089634	supercritical
1314.4	112.00	32.004	0.031247	985.40	1335.4	6.6874	0.86753	1.1314	683.97	-0.045894	5.9533e-05	0.089686	supercritical
1315.4	112.00	31.980	0.031270	986.27	1336.5	6.6883	0.86762	1.1315	684.21	-0.045927	5.9562e-05	0.089738	supercritical
1316.4	112.00	31.956	0.031293	987.14	1337.6	6.6891	0.86771	1.1316	684.45	-0.045961	5.9590e-05	0.089789	supercritical
1317.4	112.00	31.932	0.031317	988.01	1338.8	6.6900	0.86781	1.1317	684.69	-0.045995	5.9618e-05	0.089841	supercritical
1318.4	112.00	31.908	0.031340	988.88	1339.9	6.6908	0.86790	1.1318	684.93	-0.046029	5.9647e-05	0.089893	supercritical
1319.4	112.00	31.884	0.031363	989.75	1341.0	6.6917	0.86799	1.1319	685.17	-0.046062	5.9675e-05	0.089944	supercritical
1320.4	112.00	31.861	0.031387	990.62	1342.2	6.6925	0.86808	1.1320	685.41	-0.046096	5.9704e-05	0.089996	supercritical
1321.4	112.00	31.837	0.031410	991.49	1343.3	6.6934	0.86818	1.1320	685.65	-0.046129	5.9732e-05	0.090048	supercritical
1322.4	112.00	31.813	0.031434	992.36	1344.4	6.6943	0.86827	1.1321	685.89	-0.046162	5.9761e-05	0.090099	supercritical
1323.4	112.00	31.789	0.031457	993.23	1345.6	6.6951	0.86836	1.1322	686.13	-0.046196	5.9789e-05	0.090151	supercritical
1324.4	112.00	31.766	0.031480	994.10	1346.7	6.6960	0.86845	1.1323	686.37	-0.046229	5.9817e-05	0.090203	supercritical
1325.4	112.00	31.742	0.031504	994.98	1347.8	6.6968	0.86854	1.1324	686.61	-0.046262	5.9846e-05	0.090254	supercritical
1326.4	112.00	31.719	0.031527	995.85	1348.9	6.6977	0.86864	1.1325	686.85	-0.046295	5.9874e-05	0.090306	supercritical
1327.4	112.00	31.695	0.031550	996.72	1350.1	6.6985	0.86873	1.1325	687.09	-0.046328	5.9903e-05	0.090357	supercritical
1328.4	112.00	31.672	0.031574	997.59	1351.2	6.6994	0.86882	1.1326	687.33	-0.046361	5.9931e-05	0.090409	supercritical
1329.4	112.00	31.648	0.031597	998.46	1352.3	6.7002	0.86891	1.1327	687.57	-0.046394	5.9959e-05	0.090461	supercritical
1330.4	112.00	31.625	0.031621	999.33	1353.5	6.7011	0.86900	1.1328	687.81	-0.046427	5.9988e-05	0.090512	supercritical
1331.4	112.00	31.602	0.031644	1000.2	1354.6	6.7019	0.86909	1.1329	688.05	-0.046460	6.0016e-05	0.090564	supercritical
1332.4	112.00	31.578	0.031667	1001.1	1355.7	6.7028	0.86918	1.1330	688.29	-0.046492	6.0044e-05	0.090615	supercritical
1333.4	112.00	31.555	0.031691	1001.9	1356.9	6.7036	0.86928	1.1331	688.53	-0.046525	6.0073e-05	0.090667	supercritical
1334.4	112.00	31.532	0.031714	1002.8	1358.0	6.7045	0.86937	1.1331	688.77	-0.046558	6.0101e-05	0.090719	supercritical
1335.4	112.00	31.509	0.031737	1003.7	1359.1	6.7053	0.86946	1.1332	689.01	-0.046590	6.0129e-05	0.090770	supercritical
1336.4	112.00	31.485	0.031761	1004.6	1360.3	6.7062	0.86955	1.1333	689.24	-0.046622	6.0158e-05	0.090822	supercritical
1337.4	112.00	31.462	0.031784	1005.4	1361.4	6.7070	0.86964	1.1334	689.48	-0.046655	6.0186e-05	0.090873	supercritical
1338.4	112.00	31.439	0.031808	1006.3	1362.5	6.7079	0.86973	1.1335	689.72	-0.046687	6.0214e-05	0.090925	supercritical
1339.4	112.00	31.416	0.031831	1007.2	1363.7	6.7087	0.86982	1.1336	689.96	-0.046719	6.0243e-05	0.090976	supercritical
1340.4	112.00	31.393	0.031854	1008.0	1364.8	6.7096	0.86991	1.1336	690.20	-0.046752	6.0271e-05	0.091028	supercritical
1341.4	112.00	31.370	0.031878	1008.9	1365.9	6.7104	0.87000	1.1337	690.44	-0.046784	6.0299e-05	0.091079	supercritical
1342.4	112.00	31.347	0.031901	1009.8	1367.1	6.7113	0.87009	1.1338	690.68	-0.046816	6.0327e-05	0.091131	supercritical
1343.4	112.00	31.324	0.031924	1010.7	1368.2	6.7121	0.87018	1.1339	690.91	-0.046848	6.0356e-05	0.091182	supercritical
1344.4	112.00	31.301	0.031948	1011.5	1369.3	6.7130	0.87027	1.1340	691.15	-0.046880	6.0384e-05	0.091234	supercritical
1345.4	112.00	31.278	0.031971	1012.4	1370.5	6.7138	0.87036	1.1341	691.39	-0.046912	6.0412e-05	0.091285	supercritical
1346.4	112.00	31.255	0.031994	1013.3	1371.6	6.7146	0.87045	1.1341	691.63	-0.046943	6.0441e-05	0.091337	supercritical
1347.4	112.00	31.233	0.032018	1014.1	1372.7	6.7155	0.87054	1.1342	691.86	-0.046975	6.0469e-05	0.091388	supercritical
1348.4	112.00	31.210	0.032041	1015.0	1373.9	6.7163	0.87063	1.1343	692.10	-0.047007	6.0497e-05	0.091440	supercritical
1349.4	112.00	31.187	0.032065	1015.9	1375.0	6.7172	0.87072	1.1344	692.34	-0.047038	6.0525e-05	0.091491	supercritical
1350.4	112.00	31.164	0.032088	1016.8	1376.2	6.7180	0.87081	1.1345	692.58	-0.047070	6.0553e-05	0.091543	supercritical
1351.4	112.00	31.142	0.032111	1017.6	1377.3	6.7188	0.87090	1.1346	692.81	-0.047101	6.0582e-05	0.091594	supercritical
1352.4	112.00	31.119	0.032135	1018.5	1378.4	6.7197	0.87099	1.1346	693.05	-0.047133	6.0610e-05	0.091646	supercritical
1353.4	112.00	31.096	0.032158	1019.4	1379.6	6.7205	0.87108	1.1347	693.29	-0.047164	6.0638e-05	0.091697	supercritical
1354.4	112.00	31.074	0.032181	1020.3	1380.7	6.7214	0.87117	1.1348	693.53	-0.047196	6.0666e-05	0.091748	supercritical
1355.4	112.00	31.051	0.032205	1021.1	1381.8	6.7222	0.87126	1.1349	693.76	-0.047227	6.0694e-05	0.091800	supercritical
1356.4	112.00	31.029	0.032228	1022.0	1383.0	6.7230	0.87135	1.1350	694.00	-0.047258	6.0723e-05	0.091851	supercritical
1357.4	112.00	31.006	0.032252	1022.9	1384.1	6.7239	0.87144	1.1351	694.24	-0.047289	6.0751e-05	0.091903	supercritical
1358.4	112.00	30.984	0.032275	1023.8	1385.2	6.7247	0.87153	1.1351	694.47	-0.047320	6.0779e-05	0.091954	supercritical
1359.4	112.00	30.961	0.032298	1024.6	1386.4	6.7255	0.87162	1.1352	694.71	-0.047351	6.0807e-05	0.092006	supercritical
1360.4	112.00	30.939	0.032322	1025.5	1387.5	6.7264	0.87171	1.1353	694.95	-0.047382	6.0835e-05	0.092057	supercritical
1361.4	112.00	30.917	0.032345	1026.4	1388.6	6.7272	0.87180	1.1354	695.18	-0.047413	6.0863e-05	0.092108	supercritical
1362.4	112.00	30.894	0.032368	1027.2	1389.8	6.7280	0.87189	1.1355	695.42	-0.047444	6.0891e-05	0.092160	supercritical
1363.4	112.00	30.872	0.032392	1028.1	1390.9	6.7289	0.87197	1.1355	695.66	-0.047475	6.0920e-05	0.092211	supercritical
1364.4	112.00	30.850	0.032415	1029.0	1392.0	6.7297	0.87206	1.1356	695.89	-0.047505	6.0948e-05	0.092262	supercritical
1365.4	112.00	30.828	0.032438	1029.9	1393.2	6.7305	0.87215	1.1357	696.13	-0.047536	6.0976e-05	0.092314	supercritical
1366.4	112.00	30.805	0.032462	1030.7	1394.3	6.7314	0.87224	1.1358	696.37	-0.047566	6.1004e-05	0.092365	supercritical
1367.4	112.00	30.783	0.032485	1031.6	1395.5	6.7322	0.87233	1.1359	696.60	-0.047597	6.1032e-05	0.092416	supercritical
1368.4	112.00	30.761	0.032509	1032.5	1396.6	6.7330	0.87242	1.1360	696.84	-0.047627	6.1060e-05	0.092468	supercritical
1369.4	112.00	30.739	0.032532	1033.4	1397.7	6.7339	0.87251	1.1360	697.07	-0.047658	6.1088e-05	0.092519	supercritical
1370.4	112.00	30.717	0.032555	1034.2	1398.9	6.7347	0.87259	1.1361	697.31	-0.047688	6.1116e-05	0.092570	supercritical
1371.4	112.00	30.695	0.032579	1035.1	1400.0	6.7355	0.87268	1.1362	697.54	-0.047718	6.1144e-05	0.092622	supercritical
1372.4	112.00	30.673	0.032602	1036.0	1401.1	6.7364	0.87277	1.1363	697.78	-0.047749	6.1172e-05	0.092673	supercritical
1373.4	112.00	30.651	0.032625	1036.9	1402.3	6.7372	0.87286	1.1364	698.02	-0.047779	6.1200e-05	0.092724	supercritical
1374.4	112.00	30.629	0.032649	1037.7	1403.4	6.7380	0.87295	1.1364	698.25	-0.047809	6.1228e-05	0.092776	supercritical
1375.4	112.00	30.607	0.032672	1038.6	1404.5	6.7388	0.87304	1.1365	698.49	-0.047839	6.1257e-05	0.092827	supercritical
1376.4	112.00	30.585	0.032695	1039.5	1405.7	6.7397	0.87312	1.1366	698.72	-0.047869	6.1285e-05	0.092878	supercritical
1377.4	112.00	30.564	0.032719	1040.4	1406.8	6.7405	0.87321	1.1367	698.96	-0.047899	6.1313e-05	0.092929	supercritical
1378.4	112.00	30.542	0.032742	1041.2	1407.9	6.7413	0.87330	1.1368	699.19	-0.047929	6.1341e-05	0.092981	supercritical
1379.4	112.00	30.520	0.032765	1042.1	1409.1	6.7421	0.87339	1.1369	699.43	-0.047959	6.1369e-05	0.093032	supercritical
1380.4	112.00	30.498	0.032789	1043.0	1410.2	6.7430	0.87347	1.1369	699.66	-0.047988	6.1397e-05	0.093083	supercritical
1381.4	112.00	30.476	0.032812	1043.9	1411.4	6.7438	0.87356	1.1370	699.90	-0.048018	6.1425e-05	0.093134	supercritical
1382.4	112.00	30.455	0.032836	1044.7	1412.5	6.7446	0.87365	1.1371	700.13	-0.048048	6.1453e-05	0.093186	supercritical
1383.4	112.00	30.433	0.032859	1045.6	1413.6	6.7454	0.87374	1.1372	700.37	-0.048077	6.1481e-05	0.093237	supercritical
1384.4	112.00	30.412	0.032882	1046.5	1414.8	6.7462	0.87382	1.1373	700.60	-0.048107	6.1509e-05	0.093288	supercritical
1385.4	112.00	30.390	0.032906	1047.4	1415.9	6.7471	0.87391	1.1373	700.83	-0.048136	6.1537e-05	0.093339	supercritical
1386.4	112.00	30.368	0.032929	1048.2	1417.0	6.7479	0.87400	1.1374	701.07	-0.048166	6.1564e-05	0.093390	supercritical
1387.4	112.00	30.347	0.032952	1049.1	1418.2	6.7487	0.87409	1.1375	701.30	-0.048195	6.1592e-05	0.093442	supercritical
1388.4	112.00	30.325	0.032976	1050.0	1419.3	6.7495	0.87417	1.1376	701.54	-0.048224	6.1620e-05	0.093493	supercritical
1389.4	112.00	30.304	0.032999	1050.9	1420.5	6.7503	0.87426	1.1377	701.77	-0.048254	6.1648e-05	0.093544	supercritical
1390.4	112.00	30.282	0.033022	1051.7	1421.6	6.7512	0.87435	1.1377	702.01	-0.048283	6.1676e-05	0.093595	supercritical
1391.4	112.00	30.261	0.033046	1052.6	1422.7	6.7520	0.87443	1.1378	702.24	-0.048312	6.1704e-05	0.093646	supercritical
1392.4	112.00	30.240	0.033069	1053.5	1423.9	6.7528	0.87452	1.1379	702.47	-0.048341	6.1732e-05	0.093698	supercritical
1393.4	112.00	30.218	0.033092	1054.4	1425.0	6.7536	0.87461	1.1380	702.71	-0.048370	6.1760e-05	0.093749	supercritical
1394.4	112.00	30.197	0.033116	1055.3	1426.1	6.7544	0.87469	1.1381	702.94	-0.048399	6.1788e-05	0.093800	supercritical
1395.4	112.00	30.176	0.033139	1056.1	1427.3	6.7553	0.87478	1.1382	703.17	-0.048428	6.1816e-05	0.093851	supercritical
1396.4	112.00	30.155	0.033163	1057.0	1428.4	6.7561	0.87487	1.1382	703.41	-0.048457	6.1844e-05	0.093902	supercritical
1397.4	112.00	30.133	0.033186	1057.9	1429.6	6.7569	0.87495	1.1383	703.64	-0.048485	6.1872e-05	0.093953	supercritical
1398.4	112.00	30.112	0.033209	1058.8	1430.7	6.7577	0.87504	1.1384	703.87	-0.048514	6.1900e-05	0.094004	supercritical
1399.4	112.00	30.091	0.033233	1059.6	1431.8	6.7585	0.87513	1.1385	704.11	-0.048543	6.1927e-05	0.094056	supercritical
1400.4	112.00	30.070	0.033256	1060.5	1433.0	6.7593	0.87521	1.1386	704.34	-0.048572	6.1955e-05	0.094107	supercritical
1401.4	112.00	30.049	0.033279	1061.4	1434.1	6.7601	0.87530	1.1386	704.57	-0.048600	6.1983e-05	0.094158	supercritical
1402.4	112.00	30.028	0.033303	1062.3	1435.3	6.7610	0.87538	1.1387	704.81	-0.048629	6.2011e-05	0.094209	supercritical
1403.4	112.00	30.007	0.033326	1063.1	1436.4	6.7618	0.87547	1.1388	705.04	-0.048657	6.2039e-05	0.094260	supercritical
1404.4	112.00	29.986	0.033349	1064.0	1437.5	6.7626	0.87556	1.1389	705.27	-0.048685	6.2067e-05	0.094311	supercritical
1405.4	112.00	29.965	0.033373	1064.9	1438.7	6.7634	0.87564	1.1390	705.51	-0.048714	6.2095e-05	0.094362	supercritical
1406.4	112.00	29.944	0.033396	1065.8	1439.8	6.7642	0.87573	1.1390	705.74	-0.048742	6.2122e-05	0.094413	supercritical
1407.4	112.00	29.923	0.033419	1066.7	1441.0	6.7650	0.87581	1.1391	705.97	-0.048770	6.2150e-05	0.094464	supercritical
1408.4	112.00	29.902	0.033443	1067.5	1442.1	6.7658	0.87590	1.1392	706.20	-0.048799	6.2178e-05	0.094515	supercritical
1409.4	112.00	29.881	0.033466	1068.4	1443.2	6.7666	0.87598	1.1393	706.44	-0.048827	6.2206e-05	0.094566	supercritical
1410.4	112.00	29.860	0.033489	1069.3	1444.4	6.7674	0.87607	1.1394	706.67	-0.048855	6.2234e-05	0.094617	supercritical
1411.4	112.00	29.839	0.033513	1070.2	1445.5	6.7682	0.87616	1.1394	706.90	-0.048883	6.2261e-05	0.094669	supercritical
1412.4	112.00	29.819	0.033536	1071.0	1446.6	6.7690	0.87624	1.1395	707.13	-0.048911	6.2289e-05	0.094720	supercritical
1413.4	112.00	29.798	0.033560	1071.9	1447.8	6.7699	0.87633	1.1396	707.36	-0.048939	6.2317e-05	0.094771	supercritical
1414.4	112.00	29.777	0.033583	1072.8	1448.9	6.7707	0.87641	1.1397	707.60	-0.048967	6.2345e-05	0.094822	supercritical
1415.4	112.00	29.756	0.033606	1073.7	1450.1	6.7715	0.87650	1.1398	707.83	-0.048994	6.2373e-05	0.094873	supercritical
1416.4	112.00	29.736	0.033630	1074.6	1451.2	6.7723	0.87658	1.1398	708.06	-0.049022	6.2400e-05	0.094924	supercritical
1417.4	112.00	29.715	0.033653	1075.4	1452.3	6.7731	0.87667	1.1399	708.29	-0.049050	6.2428e-05	0.094975	supercritical
1418.4	112.00	29.694	0.033676	1076.3	1453.5	6.7739	0.87675	1.1400	708.52	-0.049078	6.2456e-05	0.095026	supercritical
1419.4	112.00	29.674	0.033700	1077.2	1454.6	6.7747	0.87684	1.1401	708.76	-0.049105	6.2484e-05	0.095077	supercritical
1420.4	112.00	29.653	0.033723	1078.1	1455.8	6.7755	0.87692	1.1401	708.99	-0.049133	6.2511e-05	0.095128	supercritical
1421.4	112.00	29.633	0.033746	1078.9	1456.9	6.7763	0.87701	1.1402	709.22	-0.049160	6.2539e-05	0.095179	supercritical
1422.4	112.00	29.612	0.033770	1079.8	1458.0	6.7771	0.87709	1.1403	709.45	-0.049188	6.2567e-05	0.095230	supercritical
1423.4	112.00	29.592	0.033793	1080.7	1459.2	6.7779	0.87718	1.1404	709.68	-0.049215	6.2594e-05	0.095281	supercritical
1424.4	112.00	29.571	0.033816	1081.6	1460.3	6.7787	0.87726	1.1405	709.91	-0.049242	6.2622e-05	0.095331	supercritical
1425.4	112.00	29.551	0.033840	1082.5	1461.5	6.7795	0.87735	1.1405	710.14	-0.049270	6.2650e-05	0.095382	supercritical
1426.4	112.00	29.531	0.033863	1083.3	1462.6	6.7803	0.87743	1.1406	710.37	-0.049297	6.2678e-05	0.095433	supercritical
1427.4	112.00	29.510	0.033886	1084.2	1463.7	6.7811	0.87752	1.1407	710.61	-0.049324	6.2705e-05	0.095484	supercritical
1428.4	112.00	29.490	0.033910	1085.1	1464.9	6.7819	0.87760	1.1408	710.84	-0.049351	6.2733e-05	0.095535	supercritical
1429.4	112.00	29.470	0.033933	1086.0	1466.0	6.7827	0.87769	1.1409	711.07	-0.049378	6.2761e-05	0.095586	supercritical
1430.4	112.00	29.449	0.033956	1086.9	1467.2	6.7835	0.87777	1.1409	711.30	-0.049405	6.2788e-05	0.095637	supercritical
1431.4	112.00	29.429	0.033980	1087.7	1468.3	6.7843	0.87785	1.1410	711.53	-0.049432	6.2816e-05	0.095688	supercritical
1432.4	112.00	29.409	0.034003	1088.6	1469.5	6.7851	0.87794	1.1411	711.76	-0.049459	6.2844e-05	0.095739	supercritical
1433.4	112.00	29.389	0.034026	1089.5	1470.6	6.7859	0.87802	1.1412	711.99	-0.049486	6.2871e-05	0.095790	supercritical
1434.4	112.00	29.369	0.034050	1090.4	1471.7	6.7867	0.87811	1.1413	712.22	-0.049513	6.2899e-05	0.095841	supercritical
1435.4	112.00	29.349	0.034073	1091.3	1472.9	6.7875	0.87819	1.1413	712.45	-0.049540	6.2927e-05	0.095892	supercritical
1436.4	112.00	29.329	0.034097	1092.1	1474.0	6.7883	0.87828	1.1414	712.68	-0.049566	6.2954e-05	0.095942	supercritical
1437.4	112.00	29.308	0.034120	1093.0	1475.2	6.7891	0.87836	1.1415	712.91	-0.049593	6.2982e-05	0.095993	supercritical
1438.4	112.00	29.288	0.034143	1093.9	1476.3	6.7898	0.87844	1.1416	713.14	-0.049620	6.3009e-05	0.096044	supercritical
1439.4	112.00	29.268	0.034167	1094.8	1477.4	6.7906	0.87853	1.1416	713.37	-0.049646	6.3037e-05	0.096095	supercritical
1440.4	112.00	29.248	0.034190	1095.7	1478.6	6.7914	0.87861	1.1417	713.60	-0.049673	6.3065e-05	0.096146	supercritical
1441.4	112.00	29.228	0.034213	1096.5	1479.7	6.7922	0.87869	1.1418	713.83	-0.049699	6.3092e-05	0.096197	supercritical
1442.4	112.00	29.209	0.034237	1097.4	1480.9	6.7930	0.87878	1.1419	714.06	-0.049726	6.3120e-05	0.096248	supercritical
1443.4	112.00	29.189	0.034260	1098.3	1482.0	6.7938	0.87886	1.1420	714.29	-0.049752	6.3148e-05	0.096298	supercritical
1444.4	112.00	29.169	0.034283	1099.2	1483.2	6.7946	0.87895	1.1420	714.52	-0.049778	6.3175e-05	0.096349	supercritical
1445.4	112.00	29.149	0.034307	1100.1	1484.3	6.7954	0.87903	1.1421	714.75	-0.049805	6.3203e-05	0.096400	supercritical
1446.4	112.00	29.129	0.034330	1100.9	1485.4	6.7962	0.87911	1.1422	714.98	-0.049831	6.3230e-05	0.096451	supercritical
1447.4	112.00	29.109	0.034353	1101.8	1486.6	6.7970	0.87920	1.1423	715.21	-0.049857	6.3258e-05	0.096502	supercritical
1448.4	112.00	29.090	0.034377	1102.7	1487.7	6.7978	0.87928	1.1424	715.44	-0.049883	6.3285e-05	0.096553	supercritical
1449.4	112.00	29.070	0.034400	1103.6	1488.9	6.7985	0.87936	1.1424	715.67	-0.049909	6.3313e-05	0.096603	supercritical
1450.4	112.00	29.050	0.034423	1104.5	1490.0	6.7993	0.87945	1.1425	715.90	-0.049935	6.3340e-05	0.096654	supercritical
1451.4	112.00	29.030	0.034447	1105.3	1491.1	6.8001	0.87953	1.1426	716.12	-0.049961	6.3368e-05	0.096705	supercritical
1452.4	112.00	29.011	0.034470	1106.2	1492.3	6.8009	0.87961	1.1427	716.35	-0.049987	6.3396e-05	0.096756	supercritical
1453.4	112.00	28.991	0.034493	1107.1	1493.4	6.8017	0.87970	1.1427	716.58	-0.050013	6.3423e-05	0.096807	supercritical
1454.4	112.00	28.972	0.034517	1108.0	1494.6	6.8025	0.87978	1.1428	716.81	-0.050039	6.3451e-05	0.096857	supercritical
1455.4	112.00	28.952	0.034540	1108.9	1495.7	6.8033	0.87986	1.1429	717.04	-0.050065	6.3478e-05	0.096908	supercritical
1456.4	112.00	28.932	0.034563	1109.8	1496.9	6.8041	0.87995	1.1430	717.27	-0.050091	6.3506e-05	0.096959	supercritical
1457.4	112.00	28.913	0.034587	1110.6	1498.0	6.8048	0.88003	1.1431	717.50	-0.050116	6.3533e-05	0.097010	supercritical
1458.4	112.00	28.893	0.034610	1111.5	1499.1	6.8056	0.88011	1.1431	717.73	-0.050142	6.3561e-05	0.097060	supercritical
1459.4	112.00	28.874	0.034633	1112.4	1500.3	6.8064	0.88019	1.1432	717.95	-0.050167	6.3588e-05	0.097111	supercritical
1460.4	112.00	28.854	0.034657	1113.3	1501.4	6.8072	0.88028	1.1433	718.18	-0.050193	6.3616e-05	0.097162	supercritical
1461.4	112.00	28.835	0.034680	1114.2	1502.6	6.8080	0.88036	1.1434	718.41	-0.050218	6.3643e-05	0.097213	supercritical
1462.4	112.00	28.816	0.034703	1115.0	1503.7	6.8088	0.88044	1.1434	718.64	-0.050244	6.3671e-05	0.097263	supercritical
1463.4	112.00	28.796	0.034727	1115.9	1504.9	6.8095	0.88052	1.1435	718.87	-0.050269	6.3698e-05	0.097314	supercritical
1464.4	112.00	28.777	0.034750	1116.8	1506.0	6.8103	0.88061	1.1436	719.09	-0.050295	6.3725e-05	0.097365	supercritical
1465.4	112.00	28.758	0.034773	1117.7	1507.2	6.8111	0.88069	1.1437	719.32	-0.050320	6.3753e-05	0.097415	supercritical
1466.4	112.00	28.738	0.034797	1118.6	1508.3	6.8119	0.88077	1.1438	719.55	-0.050345	6.3780e-05	0.097466	supercritical
1467.4	112.00	28.719	0.034820	1119.5	1509.4	6.8127	0.88085	1.1438	719.78	-0.050370	6.3808e-05	0.097517	supercritical
1468.4	112.00	28.700	0.034843	1120.3	1510.6	6.8134	0.88094	1.1439	720.01	-0.050396	6.3835e-05	0.097567	supercritical
1469.4	112.00	28.681	0.034867	1121.2	1511.7	6.8142	0.88102	1.1440	720.23	-0.050421	6.3863e-05	0.097618	supercritical
1470.4	112.00	28.661	0.034890	1122.1	1512.9	6.8150	0.88110	1.1441	720.46	-0.050446	6.3890e-05	0.097669	supercritical
1471.4	112.00	28.642	0.034913	1123.0	1514.0	6.8158	0.88118	1.1441	720.69	-0.050471	6.3918e-05	0.097719	supercritical
1472.4	112.00	28.623	0.034937	1123.9	1515.2	6.8166	0.88127	1.1442	720.92	-0.050496	6.3945e-05	0.097770	supercritical
1473.4	112.00	28.604	0.034960	1124.8	1516.3	6.8173	0.88135	1.1443	721.14	-0.050521	6.3972e-05	0.097821	supercritical
1474.4	112.00	28.585	0.034983	1125.6	1517.4	6.8181	0.88143	1.1444	721.37	-0.050546	6.4000e-05	0.097871	supercritical
1475.4	112.00	28.566	0.035007	1126.5	1518.6	6.8189	0.88151	1.1444	721.60	-0.050570	6.4027e-05	0.097922	supercritical
1476.4	112.00	28.547	0.035030	1127.4	1519.7	6.8197	0.88159	1.1445	721.82	-0.050595	6.4055e-05	0.097973	supercritical
1477.4	112.00	28.528	0.035053	1128.3	1520.9	6.8204	0.88168	1.1446	722.05	-0.050620	6.4082e-05	0.098023	supercritical
1478.4	112.00	28.509	0.035077	1129.2	1522.0	6.8212	0.88176	1.1447	722.28	-0.050645	6.4109e-05	0.098074	supercritical
1479.4	112.00	28.490	0.035100	1130.0	1523.2	6.8220	0.88184	1.1448	722.50	-0.050669	6.4137e-05	0.098125	supercritical
1480.4	112.00	28.471	0.035123	1130.9	1524.3	6.8228	0.88192	1.1448	722.73	-0.050694	6.4164e-05	0.098175	supercritical
1481.4	112.00	28.452	0.035147	1131.8	1525.5	6.8235	0.88200	1.1449	722.96	-0.050719	6.4191e-05	0.098226	supercritical
1482.4	112.00	28.433	0.035170	1132.7	1526.6	6.8243	0.88209	1.1450	723.18	-0.050743	6.4219e-05	0.098276	supercritical
1483.4	112.00	28.414	0.035193	1133.6	1527.8	6.8251	0.88217	1.1451	723.41	-0.050767	6.4246e-05	0.098327	supercritical
1484.4	112.00	28.396	0.035217	1134.5	1528.9	6.8258	0.88225	1.1451	723.64	-0.050792	6.4273e-05	0.098378	supercritical
1485.4	112.00	28.377	0.035240	1135.4	1530.0	6.8266	0.88233	1.1452	723.86	-0.050816	6.4301e-05	0.098428	supercritical
1486.4	112.00	28.358	0.035263	1136.2	1531.2	6.8274	0.88241	1.1453	724.09	-0.050841	6.4328e-05	0.098479	supercritical
1487.4	112.00	28.339	0.035287	1137.1	1532.3	6.8282	0.88249	1.1454	724.32	-0.050865	6.4355e-05	0.098529	supercritical
1488.4	112.00	28.321	0.035310	1138.0	1533.5	6.8289	0.88257	1.1454	724.54	-0.050889	6.4383e-05	0.098580	supercritical
1489.4	112.00	28.302	0.035333	1138.9	1534.6	6.8297	0.88266	1.1455	724.77	-0.050913	6.4410e-05	0.098630	supercritical
1490.4	112.00	28.283	0.035357	1139.8	1535.8	6.8305	0.88274	1.1456	724.99	-0.050938	6.4437e-05	0.098681	supercritical
1491.4	112.00	28.264	0.035380	1140.7	1536.9	6.8312	0.88282	1.1457	725.22	-0.050962	6.4465e-05	0.098732	supercritical
1492.4	112.00	28.246	0.035403	1141.5	1538.1	6.8320	0.88290	1.1457	725.45	-0.050986	6.4492e-05	0.098782	supercritical
1493.4	112.00	28.227	0.035427	1142.4	1539.2	6.8328	0.88298	1.1458	725.67	-0.051010	6.4519e-05	0.098833	supercritical
1494.4	112.00	28.209	0.035450	1143.3	1540.4	6.8335	0.88306	1.1459	725.90	-0.051034	6.4547e-05	0.098883	supercritical
1495.4	112.00	28.190	0.035473	1144.2	1541.5	6.8343	0.88314	1.1460	726.12	-0.051058	6.4574e-05	0.098934	supercritical
1496.4	112.00	28.172	0.035497	1145.1	1542.6	6.8351	0.88322	1.1461	726.35	-0.051082	6.4601e-05	0.098984	supercritical
1497.4	112.00	28.153	0.035520	1146.0	1543.8	6.8358	0.88331	1.1461	726.57	-0.051105	6.4628e-05	0.099035	supercritical
1498.4	112.00	28.135	0.035543	1146.8	1544.9	6.8366	0.88339	1.1462	726.80	-0.051129	6.4656e-05	0.099085	supercritical
1499.4	112.00	28.116	0.035567	1147.7	1546.1	6.8374	0.88347	1.1463	727.02	-0.051153	6.4683e-05	0.099136	supercritical
1500.4	112.00	28.098	0.035590	1148.6	1547.2	6.8381	0.88355	1.1464	727.25	-0.051177	6.4710e-05	0.099186	supercritical
1501.4	112.00	28.079	0.035613	1149.5	1548.4	6.8389	0.88363	1.1464	727.48	-0.051200	6.4737e-05	0.099237	supercritical
1502.4	112.00	28.061	0.035637	1150.4	1549.5	6.8397	0.88371	1.1465	727.70	-0.051224	6.4765e-05	0.099287	supercritical
1503.4	112.00	28.043	0.035660	1151.3	1550.7	6.8404	0.88379	1.1466	727.93	-0.051247	6.4792e-05	0.099338	supercritical
1504.4	112.00	28.024	0.035683	1152.2	1551.8	6.8412	0.88387	1.1467	728.15	-0.051271	6.4819e-05	0.099388	supercritical
1505.4	112.00	28.006	0.035707	1153.0	1553.0	6.8419	0.88395	1.1467	728.37	-0.051295	6.4846e-05	0.099439	supercritical
1506.4	112.00	27.988	0.035730	1153.9	1554.1	6.8427	0.88403	1.1468	728.60	-0.051318	6.4873e-05	0.099489	supercritical
1507.4	112.00	27.969	0.035753	1154.8	1555.3	6.8435	0.88411	1.1469	728.82	-0.051341	6.4901e-05	0.099539	supercritical
1508.4	112.00	27.951	0.035777	1155.7	1556.4	6.8442	0.88419	1.1470	729.05	-0.051365	6.4928e-05	0.099590	supercritical
1509.4	112.00	27.933	0.035800	1156.6	1557.5	6.8450	0.88427	1.1470	729.27	-0.051388	6.4955e-05	0.099640	supercritical
1510.4	112.00	27.915	0.035823	1157.5	1558.7	6.8457	0.88436	1.1471	729.50	-0.051411	6.4982e-05	0.099691	supercritical
1511.4	112.00	27.897	0.035847	1158.4	1559.8	6.8465	0.88444	1.1472	729.72	-0.051435	6.5009e-05	0.099741	supercritical
1512.4	112.00	27.878	0.035870	1159.2	1561.0	6.8473	0.88452	1.1473	729.95	-0.051458	6.5037e-05	0.099792	supercritical
1513.4	112.00	27.860	0.035893	1160.1	1562.1	6.8480	0.88460	1.1473	730.17	-0.051481	6.5064e-05	0.099842	supercritical
1514.4	112.00	27.842	0.035917	1161.0	1563.3	6.8488	0.88468	1.1474	730.39	-0.051504	6.5091e-05	0.099892	supercritical
1515.4	112.00	27.824	0.035940	1161.9	1564.4	6.8495	0.88476	1.1475	730.62	-0.051527	6.5118e-05	0.099943	supercritical
1516.4	112.00	27.806	0.035963	1162.8	1565.6	6.8503	0.88484	1.1476	730.84	-0.051550	6.5145e-05	0.099993	supercritical
1517.4	112.00	27.788	0.035987	1163.7	1566.7	6.8510	0.88492	1.1476	731.07	-0.051573	6.5172e-05	0.10004	supercritical
1518.4	112.00	27.770	0.036010	1164.6	1567.9	6.8518	0.88500	1.1477	731.29	-0.051596	6.5200e-05	0.10009	supercritical
1519.4	112.00	27.752	0.036033	1165.4	1569.0	6.8526	0.88508	1.1478	731.51	-0.051619	6.5227e-05	0.10014	supercritical
1520.4	112.00	27.734	0.036057	1166.3	1570.2	6.8533	0.88516	1.1479	731.74	-0.051642	6.5254e-05	0.10019	supercritical
1521.4	112.00	27.716	0.036080	1167.2	1571.3	6.8541	0.88524	1.1480	731.96	-0.051665	6.5281e-05	0.10025	supercritical
1522.4	112.00	27.698	0.036103	1168.1	1572.5	6.8548	0.88532	1.1480	732.19	-0.051687	6.5308e-05	0.10030	supercritical
1523.4	112.00	27.680	0.036127	1169.0	1573.6	6.8556	0.88540	1.1481	732.41	-0.051710	6.5335e-05	0.10035	supercritical
1524.4	112.00	27.663	0.036150	1169.9	1574.8	6.8563	0.88548	1.1482	732.63	-0.051733	6.5362e-05	0.10040	supercritical
1525.4	112.00	27.645	0.036173	1170.8	1575.9	6.8571	0.88556	1.1483	732.86	-0.051755	6.5389e-05	0.10045	supercritical
1526.4	112.00	27.627	0.036197	1171.7	1577.1	6.8578	0.88564	1.1483	733.08	-0.051778	6.5417e-05	0.10050	supercritical
1527.4	112.00	27.609	0.036220	1172.5	1578.2	6.8586	0.88572	1.1484	733.30	-0.051801	6.5444e-05	0.10055	supercritical
1528.4	112.00	27.591	0.036243	1173.4	1579.4	6.8593	0.88580	1.1485	733.52	-0.051823	6.5471e-05	0.10060	supercritical
1529.4	112.00	27.574	0.036267	1174.3	1580.5	6.8601	0.88588	1.1486	733.75	-0.051846	6.5498e-05	0.10065	supercritical
1530.4	112.00	27.556	0.036290	1175.2	1581.7	6.8608	0.88596	1.1486	733.97	-0.051868	6.5525e-05	0.10070	supercritical
1531.4	112.00	27.538	0.036313	1176.1	1582.8	6.8616	0.88604	1.1487	734.19	-0.051890	6.5552e-05	0.10075	supercritical
1532.4	112.00	27.521	0.036337	1177.0	1583.9	6.8623	0.88612	1.1488	734.42	-0.051913	6.5579e-05	0.10080	supercritical
1533.4	112.00	27.503	0.036360	1177.9	1585.1	6.8631	0.88620	1.1489	734.64	-0.051935	6.5606e-05	0.10085	supercritical
1534.4	112.00	27.485	0.036383	1178.8	1586.2	6.8638	0.88627	1.1489	734.86	-0.051957	6.5633e-05	0.10090	supercritical
1535.4	112.00	27.468	0.036406	1179.6	1587.4	6.8646	0.88635	1.1490	735.08	-0.051980	6.5660e-05	0.10095	supercritical
1536.4	112.00	27.450	0.036430	1180.5	1588.5	6.8653	0.88643	1.1491	735.31	-0.052002	6.5687e-05	0.10100	supercritical
1537.4	112.00	27.432	0.036453	1181.4	1589.7	6.8661	0.88651	1.1492	735.53	-0.052024	6.5714e-05	0.10105	supercritical
1538.4	112.00	27.415	0.036476	1182.3	1590.8	6.8668	0.88659	1.1492	735.75	-0.052046	6.5741e-05	0.10110	supercritical
1539.4	112.00	27.397	0.036500	1183.2	1592.0	6.8676	0.88667	1.1493	735.97	-0.052068	6.5768e-05	0.10115	supercritical
1540.4	112.00	27.380	0.036523	1184.1	1593.1	6.8683	0.88675	1.1494	736.20	-0.052090	6.5795e-05	0.10120	supercritical
1541.4	112.00	27.362	0.036546	1185.0	1594.3	6.8691	0.88683	1.1495	736.42	-0.052112	6.5822e-05	0.10125	supercritical
1542.4	112.00	27.345	0.036570	1185.9	1595.4	6.8698	0.88691	1.1495	736.64	-0.052134	6.5849e-05	0.10130	supercritical
1543.4	112.00	27.328	0.036593	1186.7	1596.6	6.8706	0.88699	1.1496	736.86	-0.052156	6.5876e-05	0.10135	supercritical
1544.4	112.00	27.310	0.036616	1187.6	1597.7	6.8713	0.88707	1.1497	737.08	-0.052178	6.5903e-05	0.10140	supercritical
1545.4	112.00	27.293	0.036640	1188.5	1598.9	6.8721	0.88715	1.1498	737.31	-0.052200	6.5930e-05	0.10145	supercritical
1546.4	112.00	27.275	0.036663	1189.4	1600.0	6.8728	0.88723	1.1498	737.53	-0.052222	6.5957e-05	0.10150	supercritical
1547.4	112.00	27.258	0.036686	1190.3	1601.2	6.8735	0.88731	1.1499	737.75	-0.052243	6.5984e-05	0.10155	supercritical
1548.4	112.00	27.241	0.036710	1191.2	1602.3	6.8743	0.88738	1.1500	737.97	-0.052265	6.6011e-05	0.10160	supercritical
1549.4	112.00	27.223	0.036733	1192.1	1603.5	6.8750	0.88746	1.1501	738.19	-0.052287	6.6038e-05	0.10165	supercritical
1550.4	112.00	27.206	0.036756	1193.0	1604.6	6.8758	0.88754	1.1501	738.41	-0.052308	6.6065e-05	0.10170	supercritical
1551.4	112.00	27.189	0.036780	1193.9	1605.8	6.8765	0.88762	1.1502	738.64	-0.052330	6.6092e-05	0.10175	supercritical
1552.4	112.00	27.172	0.036803	1194.7	1606.9	6.8773	0.88770	1.1503	738.86	-0.052351	6.6119e-05	0.10180	supercritical
1553.4	112.00	27.155	0.036826	1195.6	1608.1	6.8780	0.88778	1.1504	739.08	-0.052373	6.6146e-05	0.10185	supercritical
1554.4	112.00	27.137	0.036850	1196.5	1609.2	6.8787	0.88786	1.1504	739.30	-0.052394	6.6173e-05	0.10190	supercritical
1555.4	112.00	27.120	0.036873	1197.4	1610.4	6.8795	0.88794	1.1505	739.52	-0.052416	6.6200e-05	0.10195	supercritical
1556.4	112.00	27.103	0.036896	1198.3	1611.5	6.8802	0.88801	1.1506	739.74	-0.052437	6.6227e-05	0.10200	supercritical
1557.4	112.00	27.086	0.036920	1199.2	1612.7	6.8810	0.88809	1.1507	739.96	-0.052459	6.6254e-05	0.10205	supercritical
1558.4	112.00	27.069	0.036943	1200.1	1613.8	6.8817	0.88817	1.1507	740.18	-0.052480	6.6281e-05	0.10211	supercritical
1559.4	112.00	27.052	0.036966	1201.0	1615.0	6.8824	0.88825	1.1508	740.40	-0.052501	6.6308e-05	0.10216	supercritical
1560.4	112.00	27.035	0.036990	1201.9	1616.1	6.8832	0.88833	1.1509	740.62	-0.052523	6.6335e-05	0.10221	supercritical
1561.4	112.00	27.018	0.037013	1202.8	1617.3	6.8839	0.88841	1.1509	740.85	-0.052544	6.6361e-05	0.10226	supercritical
1562.4	112.00	27.001	0.037036	1203.6	1618.4	6.8846	0.88849	1.1510	741.07	-0.052565	6.6388e-05	0.10231	supercritical
1563.4	112.00	26.984	0.037059	1204.5	1619.6	6.8854	0.88856	1.1511	741.29	-0.052586	6.6415e-05	0.10236	supercritical
1564.4	112.00	26.967	0.037083	1205.4	1620.7	6.8861	0.88864	1.1512	741.51	-0.052607	6.6442e-05	0.10241	supercritical
1565.4	112.00	26.950	0.037106	1206.3	1621.9	6.8868	0.88872	1.1512	741.73	-0.052628	6.6469e-05	0.10246	supercritical
1566.4	112.00	26.933	0.037129	1207.2	1623.1	6.8876	0.88880	1.1513	741.95	-0.052649	6.6496e-05	0.10251	supercritical
1567.4	112.00	26.916	0.037153	1208.1	1624.2	6.8883	0.88888	1.1514	742.17	-0.052670	6.6523e-05	0.10256	supercritical
1568.4	112.00	26.899	0.037176	1209.0	1625.4	6.8891	0.88896	1.1515	742.39	-0.052691	6.6550e-05	0.10261	supercritical
1569.4	112.00	26.882	0.037199	1209.9	1626.5	6.8898	0.88904	1.1515	742.61	-0.052712	6.6577e-05	0.10266	supercritical
1570.4	112.00	26.865	0.037223	1210.8	1627.7	6.8905	0.88911	1.1516	742.83	-0.052733	6.6603e-05	0.10271	supercritical
1571.4	112.00	26.849	0.037246	1211.7	1628.8	6.8913	0.88919	1.1517	743.05	-0.052754	6.6630e-05	0.10276	supercritical
1572.4	112.00	26.832	0.037269	1212.5	1630.0	6.8920	0.88927	1.1518	743.27	-0.052775	6.6657e-05	0.10281	supercritical
1573.4	112.00	26.815	0.037293	1213.4	1631.1	6.8927	0.88935	1.1518	743.49	-0.052795	6.6684e-05	0.10286	supercritical
1574.4	112.00	26.798	0.037316	1214.3	1632.3	6.8934	0.88943	1.1519	743.71	-0.052816	6.6711e-05	0.10291	supercritical
1575.4	112.00	26.781	0.037339	1215.2	1633.4	6.8942	0.88950	1.1520	743.93	-0.052837	6.6738e-05	0.10296	supercritical
1576.4	112.00	26.765	0.037363	1216.1	1634.6	6.8949	0.88958	1.1521	744.15	-0.052857	6.6764e-05	0.10301	supercritical
1577.4	112.00	26.748	0.037386	1217.0	1635.7	6.8956	0.88966	1.1521	744.37	-0.052878	6.6791e-05	0.10306	supercritical
1578.4	112.00	26.731	0.037409	1217.9	1636.9	6.8964	0.88974	1.1522	744.59	-0.052898	6.6818e-05	0.10311	supercritical
1579.4	112.00	26.715	0.037433	1218.8	1638.0	6.8971	0.88982	1.1523	744.80	-0.052919	6.6845e-05	0.10316	supercritical
1580.4	112.00	26.698	0.037456	1219.7	1639.2	6.8978	0.88989	1.1524	745.02	-0.052939	6.6872e-05	0.10321	supercritical
1581.4	112.00	26.681	0.037479	1220.6	1640.3	6.8986	0.88997	1.1524	745.24	-0.052960	6.6899e-05	0.10326	supercritical
1582.4	112.00	26.665	0.037502	1221.5	1641.5	6.8993	0.89005	1.1525	745.46	-0.052980	6.6925e-05	0.10331	supercritical
1583.4	112.00	26.648	0.037526	1222.3	1642.6	6.9000	0.89013	1.1526	745.68	-0.053001	6.6952e-05	0.10336	supercritical
1584.4	112.00	26.632	0.037549	1223.2	1643.8	6.9007	0.89021	1.1527	745.90	-0.053021	6.6979e-05	0.10341	supercritical
1585.4	112.00	26.615	0.037572	1224.1	1644.9	6.9015	0.89028	1.1527	746.12	-0.053041	6.7006e-05	0.10346	supercritical
1586.4	112.00	26.599	0.037596	1225.0	1646.1	6.9022	0.89036	1.1528	746.34	-0.053062	6.7032e-05	0.10351	supercritical
1587.4	112.00	26.582	0.037619	1225.9	1647.2	6.9029	0.89044	1.1529	746.56	-0.053082	6.7059e-05	0.10356	supercritical
1588.4	112.00	26.566	0.037642	1226.8	1648.4	6.9037	0.89052	1.1529	746.78	-0.053102	6.7086e-05	0.10361	supercritical
1589.4	112.00	26.549	0.037666	1227.7	1649.6	6.9044	0.89059	1.1530	746.99	-0.053122	6.7113e-05	0.10366	supercritical
1590.4	112.00	26.533	0.037689	1228.6	1650.7	6.9051	0.89067	1.1531	747.21	-0.053142	6.7140e-05	0.10371	supercritical
1591.4	112.00	26.517	0.037712	1229.5	1651.9	6.9058	0.89075	1.1532	747.43	-0.053162	6.7166e-05	0.10376	supercritical
1592.4	112.00	26.500	0.037736	1230.4	1653.0	6.9066	0.89083	1.1532	747.65	-0.053183	6.7193e-05	0.10381	supercritical
1593.4	112.00	26.484	0.037759	1231.3	1654.2	6.9073	0.89090	1.1533	747.87	-0.053203	6.7220e-05	0.10386	supercritical
1594.4	112.00	26.467	0.037782	1232.2	1655.3	6.9080	0.89098	1.1534	748.09	-0.053223	6.7247e-05	0.10391	supercritical
1595.4	112.00	26.451	0.037806	1233.0	1656.5	6.9087	0.89106	1.1535	748.30	-0.053243	6.7273e-05	0.10396	supercritical
1596.4	112.00	26.435	0.037829	1233.9	1657.6	6.9094	0.89114	1.1535	748.52	-0.053262	6.7300e-05	0.10401	supercritical
1597.4	112.00	26.419	0.037852	1234.8	1658.8	6.9102	0.89121	1.1536	748.74	-0.053282	6.7327e-05	0.10406	supercritical
1598.4	112.00	26.402	0.037875	1235.7	1659.9	6.9109	0.89129	1.1537	748.96	-0.053302	6.7353e-05	0.10411	supercritical
1599.4	112.00	26.386	0.037899	1236.6	1661.1	6.9116	0.89137	1.1538	749.18	-0.053322	6.7380e-05	0.10416	supercritical
1600.4	112.00	26.370	0.037922	1237.5	1662.2	6.9123	0.89145	1.1538	749.39	-0.053342	6.7407e-05	0.10421	supercritical
1601.4	112.00	26.354	0.037945	1238.4	1663.4	6.9131	0.89152	1.1539	749.61	-0.053361	6.7434e-05	0.10426	supercritical
1602.4	112.00	26.337	0.037969	1239.3	1664.5	6.9138	0.89160	1.1540	749.83	-0.053381	6.7460e-05	0.10431	supercritical
1603.4	112.00	26.321	0.037992	1240.2	1665.7	6.9145	0.89168	1.1541	750.05	-0.053401	6.7487e-05	0.10436	supercritical
1604.4	112.00	26.305	0.038015	1241.1	1666.9	6.9152	0.89176	1.1541	750.27	-0.053420	6.7514e-05	0.10441	supercritical
1605.4	112.00	26.289	0.038039	1242.0	1668.0	6.9159	0.89183	1.1542	750.48	-0.053440	6.7540e-05	0.10446	supercritical
1606.4	112.00	26.273	0.038062	1242.9	1669.2	6.9167	0.89191	1.1543	750.70	-0.053460	6.7567e-05	0.10451	supercritical
1607.4	112.00	26.257	0.038085	1243.8	1670.3	6.9174	0.89199	1.1543	750.92	-0.053479	6.7594e-05	0.10456	supercritical
1608.4	112.00	26.241	0.038109	1244.7	1671.5	6.9181	0.89206	1.1544	751.14	-0.053499	6.7620e-05	0.10461	supercritical
1609.4	112.00	26.225	0.038132	1245.5	1672.6	6.9188	0.89214	1.1545	751.35	-0.053518	6.7647e-05	0.10466	supercritical
1610.4	112.00	26.209	0.038155	1246.4	1673.8	6.9195	0.89222	1.1546	751.57	-0.053537	6.7674e-05	0.10471	supercritical
1611.4	112.00	26.193	0.038179	1247.3	1674.9	6.9202	0.89230	1.1546	751.79	-0.053557	6.7700e-05	0.10476	supercritical
1612.4	112.00	26.177	0.038202	1248.2	1676.1	6.9210	0.89237	1.1547	752.00	-0.053576	6.7727e-05	0.10481	supercritical
1613.4	112.00	26.161	0.038225	1249.1	1677.2	6.9217	0.89245	1.1548	752.22	-0.053596	6.7754e-05	0.10486	supercritical
1614.4	112.00	26.145	0.038248	1250.0	1678.4	6.9224	0.89253	1.1549	752.44	-0.053615	6.7780e-05	0.10491	supercritical
1615.4	112.00	26.129	0.038272	1250.9	1679.6	6.9231	0.89260	1.1549	752.65	-0.053634	6.7807e-05	0.10496	supercritical
1616.4	112.00	26.113	0.038295	1251.8	1680.7	6.9238	0.89268	1.1550	752.87	-0.053653	6.7833e-05	0.10501	supercritical
1617.4	112.00	26.097	0.038318	1252.7	1681.9	6.9245	0.89276	1.1551	753.09	-0.053672	6.7860e-05	0.10506	supercritical
1618.4	112.00	26.081	0.038342	1253.6	1683.0	6.9252	0.89283	1.1552	753.30	-0.053692	6.7887e-05	0.10511	supercritical
1619.4	112.00	26.065	0.038365	1254.5	1684.2	6.9260	0.89291	1.1552	753.52	-0.053711	6.7913e-05	0.10516	supercritical
1620.4	112.00	26.050	0.038388	1255.4	1685.3	6.9267	0.89299	1.1553	753.74	-0.053730	6.7940e-05	0.10521	supercritical
1621.4	112.00	26.034	0.038412	1256.3	1686.5	6.9274	0.89306	1.1554	753.95	-0.053749	6.7966e-05	0.10526	supercritical
1622.4	112.00	26.018	0.038435	1257.2	1687.6	6.9281	0.89314	1.1554	754.17	-0.053768	6.7993e-05	0.10530	supercritical
1623.4	112.00	26.002	0.038458	1258.1	1688.8	6.9288	0.89322	1.1555	754.39	-0.053787	6.8020e-05	0.10535	supercritical
1624.4	112.00	25.986	0.038482	1259.0	1690.0	6.9295	0.89329	1.1556	754.60	-0.053806	6.8046e-05	0.10540	supercritical
1625.4	112.00	25.971	0.038505	1259.9	1691.1	6.9302	0.89337	1.1557	754.82	-0.053825	6.8073e-05	0.10545	supercritical
1626.4	112.00	25.955	0.038528	1260.7	1692.3	6.9309	0.89345	1.1557	755.04	-0.053844	6.8099e-05	0.10550	supercritical
1627.4	112.00	25.939	0.038551	1261.6	1693.4	6.9317	0.89352	1.1558	755.25	-0.053862	6.8126e-05	0.10555	supercritical
1628.4	112.00	25.924	0.038575	1262.5	1694.6	6.9324	0.89360	1.1559	755.47	-0.053881	6.8153e-05	0.10560	supercritical
1629.4	112.00	25.908	0.038598	1263.4	1695.7	6.9331	0.89368	1.1560	755.68	-0.053900	6.8179e-05	0.10565	supercritical
1630.4	112.00	25.892	0.038621	1264.3	1696.9	6.9338	0.89375	1.1560	755.90	-0.053919	6.8206e-05	0.10570	supercritical
1631.4	112.00	25.877	0.038645	1265.2	1698.0	6.9345	0.89383	1.1561	756.11	-0.053937	6.8232e-05	0.10575	supercritical
1632.4	112.00	25.861	0.038668	1266.1	1699.2	6.9352	0.89391	1.1562	756.33	-0.053956	6.8259e-05	0.10580	supercritical
1633.4	112.00	25.846	0.038691	1267.0	1700.4	6.9359	0.89398	1.1562	756.55	-0.053975	6.8285e-05	0.10585	supercritical
1634.4	112.00	25.830	0.038715	1267.9	1701.5	6.9366	0.89406	1.1563	756.76	-0.053993	6.8312e-05	0.10590	supercritical
1635.4	112.00	25.815	0.038738	1268.8	1702.7	6.9373	0.89414	1.1564	756.98	-0.054012	6.8338e-05	0.10595	supercritical
1636.4	112.00	25.799	0.038761	1269.7	1703.8	6.9380	0.89421	1.1565	757.19	-0.054030	6.8365e-05	0.10600	supercritical
1637.4	112.00	25.783	0.038785	1270.6	1705.0	6.9387	0.89429	1.1565	757.41	-0.054049	6.8391e-05	0.10605	supercritical
1638.4	112.00	25.768	0.038808	1271.5	1706.1	6.9394	0.89436	1.1566	757.62	-0.054067	6.8418e-05	0.10610	supercritical
1639.4	112.00	25.753	0.038831	1272.4	1707.3	6.9401	0.89444	1.1567	757.84	-0.054086	6.8444e-05	0.10615	supercritical
1640.4	112.00	25.737	0.038854	1273.3	1708.5	6.9409	0.89452	1.1568	758.05	-0.054104	6.8471e-05	0.10620	supercritical
1641.4	112.00	25.722	0.038878	1274.2	1709.6	6.9416	0.89459	1.1568	758.27	-0.054123	6.8497e-05	0.10625	supercritical
1642.4	112.00	25.706	0.038901	1275.1	1710.8	6.9423	0.89467	1.1569	758.48	-0.054141	6.8524e-05	0.10630	supercritical
1643.4	112.00	25.691	0.038924	1276.0	1711.9	6.9430	0.89475	1.1570	758.70	-0.054159	6.8550e-05	0.10635	supercritical
1644.4	112.00	25.675	0.038948	1276.9	1713.1	6.9437	0.89482	1.1570	758.91	-0.054178	6.8577e-05	0.10640	supercritical
1645.4	112.00	25.660	0.038971	1277.8	1714.2	6.9444	0.89490	1.1571	759.13	-0.054196	6.8603e-05	0.10645	supercritical
1646.4	112.00	25.645	0.038994	1278.7	1715.4	6.9451	0.89497	1.1572	759.34	-0.054214	6.8630e-05	0.10650	supercritical
1647.4	112.00	25.629	0.039018	1279.6	1716.6	6.9458	0.89505	1.1573	759.56	-0.054232	6.8656e-05	0.10655	supercritical
1648.4	112.00	25.614	0.039041	1280.5	1717.7	6.9465	0.89513	1.1573	759.77	-0.054250	6.8683e-05	0.10660	supercritical
1649.4	112.00	25.599	0.039064	1281.3	1718.9	6.9472	0.89520	1.1574	759.99	-0.054268	6.8709e-05	0.10665	supercritical
1650.4	112.00	25.584	0.039087	1282.2	1720.0	6.9479	0.89528	1.1575	760.20	-0.054287	6.8736e-05	0.10670	supercritical
1651.4	112.00	25.568	0.039111	1283.1	1721.2	6.9486	0.89535	1.1576	760.42	-0.054305	6.8762e-05	0.10675	supercritical
1652.4	112.00	25.553	0.039134	1284.0	1722.3	6.9493	0.89543	1.1576	760.63	-0.054323	6.8789e-05	0.10680	supercritical
1653.4	112.00	25.538	0.039157	1284.9	1723.5	6.9500	0.89551	1.1577	760.84	-0.054341	6.8815e-05	0.10685	supercritical
1654.4	112.00	25.523	0.039181	1285.8	1724.7	6.9507	0.89558	1.1578	761.06	-0.054359	6.8842e-05	0.10690	supercritical
1655.4	112.00	25.508	0.039204	1286.7	1725.8	6.9514	0.89566	1.1578	761.27	-0.054377	6.8868e-05	0.10695	supercritical
1656.4	112.00	25.492	0.039227	1287.6	1727.0	6.9521	0.89573	1.1579	761.49	-0.054394	6.8894e-05	0.10700	supercritical
1657.4	112.00	25.477	0.039251	1288.5	1728.1	6.9528	0.89581	1.1580	761.70	-0.054412	6.8921e-05	0.10705	supercritical
1658.4	112.00	25.462	0.039274	1289.4	1729.3	6.9535	0.89589	1.1581	761.91	-0.054430	6.8947e-05	0.10710	supercritical
1659.4	112.00	25.447	0.039297	1290.3	1730.4	6.9542	0.89596	1.1581	762.13	-0.054448	6.8974e-05	0.10715	supercritical
1660.4	112.00	25.432	0.039321	1291.2	1731.6	6.9549	0.89604	1.1582	762.34	-0.054466	6.9000e-05	0.10719	supercritical
1661.4	112.00	25.417	0.039344	1292.1	1732.8	6.9556	0.89611	1.1583	762.56	-0.054483	6.9027e-05	0.10724	supercritical
1662.4	112.00	25.402	0.039367	1293.0	1733.9	6.9563	0.89619	1.1584	762.77	-0.054501	6.9053e-05	0.10729	supercritical
1663.4	112.00	25.387	0.039390	1293.9	1735.1	6.9570	0.89626	1.1584	762.98	-0.054519	6.9079e-05	0.10734	supercritical
1664.4	112.00	25.372	0.039414	1294.8	1736.2	6.9577	0.89634	1.1585	763.20	-0.054536	6.9106e-05	0.10739	supercritical
1665.4	112.00	25.357	0.039437	1295.7	1737.4	6.9584	0.89642	1.1586	763.41	-0.054554	6.9132e-05	0.10744	supercritical
1666.4	112.00	25.342	0.039460	1296.6	1738.6	6.9591	0.89649	1.1586	763.62	-0.054572	6.9158e-05	0.10749	supercritical
1667.4	112.00	25.327	0.039484	1297.5	1739.7	6.9598	0.89657	1.1587	763.84	-0.054589	6.9185e-05	0.10754	supercritical
1668.4	112.00	25.312	0.039507	1298.4	1740.9	6.9604	0.89664	1.1588	764.05	-0.054607	6.9211e-05	0.10759	supercritical
1669.4	112.00	25.297	0.039530	1299.3	1742.0	6.9611	0.89672	1.1589	764.26	-0.054624	6.9238e-05	0.10764	supercritical
1670.4	112.00	25.282	0.039554	1300.2	1743.2	6.9618	0.89679	1.1589	764.48	-0.054642	6.9264e-05	0.10769	supercritical
1671.4	112.00	25.267	0.039577	1301.1	1744.3	6.9625	0.89687	1.1590	764.69	-0.054659	6.9290e-05	0.10774	supercritical
1672.4	112.00	25.252	0.039600	1302.0	1745.5	6.9632	0.89695	1.1591	764.90	-0.054677	6.9317e-05	0.10779	supercritical
1673.4	112.00	25.238	0.039623	1302.9	1746.7	6.9639	0.89702	1.1592	765.11	-0.054694	6.9343e-05	0.10784	supercritical
1674.4	112.00	25.223	0.039647	1303.8	1747.8	6.9646	0.89710	1.1592	765.33	-0.054711	6.9369e-05	0.10789	supercritical
1675.4	112.00	25.208	0.039670	1304.7	1749.0	6.9653	0.89717	1.1593	765.54	-0.054729	6.9396e-05	0.10794	supercritical
1676.4	112.00	25.193	0.039693	1305.6	1750.1	6.9660	0.89725	1.1594	765.75	-0.054746	6.9422e-05	0.10799	supercritical
1677.4	112.00	25.178	0.039717	1306.5	1751.3	6.9667	0.89732	1.1594	765.97	-0.054763	6.9448e-05	0.10804	supercritical
1678.4	112.00	25.164	0.039740	1307.4	1752.5	6.9674	0.89740	1.1595	766.18	-0.054780	6.9475e-05	0.10809	supercritical
1679.4	112.00	25.149	0.039763	1308.3	1753.6	6.9681	0.89747	1.1596	766.39	-0.054797	6.9501e-05	0.10814	supercritical
1680.4	112.00	25.134	0.039787	1309.2	1754.8	6.9688	0.89755	1.1597	766.60	-0.054815	6.9527e-05	0.10819	supercritical
1681.4	112.00	25.119	0.039810	1310.1	1755.9	6.9694	0.89762	1.1597	766.82	-0.054832	6.9554e-05	0.10824	supercritical
1682.4	112.00	25.105	0.039833	1311.0	1757.1	6.9701	0.89770	1.1598	767.03	-0.054849	6.9580e-05	0.10829	supercritical
1683.4	112.00	25.090	0.039856	1311.9	1758.3	6.9708	0.89777	1.1599	767.24	-0.054866	6.9606e-05	0.10834	supercritical
1684.4	112.00	25.075	0.039880	1312.8	1759.4	6.9715	0.89785	1.1599	767.45	-0.054883	6.9633e-05	0.10839	supercritical
1685.4	112.00	25.061	0.039903	1313.7	1760.6	6.9722	0.89793	1.1600	767.66	-0.054900	6.9659e-05	0.10843	supercritical
1686.4	112.00	25.046	0.039926	1314.6	1761.7	6.9729	0.89800	1.1601	767.88	-0.054917	6.9685e-05	0.10848	supercritical
1687.4	112.00	25.032	0.039950	1315.5	1762.9	6.9736	0.89808	1.1602	768.09	-0.054934	6.9712e-05	0.10853	supercritical
1688.4	112.00	25.017	0.039973	1316.4	1764.1	6.9743	0.89815	1.1602	768.30	-0.054951	6.9738e-05	0.10858	supercritical
1689.4	112.00	25.002	0.039996	1317.3	1765.2	6.9750	0.89823	1.1603	768.51	-0.054968	6.9764e-05	0.10863	supercritical
1690.4	112.00	24.988	0.040019	1318.2	1766.4	6.9756	0.89830	1.1604	768.72	-0.054985	6.9790e-05	0.10868	supercritical
1691.4	112.00	24.973	0.040043	1319.1	1767.5	6.9763	0.89838	1.1604	768.94	-0.055001	6.9817e-05	0.10873	supercritical
1692.4	112.00	24.959	0.040066	1320.0	1768.7	6.9770	0.89845	1.1605	769.15	-0.055018	6.9843e-05	0.10878	supercritical
1693.4	112.00	24.944	0.040089	1320.9	1769.9	6.9777	0.89853	1.1606	769.36	-0.055035	6.9869e-05	0.10883	supercritical
1694.4	112.00	24.930	0.040113	1321.8	1771.0	6.9784	0.89860	1.1607	769.57	-0.055052	6.9895e-05	0.10888	supercritical
1695.4	112.00	24.915	0.040136	1322.7	1772.2	6.9791	0.89868	1.1607	769.78	-0.055068	6.9922e-05	0.10893	supercritical
1696.4	112.00	24.901	0.040159	1323.6	1773.3	6.9798	0.89875	1.1608	769.99	-0.055085	6.9948e-05	0.10898	supercritical
1697.4	112.00	24.886	0.040183	1324.5	1774.5	6.9804	0.89883	1.1609	770.21	-0.055102	6.9974e-05	0.10903	supercritical
1698.4	112.00	24.872	0.040206	1325.4	1775.7	6.9811	0.89890	1.1610	770.42	-0.055118	7.0000e-05	0.10908	supercritical
1699.4	112.00	24.858	0.040229	1326.3	1776.8	6.9818	0.89898	1.1610	770.63	-0.055135	7.0027e-05	0.10913	supercritical
1700.4	112.00	24.843	0.040252	1327.2	1778.0	6.9825	0.89905	1.1611	770.84	-0.055152	7.0053e-05	0.10918	supercritical
1701.4	112.00	24.829	0.040276	1328.1	1779.1	6.9832	0.89913	1.1612	771.05	-0.055168	7.0079e-05	0.10923	supercritical
1702.4	112.00	24.814	0.040299	1329.0	1780.3	6.9839	0.89920	1.1612	771.26	-0.055185	7.0105e-05	0.10928	supercritical
1703.4	112.00	24.800	0.040322	1329.9	1781.5	6.9845	0.89928	1.1613	771.47	-0.055201	7.0132e-05	0.10933	supercritical
1704.4	112.00	24.786	0.040346	1330.8	1782.6	6.9852	0.89935	1.1614	771.68	-0.055217	7.0158e-05	0.10937	supercritical
1705.4	112.00	24.772	0.040369	1331.7	1783.8	6.9859	0.89943	1.1615	771.89	-0.055234	7.0184e-05	0.10942	supercritical
1706.4	112.00	24.757	0.040392	1332.6	1785.0	6.9866	0.89950	1.1615	772.10	-0.055250	7.0210e-05	0.10947	supercritical
1707.4	112.00	24.743	0.040416	1333.5	1786.1	6.9873	0.89958	1.1616	772.32	-0.055267	7.0236e-05	0.10952	supercritical
1708.4	112.00	24.729	0.040439	1334.4	1787.3	6.9879	0.89965	1.1617	772.53	-0.055283	7.0263e-05	0.10957	supercritical
1709.4	112.00	24.714	0.040462	1335.3	1788.4	6.9886	0.89972	1.1617	772.74	-0.055299	7.0289e-05	0.10962	supercritical
1710.4	112.00	24.700	0.040485	1336.2	1789.6	6.9893	0.89980	1.1618	772.95	-0.055316	7.0315e-05	0.10967	supercritical
1711.4	112.00	24.686	0.040509	1337.1	1790.8	6.9900	0.89987	1.1619	773.16	-0.055332	7.0341e-05	0.10972	supercritical
1712.4	112.00	24.672	0.040532	1338.0	1791.9	6.9907	0.89995	1.1620	773.37	-0.055348	7.0367e-05	0.10977	supercritical
1713.4	112.00	24.658	0.040555	1338.9	1793.1	6.9913	0.90002	1.1620	773.58	-0.055364	7.0393e-05	0.10982	supercritical
1714.4	112.00	24.644	0.040579	1339.8	1794.2	6.9920	0.90010	1.1621	773.79	-0.055380	7.0420e-05	0.10987	supercritical
1715.4	112.00	24.629	0.040602	1340.7	1795.4	6.9927	0.90017	1.1622	774.00	-0.055397	7.0446e-05	0.10992	supercritical
1716.4	112.00	24.615	0.040625	1341.6	1796.6	6.9934	0.90025	1.1622	774.21	-0.055413	7.0472e-05	0.10997	supercritical
1717.4	112.00	24.601	0.040648	1342.5	1797.7	6.9940	0.90032	1.1623	774.42	-0.055429	7.0498e-05	0.11002	supercritical
1718.4	112.00	24.587	0.040672	1343.4	1798.9	6.9947	0.90040	1.1624	774.63	-0.055445	7.0524e-05	0.11007	supercritical
1719.4	112.00	24.573	0.040695	1344.3	1800.1	6.9954	0.90047	1.1625	774.84	-0.055461	7.0550e-05	0.11012	supercritical
1720.4	112.00	24.559	0.040718	1345.2	1801.2	6.9961	0.90055	1.1625	775.05	-0.055477	7.0577e-05	0.11017	supercritical
1721.4	112.00	24.545	0.040742	1346.1	1802.4	6.9967	0.90062	1.1626	775.26	-0.055493	7.0603e-05	0.11021	supercritical
1722.4	112.00	24.531	0.040765	1347.0	1803.5	6.9974	0.90070	1.1627	775.47	-0.055509	7.0629e-05	0.11026	supercritical
1723.4	112.00	24.517	0.040788	1347.9	1804.7	6.9981	0.90077	1.1627	775.68	-0.055525	7.0655e-05	0.11031	supercritical
1724.4	112.00	24.503	0.040812	1348.8	1805.9	6.9988	0.90084	1.1628	775.89	-0.055541	7.0681e-05	0.11036	supercritical
1725.4	112.00	24.489	0.040835	1349.7	1807.0	6.9994	0.90092	1.1629	776.10	-0.055556	7.0707e-05	0.11041	supercritical
1726.4	112.00	24.475	0.040858	1350.6	1808.2	7.0001	0.90099	1.1630	776.31	-0.055572	7.0733e-05	0.11046	supercritical
1727.4	112.00	24.461	0.040881	1351.5	1809.4	7.0008	0.90107	1.1630	776.52	-0.055588	7.0759e-05	0.11051	supercritical
1728.4	112.00	24.447	0.040905	1352.4	1810.5	7.0015	0.90114	1.1631	776.73	-0.055604	7.0786e-05	0.11056	supercritical
1729.4	112.00	24.433	0.040928	1353.3	1811.7	7.0021	0.90122	1.1632	776.93	-0.055620	7.0812e-05	0.11061	supercritical
1730.4	112.00	24.419	0.040951	1354.2	1812.9	7.0028	0.90129	1.1632	777.14	-0.055635	7.0838e-05	0.11066	supercritical
1731.4	112.00	24.405	0.040975	1355.1	1814.0	7.0035	0.90136	1.1633	777.35	-0.055651	7.0864e-05	0.11071	supercritical
1732.4	112.00	24.392	0.040998	1356.0	1815.2	7.0042	0.90144	1.1634	777.56	-0.055667	7.0890e-05	0.11076	supercritical
1733.4	112.00	24.378	0.041021	1356.9	1816.3	7.0048	0.90151	1.1635	777.77	-0.055682	7.0916e-05	0.11081	supercritical
1734.4	112.00	24.364	0.041044	1357.8	1817.5	7.0055	0.90159	1.1635	777.98	-0.055698	7.0942e-05	0.11086	supercritical
1735.4	112.00	24.350	0.041068	1358.7	1818.7	7.0062	0.90166	1.1636	778.19	-0.055713	7.0968e-05	0.11091	supercritical
1736.4	112.00	24.336	0.041091	1359.6	1819.8	7.0068	0.90174	1.1637	778.40	-0.055729	7.0994e-05	0.11095	supercritical
1737.4	112.00	24.322	0.041114	1360.5	1821.0	7.0075	0.90181	1.1637	778.61	-0.055745	7.1020e-05	0.11100	supercritical
1738.4	112.00	24.309	0.041138	1361.4	1822.2	7.0082	0.90188	1.1638	778.82	-0.055760	7.1046e-05	0.11105	supercritical
1739.4	112.00	24.295	0.041161	1362.3	1823.3	7.0088	0.90196	1.1639	779.02	-0.055776	7.1073e-05	0.11110	supercritical
1740.4	112.00	24.281	0.041184	1363.2	1824.5	7.0095	0.90203	1.1640	779.23	-0.055791	7.1099e-05	0.11115	supercritical
1741.4	112.00	24.267	0.041208	1364.1	1825.7	7.0102	0.90211	1.1640	779.44	-0.055806	7.1125e-05	0.11120	supercritical
1742.4	112.00	24.254	0.041231	1365.0	1826.8	7.0109	0.90218	1.1641	779.65	-0.055822	7.1151e-05	0.11125	supercritical
1743.4	112.00	24.240	0.041254	1365.9	1828.0	7.0115	0.90226	1.1642	779.86	-0.055837	7.1177e-05	0.11130	supercritical
1744.4	112.00	24.226	0.041277	1366.8	1829.1	7.0122	0.90233	1.1642	780.07	-0.055853	7.1203e-05	0.11135	supercritical
1745.4	112.00	24.213	0.041301	1367.7	1830.3	7.0129	0.90240	1.1643	780.28	-0.055868	7.1229e-05	0.11140	supercritical
1746.4	112.00	24.199	0.041324	1368.6	1831.5	7.0135	0.90248	1.1644	780.48	-0.055883	7.1255e-05	0.11145	supercritical
1747.4	112.00	24.185	0.041347	1369.5	1832.6	7.0142	0.90255	1.1645	780.69	-0.055898	7.1281e-05	0.11150	supercritical
1748.4	112.00	24.172	0.041371	1370.5	1833.8	7.0149	0.90263	1.1645	780.90	-0.055914	7.1307e-05	0.11155	supercritical
1749.4	112.00	24.158	0.041394	1371.4	1835.0	7.0155	0.90270	1.1646	781.11	-0.055929	7.1333e-05	0.11160	supercritical
1750.4	112.00	24.145	0.041417	1372.3	1836.1	7.0162	0.90277	1.1647	781.32	-0.055944	7.1359e-05	0.11164	supercritical
1751.4	112.00	24.131	0.041440	1373.2	1837.3	7.0169	0.90285	1.1647	781.52	-0.055959	7.1385e-05	0.11169	supercritical
1752.4	112.00	24.117	0.041464	1374.1	1838.5	7.0175	0.90292	1.1648	781.73	-0.055974	7.1411e-05	0.11174	supercritical
1753.4	112.00	24.104	0.041487	1375.0	1839.6	7.0182	0.90300	1.1649	781.94	-0.055989	7.1437e-05	0.11179	supercritical
1754.4	112.00	24.090	0.041510	1375.9	1840.8	7.0188	0.90307	1.1650	782.15	-0.056005	7.1463e-05	0.11184	supercritical
1755.4	112.00	24.077	0.041534	1376.8	1842.0	7.0195	0.90314	1.1650	782.35	-0.056020	7.1489e-05	0.11189	supercritical
1756.4	112.00	24.063	0.041557	1377.7	1843.1	7.0202	0.90322	1.1651	782.56	-0.056035	7.1515e-05	0.11194	supercritical
1757.4	112.00	24.050	0.041580	1378.6	1844.3	7.0208	0.90329	1.1652	782.77	-0.056050	7.1541e-05	0.11199	supercritical
1758.4	112.00	24.036	0.041603	1379.5	1845.5	7.0215	0.90337	1.1652	782.98	-0.056065	7.1567e-05	0.11204	supercritical
1759.4	112.00	24.023	0.041627	1380.4	1846.6	7.0222	0.90344	1.1653	783.19	-0.056080	7.1593e-05	0.11209	supercritical
1760.4	112.00	24.010	0.041650	1381.3	1847.8	7.0228	0.90351	1.1654	783.39	-0.056094	7.1619e-05	0.11214	supercritical
1761.4	112.00	23.996	0.041673	1382.2	1848.9	7.0235	0.90359	1.1655	783.60	-0.056109	7.1645e-05	0.11219	supercritical
1762.4	112.00	23.983	0.041697	1383.1	1850.1	7.0241	0.90366	1.1655	783.81	-0.056124	7.1671e-05	0.11224	supercritical
1763.4	112.00	23.969	0.041720	1384.0	1851.3	7.0248	0.90374	1.1656	784.01	-0.056139	7.1697e-05	0.11228	supercritical
1764.4	112.00	23.956	0.041743	1384.9	1852.4	7.0255	0.90381	1.1657	784.22	-0.056154	7.1723e-05	0.11233	supercritical
1765.4	112.00	23.943	0.041766	1385.8	1853.6	7.0261	0.90388	1.1657	784.43	-0.056169	7.1749e-05	0.11238	supercritical
1766.4	112.00	23.929	0.041790	1386.7	1854.8	7.0268	0.90396	1.1658	784.64	-0.056184	7.1775e-05	0.11243	supercritical
1767.4	112.00	23.916	0.041813	1387.6	1855.9	7.0275	0.90403	1.1659	784.84	-0.056198	7.1801e-05	0.11248	supercritical
1768.4	112.00	23.903	0.041836	1388.5	1857.1	7.0281	0.90410	1.1660	785.05	-0.056213	7.1827e-05	0.11253	supercritical
1769.4	112.00	23.889	0.041860	1389.4	1858.3	7.0288	0.90418	1.1660	785.26	-0.056228	7.1853e-05	0.11258	supercritical
1770.4	112.00	23.876	0.041883	1390.4	1859.4	7.0294	0.90425	1.1661	785.46	-0.056242	7.1878e-05	0.11263	supercritical
1771.4	112.00	23.863	0.041906	1391.3	1860.6	7.0301	0.90433	1.1662	785.67	-0.056257	7.1904e-05	0.11268	supercritical
1772.4	112.00	23.850	0.041929	1392.2	1861.8	7.0307	0.90440	1.1662	785.88	-0.056272	7.1930e-05	0.11273	supercritical
1773.4	112.00	23.836	0.041953	1393.1	1862.9	7.0314	0.90447	1.1663	786.08	-0.056286	7.1956e-05	0.11278	supercritical
1774.4	112.00	23.823	0.041976	1394.0	1864.1	7.0321	0.90455	1.1664	786.29	-0.056301	7.1982e-05	0.11283	supercritical
1775.4	112.00	23.810	0.041999	1394.9	1865.3	7.0327	0.90462	1.1664	786.50	-0.056315	7.2008e-05	0.11287	supercritical
1776.4	112.00	23.797	0.042023	1395.8	1866.4	7.0334	0.90469	1.1665	786.70	-0.056330	7.2034e-05	0.11292	supercritical
1777.4	112.00	23.784	0.042046	1396.7	1867.6	7.0340	0.90477	1.1666	786.91	-0.056344	7.2060e-05	0.11297	supercritical
1778.4	112.00	23.770	0.042069	1397.6	1868.8	7.0347	0.90484	1.1667	787.12	-0.056359	7.2086e-05	0.11302	supercritical
1779.4	112.00	23.757	0.042092	1398.5	1869.9	7.0353	0.90491	1.1667	787.32	-0.056373	7.2112e-05	0.11307	supercritical
1780.4	112.00	23.744	0.042116	1399.4	1871.1	7.0360	0.90499	1.1668	787.53	-0.056388	7.2138e-05	0.11312	supercritical
1781.4	112.00	23.731	0.042139	1400.3	1872.3	7.0367	0.90506	1.1669	787.73	-0.056402	7.2163e-05	0.11317	supercritical
1782.4	112.00	23.718	0.042162	1401.2	1873.4	7.0373	0.90514	1.1669	787.94	-0.056416	7.2189e-05	0.11322	supercritical
1783.4	112.00	23.705	0.042186	1402.1	1874.6	7.0380	0.90521	1.1670	788.15	-0.056431	7.2215e-05	0.11327	supercritical
1784.4	112.00	23.692	0.042209	1403.0	1875.8	7.0386	0.90528	1.1671	788.35	-0.056445	7.2241e-05	0.11332	supercritical
1785.4	112.00	23.679	0.042232	1403.9	1876.9	7.0393	0.90536	1.1672	788.56	-0.056459	7.2267e-05	0.11337	supercritical
1786.4	112.00	23.666	0.042255	1404.8	1878.1	7.0399	0.90543	1.1672	788.76	-0.056474	7.2293e-05	0.11341	supercritical
1787.4	112.00	23.653	0.042279	1405.8	1879.3	7.0406	0.90550	1.1673	788.97	-0.056488	7.2319e-05	0.11346	supercritical
1788.4	112.00	23.640	0.042302	1406.7	1880.4	7.0412	0.90558	1.1674	789.17	-0.056502	7.2345e-05	0.11351	supercritical
1789.4	112.00	23.627	0.042325	1407.6	1881.6	7.0419	0.90565	1.1674	789.38	-0.056516	7.2370e-05	0.11356	supercritical
1790.4	112.00	23.614	0.042349	1408.5	1882.8	7.0425	0.90572	1.1675	789.59	-0.056531	7.2396e-05	0.11361	supercritical
1791.4	112.00	23.601	0.042372	1409.4	1883.9	7.0432	0.90580	1.1676	789.79	-0.056545	7.2422e-05	0.11366	supercritical
1792.4	112.00	23.588	0.042395	1410.3	1885.1	7.0438	0.90587	1.1677	790.00	-0.056559	7.2448e-05	0.11371	supercritical
1793.4	112.00	23.575	0.042418	1411.2	1886.3	7.0445	0.90594	1.1677	790.20	-0.056573	7.2474e-05	0.11376	supercritical
1794.4	112.00	23.562	0.042442	1412.1	1887.4	7.0451	0.90602	1.1678	790.41	-0.056587	7.2500e-05	0.11381	supercritical
1795.4	112.00	23.549	0.042465	1413.0	1888.6	7.0458	0.90609	1.1679	790.61	-0.056601	7.2526e-05	0.11386	supercritical
1796.4	112.00	23.536	0.042488	1413.9	1889.8	7.0464	0.90616	1.1679	790.82	-0.056615	7.2551e-05	0.11391	supercritical
1797.4	112.00	23.523	0.042512	1414.8	1890.9	7.0471	0.90624	1.1680	791.02	-0.056629	7.2577e-05	0.11395	supercritical
1798.4	112.00	23.510	0.042535	1415.7	1892.1	7.0477	0.90631	1.1681	791.23	-0.056643	7.2603e-05	0.11400	supercritical
1799.4	112.00	23.497	0.042558	1416.6	1893.3	7.0484	0.90638	1.1681	791.43	-0.056657	7.2629e-05	0.11405	supercritical
1800.4	112.00	23.484	0.042581	1417.5	1894.5	7.0490	0.90646	1.1682	791.64	-0.056671	7.2655e-05	0.11410	supercritical
1801.4	112.00	23.472	0.042605	1418.4	1895.6	7.0497	0.90653	1.1683	791.84	-0.056685	7.2681e-05	0.11415	supercritical
1802.4	112.00	23.459	0.042628	1419.4	1896.8	7.0503	0.90660	1.1684	792.05	-0.056699	7.2706e-05	0.11420	supercritical
1803.4	112.00	23.446	0.042651	1420.3	1898.0	7.0510	0.90668	1.1684	792.25	-0.056713	7.2732e-05	0.11425	supercritical
1804.4	112.00	23.433	0.042675	1421.2	1899.1	7.0516	0.90675	1.1685	792.46	-0.056726	7.2758e-05	0.11430	supercritical
1805.4	112.00	23.420	0.042698	1422.1	1900.3	7.0523	0.90682	1.1686	792.66	-0.056740	7.2784e-05	0.11435	supercritical
1806.4	112.00	23.408	0.042721	1423.0	1901.5	7.0529	0.90690	1.1686	792.87	-0.056754	7.2810e-05	0.11440	supercritical
1807.4	112.00	23.395	0.042744	1423.9	1902.6	7.0536	0.90697	1.1687	793.07	-0.056768	7.2835e-05	0.11444	supercritical
1808.4	112.00	23.382	0.042768	1424.8	1903.8	7.0542	0.90704	1.1688	793.28	-0.056782	7.2861e-05	0.11449	supercritical
1809.4	112.00	23.369	0.042791	1425.7	1905.0	7.0549	0.90711	1.1689	793.48	-0.056795	7.2887e-05	0.11454	supercritical
1810.4	112.00	23.357	0.042814	1426.6	1906.1	7.0555	0.90719	1.1689	793.68	-0.056809	7.2913e-05	0.11459	supercritical
1811.4	112.00	23.344	0.042838	1427.5	1907.3	7.0562	0.90726	1.1690	793.89	-0.056823	7.2938e-05	0.11464	supercritical
1812.4	112.00	23.331	0.042861	1428.4	1908.5	7.0568	0.90733	1.1691	794.09	-0.056836	7.2964e-05	0.11469	supercritical
1813.4	112.00	23.319	0.042884	1429.3	1909.6	7.0575	0.90741	1.1691	794.30	-0.056850	7.2990e-05	0.11474	supercritical
1814.4	112.00	23.306	0.042907	1430.3	1910.8	7.0581	0.90748	1.1692	794.50	-0.056863	7.3016e-05	0.11479	supercritical
1815.4	112.00	23.293	0.042931	1431.2	1912.0	7.0587	0.90755	1.1693	794.71	-0.056877	7.3041e-05	0.11484	supercritical
1816.4	112.00	23.281	0.042954	1432.1	1913.2	7.0594	0.90763	1.1693	794.91	-0.056891	7.3067e-05	0.11489	supercritical
1817.4	112.00	23.268	0.042977	1433.0	1914.3	7.0600	0.90770	1.1694	795.11	-0.056904	7.3093e-05	0.11493	supercritical
1818.4	112.00	23.256	0.043001	1433.9	1915.5	7.0607	0.90777	1.1695	795.32	-0.056918	7.3119e-05	0.11498	supercritical
1819.4	112.00	23.243	0.043024	1434.8	1916.7	7.0613	0.90785	1.1696	795.52	-0.056931	7.3144e-05	0.11503	supercritical
1820.4	112.00	23.230	0.043047	1435.7	1917.8	7.0620	0.90792	1.1696	795.73	-0.056945	7.3170e-05	0.11508	supercritical
1821.4	112.00	23.218	0.043070	1436.6	1919.0	7.0626	0.90799	1.1697	795.93	-0.056958	7.3196e-05	0.11513	supercritical
1822.4	112.00	23.205	0.043094	1437.5	1920.2	7.0632	0.90806	1.1698	796.13	-0.056971	7.3222e-05	0.11518	supercritical
1823.4	112.00	23.193	0.043117	1438.4	1921.3	7.0639	0.90814	1.1698	796.34	-0.056985	7.3247e-05	0.11523	supercritical
1824.4	112.00	23.180	0.043140	1439.3	1922.5	7.0645	0.90821	1.1699	796.54	-0.056998	7.3273e-05	0.11528	supercritical
1825.4	112.00	23.168	0.043164	1440.2	1923.7	7.0652	0.90828	1.1700	796.74	-0.057012	7.3299e-05	0.11533	supercritical
1826.4	112.00	23.155	0.043187	1441.2	1924.9	7.0658	0.90836	1.1701	796.95	-0.057025	7.3325e-05	0.11537	supercritical
1827.4	112.00	23.143	0.043210	1442.1	1926.0	7.0664	0.90843	1.1701	797.15	-0.057038	7.3350e-05	0.11542	supercritical
1828.4	112.00	23.130	0.043233	1443.0	1927.2	7.0671	0.90850	1.1702	797.35	-0.057052	7.3376e-05	0.11547	supercritical
1829.4	112.00	23.118	0.043257	1443.9	1928.4	7.0677	0.90857	1.1703	797.56	-0.057065	7.3402e-05	0.11552	supercritical
1830.4	112.00	23.105	0.043280	1444.8	1929.5	7.0684	0.90865	1.1703	797.76	-0.057078	7.3427e-05	0.11557	supercritical
1831.4	112.00	23.093	0.043303	1445.7	1930.7	7.0690	0.90872	1.1704	797.96	-0.057091	7.3453e-05	0.11562	supercritical
1832.4	112.00	23.081	0.043326	1446.6	1931.9	7.0696	0.90879	1.1705	798.17	-0.057104	7.3479e-05	0.11567	supercritical
1833.4	112.00	23.068	0.043350	1447.5	1933.0	7.0703	0.90887	1.1705	798.37	-0.057118	7.3505e-05	0.11572	supercritical
1834.4	112.00	23.056	0.043373	1448.4	1934.2	7.0709	0.90894	1.1706	798.57	-0.057131	7.3530e-05	0.11577	supercritical
1835.4	112.00	23.043	0.043396	1449.3	1935.4	7.0716	0.90901	1.1707	798.78	-0.057144	7.3556e-05	0.11581	supercritical
1836.4	112.00	23.031	0.043420	1450.3	1936.6	7.0722	0.90908	1.1708	798.98	-0.057157	7.3582e-05	0.11586	supercritical
1837.4	112.00	23.019	0.043443	1451.2	1937.7	7.0728	0.90916	1.1708	799.18	-0.057170	7.3607e-05	0.11591	supercritical
1838.4	112.00	23.006	0.043466	1452.1	1938.9	7.0735	0.90923	1.1709	799.38	-0.057183	7.3633e-05	0.11596	supercritical
1839.4	112.00	22.994	0.043489	1453.0	1940.1	7.0741	0.90930	1.1710	799.59	-0.057196	7.3659e-05	0.11601	supercritical
1840.4	112.00	22.982	0.043513	1453.9	1941.2	7.0747	0.90937	1.1710	799.79	-0.057209	7.3684e-05	0.11606	supercritical
1841.4	112.00	22.969	0.043536	1454.8	1942.4	7.0754	0.90945	1.1711	799.99	-0.057222	7.3710e-05	0.11611	supercritical
1842.4	112.00	22.957	0.043559	1455.7	1943.6	7.0760	0.90952	1.1712	800.19	-0.057235	7.3736e-05	0.11616	supercritical
1843.4	112.00	22.945	0.043583	1456.6	1944.8	7.0767	0.90959	1.1712	800.40	-0.057248	7.3761e-05	0.11621	supercritical
1844.4	112.00	22.933	0.043606	1457.5	1945.9	7.0773	0.90967	1.1713	800.60	-0.057261	7.3787e-05	0.11625	supercritical
1845.4	112.00	22.920	0.043629	1458.4	1947.1	7.0779	0.90974	1.1714	800.80	-0.057274	7.3813e-05	0.11630	supercritical
1846.4	112.00	22.908	0.043652	1459.4	1948.3	7.0786	0.90981	1.1715	801.00	-0.057287	7.3838e-05	0.11635	supercritical
1847.4	112.00	22.896	0.043676	1460.3	1949.4	7.0792	0.90988	1.1715	801.21	-0.057300	7.3864e-05	0.11640	supercritical
1848.4	112.00	22.884	0.043699	1461.2	1950.6	7.0798	0.90996	1.1716	801.41	-0.057312	7.3889e-05	0.11645	supercritical
1849.4	112.00	22.872	0.043722	1462.1	1951.8	7.0805	0.91003	1.1717	801.61	-0.057325	7.3915e-05	0.11650	supercritical
1850.4	112.00	22.859	0.043746	1463.0	1953.0	7.0811	0.91010	1.1717	801.81	-0.057338	7.3941e-05	0.11655	supercritical
1851.4	112.00	22.847	0.043769	1463.9	1954.1	7.0817	0.91017	1.1718	802.01	-0.057351	7.3966e-05	0.11660	supercritical
1852.4	112.00	22.835	0.043792	1464.8	1955.3	7.0824	0.91025	1.1719	802.22	-0.057364	7.3992e-05	0.11665	supercritical
1853.4	112.00	22.823	0.043815	1465.7	1956.5	7.0830	0.91032	1.1720	802.42	-0.057376	7.4018e-05	0.11669	supercritical
1854.4	112.00	22.811	0.043839	1466.6	1957.6	7.0836	0.91039	1.1720	802.62	-0.057389	7.4043e-05	0.11674	supercritical
1855.4	112.00	22.799	0.043862	1467.6	1958.8	7.0843	0.91046	1.1721	802.82	-0.057402	7.4069e-05	0.11679	supercritical
1856.4	112.00	22.787	0.043885	1468.5	1960.0	7.0849	0.91054	1.1722	803.02	-0.057414	7.4094e-05	0.11684	supercritical
1857.4	112.00	22.775	0.043908	1469.4	1961.2	7.0855	0.91061	1.1722	803.23	-0.057427	7.4120e-05	0.11689	supercritical
1858.4	112.00	22.763	0.043932	1470.3	1962.3	7.0861	0.91068	1.1723	803.43	-0.057440	7.4146e-05	0.11694	supercritical
1859.4	112.00	22.751	0.043955	1471.2	1963.5	7.0868	0.91075	1.1724	803.63	-0.057452	7.4171e-05	0.11699	supercritical
1860.4	112.00	22.738	0.043978	1472.1	1964.7	7.0874	0.91083	1.1724	803.83	-0.057465	7.4197e-05	0.11704	supercritical
1861.4	112.00	22.726	0.044002	1473.0	1965.8	7.0880	0.91090	1.1725	804.03	-0.057477	7.4222e-05	0.11708	supercritical
1862.4	112.00	22.714	0.044025	1473.9	1967.0	7.0887	0.91097	1.1726	804.23	-0.057490	7.4248e-05	0.11713	supercritical
1863.4	112.00	22.702	0.044048	1474.9	1968.2	7.0893	0.91104	1.1727	804.43	-0.057502	7.4274e-05	0.11718	supercritical
1864.4	112.00	22.690	0.044071	1475.8	1969.4	7.0899	0.91112	1.1727	804.64	-0.057515	7.4299e-05	0.11723	supercritical
1865.4	112.00	22.678	0.044095	1476.7	1970.5	7.0906	0.91119	1.1728	804.84	-0.057527	7.4325e-05	0.11728	supercritical
1866.4	112.00	22.667	0.044118	1477.6	1971.7	7.0912	0.91126	1.1729	805.04	-0.057540	7.4350e-05	0.11733	supercritical
1867.4	112.00	22.655	0.044141	1478.5	1972.9	7.0918	0.91133	1.1729	805.24	-0.057552	7.4376e-05	0.11738	supercritical
1868.4	112.00	22.643	0.044165	1479.4	1974.1	7.0924	0.91141	1.1730	805.44	-0.057565	7.4401e-05	0.11743	supercritical
1869.4	112.00	22.631	0.044188	1480.3	1975.2	7.0931	0.91148	1.1731	805.64	-0.057577	7.4427e-05	0.11748	supercritical
1870.4	112.00	22.619	0.044211	1481.2	1976.4	7.0937	0.91155	1.1731	805.84	-0.057589	7.4453e-05	0.11752	supercritical
1871.4	112.00	22.607	0.044234	1482.2	1977.6	7.0943	0.91162	1.1732	806.04	-0.057602	7.4478e-05	0.11757	supercritical
1872.4	112.00	22.595	0.044258	1483.1	1978.7	7.0950	0.91169	1.1733	806.24	-0.057614	7.4504e-05	0.11762	supercritical
1873.4	112.00	22.583	0.044281	1484.0	1979.9	7.0956	0.91177	1.1734	806.44	-0.057626	7.4529e-05	0.11767	supercritical
1874.4	112.00	22.571	0.044304	1484.9	1981.1	7.0962	0.91184	1.1734	806.64	-0.057639	7.4555e-05	0.11772	supercritical
1875.4	112.00	22.559	0.044327	1485.8	1982.3	7.0968	0.91191	1.1735	806.85	-0.057651	7.4580e-05	0.11777	supercritical
1876.4	112.00	22.548	0.044351	1486.7	1983.4	7.0975	0.91198	1.1736	807.05	-0.057663	7.4606e-05	0.11782	supercritical
1877.4	112.00	22.536	0.044374	1487.6	1984.6	7.0981	0.91206	1.1736	807.25	-0.057675	7.4631e-05	0.11787	supercritical
1878.4	112.00	22.524	0.044397	1488.5	1985.8	7.0987	0.91213	1.1737	807.45	-0.057688	7.4657e-05	0.11791	supercritical
1879.4	112.00	22.512	0.044421	1489.5	1987.0	7.0993	0.91220	1.1738	807.65	-0.057700	7.4682e-05	0.11796	supercritical
1880.4	112.00	22.500	0.044444	1490.4	1988.1	7.1000	0.91227	1.1738	807.85	-0.057712	7.4708e-05	0.11801	supercritical
1881.4	112.00	22.489	0.044467	1491.3	1989.3	7.1006	0.91235	1.1739	808.05	-0.057724	7.4733e-05	0.11806	supercritical
1882.4	112.00	22.477	0.044490	1492.2	1990.5	7.1012	0.91242	1.1740	808.25	-0.057736	7.4759e-05	0.11811	supercritical
1883.4	112.00	22.465	0.044514	1493.1	1991.7	7.1018	0.91249	1.1741	808.45	-0.057748	7.4785e-05	0.11816	supercritical
1884.4	112.00	22.453	0.044537	1494.0	1992.8	7.1024	0.91256	1.1741	808.65	-0.057760	7.4810e-05	0.11821	supercritical
1885.4	112.00	22.442	0.044560	1494.9	1994.0	7.1031	0.91263	1.1742	808.85	-0.057772	7.4836e-05	0.11825	supercritical
1886.4	112.00	22.430	0.044583	1495.8	1995.2	7.1037	0.91271	1.1743	809.05	-0.057784	7.4861e-05	0.11830	supercritical
1887.4	112.00	22.418	0.044607	1496.8	1996.4	7.1043	0.91278	1.1743	809.25	-0.057796	7.4887e-05	0.11835	supercritical
1888.4	112.00	22.406	0.044630	1497.7	1997.5	7.1049	0.91285	1.1744	809.45	-0.057808	7.4912e-05	0.11840	supercritical
1889.4	112.00	22.395	0.044653	1498.6	1998.7	7.1056	0.91292	1.1745	809.65	-0.057820	7.4938e-05	0.11845	supercritical
1890.4	112.00	22.383	0.044677	1499.5	1999.9	7.1062	0.91299	1.1745	809.85	-0.057832	7.4963e-05	0.11850	supercritical
1891.4	112.00	22.371	0.044700	1500.4	2001.1	7.1068	0.91307	1.1746	810.05	-0.057844	7.4988e-05	0.11855	supercritical
1892.4	112.00	22.360	0.044723	1501.3	2002.2	7.1074	0.91314	1.1747	810.25	-0.057856	7.5014e-05	0.11860	supercritical
1893.4	112.00	22.348	0.044746	1502.2	2003.4	7.1080	0.91321	1.1748	810.45	-0.057868	7.5039e-05	0.11864	supercritical
1894.4	112.00	22.337	0.044770	1503.2	2004.6	7.1087	0.91328	1.1748	810.65	-0.057880	7.5065e-05	0.11869	supercritical
1895.4	112.00	22.325	0.044793	1504.1	2005.8	7.1093	0.91335	1.1749	810.85	-0.057892	7.5090e-05	0.11874	supercritical
1896.4	112.00	22.313	0.044816	1505.0	2006.9	7.1099	0.91343	1.1750	811.05	-0.057904	7.5116e-05	0.11879	supercritical
1897.4	112.00	22.302	0.044839	1505.9	2008.1	7.1105	0.91350	1.1750	811.25	-0.057915	7.5141e-05	0.11884	supercritical
1898.4	112.00	22.290	0.044863	1506.8	2009.3	7.1111	0.91357	1.1751	811.45	-0.057927	7.5167e-05	0.11889	supercritical
1899.4	112.00	22.279	0.044886	1507.7	2010.5	7.1118	0.91364	1.1752	811.64	-0.057939	7.5192e-05	0.11894	supercritical
1900.4	112.00	22.267	0.044909	1508.6	2011.6	7.1124	0.91371	1.1752	811.84	-0.057951	7.5218e-05	0.11898	supercritical
1901.4	112.00	22.256	0.044933	1509.6	2012.8	7.1130	0.91379	1.1753	812.04	-0.057962	7.5243e-05	0.11903	supercritical
1902.4	112.00	22.244	0.044956	1510.5	2014.0	7.1136	0.91386	1.1754	812.24	-0.057974	7.5269e-05	0.11908	supercritical
1903.4	112.00	22.233	0.044979	1511.4	2015.2	7.1142	0.91393	1.1755	812.44	-0.057986	7.5294e-05	0.11913	supercritical
1904.4	112.00	22.221	0.045002	1512.3	2016.3	7.1149	0.91400	1.1755	812.64	-0.057998	7.5319e-05	0.11918	supercritical
1905.4	112.00	22.210	0.045026	1513.2	2017.5	7.1155	0.91407	1.1756	812.84	-0.058009	7.5345e-05	0.11923	supercritical
1906.4	112.00	22.198	0.045049	1514.1	2018.7	7.1161	0.91415	1.1757	813.04	-0.058021	7.5370e-05	0.11928	supercritical
1907.4	112.00	22.187	0.045072	1515.0	2019.9	7.1167	0.91422	1.1757	813.24	-0.058032	7.5396e-05	0.11933	supercritical
1908.4	112.00	22.175	0.045096	1516.0	2021.0	7.1173	0.91429	1.1758	813.44	-0.058044	7.5421e-05	0.11937	supercritical
1909.4	112.00	22.164	0.045119	1516.9	2022.2	7.1179	0.91436	1.1759	813.63	-0.058056	7.5447e-05	0.11942	supercritical
1910.4	112.00	22.152	0.045142	1517.8	2023.4	7.1186	0.91443	1.1759	813.83	-0.058067	7.5472e-05	0.11947	supercritical
1911.4	112.00	22.141	0.045165	1518.7	2024.6	7.1192	0.91451	1.1760	814.03	-0.058079	7.5497e-05	0.11952	supercritical
1912.4	112.00	22.129	0.045189	1519.6	2025.7	7.1198	0.91458	1.1761	814.23	-0.058090	7.5523e-05	0.11957	supercritical
1913.4	112.00	22.118	0.045212	1520.5	2026.9	7.1204	0.91465	1.1761	814.43	-0.058102	7.5548e-05	0.11962	supercritical
1914.4	112.00	22.107	0.045235	1521.5	2028.1	7.1210	0.91472	1.1762	814.63	-0.058113	7.5574e-05	0.11967	supercritical
1915.4	112.00	22.095	0.045258	1522.4	2029.3	7.1216	0.91479	1.1763	814.83	-0.058125	7.5599e-05	0.11971	supercritical
1916.4	112.00	22.084	0.045282	1523.3	2030.4	7.1222	0.91486	1.1764	815.02	-0.058136	7.5625e-05	0.11976	supercritical
1917.4	112.00	22.073	0.045305	1524.2	2031.6	7.1229	0.91494	1.1764	815.22	-0.058148	7.5650e-05	0.11981	supercritical
1918.4	112.00	22.061	0.045328	1525.1	2032.8	7.1235	0.91501	1.1765	815.42	-0.058159	7.5675e-05	0.11986	supercritical
1919.4	112.00	22.050	0.045351	1526.0	2034.0	7.1241	0.91508	1.1766	815.62	-0.058170	7.5701e-05	0.11991	supercritical
1920.4	112.00	22.039	0.045375	1526.9	2035.1	7.1247	0.91515	1.1766	815.82	-0.058182	7.5726e-05	0.11996	supercritical
1921.4	112.00	22.027	0.045398	1527.9	2036.3	7.1253	0.91522	1.1767	816.02	-0.058193	7.5751e-05	0.12001	supercritical
1922.4	112.00	22.016	0.045421	1528.8	2037.5	7.1259	0.91529	1.1768	816.21	-0.058204	7.5777e-05	0.12005	supercritical
1923.4	112.00	22.005	0.045445	1529.7	2038.7	7.1265	0.91537	1.1768	816.41	-0.058216	7.5802e-05	0.12010	supercritical
1924.4	112.00	21.994	0.045468	1530.6	2039.9	7.1271	0.91544	1.1769	816.61	-0.058227	7.5828e-05	0.12015	supercritical
1925.4	112.00	21.982	0.045491	1531.5	2041.0	7.1278	0.91551	1.1770	816.81	-0.058238	7.5853e-05	0.12020	supercritical
1926.4	112.00	21.971	0.045514	1532.4	2042.2	7.1284	0.91558	1.1771	817.01	-0.058249	7.5878e-05	0.12025	supercritical
1927.4	112.00	21.960	0.045538	1533.4	2043.4	7.1290	0.91565	1.1771	817.20	-0.058261	7.5904e-05	0.12030	supercritical
1928.4	112.00	21.949	0.045561	1534.3	2044.6	7.1296	0.91572	1.1772	817.40	-0.058272	7.5929e-05	0.12035	supercritical
1929.4	112.00	21.937	0.045584	1535.2	2045.7	7.1302	0.91580	1.1773	817.60	-0.058283	7.5954e-05	0.12039	supercritical
1930.4	112.00	21.926	0.045607	1536.1	2046.9	7.1308	0.91587	1.1773	817.80	-0.058294	7.5980e-05	0.12044	supercritical
1931.4	112.00	21.915	0.045631	1537.0	2048.1	7.1314	0.91594	1.1774	817.99	-0.058305	7.6005e-05	0.12049	supercritical
1932.4	112.00	21.904	0.045654	1537.9	2049.3	7.1320	0.91601	1.1775	818.19	-0.058317	7.6030e-05	0.12054	supercritical
1933.4	112.00	21.893	0.045677	1538.9	2050.4	7.1326	0.91608	1.1775	818.39	-0.058328	7.6056e-05	0.12059	supercritical
1934.4	112.00	21.882	0.045701	1539.8	2051.6	7.1332	0.91615	1.1776	818.59	-0.058339	7.6081e-05	0.12064	supercritical
1935.4	112.00	21.870	0.045724	1540.7	2052.8	7.1339	0.91623	1.1777	818.78	-0.058350	7.6107e-05	0.12069	supercritical
1936.4	112.00	21.859	0.045747	1541.6	2054.0	7.1345	0.91630	1.1778	818.98	-0.058361	7.6132e-05	0.12073	supercritical
1937.4	112.00	21.848	0.045770	1542.5	2055.2	7.1351	0.91637	1.1778	819.18	-0.058372	7.6157e-05	0.12078	supercritical
1938.4	112.00	21.837	0.045794	1543.4	2056.3	7.1357	0.91644	1.1779	819.38	-0.058383	7.6182e-05	0.12083	supercritical
1939.4	112.00	21.826	0.045817	1544.4	2057.5	7.1363	0.91651	1.1780	819.57	-0.058394	7.6208e-05	0.12088	supercritical
1940.4	112.00	21.815	0.045840	1545.3	2058.7	7.1369	0.91658	1.1780	819.77	-0.058405	7.6233e-05	0.12093	supercritical
1941.4	112.00	21.804	0.045863	1546.2	2059.9	7.1375	0.91666	1.1781	819.97	-0.058416	7.6258e-05	0.12098	supercritical
1942.4	112.00	21.793	0.045887	1547.1	2061.0	7.1381	0.91673	1.1782	820.16	-0.058427	7.6284e-05	0.12103	supercritical
1943.4	112.00	21.782	0.045910	1548.0	2062.2	7.1387	0.91680	1.1782	820.36	-0.058438	7.6309e-05	0.12107	supercritical
1944.4	112.00	21.771	0.045933	1549.0	2063.4	7.1393	0.91687	1.1783	820.56	-0.058449	7.6334e-05	0.12112	supercritical
1945.4	112.00	21.760	0.045957	1549.9	2064.6	7.1399	0.91694	1.1784	820.75	-0.058460	7.6360e-05	0.12117	supercritical
1946.4	112.00	21.749	0.045980	1550.8	2065.8	7.1405	0.91701	1.1784	820.95	-0.058471	7.6385e-05	0.12122	supercritical
1947.4	112.00	21.738	0.046003	1551.7	2066.9	7.1411	0.91708	1.1785	821.15	-0.058481	7.6410e-05	0.12127	supercritical
1948.4	112.00	21.727	0.046026	1552.6	2068.1	7.1417	0.91716	1.1786	821.34	-0.058492	7.6436e-05	0.12132	supercritical
1949.4	112.00	21.716	0.046050	1553.5	2069.3	7.1423	0.91723	1.1787	821.54	-0.058503	7.6461e-05	0.12136	supercritical
1950.4	112.00	21.705	0.046073	1554.5	2070.5	7.1429	0.91730	1.1787	821.74	-0.058514	7.6486e-05	0.12141	supercritical
1951.4	112.00	21.694	0.046096	1555.4	2071.7	7.1436	0.91737	1.1788	821.93	-0.058525	7.6511e-05	0.12146	supercritical
1952.4	112.00	21.683	0.046119	1556.3	2072.8	7.1442	0.91744	1.1789	822.13	-0.058535	7.6537e-05	0.12151	supercritical
1953.4	112.00	21.672	0.046143	1557.2	2074.0	7.1448	0.91751	1.1789	822.33	-0.058546	7.6562e-05	0.12156	supercritical
1954.4	112.00	21.661	0.046166	1558.1	2075.2	7.1454	0.91758	1.1790	822.52	-0.058557	7.6587e-05	0.12161	supercritical
1955.4	112.00	21.650	0.046189	1559.1	2076.4	7.1460	0.91765	1.1791	822.72	-0.058568	7.6613e-05	0.12166	supercritical
1956.4	112.00	21.639	0.046212	1560.0	2077.6	7.1466	0.91773	1.1791	822.92	-0.058578	7.6638e-05	0.12170	supercritical
1957.4	112.00	21.628	0.046236	1560.9	2078.7	7.1472	0.91780	1.1792	823.11	-0.058589	7.6663e-05	0.12175	supercritical
1958.4	112.00	21.617	0.046259	1561.8	2079.9	7.1478	0.91787	1.1793	823.31	-0.058600	7.6688e-05	0.12180	supercritical
1959.4	112.00	21.607	0.046282	1562.7	2081.1	7.1484	0.91794	1.1793	823.51	-0.058610	7.6714e-05	0.12185	supercritical
1960.4	112.00	21.596	0.046306	1563.6	2082.3	7.1490	0.91801	1.1794	823.70	-0.058621	7.6739e-05	0.12190	supercritical
1961.4	112.00	21.585	0.046329	1564.6	2083.4	7.1496	0.91808	1.1795	823.90	-0.058632	7.6764e-05	0.12195	supercritical
1962.4	112.00	21.574	0.046352	1565.5	2084.6	7.1502	0.91815	1.1796	824.09	-0.058642	7.6789e-05	0.12199	supercritical
1963.4	112.00	21.563	0.046375	1566.4	2085.8	7.1508	0.91823	1.1796	824.29	-0.058653	7.6815e-05	0.12204	supercritical
1964.4	112.00	21.552	0.046399	1567.3	2087.0	7.1514	0.91830	1.1797	824.48	-0.058663	7.6840e-05	0.12209	supercritical
1965.4	112.00	21.542	0.046422	1568.2	2088.2	7.1520	0.91837	1.1798	824.68	-0.058674	7.6865e-05	0.12214	supercritical
1966.4	112.00	21.531	0.046445	1569.2	2089.3	7.1526	0.91844	1.1798	824.88	-0.058684	7.6890e-05	0.12219	supercritical
1967.4	112.00	21.520	0.046468	1570.1	2090.5	7.1532	0.91851	1.1799	825.07	-0.058695	7.6916e-05	0.12224	supercritical
1968.4	112.00	21.509	0.046492	1571.0	2091.7	7.1538	0.91858	1.1800	825.27	-0.058705	7.6941e-05	0.12229	supercritical
1969.4	112.00	21.498	0.046515	1571.9	2092.9	7.1544	0.91865	1.1800	825.46	-0.058716	7.6966e-05	0.12233	supercritical
1970.4	112.00	21.488	0.046538	1572.8	2094.1	7.1550	0.91872	1.1801	825.66	-0.058726	7.6991e-05	0.12238	supercritical
1971.4	112.00	21.477	0.046562	1573.8	2095.2	7.1556	0.91879	1.1802	825.85	-0.058737	7.7017e-05	0.12243	supercritical
1972.4	112.00	21.466	0.046585	1574.7	2096.4	7.1562	0.91887	1.1802	826.05	-0.058747	7.7042e-05	0.12248	supercritical
1973.4	112.00	21.456	0.046608	1575.6	2097.6	7.1568	0.91894	1.1803	826.25	-0.058757	7.7067e-05	0.12253	supercritical
1974.4	112.00	21.445	0.046631	1576.5	2098.8	7.1574	0.91901	1.1804	826.44	-0.058768	7.7092e-05	0.12258	supercritical
1975.4	112.00	21.434	0.046655	1577.4	2100.0	7.1580	0.91908	1.1805	826.64	-0.058778	7.7117e-05	0.12262	supercritical
1976.4	112.00	21.423	0.046678	1578.4	2101.1	7.1586	0.91915	1.1805	826.83	-0.058788	7.7143e-05	0.12267	supercritical
1977.4	112.00	21.413	0.046701	1579.3	2102.3	7.1592	0.91922	1.1806	827.03	-0.058799	7.7168e-05	0.12272	supercritical
1978.4	112.00	21.402	0.046724	1580.2	2103.5	7.1598	0.91929	1.1807	827.22	-0.058809	7.7193e-05	0.12277	supercritical
1979.4	112.00	21.391	0.046748	1581.1	2104.7	7.1604	0.91936	1.1807	827.42	-0.058819	7.7218e-05	0.12282	supercritical
1980.4	112.00	21.381	0.046771	1582.0	2105.9	7.1610	0.91943	1.1808	827.61	-0.058830	7.7243e-05	0.12287	supercritical
1981.4	112.00	21.370	0.046794	1583.0	2107.1	7.1616	0.91951	1.1809	827.81	-0.058840	7.7269e-05	0.12291	supercritical
1982.4	112.00	21.360	0.046817	1583.9	2108.2	7.1621	0.91958	1.1809	828.00	-0.058850	7.7294e-05	0.12296	supercritical
1983.4	112.00	21.349	0.046841	1584.8	2109.4	7.1627	0.91965	1.1810	828.20	-0.058860	7.7319e-05	0.12301	supercritical
1984.4	112.00	21.338	0.046864	1585.7	2110.6	7.1633	0.91972	1.1811	828.39	-0.058871	7.7344e-05	0.12306	supercritical
1985.4	112.00	21.328	0.046887	1586.6	2111.8	7.1639	0.91979	1.1811	828.59	-0.058881	7.7369e-05	0.12311	supercritical
1986.4	112.00	21.317	0.046911	1587.6	2113.0	7.1645	0.91986	1.1812	828.78	-0.058891	7.7395e-05	0.12316	supercritical
1987.4	112.00	21.307	0.046934	1588.5	2114.1	7.1651	0.91993	1.1813	828.97	-0.058901	7.7420e-05	0.12320	supercritical
1988.4	112.00	21.296	0.046957	1589.4	2115.3	7.1657	0.92000	1.1814	829.17	-0.058911	7.7445e-05	0.12325	supercritical
1989.4	112.00	21.286	0.046980	1590.3	2116.5	7.1663	0.92007	1.1814	829.36	-0.058921	7.7470e-05	0.12330	supercritical
1990.4	112.00	21.275	0.047004	1591.2	2117.7	7.1669	0.92014	1.1815	829.56	-0.058932	7.7495e-05	0.12335	supercritical
1991.4	112.00	21.264	0.047027	1592.2	2118.9	7.1675	0.92022	1.1816	829.75	-0.058942	7.7520e-05	0.12340	supercritical
1992.4	112.00	21.254	0.047050	1593.1	2120.0	7.1681	0.92029	1.1816	829.95	-0.058952	7.7546e-05	0.12345	supercritical
1993.4	112.00	21.243	0.047073	1594.0	2121.2	7.1687	0.92036	1.1817	830.14	-0.058962	7.7571e-05	0.12349	supercritical
1994.4	112.00	21.233	0.047097	1594.9	2122.4	7.1693	0.92043	1.1818	830.34	-0.058972	7.7596e-05	0.12354	supercritical
1995.4	112.00	21.222	0.047120	1595.8	2123.6	7.1699	0.92050	1.1818	830.53	-0.058982	7.7621e-05	0.12359	supercritical
1996.4	112.00	21.212	0.047143	1596.8	2124.8	7.1705	0.92057	1.1819	830.72	-0.058992	7.7646e-05	0.12364	supercritical
1997.4	112.00	21.202	0.047166	1597.7	2126.0	7.1711	0.92064	1.1820	830.92	-0.059002	7.7671e-05	0.12369	supercritical
1998.4	112.00	21.191	0.047190	1598.6	2127.1	7.1716	0.92071	1.1820	831.11	-0.059012	7.7696e-05	0.12374	supercritical
1999.4	112.00	21.181	0.047213	1599.5	2128.3	7.1722	0.92078	1.1821	831.31	-0.059022	7.7722e-05	0.12378	supercritical