Temperature (K)	Pressure (bar)	Density (kg/m3)	Volume (m3/kg)	Internal Energy (kJ/kg)	Enthalpy (kJ/kg)	Entropy (J/g*K)	Cv (J/g*K)	Cp (J/g*K)	Sound Spd. (m/s)	Joule-Thomson (K/bar)	Viscosity (Pa*s)	Therm. Cond. (W/m*K)	Phase
54.361	745.00	1375.2	0.00072718	-200.53	-146.35	1.9405	1.0732	1.4798	1323.3	-0.042656	0.0012686	0.22578	liquid
63.361	745.00	1344.3	0.00074387	-187.75	-132.34	2.1789	1.1160	1.6016	1293.7	-0.038901	0.00082069	0.21800	liquid
64.361	745.00	1340.9	0.00074578	-186.29	-130.73	2.2040	1.1160	1.6052	1288.6	-0.038788	0.00078572	0.21711	liquid
65.361	745.00	1337.4	0.00074770	-184.83	-129.13	2.2288	1.1154	1.6077	1283.5	-0.038705	0.00075296	0.21621	liquid
66.361	745.00	1334.0	0.00074962	-183.36	-127.52	2.2532	1.1142	1.6092	1278.4	-0.038646	0.00072226	0.21531	liquid
67.361	745.00	1330.6	0.00075155	-181.90	-125.91	2.2773	1.1125	1.6099	1273.2	-0.038609	0.00069346	0.21441	liquid
68.361	745.00	1327.2	0.00075348	-180.43	-124.30	2.3010	1.1104	1.6099	1267.9	-0.038589	0.00066642	0.21351	liquid
69.361	745.00	1323.8	0.00075541	-178.97	-122.69	2.3244	1.1080	1.6094	1262.7	-0.038584	0.00064102	0.21260	liquid
70.361	745.00	1320.4	0.00075735	-177.50	-121.08	2.3474	1.1053	1.6083	1257.4	-0.038590	0.00061714	0.21170	liquid
71.361	745.00	1317.0	0.00075930	-176.04	-119.47	2.3701	1.1023	1.6069	1252.2	-0.038607	0.00059466	0.21079	liquid
72.361	745.00	1313.6	0.00076125	-174.58	-117.87	2.3925	1.0991	1.6051	1246.9	-0.038631	0.00057349	0.20988	liquid
73.361	745.00	1310.3	0.00076320	-173.12	-116.26	2.4145	1.0957	1.6031	1241.7	-0.038661	0.00055354	0.20898	liquid
74.361	745.00	1306.9	0.00076516	-171.66	-114.66	2.4362	1.0921	1.6008	1236.6	-0.038696	0.00053472	0.20807	liquid
75.361	745.00	1303.6	0.00076712	-170.21	-113.06	2.4575	1.0885	1.5984	1231.4	-0.038735	0.00051694	0.20716	liquid
76.361	745.00	1300.2	0.00076909	-168.76	-111.46	2.4786	1.0847	1.5958	1226.3	-0.038776	0.00050015	0.20625	liquid
77.361	745.00	1296.9	0.00077106	-167.31	-109.87	2.4993	1.0809	1.5932	1221.2	-0.038819	0.00048426	0.20534	liquid
78.361	745.00	1293.6	0.00077303	-165.87	-108.28	2.5198	1.0770	1.5904	1216.1	-0.038864	0.00046923	0.20443	liquid
79.361	745.00	1290.3	0.00077501	-164.43	-106.69	2.5399	1.0731	1.5876	1211.1	-0.038908	0.00045499	0.20352	liquid
80.361	745.00	1287.0	0.00077700	-162.99	-105.10	2.5598	1.0692	1.5848	1206.0	-0.038953	0.00044149	0.20261	liquid
81.361	745.00	1283.7	0.00077898	-161.55	-103.52	2.5794	1.0652	1.5820	1201.1	-0.038997	0.00042867	0.20170	liquid
82.361	745.00	1280.4	0.00078098	-160.12	-101.94	2.5987	1.0613	1.5791	1196.1	-0.039040	0.00041651	0.20079	liquid
83.361	745.00	1277.2	0.00078298	-158.69	-100.36	2.6177	1.0573	1.5763	1191.2	-0.039082	0.00040495	0.19988	liquid
84.361	745.00	1273.9	0.00078498	-157.27	-98.784	2.6365	1.0534	1.5735	1186.3	-0.039122	0.00039395	0.19897	liquid
85.361	745.00	1270.7	0.00078699	-155.84	-97.212	2.6550	1.0495	1.5707	1181.5	-0.039161	0.00038348	0.19806	liquid
86.361	745.00	1267.4	0.00078901	-154.42	-95.643	2.6733	1.0456	1.5680	1176.6	-0.039197	0.00037351	0.19715	liquid
87.361	745.00	1264.2	0.00079103	-153.01	-94.076	2.6914	1.0418	1.5653	1171.9	-0.039231	0.00036401	0.19624	liquid
88.361	745.00	1260.9	0.00079306	-151.60	-92.512	2.7092	1.0380	1.5626	1167.1	-0.039263	0.00035494	0.19533	liquid
89.361	745.00	1257.7	0.00079510	-150.19	-90.951	2.7267	1.0342	1.5600	1162.4	-0.039293	0.00034629	0.19442	liquid
90.361	745.00	1254.5	0.00079714	-148.78	-89.392	2.7441	1.0304	1.5575	1157.6	-0.039320	0.00033802	0.19351	liquid
91.361	745.00	1251.3	0.00079919	-147.38	-87.836	2.7612	1.0267	1.5550	1153.0	-0.039345	0.00033011	0.19260	liquid
92.361	745.00	1248.1	0.00080124	-145.97	-86.282	2.7781	1.0231	1.5525	1148.3	-0.039367	0.00032255	0.19169	liquid
93.361	745.00	1244.9	0.00080330	-144.58	-84.731	2.7948	1.0195	1.5501	1143.7	-0.039386	0.00031531	0.19078	liquid
94.361	745.00	1241.7	0.00080537	-143.18	-83.182	2.8113	1.0159	1.5478	1139.1	-0.039403	0.00030837	0.18988	liquid
95.361	745.00	1238.5	0.00080745	-141.79	-81.635	2.8276	1.0124	1.5455	1134.5	-0.039417	0.00030171	0.18897	liquid
96.361	745.00	1235.3	0.00080953	-140.40	-80.091	2.8437	1.0089	1.5432	1130.0	-0.039429	0.00029533	0.18806	liquid
97.361	745.00	1232.1	0.00081162	-139.01	-78.549	2.8597	1.0055	1.5411	1125.5	-0.039437	0.00028920	0.18716	liquid
98.361	745.00	1228.9	0.00081372	-137.63	-77.009	2.8754	1.0021	1.5389	1121.0	-0.039444	0.00028331	0.18625	liquid
99.361	745.00	1225.8	0.00081582	-136.25	-75.471	2.8910	0.99876	1.5368	1116.5	-0.039447	0.00027765	0.18535	liquid
100.36	745.00	1222.6	0.00081793	-134.87	-73.935	2.9063	0.99547	1.5348	1112.1	-0.039448	0.00027221	0.18445	liquid
101.36	745.00	1219.4	0.00082006	-133.50	-72.401	2.9215	0.99222	1.5328	1107.6	-0.039447	0.00026696	0.18355	liquid
102.36	745.00	1216.3	0.00082219	-132.12	-70.870	2.9366	0.98902	1.5309	1103.2	-0.039443	0.00026191	0.18264	liquid
103.36	745.00	1213.1	0.00082432	-130.75	-69.340	2.9515	0.98586	1.5290	1098.9	-0.039436	0.00025705	0.18175	liquid
104.36	745.00	1210.0	0.00082647	-129.38	-67.812	2.9662	0.98274	1.5271	1094.5	-0.039427	0.00025235	0.18085	liquid
105.36	745.00	1206.8	0.00082862	-128.02	-66.285	2.9807	0.97966	1.5253	1090.2	-0.039416	0.00024783	0.17995	liquid
106.36	745.00	1203.7	0.00083078	-126.65	-64.761	2.9951	0.97663	1.5236	1085.9	-0.039402	0.00024345	0.17905	liquid
107.36	745.00	1200.5	0.00083296	-125.29	-63.238	3.0094	0.97364	1.5218	1081.6	-0.039386	0.00023923	0.17816	liquid
108.36	745.00	1197.4	0.00083514	-123.93	-61.717	3.0235	0.97068	1.5201	1077.4	-0.039367	0.00023514	0.17727	liquid
109.36	745.00	1194.3	0.00083732	-122.58	-60.198	3.0374	0.96777	1.5185	1073.1	-0.039346	0.00023119	0.17637	liquid
110.36	745.00	1191.2	0.00083952	-121.22	-58.680	3.0512	0.96489	1.5169	1068.9	-0.039323	0.00022737	0.17548	liquid
111.36	745.00	1188.0	0.00084173	-119.87	-57.164	3.0649	0.96205	1.5153	1064.7	-0.039298	0.00022367	0.17459	liquid
112.36	745.00	1184.9	0.00084395	-118.52	-55.650	3.0785	0.95925	1.5137	1060.6	-0.039271	0.00022008	0.17371	liquid
113.36	745.00	1181.8	0.00084617	-117.18	-54.137	3.0919	0.95649	1.5122	1056.4	-0.039241	0.00021660	0.17282	liquid
114.36	745.00	1178.7	0.00084841	-115.83	-52.625	3.1051	0.95376	1.5107	1052.3	-0.039209	0.00021323	0.17194	liquid
115.36	745.00	1175.6	0.00085065	-114.49	-51.115	3.1183	0.95106	1.5092	1048.2	-0.039175	0.00020996	0.17106	liquid
116.36	745.00	1172.5	0.00085290	-113.15	-49.607	3.1313	0.94840	1.5078	1044.1	-0.039139	0.00020679	0.17018	liquid
117.36	745.00	1169.4	0.00085517	-111.81	-48.100	3.1442	0.94577	1.5064	1040.1	-0.039101	0.00020370	0.16930	liquid
118.36	745.00	1166.3	0.00085744	-110.47	-46.594	3.1570	0.94318	1.5050	1036.0	-0.039061	0.00020070	0.16843	liquid
119.36	745.00	1163.2	0.00085972	-109.14	-45.090	3.1696	0.94062	1.5036	1032.0	-0.039019	0.00019779	0.16755	liquid
120.36	745.00	1160.1	0.00086201	-107.81	-43.587	3.1822	0.93808	1.5023	1028.0	-0.038975	0.00019495	0.16668	liquid
121.36	745.00	1157.0	0.00086432	-106.48	-42.085	3.1946	0.93558	1.5009	1024.1	-0.038929	0.00019220	0.16581	liquid
122.36	745.00	1153.9	0.00086663	-105.15	-40.585	3.2069	0.93311	1.4996	1020.1	-0.038882	0.00018951	0.16494	liquid
123.36	745.00	1150.8	0.00086895	-103.82	-39.086	3.2191	0.93067	1.4983	1016.2	-0.038832	0.00018690	0.16408	liquid
124.36	745.00	1147.7	0.00087128	-102.50	-37.588	3.2312	0.92826	1.4971	1012.3	-0.038781	0.00018435	0.16322	liquid
125.36	745.00	1144.7	0.00087363	-101.18	-36.092	3.2432	0.92587	1.4958	1008.4	-0.038727	0.00018187	0.16236	liquid
126.36	745.00	1141.6	0.00087598	-99.857	-34.597	3.2551	0.92352	1.4946	1004.6	-0.038672	0.00017945	0.16150	liquid
127.36	745.00	1138.5	0.00087834	-98.539	-33.103	3.2668	0.92119	1.4934	1000.7	-0.038615	0.00017708	0.16065	liquid
128.36	745.00	1135.4	0.00088072	-97.223	-31.610	3.2785	0.91888	1.4922	996.92	-0.038557	0.00017478	0.15980	liquid
129.36	745.00	1132.4	0.00088310	-95.909	-30.118	3.2901	0.91661	1.4910	993.12	-0.038497	0.00017253	0.15895	liquid
130.36	745.00	1129.3	0.00088550	-94.597	-28.628	3.3016	0.91435	1.4898	989.35	-0.038435	0.00017033	0.15810	liquid
131.36	745.00	1126.3	0.00088790	-93.288	-27.139	3.3129	0.91213	1.4886	985.60	-0.038371	0.00016819	0.15726	liquid
132.36	745.00	1123.2	0.00089032	-91.979	-25.651	3.3242	0.90993	1.4875	981.87	-0.038305	0.00016609	0.15642	liquid
133.36	745.00	1120.1	0.00089274	-90.673	-24.164	3.3354	0.90775	1.4863	978.16	-0.038238	0.00016404	0.15558	liquid
134.36	745.00	1117.1	0.00089518	-89.369	-22.678	3.3465	0.90560	1.4852	974.48	-0.038170	0.00016204	0.15475	liquid
135.36	745.00	1114.0	0.00089763	-88.067	-21.194	3.3575	0.90347	1.4841	970.81	-0.038100	0.00016008	0.15392	liquid
136.36	745.00	1111.0	0.00090009	-86.767	-19.710	3.3684	0.90136	1.4829	967.17	-0.038028	0.00015816	0.15309	liquid
137.36	745.00	1108.0	0.00090256	-85.469	-18.228	3.3793	0.89928	1.4818	963.55	-0.037954	0.00015628	0.15227	liquid
138.36	745.00	1104.9	0.00090504	-84.172	-16.746	3.3900	0.89722	1.4807	959.95	-0.037879	0.00015445	0.15144	liquid
139.36	745.00	1101.9	0.00090754	-82.878	-15.266	3.4007	0.89518	1.4796	956.37	-0.037803	0.00015265	0.15063	liquid
140.36	745.00	1098.9	0.00091004	-81.585	-13.787	3.4113	0.89316	1.4786	952.81	-0.037725	0.00015088	0.14981	liquid
141.36	745.00	1095.8	0.00091256	-80.294	-12.309	3.4218	0.89116	1.4775	949.28	-0.037645	0.00014916	0.14900	liquid
142.36	745.00	1092.8	0.00091508	-79.006	-10.832	3.4322	0.88919	1.4764	945.76	-0.037564	0.00014747	0.14819	liquid
143.36	745.00	1089.8	0.00091762	-77.719	-9.3563	3.4425	0.88723	1.4753	942.27	-0.037481	0.00014581	0.14739	liquid
144.36	745.00	1086.8	0.00092017	-76.434	-7.8815	3.4527	0.88530	1.4743	938.80	-0.037397	0.00014418	0.14659	liquid
145.36	745.00	1083.7	0.00092273	-75.151	-6.4077	3.4629	0.88339	1.4732	935.35	-0.037312	0.00014259	0.14579	liquid
146.36	745.00	1080.7	0.00092530	-73.870	-4.9350	3.4730	0.88149	1.4722	931.92	-0.037225	0.00014103	0.14500	liquid
147.36	745.00	1077.7	0.00092788	-72.591	-3.4633	3.4830	0.87962	1.4711	928.52	-0.037137	0.00013949	0.14421	liquid
148.36	745.00	1074.7	0.00093048	-71.313	-1.9927	3.4930	0.87776	1.4701	925.14	-0.037047	0.00013799	0.14342	liquid
149.36	745.00	1071.7	0.00093309	-70.038	-0.52315	3.5029	0.87593	1.4691	921.77	-0.036956	0.00013651	0.14264	liquid
150.36	745.00	1068.7	0.00093570	-68.765	0.94539	3.5127	0.87411	1.4680	918.43	-0.036863	0.00013506	0.14186	liquid
151.36	745.00	1065.7	0.00093833	-67.493	2.4129	3.5224	0.87231	1.4670	915.11	-0.036769	0.00013364	0.14109	liquid
152.36	745.00	1062.7	0.00094098	-66.223	3.8794	3.5320	0.87053	1.4660	911.82	-0.036674	0.00013224	0.14032	liquid
153.36	745.00	1059.7	0.00094363	-64.956	5.3448	3.5416	0.86877	1.4649	908.54	-0.036577	0.00013087	0.13955	liquid
154.36	745.00	1056.8	0.00094629	-63.690	6.8092	3.5511	0.86702	1.4639	905.29	-0.036479	0.00012952	0.13879	liquid
155.36	745.00	1053.8	0.00094897	-62.426	8.2726	3.5606	0.86530	1.4629	902.06	-0.036380	0.00012819	0.13803	supercritical
156.36	745.00	1050.8	0.00095166	-61.164	9.7350	3.5700	0.86359	1.4619	898.84	-0.036279	0.00012689	0.13728	supercritical
157.36	745.00	1047.8	0.00095436	-59.904	11.196	3.5793	0.86189	1.4608	895.66	-0.036177	0.00012561	0.13653	supercritical
158.36	745.00	1044.9	0.00095707	-58.645	12.657	3.5885	0.86022	1.4598	892.49	-0.036074	0.00012436	0.13578	supercritical
159.36	745.00	1041.9	0.00095980	-57.389	14.116	3.5977	0.85856	1.4588	889.34	-0.035969	0.00012312	0.13504	supercritical
160.36	745.00	1038.9	0.00096253	-56.134	15.574	3.6069	0.85692	1.4578	886.22	-0.035864	0.00012191	0.13430	supercritical
161.36	745.00	1036.0	0.00096528	-54.882	17.031	3.6159	0.85529	1.4567	883.12	-0.035757	0.00012071	0.13357	supercritical
162.36	745.00	1033.0	0.00096804	-53.631	18.488	3.6249	0.85368	1.4557	880.04	-0.035648	0.00011954	0.13284	supercritical
163.36	745.00	1030.1	0.00097081	-52.383	19.943	3.6338	0.85209	1.4547	876.98	-0.035539	0.00011839	0.13212	supercritical
164.36	745.00	1027.1	0.00097360	-51.136	21.397	3.6427	0.85051	1.4537	873.95	-0.035428	0.00011725	0.13140	supercritical
165.36	745.00	1024.2	0.00097639	-49.891	22.850	3.6515	0.84894	1.4527	870.93	-0.035316	0.00011613	0.13068	supercritical
166.36	745.00	1021.2	0.00097920	-48.648	24.302	3.6603	0.84740	1.4516	867.94	-0.035204	0.00011504	0.12997	supercritical
167.36	745.00	1018.3	0.00098202	-47.407	25.754	3.6690	0.84587	1.4506	864.97	-0.035089	0.00011396	0.12926	supercritical
168.36	745.00	1015.4	0.00098485	-46.168	27.204	3.6776	0.84435	1.4496	862.02	-0.034974	0.00011289	0.12856	supercritical
169.36	745.00	1012.5	0.00098770	-44.931	28.653	3.6862	0.84285	1.4486	859.10	-0.034858	0.00011185	0.12786	supercritical
170.36	745.00	1009.5	0.00099055	-43.695	30.101	3.6947	0.84136	1.4476	856.19	-0.034740	0.00011082	0.12717	supercritical
171.36	745.00	1006.6	0.00099342	-42.462	31.548	3.7032	0.83989	1.4465	853.31	-0.034622	0.00010980	0.12648	supercritical
172.36	745.00	1003.7	0.00099630	-41.231	32.994	3.7116	0.83843	1.4455	850.45	-0.034502	0.00010881	0.12580	supercritical
173.36	745.00	1000.8	0.00099920	-40.001	34.439	3.7200	0.83699	1.4445	847.61	-0.034381	0.00010783	0.12512	supercritical
174.36	745.00	997.90	0.0010021	-38.774	35.883	3.7283	0.83556	1.4434	844.79	-0.034260	0.00010686	0.12445	supercritical
175.36	745.00	995.01	0.0010050	-37.548	37.326	3.7365	0.83415	1.4424	842.00	-0.034137	0.00010591	0.12378	supercritical
176.36	745.00	992.11	0.0010079	-36.324	38.768	3.7447	0.83274	1.4414	839.22	-0.034013	0.00010497	0.12311	supercritical
177.36	745.00	989.23	0.0010109	-35.103	40.209	3.7529	0.83136	1.4403	836.47	-0.033888	0.00010405	0.12245	supercritical
178.36	745.00	986.35	0.0010138	-33.883	41.648	3.7610	0.82998	1.4393	833.74	-0.033763	0.00010315	0.12179	supercritical
179.36	745.00	983.47	0.0010168	-32.665	43.087	3.7690	0.82863	1.4383	831.03	-0.033636	0.00010225	0.12114	supercritical
180.36	745.00	980.60	0.0010198	-31.449	44.525	3.7770	0.82728	1.4372	828.35	-0.033508	0.00010137	0.12050	supercritical
181.36	745.00	977.73	0.0010228	-30.235	45.962	3.7850	0.82595	1.4362	825.68	-0.033380	0.00010051	0.11986	supercritical
182.36	745.00	974.87	0.0010258	-29.023	47.397	3.7928	0.82463	1.4351	823.04	-0.033250	9.9657e-05	0.11922	supercritical
183.36	745.00	972.01	0.0010288	-27.813	48.832	3.8007	0.82332	1.4341	820.42	-0.033120	9.8818e-05	0.11859	supercritical
184.36	745.00	969.16	0.0010318	-26.605	50.265	3.8085	0.82203	1.4330	817.82	-0.032989	9.7992e-05	0.11796	supercritical
185.36	745.00	966.32	0.0010349	-25.399	51.698	3.8162	0.82074	1.4320	815.24	-0.032857	9.7178e-05	0.11734	supercritical
186.36	745.00	963.47	0.0010379	-24.195	53.129	3.8239	0.81948	1.4309	812.68	-0.032724	9.6376e-05	0.11672	supercritical
187.36	745.00	960.64	0.0010410	-22.993	54.560	3.8316	0.81822	1.4298	810.15	-0.032590	9.5587e-05	0.11611	supercritical
188.36	745.00	957.81	0.0010440	-21.793	55.989	3.8392	0.81698	1.4288	807.63	-0.032456	9.4810e-05	0.11550	supercritical
189.36	745.00	954.99	0.0010471	-20.594	57.417	3.8468	0.81575	1.4277	805.14	-0.032321	9.4044e-05	0.11490	supercritical
190.36	745.00	952.17	0.0010502	-19.398	58.844	3.8543	0.81453	1.4266	802.67	-0.032185	9.3290e-05	0.11430	supercritical
191.36	745.00	949.36	0.0010533	-18.204	60.270	3.8618	0.81332	1.4255	800.22	-0.032049	9.2548e-05	0.11371	supercritical
192.36	745.00	946.55	0.0010565	-17.011	61.695	3.8692	0.81213	1.4245	797.79	-0.031911	9.1816e-05	0.11312	supercritical
193.36	745.00	943.75	0.0010596	-15.821	63.119	3.8766	0.81094	1.4234	795.39	-0.031773	9.1096e-05	0.11254	supercritical
194.36	745.00	940.96	0.0010627	-14.633	64.542	3.8839	0.80977	1.4223	793.00	-0.031635	9.0386e-05	0.11196	supercritical
195.36	745.00	938.17	0.0010659	-13.446	65.964	3.8912	0.80862	1.4212	790.64	-0.031496	8.9687e-05	0.11139	supercritical
196.36	745.00	935.38	0.0010691	-12.262	67.384	3.8985	0.80747	1.4201	788.29	-0.031356	8.8999e-05	0.11082	supercritical
197.36	745.00	932.61	0.0010723	-11.079	68.804	3.9057	0.80633	1.4190	785.97	-0.031216	8.8321e-05	0.11026	supercritical
198.36	745.00	929.84	0.0010755	-9.8991	70.222	3.9128	0.80521	1.4179	783.67	-0.031075	8.7653e-05	0.10970	supercritical
199.36	745.00	927.07	0.0010787	-8.7206	71.640	3.9200	0.80409	1.4168	781.39	-0.030933	8.6995e-05	0.10914	supercritical
200.36	745.00	924.32	0.0010819	-7.5441	73.056	3.9270	0.80299	1.4157	779.13	-0.030791	8.6347e-05	0.10860	supercritical
201.36	745.00	921.56	0.0010851	-6.3696	74.471	3.9341	0.80190	1.4146	776.89	-0.030649	8.5708e-05	0.10805	supercritical
202.36	745.00	918.82	0.0010884	-5.1971	75.885	3.9411	0.80082	1.4134	774.68	-0.030506	8.5079e-05	0.10751	supercritical
203.36	745.00	916.08	0.0010916	-4.0266	77.298	3.9481	0.79975	1.4123	772.48	-0.030363	8.4460e-05	0.10698	supercritical
204.36	745.00	913.35	0.0010949	-2.8581	78.710	3.9550	0.79870	1.4112	770.30	-0.030219	8.3849e-05	0.10645	supercritical
205.36	745.00	910.62	0.0010981	-1.6916	80.120	3.9619	0.79765	1.4101	768.15	-0.030075	8.3248e-05	0.10593	supercritical
206.36	745.00	907.91	0.0011014	-0.52711	81.530	3.9687	0.79661	1.4089	766.01	-0.029931	8.2656e-05	0.10541	supercritical
207.36	745.00	905.19	0.0011047	0.63541	82.938	3.9755	0.79559	1.4078	763.90	-0.029786	8.2072e-05	0.10489	supercritical
208.36	745.00	902.49	0.0011080	1.7959	84.345	3.9823	0.79457	1.4066	761.80	-0.029641	8.1498e-05	0.10438	supercritical
209.36	745.00	899.79	0.0011114	2.9545	85.751	3.9890	0.79357	1.4055	759.73	-0.029496	8.0931e-05	0.10388	supercritical
210.36	745.00	897.10	0.0011147	4.1110	87.156	3.9957	0.79257	1.4043	757.68	-0.029350	8.0374e-05	0.10338	supercritical
211.36	745.00	894.42	0.0011180	5.2655	88.560	4.0024	0.79159	1.4032	755.64	-0.029204	7.9824e-05	0.10289	supercritical
212.36	745.00	891.74	0.0011214	6.4181	89.963	4.0090	0.79061	1.4020	753.63	-0.029058	7.9283e-05	0.10240	supercritical
213.36	745.00	889.07	0.0011248	7.5686	91.364	4.0156	0.78965	1.4009	751.64	-0.028912	7.8750e-05	0.10191	supercritical
214.36	745.00	886.41	0.0011282	8.7171	92.764	4.0221	0.78870	1.3997	749.67	-0.028766	7.8225e-05	0.10143	supercritical
215.36	745.00	883.75	0.0011315	9.8637	94.164	4.0286	0.78775	1.3985	747.71	-0.028620	7.7707e-05	0.10095	supercritical
216.36	745.00	881.10	0.0011349	11.008	95.561	4.0351	0.78682	1.3973	745.78	-0.028473	7.7198e-05	0.10048	supercritical
217.36	745.00	878.46	0.0011384	12.151	96.958	4.0416	0.78589	1.3962	743.86	-0.028326	7.6696e-05	0.10002	supercritical
218.36	745.00	875.83	0.0011418	13.291	98.354	4.0480	0.78498	1.3950	741.97	-0.028180	7.6201e-05	0.099555	supercritical
219.36	745.00	873.20	0.0011452	14.430	99.748	4.0543	0.78407	1.3938	740.10	-0.028033	7.5714e-05	0.099098	supercritical
220.36	745.00	870.58	0.0011487	15.566	101.14	4.0607	0.78318	1.3926	738.24	-0.027887	7.5234e-05	0.098646	supercritical
221.36	745.00	867.97	0.0011521	16.701	102.53	4.0670	0.78229	1.3914	736.40	-0.027740	7.4761e-05	0.098198	supercritical
222.36	745.00	865.37	0.0011556	17.833	103.92	4.0732	0.78141	1.3902	734.59	-0.027594	7.4295e-05	0.097755	supercritical
223.36	745.00	862.77	0.0011591	18.964	105.31	4.0795	0.78055	1.3890	732.79	-0.027447	7.3837e-05	0.097316	supercritical
224.36	745.00	860.18	0.0011625	20.092	106.70	4.0857	0.77969	1.3878	731.01	-0.027301	7.3385e-05	0.096882	supercritical
225.36	745.00	857.60	0.0011660	21.219	108.09	4.0919	0.77884	1.3866	729.25	-0.027155	7.2940e-05	0.096452	supercritical
226.36	745.00	855.03	0.0011696	22.344	109.48	4.0980	0.77800	1.3853	727.51	-0.027009	7.2501e-05	0.096027	supercritical
227.36	745.00	852.46	0.0011731	23.466	110.86	4.1041	0.77717	1.3841	725.79	-0.026863	7.2069e-05	0.095607	supercritical
228.36	745.00	849.91	0.0011766	24.587	112.24	4.1102	0.77635	1.3829	724.09	-0.026717	7.1644e-05	0.095191	supercritical
229.36	745.00	847.36	0.0011801	25.705	113.63	4.1162	0.77554	1.3817	722.40	-0.026572	7.1224e-05	0.094779	supercritical
230.36	745.00	844.82	0.0011837	26.822	115.01	4.1222	0.77473	1.3804	720.74	-0.026427	7.0812e-05	0.094371	supercritical
231.36	745.00	842.28	0.0011872	27.936	116.39	4.1282	0.77394	1.3792	719.09	-0.026282	7.0405e-05	0.093968	supercritical
232.36	745.00	839.76	0.0011908	29.049	117.77	4.1341	0.77315	1.3779	717.46	-0.026138	7.0004e-05	0.093570	supercritical
233.36	745.00	837.24	0.0011944	30.160	119.14	4.1400	0.77237	1.3767	715.85	-0.025994	6.9610e-05	0.093176	supercritical
234.36	745.00	834.73	0.0011980	31.268	120.52	4.1459	0.77161	1.3755	714.25	-0.025850	6.9221e-05	0.092787	supercritical
235.36	745.00	832.23	0.0012016	32.375	121.89	4.1518	0.77085	1.3742	712.68	-0.025707	6.8838e-05	0.092402	supercritical
236.36	745.00	829.74	0.0012052	33.480	123.27	4.1576	0.77009	1.3729	711.12	-0.025564	6.8461e-05	0.092021	supercritical
237.36	745.00	827.26	0.0012088	34.582	124.64	4.1634	0.76935	1.3717	709.58	-0.025422	6.8089e-05	0.091645	supercritical
238.36	745.00	824.78	0.0012124	35.683	126.01	4.1692	0.76862	1.3704	708.06	-0.025280	6.7723e-05	0.091273	supercritical
239.36	745.00	822.31	0.0012161	36.782	127.38	4.1749	0.76789	1.3692	706.55	-0.025139	6.7363e-05	0.090905	supercritical
240.36	745.00	819.85	0.0012197	37.879	128.75	4.1806	0.76717	1.3679	705.06	-0.024998	6.7008e-05	0.090541	supercritical
241.36	745.00	817.40	0.0012234	38.974	130.12	4.1863	0.76646	1.3666	703.59	-0.024858	6.6658e-05	0.090181	supercritical
242.36	745.00	814.96	0.0012271	40.066	131.48	4.1919	0.76576	1.3654	702.14	-0.024718	6.6314e-05	0.089826	supercritical
243.36	745.00	812.53	0.0012307	41.157	132.85	4.1976	0.76506	1.3641	700.70	-0.024579	6.5974e-05	0.089474	supercritical
244.36	745.00	810.10	0.0012344	42.246	134.21	4.2031	0.76438	1.3628	699.28	-0.024440	6.5640e-05	0.089127	supercritical
245.36	745.00	807.69	0.0012381	43.333	135.57	4.2087	0.76370	1.3615	697.88	-0.024302	6.5311e-05	0.088784	supercritical
246.36	745.00	805.28	0.0012418	44.418	136.93	4.2142	0.76303	1.3602	696.49	-0.024165	6.4987e-05	0.088444	supercritical
247.36	745.00	802.88	0.0012455	45.502	138.29	4.2197	0.76237	1.3589	695.12	-0.024029	6.4667e-05	0.088109	supercritical
248.36	745.00	800.49	0.0012492	46.583	139.65	4.2252	0.76171	1.3577	693.77	-0.023893	6.4353e-05	0.087777	supercritical
249.36	745.00	798.11	0.0012530	47.662	141.01	4.2307	0.76107	1.3564	692.43	-0.023758	6.4043e-05	0.087450	supercritical
250.36	745.00	795.73	0.0012567	48.739	142.36	4.2361	0.76043	1.3551	691.11	-0.023623	6.3737e-05	0.087126	supercritical
251.36	745.00	793.37	0.0012604	49.815	143.72	4.2415	0.75979	1.3538	689.81	-0.023490	6.3437e-05	0.086806	supercritical
252.36	745.00	791.01	0.0012642	50.888	145.07	4.2469	0.75917	1.3525	688.52	-0.023357	6.3141e-05	0.086490	supercritical
253.36	745.00	788.67	0.0012680	51.960	146.42	4.2522	0.75855	1.3512	687.25	-0.023225	6.2849e-05	0.086178	supercritical
254.36	745.00	786.33	0.0012717	53.030	147.77	4.2575	0.75795	1.3499	685.99	-0.023094	6.2562e-05	0.085869	supercritical
255.36	745.00	784.00	0.0012755	54.097	149.12	4.2628	0.75734	1.3486	684.75	-0.022964	6.2279e-05	0.085564	supercritical
256.36	745.00	781.68	0.0012793	55.163	150.47	4.2681	0.75675	1.3473	683.52	-0.022834	6.2000e-05	0.085263	supercritical
257.36	745.00	779.37	0.0012831	56.227	151.82	4.2733	0.75616	1.3460	682.31	-0.022706	6.1725e-05	0.084965	supercritical
258.36	745.00	777.07	0.0012869	57.289	153.16	4.2786	0.75558	1.3447	681.11	-0.022578	6.1455e-05	0.084671	supercritical
259.36	745.00	774.77	0.0012907	58.349	154.51	4.2838	0.75501	1.3433	679.93	-0.022451	6.1189e-05	0.084381	supercritical
260.36	745.00	772.49	0.0012945	59.408	155.85	4.2889	0.75445	1.3420	678.77	-0.022326	6.0926e-05	0.084094	supercritical
261.36	745.00	770.21	0.0012983	60.464	157.19	4.2941	0.75389	1.3407	677.62	-0.022201	6.0668e-05	0.083811	supercritical
262.36	745.00	767.95	0.0013022	61.519	158.53	4.2992	0.75334	1.3394	676.48	-0.022077	6.0413e-05	0.083531	supercritical
263.36	745.00	765.69	0.0013060	62.571	159.87	4.3043	0.75279	1.3381	675.36	-0.021954	6.0162e-05	0.083254	supercritical
264.36	745.00	763.44	0.0013099	63.622	161.21	4.3093	0.75226	1.3368	674.25	-0.021833	5.9916e-05	0.082981	supercritical
265.36	745.00	761.20	0.0013137	64.671	162.54	4.3144	0.75173	1.3355	673.16	-0.021712	5.9672e-05	0.082712	supercritical
266.36	745.00	758.97	0.0013176	65.718	163.88	4.3194	0.75120	1.3342	672.08	-0.021592	5.9433e-05	0.082445	supercritical
267.36	745.00	756.75	0.0013214	66.763	165.21	4.3244	0.75069	1.3328	671.02	-0.021473	5.9197e-05	0.082182	supercritical
268.36	745.00	754.53	0.0013253	67.807	166.54	4.3294	0.75018	1.3315	669.97	-0.021356	5.8964e-05	0.081922	supercritical
269.36	745.00	752.33	0.0013292	68.849	167.87	4.3343	0.74968	1.3302	668.93	-0.021239	5.8735e-05	0.081666	supercritical
270.36	745.00	750.13	0.0013331	69.888	169.20	4.3393	0.74918	1.3289	667.91	-0.021124	5.8510e-05	0.081413	supercritical
271.36	745.00	747.95	0.0013370	70.926	170.53	4.3442	0.74869	1.3276	666.90	-0.021009	5.8288e-05	0.081162	supercritical
272.36	745.00	745.77	0.0013409	71.963	171.86	4.3490	0.74821	1.3263	665.90	-0.020896	5.8069e-05	0.080915	supercritical
273.36	745.00	743.60	0.0013448	72.997	173.18	4.3539	0.74773	1.3249	664.92	-0.020784	5.7853e-05	0.080671	supercritical
274.36	745.00	741.45	0.0013487	74.030	174.51	4.3587	0.74726	1.3236	663.95	-0.020673	5.7641e-05	0.080431	supercritical
275.36	745.00	739.30	0.0013526	75.060	175.83	4.3636	0.74680	1.3223	662.99	-0.020563	5.7432e-05	0.080193	supercritical
276.36	745.00	737.15	0.0013566	76.089	177.15	4.3683	0.74634	1.3210	662.05	-0.020455	5.7226e-05	0.079958	supercritical
277.36	745.00	735.02	0.0013605	77.117	178.47	4.3731	0.74589	1.3197	661.12	-0.020347	5.7023e-05	0.079726	supercritical
278.36	745.00	732.90	0.0013644	78.142	179.79	4.3779	0.74545	1.3184	660.20	-0.020241	5.6823e-05	0.079497	supercritical
279.36	745.00	730.79	0.0013684	79.166	181.11	4.3826	0.74501	1.3171	659.30	-0.020136	5.6627e-05	0.079271	supercritical
280.36	745.00	728.68	0.0013723	80.188	182.43	4.3873	0.74458	1.3158	658.41	-0.020032	5.6433e-05	0.079048	supercritical
281.36	745.00	726.59	0.0013763	81.208	183.74	4.3920	0.74415	1.3144	657.53	-0.019929	5.6242e-05	0.078828	supercritical
282.36	745.00	724.50	0.0013803	82.227	185.06	4.3966	0.74374	1.3131	656.66	-0.019828	5.6054e-05	0.078610	supercritical
283.36	745.00	722.42	0.0013842	83.243	186.37	4.4013	0.74332	1.3118	655.81	-0.019728	5.5868e-05	0.078396	supercritical
284.36	745.00	720.36	0.0013882	84.259	187.68	4.4059	0.74292	1.3105	654.96	-0.019629	5.5686e-05	0.078184	supercritical
285.36	745.00	718.30	0.0013922	85.272	188.99	4.4105	0.74252	1.3092	654.13	-0.019531	5.5506e-05	0.077975	supercritical
286.36	745.00	716.25	0.0013962	86.284	190.30	4.4151	0.74212	1.3079	653.31	-0.019434	5.5329e-05	0.077768	supercritical
287.36	745.00	714.20	0.0014002	87.294	191.61	4.4196	0.74173	1.3066	652.50	-0.019339	5.5155e-05	0.077564	supercritical
288.36	745.00	712.17	0.0014042	88.302	192.91	4.4242	0.74135	1.3053	651.71	-0.019245	5.4983e-05	0.077363	supercritical
289.36	745.00	710.15	0.0014082	89.308	194.22	4.4287	0.74097	1.3040	650.92	-0.019152	5.4814e-05	0.077164	supercritical
290.36	745.00	708.13	0.0014122	90.313	195.52	4.4332	0.74060	1.3027	650.15	-0.019061	5.4647e-05	0.076968	supercritical
291.36	745.00	706.13	0.0014162	91.317	196.82	4.4376	0.74024	1.3014	649.39	-0.018971	5.4483e-05	0.076775	supercritical
292.36	745.00	704.13	0.0014202	92.318	198.12	4.4421	0.73988	1.3002	648.64	-0.018882	5.4321e-05	0.076584	supercritical
293.36	745.00	702.14	0.0014242	93.318	199.42	4.4465	0.73952	1.2989	647.90	-0.018794	5.4162e-05	0.076395	supercritical
294.36	745.00	700.17	0.0014282	94.317	200.72	4.4510	0.73917	1.2976	647.17	-0.018708	5.4005e-05	0.076209	supercritical
295.36	745.00	698.20	0.0014323	95.313	202.02	4.4554	0.73883	1.2963	646.45	-0.018623	5.3850e-05	0.076025	supercritical
296.36	745.00	696.24	0.0014363	96.309	203.31	4.4597	0.73849	1.2950	645.74	-0.018539	5.3698e-05	0.075844	supercritical
297.36	745.00	694.28	0.0014403	97.302	204.61	4.4641	0.73816	1.2938	645.05	-0.018456	5.3548e-05	0.075665	supercritical
298.36	745.00	692.34	0.0014444	98.294	205.90	4.4684	0.73784	1.2925	644.36	-0.018375	5.3400e-05	0.075489	supercritical
299.36	745.00	690.41	0.0014484	99.284	207.19	4.4728	0.73752	1.2912	643.68	-0.018295	5.3255e-05	0.075314	supercritical
300.36	745.00	688.48	0.0014525	100.27	208.48	4.4771	0.73720	1.2900	643.02	-0.018216	5.3111e-05	0.075142	supercritical
301.36	745.00	686.56	0.0014565	101.26	209.77	4.4814	0.73689	1.2887	642.36	-0.018139	5.2970e-05	0.074973	supercritical
302.36	745.00	684.65	0.0014606	102.25	211.06	4.4856	0.73659	1.2874	641.71	-0.018063	5.2831e-05	0.074805	supercritical
303.36	745.00	682.75	0.0014647	103.23	212.35	4.4899	0.73629	1.2862	641.08	-0.017988	5.2694e-05	0.074640	supercritical
304.36	745.00	680.86	0.0014687	104.21	213.63	4.4941	0.73599	1.2849	640.45	-0.017915	5.2559e-05	0.074477	supercritical
305.36	745.00	678.98	0.0014728	105.19	214.92	4.4983	0.73571	1.2837	639.84	-0.017842	5.2426e-05	0.074316	supercritical
306.36	745.00	677.11	0.0014769	106.17	216.20	4.5025	0.73542	1.2824	639.23	-0.017772	5.2295e-05	0.074157	supercritical
307.36	745.00	675.24	0.0014809	107.15	217.48	4.5067	0.73514	1.2812	638.63	-0.017702	5.2166e-05	0.074000	supercritical
308.36	745.00	673.39	0.0014850	108.13	218.76	4.5108	0.73487	1.2800	638.04	-0.017634	5.2039e-05	0.073845	supercritical
309.36	745.00	671.54	0.0014891	109.10	220.04	4.5150	0.73460	1.2787	637.47	-0.017567	5.1914e-05	0.073277	supercritical
310.36	745.00	669.70	0.0014932	110.08	221.32	4.5191	0.73434	1.2775	636.90	-0.017501	5.1791e-05	0.073125	supercritical
311.36	745.00	667.87	0.0014973	111.05	222.60	4.5232	0.73408	1.2763	636.34	-0.017436	5.1669e-05	0.072976	supercritical
312.36	745.00	666.05	0.0015014	112.02	223.87	4.5273	0.73383	1.2751	635.78	-0.017373	5.1550e-05	0.072828	supercritical
313.36	745.00	664.23	0.0015055	112.99	225.15	4.5314	0.73358	1.2738	635.24	-0.017311	5.1432e-05	0.072683	supercritical
314.36	745.00	662.43	0.0015096	113.96	226.42	4.5354	0.73334	1.2726	634.71	-0.017251	5.1316e-05	0.072539	supercritical
315.36	745.00	660.63	0.0015137	114.92	227.69	4.5395	0.73310	1.2714	634.18	-0.017191	5.1201e-05	0.072398	supercritical
316.36	745.00	658.85	0.0015178	115.89	228.96	4.5435	0.73287	1.2702	633.67	-0.017133	5.1089e-05	0.072258	supercritical
317.36	745.00	657.07	0.0015219	116.85	230.23	4.5475	0.73264	1.2690	633.16	-0.017076	5.0978e-05	0.072120	supercritical
318.36	745.00	655.29	0.0015260	117.81	231.50	4.5515	0.73241	1.2678	632.66	-0.017021	5.0869e-05	0.071984	supercritical
319.36	745.00	653.53	0.0015301	118.77	232.77	4.5555	0.73220	1.2666	632.17	-0.016966	5.0761e-05	0.071849	supercritical
320.36	745.00	651.78	0.0015343	119.73	234.03	4.5594	0.73198	1.2655	631.68	-0.016913	5.0655e-05	0.071717	supercritical
321.36	745.00	650.03	0.0015384	120.69	235.30	4.5634	0.73177	1.2643	631.21	-0.016862	5.0551e-05	0.071586	supercritical
322.36	745.00	648.29	0.0015425	121.64	236.56	4.5673	0.73157	1.2631	630.74	-0.016811	5.0448e-05	0.071457	supercritical
323.36	745.00	646.56	0.0015466	122.60	237.82	4.5712	0.73137	1.2619	630.28	-0.016762	5.0346e-05	0.071330	supercritical
324.36	745.00	644.84	0.0015508	123.55	239.09	4.5751	0.73117	1.2608	629.83	-0.016714	5.0247e-05	0.071205	supercritical
325.36	745.00	643.13	0.0015549	124.51	240.35	4.5790	0.73098	1.2596	629.39	-0.016667	5.0148e-05	0.071081	supercritical
326.36	745.00	641.42	0.0015590	125.46	241.61	4.5828	0.73079	1.2585	628.95	-0.016621	5.0052e-05	0.070959	supercritical
327.36	745.00	639.72	0.0015632	126.41	242.86	4.5867	0.73061	1.2573	628.53	-0.016577	4.9956e-05	0.070838	supercritical
328.36	745.00	638.03	0.0015673	127.35	244.12	4.5905	0.73043	1.2562	628.11	-0.016533	4.9862e-05	0.070719	supercritical
329.36	745.00	636.35	0.0015715	128.30	245.38	4.5943	0.73026	1.2550	627.69	-0.016491	4.9770e-05	0.070602	supercritical
330.36	745.00	634.68	0.0015756	129.25	246.63	4.5982	0.73009	1.2539	627.29	-0.016450	4.9679e-05	0.070486	supercritical
331.36	745.00	633.01	0.0015798	130.19	247.88	4.6019	0.72992	1.2528	626.89	-0.016411	4.9589e-05	0.070372	supercritical
332.36	745.00	631.35	0.0015839	131.14	249.14	4.6057	0.72976	1.2517	626.50	-0.016372	4.9501e-05	0.070259	supercritical
333.36	745.00	629.70	0.0015880	132.08	250.39	4.6095	0.72960	1.2505	626.11	-0.016335	4.9414e-05	0.070148	supercritical
334.36	745.00	628.06	0.0015922	133.02	251.64	4.6132	0.72945	1.2494	625.73	-0.016299	4.9328e-05	0.070039	supercritical
335.36	745.00	626.43	0.0015964	133.96	252.89	4.6169	0.72930	1.2483	625.36	-0.016264	4.9244e-05	0.069931	supercritical
336.36	745.00	624.80	0.0016005	134.90	254.13	4.6207	0.72916	1.2472	625.00	-0.016230	4.9161e-05	0.069824	supercritical
337.36	745.00	623.18	0.0016047	135.83	255.38	4.6244	0.72902	1.2461	624.64	-0.016197	4.9079e-05	0.069719	supercritical
338.36	745.00	621.57	0.0016088	136.77	256.63	4.6280	0.72888	1.2450	624.29	-0.016166	4.8998e-05	0.069615	supercritical
339.36	745.00	619.97	0.0016130	137.70	257.87	4.6317	0.72875	1.2440	623.95	-0.016136	4.8919e-05	0.069513	supercritical
340.36	745.00	618.37	0.0016171	138.64	259.11	4.6354	0.72862	1.2429	623.61	-0.016106	4.8841e-05	0.069412	supercritical
341.36	745.00	616.78	0.0016213	139.57	260.36	4.6390	0.72850	1.2418	623.28	-0.016078	4.8764e-05	0.069313	supercritical
342.36	745.00	615.20	0.0016255	140.50	261.60	4.6427	0.72838	1.2407	622.96	-0.016051	4.8688e-05	0.069215	supercritical
343.36	745.00	613.63	0.0016296	141.43	262.84	4.6463	0.72826	1.2397	622.64	-0.016025	4.8614e-05	0.069118	supercritical
344.36	745.00	612.06	0.0016338	142.36	264.08	4.6499	0.72815	1.2386	622.33	-0.016000	4.8540e-05	0.069022	supercritical
345.36	745.00	610.51	0.0016380	143.29	265.31	4.6535	0.72804	1.2376	622.02	-0.015977	4.8468e-05	0.068928	supercritical
346.36	745.00	608.96	0.0016422	144.21	266.55	4.6570	0.72794	1.2365	621.72	-0.015954	4.8397e-05	0.068836	supercritical
347.36	745.00	607.41	0.0016463	145.14	267.79	4.6606	0.72784	1.2355	621.43	-0.015932	4.8327e-05	0.068744	supercritical
348.36	745.00	605.88	0.0016505	146.06	269.02	4.6642	0.72774	1.2345	621.14	-0.015912	4.8258e-05	0.068654	supercritical
349.36	745.00	604.35	0.0016547	146.98	270.26	4.6677	0.72765	1.2335	620.86	-0.015892	4.8190e-05	0.068565	supercritical
350.36	745.00	602.83	0.0016589	147.91	271.49	4.6712	0.72756	1.2324	620.58	-0.015874	4.8123e-05	0.068477	supercritical
351.36	745.00	601.31	0.0016630	148.83	272.72	4.6747	0.72747	1.2314	620.31	-0.015857	4.8057e-05	0.068391	supercritical
352.36	745.00	599.81	0.0016672	149.75	273.95	4.6782	0.72739	1.2304	620.05	-0.015840	4.7992e-05	0.068305	supercritical
353.36	745.00	598.31	0.0016714	150.66	275.18	4.6817	0.72731	1.2294	619.79	-0.015825	4.7928e-05	0.068221	supercritical
354.36	745.00	596.81	0.0016756	151.58	276.41	4.6852	0.72723	1.2284	619.54	-0.015811	4.7866e-05	0.068138	supercritical
355.36	745.00	595.33	0.0016797	152.50	277.64	4.6886	0.72716	1.2274	619.29	-0.015797	4.7804e-05	0.068057	supercritical
356.36	745.00	593.85	0.0016839	153.41	278.87	4.6921	0.72709	1.2265	619.05	-0.015785	4.7743e-05	0.067976	supercritical
357.36	745.00	592.38	0.0016881	154.33	280.09	4.6955	0.72703	1.2255	618.81	-0.015774	4.7683e-05	0.067897	supercritical
358.36	745.00	590.91	0.0016923	155.24	281.32	4.6990	0.72697	1.2245	618.58	-0.015763	4.7624e-05	0.067819	supercritical
359.36	745.00	589.46	0.0016965	156.15	282.54	4.7024	0.72691	1.2235	618.35	-0.015754	4.7566e-05	0.067741	supercritical
360.36	745.00	588.01	0.0017007	157.07	283.76	4.7058	0.72686	1.2226	618.13	-0.015745	4.7509e-05	0.067665	supercritical
361.36	745.00	586.56	0.0017048	157.98	284.99	4.7091	0.72680	1.2216	617.91	-0.015738	4.7453e-05	0.067590	supercritical
362.36	745.00	585.13	0.0017090	158.88	286.21	4.7125	0.72676	1.2207	617.70	-0.015731	4.7397e-05	0.067516	supercritical
363.36	745.00	583.70	0.0017132	159.79	287.43	4.7159	0.72671	1.2198	617.49	-0.015726	4.7343e-05	0.067444	supercritical
364.36	745.00	582.27	0.0017174	160.70	288.65	4.7192	0.72667	1.2188	617.29	-0.015721	4.7289e-05	0.067372	supercritical
365.36	745.00	580.86	0.0017216	161.61	289.87	4.7226	0.72663	1.2179	617.10	-0.015717	4.7237e-05	0.067301	supercritical
366.36	745.00	579.45	0.0017258	162.51	291.08	4.7259	0.72660	1.2170	616.90	-0.015715	4.7185e-05	0.067231	supercritical
367.36	745.00	578.04	0.0017300	163.42	292.30	4.7292	0.72657	1.2161	616.72	-0.015713	4.7134e-05	0.067163	supercritical
368.36	745.00	576.65	0.0017342	164.32	293.52	4.7325	0.72654	1.2151	616.53	-0.015712	4.7084e-05	0.067095	supercritical
369.36	745.00	575.26	0.0017384	165.22	294.73	4.7358	0.72651	1.2142	616.36	-0.015711	4.7035e-05	0.067028	supercritical
370.36	745.00	573.87	0.0017425	166.12	295.94	4.7391	0.72649	1.2133	616.18	-0.015712	4.6986e-05	0.066963	supercritical
371.36	745.00	572.50	0.0017467	167.03	297.16	4.7424	0.72647	1.2125	616.01	-0.015714	4.6938e-05	0.066898	supercritical
372.36	745.00	571.13	0.0017509	167.92	298.37	4.7456	0.72646	1.2116	615.85	-0.015716	4.6891e-05	0.066834	supercritical
373.36	745.00	569.76	0.0017551	168.82	299.58	4.7489	0.72644	1.2107	615.69	-0.015719	4.6845e-05	0.066772	supercritical
374.36	745.00	568.41	0.0017593	169.72	300.79	4.7521	0.72643	1.2098	615.53	-0.015724	4.6800e-05	0.066710	supercritical
375.36	745.00	567.06	0.0017635	170.62	302.00	4.7553	0.72642	1.2090	615.38	-0.015729	4.6755e-05	0.066649	supercritical
376.36	745.00	565.71	0.0017677	171.52	303.21	4.7586	0.72642	1.2081	615.24	-0.015734	4.6711e-05	0.066589	supercritical
377.36	745.00	564.37	0.0017719	172.41	304.42	4.7618	0.72642	1.2072	615.09	-0.015741	4.6668e-05	0.066530	supercritical
378.36	745.00	563.04	0.0017761	173.31	305.62	4.7650	0.72642	1.2064	614.95	-0.015748	4.6626e-05	0.066472	supercritical
379.36	745.00	561.71	0.0017803	174.20	306.83	4.7681	0.72643	1.2055	614.82	-0.015756	4.6584e-05	0.066414	supercritical
380.36	745.00	560.40	0.0017845	175.09	308.03	4.7713	0.72643	1.2047	614.69	-0.015765	4.6543e-05	0.066358	supercritical
381.36	745.00	559.08	0.0017886	175.98	309.24	4.7745	0.72644	1.2039	614.56	-0.015775	4.6503e-05	0.066302	supercritical
382.36	745.00	557.77	0.0017928	176.87	310.44	4.7776	0.72646	1.2031	614.44	-0.015786	4.6463e-05	0.066248	supercritical
383.36	745.00	556.47	0.0017970	177.76	311.64	4.7808	0.72647	1.2022	614.32	-0.015797	4.6424e-05	0.066194	supercritical
384.36	745.00	555.18	0.0018012	178.65	312.85	4.7839	0.72649	1.2014	614.21	-0.015809	4.6386e-05	0.066141	supercritical
385.36	745.00	553.89	0.0018054	179.54	314.05	4.7870	0.72651	1.2006	614.09	-0.015822	4.6348e-05	0.066089	supercritical
386.36	745.00	552.61	0.0018096	180.43	315.25	4.7901	0.72653	1.1998	613.99	-0.015835	4.6311e-05	0.066037	supercritical
387.36	745.00	551.33	0.0018138	181.32	316.45	4.7932	0.72656	1.1990	613.88	-0.015850	4.6275e-05	0.065987	supercritical
388.36	745.00	550.06	0.0018180	182.20	317.64	4.7963	0.72659	1.1982	613.78	-0.015865	4.6239e-05	0.065937	supercritical
389.36	745.00	548.79	0.0018222	183.09	318.84	4.7994	0.72662	1.1974	613.69	-0.015880	4.6204e-05	0.065888	supercritical
390.36	745.00	547.53	0.0018264	183.97	320.04	4.8025	0.72666	1.1967	613.59	-0.015897	4.6170e-05	0.065840	supercritical
391.36	745.00	546.28	0.0018306	184.86	321.24	4.8055	0.72669	1.1959	613.51	-0.015914	4.6136e-05	0.065793	supercritical
392.36	745.00	545.03	0.0018348	185.74	322.43	4.8086	0.72673	1.1951	613.42	-0.015932	4.6103e-05	0.065746	supercritical
393.36	745.00	543.79	0.0018389	186.62	323.63	4.8116	0.72677	1.1944	613.34	-0.015950	4.6071e-05	0.065700	supercritical
394.36	745.00	542.55	0.0018431	187.51	324.82	4.8147	0.72682	1.1936	613.26	-0.015969	4.6039e-05	0.065655	supercritical
395.36	745.00	541.32	0.0018473	188.39	326.01	4.8177	0.72686	1.1929	613.18	-0.015989	4.6007e-05	0.065611	supercritical
396.36	745.00	540.10	0.0018515	189.27	327.21	4.8207	0.72691	1.1921	613.11	-0.016009	4.5977e-05	0.065568	supercritical
397.36	745.00	538.88	0.0018557	190.15	328.40	4.8237	0.72696	1.1914	613.04	-0.016030	4.5946e-05	0.065525	supercritical
398.36	745.00	537.66	0.0018599	191.03	329.59	4.8267	0.72702	1.1907	612.98	-0.016052	4.5917e-05	0.065483	supercritical
399.36	745.00	536.46	0.0018641	191.90	330.78	4.8297	0.72707	1.1899	612.92	-0.016075	4.5888e-05	0.065441	supercritical
400.36	745.00	535.25	0.0018683	192.78	331.97	4.8326	0.72713	1.1892	612.86	-0.016098	4.5859e-05	0.065401	supercritical
401.36	745.00	534.06	0.0018725	193.66	333.16	4.8356	0.72719	1.1885	612.80	-0.016121	4.5831e-05	0.065361	supercritical
402.36	745.00	532.86	0.0018767	194.54	334.35	4.8386	0.72726	1.1878	612.75	-0.016145	4.5804e-05	0.065322	supercritical
403.36	745.00	531.68	0.0018808	195.41	335.53	4.8415	0.72732	1.1871	612.70	-0.016170	4.5777e-05	0.065283	supercritical
404.36	745.00	530.50	0.0018850	196.29	336.72	4.8445	0.72739	1.1864	612.65	-0.016196	4.5751e-05	0.065245	supercritical
405.36	745.00	529.32	0.0018892	197.16	337.91	4.8474	0.72746	1.1857	612.61	-0.016222	4.5725e-05	0.065208	supercritical
406.36	745.00	528.15	0.0018934	198.03	339.09	4.8503	0.72753	1.1850	612.57	-0.016248	4.5699e-05	0.065171	supercritical
407.36	745.00	526.99	0.0018976	198.91	340.28	4.8532	0.72761	1.1843	612.53	-0.016275	4.5675e-05	0.065135	supercritical
408.36	745.00	525.83	0.0019018	199.78	341.46	4.8561	0.72768	1.1837	612.50	-0.016303	4.5650e-05	0.065100	supercritical
409.36	745.00	524.67	0.0019060	200.65	342.64	4.8590	0.72776	1.1830	612.46	-0.016331	4.5627e-05	0.065066	supercritical
410.36	745.00	523.52	0.0019101	201.52	343.83	4.8619	0.72784	1.1823	612.44	-0.016360	4.5603e-05	0.065032	supercritical
411.36	745.00	522.38	0.0019143	202.39	345.01	4.8648	0.72792	1.1817	612.41	-0.016390	4.5580e-05	0.064998	supercritical
412.36	745.00	521.24	0.0019185	203.26	346.19	4.8676	0.72801	1.1810	612.39	-0.016419	4.5558e-05	0.064966	supercritical
413.36	745.00	520.11	0.0019227	204.13	347.37	4.8705	0.72810	1.1804	612.37	-0.016450	4.5536e-05	0.064934	supercritical
414.36	745.00	518.98	0.0019269	205.00	348.55	4.8734	0.72818	1.1797	612.35	-0.016481	4.5515e-05	0.064902	supercritical
415.36	745.00	517.85	0.0019310	205.87	349.73	4.8762	0.72828	1.1791	612.33	-0.016512	4.5494e-05	0.064872	supercritical
416.36	745.00	516.74	0.0019352	206.73	350.91	4.8790	0.72837	1.1785	612.32	-0.016544	4.5474e-05	0.064841	supercritical
417.36	745.00	515.62	0.0019394	207.60	352.09	4.8819	0.72846	1.1778	612.31	-0.016577	4.5454e-05	0.064812	supercritical
418.36	745.00	514.51	0.0019436	208.47	353.26	4.8847	0.72856	1.1772	612.30	-0.016610	4.5434e-05	0.064783	supercritical
419.36	745.00	513.41	0.0019478	209.33	354.44	4.8875	0.72866	1.1766	612.30	-0.016643	4.5415e-05	0.064754	supercritical
420.36	745.00	512.31	0.0019519	210.20	355.62	4.8903	0.72876	1.1760	612.30	-0.016677	4.5396e-05	0.064726	supercritical
421.36	745.00	511.22	0.0019561	211.06	356.79	4.8931	0.72886	1.1754	612.30	-0.016711	4.5378e-05	0.064699	supercritical
422.36	745.00	510.13	0.0019603	211.93	357.97	4.8959	0.72897	1.1748	612.30	-0.016746	4.5360e-05	0.064672	supercritical
423.36	745.00	509.04	0.0019645	212.79	359.14	4.8986	0.72907	1.1742	612.30	-0.016782	4.5343e-05	0.064646	supercritical
424.36	745.00	507.97	0.0019686	213.65	360.32	4.9014	0.72918	1.1736	612.31	-0.016817	4.5326e-05	0.064621	supercritical
425.36	745.00	506.89	0.0019728	214.51	361.49	4.9042	0.72929	1.1730	612.32	-0.016854	4.5309e-05	0.064596	supercritical
426.36	745.00	505.82	0.0019770	215.38	362.66	4.9069	0.72940	1.1724	612.33	-0.016890	4.5293e-05	0.064571	supercritical
427.36	745.00	504.76	0.0019812	216.24	363.83	4.9097	0.72952	1.1718	612.35	-0.016928	4.5277e-05	0.064547	supercritical
428.36	745.00	503.69	0.0019853	217.10	365.01	4.9124	0.72963	1.1713	612.36	-0.016965	4.5262e-05	0.064524	supercritical
429.36	745.00	502.64	0.0019895	217.96	366.18	4.9151	0.72975	1.1707	612.38	-0.017003	4.5247e-05	0.064501	supercritical
430.36	745.00	501.59	0.0019937	218.82	367.35	4.9179	0.72987	1.1701	612.41	-0.017041	4.5233e-05	0.064479	supercritical
431.36	745.00	500.54	0.0019978	219.68	368.52	4.9206	0.72999	1.1696	612.43	-0.017080	4.5218e-05	0.064457	supercritical
432.36	745.00	499.50	0.0020020	220.54	369.69	4.9233	0.73011	1.1690	612.45	-0.017119	4.5205e-05	0.064436	supercritical
433.36	745.00	498.46	0.0020062	221.40	370.86	4.9260	0.73023	1.1685	612.48	-0.017159	4.5191e-05	0.064415	supercritical
434.36	745.00	497.43	0.0020103	222.25	372.02	4.9287	0.73036	1.1679	612.51	-0.017199	4.5178e-05	0.064395	supercritical
435.36	745.00	496.40	0.0020145	223.11	373.19	4.9314	0.73048	1.1674	612.55	-0.017239	4.5166e-05	0.064375	supercritical
436.36	745.00	495.38	0.0020187	223.97	374.36	4.9340	0.73061	1.1669	612.58	-0.017280	4.5153e-05	0.064356	supercritical
437.36	745.00	494.36	0.0020228	224.82	375.52	4.9367	0.73074	1.1663	612.62	-0.017321	4.5141e-05	0.064337	supercritical
438.36	745.00	493.34	0.0020270	225.68	376.69	4.9394	0.73087	1.1658	612.66	-0.017363	4.5130e-05	0.064319	supercritical
439.36	745.00	492.33	0.0020312	226.54	377.86	4.9420	0.73101	1.1653	612.70	-0.017405	4.5119e-05	0.064301	supercritical
440.36	745.00	491.32	0.0020353	227.39	379.02	4.9447	0.73114	1.1648	612.74	-0.017447	4.5108e-05	0.064284	supercritical
441.36	745.00	490.32	0.0020395	228.24	380.19	4.9473	0.73128	1.1643	612.78	-0.017490	4.5097e-05	0.064267	supercritical
442.36	745.00	489.32	0.0020436	229.10	381.35	4.9500	0.73141	1.1638	612.83	-0.017533	4.5087e-05	0.064251	supercritical
443.36	745.00	488.33	0.0020478	229.95	382.51	4.9526	0.73155	1.1633	612.88	-0.017576	4.5077e-05	0.064235	supercritical
444.36	745.00	487.34	0.0020520	230.81	383.68	4.9552	0.73169	1.1628	612.93	-0.017619	4.5068e-05	0.064219	supercritical
445.36	745.00	486.36	0.0020561	231.66	384.84	4.9578	0.73184	1.1623	612.98	-0.017663	4.5059e-05	0.064204	supercritical
446.36	745.00	485.37	0.0020603	232.51	386.00	4.9604	0.73198	1.1618	613.04	-0.017708	4.5050e-05	0.064190	supercritical
447.36	745.00	484.40	0.0020644	233.36	387.16	4.9630	0.73212	1.1613	613.09	-0.017752	4.5041e-05	0.064176	supercritical
448.36	745.00	483.43	0.0020686	234.22	388.32	4.9656	0.73227	1.1608	613.15	-0.017797	4.5033e-05	0.064162	supercritical
449.36	745.00	482.46	0.0020727	235.07	389.48	4.9682	0.73242	1.1604	613.21	-0.017843	4.5025e-05	0.064149	supercritical
450.36	745.00	481.49	0.0020769	235.92	390.64	4.9708	0.73257	1.1599	613.27	-0.017888	4.5018e-05	0.064136	supercritical
451.36	745.00	480.53	0.0020810	236.77	391.80	4.9734	0.73272	1.1594	613.33	-0.017934	4.5011e-05	0.064124	supercritical
452.36	745.00	479.58	0.0020852	237.62	392.96	4.9759	0.73287	1.1590	613.40	-0.017980	4.5004e-05	0.064112	supercritical
453.36	745.00	478.62	0.0020893	238.47	394.12	4.9785	0.73302	1.1585	613.47	-0.018026	4.4997e-05	0.064101	supercritical
454.36	745.00	477.68	0.0020935	239.32	395.28	4.9810	0.73317	1.1581	613.53	-0.018073	4.4991e-05	0.064090	supercritical
455.36	745.00	476.73	0.0020976	240.17	396.44	4.9836	0.73333	1.1576	613.60	-0.018120	4.4985e-05	0.064079	supercritical
456.36	745.00	475.79	0.0021018	241.01	397.60	4.9861	0.73349	1.1572	613.68	-0.018167	4.4979e-05	0.064069	supercritical
457.36	745.00	474.85	0.0021059	241.86	398.75	4.9886	0.73364	1.1567	613.75	-0.018215	4.4974e-05	0.064059	supercritical
458.36	745.00	473.92	0.0021101	242.71	399.91	4.9912	0.73380	1.1563	613.82	-0.018263	4.4969e-05	0.064050	supercritical
459.36	745.00	472.99	0.0021142	243.56	401.06	4.9937	0.73396	1.1559	613.90	-0.018311	4.4964e-05	0.064041	supercritical
460.36	745.00	472.07	0.0021183	244.40	402.22	4.9962	0.73413	1.1554	613.98	-0.018359	4.4959e-05	0.064033	supercritical
461.36	745.00	471.15	0.0021225	245.25	403.38	4.9987	0.73429	1.1550	614.06	-0.018408	4.4955e-05	0.064025	supercritical
462.36	745.00	470.23	0.0021266	246.10	404.53	5.0012	0.73445	1.1546	614.14	-0.018457	4.4951e-05	0.064017	supercritical
463.36	745.00	469.32	0.0021308	246.94	405.68	5.0037	0.73462	1.1542	614.22	-0.018506	4.4948e-05	0.064010	supercritical
464.36	745.00	468.41	0.0021349	247.79	406.84	5.0062	0.73478	1.1538	614.31	-0.018555	4.4944e-05	0.064003	supercritical
465.36	745.00	467.50	0.0021390	248.64	407.99	5.0087	0.73495	1.1533	614.40	-0.018605	4.4941e-05	0.063996	supercritical
466.36	745.00	466.60	0.0021432	249.48	409.15	5.0111	0.73512	1.1529	614.48	-0.018655	4.4938e-05	0.063990	supercritical
467.36	745.00	465.70	0.0021473	250.33	410.30	5.0136	0.73529	1.1525	614.57	-0.018705	4.4935e-05	0.063984	supercritical
468.36	745.00	464.81	0.0021514	251.17	411.45	5.0161	0.73546	1.1521	614.66	-0.018755	4.4933e-05	0.063979	supercritical
469.36	745.00	463.92	0.0021556	252.01	412.60	5.0185	0.73563	1.1518	614.76	-0.018805	4.4931e-05	0.063974	supercritical
470.36	745.00	463.03	0.0021597	252.86	413.75	5.0210	0.73580	1.1514	614.85	-0.018856	4.4929e-05	0.063969	supercritical
471.36	745.00	462.15	0.0021638	253.70	414.91	5.0234	0.73598	1.1510	614.94	-0.018907	4.4928e-05	0.063965	supercritical
472.36	745.00	461.27	0.0021679	254.54	416.06	5.0259	0.73615	1.1506	615.04	-0.018958	4.4926e-05	0.063961	supercritical
473.36	745.00	460.39	0.0021721	255.39	417.21	5.0283	0.73633	1.1502	615.14	-0.019009	4.4925e-05	0.063957	supercritical
474.36	745.00	459.52	0.0021762	256.23	418.36	5.0307	0.73650	1.1498	615.24	-0.019061	4.4924e-05	0.063954	supercritical
475.36	745.00	458.65	0.0021803	257.07	419.51	5.0332	0.73668	1.1495	615.34	-0.019113	4.4924e-05	0.063951	supercritical
476.36	745.00	457.78	0.0021844	257.91	420.66	5.0356	0.73686	1.1491	615.44	-0.019165	4.4923e-05	0.063949	supercritical
477.36	745.00	456.92	0.0021886	258.76	421.80	5.0380	0.73704	1.1487	615.54	-0.019217	4.4923e-05	0.063947	supercritical
478.36	745.00	456.06	0.0021927	259.60	422.95	5.0404	0.73722	1.1484	615.65	-0.019269	4.4923e-05	0.063945	supercritical
479.36	745.00	455.20	0.0021968	260.44	424.10	5.0428	0.73740	1.1480	615.75	-0.019322	4.4924e-05	0.063943	supercritical
480.36	745.00	454.35	0.0022009	261.28	425.25	5.0452	0.73759	1.1477	615.86	-0.019374	4.4924e-05	0.063942	supercritical
481.36	745.00	453.50	0.0022051	262.12	426.40	5.0476	0.73777	1.1473	615.97	-0.019427	4.4925e-05	0.063941	supercritical
482.36	745.00	452.66	0.0022092	262.96	427.54	5.0499	0.73795	1.1470	616.08	-0.019480	4.4926e-05	0.063941	supercritical
483.36	745.00	451.82	0.0022133	263.80	428.69	5.0523	0.73814	1.1466	616.19	-0.019533	4.4928e-05	0.063941	supercritical
484.36	745.00	450.98	0.0022174	264.64	429.84	5.0547	0.73833	1.1463	616.30	-0.019587	4.4929e-05	0.063941	supercritical
485.36	745.00	450.14	0.0022215	265.48	430.98	5.0570	0.73851	1.1460	616.41	-0.019640	4.4931e-05	0.063942	supercritical
486.36	745.00	449.31	0.0022256	266.32	432.13	5.0594	0.73870	1.1456	616.53	-0.019694	4.4933e-05	0.063942	supercritical
487.36	745.00	448.48	0.0022297	267.16	433.27	5.0618	0.73889	1.1453	616.64	-0.019748	4.4935e-05	0.063944	supercritical
488.36	745.00	447.66	0.0022338	268.00	434.42	5.0641	0.73908	1.1450	616.76	-0.019801	4.4937e-05	0.063945	supercritical
489.36	745.00	446.84	0.0022380	268.84	435.56	5.0664	0.73927	1.1447	616.88	-0.019856	4.4940e-05	0.063947	supercritical
490.36	745.00	446.02	0.0022421	269.68	436.71	5.0688	0.73946	1.1443	617.00	-0.019910	4.4943e-05	0.063949	supercritical
491.36	745.00	445.20	0.0022462	270.51	437.85	5.0711	0.73965	1.1440	617.12	-0.019964	4.4946e-05	0.063951	supercritical
492.36	745.00	444.39	0.0022503	271.35	439.00	5.0734	0.73984	1.1437	617.24	-0.020019	4.4949e-05	0.063954	supercritical
493.36	745.00	443.58	0.0022544	272.19	440.14	5.0758	0.74004	1.1434	617.36	-0.020073	4.4952e-05	0.063957	supercritical
494.36	745.00	442.77	0.0022585	273.03	441.28	5.0781	0.74023	1.1431	617.49	-0.020128	4.4956e-05	0.063961	supercritical
495.36	745.00	441.97	0.0022626	273.86	442.43	5.0804	0.74043	1.1428	617.61	-0.020183	4.4960e-05	0.063964	supercritical
496.36	745.00	441.17	0.0022667	274.70	443.57	5.0827	0.74062	1.1425	617.74	-0.020238	4.4964e-05	0.063968	supercritical
497.36	745.00	440.38	0.0022708	275.54	444.71	5.0850	0.74082	1.1422	617.86	-0.020294	4.4968e-05	0.063972	supercritical
498.36	745.00	439.58	0.0022749	276.37	445.85	5.0873	0.74102	1.1419	617.99	-0.020349	4.4972e-05	0.063977	supercritical
499.36	745.00	438.79	0.0022790	277.21	447.00	5.0896	0.74121	1.1416	618.12	-0.020404	4.4977e-05	0.063982	supercritical
500.36	745.00	438.00	0.0022831	278.05	448.14	5.0919	0.74141	1.1413	618.25	-0.020460	4.4982e-05	0.063987	supercritical
501.36	745.00	437.22	0.0022872	278.88	449.28	5.0941	0.74161	1.1410	618.38	-0.020515	4.4987e-05	0.063992	supercritical
502.36	745.00	436.44	0.0022913	279.72	450.42	5.0964	0.74181	1.1408	618.52	-0.020571	4.4992e-05	0.063998	supercritical
503.36	745.00	435.66	0.0022954	280.55	451.56	5.0987	0.74201	1.1405	618.65	-0.020627	4.4997e-05	0.064004	supercritical
504.36	745.00	434.88	0.0022995	281.39	452.70	5.1009	0.74221	1.1402	618.78	-0.020683	4.5003e-05	0.064010	supercritical
505.36	745.00	434.11	0.0023036	282.23	453.84	5.1032	0.74241	1.1399	618.92	-0.020739	4.5009e-05	0.064017	supercritical
506.36	745.00	433.34	0.0023076	283.06	454.98	5.1054	0.74262	1.1397	619.05	-0.020795	4.5015e-05	0.064024	supercritical
507.36	745.00	432.58	0.0023117	283.90	456.12	5.1077	0.74282	1.1394	619.19	-0.020852	4.5021e-05	0.064031	supercritical
508.36	745.00	431.81	0.0023158	284.73	457.26	5.1099	0.74302	1.1391	619.33	-0.020908	4.5027e-05	0.064038	supercritical
509.36	745.00	431.05	0.0023199	285.57	458.40	5.1122	0.74323	1.1389	619.47	-0.020964	4.5033e-05	0.064046	supercritical
510.36	745.00	430.29	0.0023240	286.40	459.54	5.1144	0.74343	1.1386	619.61	-0.021021	4.5040e-05	0.064054	supercritical
511.36	745.00	429.54	0.0023281	287.23	460.68	5.1166	0.74364	1.1384	619.75	-0.021078	4.5047e-05	0.064062	supercritical
512.36	745.00	428.79	0.0023322	288.07	461.81	5.1189	0.74384	1.1381	619.89	-0.021134	4.5054e-05	0.064070	supercritical
513.36	745.00	428.04	0.0023362	288.90	462.95	5.1211	0.74405	1.1379	620.03	-0.021191	4.5061e-05	0.064079	supercritical
514.36	745.00	427.29	0.0023403	289.74	464.09	5.1233	0.74426	1.1376	620.18	-0.021248	4.5068e-05	0.064088	supercritical
515.36	745.00	426.55	0.0023444	290.57	465.23	5.1255	0.74446	1.1374	620.32	-0.021305	4.5076e-05	0.064097	supercritical
516.36	745.00	425.81	0.0023485	291.40	466.36	5.1277	0.74467	1.1371	620.47	-0.021362	4.5083e-05	0.064107	supercritical
517.36	745.00	425.07	0.0023526	292.24	467.50	5.1299	0.74488	1.1369	620.61	-0.021419	4.5091e-05	0.064116	supercritical
518.36	745.00	424.33	0.0023566	293.07	468.64	5.1321	0.74509	1.1367	620.76	-0.021476	4.5099e-05	0.064126	supercritical
519.36	745.00	423.60	0.0023607	293.90	469.77	5.1343	0.74530	1.1364	620.91	-0.021534	4.5107e-05	0.064137	supercritical
520.36	745.00	422.87	0.0023648	294.73	470.91	5.1365	0.74551	1.1362	621.06	-0.021591	4.5115e-05	0.064147	supercritical
521.36	745.00	422.15	0.0023688	295.57	472.05	5.1387	0.74572	1.1360	621.21	-0.021648	4.5124e-05	0.064158	supercritical
522.36	745.00	421.42	0.0023729	296.40	473.18	5.1408	0.74593	1.1357	621.36	-0.021706	4.5132e-05	0.064169	supercritical
523.36	745.00	420.70	0.0023770	297.23	474.32	5.1430	0.74614	1.1355	621.51	-0.021763	4.5141e-05	0.064180	supercritical
524.36	745.00	419.98	0.0023811	298.06	475.45	5.1452	0.74635	1.1353	621.66	-0.021821	4.5150e-05	0.064191	supercritical
525.36	745.00	419.26	0.0023851	298.90	476.59	5.1473	0.74657	1.1351	621.81	-0.021878	4.5159e-05	0.064203	supercritical
526.36	745.00	418.55	0.0023892	299.73	477.72	5.1495	0.74678	1.1349	621.97	-0.021936	4.5168e-05	0.064215	supercritical
527.36	745.00	417.84	0.0023933	300.56	478.86	5.1517	0.74699	1.1347	622.12	-0.021994	4.5178e-05	0.064227	supercritical
528.36	745.00	417.13	0.0023973	301.39	479.99	5.1538	0.74721	1.1344	622.28	-0.022052	4.5187e-05	0.064239	supercritical
529.36	745.00	416.43	0.0024014	302.22	481.13	5.1559	0.74742	1.1342	622.43	-0.022109	4.5197e-05	0.064252	supercritical
530.36	745.00	415.72	0.0024054	303.06	482.26	5.1581	0.74763	1.1340	622.59	-0.022167	4.5206e-05	0.064265	supercritical
531.36	745.00	415.02	0.0024095	303.89	483.40	5.1602	0.74785	1.1338	622.75	-0.022225	4.5216e-05	0.064278	supercritical
532.36	745.00	414.32	0.0024136	304.72	484.53	5.1624	0.74806	1.1336	622.91	-0.022283	4.5226e-05	0.064291	supercritical
533.36	745.00	413.63	0.0024176	305.55	485.66	5.1645	0.74828	1.1334	623.07	-0.022341	4.5237e-05	0.064305	supercritical
534.36	745.00	412.94	0.0024217	306.38	486.80	5.1666	0.74850	1.1332	623.23	-0.022399	4.5247e-05	0.064318	supercritical
535.36	745.00	412.24	0.0024257	307.21	487.93	5.1687	0.74871	1.1330	623.39	-0.022457	4.5257e-05	0.064332	supercritical
536.36	745.00	411.56	0.0024298	308.04	489.06	5.1708	0.74893	1.1328	623.55	-0.022515	4.5268e-05	0.064347	supercritical
537.36	745.00	410.87	0.0024339	308.87	490.19	5.1729	0.74915	1.1326	623.71	-0.022573	4.5279e-05	0.064361	supercritical
538.36	745.00	410.19	0.0024379	309.70	491.33	5.1751	0.74936	1.1325	623.87	-0.022631	4.5290e-05	0.064376	supercritical
539.36	745.00	409.51	0.0024420	310.53	492.46	5.1772	0.74958	1.1323	624.04	-0.022690	4.5301e-05	0.064390	supercritical
540.36	745.00	408.83	0.0024460	311.36	493.59	5.1793	0.74980	1.1321	624.20	-0.022748	4.5312e-05	0.064405	supercritical
541.36	745.00	408.15	0.0024501	312.19	494.72	5.1813	0.75002	1.1319	624.36	-0.022806	4.5323e-05	0.064421	supercritical
542.36	745.00	407.48	0.0024541	313.02	495.86	5.1834	0.75024	1.1317	624.53	-0.022864	4.5335e-05	0.064436	supercritical
543.36	745.00	406.81	0.0024582	313.85	496.99	5.1855	0.75045	1.1316	624.70	-0.022923	4.5346e-05	0.064452	supercritical
544.36	745.00	406.14	0.0024622	314.68	498.12	5.1876	0.75067	1.1314	624.86	-0.022981	4.5358e-05	0.064468	supercritical
545.36	745.00	405.47	0.0024662	315.51	499.25	5.1897	0.75089	1.1312	625.03	-0.023039	4.5370e-05	0.064484	supercritical
546.36	745.00	404.81	0.0024703	316.34	500.38	5.1917	0.75111	1.1310	625.20	-0.023097	4.5382e-05	0.064500	supercritical
547.36	745.00	404.15	0.0024743	317.17	501.51	5.1938	0.75133	1.1309	625.37	-0.023156	4.5394e-05	0.064517	supercritical
548.36	745.00	403.49	0.0024784	318.00	502.64	5.1959	0.75155	1.1307	625.54	-0.023214	4.5406e-05	0.064533	supercritical
549.36	745.00	402.83	0.0024824	318.83	503.77	5.1979	0.75177	1.1305	625.71	-0.023273	4.5418e-05	0.064550	supercritical
550.36	745.00	402.18	0.0024865	319.66	504.90	5.2000	0.75199	1.1304	625.88	-0.023331	4.5430e-05	0.064567	supercritical
551.36	745.00	401.53	0.0024905	320.49	506.03	5.2020	0.75222	1.1302	626.05	-0.023389	4.5443e-05	0.064584	supercritical
552.36	745.00	400.88	0.0024945	321.32	507.16	5.2041	0.75244	1.1301	626.22	-0.023448	4.5456e-05	0.064602	supercritical
553.36	745.00	400.23	0.0024986	322.15	508.29	5.2061	0.75266	1.1299	626.39	-0.023506	4.5468e-05	0.064620	supercritical
554.36	745.00	399.58	0.0025026	322.98	509.42	5.2082	0.75288	1.1297	626.56	-0.023565	4.5481e-05	0.064637	supercritical
555.36	745.00	398.94	0.0025066	323.81	510.55	5.2102	0.75310	1.1296	626.74	-0.023623	4.5494e-05	0.064655	supercritical
556.36	745.00	398.30	0.0025107	324.64	511.68	5.2122	0.75333	1.1294	626.91	-0.023681	4.5507e-05	0.064674	supercritical
557.36	745.00	397.66	0.0025147	325.47	512.81	5.2143	0.75355	1.1293	627.09	-0.023740	4.5521e-05	0.064692	supercritical
558.36	745.00	397.03	0.0025187	326.30	513.94	5.2163	0.75377	1.1292	627.26	-0.023798	4.5534e-05	0.064711	supercritical
559.36	745.00	396.39	0.0025228	327.13	515.07	5.2183	0.75399	1.1290	627.44	-0.023857	4.5547e-05	0.064730	supercritical
560.36	745.00	395.76	0.0025268	327.95	516.20	5.2203	0.75422	1.1289	627.61	-0.023915	4.5561e-05	0.064749	supercritical
561.36	745.00	395.13	0.0025308	328.78	517.33	5.2223	0.75444	1.1287	627.79	-0.023973	4.5575e-05	0.064768	supercritical
562.36	745.00	394.50	0.0025348	329.61	518.46	5.2244	0.75466	1.1286	627.97	-0.024032	4.5588e-05	0.064787	supercritical
563.36	745.00	393.88	0.0025389	330.44	519.59	5.2264	0.75489	1.1284	628.15	-0.024090	4.5602e-05	0.064807	supercritical
564.36	745.00	393.25	0.0025429	331.27	520.71	5.2284	0.75511	1.1283	628.32	-0.024149	4.5616e-05	0.064826	supercritical
565.36	745.00	392.63	0.0025469	332.10	521.84	5.2304	0.75533	1.1282	628.50	-0.024207	4.5630e-05	0.064846	supercritical
566.36	745.00	392.01	0.0025509	332.93	522.97	5.2324	0.75556	1.1280	628.68	-0.024265	4.5644e-05	0.064866	supercritical
567.36	745.00	391.40	0.0025549	333.76	524.10	5.2343	0.75578	1.1279	628.86	-0.024324	4.5659e-05	0.064886	supercritical
568.36	745.00	390.78	0.0025590	334.58	525.23	5.2363	0.75601	1.1278	629.04	-0.024382	4.5673e-05	0.064907	supercritical
569.36	745.00	390.17	0.0025630	335.41	526.35	5.2383	0.75623	1.1277	629.22	-0.024441	4.5688e-05	0.064927	supercritical
570.36	745.00	389.56	0.0025670	336.24	527.48	5.2403	0.75646	1.1275	629.41	-0.024499	4.5702e-05	0.064948	supercritical
571.36	745.00	388.95	0.0025710	337.07	528.61	5.2423	0.75668	1.1274	629.59	-0.024557	4.5717e-05	0.064969	supercritical
572.36	745.00	388.34	0.0025750	337.90	529.74	5.2442	0.75691	1.1273	629.77	-0.024616	4.5732e-05	0.064990	supercritical
573.36	745.00	387.74	0.0025790	338.73	530.86	5.2462	0.75713	1.1272	629.95	-0.024674	4.5747e-05	0.065011	supercritical
574.36	745.00	387.14	0.0025831	339.55	531.99	5.2482	0.75736	1.1271	630.14	-0.024732	4.5762e-05	0.065033	supercritical
575.36	745.00	386.54	0.0025871	340.38	533.12	5.2501	0.75758	1.1269	630.32	-0.024790	4.5777e-05	0.065054	supercritical
576.36	745.00	385.94	0.0025911	341.21	534.24	5.2521	0.75781	1.1268	630.51	-0.024849	4.5792e-05	0.065076	supercritical
577.36	745.00	385.34	0.0025951	342.04	535.37	5.2540	0.75803	1.1267	630.69	-0.024907	4.5807e-05	0.065098	supercritical
578.36	745.00	384.75	0.0025991	342.87	536.50	5.2560	0.75826	1.1266	630.88	-0.024965	4.5823e-05	0.065120	supercritical
579.36	745.00	384.16	0.0026031	343.69	537.62	5.2579	0.75848	1.1265	631.06	-0.025023	4.5838e-05	0.065142	supercritical
580.36	745.00	383.57	0.0026071	344.52	538.75	5.2599	0.75871	1.1264	631.25	-0.025081	4.5854e-05	0.065165	supercritical
581.36	745.00	382.98	0.0026111	345.35	539.88	5.2618	0.75893	1.1263	631.44	-0.025139	4.5869e-05	0.065187	supercritical
582.36	745.00	382.39	0.0026151	346.18	541.00	5.2638	0.75916	1.1262	631.62	-0.025197	4.5885e-05	0.065210	supercritical
583.36	745.00	381.81	0.0026191	347.01	542.13	5.2657	0.75939	1.1261	631.81	-0.025255	4.5901e-05	0.065233	supercritical
584.36	745.00	381.23	0.0026231	347.83	543.26	5.2676	0.75961	1.1260	632.00	-0.025313	4.5917e-05	0.065256	supercritical
585.36	745.00	380.64	0.0026271	348.66	544.38	5.2695	0.75984	1.1259	632.19	-0.025371	4.5933e-05	0.065279	supercritical
586.36	745.00	380.07	0.0026311	349.49	545.51	5.2715	0.76006	1.1258	632.38	-0.025429	4.5949e-05	0.065302	supercritical
587.36	745.00	379.49	0.0026351	350.32	546.63	5.2734	0.76029	1.1257	632.57	-0.025487	4.5965e-05	0.065326	supercritical
588.36	745.00	378.91	0.0026391	351.14	547.76	5.2753	0.76052	1.1256	632.76	-0.025545	4.5981e-05	0.065349	supercritical
589.36	745.00	378.34	0.0026431	351.97	548.88	5.2772	0.76074	1.1255	632.95	-0.025603	4.5998e-05	0.065373	supercritical
590.36	745.00	377.77	0.0026471	352.80	550.01	5.2791	0.76097	1.1254	633.14	-0.025661	4.6014e-05	0.065397	supercritical
591.36	745.00	377.20	0.0026511	353.63	551.14	5.2810	0.76119	1.1253	633.33	-0.025719	4.6031e-05	0.065421	supercritical
592.36	745.00	376.63	0.0026551	354.46	552.26	5.2829	0.76142	1.1252	633.52	-0.025777	4.6047e-05	0.065445	supercritical
593.36	745.00	376.07	0.0026591	355.28	553.39	5.2848	0.76165	1.1251	633.71	-0.025834	4.6064e-05	0.065470	supercritical
594.36	745.00	375.51	0.0026631	356.11	554.51	5.2867	0.76187	1.1250	633.91	-0.025892	4.6081e-05	0.065494	supercritical
595.36	745.00	374.94	0.0026671	356.94	555.64	5.2886	0.76210	1.1249	634.10	-0.025950	4.6098e-05	0.065519	supercritical
596.36	745.00	374.38	0.0026711	357.77	556.76	5.2905	0.76232	1.1249	634.29	-0.026007	4.6115e-05	0.065544	supercritical
597.36	745.00	373.83	0.0026750	358.59	557.89	5.2924	0.76255	1.1248	634.48	-0.026065	4.6132e-05	0.065569	supercritical
598.36	745.00	373.27	0.0026790	359.42	559.01	5.2943	0.76278	1.1247	634.68	-0.026122	4.6149e-05	0.065594	supercritical
599.36	745.00	372.71	0.0026830	360.25	560.14	5.2961	0.76300	1.1246	634.87	-0.026180	4.6166e-05	0.065619	supercritical
600.36	745.00	372.16	0.0026870	361.08	561.26	5.2980	0.76323	1.1245	635.07	-0.026237	4.6183e-05	0.065644	supercritical
601.36	745.00	371.61	0.0026910	361.91	562.38	5.2999	0.76346	1.1245	635.26	-0.026295	4.6201e-05	0.065670	supercritical
602.36	745.00	371.06	0.0026950	362.73	563.51	5.3017	0.76368	1.1244	635.46	-0.026352	4.6218e-05	0.065695	supercritical
603.36	745.00	370.51	0.0026990	363.56	564.63	5.3036	0.76391	1.1243	635.65	-0.026410	4.6236e-05	0.065721	supercritical
604.36	745.00	369.97	0.0027029	364.39	565.76	5.3055	0.76413	1.1242	635.85	-0.026467	4.6253e-05	0.065747	supercritical
605.36	745.00	369.42	0.0027069	365.22	566.88	5.3073	0.76436	1.1242	636.05	-0.026524	4.6271e-05	0.065773	supercritical
606.36	745.00	368.88	0.0027109	366.04	568.01	5.3092	0.76459	1.1241	636.24	-0.026581	4.6288e-05	0.065799	supercritical
607.36	745.00	368.34	0.0027149	366.87	569.13	5.3110	0.76481	1.1240	636.44	-0.026638	4.6306e-05	0.065825	supercritical
608.36	745.00	367.80	0.0027188	367.70	570.25	5.3129	0.76504	1.1240	636.64	-0.026696	4.6324e-05	0.065852	supercritical
609.36	745.00	367.27	0.0027228	368.53	571.38	5.3147	0.76526	1.1239	636.84	-0.026753	4.6342e-05	0.065878	supercritical
610.36	745.00	366.73	0.0027268	369.36	572.50	5.3166	0.76549	1.1238	637.03	-0.026810	4.6360e-05	0.065905	supercritical
611.36	745.00	366.20	0.0027308	370.18	573.63	5.3184	0.76572	1.1238	637.23	-0.026867	4.6378e-05	0.065932	supercritical
612.36	745.00	365.67	0.0027347	371.01	574.75	5.3203	0.76594	1.1237	637.43	-0.026924	4.6396e-05	0.065959	supercritical
613.36	745.00	365.14	0.0027387	371.84	575.87	5.3221	0.76617	1.1236	637.63	-0.026980	4.6414e-05	0.065986	supercritical
614.36	745.00	364.61	0.0027427	372.67	577.00	5.3239	0.76639	1.1236	637.83	-0.027037	4.6433e-05	0.066013	supercritical
615.36	745.00	364.08	0.0027467	373.49	578.12	5.3257	0.76662	1.1235	638.03	-0.027094	4.6451e-05	0.066040	supercritical
616.36	745.00	363.55	0.0027506	374.32	579.24	5.3276	0.76684	1.1234	638.23	-0.027151	4.6469e-05	0.066068	supercritical
617.36	745.00	363.03	0.0027546	375.15	580.37	5.3294	0.76707	1.1234	638.43	-0.027207	4.6488e-05	0.066095	supercritical
618.36	745.00	362.51	0.0027586	375.98	581.49	5.3312	0.76729	1.1233	638.63	-0.027264	4.6507e-05	0.066123	supercritical
619.36	745.00	361.99	0.0027625	376.81	582.61	5.3330	0.76752	1.1233	638.83	-0.027321	4.6525e-05	0.066151	supercritical
620.36	745.00	361.47	0.0027665	377.63	583.74	5.3348	0.76775	1.1232	639.03	-0.027377	4.6544e-05	0.066179	supercritical
621.36	745.00	360.95	0.0027704	378.46	584.86	5.3366	0.76797	1.1232	639.24	-0.027434	4.6563e-05	0.066207	supercritical
622.36	745.00	360.44	0.0027744	379.29	585.98	5.3385	0.76820	1.1231	639.44	-0.027490	4.6581e-05	0.066235	supercritical
623.36	745.00	359.92	0.0027784	380.12	587.11	5.3403	0.76842	1.1231	639.64	-0.027546	4.6600e-05	0.066263	supercritical
624.36	745.00	359.41	0.0027823	380.95	588.23	5.3421	0.76864	1.1230	639.84	-0.027603	4.6619e-05	0.066292	supercritical
625.36	745.00	358.90	0.0027863	381.77	589.35	5.3439	0.76887	1.1230	640.05	-0.027659	4.6638e-05	0.066320	supercritical
626.36	745.00	358.39	0.0027902	382.60	590.47	5.3456	0.76909	1.1229	640.25	-0.027715	4.6657e-05	0.066349	supercritical
627.36	745.00	357.88	0.0027942	383.43	591.60	5.3474	0.76932	1.1229	640.45	-0.027771	4.6676e-05	0.066378	supercritical
628.36	745.00	357.38	0.0027982	384.26	592.72	5.3492	0.76954	1.1228	640.66	-0.027827	4.6696e-05	0.066406	supercritical
629.36	745.00	356.87	0.0028021	385.09	593.84	5.3510	0.76977	1.1228	640.86	-0.027883	4.6715e-05	0.066435	supercritical
630.36	745.00	356.37	0.0028061	385.91	594.97	5.3528	0.76999	1.1227	641.07	-0.027939	4.6734e-05	0.066464	supercritical
631.36	745.00	355.87	0.0028100	386.74	596.09	5.3546	0.77022	1.1227	641.27	-0.027995	4.6754e-05	0.066494	supercritical
632.36	745.00	355.37	0.0028140	387.57	597.21	5.3564	0.77044	1.1226	641.47	-0.028051	4.6773e-05	0.066523	supercritical
633.36	745.00	354.87	0.0028179	388.40	598.33	5.3581	0.77066	1.1226	641.68	-0.028107	4.6792e-05	0.066552	supercritical
634.36	745.00	354.37	0.0028219	389.23	599.46	5.3599	0.77089	1.1226	641.89	-0.028163	4.6812e-05	0.066582	supercritical
635.36	745.00	353.88	0.0028258	390.06	600.58	5.3617	0.77111	1.1225	642.09	-0.028218	4.6832e-05	0.066612	supercritical
636.36	745.00	353.38	0.0028298	390.88	601.70	5.3634	0.77133	1.1225	642.30	-0.028274	4.6851e-05	0.066641	supercritical
637.36	745.00	352.89	0.0028337	391.71	602.82	5.3652	0.77156	1.1225	642.50	-0.028329	4.6871e-05	0.066671	supercritical
638.36	745.00	352.40	0.0028377	392.54	603.95	5.3670	0.77178	1.1224	642.71	-0.028385	4.6891e-05	0.066701	supercritical
639.36	745.00	351.91	0.0028416	393.37	605.07	5.3687	0.77200	1.1224	642.92	-0.028440	4.6911e-05	0.066731	supercritical
640.36	745.00	351.42	0.0028456	394.20	606.19	5.3705	0.77223	1.1223	643.12	-0.028496	4.6930e-05	0.066761	supercritical
641.36	745.00	350.94	0.0028495	395.03	607.31	5.3722	0.77245	1.1223	643.33	-0.028551	4.6950e-05	0.066792	supercritical
642.36	745.00	350.45	0.0028534	395.85	608.44	5.3740	0.77267	1.1223	643.54	-0.028606	4.6970e-05	0.066822	supercritical
643.36	745.00	349.97	0.0028574	396.68	609.56	5.3757	0.77289	1.1223	643.75	-0.028662	4.6990e-05	0.066852	supercritical
644.36	745.00	349.49	0.0028613	397.51	610.68	5.3775	0.77312	1.1222	643.95	-0.028717	4.7011e-05	0.066883	supercritical
645.36	745.00	349.01	0.0028653	398.34	611.80	5.3792	0.77334	1.1222	644.16	-0.028772	4.7031e-05	0.066914	supercritical
646.36	745.00	348.53	0.0028692	399.17	612.92	5.3809	0.77356	1.1222	644.37	-0.028827	4.7051e-05	0.066944	supercritical
647.36	745.00	348.05	0.0028731	400.00	614.05	5.3827	0.77378	1.1221	644.58	-0.028882	4.7071e-05	0.066975	supercritical
648.36	745.00	347.57	0.0028771	400.83	615.17	5.3844	0.77400	1.1221	644.79	-0.028936	4.7092e-05	0.067006	supercritical
649.36	745.00	347.10	0.0028810	401.66	616.29	5.3861	0.77422	1.1221	645.00	-0.028991	4.7112e-05	0.067037	supercritical
650.36	745.00	346.63	0.0028850	402.48	617.41	5.3879	0.77445	1.1221	645.21	-0.029046	4.7132e-05	0.067069	supercritical
651.36	745.00	346.15	0.0028889	403.31	618.54	5.3896	0.77467	1.1220	645.42	-0.029101	4.7153e-05	0.067100	supercritical
652.36	745.00	345.68	0.0028928	404.14	619.66	5.3913	0.77489	1.1220	645.62	-0.029155	4.7173e-05	0.067131	supercritical
653.36	745.00	345.21	0.0028968	404.97	620.78	5.3930	0.77511	1.1220	645.83	-0.029210	4.7194e-05	0.067163	supercritical
654.36	745.00	344.75	0.0029007	405.80	621.90	5.3947	0.77533	1.1220	646.04	-0.029264	4.7215e-05	0.067194	supercritical
655.36	745.00	344.28	0.0029046	406.63	623.02	5.3964	0.77555	1.1219	646.26	-0.029319	4.7235e-05	0.067226	supercritical
656.36	745.00	343.81	0.0029085	407.46	624.15	5.3982	0.77577	1.1219	646.47	-0.029373	4.7256e-05	0.067258	supercritical
657.36	745.00	343.35	0.0029125	408.29	625.27	5.3999	0.77599	1.1219	646.68	-0.029427	4.7277e-05	0.067290	supercritical
658.36	745.00	342.89	0.0029164	409.12	626.39	5.4016	0.77621	1.1219	646.89	-0.029482	4.7297e-05	0.067322	supercritical
659.36	745.00	342.43	0.0029203	409.95	627.51	5.4033	0.77643	1.1219	647.10	-0.029536	4.7318e-05	0.067354	supercritical
660.36	745.00	341.97	0.0029243	410.78	628.63	5.4050	0.77665	1.1219	647.31	-0.029590	4.7339e-05	0.067386	supercritical
661.36	745.00	341.51	0.0029282	411.61	629.75	5.4067	0.77687	1.1218	647.52	-0.029644	4.7360e-05	0.067418	supercritical
662.36	745.00	341.05	0.0029321	412.43	630.88	5.4084	0.77709	1.1218	647.73	-0.029698	4.7381e-05	0.067450	supercritical
663.36	745.00	340.60	0.0029360	413.26	632.00	5.4101	0.77731	1.1218	647.95	-0.029752	4.7402e-05	0.067483	supercritical
664.36	745.00	340.14	0.0029400	414.09	633.12	5.4117	0.77752	1.1218	648.16	-0.029806	4.7423e-05	0.067515	supercritical
665.36	745.00	339.69	0.0029439	414.92	634.24	5.4134	0.77774	1.1218	648.37	-0.029859	4.7444e-05	0.067548	supercritical
666.36	745.00	339.24	0.0029478	415.75	635.36	5.4151	0.77796	1.1218	648.58	-0.029913	4.7466e-05	0.067581	supercritical
667.36	745.00	338.79	0.0029517	416.58	636.49	5.4168	0.77818	1.1218	648.80	-0.029967	4.7487e-05	0.067613	supercritical
668.36	745.00	338.34	0.0029556	417.41	637.61	5.4185	0.77840	1.1217	649.01	-0.030020	4.7508e-05	0.067646	supercritical
669.36	745.00	337.89	0.0029596	418.24	638.73	5.4202	0.77862	1.1217	649.22	-0.030074	4.7529e-05	0.067679	supercritical
670.36	745.00	337.44	0.0029635	419.07	639.85	5.4218	0.77883	1.1217	649.44	-0.030127	4.7551e-05	0.067712	supercritical
671.36	745.00	337.00	0.0029674	419.90	640.97	5.4235	0.77905	1.1217	649.65	-0.030180	4.7572e-05	0.067745	supercritical
672.36	745.00	336.55	0.0029713	420.73	642.09	5.4252	0.77927	1.1217	649.86	-0.030234	4.7594e-05	0.067778	supercritical
673.36	745.00	336.11	0.0029752	421.56	643.22	5.4268	0.77948	1.1217	650.08	-0.030287	4.7615e-05	0.067812	supercritical
674.36	745.00	335.67	0.0029791	422.39	644.34	5.4285	0.77970	1.1217	650.29	-0.030340	4.7637e-05	0.067845	supercritical
675.36	745.00	335.23	0.0029830	423.22	645.46	5.4302	0.77992	1.1217	650.50	-0.030393	4.7658e-05	0.067879	supercritical
676.36	745.00	334.79	0.0029870	424.05	646.58	5.4318	0.78013	1.1217	650.72	-0.030446	4.7680e-05	0.067912	supercritical
677.36	745.00	334.35	0.0029909	424.88	647.70	5.4335	0.78035	1.1217	650.93	-0.030499	4.7702e-05	0.067946	supercritical
678.36	745.00	333.92	0.0029948	425.71	648.82	5.4351	0.78057	1.1217	651.15	-0.030552	4.7723e-05	0.067979	supercritical
679.36	745.00	333.48	0.0029987	426.54	649.95	5.4368	0.78078	1.1217	651.36	-0.030605	4.7745e-05	0.068013	supercritical
680.36	745.00	333.05	0.0030026	427.37	651.07	5.4384	0.78100	1.1217	651.58	-0.030657	4.7767e-05	0.068047	supercritical
681.36	745.00	332.61	0.0030065	428.21	652.19	5.4401	0.78121	1.1217	651.79	-0.030710	4.7789e-05	0.068081	supercritical
682.36	745.00	332.18	0.0030104	429.04	653.31	5.4417	0.78143	1.1217	652.01	-0.030762	4.7810e-05	0.068115	supercritical
683.36	745.00	331.75	0.0030143	429.87	654.43	5.4434	0.78164	1.1217	652.22	-0.030815	4.7832e-05	0.068149	supercritical
684.36	745.00	331.32	0.0030182	430.70	655.55	5.4450	0.78186	1.1217	652.44	-0.030867	4.7854e-05	0.068183	supercritical
685.36	745.00	330.89	0.0030221	431.53	656.68	5.4467	0.78207	1.1217	652.66	-0.030920	4.7876e-05	0.068218	supercritical
686.36	745.00	330.47	0.0030260	432.36	657.80	5.4483	0.78228	1.1217	652.87	-0.030972	4.7898e-05	0.068252	supercritical
687.36	745.00	330.04	0.0030299	433.19	658.92	5.4499	0.78250	1.1217	653.09	-0.031024	4.7920e-05	0.068286	supercritical
688.36	745.00	329.62	0.0030338	434.02	660.04	5.4516	0.78271	1.1217	653.30	-0.031076	4.7942e-05	0.068321	supercritical
689.36	745.00	329.19	0.0030377	434.85	661.16	5.4532	0.78292	1.1217	653.52	-0.031128	4.7964e-05	0.068355	supercritical
690.36	745.00	328.77	0.0030416	435.68	662.28	5.4548	0.78314	1.1217	653.74	-0.031180	4.7987e-05	0.068390	supercritical
691.36	745.00	328.35	0.0030455	436.51	663.41	5.4564	0.78335	1.1217	653.95	-0.031232	4.8009e-05	0.068425	supercritical
692.36	745.00	327.93	0.0030494	437.35	664.53	5.4581	0.78356	1.1217	654.17	-0.031284	4.8031e-05	0.068460	supercritical
693.36	745.00	327.51	0.0030533	438.18	665.65	5.4597	0.78378	1.1217	654.39	-0.031336	4.8053e-05	0.068494	supercritical
694.36	745.00	327.10	0.0030572	439.01	666.77	5.4613	0.78399	1.1217	654.61	-0.031388	4.8076e-05	0.068529	supercritical
695.36	745.00	326.68	0.0030611	439.84	667.89	5.4629	0.78420	1.1217	654.82	-0.031439	4.8098e-05	0.068564	supercritical
696.36	745.00	326.26	0.0030650	440.67	669.01	5.4645	0.78441	1.1217	655.04	-0.031491	4.8120e-05	0.068599	supercritical
697.36	745.00	325.85	0.0030689	441.50	670.14	5.4661	0.78462	1.1217	655.26	-0.031542	4.8143e-05	0.068635	supercritical
698.36	745.00	325.44	0.0030728	442.33	671.26	5.4677	0.78483	1.1217	655.48	-0.031594	4.8165e-05	0.068670	supercritical
699.36	745.00	325.03	0.0030767	443.17	672.38	5.4693	0.78504	1.1217	655.69	-0.031645	4.8188e-05	0.068705	supercritical
700.36	745.00	324.61	0.0030806	444.00	673.50	5.4709	0.78526	1.1217	655.91	-0.031696	4.8210e-05	0.068741	supercritical
701.36	745.00	324.21	0.0030845	444.83	674.62	5.4725	0.78547	1.1217	656.13	-0.031748	4.8233e-05	0.068776	supercritical
702.36	745.00	323.80	0.0030884	445.66	675.74	5.4741	0.78568	1.1218	656.35	-0.031799	4.8255e-05	0.068812	supercritical
703.36	745.00	323.39	0.0030922	446.49	676.87	5.4757	0.78589	1.1218	656.57	-0.031850	4.8278e-05	0.068847	supercritical
704.36	745.00	322.98	0.0030961	447.33	677.99	5.4773	0.78610	1.1218	656.78	-0.031901	4.8300e-05	0.068883	supercritical
705.36	745.00	322.58	0.0031000	448.16	679.11	5.4789	0.78630	1.1218	657.00	-0.031952	4.8323e-05	0.068919	supercritical
706.36	745.00	322.17	0.0031039	448.99	680.23	5.4805	0.78651	1.1218	657.22	-0.032003	4.8346e-05	0.068954	supercritical
707.36	745.00	321.77	0.0031078	449.82	681.35	5.4821	0.78672	1.1218	657.44	-0.032053	4.8368e-05	0.068990	supercritical
708.36	745.00	321.37	0.0031117	450.66	682.48	5.4837	0.78693	1.1218	657.66	-0.032104	4.8391e-05	0.069026	supercritical
709.36	745.00	320.97	0.0031156	451.49	683.60	5.4853	0.78714	1.1218	657.88	-0.032155	4.8414e-05	0.069062	supercritical
710.36	745.00	320.57	0.0031194	452.32	684.72	5.4868	0.78735	1.1219	658.10	-0.032205	4.8437e-05	0.069098	supercritical
711.36	745.00	320.17	0.0031233	453.15	685.84	5.4884	0.78756	1.1219	658.32	-0.032256	4.8460e-05	0.069134	supercritical
712.36	745.00	319.77	0.0031272	453.99	686.96	5.4900	0.78776	1.1219	658.54	-0.032306	4.8483e-05	0.069171	supercritical
713.36	745.00	319.38	0.0031311	454.82	688.08	5.4916	0.78797	1.1219	658.76	-0.032356	4.8505e-05	0.069207	supercritical
714.36	745.00	318.98	0.0031350	455.65	689.21	5.4931	0.78818	1.1219	658.98	-0.032407	4.8528e-05	0.069243	supercritical
715.36	745.00	318.59	0.0031388	456.48	690.33	5.4947	0.78838	1.1219	659.20	-0.032457	4.8551e-05	0.069280	supercritical
716.36	745.00	318.20	0.0031427	457.32	691.45	5.4963	0.78859	1.1220	659.42	-0.032507	4.8574e-05	0.069316	supercritical
717.36	745.00	317.80	0.0031466	458.15	692.57	5.4978	0.78880	1.1220	659.64	-0.032557	4.8597e-05	0.069353	supercritical
718.36	745.00	317.41	0.0031505	458.98	693.69	5.4994	0.78900	1.1220	659.86	-0.032607	4.8621e-05	0.069389	supercritical
719.36	745.00	317.02	0.0031544	459.82	694.82	5.5010	0.78921	1.1220	660.08	-0.032657	4.8644e-05	0.069426	supercritical
720.36	745.00	316.63	0.0031582	460.65	695.94	5.5025	0.78941	1.1220	660.30	-0.032707	4.8667e-05	0.069463	supercritical
721.36	745.00	316.24	0.0031621	461.48	697.06	5.5041	0.78962	1.1220	660.52	-0.032756	4.8690e-05	0.069499	supercritical
722.36	745.00	315.86	0.0031660	462.32	698.18	5.5056	0.78982	1.1221	660.74	-0.032806	4.8713e-05	0.069536	supercritical
723.36	745.00	315.47	0.0031699	463.15	699.30	5.5072	0.79003	1.1221	660.96	-0.032856	4.8736e-05	0.069573	supercritical
724.36	745.00	315.09	0.0031737	463.98	700.43	5.5087	0.79023	1.1221	661.18	-0.032905	4.8760e-05	0.069610	supercritical
725.36	745.00	314.70	0.0031776	464.82	701.55	5.5103	0.79044	1.1221	661.40	-0.032955	4.8783e-05	0.069647	supercritical
726.36	745.00	314.32	0.0031815	465.65	702.67	5.5118	0.79064	1.1222	661.62	-0.033004	4.8806e-05	0.069684	supercritical
727.36	745.00	313.94	0.0031853	466.49	703.79	5.5134	0.79085	1.1222	661.84	-0.033053	4.8829e-05	0.069721	supercritical
728.36	745.00	313.56	0.0031892	467.32	704.92	5.5149	0.79105	1.1222	662.06	-0.033103	4.8853e-05	0.069759	supercritical
729.36	745.00	313.18	0.0031931	468.15	706.04	5.5165	0.79125	1.1222	662.28	-0.033152	4.8876e-05	0.069796	supercritical
730.36	745.00	312.80	0.0031969	468.99	707.16	5.5180	0.79145	1.1222	662.50	-0.033201	4.8899e-05	0.069833	supercritical
731.36	745.00	312.42	0.0032008	469.82	708.28	5.5195	0.79166	1.1223	662.73	-0.033250	4.8923e-05	0.069870	supercritical
732.36	745.00	312.04	0.0032047	470.66	709.40	5.5211	0.79186	1.1223	662.95	-0.033299	4.8946e-05	0.069908	supercritical
733.36	745.00	311.67	0.0032085	471.49	710.53	5.5226	0.79206	1.1223	663.17	-0.033348	4.8970e-05	0.069945	supercritical
734.36	745.00	311.29	0.0032124	472.33	711.65	5.5241	0.79226	1.1223	663.39	-0.033396	4.8993e-05	0.069983	supercritical
735.36	745.00	310.92	0.0032163	473.16	712.77	5.5257	0.79246	1.1224	663.61	-0.033445	4.9017e-05	0.070021	supercritical
736.36	745.00	310.55	0.0032201	473.99	713.89	5.5272	0.79267	1.1224	663.83	-0.033494	4.9040e-05	0.070058	supercritical
737.36	745.00	310.17	0.0032240	474.83	715.02	5.5287	0.79287	1.1224	664.06	-0.033542	4.9064e-05	0.070096	supercritical
738.36	745.00	309.80	0.0032279	475.66	716.14	5.5302	0.79307	1.1224	664.28	-0.033591	4.9088e-05	0.070134	supercritical
739.36	745.00	309.43	0.0032317	476.50	717.26	5.5317	0.79327	1.1225	664.50	-0.033639	4.9111e-05	0.070172	supercritical
740.36	745.00	309.06	0.0032356	477.33	718.38	5.5333	0.79347	1.1225	664.72	-0.033688	4.9135e-05	0.070210	supercritical
741.36	745.00	308.70	0.0032394	478.17	719.51	5.5348	0.79367	1.1225	664.94	-0.033736	4.9159e-05	0.070247	supercritical
742.36	745.00	308.33	0.0032433	479.00	720.63	5.5363	0.79387	1.1225	665.17	-0.033784	4.9182e-05	0.070285	supercritical
743.36	745.00	307.96	0.0032471	479.84	721.75	5.5378	0.79407	1.1226	665.39	-0.033832	4.9206e-05	0.070324	supercritical
744.36	745.00	307.60	0.0032510	480.67	722.87	5.5393	0.79426	1.1226	665.61	-0.033880	4.9230e-05	0.070362	supercritical
745.36	745.00	307.23	0.0032549	481.51	724.00	5.5408	0.79446	1.1226	665.83	-0.033928	4.9253e-05	0.070400	supercritical
746.36	745.00	306.87	0.0032587	482.34	725.12	5.5423	0.79466	1.1227	666.06	-0.033976	4.9277e-05	0.070438	supercritical
747.36	745.00	306.51	0.0032626	483.18	726.24	5.5438	0.79486	1.1227	666.28	-0.034024	4.9301e-05	0.070476	supercritical
748.36	745.00	306.15	0.0032664	484.02	727.36	5.5453	0.79506	1.1227	666.50	-0.034072	4.9325e-05	0.070515	supercritical
749.36	745.00	305.78	0.0032703	484.85	728.49	5.5468	0.79526	1.1228	666.73	-0.034120	4.9349e-05	0.070553	supercritical
750.36	745.00	305.42	0.0032741	485.69	729.61	5.5483	0.79545	1.1228	666.95	-0.034167	4.9373e-05	0.070591	supercritical
751.36	745.00	305.07	0.0032780	486.52	730.73	5.5498	0.79565	1.1228	667.17	-0.034215	4.9396e-05	0.070630	supercritical
752.36	745.00	304.71	0.0032818	487.36	731.86	5.5513	0.79585	1.1228	667.39	-0.034262	4.9420e-05	0.070668	supercritical
753.36	745.00	304.35	0.0032857	488.19	732.98	5.5528	0.79604	1.1229	667.62	-0.034310	4.9444e-05	0.070707	supercritical
754.36	745.00	303.99	0.0032895	489.03	734.10	5.5543	0.79624	1.1229	667.84	-0.034357	4.9468e-05	0.070746	supercritical
755.36	745.00	303.64	0.0032934	489.87	735.22	5.5558	0.79643	1.1229	668.06	-0.034404	4.9492e-05	0.070784	supercritical
756.36	745.00	303.28	0.0032972	490.70	736.35	5.5573	0.79663	1.1230	668.29	-0.034451	4.9516e-05	0.070823	supercritical
757.36	745.00	302.93	0.0033011	491.54	737.47	5.5587	0.79682	1.1230	668.51	-0.034498	4.9540e-05	0.070862	supercritical
758.36	745.00	302.58	0.0033049	492.38	738.59	5.5602	0.79702	1.1230	668.73	-0.034545	4.9564e-05	0.070901	supercritical
759.36	745.00	302.23	0.0033088	493.21	739.72	5.5617	0.79721	1.1231	668.96	-0.034592	4.9588e-05	0.070940	supercritical
760.36	745.00	301.88	0.0033126	494.05	740.84	5.5632	0.79741	1.1231	669.18	-0.034639	4.9613e-05	0.070979	supercritical
761.36	745.00	301.53	0.0033165	494.89	741.96	5.5647	0.79760	1.1231	669.40	-0.034686	4.9637e-05	0.071018	supercritical
762.36	745.00	301.18	0.0033203	495.72	743.09	5.5661	0.79780	1.1232	669.63	-0.034733	4.9661e-05	0.071057	supercritical
763.36	745.00	300.83	0.0033241	496.56	744.21	5.5676	0.79799	1.1232	669.85	-0.034780	4.9685e-05	0.071096	supercritical
764.36	745.00	300.48	0.0033280	497.40	745.33	5.5691	0.79818	1.1232	670.08	-0.034826	4.9709e-05	0.071135	supercritical
765.36	745.00	300.14	0.0033318	498.23	746.46	5.5706	0.79838	1.1233	670.30	-0.034873	4.9733e-05	0.071174	supercritical
766.36	745.00	299.79	0.0033357	499.07	747.58	5.5720	0.79857	1.1233	670.52	-0.034919	4.9758e-05	0.071213	supercritical
767.36	745.00	299.44	0.0033395	499.91	748.70	5.5735	0.79876	1.1234	670.75	-0.034966	4.9782e-05	0.071253	supercritical
768.36	745.00	299.10	0.0033434	500.75	749.83	5.5749	0.79895	1.1234	670.97	-0.035012	4.9806e-05	0.071292	supercritical
769.36	745.00	298.76	0.0033472	501.58	750.95	5.5764	0.79915	1.1234	671.19	-0.035058	4.9830e-05	0.071331	supercritical
770.36	745.00	298.42	0.0033510	502.42	752.07	5.5779	0.79934	1.1235	671.42	-0.035104	4.9855e-05	0.071371	supercritical
771.36	745.00	298.07	0.0033549	503.26	753.20	5.5793	0.79953	1.1235	671.64	-0.035150	4.9879e-05	0.071410	supercritical
772.36	745.00	297.73	0.0033587	504.10	754.32	5.5808	0.79972	1.1235	671.87	-0.035196	4.9903e-05	0.071450	supercritical
773.36	745.00	297.39	0.0033625	504.93	755.44	5.5822	0.79991	1.1236	672.09	-0.035242	4.9928e-05	0.071489	supercritical
774.36	745.00	297.06	0.0033664	505.77	756.57	5.5837	0.80010	1.1236	672.32	-0.035288	4.9952e-05	0.071529	supercritical
775.36	745.00	296.72	0.0033702	506.61	757.69	5.5851	0.80029	1.1236	672.54	-0.035334	4.9976e-05	0.071568	supercritical
776.36	745.00	296.38	0.0033740	507.45	758.81	5.5866	0.80048	1.1237	672.76	-0.035380	5.0001e-05	0.071608	supercritical
777.36	745.00	296.04	0.0033779	508.29	759.94	5.5880	0.80067	1.1237	672.99	-0.035425	5.0025e-05	0.071648	supercritical
778.36	745.00	295.71	0.0033817	509.12	761.06	5.5895	0.80086	1.1238	673.21	-0.035471	5.0049e-05	0.071688	supercritical
779.36	745.00	295.37	0.0033855	509.96	762.18	5.5909	0.80105	1.1238	673.44	-0.035517	5.0074e-05	0.071727	supercritical
780.36	745.00	295.04	0.0033894	510.80	763.31	5.5924	0.80124	1.1238	673.66	-0.035562	5.0098e-05	0.071767	supercritical
781.36	745.00	294.71	0.0033932	511.64	764.43	5.5938	0.80142	1.1239	673.89	-0.035607	5.0123e-05	0.071807	supercritical
782.36	745.00	294.37	0.0033970	512.48	765.56	5.5952	0.80161	1.1239	674.11	-0.035653	5.0147e-05	0.071847	supercritical
783.36	745.00	294.04	0.0034009	513.32	766.68	5.5967	0.80180	1.1240	674.34	-0.035698	5.0172e-05	0.071887	supercritical
784.36	745.00	293.71	0.0034047	514.15	767.80	5.5981	0.80199	1.1240	674.56	-0.035743	5.0196e-05	0.071927	supercritical
785.36	745.00	293.38	0.0034085	514.99	768.93	5.5995	0.80218	1.1240	674.79	-0.035788	5.0221e-05	0.071967	supercritical
786.36	745.00	293.05	0.0034124	515.83	770.05	5.6010	0.80236	1.1241	675.01	-0.035833	5.0246e-05	0.072007	supercritical
787.36	745.00	292.72	0.0034162	516.67	771.18	5.6024	0.80255	1.1241	675.24	-0.035878	5.0270e-05	0.072047	supercritical
788.36	745.00	292.40	0.0034200	517.51	772.30	5.6038	0.80274	1.1242	675.46	-0.035923	5.0295e-05	0.072088	supercritical
789.36	745.00	292.07	0.0034238	518.35	773.42	5.6052	0.80292	1.1242	675.69	-0.035968	5.0319e-05	0.072128	supercritical
790.36	745.00	291.74	0.0034277	519.19	774.55	5.6067	0.80311	1.1242	675.91	-0.036013	5.0344e-05	0.072168	supercritical
791.36	745.00	291.42	0.0034315	520.03	775.67	5.6081	0.80329	1.1243	676.14	-0.036057	5.0369e-05	0.072208	supercritical
792.36	745.00	291.10	0.0034353	520.87	776.80	5.6095	0.80348	1.1243	676.36	-0.036102	5.0393e-05	0.072249	supercritical
793.36	745.00	290.77	0.0034391	521.71	777.92	5.6109	0.80366	1.1244	676.59	-0.036147	5.0418e-05	0.072289	supercritical
794.36	745.00	290.45	0.0034429	522.55	779.05	5.6123	0.80385	1.1244	676.81	-0.036191	5.0443e-05	0.072330	supercritical
795.36	745.00	290.13	0.0034468	523.39	780.17	5.6138	0.80403	1.1245	677.04	-0.036235	5.0467e-05	0.072370	supercritical
796.36	745.00	289.81	0.0034506	524.23	781.30	5.6152	0.80422	1.1245	677.26	-0.036280	5.0492e-05	0.072411	supercritical
797.36	745.00	289.48	0.0034544	525.07	782.42	5.6166	0.80440	1.1245	677.49	-0.036324	5.0517e-05	0.072451	supercritical
798.36	745.00	289.17	0.0034582	525.91	783.54	5.6180	0.80458	1.1246	677.71	-0.036368	5.0542e-05	0.072492	supercritical
799.36	745.00	288.85	0.0034621	526.75	784.67	5.6194	0.80477	1.1246	677.94	-0.036412	5.0566e-05	0.072532	supercritical
800.36	745.00	288.53	0.0034659	527.59	785.79	5.6208	0.80495	1.1247	678.16	-0.036456	5.0591e-05	0.072573	supercritical
801.36	745.00	288.21	0.0034697	528.43	786.92	5.6222	0.80513	1.1247	678.39	-0.036500	5.0616e-05	0.072614	supercritical
802.36	745.00	287.89	0.0034735	529.27	788.04	5.6236	0.80531	1.1248	678.61	-0.036544	5.0641e-05	0.072655	supercritical
803.36	745.00	287.58	0.0034773	530.11	789.17	5.6250	0.80550	1.1248	678.84	-0.036588	5.0665e-05	0.072695	supercritical
804.36	745.00	287.26	0.0034811	530.95	790.29	5.6264	0.80568	1.1248	679.06	-0.036632	5.0690e-05	0.072736	supercritical
805.36	745.00	286.95	0.0034850	531.79	791.42	5.6278	0.80586	1.1249	679.29	-0.036676	5.0715e-05	0.072777	supercritical
806.36	745.00	286.63	0.0034888	532.63	792.54	5.6292	0.80604	1.1249	679.51	-0.036719	5.0740e-05	0.072818	supercritical
807.36	745.00	286.32	0.0034926	533.47	793.67	5.6306	0.80622	1.1250	679.74	-0.036763	5.0765e-05	0.072859	supercritical
808.36	745.00	286.01	0.0034964	534.31	794.79	5.6320	0.80640	1.1250	679.97	-0.036806	5.0790e-05	0.072900	supercritical
809.36	745.00	285.70	0.0035002	535.15	795.92	5.6334	0.80658	1.1251	680.19	-0.036850	5.0815e-05	0.072941	supercritical
810.36	745.00	285.39	0.0035040	535.99	797.04	5.6348	0.80676	1.1251	680.42	-0.036893	5.0840e-05	0.072982	supercritical
811.36	745.00	285.08	0.0035078	536.83	798.17	5.6362	0.80694	1.1252	680.64	-0.036936	5.0865e-05	0.073023	supercritical
812.36	745.00	284.77	0.0035116	537.68	799.29	5.6375	0.80712	1.1252	680.87	-0.036979	5.0890e-05	0.073064	supercritical
813.36	745.00	284.46	0.0035155	538.52	800.42	5.6389	0.80730	1.1252	681.09	-0.037023	5.0914e-05	0.073105	supercritical
814.36	745.00	284.15	0.0035193	539.36	801.54	5.6403	0.80748	1.1253	681.32	-0.037066	5.0939e-05	0.073147	supercritical
815.36	745.00	283.84	0.0035231	540.20	802.67	5.6417	0.80766	1.1253	681.54	-0.037109	5.0964e-05	0.073188	supercritical
816.36	745.00	283.54	0.0035269	541.04	803.79	5.6431	0.80783	1.1254	681.77	-0.037152	5.0989e-05	0.073229	supercritical
817.36	745.00	283.23	0.0035307	541.88	804.92	5.6445	0.80801	1.1254	682.00	-0.037195	5.1014e-05	0.073270	supercritical
818.36	745.00	282.93	0.0035345	542.72	806.04	5.6458	0.80819	1.1255	682.22	-0.037237	5.1039e-05	0.073312	supercritical
819.36	745.00	282.62	0.0035383	543.57	807.17	5.6472	0.80837	1.1255	682.45	-0.037280	5.1064e-05	0.073353	supercritical
820.36	745.00	282.32	0.0035421	544.41	808.30	5.6486	0.80854	1.1256	682.67	-0.037323	5.1090e-05	0.073394	supercritical
821.36	745.00	282.01	0.0035459	545.25	809.42	5.6499	0.80872	1.1256	682.90	-0.037365	5.1115e-05	0.073436	supercritical
822.36	745.00	281.71	0.0035497	546.09	810.55	5.6513	0.80890	1.1257	683.12	-0.037408	5.1140e-05	0.073477	supercritical
823.36	745.00	281.41	0.0035535	546.94	811.67	5.6527	0.80907	1.1257	683.35	-0.037450	5.1165e-05	0.073519	supercritical
824.36	745.00	281.11	0.0035573	547.78	812.80	5.6541	0.80925	1.1258	683.58	-0.037493	5.1190e-05	0.073560	supercritical
825.36	745.00	280.81	0.0035611	548.62	813.92	5.6554	0.80943	1.1258	683.80	-0.037535	5.1215e-05	0.073602	supercritical
826.36	745.00	280.51	0.0035649	549.46	815.05	5.6568	0.80960	1.1259	684.03	-0.037577	5.1240e-05	0.073644	supercritical
827.36	745.00	280.21	0.0035687	550.31	816.18	5.6581	0.80978	1.1259	684.25	-0.037620	5.1265e-05	0.073685	supercritical
828.36	745.00	279.91	0.0035725	551.15	817.30	5.6595	0.80995	1.1260	684.48	-0.037662	5.1290e-05	0.073727	supercritical
829.36	745.00	279.62	0.0035763	551.99	818.43	5.6609	0.81013	1.1260	684.71	-0.037704	5.1315e-05	0.073769	supercritical
830.36	745.00	279.32	0.0035801	552.83	819.55	5.6622	0.81030	1.1260	684.93	-0.037746	5.1341e-05	0.073810	supercritical
831.36	745.00	279.02	0.0035839	553.68	820.68	5.6636	0.81047	1.1261	685.16	-0.037788	5.1366e-05	0.073852	supercritical
832.36	745.00	278.73	0.0035877	554.52	821.81	5.6649	0.81065	1.1261	685.38	-0.037830	5.1391e-05	0.073894	supercritical
833.36	745.00	278.43	0.0035915	555.36	822.93	5.6663	0.81082	1.1262	685.61	-0.037871	5.1416e-05	0.073936	supercritical
834.36	745.00	278.14	0.0035953	556.21	824.06	5.6676	0.81099	1.1262	685.83	-0.037913	5.1441e-05	0.073977	supercritical
835.36	745.00	277.85	0.0035991	557.05	825.18	5.6690	0.81117	1.1263	686.06	-0.037955	5.1467e-05	0.074019	supercritical
836.36	745.00	277.55	0.0036029	557.89	826.31	5.6703	0.81134	1.1263	686.29	-0.037996	5.1492e-05	0.074061	supercritical
837.36	745.00	277.26	0.0036067	558.74	827.44	5.6717	0.81151	1.1264	686.51	-0.038038	5.1517e-05	0.074103	supercritical
838.36	745.00	276.97	0.0036105	559.58	828.56	5.6730	0.81168	1.1264	686.74	-0.038079	5.1542e-05	0.074145	supercritical
839.36	745.00	276.68	0.0036143	560.42	829.69	5.6744	0.81186	1.1265	686.96	-0.038121	5.1567e-05	0.074187	supercritical
840.36	745.00	276.39	0.0036181	561.27	830.82	5.6757	0.81203	1.1265	687.19	-0.038162	5.1593e-05	0.074229	supercritical
841.36	745.00	276.10	0.0036219	562.11	831.94	5.6770	0.81220	1.1266	687.42	-0.038203	5.1618e-05	0.074271	supercritical
842.36	745.00	275.81	0.0036257	562.96	833.07	5.6784	0.81237	1.1266	687.64	-0.038245	5.1643e-05	0.074313	supercritical
843.36	745.00	275.52	0.0036295	563.80	834.20	5.6797	0.81254	1.1267	687.87	-0.038286	5.1669e-05	0.074356	supercritical
844.36	745.00	275.23	0.0036333	564.64	835.32	5.6811	0.81271	1.1267	688.09	-0.038327	5.1694e-05	0.074398	supercritical
845.36	745.00	274.95	0.0036371	565.49	836.45	5.6824	0.81288	1.1268	688.32	-0.038368	5.1719e-05	0.074440	supercritical
846.36	745.00	274.66	0.0036409	566.33	837.58	5.6837	0.81305	1.1268	688.55	-0.038409	5.1745e-05	0.074482	supercritical
847.36	745.00	274.38	0.0036446	567.18	838.70	5.6850	0.81322	1.1269	688.77	-0.038450	5.1770e-05	0.074524	supercritical
848.36	745.00	274.09	0.0036484	568.02	839.83	5.6864	0.81339	1.1269	689.00	-0.038490	5.1795e-05	0.074567	supercritical
849.36	745.00	273.81	0.0036522	568.87	840.96	5.6877	0.81356	1.1270	689.22	-0.038531	5.1821e-05	0.074609	supercritical
850.36	745.00	273.52	0.0036560	569.71	842.08	5.6890	0.81372	1.1270	689.45	-0.038572	5.1846e-05	0.074651	supercritical
851.36	745.00	273.24	0.0036598	570.56	843.21	5.6904	0.81389	1.1271	689.68	-0.038612	5.1871e-05	0.074694	supercritical
852.36	745.00	272.96	0.0036636	571.40	844.34	5.6917	0.81406	1.1271	689.90	-0.038653	5.1897e-05	0.074736	supercritical
853.36	745.00	272.67	0.0036674	572.25	845.47	5.6930	0.81423	1.1272	690.13	-0.038694	5.1922e-05	0.074779	supercritical
854.36	745.00	272.39	0.0036712	573.09	846.59	5.6943	0.81440	1.1272	690.35	-0.038734	5.1947e-05	0.074821	supercritical
855.36	745.00	272.11	0.0036749	573.94	847.72	5.6956	0.81456	1.1273	690.58	-0.038774	5.1973e-05	0.074863	supercritical
856.36	745.00	271.83	0.0036787	574.78	848.85	5.6970	0.81473	1.1273	690.81	-0.038815	5.1998e-05	0.074906	supercritical
857.36	745.00	271.55	0.0036825	575.63	849.98	5.6983	0.81490	1.1274	691.03	-0.038855	5.2024e-05	0.074948	supercritical
858.36	745.00	271.27	0.0036863	576.47	851.10	5.6996	0.81506	1.1275	691.26	-0.038895	5.2049e-05	0.074991	supercritical
859.36	745.00	271.00	0.0036901	577.32	852.23	5.7009	0.81523	1.1275	691.49	-0.038935	5.2074e-05	0.075034	supercritical
860.36	745.00	270.72	0.0036939	578.16	853.36	5.7022	0.81540	1.1276	691.71	-0.038975	5.2100e-05	0.075076	supercritical
861.36	745.00	270.44	0.0036976	579.01	854.49	5.7035	0.81556	1.1276	691.94	-0.039015	5.2125e-05	0.075119	supercritical
862.36	745.00	270.17	0.0037014	579.86	855.61	5.7048	0.81573	1.1277	692.16	-0.039055	5.2151e-05	0.075162	supercritical
863.36	745.00	269.89	0.0037052	580.70	856.74	5.7061	0.81589	1.1277	692.39	-0.039095	5.2176e-05	0.075204	supercritical
864.36	745.00	269.62	0.0037090	581.55	857.87	5.7074	0.81606	1.1278	692.62	-0.039135	5.2202e-05	0.075247	supercritical
865.36	745.00	269.34	0.0037128	582.39	859.00	5.7087	0.81622	1.1278	692.84	-0.039174	5.2227e-05	0.075290	supercritical
866.36	745.00	269.07	0.0037165	583.24	860.12	5.7100	0.81638	1.1279	693.07	-0.039214	5.2253e-05	0.075332	supercritical
867.36	745.00	268.79	0.0037203	584.09	861.25	5.7113	0.81655	1.1279	693.29	-0.039254	5.2278e-05	0.075375	supercritical
868.36	745.00	268.52	0.0037241	584.93	862.38	5.7126	0.81671	1.1280	693.52	-0.039293	5.2304e-05	0.075418	supercritical
869.36	745.00	268.25	0.0037279	585.78	863.51	5.7139	0.81688	1.1280	693.75	-0.039333	5.2329e-05	0.075461	supercritical
870.36	745.00	267.98	0.0037317	586.63	864.64	5.7152	0.81704	1.1281	693.97	-0.039372	5.2355e-05	0.075504	supercritical
871.36	745.00	267.71	0.0037354	587.47	865.76	5.7165	0.81720	1.1281	694.20	-0.039411	5.2380e-05	0.075547	supercritical
872.36	745.00	267.44	0.0037392	588.32	866.89	5.7178	0.81736	1.1282	694.42	-0.039451	5.2406e-05	0.075590	supercritical
873.36	745.00	267.17	0.0037430	589.17	868.02	5.7191	0.81753	1.1282	694.65	-0.039490	5.2431e-05	0.075633	supercritical
874.36	745.00	266.90	0.0037468	590.01	869.15	5.7204	0.81769	1.1283	694.88	-0.039529	5.2457e-05	0.075676	supercritical
875.36	745.00	266.63	0.0037505	590.86	870.28	5.7217	0.81785	1.1283	695.10	-0.039568	5.2483e-05	0.075719	supercritical
876.36	745.00	266.36	0.0037543	591.71	871.41	5.7230	0.81801	1.1284	695.33	-0.039607	5.2508e-05	0.075762	supercritical
877.36	745.00	266.09	0.0037581	592.56	872.53	5.7243	0.81817	1.1284	695.55	-0.039646	5.2534e-05	0.075805	supercritical
878.36	745.00	265.83	0.0037619	593.40	873.66	5.7256	0.81833	1.1285	695.78	-0.039685	5.2559e-05	0.075848	supercritical
879.36	745.00	265.56	0.0037656	594.25	874.79	5.7269	0.81849	1.1286	696.00	-0.039724	5.2585e-05	0.075891	supercritical
880.36	745.00	265.29	0.0037694	595.10	875.92	5.7281	0.81865	1.1286	696.23	-0.039763	5.2610e-05	0.075934	supercritical
881.36	745.00	265.03	0.0037732	595.95	877.05	5.7294	0.81881	1.1287	696.46	-0.039801	5.2636e-05	0.075977	supercritical
882.36	745.00	264.76	0.0037769	596.79	878.18	5.7307	0.81897	1.1287	696.68	-0.039840	5.2662e-05	0.076020	supercritical
883.36	745.00	264.50	0.0037807	597.64	879.31	5.7320	0.81913	1.1288	696.91	-0.039879	5.2687e-05	0.076063	supercritical
884.36	745.00	264.24	0.0037845	598.49	880.43	5.7332	0.81929	1.1288	697.13	-0.039917	5.2713e-05	0.076107	supercritical
885.36	745.00	263.97	0.0037883	599.34	881.56	5.7345	0.81945	1.1289	697.36	-0.039956	5.2738e-05	0.076150	supercritical
886.36	745.00	263.71	0.0037920	600.19	882.69	5.7358	0.81961	1.1289	697.59	-0.039994	5.2764e-05	0.076193	supercritical
887.36	745.00	263.45	0.0037958	601.03	883.82	5.7371	0.81977	1.1290	697.81	-0.040033	5.2790e-05	0.076236	supercritical
888.36	745.00	263.19	0.0037996	601.88	884.95	5.7383	0.81993	1.1290	698.04	-0.040071	5.2815e-05	0.076280	supercritical
889.36	745.00	262.93	0.0038033	602.73	886.08	5.7396	0.82009	1.1291	698.26	-0.040109	5.2841e-05	0.076323	supercritical
890.36	745.00	262.67	0.0038071	603.58	887.21	5.7409	0.82024	1.1291	698.49	-0.040147	5.2867e-05	0.076366	supercritical
891.36	745.00	262.41	0.0038109	604.43	888.34	5.7422	0.82040	1.1292	698.72	-0.040185	5.2892e-05	0.076410	supercritical
892.36	745.00	262.15	0.0038146	605.28	889.47	5.7434	0.82056	1.1293	698.94	-0.040223	5.2918e-05	0.076453	supercritical
893.36	745.00	261.89	0.0038184	606.13	890.60	5.7447	0.82071	1.1293	699.17	-0.040261	5.2944e-05	0.076497	supercritical
894.36	745.00	261.63	0.0038222	606.97	891.73	5.7459	0.82087	1.1294	699.39	-0.040299	5.2969e-05	0.076540	supercritical
895.36	745.00	261.37	0.0038259	607.82	892.85	5.7472	0.82103	1.1294	699.62	-0.040337	5.2995e-05	0.076583	supercritical
896.36	745.00	261.12	0.0038297	608.67	893.98	5.7485	0.82118	1.1295	699.84	-0.040375	5.3021e-05	0.076627	supercritical
897.36	745.00	260.86	0.0038335	609.52	895.11	5.7497	0.82134	1.1295	700.07	-0.040413	5.3046e-05	0.076670	supercritical
898.36	745.00	260.61	0.0038372	610.37	896.24	5.7510	0.82149	1.1296	700.30	-0.040451	5.3072e-05	0.076714	supercritical
899.36	745.00	260.35	0.0038410	611.22	897.37	5.7522	0.82165	1.1296	700.52	-0.040488	5.3098e-05	0.076758	supercritical
900.36	745.00	260.10	0.0038447	612.07	898.50	5.7535	0.82181	1.1297	700.75	-0.040526	5.3124e-05	0.076801	supercritical
901.36	745.00	259.84	0.0038485	612.92	899.63	5.7548	0.82196	1.1297	700.97	-0.040563	5.3149e-05	0.076845	supercritical
902.36	745.00	259.59	0.0038523	613.77	900.76	5.7560	0.82211	1.1298	701.20	-0.040601	5.3175e-05	0.076888	supercritical
903.36	745.00	259.33	0.0038560	614.62	901.89	5.7573	0.82227	1.1299	701.42	-0.040638	5.3201e-05	0.076932	supercritical
904.36	745.00	259.08	0.0038598	615.47	903.02	5.7585	0.82242	1.1299	701.65	-0.040675	5.3226e-05	0.076976	supercritical
905.36	745.00	258.83	0.0038635	616.32	904.15	5.7598	0.82258	1.1300	701.87	-0.040713	5.3252e-05	0.077019	supercritical
906.36	745.00	258.58	0.0038673	617.17	905.28	5.7610	0.82273	1.1300	702.10	-0.040750	5.3278e-05	0.077063	supercritical
907.36	745.00	258.33	0.0038711	618.02	906.41	5.7622	0.82288	1.1301	702.33	-0.040787	5.3304e-05	0.077107	supercritical
908.36	745.00	258.08	0.0038748	618.87	907.54	5.7635	0.82304	1.1301	702.55	-0.040824	5.3329e-05	0.077150	supercritical
909.36	745.00	257.83	0.0038786	619.72	908.67	5.7647	0.82319	1.1302	702.78	-0.040861	5.3355e-05	0.077194	supercritical
910.36	745.00	257.58	0.0038823	620.57	909.80	5.7660	0.82334	1.1302	703.00	-0.040898	5.3381e-05	0.077238	supercritical
911.36	745.00	257.33	0.0038861	621.42	910.93	5.7672	0.82349	1.1303	703.23	-0.040935	5.3407e-05	0.077282	supercritical
912.36	745.00	257.08	0.0038898	622.27	912.06	5.7685	0.82365	1.1304	703.45	-0.040972	5.3432e-05	0.077326	supercritical
913.36	745.00	256.83	0.0038936	623.12	913.19	5.7697	0.82380	1.1304	703.68	-0.041009	5.3458e-05	0.077369	supercritical
914.36	745.00	256.58	0.0038974	623.97	914.32	5.7709	0.82395	1.1305	703.90	-0.041046	5.3484e-05	0.077413	supercritical
915.36	745.00	256.34	0.0039011	624.82	915.45	5.7722	0.82410	1.1305	704.13	-0.041082	5.3510e-05	0.077457	supercritical
916.36	745.00	256.09	0.0039049	625.67	916.58	5.7734	0.82425	1.1306	704.35	-0.041119	5.3536e-05	0.077501	supercritical
917.36	745.00	255.84	0.0039086	626.52	917.71	5.7746	0.82440	1.1306	704.58	-0.041156	5.3561e-05	0.077545	supercritical
918.36	745.00	255.60	0.0039124	627.37	918.85	5.7759	0.82455	1.1307	704.81	-0.041192	5.3587e-05	0.077589	supercritical
919.36	745.00	255.35	0.0039161	628.22	919.98	5.7771	0.82470	1.1307	705.03	-0.041229	5.3613e-05	0.077633	supercritical
920.36	745.00	255.11	0.0039199	629.08	921.11	5.7783	0.82485	1.1308	705.26	-0.041265	5.3639e-05	0.077677	supercritical
921.36	745.00	254.87	0.0039236	629.93	922.24	5.7796	0.82500	1.1309	705.48	-0.041301	5.3665e-05	0.077721	supercritical
922.36	745.00	254.62	0.0039274	630.78	923.37	5.7808	0.82515	1.1309	705.71	-0.041338	5.3690e-05	0.077765	supercritical
923.36	745.00	254.38	0.0039311	631.63	924.50	5.7820	0.82530	1.1310	705.93	-0.041374	5.3716e-05	0.077809	supercritical
924.36	745.00	254.14	0.0039349	632.48	925.63	5.7832	0.82545	1.1310	706.16	-0.041410	5.3742e-05	0.077853	supercritical
925.36	745.00	253.90	0.0039386	633.33	926.76	5.7845	0.82560	1.1311	706.38	-0.041446	5.3768e-05	0.077897	supercritical
926.36	745.00	253.65	0.0039424	634.19	927.89	5.7857	0.82575	1.1311	706.61	-0.041482	5.3794e-05	0.077941	supercritical
927.36	745.00	253.41	0.0039461	635.04	929.02	5.7869	0.82590	1.1312	706.83	-0.041518	5.3820e-05	0.077985	supercritical
928.36	745.00	253.17	0.0039499	635.89	930.16	5.7881	0.82604	1.1312	707.06	-0.041554	5.3845e-05	0.078029	supercritical
929.36	745.00	252.93	0.0039536	636.74	931.29	5.7893	0.82619	1.1313	707.28	-0.041590	5.3871e-05	0.078073	supercritical
930.36	745.00	252.69	0.0039574	637.59	932.42	5.7906	0.82634	1.1314	707.51	-0.041626	5.3897e-05	0.078118	supercritical
931.36	745.00	252.45	0.0039611	638.45	933.55	5.7918	0.82649	1.1314	707.73	-0.041662	5.3923e-05	0.078162	supercritical
932.36	745.00	252.22	0.0039649	639.30	934.68	5.7930	0.82663	1.1315	707.96	-0.041697	5.3949e-05	0.078206	supercritical
933.36	745.00	251.98	0.0039686	640.15	935.81	5.7942	0.82678	1.1315	708.18	-0.041733	5.3975e-05	0.078250	supercritical
934.36	745.00	251.74	0.0039724	641.00	936.94	5.7954	0.82693	1.1316	708.41	-0.041769	5.4000e-05	0.078294	supercritical
935.36	745.00	251.50	0.0039761	641.86	938.08	5.7966	0.82707	1.1316	708.63	-0.041804	5.4026e-05	0.078339	supercritical
936.36	745.00	251.27	0.0039799	642.71	939.21	5.7978	0.82722	1.1317	708.86	-0.041840	5.4052e-05	0.078383	supercritical
937.36	745.00	251.03	0.0039836	643.56	940.34	5.7990	0.82736	1.1317	709.08	-0.041875	5.4078e-05	0.078427	supercritical
938.36	745.00	250.79	0.0039873	644.41	941.47	5.8002	0.82751	1.1318	709.31	-0.041911	5.4104e-05	0.078471	supercritical
939.36	745.00	250.56	0.0039911	645.27	942.60	5.8014	0.82765	1.1319	709.53	-0.041946	5.4130e-05	0.078516	supercritical
940.36	745.00	250.32	0.0039948	646.12	943.73	5.8027	0.82780	1.1319	709.76	-0.041981	5.4156e-05	0.078560	supercritical
941.36	745.00	250.09	0.0039986	646.97	944.87	5.8039	0.82794	1.1320	709.98	-0.042016	5.4182e-05	0.078604	supercritical
942.36	745.00	249.86	0.0040023	647.83	946.00	5.8051	0.82809	1.1320	710.21	-0.042052	5.4208e-05	0.078649	supercritical
943.36	745.00	249.62	0.0040061	648.68	947.13	5.8063	0.82823	1.1321	710.43	-0.042087	5.4233e-05	0.078693	supercritical
944.36	745.00	249.39	0.0040098	649.53	948.26	5.8075	0.82838	1.1321	710.65	-0.042122	5.4259e-05	0.078738	supercritical
945.36	745.00	249.16	0.0040135	650.39	949.39	5.8087	0.82852	1.1322	710.88	-0.042157	5.4285e-05	0.078782	supercritical
946.36	745.00	248.92	0.0040173	651.24	950.53	5.8099	0.82866	1.1323	711.10	-0.042192	5.4311e-05	0.078826	supercritical
947.36	745.00	248.69	0.0040210	652.09	951.66	5.8110	0.82881	1.1323	711.33	-0.042227	5.4337e-05	0.078871	supercritical
948.36	745.00	248.46	0.0040248	652.95	952.79	5.8122	0.82895	1.1324	711.55	-0.042261	5.4363e-05	0.078915	supercritical
949.36	745.00	248.23	0.0040285	653.80	953.92	5.8134	0.82909	1.1324	711.78	-0.042296	5.4389e-05	0.078960	supercritical
950.36	745.00	248.00	0.0040322	654.65	955.06	5.8146	0.82924	1.1325	712.00	-0.042331	5.4415e-05	0.079004	supercritical
951.36	745.00	247.77	0.0040360	655.51	956.19	5.8158	0.82938	1.1325	712.23	-0.042366	5.4441e-05	0.079049	supercritical
952.36	745.00	247.54	0.0040397	656.36	957.32	5.8170	0.82952	1.1326	712.45	-0.042400	5.4467e-05	0.079093	supercritical
953.36	745.00	247.31	0.0040434	657.22	958.45	5.8182	0.82966	1.1326	712.68	-0.042435	5.4492e-05	0.079138	supercritical
954.36	745.00	247.09	0.0040472	658.07	959.59	5.8194	0.82980	1.1327	712.90	-0.042469	5.4518e-05	0.079182	supercritical
955.36	745.00	246.86	0.0040509	658.93	960.72	5.8206	0.82995	1.1328	713.12	-0.042504	5.4544e-05	0.079227	supercritical
956.36	745.00	246.63	0.0040547	659.78	961.85	5.8218	0.83009	1.1328	713.35	-0.042538	5.4570e-05	0.079272	supercritical
957.36	745.00	246.40	0.0040584	660.63	962.98	5.8229	0.83023	1.1329	713.57	-0.042573	5.4596e-05	0.079316	supercritical
958.36	745.00	246.18	0.0040621	661.49	964.12	5.8241	0.83037	1.1329	713.80	-0.042607	5.4622e-05	0.079361	supercritical
959.36	745.00	245.95	0.0040659	662.34	965.25	5.8253	0.83051	1.1330	714.02	-0.042641	5.4648e-05	0.079405	supercritical
960.36	745.00	245.72	0.0040696	663.20	966.38	5.8265	0.83065	1.1330	714.25	-0.042675	5.4674e-05	0.079450	supercritical
961.36	745.00	245.50	0.0040733	664.05	967.52	5.8277	0.83079	1.1331	714.47	-0.042709	5.4700e-05	0.079495	supercritical
962.36	745.00	245.27	0.0040771	664.91	968.65	5.8288	0.83093	1.1332	714.69	-0.042744	5.4726e-05	0.079539	supercritical
963.36	745.00	245.05	0.0040808	665.76	969.78	5.8300	0.83107	1.1332	714.92	-0.042778	5.4752e-05	0.079584	supercritical
964.36	745.00	244.83	0.0040845	666.62	970.92	5.8312	0.83121	1.1333	715.14	-0.042812	5.4778e-05	0.079629	supercritical
965.36	745.00	244.60	0.0040883	667.47	972.05	5.8324	0.83135	1.1333	715.37	-0.042846	5.4804e-05	0.079674	supercritical
966.36	745.00	244.38	0.0040920	668.33	973.18	5.8335	0.83149	1.1334	715.59	-0.042879	5.4830e-05	0.079718	supercritical
967.36	745.00	244.16	0.0040957	669.18	974.32	5.8347	0.83163	1.1334	715.81	-0.042913	5.4856e-05	0.079763	supercritical
968.36	745.00	243.93	0.0040995	670.04	975.45	5.8359	0.83176	1.1335	716.04	-0.042947	5.4882e-05	0.079808	supercritical
969.36	745.00	243.71	0.0041032	670.90	976.58	5.8371	0.83190	1.1335	716.26	-0.042981	5.4907e-05	0.079853	supercritical
970.36	745.00	243.49	0.0041069	671.75	977.72	5.8382	0.83204	1.1336	716.49	-0.043014	5.4933e-05	0.079897	supercritical
971.36	745.00	243.27	0.0041106	672.61	978.85	5.8394	0.83218	1.1337	716.71	-0.043048	5.4959e-05	0.079942	supercritical
972.36	745.00	243.05	0.0041144	673.46	979.98	5.8406	0.83232	1.1337	716.93	-0.043082	5.4985e-05	0.079987	supercritical
973.36	745.00	242.83	0.0041181	674.32	981.12	5.8417	0.83245	1.1338	717.16	-0.043115	5.5011e-05	0.080032	supercritical
974.36	745.00	242.61	0.0041218	675.18	982.25	5.8429	0.83259	1.1338	717.38	-0.043149	5.5037e-05	0.080077	supercritical
975.36	745.00	242.39	0.0041256	676.03	983.39	5.8441	0.83273	1.1339	717.60	-0.043182	5.5063e-05	0.080122	supercritical
976.36	745.00	242.17	0.0041293	676.89	984.52	5.8452	0.83286	1.1339	717.83	-0.043215	5.5089e-05	0.080166	supercritical
977.36	745.00	241.95	0.0041330	677.74	985.65	5.8464	0.83300	1.1340	718.05	-0.043249	5.5115e-05	0.080211	supercritical
978.36	745.00	241.74	0.0041367	678.60	986.79	5.8475	0.83314	1.1341	718.28	-0.043282	5.5141e-05	0.080256	supercritical
979.36	745.00	241.52	0.0041405	679.46	987.92	5.8487	0.83327	1.1341	718.50	-0.043315	5.5167e-05	0.080301	supercritical
980.36	745.00	241.30	0.0041442	680.31	989.06	5.8498	0.83341	1.1342	718.72	-0.043348	5.5193e-05	0.080346	supercritical
981.36	745.00	241.08	0.0041479	681.17	990.19	5.8510	0.83354	1.1342	718.95	-0.043381	5.5219e-05	0.080391	supercritical
982.36	745.00	240.87	0.0041516	682.03	991.32	5.8522	0.83368	1.1343	719.17	-0.043414	5.5245e-05	0.080436	supercritical
983.36	745.00	240.65	0.0041554	682.88	992.46	5.8533	0.83381	1.1343	719.39	-0.043447	5.5271e-05	0.080481	supercritical
984.36	745.00	240.44	0.0041591	683.74	993.59	5.8545	0.83395	1.1344	719.62	-0.043480	5.5297e-05	0.080526	supercritical
985.36	745.00	240.22	0.0041628	684.60	994.73	5.8556	0.83408	1.1345	719.84	-0.043513	5.5323e-05	0.080571	supercritical
986.36	745.00	240.01	0.0041665	685.45	995.86	5.8568	0.83422	1.1345	720.06	-0.043546	5.5349e-05	0.080616	supercritical
987.36	745.00	239.79	0.0041703	686.31	997.00	5.8579	0.83435	1.1346	720.29	-0.043579	5.5375e-05	0.080661	supercritical
988.36	745.00	239.58	0.0041740	687.17	998.13	5.8591	0.83449	1.1346	720.51	-0.043612	5.5401e-05	0.080706	supercritical
989.36	745.00	239.37	0.0041777	688.03	999.27	5.8602	0.83462	1.1347	720.73	-0.043644	5.5427e-05	0.080751	supercritical
990.36	745.00	239.15	0.0041814	688.88	1000.4	5.8614	0.83475	1.1347	720.96	-0.043677	5.5453e-05	0.080796	supercritical
991.36	745.00	238.94	0.0041852	689.74	1001.5	5.8625	0.83489	1.1348	721.18	-0.043710	5.5479e-05	0.080841	supercritical
992.36	745.00	238.73	0.0041889	690.60	1002.7	5.8637	0.83502	1.1349	721.40	-0.043742	5.5505e-05	0.080886	supercritical
993.36	745.00	238.52	0.0041926	691.46	1003.8	5.8648	0.83515	1.1349	721.62	-0.043775	5.5531e-05	0.080931	supercritical
994.36	745.00	238.30	0.0041963	692.31	1004.9	5.8659	0.83529	1.1350	721.85	-0.043807	5.5557e-05	0.080976	supercritical
995.36	745.00	238.09	0.0042000	693.17	1006.1	5.8671	0.83542	1.1350	722.07	-0.043839	5.5583e-05	0.081022	supercritical
996.36	745.00	237.88	0.0042038	694.03	1007.2	5.8682	0.83555	1.1351	722.29	-0.043872	5.5609e-05	0.081067	supercritical
997.36	745.00	237.67	0.0042075	694.89	1008.3	5.8694	0.83568	1.1351	722.52	-0.043904	5.5635e-05	0.081112	supercritical
998.36	745.00	237.46	0.0042112	695.75	1009.5	5.8705	0.83581	1.1352	722.74	-0.043936	5.5661e-05	0.081157	supercritical
999.36	745.00	237.25	0.0042149	696.60	1010.6	5.8716	0.83595	1.1353	722.96	-0.043968	5.5687e-05	0.081202	supercritical
1000.4	745.00	237.04	0.0042186	697.46	1011.8	5.8728	0.83608	1.1353	723.19	-0.044001	5.5713e-05	0.081247	supercritical
1001.4	745.00	236.84	0.0042223	698.32	1012.9	5.8739	0.83621	1.1354	723.41	-0.044033	5.5739e-05	0.081293	supercritical
1002.4	745.00	236.63	0.0042261	699.18	1014.0	5.8750	0.83634	1.1354	723.63	-0.044065	5.5765e-05	0.081338	supercritical
1003.4	745.00	236.42	0.0042298	700.04	1015.2	5.8762	0.83647	1.1355	723.85	-0.044097	5.5791e-05	0.081383	supercritical
1004.4	745.00	236.21	0.0042335	700.90	1016.3	5.8773	0.83660	1.1355	724.08	-0.044129	5.5817e-05	0.081428	supercritical
1005.4	745.00	236.00	0.0042372	701.76	1017.4	5.8784	0.83673	1.1356	724.30	-0.044161	5.5843e-05	0.081473	supercritical
1006.4	745.00	235.80	0.0042409	702.61	1018.6	5.8796	0.83686	1.1356	724.52	-0.044192	5.5869e-05	0.081519	supercritical
1007.4	745.00	235.59	0.0042446	703.47	1019.7	5.8807	0.83699	1.1357	724.74	-0.044224	5.5895e-05	0.081564	supercritical
1008.4	745.00	235.39	0.0042484	704.33	1020.8	5.8818	0.83712	1.1358	724.97	-0.044256	5.5921e-05	0.081609	supercritical
1009.4	745.00	235.18	0.0042521	705.19	1022.0	5.8829	0.83725	1.1358	725.19	-0.044288	5.5947e-05	0.081655	supercritical
1010.4	745.00	234.97	0.0042558	706.05	1023.1	5.8841	0.83738	1.1359	725.41	-0.044319	5.5973e-05	0.081700	supercritical
1011.4	745.00	234.77	0.0042595	706.91	1024.2	5.8852	0.83751	1.1359	725.63	-0.044351	5.5999e-05	0.081745	supercritical
1012.4	745.00	234.56	0.0042632	707.77	1025.4	5.8863	0.83764	1.1360	725.86	-0.044382	5.6025e-05	0.081790	supercritical
1013.4	745.00	234.36	0.0042669	708.63	1026.5	5.8874	0.83777	1.1360	726.08	-0.044414	5.6051e-05	0.081836	supercritical
1014.4	745.00	234.16	0.0042706	709.49	1027.7	5.8886	0.83790	1.1361	726.30	-0.044445	5.6077e-05	0.081881	supercritical
1015.4	745.00	233.95	0.0042744	710.35	1028.8	5.8897	0.83802	1.1362	726.52	-0.044477	5.6103e-05	0.081927	supercritical
1016.4	745.00	233.75	0.0042781	711.21	1029.9	5.8908	0.83815	1.1362	726.74	-0.044508	5.6129e-05	0.081972	supercritical
1017.4	745.00	233.55	0.0042818	712.07	1031.1	5.8919	0.83828	1.1363	726.97	-0.044540	5.6155e-05	0.082017	supercritical
1018.4	745.00	233.35	0.0042855	712.93	1032.2	5.8930	0.83841	1.1363	727.19	-0.044571	5.6181e-05	0.082063	supercritical
1019.4	745.00	233.14	0.0042892	713.79	1033.3	5.8941	0.83854	1.1364	727.41	-0.044602	5.6207e-05	0.082108	supercritical
1020.4	745.00	232.94	0.0042929	714.65	1034.5	5.8953	0.83866	1.1364	727.63	-0.044633	5.6233e-05	0.082153	supercritical
1021.4	745.00	232.74	0.0042966	715.51	1035.6	5.8964	0.83879	1.1365	727.85	-0.044664	5.6259e-05	0.082199	supercritical
1022.4	745.00	232.54	0.0043003	716.37	1036.7	5.8975	0.83892	1.1366	728.08	-0.044695	5.6285e-05	0.082244	supercritical
1023.4	745.00	232.34	0.0043040	717.23	1037.9	5.8986	0.83904	1.1366	728.30	-0.044726	5.6311e-05	0.082290	supercritical
1024.4	745.00	232.14	0.0043077	718.09	1039.0	5.8997	0.83917	1.1367	728.52	-0.044757	5.6337e-05	0.082335	supercritical
1025.4	745.00	231.94	0.0043115	718.95	1040.2	5.9008	0.83930	1.1367	728.74	-0.044788	5.6363e-05	0.082381	supercritical
1026.4	745.00	231.74	0.0043152	719.81	1041.3	5.9019	0.83942	1.1368	728.96	-0.044819	5.6389e-05	0.082426	supercritical
1027.4	745.00	231.54	0.0043189	720.67	1042.4	5.9030	0.83955	1.1368	729.19	-0.044850	5.6415e-05	0.082472	supercritical
1028.4	745.00	231.34	0.0043226	721.53	1043.6	5.9041	0.83967	1.1369	729.41	-0.044881	5.6441e-05	0.082517	supercritical
1029.4	745.00	231.15	0.0043263	722.39	1044.7	5.9052	0.83980	1.1370	729.63	-0.044912	5.6467e-05	0.082563	supercritical
1030.4	745.00	230.95	0.0043300	723.25	1045.8	5.9063	0.83993	1.1370	729.85	-0.044942	5.6493e-05	0.082608	supercritical
1031.4	745.00	230.75	0.0043337	724.11	1047.0	5.9074	0.84005	1.1371	730.07	-0.044973	5.6519e-05	0.082654	supercritical
1032.4	745.00	230.55	0.0043374	724.97	1048.1	5.9085	0.84018	1.1371	730.29	-0.045004	5.6545e-05	0.082699	supercritical
1033.4	745.00	230.36	0.0043411	725.83	1049.2	5.9096	0.84030	1.1372	730.52	-0.045034	5.6571e-05	0.082745	supercritical
1034.4	745.00	230.16	0.0043448	726.70	1050.4	5.9107	0.84042	1.1372	730.74	-0.045065	5.6597e-05	0.082790	supercritical
1035.4	745.00	229.96	0.0043485	727.56	1051.5	5.9118	0.84055	1.1373	730.96	-0.045095	5.6623e-05	0.082836	supercritical
1036.4	745.00	229.77	0.0043522	728.42	1052.7	5.9129	0.84067	1.1373	731.18	-0.045125	5.6649e-05	0.082881	supercritical
1037.4	745.00	229.57	0.0043559	729.28	1053.8	5.9140	0.84080	1.1374	731.40	-0.045156	5.6675e-05	0.082927	supercritical
1038.4	745.00	229.38	0.0043596	730.14	1054.9	5.9151	0.84092	1.1375	731.62	-0.045186	5.6701e-05	0.082972	supercritical
1039.4	745.00	229.18	0.0043633	731.00	1056.1	5.9162	0.84104	1.1375	731.84	-0.045216	5.6727e-05	0.083018	supercritical
1040.4	745.00	228.99	0.0043670	731.86	1057.2	5.9173	0.84117	1.1376	732.06	-0.045247	5.6753e-05	0.083064	supercritical
1041.4	745.00	228.79	0.0043707	732.73	1058.3	5.9184	0.84129	1.1376	732.29	-0.045277	5.6779e-05	0.083109	supercritical
1042.4	745.00	228.60	0.0043744	733.59	1059.5	5.9195	0.84141	1.1377	732.51	-0.045307	5.6805e-05	0.083155	supercritical
1043.4	745.00	228.41	0.0043781	734.45	1060.6	5.9206	0.84154	1.1377	732.73	-0.045337	5.6831e-05	0.083201	supercritical
1044.4	745.00	228.21	0.0043818	735.31	1061.8	5.9217	0.84166	1.1378	732.95	-0.045367	5.6857e-05	0.083246	supercritical
1045.4	745.00	228.02	0.0043855	736.17	1062.9	5.9228	0.84178	1.1379	733.17	-0.045397	5.6883e-05	0.083292	supercritical
1046.4	745.00	227.83	0.0043892	737.04	1064.0	5.9239	0.84190	1.1379	733.39	-0.045427	5.6909e-05	0.083337	supercritical
1047.4	745.00	227.64	0.0043929	737.90	1065.2	5.9250	0.84203	1.1380	733.61	-0.045457	5.6935e-05	0.083383	supercritical
1048.4	745.00	227.45	0.0043966	738.76	1066.3	5.9260	0.84215	1.1380	733.83	-0.045487	5.6961e-05	0.083429	supercritical
1049.4	745.00	227.25	0.0044003	739.62	1067.4	5.9271	0.84227	1.1381	734.05	-0.045517	5.6987e-05	0.083474	supercritical
1050.4	745.00	227.06	0.0044040	740.49	1068.6	5.9282	0.84239	1.1381	734.27	-0.045547	5.7013e-05	0.083520	supercritical
1051.4	745.00	226.87	0.0044077	741.35	1069.7	5.9293	0.84251	1.1382	734.49	-0.045576	5.7039e-05	0.083566	supercritical
1052.4	745.00	226.68	0.0044114	742.21	1070.9	5.9304	0.84263	1.1383	734.72	-0.045606	5.7065e-05	0.083612	supercritical
1053.4	745.00	226.49	0.0044151	743.07	1072.0	5.9315	0.84276	1.1383	734.94	-0.045636	5.7092e-05	0.083657	supercritical
1054.4	745.00	226.30	0.0044188	743.94	1073.1	5.9325	0.84288	1.1384	735.16	-0.045665	5.7118e-05	0.083703	supercritical
1055.4	745.00	226.11	0.0044225	744.80	1074.3	5.9336	0.84300	1.1384	735.38	-0.045695	5.7144e-05	0.083749	supercritical
1056.4	745.00	225.93	0.0044262	745.66	1075.4	5.9347	0.84312	1.1385	735.60	-0.045724	5.7170e-05	0.083795	supercritical
1057.4	745.00	225.74	0.0044299	746.53	1076.6	5.9358	0.84324	1.1385	735.82	-0.045754	5.7196e-05	0.083840	supercritical
1058.4	745.00	225.55	0.0044336	747.39	1077.7	5.9368	0.84336	1.1386	736.04	-0.045783	5.7222e-05	0.083886	supercritical
1059.4	745.00	225.36	0.0044373	748.25	1078.8	5.9379	0.84348	1.1386	736.26	-0.045813	5.7248e-05	0.083932	supercritical
1060.4	745.00	225.17	0.0044410	749.11	1080.0	5.9390	0.84360	1.1387	736.48	-0.045842	5.7274e-05	0.083978	supercritical
1061.4	745.00	224.99	0.0044447	749.98	1081.1	5.9401	0.84372	1.1388	736.70	-0.045871	5.7300e-05	0.084023	supercritical
1062.4	745.00	224.80	0.0044484	750.84	1082.2	5.9411	0.84384	1.1388	736.92	-0.045900	5.7326e-05	0.084069	supercritical
1063.4	745.00	224.61	0.0044521	751.71	1083.4	5.9422	0.84396	1.1389	737.14	-0.045930	5.7352e-05	0.084115	supercritical
1064.4	745.00	224.43	0.0044558	752.57	1084.5	5.9433	0.84407	1.1389	737.36	-0.045959	5.7378e-05	0.084161	supercritical
1065.4	745.00	224.24	0.0044595	753.43	1085.7	5.9444	0.84419	1.1390	737.58	-0.045988	5.7404e-05	0.084207	supercritical
1066.4	745.00	224.05	0.0044632	754.30	1086.8	5.9454	0.84431	1.1390	737.80	-0.046017	5.7430e-05	0.084252	supercritical
1067.4	745.00	223.87	0.0044669	755.16	1087.9	5.9465	0.84443	1.1391	738.02	-0.046046	5.7456e-05	0.084298	supercritical
1068.4	745.00	223.68	0.0044706	756.02	1089.1	5.9476	0.84455	1.1392	738.24	-0.046075	5.7482e-05	0.084344	supercritical
1069.4	745.00	223.50	0.0044743	756.89	1090.2	5.9486	0.84467	1.1392	738.46	-0.046104	5.7508e-05	0.084390	supercritical
1070.4	745.00	223.32	0.0044780	757.75	1091.4	5.9497	0.84478	1.1393	738.68	-0.046133	5.7534e-05	0.084436	supercritical
1071.4	745.00	223.13	0.0044817	758.62	1092.5	5.9507	0.84490	1.1393	738.90	-0.046162	5.7560e-05	0.084482	supercritical
1072.4	745.00	222.95	0.0044854	759.48	1093.6	5.9518	0.84502	1.1394	739.12	-0.046190	5.7586e-05	0.084528	supercritical
1073.4	745.00	222.76	0.0044890	760.35	1094.8	5.9529	0.84514	1.1394	739.34	-0.046219	5.7612e-05	0.084573	supercritical
1074.4	745.00	222.58	0.0044927	761.21	1095.9	5.9539	0.84525	1.1395	739.56	-0.046248	5.7638e-05	0.084619	supercritical
1075.4	745.00	222.40	0.0044964	762.07	1097.1	5.9550	0.84537	1.1395	739.78	-0.046277	5.7664e-05	0.084665	supercritical
1076.4	745.00	222.22	0.0045001	762.94	1098.2	5.9561	0.84549	1.1396	740.00	-0.046305	5.7690e-05	0.084711	supercritical
1077.4	745.00	222.03	0.0045038	763.80	1099.3	5.9571	0.84561	1.1397	740.22	-0.046334	5.7716e-05	0.084757	supercritical
1078.4	745.00	221.85	0.0045075	764.67	1100.5	5.9582	0.84572	1.1397	740.44	-0.046362	5.7742e-05	0.084803	supercritical
1079.4	745.00	221.67	0.0045112	765.53	1101.6	5.9592	0.84584	1.1398	740.66	-0.046391	5.7768e-05	0.084849	supercritical
1080.4	745.00	221.49	0.0045149	766.40	1102.8	5.9603	0.84595	1.1398	740.87	-0.046419	5.7794e-05	0.084895	supercritical
1081.4	745.00	221.31	0.0045186	767.26	1103.9	5.9613	0.84607	1.1399	741.09	-0.046448	5.7820e-05	0.084941	supercritical
1082.4	745.00	221.13	0.0045223	768.13	1105.0	5.9624	0.84619	1.1399	741.31	-0.046476	5.7846e-05	0.084987	supercritical
1083.4	745.00	220.95	0.0045259	768.99	1106.2	5.9634	0.84630	1.1400	741.53	-0.046505	5.7872e-05	0.085033	supercritical
1084.4	745.00	220.77	0.0045296	769.86	1107.3	5.9645	0.84642	1.1401	741.75	-0.046533	5.7898e-05	0.085079	supercritical
1085.4	745.00	220.59	0.0045333	770.72	1108.5	5.9655	0.84653	1.1401	741.97	-0.046561	5.7924e-05	0.085125	supercritical
1086.4	745.00	220.41	0.0045370	771.59	1109.6	5.9666	0.84665	1.1402	742.19	-0.046589	5.7950e-05	0.085171	supercritical
1087.4	745.00	220.23	0.0045407	772.45	1110.7	5.9676	0.84676	1.1402	742.41	-0.046617	5.7976e-05	0.085217	supercritical
1088.4	745.00	220.05	0.0045444	773.32	1111.9	5.9687	0.84688	1.1403	742.63	-0.046646	5.8002e-05	0.085263	supercritical
1089.4	745.00	219.87	0.0045481	774.19	1113.0	5.9697	0.84699	1.1403	742.85	-0.046674	5.8027e-05	0.085309	supercritical
1090.4	745.00	219.70	0.0045518	775.05	1114.2	5.9708	0.84711	1.1404	743.07	-0.046702	5.8053e-05	0.085355	supercritical
1091.4	745.00	219.52	0.0045554	775.92	1115.3	5.9718	0.84722	1.1404	743.28	-0.046730	5.8079e-05	0.085401	supercritical
1092.4	745.00	219.34	0.0045591	776.78	1116.4	5.9729	0.84734	1.1405	743.50	-0.046758	5.8105e-05	0.085447	supercritical
1093.4	745.00	219.16	0.0045628	777.65	1117.6	5.9739	0.84745	1.1406	743.72	-0.046786	5.8131e-05	0.085493	supercritical
1094.4	745.00	218.99	0.0045665	778.52	1118.7	5.9750	0.84756	1.1406	743.94	-0.046813	5.8157e-05	0.085539	supercritical
1095.4	745.00	218.81	0.0045702	779.38	1119.9	5.9760	0.84768	1.1407	744.16	-0.046841	5.8183e-05	0.085585	supercritical
1096.4	745.00	218.63	0.0045739	780.25	1121.0	5.9770	0.84779	1.1407	744.38	-0.046869	5.8209e-05	0.085631	supercritical
1097.4	745.00	218.46	0.0045775	781.11	1122.1	5.9781	0.84790	1.1408	744.60	-0.046897	5.8235e-05	0.085677	supercritical
1098.4	745.00	218.28	0.0045812	781.98	1123.3	5.9791	0.84802	1.1408	744.82	-0.046925	5.8261e-05	0.085723	supercritical
1099.4	745.00	218.11	0.0045849	782.85	1124.4	5.9802	0.84813	1.1409	745.03	-0.046952	5.8287e-05	0.085769	supercritical
1100.4	745.00	217.93	0.0045886	783.71	1125.6	5.9812	0.84824	1.1409	745.25	-0.046980	5.8313e-05	0.085815	supercritical
1101.4	745.00	217.76	0.0045923	784.58	1126.7	5.9822	0.84836	1.1410	745.47	-0.047007	5.8339e-05	0.085861	supercritical
1102.4	745.00	217.58	0.0045960	785.45	1127.8	5.9833	0.84847	1.1411	745.69	-0.047035	5.8365e-05	0.085907	supercritical
1103.4	745.00	217.41	0.0045996	786.31	1129.0	5.9843	0.84858	1.1411	745.91	-0.047063	5.8391e-05	0.085953	supercritical
1104.4	745.00	217.23	0.0046033	787.18	1130.1	5.9853	0.84869	1.1412	746.13	-0.047090	5.8417e-05	0.085999	supercritical
1105.4	745.00	217.06	0.0046070	788.05	1131.3	5.9864	0.84881	1.1412	746.34	-0.047117	5.8443e-05	0.086045	supercritical
1106.4	745.00	216.89	0.0046107	788.91	1132.4	5.9874	0.84892	1.1413	746.56	-0.047145	5.8469e-05	0.086092	supercritical
1107.4	745.00	216.71	0.0046144	789.78	1133.6	5.9884	0.84903	1.1413	746.78	-0.047172	5.8495e-05	0.086138	supercritical
1108.4	745.00	216.54	0.0046181	790.65	1134.7	5.9895	0.84914	1.1414	747.00	-0.047199	5.8521e-05	0.086184	supercritical
1109.4	745.00	216.37	0.0046217	791.52	1135.8	5.9905	0.84925	1.1415	747.22	-0.047227	5.8547e-05	0.086230	supercritical
1110.4	745.00	216.20	0.0046254	792.38	1137.0	5.9915	0.84936	1.1415	747.43	-0.047254	5.8573e-05	0.086276	supercritical
1111.4	745.00	216.03	0.0046291	793.25	1138.1	5.9926	0.84948	1.1416	747.65	-0.047281	5.8599e-05	0.086322	supercritical
1112.4	745.00	215.85	0.0046328	794.12	1139.3	5.9936	0.84959	1.1416	747.87	-0.047308	5.8625e-05	0.086368	supercritical
1113.4	745.00	215.68	0.0046364	794.99	1140.4	5.9946	0.84970	1.1417	748.09	-0.047335	5.8651e-05	0.086415	supercritical
1114.4	745.00	215.51	0.0046401	795.85	1141.5	5.9956	0.84981	1.1417	748.31	-0.047362	5.8677e-05	0.086461	supercritical
1115.4	745.00	215.34	0.0046438	796.72	1142.7	5.9967	0.84992	1.1418	748.52	-0.047389	5.8703e-05	0.086507	supercritical
1116.4	745.00	215.17	0.0046475	797.59	1143.8	5.9977	0.85003	1.1418	748.74	-0.047416	5.8729e-05	0.086553	supercritical
1117.4	745.00	215.00	0.0046512	798.46	1145.0	5.9987	0.85014	1.1419	748.96	-0.047443	5.8755e-05	0.086599	supercritical
1118.4	745.00	214.83	0.0046548	799.32	1146.1	5.9997	0.85025	1.1420	749.18	-0.047470	5.8781e-05	0.086645	supercritical
1119.4	745.00	214.66	0.0046585	800.19	1147.3	6.0007	0.85036	1.1420	749.39	-0.047497	5.8806e-05	0.086692	supercritical
1120.4	745.00	214.49	0.0046622	801.06	1148.4	6.0018	0.85047	1.1421	749.61	-0.047524	5.8832e-05	0.086738	supercritical
1121.4	745.00	214.32	0.0046659	801.93	1149.5	6.0028	0.85058	1.1421	749.83	-0.047551	5.8858e-05	0.086784	supercritical
1122.4	745.00	214.15	0.0046695	802.80	1150.7	6.0038	0.85069	1.1422	750.05	-0.047577	5.8884e-05	0.086830	supercritical
1123.4	745.00	213.99	0.0046732	803.67	1151.8	6.0048	0.85080	1.1422	750.26	-0.047604	5.8910e-05	0.086876	supercritical
1124.4	745.00	213.82	0.0046769	804.53	1153.0	6.0058	0.85091	1.1423	750.48	-0.047631	5.8936e-05	0.086923	supercritical
1125.4	745.00	213.65	0.0046806	805.40	1154.1	6.0068	0.85102	1.1423	750.70	-0.047657	5.8962e-05	0.086969	supercritical
1126.4	745.00	213.48	0.0046843	806.27	1155.2	6.0079	0.85112	1.1424	750.91	-0.047684	5.8988e-05	0.087015	supercritical
1127.4	745.00	213.31	0.0046879	807.14	1156.4	6.0089	0.85123	1.1425	751.13	-0.047710	5.9014e-05	0.087061	supercritical
1128.4	745.00	213.15	0.0046916	808.01	1157.5	6.0099	0.85134	1.1425	751.35	-0.047737	5.9040e-05	0.087107	supercritical
1129.4	745.00	212.98	0.0046953	808.88	1158.7	6.0109	0.85145	1.1426	751.57	-0.047763	5.9066e-05	0.087154	supercritical
1130.4	745.00	212.81	0.0046989	809.75	1159.8	6.0119	0.85156	1.1426	751.78	-0.047790	5.9092e-05	0.087200	supercritical
1131.4	745.00	212.65	0.0047026	810.61	1161.0	6.0129	0.85167	1.1427	752.00	-0.047816	5.9118e-05	0.087246	supercritical
1132.4	745.00	212.48	0.0047063	811.48	1162.1	6.0139	0.85177	1.1427	752.22	-0.047843	5.9144e-05	0.087293	supercritical
1133.4	745.00	212.32	0.0047100	812.35	1163.2	6.0149	0.85188	1.1428	752.43	-0.047869	5.9170e-05	0.087339	supercritical
1134.4	745.00	212.15	0.0047136	813.22	1164.4	6.0159	0.85199	1.1428	752.65	-0.047895	5.9195e-05	0.087385	supercritical
1135.4	745.00	211.98	0.0047173	814.09	1165.5	6.0170	0.85210	1.1429	752.87	-0.047921	5.9221e-05	0.087431	supercritical
1136.4	745.00	211.82	0.0047210	814.96	1166.7	6.0180	0.85221	1.1429	753.08	-0.047948	5.9247e-05	0.087478	supercritical
1137.4	745.00	211.66	0.0047247	815.83	1167.8	6.0190	0.85231	1.1430	753.30	-0.047974	5.9273e-05	0.087524	supercritical
1138.4	745.00	211.49	0.0047283	816.70	1169.0	6.0200	0.85242	1.1431	753.52	-0.048000	5.9299e-05	0.087570	supercritical
1139.4	745.00	211.33	0.0047320	817.57	1170.1	6.0210	0.85253	1.1431	753.73	-0.048026	5.9325e-05	0.087616	supercritical
1140.4	745.00	211.16	0.0047357	818.44	1171.2	6.0220	0.85263	1.1432	753.95	-0.048052	5.9351e-05	0.087663	supercritical
1141.4	745.00	211.00	0.0047393	819.31	1172.4	6.0230	0.85274	1.1432	754.17	-0.048078	5.9377e-05	0.087709	supercritical
1142.4	745.00	210.84	0.0047430	820.18	1173.5	6.0240	0.85285	1.1433	754.38	-0.048104	5.9403e-05	0.087755	supercritical
1143.4	745.00	210.67	0.0047467	821.05	1174.7	6.0250	0.85295	1.1433	754.60	-0.048130	5.9429e-05	0.087802	supercritical
1144.4	745.00	210.51	0.0047504	821.92	1175.8	6.0260	0.85306	1.1434	754.81	-0.048156	5.9455e-05	0.087848	supercritical
1145.4	745.00	210.35	0.0047540	822.79	1177.0	6.0270	0.85317	1.1434	755.03	-0.048182	5.9481e-05	0.087894	supercritical
1146.4	745.00	210.19	0.0047577	823.66	1178.1	6.0280	0.85327	1.1435	755.25	-0.048207	5.9506e-05	0.087941	supercritical
1147.4	745.00	210.02	0.0047614	824.53	1179.3	6.0290	0.85338	1.1436	755.46	-0.048233	5.9532e-05	0.087987	supercritical
1148.4	745.00	209.86	0.0047650	825.40	1180.4	6.0300	0.85348	1.1436	755.68	-0.048259	5.9558e-05	0.088033	supercritical
1149.4	745.00	209.70	0.0047687	826.27	1181.5	6.0310	0.85359	1.1437	755.90	-0.048285	5.9584e-05	0.088080	supercritical
1150.4	745.00	209.54	0.0047724	827.14	1182.7	6.0320	0.85369	1.1437	756.11	-0.048310	5.9610e-05	0.088126	supercritical
1151.4	745.00	209.38	0.0047760	828.01	1183.8	6.0330	0.85380	1.1438	756.33	-0.048336	5.9636e-05	0.088172	supercritical
1152.4	745.00	209.22	0.0047797	828.88	1185.0	6.0339	0.85390	1.1438	756.54	-0.048361	5.9662e-05	0.088219	supercritical
1153.4	745.00	209.06	0.0047834	829.75	1186.1	6.0349	0.85401	1.1439	756.76	-0.048387	5.9688e-05	0.088265	supercritical
1154.4	745.00	208.90	0.0047870	830.62	1187.3	6.0359	0.85411	1.1439	756.97	-0.048413	5.9714e-05	0.088311	supercritical
1155.4	745.00	208.74	0.0047907	831.49	1188.4	6.0369	0.85422	1.1440	757.19	-0.048438	5.9739e-05	0.088358	supercritical
1156.4	745.00	208.58	0.0047944	832.36	1189.5	6.0379	0.85432	1.1441	757.41	-0.048463	5.9765e-05	0.088404	supercritical
1157.4	745.00	208.42	0.0047980	833.23	1190.7	6.0389	0.85443	1.1441	757.62	-0.048489	5.9791e-05	0.088451	supercritical
1158.4	745.00	208.26	0.0048017	834.11	1191.8	6.0399	0.85453	1.1442	757.84	-0.048514	5.9817e-05	0.088497	supercritical
1159.4	745.00	208.10	0.0048054	834.98	1193.0	6.0409	0.85464	1.1442	758.05	-0.048540	5.9843e-05	0.088543	supercritical
1160.4	745.00	207.94	0.0048090	835.85	1194.1	6.0419	0.85474	1.1443	758.27	-0.048565	5.9869e-05	0.088590	supercritical
1161.4	745.00	207.78	0.0048127	836.72	1195.3	6.0429	0.85485	1.1443	758.48	-0.048590	5.9895e-05	0.088636	supercritical
1162.4	745.00	207.63	0.0048164	837.59	1196.4	6.0438	0.85495	1.1444	758.70	-0.048615	5.9921e-05	0.088683	supercritical
1163.4	745.00	207.47	0.0048200	838.46	1197.6	6.0448	0.85505	1.1444	758.91	-0.048640	5.9946e-05	0.088729	supercritical
1164.4	745.00	207.31	0.0048237	839.33	1198.7	6.0458	0.85516	1.1445	759.13	-0.048666	5.9972e-05	0.088775	supercritical
1165.4	745.00	207.15	0.0048274	840.20	1199.8	6.0468	0.85526	1.1445	759.34	-0.048691	5.9998e-05	0.088822	supercritical
1166.4	745.00	207.00	0.0048310	841.08	1201.0	6.0478	0.85536	1.1446	759.56	-0.048716	6.0024e-05	0.088868	supercritical
1167.4	745.00	206.84	0.0048347	841.95	1202.1	6.0487	0.85547	1.1447	759.77	-0.048741	6.0050e-05	0.088915	supercritical
1168.4	745.00	206.68	0.0048384	842.82	1203.3	6.0497	0.85557	1.1447	759.99	-0.048766	6.0076e-05	0.088961	supercritical
1169.4	745.00	206.53	0.0048420	843.69	1204.4	6.0507	0.85567	1.1448	760.20	-0.048791	6.0102e-05	0.089008	supercritical
1170.4	745.00	206.37	0.0048457	844.56	1205.6	6.0517	0.85577	1.1448	760.42	-0.048816	6.0127e-05	0.089054	supercritical
1171.4	745.00	206.21	0.0048493	845.44	1206.7	6.0527	0.85588	1.1449	760.63	-0.048840	6.0153e-05	0.089100	supercritical
1172.4	745.00	206.06	0.0048530	846.31	1207.9	6.0536	0.85598	1.1449	760.85	-0.048865	6.0179e-05	0.089147	supercritical
1173.4	745.00	205.90	0.0048567	847.18	1209.0	6.0546	0.85608	1.1450	761.06	-0.048890	6.0205e-05	0.089193	supercritical
1174.4	745.00	205.75	0.0048603	848.05	1210.1	6.0556	0.85618	1.1450	761.28	-0.048915	6.0231e-05	0.089240	supercritical
1175.4	745.00	205.59	0.0048640	848.92	1211.3	6.0566	0.85629	1.1451	761.49	-0.048940	6.0257e-05	0.089286	supercritical
1176.4	745.00	205.44	0.0048677	849.80	1212.4	6.0575	0.85639	1.1452	761.71	-0.048964	6.0283e-05	0.089333	supercritical
1177.4	745.00	205.28	0.0048713	850.67	1213.6	6.0585	0.85649	1.1452	761.92	-0.048989	6.0308e-05	0.089379	supercritical
1178.4	745.00	205.13	0.0048750	851.54	1214.7	6.0595	0.85659	1.1453	762.14	-0.049014	6.0334e-05	0.089426	supercritical
1179.4	745.00	204.98	0.0048786	852.41	1215.9	6.0605	0.85669	1.1453	762.35	-0.049038	6.0360e-05	0.089472	supercritical
1180.4	745.00	204.82	0.0048823	853.29	1217.0	6.0614	0.85680	1.1454	762.57	-0.049063	6.0386e-05	0.089519	supercritical
1181.4	745.00	204.67	0.0048860	854.16	1218.2	6.0624	0.85690	1.1454	762.78	-0.049087	6.0412e-05	0.089565	supercritical
1182.4	745.00	204.52	0.0048896	855.03	1219.3	6.0634	0.85700	1.1455	762.99	-0.049112	6.0438e-05	0.089611	supercritical
1183.4	745.00	204.36	0.0048933	855.90	1220.5	6.0643	0.85710	1.1455	763.21	-0.049136	6.0463e-05	0.089658	supercritical
1184.4	745.00	204.21	0.0048969	856.78	1221.6	6.0653	0.85720	1.1456	763.42	-0.049161	6.0489e-05	0.089704	supercritical
1185.4	745.00	204.06	0.0049006	857.65	1222.7	6.0663	0.85730	1.1456	763.64	-0.049185	6.0515e-05	0.089751	supercritical
1186.4	745.00	203.90	0.0049043	858.52	1223.9	6.0672	0.85740	1.1457	763.85	-0.049209	6.0541e-05	0.089797	supercritical
1187.4	745.00	203.75	0.0049079	859.40	1225.0	6.0682	0.85750	1.1458	764.07	-0.049234	6.0567e-05	0.089844	supercritical
1188.4	745.00	203.60	0.0049116	860.27	1226.2	6.0692	0.85760	1.1458	764.28	-0.049258	6.0593e-05	0.089890	supercritical
1189.4	745.00	203.45	0.0049152	861.14	1227.3	6.0701	0.85770	1.1459	764.49	-0.049282	6.0618e-05	0.089937	supercritical
1190.4	745.00	203.30	0.0049189	862.02	1228.5	6.0711	0.85780	1.1459	764.71	-0.049306	6.0644e-05	0.089983	supercritical
1191.4	745.00	203.15	0.0049225	862.89	1229.6	6.0721	0.85790	1.1460	764.92	-0.049331	6.0670e-05	0.090030	supercritical
1192.4	745.00	203.00	0.0049262	863.76	1230.8	6.0730	0.85800	1.1460	765.13	-0.049355	6.0696e-05	0.090077	supercritical
1193.4	745.00	202.85	0.0049299	864.64	1231.9	6.0740	0.85810	1.1461	765.35	-0.049379	6.0722e-05	0.090123	supercritical
1194.4	745.00	202.70	0.0049335	865.51	1233.1	6.0749	0.85820	1.1461	765.56	-0.049403	6.0747e-05	0.090170	supercritical
1195.4	745.00	202.55	0.0049372	866.39	1234.2	6.0759	0.85830	1.1462	765.78	-0.049427	6.0773e-05	0.090216	supercritical
1196.4	745.00	202.40	0.0049408	867.26	1235.4	6.0769	0.85840	1.1462	765.99	-0.049451	6.0799e-05	0.090263	supercritical
1197.4	745.00	202.25	0.0049445	868.13	1236.5	6.0778	0.85850	1.1463	766.20	-0.049475	6.0825e-05	0.090309	supercritical
1198.4	745.00	202.10	0.0049481	869.01	1237.6	6.0788	0.85860	1.1464	766.42	-0.049499	6.0851e-05	0.090356	supercritical
1199.4	745.00	201.95	0.0049518	869.88	1238.8	6.0797	0.85870	1.1464	766.63	-0.049523	6.0876e-05	0.090402	supercritical
1200.4	745.00	201.80	0.0049554	870.75	1239.9	6.0807	0.85880	1.1465	766.84	-0.049546	6.0902e-05	0.090449	supercritical
1201.4	745.00	201.65	0.0049591	871.63	1241.1	6.0816	0.85890	1.1465	767.06	-0.049570	6.0928e-05	0.090495	supercritical
1202.4	745.00	201.50	0.0049628	872.50	1242.2	6.0826	0.85900	1.1466	767.27	-0.049594	6.0954e-05	0.090542	supercritical
1203.4	745.00	201.35	0.0049664	873.38	1243.4	6.0835	0.85910	1.1466	767.48	-0.049618	6.0980e-05	0.090588	supercritical
1204.4	745.00	201.20	0.0049701	874.25	1244.5	6.0845	0.85920	1.1467	767.70	-0.049642	6.1005e-05	0.090635	supercritical
1205.4	745.00	201.06	0.0049737	875.13	1245.7	6.0854	0.85929	1.1467	767.91	-0.049665	6.1031e-05	0.090682	supercritical
1206.4	745.00	200.91	0.0049774	876.00	1246.8	6.0864	0.85939	1.1468	768.12	-0.049689	6.1057e-05	0.090728	supercritical
1207.4	745.00	200.76	0.0049810	876.88	1248.0	6.0873	0.85949	1.1468	768.34	-0.049712	6.1083e-05	0.090775	supercritical
1208.4	745.00	200.61	0.0049847	877.75	1249.1	6.0883	0.85959	1.1469	768.55	-0.049736	6.1108e-05	0.090821	supercritical
1209.4	745.00	200.47	0.0049883	878.63	1250.3	6.0892	0.85969	1.1470	768.76	-0.049760	6.1134e-05	0.090868	supercritical
1210.4	745.00	200.32	0.0049920	879.50	1251.4	6.0902	0.85978	1.1470	768.97	-0.049783	6.1160e-05	0.090914	supercritical
1211.4	745.00	200.17	0.0049956	880.38	1252.6	6.0911	0.85988	1.1471	769.19	-0.049807	6.1186e-05	0.090961	supercritical
1212.4	745.00	200.03	0.0049993	881.25	1253.7	6.0921	0.85998	1.1471	769.40	-0.049830	6.1212e-05	0.091008	supercritical
1213.4	745.00	199.88	0.0050029	882.13	1254.8	6.0930	0.86008	1.1472	769.61	-0.049853	6.1237e-05	0.091054	supercritical
1214.4	745.00	199.74	0.0050066	883.00	1256.0	6.0940	0.86018	1.1472	769.82	-0.049877	6.1263e-05	0.091101	supercritical
1215.4	745.00	199.59	0.0050102	883.88	1257.1	6.0949	0.86027	1.1473	770.04	-0.049900	6.1289e-05	0.091147	supercritical
1216.4	745.00	199.45	0.0050139	884.75	1258.3	6.0959	0.86037	1.1473	770.25	-0.049923	6.1315e-05	0.091194	supercritical
1217.4	745.00	199.30	0.0050176	885.63	1259.4	6.0968	0.86047	1.1474	770.46	-0.049947	6.1340e-05	0.091241	supercritical
1218.4	745.00	199.16	0.0050212	886.50	1260.6	6.0978	0.86056	1.1474	770.67	-0.049970	6.1366e-05	0.091287	supercritical
1219.4	745.00	199.01	0.0050249	887.38	1261.7	6.0987	0.86066	1.1475	770.89	-0.049993	6.1392e-05	0.091334	supercritical
1220.4	745.00	198.87	0.0050285	888.25	1262.9	6.0996	0.86076	1.1476	771.10	-0.050016	6.1418e-05	0.091380	supercritical
1221.4	745.00	198.72	0.0050322	889.13	1264.0	6.1006	0.86085	1.1476	771.31	-0.050039	6.1443e-05	0.091427	supercritical
1222.4	745.00	198.58	0.0050358	890.00	1265.2	6.1015	0.86095	1.1477	771.52	-0.050063	6.1469e-05	0.091474	supercritical
1223.4	745.00	198.43	0.0050395	890.88	1266.3	6.1025	0.86105	1.1477	771.74	-0.050086	6.1495e-05	0.091520	supercritical
1224.4	745.00	198.29	0.0050431	891.76	1267.5	6.1034	0.86114	1.1478	771.95	-0.050109	6.1520e-05	0.091567	supercritical
1225.4	745.00	198.15	0.0050467	892.63	1268.6	6.1043	0.86124	1.1478	772.16	-0.050132	6.1546e-05	0.091613	supercritical
1226.4	745.00	198.00	0.0050504	893.51	1269.8	6.1053	0.86134	1.1479	772.37	-0.050155	6.1572e-05	0.091660	supercritical
1227.4	745.00	197.86	0.0050540	894.38	1270.9	6.1062	0.86143	1.1479	772.58	-0.050178	6.1598e-05	0.091707	supercritical
1228.4	745.00	197.72	0.0050577	895.26	1272.1	6.1071	0.86153	1.1480	772.80	-0.050200	6.1623e-05	0.091753	supercritical
1229.4	745.00	197.58	0.0050613	896.14	1273.2	6.1081	0.86162	1.1480	773.01	-0.050223	6.1649e-05	0.091800	supercritical
1230.4	745.00	197.43	0.0050650	897.01	1274.4	6.1090	0.86172	1.1481	773.22	-0.050246	6.1675e-05	0.091847	supercritical
1231.4	745.00	197.29	0.0050686	897.89	1275.5	6.1099	0.86182	1.1481	773.43	-0.050269	6.1701e-05	0.091893	supercritical
1232.4	745.00	197.15	0.0050723	898.77	1276.7	6.1109	0.86191	1.1482	773.64	-0.050292	6.1726e-05	0.091940	supercritical
1233.4	745.00	197.01	0.0050759	899.64	1277.8	6.1118	0.86201	1.1483	773.85	-0.050314	6.1752e-05	0.091986	supercritical
1234.4	745.00	196.87	0.0050796	900.52	1278.9	6.1127	0.86210	1.1483	774.07	-0.050337	6.1778e-05	0.092033	supercritical
1235.4	745.00	196.73	0.0050832	901.39	1280.1	6.1137	0.86220	1.1484	774.28	-0.050360	6.1803e-05	0.092080	supercritical
1236.4	745.00	196.58	0.0050869	902.27	1281.2	6.1146	0.86229	1.1484	774.49	-0.050383	6.1829e-05	0.092126	supercritical
1237.4	745.00	196.44	0.0050905	903.15	1282.4	6.1155	0.86239	1.1485	774.70	-0.050405	6.1855e-05	0.092173	supercritical
1238.4	745.00	196.30	0.0050942	904.03	1283.5	6.1164	0.86248	1.1485	774.91	-0.050428	6.1881e-05	0.092220	supercritical
1239.4	745.00	196.16	0.0050978	904.90	1284.7	6.1174	0.86258	1.1486	775.12	-0.050450	6.1906e-05	0.092266	supercritical
1240.4	745.00	196.02	0.0051015	905.78	1285.8	6.1183	0.86267	1.1486	775.33	-0.050473	6.1932e-05	0.092313	supercritical
1241.4	745.00	195.88	0.0051051	906.66	1287.0	6.1192	0.86277	1.1487	775.55	-0.050495	6.1958e-05	0.092360	supercritical
1242.4	745.00	195.74	0.0051087	907.53	1288.1	6.1201	0.86286	1.1487	775.76	-0.050518	6.1983e-05	0.092406	supercritical
1243.4	745.00	195.60	0.0051124	908.41	1289.3	6.1211	0.86296	1.1488	775.97	-0.050540	6.2009e-05	0.092453	supercritical
1244.4	745.00	195.46	0.0051160	909.29	1290.4	6.1220	0.86305	1.1489	776.18	-0.050562	6.2035e-05	0.092500	supercritical
1245.4	745.00	195.32	0.0051197	910.17	1291.6	6.1229	0.86314	1.1489	776.39	-0.050585	6.2060e-05	0.092546	supercritical
1246.4	745.00	195.19	0.0051233	911.04	1292.7	6.1238	0.86324	1.1490	776.60	-0.050607	6.2086e-05	0.092593	supercritical
1247.4	745.00	195.05	0.0051270	911.92	1293.9	6.1248	0.86333	1.1490	776.81	-0.050629	6.2112e-05	0.092640	supercritical
1248.4	745.00	194.91	0.0051306	912.80	1295.0	6.1257	0.86343	1.1491	777.02	-0.050652	6.2137e-05	0.092686	supercritical
1249.4	745.00	194.77	0.0051343	913.68	1296.2	6.1266	0.86352	1.1491	777.23	-0.050674	6.2163e-05	0.092733	supercritical
1250.4	745.00	194.63	0.0051379	914.55	1297.3	6.1275	0.86361	1.1492	777.44	-0.050696	6.2189e-05	0.092780	supercritical
1251.4	745.00	194.49	0.0051415	915.43	1298.5	6.1284	0.86371	1.1492	777.66	-0.050718	6.2214e-05	0.092826	supercritical
1252.4	745.00	194.36	0.0051452	916.31	1299.6	6.1294	0.86380	1.1493	777.87	-0.050740	6.2240e-05	0.092873	supercritical
1253.4	745.00	194.22	0.0051488	917.19	1300.8	6.1303	0.86389	1.1493	778.08	-0.050762	6.2266e-05	0.092920	supercritical
1254.4	745.00	194.08	0.0051525	918.06	1301.9	6.1312	0.86399	1.1494	778.29	-0.050785	6.2291e-05	0.092967	supercritical
1255.4	745.00	193.94	0.0051561	918.94	1303.1	6.1321	0.86408	1.1494	778.50	-0.050807	6.2317e-05	0.093013	supercritical
1256.4	745.00	193.81	0.0051598	919.82	1304.2	6.1330	0.86417	1.1495	778.71	-0.050829	6.2343e-05	0.093060	supercritical
1257.4	745.00	193.67	0.0051634	920.70	1305.4	6.1339	0.86427	1.1496	778.92	-0.050851	6.2368e-05	0.093107	supercritical
1258.4	745.00	193.53	0.0051670	921.58	1306.5	6.1349	0.86436	1.1496	779.13	-0.050872	6.2394e-05	0.093153	supercritical
1259.4	745.00	193.40	0.0051707	922.46	1307.7	6.1358	0.86445	1.1497	779.34	-0.050894	6.2420e-05	0.093200	supercritical
1260.4	745.00	193.26	0.0051743	923.33	1308.8	6.1367	0.86455	1.1497	779.55	-0.050916	6.2445e-05	0.093247	supercritical
1261.4	745.00	193.13	0.0051780	924.21	1310.0	6.1376	0.86464	1.1498	779.76	-0.050938	6.2471e-05	0.093293	supercritical
1262.4	745.00	192.99	0.0051816	925.09	1311.1	6.1385	0.86473	1.1498	779.97	-0.050960	6.2497e-05	0.093340	supercritical
1263.4	745.00	192.85	0.0051852	925.97	1312.3	6.1394	0.86482	1.1499	780.18	-0.050982	6.2522e-05	0.093387	supercritical
1264.4	745.00	192.72	0.0051889	926.85	1313.4	6.1403	0.86492	1.1499	780.39	-0.051003	6.2548e-05	0.093434	supercritical
1265.4	745.00	192.58	0.0051925	927.73	1314.6	6.1412	0.86501	1.1500	780.60	-0.051025	6.2574e-05	0.093480	supercritical
1266.4	745.00	192.45	0.0051962	928.61	1315.7	6.1421	0.86510	1.1500	780.81	-0.051047	6.2599e-05	0.093527	supercritical
1267.4	745.00	192.31	0.0051998	929.49	1316.9	6.1430	0.86519	1.1501	781.02	-0.051069	6.2625e-05	0.093574	supercritical
1268.4	745.00	192.18	0.0052034	930.36	1318.0	6.1440	0.86528	1.1501	781.23	-0.051090	6.2650e-05	0.093620	supercritical
1269.4	745.00	192.05	0.0052071	931.24	1319.2	6.1449	0.86538	1.1502	781.44	-0.051112	6.2676e-05	0.093667	supercritical
1270.4	745.00	191.91	0.0052107	932.12	1320.3	6.1458	0.86547	1.1503	781.65	-0.051133	6.2702e-05	0.093714	supercritical
1271.4	745.00	191.78	0.0052144	933.00	1321.5	6.1467	0.86556	1.1503	781.86	-0.051155	6.2727e-05	0.093761	supercritical
1272.4	745.00	191.64	0.0052180	933.88	1322.6	6.1476	0.86565	1.1504	782.07	-0.051176	6.2753e-05	0.093807	supercritical
1273.4	745.00	191.51	0.0052216	934.76	1323.8	6.1485	0.86574	1.1504	782.28	-0.051198	6.2778e-05	0.093854	supercritical
1274.4	745.00	191.38	0.0052253	935.64	1324.9	6.1494	0.86583	1.1505	782.49	-0.051219	6.2804e-05	0.093901	supercritical
1275.4	745.00	191.24	0.0052289	936.52	1326.1	6.1503	0.86593	1.1505	782.70	-0.051241	6.2830e-05	0.093948	supercritical
1276.4	745.00	191.11	0.0052325	937.40	1327.2	6.1512	0.86602	1.1506	782.90	-0.051262	6.2855e-05	0.093994	supercritical
1277.4	745.00	190.98	0.0052362	938.28	1328.4	6.1521	0.86611	1.1506	783.11	-0.051283	6.2881e-05	0.094041	supercritical
1278.4	745.00	190.85	0.0052398	939.16	1329.5	6.1530	0.86620	1.1507	783.32	-0.051305	6.2906e-05	0.094088	supercritical
1279.4	745.00	190.71	0.0052435	940.04	1330.7	6.1539	0.86629	1.1507	783.53	-0.051326	6.2932e-05	0.094134	supercritical
1280.4	745.00	190.58	0.0052471	940.92	1331.8	6.1548	0.86638	1.1508	783.74	-0.051347	6.2958e-05	0.094181	supercritical
1281.4	745.00	190.45	0.0052507	941.80	1333.0	6.1557	0.86647	1.1508	783.95	-0.051368	6.2983e-05	0.094228	supercritical
1282.4	745.00	190.32	0.0052544	942.68	1334.1	6.1566	0.86656	1.1509	784.16	-0.051390	6.3009e-05	0.094275	supercritical
1283.4	745.00	190.19	0.0052580	943.56	1335.3	6.1575	0.86665	1.1510	784.37	-0.051411	6.3034e-05	0.094321	supercritical
1284.4	745.00	190.05	0.0052616	944.44	1336.4	6.1584	0.86674	1.1510	784.58	-0.051432	6.3060e-05	0.094368	supercritical
1285.4	745.00	189.92	0.0052653	945.32	1337.6	6.1593	0.86683	1.1511	784.79	-0.051453	6.3086e-05	0.094415	supercritical
1286.4	745.00	189.79	0.0052689	946.20	1338.7	6.1602	0.86692	1.1511	785.00	-0.051474	6.3111e-05	0.094462	supercritical
1287.4	745.00	189.66	0.0052725	947.08	1339.9	6.1611	0.86701	1.1512	785.20	-0.051495	6.3137e-05	0.094508	supercritical
1288.4	745.00	189.53	0.0052762	947.96	1341.0	6.1620	0.86710	1.1512	785.41	-0.051516	6.3162e-05	0.094555	supercritical
1289.4	745.00	189.40	0.0052798	948.84	1342.2	6.1629	0.86719	1.1513	785.62	-0.051537	6.3188e-05	0.094602	supercritical
1290.4	745.00	189.27	0.0052835	949.72	1343.3	6.1637	0.86728	1.1513	785.83	-0.051558	6.3213e-05	0.094649	supercritical
1291.4	745.00	189.14	0.0052871	950.60	1344.5	6.1646	0.86737	1.1514	786.04	-0.051579	6.3239e-05	0.094695	supercritical
1292.4	745.00	189.01	0.0052907	951.48	1345.6	6.1655	0.86746	1.1514	786.25	-0.051600	6.3265e-05	0.094742	supercritical
1293.4	745.00	188.88	0.0052944	952.36	1346.8	6.1664	0.86755	1.1515	786.46	-0.051621	6.3290e-05	0.094789	supercritical
1294.4	745.00	188.75	0.0052980	953.24	1347.9	6.1673	0.86764	1.1515	786.66	-0.051642	6.3316e-05	0.094836	supercritical
1295.4	745.00	188.62	0.0053016	954.12	1349.1	6.1682	0.86773	1.1516	786.87	-0.051662	6.3341e-05	0.094883	supercritical
1296.4	745.00	188.49	0.0053053	955.00	1350.2	6.1691	0.86782	1.1517	787.08	-0.051683	6.3367e-05	0.094929	supercritical
1297.4	745.00	188.36	0.0053089	955.89	1351.4	6.1700	0.86791	1.1517	787.29	-0.051704	6.3392e-05	0.094976	supercritical
1298.4	745.00	188.23	0.0053125	956.77	1352.5	6.1709	0.86800	1.1518	787.50	-0.051725	6.3418e-05	0.095023	supercritical
1299.4	745.00	188.11	0.0053162	957.65	1353.7	6.1717	0.86809	1.1518	787.70	-0.051745	6.3443e-05	0.095070	supercritical
1300.4	745.00	187.98	0.0053198	958.53	1354.9	6.1726	0.86818	1.1519	787.91	-0.051766	6.3469e-05	0.095116	supercritical
1301.4	745.00	187.85	0.0053234	959.41	1356.0	6.1735	0.86827	1.1519	788.12	-0.051787	6.3495e-05	0.095163	supercritical
1302.4	745.00	187.72	0.0053271	960.29	1357.2	6.1744	0.86836	1.1520	788.33	-0.051807	6.3520e-05	0.095210	supercritical
1303.4	745.00	187.59	0.0053307	961.17	1358.3	6.1753	0.86845	1.1520	788.54	-0.051828	6.3546e-05	0.095257	supercritical
1304.4	745.00	187.47	0.0053343	962.05	1359.5	6.1762	0.86854	1.1521	788.74	-0.051848	6.3571e-05	0.095303	supercritical
1305.4	745.00	187.34	0.0053379	962.94	1360.6	6.1771	0.86863	1.1521	788.95	-0.051869	6.3597e-05	0.095350	supercritical
1306.4	745.00	187.21	0.0053416	963.82	1361.8	6.1779	0.86871	1.1522	789.16	-0.051889	6.3622e-05	0.095397	supercritical
1307.4	745.00	187.08	0.0053452	964.70	1362.9	6.1788	0.86880	1.1522	789.37	-0.051910	6.3648e-05	0.095444	supercritical
1308.4	745.00	186.96	0.0053488	965.58	1364.1	6.1797	0.86889	1.1523	789.58	-0.051930	6.3673e-05	0.095491	supercritical
1309.4	745.00	186.83	0.0053525	966.46	1365.2	6.1806	0.86898	1.1524	789.78	-0.051951	6.3699e-05	0.095537	supercritical
1310.4	745.00	186.70	0.0053561	967.34	1366.4	6.1815	0.86907	1.1524	789.99	-0.051971	6.3724e-05	0.095584	supercritical
1311.4	745.00	186.58	0.0053597	968.23	1367.5	6.1823	0.86916	1.1525	790.20	-0.051991	6.3750e-05	0.095631	supercritical
1312.4	745.00	186.45	0.0053634	969.11	1368.7	6.1832	0.86925	1.1525	790.41	-0.052012	6.3775e-05	0.095678	supercritical
1313.4	745.00	186.32	0.0053670	969.99	1369.8	6.1841	0.86933	1.1526	790.61	-0.052032	6.3801e-05	0.095725	supercritical
1314.4	745.00	186.20	0.0053706	970.87	1371.0	6.1850	0.86942	1.1526	790.82	-0.052052	6.3826e-05	0.095771	supercritical
1315.4	745.00	186.07	0.0053743	971.76	1372.1	6.1859	0.86951	1.1527	791.03	-0.052072	6.3852e-05	0.095818	supercritical
1316.4	745.00	185.95	0.0053779	972.64	1373.3	6.1867	0.86960	1.1527	791.23	-0.052093	6.3877e-05	0.095865	supercritical
1317.4	745.00	185.82	0.0053815	973.52	1374.4	6.1876	0.86969	1.1528	791.44	-0.052113	6.3903e-05	0.095912	supercritical
1318.4	745.00	185.70	0.0053851	974.40	1375.6	6.1885	0.86977	1.1528	791.65	-0.052133	6.3928e-05	0.095959	supercritical
1319.4	745.00	185.57	0.0053888	975.29	1376.7	6.1894	0.86986	1.1529	791.86	-0.052153	6.3954e-05	0.096005	supercritical
1320.4	745.00	185.45	0.0053924	976.17	1377.9	6.1902	0.86995	1.1529	792.06	-0.052173	6.3979e-05	0.096052	supercritical
1321.4	745.00	185.32	0.0053960	977.05	1379.1	6.1911	0.87004	1.1530	792.27	-0.052193	6.4005e-05	0.096099	supercritical
1322.4	745.00	185.20	0.0053997	977.93	1380.2	6.1920	0.87012	1.1530	792.48	-0.052213	6.4030e-05	0.096146	supercritical
1323.4	745.00	185.07	0.0054033	978.82	1381.4	6.1928	0.87021	1.1531	792.68	-0.052233	6.4056e-05	0.096193	supercritical
1324.4	745.00	184.95	0.0054069	979.70	1382.5	6.1937	0.87030	1.1532	792.89	-0.052253	6.4081e-05	0.096239	supercritical
1325.4	745.00	184.82	0.0054105	980.58	1383.7	6.1946	0.87039	1.1532	793.10	-0.052273	6.4107e-05	0.096286	supercritical
1326.4	745.00	184.70	0.0054142	981.46	1384.8	6.1955	0.87047	1.1533	793.30	-0.052293	6.4132e-05	0.096333	supercritical
1327.4	745.00	184.58	0.0054178	982.35	1386.0	6.1963	0.87056	1.1533	793.51	-0.052313	6.4158e-05	0.096380	supercritical
1328.4	745.00	184.45	0.0054214	983.23	1387.1	6.1972	0.87065	1.1534	793.72	-0.052333	6.4183e-05	0.096427	supercritical
1329.4	745.00	184.33	0.0054250	984.11	1388.3	6.1981	0.87073	1.1534	793.92	-0.052353	6.4208e-05	0.096473	supercritical
1330.4	745.00	184.21	0.0054287	985.00	1389.4	6.1989	0.87082	1.1535	794.13	-0.052372	6.4234e-05	0.096520	supercritical
1331.4	745.00	184.08	0.0054323	985.88	1390.6	6.1998	0.87091	1.1535	794.34	-0.052392	6.4259e-05	0.096567	supercritical
1332.4	745.00	183.96	0.0054359	986.76	1391.7	6.2007	0.87099	1.1536	794.54	-0.052412	6.4285e-05	0.096614	supercritical
1333.4	745.00	183.84	0.0054396	987.65	1392.9	6.2015	0.87108	1.1536	794.75	-0.052432	6.4310e-05	0.096661	supercritical
1334.4	745.00	183.72	0.0054432	988.53	1394.0	6.2024	0.87117	1.1537	794.95	-0.052451	6.4336e-05	0.096707	supercritical
1335.4	745.00	183.59	0.0054468	989.41	1395.2	6.2033	0.87125	1.1537	795.16	-0.052471	6.4361e-05	0.096754	supercritical
1336.4	745.00	183.47	0.0054504	990.30	1396.4	6.2041	0.87134	1.1538	795.37	-0.052491	6.4387e-05	0.096801	supercritical
1337.4	745.00	183.35	0.0054541	991.18	1397.5	6.2050	0.87143	1.1539	795.57	-0.052510	6.4412e-05	0.096848	supercritical
1338.4	745.00	183.23	0.0054577	992.07	1398.7	6.2058	0.87151	1.1539	795.78	-0.052530	6.4438e-05	0.096895	supercritical
1339.4	745.00	183.11	0.0054613	992.95	1399.8	6.2067	0.87160	1.1540	795.99	-0.052549	6.4463e-05	0.096941	supercritical
1340.4	745.00	182.99	0.0054649	993.83	1401.0	6.2076	0.87169	1.1540	796.19	-0.052569	6.4488e-05	0.096988	supercritical
1341.4	745.00	182.86	0.0054686	994.72	1402.1	6.2084	0.87177	1.1541	796.40	-0.052588	6.4514e-05	0.097035	supercritical
1342.4	745.00	182.74	0.0054722	995.60	1403.3	6.2093	0.87186	1.1541	796.60	-0.052608	6.4539e-05	0.097082	supercritical
1343.4	745.00	182.62	0.0054758	996.49	1404.4	6.2101	0.87194	1.1542	796.81	-0.052627	6.4565e-05	0.097129	supercritical
1344.4	745.00	182.50	0.0054794	997.37	1405.6	6.2110	0.87203	1.1542	797.01	-0.052647	6.4590e-05	0.097176	supercritical
1345.4	745.00	182.38	0.0054830	998.25	1406.7	6.2119	0.87212	1.1543	797.22	-0.052666	6.4616e-05	0.097222	supercritical
1346.4	745.00	182.26	0.0054867	999.14	1407.9	6.2127	0.87220	1.1543	797.43	-0.052685	6.4641e-05	0.097269	supercritical
1347.4	745.00	182.14	0.0054903	1000.0	1409.1	6.2136	0.87229	1.1544	797.63	-0.052705	6.4666e-05	0.097316	supercritical
1348.4	745.00	182.02	0.0054939	1000.9	1410.2	6.2144	0.87237	1.1544	797.84	-0.052724	6.4692e-05	0.097363	supercritical
1349.4	745.00	181.90	0.0054975	1001.8	1411.4	6.2153	0.87246	1.1545	798.04	-0.052743	6.4717e-05	0.097410	supercritical
1350.4	745.00	181.78	0.0055012	1002.7	1412.5	6.2161	0.87254	1.1546	798.25	-0.052762	6.4743e-05	0.097457	supercritical
1351.4	745.00	181.66	0.0055048	1003.6	1413.7	6.2170	0.87263	1.1546	798.45	-0.052782	6.4768e-05	0.097503	supercritical
1352.4	745.00	181.54	0.0055084	1004.4	1414.8	6.2179	0.87271	1.1547	798.66	-0.052801	6.4793e-05	0.097550	supercritical
1353.4	745.00	181.42	0.0055120	1005.3	1416.0	6.2187	0.87280	1.1547	798.86	-0.052820	6.4819e-05	0.097597	supercritical
1354.4	745.00	181.30	0.0055157	1006.2	1417.1	6.2196	0.87288	1.1548	799.07	-0.052839	6.4844e-05	0.097644	supercritical
1355.4	745.00	181.18	0.0055193	1007.1	1418.3	6.2204	0.87297	1.1548	799.27	-0.052858	6.4870e-05	0.097691	supercritical
1356.4	745.00	181.06	0.0055229	1008.0	1419.4	6.2213	0.87306	1.1549	799.48	-0.052877	6.4895e-05	0.097737	supercritical
1357.4	745.00	180.95	0.0055265	1008.9	1420.6	6.2221	0.87314	1.1549	799.68	-0.052896	6.4920e-05	0.097784	supercritical
1358.4	745.00	180.83	0.0055301	1009.8	1421.8	6.2230	0.87323	1.1550	799.89	-0.052915	6.4946e-05	0.097831	supercritical
1359.4	745.00	180.71	0.0055338	1010.6	1422.9	6.2238	0.87331	1.1550	800.09	-0.052934	6.4971e-05	0.097878	supercritical
1360.4	745.00	180.59	0.0055374	1011.5	1424.1	6.2247	0.87339	1.1551	800.30	-0.052953	6.4996e-05	0.097925	supercritical
1361.4	745.00	180.47	0.0055410	1012.4	1425.2	6.2255	0.87348	1.1551	800.50	-0.052972	6.5022e-05	0.097972	supercritical
1362.4	745.00	180.35	0.0055446	1013.3	1426.4	6.2264	0.87356	1.1552	800.71	-0.052991	6.5047e-05	0.098018	supercritical
1363.4	745.00	180.24	0.0055482	1014.2	1427.5	6.2272	0.87365	1.1552	800.91	-0.053010	6.5073e-05	0.098065	supercritical
1364.4	745.00	180.12	0.0055519	1015.1	1428.7	6.2281	0.87373	1.1553	801.12	-0.053029	6.5098e-05	0.098112	supercritical
1365.4	745.00	180.00	0.0055555	1016.0	1429.8	6.2289	0.87382	1.1554	801.32	-0.053048	6.5123e-05	0.098159	supercritical
1366.4	745.00	179.89	0.0055591	1016.8	1431.0	6.2298	0.87390	1.1554	801.53	-0.053067	6.5149e-05	0.098206	supercritical
1367.4	745.00	179.77	0.0055627	1017.7	1432.1	6.2306	0.87399	1.1555	801.73	-0.053085	6.5174e-05	0.098253	supercritical
1368.4	745.00	179.65	0.0055663	1018.6	1433.3	6.2314	0.87407	1.1555	801.94	-0.053104	6.5199e-05	0.098300	supercritical
1369.4	745.00	179.53	0.0055700	1019.5	1434.5	6.2323	0.87416	1.1556	802.14	-0.053123	6.5225e-05	0.098346	supercritical
1370.4	745.00	179.42	0.0055736	1020.4	1435.6	6.2331	0.87424	1.1556	802.34	-0.053142	6.5250e-05	0.098393	supercritical
1371.4	745.00	179.30	0.0055772	1021.3	1436.8	6.2340	0.87432	1.1557	802.55	-0.053160	6.5275e-05	0.098440	supercritical
1372.4	745.00	179.19	0.0055808	1022.2	1437.9	6.2348	0.87441	1.1557	802.75	-0.053179	6.5301e-05	0.098487	supercritical
1373.4	745.00	179.07	0.0055844	1023.0	1439.1	6.2357	0.87449	1.1558	802.96	-0.053198	6.5326e-05	0.098534	supercritical
1374.4	745.00	178.95	0.0055881	1023.9	1440.2	6.2365	0.87458	1.1558	803.16	-0.053216	6.5351e-05	0.098581	supercritical
1375.4	745.00	178.84	0.0055917	1024.8	1441.4	6.2373	0.87466	1.1559	803.36	-0.053235	6.5377e-05	0.098627	supercritical
1376.4	745.00	178.72	0.0055953	1025.7	1442.6	6.2382	0.87474	1.1559	803.57	-0.053253	6.5402e-05	0.098674	supercritical
1377.4	745.00	178.61	0.0055989	1026.6	1443.7	6.2390	0.87483	1.1560	803.77	-0.053272	6.5427e-05	0.098721	supercritical
1378.4	745.00	178.49	0.0056025	1027.5	1444.9	6.2399	0.87491	1.1561	803.98	-0.053290	6.5453e-05	0.098768	supercritical
1379.4	745.00	178.38	0.0056061	1028.4	1446.0	6.2407	0.87499	1.1561	804.18	-0.053309	6.5478e-05	0.098815	supercritical
1380.4	745.00	178.26	0.0056098	1029.2	1447.2	6.2415	0.87508	1.1562	804.38	-0.053327	6.5503e-05	0.098862	supercritical
1381.4	745.00	178.15	0.0056134	1030.1	1448.3	6.2424	0.87516	1.1562	804.59	-0.053346	6.5529e-05	0.098908	supercritical
1382.4	745.00	178.03	0.0056170	1031.0	1449.5	6.2432	0.87525	1.1563	804.79	-0.053364	6.5554e-05	0.098955	supercritical
1383.4	745.00	177.92	0.0056206	1031.9	1450.6	6.2440	0.87533	1.1563	805.00	-0.053382	6.5579e-05	0.099002	supercritical
1384.4	745.00	177.80	0.0056242	1032.8	1451.8	6.2449	0.87541	1.1564	805.20	-0.053401	6.5605e-05	0.099049	supercritical
1385.4	745.00	177.69	0.0056278	1033.7	1453.0	6.2457	0.87550	1.1564	805.40	-0.053419	6.5630e-05	0.099096	supercritical
1386.4	745.00	177.57	0.0056315	1034.6	1454.1	6.2465	0.87558	1.1565	805.61	-0.053437	6.5655e-05	0.099143	supercritical
1387.4	745.00	177.46	0.0056351	1035.5	1455.3	6.2474	0.87566	1.1565	805.81	-0.053456	6.5681e-05	0.099190	supercritical
1388.4	745.00	177.35	0.0056387	1036.3	1456.4	6.2482	0.87574	1.1566	806.01	-0.053474	6.5706e-05	0.099236	supercritical
1389.4	745.00	177.23	0.0056423	1037.2	1457.6	6.2490	0.87583	1.1566	806.22	-0.053492	6.5731e-05	0.099283	supercritical
1390.4	745.00	177.12	0.0056459	1038.1	1458.7	6.2499	0.87591	1.1567	806.42	-0.053510	6.5756e-05	0.099330	supercritical
1391.4	745.00	177.01	0.0056495	1039.0	1459.9	6.2507	0.87599	1.1568	806.62	-0.053528	6.5782e-05	0.099377	supercritical
1392.4	745.00	176.89	0.0056532	1039.9	1461.1	6.2515	0.87608	1.1568	806.83	-0.053547	6.5807e-05	0.099424	supercritical
1393.4	745.00	176.78	0.0056568	1040.8	1462.2	6.2524	0.87616	1.1569	807.03	-0.053565	6.5832e-05	0.099471	supercritical
1394.4	745.00	176.67	0.0056604	1041.7	1463.4	6.2532	0.87624	1.1569	807.23	-0.053583	6.5858e-05	0.099517	supercritical
1395.4	745.00	176.55	0.0056640	1042.6	1464.5	6.2540	0.87632	1.1570	807.43	-0.053601	6.5883e-05	0.099564	supercritical
1396.4	745.00	176.44	0.0056676	1043.4	1465.7	6.2549	0.87641	1.1570	807.64	-0.053619	6.5908e-05	0.099611	supercritical
1397.4	745.00	176.33	0.0056712	1044.3	1466.8	6.2557	0.87649	1.1571	807.84	-0.053637	6.5933e-05	0.099658	supercritical
1398.4	745.00	176.22	0.0056748	1045.2	1468.0	6.2565	0.87657	1.1571	808.04	-0.053655	6.5959e-05	0.099705	supercritical
1399.4	745.00	176.10	0.0056785	1046.1	1469.2	6.2573	0.87666	1.1572	808.25	-0.053673	6.5984e-05	0.099752	supercritical
1400.4	745.00	175.99	0.0056821	1047.0	1470.3	6.2582	0.87674	1.1572	808.45	-0.053691	6.6009e-05	0.099799	supercritical
1401.4	745.00	175.88	0.0056857	1047.9	1471.5	6.2590	0.87682	1.1573	808.65	-0.053709	6.6034e-05	0.099845	supercritical
1402.4	745.00	175.77	0.0056893	1048.8	1472.6	6.2598	0.87690	1.1573	808.85	-0.053726	6.6060e-05	0.099892	supercritical
1403.4	745.00	175.66	0.0056929	1049.7	1473.8	6.2606	0.87698	1.1574	809.06	-0.053744	6.6085e-05	0.099939	supercritical
1404.4	745.00	175.55	0.0056965	1050.5	1474.9	6.2615	0.87707	1.1574	809.26	-0.053762	6.6110e-05	0.099986	supercritical
1405.4	745.00	175.43	0.0057001	1051.4	1476.1	6.2623	0.87715	1.1575	809.46	-0.053780	6.6135e-05	0.10003	supercritical
1406.4	745.00	175.32	0.0057038	1052.3	1477.3	6.2631	0.87723	1.1576	809.66	-0.053798	6.6161e-05	0.10008	supercritical
1407.4	745.00	175.21	0.0057074	1053.2	1478.4	6.2639	0.87731	1.1576	809.87	-0.053816	6.6186e-05	0.10013	supercritical
1408.4	745.00	175.10	0.0057110	1054.1	1479.6	6.2648	0.87740	1.1577	810.07	-0.053833	6.6211e-05	0.10017	supercritical
1409.4	745.00	174.99	0.0057146	1055.0	1480.7	6.2656	0.87748	1.1577	810.27	-0.053851	6.6236e-05	0.10022	supercritical
1410.4	745.00	174.88	0.0057182	1055.9	1481.9	6.2664	0.87756	1.1578	810.47	-0.053869	6.6262e-05	0.10027	supercritical
1411.4	745.00	174.77	0.0057218	1056.8	1483.0	6.2672	0.87764	1.1578	810.68	-0.053886	6.6287e-05	0.10031	supercritical
1412.4	745.00	174.66	0.0057254	1057.7	1484.2	6.2680	0.87772	1.1579	810.88	-0.053904	6.6312e-05	0.10036	supercritical
1413.4	745.00	174.55	0.0057290	1058.5	1485.4	6.2689	0.87780	1.1579	811.08	-0.053922	6.6337e-05	0.10041	supercritical
1414.4	745.00	174.44	0.0057327	1059.4	1486.5	6.2697	0.87789	1.1580	811.28	-0.053939	6.6363e-05	0.10045	supercritical
1415.4	745.00	174.33	0.0057363	1060.3	1487.7	6.2705	0.87797	1.1580	811.48	-0.053957	6.6388e-05	0.10050	supercritical
1416.4	745.00	174.22	0.0057399	1061.2	1488.8	6.2713	0.87805	1.1581	811.69	-0.053974	6.6413e-05	0.10055	supercritical
1417.4	745.00	174.11	0.0057435	1062.1	1490.0	6.2721	0.87813	1.1581	811.89	-0.053992	6.6438e-05	0.10060	supercritical
1418.4	745.00	174.00	0.0057471	1063.0	1491.1	6.2730	0.87821	1.1582	812.09	-0.054009	6.6463e-05	0.10064	supercritical
1419.4	745.00	173.89	0.0057507	1063.9	1492.3	6.2738	0.87829	1.1583	812.29	-0.054027	6.6489e-05	0.10069	supercritical
1420.4	745.00	173.78	0.0057543	1064.8	1493.5	6.2746	0.87838	1.1583	812.49	-0.054044	6.6514e-05	0.10074	supercritical
1421.4	745.00	173.67	0.0057579	1065.7	1494.6	6.2754	0.87846	1.1584	812.69	-0.054061	6.6539e-05	0.10078	supercritical
1422.4	745.00	173.56	0.0057615	1066.5	1495.8	6.2762	0.87854	1.1584	812.90	-0.054079	6.6564e-05	0.10083	supercritical
1423.4	745.00	173.46	0.0057652	1067.4	1496.9	6.2770	0.87862	1.1585	813.10	-0.054096	6.6590e-05	0.10088	supercritical
1424.4	745.00	173.35	0.0057688	1068.3	1498.1	6.2778	0.87870	1.1585	813.30	-0.054114	6.6615e-05	0.10092	supercritical
1425.4	745.00	173.24	0.0057724	1069.2	1499.3	6.2787	0.87878	1.1586	813.50	-0.054131	6.6640e-05	0.10097	supercritical
1426.4	745.00	173.13	0.0057760	1070.1	1500.4	6.2795	0.87886	1.1586	813.70	-0.054148	6.6665e-05	0.10102	supercritical
1427.4	745.00	173.02	0.0057796	1071.0	1501.6	6.2803	0.87894	1.1587	813.90	-0.054165	6.6690e-05	0.10106	supercritical
1428.4	745.00	172.91	0.0057832	1071.9	1502.7	6.2811	0.87902	1.1587	814.10	-0.054183	6.6715e-05	0.10111	supercritical
1429.4	745.00	172.81	0.0057868	1072.8	1503.9	6.2819	0.87911	1.1588	814.30	-0.054200	6.6741e-05	0.10116	supercritical
1430.4	745.00	172.70	0.0057904	1073.7	1505.0	6.2827	0.87919	1.1588	814.51	-0.054217	6.6766e-05	0.10120	supercritical
1431.4	745.00	172.59	0.0057940	1074.6	1506.2	6.2835	0.87927	1.1589	814.71	-0.054234	6.6791e-05	0.10125	supercritical
1432.4	745.00	172.48	0.0057976	1075.4	1507.4	6.2843	0.87935	1.1590	814.91	-0.054251	6.6816e-05	0.10130	supercritical
1433.4	745.00	172.38	0.0058012	1076.3	1508.5	6.2851	0.87943	1.1590	815.11	-0.054268	6.6841e-05	0.10134	supercritical
1434.4	745.00	172.27	0.0058049	1077.2	1509.7	6.2860	0.87951	1.1591	815.31	-0.054286	6.6867e-05	0.10139	supercritical
1435.4	745.00	172.16	0.0058085	1078.1	1510.8	6.2868	0.87959	1.1591	815.51	-0.054303	6.6892e-05	0.10144	supercritical
1436.4	745.00	172.06	0.0058121	1079.0	1512.0	6.2876	0.87967	1.1592	815.71	-0.054320	6.6917e-05	0.10149	supercritical
1437.4	745.00	171.95	0.0058157	1079.9	1513.2	6.2884	0.87975	1.1592	815.91	-0.054337	6.6942e-05	0.10153	supercritical
1438.4	745.00	171.84	0.0058193	1080.8	1514.3	6.2892	0.87983	1.1593	816.11	-0.054354	6.6967e-05	0.10158	supercritical
1439.4	745.00	171.74	0.0058229	1081.7	1515.5	6.2900	0.87991	1.1593	816.31	-0.054371	6.6992e-05	0.10163	supercritical
1440.4	745.00	171.63	0.0058265	1082.6	1516.6	6.2908	0.87999	1.1594	816.51	-0.054388	6.7018e-05	0.10167	supercritical
1441.4	745.00	171.52	0.0058301	1083.5	1517.8	6.2916	0.88007	1.1594	816.71	-0.054405	6.7043e-05	0.10172	supercritical
1442.4	745.00	171.42	0.0058337	1084.3	1519.0	6.2924	0.88015	1.1595	816.92	-0.054421	6.7068e-05	0.10177	supercritical
1443.4	745.00	171.31	0.0058373	1085.2	1520.1	6.2932	0.88023	1.1595	817.12	-0.054438	6.7093e-05	0.10181	supercritical
1444.4	745.00	171.21	0.0058409	1086.1	1521.3	6.2940	0.88031	1.1596	817.32	-0.054455	6.7118e-05	0.10186	supercritical
1445.4	745.00	171.10	0.0058445	1087.0	1522.4	6.2948	0.88039	1.1597	817.52	-0.054472	6.7143e-05	0.10191	supercritical
1446.4	745.00	170.99	0.0058481	1087.9	1523.6	6.2956	0.88047	1.1597	817.72	-0.054489	6.7168e-05	0.10195	supercritical
1447.4	745.00	170.89	0.0058517	1088.8	1524.8	6.2964	0.88055	1.1598	817.92	-0.054506	6.7194e-05	0.10200	supercritical
1448.4	745.00	170.78	0.0058554	1089.7	1525.9	6.2972	0.88063	1.1598	818.12	-0.054522	6.7219e-05	0.10205	supercritical
1449.4	745.00	170.68	0.0058590	1090.6	1527.1	6.2980	0.88071	1.1599	818.32	-0.054539	6.7244e-05	0.10209	supercritical
1450.4	745.00	170.57	0.0058626	1091.5	1528.2	6.2988	0.88079	1.1599	818.52	-0.054556	6.7269e-05	0.10214	supercritical
1451.4	745.00	170.47	0.0058662	1092.4	1529.4	6.2996	0.88087	1.1600	818.72	-0.054572	6.7294e-05	0.10219	supercritical
1452.4	745.00	170.36	0.0058698	1093.3	1530.6	6.3004	0.88095	1.1600	818.92	-0.054589	6.7319e-05	0.10223	supercritical
1453.4	745.00	170.26	0.0058734	1094.2	1531.7	6.3012	0.88103	1.1601	819.12	-0.054606	6.7344e-05	0.10228	supercritical
1454.4	745.00	170.16	0.0058770	1095.0	1532.9	6.3020	0.88111	1.1601	819.32	-0.054622	6.7369e-05	0.10233	supercritical
1455.4	745.00	170.05	0.0058806	1095.9	1534.0	6.3028	0.88119	1.1602	819.52	-0.054639	6.7394e-05	0.10238	supercritical
1456.4	745.00	169.95	0.0058842	1096.8	1535.2	6.3036	0.88127	1.1603	819.72	-0.054656	6.7420e-05	0.10242	supercritical
1457.4	745.00	169.84	0.0058878	1097.7	1536.4	6.3044	0.88135	1.1603	819.92	-0.054672	6.7445e-05	0.10247	supercritical
1458.4	745.00	169.74	0.0058914	1098.6	1537.5	6.3052	0.88143	1.1604	820.12	-0.054689	6.7470e-05	0.10252	supercritical
1459.4	745.00	169.63	0.0058950	1099.5	1538.7	6.3060	0.88151	1.1604	820.32	-0.054705	6.7495e-05	0.10256	supercritical
1460.4	745.00	169.53	0.0058986	1100.4	1539.8	6.3068	0.88159	1.1605	820.52	-0.054722	6.7520e-05	0.10261	supercritical
1461.4	745.00	169.43	0.0059022	1101.3	1541.0	6.3076	0.88167	1.1605	820.72	-0.054738	6.7545e-05	0.10266	supercritical
1462.4	745.00	169.32	0.0059058	1102.2	1542.2	6.3084	0.88175	1.1606	820.91	-0.054754	6.7570e-05	0.10270	supercritical
1463.4	745.00	169.22	0.0059094	1103.1	1543.3	6.3092	0.88183	1.1606	821.11	-0.054771	6.7595e-05	0.10275	supercritical
1464.4	745.00	169.12	0.0059130	1104.0	1544.5	6.3100	0.88191	1.1607	821.31	-0.054787	6.7620e-05	0.10280	supercritical
1465.4	745.00	169.01	0.0059166	1104.9	1545.6	6.3108	0.88199	1.1607	821.51	-0.054804	6.7645e-05	0.10284	supercritical
1466.4	745.00	168.91	0.0059202	1105.7	1546.8	6.3115	0.88207	1.1608	821.71	-0.054820	6.7671e-05	0.10289	supercritical
1467.4	745.00	168.81	0.0059238	1106.6	1548.0	6.3123	0.88215	1.1608	821.91	-0.054836	6.7696e-05	0.10294	supercritical
1468.4	745.00	168.71	0.0059274	1107.5	1549.1	6.3131	0.88222	1.1609	822.11	-0.054853	6.7721e-05	0.10298	supercritical
1469.4	745.00	168.60	0.0059310	1108.4	1550.3	6.3139	0.88230	1.1610	822.31	-0.054869	6.7746e-05	0.10303	supercritical
1470.4	745.00	168.50	0.0059347	1109.3	1551.4	6.3147	0.88238	1.1610	822.51	-0.054885	6.7771e-05	0.10308	supercritical
1471.4	745.00	168.40	0.0059383	1110.2	1552.6	6.3155	0.88246	1.1611	822.71	-0.054901	6.7796e-05	0.10313	supercritical
1472.4	745.00	168.30	0.0059419	1111.1	1553.8	6.3163	0.88254	1.1611	822.91	-0.054918	6.7821e-05	0.10317	supercritical
1473.4	745.00	168.20	0.0059455	1112.0	1554.9	6.3171	0.88262	1.1612	823.11	-0.054934	6.7846e-05	0.10322	supercritical
1474.4	745.00	168.09	0.0059491	1112.9	1556.1	6.3179	0.88270	1.1612	823.30	-0.054950	6.7871e-05	0.10327	supercritical
1475.4	745.00	167.99	0.0059527	1113.8	1557.3	6.3187	0.88278	1.1613	823.50	-0.054966	6.7896e-05	0.10331	supercritical
1476.4	745.00	167.89	0.0059563	1114.7	1558.4	6.3194	0.88286	1.1613	823.70	-0.054982	6.7921e-05	0.10336	supercritical
1477.4	745.00	167.79	0.0059599	1115.6	1559.6	6.3202	0.88294	1.1614	823.90	-0.054998	6.7946e-05	0.10341	supercritical
1478.4	745.00	167.69	0.0059635	1116.5	1560.7	6.3210	0.88301	1.1614	824.10	-0.055014	6.7971e-05	0.10345	supercritical
1479.4	745.00	167.59	0.0059671	1117.4	1561.9	6.3218	0.88309	1.1615	824.30	-0.055030	6.7996e-05	0.10350	supercritical
1480.4	745.00	167.49	0.0059707	1118.2	1563.1	6.3226	0.88317	1.1615	824.50	-0.055046	6.8021e-05	0.10355	supercritical
1481.4	745.00	167.38	0.0059743	1119.1	1564.2	6.3234	0.88325	1.1616	824.69	-0.055062	6.8046e-05	0.10359	supercritical
1482.4	745.00	167.28	0.0059779	1120.0	1565.4	6.3242	0.88333	1.1617	824.89	-0.055078	6.8071e-05	0.10364	supercritical
1483.4	745.00	167.18	0.0059815	1120.9	1566.5	6.3249	0.88341	1.1617	825.09	-0.055094	6.8096e-05	0.10369	supercritical
1484.4	745.00	167.08	0.0059851	1121.8	1567.7	6.3257	0.88349	1.1618	825.29	-0.055110	6.8121e-05	0.10373	supercritical
1485.4	745.00	166.98	0.0059887	1122.7	1568.9	6.3265	0.88356	1.1618	825.49	-0.055126	6.8147e-05	0.10378	supercritical
1486.4	745.00	166.88	0.0059923	1123.6	1570.0	6.3273	0.88364	1.1619	825.69	-0.055142	6.8172e-05	0.10383	supercritical
1487.4	745.00	166.78	0.0059959	1124.5	1571.2	6.3281	0.88372	1.1619	825.88	-0.055158	6.8197e-05	0.10387	supercritical
1488.4	745.00	166.68	0.0059995	1125.4	1572.4	6.3288	0.88380	1.1620	826.08	-0.055174	6.8222e-05	0.10392	supercritical
1489.4	745.00	166.58	0.0060031	1126.3	1573.5	6.3296	0.88388	1.1620	826.28	-0.055190	6.8247e-05	0.10397	supercritical
1490.4	745.00	166.48	0.0060067	1127.2	1574.7	6.3304	0.88396	1.1621	826.48	-0.055205	6.8272e-05	0.10402	supercritical
1491.4	745.00	166.38	0.0060103	1128.1	1575.8	6.3312	0.88403	1.1621	826.68	-0.055221	6.8297e-05	0.10406	supercritical
1492.4	745.00	166.28	0.0060139	1129.0	1577.0	6.3320	0.88411	1.1622	826.87	-0.055237	6.8322e-05	0.10411	supercritical
1493.4	745.00	166.18	0.0060175	1129.9	1578.2	6.3327	0.88419	1.1623	827.07	-0.055253	6.8347e-05	0.10416	supercritical
1494.4	745.00	166.08	0.0060211	1130.8	1579.3	6.3335	0.88427	1.1623	827.27	-0.055268	6.8372e-05	0.10420	supercritical
1495.4	745.00	165.98	0.0060247	1131.7	1580.5	6.3343	0.88435	1.1624	827.47	-0.055284	6.8397e-05	0.10425	supercritical
1496.4	745.00	165.88	0.0060283	1132.5	1581.7	6.3351	0.88442	1.1624	827.67	-0.055300	6.8422e-05	0.10430	supercritical
1497.4	745.00	165.79	0.0060319	1133.4	1582.8	6.3358	0.88450	1.1625	827.86	-0.055315	6.8447e-05	0.10434	supercritical
1498.4	745.00	165.69	0.0060355	1134.3	1584.0	6.3366	0.88458	1.1625	828.06	-0.055331	6.8472e-05	0.10439	supercritical
1499.4	745.00	165.59	0.0060391	1135.2	1585.1	6.3374	0.88466	1.1626	828.26	-0.055346	6.8497e-05	0.10444	supercritical
1500.4	745.00	165.49	0.0060427	1136.1	1586.3	6.3382	0.88474	1.1626	828.46	-0.055362	6.8522e-05	0.10448	supercritical
1501.4	745.00	165.39	0.0060463	1137.0	1587.5	6.3390	0.88481	1.1627	828.65	-0.055378	6.8547e-05	0.10453	supercritical
1502.4	745.00	165.29	0.0060499	1137.9	1588.6	6.3397	0.88489	1.1627	828.85	-0.055393	6.8572e-05	0.10458	supercritical
1503.4	745.00	165.19	0.0060535	1138.8	1589.8	6.3405	0.88497	1.1628	829.05	-0.055409	6.8597e-05	0.10462	supercritical
1504.4	745.00	165.10	0.0060571	1139.7	1591.0	6.3413	0.88505	1.1629	829.25	-0.055424	6.8622e-05	0.10467	supercritical
1505.4	745.00	165.00	0.0060607	1140.6	1592.1	6.3420	0.88513	1.1629	829.44	-0.055440	6.8647e-05	0.10472	supercritical
1506.4	745.00	164.90	0.0060643	1141.5	1593.3	6.3428	0.88520	1.1630	829.64	-0.055455	6.8671e-05	0.10476	supercritical
1507.4	745.00	164.80	0.0060679	1142.4	1594.4	6.3436	0.88528	1.1630	829.84	-0.055471	6.8696e-05	0.10481	supercritical
1508.4	745.00	164.71	0.0060715	1143.3	1595.6	6.3444	0.88536	1.1631	830.03	-0.055486	6.8721e-05	0.10486	supercritical
1509.4	745.00	164.61	0.0060751	1144.2	1596.8	6.3451	0.88544	1.1631	830.23	-0.055501	6.8746e-05	0.10491	supercritical
1510.4	745.00	164.51	0.0060786	1145.1	1597.9	6.3459	0.88551	1.1632	830.43	-0.055517	6.8771e-05	0.10495	supercritical
1511.4	745.00	164.41	0.0060822	1146.0	1599.1	6.3467	0.88559	1.1632	830.63	-0.055532	6.8796e-05	0.10500	supercritical
1512.4	745.00	164.32	0.0060858	1146.9	1600.3	6.3474	0.88567	1.1633	830.82	-0.055547	6.8821e-05	0.10505	supercritical
1513.4	745.00	164.22	0.0060894	1147.8	1601.4	6.3482	0.88575	1.1633	831.02	-0.055563	6.8846e-05	0.10509	supercritical
1514.4	745.00	164.12	0.0060930	1148.7	1602.6	6.3490	0.88582	1.1634	831.22	-0.055578	6.8871e-05	0.10514	supercritical
1515.4	745.00	164.02	0.0060966	1149.5	1603.7	6.3497	0.88590	1.1635	831.41	-0.055593	6.8896e-05	0.10519	supercritical
1516.4	745.00	163.93	0.0061002	1150.4	1604.9	6.3505	0.88598	1.1635	831.61	-0.055608	6.8921e-05	0.10523	supercritical
1517.4	745.00	163.83	0.0061038	1151.3	1606.1	6.3513	0.88606	1.1636	831.81	-0.055624	6.8946e-05	0.10528	supercritical
1518.4	745.00	163.74	0.0061074	1152.2	1607.2	6.3520	0.88613	1.1636	832.00	-0.055639	6.8971e-05	0.10533	supercritical
1519.4	745.00	163.64	0.0061110	1153.1	1608.4	6.3528	0.88621	1.1637	832.20	-0.055654	6.8996e-05	0.10537	supercritical
1520.4	745.00	163.54	0.0061146	1154.0	1609.6	6.3536	0.88629	1.1637	832.40	-0.055669	6.9021e-05	0.10542	supercritical
1521.4	745.00	163.45	0.0061182	1154.9	1610.7	6.3543	0.88636	1.1638	832.59	-0.055684	6.9046e-05	0.10547	supercritical
1522.4	745.00	163.35	0.0061218	1155.8	1611.9	6.3551	0.88644	1.1638	832.79	-0.055699	6.9071e-05	0.10551	supercritical
1523.4	745.00	163.25	0.0061254	1156.7	1613.1	6.3559	0.88652	1.1639	832.98	-0.055714	6.9096e-05	0.10556	supercritical
1524.4	745.00	163.16	0.0061290	1157.6	1614.2	6.3566	0.88660	1.1639	833.18	-0.055729	6.9120e-05	0.10561	supercritical
1525.4	745.00	163.06	0.0061326	1158.5	1615.4	6.3574	0.88667	1.1640	833.38	-0.055745	6.9145e-05	0.10565	supercritical
1526.4	745.00	162.97	0.0061362	1159.4	1616.5	6.3582	0.88675	1.1641	833.57	-0.055760	6.9170e-05	0.10570	supercritical
1527.4	745.00	162.87	0.0061398	1160.3	1617.7	6.3589	0.88683	1.1641	833.77	-0.055775	6.9195e-05	0.10575	supercritical
1528.4	745.00	162.78	0.0061434	1161.2	1618.9	6.3597	0.88690	1.1642	833.97	-0.055789	6.9220e-05	0.10580	supercritical
1529.4	745.00	162.68	0.0061470	1162.1	1620.0	6.3604	0.88698	1.1642	834.16	-0.055804	6.9245e-05	0.10584	supercritical
1530.4	745.00	162.59	0.0061506	1163.0	1621.2	6.3612	0.88706	1.1643	834.36	-0.055819	6.9270e-05	0.10589	supercritical
1531.4	745.00	162.49	0.0061542	1163.9	1622.4	6.3620	0.88713	1.1643	834.55	-0.055834	6.9295e-05	0.10594	supercritical
1532.4	745.00	162.40	0.0061578	1164.8	1623.5	6.3627	0.88721	1.1644	834.75	-0.055849	6.9320e-05	0.10598	supercritical
1533.4	745.00	162.30	0.0061613	1165.7	1624.7	6.3635	0.88729	1.1644	834.95	-0.055864	6.9345e-05	0.10603	supercritical
1534.4	745.00	162.21	0.0061649	1166.6	1625.9	6.3642	0.88737	1.1645	835.14	-0.055879	6.9370e-05	0.10608	supercritical
1535.4	745.00	162.11	0.0061685	1167.5	1627.0	6.3650	0.88744	1.1645	835.34	-0.055894	6.9394e-05	0.10612	supercritical
1536.4	745.00	162.02	0.0061721	1168.4	1628.2	6.3658	0.88752	1.1646	835.53	-0.055909	6.9419e-05	0.10617	supercritical
1537.4	745.00	161.92	0.0061757	1169.3	1629.4	6.3665	0.88760	1.1647	835.73	-0.055923	6.9444e-05	0.10622	supercritical
1538.4	745.00	161.83	0.0061793	1170.2	1630.5	6.3673	0.88767	1.1647	835.92	-0.055938	6.9469e-05	0.10626	supercritical
1539.4	745.00	161.74	0.0061829	1171.1	1631.7	6.3680	0.88775	1.1648	836.12	-0.055953	6.9494e-05	0.10631	supercritical
1540.4	745.00	161.64	0.0061865	1172.0	1632.9	6.3688	0.88783	1.1648	836.31	-0.055968	6.9519e-05	0.10636	supercritical
1541.4	745.00	161.55	0.0061901	1172.9	1634.0	6.3696	0.88790	1.1649	836.51	-0.055982	6.9544e-05	0.10640	supercritical
1542.4	745.00	161.45	0.0061937	1173.8	1635.2	6.3703	0.88798	1.1649	836.71	-0.055997	6.9569e-05	0.10645	supercritical
1543.4	745.00	161.36	0.0061973	1174.6	1636.3	6.3711	0.88805	1.1650	836.90	-0.056012	6.9593e-05	0.10650	supercritical
1544.4	745.00	161.27	0.0062009	1175.5	1637.5	6.3718	0.88813	1.1650	837.10	-0.056026	6.9618e-05	0.10654	supercritical
1545.4	745.00	161.17	0.0062045	1176.4	1638.7	6.3726	0.88821	1.1651	837.29	-0.056041	6.9643e-05	0.10659	supercritical
1546.4	745.00	161.08	0.0062081	1177.3	1639.8	6.3733	0.88828	1.1651	837.49	-0.056056	6.9668e-05	0.10664	supercritical
1547.4	745.00	160.99	0.0062116	1178.2	1641.0	6.3741	0.88836	1.1652	837.68	-0.056070	6.9693e-05	0.10668	supercritical
1548.4	745.00	160.89	0.0062152	1179.1	1642.2	6.3748	0.88844	1.1653	837.88	-0.056085	6.9718e-05	0.10673	supercritical
1549.4	745.00	160.80	0.0062188	1180.0	1643.3	6.3756	0.88851	1.1653	838.07	-0.056099	6.9743e-05	0.10678	supercritical
1550.4	745.00	160.71	0.0062224	1180.9	1644.5	6.3763	0.88859	1.1654	838.27	-0.056114	6.9768e-05	0.10683	supercritical
1551.4	745.00	160.62	0.0062260	1181.8	1645.7	6.3771	0.88867	1.1654	838.46	-0.056128	6.9792e-05	0.10687	supercritical
1552.4	745.00	160.52	0.0062296	1182.7	1646.8	6.3778	0.88874	1.1655	838.66	-0.056143	6.9817e-05	0.10692	supercritical
1553.4	745.00	160.43	0.0062332	1183.6	1648.0	6.3786	0.88882	1.1655	838.85	-0.056157	6.9842e-05	0.10697	supercritical
1554.4	745.00	160.34	0.0062368	1184.5	1649.2	6.3793	0.88889	1.1656	839.05	-0.056172	6.9867e-05	0.10701	supercritical
1555.4	745.00	160.25	0.0062404	1185.4	1650.3	6.3801	0.88897	1.1656	839.24	-0.056186	6.9892e-05	0.10706	supercritical
1556.4	745.00	160.15	0.0062440	1186.3	1651.5	6.3808	0.88905	1.1657	839.44	-0.056200	6.9917e-05	0.10711	supercritical
1557.4	745.00	160.06	0.0062476	1187.2	1652.7	6.3816	0.88912	1.1657	839.63	-0.056215	6.9941e-05	0.10715	supercritical
1558.4	745.00	159.97	0.0062512	1188.1	1653.8	6.3823	0.88920	1.1658	839.82	-0.056229	6.9966e-05	0.10720	supercritical
1559.4	745.00	159.88	0.0062547	1189.0	1655.0	6.3831	0.88927	1.1659	840.02	-0.056244	6.9991e-05	0.10725	supercritical
1560.4	745.00	159.79	0.0062583	1189.9	1656.2	6.3838	0.88935	1.1659	840.21	-0.056258	7.0016e-05	0.10729	supercritical
1561.4	745.00	159.70	0.0062619	1190.8	1657.3	6.3846	0.88943	1.1660	840.41	-0.056272	7.0041e-05	0.10734	supercritical
1562.4	745.00	159.60	0.0062655	1191.7	1658.5	6.3853	0.88950	1.1660	840.60	-0.056286	7.0066e-05	0.10739	supercritical
1563.4	745.00	159.51	0.0062691	1192.6	1659.7	6.3861	0.88958	1.1661	840.80	-0.056301	7.0090e-05	0.10743	supercritical
1564.4	745.00	159.42	0.0062727	1193.5	1660.8	6.3868	0.88965	1.1661	840.99	-0.056315	7.0115e-05	0.10748	supercritical
1565.4	745.00	159.33	0.0062763	1194.4	1662.0	6.3876	0.88973	1.1662	841.19	-0.056329	7.0140e-05	0.10753	supercritical
1566.4	745.00	159.24	0.0062799	1195.3	1663.2	6.3883	0.88981	1.1662	841.38	-0.056343	7.0165e-05	0.10757	supercritical
1567.4	745.00	159.15	0.0062835	1196.2	1664.3	6.3890	0.88988	1.1663	841.57	-0.056358	7.0190e-05	0.10762	supercritical
1568.4	745.00	159.06	0.0062871	1197.1	1665.5	6.3898	0.88996	1.1664	841.77	-0.056372	7.0214e-05	0.10767	supercritical
1569.4	745.00	158.97	0.0062906	1198.0	1666.7	6.3905	0.89003	1.1664	841.96	-0.056386	7.0239e-05	0.10771	supercritical
1570.4	745.00	158.88	0.0062942	1198.9	1667.8	6.3913	0.89011	1.1665	842.16	-0.056400	7.0264e-05	0.10776	supercritical
1571.4	745.00	158.79	0.0062978	1199.8	1669.0	6.3920	0.89018	1.1665	842.35	-0.056414	7.0289e-05	0.10781	supercritical
1572.4	745.00	158.69	0.0063014	1200.7	1670.2	6.3928	0.89026	1.1666	842.54	-0.056428	7.0314e-05	0.10785	supercritical
1573.4	745.00	158.60	0.0063050	1201.6	1671.3	6.3935	0.89034	1.1666	842.74	-0.056442	7.0338e-05	0.10790	supercritical
1574.4	745.00	158.51	0.0063086	1202.5	1672.5	6.3942	0.89041	1.1667	842.93	-0.056456	7.0363e-05	0.10795	supercritical
1575.4	745.00	158.42	0.0063122	1203.4	1673.7	6.3950	0.89049	1.1667	843.12	-0.056470	7.0388e-05	0.10800	supercritical
1576.4	745.00	158.33	0.0063158	1204.3	1674.8	6.3957	0.89056	1.1668	843.32	-0.056484	7.0413e-05	0.10804	supercritical
1577.4	745.00	158.24	0.0063194	1205.2	1676.0	6.3965	0.89064	1.1668	843.51	-0.056498	7.0438e-05	0.10809	supercritical
1578.4	745.00	158.15	0.0063229	1206.1	1677.2	6.3972	0.89071	1.1669	843.71	-0.056512	7.0462e-05	0.10814	supercritical
1579.4	745.00	158.06	0.0063265	1207.0	1678.3	6.3979	0.89079	1.1670	843.90	-0.056526	7.0487e-05	0.10818	supercritical
1580.4	745.00	157.97	0.0063301	1207.9	1679.5	6.3987	0.89086	1.1670	844.09	-0.056540	7.0512e-05	0.10823	supercritical
1581.4	745.00	157.89	0.0063337	1208.8	1680.7	6.3994	0.89094	1.1671	844.29	-0.056554	7.0537e-05	0.10828	supercritical
1582.4	745.00	157.80	0.0063373	1209.7	1681.8	6.4002	0.89102	1.1671	844.48	-0.056568	7.0561e-05	0.10832	supercritical
1583.4	745.00	157.71	0.0063409	1210.6	1683.0	6.4009	0.89109	1.1672	844.67	-0.056582	7.0586e-05	0.10837	supercritical
1584.4	745.00	157.62	0.0063445	1211.5	1684.2	6.4016	0.89117	1.1672	844.87	-0.056596	7.0611e-05	0.10842	supercritical
1585.4	745.00	157.53	0.0063481	1212.4	1685.3	6.4024	0.89124	1.1673	845.06	-0.056609	7.0636e-05	0.10846	supercritical
1586.4	745.00	157.44	0.0063516	1213.3	1686.5	6.4031	0.89132	1.1673	845.25	-0.056623	7.0660e-05	0.10851	supercritical
1587.4	745.00	157.35	0.0063552	1214.2	1687.7	6.4038	0.89139	1.1674	845.45	-0.056637	7.0685e-05	0.10856	supercritical
1588.4	745.00	157.26	0.0063588	1215.1	1688.8	6.4046	0.89147	1.1675	845.64	-0.056651	7.0710e-05	0.10860	supercritical
1589.4	745.00	157.17	0.0063624	1216.0	1690.0	6.4053	0.89154	1.1675	845.83	-0.056665	7.0735e-05	0.10865	supercritical
1590.4	745.00	157.08	0.0063660	1216.9	1691.2	6.4060	0.89162	1.1676	846.02	-0.056678	7.0759e-05	0.10870	supercritical
1591.4	745.00	157.00	0.0063696	1217.8	1692.3	6.4068	0.89169	1.1676	846.22	-0.056692	7.0784e-05	0.10874	supercritical
1592.4	745.00	156.91	0.0063732	1218.7	1693.5	6.4075	0.89177	1.1677	846.41	-0.056706	7.0809e-05	0.10879	supercritical
1593.4	745.00	156.82	0.0063768	1219.6	1694.7	6.4082	0.89184	1.1677	846.60	-0.056719	7.0834e-05	0.10884	supercritical
1594.4	745.00	156.73	0.0063803	1220.5	1695.8	6.4090	0.89192	1.1678	846.80	-0.056733	7.0858e-05	0.10888	supercritical
1595.4	745.00	156.64	0.0063839	1221.4	1697.0	6.4097	0.89199	1.1678	846.99	-0.056747	7.0883e-05	0.10893	supercritical
1596.4	745.00	156.56	0.0063875	1222.3	1698.2	6.4104	0.89207	1.1679	847.18	-0.056760	7.0908e-05	0.10898	supercritical
1597.4	745.00	156.47	0.0063911	1223.2	1699.3	6.4112	0.89214	1.1680	847.37	-0.056774	7.0933e-05	0.10902	supercritical
1598.4	745.00	156.38	0.0063947	1224.1	1700.5	6.4119	0.89222	1.1680	847.57	-0.056787	7.0957e-05	0.10907	supercritical
1599.4	745.00	156.29	0.0063983	1225.0	1701.7	6.4126	0.89229	1.1681	847.76	-0.056801	7.0982e-05	0.10912	supercritical
1600.4	745.00	156.20	0.0064019	1225.9	1702.8	6.4134	0.89237	1.1681	847.95	-0.056815	7.1007e-05	0.10916	supercritical
1601.4	745.00	156.12	0.0064054	1226.8	1704.0	6.4141	0.89244	1.1682	848.14	-0.056828	7.1031e-05	0.10921	supercritical
1602.4	745.00	156.03	0.0064090	1227.7	1705.2	6.4148	0.89252	1.1682	848.34	-0.056842	7.1056e-05	0.10926	supercritical
1603.4	745.00	155.94	0.0064126	1228.6	1706.3	6.4156	0.89259	1.1683	848.53	-0.056855	7.1081e-05	0.10931	supercritical
1604.4	745.00	155.86	0.0064162	1229.5	1707.5	6.4163	0.89267	1.1683	848.72	-0.056869	7.1106e-05	0.10935	supercritical
1605.4	745.00	155.77	0.0064198	1230.4	1708.7	6.4170	0.89274	1.1684	848.91	-0.056882	7.1130e-05	0.10940	supercritical
1606.4	745.00	155.68	0.0064234	1231.3	1709.8	6.4177	0.89282	1.1685	849.11	-0.056895	7.1155e-05	0.10945	supercritical
1607.4	745.00	155.59	0.0064270	1232.2	1711.0	6.4185	0.89289	1.1685	849.30	-0.056909	7.1180e-05	0.10949	supercritical
1608.4	745.00	155.51	0.0064305	1233.1	1712.2	6.4192	0.89297	1.1686	849.49	-0.056922	7.1204e-05	0.10954	supercritical
1609.4	745.00	155.42	0.0064341	1234.0	1713.4	6.4199	0.89304	1.1686	849.68	-0.056936	7.1229e-05	0.10959	supercritical
1610.4	745.00	155.33	0.0064377	1234.9	1714.5	6.4206	0.89312	1.1687	849.87	-0.056949	7.1254e-05	0.10963	supercritical
1611.4	745.00	155.25	0.0064413	1235.8	1715.7	6.4214	0.89319	1.1687	850.07	-0.056962	7.1279e-05	0.10968	supercritical
1612.4	745.00	155.16	0.0064449	1236.7	1716.9	6.4221	0.89327	1.1688	850.26	-0.056976	7.1303e-05	0.10973	supercritical
1613.4	745.00	155.08	0.0064485	1237.6	1718.0	6.4228	0.89334	1.1688	850.45	-0.056989	7.1328e-05	0.10977	supercritical
1614.4	745.00	154.99	0.0064520	1238.5	1719.2	6.4235	0.89342	1.1689	850.64	-0.057002	7.1353e-05	0.10982	supercritical
1615.4	745.00	154.90	0.0064556	1239.4	1720.4	6.4243	0.89349	1.1690	850.83	-0.057015	7.1377e-05	0.10987	supercritical
1616.4	745.00	154.82	0.0064592	1240.3	1721.5	6.4250	0.89357	1.1690	851.02	-0.057029	7.1402e-05	0.10991	supercritical
1617.4	745.00	154.73	0.0064628	1241.2	1722.7	6.4257	0.89364	1.1691	851.22	-0.057042	7.1427e-05	0.10996	supercritical
1618.4	745.00	154.65	0.0064664	1242.1	1723.9	6.4264	0.89371	1.1691	851.41	-0.057055	7.1451e-05	0.11001	supercritical
1619.4	745.00	154.56	0.0064700	1243.0	1725.0	6.4272	0.89379	1.1692	851.60	-0.057068	7.1476e-05	0.11005	supercritical
1620.4	745.00	154.47	0.0064735	1243.9	1726.2	6.4279	0.89386	1.1692	851.79	-0.057081	7.1501e-05	0.11010	supercritical
1621.4	745.00	154.39	0.0064771	1244.8	1727.4	6.4286	0.89394	1.1693	851.98	-0.057095	7.1525e-05	0.11015	supercritical
1622.4	745.00	154.30	0.0064807	1245.7	1728.6	6.4293	0.89401	1.1693	852.17	-0.057108	7.1550e-05	0.11019	supercritical
1623.4	745.00	154.22	0.0064843	1246.6	1729.7	6.4300	0.89409	1.1694	852.37	-0.057121	7.1575e-05	0.11024	supercritical
1624.4	745.00	154.13	0.0064879	1247.5	1730.9	6.4308	0.89416	1.1695	852.56	-0.057134	7.1599e-05	0.11029	supercritical
1625.4	745.00	154.05	0.0064915	1248.4	1732.1	6.4315	0.89424	1.1695	852.75	-0.057147	7.1624e-05	0.11033	supercritical
1626.4	745.00	153.96	0.0064950	1249.3	1733.2	6.4322	0.89431	1.1696	852.94	-0.057160	7.1649e-05	0.11038	supercritical
1627.4	745.00	153.88	0.0064986	1250.3	1734.4	6.4329	0.89438	1.1696	853.13	-0.057173	7.1673e-05	0.11043	supercritical
1628.4	745.00	153.79	0.0065022	1251.2	1735.6	6.4336	0.89446	1.1697	853.32	-0.057186	7.1698e-05	0.11047	supercritical
1629.4	745.00	153.71	0.0065058	1252.1	1736.7	6.4344	0.89453	1.1697	853.51	-0.057199	7.1723e-05	0.11052	supercritical
1630.4	745.00	153.62	0.0065094	1253.0	1737.9	6.4351	0.89461	1.1698	853.70	-0.057212	7.1747e-05	0.11057	supercritical
1631.4	745.00	153.54	0.0065130	1253.9	1739.1	6.4358	0.89468	1.1698	853.89	-0.057225	7.1772e-05	0.11061	supercritical
1632.4	745.00	153.46	0.0065165	1254.8	1740.2	6.4365	0.89476	1.1699	854.09	-0.057238	7.1796e-05	0.11066	supercritical
1633.4	745.00	153.37	0.0065201	1255.7	1741.4	6.4372	0.89483	1.1700	854.28	-0.057251	7.1821e-05	0.11071	supercritical
1634.4	745.00	153.29	0.0065237	1256.6	1742.6	6.4379	0.89490	1.1700	854.47	-0.057264	7.1846e-05	0.11075	supercritical
1635.4	745.00	153.20	0.0065273	1257.5	1743.8	6.4387	0.89498	1.1701	854.66	-0.057277	7.1870e-05	0.11080	supercritical
1636.4	745.00	153.12	0.0065309	1258.4	1744.9	6.4394	0.89505	1.1701	854.85	-0.057290	7.1895e-05	0.11085	supercritical
1637.4	745.00	153.04	0.0065344	1259.3	1746.1	6.4401	0.89513	1.1702	855.04	-0.057302	7.1920e-05	0.11090	supercritical
1638.4	745.00	152.95	0.0065380	1260.2	1747.3	6.4408	0.89520	1.1702	855.23	-0.057315	7.1944e-05	0.11094	supercritical
1639.4	745.00	152.87	0.0065416	1261.1	1748.4	6.4415	0.89528	1.1703	855.42	-0.057328	7.1969e-05	0.11099	supercritical
1640.4	745.00	152.78	0.0065452	1262.0	1749.6	6.4422	0.89535	1.1703	855.61	-0.057341	7.1993e-05	0.11104	supercritical
1641.4	745.00	152.70	0.0065488	1262.9	1750.8	6.4429	0.89542	1.1704	855.80	-0.057354	7.2018e-05	0.11108	supercritical
1642.4	745.00	152.62	0.0065523	1263.8	1751.9	6.4437	0.89550	1.1705	855.99	-0.057366	7.2043e-05	0.11113	supercritical
1643.4	745.00	152.53	0.0065559	1264.7	1753.1	6.4444	0.89557	1.1705	856.18	-0.057379	7.2067e-05	0.11118	supercritical
1644.4	745.00	152.45	0.0065595	1265.6	1754.3	6.4451	0.89565	1.1706	856.37	-0.057392	7.2092e-05	0.11122	supercritical
1645.4	745.00	152.37	0.0065631	1266.5	1755.5	6.4458	0.89572	1.1706	856.56	-0.057405	7.2117e-05	0.11127	supercritical
1646.4	745.00	152.28	0.0065667	1267.4	1756.6	6.4465	0.89579	1.1707	856.75	-0.057417	7.2141e-05	0.11132	supercritical
1647.4	745.00	152.20	0.0065702	1268.3	1757.8	6.4472	0.89587	1.1707	856.94	-0.057430	7.2166e-05	0.11136	supercritical
1648.4	745.00	152.12	0.0065738	1269.2	1759.0	6.4479	0.89594	1.1708	857.13	-0.057443	7.2190e-05	0.11141	supercritical
1649.4	745.00	152.04	0.0065774	1270.1	1760.1	6.4486	0.89602	1.1709	857.32	-0.057455	7.2215e-05	0.11146	supercritical
1650.4	745.00	151.95	0.0065810	1271.0	1761.3	6.4493	0.89609	1.1709	857.51	-0.057468	7.2240e-05	0.11150	supercritical
1651.4	745.00	151.87	0.0065846	1271.9	1762.5	6.4501	0.89616	1.1710	857.70	-0.057480	7.2264e-05	0.11155	supercritical
1652.4	745.00	151.79	0.0065881	1272.8	1763.7	6.4508	0.89624	1.1710	857.89	-0.057493	7.2289e-05	0.11160	supercritical
1653.4	745.00	151.71	0.0065917	1273.7	1764.8	6.4515	0.89631	1.1711	858.08	-0.057506	7.2313e-05	0.11164	supercritical
1654.4	745.00	151.62	0.0065953	1274.6	1766.0	6.4522	0.89638	1.1711	858.27	-0.057518	7.2338e-05	0.11169	supercritical
1655.4	745.00	151.54	0.0065989	1275.6	1767.2	6.4529	0.89646	1.1712	858.46	-0.057531	7.2362e-05	0.11174	supercritical
1656.4	745.00	151.46	0.0066025	1276.5	1768.3	6.4536	0.89653	1.1712	858.65	-0.057543	7.2387e-05	0.11178	supercritical
1657.4	745.00	151.38	0.0066060	1277.4	1769.5	6.4543	0.89661	1.1713	858.84	-0.057556	7.2412e-05	0.11183	supercritical
1658.4	745.00	151.29	0.0066096	1278.3	1770.7	6.4550	0.89668	1.1714	859.03	-0.057568	7.2436e-05	0.11188	supercritical
1659.4	745.00	151.21	0.0066132	1279.2	1771.9	6.4557	0.89675	1.1714	859.22	-0.057581	7.2461e-05	0.11192	supercritical
1660.4	745.00	151.13	0.0066168	1280.1	1773.0	6.4564	0.89683	1.1715	859.41	-0.057593	7.2485e-05	0.11197	supercritical
1661.4	745.00	151.05	0.0066204	1281.0	1774.2	6.4571	0.89690	1.1715	859.60	-0.057606	7.2510e-05	0.11202	supercritical
1662.4	745.00	150.97	0.0066239	1281.9	1775.4	6.4578	0.89697	1.1716	859.79	-0.057618	7.2534e-05	0.11206	supercritical
1663.4	745.00	150.89	0.0066275	1282.8	1776.5	6.4585	0.89705	1.1716	859.98	-0.057630	7.2559e-05	0.11211	supercritical
1664.4	745.00	150.80	0.0066311	1283.7	1777.7	6.4592	0.89712	1.1717	860.17	-0.057643	7.2584e-05	0.11216	supercritical
1665.4	745.00	150.72	0.0066347	1284.6	1778.9	6.4599	0.89720	1.1717	860.36	-0.057655	7.2608e-05	0.11220	supercritical
1666.4	745.00	150.64	0.0066383	1285.5	1780.1	6.4606	0.89727	1.1718	860.55	-0.057667	7.2633e-05	0.11225	supercritical
1667.4	745.00	150.56	0.0066418	1286.4	1781.2	6.4614	0.89734	1.1719	860.74	-0.057680	7.2657e-05	0.11230	supercritical
1668.4	745.00	150.48	0.0066454	1287.3	1782.4	6.4621	0.89742	1.1719	860.93	-0.057692	7.2682e-05	0.11234	supercritical
1669.4	745.00	150.40	0.0066490	1288.2	1783.6	6.4628	0.89749	1.1720	861.12	-0.057704	7.2706e-05	0.11239	supercritical
1670.4	745.00	150.32	0.0066526	1289.1	1784.7	6.4635	0.89756	1.1720	861.30	-0.057717	7.2731e-05	0.11244	supercritical
1671.4	745.00	150.24	0.0066561	1290.0	1785.9	6.4642	0.89764	1.1721	861.49	-0.057729	7.2755e-05	0.11248	supercritical
1672.4	745.00	150.16	0.0066597	1290.9	1787.1	6.4649	0.89771	1.1721	861.68	-0.057741	7.2780e-05	0.11253	supercritical
1673.4	745.00	150.08	0.0066633	1291.8	1788.3	6.4656	0.89778	1.1722	861.87	-0.057753	7.2805e-05	0.11258	supercritical
1674.4	745.00	150.00	0.0066669	1292.7	1789.4	6.4663	0.89786	1.1723	862.06	-0.057766	7.2829e-05	0.11262	supercritical
1675.4	745.00	149.91	0.0066705	1293.7	1790.6	6.4670	0.89793	1.1723	862.25	-0.057778	7.2854e-05	0.11267	supercritical
1676.4	745.00	149.83	0.0066740	1294.6	1791.8	6.4677	0.89800	1.1724	862.44	-0.057790	7.2878e-05	0.11272	supercritical
1677.4	745.00	149.75	0.0066776	1295.5	1792.9	6.4684	0.89808	1.1724	862.63	-0.057802	7.2903e-05	0.11276	supercritical
1678.4	745.00	149.67	0.0066812	1296.4	1794.1	6.4691	0.89815	1.1725	862.82	-0.057814	7.2927e-05	0.11281	supercritical
1679.4	745.00	149.59	0.0066848	1297.3	1795.3	6.4698	0.89822	1.1725	863.00	-0.057826	7.2952e-05	0.11286	supercritical
1680.4	745.00	149.51	0.0066883	1298.2	1796.5	6.4705	0.89830	1.1726	863.19	-0.057838	7.2976e-05	0.11290	supercritical
1681.4	745.00	149.43	0.0066919	1299.1	1797.6	6.4712	0.89837	1.1726	863.38	-0.057851	7.3001e-05	0.11295	supercritical
1682.4	745.00	149.35	0.0066955	1300.0	1798.8	6.4719	0.89844	1.1727	863.57	-0.057863	7.3025e-05	0.11300	supercritical
1683.4	745.00	149.27	0.0066991	1300.9	1800.0	6.4725	0.89852	1.1728	863.76	-0.057875	7.3050e-05	0.11304	supercritical
1684.4	745.00	149.19	0.0067026	1301.8	1801.2	6.4732	0.89859	1.1728	863.95	-0.057887	7.3074e-05	0.11309	supercritical
1685.4	745.00	149.12	0.0067062	1302.7	1802.3	6.4739	0.89866	1.1729	864.14	-0.057899	7.3099e-05	0.11314	supercritical
1686.4	745.00	149.04	0.0067098	1303.6	1803.5	6.4746	0.89874	1.1729	864.32	-0.057911	7.3123e-05	0.11318	supercritical
1687.4	745.00	148.96	0.0067134	1304.5	1804.7	6.4753	0.89881	1.1730	864.51	-0.057923	7.3148e-05	0.11323	supercritical
1688.4	745.00	148.88	0.0067169	1305.4	1805.8	6.4760	0.89888	1.1730	864.70	-0.057935	7.3172e-05	0.11328	supercritical
1689.4	745.00	148.80	0.0067205	1306.3	1807.0	6.4767	0.89896	1.1731	864.89	-0.057947	7.3197e-05	0.11332	supercritical
1690.4	745.00	148.72	0.0067241	1307.2	1808.2	6.4774	0.89903	1.1732	865.08	-0.057959	7.3221e-05	0.11337	supercritical
1691.4	745.00	148.64	0.0067277	1308.2	1809.4	6.4781	0.89910	1.1732	865.27	-0.057971	7.3246e-05	0.11342	supercritical
1692.4	745.00	148.56	0.0067312	1309.1	1810.5	6.4788	0.89918	1.1733	865.45	-0.057982	7.3270e-05	0.11346	supercritical
1693.4	745.00	148.48	0.0067348	1310.0	1811.7	6.4795	0.89925	1.1733	865.64	-0.057994	7.3295e-05	0.11351	supercritical
1694.4	745.00	148.40	0.0067384	1310.9	1812.9	6.4802	0.89932	1.1734	865.83	-0.058006	7.3319e-05	0.11356	supercritical
1695.4	745.00	148.32	0.0067420	1311.8	1814.1	6.4809	0.89940	1.1734	866.02	-0.058018	7.3344e-05	0.11360	supercritical
1696.4	745.00	148.25	0.0067456	1312.7	1815.2	6.4816	0.89947	1.1735	866.21	-0.058030	7.3368e-05	0.11365	supercritical
1697.4	745.00	148.17	0.0067491	1313.6	1816.4	6.4823	0.89954	1.1736	866.39	-0.058042	7.3393e-05	0.11370	supercritical
1698.4	745.00	148.09	0.0067527	1314.5	1817.6	6.4830	0.89962	1.1736	866.58	-0.058053	7.3417e-05	0.11374	supercritical
1699.4	745.00	148.01	0.0067563	1315.4	1818.8	6.4836	0.89969	1.1737	866.77	-0.058065	7.3442e-05	0.11379	supercritical
1700.4	745.00	147.93	0.0067598	1316.3	1819.9	6.4843	0.89976	1.1737	866.96	-0.058077	7.3466e-05	0.11384	supercritical
1701.4	745.00	147.85	0.0067634	1317.2	1821.1	6.4850	0.89984	1.1738	867.14	-0.058089	7.3491e-05	0.11388	supercritical
1702.4	745.00	147.78	0.0067670	1318.1	1822.3	6.4857	0.89991	1.1738	867.33	-0.058101	7.3515e-05	0.11393	supercritical
1703.4	745.00	147.70	0.0067706	1319.0	1823.5	6.4864	0.89998	1.1739	867.52	-0.058112	7.3539e-05	0.11398	supercritical
1704.4	745.00	147.62	0.0067741	1320.0	1824.6	6.4871	0.90005	1.1740	867.71	-0.058124	7.3564e-05	0.11402	supercritical
1705.4	745.00	147.54	0.0067777	1320.9	1825.8	6.4878	0.90013	1.1740	867.89	-0.058136	7.3588e-05	0.11407	supercritical
1706.4	745.00	147.46	0.0067813	1321.8	1827.0	6.4885	0.90020	1.1741	868.08	-0.058147	7.3613e-05	0.11412	supercritical
1707.4	745.00	147.39	0.0067849	1322.7	1828.1	6.4892	0.90027	1.1741	868.27	-0.058159	7.3637e-05	0.11416	supercritical
1708.4	745.00	147.31	0.0067884	1323.6	1829.3	6.4898	0.90035	1.1742	868.46	-0.058171	7.3662e-05	0.11421	supercritical
1709.4	745.00	147.23	0.0067920	1324.5	1830.5	6.4905	0.90042	1.1742	868.64	-0.058182	7.3686e-05	0.11426	supercritical
1710.4	745.00	147.15	0.0067956	1325.4	1831.7	6.4912	0.90049	1.1743	868.83	-0.058194	7.3711e-05	0.11430	supercritical
1711.4	745.00	147.08	0.0067992	1326.3	1832.8	6.4919	0.90056	1.1743	869.02	-0.058205	7.3735e-05	0.11435	supercritical
1712.4	745.00	147.00	0.0068027	1327.2	1834.0	6.4926	0.90064	1.1744	869.20	-0.058217	7.3760e-05	0.11440	supercritical
1713.4	745.00	146.92	0.0068063	1328.1	1835.2	6.4933	0.90071	1.1745	869.39	-0.058229	7.3784e-05	0.11444	supercritical
1714.4	745.00	146.85	0.0068099	1329.0	1836.4	6.4940	0.90078	1.1745	869.58	-0.058240	7.3808e-05	0.11449	supercritical
1715.4	745.00	146.77	0.0068135	1329.9	1837.5	6.4946	0.90086	1.1746	869.77	-0.058252	7.3833e-05	0.11454	supercritical
1716.4	745.00	146.69	0.0068170	1330.8	1838.7	6.4953	0.90093	1.1746	869.95	-0.058263	7.3857e-05	0.11458	supercritical
1717.4	745.00	146.61	0.0068206	1331.8	1839.9	6.4960	0.90100	1.1747	870.14	-0.058275	7.3882e-05	0.11463	supercritical
1718.4	745.00	146.54	0.0068242	1332.7	1841.1	6.4967	0.90107	1.1747	870.33	-0.058286	7.3906e-05	0.11468	supercritical
1719.4	745.00	146.46	0.0068278	1333.6	1842.2	6.4974	0.90115	1.1748	870.51	-0.058298	7.3931e-05	0.11472	supercritical
1720.4	745.00	146.38	0.0068313	1334.5	1843.4	6.4981	0.90122	1.1749	870.70	-0.058309	7.3955e-05	0.11477	supercritical
1721.4	745.00	146.31	0.0068349	1335.4	1844.6	6.4988	0.90129	1.1749	870.89	-0.058320	7.3979e-05	0.11482	supercritical
1722.4	745.00	146.23	0.0068385	1336.3	1845.8	6.4994	0.90137	1.1750	871.07	-0.058332	7.4004e-05	0.11486	supercritical
1723.4	745.00	146.16	0.0068420	1337.2	1846.9	6.5001	0.90144	1.1750	871.26	-0.058343	7.4028e-05	0.11491	supercritical
1724.4	745.00	146.08	0.0068456	1338.1	1848.1	6.5008	0.90151	1.1751	871.45	-0.058355	7.4053e-05	0.11496	supercritical
1725.4	745.00	146.00	0.0068492	1339.0	1849.3	6.5015	0.90158	1.1751	871.63	-0.058366	7.4077e-05	0.11500	supercritical
1726.4	745.00	145.93	0.0068528	1339.9	1850.5	6.5022	0.90166	1.1752	871.82	-0.058377	7.4102e-05	0.11505	supercritical
1727.4	745.00	145.85	0.0068563	1340.8	1851.6	6.5028	0.90173	1.1753	872.01	-0.058389	7.4126e-05	0.11510	supercritical
1728.4	745.00	145.77	0.0068599	1341.8	1852.8	6.5035	0.90180	1.1753	872.19	-0.058400	7.4150e-05	0.11514	supercritical
1729.4	745.00	145.70	0.0068635	1342.7	1854.0	6.5042	0.90187	1.1754	872.38	-0.058411	7.4175e-05	0.11519	supercritical
1730.4	745.00	145.62	0.0068670	1343.6	1855.2	6.5049	0.90195	1.1754	872.57	-0.058423	7.4199e-05	0.11524	supercritical
1731.4	745.00	145.55	0.0068706	1344.5	1856.3	6.5056	0.90202	1.1755	872.75	-0.058434	7.4224e-05	0.11528	supercritical
1732.4	745.00	145.47	0.0068742	1345.4	1857.5	6.5062	0.90209	1.1755	872.94	-0.058445	7.4248e-05	0.11533	supercritical
1733.4	745.00	145.40	0.0068778	1346.3	1858.7	6.5069	0.90216	1.1756	873.12	-0.058456	7.4272e-05	0.11538	supercritical
1734.4	745.00	145.32	0.0068813	1347.2	1859.9	6.5076	0.90224	1.1757	873.31	-0.058468	7.4297e-05	0.11542	supercritical
1735.4	745.00	145.25	0.0068849	1348.1	1861.0	6.5083	0.90231	1.1757	873.50	-0.058479	7.4321e-05	0.11547	supercritical
1736.4	745.00	145.17	0.0068885	1349.0	1862.2	6.5089	0.90238	1.1758	873.68	-0.058490	7.4345e-05	0.11552	supercritical
1737.4	745.00	145.09	0.0068920	1349.9	1863.4	6.5096	0.90245	1.1758	873.87	-0.058501	7.4370e-05	0.11556	supercritical
1738.4	745.00	145.02	0.0068956	1350.8	1864.6	6.5103	0.90253	1.1759	874.05	-0.058512	7.4394e-05	0.11561	supercritical
1739.4	745.00	144.94	0.0068992	1351.8	1865.7	6.5110	0.90260	1.1759	874.24	-0.058523	7.4419e-05	0.11566	supercritical
1740.4	745.00	144.87	0.0069028	1352.7	1866.9	6.5117	0.90267	1.1760	874.43	-0.058534	7.4443e-05	0.11570	supercritical
1741.4	745.00	144.79	0.0069063	1353.6	1868.1	6.5123	0.90274	1.1761	874.61	-0.058546	7.4467e-05	0.11575	supercritical
1742.4	745.00	144.72	0.0069099	1354.5	1869.3	6.5130	0.90282	1.1761	874.80	-0.058557	7.4492e-05	0.11580	supercritical
1743.4	745.00	144.65	0.0069135	1355.4	1870.5	6.5137	0.90289	1.1762	874.98	-0.058568	7.4516e-05	0.11584	supercritical
1744.4	745.00	144.57	0.0069170	1356.3	1871.6	6.5144	0.90296	1.1762	875.17	-0.058579	7.4540e-05	0.11589	supercritical
1745.4	745.00	144.50	0.0069206	1357.2	1872.8	6.5150	0.90303	1.1763	875.35	-0.058590	7.4565e-05	0.11594	supercritical
1746.4	745.00	144.42	0.0069242	1358.1	1874.0	6.5157	0.90311	1.1763	875.54	-0.058601	7.4589e-05	0.11598	supercritical
1747.4	745.00	144.35	0.0069277	1359.0	1875.2	6.5164	0.90318	1.1764	875.73	-0.058612	7.4614e-05	0.11603	supercritical
1748.4	745.00	144.27	0.0069313	1360.0	1876.3	6.5170	0.90325	1.1765	875.91	-0.058623	7.4638e-05	0.11608	supercritical
1749.4	745.00	144.20	0.0069349	1360.9	1877.5	6.5177	0.90332	1.1765	876.10	-0.058634	7.4662e-05	0.11612	supercritical
1750.4	745.00	144.12	0.0069385	1361.8	1878.7	6.5184	0.90340	1.1766	876.28	-0.058645	7.4687e-05	0.11617	supercritical
1751.4	745.00	144.05	0.0069420	1362.7	1879.9	6.5191	0.90347	1.1766	876.47	-0.058656	7.4711e-05	0.11622	supercritical
1752.4	745.00	143.98	0.0069456	1363.6	1881.0	6.5197	0.90354	1.1767	876.65	-0.058667	7.4735e-05	0.11626	supercritical
1753.4	745.00	143.90	0.0069492	1364.5	1882.2	6.5204	0.90361	1.1767	876.84	-0.058678	7.4760e-05	0.11631	supercritical
1754.4	745.00	143.83	0.0069527	1365.4	1883.4	6.5211	0.90369	1.1768	877.02	-0.058689	7.4784e-05	0.11636	supercritical
1755.4	745.00	143.75	0.0069563	1366.3	1884.6	6.5218	0.90376	1.1769	877.21	-0.058700	7.4808e-05	0.11640	supercritical
1756.4	745.00	143.68	0.0069599	1367.2	1885.7	6.5224	0.90383	1.1769	877.39	-0.058710	7.4833e-05	0.11645	supercritical
1757.4	745.00	143.61	0.0069634	1368.1	1886.9	6.5231	0.90390	1.1770	877.58	-0.058721	7.4857e-05	0.11650	supercritical
1758.4	745.00	143.53	0.0069670	1369.1	1888.1	6.5238	0.90397	1.1770	877.76	-0.058732	7.4881e-05	0.11654	supercritical
1759.4	745.00	143.46	0.0069706	1370.0	1889.3	6.5244	0.90405	1.1771	877.95	-0.058743	7.4906e-05	0.11659	supercritical
1760.4	745.00	143.39	0.0069742	1370.9	1890.5	6.5251	0.90412	1.1771	878.13	-0.058754	7.4930e-05	0.11664	supercritical
1761.4	745.00	143.31	0.0069777	1371.8	1891.6	6.5258	0.90419	1.1772	878.32	-0.058765	7.4954e-05	0.11668	supercritical
1762.4	745.00	143.24	0.0069813	1372.7	1892.8	6.5264	0.90426	1.1773	878.50	-0.058775	7.4979e-05	0.11673	supercritical
1763.4	745.00	143.17	0.0069849	1373.6	1894.0	6.5271	0.90434	1.1773	878.69	-0.058786	7.5003e-05	0.11678	supercritical
1764.4	745.00	143.09	0.0069884	1374.5	1895.2	6.5278	0.90441	1.1774	878.87	-0.058797	7.5027e-05	0.11682	supercritical
1765.4	745.00	143.02	0.0069920	1375.4	1896.3	6.5284	0.90448	1.1774	879.06	-0.058808	7.5052e-05	0.11687	supercritical
1766.4	745.00	142.95	0.0069956	1376.3	1897.5	6.5291	0.90455	1.1775	879.24	-0.058818	7.5076e-05	0.11692	supercritical
1767.4	745.00	142.87	0.0069991	1377.3	1898.7	6.5298	0.90462	1.1775	879.43	-0.058829	7.5100e-05	0.11696	supercritical
1768.4	745.00	142.80	0.0070027	1378.2	1899.9	6.5304	0.90470	1.1776	879.61	-0.058840	7.5125e-05	0.11701	supercritical
1769.4	745.00	142.73	0.0070063	1379.1	1901.1	6.5311	0.90477	1.1777	879.80	-0.058850	7.5149e-05	0.11706	supercritical
1770.4	745.00	142.66	0.0070098	1380.0	1902.2	6.5318	0.90484	1.1777	879.98	-0.058861	7.5173e-05	0.11710	supercritical
1771.4	745.00	142.58	0.0070134	1380.9	1903.4	6.5324	0.90491	1.1778	880.17	-0.058872	7.5198e-05	0.11715	supercritical
1772.4	745.00	142.51	0.0070170	1381.8	1904.6	6.5331	0.90498	1.1778	880.35	-0.058882	7.5222e-05	0.11720	supercritical
1773.4	745.00	142.44	0.0070205	1382.7	1905.8	6.5338	0.90506	1.1779	880.53	-0.058893	7.5246e-05	0.11724	supercritical
1774.4	745.00	142.37	0.0070241	1383.6	1906.9	6.5344	0.90513	1.1779	880.72	-0.058904	7.5270e-05	0.11729	supercritical
1775.4	745.00	142.29	0.0070277	1384.6	1908.1	6.5351	0.90520	1.1780	880.90	-0.058914	7.5295e-05	0.11734	supercritical
1776.4	745.00	142.22	0.0070312	1385.5	1909.3	6.5358	0.90527	1.1781	881.09	-0.058925	7.5319e-05	0.11738	supercritical
1777.4	745.00	142.15	0.0070348	1386.4	1910.5	6.5364	0.90535	1.1781	881.27	-0.058935	7.5343e-05	0.11743	supercritical
1778.4	745.00	142.08	0.0070384	1387.3	1911.7	6.5371	0.90542	1.1782	881.46	-0.058946	7.5368e-05	0.11748	supercritical
1779.4	745.00	142.01	0.0070419	1388.2	1912.8	6.5377	0.90549	1.1782	881.64	-0.058956	7.5392e-05	0.11752	supercritical
1780.4	745.00	141.93	0.0070455	1389.1	1914.0	6.5384	0.90556	1.1783	881.82	-0.058967	7.5416e-05	0.11757	supercritical
1781.4	745.00	141.86	0.0070491	1390.0	1915.2	6.5391	0.90563	1.1784	882.01	-0.058978	7.5441e-05	0.11762	supercritical
1782.4	745.00	141.79	0.0070526	1390.9	1916.4	6.5397	0.90570	1.1784	882.19	-0.058988	7.5465e-05	0.11766	supercritical
1783.4	745.00	141.72	0.0070562	1391.9	1917.5	6.5404	0.90578	1.1785	882.38	-0.058998	7.5489e-05	0.11771	supercritical
1784.4	745.00	141.65	0.0070598	1392.8	1918.7	6.5410	0.90585	1.1785	882.56	-0.059009	7.5513e-05	0.11776	supercritical
1785.4	745.00	141.58	0.0070633	1393.7	1919.9	6.5417	0.90592	1.1786	882.74	-0.059019	7.5538e-05	0.11780	supercritical
1786.4	745.00	141.50	0.0070669	1394.6	1921.1	6.5424	0.90599	1.1786	882.93	-0.059030	7.5562e-05	0.11785	supercritical
1787.4	745.00	141.43	0.0070705	1395.5	1922.3	6.5430	0.90606	1.1787	883.11	-0.059040	7.5586e-05	0.11790	supercritical
1788.4	745.00	141.36	0.0070740	1396.4	1923.4	6.5437	0.90614	1.1788	883.29	-0.059051	7.5610e-05	0.11794	supercritical
1789.4	745.00	141.29	0.0070776	1397.3	1924.6	6.5443	0.90621	1.1788	883.48	-0.059061	7.5635e-05	0.11799	supercritical
1790.4	745.00	141.22	0.0070812	1398.2	1925.8	6.5450	0.90628	1.1789	883.66	-0.059071	7.5659e-05	0.11804	supercritical
1791.4	745.00	141.15	0.0070847	1399.2	1927.0	6.5457	0.90635	1.1789	883.84	-0.059082	7.5683e-05	0.11808	supercritical
1792.4	745.00	141.08	0.0070883	1400.1	1928.2	6.5463	0.90642	1.1790	884.03	-0.059092	7.5708e-05	0.11813	supercritical
1793.4	745.00	141.01	0.0070919	1401.0	1929.3	6.5470	0.90650	1.1790	884.21	-0.059102	7.5732e-05	0.11818	supercritical
1794.4	745.00	140.94	0.0070954	1401.9	1930.5	6.5476	0.90657	1.1791	884.40	-0.059113	7.5756e-05	0.11822	supercritical
1795.4	745.00	140.86	0.0070990	1402.8	1931.7	6.5483	0.90664	1.1792	884.58	-0.059123	7.5780e-05	0.11827	supercritical
1796.4	745.00	140.79	0.0071026	1403.7	1932.9	6.5489	0.90671	1.1792	884.76	-0.059133	7.5805e-05	0.11831	supercritical
1797.4	745.00	140.72	0.0071061	1404.6	1934.0	6.5496	0.90678	1.1793	884.95	-0.059144	7.5829e-05	0.11836	supercritical
1798.4	745.00	140.65	0.0071097	1405.6	1935.2	6.5503	0.90685	1.1793	885.13	-0.059154	7.5853e-05	0.11841	supercritical
1799.4	745.00	140.58	0.0071133	1406.5	1936.4	6.5509	0.90693	1.1794	885.31	-0.059164	7.5877e-05	0.11845	supercritical
1800.4	745.00	140.51	0.0071168	1407.4	1937.6	6.5516	0.90700	1.1794	885.50	-0.059174	7.5902e-05	0.11850	supercritical
1801.4	745.00	140.44	0.0071204	1408.3	1938.8	6.5522	0.90707	1.1795	885.68	-0.059185	7.5926e-05	0.11855	supercritical
1802.4	745.00	140.37	0.0071240	1409.2	1939.9	6.5529	0.90714	1.1796	885.86	-0.059195	7.5950e-05	0.11859	supercritical
1803.4	745.00	140.30	0.0071275	1410.1	1941.1	6.5535	0.90721	1.1796	886.04	-0.059205	7.5974e-05	0.11864	supercritical
1804.4	745.00	140.23	0.0071311	1411.0	1942.3	6.5542	0.90728	1.1797	886.23	-0.059215	7.5998e-05	0.11869	supercritical
1805.4	745.00	140.16	0.0071347	1412.0	1943.5	6.5548	0.90736	1.1797	886.41	-0.059225	7.6023e-05	0.11873	supercritical
1806.4	745.00	140.09	0.0071382	1412.9	1944.7	6.5555	0.90743	1.1798	886.59	-0.059235	7.6047e-05	0.11878	supercritical
1807.4	745.00	140.02	0.0071418	1413.8	1945.8	6.5562	0.90750	1.1799	886.78	-0.059246	7.6071e-05	0.11883	supercritical
1808.4	745.00	139.95	0.0071454	1414.7	1947.0	6.5568	0.90757	1.1799	886.96	-0.059256	7.6095e-05	0.11887	supercritical
1809.4	745.00	139.88	0.0071489	1415.6	1948.2	6.5575	0.90764	1.1800	887.14	-0.059266	7.6120e-05	0.11892	supercritical
1810.4	745.00	139.81	0.0071525	1416.5	1949.4	6.5581	0.90771	1.1800	887.32	-0.059276	7.6144e-05	0.11897	supercritical
1811.4	745.00	139.74	0.0071561	1417.4	1950.6	6.5588	0.90779	1.1801	887.51	-0.059286	7.6168e-05	0.11901	supercritical
1812.4	745.00	139.67	0.0071596	1418.4	1951.7	6.5594	0.90786	1.1801	887.69	-0.059296	7.6192e-05	0.11906	supercritical
1813.4	745.00	139.60	0.0071632	1419.3	1952.9	6.5601	0.90793	1.1802	887.87	-0.059306	7.6216e-05	0.11911	supercritical
1814.4	745.00	139.53	0.0071667	1420.2	1954.1	6.5607	0.90800	1.1803	888.05	-0.059316	7.6241e-05	0.11915	supercritical
1815.4	745.00	139.46	0.0071703	1421.1	1955.3	6.5614	0.90807	1.1803	888.24	-0.059326	7.6265e-05	0.11920	supercritical
1816.4	745.00	139.39	0.0071739	1422.0	1956.5	6.5620	0.90814	1.1804	888.42	-0.059336	7.6289e-05	0.11925	supercritical
1817.4	745.00	139.33	0.0071774	1422.9	1957.6	6.5627	0.90822	1.1804	888.60	-0.059346	7.6313e-05	0.11929	supercritical
1818.4	745.00	139.26	0.0071810	1423.8	1958.8	6.5633	0.90829	1.1805	888.78	-0.059356	7.6337e-05	0.11934	supercritical
1819.4	745.00	139.19	0.0071846	1424.8	1960.0	6.5640	0.90836	1.1805	888.97	-0.059366	7.6362e-05	0.11939	supercritical
1820.4	745.00	139.12	0.0071881	1425.7	1961.2	6.5646	0.90843	1.1806	889.15	-0.059376	7.6386e-05	0.11943	supercritical
1821.4	745.00	139.05	0.0071917	1426.6	1962.4	6.5653	0.90850	1.1807	889.33	-0.059386	7.6410e-05	0.11948	supercritical
1822.4	745.00	138.98	0.0071953	1427.5	1963.5	6.5659	0.90857	1.1807	889.51	-0.059396	7.6434e-05	0.11953	supercritical
1823.4	745.00	138.91	0.0071988	1428.4	1964.7	6.5666	0.90865	1.1808	889.70	-0.059406	7.6458e-05	0.11957	supercritical
1824.4	745.00	138.84	0.0072024	1429.3	1965.9	6.5672	0.90872	1.1808	889.88	-0.059416	7.6483e-05	0.11962	supercritical
1825.4	745.00	138.77	0.0072059	1430.2	1967.1	6.5678	0.90879	1.1809	890.06	-0.059425	7.6507e-05	0.11967	supercritical
1826.4	745.00	138.71	0.0072095	1431.2	1968.3	6.5685	0.90886	1.1810	890.24	-0.059435	7.6531e-05	0.11971	supercritical
1827.4	745.00	138.64	0.0072131	1432.1	1969.5	6.5691	0.90893	1.1810	890.42	-0.059445	7.6555e-05	0.11976	supercritical
1828.4	745.00	138.57	0.0072166	1433.0	1970.6	6.5698	0.90900	1.1811	890.61	-0.059455	7.6579e-05	0.11980	supercritical
1829.4	745.00	138.50	0.0072202	1433.9	1971.8	6.5704	0.90907	1.1811	890.79	-0.059465	7.6604e-05	0.11985	supercritical
1830.4	745.00	138.43	0.0072238	1434.8	1973.0	6.5711	0.90915	1.1812	890.97	-0.059475	7.6628e-05	0.11990	supercritical
1831.4	745.00	138.36	0.0072273	1435.7	1974.2	6.5717	0.90922	1.1812	891.15	-0.059484	7.6652e-05	0.11994	supercritical
1832.4	745.00	138.30	0.0072309	1436.7	1975.4	6.5724	0.90929	1.1813	891.33	-0.059494	7.6676e-05	0.11999	supercritical
1833.4	745.00	138.23	0.0072344	1437.6	1976.5	6.5730	0.90936	1.1814	891.52	-0.059504	7.6700e-05	0.12004	supercritical
1834.4	745.00	138.16	0.0072380	1438.5	1977.7	6.5737	0.90943	1.1814	891.70	-0.059514	7.6724e-05	0.12008	supercritical
1835.4	745.00	138.09	0.0072416	1439.4	1978.9	6.5743	0.90950	1.1815	891.88	-0.059523	7.6749e-05	0.12013	supercritical
1836.4	745.00	138.02	0.0072451	1440.3	1980.1	6.5749	0.90957	1.1815	892.06	-0.059533	7.6773e-05	0.12018	supercritical
1837.4	745.00	137.96	0.0072487	1441.2	1981.3	6.5756	0.90964	1.1816	892.24	-0.059543	7.6797e-05	0.12022	supercritical
1838.4	745.00	137.89	0.0072523	1442.2	1982.4	6.5762	0.90972	1.1817	892.42	-0.059553	7.6821e-05	0.12027	supercritical
1839.4	745.00	137.82	0.0072558	1443.1	1983.6	6.5769	0.90979	1.1817	892.60	-0.059562	7.6845e-05	0.12032	supercritical
1840.4	745.00	137.75	0.0072594	1444.0	1984.8	6.5775	0.90986	1.1818	892.79	-0.059572	7.6869e-05	0.12036	supercritical
1841.4	745.00	137.69	0.0072629	1444.9	1986.0	6.5782	0.90993	1.1818	892.97	-0.059582	7.6894e-05	0.12041	supercritical
1842.4	745.00	137.62	0.0072665	1445.8	1987.2	6.5788	0.91000	1.1819	893.15	-0.059591	7.6918e-05	0.12046	supercritical
1843.4	745.00	137.55	0.0072701	1446.7	1988.4	6.5794	0.91007	1.1819	893.33	-0.059601	7.6942e-05	0.12050	supercritical
1844.4	745.00	137.48	0.0072736	1447.7	1989.5	6.5801	0.91014	1.1820	893.51	-0.059611	7.6966e-05	0.12055	supercritical
1845.4	745.00	137.42	0.0072772	1448.6	1990.7	6.5807	0.91022	1.1821	893.69	-0.059620	7.6990e-05	0.12060	supercritical
1846.4	745.00	137.35	0.0072808	1449.5	1991.9	6.5814	0.91029	1.1821	893.87	-0.059630	7.7014e-05	0.12064	supercritical
1847.4	745.00	137.28	0.0072843	1450.4	1993.1	6.5820	0.91036	1.1822	894.06	-0.059639	7.7038e-05	0.12069	supercritical
1848.4	745.00	137.21	0.0072879	1451.3	1994.3	6.5826	0.91043	1.1822	894.24	-0.059649	7.7063e-05	0.12074	supercritical
1849.4	745.00	137.15	0.0072914	1452.2	1995.4	6.5833	0.91050	1.1823	894.42	-0.059658	7.7087e-05	0.12078	supercritical
1850.4	745.00	137.08	0.0072950	1453.2	1996.6	6.5839	0.91057	1.1824	894.60	-0.059668	7.7111e-05	0.12083	supercritical
1851.4	745.00	137.01	0.0072986	1454.1	1997.8	6.5846	0.91064	1.1824	894.78	-0.059677	7.7135e-05	0.12088	supercritical
1852.4	745.00	136.95	0.0073021	1455.0	1999.0	6.5852	0.91071	1.1825	894.96	-0.059687	7.7159e-05	0.12092	supercritical
1853.4	745.00	136.88	0.0073057	1455.9	2000.2	6.5858	0.91079	1.1825	895.14	-0.059696	7.7183e-05	0.12097	supercritical
1854.4	745.00	136.81	0.0073092	1456.8	2001.4	6.5865	0.91086	1.1826	895.32	-0.059706	7.7207e-05	0.12101	supercritical
1855.4	745.00	136.75	0.0073128	1457.7	2002.5	6.5871	0.91093	1.1826	895.50	-0.059715	7.7232e-05	0.12106	supercritical
1856.4	745.00	136.68	0.0073164	1458.7	2003.7	6.5878	0.91100	1.1827	895.68	-0.059725	7.7256e-05	0.12111	supercritical
1857.4	745.00	136.61	0.0073199	1459.6	2004.9	6.5884	0.91107	1.1828	895.86	-0.059734	7.7280e-05	0.12115	supercritical
1858.4	745.00	136.55	0.0073235	1460.5	2006.1	6.5890	0.91114	1.1828	896.04	-0.059744	7.7304e-05	0.12120	supercritical
1859.4	745.00	136.48	0.0073270	1461.4	2007.3	6.5897	0.91121	1.1829	896.23	-0.059753	7.7328e-05	0.12125	supercritical
1860.4	745.00	136.41	0.0073306	1462.3	2008.5	6.5903	0.91128	1.1829	896.41	-0.059763	7.7352e-05	0.12129	supercritical
1861.4	745.00	136.35	0.0073342	1463.2	2009.6	6.5909	0.91135	1.1830	896.59	-0.059772	7.7376e-05	0.12134	supercritical
1862.4	745.00	136.28	0.0073377	1464.2	2010.8	6.5916	0.91143	1.1831	896.77	-0.059781	7.7400e-05	0.12139	supercritical
1863.4	745.00	136.22	0.0073413	1465.1	2012.0	6.5922	0.91150	1.1831	896.95	-0.059791	7.7424e-05	0.12143	supercritical
1864.4	745.00	136.15	0.0073448	1466.0	2013.2	6.5928	0.91157	1.1832	897.13	-0.059800	7.7449e-05	0.12148	supercritical
1865.4	745.00	136.08	0.0073484	1466.9	2014.4	6.5935	0.91164	1.1832	897.31	-0.059809	7.7473e-05	0.12153	supercritical
1866.4	745.00	136.02	0.0073520	1467.8	2015.6	6.5941	0.91171	1.1833	897.49	-0.059819	7.7497e-05	0.12157	supercritical
1867.4	745.00	135.95	0.0073555	1468.8	2016.7	6.5947	0.91178	1.1833	897.67	-0.059828	7.7521e-05	0.12162	supercritical
1868.4	745.00	135.89	0.0073591	1469.7	2017.9	6.5954	0.91185	1.1834	897.85	-0.059837	7.7545e-05	0.12167	supercritical
1869.4	745.00	135.82	0.0073626	1470.6	2019.1	6.5960	0.91192	1.1835	898.03	-0.059847	7.7569e-05	0.12171	supercritical
1870.4	745.00	135.76	0.0073662	1471.5	2020.3	6.5966	0.91199	1.1835	898.21	-0.059856	7.7593e-05	0.12176	supercritical
1871.4	745.00	135.69	0.0073698	1472.4	2021.5	6.5973	0.91206	1.1836	898.39	-0.059865	7.7617e-05	0.12181	supercritical
1872.4	745.00	135.62	0.0073733	1473.3	2022.7	6.5979	0.91214	1.1836	898.57	-0.059874	7.7641e-05	0.12185	supercritical
1873.4	745.00	135.56	0.0073769	1474.3	2023.8	6.5985	0.91221	1.1837	898.75	-0.059884	7.7665e-05	0.12190	supercritical
1874.4	745.00	135.49	0.0073804	1475.2	2025.0	6.5992	0.91228	1.1838	898.93	-0.059893	7.7690e-05	0.12194	supercritical
1875.4	745.00	135.43	0.0073840	1476.1	2026.2	6.5998	0.91235	1.1838	899.11	-0.059902	7.7714e-05	0.12199	supercritical
1876.4	745.00	135.36	0.0073876	1477.0	2027.4	6.6004	0.91242	1.1839	899.29	-0.059911	7.7738e-05	0.12204	supercritical
1877.4	745.00	135.30	0.0073911	1477.9	2028.6	6.6011	0.91249	1.1839	899.47	-0.059920	7.7762e-05	0.12208	supercritical
1878.4	745.00	135.23	0.0073947	1478.9	2029.8	6.6017	0.91256	1.1840	899.65	-0.059930	7.7786e-05	0.12213	supercritical
1879.4	745.00	135.17	0.0073982	1479.8	2030.9	6.6023	0.91263	1.1841	899.83	-0.059939	7.7810e-05	0.12218	supercritical
1880.4	745.00	135.10	0.0074018	1480.7	2032.1	6.6030	0.91270	1.1841	900.01	-0.059948	7.7834e-05	0.12222	supercritical
1881.4	745.00	135.04	0.0074054	1481.6	2033.3	6.6036	0.91277	1.1842	900.19	-0.059957	7.7858e-05	0.12227	supercritical
1882.4	745.00	134.97	0.0074089	1482.5	2034.5	6.6042	0.91285	1.1842	900.37	-0.059966	7.7882e-05	0.12232	supercritical
1883.4	745.00	134.91	0.0074125	1483.5	2035.7	6.6048	0.91292	1.1843	900.55	-0.059975	7.7906e-05	0.12236	supercritical
1884.4	745.00	134.84	0.0074160	1484.4	2036.9	6.6055	0.91299	1.1843	900.73	-0.059984	7.7930e-05	0.12241	supercritical
1885.4	745.00	134.78	0.0074196	1485.3	2038.1	6.6061	0.91306	1.1844	900.91	-0.059993	7.7954e-05	0.12246	supercritical
1886.4	745.00	134.71	0.0074232	1486.2	2039.2	6.6067	0.91313	1.1845	901.09	-0.060002	7.7978e-05	0.12250	supercritical
1887.4	745.00	134.65	0.0074267	1487.1	2040.4	6.6074	0.91320	1.1845	901.27	-0.060012	7.8002e-05	0.12255	supercritical
1888.4	745.00	134.58	0.0074303	1488.0	2041.6	6.6080	0.91327	1.1846	901.45	-0.060021	7.8027e-05	0.12260	supercritical
1889.4	745.00	134.52	0.0074338	1489.0	2042.8	6.6086	0.91334	1.1846	901.62	-0.060030	7.8051e-05	0.12264	supercritical
1890.4	745.00	134.46	0.0074374	1489.9	2044.0	6.6092	0.91341	1.1847	901.80	-0.060039	7.8075e-05	0.12269	supercritical
1891.4	745.00	134.39	0.0074409	1490.8	2045.2	6.6099	0.91348	1.1848	901.98	-0.060048	7.8099e-05	0.12273	supercritical
1892.4	745.00	134.33	0.0074445	1491.7	2046.3	6.6105	0.91355	1.1848	902.16	-0.060057	7.8123e-05	0.12278	supercritical
1893.4	745.00	134.26	0.0074481	1492.6	2047.5	6.6111	0.91362	1.1849	902.34	-0.060066	7.8147e-05	0.12283	supercritical
1894.4	745.00	134.20	0.0074516	1493.6	2048.7	6.6117	0.91370	1.1849	902.52	-0.060075	7.8171e-05	0.12287	supercritical
1895.4	745.00	134.14	0.0074552	1494.5	2049.9	6.6124	0.91377	1.1850	902.70	-0.060084	7.8195e-05	0.12292	supercritical
1896.4	745.00	134.07	0.0074587	1495.4	2051.1	6.6130	0.91384	1.1851	902.88	-0.060092	7.8219e-05	0.12297	supercritical
1897.4	745.00	134.01	0.0074623	1496.3	2052.3	6.6136	0.91391	1.1851	903.06	-0.060101	7.8243e-05	0.12301	supercritical
1898.4	745.00	133.94	0.0074658	1497.2	2053.5	6.6142	0.91398	1.1852	903.24	-0.060110	7.8267e-05	0.12306	supercritical
1899.4	745.00	133.88	0.0074694	1498.2	2054.6	6.6149	0.91405	1.1852	903.42	-0.060119	7.8291e-05	0.12311	supercritical
1900.4	745.00	133.82	0.0074730	1499.1	2055.8	6.6155	0.91412	1.1853	903.59	-0.060128	7.8315e-05	0.12315	supercritical
1901.4	745.00	133.75	0.0074765	1500.0	2057.0	6.6161	0.91419	1.1853	903.77	-0.060137	7.8339e-05	0.12320	supercritical
1902.4	745.00	133.69	0.0074801	1500.9	2058.2	6.6167	0.91426	1.1854	903.95	-0.060146	7.8363e-05	0.12325	supercritical
1903.4	745.00	133.62	0.0074836	1501.8	2059.4	6.6174	0.91433	1.1855	904.13	-0.060155	7.8387e-05	0.12329	supercritical
1904.4	745.00	133.56	0.0074872	1502.8	2060.6	6.6180	0.91440	1.1855	904.31	-0.060164	7.8411e-05	0.12334	supercritical
1905.4	745.00	133.50	0.0074907	1503.7	2061.8	6.6186	0.91447	1.1856	904.49	-0.060172	7.8435e-05	0.12339	supercritical
1906.4	745.00	133.43	0.0074943	1504.6	2062.9	6.6192	0.91454	1.1856	904.67	-0.060181	7.8459e-05	0.12343	supercritical
1907.4	745.00	133.37	0.0074979	1505.5	2064.1	6.6198	0.91462	1.1857	904.85	-0.060190	7.8483e-05	0.12348	supercritical
1908.4	745.00	133.31	0.0075014	1506.5	2065.3	6.6205	0.91469	1.1858	905.02	-0.060199	7.8507e-05	0.12352	supercritical
1909.4	745.00	133.24	0.0075050	1507.4	2066.5	6.6211	0.91476	1.1858	905.20	-0.060208	7.8531e-05	0.12357	supercritical
1910.4	745.00	133.18	0.0075085	1508.3	2067.7	6.6217	0.91483	1.1859	905.38	-0.060216	7.8555e-05	0.12362	supercritical
1911.4	745.00	133.12	0.0075121	1509.2	2068.9	6.6223	0.91490	1.1859	905.56	-0.060225	7.8579e-05	0.12366	supercritical
1912.4	745.00	133.06	0.0075156	1510.1	2070.1	6.6229	0.91497	1.1860	905.74	-0.060234	7.8603e-05	0.12371	supercritical
1913.4	745.00	132.99	0.0075192	1511.1	2071.2	6.6236	0.91504	1.1861	905.92	-0.060243	7.8627e-05	0.12376	supercritical
1914.4	745.00	132.93	0.0075228	1512.0	2072.4	6.6242	0.91511	1.1861	906.10	-0.060251	7.8651e-05	0.12380	supercritical
1915.4	745.00	132.87	0.0075263	1512.9	2073.6	6.6248	0.91518	1.1862	906.27	-0.060260	7.8675e-05	0.12385	supercritical
1916.4	745.00	132.80	0.0075299	1513.8	2074.8	6.6254	0.91525	1.1862	906.45	-0.060269	7.8699e-05	0.12390	supercritical
1917.4	745.00	132.74	0.0075334	1514.7	2076.0	6.6260	0.91532	1.1863	906.63	-0.060277	7.8723e-05	0.12394	supercritical
1918.4	745.00	132.68	0.0075370	1515.7	2077.2	6.6267	0.91539	1.1863	906.81	-0.060286	7.8747e-05	0.12399	supercritical
1919.4	745.00	132.62	0.0075405	1516.6	2078.4	6.6273	0.91546	1.1864	906.99	-0.060295	7.8771e-05	0.12404	supercritical
1920.4	745.00	132.55	0.0075441	1517.5	2079.5	6.6279	0.91553	1.1865	907.16	-0.060303	7.8795e-05	0.12408	supercritical
1921.4	745.00	132.49	0.0075477	1518.4	2080.7	6.6285	0.91560	1.1865	907.34	-0.060312	7.8819e-05	0.12413	supercritical
1922.4	745.00	132.43	0.0075512	1519.3	2081.9	6.6291	0.91567	1.1866	907.52	-0.060321	7.8843e-05	0.12417	supercritical
1923.4	745.00	132.37	0.0075548	1520.3	2083.1	6.6298	0.91574	1.1866	907.70	-0.060329	7.8867e-05	0.12422	supercritical
1924.4	745.00	132.30	0.0075583	1521.2	2084.3	6.6304	0.91582	1.1867	907.88	-0.060338	7.8891e-05	0.12427	supercritical
1925.4	745.00	132.24	0.0075619	1522.1	2085.5	6.6310	0.91589	1.1868	908.05	-0.060346	7.8915e-05	0.12431	supercritical
1926.4	745.00	132.18	0.0075654	1523.0	2086.7	6.6316	0.91596	1.1868	908.23	-0.060355	7.8939e-05	0.12436	supercritical
1927.4	745.00	132.12	0.0075690	1524.0	2087.8	6.6322	0.91603	1.1869	908.41	-0.060363	7.8963e-05	0.12441	supercritical
1928.4	745.00	132.06	0.0075725	1524.9	2089.0	6.6328	0.91610	1.1869	908.59	-0.060372	7.8987e-05	0.12445	supercritical
1929.4	745.00	131.99	0.0075761	1525.8	2090.2	6.6335	0.91617	1.1870	908.77	-0.060381	7.9011e-05	0.12450	supercritical
1930.4	745.00	131.93	0.0075797	1526.7	2091.4	6.6341	0.91624	1.1871	908.94	-0.060389	7.9035e-05	0.12455	supercritical
1931.4	745.00	131.87	0.0075832	1527.6	2092.6	6.6347	0.91631	1.1871	909.12	-0.060398	7.9059e-05	0.12459	supercritical
1932.4	745.00	131.81	0.0075868	1528.6	2093.8	6.6353	0.91638	1.1872	909.30	-0.060406	7.9083e-05	0.12464	supercritical
1933.4	745.00	131.75	0.0075903	1529.5	2095.0	6.6359	0.91645	1.1872	909.48	-0.060415	7.9107e-05	0.12469	supercritical
1934.4	745.00	131.69	0.0075939	1530.4	2096.2	6.6365	0.91652	1.1873	909.65	-0.060423	7.9131e-05	0.12473	supercritical
1935.4	745.00	131.62	0.0075974	1531.3	2097.3	6.6371	0.91659	1.1874	909.83	-0.060432	7.9155e-05	0.12478	supercritical
1936.4	745.00	131.56	0.0076010	1532.3	2098.5	6.6377	0.91666	1.1874	910.01	-0.060440	7.9179e-05	0.12482	supercritical
1937.4	745.00	131.50	0.0076045	1533.2	2099.7	6.6384	0.91673	1.1875	910.19	-0.060448	7.9203e-05	0.12487	supercritical
1938.4	745.00	131.44	0.0076081	1534.1	2100.9	6.6390	0.91680	1.1875	910.36	-0.060457	7.9227e-05	0.12492	supercritical
1939.4	745.00	131.38	0.0076116	1535.0	2102.1	6.6396	0.91687	1.1876	910.54	-0.060465	7.9251e-05	0.12496	supercritical
1940.4	745.00	131.32	0.0076152	1535.9	2103.3	6.6402	0.91694	1.1876	910.72	-0.060474	7.9275e-05	0.12501	supercritical
1941.4	745.00	131.26	0.0076188	1536.9	2104.5	6.6408	0.91701	1.1877	910.89	-0.060482	7.9299e-05	0.12506	supercritical
1942.4	745.00	131.19	0.0076223	1537.8	2105.7	6.6414	0.91708	1.1878	911.07	-0.060490	7.9323e-05	0.12510	supercritical
1943.4	745.00	131.13	0.0076259	1538.7	2106.8	6.6420	0.91715	1.1878	911.25	-0.060499	7.9347e-05	0.12515	supercritical
1944.4	745.00	131.07	0.0076294	1539.6	2108.0	6.6426	0.91722	1.1879	911.43	-0.060507	7.9371e-05	0.12520	supercritical
1945.4	745.00	131.01	0.0076330	1540.6	2109.2	6.6433	0.91729	1.1879	911.60	-0.060516	7.9395e-05	0.12524	supercritical
1946.4	745.00	130.95	0.0076365	1541.5	2110.4	6.6439	0.91736	1.1880	911.78	-0.060524	7.9419e-05	0.12529	supercritical
1947.4	745.00	130.89	0.0076401	1542.4	2111.6	6.6445	0.91743	1.1881	911.96	-0.060532	7.9443e-05	0.12534	supercritical
1948.4	745.00	130.83	0.0076436	1543.3	2112.8	6.6451	0.91750	1.1881	912.13	-0.060541	7.9466e-05	0.12538	supercritical
1949.4	745.00	130.77	0.0076472	1544.3	2114.0	6.6457	0.91758	1.1882	912.31	-0.060549	7.9490e-05	0.12543	supercritical
1950.4	745.00	130.71	0.0076507	1545.2	2115.2	6.6463	0.91765	1.1882	912.49	-0.060557	7.9514e-05	0.12547	supercritical
1951.4	745.00	130.65	0.0076543	1546.1	2116.3	6.6469	0.91772	1.1883	912.67	-0.060565	7.9538e-05	0.12552	supercritical
1952.4	745.00	130.58	0.0076578	1547.0	2117.5	6.6475	0.91779	1.1884	912.84	-0.060574	7.9562e-05	0.12557	supercritical
1953.4	745.00	130.52	0.0076614	1548.0	2118.7	6.6481	0.91786	1.1884	913.02	-0.060582	7.9586e-05	0.12561	supercritical
1954.4	745.00	130.46	0.0076650	1548.9	2119.9	6.6487	0.91793	1.1885	913.20	-0.060590	7.9610e-05	0.12566	supercritical
1955.4	745.00	130.40	0.0076685	1549.8	2121.1	6.6493	0.91800	1.1885	913.37	-0.060598	7.9634e-05	0.12571	supercritical
1956.4	745.00	130.34	0.0076721	1550.7	2122.3	6.6500	0.91807	1.1886	913.55	-0.060607	7.9658e-05	0.12575	supercritical
1957.4	745.00	130.28	0.0076756	1551.6	2123.5	6.6506	0.91814	1.1887	913.73	-0.060615	7.9682e-05	0.12580	supercritical
1958.4	745.00	130.22	0.0076792	1552.6	2124.7	6.6512	0.91821	1.1887	913.90	-0.060623	7.9706e-05	0.12585	supercritical
1959.4	745.00	130.16	0.0076827	1553.5	2125.9	6.6518	0.91828	1.1888	914.08	-0.060631	7.9730e-05	0.12589	supercritical
1960.4	745.00	130.10	0.0076863	1554.4	2127.0	6.6524	0.91835	1.1888	914.25	-0.060639	7.9754e-05	0.12594	supercritical
1961.4	745.00	130.04	0.0076898	1555.3	2128.2	6.6530	0.91842	1.1889	914.43	-0.060648	7.9778e-05	0.12599	supercritical
1962.4	745.00	129.98	0.0076934	1556.3	2129.4	6.6536	0.91849	1.1890	914.61	-0.060656	7.9801e-05	0.12603	supercritical
1963.4	745.00	129.92	0.0076969	1557.2	2130.6	6.6542	0.91856	1.1890	914.78	-0.060664	7.9825e-05	0.12608	supercritical
1964.4	745.00	129.86	0.0077005	1558.1	2131.8	6.6548	0.91863	1.1891	914.96	-0.060672	7.9849e-05	0.12612	supercritical
1965.4	745.00	129.80	0.0077040	1559.0	2133.0	6.6554	0.91870	1.1891	915.14	-0.060680	7.9873e-05	0.12617	supercritical
1966.4	745.00	129.74	0.0077076	1560.0	2134.2	6.6560	0.91877	1.1892	915.31	-0.060688	7.9897e-05	0.12622	supercritical
1967.4	745.00	129.68	0.0077111	1560.9	2135.4	6.6566	0.91884	1.1892	915.49	-0.060696	7.9921e-05	0.12626	supercritical
1968.4	745.00	129.62	0.0077147	1561.8	2136.6	6.6572	0.91891	1.1893	915.67	-0.060704	7.9945e-05	0.12631	supercritical
1969.4	745.00	129.56	0.0077182	1562.7	2137.7	6.6578	0.91898	1.1894	915.84	-0.060712	7.9969e-05	0.12636	supercritical
1970.4	745.00	129.50	0.0077218	1563.7	2138.9	6.6584	0.91905	1.1894	916.02	-0.060720	7.9993e-05	0.12640	supercritical
1971.4	745.00	129.44	0.0077254	1564.6	2140.1	6.6590	0.91912	1.1895	916.19	-0.060729	8.0017e-05	0.12645	supercritical
1972.4	745.00	129.38	0.0077289	1565.5	2141.3	6.6596	0.91919	1.1895	916.37	-0.060737	8.0041e-05	0.12650	supercritical
1973.4	745.00	129.32	0.0077325	1566.4	2142.5	6.6602	0.91926	1.1896	916.55	-0.060745	8.0064e-05	0.12654	supercritical
1974.4	745.00	129.27	0.0077360	1567.4	2143.7	6.6608	0.91933	1.1897	916.72	-0.060753	8.0088e-05	0.12659	supercritical
1975.4	745.00	129.21	0.0077396	1568.3	2144.9	6.6615	0.91940	1.1897	916.90	-0.060761	8.0112e-05	0.12663	supercritical
1976.4	745.00	129.15	0.0077431	1569.2	2146.1	6.6621	0.91947	1.1898	917.07	-0.060769	8.0136e-05	0.12668	supercritical
1977.4	745.00	129.09	0.0077467	1570.1	2147.3	6.6627	0.91954	1.1898	917.25	-0.060777	8.0160e-05	0.12673	supercritical
1978.4	745.00	129.03	0.0077502	1571.1	2148.5	6.6633	0.91961	1.1899	917.42	-0.060785	8.0184e-05	0.12677	supercritical
1979.4	745.00	128.97	0.0077538	1572.0	2149.6	6.6639	0.91968	1.1900	917.60	-0.060792	8.0208e-05	0.12682	supercritical
1980.4	745.00	128.91	0.0077573	1572.9	2150.8	6.6645	0.91975	1.1900	917.78	-0.060800	8.0232e-05	0.12687	supercritical
1981.4	745.00	128.85	0.0077609	1573.8	2152.0	6.6651	0.91982	1.1901	917.95	-0.060808	8.0256e-05	0.12691	supercritical
1982.4	745.00	128.79	0.0077644	1574.8	2153.2	6.6657	0.91989	1.1901	918.13	-0.060816	8.0279e-05	0.12696	supercritical
1983.4	745.00	128.73	0.0077680	1575.7	2154.4	6.6663	0.91996	1.1902	918.30	-0.060824	8.0303e-05	0.12701	supercritical
1984.4	745.00	128.67	0.0077715	1576.6	2155.6	6.6669	0.92003	1.1903	918.48	-0.060832	8.0327e-05	0.12705	supercritical
1985.4	745.00	128.62	0.0077751	1577.5	2156.8	6.6675	0.92010	1.1903	918.65	-0.060840	8.0351e-05	0.12710	supercritical
1986.4	745.00	128.56	0.0077786	1578.5	2158.0	6.6681	0.92017	1.1904	918.83	-0.060848	8.0375e-05	0.12714	supercritical
1987.4	745.00	128.50	0.0077822	1579.4	2159.2	6.6687	0.92024	1.1904	919.00	-0.060856	8.0399e-05	0.12719	supercritical
1988.4	745.00	128.44	0.0077857	1580.3	2160.4	6.6693	0.92031	1.1905	919.18	-0.060864	8.0423e-05	0.12724	supercritical
1989.4	745.00	128.38	0.0077893	1581.2	2161.5	6.6699	0.92038	1.1906	919.36	-0.060871	8.0446e-05	0.12728	supercritical
1990.4	745.00	128.32	0.0077928	1582.2	2162.7	6.6705	0.92045	1.1906	919.53	-0.060879	8.0470e-05	0.12733	supercritical
1991.4	745.00	128.26	0.0077964	1583.1	2163.9	6.6711	0.92052	1.1907	919.71	-0.060887	8.0494e-05	0.12738	supercritical
1992.4	745.00	128.21	0.0077999	1584.0	2165.1	6.6716	0.92059	1.1907	919.88	-0.060895	8.0518e-05	0.12742	supercritical
1993.4	745.00	128.15	0.0078035	1584.9	2166.3	6.6722	0.92066	1.1908	920.06	-0.060903	8.0542e-05	0.12747	supercritical
1994.4	745.00	128.09	0.0078070	1585.9	2167.5	6.6728	0.92073	1.1909	920.23	-0.060911	8.0566e-05	0.12752	supercritical
1995.4	745.00	128.03	0.0078106	1586.8	2168.7	6.6734	0.92080	1.1909	920.41	-0.060918	8.0590e-05	0.12756	supercritical
1996.4	745.00	127.97	0.0078141	1587.7	2169.9	6.6740	0.92087	1.1910	920.58	-0.060926	8.0614e-05	0.12761	supercritical
1997.4	745.00	127.91	0.0078177	1588.7	2171.1	6.6746	0.92094	1.1910	920.76	-0.060934	8.0637e-05	0.12765	supercritical
1998.4	745.00	127.86	0.0078212	1589.6	2172.3	6.6752	0.92101	1.1911	920.93	-0.060942	8.0661e-05	0.12770	supercritical
1999.4	745.00	127.80	0.0078248	1590.5	2173.5	6.6758	0.92108	1.1912	921.11	-0.060949	8.0685e-05	0.12775	supercritical