Temperature (K)	Pressure (bar)	Density (kg/m3)	Volume (m3/kg)	Internal Energy (kJ/kg)	Enthalpy (kJ/kg)	Entropy (J/g*K)	Cv (J/g*K)	Cp (J/g*K)	Sound Spd. (m/s)	Joule-Thomson (K/bar)	Viscosity (Pa*s)	Therm. Cond. (W/m*K)	Phase
54.361	611.00	1364.3	0.00073295	-199.61	-154.82	1.9647	1.0899	1.5048	1290.1	-0.042044	0.0011733	0.22179	liquid
61.361	611.00	1339.6	0.00074647	-189.50	-143.89	2.1537	1.1088	1.5988	1272.7	-0.039053	0.00082951	0.21527	liquid
62.361	611.00	1336.1	0.00074847	-188.02	-142.29	2.1796	1.1089	1.6042	1268.0	-0.038879	0.00079248	0.21432	liquid
63.361	611.00	1332.5	0.00075047	-186.54	-140.69	2.2052	1.1085	1.6083	1263.1	-0.038742	0.00075786	0.21336	liquid
64.361	611.00	1328.9	0.00075249	-185.05	-139.08	2.2304	1.1075	1.6113	1258.0	-0.038636	0.00072547	0.21239	liquid
65.361	611.00	1325.4	0.00075451	-183.56	-137.46	2.2552	1.1060	1.6134	1252.7	-0.038556	0.00069514	0.21143	liquid
66.361	611.00	1321.8	0.00075654	-182.07	-135.85	2.2797	1.1041	1.6145	1247.4	-0.038498	0.00066672	0.21047	liquid
67.361	611.00	1318.3	0.00075858	-180.58	-134.23	2.3039	1.1019	1.6150	1242.0	-0.038459	0.00064006	0.20950	liquid
68.361	611.00	1314.7	0.00076062	-179.09	-132.62	2.3277	1.0993	1.6149	1236.6	-0.038435	0.00061505	0.20853	liquid
69.361	611.00	1311.2	0.00076267	-177.60	-131.00	2.3511	1.0965	1.6142	1231.1	-0.038423	0.00059156	0.20756	liquid
70.361	611.00	1307.6	0.00076473	-176.12	-129.39	2.3742	1.0934	1.6132	1225.6	-0.038421	0.00056947	0.20659	liquid
71.361	611.00	1304.1	0.00076679	-174.63	-127.78	2.3970	1.0901	1.6118	1220.2	-0.038428	0.00054869	0.20562	liquid
72.361	611.00	1300.6	0.00076886	-173.14	-126.17	2.4194	1.0867	1.6101	1214.7	-0.038441	0.00052913	0.20465	liquid
73.361	611.00	1297.1	0.00077094	-171.66	-124.56	2.4415	1.0831	1.6081	1209.2	-0.038459	0.00051069	0.20368	liquid
74.361	611.00	1293.6	0.00077302	-170.18	-122.95	2.4633	1.0794	1.6060	1203.8	-0.038481	0.00049330	0.20271	liquid
75.361	611.00	1290.1	0.00077511	-168.71	-121.35	2.4847	1.0756	1.6038	1198.3	-0.038506	0.00047688	0.20174	liquid
76.361	611.00	1286.7	0.00077720	-167.23	-119.74	2.5058	1.0718	1.6014	1192.9	-0.038532	0.00046137	0.20077	liquid
77.361	611.00	1283.2	0.00077930	-165.76	-118.14	2.5266	1.0679	1.5989	1187.5	-0.038560	0.00044670	0.19980	liquid
78.361	611.00	1279.7	0.00078141	-164.29	-116.55	2.5472	1.0639	1.5964	1182.2	-0.038588	0.00043281	0.19883	liquid
79.361	611.00	1276.3	0.00078352	-162.82	-114.95	2.5674	1.0600	1.5939	1176.9	-0.038616	0.00041966	0.19785	liquid
80.361	611.00	1272.8	0.00078564	-161.36	-113.36	2.5873	1.0560	1.5913	1171.6	-0.038642	0.00040719	0.19688	liquid
81.361	611.00	1269.4	0.00078777	-159.90	-111.77	2.6070	1.0520	1.5887	1166.3	-0.038668	0.00039537	0.19591	liquid
82.361	611.00	1266.0	0.00078991	-158.44	-110.18	2.6264	1.0481	1.5862	1161.1	-0.038692	0.00038413	0.19494	liquid
83.361	611.00	1262.5	0.00079205	-156.99	-108.60	2.6455	1.0441	1.5836	1155.8	-0.038714	0.00037346	0.19397	liquid
84.361	611.00	1259.1	0.00079420	-155.54	-107.01	2.6644	1.0402	1.5811	1150.7	-0.038735	0.00036331	0.19300	liquid
85.361	611.00	1255.7	0.00079636	-154.09	-105.43	2.6830	1.0363	1.5786	1145.5	-0.038752	0.00035364	0.19203	liquid
86.361	611.00	1252.3	0.00079853	-152.65	-103.86	2.7014	1.0324	1.5762	1140.4	-0.038768	0.00034444	0.19106	liquid
87.361	611.00	1248.9	0.00080070	-151.20	-102.28	2.7195	1.0286	1.5738	1135.3	-0.038781	0.00033566	0.19009	liquid
88.361	611.00	1245.5	0.00080289	-149.77	-100.71	2.7374	1.0248	1.5714	1130.2	-0.038790	0.00032728	0.18912	liquid
89.361	611.00	1242.1	0.00080508	-148.33	-99.139	2.7551	1.0210	1.5691	1125.2	-0.038797	0.00031929	0.18815	liquid
90.361	611.00	1238.7	0.00080728	-146.90	-97.571	2.7725	1.0173	1.5669	1120.2	-0.038802	0.00031165	0.18718	liquid
91.361	611.00	1235.3	0.00080949	-145.46	-96.005	2.7897	1.0136	1.5647	1115.2	-0.038803	0.00030434	0.18622	liquid
92.361	611.00	1232.0	0.00081171	-144.04	-94.441	2.8068	1.0100	1.5625	1110.2	-0.038801	0.00029735	0.18525	liquid
93.361	611.00	1228.6	0.00081394	-142.61	-92.880	2.8236	1.0064	1.5604	1105.3	-0.038796	0.00029065	0.18428	liquid
94.361	611.00	1225.2	0.00081618	-141.19	-91.320	2.8402	1.0028	1.5584	1100.4	-0.038788	0.00028423	0.18332	liquid
95.361	611.00	1221.9	0.00081843	-139.77	-89.763	2.8566	0.99933	1.5564	1095.5	-0.038777	0.00027807	0.18235	liquid
96.361	611.00	1218.5	0.00082068	-138.35	-88.208	2.8728	0.99588	1.5545	1090.6	-0.038762	0.00027216	0.18139	liquid
97.361	611.00	1215.1	0.00082295	-136.94	-86.654	2.8889	0.99247	1.5526	1085.8	-0.038745	0.00026649	0.18042	liquid
98.361	611.00	1211.8	0.00082523	-135.52	-85.102	2.9047	0.98911	1.5508	1081.0	-0.038724	0.00026103	0.17946	liquid
99.361	611.00	1208.4	0.00082752	-134.11	-83.552	2.9204	0.98579	1.5490	1076.2	-0.038701	0.00025579	0.17850	liquid
100.36	611.00	1205.1	0.00082982	-132.71	-82.004	2.9359	0.98252	1.5473	1071.4	-0.038674	0.00025074	0.17754	liquid
101.36	611.00	1201.7	0.00083213	-131.30	-80.458	2.9513	0.97929	1.5457	1066.7	-0.038644	0.00024588	0.17658	liquid
102.36	611.00	1198.4	0.00083446	-129.90	-78.913	2.9664	0.97610	1.5440	1062.0	-0.038612	0.00024119	0.17562	liquid
103.36	611.00	1195.0	0.00083679	-128.50	-77.370	2.9814	0.97296	1.5425	1057.3	-0.038576	0.00023668	0.17466	liquid
104.36	611.00	1191.7	0.00083913	-127.10	-75.828	2.9963	0.96987	1.5409	1052.6	-0.038537	0.00023232	0.17371	liquid
105.36	611.00	1188.4	0.00084149	-125.70	-74.288	3.0110	0.96681	1.5394	1048.0	-0.038495	0.00022811	0.17275	liquid
106.36	611.00	1185.0	0.00084386	-124.31	-72.749	3.0255	0.96379	1.5380	1043.3	-0.038451	0.00022404	0.17180	liquid
107.36	611.00	1181.7	0.00084624	-122.92	-71.212	3.0399	0.96082	1.5366	1038.7	-0.038403	0.00022011	0.17085	liquid
108.36	611.00	1178.4	0.00084863	-121.53	-69.676	3.0541	0.95788	1.5352	1034.2	-0.038353	0.00021631	0.16990	liquid
109.36	611.00	1175.0	0.00085103	-120.14	-68.141	3.0682	0.95499	1.5339	1029.6	-0.038300	0.00021263	0.16895	liquid
110.36	611.00	1171.7	0.00085345	-118.75	-66.608	3.0822	0.95213	1.5326	1025.1	-0.038244	0.00020907	0.16800	liquid
111.36	611.00	1168.4	0.00085588	-117.37	-65.076	3.0960	0.94931	1.5313	1020.6	-0.038185	0.00020562	0.16706	liquid
112.36	611.00	1165.1	0.00085832	-115.99	-63.545	3.1097	0.94653	1.5301	1016.1	-0.038123	0.00020227	0.16612	liquid
113.36	611.00	1161.7	0.00086077	-114.61	-62.016	3.1232	0.94378	1.5289	1011.6	-0.038059	0.00019902	0.16518	liquid
114.36	611.00	1158.4	0.00086324	-113.23	-60.488	3.1366	0.94107	1.5277	1007.2	-0.037992	0.00019587	0.16424	liquid
115.36	611.00	1155.1	0.00086572	-111.86	-58.961	3.1499	0.93839	1.5265	1002.7	-0.037922	0.00019282	0.16330	liquid
116.36	611.00	1151.8	0.00086821	-110.48	-57.435	3.1631	0.93574	1.5254	998.35	-0.037850	0.00018985	0.16237	liquid
117.36	611.00	1148.5	0.00087072	-109.11	-55.910	3.1762	0.93313	1.5243	993.97	-0.037775	0.00018696	0.16143	liquid
118.36	611.00	1145.2	0.00087324	-107.74	-54.386	3.1891	0.93055	1.5232	989.61	-0.037697	0.00018415	0.16050	liquid
119.36	611.00	1141.8	0.00087577	-106.37	-52.863	3.2019	0.92801	1.5222	985.27	-0.037617	0.00018142	0.15958	liquid
120.36	611.00	1138.5	0.00087832	-105.01	-51.342	3.2146	0.92549	1.5212	980.96	-0.037534	0.00017877	0.15865	liquid
121.36	611.00	1135.2	0.00088088	-103.64	-49.821	3.2272	0.92301	1.5202	976.67	-0.037449	0.00017618	0.15773	liquid
122.36	611.00	1131.9	0.00088345	-102.28	-48.301	3.2396	0.92055	1.5192	972.40	-0.037361	0.00017366	0.15681	liquid
123.36	611.00	1128.6	0.00088604	-100.92	-46.783	3.2520	0.91813	1.5182	968.15	-0.037271	0.00017120	0.15589	liquid
124.36	611.00	1125.3	0.00088865	-99.561	-45.265	3.2643	0.91573	1.5173	963.92	-0.037178	0.00016881	0.15498	liquid
125.36	611.00	1122.0	0.00089126	-98.204	-43.748	3.2764	0.91336	1.5163	959.72	-0.037082	0.00016647	0.15406	liquid
126.36	611.00	1118.7	0.00089389	-96.849	-42.232	3.2885	0.91102	1.5154	955.54	-0.036985	0.00016420	0.15316	liquid
127.36	611.00	1115.4	0.00089654	-95.496	-40.717	3.3004	0.90871	1.5145	951.38	-0.036884	0.00016197	0.15225	liquid
128.36	611.00	1112.1	0.00089920	-94.144	-39.203	3.3122	0.90642	1.5136	947.24	-0.036781	0.00015980	0.15135	liquid
129.36	611.00	1108.8	0.00090188	-92.795	-37.690	3.3240	0.90416	1.5127	943.13	-0.036676	0.00015768	0.15045	liquid
130.36	611.00	1105.5	0.00090457	-91.447	-36.178	3.3356	0.90193	1.5119	939.03	-0.036569	0.00015561	0.14955	liquid
131.36	611.00	1102.2	0.00090727	-90.101	-34.666	3.3472	0.89972	1.5110	934.96	-0.036459	0.00015359	0.14866	liquid
132.36	611.00	1098.9	0.00090999	-88.756	-33.156	3.3586	0.89754	1.5102	930.91	-0.036346	0.00015161	0.14777	liquid
133.36	611.00	1095.6	0.00091273	-87.414	-31.646	3.3700	0.89538	1.5094	926.88	-0.036231	0.00014967	0.14688	liquid
134.36	611.00	1092.3	0.00091548	-86.073	-30.137	3.3813	0.89324	1.5086	922.88	-0.036114	0.00014778	0.14600	liquid
135.36	611.00	1089.0	0.00091825	-84.734	-28.629	3.3925	0.89113	1.5078	918.90	-0.035995	0.00014593	0.14512	liquid
136.36	611.00	1085.7	0.00092103	-83.396	-27.121	3.4035	0.88904	1.5070	914.94	-0.035873	0.00014411	0.14424	liquid
137.36	611.00	1082.5	0.00092383	-82.061	-25.615	3.4146	0.88698	1.5062	911.00	-0.035749	0.00014234	0.14337	liquid
138.36	611.00	1079.2	0.00092664	-80.727	-24.109	3.4255	0.88493	1.5054	907.09	-0.035622	0.00014060	0.14250	liquid
139.36	611.00	1075.9	0.00092947	-79.395	-22.604	3.4363	0.88291	1.5046	903.20	-0.035493	0.00013889	0.14164	liquid
140.36	611.00	1072.6	0.00093231	-78.064	-21.100	3.4471	0.88092	1.5039	899.33	-0.035362	0.00013723	0.14077	liquid
141.36	611.00	1069.3	0.00093518	-76.736	-19.596	3.4577	0.87894	1.5031	895.48	-0.035229	0.00013559	0.13992	liquid
142.36	611.00	1066.0	0.00093805	-75.409	-18.094	3.4683	0.87698	1.5023	891.66	-0.035093	0.00013399	0.13906	liquid
143.36	611.00	1062.8	0.00094095	-74.084	-16.592	3.4788	0.87505	1.5016	887.86	-0.034955	0.00013242	0.13822	liquid
144.36	611.00	1059.5	0.00094386	-72.760	-15.090	3.4893	0.87314	1.5008	884.08	-0.034815	0.00013087	0.13737	liquid
145.36	611.00	1056.2	0.00094678	-71.439	-13.590	3.4996	0.87124	1.5001	880.33	-0.034672	0.00012936	0.13653	liquid
146.36	611.00	1052.9	0.00094973	-70.119	-12.090	3.5099	0.86937	1.4994	876.60	-0.034528	0.00012788	0.13569	liquid
147.36	611.00	1049.7	0.00095269	-68.801	-10.591	3.5201	0.86752	1.4986	872.89	-0.034381	0.00012643	0.13486	liquid
148.36	611.00	1046.4	0.00095567	-67.484	-9.0931	3.5303	0.86569	1.4979	869.21	-0.034231	0.00012500	0.13403	liquid
149.36	611.00	1043.1	0.00095866	-66.170	-7.5955	3.5403	0.86387	1.4971	865.55	-0.034080	0.00012360	0.13321	liquid
150.36	611.00	1039.9	0.00096167	-64.857	-6.0988	3.5503	0.86208	1.4964	861.92	-0.033927	0.00012222	0.13239	liquid
151.36	611.00	1036.6	0.00096470	-63.546	-4.6027	3.5602	0.86030	1.4957	858.30	-0.033771	0.00012087	0.13158	liquid
152.36	611.00	1033.3	0.00096774	-62.236	-3.1074	3.5701	0.85855	1.4950	854.71	-0.033613	0.00011954	0.13077	liquid
153.36	611.00	1030.1	0.00097080	-60.929	-1.6128	3.5799	0.85681	1.4942	851.15	-0.033453	0.00011824	0.12996	liquid
154.36	611.00	1026.8	0.00097388	-59.623	-0.11892	3.5896	0.85509	1.4935	847.61	-0.033291	0.00011696	0.12916	liquid
155.36	611.00	1023.6	0.00097698	-58.319	1.3742	3.5992	0.85338	1.4928	844.09	-0.033126	0.00011570	0.12837	supercritical
156.36	611.00	1020.3	0.00098010	-57.017	2.8666	3.6088	0.85170	1.4921	840.60	-0.032960	0.00011447	0.12758	supercritical
157.36	611.00	1017.1	0.00098323	-55.717	4.3583	3.6183	0.85003	1.4913	837.13	-0.032791	0.00011325	0.12679	supercritical
158.36	611.00	1013.8	0.00098638	-54.418	5.8493	3.6277	0.84838	1.4906	833.69	-0.032621	0.00011206	0.12601	supercritical
159.36	611.00	1010.6	0.00098954	-53.122	7.3395	3.6371	0.84675	1.4899	830.27	-0.032448	0.00011089	0.12523	supercritical
160.36	611.00	1007.3	0.00099273	-51.827	8.8290	3.6464	0.84513	1.4891	826.87	-0.032273	0.00010974	0.12446	supercritical
161.36	611.00	1004.1	0.00099593	-50.534	10.318	3.6557	0.84353	1.4884	823.50	-0.032097	0.00010860	0.12369	supercritical
162.36	611.00	1000.8	0.00099915	-49.242	11.806	3.6649	0.84195	1.4877	820.15	-0.031918	0.00010749	0.12293	supercritical
163.36	611.00	997.62	0.0010024	-47.953	13.293	3.6740	0.84039	1.4869	816.83	-0.031737	0.00010640	0.12218	supercritical
164.36	611.00	994.39	0.0010056	-46.665	14.780	3.6831	0.83884	1.4862	813.53	-0.031554	0.00010532	0.12143	supercritical
165.36	611.00	991.16	0.0010089	-45.380	16.265	3.6921	0.83730	1.4854	810.26	-0.031370	0.00010426	0.12068	supercritical
166.36	611.00	987.93	0.0010122	-44.096	17.750	3.7011	0.83579	1.4847	807.01	-0.031183	0.00010322	0.11994	supercritical
167.36	611.00	984.71	0.0010155	-42.814	19.235	3.7099	0.83428	1.4839	803.79	-0.030995	0.00010220	0.11921	supercritical
168.36	611.00	981.50	0.0010189	-41.534	20.718	3.7188	0.83280	1.4832	800.59	-0.030804	0.00010119	0.11848	supercritical
169.36	611.00	978.28	0.0010222	-40.255	22.201	3.7276	0.83132	1.4824	797.41	-0.030612	0.00010020	0.11776	supercritical
170.36	611.00	975.07	0.0010256	-38.979	23.683	3.7363	0.82987	1.4816	794.26	-0.030418	9.9230e-05	0.11704	supercritical
171.36	611.00	971.87	0.0010289	-37.704	25.164	3.7450	0.82843	1.4808	791.14	-0.030222	9.8273e-05	0.11633	supercritical
172.36	611.00	968.66	0.0010324	-36.432	26.645	3.7536	0.82700	1.4801	788.04	-0.030024	9.7331e-05	0.11562	supercritical
173.36	611.00	965.46	0.0010358	-35.161	28.124	3.7621	0.82559	1.4793	784.97	-0.029825	9.6404e-05	0.11492	supercritical
174.36	611.00	962.27	0.0010392	-33.892	29.603	3.7706	0.82419	1.4785	781.92	-0.029623	9.5493e-05	0.11422	supercritical
175.36	611.00	959.08	0.0010427	-32.626	31.081	3.7791	0.82281	1.4777	778.90	-0.029420	9.4596e-05	0.11353	supercritical
176.36	611.00	955.89	0.0010461	-31.361	32.559	3.7875	0.82144	1.4769	775.90	-0.029216	9.3714e-05	0.11285	supercritical
177.36	611.00	952.71	0.0010496	-30.098	34.035	3.7958	0.82009	1.4761	772.92	-0.029009	9.2846e-05	0.11217	supercritical
178.36	611.00	949.53	0.0010532	-28.837	35.511	3.8041	0.81875	1.4752	769.98	-0.028801	9.1992e-05	0.11150	supercritical
179.36	611.00	946.36	0.0010567	-27.578	36.986	3.8124	0.81742	1.4744	767.05	-0.028592	9.1152e-05	0.11083	supercritical
180.36	611.00	943.19	0.0010602	-26.321	38.460	3.8206	0.81611	1.4736	764.16	-0.028381	9.0326e-05	0.11017	supercritical
181.36	611.00	940.02	0.0010638	-25.066	39.933	3.8287	0.81481	1.4727	761.28	-0.028168	8.9513e-05	0.10951	supercritical
182.36	611.00	936.87	0.0010674	-23.812	41.405	3.8368	0.81353	1.4719	758.44	-0.027954	8.8712e-05	0.10886	supercritical
183.36	611.00	933.71	0.0010710	-22.561	42.877	3.8449	0.81225	1.4710	755.61	-0.027739	8.7925e-05	0.10822	supercritical
184.36	611.00	930.56	0.0010746	-21.312	44.347	3.8529	0.81100	1.4702	752.82	-0.027522	8.7150e-05	0.10758	supercritical
185.36	611.00	927.42	0.0010783	-20.065	45.817	3.8608	0.80975	1.4693	750.05	-0.027303	8.6388e-05	0.10694	supercritical
186.36	611.00	924.28	0.0010819	-18.820	47.286	3.8687	0.80852	1.4684	747.30	-0.027083	8.5638e-05	0.10632	supercritical
187.36	611.00	921.14	0.0010856	-17.577	48.754	3.8766	0.80730	1.4675	744.58	-0.026862	8.4900e-05	0.10570	supercritical
188.36	611.00	918.02	0.0010893	-16.336	50.221	3.8844	0.80609	1.4666	741.89	-0.026640	8.4174e-05	0.10508	supercritical
189.36	611.00	914.89	0.0010930	-15.097	51.687	3.8921	0.80489	1.4657	739.22	-0.026417	8.3459e-05	0.10447	supercritical
190.36	611.00	911.78	0.0010968	-13.860	53.152	3.8999	0.80371	1.4648	736.57	-0.026192	8.2756e-05	0.10386	supercritical
191.36	611.00	908.66	0.0011005	-12.625	54.617	3.9075	0.80254	1.4639	733.95	-0.025966	8.2064e-05	0.10326	supercritical
192.36	611.00	905.56	0.0011043	-11.392	56.080	3.9152	0.80139	1.4629	731.36	-0.025739	8.1383e-05	0.10267	supercritical
193.36	611.00	902.46	0.0011081	-10.161	57.542	3.9227	0.80024	1.4620	728.79	-0.025511	8.0714e-05	0.10208	supercritical
194.36	611.00	899.37	0.0011119	-8.9328	59.004	3.9303	0.79911	1.4610	726.25	-0.025282	8.0054e-05	0.10150	supercritical
195.36	611.00	896.28	0.0011157	-7.7062	60.464	3.9378	0.79798	1.4601	723.73	-0.025052	7.9406e-05	0.10093	supercritical
196.36	611.00	893.20	0.0011196	-6.4818	61.924	3.9452	0.79687	1.4591	721.24	-0.024821	7.8768e-05	0.10036	supercritical
197.36	611.00	890.12	0.0011234	-5.2595	63.383	3.9526	0.79578	1.4581	718.77	-0.024589	7.8140e-05	0.099793	supercritical
198.36	611.00	887.06	0.0011273	-4.0393	64.840	3.9600	0.79469	1.4571	716.33	-0.024356	7.7522e-05	0.099234	supercritical
199.36	611.00	884.00	0.0011312	-2.8212	66.297	3.9673	0.79361	1.4561	713.91	-0.024123	7.6914e-05	0.098682	supercritical
200.36	611.00	880.94	0.0011351	-1.6052	67.752	3.9746	0.79255	1.4550	711.52	-0.023888	7.6316e-05	0.098135	supercritical
201.36	611.00	877.90	0.0011391	-0.39143	69.207	3.9819	0.79150	1.4540	709.15	-0.023653	7.5727e-05	0.097593	supercritical
202.36	611.00	874.86	0.0011430	0.82022	70.660	3.9891	0.79046	1.4530	706.81	-0.023418	7.5148e-05	0.097058	supercritical
203.36	611.00	871.82	0.0011470	2.0297	72.113	3.9962	0.78943	1.4519	704.49	-0.023181	7.4578e-05	0.096528	supercritical
204.36	611.00	868.80	0.0011510	3.2370	73.564	4.0033	0.78841	1.4508	702.20	-0.022945	7.4018e-05	0.096004	supercritical
205.36	611.00	865.78	0.0011550	4.4422	75.014	4.0104	0.78740	1.4498	699.93	-0.022707	7.3466e-05	0.095485	supercritical
206.36	611.00	862.77	0.0011591	5.6451	76.464	4.0175	0.78640	1.4487	697.69	-0.022470	7.2923e-05	0.094972	supercritical
207.36	611.00	859.77	0.0011631	6.8459	77.912	4.0245	0.78541	1.4476	695.47	-0.022232	7.2390e-05	0.094465	supercritical
208.36	611.00	856.77	0.0011672	8.0444	79.359	4.0314	0.78444	1.4464	693.28	-0.021993	7.1864e-05	0.093963	supercritical
209.36	611.00	853.78	0.0011713	9.2408	80.805	4.0383	0.78347	1.4453	691.11	-0.021754	7.1348e-05	0.093467	supercritical
210.36	611.00	850.80	0.0011754	10.435	82.249	4.0452	0.78252	1.4442	688.96	-0.021515	7.0839e-05	0.092977	supercritical
211.36	611.00	847.83	0.0011795	11.627	83.693	4.0521	0.78157	1.4430	686.84	-0.021276	7.0339e-05	0.092492	supercritical
212.36	611.00	844.87	0.0011836	12.817	85.135	4.0589	0.78063	1.4419	684.75	-0.021037	6.9847e-05	0.092012	supercritical
213.36	611.00	841.91	0.0011878	14.004	86.577	4.0657	0.77971	1.4407	682.67	-0.020797	6.9363e-05	0.091539	supercritical
214.36	611.00	838.97	0.0011919	15.189	88.017	4.0724	0.77879	1.4395	680.62	-0.020558	6.8887e-05	0.091070	supercritical
215.36	611.00	836.03	0.0011961	16.372	89.456	4.0791	0.77789	1.4383	678.60	-0.020318	6.8418e-05	0.090607	supercritical
216.36	611.00	833.10	0.0012003	17.553	90.893	4.0857	0.77699	1.4371	676.60	-0.020079	6.7958e-05	0.090150	supercritical
217.36	611.00	830.18	0.0012046	18.731	92.330	4.0924	0.77611	1.4359	674.62	-0.019840	6.7504e-05	0.089697	supercritical
218.36	611.00	827.27	0.0012088	19.908	93.765	4.0990	0.77523	1.4346	672.67	-0.019601	6.7058e-05	0.089251	supercritical
219.36	611.00	824.37	0.0012131	21.082	95.199	4.1055	0.77437	1.4334	670.74	-0.019362	6.6620e-05	0.088809	supercritical
220.36	611.00	821.47	0.0012173	22.253	96.632	4.1120	0.77351	1.4321	668.83	-0.019123	6.6188e-05	0.088373	supercritical
221.36	611.00	818.59	0.0012216	23.423	98.063	4.1185	0.77266	1.4308	666.95	-0.018885	6.5764e-05	0.087942	supercritical
222.36	611.00	815.71	0.0012259	24.590	99.493	4.1250	0.77183	1.4296	665.09	-0.018647	6.5346e-05	0.087516	supercritical
223.36	611.00	812.85	0.0012302	25.754	100.92	4.1314	0.77100	1.4283	663.25	-0.018410	6.4936e-05	0.087096	supercritical
224.36	611.00	809.99	0.0012346	26.917	102.35	4.1377	0.77018	1.4270	661.44	-0.018173	6.4532e-05	0.086681	supercritical
225.36	611.00	807.14	0.0012389	28.077	103.78	4.1441	0.76937	1.4256	659.65	-0.017936	6.4134e-05	0.086270	supercritical
226.36	611.00	804.31	0.0012433	29.235	105.20	4.1504	0.76857	1.4243	657.88	-0.017701	6.3744e-05	0.085865	supercritical
227.36	611.00	801.48	0.0012477	30.391	106.62	4.1567	0.76778	1.4230	656.14	-0.017466	6.3359e-05	0.085465	supercritical
228.36	611.00	798.66	0.0012521	31.544	108.05	4.1629	0.76699	1.4216	654.41	-0.017231	6.2981e-05	0.085070	supercritical
229.36	611.00	795.85	0.0012565	32.695	109.47	4.1691	0.76622	1.4203	652.71	-0.016998	6.2609e-05	0.084680	supercritical
230.36	611.00	793.05	0.0012609	33.844	110.89	4.1753	0.76545	1.4189	651.03	-0.016765	6.2243e-05	0.084295	supercritical
231.36	611.00	790.26	0.0012654	34.990	112.31	4.1814	0.76470	1.4175	649.38	-0.016533	6.1884e-05	0.083914	supercritical
232.36	611.00	787.49	0.0012699	36.134	113.72	4.1875	0.76395	1.4161	647.74	-0.016302	6.1530e-05	0.083539	supercritical
233.36	611.00	784.72	0.0012743	37.276	115.14	4.1936	0.76321	1.4147	646.13	-0.016072	6.1182e-05	0.083168	supercritical
234.36	611.00	781.96	0.0012788	38.415	116.55	4.1997	0.76248	1.4133	644.54	-0.015843	6.0840e-05	0.082802	supercritical
235.36	611.00	779.21	0.0012833	39.552	117.96	4.2057	0.76176	1.4118	642.97	-0.015615	6.0503e-05	0.082441	supercritical
236.36	611.00	776.48	0.0012879	40.687	119.38	4.2117	0.76104	1.4104	641.42	-0.015388	6.0172e-05	0.082084	supercritical
237.36	611.00	773.75	0.0012924	41.819	120.79	4.2176	0.76034	1.4090	639.89	-0.015162	5.9847e-05	0.081732	supercritical
238.36	611.00	771.04	0.0012970	42.950	122.19	4.2235	0.75964	1.4075	638.39	-0.014937	5.9526e-05	0.081385	supercritical
239.36	611.00	768.33	0.0013015	44.077	123.60	4.2294	0.75895	1.4060	636.90	-0.014714	5.9212e-05	0.081042	supercritical
240.36	611.00	765.64	0.0013061	45.203	125.01	4.2353	0.75827	1.4045	635.44	-0.014492	5.8902e-05	0.080704	supercritical
241.36	611.00	762.95	0.0013107	46.326	126.41	4.2411	0.75760	1.4031	633.99	-0.014271	5.8597e-05	0.080370	supercritical
242.36	611.00	760.28	0.0013153	47.447	127.81	4.2469	0.75694	1.4016	632.57	-0.014052	5.8298e-05	0.080040	supercritical
243.36	611.00	757.62	0.0013199	48.565	129.21	4.2527	0.75628	1.4001	631.17	-0.013834	5.8003e-05	0.079715	supercritical
244.36	611.00	754.97	0.0013246	49.681	130.61	4.2584	0.75563	1.3985	629.79	-0.013618	5.7713e-05	0.079394	supercritical
245.36	611.00	752.33	0.0013292	50.795	132.01	4.2641	0.75499	1.3970	628.42	-0.013403	5.7429e-05	0.079078	supercritical
246.36	611.00	749.70	0.0013339	51.907	133.41	4.2698	0.75436	1.3955	627.08	-0.013189	5.7148e-05	0.078765	supercritical
247.36	611.00	747.08	0.0013385	53.016	134.80	4.2755	0.75373	1.3940	625.75	-0.012978	5.6873e-05	0.078457	supercritical
248.36	611.00	744.47	0.0013432	54.123	136.19	4.2811	0.75311	1.3924	624.45	-0.012767	5.6602e-05	0.078153	supercritical
249.36	611.00	741.88	0.0013479	55.227	137.59	4.2867	0.75250	1.3909	623.17	-0.012559	5.6335e-05	0.077853	supercritical
250.36	611.00	739.30	0.0013526	56.329	138.98	4.2922	0.75190	1.3893	621.90	-0.012352	5.6073e-05	0.077557	supercritical
251.36	611.00	736.72	0.0013574	57.429	140.36	4.2978	0.75131	1.3877	620.65	-0.012147	5.5816e-05	0.077265	supercritical
252.36	611.00	734.16	0.0013621	58.527	141.75	4.3033	0.75072	1.3861	619.42	-0.011944	5.5562e-05	0.076977	supercritical
253.36	611.00	731.61	0.0013668	59.622	143.14	4.3088	0.75014	1.3846	618.21	-0.011742	5.5313e-05	0.076693	supercritical
254.36	611.00	729.07	0.0013716	60.715	144.52	4.3142	0.74957	1.3830	617.02	-0.011542	5.5068e-05	0.076412	supercritical
255.36	611.00	726.55	0.0013764	61.806	145.90	4.3196	0.74900	1.3814	615.85	-0.011344	5.4827e-05	0.076136	supercritical
256.36	611.00	724.03	0.0013812	62.894	147.28	4.3250	0.74844	1.3798	614.70	-0.011148	5.4590e-05	0.075863	supercritical
257.36	611.00	721.53	0.0013859	63.980	148.66	4.3304	0.74789	1.3782	613.56	-0.010954	5.4357e-05	0.075594	supercritical
258.36	611.00	719.03	0.0013908	65.064	150.04	4.3357	0.74735	1.3766	612.44	-0.010762	5.4127e-05	0.075328	supercritical
259.36	611.00	716.55	0.0013956	66.146	151.41	4.3411	0.74681	1.3749	611.34	-0.010572	5.3902e-05	0.075066	supercritical
260.36	611.00	714.08	0.0014004	67.225	152.79	4.3463	0.74628	1.3733	610.25	-0.010384	5.3680e-05	0.074808	supercritical
261.36	611.00	711.63	0.0014052	68.302	154.16	4.3516	0.74576	1.3717	609.19	-0.010198	5.3462e-05	0.074553	supercritical
262.36	611.00	709.18	0.0014101	69.377	155.53	4.3568	0.74525	1.3701	608.14	-0.010014	5.3248e-05	0.074302	supercritical
263.36	611.00	706.75	0.0014149	70.449	156.90	4.3620	0.74474	1.3684	607.10	-0.0098317	5.3037e-05	0.074054	supercritical
264.36	611.00	704.32	0.0014198	71.520	158.27	4.3672	0.74424	1.3668	606.09	-0.0096518	5.2829e-05	0.073810	supercritical
265.36	611.00	701.91	0.0014247	72.588	159.64	4.3724	0.74374	1.3651	605.09	-0.0094740	5.2625e-05	0.073568	supercritical
266.36	611.00	699.51	0.0014296	73.653	161.00	4.3775	0.74325	1.3635	604.10	-0.0092983	5.2425e-05	0.073332	supercritical
267.36	611.00	697.13	0.0014345	74.717	162.36	4.3826	0.74277	1.3619	603.14	-0.0091248	5.2228e-05	0.073101	supercritical
268.36	611.00	694.75	0.0014394	75.778	163.72	4.3877	0.74230	1.3602	602.18	-0.0089535	5.2034e-05	0.072873	supercritical
269.36	611.00	692.39	0.0014443	76.837	165.08	4.3928	0.74183	1.3586	601.25	-0.0087844	5.1843e-05	0.072649	supercritical
270.36	611.00	690.04	0.0014492	77.894	166.44	4.3978	0.74137	1.3569	600.33	-0.0086175	5.1655e-05	0.072428	supercritical
271.36	611.00	687.69	0.0014541	78.949	167.80	4.4028	0.74091	1.3552	599.42	-0.0084528	5.1471e-05	0.072210	supercritical
272.36	611.00	685.37	0.0014591	80.001	169.15	4.4078	0.74046	1.3536	598.53	-0.0082903	5.1289e-05	0.071995	supercritical
273.36	611.00	683.05	0.0014640	81.052	170.50	4.4127	0.74002	1.3519	597.66	-0.0081301	5.1111e-05	0.071784	supercritical
274.36	611.00	680.74	0.0014690	82.100	171.85	4.4177	0.73959	1.3503	596.80	-0.0079722	5.0935e-05	0.071575	supercritical
275.36	611.00	678.45	0.0014739	83.146	173.20	4.4226	0.73916	1.3486	595.96	-0.0078165	5.0763e-05	0.071369	supercritical
276.36	611.00	676.17	0.0014789	84.190	174.55	4.4275	0.73873	1.3469	595.13	-0.0076631	5.0593e-05	0.071167	supercritical
277.36	611.00	673.90	0.0014839	85.232	175.90	4.4323	0.73832	1.3453	594.31	-0.0075120	5.0426e-05	0.070967	supercritical
278.36	611.00	671.64	0.0014889	86.271	177.24	4.4372	0.73791	1.3436	593.51	-0.0073632	5.0262e-05	0.070770	supercritical
279.36	611.00	669.39	0.0014939	87.309	178.59	4.4420	0.73750	1.3419	592.73	-0.0072167	5.0101e-05	0.070576	supercritical
280.36	611.00	667.16	0.0014989	88.344	179.93	4.4468	0.73710	1.3403	591.95	-0.0070725	4.9942e-05	0.070385	supercritical
281.36	611.00	664.93	0.0015039	89.377	181.27	4.4515	0.73671	1.3386	591.19	-0.0069307	4.9786e-05	0.070197	supercritical
282.36	611.00	662.72	0.0015089	90.408	182.60	4.4563	0.73633	1.3370	590.45	-0.0067912	4.9632e-05	0.070011	supercritical
283.36	611.00	660.52	0.0015140	91.437	183.94	4.4610	0.73595	1.3353	589.72	-0.0066540	4.9481e-05	0.069828	supercritical
284.36	611.00	658.33	0.0015190	92.464	185.27	4.4657	0.73557	1.3336	589.00	-0.0065191	4.9333e-05	0.069648	supercritical
285.36	611.00	656.16	0.0015240	93.489	186.61	4.4704	0.73520	1.3320	588.29	-0.0063866	4.9187e-05	0.069470	supercritical
286.36	611.00	653.99	0.0015291	94.512	187.94	4.4750	0.73484	1.3303	587.60	-0.0062564	4.9043e-05	0.069194	supercritical
287.36	611.00	651.84	0.0015341	95.533	189.27	4.4797	0.73449	1.3287	586.92	-0.0061286	4.8902e-05	0.069015	supercritical
288.36	611.00	649.70	0.0015392	96.552	190.60	4.4843	0.73414	1.3270	586.26	-0.0060031	4.8763e-05	0.068838	supercritical
289.36	611.00	647.57	0.0015442	97.568	191.92	4.4889	0.73379	1.3254	585.60	-0.0058799	4.8627e-05	0.068663	supercritical
290.36	611.00	645.45	0.0015493	98.583	193.25	4.4935	0.73345	1.3237	584.96	-0.0057591	4.8492e-05	0.068491	supercritical
291.36	611.00	643.34	0.0015544	99.596	194.57	4.4980	0.73312	1.3221	584.33	-0.0056406	4.8360e-05	0.068321	supercritical
292.36	611.00	641.24	0.0015595	100.61	195.89	4.5025	0.73279	1.3204	583.71	-0.0055244	4.8230e-05	0.068153	supercritical
293.36	611.00	639.16	0.0015646	101.62	197.21	4.5070	0.73247	1.3188	583.11	-0.0054105	4.8102e-05	0.067987	supercritical
294.36	611.00	637.08	0.0015697	102.62	198.53	4.5115	0.73215	1.3172	582.51	-0.0052990	4.7977e-05	0.067823	supercritical
295.36	611.00	635.02	0.0015748	103.63	199.84	4.5160	0.73184	1.3156	581.93	-0.0051898	4.7853e-05	0.067661	supercritical
296.36	611.00	632.97	0.0015799	104.63	201.16	4.5204	0.73153	1.3139	581.36	-0.0050829	4.7732e-05	0.067501	supercritical
297.36	611.00	630.93	0.0015850	105.63	202.47	4.5249	0.73123	1.3123	580.80	-0.0049783	4.7612e-05	0.067343	supercritical
298.36	611.00	628.90	0.0015901	106.63	203.78	4.5293	0.73094	1.3107	580.25	-0.0048760	4.7495e-05	0.067186	supercritical
299.36	611.00	626.88	0.0015952	107.63	205.09	4.5336	0.73065	1.3091	579.71	-0.0047761	4.7379e-05	0.067031	supercritical
300.36	611.00	624.88	0.0016003	108.62	206.40	4.5380	0.73037	1.3075	579.19	-0.0046783	4.7266e-05	0.066878	supercritical
301.36	611.00	622.88	0.0016054	109.62	207.71	4.5423	0.73009	1.3059	578.67	-0.0045829	4.7154e-05	0.066726	supercritical
302.36	611.00	620.90	0.0016106	110.61	209.01	4.5467	0.72981	1.3043	578.17	-0.0044897	4.7044e-05	0.066575	supercritical
303.36	611.00	618.92	0.0016157	111.60	210.32	4.5510	0.72955	1.3027	577.67	-0.0043988	4.6936e-05	0.066425	supercritical
304.36	611.00	616.96	0.0016208	112.59	211.62	4.5553	0.72928	1.3011	577.19	-0.0043102	4.6830e-05	0.066276	supercritical
305.36	611.00	615.01	0.0016260	113.57	212.92	4.5595	0.72902	1.2995	576.71	-0.0042237	4.6725e-05	0.066127	supercritical
306.36	611.00	613.07	0.0016311	114.56	214.22	4.5638	0.72877	1.2979	576.25	-0.0041395	4.6623e-05	0.065978	supercritical
307.36	611.00	611.14	0.0016363	115.54	215.52	4.5680	0.72852	1.2964	575.79	-0.0040576	4.6522e-05	0.065827	supercritical
308.36	611.00	609.22	0.0016414	116.52	216.81	4.5722	0.72828	1.2948	575.35	-0.0039778	4.6422e-05	0.065669	supercritical
309.36	611.00	607.31	0.0016466	117.50	218.10	4.5764	0.72804	1.2932	574.91	-0.0039002	4.6325e-05	0.065482	supercritical
310.36	611.00	605.42	0.0016518	118.47	219.40	4.5806	0.72781	1.2917	574.49	-0.0038248	4.6229e-05	0.065359	supercritical
311.36	611.00	603.53	0.0016569	119.45	220.69	4.5847	0.72758	1.2901	574.07	-0.0037515	4.6134e-05	0.065238	supercritical
312.36	611.00	601.65	0.0016621	120.42	221.98	4.5889	0.72736	1.2886	573.66	-0.0036804	4.6041e-05	0.065119	supercritical
313.36	611.00	599.79	0.0016673	121.40	223.27	4.5930	0.72714	1.2871	573.27	-0.0036115	4.5950e-05	0.065001	supercritical
314.36	611.00	597.93	0.0016724	122.37	224.55	4.5971	0.72693	1.2855	572.88	-0.0035446	4.5860e-05	0.064885	supercritical
315.36	611.00	596.09	0.0016776	123.33	225.84	4.6011	0.72672	1.2840	572.50	-0.0034799	4.5772e-05	0.064771	supercritical
316.36	611.00	594.25	0.0016828	124.30	227.12	4.6052	0.72651	1.2825	572.13	-0.0034173	4.5685e-05	0.064659	supercritical
317.36	611.00	592.43	0.0016880	125.27	228.40	4.6093	0.72631	1.2810	571.76	-0.0033567	4.5600e-05	0.064549	supercritical
318.36	611.00	590.61	0.0016932	126.23	229.68	4.6133	0.72612	1.2795	571.41	-0.0032982	4.5516e-05	0.064440	supercritical
319.36	611.00	588.81	0.0016983	127.19	230.96	4.6173	0.72593	1.2780	571.06	-0.0032418	4.5434e-05	0.064333	supercritical
320.36	611.00	587.01	0.0017035	128.15	232.24	4.6213	0.72574	1.2765	570.73	-0.0031874	4.5353e-05	0.064227	supercritical
321.36	611.00	585.23	0.0017087	129.11	233.51	4.6253	0.72556	1.2750	570.40	-0.0031350	4.5273e-05	0.064123	supercritical
322.36	611.00	583.46	0.0017139	130.07	234.79	4.6292	0.72538	1.2736	570.08	-0.0030846	4.5195e-05	0.064021	supercritical
323.36	611.00	581.69	0.0017191	131.02	236.06	4.6332	0.72521	1.2721	569.76	-0.0030362	4.5118e-05	0.063920	supercritical
324.36	611.00	579.94	0.0017243	131.98	237.33	4.6371	0.72504	1.2707	569.46	-0.0029898	4.5043e-05	0.063820	supercritical
325.36	611.00	578.20	0.0017295	132.93	238.60	4.6410	0.72488	1.2692	569.16	-0.0029453	4.4968e-05	0.063723	supercritical
326.36	611.00	576.46	0.0017347	133.88	239.87	4.6449	0.72472	1.2678	568.87	-0.0029028	4.4895e-05	0.063626	supercritical
327.36	611.00	574.74	0.0017399	134.83	241.14	4.6488	0.72457	1.2663	568.59	-0.0028621	4.4823e-05	0.063532	supercritical
328.36	611.00	573.03	0.0017451	135.78	242.40	4.6526	0.72442	1.2649	568.31	-0.0028234	4.4753e-05	0.063438	supercritical
329.36	611.00	571.32	0.0017503	136.72	243.67	4.6565	0.72427	1.2635	568.04	-0.0027866	4.4684e-05	0.063346	supercritical
330.36	611.00	569.63	0.0017555	137.67	244.93	4.6603	0.72413	1.2621	567.78	-0.0027516	4.4616e-05	0.063256	supercritical
331.36	611.00	567.94	0.0017607	138.61	246.19	4.6641	0.72399	1.2607	567.53	-0.0027185	4.4549e-05	0.063167	supercritical
332.36	611.00	566.26	0.0017660	139.55	247.45	4.6679	0.72386	1.2593	567.28	-0.0026872	4.4483e-05	0.063079	supercritical
333.36	611.00	564.60	0.0017712	140.49	248.71	4.6717	0.72373	1.2579	567.04	-0.0026577	4.4418e-05	0.062993	supercritical
334.36	611.00	562.94	0.0017764	141.43	249.97	4.6755	0.72360	1.2565	566.81	-0.0026300	4.4355e-05	0.062908	supercritical
335.36	611.00	561.29	0.0017816	142.37	251.22	4.6792	0.72348	1.2552	566.58	-0.0026041	4.4292e-05	0.062824	supercritical
336.36	611.00	559.66	0.0017868	143.30	252.48	4.6829	0.72336	1.2538	566.37	-0.0025800	4.4231e-05	0.062742	supercritical
337.36	611.00	558.03	0.0017920	144.24	253.73	4.6867	0.72325	1.2525	566.15	-0.0025576	4.4171e-05	0.062661	supercritical
338.36	611.00	556.41	0.0017972	145.17	254.98	4.6904	0.72314	1.2511	565.95	-0.0025369	4.4112e-05	0.062581	supercritical
339.36	611.00	554.80	0.0018025	146.10	256.23	4.6941	0.72304	1.2498	565.75	-0.0025180	4.4054e-05	0.062503	supercritical
340.36	611.00	553.19	0.0018077	147.03	257.48	4.6977	0.72293	1.2485	565.55	-0.0025007	4.3997e-05	0.062426	supercritical
341.36	611.00	551.60	0.0018129	147.96	258.73	4.7014	0.72284	1.2471	565.36	-0.0024851	4.3941e-05	0.062350	supercritical
342.36	611.00	550.02	0.0018181	148.89	259.98	4.7050	0.72274	1.2458	565.18	-0.0024711	4.3886e-05	0.062275	supercritical
343.36	611.00	548.44	0.0018233	149.82	261.22	4.7087	0.72265	1.2445	565.01	-0.0024588	4.3832e-05	0.062202	supercritical
344.36	611.00	546.88	0.0018286	150.74	262.47	4.7123	0.72257	1.2432	564.84	-0.0024481	4.3779e-05	0.062129	supercritical
345.36	611.00	545.32	0.0018338	151.66	263.71	4.7159	0.72248	1.2420	564.67	-0.0024390	4.3727e-05	0.062058	supercritical
346.36	611.00	543.77	0.0018390	152.59	264.95	4.7195	0.72241	1.2407	564.51	-0.0024315	4.3676e-05	0.061988	supercritical
347.36	611.00	542.23	0.0018442	153.51	266.19	4.7231	0.72233	1.2394	564.36	-0.0024255	4.3626e-05	0.061920	supercritical
348.36	611.00	540.70	0.0018495	154.43	267.43	4.7266	0.72226	1.2382	564.21	-0.0024211	4.3576e-05	0.061852	supercritical
349.36	611.00	539.18	0.0018547	155.34	268.67	4.7302	0.72219	1.2369	564.07	-0.0024182	4.3528e-05	0.061785	supercritical
350.36	611.00	537.66	0.0018599	156.26	269.90	4.7337	0.72213	1.2357	563.93	-0.0024168	4.3481e-05	0.061720	supercritical
351.36	611.00	536.16	0.0018651	157.18	271.14	4.7372	0.72207	1.2345	563.80	-0.0024169	4.3434e-05	0.061655	supercritical
352.36	611.00	534.66	0.0018704	158.09	272.37	4.7407	0.72201	1.2332	563.68	-0.0024185	4.3388e-05	0.061592	supercritical
353.36	611.00	533.17	0.0018756	159.01	273.60	4.7442	0.72195	1.2320	563.56	-0.0024216	4.3344e-05	0.061530	supercritical
354.36	611.00	531.69	0.0018808	159.92	274.84	4.7477	0.72190	1.2308	563.44	-0.0024261	4.3300e-05	0.061469	supercritical
355.36	611.00	530.22	0.0018860	160.83	276.07	4.7512	0.72186	1.2296	563.33	-0.0024319	4.3256e-05	0.061409	supercritical
356.36	611.00	528.75	0.0018912	161.74	277.29	4.7546	0.72181	1.2284	563.23	-0.0024392	4.3214e-05	0.061350	supercritical
357.36	611.00	527.30	0.0018965	162.65	278.52	4.7581	0.72177	1.2273	563.13	-0.0024479	4.3173e-05	0.061291	supercritical
358.36	611.00	525.85	0.0019017	163.56	279.75	4.7615	0.72174	1.2261	563.03	-0.0024580	4.3132e-05	0.061234	supercritical
359.36	611.00	524.41	0.0019069	164.46	280.97	4.7649	0.72170	1.2249	562.94	-0.0024694	4.3092e-05	0.061178	supercritical
360.36	611.00	522.98	0.0019121	165.37	282.20	4.7683	0.72167	1.2238	562.85	-0.0024821	4.3053e-05	0.061123	supercritical
361.36	611.00	521.55	0.0019174	166.27	283.42	4.7717	0.72165	1.2226	562.77	-0.0024962	4.3015e-05	0.061069	supercritical
362.36	611.00	520.14	0.0019226	167.17	284.64	4.7751	0.72162	1.2215	562.69	-0.0025115	4.2977e-05	0.061016	supercritical
363.36	611.00	518.73	0.0019278	168.08	285.86	4.7784	0.72160	1.2204	562.62	-0.0025282	4.2940e-05	0.060964	supercritical
364.36	611.00	517.33	0.0019330	168.98	287.08	4.7818	0.72158	1.2192	562.55	-0.0025461	4.2904e-05	0.060912	supercritical
365.36	611.00	515.93	0.0019382	169.88	288.30	4.7851	0.72157	1.2181	562.49	-0.0025652	4.2869e-05	0.060862	supercritical
366.36	611.00	514.55	0.0019435	170.78	289.52	4.7885	0.72156	1.2170	562.43	-0.0025856	4.2834e-05	0.060812	supercritical
367.36	611.00	513.17	0.0019487	171.67	290.74	4.7918	0.72155	1.2159	562.37	-0.0026072	4.2800e-05	0.060764	supercritical
368.36	611.00	511.80	0.0019539	172.57	291.95	4.7951	0.72154	1.2149	562.32	-0.0026300	4.2767e-05	0.060716	supercritical
369.36	611.00	510.44	0.0019591	173.47	293.17	4.7984	0.72154	1.2138	562.28	-0.0026540	4.2735e-05	0.060669	supercritical
370.36	611.00	509.08	0.0019643	174.36	294.38	4.8017	0.72154	1.2127	562.23	-0.0026791	4.2703e-05	0.060624	supercritical
371.36	611.00	507.73	0.0019695	175.25	295.59	4.8049	0.72155	1.2116	562.19	-0.0027054	4.2672e-05	0.060578	supercritical
372.36	611.00	506.39	0.0019748	176.15	296.80	4.8082	0.72155	1.2106	562.16	-0.0027328	4.2641e-05	0.060534	supercritical
373.36	611.00	505.06	0.0019800	177.04	298.01	4.8114	0.72156	1.2096	562.13	-0.0027614	4.2611e-05	0.060491	supercritical
374.36	611.00	503.73	0.0019852	177.93	299.22	4.8147	0.72157	1.2085	562.10	-0.0027911	4.2582e-05	0.060448	supercritical
375.36	611.00	502.41	0.0019904	178.82	300.43	4.8179	0.72159	1.2075	562.08	-0.0028218	4.2554e-05	0.060407	supercritical
376.36	611.00	501.10	0.0019956	179.71	301.64	4.8211	0.72161	1.2065	562.06	-0.0028536	4.2526e-05	0.060366	supercritical
377.36	611.00	499.80	0.0020008	180.59	302.84	4.8243	0.72163	1.2055	562.04	-0.0028865	4.2498e-05	0.060326	supercritical
378.36	611.00	498.50	0.0020060	181.48	304.05	4.8275	0.72165	1.2045	562.03	-0.0029204	4.2472e-05	0.060286	supercritical
379.36	611.00	497.21	0.0020112	182.37	305.25	4.8307	0.72168	1.2035	562.02	-0.0029553	4.2446e-05	0.060248	supercritical
380.36	611.00	495.92	0.0020164	183.25	306.46	4.8338	0.72171	1.2025	562.01	-0.0029913	4.2420e-05	0.060210	supercritical
381.36	611.00	494.65	0.0020217	184.13	307.66	4.8370	0.72174	1.2015	562.01	-0.0030282	4.2395e-05	0.060173	supercritical
382.36	611.00	493.37	0.0020269	185.02	308.86	4.8401	0.72177	1.2005	562.01	-0.0030662	4.2371e-05	0.060137	supercritical
383.36	611.00	492.11	0.0020321	185.90	310.06	4.8433	0.72181	1.1996	562.02	-0.0031050	4.2347e-05	0.060102	supercritical
384.36	611.00	490.85	0.0020373	186.78	311.26	4.8464	0.72185	1.1986	562.03	-0.0031449	4.2324e-05	0.060067	supercritical
385.36	611.00	489.60	0.0020425	187.66	312.46	4.8495	0.72189	1.1977	562.04	-0.0031857	4.2302e-05	0.060033	supercritical
386.36	611.00	488.36	0.0020477	188.54	313.65	4.8526	0.72194	1.1967	562.05	-0.0032274	4.2280e-05	0.060000	supercritical
387.36	611.00	487.12	0.0020529	189.42	314.85	4.8557	0.72199	1.1958	562.07	-0.0032700	4.2258e-05	0.059967	supercritical
388.36	611.00	485.89	0.0020581	190.30	316.04	4.8588	0.72204	1.1949	562.09	-0.0033135	4.2237e-05	0.059936	supercritical
389.36	611.00	484.67	0.0020633	191.17	317.24	4.8618	0.72209	1.1940	562.11	-0.0033579	4.2217e-05	0.059904	supercritical
390.36	611.00	483.45	0.0020685	192.05	318.43	4.8649	0.72214	1.1931	562.14	-0.0034032	4.2197e-05	0.059874	supercritical
391.36	611.00	482.24	0.0020736	192.93	319.63	4.8680	0.72220	1.1922	562.17	-0.0034493	4.2177e-05	0.059844	supercritical
392.36	611.00	481.04	0.0020788	193.80	320.82	4.8710	0.72226	1.1913	562.20	-0.0034963	4.2159e-05	0.059815	supercritical
393.36	611.00	479.84	0.0020840	194.67	322.01	4.8740	0.72232	1.1904	562.24	-0.0035441	4.2140e-05	0.059787	supercritical
394.36	611.00	478.65	0.0020892	195.55	323.20	4.8771	0.72239	1.1895	562.28	-0.0035927	4.2122e-05	0.059759	supercritical
395.36	611.00	477.46	0.0020944	196.42	324.39	4.8801	0.72246	1.1887	562.32	-0.0036422	4.2105e-05	0.059732	supercritical
396.36	611.00	476.28	0.0020996	197.29	325.58	4.8831	0.72252	1.1878	562.37	-0.0036924	4.2088e-05	0.059706	supercritical
397.36	611.00	475.11	0.0021048	198.16	326.76	4.8861	0.72260	1.1870	562.41	-0.0037434	4.2072e-05	0.059680	supercritical
398.36	611.00	473.94	0.0021100	199.03	327.95	4.8890	0.72267	1.1861	562.46	-0.0037951	4.2056e-05	0.059655	supercritical
399.36	611.00	472.78	0.0021152	199.90	329.13	4.8920	0.72275	1.1853	562.52	-0.0038476	4.2041e-05	0.059631	supercritical
400.36	611.00	471.62	0.0021203	200.77	330.32	4.8950	0.72282	1.1844	562.57	-0.0039009	4.2026e-05	0.059607	supercritical
401.36	611.00	470.47	0.0021255	201.63	331.50	4.8979	0.72290	1.1836	562.63	-0.0039548	4.2011e-05	0.059584	supercritical
402.36	611.00	469.33	0.0021307	202.50	332.69	4.9009	0.72299	1.1828	562.69	-0.0040095	4.1997e-05	0.059562	supercritical
403.36	611.00	468.19	0.0021359	203.37	333.87	4.9038	0.72307	1.1820	562.75	-0.0040649	4.1984e-05	0.059540	supercritical
404.36	611.00	467.06	0.0021410	204.23	335.05	4.9067	0.72316	1.1812	562.82	-0.0041210	4.1970e-05	0.059518	supercritical
405.36	611.00	465.94	0.0021462	205.10	336.23	4.9096	0.72325	1.1804	562.89	-0.0041778	4.1958e-05	0.059498	supercritical
406.36	611.00	464.82	0.0021514	205.96	337.41	4.9126	0.72334	1.1796	562.96	-0.0042352	4.1945e-05	0.059477	supercritical
407.36	611.00	463.70	0.0021566	206.83	338.59	4.9155	0.72343	1.1788	563.03	-0.0042933	4.1934e-05	0.059458	supercritical
408.36	611.00	462.59	0.0021617	207.69	339.77	4.9183	0.72353	1.1781	563.11	-0.0043520	4.1922e-05	0.059439	supercritical
409.36	611.00	461.49	0.0021669	208.55	340.95	4.9212	0.72363	1.1773	563.18	-0.0044114	4.1911e-05	0.059421	supercritical
410.36	611.00	460.39	0.0021721	209.41	342.12	4.9241	0.72373	1.1765	563.26	-0.0044714	4.1901e-05	0.059403	supercritical
411.36	611.00	459.30	0.0021772	210.27	343.30	4.9270	0.72383	1.1758	563.35	-0.0045320	4.1890e-05	0.059385	supercritical
412.36	611.00	458.21	0.0021824	211.13	344.48	4.9298	0.72393	1.1750	563.43	-0.0045932	4.1881e-05	0.059369	supercritical
413.36	611.00	457.13	0.0021875	211.99	345.65	4.9327	0.72404	1.1743	563.52	-0.0046550	4.1871e-05	0.059353	supercritical
414.36	611.00	456.06	0.0021927	212.85	346.82	4.9355	0.72414	1.1736	563.61	-0.0047174	4.1862e-05	0.059337	supercritical
415.36	611.00	454.99	0.0021979	213.71	348.00	4.9383	0.72425	1.1729	563.70	-0.0047804	4.1854e-05	0.059322	supercritical
416.36	611.00	453.92	0.0022030	214.57	349.17	4.9411	0.72436	1.1721	563.79	-0.0048439	4.1845e-05	0.059307	supercritical
417.36	611.00	452.86	0.0022082	215.42	350.34	4.9440	0.72448	1.1714	563.88	-0.0049080	4.1838e-05	0.059293	supercritical
418.36	611.00	451.81	0.0022133	216.28	351.51	4.9468	0.72459	1.1707	563.98	-0.0049726	4.1830e-05	0.059280	supercritical
419.36	611.00	450.76	0.0022185	217.13	352.68	4.9495	0.72471	1.1700	564.08	-0.0050377	4.1823e-05	0.059267	supercritical
420.36	611.00	449.72	0.0022236	217.99	353.85	4.9523	0.72483	1.1693	564.18	-0.0051034	4.1816e-05	0.059254	supercritical
421.36	611.00	448.68	0.0022288	218.84	355.02	4.9551	0.72495	1.1687	564.29	-0.0051695	4.1810e-05	0.059242	supercritical
422.36	611.00	447.64	0.0022339	219.70	356.19	4.9579	0.72507	1.1680	564.39	-0.0052362	4.1804e-05	0.059231	supercritical
423.36	611.00	446.62	0.0022391	220.55	357.36	4.9606	0.72519	1.1673	564.50	-0.0053034	4.1798e-05	0.059220	supercritical
424.36	611.00	445.59	0.0022442	221.40	358.52	4.9634	0.72532	1.1666	564.61	-0.0053710	4.1793e-05	0.059210	supercritical
425.36	611.00	444.57	0.0022493	222.26	359.69	4.9661	0.72544	1.1660	564.72	-0.0054392	4.1788e-05	0.059200	supercritical
426.36	611.00	443.56	0.0022545	223.11	360.86	4.9689	0.72557	1.1653	564.83	-0.0055078	4.1783e-05	0.059190	supercritical
427.36	611.00	442.55	0.0022596	223.96	362.02	4.9716	0.72570	1.1647	564.95	-0.0055768	4.1779e-05	0.059181	supercritical
428.36	611.00	441.55	0.0022648	224.81	363.19	4.9743	0.72584	1.1640	565.06	-0.0056463	4.1775e-05	0.059173	supercritical
429.36	611.00	440.55	0.0022699	225.66	364.35	4.9770	0.72597	1.1634	565.18	-0.0057162	4.1772e-05	0.059165	supercritical
430.36	611.00	439.56	0.0022750	226.51	365.51	4.9797	0.72610	1.1628	565.30	-0.0057866	4.1768e-05	0.059157	supercritical
431.36	611.00	438.57	0.0022801	227.36	366.68	4.9824	0.72624	1.1622	565.42	-0.0058573	4.1765e-05	0.059150	supercritical
432.36	611.00	437.58	0.0022853	228.21	367.84	4.9851	0.72638	1.1615	565.55	-0.0059285	4.1763e-05	0.059143	supercritical
433.36	611.00	436.61	0.0022904	229.06	369.00	4.9878	0.72652	1.1609	565.67	-0.0060001	4.1760e-05	0.059137	supercritical
434.36	611.00	435.63	0.0022955	229.90	370.16	4.9905	0.72666	1.1603	565.80	-0.0060721	4.1758e-05	0.059131	supercritical
435.36	611.00	434.66	0.0023006	230.75	371.32	4.9932	0.72681	1.1597	565.93	-0.0061445	4.1757e-05	0.059126	supercritical
436.36	611.00	433.70	0.0023058	231.60	372.48	4.9958	0.72695	1.1591	566.06	-0.0062173	4.1755e-05	0.059121	supercritical
437.36	611.00	432.74	0.0023109	232.44	373.64	4.9985	0.72710	1.1585	566.19	-0.0062904	4.1754e-05	0.059117	supercritical
438.36	611.00	431.78	0.0023160	233.29	374.80	5.0011	0.72724	1.1580	566.32	-0.0063639	4.1753e-05	0.059113	supercritical
439.36	611.00	430.83	0.0023211	234.13	375.95	5.0038	0.72739	1.1574	566.46	-0.0064377	4.1753e-05	0.059109	supercritical
440.36	611.00	429.88	0.0023262	234.98	377.11	5.0064	0.72754	1.1568	566.59	-0.0065119	4.1753e-05	0.059106	supercritical
441.36	611.00	428.94	0.0023313	235.82	378.27	5.0090	0.72770	1.1563	566.73	-0.0065865	4.1753e-05	0.059103	supercritical
442.36	611.00	428.00	0.0023364	236.67	379.42	5.0116	0.72785	1.1557	566.87	-0.0066613	4.1753e-05	0.059101	supercritical
443.36	611.00	427.07	0.0023415	237.51	380.58	5.0142	0.72800	1.1551	567.01	-0.0067365	4.1754e-05	0.059099	supercritical
444.36	611.00	426.14	0.0023467	238.35	381.73	5.0168	0.72816	1.1546	567.15	-0.0068120	4.1755e-05	0.059097	supercritical
445.36	611.00	425.21	0.0023518	239.20	382.89	5.0194	0.72832	1.1541	567.30	-0.0068879	4.1756e-05	0.059096	supercritical
446.36	611.00	424.29	0.0023569	240.04	384.04	5.0220	0.72848	1.1535	567.44	-0.0069640	4.1757e-05	0.059095	supercritical
447.36	611.00	423.38	0.0023620	240.88	385.19	5.0246	0.72864	1.1530	567.59	-0.0070404	4.1759e-05	0.059095	supercritical
448.36	611.00	422.47	0.0023671	241.72	386.35	5.0272	0.72880	1.1525	567.74	-0.0071171	4.1761e-05	0.059095	supercritical
449.36	611.00	421.56	0.0023722	242.56	387.50	5.0297	0.72896	1.1519	567.88	-0.0071941	4.1763e-05	0.059096	supercritical
450.36	611.00	420.66	0.0023772	243.40	388.65	5.0323	0.72913	1.1514	568.04	-0.0072714	4.1766e-05	0.059097	supercritical
451.36	611.00	419.76	0.0023823	244.24	389.80	5.0349	0.72929	1.1509	568.19	-0.0073490	4.1769e-05	0.059098	supercritical
452.36	611.00	418.86	0.0023874	245.08	390.95	5.0374	0.72946	1.1504	568.34	-0.0074268	4.1772e-05	0.059099	supercritical
453.36	611.00	417.97	0.0023925	245.92	392.10	5.0399	0.72963	1.1499	568.49	-0.0075049	4.1775e-05	0.059101	supercritical
454.36	611.00	417.08	0.0023976	246.76	393.25	5.0425	0.72979	1.1494	568.65	-0.0075832	4.1779e-05	0.059104	supercritical
455.36	611.00	416.20	0.0024027	247.60	394.40	5.0450	0.72996	1.1489	568.81	-0.0076618	4.1782e-05	0.059106	supercritical
456.36	611.00	415.32	0.0024078	248.44	395.55	5.0475	0.73014	1.1484	568.97	-0.0077406	4.1786e-05	0.059110	supercritical
457.36	611.00	414.45	0.0024128	249.27	396.70	5.0500	0.73031	1.1480	569.12	-0.0078196	4.1791e-05	0.059113	supercritical
458.36	611.00	413.58	0.0024179	250.11	397.85	5.0525	0.73048	1.1475	569.29	-0.0078989	4.1795e-05	0.059117	supercritical
459.36	611.00	412.71	0.0024230	250.95	398.99	5.0550	0.73066	1.1470	569.45	-0.0079784	4.1800e-05	0.059121	supercritical
460.36	611.00	411.85	0.0024281	251.79	400.14	5.0575	0.73083	1.1465	569.61	-0.0080581	4.1805e-05	0.059126	supercritical
461.36	611.00	410.99	0.0024331	252.62	401.29	5.0600	0.73101	1.1461	569.77	-0.0081380	4.1810e-05	0.059130	supercritical
462.36	611.00	410.14	0.0024382	253.46	402.43	5.0625	0.73119	1.1456	569.94	-0.0082182	4.1816e-05	0.059136	supercritical
463.36	611.00	409.28	0.0024433	254.29	403.58	5.0650	0.73137	1.1452	570.11	-0.0082985	4.1821e-05	0.059141	supercritical
464.36	611.00	408.44	0.0024484	255.13	404.72	5.0674	0.73155	1.1447	570.27	-0.0083790	4.1827e-05	0.059147	supercritical
465.36	611.00	407.59	0.0024534	255.96	405.87	5.0699	0.73173	1.1443	570.44	-0.0084597	4.1833e-05	0.059153	supercritical
466.36	611.00	406.75	0.0024585	256.80	407.01	5.0724	0.73191	1.1438	570.61	-0.0085406	4.1840e-05	0.059160	supercritical
467.36	611.00	405.92	0.0024635	257.63	408.16	5.0748	0.73210	1.1434	570.78	-0.0086217	4.1846e-05	0.059167	supercritical
468.36	611.00	405.09	0.0024686	258.47	409.30	5.0773	0.73228	1.1430	570.95	-0.0087029	4.1853e-05	0.059174	supercritical
469.36	611.00	404.26	0.0024737	259.30	410.44	5.0797	0.73247	1.1426	571.13	-0.0087843	4.1860e-05	0.059182	supercritical
470.36	611.00	403.43	0.0024787	260.13	411.58	5.0821	0.73265	1.1421	571.30	-0.0088659	4.1867e-05	0.059189	supercritical
471.36	611.00	402.61	0.0024838	260.97	412.73	5.0846	0.73284	1.1417	571.48	-0.0089476	4.1875e-05	0.059198	supercritical
472.36	611.00	401.80	0.0024888	261.80	413.87	5.0870	0.73303	1.1413	571.65	-0.0090295	4.1882e-05	0.059206	supercritical
473.36	611.00	400.98	0.0024939	262.63	415.01	5.0894	0.73322	1.1409	571.83	-0.0091115	4.1890e-05	0.059215	supercritical
474.36	611.00	400.17	0.0024989	263.46	416.15	5.0918	0.73341	1.1405	572.01	-0.0091937	4.1898e-05	0.059224	supercritical
475.36	611.00	399.37	0.0025040	264.30	417.29	5.0942	0.73360	1.1401	572.19	-0.0092760	4.1906e-05	0.059233	supercritical
476.36	611.00	398.56	0.0025090	265.13	418.43	5.0966	0.73379	1.1397	572.37	-0.0093584	4.1915e-05	0.059243	supercritical
477.36	611.00	397.76	0.0025141	265.96	419.57	5.0990	0.73398	1.1393	572.55	-0.0094410	4.1923e-05	0.059253	supercritical
478.36	611.00	396.97	0.0025191	266.79	420.71	5.1014	0.73418	1.1389	572.73	-0.0095236	4.1932e-05	0.059264	supercritical
479.36	611.00	396.18	0.0025241	267.62	421.85	5.1037	0.73437	1.1386	572.91	-0.0096064	4.1941e-05	0.059274	supercritical
480.36	611.00	395.39	0.0025292	268.45	422.98	5.1061	0.73457	1.1382	573.09	-0.0096894	4.1950e-05	0.059285	supercritical
481.36	611.00	394.60	0.0025342	269.28	424.12	5.1085	0.73476	1.1378	573.28	-0.0097724	4.1959e-05	0.059296	supercritical
482.36	611.00	393.82	0.0025392	270.11	425.26	5.1108	0.73496	1.1374	573.46	-0.0098555	4.1969e-05	0.059308	supercritical
483.36	611.00	393.04	0.0025443	270.94	426.40	5.1132	0.73516	1.1371	573.65	-0.0099388	4.1979e-05	0.059320	supercritical
484.36	611.00	392.27	0.0025493	271.77	427.53	5.1155	0.73536	1.1367	573.84	-0.010022	4.1989e-05	0.059332	supercritical
485.36	611.00	391.49	0.0025543	272.60	428.67	5.1179	0.73556	1.1364	574.02	-0.010106	4.1999e-05	0.059344	supercritical
486.36	611.00	390.72	0.0025593	273.43	429.81	5.1202	0.73576	1.1360	574.21	-0.010189	4.2009e-05	0.059357	supercritical
487.36	611.00	389.96	0.0025644	274.26	430.94	5.1226	0.73596	1.1357	574.40	-0.010273	4.2019e-05	0.059370	supercritical
488.36	611.00	389.20	0.0025694	275.09	432.08	5.1249	0.73616	1.1353	574.59	-0.010356	4.2030e-05	0.059383	supercritical
489.36	611.00	388.44	0.0025744	275.92	433.21	5.1272	0.73636	1.1350	574.78	-0.010440	4.2041e-05	0.059396	supercritical
490.36	611.00	387.68	0.0025794	276.75	434.35	5.1295	0.73657	1.1346	574.98	-0.010524	4.2052e-05	0.059410	supercritical
491.36	611.00	386.93	0.0025844	277.57	435.48	5.1318	0.73677	1.1343	575.17	-0.010608	4.2063e-05	0.059424	supercritical
492.36	611.00	386.18	0.0025895	278.40	436.62	5.1341	0.73698	1.1340	575.36	-0.010692	4.2074e-05	0.059438	supercritical
493.36	611.00	385.44	0.0025945	279.23	437.75	5.1364	0.73718	1.1337	575.56	-0.010776	4.2085e-05	0.059453	supercritical
494.36	611.00	384.69	0.0025995	280.06	438.88	5.1387	0.73739	1.1333	575.75	-0.010860	4.2097e-05	0.059468	supercritical
495.36	611.00	383.95	0.0026045	280.88	440.02	5.1410	0.73760	1.1330	575.95	-0.010944	4.2109e-05	0.059483	supercritical
496.36	611.00	383.22	0.0026095	281.71	441.15	5.1433	0.73780	1.1327	576.14	-0.011028	4.2121e-05	0.059498	supercritical
497.36	611.00	382.48	0.0026145	282.54	442.28	5.1456	0.73801	1.1324	576.34	-0.011113	4.2133e-05	0.059513	supercritical
498.36	611.00	381.75	0.0026195	283.36	443.42	5.1479	0.73822	1.1321	576.54	-0.011197	4.2145e-05	0.059529	supercritical
499.36	611.00	381.02	0.0026245	284.19	444.55	5.1501	0.73843	1.1318	576.74	-0.011281	4.2157e-05	0.059545	supercritical
500.36	611.00	380.30	0.0026295	285.02	445.68	5.1524	0.73864	1.1315	576.94	-0.011366	4.2170e-05	0.059562	supercritical
501.36	611.00	379.58	0.0026345	285.84	446.81	5.1547	0.73885	1.1312	577.14	-0.011450	4.2183e-05	0.059578	supercritical
502.36	611.00	378.86	0.0026395	286.67	447.94	5.1569	0.73906	1.1309	577.34	-0.011535	4.2196e-05	0.059595	supercritical
503.36	611.00	378.14	0.0026445	287.49	449.07	5.1592	0.73927	1.1306	577.54	-0.011619	4.2209e-05	0.059612	supercritical
504.36	611.00	377.43	0.0026495	288.32	450.20	5.1614	0.73949	1.1303	577.74	-0.011704	4.2222e-05	0.059629	supercritical
505.36	611.00	376.72	0.0026545	289.14	451.33	5.1636	0.73970	1.1300	577.94	-0.011788	4.2235e-05	0.059647	supercritical
506.36	611.00	376.02	0.0026595	289.97	452.46	5.1659	0.73991	1.1297	578.15	-0.011873	4.2248e-05	0.059665	supercritical
507.36	611.00	375.31	0.0026644	290.79	453.59	5.1681	0.74013	1.1295	578.35	-0.011957	4.2262e-05	0.059683	supercritical
508.36	611.00	374.61	0.0026694	291.62	454.72	5.1703	0.74034	1.1292	578.55	-0.012042	4.2276e-05	0.059701	supercritical
509.36	611.00	373.91	0.0026744	292.44	455.85	5.1725	0.74056	1.1289	578.76	-0.012127	4.2290e-05	0.059719	supercritical
510.36	611.00	373.22	0.0026794	293.27	456.98	5.1748	0.74077	1.1286	578.97	-0.012211	4.2304e-05	0.059738	supercritical
511.36	611.00	372.53	0.0026844	294.09	458.11	5.1770	0.74099	1.1284	579.17	-0.012296	4.2318e-05	0.059757	supercritical
512.36	611.00	371.84	0.0026893	294.92	459.24	5.1792	0.74121	1.1281	579.38	-0.012381	4.2332e-05	0.059776	supercritical
513.36	611.00	371.15	0.0026943	295.74	460.36	5.1814	0.74143	1.1279	579.59	-0.012465	4.2346e-05	0.059795	supercritical
514.36	611.00	370.47	0.0026993	296.56	461.49	5.1836	0.74164	1.1276	579.79	-0.012550	4.2361e-05	0.059815	supercritical
515.36	611.00	369.79	0.0027043	297.39	462.62	5.1858	0.74186	1.1274	580.00	-0.012634	4.2376e-05	0.059834	supercritical
516.36	611.00	369.11	0.0027092	298.21	463.75	5.1879	0.74208	1.1271	580.21	-0.012719	4.2390e-05	0.059854	supercritical
517.36	611.00	368.43	0.0027142	299.04	464.87	5.1901	0.74230	1.1269	580.42	-0.012804	4.2405e-05	0.059875	supercritical
518.36	611.00	367.76	0.0027192	299.86	466.00	5.1923	0.74252	1.1266	580.63	-0.012888	4.2420e-05	0.059895	supercritical
519.36	611.00	367.09	0.0027241	300.68	467.13	5.1945	0.74274	1.1264	580.84	-0.012973	4.2435e-05	0.059916	supercritical
520.36	611.00	366.42	0.0027291	301.50	468.25	5.1966	0.74296	1.1261	581.06	-0.013058	4.2451e-05	0.059936	supercritical
521.36	611.00	365.76	0.0027341	302.33	469.38	5.1988	0.74318	1.1259	581.27	-0.013142	4.2466e-05	0.059958	supercritical
522.36	611.00	365.09	0.0027390	303.15	470.50	5.2010	0.74340	1.1257	581.48	-0.013227	4.2482e-05	0.059979	supercritical
523.36	611.00	364.43	0.0027440	303.97	471.63	5.2031	0.74363	1.1254	581.69	-0.013311	4.2497e-05	0.060000	supercritical
524.36	611.00	363.78	0.0027489	304.80	472.76	5.2053	0.74385	1.1252	581.91	-0.013396	4.2513e-05	0.060022	supercritical
525.36	611.00	363.12	0.0027539	305.62	473.88	5.2074	0.74407	1.1250	582.12	-0.013480	4.2529e-05	0.060044	supercritical
526.36	611.00	362.47	0.0027588	306.44	475.01	5.2095	0.74429	1.1248	582.34	-0.013565	4.2545e-05	0.060066	supercritical
527.36	611.00	361.82	0.0027638	307.26	476.13	5.2117	0.74452	1.1246	582.55	-0.013649	4.2561e-05	0.060088	supercritical
528.36	611.00	361.17	0.0027687	308.08	477.25	5.2138	0.74474	1.1243	582.77	-0.013733	4.2578e-05	0.060110	supercritical
529.36	611.00	360.53	0.0027737	308.91	478.38	5.2159	0.74496	1.1241	582.98	-0.013818	4.2594e-05	0.060133	supercritical
530.36	611.00	359.89	0.0027786	309.73	479.50	5.2181	0.74519	1.1239	583.20	-0.013902	4.2610e-05	0.060156	supercritical
531.36	611.00	359.25	0.0027836	310.55	480.63	5.2202	0.74541	1.1237	583.42	-0.013986	4.2627e-05	0.060179	supercritical
532.36	611.00	358.61	0.0027885	311.37	481.75	5.2223	0.74564	1.1235	583.63	-0.014071	4.2644e-05	0.060202	supercritical
533.36	611.00	357.98	0.0027935	312.19	482.87	5.2244	0.74587	1.1233	583.85	-0.014155	4.2660e-05	0.060225	supercritical
534.36	611.00	357.35	0.0027984	313.01	484.00	5.2265	0.74609	1.1231	584.07	-0.014239	4.2677e-05	0.060249	supercritical
535.36	611.00	356.72	0.0028033	313.84	485.12	5.2286	0.74632	1.1229	584.29	-0.014323	4.2694e-05	0.060273	supercritical
536.36	611.00	356.09	0.0028083	314.66	486.24	5.2307	0.74654	1.1227	584.51	-0.014407	4.2712e-05	0.060297	supercritical
537.36	611.00	355.47	0.0028132	315.48	487.37	5.2328	0.74677	1.1225	584.73	-0.014491	4.2729e-05	0.060321	supercritical
538.36	611.00	354.84	0.0028181	316.30	488.49	5.2349	0.74700	1.1223	584.95	-0.014575	4.2746e-05	0.060345	supercritical
539.36	611.00	354.22	0.0028231	317.12	489.61	5.2370	0.74723	1.1221	585.17	-0.014659	4.2764e-05	0.060370	supercritical
540.36	611.00	353.61	0.0028280	317.94	490.73	5.2390	0.74745	1.1220	585.39	-0.014743	4.2781e-05	0.060394	supercritical
541.36	611.00	352.99	0.0028329	318.76	491.85	5.2411	0.74768	1.1218	585.61	-0.014827	4.2799e-05	0.060419	supercritical
542.36	611.00	352.38	0.0028378	319.58	492.98	5.2432	0.74791	1.1216	585.83	-0.014910	4.2817e-05	0.060444	supercritical
543.36	611.00	351.77	0.0028428	320.40	494.10	5.2452	0.74814	1.1214	586.06	-0.014994	4.2834e-05	0.060469	supercritical
544.36	611.00	351.16	0.0028477	321.22	495.22	5.2473	0.74837	1.1213	586.28	-0.015078	4.2852e-05	0.060495	supercritical
545.36	611.00	350.56	0.0028526	322.05	496.34	5.2494	0.74860	1.1211	586.50	-0.015161	4.2870e-05	0.060520	supercritical
546.36	611.00	349.95	0.0028575	322.87	497.46	5.2514	0.74882	1.1209	586.72	-0.015245	4.2889e-05	0.060546	supercritical
547.36	611.00	349.35	0.0028624	323.69	498.58	5.2535	0.74905	1.1207	586.95	-0.015328	4.2907e-05	0.060572	supercritical
548.36	611.00	348.75	0.0028674	324.51	499.70	5.2555	0.74928	1.1206	587.17	-0.015411	4.2925e-05	0.060598	supercritical
549.36	611.00	348.16	0.0028723	325.33	500.82	5.2575	0.74951	1.1204	587.40	-0.015495	4.2944e-05	0.060624	supercritical
550.36	611.00	347.56	0.0028772	326.15	501.94	5.2596	0.74974	1.1203	587.62	-0.015578	4.2962e-05	0.060650	supercritical
551.36	611.00	346.97	0.0028821	326.97	503.06	5.2616	0.74997	1.1201	587.85	-0.015661	4.2981e-05	0.060677	supercritical
552.36	611.00	346.38	0.0028870	327.79	504.18	5.2636	0.75020	1.1199	588.07	-0.015744	4.2999e-05	0.060704	supercritical
553.36	611.00	345.79	0.0028919	328.61	505.30	5.2657	0.75044	1.1198	588.30	-0.015827	4.3018e-05	0.060730	supercritical
554.36	611.00	345.21	0.0028968	329.43	506.42	5.2677	0.75067	1.1196	588.53	-0.015910	4.3037e-05	0.060757	supercritical
555.36	611.00	344.62	0.0029017	330.25	507.54	5.2697	0.75090	1.1195	588.75	-0.015993	4.3056e-05	0.060785	supercritical
556.36	611.00	344.04	0.0029066	331.07	508.66	5.2717	0.75113	1.1193	588.98	-0.016076	4.3075e-05	0.060812	supercritical
557.36	611.00	343.46	0.0029115	331.89	509.78	5.2737	0.75136	1.1192	589.21	-0.016158	4.3094e-05	0.060839	supercritical
558.36	611.00	342.89	0.0029164	332.71	510.90	5.2757	0.75159	1.1190	589.43	-0.016241	4.3113e-05	0.060867	supercritical
559.36	611.00	342.31	0.0029213	333.53	512.02	5.2777	0.75182	1.1189	589.66	-0.016323	4.3133e-05	0.060895	supercritical
560.36	611.00	341.74	0.0029262	334.35	513.14	5.2797	0.75205	1.1188	589.89	-0.016406	4.3152e-05	0.060923	supercritical
561.36	611.00	341.17	0.0029311	335.17	514.26	5.2817	0.75229	1.1186	590.12	-0.016488	4.3172e-05	0.060951	supercritical
562.36	611.00	340.60	0.0029360	335.99	515.38	5.2837	0.75252	1.1185	590.35	-0.016570	4.3191e-05	0.060979	supercritical
563.36	611.00	340.03	0.0029409	336.81	516.49	5.2857	0.75275	1.1184	590.58	-0.016653	4.3211e-05	0.061007	supercritical
564.36	611.00	339.47	0.0029458	337.63	517.61	5.2877	0.75298	1.1182	590.81	-0.016735	4.3231e-05	0.061036	supercritical
565.36	611.00	338.91	0.0029507	338.44	518.73	5.2897	0.75322	1.1181	591.04	-0.016817	4.3250e-05	0.061064	supercritical
566.36	611.00	338.35	0.0029555	339.26	519.85	5.2917	0.75345	1.1180	591.27	-0.016899	4.3270e-05	0.061093	supercritical
567.36	611.00	337.79	0.0029604	340.08	520.97	5.2936	0.75368	1.1178	591.50	-0.016980	4.3290e-05	0.061122	supercritical
568.36	611.00	337.23	0.0029653	340.90	522.08	5.2956	0.75391	1.1177	591.73	-0.017062	4.3310e-05	0.061151	supercritical
569.36	611.00	336.68	0.0029702	341.72	523.20	5.2976	0.75415	1.1176	591.96	-0.017144	4.3330e-05	0.061180	supercritical
570.36	611.00	336.13	0.0029751	342.54	524.32	5.2995	0.75438	1.1175	592.19	-0.017225	4.3351e-05	0.061210	supercritical
571.36	611.00	335.58	0.0029800	343.36	525.44	5.3015	0.75461	1.1174	592.42	-0.017307	4.3371e-05	0.061239	supercritical
572.36	611.00	335.03	0.0029848	344.18	526.55	5.3034	0.75485	1.1172	592.65	-0.017388	4.3391e-05	0.061269	supercritical
573.36	611.00	334.48	0.0029897	345.00	527.67	5.3054	0.75508	1.1171	592.89	-0.017469	4.3412e-05	0.061299	supercritical
574.36	611.00	333.94	0.0029946	345.82	528.79	5.3073	0.75531	1.1170	593.12	-0.017551	4.3432e-05	0.061329	supercritical
575.36	611.00	333.39	0.0029994	346.64	529.91	5.3093	0.75555	1.1169	593.35	-0.017632	4.3453e-05	0.061359	supercritical
576.36	611.00	332.85	0.0030043	347.46	531.02	5.3112	0.75578	1.1168	593.58	-0.017713	4.3473e-05	0.061389	supercritical
577.36	611.00	332.32	0.0030092	348.28	532.14	5.3131	0.75601	1.1167	593.82	-0.017793	4.3494e-05	0.061419	supercritical
578.36	611.00	331.78	0.0030141	349.10	533.26	5.3151	0.75625	1.1166	594.05	-0.017874	4.3515e-05	0.061449	supercritical
579.36	611.00	331.24	0.0030189	349.92	534.37	5.3170	0.75648	1.1165	594.29	-0.017955	4.3536e-05	0.061480	supercritical
580.36	611.00	330.71	0.0030238	350.74	535.49	5.3189	0.75671	1.1164	594.52	-0.018035	4.3556e-05	0.061511	supercritical
581.36	611.00	330.18	0.0030286	351.55	536.60	5.3209	0.75695	1.1163	594.75	-0.018116	4.3577e-05	0.061542	supercritical
582.36	611.00	329.65	0.0030335	352.37	537.72	5.3228	0.75718	1.1162	594.99	-0.018196	4.3599e-05	0.061572	supercritical
583.36	611.00	329.12	0.0030384	353.19	538.84	5.3247	0.75742	1.1161	595.22	-0.018276	4.3620e-05	0.061604	supercritical
584.36	611.00	328.60	0.0030432	354.01	539.95	5.3266	0.75765	1.1160	595.46	-0.018357	4.3641e-05	0.061635	supercritical
585.36	611.00	328.08	0.0030481	354.83	541.07	5.3285	0.75788	1.1159	595.69	-0.018437	4.3662e-05	0.061666	supercritical
586.36	611.00	327.55	0.0030529	355.65	542.18	5.3304	0.75812	1.1158	595.93	-0.018517	4.3683e-05	0.061698	supercritical
587.36	611.00	327.03	0.0030578	356.47	543.30	5.3323	0.75835	1.1157	596.16	-0.018596	4.3705e-05	0.061729	supercritical
588.36	611.00	326.52	0.0030626	357.29	544.42	5.3342	0.75858	1.1156	596.40	-0.018676	4.3726e-05	0.061761	supercritical
589.36	611.00	326.00	0.0030675	358.11	545.53	5.3361	0.75882	1.1155	596.64	-0.018756	4.3748e-05	0.061793	supercritical
590.36	611.00	325.48	0.0030723	358.93	546.65	5.3380	0.75905	1.1155	596.87	-0.018835	4.3769e-05	0.061824	supercritical
591.36	611.00	324.97	0.0030772	359.75	547.76	5.3399	0.75929	1.1154	597.11	-0.018914	4.3791e-05	0.061857	supercritical
592.36	611.00	324.46	0.0030820	360.57	548.88	5.3418	0.75952	1.1153	597.35	-0.018994	4.3813e-05	0.061889	supercritical
593.36	611.00	323.95	0.0030869	361.38	549.99	5.3437	0.75975	1.1152	597.58	-0.019073	4.3834e-05	0.061921	supercritical
594.36	611.00	323.44	0.0030917	362.20	551.11	5.3455	0.75999	1.1151	597.82	-0.019152	4.3856e-05	0.061953	supercritical
595.36	611.00	322.94	0.0030966	363.02	552.22	5.3474	0.76022	1.1150	598.06	-0.019231	4.3878e-05	0.061986	supercritical
596.36	611.00	322.43	0.0031014	363.84	553.34	5.3493	0.76045	1.1150	598.29	-0.019310	4.3900e-05	0.062018	supercritical
597.36	611.00	321.93	0.0031062	364.66	554.45	5.3511	0.76069	1.1149	598.53	-0.019388	4.3922e-05	0.062051	supercritical
598.36	611.00	321.43	0.0031111	365.48	555.57	5.3530	0.76092	1.1148	598.77	-0.019467	4.3944e-05	0.062084	supercritical
599.36	611.00	320.93	0.0031159	366.30	556.68	5.3549	0.76115	1.1148	599.01	-0.019545	4.3966e-05	0.062117	supercritical
600.36	611.00	320.44	0.0031208	367.12	557.80	5.3567	0.76139	1.1147	599.25	-0.019624	4.3988e-05	0.062150	supercritical
601.36	611.00	319.94	0.0031256	367.94	558.91	5.3586	0.76162	1.1146	599.49	-0.019702	4.4011e-05	0.062183	supercritical
602.36	611.00	319.45	0.0031304	368.76	560.03	5.3604	0.76185	1.1145	599.72	-0.019780	4.4033e-05	0.062217	supercritical
603.36	611.00	318.95	0.0031352	369.58	561.14	5.3623	0.76209	1.1145	599.96	-0.019858	4.4055e-05	0.062250	supercritical
604.36	611.00	318.46	0.0031401	370.40	562.26	5.3641	0.76232	1.1144	600.20	-0.019936	4.4078e-05	0.062283	supercritical
605.36	611.00	317.97	0.0031449	371.22	563.37	5.3660	0.76255	1.1143	600.44	-0.020014	4.4100e-05	0.062317	supercritical
606.36	611.00	317.49	0.0031497	372.04	564.48	5.3678	0.76279	1.1143	600.68	-0.020092	4.4122e-05	0.062351	supercritical
607.36	611.00	317.00	0.0031546	372.86	565.60	5.3696	0.76302	1.1142	600.92	-0.020169	4.4145e-05	0.062385	supercritical
608.36	611.00	316.52	0.0031594	373.68	566.71	5.3715	0.76325	1.1142	601.16	-0.020247	4.4168e-05	0.062418	supercritical
609.36	611.00	316.04	0.0031642	374.49	567.83	5.3733	0.76349	1.1141	601.40	-0.020324	4.4190e-05	0.062453	supercritical
610.36	611.00	315.56	0.0031690	375.31	568.94	5.3751	0.76372	1.1140	601.64	-0.020401	4.4213e-05	0.062487	supercritical
611.36	611.00	315.08	0.0031738	376.13	570.06	5.3770	0.76395	1.1140	601.88	-0.020478	4.4236e-05	0.062521	supercritical
612.36	611.00	314.60	0.0031787	376.95	571.17	5.3788	0.76419	1.1139	602.12	-0.020555	4.4259e-05	0.062555	supercritical
613.36	611.00	314.12	0.0031835	377.77	572.28	5.3806	0.76442	1.1139	602.36	-0.020632	4.4281e-05	0.062590	supercritical
614.36	611.00	313.65	0.0031883	378.59	573.40	5.3824	0.76465	1.1138	602.60	-0.020709	4.4304e-05	0.062624	supercritical
615.36	611.00	313.18	0.0031931	379.41	574.51	5.3842	0.76488	1.1138	602.84	-0.020785	4.4327e-05	0.062659	supercritical
616.36	611.00	312.70	0.0031979	380.23	575.62	5.3860	0.76511	1.1137	603.08	-0.020862	4.4350e-05	0.062693	supercritical
617.36	611.00	312.23	0.0032027	381.05	576.74	5.3878	0.76535	1.1137	603.32	-0.020938	4.4373e-05	0.062728	supercritical
618.36	611.00	311.77	0.0032075	381.87	577.85	5.3896	0.76558	1.1136	603.57	-0.021014	4.4396e-05	0.062763	supercritical
619.36	611.00	311.30	0.0032123	382.69	578.97	5.3914	0.76581	1.1136	603.81	-0.021090	4.4420e-05	0.062798	supercritical
620.36	611.00	310.83	0.0032171	383.51	580.08	5.3932	0.76604	1.1135	604.05	-0.021166	4.4443e-05	0.062833	supercritical
621.36	611.00	310.37	0.0032220	384.33	581.19	5.3950	0.76627	1.1135	604.29	-0.021242	4.4466e-05	0.062869	supercritical
622.36	611.00	309.91	0.0032268	385.15	582.31	5.3968	0.76651	1.1135	604.53	-0.021318	4.4489e-05	0.062904	supercritical
623.36	611.00	309.45	0.0032316	385.97	583.42	5.3986	0.76674	1.1134	604.77	-0.021393	4.4513e-05	0.062939	supercritical
624.36	611.00	308.99	0.0032364	386.79	584.53	5.4004	0.76697	1.1134	605.02	-0.021469	4.4536e-05	0.062975	supercritical
625.36	611.00	308.53	0.0032412	387.61	585.65	5.4022	0.76720	1.1133	605.26	-0.021544	4.4559e-05	0.063010	supercritical
626.36	611.00	308.08	0.0032460	388.43	586.76	5.4040	0.76743	1.1133	605.50	-0.021619	4.4583e-05	0.063046	supercritical
627.36	611.00	307.62	0.0032508	389.25	587.87	5.4057	0.76766	1.1133	605.74	-0.021695	4.4606e-05	0.063082	supercritical
628.36	611.00	307.17	0.0032556	390.07	588.99	5.4075	0.76789	1.1132	605.99	-0.021769	4.4630e-05	0.063117	supercritical
629.36	611.00	306.72	0.0032603	390.89	590.10	5.4093	0.76812	1.1132	606.23	-0.021844	4.4654e-05	0.063153	supercritical
630.36	611.00	306.27	0.0032651	391.71	591.21	5.4110	0.76835	1.1132	606.47	-0.021919	4.4677e-05	0.063189	supercritical
631.36	611.00	305.82	0.0032699	392.53	592.33	5.4128	0.76858	1.1131	606.71	-0.021994	4.4701e-05	0.063226	supercritical
632.36	611.00	305.37	0.0032747	393.35	593.44	5.4146	0.76881	1.1131	606.96	-0.022068	4.4725e-05	0.063262	supercritical
633.36	611.00	304.92	0.0032795	394.17	594.55	5.4163	0.76904	1.1131	607.20	-0.022143	4.4748e-05	0.063298	supercritical
634.36	611.00	304.48	0.0032843	394.99	595.67	5.4181	0.76927	1.1130	607.44	-0.022217	4.4772e-05	0.063334	supercritical
635.36	611.00	304.04	0.0032891	395.81	596.78	5.4198	0.76950	1.1130	607.69	-0.022291	4.4796e-05	0.063371	supercritical
636.36	611.00	303.59	0.0032939	396.64	597.89	5.4216	0.76973	1.1130	607.93	-0.022365	4.4820e-05	0.063407	supercritical
637.36	611.00	303.15	0.0032987	397.46	599.00	5.4233	0.76996	1.1130	608.18	-0.022439	4.4844e-05	0.063444	supercritical
638.36	611.00	302.71	0.0033034	398.28	600.12	5.4251	0.77019	1.1129	608.42	-0.022512	4.4868e-05	0.063481	supercritical
639.36	611.00	302.28	0.0033082	399.10	601.23	5.4268	0.77042	1.1129	608.66	-0.022586	4.4892e-05	0.063517	supercritical
640.36	611.00	301.84	0.0033130	399.92	602.34	5.4286	0.77065	1.1129	608.91	-0.022659	4.4916e-05	0.063554	supercritical
641.36	611.00	301.41	0.0033178	400.74	603.46	5.4303	0.77088	1.1129	609.15	-0.022733	4.4940e-05	0.063591	supercritical
642.36	611.00	300.97	0.0033226	401.56	604.57	5.4320	0.77111	1.1128	609.40	-0.022806	4.4964e-05	0.063628	supercritical
643.36	611.00	300.54	0.0033273	402.38	605.68	5.4338	0.77134	1.1128	609.64	-0.022879	4.4988e-05	0.063665	supercritical
644.36	611.00	300.11	0.0033321	403.20	606.79	5.4355	0.77157	1.1128	609.88	-0.022952	4.5012e-05	0.063702	supercritical
645.36	611.00	299.68	0.0033369	404.02	607.91	5.4372	0.77179	1.1128	610.13	-0.023025	4.5037e-05	0.063740	supercritical
646.36	611.00	299.25	0.0033417	404.84	609.02	5.4389	0.77202	1.1128	610.37	-0.023098	4.5061e-05	0.063777	supercritical
647.36	611.00	298.83	0.0033464	405.67	610.13	5.4407	0.77225	1.1127	610.62	-0.023170	4.5085e-05	0.063814	supercritical
648.36	611.00	298.40	0.0033512	406.49	611.25	5.4424	0.77248	1.1127	610.86	-0.023243	4.5110e-05	0.063852	supercritical
649.36	611.00	297.98	0.0033560	407.31	612.36	5.4441	0.77270	1.1127	611.11	-0.023315	4.5134e-05	0.063890	supercritical
650.36	611.00	297.55	0.0033607	408.13	613.47	5.4458	0.77293	1.1127	611.35	-0.023387	4.5158e-05	0.063927	supercritical
651.36	611.00	297.13	0.0033655	408.95	614.58	5.4475	0.77316	1.1127	611.60	-0.023459	4.5183e-05	0.063965	supercritical
652.36	611.00	296.71	0.0033703	409.77	615.70	5.4492	0.77338	1.1127	611.84	-0.023531	4.5207e-05	0.064003	supercritical
653.36	611.00	296.29	0.0033750	410.59	616.81	5.4509	0.77361	1.1127	612.09	-0.023603	4.5232e-05	0.064041	supercritical
654.36	611.00	295.88	0.0033798	411.42	617.92	5.4526	0.77384	1.1127	612.33	-0.023675	4.5256e-05	0.064078	supercritical
655.36	611.00	295.46	0.0033846	412.24	619.03	5.4543	0.77406	1.1126	612.58	-0.023746	4.5281e-05	0.064116	supercritical
656.36	611.00	295.04	0.0033893	413.06	620.15	5.4560	0.77429	1.1126	612.82	-0.023818	4.5306e-05	0.064155	supercritical
657.36	611.00	294.63	0.0033941	413.88	621.26	5.4577	0.77451	1.1126	613.07	-0.023889	4.5330e-05	0.064193	supercritical
658.36	611.00	294.22	0.0033988	414.70	622.37	5.4594	0.77474	1.1126	613.31	-0.023960	4.5355e-05	0.064231	supercritical
659.36	611.00	293.81	0.0034036	415.52	623.48	5.4611	0.77497	1.1126	613.56	-0.024031	4.5380e-05	0.064269	supercritical
660.36	611.00	293.40	0.0034084	416.35	624.60	5.4628	0.77519	1.1126	613.81	-0.024102	4.5404e-05	0.064308	supercritical
661.36	611.00	292.99	0.0034131	417.17	625.71	5.4645	0.77542	1.1126	614.05	-0.024173	4.5429e-05	0.064346	supercritical
662.36	611.00	292.58	0.0034179	417.99	626.82	5.4661	0.77564	1.1126	614.30	-0.024244	4.5454e-05	0.064385	supercritical
663.36	611.00	292.17	0.0034226	418.81	627.93	5.4678	0.77586	1.1126	614.54	-0.024314	4.5479e-05	0.064423	supercritical
664.36	611.00	291.77	0.0034274	419.64	629.05	5.4695	0.77609	1.1126	614.79	-0.024384	4.5504e-05	0.064462	supercritical
665.36	611.00	291.37	0.0034321	420.46	630.16	5.4712	0.77631	1.1126	615.04	-0.024455	4.5529e-05	0.064500	supercritical
666.36	611.00	290.96	0.0034369	421.28	631.27	5.4728	0.77654	1.1126	615.28	-0.024525	4.5553e-05	0.064539	supercritical
667.36	611.00	290.56	0.0034416	422.10	632.39	5.4745	0.77676	1.1126	615.53	-0.024595	4.5578e-05	0.064578	supercritical
668.36	611.00	290.16	0.0034464	422.93	633.50	5.4762	0.77698	1.1126	615.77	-0.024665	4.5603e-05	0.064617	supercritical
669.36	611.00	289.76	0.0034511	423.75	634.61	5.4778	0.77721	1.1126	616.02	-0.024735	4.5628e-05	0.064656	supercritical
670.36	611.00	289.36	0.0034558	424.57	635.72	5.4795	0.77743	1.1126	616.27	-0.024804	4.5653e-05	0.064695	supercritical
671.36	611.00	288.97	0.0034606	425.39	636.84	5.4812	0.77765	1.1126	616.51	-0.024874	4.5679e-05	0.064734	supercritical
672.36	611.00	288.57	0.0034653	426.22	637.95	5.4828	0.77787	1.1126	616.76	-0.024943	4.5704e-05	0.064773	supercritical
673.36	611.00	288.18	0.0034701	427.04	639.06	5.4845	0.77810	1.1126	617.01	-0.025012	4.5729e-05	0.064813	supercritical
674.36	611.00	287.79	0.0034748	427.86	640.17	5.4861	0.77832	1.1126	617.25	-0.025081	4.5754e-05	0.064852	supercritical
675.36	611.00	287.39	0.0034795	428.69	641.29	5.4878	0.77854	1.1126	617.50	-0.025150	4.5779e-05	0.064891	supercritical
676.36	611.00	287.00	0.0034843	429.51	642.40	5.4894	0.77876	1.1126	617.75	-0.025219	4.5804e-05	0.064931	supercritical
677.36	611.00	286.61	0.0034890	430.33	643.51	5.4911	0.77898	1.1126	617.99	-0.025288	4.5830e-05	0.064970	supercritical
678.36	611.00	286.22	0.0034938	431.16	644.62	5.4927	0.77920	1.1126	618.24	-0.025357	4.5855e-05	0.065010	supercritical
679.36	611.00	285.84	0.0034985	431.98	645.74	5.4943	0.77943	1.1126	618.49	-0.025425	4.5880e-05	0.065049	supercritical
680.36	611.00	285.45	0.0035032	432.80	646.85	5.4960	0.77965	1.1127	618.73	-0.025494	4.5905e-05	0.065089	supercritical
681.36	611.00	285.07	0.0035080	433.63	647.96	5.4976	0.77987	1.1127	618.98	-0.025562	4.5931e-05	0.065129	supercritical
682.36	611.00	284.68	0.0035127	434.45	649.07	5.4992	0.78009	1.1127	619.23	-0.025630	4.5956e-05	0.065169	supercritical
683.36	611.00	284.30	0.0035174	435.27	650.19	5.5009	0.78031	1.1127	619.47	-0.025698	4.5982e-05	0.065208	supercritical
684.36	611.00	283.92	0.0035221	436.10	651.30	5.5025	0.78053	1.1127	619.72	-0.025766	4.6007e-05	0.065248	supercritical
685.36	611.00	283.54	0.0035269	436.92	652.41	5.5041	0.78074	1.1127	619.97	-0.025834	4.6032e-05	0.065288	supercritical
686.36	611.00	283.16	0.0035316	437.74	653.53	5.5057	0.78096	1.1127	620.22	-0.025901	4.6058e-05	0.065328	supercritical
687.36	611.00	282.78	0.0035363	438.57	654.64	5.5074	0.78118	1.1127	620.46	-0.025969	4.6083e-05	0.065368	supercritical
688.36	611.00	282.40	0.0035410	439.39	655.75	5.5090	0.78140	1.1128	620.71	-0.026036	4.6109e-05	0.065409	supercritical
689.36	611.00	282.03	0.0035458	440.22	656.86	5.5106	0.78162	1.1128	620.96	-0.026103	4.6135e-05	0.065449	supercritical
690.36	611.00	281.65	0.0035505	441.04	657.98	5.5122	0.78184	1.1128	621.20	-0.026170	4.6160e-05	0.065489	supercritical
691.36	611.00	281.28	0.0035552	441.87	659.09	5.5138	0.78206	1.1128	621.45	-0.026237	4.6186e-05	0.065529	supercritical
692.36	611.00	280.90	0.0035599	442.69	660.20	5.5154	0.78227	1.1128	621.70	-0.026304	4.6211e-05	0.065570	supercritical
693.36	611.00	280.53	0.0035646	443.51	661.31	5.5170	0.78249	1.1128	621.95	-0.026371	4.6237e-05	0.065610	supercritical
694.36	611.00	280.16	0.0035694	444.34	662.43	5.5186	0.78271	1.1129	622.19	-0.026437	4.6263e-05	0.065651	supercritical
695.36	611.00	279.79	0.0035741	445.16	663.54	5.5202	0.78292	1.1129	622.44	-0.026504	4.6288e-05	0.065691	supercritical
696.36	611.00	279.42	0.0035788	445.99	664.65	5.5218	0.78314	1.1129	622.69	-0.026570	4.6314e-05	0.065732	supercritical
697.36	611.00	279.06	0.0035835	446.81	665.77	5.5234	0.78336	1.1129	622.94	-0.026636	4.6340e-05	0.065772	supercritical
698.36	611.00	278.69	0.0035882	447.64	666.88	5.5250	0.78357	1.1129	623.18	-0.026703	4.6365e-05	0.065813	supercritical
699.36	611.00	278.32	0.0035929	448.46	667.99	5.5266	0.78379	1.1130	623.43	-0.026769	4.6391e-05	0.065854	supercritical
700.36	611.00	277.96	0.0035976	449.29	669.11	5.5282	0.78400	1.1130	623.68	-0.026834	4.6417e-05	0.065895	supercritical
701.36	611.00	277.60	0.0036024	450.11	670.22	5.5298	0.78422	1.1130	623.93	-0.026900	4.6443e-05	0.065936	supercritical
702.36	611.00	277.23	0.0036071	450.94	671.33	5.5314	0.78443	1.1130	624.17	-0.026966	4.6469e-05	0.065976	supercritical
703.36	611.00	276.87	0.0036118	451.76	672.44	5.5330	0.78465	1.1130	624.42	-0.027031	4.6495e-05	0.066017	supercritical
704.36	611.00	276.51	0.0036165	452.59	673.56	5.5346	0.78486	1.1131	624.67	-0.027096	4.6520e-05	0.066058	supercritical
705.36	611.00	276.15	0.0036212	453.42	674.67	5.5361	0.78508	1.1131	624.92	-0.027162	4.6546e-05	0.066099	supercritical
706.36	611.00	275.79	0.0036259	454.24	675.78	5.5377	0.78529	1.1131	625.16	-0.027227	4.6572e-05	0.066141	supercritical
707.36	611.00	275.44	0.0036306	455.07	676.90	5.5393	0.78550	1.1131	625.41	-0.027292	4.6598e-05	0.066182	supercritical
708.36	611.00	275.08	0.0036353	455.89	678.01	5.5409	0.78572	1.1132	625.66	-0.027357	4.6624e-05	0.066223	supercritical
709.36	611.00	274.73	0.0036400	456.72	679.12	5.5424	0.78593	1.1132	625.91	-0.027421	4.6650e-05	0.066264	supercritical
710.36	611.00	274.37	0.0036447	457.55	680.24	5.5440	0.78614	1.1132	626.16	-0.027486	4.6676e-05	0.066306	supercritical
711.36	611.00	274.02	0.0036494	458.37	681.35	5.5456	0.78635	1.1132	626.40	-0.027550	4.6702e-05	0.066347	supercritical
712.36	611.00	273.67	0.0036541	459.20	682.46	5.5471	0.78657	1.1133	626.65	-0.027615	4.6728e-05	0.066388	supercritical
713.36	611.00	273.31	0.0036588	460.02	683.58	5.5487	0.78678	1.1133	626.90	-0.027679	4.6754e-05	0.066430	supercritical
714.36	611.00	272.96	0.0036635	460.85	684.69	5.5502	0.78699	1.1133	627.15	-0.027743	4.6780e-05	0.066471	supercritical
715.36	611.00	272.61	0.0036682	461.68	685.80	5.5518	0.78720	1.1134	627.40	-0.027807	4.6806e-05	0.066513	supercritical
716.36	611.00	272.27	0.0036729	462.50	686.92	5.5534	0.78741	1.1134	627.64	-0.027871	4.6832e-05	0.066554	supercritical
717.36	611.00	271.92	0.0036776	463.33	688.03	5.5549	0.78762	1.1134	627.89	-0.027935	4.6859e-05	0.066596	supercritical
718.36	611.00	271.57	0.0036823	464.16	689.14	5.5565	0.78783	1.1134	628.14	-0.027998	4.6885e-05	0.066638	supercritical
719.36	611.00	271.23	0.0036870	464.98	690.26	5.5580	0.78804	1.1135	628.39	-0.028062	4.6911e-05	0.066680	supercritical
720.36	611.00	270.88	0.0036916	465.81	691.37	5.5596	0.78825	1.1135	628.63	-0.028125	4.6937e-05	0.066721	supercritical
721.36	611.00	270.54	0.0036963	466.64	692.48	5.5611	0.78846	1.1135	628.88	-0.028188	4.6963e-05	0.066763	supercritical
722.36	611.00	270.20	0.0037010	467.46	693.60	5.5626	0.78867	1.1136	629.13	-0.028252	4.6990e-05	0.066805	supercritical
723.36	611.00	269.85	0.0037057	468.29	694.71	5.5642	0.78888	1.1136	629.38	-0.028315	4.7016e-05	0.066847	supercritical
724.36	611.00	269.51	0.0037104	469.12	695.82	5.5657	0.78909	1.1136	629.63	-0.028378	4.7042e-05	0.066889	supercritical
725.36	611.00	269.17	0.0037151	469.95	696.94	5.5673	0.78930	1.1137	629.87	-0.028440	4.7068e-05	0.066931	supercritical
726.36	611.00	268.83	0.0037198	470.77	698.05	5.5688	0.78951	1.1137	630.12	-0.028503	4.7095e-05	0.066973	supercritical
727.36	611.00	268.50	0.0037245	471.60	699.17	5.5703	0.78971	1.1137	630.37	-0.028565	4.7121e-05	0.067015	supercritical
728.36	611.00	268.16	0.0037291	472.43	700.28	5.5719	0.78992	1.1138	630.62	-0.028628	4.7147e-05	0.067057	supercritical
729.36	611.00	267.82	0.0037338	473.26	701.39	5.5734	0.79013	1.1138	630.87	-0.028690	4.7173e-05	0.067099	supercritical
730.36	611.00	267.49	0.0037385	474.08	702.51	5.5749	0.79034	1.1138	631.11	-0.028752	4.7200e-05	0.067142	supercritical
731.36	611.00	267.15	0.0037432	474.91	703.62	5.5764	0.79054	1.1139	631.36	-0.028814	4.7226e-05	0.067184	supercritical
732.36	611.00	266.82	0.0037479	475.74	704.73	5.5780	0.79075	1.1139	631.61	-0.028876	4.7253e-05	0.067226	supercritical
733.36	611.00	266.49	0.0037525	476.57	705.85	5.5795	0.79096	1.1139	631.86	-0.028938	4.7279e-05	0.067269	supercritical
734.36	611.00	266.15	0.0037572	477.40	706.96	5.5810	0.79116	1.1140	632.11	-0.029000	4.7305e-05	0.067311	supercritical
735.36	611.00	265.82	0.0037619	478.22	708.08	5.5825	0.79137	1.1140	632.35	-0.029061	4.7332e-05	0.067353	supercritical
736.36	611.00	265.49	0.0037666	479.05	709.19	5.5840	0.79157	1.1141	632.60	-0.029123	4.7358e-05	0.067396	supercritical
737.36	611.00	265.17	0.0037712	479.88	710.30	5.5855	0.79178	1.1141	632.85	-0.029184	4.7385e-05	0.067438	supercritical
738.36	611.00	264.84	0.0037759	480.71	711.42	5.5871	0.79198	1.1141	633.10	-0.029245	4.7411e-05	0.067481	supercritical
739.36	611.00	264.51	0.0037806	481.54	712.53	5.5886	0.79219	1.1142	633.35	-0.029306	4.7438e-05	0.067524	supercritical
740.36	611.00	264.18	0.0037853	482.37	713.65	5.5901	0.79239	1.1142	633.59	-0.029367	4.7464e-05	0.067566	supercritical
741.36	611.00	263.86	0.0037899	483.20	714.76	5.5916	0.79259	1.1143	633.84	-0.029428	4.7491e-05	0.067609	supercritical
742.36	611.00	263.53	0.0037946	484.03	715.88	5.5931	0.79280	1.1143	634.09	-0.029489	4.7517e-05	0.067652	supercritical
743.36	611.00	263.21	0.0037993	484.85	716.99	5.5946	0.79300	1.1143	634.34	-0.029550	4.7544e-05	0.067694	supercritical
744.36	611.00	262.89	0.0038039	485.68	718.10	5.5961	0.79320	1.1144	634.59	-0.029610	4.7570e-05	0.067737	supercritical
745.36	611.00	262.56	0.0038086	486.51	719.22	5.5976	0.79341	1.1144	634.83	-0.029671	4.7597e-05	0.067780	supercritical
746.36	611.00	262.24	0.0038133	487.34	720.33	5.5991	0.79361	1.1145	635.08	-0.029731	4.7623e-05	0.067823	supercritical
747.36	611.00	261.92	0.0038179	488.17	721.45	5.6006	0.79381	1.1145	635.33	-0.029791	4.7650e-05	0.067866	supercritical
748.36	611.00	261.60	0.0038226	489.00	722.56	5.6020	0.79401	1.1145	635.58	-0.029851	4.7677e-05	0.067909	supercritical
749.36	611.00	261.28	0.0038273	489.83	723.68	5.6035	0.79421	1.1146	635.83	-0.029911	4.7703e-05	0.067952	supercritical
750.36	611.00	260.97	0.0038319	490.66	724.79	5.6050	0.79442	1.1146	636.07	-0.029971	4.7730e-05	0.067995	supercritical
751.36	611.00	260.65	0.0038366	491.49	725.91	5.6065	0.79462	1.1147	636.32	-0.030031	4.7756e-05	0.068038	supercritical
752.36	611.00	260.33	0.0038412	492.32	727.02	5.6080	0.79482	1.1147	636.57	-0.030090	4.7783e-05	0.068081	supercritical
753.36	611.00	260.02	0.0038459	493.15	728.13	5.6095	0.79502	1.1148	636.82	-0.030150	4.7810e-05	0.068124	supercritical
754.36	611.00	259.70	0.0038506	493.98	729.25	5.6109	0.79522	1.1148	637.06	-0.030209	4.7836e-05	0.068167	supercritical
755.36	611.00	259.39	0.0038552	494.81	730.36	5.6124	0.79542	1.1148	637.31	-0.030268	4.7863e-05	0.068211	supercritical
756.36	611.00	259.08	0.0038599	495.64	731.48	5.6139	0.79562	1.1149	637.56	-0.030327	4.7890e-05	0.068254	supercritical
757.36	611.00	258.76	0.0038645	496.47	732.59	5.6154	0.79581	1.1149	637.81	-0.030386	4.7916e-05	0.068297	supercritical
758.36	611.00	258.45	0.0038692	497.30	733.71	5.6168	0.79601	1.1150	638.06	-0.030445	4.7943e-05	0.068340	supercritical
759.36	611.00	258.14	0.0038738	498.13	734.82	5.6183	0.79621	1.1150	638.30	-0.030504	4.7970e-05	0.068384	supercritical
760.36	611.00	257.83	0.0038785	498.96	735.94	5.6198	0.79641	1.1151	638.55	-0.030563	4.7997e-05	0.068427	supercritical
761.36	611.00	257.52	0.0038831	499.79	737.05	5.6212	0.79661	1.1151	638.80	-0.030621	4.8023e-05	0.068470	supercritical
762.36	611.00	257.22	0.0038878	500.63	738.17	5.6227	0.79681	1.1152	639.05	-0.030680	4.8050e-05	0.068514	supercritical
763.36	611.00	256.91	0.0038924	501.46	739.28	5.6242	0.79700	1.1152	639.29	-0.030738	4.8077e-05	0.068557	supercritical
764.36	611.00	256.60	0.0038971	502.29	740.40	5.6256	0.79720	1.1153	639.54	-0.030796	4.8104e-05	0.068601	supercritical
765.36	611.00	256.30	0.0039017	503.12	741.52	5.6271	0.79740	1.1153	639.79	-0.030854	4.8131e-05	0.068645	supercritical
766.36	611.00	255.99	0.0039064	503.95	742.63	5.6285	0.79759	1.1153	640.04	-0.030912	4.8157e-05	0.068688	supercritical
767.36	611.00	255.69	0.0039110	504.78	743.75	5.6300	0.79779	1.1154	640.29	-0.030970	4.8184e-05	0.068732	supercritical
768.36	611.00	255.38	0.0039157	505.61	744.86	5.6314	0.79798	1.1154	640.53	-0.031028	4.8211e-05	0.068775	supercritical
769.36	611.00	255.08	0.0039203	506.44	745.98	5.6329	0.79818	1.1155	640.78	-0.031085	4.8238e-05	0.068819	supercritical
770.36	611.00	254.78	0.0039250	507.28	747.09	5.6343	0.79837	1.1155	641.03	-0.031143	4.8265e-05	0.068863	supercritical
771.36	611.00	254.48	0.0039296	508.11	748.21	5.6358	0.79857	1.1156	641.28	-0.031200	4.8292e-05	0.068907	supercritical
772.36	611.00	254.18	0.0039343	508.94	749.32	5.6372	0.79876	1.1156	641.52	-0.031258	4.8318e-05	0.068950	supercritical
773.36	611.00	253.88	0.0039389	509.77	750.44	5.6387	0.79896	1.1157	641.77	-0.031315	4.8345e-05	0.068994	supercritical
774.36	611.00	253.58	0.0039435	510.60	751.55	5.6401	0.79915	1.1157	642.02	-0.031372	4.8372e-05	0.069038	supercritical
775.36	611.00	253.28	0.0039482	511.44	752.67	5.6416	0.79935	1.1158	642.27	-0.031429	4.8399e-05	0.069082	supercritical
776.36	611.00	252.98	0.0039528	512.27	753.79	5.6430	0.79954	1.1158	642.51	-0.031486	4.8426e-05	0.069126	supercritical
777.36	611.00	252.69	0.0039575	513.10	754.90	5.6444	0.79973	1.1159	642.76	-0.031543	4.8453e-05	0.069170	supercritical
778.36	611.00	252.39	0.0039621	513.93	756.02	5.6459	0.79992	1.1159	643.01	-0.031599	4.8480e-05	0.069214	supercritical
779.36	611.00	252.10	0.0039667	514.77	757.13	5.6473	0.80012	1.1160	643.26	-0.031656	4.8507e-05	0.069258	supercritical
780.36	611.00	251.80	0.0039714	515.60	758.25	5.6487	0.80031	1.1160	643.50	-0.031712	4.8534e-05	0.069302	supercritical
781.36	611.00	251.51	0.0039760	516.43	759.37	5.6502	0.80050	1.1161	643.75	-0.031769	4.8561e-05	0.069346	supercritical
782.36	611.00	251.22	0.0039806	517.27	760.48	5.6516	0.80069	1.1161	644.00	-0.031825	4.8588e-05	0.069390	supercritical
783.36	611.00	250.92	0.0039853	518.10	761.60	5.6530	0.80088	1.1162	644.24	-0.031881	4.8615e-05	0.069434	supercritical
784.36	611.00	250.63	0.0039899	518.93	762.71	5.6544	0.80107	1.1162	644.49	-0.031937	4.8642e-05	0.069478	supercritical
785.36	611.00	250.34	0.0039945	519.76	763.83	5.6559	0.80127	1.1163	644.74	-0.031993	4.8668e-05	0.069522	supercritical
786.36	611.00	250.05	0.0039992	520.60	764.95	5.6573	0.80146	1.1163	644.99	-0.032049	4.8695e-05	0.069566	supercritical
787.36	611.00	249.76	0.0040038	521.43	766.06	5.6587	0.80165	1.1164	645.23	-0.032104	4.8722e-05	0.069611	supercritical
788.36	611.00	249.47	0.0040084	522.27	767.18	5.6601	0.80184	1.1164	645.48	-0.032160	4.8749e-05	0.069655	supercritical
789.36	611.00	249.19	0.0040131	523.10	768.30	5.6615	0.80202	1.1165	645.73	-0.032215	4.8777e-05	0.069699	supercritical
790.36	611.00	248.90	0.0040177	523.93	769.41	5.6630	0.80221	1.1166	645.97	-0.032271	4.8804e-05	0.069744	supercritical
791.36	611.00	248.61	0.0040223	524.77	770.53	5.6644	0.80240	1.1166	646.22	-0.032326	4.8831e-05	0.069788	supercritical
792.36	611.00	248.33	0.0040269	525.60	771.65	5.6658	0.80259	1.1167	646.47	-0.032381	4.8858e-05	0.069832	supercritical
793.36	611.00	248.04	0.0040316	526.43	772.76	5.6672	0.80278	1.1167	646.72	-0.032436	4.8885e-05	0.069877	supercritical
794.36	611.00	247.76	0.0040362	527.27	773.88	5.6686	0.80297	1.1168	646.96	-0.032491	4.8912e-05	0.069921	supercritical
795.36	611.00	247.48	0.0040408	528.10	775.00	5.6700	0.80315	1.1168	647.21	-0.032546	4.8939e-05	0.069966	supercritical
796.36	611.00	247.19	0.0040454	528.94	776.11	5.6714	0.80334	1.1169	647.46	-0.032601	4.8966e-05	0.070010	supercritical
797.36	611.00	246.91	0.0040501	529.77	777.23	5.6728	0.80353	1.1169	647.70	-0.032655	4.8993e-05	0.070055	supercritical
798.36	611.00	246.63	0.0040547	530.61	778.35	5.6742	0.80372	1.1170	647.95	-0.032710	4.9020e-05	0.070099	supercritical
799.36	611.00	246.35	0.0040593	531.44	779.46	5.6756	0.80390	1.1170	648.20	-0.032764	4.9047e-05	0.070144	supercritical
800.36	611.00	246.07	0.0040639	532.28	780.58	5.6770	0.80409	1.1171	648.44	-0.032818	4.9074e-05	0.070188	supercritical
801.36	611.00	245.79	0.0040685	533.11	781.70	5.6784	0.80427	1.1171	648.69	-0.032873	4.9101e-05	0.070233	supercritical
802.36	611.00	245.51	0.0040732	533.95	782.82	5.6798	0.80446	1.1172	648.94	-0.032927	4.9128e-05	0.070278	supercritical
803.36	611.00	245.23	0.0040778	534.78	783.93	5.6812	0.80464	1.1173	649.18	-0.032981	4.9155e-05	0.070322	supercritical
804.36	611.00	244.95	0.0040824	535.62	785.05	5.6826	0.80483	1.1173	649.43	-0.033034	4.9183e-05	0.070367	supercritical
805.36	611.00	244.68	0.0040870	536.45	786.17	5.6840	0.80501	1.1174	649.68	-0.033088	4.9210e-05	0.070412	supercritical
806.36	611.00	244.40	0.0040916	537.29	787.28	5.6853	0.80520	1.1174	649.92	-0.033142	4.9237e-05	0.070456	supercritical
807.36	611.00	244.13	0.0040962	538.12	788.40	5.6867	0.80538	1.1175	650.17	-0.033195	4.9264e-05	0.070501	supercritical
808.36	611.00	243.85	0.0041008	538.96	789.52	5.6881	0.80557	1.1175	650.42	-0.033249	4.9291e-05	0.070546	supercritical
809.36	611.00	243.58	0.0041055	539.79	790.64	5.6895	0.80575	1.1176	650.66	-0.033302	4.9318e-05	0.070591	supercritical
810.36	611.00	243.30	0.0041101	540.63	791.75	5.6909	0.80593	1.1177	650.91	-0.033356	4.9345e-05	0.070636	supercritical
811.36	611.00	243.03	0.0041147	541.47	792.87	5.6922	0.80611	1.1177	651.15	-0.033409	4.9373e-05	0.070680	supercritical
812.36	611.00	242.76	0.0041193	542.30	793.99	5.6936	0.80630	1.1178	651.40	-0.033462	4.9400e-05	0.070725	supercritical
813.36	611.00	242.49	0.0041239	543.14	795.11	5.6950	0.80648	1.1178	651.65	-0.033515	4.9427e-05	0.070770	supercritical
814.36	611.00	242.22	0.0041285	543.97	796.23	5.6964	0.80666	1.1179	651.89	-0.033568	4.9454e-05	0.070815	supercritical
815.36	611.00	241.95	0.0041331	544.81	797.34	5.6977	0.80684	1.1179	652.14	-0.033620	4.9481e-05	0.070860	supercritical
816.36	611.00	241.68	0.0041377	545.65	798.46	5.6991	0.80702	1.1180	652.39	-0.033673	4.9509e-05	0.070905	supercritical
817.36	611.00	241.41	0.0041423	546.48	799.58	5.7005	0.80721	1.1181	652.63	-0.033725	4.9536e-05	0.070950	supercritical
818.36	611.00	241.14	0.0041469	547.32	800.70	5.7019	0.80739	1.1181	652.88	-0.033778	4.9563e-05	0.070995	supercritical
819.36	611.00	240.87	0.0041515	548.16	801.82	5.7032	0.80757	1.1182	653.12	-0.033830	4.9590e-05	0.071040	supercritical
820.36	611.00	240.61	0.0041562	548.99	802.93	5.7046	0.80775	1.1182	653.37	-0.033883	4.9617e-05	0.071085	supercritical
821.36	611.00	240.34	0.0041608	549.83	804.05	5.7059	0.80793	1.1183	653.62	-0.033935	4.9645e-05	0.071130	supercritical
822.36	611.00	240.08	0.0041654	550.67	805.17	5.7073	0.80811	1.1183	653.86	-0.033987	4.9672e-05	0.071176	supercritical
823.36	611.00	239.81	0.0041700	551.50	806.29	5.7087	0.80828	1.1184	654.11	-0.034039	4.9699e-05	0.071221	supercritical
824.36	611.00	239.55	0.0041746	552.34	807.41	5.7100	0.80846	1.1185	654.35	-0.034090	4.9726e-05	0.071266	supercritical
825.36	611.00	239.28	0.0041792	553.18	808.53	5.7114	0.80864	1.1185	654.60	-0.034142	4.9754e-05	0.071311	supercritical
826.36	611.00	239.02	0.0041838	554.02	809.64	5.7127	0.80882	1.1186	654.84	-0.034194	4.9781e-05	0.071356	supercritical
827.36	611.00	238.76	0.0041884	554.85	810.76	5.7141	0.80900	1.1186	655.09	-0.034245	4.9808e-05	0.071402	supercritical
828.36	611.00	238.49	0.0041930	555.69	811.88	5.7154	0.80918	1.1187	655.34	-0.034297	4.9835e-05	0.071447	supercritical
829.36	611.00	238.23	0.0041976	556.53	813.00	5.7168	0.80935	1.1188	655.58	-0.034348	4.9862e-05	0.071492	supercritical
830.36	611.00	237.97	0.0042022	557.37	814.12	5.7181	0.80953	1.1188	655.83	-0.034399	4.9890e-05	0.071537	supercritical
831.36	611.00	237.71	0.0042068	558.21	815.24	5.7195	0.80971	1.1189	656.07	-0.034451	4.9917e-05	0.071583	supercritical
832.36	611.00	237.45	0.0042114	559.04	816.36	5.7208	0.80988	1.1189	656.32	-0.034502	4.9944e-05	0.071628	supercritical
833.36	611.00	237.19	0.0042159	559.88	817.48	5.7222	0.81006	1.1190	656.56	-0.034553	4.9972e-05	0.071673	supercritical
834.36	611.00	236.94	0.0042205	560.72	818.60	5.7235	0.81024	1.1191	656.81	-0.034604	4.9999e-05	0.071719	supercritical
835.36	611.00	236.68	0.0042251	561.56	819.71	5.7248	0.81041	1.1191	657.05	-0.034654	5.0026e-05	0.071764	supercritical
836.36	611.00	236.42	0.0042297	562.40	820.83	5.7262	0.81059	1.1192	657.30	-0.034705	5.0053e-05	0.071810	supercritical
837.36	611.00	236.17	0.0042343	563.24	821.95	5.7275	0.81076	1.1192	657.55	-0.034756	5.0081e-05	0.071855	supercritical
838.36	611.00	235.91	0.0042389	564.07	823.07	5.7289	0.81094	1.1193	657.79	-0.034806	5.0108e-05	0.071901	supercritical
839.36	611.00	235.65	0.0042435	564.91	824.19	5.7302	0.81111	1.1194	658.04	-0.034856	5.0135e-05	0.071946	supercritical
840.36	611.00	235.40	0.0042481	565.75	825.31	5.7315	0.81129	1.1194	658.28	-0.034907	5.0163e-05	0.071992	supercritical
841.36	611.00	235.15	0.0042527	566.59	826.43	5.7329	0.81146	1.1195	658.53	-0.034957	5.0190e-05	0.072037	supercritical
842.36	611.00	234.89	0.0042573	567.43	827.55	5.7342	0.81163	1.1195	658.77	-0.035007	5.0217e-05	0.072083	supercritical
843.36	611.00	234.64	0.0042619	568.27	828.67	5.7355	0.81181	1.1196	659.02	-0.035057	5.0244e-05	0.072128	supercritical
844.36	611.00	234.39	0.0042665	569.11	829.79	5.7368	0.81198	1.1197	659.26	-0.035107	5.0272e-05	0.072174	supercritical
845.36	611.00	234.14	0.0042710	569.95	830.91	5.7382	0.81215	1.1197	659.51	-0.035157	5.0299e-05	0.072219	supercritical
846.36	611.00	233.88	0.0042756	570.79	832.03	5.7395	0.81232	1.1198	659.75	-0.035206	5.0326e-05	0.072265	supercritical
847.36	611.00	233.63	0.0042802	571.63	833.15	5.7408	0.81250	1.1198	660.00	-0.035256	5.0354e-05	0.072311	supercritical
848.36	611.00	233.38	0.0042848	572.47	834.27	5.7421	0.81267	1.1199	660.24	-0.035305	5.0381e-05	0.072356	supercritical
849.36	611.00	233.13	0.0042894	573.31	835.39	5.7435	0.81284	1.1200	660.48	-0.035355	5.0408e-05	0.072402	supercritical
850.36	611.00	232.89	0.0042940	574.15	836.51	5.7448	0.81301	1.1200	660.73	-0.035404	5.0436e-05	0.072448	supercritical
851.36	611.00	232.64	0.0042985	574.99	837.63	5.7461	0.81318	1.1201	660.97	-0.035454	5.0463e-05	0.072493	supercritical
852.36	611.00	232.39	0.0043031	575.83	838.75	5.7474	0.81335	1.1201	661.22	-0.035503	5.0490e-05	0.072539	supercritical
853.36	611.00	232.14	0.0043077	576.67	839.87	5.7487	0.81352	1.1202	661.46	-0.035552	5.0518e-05	0.072585	supercritical
854.36	611.00	231.90	0.0043123	577.51	840.99	5.7500	0.81369	1.1203	661.71	-0.035601	5.0545e-05	0.072631	supercritical
855.36	611.00	231.65	0.0043169	578.35	842.11	5.7513	0.81386	1.1203	661.95	-0.035650	5.0572e-05	0.072676	supercritical
856.36	611.00	231.40	0.0043215	579.19	843.23	5.7527	0.81403	1.1204	662.20	-0.035698	5.0600e-05	0.072722	supercritical
857.36	611.00	231.16	0.0043260	580.03	844.35	5.7540	0.81420	1.1205	662.44	-0.035747	5.0627e-05	0.072768	supercritical
858.36	611.00	230.91	0.0043306	580.87	845.47	5.7553	0.81437	1.1205	662.68	-0.035796	5.0654e-05	0.072814	supercritical
859.36	611.00	230.67	0.0043352	581.71	846.59	5.7566	0.81454	1.1206	662.93	-0.035844	5.0682e-05	0.072860	supercritical
860.36	611.00	230.43	0.0043398	582.55	847.71	5.7579	0.81471	1.1206	663.17	-0.035893	5.0709e-05	0.072906	supercritical
861.36	611.00	230.18	0.0043443	583.39	848.83	5.7592	0.81488	1.1207	663.42	-0.035941	5.0737e-05	0.072952	supercritical
862.36	611.00	229.94	0.0043489	584.23	849.95	5.7605	0.81504	1.1208	663.66	-0.035989	5.0764e-05	0.072997	supercritical
863.36	611.00	229.70	0.0043535	585.08	851.07	5.7618	0.81521	1.1208	663.91	-0.036037	5.0791e-05	0.073043	supercritical
864.36	611.00	229.46	0.0043581	585.92	852.19	5.7631	0.81538	1.1209	664.15	-0.036085	5.0819e-05	0.073089	supercritical
865.36	611.00	229.22	0.0043626	586.76	853.32	5.7644	0.81555	1.1210	664.39	-0.036133	5.0846e-05	0.073135	supercritical
866.36	611.00	228.98	0.0043672	587.60	854.44	5.7657	0.81571	1.1210	664.64	-0.036181	5.0873e-05	0.073181	supercritical
867.36	611.00	228.74	0.0043718	588.44	855.56	5.7670	0.81588	1.1211	664.88	-0.036229	5.0901e-05	0.073227	supercritical
868.36	611.00	228.50	0.0043764	589.28	856.68	5.7682	0.81604	1.1211	665.12	-0.036277	5.0928e-05	0.073273	supercritical
869.36	611.00	228.26	0.0043809	590.12	857.80	5.7695	0.81621	1.1212	665.37	-0.036324	5.0956e-05	0.073319	supercritical
870.36	611.00	228.02	0.0043855	590.97	858.92	5.7708	0.81638	1.1213	665.61	-0.036372	5.0983e-05	0.073365	supercritical
871.36	611.00	227.79	0.0043901	591.81	860.04	5.7721	0.81654	1.1213	665.86	-0.036419	5.1010e-05	0.073411	supercritical
872.36	611.00	227.55	0.0043946	592.65	861.16	5.7734	0.81671	1.1214	666.10	-0.036466	5.1038e-05	0.073458	supercritical
873.36	611.00	227.31	0.0043992	593.49	862.28	5.7747	0.81687	1.1215	666.34	-0.036514	5.1065e-05	0.073504	supercritical
874.36	611.00	227.08	0.0044038	594.34	863.41	5.7760	0.81704	1.1215	666.59	-0.036561	5.1092e-05	0.073550	supercritical
875.36	611.00	226.84	0.0044083	595.18	864.53	5.7772	0.81720	1.1216	666.83	-0.036608	5.1120e-05	0.073596	supercritical
876.36	611.00	226.61	0.0044129	596.02	865.65	5.7785	0.81736	1.1216	667.07	-0.036655	5.1147e-05	0.073642	supercritical
877.36	611.00	226.37	0.0044175	596.86	866.77	5.7798	0.81753	1.1217	667.32	-0.036702	5.1175e-05	0.073688	supercritical
878.36	611.00	226.14	0.0044220	597.71	867.89	5.7811	0.81769	1.1218	667.56	-0.036749	5.1202e-05	0.073734	supercritical
879.36	611.00	225.91	0.0044266	598.55	869.01	5.7824	0.81785	1.1218	667.80	-0.036795	5.1229e-05	0.073780	supercritical
880.36	611.00	225.67	0.0044312	599.39	870.14	5.7836	0.81802	1.1219	668.05	-0.036842	5.1257e-05	0.073827	supercritical
881.36	611.00	225.44	0.0044357	600.24	871.26	5.7849	0.81818	1.1220	668.29	-0.036888	5.1284e-05	0.073873	supercritical
882.36	611.00	225.21	0.0044403	601.08	872.38	5.7862	0.81834	1.1220	668.53	-0.036935	5.1312e-05	0.073919	supercritical
883.36	611.00	224.98	0.0044449	601.92	873.50	5.7875	0.81850	1.1221	668.77	-0.036981	5.1339e-05	0.073965	supercritical
884.36	611.00	224.75	0.0044494	602.77	874.62	5.7887	0.81866	1.1222	669.02	-0.037028	5.1366e-05	0.074012	supercritical
885.36	611.00	224.52	0.0044540	603.61	875.75	5.7900	0.81883	1.1222	669.26	-0.037074	5.1394e-05	0.074058	supercritical
886.36	611.00	224.29	0.0044585	604.45	876.87	5.7913	0.81899	1.1223	669.50	-0.037120	5.1421e-05	0.074104	supercritical
887.36	611.00	224.06	0.0044631	605.30	877.99	5.7925	0.81915	1.1223	669.75	-0.037166	5.1449e-05	0.074151	supercritical
888.36	611.00	223.83	0.0044677	606.14	879.11	5.7938	0.81931	1.1224	669.99	-0.037212	5.1476e-05	0.074197	supercritical
889.36	611.00	223.60	0.0044722	606.98	880.24	5.7951	0.81947	1.1225	670.23	-0.037258	5.1503e-05	0.074243	supercritical
890.36	611.00	223.38	0.0044768	607.83	881.36	5.7963	0.81963	1.1225	670.47	-0.037303	5.1531e-05	0.074290	supercritical
891.36	611.00	223.15	0.0044813	608.67	882.48	5.7976	0.81979	1.1226	670.72	-0.037349	5.1558e-05	0.074336	supercritical
892.36	611.00	222.92	0.0044859	609.52	883.60	5.7988	0.81995	1.1227	670.96	-0.037395	5.1586e-05	0.074382	supercritical
893.36	611.00	222.70	0.0044904	610.36	884.73	5.8001	0.82011	1.1227	671.20	-0.037440	5.1613e-05	0.074429	supercritical
894.36	611.00	222.47	0.0044950	611.20	885.85	5.8013	0.82027	1.1228	671.44	-0.037486	5.1640e-05	0.074475	supercritical
895.36	611.00	222.24	0.0044996	612.05	886.97	5.8026	0.82042	1.1229	671.69	-0.037531	5.1668e-05	0.074521	supercritical
896.36	611.00	222.02	0.0045041	612.89	888.10	5.8039	0.82058	1.1229	671.93	-0.037576	5.1695e-05	0.074568	supercritical
897.36	611.00	221.80	0.0045087	613.74	889.22	5.8051	0.82074	1.1230	672.17	-0.037621	5.1723e-05	0.074614	supercritical
898.36	611.00	221.57	0.0045132	614.58	890.34	5.8064	0.82090	1.1231	672.41	-0.037666	5.1750e-05	0.074661	supercritical
899.36	611.00	221.35	0.0045178	615.43	891.46	5.8076	0.82106	1.1231	672.65	-0.037711	5.1777e-05	0.074707	supercritical
900.36	611.00	221.13	0.0045223	616.27	892.59	5.8089	0.82121	1.1232	672.90	-0.037756	5.1805e-05	0.074754	supercritical
901.36	611.00	220.90	0.0045269	617.12	893.71	5.8101	0.82137	1.1232	673.14	-0.037801	5.1832e-05	0.074800	supercritical
902.36	611.00	220.68	0.0045314	617.96	894.83	5.8113	0.82153	1.1233	673.38	-0.037846	5.1860e-05	0.074847	supercritical
903.36	611.00	220.46	0.0045360	618.81	895.96	5.8126	0.82168	1.1234	673.62	-0.037891	5.1887e-05	0.074893	supercritical
904.36	611.00	220.24	0.0045405	619.65	897.08	5.8138	0.82184	1.1234	673.86	-0.037935	5.1915e-05	0.074940	supercritical
905.36	611.00	220.02	0.0045451	620.50	898.20	5.8151	0.82200	1.1235	674.11	-0.037980	5.1942e-05	0.074986	supercritical
906.36	611.00	219.80	0.0045496	621.35	899.33	5.8163	0.82215	1.1236	674.35	-0.038024	5.1969e-05	0.075033	supercritical
907.36	611.00	219.58	0.0045542	622.19	900.45	5.8176	0.82231	1.1236	674.59	-0.038069	5.1997e-05	0.075079	supercritical
908.36	611.00	219.36	0.0045587	623.04	901.57	5.8188	0.82246	1.1237	674.83	-0.038113	5.2024e-05	0.075126	supercritical
909.36	611.00	219.14	0.0045633	623.88	902.70	5.8200	0.82262	1.1238	675.07	-0.038157	5.2052e-05	0.075173	supercritical
910.36	611.00	218.92	0.0045678	624.73	903.82	5.8213	0.82277	1.1238	675.31	-0.038201	5.2079e-05	0.075219	supercritical
911.36	611.00	218.71	0.0045724	625.58	904.95	5.8225	0.82293	1.1239	675.55	-0.038245	5.2106e-05	0.075266	supercritical
912.36	611.00	218.49	0.0045769	626.42	906.07	5.8237	0.82308	1.1240	675.80	-0.038289	5.2134e-05	0.075313	supercritical
913.36	611.00	218.27	0.0045814	627.27	907.19	5.8250	0.82323	1.1240	676.04	-0.038333	5.2161e-05	0.075359	supercritical
914.36	611.00	218.06	0.0045860	628.11	908.32	5.8262	0.82339	1.1241	676.28	-0.038377	5.2189e-05	0.075406	supercritical
915.36	611.00	217.84	0.0045905	628.96	909.44	5.8274	0.82354	1.1242	676.52	-0.038420	5.2216e-05	0.075453	supercritical
916.36	611.00	217.62	0.0045951	629.81	910.57	5.8286	0.82369	1.1242	676.76	-0.038464	5.2243e-05	0.075499	supercritical
917.36	611.00	217.41	0.0045996	630.65	911.69	5.8299	0.82385	1.1243	677.00	-0.038508	5.2271e-05	0.075546	supercritical
918.36	611.00	217.19	0.0046042	631.50	912.81	5.8311	0.82400	1.1243	677.24	-0.038551	5.2298e-05	0.075593	supercritical
919.36	611.00	216.98	0.0046087	632.35	913.94	5.8323	0.82415	1.1244	677.48	-0.038594	5.2326e-05	0.075639	supercritical
920.36	611.00	216.77	0.0046132	633.19	915.06	5.8335	0.82430	1.1245	677.72	-0.038638	5.2353e-05	0.075686	supercritical
921.36	611.00	216.55	0.0046178	634.04	916.19	5.8348	0.82446	1.1245	677.97	-0.038681	5.2381e-05	0.075733	supercritical
922.36	611.00	216.34	0.0046223	634.89	917.31	5.8360	0.82461	1.1246	678.21	-0.038724	5.2408e-05	0.075780	supercritical
923.36	611.00	216.13	0.0046269	635.74	918.44	5.8372	0.82476	1.1247	678.45	-0.038767	5.2435e-05	0.075826	supercritical
924.36	611.00	215.92	0.0046314	636.58	919.56	5.8384	0.82491	1.1247	678.69	-0.038810	5.2463e-05	0.075873	supercritical
925.36	611.00	215.71	0.0046359	637.43	920.69	5.8396	0.82506	1.1248	678.93	-0.038853	5.2490e-05	0.075920	supercritical
926.36	611.00	215.50	0.0046405	638.28	921.81	5.8409	0.82521	1.1249	679.17	-0.038896	5.2518e-05	0.075967	supercritical
927.36	611.00	215.28	0.0046450	639.13	922.94	5.8421	0.82536	1.1249	679.41	-0.038939	5.2545e-05	0.076013	supercritical
928.36	611.00	215.07	0.0046495	639.97	924.06	5.8433	0.82551	1.1250	679.65	-0.038981	5.2572e-05	0.076060	supercritical
929.36	611.00	214.87	0.0046541	640.82	925.19	5.8445	0.82566	1.1251	679.89	-0.039024	5.2600e-05	0.076107	supercritical
930.36	611.00	214.66	0.0046586	641.67	926.31	5.8457	0.82581	1.1251	680.13	-0.039066	5.2627e-05	0.076154	supercritical
931.36	611.00	214.45	0.0046632	642.52	927.44	5.8469	0.82596	1.1252	680.37	-0.039109	5.2655e-05	0.076201	supercritical
932.36	611.00	214.24	0.0046677	643.37	928.56	5.8481	0.82611	1.1253	680.61	-0.039151	5.2682e-05	0.076248	supercritical
933.36	611.00	214.03	0.0046722	644.21	929.69	5.8493	0.82626	1.1253	680.85	-0.039193	5.2709e-05	0.076294	supercritical
934.36	611.00	213.82	0.0046768	645.06	930.81	5.8505	0.82641	1.1254	681.09	-0.039236	5.2737e-05	0.076341	supercritical
935.36	611.00	213.62	0.0046813	645.91	931.94	5.8517	0.82655	1.1255	681.33	-0.039278	5.2764e-05	0.076388	supercritical
936.36	611.00	213.41	0.0046858	646.76	933.06	5.8529	0.82670	1.1255	681.57	-0.039320	5.2792e-05	0.076435	supercritical
937.36	611.00	213.20	0.0046903	647.61	934.19	5.8541	0.82685	1.1256	681.81	-0.039362	5.2819e-05	0.076482	supercritical
938.36	611.00	213.00	0.0046949	648.46	935.31	5.8553	0.82700	1.1256	682.05	-0.039404	5.2846e-05	0.076529	supercritical
939.36	611.00	212.79	0.0046994	649.31	936.44	5.8565	0.82714	1.1257	682.29	-0.039445	5.2874e-05	0.076576	supercritical
940.36	611.00	212.59	0.0047039	650.16	937.57	5.8577	0.82729	1.1258	682.53	-0.039487	5.2901e-05	0.076623	supercritical
941.36	611.00	212.38	0.0047085	651.00	938.69	5.8589	0.82744	1.1258	682.77	-0.039529	5.2929e-05	0.076670	supercritical
942.36	611.00	212.18	0.0047130	651.85	939.82	5.8601	0.82758	1.1259	683.01	-0.039570	5.2956e-05	0.076717	supercritical
943.36	611.00	211.98	0.0047175	652.70	940.94	5.8613	0.82773	1.1260	683.25	-0.039612	5.2983e-05	0.076764	supercritical
944.36	611.00	211.77	0.0047221	653.55	942.07	5.8625	0.82788	1.1260	683.49	-0.039653	5.3011e-05	0.076811	supercritical
945.36	611.00	211.57	0.0047266	654.40	943.20	5.8637	0.82802	1.1261	683.73	-0.039695	5.3038e-05	0.076858	supercritical
946.36	611.00	211.37	0.0047311	655.25	944.32	5.8649	0.82817	1.1262	683.97	-0.039736	5.3066e-05	0.076905	supercritical
947.36	611.00	211.16	0.0047356	656.10	945.45	5.8661	0.82831	1.1262	684.20	-0.039777	5.3093e-05	0.076952	supercritical
948.36	611.00	210.96	0.0047402	656.95	946.57	5.8673	0.82846	1.1263	684.44	-0.039819	5.3120e-05	0.076999	supercritical
949.36	611.00	210.76	0.0047447	657.80	947.70	5.8685	0.82860	1.1264	684.68	-0.039860	5.3148e-05	0.077046	supercritical
950.36	611.00	210.56	0.0047492	658.65	948.83	5.8696	0.82875	1.1264	684.92	-0.039901	5.3175e-05	0.077093	supercritical
951.36	611.00	210.36	0.0047537	659.50	949.95	5.8708	0.82889	1.1265	685.16	-0.039942	5.3203e-05	0.077140	supercritical
952.36	611.00	210.16	0.0047583	660.35	951.08	5.8720	0.82904	1.1266	685.40	-0.039982	5.3230e-05	0.077187	supercritical
953.36	611.00	209.96	0.0047628	661.20	952.21	5.8732	0.82918	1.1266	685.64	-0.040023	5.3257e-05	0.077234	supercritical
954.36	611.00	209.76	0.0047673	662.05	953.33	5.8744	0.82932	1.1267	685.88	-0.040064	5.3285e-05	0.077281	supercritical
955.36	611.00	209.56	0.0047718	662.90	954.46	5.8756	0.82947	1.1268	686.12	-0.040104	5.3312e-05	0.077328	supercritical
956.36	611.00	209.37	0.0047763	663.75	955.59	5.8767	0.82961	1.1268	686.36	-0.040145	5.3339e-05	0.077375	supercritical
957.36	611.00	209.17	0.0047809	664.60	956.71	5.8779	0.82975	1.1269	686.59	-0.040186	5.3367e-05	0.077422	supercritical
958.36	611.00	208.97	0.0047854	665.45	957.84	5.8791	0.82990	1.1270	686.83	-0.040226	5.3394e-05	0.077469	supercritical
959.36	611.00	208.77	0.0047899	666.30	958.97	5.8803	0.83004	1.1270	687.07	-0.040266	5.3422e-05	0.077516	supercritical
960.36	611.00	208.58	0.0047944	667.16	960.09	5.8814	0.83018	1.1271	687.31	-0.040307	5.3449e-05	0.077564	supercritical
961.36	611.00	208.38	0.0047989	668.01	961.22	5.8826	0.83032	1.1272	687.55	-0.040347	5.3476e-05	0.077611	supercritical
962.36	611.00	208.18	0.0048035	668.86	962.35	5.8838	0.83046	1.1272	687.79	-0.040387	5.3504e-05	0.077658	supercritical
963.36	611.00	207.99	0.0048080	669.71	963.48	5.8850	0.83060	1.1273	688.02	-0.040427	5.3531e-05	0.077705	supercritical
964.36	611.00	207.79	0.0048125	670.56	964.60	5.8861	0.83075	1.1273	688.26	-0.040467	5.3558e-05	0.077752	supercritical
965.36	611.00	207.60	0.0048170	671.41	965.73	5.8873	0.83089	1.1274	688.50	-0.040507	5.3586e-05	0.077799	supercritical
966.36	611.00	207.40	0.0048215	672.26	966.86	5.8885	0.83103	1.1275	688.74	-0.040547	5.3613e-05	0.077846	supercritical
967.36	611.00	207.21	0.0048261	673.11	967.99	5.8896	0.83117	1.1275	688.98	-0.040586	5.3640e-05	0.077894	supercritical
968.36	611.00	207.02	0.0048306	673.97	969.11	5.8908	0.83131	1.1276	689.21	-0.040626	5.3668e-05	0.077941	supercritical
969.36	611.00	206.82	0.0048351	674.82	970.24	5.8920	0.83145	1.1277	689.45	-0.040666	5.3695e-05	0.077988	supercritical
970.36	611.00	206.63	0.0048396	675.67	971.37	5.8931	0.83159	1.1277	689.69	-0.040705	5.3723e-05	0.078035	supercritical
971.36	611.00	206.44	0.0048441	676.52	972.50	5.8943	0.83173	1.1278	689.93	-0.040745	5.3750e-05	0.078082	supercritical
972.36	611.00	206.24	0.0048486	677.37	973.62	5.8954	0.83187	1.1279	690.17	-0.040784	5.3777e-05	0.078130	supercritical
973.36	611.00	206.05	0.0048531	678.23	974.75	5.8966	0.83201	1.1279	690.40	-0.040824	5.3805e-05	0.078177	supercritical
974.36	611.00	205.86	0.0048576	679.08	975.88	5.8978	0.83214	1.1280	690.64	-0.040863	5.3832e-05	0.078224	supercritical
975.36	611.00	205.67	0.0048622	679.93	977.01	5.8989	0.83228	1.1281	690.88	-0.040902	5.3859e-05	0.078271	supercritical
976.36	611.00	205.48	0.0048667	680.78	978.14	5.9001	0.83242	1.1281	691.11	-0.040941	5.3887e-05	0.078319	supercritical
977.36	611.00	205.29	0.0048712	681.64	979.26	5.9012	0.83256	1.1282	691.35	-0.040980	5.3914e-05	0.078366	supercritical
978.36	611.00	205.10	0.0048757	682.49	980.39	5.9024	0.83270	1.1283	691.59	-0.041019	5.3941e-05	0.078413	supercritical
979.36	611.00	204.91	0.0048802	683.34	981.52	5.9035	0.83284	1.1283	691.83	-0.041058	5.3969e-05	0.078460	supercritical
980.36	611.00	204.72	0.0048847	684.19	982.65	5.9047	0.83297	1.1284	692.06	-0.041097	5.3996e-05	0.078508	supercritical
981.36	611.00	204.53	0.0048892	685.05	983.78	5.9058	0.83311	1.1285	692.30	-0.041136	5.4023e-05	0.078555	supercritical
982.36	611.00	204.34	0.0048937	685.90	984.91	5.9070	0.83325	1.1285	692.54	-0.041175	5.4051e-05	0.078602	supercritical
983.36	611.00	204.15	0.0048982	686.75	986.04	5.9081	0.83338	1.1286	692.77	-0.041213	5.4078e-05	0.078649	supercritical
984.36	611.00	203.97	0.0049027	687.61	987.16	5.9093	0.83352	1.1287	693.01	-0.041252	5.4105e-05	0.078697	supercritical
985.36	611.00	203.78	0.0049073	688.46	988.29	5.9104	0.83366	1.1287	693.25	-0.041290	5.4133e-05	0.078744	supercritical
986.36	611.00	203.59	0.0049118	689.31	989.42	5.9116	0.83379	1.1288	693.49	-0.041329	5.4160e-05	0.078791	supercritical
987.36	611.00	203.41	0.0049163	690.17	990.55	5.9127	0.83393	1.1288	693.72	-0.041367	5.4187e-05	0.078839	supercritical
988.36	611.00	203.22	0.0049208	691.02	991.68	5.9139	0.83406	1.1289	693.96	-0.041405	5.4215e-05	0.078886	supercritical
989.36	611.00	203.03	0.0049253	691.87	992.81	5.9150	0.83420	1.1290	694.20	-0.041444	5.4242e-05	0.078933	supercritical
990.36	611.00	202.85	0.0049298	692.73	993.94	5.9161	0.83434	1.1290	694.43	-0.041482	5.4269e-05	0.078981	supercritical
991.36	611.00	202.66	0.0049343	693.58	995.07	5.9173	0.83447	1.1291	694.67	-0.041520	5.4297e-05	0.079028	supercritical
992.36	611.00	202.48	0.0049388	694.43	996.20	5.9184	0.83461	1.1292	694.90	-0.041558	5.4324e-05	0.079075	supercritical
993.36	611.00	202.29	0.0049433	695.29	997.32	5.9196	0.83474	1.1292	695.14	-0.041596	5.4351e-05	0.079123	supercritical
994.36	611.00	202.11	0.0049478	696.14	998.45	5.9207	0.83487	1.1293	695.38	-0.041634	5.4378e-05	0.079170	supercritical
995.36	611.00	201.93	0.0049523	697.00	999.58	5.9218	0.83501	1.1294	695.61	-0.041672	5.4406e-05	0.079218	supercritical
996.36	611.00	201.74	0.0049568	697.85	1000.7	5.9230	0.83514	1.1294	695.85	-0.041710	5.4433e-05	0.079265	supercritical
997.36	611.00	201.56	0.0049613	698.71	1001.8	5.9241	0.83528	1.1295	696.09	-0.041747	5.4460e-05	0.079312	supercritical
998.36	611.00	201.38	0.0049658	699.56	1003.0	5.9252	0.83541	1.1296	696.32	-0.041785	5.4488e-05	0.079360	supercritical
999.36	611.00	201.19	0.0049703	700.41	1004.1	5.9264	0.83554	1.1296	696.56	-0.041823	5.4515e-05	0.079407	supercritical
1000.4	611.00	201.01	0.0049748	701.27	1005.2	5.9275	0.83568	1.1297	696.79	-0.041860	5.4542e-05	0.079455	supercritical
1001.4	611.00	200.83	0.0049793	702.12	1006.4	5.9286	0.83581	1.1298	697.03	-0.041897	5.4570e-05	0.079502	supercritical
1002.4	611.00	200.65	0.0049838	702.98	1007.5	5.9297	0.83594	1.1298	697.26	-0.041935	5.4597e-05	0.079549	supercritical
1003.4	611.00	200.47	0.0049883	703.83	1008.6	5.9309	0.83607	1.1299	697.50	-0.041972	5.4624e-05	0.079597	supercritical
1004.4	611.00	200.29	0.0049928	704.69	1009.7	5.9320	0.83621	1.1300	697.74	-0.042009	5.4651e-05	0.079644	supercritical
1005.4	611.00	200.11	0.0049973	705.54	1010.9	5.9331	0.83634	1.1300	697.97	-0.042047	5.4679e-05	0.079692	supercritical
1006.4	611.00	199.93	0.0050018	706.40	1012.0	5.9342	0.83647	1.1301	698.21	-0.042084	5.4706e-05	0.079739	supercritical
1007.4	611.00	199.75	0.0050063	707.25	1013.1	5.9354	0.83660	1.1301	698.44	-0.042121	5.4733e-05	0.079787	supercritical
1008.4	611.00	199.57	0.0050108	708.11	1014.3	5.9365	0.83673	1.1302	698.68	-0.042158	5.4761e-05	0.079834	supercritical
1009.4	611.00	199.39	0.0050153	708.97	1015.4	5.9376	0.83686	1.1303	698.91	-0.042195	5.4788e-05	0.079882	supercritical
1010.4	611.00	199.21	0.0050198	709.82	1016.5	5.9387	0.83699	1.1303	699.15	-0.042232	5.4815e-05	0.079929	supercritical
1011.4	611.00	199.03	0.0050243	710.68	1017.7	5.9398	0.83712	1.1304	699.38	-0.042268	5.4842e-05	0.079977	supercritical
1012.4	611.00	198.86	0.0050288	711.53	1018.8	5.9410	0.83726	1.1305	699.62	-0.042305	5.4870e-05	0.080024	supercritical
1013.4	611.00	198.68	0.0050333	712.39	1019.9	5.9421	0.83739	1.1305	699.85	-0.042342	5.4897e-05	0.080071	supercritical
1014.4	611.00	198.50	0.0050378	713.24	1021.1	5.9432	0.83752	1.1306	700.09	-0.042378	5.4924e-05	0.080119	supercritical
1015.4	611.00	198.32	0.0050423	714.10	1022.2	5.9443	0.83765	1.1307	700.32	-0.042415	5.4951e-05	0.080166	supercritical
1016.4	611.00	198.15	0.0050468	714.96	1023.3	5.9454	0.83778	1.1307	700.56	-0.042451	5.4979e-05	0.080214	supercritical
1017.4	611.00	197.97	0.0050513	715.81	1024.4	5.9465	0.83790	1.1308	700.79	-0.042488	5.5006e-05	0.080261	supercritical
1018.4	611.00	197.79	0.0050557	716.67	1025.6	5.9476	0.83803	1.1309	701.03	-0.042524	5.5033e-05	0.080309	supercritical
1019.4	611.00	197.62	0.0050602	717.53	1026.7	5.9488	0.83816	1.1309	701.26	-0.042561	5.5060e-05	0.080357	supercritical
1020.4	611.00	197.44	0.0050647	718.38	1027.8	5.9499	0.83829	1.1310	701.50	-0.042597	5.5088e-05	0.080404	supercritical
1021.4	611.00	197.27	0.0050692	719.24	1029.0	5.9510	0.83842	1.1311	701.73	-0.042633	5.5115e-05	0.080452	supercritical
1022.4	611.00	197.09	0.0050737	720.10	1030.1	5.9521	0.83855	1.1311	701.96	-0.042669	5.5142e-05	0.080499	supercritical
1023.4	611.00	196.92	0.0050782	720.95	1031.2	5.9532	0.83868	1.1312	702.20	-0.042705	5.5169e-05	0.080547	supercritical
1024.4	611.00	196.75	0.0050827	721.81	1032.4	5.9543	0.83881	1.1312	702.43	-0.042741	5.5197e-05	0.080594	supercritical
1025.4	611.00	196.57	0.0050872	722.67	1033.5	5.9554	0.83893	1.1313	702.67	-0.042777	5.5224e-05	0.080642	supercritical
1026.4	611.00	196.40	0.0050917	723.52	1034.6	5.9565	0.83906	1.1314	702.90	-0.042813	5.5251e-05	0.080689	supercritical
1027.4	611.00	196.23	0.0050962	724.38	1035.8	5.9576	0.83919	1.1314	703.14	-0.042849	5.5278e-05	0.080737	supercritical
1028.4	611.00	196.05	0.0051006	725.24	1036.9	5.9587	0.83932	1.1315	703.37	-0.042884	5.5305e-05	0.080784	supercritical
1029.4	611.00	195.88	0.0051051	726.10	1038.0	5.9598	0.83944	1.1316	703.60	-0.042920	5.5333e-05	0.080832	supercritical
1030.4	611.00	195.71	0.0051096	726.95	1039.2	5.9609	0.83957	1.1316	703.84	-0.042956	5.5360e-05	0.080880	supercritical
1031.4	611.00	195.54	0.0051141	727.81	1040.3	5.9620	0.83970	1.1317	704.07	-0.042991	5.5387e-05	0.080927	supercritical
1032.4	611.00	195.37	0.0051186	728.67	1041.4	5.9631	0.83982	1.1318	704.31	-0.043027	5.5414e-05	0.080975	supercritical
1033.4	611.00	195.19	0.0051231	729.53	1042.5	5.9642	0.83995	1.1318	704.54	-0.043062	5.5442e-05	0.081022	supercritical
1034.4	611.00	195.02	0.0051276	730.38	1043.7	5.9653	0.84007	1.1319	704.77	-0.043097	5.5469e-05	0.081070	supercritical
1035.4	611.00	194.85	0.0051321	731.24	1044.8	5.9664	0.84020	1.1320	705.01	-0.043133	5.5496e-05	0.081118	supercritical
1036.4	611.00	194.68	0.0051365	732.10	1045.9	5.9675	0.84033	1.1320	705.24	-0.043168	5.5523e-05	0.081165	supercritical
1037.4	611.00	194.51	0.0051410	732.96	1047.1	5.9686	0.84045	1.1321	705.47	-0.043203	5.5550e-05	0.081213	supercritical
1038.4	611.00	194.34	0.0051455	733.81	1048.2	5.9696	0.84058	1.1321	705.71	-0.043238	5.5577e-05	0.081260	supercritical
1039.4	611.00	194.18	0.0051500	734.67	1049.3	5.9707	0.84070	1.1322	705.94	-0.043273	5.5605e-05	0.081308	supercritical
1040.4	611.00	194.01	0.0051545	735.53	1050.5	5.9718	0.84083	1.1323	706.17	-0.043308	5.5632e-05	0.081356	supercritical
1041.4	611.00	193.84	0.0051590	736.39	1051.6	5.9729	0.84095	1.1323	706.41	-0.043343	5.5659e-05	0.081403	supercritical
1042.4	611.00	193.67	0.0051634	737.25	1052.7	5.9740	0.84108	1.1324	706.64	-0.043378	5.5686e-05	0.081451	supercritical
1043.4	611.00	193.50	0.0051679	738.11	1053.9	5.9751	0.84120	1.1325	706.87	-0.043413	5.5713e-05	0.081498	supercritical
1044.4	611.00	193.33	0.0051724	738.97	1055.0	5.9762	0.84132	1.1325	707.10	-0.043448	5.5741e-05	0.081546	supercritical
1045.4	611.00	193.17	0.0051769	739.82	1056.1	5.9773	0.84145	1.1326	707.34	-0.043482	5.5768e-05	0.081594	supercritical
1046.4	611.00	193.00	0.0051814	740.68	1057.3	5.9783	0.84157	1.1327	707.57	-0.043517	5.5795e-05	0.081641	supercritical
1047.4	611.00	192.83	0.0051858	741.54	1058.4	5.9794	0.84169	1.1327	707.80	-0.043552	5.5822e-05	0.081689	supercritical
1048.4	611.00	192.67	0.0051903	742.40	1059.5	5.9805	0.84182	1.1328	708.04	-0.043586	5.5849e-05	0.081737	supercritical
1049.4	611.00	192.50	0.0051948	743.26	1060.7	5.9816	0.84194	1.1328	708.27	-0.043621	5.5876e-05	0.081784	supercritical
1050.4	611.00	192.33	0.0051993	744.12	1061.8	5.9827	0.84206	1.1329	708.50	-0.043655	5.5904e-05	0.081832	supercritical
1051.4	611.00	192.17	0.0052038	744.98	1062.9	5.9837	0.84219	1.1330	708.73	-0.043689	5.5931e-05	0.081880	supercritical
1052.4	611.00	192.00	0.0052082	745.84	1064.1	5.9848	0.84231	1.1330	708.97	-0.043724	5.5958e-05	0.081927	supercritical
1053.4	611.00	191.84	0.0052127	746.70	1065.2	5.9859	0.84243	1.1331	709.20	-0.043758	5.5985e-05	0.081975	supercritical
1054.4	611.00	191.67	0.0052172	747.56	1066.3	5.9870	0.84255	1.1332	709.43	-0.043792	5.6012e-05	0.082023	supercritical
1055.4	611.00	191.51	0.0052217	748.42	1067.5	5.9880	0.84268	1.1332	709.66	-0.043826	5.6039e-05	0.082070	supercritical
1056.4	611.00	191.35	0.0052262	749.28	1068.6	5.9891	0.84280	1.1333	709.89	-0.043860	5.6066e-05	0.082118	supercritical
1057.4	611.00	191.18	0.0052306	750.14	1069.7	5.9902	0.84292	1.1334	710.13	-0.043894	5.6094e-05	0.082166	supercritical
1058.4	611.00	191.02	0.0052351	751.00	1070.9	5.9913	0.84304	1.1334	710.36	-0.043928	5.6121e-05	0.082213	supercritical
1059.4	611.00	190.85	0.0052396	751.86	1072.0	5.9923	0.84316	1.1335	710.59	-0.043962	5.6148e-05	0.082261	supercritical
1060.4	611.00	190.69	0.0052441	752.72	1073.1	5.9934	0.84328	1.1336	710.82	-0.043996	5.6175e-05	0.082309	supercritical
1061.4	611.00	190.53	0.0052485	753.58	1074.3	5.9945	0.84340	1.1336	711.05	-0.044030	5.6202e-05	0.082357	supercritical
1062.4	611.00	190.37	0.0052530	754.44	1075.4	5.9955	0.84352	1.1337	711.29	-0.044063	5.6229e-05	0.082404	supercritical
1063.4	611.00	190.21	0.0052575	755.30	1076.5	5.9966	0.84364	1.1337	711.52	-0.044097	5.6256e-05	0.082452	supercritical
1064.4	611.00	190.04	0.0052620	756.16	1077.7	5.9977	0.84376	1.1338	711.75	-0.044131	5.6283e-05	0.082500	supercritical
1065.4	611.00	189.88	0.0052664	757.02	1078.8	5.9987	0.84388	1.1339	711.98	-0.044164	5.6310e-05	0.082547	supercritical
1066.4	611.00	189.72	0.0052709	757.88	1079.9	5.9998	0.84400	1.1339	712.21	-0.044198	5.6338e-05	0.082595	supercritical
1067.4	611.00	189.56	0.0052754	758.74	1081.1	6.0009	0.84412	1.1340	712.44	-0.044231	5.6365e-05	0.082643	supercritical
1068.4	611.00	189.40	0.0052798	759.60	1082.2	6.0019	0.84424	1.1341	712.68	-0.044264	5.6392e-05	0.082691	supercritical
1069.4	611.00	189.24	0.0052843	760.46	1083.3	6.0030	0.84436	1.1341	712.91	-0.044298	5.6419e-05	0.082738	supercritical
1070.4	611.00	189.08	0.0052888	761.32	1084.5	6.0040	0.84448	1.1342	713.14	-0.044331	5.6446e-05	0.082786	supercritical
1071.4	611.00	188.92	0.0052933	762.18	1085.6	6.0051	0.84460	1.1342	713.37	-0.044364	5.6473e-05	0.082834	supercritical
1072.4	611.00	188.76	0.0052977	763.04	1086.7	6.0062	0.84472	1.1343	713.60	-0.044397	5.6500e-05	0.082882	supercritical
1073.4	611.00	188.60	0.0053022	763.91	1087.9	6.0072	0.84484	1.1344	713.83	-0.044431	5.6527e-05	0.082929	supercritical
1074.4	611.00	188.44	0.0053067	764.77	1089.0	6.0083	0.84496	1.1344	714.06	-0.044464	5.6554e-05	0.082977	supercritical
1075.4	611.00	188.28	0.0053111	765.63	1090.1	6.0093	0.84508	1.1345	714.29	-0.044497	5.6581e-05	0.083025	supercritical
1076.4	611.00	188.13	0.0053156	766.49	1091.3	6.0104	0.84519	1.1346	714.52	-0.044529	5.6608e-05	0.083073	supercritical
1077.4	611.00	187.97	0.0053201	767.35	1092.4	6.0114	0.84531	1.1346	714.75	-0.044562	5.6636e-05	0.083120	supercritical
1078.4	611.00	187.81	0.0053246	768.21	1093.5	6.0125	0.84543	1.1347	714.98	-0.044595	5.6663e-05	0.083168	supercritical
1079.4	611.00	187.65	0.0053290	769.07	1094.7	6.0135	0.84555	1.1348	715.22	-0.044628	5.6690e-05	0.083216	supercritical
1080.4	611.00	187.49	0.0053335	769.94	1095.8	6.0146	0.84567	1.1348	715.45	-0.044661	5.6717e-05	0.083264	supercritical
1081.4	611.00	187.34	0.0053380	770.80	1096.9	6.0156	0.84578	1.1349	715.68	-0.044693	5.6744e-05	0.083311	supercritical
1082.4	611.00	187.18	0.0053424	771.66	1098.1	6.0167	0.84590	1.1349	715.91	-0.044726	5.6771e-05	0.083359	supercritical
1083.4	611.00	187.02	0.0053469	772.52	1099.2	6.0177	0.84602	1.1350	716.14	-0.044758	5.6798e-05	0.083407	supercritical
1084.4	611.00	186.87	0.0053514	773.38	1100.4	6.0188	0.84613	1.1351	716.37	-0.044791	5.6825e-05	0.083455	supercritical
1085.4	611.00	186.71	0.0053558	774.25	1101.5	6.0198	0.84625	1.1351	716.60	-0.044823	5.6852e-05	0.083503	supercritical
1086.4	611.00	186.56	0.0053603	775.11	1102.6	6.0209	0.84637	1.1352	716.83	-0.044856	5.6879e-05	0.083550	supercritical
1087.4	611.00	186.40	0.0053648	775.97	1103.8	6.0219	0.84648	1.1353	717.06	-0.044888	5.6906e-05	0.083598	supercritical
1088.4	611.00	186.25	0.0053692	776.83	1104.9	6.0230	0.84660	1.1353	717.29	-0.044920	5.6933e-05	0.083646	supercritical
1089.4	611.00	186.09	0.0053737	777.70	1106.0	6.0240	0.84671	1.1354	717.52	-0.044952	5.6960e-05	0.083694	supercritical
1090.4	611.00	185.94	0.0053781	778.56	1107.2	6.0251	0.84683	1.1354	717.75	-0.044985	5.6987e-05	0.083742	supercritical
1091.4	611.00	185.78	0.0053826	779.42	1108.3	6.0261	0.84695	1.1355	717.98	-0.045017	5.7014e-05	0.083789	supercritical
1092.4	611.00	185.63	0.0053871	780.28	1109.4	6.0271	0.84706	1.1356	718.21	-0.045049	5.7041e-05	0.083837	supercritical
1093.4	611.00	185.48	0.0053915	781.15	1110.6	6.0282	0.84718	1.1356	718.44	-0.045081	5.7068e-05	0.083885	supercritical
1094.4	611.00	185.32	0.0053960	782.01	1111.7	6.0292	0.84729	1.1357	718.67	-0.045113	5.7095e-05	0.083933	supercritical
1095.4	611.00	185.17	0.0054005	782.87	1112.8	6.0302	0.84741	1.1358	718.90	-0.045145	5.7122e-05	0.083981	supercritical
1096.4	611.00	185.02	0.0054049	783.74	1114.0	6.0313	0.84752	1.1358	719.13	-0.045176	5.7149e-05	0.084028	supercritical
1097.4	611.00	184.86	0.0054094	784.60	1115.1	6.0323	0.84764	1.1359	719.35	-0.045208	5.7176e-05	0.084076	supercritical
1098.4	611.00	184.71	0.0054138	785.46	1116.2	6.0334	0.84775	1.1360	719.58	-0.045240	5.7203e-05	0.084124	supercritical
1099.4	611.00	184.56	0.0054183	786.33	1117.4	6.0344	0.84786	1.1360	719.81	-0.045272	5.7230e-05	0.084172	supercritical
1100.4	611.00	184.41	0.0054228	787.19	1118.5	6.0354	0.84798	1.1361	720.04	-0.045303	5.7257e-05	0.084220	supercritical
1101.4	611.00	184.26	0.0054272	788.05	1119.7	6.0365	0.84809	1.1361	720.27	-0.045335	5.7284e-05	0.084267	supercritical
1102.4	611.00	184.10	0.0054317	788.92	1120.8	6.0375	0.84821	1.1362	720.50	-0.045366	5.7311e-05	0.084315	supercritical
1103.4	611.00	183.95	0.0054361	789.78	1121.9	6.0385	0.84832	1.1363	720.73	-0.045398	5.7338e-05	0.084363	supercritical
1104.4	611.00	183.80	0.0054406	790.64	1123.1	6.0395	0.84843	1.1363	720.96	-0.045429	5.7365e-05	0.084411	supercritical
1105.4	611.00	183.65	0.0054451	791.51	1124.2	6.0406	0.84855	1.1364	721.19	-0.045461	5.7392e-05	0.084459	supercritical
1106.4	611.00	183.50	0.0054495	792.37	1125.3	6.0416	0.84866	1.1365	721.42	-0.045492	5.7419e-05	0.084507	supercritical
1107.4	611.00	183.35	0.0054540	793.24	1126.5	6.0426	0.84877	1.1365	721.64	-0.045523	5.7446e-05	0.084555	supercritical
1108.4	611.00	183.20	0.0054584	794.10	1127.6	6.0437	0.84888	1.1366	721.87	-0.045554	5.7473e-05	0.084602	supercritical
1109.4	611.00	183.05	0.0054629	794.97	1128.7	6.0447	0.84900	1.1366	722.10	-0.045586	5.7500e-05	0.084650	supercritical
1110.4	611.00	182.90	0.0054674	795.83	1129.9	6.0457	0.84911	1.1367	722.33	-0.045617	5.7527e-05	0.084698	supercritical
1111.4	611.00	182.75	0.0054718	796.69	1131.0	6.0467	0.84922	1.1368	722.56	-0.045648	5.7554e-05	0.084746	supercritical
1112.4	611.00	182.61	0.0054763	797.56	1132.2	6.0477	0.84933	1.1368	722.79	-0.045679	5.7581e-05	0.084794	supercritical
1113.4	611.00	182.46	0.0054807	798.42	1133.3	6.0488	0.84945	1.1369	723.02	-0.045710	5.7608e-05	0.084842	supercritical
1114.4	611.00	182.31	0.0054852	799.29	1134.4	6.0498	0.84956	1.1370	723.24	-0.045741	5.7635e-05	0.084889	supercritical
1115.4	611.00	182.16	0.0054896	800.15	1135.6	6.0508	0.84967	1.1370	723.47	-0.045771	5.7661e-05	0.084937	supercritical
1116.4	611.00	182.01	0.0054941	801.02	1136.7	6.0518	0.84978	1.1371	723.70	-0.045802	5.7688e-05	0.084985	supercritical
1117.4	611.00	181.87	0.0054985	801.88	1137.8	6.0528	0.84989	1.1371	723.93	-0.045833	5.7715e-05	0.085033	supercritical
1118.4	611.00	181.72	0.0055030	802.75	1139.0	6.0539	0.85000	1.1372	724.16	-0.045864	5.7742e-05	0.085081	supercritical
1119.4	611.00	181.57	0.0055075	803.61	1140.1	6.0549	0.85011	1.1373	724.38	-0.045894	5.7769e-05	0.085129	supercritical
1120.4	611.00	181.43	0.0055119	804.48	1141.3	6.0559	0.85023	1.1373	724.61	-0.045925	5.7796e-05	0.085177	supercritical
1121.4	611.00	181.28	0.0055164	805.34	1142.4	6.0569	0.85034	1.1374	724.84	-0.045955	5.7823e-05	0.085225	supercritical
1122.4	611.00	181.13	0.0055208	806.21	1143.5	6.0579	0.85045	1.1374	725.07	-0.045986	5.7850e-05	0.085272	supercritical
1123.4	611.00	180.99	0.0055253	807.07	1144.7	6.0589	0.85056	1.1375	725.30	-0.046016	5.7877e-05	0.085320	supercritical
1124.4	611.00	180.84	0.0055297	807.94	1145.8	6.0599	0.85067	1.1376	725.52	-0.046047	5.7904e-05	0.085368	supercritical
1125.4	611.00	180.70	0.0055342	808.80	1146.9	6.0610	0.85078	1.1376	725.75	-0.046077	5.7931e-05	0.085416	supercritical
1126.4	611.00	180.55	0.0055386	809.67	1148.1	6.0620	0.85089	1.1377	725.98	-0.046107	5.7957e-05	0.085464	supercritical
1127.4	611.00	180.41	0.0055431	810.54	1149.2	6.0630	0.85100	1.1378	726.21	-0.046138	5.7984e-05	0.085512	supercritical
1128.4	611.00	180.26	0.0055475	811.40	1150.4	6.0640	0.85111	1.1378	726.43	-0.046168	5.8011e-05	0.085560	supercritical
1129.4	611.00	180.12	0.0055520	812.27	1151.5	6.0650	0.85122	1.1379	726.66	-0.046198	5.8038e-05	0.085608	supercritical
1130.4	611.00	179.97	0.0055564	813.13	1152.6	6.0660	0.85133	1.1379	726.89	-0.046228	5.8065e-05	0.085655	supercritical
1131.4	611.00	179.83	0.0055609	814.00	1153.8	6.0670	0.85144	1.1380	727.11	-0.046258	5.8092e-05	0.085703	supercritical
1132.4	611.00	179.68	0.0055653	814.87	1154.9	6.0680	0.85154	1.1381	727.34	-0.046288	5.8119e-05	0.085751	supercritical
1133.4	611.00	179.54	0.0055698	815.73	1156.0	6.0690	0.85165	1.1381	727.57	-0.046318	5.8146e-05	0.085799	supercritical
1134.4	611.00	179.40	0.0055742	816.60	1157.2	6.0700	0.85176	1.1382	727.79	-0.046348	5.8173e-05	0.085847	supercritical
1135.4	611.00	179.25	0.0055787	817.46	1158.3	6.0710	0.85187	1.1383	728.02	-0.046378	5.8199e-05	0.085895	supercritical
1136.4	611.00	179.11	0.0055831	818.33	1159.5	6.0720	0.85198	1.1383	728.25	-0.046408	5.8226e-05	0.085943	supercritical
1137.4	611.00	178.97	0.0055876	819.20	1160.6	6.0730	0.85209	1.1384	728.48	-0.046437	5.8253e-05	0.085991	supercritical
1138.4	611.00	178.83	0.0055920	820.06	1161.7	6.0740	0.85220	1.1384	728.70	-0.046467	5.8280e-05	0.086039	supercritical
1139.4	611.00	178.68	0.0055965	820.93	1162.9	6.0750	0.85230	1.1385	728.93	-0.046497	5.8307e-05	0.086086	supercritical
1140.4	611.00	178.54	0.0056009	821.80	1164.0	6.0760	0.85241	1.1386	729.15	-0.046526	5.8334e-05	0.086134	supercritical
1141.4	611.00	178.40	0.0056054	822.66	1165.2	6.0770	0.85252	1.1386	729.38	-0.046556	5.8360e-05	0.086182	supercritical
1142.4	611.00	178.26	0.0056098	823.53	1166.3	6.0780	0.85263	1.1387	729.61	-0.046585	5.8387e-05	0.086230	supercritical
1143.4	611.00	178.12	0.0056143	824.40	1167.4	6.0790	0.85273	1.1387	729.83	-0.046615	5.8414e-05	0.086278	supercritical
1144.4	611.00	177.98	0.0056187	825.27	1168.6	6.0800	0.85284	1.1388	730.06	-0.046644	5.8441e-05	0.086326	supercritical
1145.4	611.00	177.84	0.0056231	826.13	1169.7	6.0810	0.85295	1.1389	730.29	-0.046674	5.8468e-05	0.086374	supercritical
1146.4	611.00	177.70	0.0056276	827.00	1170.8	6.0820	0.85306	1.1389	730.51	-0.046703	5.8495e-05	0.086422	supercritical
1147.4	611.00	177.56	0.0056320	827.87	1172.0	6.0830	0.85316	1.1390	730.74	-0.046732	5.8521e-05	0.086470	supercritical
1148.4	611.00	177.42	0.0056365	828.74	1173.1	6.0840	0.85327	1.1391	730.96	-0.046761	5.8548e-05	0.086518	supercritical
1149.4	611.00	177.28	0.0056409	829.60	1174.3	6.0850	0.85338	1.1391	731.19	-0.046791	5.8575e-05	0.086566	supercritical
1150.4	611.00	177.14	0.0056454	830.47	1175.4	6.0860	0.85348	1.1392	731.42	-0.046820	5.8602e-05	0.086613	supercritical
1151.4	611.00	177.00	0.0056498	831.34	1176.5	6.0870	0.85359	1.1392	731.64	-0.046849	5.8629e-05	0.086661	supercritical
1152.4	611.00	176.86	0.0056543	832.21	1177.7	6.0880	0.85369	1.1393	731.87	-0.046878	5.8655e-05	0.086709	supercritical
1153.4	611.00	176.72	0.0056587	833.07	1178.8	6.0889	0.85380	1.1394	732.09	-0.046907	5.8682e-05	0.086757	supercritical
1154.4	611.00	176.58	0.0056631	833.94	1180.0	6.0899	0.85391	1.1394	732.32	-0.046936	5.8709e-05	0.086805	supercritical
1155.4	611.00	176.44	0.0056676	834.81	1181.1	6.0909	0.85401	1.1395	732.54	-0.046965	5.8736e-05	0.086853	supercritical
1156.4	611.00	176.30	0.0056720	835.68	1182.2	6.0919	0.85412	1.1395	732.77	-0.046994	5.8763e-05	0.086901	supercritical
1157.4	611.00	176.17	0.0056765	836.55	1183.4	6.0929	0.85422	1.1396	733.00	-0.047022	5.8789e-05	0.086949	supercritical
1158.4	611.00	176.03	0.0056809	837.41	1184.5	6.0939	0.85433	1.1397	733.22	-0.047051	5.8816e-05	0.086997	supercritical
1159.4	611.00	175.89	0.0056853	838.28	1185.7	6.0949	0.85443	1.1397	733.45	-0.047080	5.8843e-05	0.087045	supercritical
1160.4	611.00	175.75	0.0056898	839.15	1186.8	6.0958	0.85454	1.1398	733.67	-0.047108	5.8870e-05	0.087093	supercritical
1161.4	611.00	175.62	0.0056942	840.02	1187.9	6.0968	0.85464	1.1398	733.90	-0.047137	5.8896e-05	0.087141	supercritical
1162.4	611.00	175.48	0.0056987	840.89	1189.1	6.0978	0.85475	1.1399	734.12	-0.047166	5.8923e-05	0.087189	supercritical
1163.4	611.00	175.34	0.0057031	841.76	1190.2	6.0988	0.85485	1.1400	734.35	-0.047194	5.8950e-05	0.087236	supercritical
1164.4	611.00	175.21	0.0057075	842.63	1191.4	6.0998	0.85496	1.1400	734.57	-0.047223	5.8977e-05	0.087284	supercritical
1165.4	611.00	175.07	0.0057120	843.49	1192.5	6.1007	0.85506	1.1401	734.80	-0.047251	5.9003e-05	0.087332	supercritical
1166.4	611.00	174.93	0.0057164	844.36	1193.6	6.1017	0.85517	1.1402	735.02	-0.047279	5.9030e-05	0.087380	supercritical
1167.4	611.00	174.80	0.0057209	845.23	1194.8	6.1027	0.85527	1.1402	735.25	-0.047308	5.9057e-05	0.087428	supercritical
1168.4	611.00	174.66	0.0057253	846.10	1195.9	6.1037	0.85537	1.1403	735.47	-0.047336	5.9084e-05	0.087476	supercritical
1169.4	611.00	174.53	0.0057297	846.97	1197.1	6.1046	0.85548	1.1403	735.69	-0.047364	5.9110e-05	0.087524	supercritical
1170.4	611.00	174.39	0.0057342	847.84	1198.2	6.1056	0.85558	1.1404	735.92	-0.047393	5.9137e-05	0.087572	supercritical
1171.4	611.00	174.26	0.0057386	848.71	1199.3	6.1066	0.85569	1.1405	736.14	-0.047421	5.9164e-05	0.087620	supercritical
1172.4	611.00	174.12	0.0057431	849.58	1200.5	6.1076	0.85579	1.1405	736.37	-0.047449	5.9191e-05	0.087668	supercritical
1173.4	611.00	173.99	0.0057475	850.45	1201.6	6.1085	0.85589	1.1406	736.59	-0.047477	5.9217e-05	0.087716	supercritical
1174.4	611.00	173.85	0.0057519	851.32	1202.8	6.1095	0.85600	1.1406	736.82	-0.047505	5.9244e-05	0.087764	supercritical
1175.4	611.00	173.72	0.0057564	852.19	1203.9	6.1105	0.85610	1.1407	737.04	-0.047533	5.9271e-05	0.087812	supercritical
1176.4	611.00	173.59	0.0057608	853.06	1205.0	6.1115	0.85620	1.1408	737.26	-0.047561	5.9297e-05	0.087860	supercritical
1177.4	611.00	173.45	0.0057652	853.93	1206.2	6.1124	0.85630	1.1408	737.49	-0.047589	5.9324e-05	0.087908	supercritical
1178.4	611.00	173.32	0.0057697	854.80	1207.3	6.1134	0.85641	1.1409	737.71	-0.047616	5.9351e-05	0.087956	supercritical
1179.4	611.00	173.19	0.0057741	855.67	1208.5	6.1144	0.85651	1.1409	737.94	-0.047644	5.9377e-05	0.088003	supercritical
1180.4	611.00	173.05	0.0057785	856.54	1209.6	6.1153	0.85661	1.1410	738.16	-0.047672	5.9404e-05	0.088051	supercritical
1181.4	611.00	172.92	0.0057830	857.41	1210.7	6.1163	0.85671	1.1411	738.38	-0.047700	5.9431e-05	0.088099	supercritical
1182.4	611.00	172.79	0.0057874	858.28	1211.9	6.1173	0.85682	1.1411	738.61	-0.047727	5.9457e-05	0.088147	supercritical
1183.4	611.00	172.66	0.0057918	859.15	1213.0	6.1182	0.85692	1.1412	738.83	-0.047755	5.9484e-05	0.088195	supercritical
1184.4	611.00	172.52	0.0057963	860.02	1214.2	6.1192	0.85702	1.1412	739.05	-0.047783	5.9511e-05	0.088243	supercritical
1185.4	611.00	172.39	0.0058007	860.89	1215.3	6.1201	0.85712	1.1413	739.28	-0.047810	5.9537e-05	0.088291	supercritical
1186.4	611.00	172.26	0.0058051	861.76	1216.5	6.1211	0.85722	1.1414	739.50	-0.047838	5.9564e-05	0.088339	supercritical
1187.4	611.00	172.13	0.0058096	862.63	1217.6	6.1221	0.85733	1.1414	739.72	-0.047865	5.9591e-05	0.088387	supercritical
1188.4	611.00	172.00	0.0058140	863.50	1218.7	6.1230	0.85743	1.1415	739.95	-0.047892	5.9617e-05	0.088435	supercritical
1189.4	611.00	171.87	0.0058184	864.37	1219.9	6.1240	0.85753	1.1415	740.17	-0.047920	5.9644e-05	0.088483	supercritical
1190.4	611.00	171.74	0.0058229	865.24	1221.0	6.1250	0.85763	1.1416	740.39	-0.047947	5.9671e-05	0.088531	supercritical
1191.4	611.00	171.61	0.0058273	866.11	1222.2	6.1259	0.85773	1.1417	740.62	-0.047974	5.9697e-05	0.088579	supercritical
1192.4	611.00	171.48	0.0058317	866.98	1223.3	6.1269	0.85783	1.1417	740.84	-0.048002	5.9724e-05	0.088627	supercritical
1193.4	611.00	171.35	0.0058362	867.85	1224.4	6.1278	0.85793	1.1418	741.06	-0.048029	5.9751e-05	0.088675	supercritical
1194.4	611.00	171.22	0.0058406	868.72	1225.6	6.1288	0.85803	1.1418	741.29	-0.048056	5.9777e-05	0.088723	supercritical
1195.4	611.00	171.09	0.0058450	869.60	1226.7	6.1297	0.85813	1.1419	741.51	-0.048083	5.9804e-05	0.088771	supercritical
1196.4	611.00	170.96	0.0058495	870.47	1227.9	6.1307	0.85823	1.1420	741.73	-0.048110	5.9831e-05	0.088819	supercritical
1197.4	611.00	170.83	0.0058539	871.34	1229.0	6.1316	0.85833	1.1420	741.95	-0.048137	5.9857e-05	0.088867	supercritical
1198.4	611.00	170.70	0.0058583	872.21	1230.2	6.1326	0.85843	1.1421	742.18	-0.048164	5.9884e-05	0.088915	supercritical
1199.4	611.00	170.57	0.0058628	873.08	1231.3	6.1336	0.85853	1.1421	742.40	-0.048191	5.9910e-05	0.088963	supercritical
1200.4	611.00	170.44	0.0058672	873.95	1232.4	6.1345	0.85863	1.1422	742.62	-0.048218	5.9937e-05	0.089010	supercritical
1201.4	611.00	170.31	0.0058716	874.82	1233.6	6.1355	0.85873	1.1423	742.84	-0.048245	5.9964e-05	0.089058	supercritical
1202.4	611.00	170.18	0.0058760	875.70	1234.7	6.1364	0.85883	1.1423	743.07	-0.048271	5.9990e-05	0.089106	supercritical
1203.4	611.00	170.05	0.0058805	876.57	1235.9	6.1374	0.85893	1.1424	743.29	-0.048298	6.0017e-05	0.089154	supercritical
1204.4	611.00	169.93	0.0058849	877.44	1237.0	6.1383	0.85903	1.1424	743.51	-0.048325	6.0043e-05	0.089202	supercritical
1205.4	611.00	169.80	0.0058893	878.31	1238.1	6.1393	0.85913	1.1425	743.73	-0.048351	6.0070e-05	0.089250	supercritical
1206.4	611.00	169.67	0.0058937	879.18	1239.3	6.1402	0.85923	1.1426	743.96	-0.048378	6.0097e-05	0.089298	supercritical
1207.4	611.00	169.54	0.0058982	880.06	1240.4	6.1411	0.85933	1.1426	744.18	-0.048405	6.0123e-05	0.089346	supercritical
1208.4	611.00	169.42	0.0059026	880.93	1241.6	6.1421	0.85943	1.1427	744.40	-0.048431	6.0150e-05	0.089394	supercritical
1209.4	611.00	169.29	0.0059070	881.80	1242.7	6.1430	0.85953	1.1427	744.62	-0.048458	6.0176e-05	0.089442	supercritical
1210.4	611.00	169.16	0.0059115	882.67	1243.9	6.1440	0.85963	1.1428	744.84	-0.048484	6.0203e-05	0.089490	supercritical
1211.4	611.00	169.04	0.0059159	883.54	1245.0	6.1449	0.85973	1.1429	745.07	-0.048511	6.0229e-05	0.089538	supercritical
1212.4	611.00	168.91	0.0059203	884.42	1246.1	6.1459	0.85982	1.1429	745.29	-0.048537	6.0256e-05	0.089586	supercritical
1213.4	611.00	168.78	0.0059247	885.29	1247.3	6.1468	0.85992	1.1430	745.51	-0.048563	6.0283e-05	0.089634	supercritical
1214.4	611.00	168.66	0.0059292	886.16	1248.4	6.1478	0.86002	1.1430	745.73	-0.048590	6.0309e-05	0.089682	supercritical
1215.4	611.00	168.53	0.0059336	887.04	1249.6	6.1487	0.86012	1.1431	745.95	-0.048616	6.0336e-05	0.089730	supercritical
1216.4	611.00	168.41	0.0059380	887.91	1250.7	6.1496	0.86022	1.1432	746.17	-0.048642	6.0362e-05	0.089778	supercritical
1217.4	611.00	168.28	0.0059424	888.78	1251.9	6.1506	0.86031	1.1432	746.39	-0.048668	6.0389e-05	0.089826	supercritical
1218.4	611.00	168.16	0.0059469	889.65	1253.0	6.1515	0.86041	1.1433	746.62	-0.048694	6.0415e-05	0.089874	supercritical
1219.4	611.00	168.03	0.0059513	890.53	1254.2	6.1525	0.86051	1.1433	746.84	-0.048720	6.0442e-05	0.089922	supercritical
1220.4	611.00	167.91	0.0059557	891.40	1255.3	6.1534	0.86061	1.1434	747.06	-0.048746	6.0468e-05	0.089970	supercritical
1221.4	611.00	167.78	0.0059601	892.27	1256.4	6.1543	0.86071	1.1435	747.28	-0.048772	6.0495e-05	0.090018	supercritical
1222.4	611.00	167.66	0.0059646	893.15	1257.6	6.1553	0.86080	1.1435	747.50	-0.048798	6.0521e-05	0.090066	supercritical
1223.4	611.00	167.53	0.0059690	894.02	1258.7	6.1562	0.86090	1.1436	747.72	-0.048824	6.0548e-05	0.090114	supercritical
1224.4	611.00	167.41	0.0059734	894.89	1259.9	6.1571	0.86100	1.1436	747.94	-0.048850	6.0574e-05	0.090161	supercritical
1225.4	611.00	167.29	0.0059778	895.77	1261.0	6.1581	0.86109	1.1437	748.16	-0.048876	6.0601e-05	0.090209	supercritical
1226.4	611.00	167.16	0.0059822	896.64	1262.2	6.1590	0.86119	1.1438	748.38	-0.048902	6.0628e-05	0.090257	supercritical
1227.4	611.00	167.04	0.0059867	897.51	1263.3	6.1599	0.86129	1.1438	748.60	-0.048927	6.0654e-05	0.090305	supercritical
1228.4	611.00	166.91	0.0059911	898.39	1264.4	6.1609	0.86139	1.1439	748.83	-0.048953	6.0681e-05	0.090353	supercritical
1229.4	611.00	166.79	0.0059955	899.26	1265.6	6.1618	0.86148	1.1439	749.05	-0.048979	6.0707e-05	0.090401	supercritical
1230.4	611.00	166.67	0.0059999	900.13	1266.7	6.1627	0.86158	1.1440	749.27	-0.049004	6.0734e-05	0.090449	supercritical
1231.4	611.00	166.55	0.0060043	901.01	1267.9	6.1637	0.86167	1.1441	749.49	-0.049030	6.0760e-05	0.090497	supercritical
1232.4	611.00	166.42	0.0060088	901.88	1269.0	6.1646	0.86177	1.1441	749.71	-0.049056	6.0786e-05	0.090545	supercritical
1233.4	611.00	166.30	0.0060132	902.76	1270.2	6.1655	0.86187	1.1442	749.93	-0.049081	6.0813e-05	0.090593	supercritical
1234.4	611.00	166.18	0.0060176	903.63	1271.3	6.1664	0.86196	1.1442	750.15	-0.049106	6.0839e-05	0.090641	supercritical
1235.4	611.00	166.06	0.0060220	904.51	1272.5	6.1674	0.86206	1.1443	750.37	-0.049132	6.0866e-05	0.090689	supercritical
1236.4	611.00	165.94	0.0060264	905.38	1273.6	6.1683	0.86216	1.1444	750.59	-0.049157	6.0892e-05	0.090737	supercritical
1237.4	611.00	165.81	0.0060309	906.25	1274.7	6.1692	0.86225	1.1444	750.81	-0.049183	6.0919e-05	0.090785	supercritical
1238.4	611.00	165.69	0.0060353	907.13	1275.9	6.1701	0.86235	1.1445	751.03	-0.049208	6.0945e-05	0.090833	supercritical
1239.4	611.00	165.57	0.0060397	908.00	1277.0	6.1711	0.86244	1.1445	751.25	-0.049233	6.0972e-05	0.090881	supercritical
1240.4	611.00	165.45	0.0060441	908.88	1278.2	6.1720	0.86254	1.1446	751.47	-0.049258	6.0998e-05	0.090929	supercritical
1241.4	611.00	165.33	0.0060485	909.75	1279.3	6.1729	0.86263	1.1447	751.69	-0.049284	6.1025e-05	0.090977	supercritical
1242.4	611.00	165.21	0.0060530	910.63	1280.5	6.1738	0.86273	1.1447	751.91	-0.049309	6.1051e-05	0.091025	supercritical
1243.4	611.00	165.09	0.0060574	911.50	1281.6	6.1748	0.86282	1.1448	752.13	-0.049334	6.1078e-05	0.091073	supercritical
1244.4	611.00	164.97	0.0060618	912.38	1282.8	6.1757	0.86292	1.1448	752.35	-0.049359	6.1104e-05	0.091121	supercritical
1245.4	611.00	164.85	0.0060662	913.25	1283.9	6.1766	0.86301	1.1449	752.57	-0.049384	6.1130e-05	0.091169	supercritical
1246.4	611.00	164.73	0.0060706	914.13	1285.0	6.1775	0.86311	1.1450	752.79	-0.049409	6.1157e-05	0.091217	supercritical
1247.4	611.00	164.61	0.0060750	915.00	1286.2	6.1784	0.86320	1.1450	753.01	-0.049434	6.1183e-05	0.091265	supercritical
1248.4	611.00	164.49	0.0060795	915.88	1287.3	6.1793	0.86330	1.1451	753.22	-0.049459	6.1210e-05	0.091312	supercritical
1249.4	611.00	164.37	0.0060839	916.75	1288.5	6.1803	0.86339	1.1451	753.44	-0.049484	6.1236e-05	0.091360	supercritical
1250.4	611.00	164.25	0.0060883	917.63	1289.6	6.1812	0.86349	1.1452	753.66	-0.049508	6.1263e-05	0.091408	supercritical
1251.4	611.00	164.13	0.0060927	918.50	1290.8	6.1821	0.86358	1.1452	753.88	-0.049533	6.1289e-05	0.091456	supercritical
1252.4	611.00	164.01	0.0060971	919.38	1291.9	6.1830	0.86368	1.1453	754.10	-0.049558	6.1315e-05	0.091504	supercritical
1253.4	611.00	163.89	0.0061015	920.25	1293.1	6.1839	0.86377	1.1454	754.32	-0.049583	6.1342e-05	0.091552	supercritical
1254.4	611.00	163.77	0.0061060	921.13	1294.2	6.1848	0.86386	1.1454	754.54	-0.049607	6.1368e-05	0.091600	supercritical
1255.4	611.00	163.66	0.0061104	922.01	1295.3	6.1858	0.86396	1.1455	754.76	-0.049632	6.1395e-05	0.091648	supercritical
1256.4	611.00	163.54	0.0061148	922.88	1296.5	6.1867	0.86405	1.1455	754.98	-0.049657	6.1421e-05	0.091696	supercritical
1257.4	611.00	163.42	0.0061192	923.76	1297.6	6.1876	0.86415	1.1456	755.20	-0.049681	6.1447e-05	0.091744	supercritical
1258.4	611.00	163.30	0.0061236	924.63	1298.8	6.1885	0.86424	1.1457	755.41	-0.049706	6.1474e-05	0.091792	supercritical
1259.4	611.00	163.18	0.0061280	925.51	1299.9	6.1894	0.86433	1.1457	755.63	-0.049730	6.1500e-05	0.091840	supercritical
1260.4	611.00	163.07	0.0061324	926.39	1301.1	6.1903	0.86443	1.1458	755.85	-0.049755	6.1526e-05	0.091888	supercritical
1261.4	611.00	162.95	0.0061369	927.26	1302.2	6.1912	0.86452	1.1458	756.07	-0.049779	6.1553e-05	0.091936	supercritical
1262.4	611.00	162.83	0.0061413	928.14	1303.4	6.1921	0.86461	1.1459	756.29	-0.049803	6.1579e-05	0.091984	supercritical
1263.4	611.00	162.72	0.0061457	929.01	1304.5	6.1930	0.86471	1.1460	756.51	-0.049828	6.1606e-05	0.092032	supercritical
1264.4	611.00	162.60	0.0061501	929.89	1305.7	6.1939	0.86480	1.1460	756.73	-0.049852	6.1632e-05	0.092080	supercritical
1265.4	611.00	162.48	0.0061545	930.77	1306.8	6.1948	0.86489	1.1461	756.94	-0.049876	6.1658e-05	0.092128	supercritical
1266.4	611.00	162.37	0.0061589	931.64	1308.0	6.1957	0.86498	1.1461	757.16	-0.049901	6.1685e-05	0.092176	supercritical
1267.4	611.00	162.25	0.0061633	932.52	1309.1	6.1967	0.86508	1.1462	757.38	-0.049925	6.1711e-05	0.092224	supercritical
1268.4	611.00	162.13	0.0061677	933.40	1310.2	6.1976	0.86517	1.1463	757.60	-0.049949	6.1737e-05	0.092272	supercritical
1269.4	611.00	162.02	0.0061722	934.27	1311.4	6.1985	0.86526	1.1463	757.82	-0.049973	6.1764e-05	0.092320	supercritical
1270.4	611.00	161.90	0.0061766	935.15	1312.5	6.1994	0.86536	1.1464	758.03	-0.049997	6.1790e-05	0.092367	supercritical
1271.4	611.00	161.79	0.0061810	936.03	1313.7	6.2003	0.86545	1.1464	758.25	-0.050021	6.1816e-05	0.092415	supercritical
1272.4	611.00	161.67	0.0061854	936.90	1314.8	6.2012	0.86554	1.1465	758.47	-0.050045	6.1843e-05	0.092463	supercritical
1273.4	611.00	161.56	0.0061898	937.78	1316.0	6.2021	0.86563	1.1465	758.69	-0.050069	6.1869e-05	0.092511	supercritical
1274.4	611.00	161.44	0.0061942	938.66	1317.1	6.2030	0.86572	1.1466	758.90	-0.050093	6.1895e-05	0.092559	supercritical
1275.4	611.00	161.33	0.0061986	939.54	1318.3	6.2039	0.86582	1.1467	759.12	-0.050117	6.1922e-05	0.092607	supercritical
1276.4	611.00	161.21	0.0062030	940.41	1319.4	6.2048	0.86591	1.1467	759.34	-0.050141	6.1948e-05	0.092655	supercritical
1277.4	611.00	161.10	0.0062074	941.29	1320.6	6.2057	0.86600	1.1468	759.56	-0.050164	6.1974e-05	0.092703	supercritical
1278.4	611.00	160.98	0.0062118	942.17	1321.7	6.2066	0.86609	1.1468	759.77	-0.050188	6.2000e-05	0.092751	supercritical
1279.4	611.00	160.87	0.0062162	943.05	1322.9	6.2075	0.86618	1.1469	759.99	-0.050212	6.2027e-05	0.092799	supercritical
1280.4	611.00	160.75	0.0062207	943.92	1324.0	6.2084	0.86628	1.1470	760.21	-0.050236	6.2053e-05	0.092847	supercritical
1281.4	611.00	160.64	0.0062251	944.80	1325.2	6.2092	0.86637	1.1470	760.43	-0.050259	6.2079e-05	0.092895	supercritical
1282.4	611.00	160.53	0.0062295	945.68	1326.3	6.2101	0.86646	1.1471	760.64	-0.050283	6.2106e-05	0.092943	supercritical
1283.4	611.00	160.41	0.0062339	946.56	1327.4	6.2110	0.86655	1.1471	760.86	-0.050306	6.2132e-05	0.092991	supercritical
1284.4	611.00	160.30	0.0062383	947.43	1328.6	6.2119	0.86664	1.1472	761.08	-0.050330	6.2158e-05	0.093039	supercritical
1285.4	611.00	160.19	0.0062427	948.31	1329.7	6.2128	0.86673	1.1473	761.29	-0.050354	6.2184e-05	0.093087	supercritical
1286.4	611.00	160.07	0.0062471	949.19	1330.9	6.2137	0.86682	1.1473	761.51	-0.050377	6.2211e-05	0.093135	supercritical
1287.4	611.00	159.96	0.0062515	950.07	1332.0	6.2146	0.86691	1.1474	761.73	-0.050400	6.2237e-05	0.093183	supercritical
1288.4	611.00	159.85	0.0062559	950.95	1333.2	6.2155	0.86700	1.1474	761.94	-0.050424	6.2263e-05	0.093230	supercritical
1289.4	611.00	159.74	0.0062603	951.82	1334.3	6.2164	0.86710	1.1475	762.16	-0.050447	6.2290e-05	0.093278	supercritical
1290.4	611.00	159.62	0.0062647	952.70	1335.5	6.2173	0.86719	1.1475	762.38	-0.050471	6.2316e-05	0.093326	supercritical
1291.4	611.00	159.51	0.0062691	953.58	1336.6	6.2182	0.86728	1.1476	762.59	-0.050494	6.2342e-05	0.093374	supercritical
1292.4	611.00	159.40	0.0062735	954.46	1337.8	6.2191	0.86737	1.1477	762.81	-0.050517	6.2368e-05	0.093422	supercritical
1293.4	611.00	159.29	0.0062779	955.34	1338.9	6.2199	0.86746	1.1477	763.03	-0.050540	6.2394e-05	0.093470	supercritical
1294.4	611.00	159.18	0.0062824	956.22	1340.1	6.2208	0.86755	1.1478	763.24	-0.050563	6.2421e-05	0.093518	supercritical
1295.4	611.00	159.06	0.0062868	957.09	1341.2	6.2217	0.86764	1.1478	763.46	-0.050587	6.2447e-05	0.093566	supercritical
1296.4	611.00	158.95	0.0062912	957.97	1342.4	6.2226	0.86773	1.1479	763.68	-0.050610	6.2473e-05	0.093614	supercritical
1297.4	611.00	158.84	0.0062956	958.85	1343.5	6.2235	0.86782	1.1480	763.89	-0.050633	6.2499e-05	0.093662	supercritical
1298.4	611.00	158.73	0.0063000	959.73	1344.7	6.2244	0.86791	1.1480	764.11	-0.050656	6.2526e-05	0.093710	supercritical
1299.4	611.00	158.62	0.0063044	960.61	1345.8	6.2253	0.86800	1.1481	764.32	-0.050679	6.2552e-05	0.093758	supercritical
1300.4	611.00	158.51	0.0063088	961.49	1347.0	6.2261	0.86809	1.1481	764.54	-0.050702	6.2578e-05	0.093806	supercritical
1301.4	611.00	158.40	0.0063132	962.37	1348.1	6.2270	0.86818	1.1482	764.76	-0.050725	6.2604e-05	0.093854	supercritical
1302.4	611.00	158.29	0.0063176	963.25	1349.3	6.2279	0.86827	1.1482	764.97	-0.050748	6.2631e-05	0.093902	supercritical
1303.4	611.00	158.18	0.0063220	964.13	1350.4	6.2288	0.86836	1.1483	765.19	-0.050771	6.2657e-05	0.093949	supercritical
1304.4	611.00	158.07	0.0063264	965.01	1351.5	6.2297	0.86845	1.1484	765.40	-0.050793	6.2683e-05	0.093997	supercritical
1305.4	611.00	157.96	0.0063308	965.89	1352.7	6.2305	0.86854	1.1484	765.62	-0.050816	6.2709e-05	0.094045	supercritical
1306.4	611.00	157.85	0.0063352	966.76	1353.8	6.2314	0.86863	1.1485	765.84	-0.050839	6.2735e-05	0.094093	supercritical
1307.4	611.00	157.74	0.0063396	967.64	1355.0	6.2323	0.86872	1.1485	766.05	-0.050862	6.2761e-05	0.094141	supercritical
1308.4	611.00	157.63	0.0063440	968.52	1356.1	6.2332	0.86880	1.1486	766.27	-0.050884	6.2788e-05	0.094189	supercritical
1309.4	611.00	157.52	0.0063484	969.40	1357.3	6.2341	0.86889	1.1487	766.48	-0.050907	6.2814e-05	0.094237	supercritical
1310.4	611.00	157.41	0.0063528	970.28	1358.4	6.2349	0.86898	1.1487	766.70	-0.050930	6.2840e-05	0.094285	supercritical
1311.4	611.00	157.30	0.0063572	971.16	1359.6	6.2358	0.86907	1.1488	766.91	-0.050952	6.2866e-05	0.094333	supercritical
1312.4	611.00	157.19	0.0063616	972.04	1360.7	6.2367	0.86916	1.1488	767.13	-0.050975	6.2892e-05	0.094381	supercritical
1313.4	611.00	157.08	0.0063660	972.92	1361.9	6.2376	0.86925	1.1489	767.34	-0.050997	6.2919e-05	0.094429	supercritical
1314.4	611.00	156.98	0.0063704	973.80	1363.0	6.2384	0.86934	1.1489	767.56	-0.051020	6.2945e-05	0.094477	supercritical
1315.4	611.00	156.87	0.0063748	974.68	1364.2	6.2393	0.86943	1.1490	767.77	-0.051042	6.2971e-05	0.094525	supercritical
1316.4	611.00	156.76	0.0063792	975.56	1365.3	6.2402	0.86952	1.1491	767.99	-0.051065	6.2997e-05	0.094572	supercritical
1317.4	611.00	156.65	0.0063836	976.44	1366.5	6.2411	0.86960	1.1491	768.20	-0.051087	6.3023e-05	0.094620	supercritical
1318.4	611.00	156.54	0.0063880	977.32	1367.6	6.2419	0.86969	1.1492	768.42	-0.051109	6.3049e-05	0.094668	supercritical
1319.4	611.00	156.44	0.0063924	978.20	1368.8	6.2428	0.86978	1.1492	768.63	-0.051132	6.3075e-05	0.094716	supercritical
1320.4	611.00	156.33	0.0063968	979.08	1369.9	6.2437	0.86987	1.1493	768.85	-0.051154	6.3102e-05	0.094764	supercritical
1321.4	611.00	156.22	0.0064012	979.97	1371.1	6.2445	0.86996	1.1494	769.06	-0.051176	6.3128e-05	0.094812	supercritical
1322.4	611.00	156.11	0.0064056	980.85	1372.2	6.2454	0.87004	1.1494	769.28	-0.051198	6.3154e-05	0.094860	supercritical
1323.4	611.00	156.01	0.0064100	981.73	1373.4	6.2463	0.87013	1.1495	769.49	-0.051220	6.3180e-05	0.094908	supercritical
1324.4	611.00	155.90	0.0064144	982.61	1374.5	6.2471	0.87022	1.1495	769.70	-0.051243	6.3206e-05	0.094956	supercritical
1325.4	611.00	155.79	0.0064188	983.49	1375.7	6.2480	0.87031	1.1496	769.92	-0.051265	6.3232e-05	0.095004	supercritical
1326.4	611.00	155.69	0.0064232	984.37	1376.8	6.2489	0.87040	1.1496	770.13	-0.051287	6.3258e-05	0.095052	supercritical
1327.4	611.00	155.58	0.0064276	985.25	1378.0	6.2498	0.87048	1.1497	770.35	-0.051309	6.3284e-05	0.095099	supercritical
1328.4	611.00	155.47	0.0064320	986.13	1379.1	6.2506	0.87057	1.1498	770.56	-0.051331	6.3311e-05	0.095147	supercritical
1329.4	611.00	155.37	0.0064364	987.01	1380.3	6.2515	0.87066	1.1498	770.78	-0.051353	6.3337e-05	0.095195	supercritical
1330.4	611.00	155.26	0.0064408	987.89	1381.4	6.2523	0.87075	1.1499	770.99	-0.051375	6.3363e-05	0.095243	supercritical
1331.4	611.00	155.15	0.0064452	988.77	1382.6	6.2532	0.87083	1.1499	771.20	-0.051397	6.3389e-05	0.095291	supercritical
1332.4	611.00	155.05	0.0064496	989.66	1383.7	6.2541	0.87092	1.1500	771.42	-0.051418	6.3415e-05	0.095339	supercritical
1333.4	611.00	154.94	0.0064540	990.54	1384.9	6.2549	0.87101	1.1501	771.63	-0.051440	6.3441e-05	0.095387	supercritical
1334.4	611.00	154.84	0.0064584	991.42	1386.0	6.2558	0.87110	1.1501	771.85	-0.051462	6.3467e-05	0.095435	supercritical
1335.4	611.00	154.73	0.0064628	992.30	1387.2	6.2567	0.87118	1.1502	772.06	-0.051484	6.3493e-05	0.095483	supercritical
1336.4	611.00	154.63	0.0064672	993.18	1388.3	6.2575	0.87127	1.1502	772.27	-0.051506	6.3519e-05	0.095531	supercritical
1337.4	611.00	154.52	0.0064716	994.06	1389.5	6.2584	0.87136	1.1503	772.49	-0.051527	6.3545e-05	0.095578	supercritical
1338.4	611.00	154.42	0.0064760	994.94	1390.6	6.2592	0.87144	1.1503	772.70	-0.051549	6.3571e-05	0.095626	supercritical
1339.4	611.00	154.31	0.0064804	995.83	1391.8	6.2601	0.87153	1.1504	772.91	-0.051571	6.3597e-05	0.095674	supercritical
1340.4	611.00	154.21	0.0064848	996.71	1392.9	6.2610	0.87162	1.1505	773.13	-0.051592	6.3624e-05	0.095722	supercritical
1341.4	611.00	154.10	0.0064892	997.59	1394.1	6.2618	0.87170	1.1505	773.34	-0.051614	6.3650e-05	0.095770	supercritical
1342.4	611.00	154.00	0.0064936	998.47	1395.2	6.2627	0.87179	1.1506	773.55	-0.051635	6.3676e-05	0.095818	supercritical
1343.4	611.00	153.89	0.0064979	999.35	1396.4	6.2635	0.87188	1.1506	773.77	-0.051657	6.3702e-05	0.095866	supercritical
1344.4	611.00	153.79	0.0065023	1000.2	1397.5	6.2644	0.87196	1.1507	773.98	-0.051678	6.3728e-05	0.095914	supercritical
1345.4	611.00	153.69	0.0065067	1001.1	1398.7	6.2652	0.87205	1.1507	774.19	-0.051700	6.3754e-05	0.095962	supercritical
1346.4	611.00	153.58	0.0065111	1002.0	1399.8	6.2661	0.87214	1.1508	774.41	-0.051721	6.3780e-05	0.096009	supercritical
1347.4	611.00	153.48	0.0065155	1002.9	1401.0	6.2670	0.87222	1.1509	774.62	-0.051742	6.3806e-05	0.096057	supercritical
1348.4	611.00	153.38	0.0065199	1003.8	1402.1	6.2678	0.87231	1.1509	774.83	-0.051764	6.3832e-05	0.096105	supercritical
1349.4	611.00	153.27	0.0065243	1004.6	1403.3	6.2687	0.87240	1.1510	775.05	-0.051785	6.3858e-05	0.096153	supercritical
1350.4	611.00	153.17	0.0065287	1005.5	1404.4	6.2695	0.87248	1.1510	775.26	-0.051806	6.3884e-05	0.096201	supercritical
1351.4	611.00	153.07	0.0065331	1006.4	1405.6	6.2704	0.87257	1.1511	775.47	-0.051828	6.3910e-05	0.096249	supercritical
1352.4	611.00	152.96	0.0065375	1007.3	1406.7	6.2712	0.87265	1.1512	775.68	-0.051849	6.3936e-05	0.096297	supercritical
1353.4	611.00	152.86	0.0065419	1008.2	1407.9	6.2721	0.87274	1.1512	775.90	-0.051870	6.3962e-05	0.096345	supercritical
1354.4	611.00	152.76	0.0065463	1009.1	1409.0	6.2729	0.87282	1.1513	776.11	-0.051891	6.3988e-05	0.096392	supercritical
1355.4	611.00	152.66	0.0065507	1009.9	1410.2	6.2738	0.87291	1.1513	776.32	-0.051912	6.4014e-05	0.096440	supercritical
1356.4	611.00	152.55	0.0065551	1010.8	1411.3	6.2746	0.87300	1.1514	776.53	-0.051933	6.4040e-05	0.096488	supercritical
1357.4	611.00	152.45	0.0065595	1011.7	1412.5	6.2755	0.87308	1.1514	776.75	-0.051954	6.4066e-05	0.096536	supercritical
1358.4	611.00	152.35	0.0065638	1012.6	1413.6	6.2763	0.87317	1.1515	776.96	-0.051975	6.4092e-05	0.096584	supercritical
1359.4	611.00	152.25	0.0065682	1013.5	1414.8	6.2772	0.87325	1.1516	777.17	-0.051996	6.4118e-05	0.096632	supercritical
1360.4	611.00	152.15	0.0065726	1014.4	1415.9	6.2780	0.87334	1.1516	777.38	-0.052017	6.4144e-05	0.096680	supercritical
1361.4	611.00	152.04	0.0065770	1015.2	1417.1	6.2789	0.87342	1.1517	777.59	-0.052038	6.4170e-05	0.096728	supercritical
1362.4	611.00	151.94	0.0065814	1016.1	1418.3	6.2797	0.87351	1.1517	777.81	-0.052059	6.4196e-05	0.096775	supercritical
1363.4	611.00	151.84	0.0065858	1017.0	1419.4	6.2805	0.87359	1.1518	778.02	-0.052080	6.4222e-05	0.096823	supercritical
1364.4	611.00	151.74	0.0065902	1017.9	1420.6	6.2814	0.87368	1.1518	778.23	-0.052101	6.4248e-05	0.096871	supercritical
1365.4	611.00	151.64	0.0065946	1018.8	1421.7	6.2822	0.87376	1.1519	778.44	-0.052122	6.4274e-05	0.096919	supercritical
1366.4	611.00	151.54	0.0065990	1019.7	1422.9	6.2831	0.87385	1.1520	778.65	-0.052142	6.4300e-05	0.096967	supercritical
1367.4	611.00	151.44	0.0066034	1020.5	1424.0	6.2839	0.87393	1.1520	778.87	-0.052163	6.4326e-05	0.097015	supercritical
1368.4	611.00	151.34	0.0066077	1021.4	1425.2	6.2848	0.87402	1.1521	779.08	-0.052184	6.4352e-05	0.097063	supercritical
1369.4	611.00	151.24	0.0066121	1022.3	1426.3	6.2856	0.87410	1.1521	779.29	-0.052204	6.4378e-05	0.097110	supercritical
1370.4	611.00	151.14	0.0066165	1023.2	1427.5	6.2864	0.87419	1.1522	779.50	-0.052225	6.4404e-05	0.097158	supercritical
1371.4	611.00	151.04	0.0066209	1024.1	1428.6	6.2873	0.87427	1.1523	779.71	-0.052246	6.4429e-05	0.097206	supercritical
1372.4	611.00	150.94	0.0066253	1025.0	1429.8	6.2881	0.87436	1.1523	779.92	-0.052266	6.4455e-05	0.097254	supercritical
1373.4	611.00	150.84	0.0066297	1025.8	1430.9	6.2890	0.87444	1.1524	780.14	-0.052287	6.4481e-05	0.097302	supercritical
1374.4	611.00	150.74	0.0066341	1026.7	1432.1	6.2898	0.87453	1.1524	780.35	-0.052307	6.4507e-05	0.097350	supercritical
1375.4	611.00	150.64	0.0066385	1027.6	1433.2	6.2906	0.87461	1.1525	780.56	-0.052328	6.4533e-05	0.097398	supercritical
1376.4	611.00	150.54	0.0066429	1028.5	1434.4	6.2915	0.87469	1.1525	780.77	-0.052348	6.4559e-05	0.097445	supercritical
1377.4	611.00	150.44	0.0066472	1029.4	1435.5	6.2923	0.87478	1.1526	780.98	-0.052369	6.4585e-05	0.097493	supercritical
1378.4	611.00	150.34	0.0066516	1030.3	1436.7	6.2932	0.87486	1.1527	781.19	-0.052389	6.4611e-05	0.097541	supercritical
1379.4	611.00	150.24	0.0066560	1031.2	1437.8	6.2940	0.87495	1.1527	781.40	-0.052409	6.4637e-05	0.097589	supercritical
1380.4	611.00	150.14	0.0066604	1032.0	1439.0	6.2948	0.87503	1.1528	781.61	-0.052430	6.4663e-05	0.097637	supercritical
1381.4	611.00	150.04	0.0066648	1032.9	1440.1	6.2957	0.87512	1.1528	781.82	-0.052450	6.4689e-05	0.097685	supercritical
1382.4	611.00	149.94	0.0066692	1033.8	1441.3	6.2965	0.87520	1.1529	782.03	-0.052470	6.4715e-05	0.097733	supercritical
1383.4	611.00	149.84	0.0066736	1034.7	1442.5	6.2973	0.87528	1.1529	782.25	-0.052490	6.4740e-05	0.097780	supercritical
1384.4	611.00	149.75	0.0066780	1035.6	1443.6	6.2982	0.87537	1.1530	782.46	-0.052511	6.4766e-05	0.097828	supercritical
1385.4	611.00	149.65	0.0066823	1036.5	1444.8	6.2990	0.87545	1.1531	782.67	-0.052531	6.4792e-05	0.097876	supercritical
1386.4	611.00	149.55	0.0066867	1037.4	1445.9	6.2998	0.87553	1.1531	782.88	-0.052551	6.4818e-05	0.097924	supercritical
1387.4	611.00	149.45	0.0066911	1038.2	1447.1	6.3007	0.87562	1.1532	783.09	-0.052571	6.4844e-05	0.097972	supercritical
1388.4	611.00	149.35	0.0066955	1039.1	1448.2	6.3015	0.87570	1.1532	783.30	-0.052591	6.4870e-05	0.098020	supercritical
1389.4	611.00	149.26	0.0066999	1040.0	1449.4	6.3023	0.87579	1.1533	783.51	-0.052611	6.4896e-05	0.098067	supercritical
1390.4	611.00	149.16	0.0067043	1040.9	1450.5	6.3031	0.87587	1.1534	783.72	-0.052631	6.4922e-05	0.098115	supercritical
1391.4	611.00	149.06	0.0067087	1041.8	1451.7	6.3040	0.87595	1.1534	783.93	-0.052651	6.4947e-05	0.098163	supercritical
1392.4	611.00	148.96	0.0067130	1042.7	1452.8	6.3048	0.87604	1.1535	784.14	-0.052671	6.4973e-05	0.098211	supercritical
1393.4	611.00	148.87	0.0067174	1043.5	1454.0	6.3056	0.87612	1.1535	784.35	-0.052691	6.4999e-05	0.098259	supercritical
1394.4	611.00	148.77	0.0067218	1044.4	1455.1	6.3065	0.87620	1.1536	784.56	-0.052711	6.5025e-05	0.098307	supercritical
1395.4	611.00	148.67	0.0067262	1045.3	1456.3	6.3073	0.87629	1.1536	784.77	-0.052731	6.5051e-05	0.098354	supercritical
1396.4	611.00	148.58	0.0067306	1046.2	1457.4	6.3081	0.87637	1.1537	784.98	-0.052751	6.5077e-05	0.098402	supercritical
1397.4	611.00	148.48	0.0067350	1047.1	1458.6	6.3089	0.87645	1.1538	785.19	-0.052770	6.5103e-05	0.098450	supercritical
1398.4	611.00	148.38	0.0067394	1048.0	1459.8	6.3098	0.87653	1.1538	785.40	-0.052790	6.5128e-05	0.098498	supercritical
1399.4	611.00	148.29	0.0067437	1048.9	1460.9	6.3106	0.87662	1.1539	785.61	-0.052810	6.5154e-05	0.098546	supercritical
1400.4	611.00	148.19	0.0067481	1049.7	1462.1	6.3114	0.87670	1.1539	785.82	-0.052830	6.5180e-05	0.098593	supercritical
1401.4	611.00	148.09	0.0067525	1050.6	1463.2	6.3122	0.87678	1.1540	786.03	-0.052849	6.5206e-05	0.098641	supercritical
1402.4	611.00	148.00	0.0067569	1051.5	1464.4	6.3131	0.87687	1.1540	786.24	-0.052869	6.5232e-05	0.098689	supercritical
1403.4	611.00	147.90	0.0067613	1052.4	1465.5	6.3139	0.87695	1.1541	786.45	-0.052889	6.5258e-05	0.098737	supercritical
1404.4	611.00	147.81	0.0067657	1053.3	1466.7	6.3147	0.87703	1.1542	786.66	-0.052908	6.5283e-05	0.098785	supercritical
1405.4	611.00	147.71	0.0067700	1054.2	1467.8	6.3155	0.87711	1.1542	786.87	-0.052928	6.5309e-05	0.098833	supercritical
1406.4	611.00	147.61	0.0067744	1055.1	1469.0	6.3163	0.87720	1.1543	787.08	-0.052947	6.5335e-05	0.098880	supercritical
1407.4	611.00	147.52	0.0067788	1056.0	1470.1	6.3172	0.87728	1.1543	787.29	-0.052967	6.5361e-05	0.098928	supercritical
1408.4	611.00	147.42	0.0067832	1056.8	1471.3	6.3180	0.87736	1.1544	787.49	-0.052986	6.5387e-05	0.098976	supercritical
1409.4	611.00	147.33	0.0067876	1057.7	1472.4	6.3188	0.87744	1.1544	787.70	-0.053006	6.5412e-05	0.099024	supercritical
1410.4	611.00	147.23	0.0067919	1058.6	1473.6	6.3196	0.87753	1.1545	787.91	-0.053025	6.5438e-05	0.099072	supercritical
1411.4	611.00	147.14	0.0067963	1059.5	1474.8	6.3204	0.87761	1.1546	788.12	-0.053045	6.5464e-05	0.099119	supercritical
1412.4	611.00	147.04	0.0068007	1060.4	1475.9	6.3213	0.87769	1.1546	788.33	-0.053064	6.5490e-05	0.099167	supercritical
1413.4	611.00	146.95	0.0068051	1061.3	1477.1	6.3221	0.87777	1.1547	788.54	-0.053083	6.5516e-05	0.099215	supercritical
1414.4	611.00	146.85	0.0068095	1062.2	1478.2	6.3229	0.87786	1.1547	788.75	-0.053103	6.5541e-05	0.099263	supercritical
1415.4	611.00	146.76	0.0068139	1063.0	1479.4	6.3237	0.87794	1.1548	788.96	-0.053122	6.5567e-05	0.099311	supercritical
1416.4	611.00	146.67	0.0068182	1063.9	1480.5	6.3245	0.87802	1.1549	789.17	-0.053141	6.5593e-05	0.099358	supercritical
1417.4	611.00	146.57	0.0068226	1064.8	1481.7	6.3253	0.87810	1.1549	789.37	-0.053160	6.5619e-05	0.099406	supercritical
1418.4	611.00	146.48	0.0068270	1065.7	1482.8	6.3262	0.87818	1.1550	789.58	-0.053179	6.5644e-05	0.099454	supercritical
1419.4	611.00	146.38	0.0068314	1066.6	1484.0	6.3270	0.87827	1.1550	789.79	-0.053199	6.5670e-05	0.099502	supercritical
1420.4	611.00	146.29	0.0068358	1067.5	1485.1	6.3278	0.87835	1.1551	790.00	-0.053218	6.5696e-05	0.099550	supercritical
1421.4	611.00	146.20	0.0068401	1068.4	1486.3	6.3286	0.87843	1.1551	790.21	-0.053237	6.5722e-05	0.099597	supercritical
1422.4	611.00	146.10	0.0068445	1069.3	1487.5	6.3294	0.87851	1.1552	790.42	-0.053256	6.5747e-05	0.099645	supercritical
1423.4	611.00	146.01	0.0068489	1070.1	1488.6	6.3302	0.87859	1.1553	790.63	-0.053275	6.5773e-05	0.099693	supercritical
1424.4	611.00	145.92	0.0068533	1071.0	1489.8	6.3310	0.87867	1.1553	790.83	-0.053294	6.5799e-05	0.099741	supercritical
1425.4	611.00	145.82	0.0068576	1071.9	1490.9	6.3318	0.87876	1.1554	791.04	-0.053313	6.5825e-05	0.099788	supercritical
1426.4	611.00	145.73	0.0068620	1072.8	1492.1	6.3327	0.87884	1.1554	791.25	-0.053332	6.5850e-05	0.099836	supercritical
1427.4	611.00	145.64	0.0068664	1073.7	1493.2	6.3335	0.87892	1.1555	791.46	-0.053351	6.5876e-05	0.099884	supercritical
1428.4	611.00	145.54	0.0068708	1074.6	1494.4	6.3343	0.87900	1.1555	791.67	-0.053370	6.5902e-05	0.099932	supercritical
1429.4	611.00	145.45	0.0068752	1075.5	1495.5	6.3351	0.87908	1.1556	791.87	-0.053389	6.5928e-05	0.099980	supercritical
1430.4	611.00	145.36	0.0068795	1076.4	1496.7	6.3359	0.87916	1.1557	792.08	-0.053407	6.5953e-05	0.10003	supercritical
1431.4	611.00	145.27	0.0068839	1077.3	1497.9	6.3367	0.87924	1.1557	792.29	-0.053426	6.5979e-05	0.10008	supercritical
1432.4	611.00	145.17	0.0068883	1078.1	1499.0	6.3375	0.87933	1.1558	792.50	-0.053445	6.6005e-05	0.10012	supercritical
1433.4	611.00	145.08	0.0068927	1079.0	1500.2	6.3383	0.87941	1.1558	792.71	-0.053464	6.6030e-05	0.10017	supercritical
1434.4	611.00	144.99	0.0068971	1079.9	1501.3	6.3391	0.87949	1.1559	792.91	-0.053483	6.6056e-05	0.10022	supercritical
1435.4	611.00	144.90	0.0069014	1080.8	1502.5	6.3399	0.87957	1.1559	793.12	-0.053501	6.6082e-05	0.10027	supercritical
1436.4	611.00	144.81	0.0069058	1081.7	1503.6	6.3407	0.87965	1.1560	793.33	-0.053520	6.6108e-05	0.10031	supercritical
1437.4	611.00	144.71	0.0069102	1082.6	1504.8	6.3415	0.87973	1.1561	793.54	-0.053539	6.6133e-05	0.10036	supercritical
1438.4	611.00	144.62	0.0069146	1083.5	1506.0	6.3423	0.87981	1.1561	793.74	-0.053557	6.6159e-05	0.10041	supercritical
1439.4	611.00	144.53	0.0069189	1084.4	1507.1	6.3431	0.87989	1.1562	793.95	-0.053576	6.6185e-05	0.10046	supercritical
1440.4	611.00	144.44	0.0069233	1085.2	1508.3	6.3439	0.87997	1.1562	794.16	-0.053594	6.6210e-05	0.10050	supercritical
1441.4	611.00	144.35	0.0069277	1086.1	1509.4	6.3447	0.88005	1.1563	794.36	-0.053613	6.6236e-05	0.10055	supercritical
1442.4	611.00	144.26	0.0069321	1087.0	1510.6	6.3456	0.88013	1.1563	794.57	-0.053631	6.6262e-05	0.10060	supercritical
1443.4	611.00	144.17	0.0069364	1087.9	1511.7	6.3464	0.88022	1.1564	794.78	-0.053650	6.6287e-05	0.10065	supercritical
1444.4	611.00	144.08	0.0069408	1088.8	1512.9	6.3472	0.88030	1.1565	794.99	-0.053668	6.6313e-05	0.10070	supercritical
1445.4	611.00	143.98	0.0069452	1089.7	1514.0	6.3480	0.88038	1.1565	795.19	-0.053687	6.6339e-05	0.10074	supercritical
1446.4	611.00	143.89	0.0069496	1090.6	1515.2	6.3488	0.88046	1.1566	795.40	-0.053705	6.6364e-05	0.10079	supercritical
1447.4	611.00	143.80	0.0069539	1091.5	1516.4	6.3496	0.88054	1.1566	795.61	-0.053723	6.6390e-05	0.10084	supercritical
1448.4	611.00	143.71	0.0069583	1092.4	1517.5	6.3504	0.88062	1.1567	795.81	-0.053742	6.6416e-05	0.10089	supercritical
1449.4	611.00	143.62	0.0069627	1093.3	1518.7	6.3512	0.88070	1.1568	796.02	-0.053760	6.6441e-05	0.10093	supercritical
1450.4	611.00	143.53	0.0069671	1094.1	1519.8	6.3519	0.88078	1.1568	796.23	-0.053778	6.6467e-05	0.10098	supercritical
1451.4	611.00	143.44	0.0069714	1095.0	1521.0	6.3527	0.88086	1.1569	796.43	-0.053797	6.6493e-05	0.10103	supercritical
1452.4	611.00	143.35	0.0069758	1095.9	1522.1	6.3535	0.88094	1.1569	796.64	-0.053815	6.6518e-05	0.10108	supercritical
1453.4	611.00	143.26	0.0069802	1096.8	1523.3	6.3543	0.88102	1.1570	796.85	-0.053833	6.6544e-05	0.10113	supercritical
1454.4	611.00	143.17	0.0069846	1097.7	1524.5	6.3551	0.88110	1.1570	797.05	-0.053851	6.6570e-05	0.10117	supercritical
1455.4	611.00	143.08	0.0069889	1098.6	1525.6	6.3559	0.88118	1.1571	797.26	-0.053869	6.6595e-05	0.10122	supercritical
1456.4	611.00	142.99	0.0069933	1099.5	1526.8	6.3567	0.88126	1.1572	797.47	-0.053887	6.6621e-05	0.10127	supercritical
1457.4	611.00	142.90	0.0069977	1100.4	1527.9	6.3575	0.88134	1.1572	797.67	-0.053906	6.6646e-05	0.10132	supercritical
1458.4	611.00	142.82	0.0070021	1101.3	1529.1	6.3583	0.88142	1.1573	797.88	-0.053924	6.6672e-05	0.10136	supercritical
1459.4	611.00	142.73	0.0070064	1102.1	1530.2	6.3591	0.88150	1.1573	798.09	-0.053942	6.6698e-05	0.10141	supercritical
1460.4	611.00	142.64	0.0070108	1103.0	1531.4	6.3599	0.88158	1.1574	798.29	-0.053960	6.6723e-05	0.10146	supercritical
1461.4	611.00	142.55	0.0070152	1103.9	1532.6	6.3607	0.88166	1.1574	798.50	-0.053978	6.6749e-05	0.10151	supercritical
1462.4	611.00	142.46	0.0070196	1104.8	1533.7	6.3615	0.88174	1.1575	798.70	-0.053996	6.6775e-05	0.10156	supercritical
1463.4	611.00	142.37	0.0070239	1105.7	1534.9	6.3623	0.88182	1.1576	798.91	-0.054014	6.6800e-05	0.10160	supercritical
1464.4	611.00	142.28	0.0070283	1106.6	1536.0	6.3631	0.88190	1.1576	799.11	-0.054031	6.6826e-05	0.10165	supercritical
1465.4	611.00	142.19	0.0070327	1107.5	1537.2	6.3639	0.88198	1.1577	799.32	-0.054049	6.6851e-05	0.10170	supercritical
1466.4	611.00	142.11	0.0070370	1108.4	1538.3	6.3646	0.88206	1.1577	799.53	-0.054067	6.6877e-05	0.10175	supercritical
1467.4	611.00	142.02	0.0070414	1109.3	1539.5	6.3654	0.88214	1.1578	799.73	-0.054085	6.6902e-05	0.10179	supercritical
1468.4	611.00	141.93	0.0070458	1110.2	1540.7	6.3662	0.88222	1.1578	799.94	-0.054103	6.6928e-05	0.10184	supercritical
1469.4	611.00	141.84	0.0070502	1111.1	1541.8	6.3670	0.88230	1.1579	800.14	-0.054121	6.6954e-05	0.10189	supercritical
1470.4	611.00	141.75	0.0070545	1111.9	1543.0	6.3678	0.88238	1.1580	800.35	-0.054138	6.6979e-05	0.10194	supercritical
1471.4	611.00	141.67	0.0070589	1112.8	1544.1	6.3686	0.88246	1.1580	800.55	-0.054156	6.7005e-05	0.10198	supercritical
1472.4	611.00	141.58	0.0070633	1113.7	1545.3	6.3694	0.88254	1.1581	800.76	-0.054174	6.7030e-05	0.10203	supercritical
1473.4	611.00	141.49	0.0070676	1114.6	1546.4	6.3702	0.88261	1.1581	800.97	-0.054191	6.7056e-05	0.10208	supercritical
1474.4	611.00	141.40	0.0070720	1115.5	1547.6	6.3709	0.88269	1.1582	801.17	-0.054209	6.7082e-05	0.10213	supercritical
1475.4	611.00	141.32	0.0070764	1116.4	1548.8	6.3717	0.88277	1.1583	801.38	-0.054227	6.7107e-05	0.10218	supercritical
1476.4	611.00	141.23	0.0070808	1117.3	1549.9	6.3725	0.88285	1.1583	801.58	-0.054244	6.7133e-05	0.10222	supercritical
1477.4	611.00	141.14	0.0070851	1118.2	1551.1	6.3733	0.88293	1.1584	801.79	-0.054262	6.7158e-05	0.10227	supercritical
1478.4	611.00	141.05	0.0070895	1119.1	1552.2	6.3741	0.88301	1.1584	801.99	-0.054279	6.7184e-05	0.10232	supercritical
1479.4	611.00	140.97	0.0070939	1120.0	1553.4	6.3749	0.88309	1.1585	802.20	-0.054297	6.7209e-05	0.10237	supercritical
1480.4	611.00	140.88	0.0070982	1120.9	1554.6	6.3756	0.88317	1.1585	802.40	-0.054314	6.7235e-05	0.10241	supercritical
1481.4	611.00	140.79	0.0071026	1121.7	1555.7	6.3764	0.88325	1.1586	802.61	-0.054332	6.7260e-05	0.10246	supercritical
1482.4	611.00	140.71	0.0071070	1122.6	1556.9	6.3772	0.88333	1.1587	802.81	-0.054349	6.7286e-05	0.10251	supercritical
1483.4	611.00	140.62	0.0071113	1123.5	1558.0	6.3780	0.88341	1.1587	803.02	-0.054367	6.7311e-05	0.10256	supercritical
1484.4	611.00	140.53	0.0071157	1124.4	1559.2	6.3788	0.88348	1.1588	803.22	-0.054384	6.7337e-05	0.10260	supercritical
1485.4	611.00	140.45	0.0071201	1125.3	1560.4	6.3796	0.88356	1.1588	803.42	-0.054401	6.7362e-05	0.10265	supercritical
1486.4	611.00	140.36	0.0071245	1126.2	1561.5	6.3803	0.88364	1.1589	803.63	-0.054419	6.7388e-05	0.10270	supercritical
1487.4	611.00	140.28	0.0071288	1127.1	1562.7	6.3811	0.88372	1.1589	803.83	-0.054436	6.7414e-05	0.10275	supercritical
1488.4	611.00	140.19	0.0071332	1128.0	1563.8	6.3819	0.88380	1.1590	804.04	-0.054453	6.7439e-05	0.10280	supercritical
1489.4	611.00	140.10	0.0071376	1128.9	1565.0	6.3827	0.88388	1.1591	804.24	-0.054470	6.7465e-05	0.10284	supercritical
1490.4	611.00	140.02	0.0071419	1129.8	1566.1	6.3835	0.88396	1.1591	804.45	-0.054488	6.7490e-05	0.10289	supercritical
1491.4	611.00	139.93	0.0071463	1130.7	1567.3	6.3842	0.88404	1.1592	804.65	-0.054505	6.7516e-05	0.10294	supercritical
1492.4	611.00	139.85	0.0071507	1131.6	1568.5	6.3850	0.88411	1.1592	804.86	-0.054522	6.7541e-05	0.10299	supercritical
1493.4	611.00	139.76	0.0071550	1132.5	1569.6	6.3858	0.88419	1.1593	805.06	-0.054539	6.7567e-05	0.10303	supercritical
1494.4	611.00	139.68	0.0071594	1133.3	1570.8	6.3866	0.88427	1.1593	805.26	-0.054556	6.7592e-05	0.10308	supercritical
1495.4	611.00	139.59	0.0071638	1134.2	1571.9	6.3873	0.88435	1.1594	805.47	-0.054573	6.7618e-05	0.10313	supercritical
1496.4	611.00	139.51	0.0071681	1135.1	1573.1	6.3881	0.88443	1.1595	805.67	-0.054590	6.7643e-05	0.10318	supercritical
1497.4	611.00	139.42	0.0071725	1136.0	1574.3	6.3889	0.88451	1.1595	805.88	-0.054607	6.7668e-05	0.10322	supercritical
1498.4	611.00	139.34	0.0071769	1136.9	1575.4	6.3897	0.88458	1.1596	806.08	-0.054625	6.7694e-05	0.10327	supercritical
1499.4	611.00	139.25	0.0071812	1137.8	1576.6	6.3904	0.88466	1.1596	806.28	-0.054642	6.7719e-05	0.10332	supercritical
1500.4	611.00	139.17	0.0071856	1138.7	1577.7	6.3912	0.88474	1.1597	806.49	-0.054658	6.7745e-05	0.10337	supercritical
1501.4	611.00	139.08	0.0071900	1139.6	1578.9	6.3920	0.88482	1.1598	806.69	-0.054675	6.7770e-05	0.10342	supercritical
1502.4	611.00	139.00	0.0071943	1140.5	1580.1	6.3927	0.88490	1.1598	806.89	-0.054692	6.7796e-05	0.10346	supercritical
1503.4	611.00	138.91	0.0071987	1141.4	1581.2	6.3935	0.88498	1.1599	807.10	-0.054709	6.7821e-05	0.10351	supercritical
1504.4	611.00	138.83	0.0072031	1142.3	1582.4	6.3943	0.88505	1.1599	807.30	-0.054726	6.7847e-05	0.10356	supercritical
1505.4	611.00	138.75	0.0072074	1143.2	1583.5	6.3951	0.88513	1.1600	807.51	-0.054743	6.7872e-05	0.10361	supercritical
1506.4	611.00	138.66	0.0072118	1144.1	1584.7	6.3958	0.88521	1.1600	807.71	-0.054760	6.7898e-05	0.10365	supercritical
1507.4	611.00	138.58	0.0072162	1145.0	1585.9	6.3966	0.88529	1.1601	807.91	-0.054777	6.7923e-05	0.10370	supercritical
1508.4	611.00	138.49	0.0072205	1145.8	1587.0	6.3974	0.88537	1.1602	808.12	-0.054793	6.7949e-05	0.10375	supercritical
1509.4	611.00	138.41	0.0072249	1146.7	1588.2	6.3981	0.88544	1.1602	808.32	-0.054810	6.7974e-05	0.10380	supercritical
1510.4	611.00	138.33	0.0072293	1147.6	1589.3	6.3989	0.88552	1.1603	808.52	-0.054827	6.7999e-05	0.10384	supercritical
1511.4	611.00	138.24	0.0072336	1148.5	1590.5	6.3997	0.88560	1.1603	808.72	-0.054843	6.8025e-05	0.10389	supercritical
1512.4	611.00	138.16	0.0072380	1149.4	1591.7	6.4004	0.88568	1.1604	808.93	-0.054860	6.8050e-05	0.10394	supercritical
1513.4	611.00	138.08	0.0072424	1150.3	1592.8	6.4012	0.88576	1.1604	809.13	-0.054877	6.8076e-05	0.10399	supercritical
1514.4	611.00	137.99	0.0072467	1151.2	1594.0	6.4020	0.88583	1.1605	809.33	-0.054893	6.8101e-05	0.10403	supercritical
1515.4	611.00	137.91	0.0072511	1152.1	1595.1	6.4027	0.88591	1.1606	809.54	-0.054910	6.8127e-05	0.10408	supercritical
1516.4	611.00	137.83	0.0072555	1153.0	1596.3	6.4035	0.88599	1.1606	809.74	-0.054926	6.8152e-05	0.10413	supercritical
1517.4	611.00	137.74	0.0072598	1153.9	1597.5	6.4043	0.88607	1.1607	809.94	-0.054943	6.8177e-05	0.10418	supercritical
1518.4	611.00	137.66	0.0072642	1154.8	1598.6	6.4050	0.88614	1.1607	810.15	-0.054960	6.8203e-05	0.10423	supercritical
1519.4	611.00	137.58	0.0072685	1155.7	1599.8	6.4058	0.88622	1.1608	810.35	-0.054976	6.8228e-05	0.10427	supercritical
1520.4	611.00	137.50	0.0072729	1156.6	1600.9	6.4066	0.88630	1.1608	810.55	-0.054993	6.8254e-05	0.10432	supercritical
1521.4	611.00	137.41	0.0072773	1157.5	1602.1	6.4073	0.88638	1.1609	810.75	-0.055009	6.8279e-05	0.10437	supercritical
1522.4	611.00	137.33	0.0072816	1158.4	1603.3	6.4081	0.88645	1.1610	810.96	-0.055025	6.8304e-05	0.10442	supercritical
1523.4	611.00	137.25	0.0072860	1159.3	1604.4	6.4089	0.88653	1.1610	811.16	-0.055042	6.8330e-05	0.10446	supercritical
1524.4	611.00	137.17	0.0072904	1160.1	1605.6	6.4096	0.88661	1.1611	811.36	-0.055058	6.8355e-05	0.10451	supercritical
1525.4	611.00	137.09	0.0072947	1161.0	1606.8	6.4104	0.88669	1.1611	811.56	-0.055074	6.8381e-05	0.10456	supercritical
1526.4	611.00	137.00	0.0072991	1161.9	1607.9	6.4111	0.88676	1.1612	811.76	-0.055091	6.8406e-05	0.10461	supercritical
1527.4	611.00	136.92	0.0073035	1162.8	1609.1	6.4119	0.88684	1.1613	811.97	-0.055107	6.8431e-05	0.10465	supercritical
1528.4	611.00	136.84	0.0073078	1163.7	1610.2	6.4127	0.88692	1.1613	812.17	-0.055123	6.8457e-05	0.10470	supercritical
1529.4	611.00	136.76	0.0073122	1164.6	1611.4	6.4134	0.88700	1.1614	812.37	-0.055140	6.8482e-05	0.10475	supercritical
1530.4	611.00	136.68	0.0073165	1165.5	1612.6	6.4142	0.88707	1.1614	812.57	-0.055156	6.8507e-05	0.10480	supercritical
1531.4	611.00	136.60	0.0073209	1166.4	1613.7	6.4149	0.88715	1.1615	812.78	-0.055172	6.8533e-05	0.10484	supercritical
1532.4	611.00	136.51	0.0073253	1167.3	1614.9	6.4157	0.88723	1.1615	812.98	-0.055188	6.8558e-05	0.10489	supercritical
1533.4	611.00	136.43	0.0073296	1168.2	1616.0	6.4165	0.88730	1.1616	813.18	-0.055204	6.8584e-05	0.10494	supercritical
1534.4	611.00	136.35	0.0073340	1169.1	1617.2	6.4172	0.88738	1.1617	813.38	-0.055220	6.8609e-05	0.10499	supercritical
1535.4	611.00	136.27	0.0073384	1170.0	1618.4	6.4180	0.88746	1.1617	813.58	-0.055237	6.8634e-05	0.10503	supercritical
1536.4	611.00	136.19	0.0073427	1170.9	1619.5	6.4187	0.88754	1.1618	813.78	-0.055253	6.8660e-05	0.10508	supercritical
1537.4	611.00	136.11	0.0073471	1171.8	1620.7	6.4195	0.88761	1.1618	813.99	-0.055269	6.8685e-05	0.10513	supercritical
1538.4	611.00	136.03	0.0073514	1172.7	1621.9	6.4202	0.88769	1.1619	814.19	-0.055285	6.8710e-05	0.10518	supercritical
1539.4	611.00	135.95	0.0073558	1173.6	1623.0	6.4210	0.88777	1.1619	814.39	-0.055301	6.8736e-05	0.10522	supercritical
1540.4	611.00	135.87	0.0073602	1174.5	1624.2	6.4217	0.88784	1.1620	814.59	-0.055317	6.8761e-05	0.10527	supercritical
1541.4	611.00	135.79	0.0073645	1175.4	1625.3	6.4225	0.88792	1.1621	814.79	-0.055333	6.8786e-05	0.10532	supercritical
1542.4	611.00	135.71	0.0073689	1176.3	1626.5	6.4233	0.88800	1.1621	814.99	-0.055349	6.8812e-05	0.10537	supercritical
1543.4	611.00	135.63	0.0073732	1177.2	1627.7	6.4240	0.88807	1.1622	815.19	-0.055365	6.8837e-05	0.10542	supercritical
1544.4	611.00	135.55	0.0073776	1178.1	1628.8	6.4248	0.88815	1.1622	815.40	-0.055380	6.8862e-05	0.10546	supercritical
1545.4	611.00	135.47	0.0073820	1178.9	1630.0	6.4255	0.88823	1.1623	815.60	-0.055396	6.8888e-05	0.10551	supercritical
1546.4	611.00	135.39	0.0073863	1179.8	1631.1	6.4263	0.88830	1.1624	815.80	-0.055412	6.8913e-05	0.10556	supercritical
1547.4	611.00	135.31	0.0073907	1180.7	1632.3	6.4270	0.88838	1.1624	816.00	-0.055428	6.8938e-05	0.10561	supercritical
1548.4	611.00	135.23	0.0073950	1181.6	1633.5	6.4278	0.88846	1.1625	816.20	-0.055444	6.8964e-05	0.10565	supercritical
1549.4	611.00	135.15	0.0073994	1182.5	1634.6	6.4285	0.88853	1.1625	816.40	-0.055460	6.8989e-05	0.10570	supercritical
1550.4	611.00	135.07	0.0074038	1183.4	1635.8	6.4293	0.88861	1.1626	816.60	-0.055475	6.9014e-05	0.10575	supercritical
1551.4	611.00	134.99	0.0074081	1184.3	1637.0	6.4300	0.88869	1.1626	816.80	-0.055491	6.9039e-05	0.10580	supercritical
1552.4	611.00	134.91	0.0074125	1185.2	1638.1	6.4308	0.88876	1.1627	817.00	-0.055507	6.9065e-05	0.10584	supercritical
1553.4	611.00	134.83	0.0074168	1186.1	1639.3	6.4315	0.88884	1.1628	817.20	-0.055522	6.9090e-05	0.10589	supercritical
1554.4	611.00	134.75	0.0074212	1187.0	1640.4	6.4323	0.88892	1.1628	817.41	-0.055538	6.9115e-05	0.10594	supercritical
1555.4	611.00	134.67	0.0074256	1187.9	1641.6	6.4330	0.88899	1.1629	817.61	-0.055554	6.9141e-05	0.10599	supercritical
1556.4	611.00	134.59	0.0074299	1188.8	1642.8	6.4338	0.88907	1.1629	817.81	-0.055569	6.9166e-05	0.10603	supercritical
1557.4	611.00	134.51	0.0074343	1189.7	1643.9	6.4345	0.88915	1.1630	818.01	-0.055585	6.9191e-05	0.10608	supercritical
1558.4	611.00	134.43	0.0074386	1190.6	1645.1	6.4353	0.88922	1.1630	818.21	-0.055600	6.9216e-05	0.10613	supercritical
1559.4	611.00	134.35	0.0074430	1191.5	1646.3	6.4360	0.88930	1.1631	818.41	-0.055616	6.9242e-05	0.10618	supercritical
1560.4	611.00	134.28	0.0074473	1192.4	1647.4	6.4367	0.88938	1.1632	818.61	-0.055631	6.9267e-05	0.10622	supercritical
1561.4	611.00	134.20	0.0074517	1193.3	1648.6	6.4375	0.88945	1.1632	818.81	-0.055647	6.9292e-05	0.10627	supercritical
1562.4	611.00	134.12	0.0074561	1194.2	1649.8	6.4382	0.88953	1.1633	819.01	-0.055662	6.9318e-05	0.10632	supercritical
1563.4	611.00	134.04	0.0074604	1195.1	1650.9	6.4390	0.88960	1.1633	819.21	-0.055678	6.9343e-05	0.10637	supercritical
1564.4	611.00	133.96	0.0074648	1196.0	1652.1	6.4397	0.88968	1.1634	819.41	-0.055693	6.9368e-05	0.10641	supercritical
1565.4	611.00	133.88	0.0074691	1196.9	1653.2	6.4405	0.88976	1.1635	819.61	-0.055709	6.9393e-05	0.10646	supercritical
1566.4	611.00	133.81	0.0074735	1197.8	1654.4	6.4412	0.88983	1.1635	819.81	-0.055724	6.9419e-05	0.10651	supercritical
1567.4	611.00	133.73	0.0074779	1198.7	1655.6	6.4420	0.88991	1.1636	820.01	-0.055739	6.9444e-05	0.10656	supercritical
1568.4	611.00	133.65	0.0074822	1199.6	1656.7	6.4427	0.88998	1.1636	820.21	-0.055755	6.9469e-05	0.10660	supercritical
1569.4	611.00	133.57	0.0074866	1200.5	1657.9	6.4434	0.89006	1.1637	820.41	-0.055770	6.9494e-05	0.10665	supercritical
1570.4	611.00	133.49	0.0074909	1201.4	1659.1	6.4442	0.89014	1.1637	820.61	-0.055785	6.9520e-05	0.10670	supercritical
1571.4	611.00	133.42	0.0074953	1202.3	1660.2	6.4449	0.89021	1.1638	820.81	-0.055801	6.9545e-05	0.10675	supercritical
1572.4	611.00	133.34	0.0074996	1203.2	1661.4	6.4457	0.89029	1.1639	821.01	-0.055816	6.9570e-05	0.10679	supercritical
1573.4	611.00	133.26	0.0075040	1204.1	1662.6	6.4464	0.89036	1.1639	821.21	-0.055831	6.9595e-05	0.10684	supercritical
1574.4	611.00	133.19	0.0075083	1205.0	1663.7	6.4471	0.89044	1.1640	821.41	-0.055846	6.9620e-05	0.10689	supercritical
1575.4	611.00	133.11	0.0075127	1205.9	1664.9	6.4479	0.89052	1.1640	821.61	-0.055861	6.9646e-05	0.10694	supercritical
1576.4	611.00	133.03	0.0075171	1206.8	1666.0	6.4486	0.89059	1.1641	821.81	-0.055877	6.9671e-05	0.10698	supercritical
1577.4	611.00	132.95	0.0075214	1207.6	1667.2	6.4494	0.89067	1.1642	822.01	-0.055892	6.9696e-05	0.10703	supercritical
1578.4	611.00	132.88	0.0075258	1208.5	1668.4	6.4501	0.89074	1.1642	822.21	-0.055907	6.9721e-05	0.10708	supercritical
1579.4	611.00	132.80	0.0075301	1209.4	1669.5	6.4508	0.89082	1.1643	822.40	-0.055922	6.9747e-05	0.10713	supercritical
1580.4	611.00	132.72	0.0075345	1210.3	1670.7	6.4516	0.89090	1.1643	822.60	-0.055937	6.9772e-05	0.10717	supercritical
1581.4	611.00	132.65	0.0075388	1211.2	1671.9	6.4523	0.89097	1.1644	822.80	-0.055952	6.9797e-05	0.10722	supercritical
1582.4	611.00	132.57	0.0075432	1212.1	1673.0	6.4530	0.89105	1.1644	823.00	-0.055967	6.9822e-05	0.10727	supercritical
1583.4	611.00	132.49	0.0075475	1213.0	1674.2	6.4538	0.89112	1.1645	823.20	-0.055982	6.9847e-05	0.10732	supercritical
1584.4	611.00	132.42	0.0075519	1213.9	1675.4	6.4545	0.89120	1.1646	823.40	-0.055997	6.9873e-05	0.10736	supercritical
1585.4	611.00	132.34	0.0075563	1214.8	1676.5	6.4552	0.89127	1.1646	823.60	-0.056012	6.9898e-05	0.10741	supercritical
1586.4	611.00	132.26	0.0075606	1215.7	1677.7	6.4560	0.89135	1.1647	823.80	-0.056027	6.9923e-05	0.10746	supercritical
1587.4	611.00	132.19	0.0075650	1216.6	1678.9	6.4567	0.89143	1.1647	824.00	-0.056042	6.9948e-05	0.10751	supercritical
1588.4	611.00	132.11	0.0075693	1217.5	1680.0	6.4574	0.89150	1.1648	824.20	-0.056057	6.9973e-05	0.10755	supercritical
1589.4	611.00	132.04	0.0075737	1218.4	1681.2	6.4582	0.89158	1.1649	824.39	-0.056072	6.9998e-05	0.10760	supercritical
1590.4	611.00	131.96	0.0075780	1219.3	1682.3	6.4589	0.89165	1.1649	824.59	-0.056086	7.0024e-05	0.10765	supercritical
1591.4	611.00	131.88	0.0075824	1220.2	1683.5	6.4596	0.89173	1.1650	824.79	-0.056101	7.0049e-05	0.10770	supercritical
1592.4	611.00	131.81	0.0075867	1221.1	1684.7	6.4604	0.89180	1.1650	824.99	-0.056116	7.0074e-05	0.10774	supercritical
1593.4	611.00	131.73	0.0075911	1222.0	1685.8	6.4611	0.89188	1.1651	825.19	-0.056131	7.0099e-05	0.10779	supercritical
1594.4	611.00	131.66	0.0075954	1222.9	1687.0	6.4618	0.89195	1.1651	825.39	-0.056146	7.0124e-05	0.10784	supercritical
1595.4	611.00	131.58	0.0075998	1223.8	1688.2	6.4626	0.89203	1.1652	825.59	-0.056160	7.0149e-05	0.10789	supercritical
1596.4	611.00	131.51	0.0076042	1224.7	1689.3	6.4633	0.89210	1.1653	825.78	-0.056175	7.0175e-05	0.10793	supercritical
1597.4	611.00	131.43	0.0076085	1225.6	1690.5	6.4640	0.89218	1.1653	825.98	-0.056190	7.0200e-05	0.10798	supercritical
1598.4	611.00	131.36	0.0076129	1226.5	1691.7	6.4648	0.89225	1.1654	826.18	-0.056204	7.0225e-05	0.10803	supercritical
1599.4	611.00	131.28	0.0076172	1227.4	1692.8	6.4655	0.89233	1.1654	826.38	-0.056219	7.0250e-05	0.10808	supercritical
1600.4	611.00	131.21	0.0076216	1228.3	1694.0	6.4662	0.89241	1.1655	826.58	-0.056234	7.0275e-05	0.10812	supercritical
1601.4	611.00	131.13	0.0076259	1229.2	1695.2	6.4669	0.89248	1.1656	826.78	-0.056248	7.0300e-05	0.10817	supercritical
1602.4	611.00	131.06	0.0076303	1230.1	1696.3	6.4677	0.89256	1.1656	826.97	-0.056263	7.0325e-05	0.10822	supercritical
1603.4	611.00	130.98	0.0076346	1231.0	1697.5	6.4684	0.89263	1.1657	827.17	-0.056277	7.0351e-05	0.10827	supercritical
1604.4	611.00	130.91	0.0076390	1231.9	1698.7	6.4691	0.89271	1.1657	827.37	-0.056292	7.0376e-05	0.10831	supercritical
1605.4	611.00	130.83	0.0076433	1232.8	1699.8	6.4699	0.89278	1.1658	827.57	-0.056306	7.0401e-05	0.10836	supercritical
1606.4	611.00	130.76	0.0076477	1233.7	1701.0	6.4706	0.89286	1.1658	827.77	-0.056321	7.0426e-05	0.10841	supercritical
1607.4	611.00	130.68	0.0076520	1234.6	1702.2	6.4713	0.89293	1.1659	827.96	-0.056335	7.0451e-05	0.10846	supercritical
1608.4	611.00	130.61	0.0076564	1235.5	1703.3	6.4720	0.89301	1.1660	828.16	-0.056350	7.0476e-05	0.10850	supercritical
1609.4	611.00	130.54	0.0076607	1236.4	1704.5	6.4728	0.89308	1.1660	828.36	-0.056364	7.0501e-05	0.10855	supercritical
1610.4	611.00	130.46	0.0076651	1237.3	1705.7	6.4735	0.89316	1.1661	828.56	-0.056379	7.0526e-05	0.10860	supercritical
1611.4	611.00	130.39	0.0076694	1238.2	1706.8	6.4742	0.89323	1.1661	828.75	-0.056393	7.0552e-05	0.10865	supercritical
1612.4	611.00	130.31	0.0076738	1239.1	1708.0	6.4749	0.89331	1.1662	828.95	-0.056407	7.0577e-05	0.10869	supercritical
1613.4	611.00	130.24	0.0076781	1240.0	1709.2	6.4756	0.89338	1.1663	829.15	-0.056422	7.0602e-05	0.10874	supercritical
1614.4	611.00	130.17	0.0076825	1240.9	1710.3	6.4764	0.89346	1.1663	829.35	-0.056436	7.0627e-05	0.10879	supercritical
1615.4	611.00	130.09	0.0076868	1241.8	1711.5	6.4771	0.89353	1.1664	829.54	-0.056450	7.0652e-05	0.10884	supercritical
1616.4	611.00	130.02	0.0076912	1242.7	1712.7	6.4778	0.89361	1.1664	829.74	-0.056465	7.0677e-05	0.10888	supercritical
1617.4	611.00	129.95	0.0076955	1243.6	1713.8	6.4785	0.89368	1.1665	829.94	-0.056479	7.0702e-05	0.10893	supercritical
1618.4	611.00	129.87	0.0076999	1244.5	1715.0	6.4793	0.89376	1.1665	830.14	-0.056493	7.0727e-05	0.10898	supercritical
1619.4	611.00	129.80	0.0077042	1245.4	1716.2	6.4800	0.89383	1.1666	830.33	-0.056507	7.0752e-05	0.10903	supercritical
1620.4	611.00	129.73	0.0077086	1246.3	1717.3	6.4807	0.89391	1.1667	830.53	-0.056522	7.0777e-05	0.10907	supercritical
1621.4	611.00	129.65	0.0077130	1247.2	1718.5	6.4814	0.89398	1.1667	830.73	-0.056536	7.0802e-05	0.10912	supercritical
1622.4	611.00	129.58	0.0077173	1248.1	1719.7	6.4821	0.89405	1.1668	830.92	-0.056550	7.0827e-05	0.10917	supercritical
1623.4	611.00	129.51	0.0077217	1249.0	1720.8	6.4829	0.89413	1.1668	831.12	-0.056564	7.0853e-05	0.10922	supercritical
1624.4	611.00	129.43	0.0077260	1249.9	1722.0	6.4836	0.89420	1.1669	831.32	-0.056578	7.0878e-05	0.10926	supercritical
1625.4	611.00	129.36	0.0077304	1250.8	1723.2	6.4843	0.89428	1.1670	831.51	-0.056592	7.0903e-05	0.10931	supercritical
1626.4	611.00	129.29	0.0077347	1251.7	1724.3	6.4850	0.89435	1.1670	831.71	-0.056606	7.0928e-05	0.10936	supercritical
1627.4	611.00	129.21	0.0077390	1252.6	1725.5	6.4857	0.89443	1.1671	831.91	-0.056620	7.0953e-05	0.10941	supercritical
1628.4	611.00	129.14	0.0077434	1253.5	1726.7	6.4864	0.89450	1.1671	832.10	-0.056634	7.0978e-05	0.10945	supercritical
1629.4	611.00	129.07	0.0077477	1254.4	1727.8	6.4872	0.89458	1.1672	832.30	-0.056648	7.1003e-05	0.10950	supercritical
1630.4	611.00	129.00	0.0077521	1255.3	1729.0	6.4879	0.89465	1.1672	832.50	-0.056662	7.1028e-05	0.10955	supercritical
1631.4	611.00	128.93	0.0077564	1256.2	1730.2	6.4886	0.89473	1.1673	832.69	-0.056676	7.1053e-05	0.10960	supercritical
1632.4	611.00	128.85	0.0077608	1257.1	1731.3	6.4893	0.89480	1.1674	832.89	-0.056690	7.1078e-05	0.10964	supercritical
1633.4	611.00	128.78	0.0077651	1258.0	1732.5	6.4900	0.89488	1.1674	833.09	-0.056704	7.1103e-05	0.10969	supercritical
1634.4	611.00	128.71	0.0077695	1258.9	1733.7	6.4907	0.89495	1.1675	833.28	-0.056718	7.1128e-05	0.10974	supercritical
1635.4	611.00	128.64	0.0077738	1259.8	1734.8	6.4915	0.89502	1.1675	833.48	-0.056732	7.1153e-05	0.10979	supercritical
1636.4	611.00	128.56	0.0077782	1260.7	1736.0	6.4922	0.89510	1.1676	833.68	-0.056746	7.1178e-05	0.10983	supercritical
1637.4	611.00	128.49	0.0077825	1261.6	1737.2	6.4929	0.89517	1.1677	833.87	-0.056760	7.1203e-05	0.10988	supercritical
1638.4	611.00	128.42	0.0077869	1262.6	1738.3	6.4936	0.89525	1.1677	834.07	-0.056774	7.1228e-05	0.10993	supercritical
1639.4	611.00	128.35	0.0077912	1263.5	1739.5	6.4943	0.89532	1.1678	834.26	-0.056787	7.1253e-05	0.10997	supercritical
1640.4	611.00	128.28	0.0077956	1264.4	1740.7	6.4950	0.89540	1.1678	834.46	-0.056801	7.1278e-05	0.11002	supercritical
1641.4	611.00	128.21	0.0077999	1265.3	1741.8	6.4957	0.89547	1.1679	834.66	-0.056815	7.1303e-05	0.11007	supercritical
1642.4	611.00	128.13	0.0078043	1266.2	1743.0	6.4964	0.89554	1.1679	834.85	-0.056829	7.1328e-05	0.11012	supercritical
1643.4	611.00	128.06	0.0078086	1267.1	1744.2	6.4972	0.89562	1.1680	835.05	-0.056842	7.1353e-05	0.11016	supercritical
1644.4	611.00	127.99	0.0078130	1268.0	1745.3	6.4979	0.89569	1.1681	835.24	-0.056856	7.1378e-05	0.11021	supercritical
1645.4	611.00	127.92	0.0078173	1268.9	1746.5	6.4986	0.89577	1.1681	835.44	-0.056870	7.1403e-05	0.11026	supercritical
1646.4	611.00	127.85	0.0078217	1269.8	1747.7	6.4993	0.89584	1.1682	835.63	-0.056883	7.1428e-05	0.11031	supercritical
1647.4	611.00	127.78	0.0078260	1270.7	1748.8	6.5000	0.89592	1.1682	835.83	-0.056897	7.1453e-05	0.11035	supercritical
1648.4	611.00	127.71	0.0078304	1271.6	1750.0	6.5007	0.89599	1.1683	836.03	-0.056911	7.1478e-05	0.11040	supercritical
1649.4	611.00	127.64	0.0078347	1272.5	1751.2	6.5014	0.89606	1.1684	836.22	-0.056924	7.1503e-05	0.11045	supercritical
1650.4	611.00	127.57	0.0078391	1273.4	1752.3	6.5021	0.89614	1.1684	836.42	-0.056938	7.1528e-05	0.11050	supercritical
1651.4	611.00	127.50	0.0078434	1274.3	1753.5	6.5028	0.89621	1.1685	836.61	-0.056952	7.1553e-05	0.11054	supercritical
1652.4	611.00	127.43	0.0078478	1275.2	1754.7	6.5035	0.89629	1.1685	836.81	-0.056965	7.1578e-05	0.11059	supercritical
1653.4	611.00	127.35	0.0078521	1276.1	1755.9	6.5042	0.89636	1.1686	837.00	-0.056979	7.1603e-05	0.11064	supercritical
1654.4	611.00	127.28	0.0078564	1277.0	1757.0	6.5049	0.89643	1.1687	837.20	-0.056992	7.1628e-05	0.11069	supercritical
1655.4	611.00	127.21	0.0078608	1277.9	1758.2	6.5057	0.89651	1.1687	837.39	-0.057006	7.1653e-05	0.11073	supercritical
1656.4	611.00	127.14	0.0078651	1278.8	1759.4	6.5064	0.89658	1.1688	837.59	-0.057019	7.1678e-05	0.11078	supercritical
1657.4	611.00	127.07	0.0078695	1279.7	1760.5	6.5071	0.89666	1.1688	837.78	-0.057032	7.1703e-05	0.11083	supercritical
1658.4	611.00	127.00	0.0078738	1280.6	1761.7	6.5078	0.89673	1.1689	837.98	-0.057046	7.1728e-05	0.11088	supercritical
1659.4	611.00	126.93	0.0078782	1281.5	1762.9	6.5085	0.89681	1.1689	838.17	-0.057059	7.1753e-05	0.11092	supercritical
1660.4	611.00	126.86	0.0078825	1282.4	1764.0	6.5092	0.89688	1.1690	838.37	-0.057073	7.1778e-05	0.11097	supercritical
1661.4	611.00	126.79	0.0078869	1283.3	1765.2	6.5099	0.89695	1.1691	838.56	-0.057086	7.1803e-05	0.11102	supercritical
1662.4	611.00	126.72	0.0078912	1284.2	1766.4	6.5106	0.89703	1.1691	838.76	-0.057099	7.1828e-05	0.11106	supercritical
1663.4	611.00	126.65	0.0078956	1285.1	1767.5	6.5113	0.89710	1.1692	838.95	-0.057113	7.1853e-05	0.11111	supercritical
1664.4	611.00	126.58	0.0078999	1286.0	1768.7	6.5120	0.89717	1.1692	839.15	-0.057126	7.1878e-05	0.11116	supercritical
1665.4	611.00	126.51	0.0079042	1286.9	1769.9	6.5127	0.89725	1.1693	839.34	-0.057139	7.1903e-05	0.11121	supercritical
1666.4	611.00	126.44	0.0079086	1287.8	1771.0	6.5134	0.89732	1.1694	839.54	-0.057153	7.1928e-05	0.11125	supercritical
1667.4	611.00	126.38	0.0079129	1288.7	1772.2	6.5141	0.89740	1.1694	839.73	-0.057166	7.1953e-05	0.11130	supercritical
1668.4	611.00	126.31	0.0079173	1289.6	1773.4	6.5148	0.89747	1.1695	839.93	-0.057179	7.1978e-05	0.11135	supercritical
1669.4	611.00	126.24	0.0079216	1290.5	1774.6	6.5155	0.89754	1.1695	840.12	-0.057192	7.2002e-05	0.11140	supercritical
1670.4	611.00	126.17	0.0079260	1291.5	1775.7	6.5162	0.89762	1.1696	840.32	-0.057205	7.2027e-05	0.11144	supercritical
1671.4	611.00	126.10	0.0079303	1292.4	1776.9	6.5169	0.89769	1.1697	840.51	-0.057219	7.2052e-05	0.11149	supercritical
1672.4	611.00	126.03	0.0079347	1293.3	1778.1	6.5176	0.89777	1.1697	840.70	-0.057232	7.2077e-05	0.11154	supercritical
1673.4	611.00	125.96	0.0079390	1294.2	1779.2	6.5183	0.89784	1.1698	840.90	-0.057245	7.2102e-05	0.11159	supercritical
1674.4	611.00	125.89	0.0079433	1295.1	1780.4	6.5190	0.89791	1.1698	841.09	-0.057258	7.2127e-05	0.11163	supercritical
1675.4	611.00	125.82	0.0079477	1296.0	1781.6	6.5197	0.89799	1.1699	841.29	-0.057271	7.2152e-05	0.11168	supercritical
1676.4	611.00	125.75	0.0079520	1296.9	1782.7	6.5204	0.89806	1.1699	841.48	-0.057284	7.2177e-05	0.11173	supercritical
1677.4	611.00	125.69	0.0079564	1297.8	1783.9	6.5211	0.89813	1.1700	841.67	-0.057297	7.2202e-05	0.11177	supercritical
1678.4	611.00	125.62	0.0079607	1298.7	1785.1	6.5218	0.89821	1.1701	841.87	-0.057310	7.2227e-05	0.11182	supercritical
1679.4	611.00	125.55	0.0079651	1299.6	1786.3	6.5225	0.89828	1.1701	842.06	-0.057323	7.2252e-05	0.11187	supercritical
1680.4	611.00	125.48	0.0079694	1300.5	1787.4	6.5232	0.89835	1.1702	842.26	-0.057336	7.2276e-05	0.11192	supercritical
1681.4	611.00	125.41	0.0079738	1301.4	1788.6	6.5239	0.89843	1.1702	842.45	-0.057349	7.2301e-05	0.11196	supercritical
1682.4	611.00	125.34	0.0079781	1302.3	1789.8	6.5246	0.89850	1.1703	842.64	-0.057362	7.2326e-05	0.11201	supercritical
1683.4	611.00	125.27	0.0079824	1303.2	1790.9	6.5253	0.89858	1.1704	842.84	-0.057375	7.2351e-05	0.11206	supercritical
1684.4	611.00	125.21	0.0079868	1304.1	1792.1	6.5260	0.89865	1.1704	843.03	-0.057388	7.2376e-05	0.11211	supercritical
1685.4	611.00	125.14	0.0079911	1305.0	1793.3	6.5267	0.89872	1.1705	843.23	-0.057401	7.2401e-05	0.11215	supercritical
1686.4	611.00	125.07	0.0079955	1305.9	1794.4	6.5274	0.89880	1.1705	843.42	-0.057414	7.2426e-05	0.11220	supercritical
1687.4	611.00	125.00	0.0079998	1306.8	1795.6	6.5280	0.89887	1.1706	843.61	-0.057427	7.2451e-05	0.11225	supercritical
1688.4	611.00	124.94	0.0080042	1307.7	1796.8	6.5287	0.89894	1.1707	843.81	-0.057440	7.2476e-05	0.11230	supercritical
1689.4	611.00	124.87	0.0080085	1308.6	1798.0	6.5294	0.89902	1.1707	844.00	-0.057452	7.2500e-05	0.11234	supercritical
1690.4	611.00	124.80	0.0080128	1309.5	1799.1	6.5301	0.89909	1.1708	844.19	-0.057465	7.2525e-05	0.11239	supercritical
1691.4	611.00	124.73	0.0080172	1310.5	1800.3	6.5308	0.89916	1.1708	844.39	-0.057478	7.2550e-05	0.11244	supercritical
1692.4	611.00	124.66	0.0080215	1311.4	1801.5	6.5315	0.89924	1.1709	844.58	-0.057491	7.2575e-05	0.11248	supercritical
1693.4	611.00	124.60	0.0080259	1312.3	1802.6	6.5322	0.89931	1.1709	844.77	-0.057503	7.2600e-05	0.11253	supercritical
1694.4	611.00	124.53	0.0080302	1313.2	1803.8	6.5329	0.89938	1.1710	844.97	-0.057516	7.2625e-05	0.11258	supercritical
1695.4	611.00	124.46	0.0080345	1314.1	1805.0	6.5336	0.89946	1.1711	845.16	-0.057529	7.2650e-05	0.11263	supercritical
1696.4	611.00	124.40	0.0080389	1315.0	1806.2	6.5343	0.89953	1.1711	845.35	-0.057542	7.2674e-05	0.11267	supercritical
1697.4	611.00	124.33	0.0080432	1315.9	1807.3	6.5350	0.89960	1.1712	845.55	-0.057554	7.2699e-05	0.11272	supercritical
1698.4	611.00	124.26	0.0080476	1316.8	1808.5	6.5357	0.89968	1.1712	845.74	-0.057567	7.2724e-05	0.11277	supercritical
1699.4	611.00	124.19	0.0080519	1317.7	1809.7	6.5363	0.89975	1.1713	845.93	-0.057580	7.2749e-05	0.11282	supercritical
1700.4	611.00	124.13	0.0080563	1318.6	1810.8	6.5370	0.89982	1.1714	846.12	-0.057592	7.2774e-05	0.11286	supercritical
1701.4	611.00	124.06	0.0080606	1319.5	1812.0	6.5377	0.89990	1.1714	846.32	-0.057605	7.2799e-05	0.11291	supercritical
1702.4	611.00	123.99	0.0080649	1320.4	1813.2	6.5384	0.89997	1.1715	846.51	-0.057617	7.2823e-05	0.11296	supercritical
1703.4	611.00	123.93	0.0080693	1321.3	1814.4	6.5391	0.90004	1.1715	846.70	-0.057630	7.2848e-05	0.11301	supercritical
1704.4	611.00	123.86	0.0080736	1322.2	1815.5	6.5398	0.90012	1.1716	846.90	-0.057642	7.2873e-05	0.11305	supercritical
1705.4	611.00	123.79	0.0080780	1323.1	1816.7	6.5405	0.90019	1.1717	847.09	-0.057655	7.2898e-05	0.11310	supercritical
1706.4	611.00	123.73	0.0080823	1324.0	1817.9	6.5412	0.90026	1.1717	847.28	-0.057667	7.2923e-05	0.11315	supercritical
1707.4	611.00	123.66	0.0080866	1324.9	1819.0	6.5418	0.90034	1.1718	847.47	-0.057680	7.2948e-05	0.11319	supercritical
1708.4	611.00	123.59	0.0080910	1325.9	1820.2	6.5425	0.90041	1.1718	847.67	-0.057692	7.2972e-05	0.11324	supercritical
1709.4	611.00	123.53	0.0080953	1326.8	1821.4	6.5432	0.90048	1.1719	847.86	-0.057705	7.2997e-05	0.11329	supercritical
1710.4	611.00	123.46	0.0080997	1327.7	1822.6	6.5439	0.90055	1.1720	848.05	-0.057717	7.3022e-05	0.11334	supercritical
1711.4	611.00	123.40	0.0081040	1328.6	1823.7	6.5446	0.90063	1.1720	848.24	-0.057730	7.3047e-05	0.11338	supercritical
1712.4	611.00	123.33	0.0081083	1329.5	1824.9	6.5453	0.90070	1.1721	848.43	-0.057742	7.3072e-05	0.11343	supercritical
1713.4	611.00	123.26	0.0081127	1330.4	1826.1	6.5460	0.90077	1.1721	848.63	-0.057755	7.3096e-05	0.11348	supercritical
1714.4	611.00	123.20	0.0081170	1331.3	1827.2	6.5466	0.90085	1.1722	848.82	-0.057767	7.3121e-05	0.11353	supercritical
1715.4	611.00	123.13	0.0081214	1332.2	1828.4	6.5473	0.90092	1.1722	849.01	-0.057779	7.3146e-05	0.11357	supercritical
1716.4	611.00	123.07	0.0081257	1333.1	1829.6	6.5480	0.90099	1.1723	849.20	-0.057792	7.3171e-05	0.11362	supercritical
1717.4	611.00	123.00	0.0081300	1334.0	1830.8	6.5487	0.90107	1.1724	849.40	-0.057804	7.3196e-05	0.11367	supercritical
1718.4	611.00	122.93	0.0081344	1334.9	1831.9	6.5494	0.90114	1.1724	849.59	-0.057816	7.3220e-05	0.11371	supercritical
1719.4	611.00	122.87	0.0081387	1335.8	1833.1	6.5501	0.90121	1.1725	849.78	-0.057828	7.3245e-05	0.11376	supercritical
1720.4	611.00	122.80	0.0081431	1336.7	1834.3	6.5507	0.90128	1.1725	849.97	-0.057841	7.3270e-05	0.11381	supercritical
1721.4	611.00	122.74	0.0081474	1337.6	1835.5	6.5514	0.90136	1.1726	850.16	-0.057853	7.3295e-05	0.11386	supercritical
1722.4	611.00	122.67	0.0081517	1338.6	1836.6	6.5521	0.90143	1.1727	850.35	-0.057865	7.3320e-05	0.11390	supercritical
1723.4	611.00	122.61	0.0081561	1339.5	1837.8	6.5528	0.90150	1.1727	850.55	-0.057877	7.3344e-05	0.11395	supercritical
1724.4	611.00	122.54	0.0081604	1340.4	1839.0	6.5535	0.90158	1.1728	850.74	-0.057889	7.3369e-05	0.11400	supercritical
1725.4	611.00	122.48	0.0081648	1341.3	1840.1	6.5541	0.90165	1.1728	850.93	-0.057902	7.3394e-05	0.11405	supercritical
1726.4	611.00	122.41	0.0081691	1342.2	1841.3	6.5548	0.90172	1.1729	851.12	-0.057914	7.3419e-05	0.11409	supercritical
1727.4	611.00	122.35	0.0081734	1343.1	1842.5	6.5555	0.90180	1.1730	851.31	-0.057926	7.3443e-05	0.11414	supercritical
1728.4	611.00	122.28	0.0081778	1344.0	1843.7	6.5562	0.90187	1.1730	851.50	-0.057938	7.3468e-05	0.11419	supercritical
1729.4	611.00	122.22	0.0081821	1344.9	1844.8	6.5569	0.90194	1.1731	851.70	-0.057950	7.3493e-05	0.11423	supercritical
1730.4	611.00	122.15	0.0081864	1345.8	1846.0	6.5575	0.90201	1.1731	851.89	-0.057962	7.3518e-05	0.11428	supercritical
1731.4	611.00	122.09	0.0081908	1346.7	1847.2	6.5582	0.90209	1.1732	852.08	-0.057974	7.3542e-05	0.11433	supercritical
1732.4	611.00	122.02	0.0081951	1347.6	1848.4	6.5589	0.90216	1.1733	852.27	-0.057986	7.3567e-05	0.11438	supercritical
1733.4	611.00	121.96	0.0081995	1348.5	1849.5	6.5596	0.90223	1.1733	852.46	-0.057998	7.3592e-05	0.11442	supercritical
1734.4	611.00	121.89	0.0082038	1349.4	1850.7	6.5602	0.90230	1.1734	852.65	-0.058010	7.3617e-05	0.11447	supercritical
1735.4	611.00	121.83	0.0082081	1350.4	1851.9	6.5609	0.90238	1.1734	852.84	-0.058022	7.3641e-05	0.11452	supercritical
1736.4	611.00	121.77	0.0082125	1351.3	1853.0	6.5616	0.90245	1.1735	853.03	-0.058034	7.3666e-05	0.11456	supercritical
1737.4	611.00	121.70	0.0082168	1352.2	1854.2	6.5623	0.90252	1.1736	853.23	-0.058046	7.3691e-05	0.11461	supercritical
1738.4	611.00	121.64	0.0082211	1353.1	1855.4	6.5629	0.90260	1.1736	853.42	-0.058058	7.3716e-05	0.11466	supercritical
1739.4	611.00	121.57	0.0082255	1354.0	1856.6	6.5636	0.90267	1.1737	853.61	-0.058070	7.3740e-05	0.11471	supercritical
1740.4	611.00	121.51	0.0082298	1354.9	1857.7	6.5643	0.90274	1.1737	853.80	-0.058082	7.3765e-05	0.11475	supercritical
1741.4	611.00	121.45	0.0082342	1355.8	1858.9	6.5650	0.90281	1.1738	853.99	-0.058094	7.3790e-05	0.11480	supercritical
1742.4	611.00	121.38	0.0082385	1356.7	1860.1	6.5656	0.90289	1.1739	854.18	-0.058106	7.3815e-05	0.11485	supercritical
1743.4	611.00	121.32	0.0082428	1357.6	1861.3	6.5663	0.90296	1.1739	854.37	-0.058118	7.3839e-05	0.11490	supercritical
1744.4	611.00	121.25	0.0082472	1358.5	1862.4	6.5670	0.90303	1.1740	854.56	-0.058129	7.3864e-05	0.11494	supercritical
1745.4	611.00	121.19	0.0082515	1359.4	1863.6	6.5677	0.90310	1.1740	854.75	-0.058141	7.3889e-05	0.11499	supercritical
1746.4	611.00	121.13	0.0082558	1360.4	1864.8	6.5683	0.90318	1.1741	854.94	-0.058153	7.3913e-05	0.11504	supercritical
1747.4	611.00	121.06	0.0082602	1361.3	1866.0	6.5690	0.90325	1.1742	855.13	-0.058165	7.3938e-05	0.11508	supercritical
1748.4	611.00	121.00	0.0082645	1362.2	1867.1	6.5697	0.90332	1.1742	855.32	-0.058177	7.3963e-05	0.11513	supercritical
1749.4	611.00	120.94	0.0082689	1363.1	1868.3	6.5704	0.90339	1.1743	855.51	-0.058188	7.3988e-05	0.11518	supercritical
1750.4	611.00	120.87	0.0082732	1364.0	1869.5	6.5710	0.90347	1.1743	855.70	-0.058200	7.4012e-05	0.11523	supercritical
1751.4	611.00	120.81	0.0082775	1364.9	1870.7	6.5717	0.90354	1.1744	855.89	-0.058212	7.4037e-05	0.11527	supercritical
1752.4	611.00	120.75	0.0082819	1365.8	1871.8	6.5724	0.90361	1.1744	856.08	-0.058223	7.4062e-05	0.11532	supercritical
1753.4	611.00	120.68	0.0082862	1366.7	1873.0	6.5730	0.90368	1.1745	856.28	-0.058235	7.4086e-05	0.11537	supercritical
1754.4	611.00	120.62	0.0082905	1367.6	1874.2	6.5737	0.90376	1.1746	856.47	-0.058247	7.4111e-05	0.11541	supercritical
1755.4	611.00	120.56	0.0082949	1368.5	1875.4	6.5744	0.90383	1.1746	856.66	-0.058258	7.4136e-05	0.11546	supercritical
1756.4	611.00	120.49	0.0082992	1369.4	1876.5	6.5750	0.90390	1.1747	856.85	-0.058270	7.4160e-05	0.11551	supercritical
1757.4	611.00	120.43	0.0083035	1370.4	1877.7	6.5757	0.90397	1.1747	857.04	-0.058282	7.4185e-05	0.11556	supercritical
1758.4	611.00	120.37	0.0083079	1371.3	1878.9	6.5764	0.90405	1.1748	857.23	-0.058293	7.4210e-05	0.11560	supercritical
1759.4	611.00	120.30	0.0083122	1372.2	1880.1	6.5770	0.90412	1.1749	857.42	-0.058305	7.4234e-05	0.11565	supercritical
1760.4	611.00	120.24	0.0083165	1373.1	1881.2	6.5777	0.90419	1.1749	857.61	-0.058316	7.4259e-05	0.11570	supercritical
1761.4	611.00	120.18	0.0083209	1374.0	1882.4	6.5784	0.90426	1.1750	857.80	-0.058328	7.4284e-05	0.11574	supercritical
1762.4	611.00	120.12	0.0083252	1374.9	1883.6	6.5791	0.90434	1.1750	857.98	-0.058339	7.4308e-05	0.11579	supercritical
1763.4	611.00	120.05	0.0083295	1375.8	1884.8	6.5797	0.90441	1.1751	858.17	-0.058351	7.4333e-05	0.11584	supercritical
1764.4	611.00	119.99	0.0083339	1376.7	1885.9	6.5804	0.90448	1.1752	858.36	-0.058362	7.4358e-05	0.11589	supercritical
1765.4	611.00	119.93	0.0083382	1377.6	1887.1	6.5811	0.90455	1.1752	858.55	-0.058374	7.4382e-05	0.11593	supercritical
1766.4	611.00	119.87	0.0083426	1378.6	1888.3	6.5817	0.90463	1.1753	858.74	-0.058385	7.4407e-05	0.11598	supercritical
1767.4	611.00	119.81	0.0083469	1379.5	1889.5	6.5824	0.90470	1.1753	858.93	-0.058397	7.4432e-05	0.11603	supercritical
1768.4	611.00	119.74	0.0083512	1380.4	1890.6	6.5830	0.90477	1.1754	859.12	-0.058408	7.4456e-05	0.11607	supercritical
1769.4	611.00	119.68	0.0083556	1381.3	1891.8	6.5837	0.90484	1.1755	859.31	-0.058420	7.4481e-05	0.11612	supercritical
1770.4	611.00	119.62	0.0083599	1382.2	1893.0	6.5844	0.90491	1.1755	859.50	-0.058431	7.4506e-05	0.11617	supercritical
1771.4	611.00	119.56	0.0083642	1383.1	1894.2	6.5850	0.90499	1.1756	859.69	-0.058442	7.4530e-05	0.11622	supercritical
1772.4	611.00	119.49	0.0083686	1384.0	1895.3	6.5857	0.90506	1.1756	859.88	-0.058454	7.4555e-05	0.11626	supercritical
1773.4	611.00	119.43	0.0083729	1384.9	1896.5	6.5864	0.90513	1.1757	860.07	-0.058465	7.4580e-05	0.11631	supercritical
1774.4	611.00	119.37	0.0083772	1385.8	1897.7	6.5870	0.90520	1.1758	860.26	-0.058476	7.4604e-05	0.11636	supercritical
1775.4	611.00	119.31	0.0083816	1386.7	1898.9	6.5877	0.90528	1.1758	860.45	-0.058488	7.4629e-05	0.11641	supercritical
1776.4	611.00	119.25	0.0083859	1387.7	1900.0	6.5884	0.90535	1.1759	860.64	-0.058499	7.4654e-05	0.11645	supercritical
1777.4	611.00	119.19	0.0083902	1388.6	1901.2	6.5890	0.90542	1.1759	860.83	-0.058510	7.4678e-05	0.11650	supercritical
1778.4	611.00	119.12	0.0083946	1389.5	1902.4	6.5897	0.90549	1.1760	861.01	-0.058521	7.4703e-05	0.11655	supercritical
1779.4	611.00	119.06	0.0083989	1390.4	1903.6	6.5903	0.90556	1.1761	861.20	-0.058533	7.4727e-05	0.11659	supercritical
1780.4	611.00	119.00	0.0084032	1391.3	1904.7	6.5910	0.90564	1.1761	861.39	-0.058544	7.4752e-05	0.11664	supercritical
1781.4	611.00	118.94	0.0084076	1392.2	1905.9	6.5917	0.90571	1.1762	861.58	-0.058555	7.4777e-05	0.11669	supercritical
1782.4	611.00	118.88	0.0084119	1393.1	1907.1	6.5923	0.90578	1.1762	861.77	-0.058566	7.4801e-05	0.11674	supercritical
1783.4	611.00	118.82	0.0084162	1394.0	1908.3	6.5930	0.90585	1.1763	861.96	-0.058577	7.4826e-05	0.11678	supercritical
1784.4	611.00	118.76	0.0084206	1394.9	1909.4	6.5936	0.90592	1.1764	862.15	-0.058589	7.4851e-05	0.11683	supercritical
1785.4	611.00	118.70	0.0084249	1395.9	1910.6	6.5943	0.90600	1.1764	862.34	-0.058600	7.4875e-05	0.11688	supercritical
1786.4	611.00	118.63	0.0084292	1396.8	1911.8	6.5950	0.90607	1.1765	862.53	-0.058611	7.4900e-05	0.11692	supercritical
1787.4	611.00	118.57	0.0084336	1397.7	1913.0	6.5956	0.90614	1.1765	862.71	-0.058622	7.4924e-05	0.11697	supercritical
1788.4	611.00	118.51	0.0084379	1398.6	1914.2	6.5963	0.90621	1.1766	862.90	-0.058633	7.4949e-05	0.11702	supercritical
1789.4	611.00	118.45	0.0084422	1399.5	1915.3	6.5969	0.90629	1.1767	863.09	-0.058644	7.4974e-05	0.11707	supercritical
1790.4	611.00	118.39	0.0084466	1400.4	1916.5	6.5976	0.90636	1.1767	863.28	-0.058655	7.4998e-05	0.11711	supercritical
1791.4	611.00	118.33	0.0084509	1401.3	1917.7	6.5982	0.90643	1.1768	863.47	-0.058666	7.5023e-05	0.11716	supercritical
1792.4	611.00	118.27	0.0084552	1402.2	1918.9	6.5989	0.90650	1.1768	863.66	-0.058677	7.5047e-05	0.11721	supercritical
1793.4	611.00	118.21	0.0084595	1403.2	1920.0	6.5996	0.90657	1.1769	863.84	-0.058688	7.5072e-05	0.11725	supercritical
1794.4	611.00	118.15	0.0084639	1404.1	1921.2	6.6002	0.90665	1.1770	864.03	-0.058699	7.5096e-05	0.11730	supercritical
1795.4	611.00	118.09	0.0084682	1405.0	1922.4	6.6009	0.90672	1.1770	864.22	-0.058710	7.5121e-05	0.11735	supercritical
1796.4	611.00	118.03	0.0084725	1405.9	1923.6	6.6015	0.90679	1.1771	864.41	-0.058721	7.5146e-05	0.11740	supercritical
1797.4	611.00	117.97	0.0084769	1406.8	1924.7	6.6022	0.90686	1.1771	864.60	-0.058732	7.5170e-05	0.11744	supercritical
1798.4	611.00	117.91	0.0084812	1407.7	1925.9	6.6028	0.90693	1.1772	864.79	-0.058743	7.5195e-05	0.11749	supercritical
1799.4	611.00	117.85	0.0084855	1408.6	1927.1	6.6035	0.90700	1.1773	864.97	-0.058754	7.5219e-05	0.11754	supercritical
1800.4	611.00	117.79	0.0084899	1409.5	1928.3	6.6041	0.90708	1.1773	865.16	-0.058765	7.5244e-05	0.11758	supercritical
1801.4	611.00	117.73	0.0084942	1410.5	1929.5	6.6048	0.90715	1.1774	865.35	-0.058776	7.5268e-05	0.11763	supercritical
1802.4	611.00	117.67	0.0084985	1411.4	1930.6	6.6054	0.90722	1.1774	865.54	-0.058787	7.5293e-05	0.11768	supercritical
1803.4	611.00	117.61	0.0085029	1412.3	1931.8	6.6061	0.90729	1.1775	865.72	-0.058797	7.5318e-05	0.11772	supercritical
1804.4	611.00	117.55	0.0085072	1413.2	1933.0	6.6068	0.90736	1.1776	865.91	-0.058808	7.5342e-05	0.11777	supercritical
1805.4	611.00	117.49	0.0085115	1414.1	1934.2	6.6074	0.90744	1.1776	866.10	-0.058819	7.5367e-05	0.11782	supercritical
1806.4	611.00	117.43	0.0085159	1415.0	1935.3	6.6081	0.90751	1.1777	866.29	-0.058830	7.5391e-05	0.11787	supercritical
1807.4	611.00	117.37	0.0085202	1415.9	1936.5	6.6087	0.90758	1.1777	866.48	-0.058841	7.5416e-05	0.11791	supercritical
1808.4	611.00	117.31	0.0085245	1416.8	1937.7	6.6094	0.90765	1.1778	866.66	-0.058851	7.5440e-05	0.11796	supercritical
1809.4	611.00	117.25	0.0085288	1417.8	1938.9	6.6100	0.90772	1.1779	866.85	-0.058862	7.5465e-05	0.11801	supercritical
1810.4	611.00	117.19	0.0085332	1418.7	1940.1	6.6107	0.90780	1.1779	867.04	-0.058873	7.5489e-05	0.11805	supercritical
1811.4	611.00	117.13	0.0085375	1419.6	1941.2	6.6113	0.90787	1.1780	867.23	-0.058884	7.5514e-05	0.11810	supercritical
1812.4	611.00	117.07	0.0085418	1420.5	1942.4	6.6120	0.90794	1.1780	867.41	-0.058894	7.5539e-05	0.11815	supercritical
1813.4	611.00	117.01	0.0085462	1421.4	1943.6	6.6126	0.90801	1.1781	867.60	-0.058905	7.5563e-05	0.11820	supercritical
1814.4	611.00	116.95	0.0085505	1422.3	1944.8	6.6133	0.90808	1.1782	867.79	-0.058916	7.5588e-05	0.11824	supercritical
1815.4	611.00	116.89	0.0085548	1423.2	1945.9	6.6139	0.90815	1.1782	867.97	-0.058926	7.5612e-05	0.11829	supercritical
1816.4	611.00	116.83	0.0085592	1424.2	1947.1	6.6146	0.90823	1.1783	868.16	-0.058937	7.5637e-05	0.11834	supercritical
1817.4	611.00	116.77	0.0085635	1425.1	1948.3	6.6152	0.90830	1.1783	868.35	-0.058948	7.5661e-05	0.11838	supercritical
1818.4	611.00	116.72	0.0085678	1426.0	1949.5	6.6159	0.90837	1.1784	868.54	-0.058958	7.5686e-05	0.11843	supercritical
1819.4	611.00	116.66	0.0085722	1426.9	1950.7	6.6165	0.90844	1.1785	868.72	-0.058969	7.5710e-05	0.11848	supercritical
1820.4	611.00	116.60	0.0085765	1427.8	1951.8	6.6172	0.90851	1.1785	868.91	-0.058979	7.5735e-05	0.11853	supercritical
1821.4	611.00	116.54	0.0085808	1428.7	1953.0	6.6178	0.90858	1.1786	869.10	-0.058990	7.5759e-05	0.11857	supercritical
1822.4	611.00	116.48	0.0085851	1429.6	1954.2	6.6184	0.90866	1.1786	869.28	-0.059000	7.5784e-05	0.11862	supercritical
1823.4	611.00	116.42	0.0085895	1430.6	1955.4	6.6191	0.90873	1.1787	869.47	-0.059011	7.5808e-05	0.11867	supercritical
1824.4	611.00	116.36	0.0085938	1431.5	1956.5	6.6197	0.90880	1.1788	869.66	-0.059022	7.5833e-05	0.11871	supercritical
1825.4	611.00	116.30	0.0085981	1432.4	1957.7	6.6204	0.90887	1.1788	869.84	-0.059032	7.5857e-05	0.11876	supercritical
1826.4	611.00	116.25	0.0086025	1433.3	1958.9	6.6210	0.90894	1.1789	870.03	-0.059043	7.5882e-05	0.11881	supercritical
1827.4	611.00	116.19	0.0086068	1434.2	1960.1	6.6217	0.90901	1.1789	870.22	-0.059053	7.5906e-05	0.11885	supercritical
1828.4	611.00	116.13	0.0086111	1435.1	1961.3	6.6223	0.90909	1.1790	870.40	-0.059063	7.5931e-05	0.11890	supercritical
1829.4	611.00	116.07	0.0086154	1436.0	1962.4	6.6230	0.90916	1.1791	870.59	-0.059074	7.5955e-05	0.11895	supercritical
1830.4	611.00	116.01	0.0086198	1437.0	1963.6	6.6236	0.90923	1.1791	870.78	-0.059084	7.5980e-05	0.11900	supercritical
1831.4	611.00	115.95	0.0086241	1437.9	1964.8	6.6243	0.90930	1.1792	870.96	-0.059095	7.6004e-05	0.11904	supercritical
1832.4	611.00	115.90	0.0086284	1438.8	1966.0	6.6249	0.90937	1.1792	871.15	-0.059105	7.6029e-05	0.11909	supercritical
1833.4	611.00	115.84	0.0086328	1439.7	1967.2	6.6255	0.90944	1.1793	871.34	-0.059116	7.6053e-05	0.11914	supercritical
1834.4	611.00	115.78	0.0086371	1440.6	1968.3	6.6262	0.90951	1.1794	871.52	-0.059126	7.6078e-05	0.11918	supercritical
1835.4	611.00	115.72	0.0086414	1441.5	1969.5	6.6268	0.90959	1.1794	871.71	-0.059136	7.6102e-05	0.11923	supercritical
1836.4	611.00	115.66	0.0086457	1442.4	1970.7	6.6275	0.90966	1.1795	871.90	-0.059147	7.6127e-05	0.11928	supercritical
1837.4	611.00	115.61	0.0086501	1443.4	1971.9	6.6281	0.90973	1.1795	872.08	-0.059157	7.6151e-05	0.11933	supercritical
1838.4	611.00	115.55	0.0086544	1444.3	1973.1	6.6288	0.90980	1.1796	872.27	-0.059167	7.6176e-05	0.11937	supercritical
1839.4	611.00	115.49	0.0086587	1445.2	1974.2	6.6294	0.90987	1.1797	872.45	-0.059177	7.6200e-05	0.11942	supercritical
1840.4	611.00	115.43	0.0086631	1446.1	1975.4	6.6300	0.90994	1.1797	872.64	-0.059188	7.6225e-05	0.11947	supercritical
1841.4	611.00	115.38	0.0086674	1447.0	1976.6	6.6307	0.91002	1.1798	872.83	-0.059198	7.6249e-05	0.11951	supercritical
1842.4	611.00	115.32	0.0086717	1447.9	1977.8	6.6313	0.91009	1.1798	873.01	-0.059208	7.6274e-05	0.11956	supercritical
1843.4	611.00	115.26	0.0086760	1448.8	1979.0	6.6320	0.91016	1.1799	873.20	-0.059218	7.6298e-05	0.11961	supercritical
1844.4	611.00	115.20	0.0086804	1449.8	1980.1	6.6326	0.91023	1.1800	873.38	-0.059229	7.6322e-05	0.11965	supercritical
1845.4	611.00	115.15	0.0086847	1450.7	1981.3	6.6332	0.91030	1.1800	873.57	-0.059239	7.6347e-05	0.11970	supercritical
1846.4	611.00	115.09	0.0086890	1451.6	1982.5	6.6339	0.91037	1.1801	873.76	-0.059249	7.6371e-05	0.11975	supercritical
1847.4	611.00	115.03	0.0086933	1452.5	1983.7	6.6345	0.91044	1.1801	873.94	-0.059259	7.6396e-05	0.11980	supercritical
1848.4	611.00	114.97	0.0086977	1453.4	1984.9	6.6352	0.91051	1.1802	874.13	-0.059269	7.6420e-05	0.11984	supercritical
1849.4	611.00	114.92	0.0087020	1454.3	1986.0	6.6358	0.91059	1.1803	874.31	-0.059280	7.6445e-05	0.11989	supercritical
1850.4	611.00	114.86	0.0087063	1455.3	1987.2	6.6364	0.91066	1.1803	874.50	-0.059290	7.6469e-05	0.11994	supercritical
1851.4	611.00	114.80	0.0087107	1456.2	1988.4	6.6371	0.91073	1.1804	874.68	-0.059300	7.6494e-05	0.11998	supercritical
1852.4	611.00	114.74	0.0087150	1457.1	1989.6	6.6377	0.91080	1.1804	874.87	-0.059310	7.6518e-05	0.12003	supercritical
1853.4	611.00	114.69	0.0087193	1458.0	1990.8	6.6383	0.91087	1.1805	875.06	-0.059320	7.6542e-05	0.12008	supercritical
1854.4	611.00	114.63	0.0087236	1458.9	1991.9	6.6390	0.91094	1.1806	875.24	-0.059330	7.6567e-05	0.12012	supercritical
1855.4	611.00	114.57	0.0087280	1459.8	1993.1	6.6396	0.91101	1.1806	875.43	-0.059340	7.6591e-05	0.12017	supercritical
1856.4	611.00	114.52	0.0087323	1460.8	1994.3	6.6403	0.91109	1.1807	875.61	-0.059350	7.6616e-05	0.12022	supercritical
1857.4	611.00	114.46	0.0087366	1461.7	1995.5	6.6409	0.91116	1.1807	875.80	-0.059360	7.6640e-05	0.12027	supercritical
1858.4	611.00	114.40	0.0087409	1462.6	1996.7	6.6415	0.91123	1.1808	875.98	-0.059370	7.6665e-05	0.12031	supercritical
1859.4	611.00	114.35	0.0087453	1463.5	1997.8	6.6422	0.91130	1.1809	876.17	-0.059380	7.6689e-05	0.12036	supercritical
1860.4	611.00	114.29	0.0087496	1464.4	1999.0	6.6428	0.91137	1.1809	876.35	-0.059390	7.6713e-05	0.12041	supercritical
1861.4	611.00	114.23	0.0087539	1465.3	2000.2	6.6434	0.91144	1.1810	876.54	-0.059400	7.6738e-05	0.12045	supercritical
1862.4	611.00	114.18	0.0087582	1466.3	2001.4	6.6441	0.91151	1.1811	876.72	-0.059410	7.6762e-05	0.12050	supercritical
1863.4	611.00	114.12	0.0087626	1467.2	2002.6	6.6447	0.91158	1.1811	876.91	-0.059420	7.6787e-05	0.12055	supercritical
1864.4	611.00	114.07	0.0087669	1468.1	2003.7	6.6453	0.91166	1.1812	877.09	-0.059430	7.6811e-05	0.12059	supercritical
1865.4	611.00	114.01	0.0087712	1469.0	2004.9	6.6460	0.91173	1.1812	877.28	-0.059440	7.6836e-05	0.12064	supercritical
1866.4	611.00	113.95	0.0087756	1469.9	2006.1	6.6466	0.91180	1.1813	877.46	-0.059450	7.6860e-05	0.12069	supercritical
1867.4	611.00	113.90	0.0087799	1470.8	2007.3	6.6472	0.91187	1.1814	877.65	-0.059460	7.6884e-05	0.12074	supercritical
1868.4	611.00	113.84	0.0087842	1471.8	2008.5	6.6479	0.91194	1.1814	877.83	-0.059469	7.6909e-05	0.12078	supercritical
1869.4	611.00	113.78	0.0087885	1472.7	2009.7	6.6485	0.91201	1.1815	878.02	-0.059479	7.6933e-05	0.12083	supercritical
1870.4	611.00	113.73	0.0087929	1473.6	2010.8	6.6491	0.91208	1.1815	878.20	-0.059489	7.6958e-05	0.12088	supercritical
1871.4	611.00	113.67	0.0087972	1474.5	2012.0	6.6498	0.91215	1.1816	878.39	-0.059499	7.6982e-05	0.12092	supercritical
1872.4	611.00	113.62	0.0088015	1475.4	2013.2	6.6504	0.91222	1.1817	878.57	-0.059509	7.7006e-05	0.12097	supercritical
1873.4	611.00	113.56	0.0088058	1476.3	2014.4	6.6510	0.91230	1.1817	878.75	-0.059519	7.7031e-05	0.12102	supercritical
1874.4	611.00	113.51	0.0088102	1477.3	2015.6	6.6517	0.91237	1.1818	878.94	-0.059528	7.7055e-05	0.12106	supercritical
1875.4	611.00	113.45	0.0088145	1478.2	2016.7	6.6523	0.91244	1.1818	879.12	-0.059538	7.7080e-05	0.12111	supercritical
1876.4	611.00	113.39	0.0088188	1479.1	2017.9	6.6529	0.91251	1.1819	879.31	-0.059548	7.7104e-05	0.12116	supercritical
1877.4	611.00	113.34	0.0088231	1480.0	2019.1	6.6535	0.91258	1.1820	879.49	-0.059558	7.7128e-05	0.12121	supercritical
1878.4	611.00	113.28	0.0088275	1480.9	2020.3	6.6542	0.91265	1.1820	879.68	-0.059567	7.7153e-05	0.12125	supercritical
1879.4	611.00	113.23	0.0088318	1481.8	2021.5	6.6548	0.91272	1.1821	879.86	-0.059577	7.7177e-05	0.12130	supercritical
1880.4	611.00	113.17	0.0088361	1482.8	2022.7	6.6554	0.91279	1.1821	880.05	-0.059587	7.7201e-05	0.12135	supercritical
1881.4	611.00	113.12	0.0088404	1483.7	2023.8	6.6561	0.91286	1.1822	880.23	-0.059596	7.7226e-05	0.12139	supercritical
1882.4	611.00	113.06	0.0088448	1484.6	2025.0	6.6567	0.91294	1.1823	880.41	-0.059606	7.7250e-05	0.12144	supercritical
1883.4	611.00	113.01	0.0088491	1485.5	2026.2	6.6573	0.91301	1.1823	880.60	-0.059616	7.7274e-05	0.12149	supercritical
1884.4	611.00	112.95	0.0088534	1486.4	2027.4	6.6579	0.91308	1.1824	880.78	-0.059625	7.7299e-05	0.12153	supercritical
1885.4	611.00	112.90	0.0088577	1487.4	2028.6	6.6586	0.91315	1.1824	880.97	-0.059635	7.7323e-05	0.12158	supercritical
1886.4	611.00	112.84	0.0088620	1488.3	2029.7	6.6592	0.91322	1.1825	881.15	-0.059645	7.7348e-05	0.12163	supercritical
1887.4	611.00	112.79	0.0088664	1489.2	2030.9	6.6598	0.91329	1.1826	881.33	-0.059654	7.7372e-05	0.12168	supercritical
1888.4	611.00	112.73	0.0088707	1490.1	2032.1	6.6605	0.91336	1.1826	881.52	-0.059664	7.7396e-05	0.12172	supercritical
1889.4	611.00	112.68	0.0088750	1491.0	2033.3	6.6611	0.91343	1.1827	881.70	-0.059673	7.7421e-05	0.12177	supercritical
1890.4	611.00	112.62	0.0088793	1491.9	2034.5	6.6617	0.91350	1.1827	881.89	-0.059683	7.7445e-05	0.12182	supercritical
1891.4	611.00	112.57	0.0088837	1492.9	2035.7	6.6623	0.91357	1.1828	882.07	-0.059692	7.7469e-05	0.12186	supercritical
1892.4	611.00	112.51	0.0088880	1493.8	2036.8	6.6630	0.91365	1.1829	882.25	-0.059702	7.7494e-05	0.12191	supercritical
1893.4	611.00	112.46	0.0088923	1494.7	2038.0	6.6636	0.91372	1.1829	882.44	-0.059711	7.7518e-05	0.12196	supercritical
1894.4	611.00	112.40	0.0088966	1495.6	2039.2	6.6642	0.91379	1.1830	882.62	-0.059721	7.7542e-05	0.12200	supercritical
1895.4	611.00	112.35	0.0089010	1496.5	2040.4	6.6648	0.91386	1.1831	882.80	-0.059730	7.7567e-05	0.12205	supercritical
1896.4	611.00	112.29	0.0089053	1497.5	2041.6	6.6655	0.91393	1.1831	882.99	-0.059740	7.7591e-05	0.12210	supercritical
1897.4	611.00	112.24	0.0089096	1498.4	2042.8	6.6661	0.91400	1.1832	883.17	-0.059749	7.7615e-05	0.12214	supercritical
1898.4	611.00	112.18	0.0089139	1499.3	2043.9	6.6667	0.91407	1.1832	883.35	-0.059759	7.7640e-05	0.12219	supercritical
1899.4	611.00	112.13	0.0089183	1500.2	2045.1	6.6673	0.91414	1.1833	883.54	-0.059768	7.7664e-05	0.12224	supercritical
1900.4	611.00	112.08	0.0089226	1501.1	2046.3	6.6679	0.91421	1.1834	883.72	-0.059778	7.7688e-05	0.12229	supercritical
1901.4	611.00	112.02	0.0089269	1502.1	2047.5	6.6686	0.91428	1.1834	883.90	-0.059787	7.7713e-05	0.12233	supercritical
1902.4	611.00	111.97	0.0089312	1503.0	2048.7	6.6692	0.91435	1.1835	884.09	-0.059796	7.7737e-05	0.12238	supercritical
1903.4	611.00	111.91	0.0089355	1503.9	2049.9	6.6698	0.91443	1.1835	884.27	-0.059806	7.7761e-05	0.12243	supercritical
1904.4	611.00	111.86	0.0089399	1504.8	2051.0	6.6704	0.91450	1.1836	884.45	-0.059815	7.7786e-05	0.12247	supercritical
1905.4	611.00	111.80	0.0089442	1505.7	2052.2	6.6711	0.91457	1.1837	884.64	-0.059824	7.7810e-05	0.12252	supercritical
1906.4	611.00	111.75	0.0089485	1506.7	2053.4	6.6717	0.91464	1.1837	884.82	-0.059834	7.7834e-05	0.12257	supercritical
1907.4	611.00	111.70	0.0089528	1507.6	2054.6	6.6723	0.91471	1.1838	885.00	-0.059843	7.7859e-05	0.12261	supercritical
1908.4	611.00	111.64	0.0089572	1508.5	2055.8	6.6729	0.91478	1.1838	885.19	-0.059852	7.7883e-05	0.12266	supercritical
1909.4	611.00	111.59	0.0089615	1509.4	2057.0	6.6735	0.91485	1.1839	885.37	-0.059862	7.7907e-05	0.12271	supercritical
1910.4	611.00	111.53	0.0089658	1510.3	2058.1	6.6742	0.91492	1.1840	885.55	-0.059871	7.7932e-05	0.12275	supercritical
1911.4	611.00	111.48	0.0089701	1511.3	2059.3	6.6748	0.91499	1.1840	885.73	-0.059880	7.7956e-05	0.12280	supercritical
1912.4	611.00	111.43	0.0089744	1512.2	2060.5	6.6754	0.91506	1.1841	885.92	-0.059889	7.7980e-05	0.12285	supercritical
1913.4	611.00	111.37	0.0089788	1513.1	2061.7	6.6760	0.91513	1.1841	886.10	-0.059899	7.8004e-05	0.12290	supercritical
1914.4	611.00	111.32	0.0089831	1514.0	2062.9	6.6766	0.91520	1.1842	886.28	-0.059908	7.8029e-05	0.12294	supercritical
1915.4	611.00	111.27	0.0089874	1514.9	2064.1	6.6773	0.91527	1.1843	886.47	-0.059917	7.8053e-05	0.12299	supercritical
1916.4	611.00	111.21	0.0089917	1515.9	2065.2	6.6779	0.91535	1.1843	886.65	-0.059926	7.8077e-05	0.12304	supercritical
1917.4	611.00	111.16	0.0089961	1516.8	2066.4	6.6785	0.91542	1.1844	886.83	-0.059935	7.8102e-05	0.12308	supercritical
1918.4	611.00	111.11	0.0090004	1517.7	2067.6	6.6791	0.91549	1.1844	887.01	-0.059945	7.8126e-05	0.12313	supercritical
1919.4	611.00	111.05	0.0090047	1518.6	2068.8	6.6797	0.91556	1.1845	887.20	-0.059954	7.8150e-05	0.12318	supercritical
1920.4	611.00	111.00	0.0090090	1519.5	2070.0	6.6803	0.91563	1.1846	887.38	-0.059963	7.8174e-05	0.12322	supercritical
1921.4	611.00	110.95	0.0090133	1520.5	2071.2	6.6810	0.91570	1.1846	887.56	-0.059972	7.8199e-05	0.12327	supercritical
1922.4	611.00	110.89	0.0090177	1521.4	2072.4	6.6816	0.91577	1.1847	887.74	-0.059981	7.8223e-05	0.12332	supercritical
1923.4	611.00	110.84	0.0090220	1522.3	2073.5	6.6822	0.91584	1.1848	887.93	-0.059990	7.8247e-05	0.12336	supercritical
1924.4	611.00	110.79	0.0090263	1523.2	2074.7	6.6828	0.91591	1.1848	888.11	-0.059999	7.8272e-05	0.12341	supercritical
1925.4	611.00	110.73	0.0090306	1524.1	2075.9	6.6834	0.91598	1.1849	888.29	-0.060008	7.8296e-05	0.12346	supercritical
1926.4	611.00	110.68	0.0090349	1525.1	2077.1	6.6840	0.91605	1.1849	888.47	-0.060018	7.8320e-05	0.12351	supercritical
1927.4	611.00	110.63	0.0090393	1526.0	2078.3	6.6847	0.91612	1.1850	888.65	-0.060027	7.8344e-05	0.12355	supercritical
1928.4	611.00	110.58	0.0090436	1526.9	2079.5	6.6853	0.91619	1.1851	888.84	-0.060036	7.8369e-05	0.12360	supercritical
1929.4	611.00	110.52	0.0090479	1527.8	2080.7	6.6859	0.91626	1.1851	889.02	-0.060045	7.8393e-05	0.12365	supercritical
1930.4	611.00	110.47	0.0090522	1528.7	2081.8	6.6865	0.91633	1.1852	889.20	-0.060054	7.8417e-05	0.12369	supercritical
1931.4	611.00	110.42	0.0090566	1529.7	2083.0	6.6871	0.91640	1.1852	889.38	-0.060063	7.8441e-05	0.12374	supercritical
1932.4	611.00	110.36	0.0090609	1530.6	2084.2	6.6877	0.91648	1.1853	889.56	-0.060072	7.8466e-05	0.12379	supercritical
1933.4	611.00	110.31	0.0090652	1531.5	2085.4	6.6883	0.91655	1.1854	889.75	-0.060081	7.8490e-05	0.12383	supercritical
1934.4	611.00	110.26	0.0090695	1532.4	2086.6	6.6889	0.91662	1.1854	889.93	-0.060090	7.8514e-05	0.12388	supercritical
1935.4	611.00	110.21	0.0090738	1533.4	2087.8	6.6896	0.91669	1.1855	890.11	-0.060098	7.8538e-05	0.12393	supercritical
1936.4	611.00	110.15	0.0090782	1534.3	2088.9	6.6902	0.91676	1.1855	890.29	-0.060107	7.8563e-05	0.12397	supercritical
1937.4	611.00	110.10	0.0090825	1535.2	2090.1	6.6908	0.91683	1.1856	890.47	-0.060116	7.8587e-05	0.12402	supercritical
1938.4	611.00	110.05	0.0090868	1536.1	2091.3	6.6914	0.91690	1.1857	890.66	-0.060125	7.8611e-05	0.12407	supercritical
1939.4	611.00	110.00	0.0090911	1537.0	2092.5	6.6920	0.91697	1.1857	890.84	-0.060134	7.8635e-05	0.12411	supercritical
1940.4	611.00	109.95	0.0090954	1538.0	2093.7	6.6926	0.91704	1.1858	891.02	-0.060143	7.8660e-05	0.12416	supercritical
1941.4	611.00	109.89	0.0090998	1538.9	2094.9	6.6932	0.91711	1.1858	891.20	-0.060152	7.8684e-05	0.12421	supercritical
1942.4	611.00	109.84	0.0091041	1539.8	2096.1	6.6938	0.91718	1.1859	891.38	-0.060161	7.8708e-05	0.12426	supercritical
1943.4	611.00	109.79	0.0091084	1540.7	2097.2	6.6945	0.91725	1.1860	891.56	-0.060170	7.8732e-05	0.12430	supercritical
1944.4	611.00	109.74	0.0091127	1541.6	2098.4	6.6951	0.91732	1.1860	891.74	-0.060178	7.8757e-05	0.12435	supercritical
1945.4	611.00	109.68	0.0091170	1542.6	2099.6	6.6957	0.91739	1.1861	891.93	-0.060187	7.8781e-05	0.12440	supercritical
1946.4	611.00	109.63	0.0091214	1543.5	2100.8	6.6963	0.91746	1.1862	892.11	-0.060196	7.8805e-05	0.12444	supercritical
1947.4	611.00	109.58	0.0091257	1544.4	2102.0	6.6969	0.91753	1.1862	892.29	-0.060205	7.8829e-05	0.12449	supercritical
1948.4	611.00	109.53	0.0091300	1545.3	2103.2	6.6975	0.91760	1.1863	892.47	-0.060214	7.8853e-05	0.12454	supercritical
1949.4	611.00	109.48	0.0091343	1546.3	2104.4	6.6981	0.91767	1.1863	892.65	-0.060222	7.8878e-05	0.12458	supercritical
1950.4	611.00	109.43	0.0091386	1547.2	2105.6	6.6987	0.91774	1.1864	892.83	-0.060231	7.8902e-05	0.12463	supercritical
1951.4	611.00	109.37	0.0091429	1548.1	2106.7	6.6993	0.91781	1.1865	893.01	-0.060240	7.8926e-05	0.12468	supercritical
1952.4	611.00	109.32	0.0091473	1549.0	2107.9	6.6999	0.91788	1.1865	893.19	-0.060249	7.8950e-05	0.12472	supercritical
1953.4	611.00	109.27	0.0091516	1549.9	2109.1	6.7005	0.91795	1.1866	893.38	-0.060257	7.8974e-05	0.12477	supercritical
1954.4	611.00	109.22	0.0091559	1550.9	2110.3	6.7011	0.91803	1.1866	893.56	-0.060266	7.8999e-05	0.12482	supercritical
1955.4	611.00	109.17	0.0091602	1551.8	2111.5	6.7018	0.91810	1.1867	893.74	-0.060275	7.9023e-05	0.12486	supercritical
1956.4	611.00	109.12	0.0091645	1552.7	2112.7	6.7024	0.91817	1.1868	893.92	-0.060283	7.9047e-05	0.12491	supercritical
1957.4	611.00	109.06	0.0091689	1553.6	2113.9	6.7030	0.91824	1.1868	894.10	-0.060292	7.9071e-05	0.12496	supercritical
1958.4	611.00	109.01	0.0091732	1554.6	2115.0	6.7036	0.91831	1.1869	894.28	-0.060301	7.9095e-05	0.12501	supercritical
1959.4	611.00	108.96	0.0091775	1555.5	2116.2	6.7042	0.91838	1.1869	894.46	-0.060309	7.9120e-05	0.12505	supercritical
1960.4	611.00	108.91	0.0091818	1556.4	2117.4	6.7048	0.91845	1.1870	894.64	-0.060318	7.9144e-05	0.12510	supercritical
1961.4	611.00	108.86	0.0091861	1557.3	2118.6	6.7054	0.91852	1.1871	894.82	-0.060327	7.9168e-05	0.12515	supercritical
1962.4	611.00	108.81	0.0091905	1558.3	2119.8	6.7060	0.91859	1.1871	895.00	-0.060335	7.9192e-05	0.12519	supercritical
1963.4	611.00	108.76	0.0091948	1559.2	2121.0	6.7066	0.91866	1.1872	895.18	-0.060344	7.9216e-05	0.12524	supercritical
1964.4	611.00	108.71	0.0091991	1560.1	2122.2	6.7072	0.91873	1.1873	895.36	-0.060352	7.9241e-05	0.12529	supercritical
1965.4	611.00	108.66	0.0092034	1561.0	2123.4	6.7078	0.91880	1.1873	895.54	-0.060361	7.9265e-05	0.12533	supercritical
1966.4	611.00	108.60	0.0092077	1561.9	2124.5	6.7084	0.91887	1.1874	895.73	-0.060369	7.9289e-05	0.12538	supercritical
1967.4	611.00	108.55	0.0092120	1562.9	2125.7	6.7090	0.91894	1.1874	895.91	-0.060378	7.9313e-05	0.12543	supercritical
1968.4	611.00	108.50	0.0092164	1563.8	2126.9	6.7096	0.91901	1.1875	896.09	-0.060386	7.9337e-05	0.12547	supercritical
1969.4	611.00	108.45	0.0092207	1564.7	2128.1	6.7102	0.91908	1.1876	896.27	-0.060395	7.9362e-05	0.12552	supercritical
1970.4	611.00	108.40	0.0092250	1565.6	2129.3	6.7108	0.91915	1.1876	896.45	-0.060403	7.9386e-05	0.12557	supercritical
1971.4	611.00	108.35	0.0092293	1566.6	2130.5	6.7114	0.91922	1.1877	896.63	-0.060412	7.9410e-05	0.12561	supercritical
1972.4	611.00	108.30	0.0092336	1567.5	2131.7	6.7120	0.91929	1.1877	896.81	-0.060420	7.9434e-05	0.12566	supercritical
1973.4	611.00	108.25	0.0092380	1568.4	2132.9	6.7126	0.91936	1.1878	896.99	-0.060429	7.9458e-05	0.12571	supercritical
1974.4	611.00	108.20	0.0092423	1569.3	2134.0	6.7132	0.91943	1.1879	897.17	-0.060437	7.9482e-05	0.12575	supercritical
1975.4	611.00	108.15	0.0092466	1570.3	2135.2	6.7138	0.91950	1.1879	897.35	-0.060446	7.9507e-05	0.12580	supercritical
1976.4	611.00	108.10	0.0092509	1571.2	2136.4	6.7144	0.91957	1.1880	897.53	-0.060454	7.9531e-05	0.12585	supercritical
1977.4	611.00	108.05	0.0092552	1572.1	2137.6	6.7150	0.91964	1.1880	897.71	-0.060463	7.9555e-05	0.12589	supercritical
1978.4	611.00	108.00	0.0092595	1573.0	2138.8	6.7156	0.91971	1.1881	897.89	-0.060471	7.9579e-05	0.12594	supercritical
1979.4	611.00	107.95	0.0092639	1574.0	2140.0	6.7162	0.91978	1.1882	898.07	-0.060479	7.9603e-05	0.12599	supercritical
1980.4	611.00	107.90	0.0092682	1574.9	2141.2	6.7168	0.91985	1.1882	898.25	-0.060488	7.9627e-05	0.12604	supercritical
1981.4	611.00	107.85	0.0092725	1575.8	2142.4	6.7174	0.91992	1.1883	898.43	-0.060496	7.9651e-05	0.12608	supercritical
1982.4	611.00	107.80	0.0092768	1576.7	2143.5	6.7180	0.91999	1.1884	898.61	-0.060504	7.9676e-05	0.12613	supercritical
1983.4	611.00	107.75	0.0092811	1577.7	2144.7	6.7186	0.92006	1.1884	898.79	-0.060513	7.9700e-05	0.12618	supercritical
1984.4	611.00	107.70	0.0092854	1578.6	2145.9	6.7192	0.92013	1.1885	898.97	-0.060521	7.9724e-05	0.12622	supercritical
1985.4	611.00	107.65	0.0092898	1579.5	2147.1	6.7198	0.92020	1.1885	899.15	-0.060529	7.9748e-05	0.12627	supercritical
1986.4	611.00	107.60	0.0092941	1580.4	2148.3	6.7204	0.92027	1.1886	899.33	-0.060538	7.9772e-05	0.12632	supercritical
1987.4	611.00	107.55	0.0092984	1581.4	2149.5	6.7210	0.92034	1.1887	899.51	-0.060546	7.9796e-05	0.12636	supercritical
1988.4	611.00	107.50	0.0093027	1582.3	2150.7	6.7216	0.92041	1.1887	899.68	-0.060554	7.9820e-05	0.12641	supercritical
1989.4	611.00	107.45	0.0093070	1583.2	2151.9	6.7222	0.92048	1.1888	899.86	-0.060563	7.9845e-05	0.12646	supercritical
1990.4	611.00	107.40	0.0093113	1584.1	2153.1	6.7228	0.92055	1.1888	900.04	-0.060571	7.9869e-05	0.12650	supercritical
1991.4	611.00	107.35	0.0093157	1585.1	2154.2	6.7234	0.92062	1.1889	900.22	-0.060579	7.9893e-05	0.12655	supercritical
1992.4	611.00	107.30	0.0093200	1586.0	2155.4	6.7240	0.92069	1.1890	900.40	-0.060587	7.9917e-05	0.12660	supercritical
1993.4	611.00	107.25	0.0093243	1586.9	2156.6	6.7246	0.92076	1.1890	900.58	-0.060596	7.9941e-05	0.12664	supercritical
1994.4	611.00	107.20	0.0093286	1587.8	2157.8	6.7252	0.92083	1.1891	900.76	-0.060604	7.9965e-05	0.12669	supercritical
1995.4	611.00	107.15	0.0093329	1588.8	2159.0	6.7258	0.92090	1.1891	900.94	-0.060612	7.9989e-05	0.12674	supercritical
1996.4	611.00	107.10	0.0093372	1589.7	2160.2	6.7264	0.92097	1.1892	901.12	-0.060620	8.0013e-05	0.12678	supercritical
1997.4	611.00	107.05	0.0093416	1590.6	2161.4	6.7270	0.92104	1.1893	901.30	-0.060628	8.0038e-05	0.12683	supercritical
1998.4	611.00	107.00	0.0093459	1591.5	2162.6	6.7276	0.92111	1.1893	901.48	-0.060636	8.0062e-05	0.12688	supercritical
1999.4	611.00	106.95	0.0093502	1592.5	2163.8	6.7282	0.92118	1.1894	901.66	-0.060645	8.0086e-05	0.12692	supercritical